

Data analysis for each instance 
AVG,MED,MAX,MIN
0.028,0.025,0.079,-0.03,
0.035,0.024,0.12,0,
0.037,0.041,0.079,0,
0.033,0.039,0.063,0,
0.029,0.036,0.043,0,
0.009,0,0.034,-0.008,
0.031,0.028,0.072,-0.002,
0.023,0.005,0.102,-0.025,
0.043,0.055,0.061,0,
0.06,0.064,0.105,0,
0.084,0.097,0.127,0,
0.101,0.129,0.135,0,
0.015,0.006,0.061,-0.022,
0.037,0.039,0.071,0,
0.082,0.094,0.121,0,
0.037,0.042,0.078,-0.001,
0.032,0.034,0.062,0,
0.038,0.04,0.058,0,
0.046,0.04,0.111,0,
0.007,0.007,0.03,-0.03,
0.083,0.101,0.103,0,
0.03,0.03,0.055,0,
0.021,0.019,0.047,0,
0.032,0.03,0.084,-0.009,
0.022,0.026,0.079,-0.026,
0.025,0.033,0.039,0,
0.028,0.031,0.058,0,
0.06,0.083,0.105,-0.016,
0.024,0.016,0.086,0,
0.045,0.05,0.088,0,
0.013,0.004,0.049,0,
0.053,0.059,0.13,-0.017,
0.015,0.022,0.049,-0.021,
0.032,0.032,0.075,0,
0.021,0.02,0.047,0,
0.031,0.033,0.08,-0.02,
0.06,0.071,0.091,0,
0.087,0.084,0.139,0,
0.038,0.033,0.104,-0.011,
0.016,0.013,0.079,-0.021,
0.019,0.025,0.073,-0.04,
0.093,0.105,0.142,0,
0.024,0.02,0.07,0,
0.032,0.032,0.064,0,
0.05,0.061,0.074,0,
0.009,0.005,0.075,-0.024,
0.024,0.025,0.057,0,
0.008,0.002,0.042,-0.003,
0.068,0.084,0.094,0,
0.035,0.022,0.087,-0.017,
0.017,0.019,0.052,-0.021,
0.044,0.058,0.091,0,
0.044,0.038,0.1,0,
0.016,0.006,0.1,-0.025,
0.018,0.021,0.047,-0.027,
0.036,0.032,0.099,0,
0.037,0.042,0.072,0,
0.042,0.048,0.084,0,
0.019,0.019,0.044,0,
0.054,0.045,0.124,0,
0.049,0.061,0.09,0,
0.037,0.035,0.084,-0.017,
0.051,0.066,0.098,-0.016,
0.025,0.027,0.062,-0.028,
0.031,0.026,0.059,0,
0.047,0.05,0.093,0,
0.012,0.016,0.042,-0.018,
0.078,0.084,0.118,0,
0.031,0.034,0.06,0,
0.03,0.035,0.057,0,
0.007,0,0.076,-0.043,
0.042,0.045,0.06,0,
0.059,0.066,0.094,0,
0.016,0.014,0.05,-0.025,
0.033,0.035,0.058,0,
0.022,0.025,0.062,-0.016,
0.057,0.065,0.1,0,
0.028,0.028,0.071,0,
0.048,0.059,0.077,0,
0.05,0.056,0.08,0,
0.008,0.002,0.048,-0.048,
0.027,0.031,0.05,-0.003,
0.064,0.052,0.125,0,
0.049,0.062,0.098,-0.024,
0.008,0.006,0.04,-0.027,
0.011,0.005,0.051,-0.038,
0.04,0.052,0.053,0,
0.03,0.029,0.068,0,
0.038,0.04,0.091,0,
0.025,0.03,0.047,0,
0.017,0.024,0.043,-0.003,
0.022,0.016,0.071,0,
0.02,0.01,0.045,0,
0.044,0.056,0.097,-0.013,
0.096,0.107,0.145,0,
0.053,0.053,0.1,-0.028,
0.089,0.093,0.134,0,
0.045,0.043,0.084,0,
0.029,0.03,0.058,0,
0.075,0.08,0.112,0,
0.03,0.035,0.062,0,
0.018,0.025,0.039,-0.013,
0.054,0.042,0.149,-0.028,
0.076,0.071,0.156,0,
0.039,0.037,0.075,0,
0.006,-0,0.061,-0.035,
0.061,0.066,0.112,0,
0.019,0.018,0.052,0,
0.048,0.043,0.1,0,
0.045,0.056,0.075,0,
0.033,0.027,0.082,0,
0.02,0.017,0.055,-0.003,
0.04,0.053,0.074,-0.016,
0.046,0.054,0.083,-0.002,
0.049,0.05,0.103,0,
0.018,0.022,0.034,0,
0.033,0.03,0.083,0,
0.04,0.046,0.077,0,
0.07,0.085,0.101,0,
0.034,0.018,0.093,-0.012,
0.057,0.072,0.083,0,
0.056,0.069,0.091,-0.016,
0.031,0.038,0.081,-0.029,
0.03,0.043,0.052,-0.041,
0.014,0.011,0.047,-0.043,
0.033,0.037,0.063,0,
0.055,0.02,0.144,0,
0.054,0.053,0.083,0,
0.007,0.005,0.026,-0.015,
0.029,0.025,0.064,0,
0.021,0.019,0.051,-0.012,
0.027,0.034,0.062,0,
0.033,0.034,0.066,0,
0.021,0.021,0.098,-0.079,
0.016,0.017,0.042,0,
0.054,0.053,0.109,-0.021,
0.017,0.022,0.048,-0.025,
0.043,0.048,0.084,0,
0.054,0.055,0.087,0,
0.029,0.026,0.094,-0.013,
0.043,0.043,0.088,0,
0.02,0.005,0.091,-0.016,
0.046,0.046,0.079,0,
0.022,0.014,0.055,0,
0.065,0.082,0.14,-0.018,
0.048,0.041,0.088,0,
0.048,0.056,0.09,-0.002,
0.024,0.02,0.065,-0.006,
0.037,0.022,0.105,-0.003,
0.037,0.045,0.055,0,
0.038,0.054,0.057,0,
0.051,0.051,0.103,0,
0.05,0.054,0.094,0,
0.036,0.043,0.063,0,
0.033,0.018,0.112,0,
0.028,0.022,0.064,0,
0.033,0.033,0.088,-0.038,
0.032,0.044,0.07,-0.031,
0.025,0.022,0.047,0,
0.044,0.059,0.076,0,
-0.003,0,0.008,-0.015,
0.025,0.019,0.085,0,
0.01,0.009,0.036,-0.024,
0.025,0.027,0.101,-0.045,
0.069,0.077,0.115,0,
0.024,0.018,0.051,0,
0.034,0.032,0.075,-0.003,
0.039,0.038,0.089,0,
0.02,0.015,0.054,0,
0.069,0.07,0.128,0,
0.025,0.029,0.055,-0.019,
0.036,0.04,0.084,-0.001,
0.016,0.018,0.045,-0.013,
0.064,0.077,0.111,-0.036,
0.032,0.035,0.061,0,
0.028,0.032,0.081,-0.024,
0.051,0.039,0.12,0,
0.032,0.009,0.11,-0.01,
0.049,0.052,0.093,0,
0.016,0.013,0.058,-0.014,
0.03,0.028,0.066,-0.001,
0.076,0.088,0.116,0,
0.042,0.031,0.086,0,
0.029,0.024,0.053,0,
0.004,0.004,0.033,-0.024,
0.053,0.058,0.078,0,
0.052,0.063,0.071,0,
0.044,0.053,0.12,-0.025,
0.027,0.021,0.083,-0.015,
0.044,0.057,0.079,0,
0.026,0.028,0.054,0,
0.062,0.064,0.118,0,
0.023,0.007,0.081,-0.008,
0.028,0.028,0.05,0,
0.004,0,0.057,-0.031,
0.066,0.078,0.105,0,
0.053,0.068,0.097,0,
0.021,0.019,0.064,-0.002,
0.029,0.034,0.045,0,
0.063,0.081,0.131,-0.003,
0.077,0.072,0.147,0,
0.02,0.022,0.036,0,
0.078,0.084,0.097,0,
0.042,0.051,0.087,-0.037,
0.034,0.032,0.068,0,
0.026,0.005,0.099,-0.015,
0.023,0.026,0.044,0,
0.022,0.016,0.056,-0.014,
0.004,0.005,0.029,-0.02,
0.069,0.074,0.107,0,
0.076,0.096,0.097,0,
0.022,0.021,0.051,0,
0.068,0.075,0.082,0,
0.015,0.014,0.069,-0.015,
0.098,0.104,0.152,0,
0.033,0.032,0.074,0,
0.072,0.086,0.1,0,
0.054,0.056,0.108,0,
0.03,0.029,0.094,-0.022,
0.043,0.058,0.103,-0.009,
0.071,0.088,0.128,-0.013,
0.03,0.034,0.055,-0.007,
0.025,0.025,0.053,0,
0.028,0.024,0.106,0,
0.033,0.028,0.066,0,
0.018,0.018,0.036,-0.008,
0.028,0.019,0.077,-0.012,
0.003,0,0.04,-0.02,
0.034,0.032,0.089,0,
0.066,0.067,0.141,0,
0.024,0.022,0.087,-0.029,
0.019,0.013,0.054,-0.016,
0.041,0.047,0.06,0,
0.045,0.037,0.108,0,
0.04,0.04,0.099,0,
0.055,0.058,0.102,0,
0.017,0.011,0.051,0,
0.031,0.028,0.065,0,
0.068,0.071,0.122,0,
0.079,0.1,0.105,0,
0.036,0.034,0.072,0,
0.032,0.026,0.096,0,
0.07,0.087,0.09,0,
0.024,0.022,0.065,0,
0.039,0.042,0.067,0,
0.005,0.002,0.025,-0.021,
0.021,0.024,0.064,-0.016,
0.027,0.037,0.048,0,
0.078,0.074,0.156,0,
0.051,0.052,0.098,0,
0.068,0.092,0.117,-0.019,
0.034,0.036,0.066,-0.011,
0.032,0.037,0.093,-0.009,
0.016,0.022,0.064,-0.021,
0.058,0.08,0.107,-0.013,
0.022,0.026,0.033,0,
0.053,0.057,0.116,-0.009,
0.039,0.049,0.073,0,
0.029,0.03,0.098,0,
0.024,0.015,0.075,0,
-0.001,0.003,0.021,-0.031,
0.026,0.013,0.081,0,
0.003,0.004,0.01,-0.01,
0.07,0.08,0.133,0,
0.042,0.033,0.113,0,
0.042,0.043,0.084,0,
0.041,0.044,0.089,0,
0.105,0.113,0.133,0,
0.009,0,0.062,-0.018,
0.046,0.05,0.067,0,
0.034,0.029,0.099,-0.017,
0.007,0.001,0.05,-0.033,
0.068,0.057,0.131,0,
0.013,0.015,0.038,-0.024,
0.078,0.101,0.11,0,
0.03,0.028,0.069,0,
0.055,0.058,0.092,0,
0.104,0.13,0.139,0,
0.052,0.052,0.109,0,
0.024,0.027,0.057,-0.008,
0.035,0.035,0.084,0,
0.025,0.021,0.066,0,
0.054,0.057,0.103,0,
0.029,0.004,0.116,-0.009,
0.013,0.011,0.037,-0.013,
0.062,0.07,0.095,0,
0.024,0.008,0.086,-0.011,
0.069,0.078,0.123,0,
0.032,0.038,0.076,-0.01,
0.08,0.093,0.113,0,
0.062,0.081,0.097,0,
0.061,0.06,0.137,0,
0.027,0.016,0.11,-0.019,
0.056,0.056,0.11,-0.01,
0.017,0.009,0.068,-0.023,
0.053,0.058,0.09,0,
0.055,0.056,0.095,0,
0.055,0.074,0.098,-0.025,
0.029,0.035,0.055,0,
0.047,0.048,0.1,0,
0.066,0.067,0.112,0,
0.067,0.079,0.136,0,
0.045,0.047,0.089,0,
0.071,0.063,0.157,0,
0.039,0.033,0.08,0,
0.047,0.045,0.101,0,
0.028,0.026,0.061,0,
0.025,0.015,0.075,0,
0.032,0.034,0.07,-0.026,
0.043,0.043,0.093,-0.025,
0.037,0.046,0.063,0,
0.069,0.079,0.121,0,
0.033,0.038,0.062,0,
0.047,0.055,0.071,0,
0.035,0.029,0.084,0,
0.06,0.061,0.089,0,
0.052,0.069,0.102,0,
0.075,0.088,0.096,0,
0.064,0.072,0.111,0,
0.031,0.028,0.072,0,
0.061,0.074,0.109,0,
0.03,0.022,0.076,-0.025,
0.067,0.068,0.124,0,
0.021,0.032,0.133,-0.077,
0.042,0.049,0.071,0,
0.014,0.001,0.067,-0.019,
0.06,0.053,0.105,0,
0.009,0,0.068,-0.044,
0.032,0.03,0.091,-0.001,
0.03,0.034,0.076,-0.045,
0.027,0.03,0.065,-0.002,
0.026,0.029,0.046,0,
0.013,0.017,0.022,-0.001,
0.004,0.003,0.018,-0.017,
0.042,0.053,0.073,0,
0.006,0.004,0.03,-0.028,
0.021,0.016,0.05,0,
0.054,0.05,0.129,0,
0.046,0.045,0.073,0,
0.073,0.068,0.14,0,
0.04,0.043,0.081,0,
0.035,0.025,0.081,0,
0.029,0.031,0.068,-0.014,
0.036,0.036,0.092,0,
0.073,0.102,0.115,-0.083,
0.057,0.061,0.113,0,
0.051,0.064,0.074,0,
0.036,0.035,0.066,0,
0.009,0.008,0.019,0,
0.039,0.044,0.113,0,
0.049,0.051,0.102,0,
0.035,0.035,0.079,0,
0.024,0.016,0.055,0,
0.034,0.037,0.067,0,
0.029,0.034,0.063,-0.035,
0.04,0.046,0.073,0,
0.041,0.048,0.058,0,
0.028,0.024,0.072,0,
0.031,0.03,0.07,-0.001,
0.072,0.065,0.127,0,
0.025,0.018,0.06,0,
0.036,0.043,0.088,-0.024,
0.037,0.045,0.068,0,
0.036,0.036,0.083,0,
0.061,0.051,0.151,0,
0.022,0.021,0.092,-0.072,
0.047,0.057,0.127,-0.051,
0.023,0.015,0.064,0,
0.037,0.041,0.064,0,
0.049,0.05,0.115,-0.026,
0.045,0.052,0.073,0,
0.032,0.038,0.051,-0.016,
0.038,0.033,0.138,-0.016,
0.031,0.034,0.154,-0.092,
0.042,0.055,0.078,0,
0.048,0.061,0.082,0,
0.035,0.035,0.089,-0.052,
0.038,0.041,0.071,0,
0.067,0.068,0.126,0,
0.036,0.04,0.054,0,
0.034,0.049,0.062,-0.022,
0.027,0.03,0.058,0,
0.069,0.091,0.105,0,
0.025,0.009,0.099,-0.017,
0.027,0.027,0.055,0,
0.029,0.03,0.071,0,
0.028,0.028,0.073,-0.034,
0.042,0.043,0.086,0,
0.027,0.029,0.058,0,
0.045,0.056,0.105,-0.048,
0.013,0.003,0.09,-0.034,
0.047,0.052,0.069,0,
0.019,0.023,0.073,-0.017,
0.063,0.074,0.122,0,
0.083,0.104,0.112,0,
0.059,0.06,0.097,0,
0.027,0.022,0.074,-0.018,
0.022,0.022,0.086,-0.013,
0.032,0.04,0.066,-0.018,
0.02,0.024,0.082,-0.034,
0.025,0.024,0.075,-0.022,
0.044,0.051,0.072,0,
0.04,0.038,0.079,0,
0.073,0.1,0.112,0,
0.03,0.04,0.073,-0.054,
0.028,0.018,0.081,0,
0.006,0.01,0.066,-0.04,
0.036,0.043,0.059,0,
0.086,0.105,0.123,0,
0.023,0.018,0.05,-0.002,
0.076,0.087,0.118,0,
0.031,0.03,0.061,-0.011,
0.039,0.043,0.072,0,
0.005,0.001,0.044,-0.022,
0.029,0.026,0.063,0,
0.014,0.014,0.03,-0.015,
0.046,0.04,0.114,0,
0.015,0.013,0.08,-0.031,
0.035,0.044,0.062,0,
0.038,0.04,0.074,0,
0.023,0.026,0.04,0,
0.107,0.141,0.147,0,
0.036,0.041,0.08,0,
0.032,0.042,0.068,0,
0.052,0.054,0.103,0,
0.019,0.003,0.121,-0.058,
0.082,0.092,0.153,-0.036,
0.017,0.013,0.056,-0.014,
0.041,0.054,0.069,-0.04,
0.036,0.02,0.111,-0.002,
0.033,0.04,0.057,-0.01,
0.036,0.042,0.084,0,
0.004,0.005,0.02,-0.017,
0.036,0.037,0.068,0,
0.026,0.026,0.082,-0.003,
0.061,0.069,0.095,0,
0.043,0.041,0.094,0,
0.038,0.036,0.079,0,
0.03,0.031,0.073,0,
0.017,0.022,0.04,-0.003,
0.05,0.049,0.133,-0.002,
0.017,0.009,0.074,-0.037,
0.027,0.024,0.046,0,
0.063,0.086,0.13,-0.016,
0.035,0.035,0.087,-0.023,
0.008,0.011,0.035,-0.03,
0.019,0.026,0.033,-0.003,
0.02,0.007,0.06,-0.011,
0.007,0,0.054,-0.032,
0.024,0.026,0.057,-0.013,
0.046,0.051,0.079,0,
0.031,0.006,0.116,-0.021,
0.054,0.042,0.116,-0.001,
0.039,0.036,0.09,0,
0.008,0.008,0.033,-0.015,
0.061,0.068,0.081,0,
0.045,0.05,0.087,0,
0.045,0.06,0.102,-0.042,
0.087,0.112,0.119,0,
0.061,0.07,0.11,0,
0.051,0.068,0.078,0,
0.025,0.03,0.057,-0.017,
0.051,0.063,0.065,0,
0.053,0.053,0.092,0,
0.018,0.022,0.057,-0.044,
0.039,0.035,0.079,0,
0.013,0.006,0.051,-0.028,
0.029,0.032,0.071,-0.018,
0.011,0.02,0.054,-0.032,
0.042,0.047,0.072,0,
0.037,0.032,0.121,-0.02,
0.044,0.049,0.066,0,
0.03,0.034,0.08,-0.01,
0.042,0.051,0.066,0,
0.056,0.073,0.123,-0.008,
0.052,0.053,0.087,0,
0.03,0.032,0.082,-0.001,
0.034,0.029,0.081,-0.001,
0.025,0.031,0.052,0,
0.063,0.067,0.137,-0.003,
0.059,0.061,0.139,0,
0.077,0.095,0.12,0,
0.033,0.045,0.071,-0.032,
0.036,0.04,0.121,-0.021,
0.023,0.021,0.066,-0.032,
0.012,0.025,0.063,-0.043,
0.042,0.052,0.055,0,
0.028,0.028,0.068,-0.003,
0.089,0.106,0.136,0,
0.047,0.052,0.083,0,
0.07,0.095,0.108,0,
0.034,0.046,0.09,-0.027,
0.017,0.018,0.078,-0.018,
0.036,0.029,0.105,-0.023,
0.013,0.009,0.031,-0.005,
0.022,0.021,0.089,-0.009,
0.068,0.091,0.112,0,
0.019,0.018,0.045,-0.006,
0.046,0.053,0.093,0,
0.042,0.053,0.063,0,
0.019,0.015,0.082,-0.011,
0.107,0.121,0.144,0,
0.011,0.002,0.039,-0.018,
0.028,0.031,0.074,-0.02,
0.023,0.029,0.065,-0.046,
0.043,0.042,0.105,-0.017,
0.076,0.077,0.114,0,
0.03,0.043,0.055,0,
0.055,0.049,0.14,0,
0.032,0.038,0.062,-0.011,
0.023,0.029,0.039,0,
0.023,0.024,0.081,-0.017,
0.049,0.051,0.094,0,
0.055,0.056,0.118,0,
0.042,0.036,0.108,0,
0.068,0.079,0.099,0,
0.055,0.051,0.135,0,
0.028,0.03,0.063,0,
0.061,0.08,0.103,0,
0.026,0.025,0.062,0,
0.032,0.036,0.077,-0.021,
0.012,0.013,0.04,-0.008,
0.03,0.032,0.051,0,
0.043,0.033,0.116,-0.001,
0.032,0.025,0.089,-0.002,
0.033,0.029,0.1,-0.015,
0.019,0.015,0.057,-0.015,
0.031,0.024,0.084,0,
0.033,0.033,0.085,-0.025,
0.041,0.045,0.098,-0.023,
0.035,0.032,0.082,0,
0.048,0.057,0.063,0,
0.052,0.05,0.112,0,
0.028,0.023,0.066,0,
0.029,0.004,0.124,-0.057,
0.029,0.036,0.044,0,
0.029,0.026,0.064,-0.012,
0.016,0.015,0.038,0,
0.052,0.06,0.098,0,
0.008,0.007,0.031,-0.007,
0.047,0.052,0.094,0,
0.053,0.061,0.085,0,
0.05,0.052,0.097,0,
0.056,0.076,0.094,-0.029,
0.049,0.048,0.106,0,
0.058,0.058,0.117,0,
0.047,0.042,0.094,0,
0.035,0.017,0.136,-0.031,
0.022,0.033,0.069,-0.037,
0.068,0.074,0.103,0,
0.035,0.046,0.066,-0.013,
0.024,0.028,0.055,-0.002,
0.034,0.046,0.061,0,
0.031,0.033,0.078,-0.016,
0.055,0.07,0.097,-0.018,
0.019,0.009,0.066,-0.042,
0.012,0.014,0.035,-0.021,
0.026,0.019,0.081,-0.001,
-0,0.003,0.033,-0.042,
0.009,0.003,0.039,-0.013,
0.028,0.041,0.057,-0.005,
0.019,0.021,0.034,0,
0.084,0.083,0.143,0,
0.026,0.028,0.065,-0.024,
0.04,0.042,0.085,0,
0.018,0.022,0.034,-0.005,
0.03,0.03,0.06,0,
0.037,0.05,0.071,-0.014,
0.059,0.065,0.104,0,
0.009,0.007,0.053,-0.023,
0.097,0.12,0.141,0,
0.033,0.02,0.093,-0.017,
0.048,0.039,0.117,0,
0.033,0.036,0.078,0,
0.051,0.052,0.094,0,
0.036,0.035,0.105,-0.019,
0.042,0.044,0.082,0,
0.021,0.003,0.081,-0.007,
0.036,0.021,0.13,0,
0.01,0.009,0.039,-0.031,
0.034,0.038,0.066,0,
0.05,0.05,0.09,0,
0.078,0.095,0.108,0,
0.047,0.054,0.068,0,
0.057,0.057,0.09,0,
0.018,0.005,0.085,-0.018,
0.033,0.028,0.097,0,
0.059,0.071,0.097,0,
0.015,0.007,0.064,-0.03,
0.026,0.029,0.046,-0.001,
0.045,0.046,0.11,0,
0.036,0.035,0.081,0,
0.043,0.046,0.082,-0.007,
0.016,0.012,0.043,0,
0.037,0.026,0.106,-0.001,
0.085,0.086,0.142,0,
0.016,0.016,0.05,-0.01,
0.067,0.067,0.139,-0.001,
0.083,0.09,0.162,0,
0.048,0.064,0.075,0,
0.035,0.026,0.079,0,
0.016,0.007,0.077,-0.023,
0.02,0.027,0.039,-0.02,
0.024,0.024,0.049,0,
0.003,0.008,0.029,-0.027,
0.031,0.04,0.058,0,
0.027,0.028,0.072,0,
0.099,0.118,0.142,0,
0.047,0.054,0.072,0,
0.076,0.105,0.11,0,
0.046,0.047,0.086,0,
0.029,0.03,0.067,0,
0.039,0.038,0.07,-0.005,
0.025,0.021,0.071,0,
0.048,0.062,0.089,0,
0.027,0.034,0.089,-0.022,
0.03,0.035,0.047,0,
0.016,0.005,0.082,-0.03,
0.021,0.021,0.052,-0.001,
0.03,0.03,0.074,0,
0.058,0.048,0.139,0,
0.076,0.085,0.108,0,
0.055,0.072,0.105,-0.011,
0.042,0.043,0.075,0,
0.037,0.046,0.093,-0.021,
0.058,0.065,0.108,0,
0.03,0.039,0.081,-0.037,
0.042,0.039,0.101,0,
0.045,0.051,0.086,0,
0.06,0.066,0.114,0,
0.016,0.013,0.055,-0.009,
0.018,0.019,0.035,-0.001,
0.022,0.021,0.063,-0.02,
0.027,0.028,0.068,-0.001,
-0.001,0.007,0.047,-0.051,
0.069,0.04,0.176,0,
0.036,0.035,0.076,0,
0.027,0.009,0.115,-0.01,
0.02,0.024,0.051,-0.01,
0.028,0.024,0.088,-0.012,
0.01,0.004,0.047,-0.032,
0.035,0.019,0.085,0,
0.035,0.033,0.066,0,
0.02,0.017,0.058,-0.014,
0.052,0.051,0.112,-0.03,
0.035,0.033,0.127,0,
0.074,0.088,0.106,0,
0.061,0.075,0.106,0,
0.051,0.06,0.08,-0.018,
0.031,0.017,0.097,-0.027,
0.064,0.076,0.105,0,
0.019,0.022,0.053,-0.034,
0.049,0.048,0.102,-0.01,
0.064,0.079,0.099,-0.01,
0.067,0.077,0.116,0,
0.073,0.071,0.121,0,
0.034,0.038,0.055,-0.005,
0.028,0.033,0.055,0,
0.072,0.088,0.101,0,
0.011,0.008,0.039,0,
0.048,0.051,0.11,-0.027,
0.064,0.07,0.128,0,
0.059,0.058,0.124,0,
0.032,0.012,0.1,-0.022,
0.039,0.043,0.106,-0.02,
0.027,0.024,0.075,-0.02,
0.04,0.046,0.078,-0.017,
0.016,0.006,0.067,-0.026,
0.034,0.032,0.065,-0.001,
0.013,0.013,0.037,-0.012,
0.045,0.049,0.075,0,
0.027,0.012,0.139,-0.067,
0.043,0.045,0.091,0,
0.028,0.038,0.045,0,
0.086,0.113,0.118,-0.02,
0.016,0.015,0.055,0,
0.026,0.025,0.068,-0.053,
0.065,0.074,0.117,0,
0.045,0.039,0.097,-0.009,
0.054,0.051,0.113,0,
0.034,0.035,0.083,0,
0.024,0.019,0.052,0,
0.049,0.053,0.076,0,
0.038,0.043,0.107,-0.031,
0.011,0.003,0.07,-0.013,
0.04,0.042,0.063,0,
0.025,0.015,0.104,0,
0.004,-0.008,0.076,-0.026,
0.029,0.028,0.086,-0.026,
0.043,0.043,0.086,0,
0.054,0.068,0.08,0,
0.009,0.005,0.037,-0.023,
0.069,0.068,0.149,0,
0.031,0.038,0.052,-0.009,
0.037,0.041,0.086,0,
0.041,0.033,0.13,-0.054,
0.049,0.053,0.069,0,
0.021,0.026,0.048,-0.005,
0.039,0.028,0.098,0,
0.039,0.048,0.091,-0.016,
0.056,0.058,0.104,0,
0.02,0.012,0.099,-0.044,
0.036,0.046,0.053,0,
0.029,0.042,0.065,-0.039,
0.054,0.051,0.116,0,
0.024,0.016,0.07,0,
0.002,0.008,0.075,-0.056,
0.066,0.073,0.111,-0.015,
0.059,0.068,0.108,0,
0.036,0.04,0.067,-0.001,
0.027,0.029,0.068,-0.005,
0.013,0.005,0.088,-0.035,
0.032,0.038,0.065,-0.006,
0.026,0.024,0.06,0,
0.051,0.053,0.106,0,
0.034,0.041,0.059,0,
0.037,0.042,0.065,0,
0.02,0.022,0.056,-0.016,
0.033,0.029,0.076,-0.008,
0.043,0.03,0.098,0,
0.027,0.025,0.081,-0.025,
0.008,0.004,0.046,-0.026,
0.04,0.045,0.071,0,
0.043,0.051,0.07,0,
0.022,0.016,0.074,0,
0.023,0.016,0.075,-0.024,
0.013,0.006,0.063,-0.031,
0.065,0.062,0.114,0,
0.058,0.073,0.079,0,
0.013,0.016,0.03,-0.003,
0.065,0.071,0.108,0,
0.035,0.026,0.081,-0.01,
0.058,0.065,0.089,0,
0.042,0.048,0.072,-0.027,
0.011,0.005,0.06,-0.034,
0.082,0.102,0.119,0,
0.046,0.043,0.108,-0.015,
0.03,0.028,0.06,0,
0.053,0.064,0.085,0,
0.026,0.033,0.069,-0.015,
0.04,0.048,0.075,0,
0.054,0.067,0.1,-0.002,
-0.006,-0.004,0.038,-0.043,
0.052,0.069,0.089,0,
0.03,0.036,0.057,-0.012,
0.057,0.059,0.129,-0.005,
0.055,0.064,0.084,0,
0.022,0.026,0.06,-0.006,
0.022,0.015,0.077,-0.03,
0.015,0.012,0.033,0,
0.015,0.013,0.063,-0.009,
0.046,0.042,0.118,0,
0.052,0.062,0.096,-0.014,
0.062,0.078,0.098,0,
0.098,0.131,0.147,0,
0.06,0.063,0.09,0,
0.081,0.105,0.122,-0.012,
0.016,0.008,0.091,-0.013,
0.035,0.032,0.111,-0.003,
0.037,0.05,0.079,-0.022,
0.037,0.044,0.081,-0.026,
0.011,0.004,0.091,-0.034,
0.05,0.052,0.106,0,
0.029,0.031,0.071,0,
-0.001,-0.004,0.023,-0.02,
0.035,0.035,0.068,0,
0.022,0.012,0.094,0,
0.065,0.083,0.101,0,
0.015,0.011,0.05,-0.009,
0.072,0.079,0.116,0,
0.008,0.007,0.095,-0.075,
0.041,0.036,0.084,0,
0.011,0.005,0.042,-0.009,
0.043,0.046,0.076,0,
-0.002,0.002,0.051,-0.035,
0.021,0.021,0.036,0,
0.042,0.05,0.093,-0.002,
0.034,0.022,0.111,0,
0.02,0.003,0.113,-0.043,
0.055,0.065,0.106,-0.006,
0.037,0.043,0.054,0,
0.037,0.043,0.061,0,
0.038,0.042,0.07,0,
0.033,0.028,0.078,0,
0.027,0.026,0.081,-0.019,
0.042,0.035,0.117,0,
0.029,0.038,0.05,-0.022,
0.028,0.023,0.087,-0.007,
0.03,0.037,0.081,-0.038,
0.032,0.023,0.116,-0.003,
0.022,0.029,0.037,-0.015,
0.022,0.025,0.06,-0.028,
0.032,0.036,0.078,-0.015,
0.064,0.081,0.093,0,
0.056,0.069,0.091,0,
0.038,0.044,0.067,0,
0.02,0.022,0.078,-0.047,
0.058,0.058,0.126,-0.013,
0.025,0.022,0.061,0,
0.037,0.037,0.087,-0.019,
0.063,0.066,0.103,0,
0.034,0.041,0.075,-0.019,
0.042,0.033,0.13,-0.053,
0.021,0.017,0.068,-0.019,
0.014,0.018,0.046,-0.034,
0.018,0.011,0.054,0,
0.03,0.018,0.074,-0.003,
0.021,0.019,0.058,-0.007,
0.018,0.023,0.119,-0.072,
0.01,0.008,0.029,-0.014,
0.012,0.007,0.07,-0.008,
0.048,0.042,0.1,0,
0.025,0.022,0.098,-0.031,
0.019,0.01,0.066,-0.038,
0.071,0.08,0.123,0,
0.03,0.033,0.077,-0.004,
0.01,0.004,0.065,-0.011,
0.03,0.029,0.083,0,
0.043,0.036,0.095,0,
0.133,0.137,0.191,0,
0.072,0.079,0.146,-0.023,
0.043,0.051,0.073,0,
0.074,0.082,0.117,0,
0.025,0.015,0.084,-0.028,
0.011,0.007,0.046,0,
-0.006,-0.007,0.025,-0.044,
0.025,0.015,0.114,0,
0.02,0.014,0.088,-0.014,
0.011,0.003,0.069,-0.052,
0.06,0.069,0.093,0,
0.016,0.007,0.051,-0.001,
0.027,0.018,0.061,0,
0.052,0.049,0.106,-0.001,
0.03,0.018,0.075,0,
0.045,0.038,0.083,0,
0.051,0.06,0.1,0,
0.023,0.028,0.048,0,
0.029,0.03,0.054,0,
0.031,0.036,0.054,0,
0.064,0.073,0.094,0,
0.043,0.038,0.091,0,
0.054,0.067,0.091,0,
0.071,0.085,0.11,-0.015,
0.018,0.013,0.068,-0.027,
0.02,0.021,0.043,0,
0.04,0.04,0.094,-0.016,
0.019,0.018,0.054,0,
0.053,0.064,0.108,-0.042,
0.048,0.053,0.072,0,
0.051,0.049,0.103,0,
0.029,0.038,0.102,-0.035,
0.037,0.042,0.095,0,
0.017,0.014,0.055,-0.019,
0.034,0.041,0.075,-0.023,
0.029,0.018,0.086,-0.02,
0.044,0.032,0.117,-0.003,
0.025,0.024,0.078,0,
0.046,0.053,0.084,0,
0.07,0.074,0.101,0,
0.021,0.024,0.048,-0.001,
0.02,0.028,0.051,-0.054,
0.068,0.083,0.103,0,
0.043,0.039,0.088,0,
0.024,0.021,0.086,-0.022,
0.026,0.03,0.089,-0.067,
0.043,0.045,0.079,0,
0.01,0.002,0.095,-0.024,
0.026,0.027,0.037,0,
0.044,0.043,0.108,-0.026,
0.026,0.027,0.053,0,
0.071,0.078,0.127,0,
0.048,0.053,0.117,-0.046,
0.03,0.034,0.049,0,
0.021,0.021,0.079,-0.014,
0.044,0.048,0.081,0,
0.019,0.008,0.106,-0.045,
0.01,0.006,0.04,-0.01,
0.058,0.046,0.124,0,
0.05,0.056,0.066,0,
0.033,0.032,0.055,0,
0.048,0.048,0.078,0,
0.034,0.037,0.137,-0.063,
0.023,0.025,0.05,-0.003,
0.053,0.058,0.111,-0.011,
0.03,0.028,0.076,0,
0.028,0.033,0.057,-0.016,
0.033,0.035,0.098,-0.051,
0.029,0.026,0.105,-0.022,
0.037,0.03,0.102,0,
0.018,0.008,0.075,-0.018,
0.037,0.03,0.098,0,
0.017,0.009,0.077,-0.028,
0.002,0.009,0.027,-0.033,
0.043,0.06,0.09,-0.028,
0.025,0.011,0.08,-0.005,
0.045,0.052,0.098,0,
0.058,0.064,0.136,-0.029,
0.033,0.039,0.059,-0.002,
0.023,0.013,0.079,0,
0.083,0.097,0.135,0,
0.035,0.036,0.078,-0.03,
0.023,0.032,0.048,-0.023,
0.034,0.029,0.075,0,
0.052,0.054,0.086,0,
0.058,0.059,0.109,0,
0.051,0.056,0.118,-0.009,
0.033,0.045,0.057,-0.012,
0.019,0.005,0.067,-0.02,
0.051,0.059,0.079,-0.021,
0.038,0.034,0.09,-0.018,
0.028,0.024,0.087,-0.013,
0.023,0.019,0.089,0,
0.055,0.07,0.125,-0.027,
0.038,0.039,0.085,-0.019,
0.035,0.041,0.062,0,
0.033,0.037,0.082,-0.016,
0.051,0.057,0.119,-0.013,
0.031,0.015,0.09,0,
0.061,0.063,0.133,0,
0.026,0.028,0.064,-0.017,
0.038,0.039,0.078,0,
0.069,0.071,0.118,0,
0.022,0.032,0.038,0,
0.039,0.054,0.072,-0.024,
0.024,0.027,0.055,-0.02,
0.009,0.018,0.029,-0.039,
0.052,0.064,0.074,0,
0.062,0.069,0.113,-0.025,
0.025,0.019,0.062,0,
0.071,0.095,0.113,0,
0.036,0.042,0.097,-0.025,
0.014,0.01,0.061,-0.017,
0.026,0.011,0.101,-0.039,
0.015,0.011,0.106,-0.046,
0.059,0.058,0.093,0,
0.046,0.055,0.095,-0.02,
0.036,0.035,0.096,0,
0.023,0.029,0.053,-0.024,
0.064,0.082,0.091,0,
0.016,0.003,0.061,-0.021,
0.016,0.015,0.052,-0.025,
0.053,0.06,0.08,0,
0.05,0.052,0.118,-0.043,
0.043,0.05,0.089,-0.007,
0.039,0.03,0.126,-0.002,
0.013,0.01,0.057,-0.026,
0.061,0.059,0.1,0,
0.034,0.032,0.075,0,
0.03,0.035,0.067,0,
0.03,0.018,0.115,-0.02,
0.039,0.04,0.078,0,
0.055,0.044,0.108,0,
0.053,0.056,0.095,0,
0.03,0.028,0.076,-0.041,
0.043,0.048,0.082,0,
0.037,0.031,0.097,-0.027,
0.03,0.035,0.074,-0.035,
0.034,0.044,0.075,-0.015,
0.059,0.056,0.121,-0.005,
0.056,0.061,0.112,0,
0.077,0.09,0.155,0,
0.025,0.028,0.051,-0.007,
0.057,0.064,0.084,0,
0.024,0.016,0.063,0,
0.015,0.018,0.054,-0.029,
0.027,0.041,0.044,-0.017,
0.04,0.043,0.083,-0.033,
0.043,0.043,0.081,0,
0.032,0.021,0.1,-0.043,
0.019,0.011,0.054,-0.012,
0.045,0.042,0.1,0,
0.014,0.007,0.054,-0.017,
0.021,0.019,0.056,-0.014,
0.066,0.058,0.149,0,
0.027,0.029,0.061,0,
0.035,0.039,0.073,0,
0.039,0.045,0.066,-0.001,
0.053,0.057,0.112,-0.006,
0.042,0.044,0.074,0,
0.044,0.046,0.129,-0.017,
0.008,0.001,0.048,-0.007,
0.049,0.058,0.1,0,
0.01,0,0.04,-0.013,
0.031,0.019,0.09,0,
0.03,0.043,0.065,-0.015,
0.026,0.026,0.067,0,
0.045,0.051,0.073,0,
0.038,0.043,0.061,0,
0.026,0.03,0.064,-0.018,
0.066,0.071,0.115,0,
0.028,0.022,0.075,0,
0.044,0.042,0.108,0,
0.027,0.017,0.093,0,
0.044,0.049,0.076,0,
0.052,0.058,0.073,0,
0.025,0.031,0.087,-0.042,
0.036,0.029,0.085,0,
0.061,0.074,0.095,0,
0.039,0.045,0.083,-0.038,
0.022,0.024,0.056,-0.024,
0.046,0.059,0.1,-0.011,
0.023,0.025,0.063,-0.011,
0.036,0.041,0.074,-0.026,
0.067,0.086,0.104,0,
0.021,0.019,0.054,-0.004,
0.032,0.038,0.052,0,
0.038,0.037,0.076,0,
0.024,0.024,0.059,0,
0.03,0.027,0.092,-0.008,
0.036,0.036,0.064,0,
0.075,0.087,0.117,-0.002,
0.011,0.017,0.055,-0.053,
0.004,0.002,0.05,-0.022,
0.069,0.082,0.084,0,
0.038,0.047,0.078,0,
0.045,0.052,0.084,-0.015,
0.06,0.065,0.081,0,
0.02,0.011,0.069,-0.034,
0.076,0.093,0.116,0,
0.009,0.009,0.029,-0.003,
0.013,0.01,0.074,-0.028,
0.015,0.022,0.054,-0.021,
0.035,0.03,0.08,0,
0.032,0.032,0.071,0,
0.022,-0,0.11,-0.041,
0.032,0.039,0.079,0,
0.057,0.052,0.128,0,
0.032,0.032,0.088,-0.045,
0.055,0.077,0.082,0,
0.016,0.007,0.079,-0.021,
0.042,0.045,0.09,0,
-0.004,-0.021,0.09,-0.056,
0.028,0.021,0.071,-0.016,
0.033,0.035,0.05,0,
0.049,0.051,0.09,0,
0.023,0.018,0.055,0,
0.032,0.029,0.076,0,
0.059,0.058,0.12,-0.009,
0.025,0.028,0.058,-0.02,
0.073,0.083,0.095,0,
0.037,0.048,0.066,0,
0.042,0.05,0.077,0,
0.058,0.071,0.073,0,
0.025,0.03,0.048,0,
0.063,0.071,0.099,0,
0.029,0.029,0.071,-0.01,
0.003,0.001,0.047,-0.029,
0.024,0.019,0.081,0,
0.05,0.045,0.112,0,
0.018,0.019,0.045,0,
0.016,0.022,0.04,-0.01,
0.051,0.053,0.092,0,
0.024,0.012,0.082,-0.005,
0.065,0.075,0.112,0,
0.054,0.05,0.128,0,
0.063,0.088,0.111,-0.002,
0.011,-0.001,0.059,-0.023,
0.045,0.037,0.097,0,
0.051,0.057,0.079,0,
0.074,0.09,0.129,0,
0.05,0.064,0.078,-0.002,
0.043,0.041,0.074,0,
0.079,0.093,0.12,0,
0.005,0.003,0.017,-0.007,
0.05,0.059,0.086,0,
0.022,0.011,0.062,-0.023,
0.033,0.03,0.099,0,
0.032,0.035,0.072,-0.024,
0.066,0.053,0.127,0,
0.083,0.097,0.137,0,
0.057,0.072,0.086,0,
0.052,0.055,0.118,-0.008,
-0.003,-0.014,0.09,-0.061,
0.032,0.037,0.087,0,
0.053,0.045,0.1,0,
0.044,0.048,0.099,-0.009,
0.007,0,0.088,-0.05,
0.024,0.017,0.052,0,
0.02,0.02,0.061,-0.016,
0.047,0.033,0.098,0,
0.044,0.039,0.101,0,
0.048,0.053,0.08,0,
0.045,0.052,0.082,0,
0.042,0.041,0.087,0,
0.047,0.057,0.078,-0.002,
0.063,0.083,0.103,-0.018,
0.009,0.004,0.035,-0.019,
0.045,0.043,0.087,0,
0.043,0.04,0.107,-0.002,
0.072,0.081,0.132,0,
0.016,0.022,0.049,-0.033,
-0.01,0.005,0.015,-0.058,
0.035,0.03,0.087,-0.029,
0.037,0.039,0.09,-0.026,
0.01,0.014,0.032,-0.035,
0.084,0.098,0.107,0,
0.064,0.071,0.083,0,
0.112,0.146,0.162,0,
0.014,0.011,0.079,-0.053,
0.063,0.077,0.107,0,
0.053,0.071,0.091,-0.024,
0.022,0.035,0.052,-0.039,
0.004,0.006,0.015,-0.018,
0.068,0.048,0.143,0,
0.026,0.026,0.089,-0.002,
0.042,0.032,0.095,0,
0.02,0.003,0.061,-0.002,
0.059,0.073,0.078,0,
0.045,0.048,0.093,-0.029,
0.082,0.092,0.106,0,
0.06,0.062,0.12,-0.001,
-0.001,0,0.062,-0.045,
0.029,0.03,0.073,0,
0.085,0.095,0.124,0,
0.121,0.138,0.178,0,
0.042,0.056,0.089,-0.016,
0.047,0.049,0.105,-0.032,
0.018,0.02,0.045,-0.005,
0.015,0.016,0.066,-0.044,
0.019,0.014,0.052,0,
0.058,0.07,0.071,0,
0.055,0.062,0.106,0,
0.055,0.05,0.122,-0.006,
0.05,0.066,0.121,0,
0.059,0.062,0.094,0,
0.044,0.051,0.112,-0.033,
0.021,0.025,0.042,0,
0.068,0.061,0.17,-0.035,
0.006,0.003,0.025,-0.032,
0.039,0.05,0.072,0,
0.054,0.056,0.098,0,
0.045,0.047,0.093,0,
0.016,0.008,0.073,-0.025,
0.065,0.072,0.123,0,
0.032,0.042,0.047,0,
0.033,0.035,0.086,0,
0.012,0.005,0.048,-0.038,
0.029,0.036,0.063,-0.003,
0.025,0.023,0.068,-0.029,
0.025,0.02,0.11,-0.078,
0.048,0.027,0.125,-0.005,
0.035,0.043,0.072,-0.02,
0.017,0.015,0.044,-0.015,
0.032,0.036,0.072,-0.012,
0.074,0.082,0.143,-0.066,
0.015,0.024,0.044,-0.035,
0.06,0.067,0.088,0,
0.024,0.026,0.07,-0.015,
0.049,0.037,0.1,0,
0.029,0.028,0.109,-0.033,
0.043,0.041,0.098,0,
0.048,0.059,0.113,-0.036,
0.046,0.053,0.097,-0.007,
0.04,0.058,0.085,-0.029,
0.036,0.044,0.082,-0.029,
0.051,0.057,0.098,0,
0.057,0.047,0.12,0,
0.037,0.038,0.131,-0.034,
0.049,0.059,0.062,0,
0.063,0.076,0.105,0,
0.069,0.078,0.122,-0.001,
0.078,0.085,0.135,0,
0.041,0.051,0.08,-0.011,
0.04,0.043,0.085,-0.002,
0.071,0.082,0.098,0,
0.054,0.055,0.103,0,
0.023,0.029,0.04,-0.001,
0.059,0.054,0.115,0,
0.022,0.017,0.063,-0.007,
0.089,0.102,0.129,0,
0.073,0.082,0.118,0,
0.076,0.09,0.142,0,
0.029,0.037,0.071,-0.042,
0.023,0.021,0.072,-0.016,
0.027,0.018,0.09,-0.021,
0.025,0.028,0.047,0,
0.028,0.033,0.085,-0.03,
0.055,0.068,0.082,0,
0.033,0.042,0.06,0,
0.065,0.059,0.123,0,
0.083,0.086,0.143,0,
0.077,0.086,0.128,0,
0.031,0.036,0.058,-0.001,
0.039,0.035,0.081,0,
0.056,0.058,0.11,0,
0.055,0.066,0.083,0,
0.082,0.098,0.122,0,
0.093,0.111,0.128,0,
0.032,0.033,0.072,0,
0.036,0.046,0.053,0,
0.036,0.039,0.083,0,
0.019,0.025,0.047,-0.023,
0.04,0.037,0.109,-0.018,
0.027,0.031,0.077,-0.027,
0.032,0.036,0.062,-0.005,
0.032,0.026,0.12,-0.019,
0.041,0.041,0.078,0,
0.049,0.054,0.097,0,
0.039,0.03,0.098,-0.012,
0.055,0.079,0.126,-0.074,
0.045,0.053,0.092,0,
0.033,0.043,0.098,-0.008,
0.051,0.057,0.125,-0.028,
0.021,0.026,0.056,-0.035,
0.098,0.111,0.153,0,
0.041,0.06,0.113,-0.078,
0.064,0.074,0.094,0,
-0.013,-0.005,0.007,-0.057,
0.017,0.013,0.048,0,
0.054,0.033,0.158,-0.006,
0.012,-0.004,0.086,-0.033,
0.031,0.033,0.08,-0.02,
0.03,0.029,0.066,0,
0.065,0.083,0.09,0,
0.05,0.045,0.115,-0.011,
0.05,0.057,0.079,0,
0.026,0.022,0.06,0,
0.071,0.085,0.114,0,
0.043,0.04,0.111,0,
0.035,0.038,0.073,0,
0.009,0.013,0.054,-0.083,
0.035,0.05,0.13,-0.106,
0.031,0.045,0.071,-0.059,
0.077,0.087,0.118,0,
0.054,0.067,0.083,0,
0.018,0.018,0.044,0,
0.022,0.027,0.06,-0.021,
0.044,0.042,0.069,0,
0.014,0.003,0.064,-0.014,
0.037,0.024,0.105,0,
0.014,0.01,0.061,-0.013,
0.011,0.013,0.04,-0.02,
0.046,0.051,0.083,0,
0.052,0.058,0.071,0,
0.09,0.11,0.146,0,
0.025,0.028,0.049,0,
0.096,0.121,0.151,0,
0.008,-0.009,0.122,-0.1,
0.017,0.025,0.059,-0.04,
0.012,0.006,0.075,-0.109,
0.055,0.076,0.093,-0.018,
0.037,0.039,0.071,0,
0.054,0.052,0.089,0,
0.036,0.027,0.101,-0.033,
0.044,0.026,0.133,-0.015,
0.027,0.035,0.104,-0.052,
0.071,0.077,0.141,-0.002,
0.071,0.089,0.113,-0.027,
0.02,0.019,0.042,0,
0.043,0.046,0.075,0,
0.043,0.042,0.095,0,
0.036,0.031,0.089,0,
0.018,0.014,0.055,0,
0.064,0.064,0.112,0,
0.09,0.076,0.159,0,
0.021,0.016,0.048,-0.005,
0.041,0.042,0.064,0,
-0.003,-0.001,0.044,-0.056,
0.029,0.015,0.095,-0.024,
0.038,0.041,0.08,-0.002,
0.071,0.084,0.112,-0.026,
0.036,0.035,0.091,0,
0.035,0.026,0.094,0,
0.04,0.047,0.078,0,
0.031,0.033,0.079,-0.016,
0.027,0.042,0.06,-0.043,
0.03,0.027,0.087,0,
0.028,0.018,0.08,0,
0.057,0.062,0.124,-0.042,
0.031,0.034,0.068,-0.007,
0.047,0.056,0.078,0,
0.027,0.037,0.08,-0.045,
0.053,0.06,0.082,0,
0.048,0.051,0.104,-0.015,
-0.006,0,0.028,-0.045,
0.035,0.031,0.073,-0.001,
0.029,0.023,0.073,-0.003,
0.042,0.045,0.079,-0.003,
0.05,0.072,0.111,-0.039,
0.007,0.01,0.045,-0.034,
0.03,0.034,0.056,-0.01,
0.013,0.01,0.067,-0.031,
0.03,0.025,0.115,-0.048,
0.029,0.029,0.064,0,
0.056,0.069,0.099,0,
0.032,0.036,0.092,-0.029,
0.065,0.067,0.137,-0.05,
0.033,0.019,0.106,-0.008,
0.047,0.042,0.111,-0.017,
0.009,0.01,0.034,-0.02,
0.023,0.018,0.074,-0.03,
0.03,0.042,0.045,-0.008,
0.029,0.01,0.106,-0.025,
0.071,0.073,0.141,0,
0.033,0.03,0.06,0,
0.027,0.003,0.163,-0.064,
0.043,0.044,0.09,-0.005,
0.049,0.057,0.093,-0.02,
0.032,0.032,0.076,0,
0.04,0.043,0.07,-0.008,
0.047,0.052,0.109,-0.037,
0.019,0.022,0.057,-0.031,
0.033,0.034,0.082,-0.02,
0.024,0.024,0.069,0,
0.031,0.034,0.06,-0.007,
0.098,0.107,0.161,0,
0.018,0.021,0.028,0,
0.043,0.038,0.107,-0.002,
0.039,0.044,0.083,0,
0.086,0.09,0.137,0,
-0.002,0.004,0.013,-0.054,
0.051,0.059,0.082,0,
0.021,0.009,0.075,-0.015,
0.042,0.046,0.089,-0.017,
0.061,0.062,0.106,0,
0.034,0.029,0.07,0,
0.054,0.045,0.125,-0.001,
0.061,0.054,0.132,0,
0.053,0.055,0.141,-0.06,
0.009,0.007,0.045,-0.015,
0.055,0.049,0.12,-0.018,
0.051,0.065,0.092,-0.03,
0.058,0.054,0.153,-0.018,
0.05,0.043,0.151,0,
0.017,0.018,0.107,-0.07,
0.009,0.004,0.044,-0.035,
0.035,0.038,0.044,0,
0.047,0.039,0.128,0,
0.046,0.051,0.108,-0.005,
0.059,0.064,0.124,-0.034,
0.039,0.045,0.112,-0.035,
0.022,0.025,0.084,-0.036,
0.068,0.074,0.118,0,
0.088,0.097,0.174,-0.001,
0.019,0.021,0.058,-0.008,
0.029,0.026,0.088,0,
0.053,0.061,0.078,0,
0.017,0.013,0.054,-0.001,
0.022,0.028,0.059,-0.019,
0.018,0.018,0.044,0,
0.051,0.049,0.092,0,
0.047,0.044,0.094,0,
0.04,0.048,0.077,0,
0.045,0.051,0.109,-0.015,
0.038,0.038,0.094,-0.009,
0.043,0.041,0.096,-0.003,
0.027,0.032,0.076,-0.029,
0.048,0.054,0.088,-0.004,
0.01,0.019,0.05,-0.056,
0.091,0.11,0.137,-0.033,
0.049,0.028,0.134,0,
0.065,0.076,0.102,0,
0.025,0.013,0.068,-0.012,
0.042,0.042,0.105,-0.007,
0.07,0.085,0.1,0,
0.069,0.069,0.111,0,
0.062,0.053,0.111,0,
0.045,0.048,0.088,-0.001,
0.033,0.027,0.084,-0.028,
0.034,0.045,0.067,-0.02,
0.036,0.045,0.113,-0.054,
0.051,0.042,0.097,0,
0.022,0.031,0.048,-0.013,
0.032,0.037,0.078,-0.018,
0.071,0.079,0.118,0,
0.052,0.042,0.134,-0.013,
0.053,0.059,0.106,-0.038,
0.019,0.023,0.053,-0.015,
0.101,0.107,0.151,0,
0.034,0.04,0.056,0,
0.045,0.03,0.098,0,
0.031,0.05,0.06,-0.036,
0.051,0.049,0.084,0,
0.018,0.015,0.059,-0.02,
0.039,0.027,0.124,-0.001,
0.057,0.08,0.092,0,
0.015,0.007,0.077,-0.001,
0.042,0.055,0.075,-0.026,
0.042,0.049,0.088,-0.002,
0.043,0.051,0.088,-0.006,
0.014,0.011,0.036,0,
0.036,0.039,0.069,-0.021,
0.042,0.033,0.126,0,
0.035,0.039,0.088,-0.015,
0.041,0.032,0.101,-0.001,
0.051,0.037,0.089,0,
0.044,0.038,0.112,-0.008,
0.021,0.02,0.067,-0.018,
0.031,0.023,0.07,0,
0.03,0.029,0.057,0,
0.033,0.035,0.092,-0.062,
0.013,0.022,0.037,-0.046,
0.026,0.029,0.045,0,
0.035,0.041,0.075,0,
0.048,0.055,0.074,-0.016,
0.025,0.024,0.09,-0.044,
0.049,0.042,0.159,-0.01,
0.069,0.074,0.143,-0.033,
0.033,0.035,0.054,0,
0.028,0.031,0.053,-0.001,
0.07,0.093,0.101,0,
0.037,0.044,0.066,-0.016,
0.035,0.046,0.081,-0.035,
0.008,0.003,0.043,-0.018,
0.094,0.123,0.136,0,
0.038,0.039,0.069,0,
0.064,0.076,0.086,0,
0.055,0.059,0.091,0,
0.035,0.04,0.068,-0.006,
0.066,0.072,0.117,0,
0.054,0.065,0.075,0,
0.027,0.019,0.08,-0.022,
0.03,0.048,0.088,-0.055,
0.037,0.033,0.1,-0.043,
0.034,0.026,0.114,-0.026,
0.023,0.024,0.055,0,
0.029,0.03,0.061,0,
0.049,0.047,0.096,-0.002,
0.015,0.005,0.091,-0.014,
0.06,0.071,0.098,0,
0.039,0.042,0.067,0,
0.055,0.062,0.097,0,
0.016,0.015,0.051,-0.034,
0.052,0.062,0.106,-0.035,
0.047,0.052,0.082,0,
0.025,0.029,0.075,-0.02,
0.017,0.024,0.053,-0.035,
0.049,0.056,0.089,0,
0.042,0.046,0.083,0,
0.027,0.03,0.054,-0.002,
0.05,0.055,0.088,0,
0.023,0.026,0.061,-0.002,
0.026,0.028,0.061,0,
0.033,0.042,0.081,-0.026,
0.023,0.025,0.046,-0.002,
0.034,0.036,0.07,0,
0.01,0.011,0.069,-0.035,
0.018,0.024,0.06,-0.023,
0.035,0.045,0.075,-0.001,
0.037,0.045,0.071,-0.014,
0.089,0.083,0.15,0,
0.05,0.058,0.072,0,
0.028,0.029,0.071,-0.018,
0.017,0.019,0.043,-0.016,
0.053,0.057,0.094,0,
0.054,0.079,0.11,-0.058,
0.024,0.002,0.125,-0.037,
0.041,0.036,0.118,-0.029,
0.026,0.027,0.049,0,
0.019,0.018,0.045,-0.004,
0.037,0.036,0.062,0,
0.047,0.057,0.095,-0.007,
0.027,0.033,0.073,-0.009,
0.058,0.052,0.116,0,
0.037,0.049,0.068,-0.012,
0.011,0.013,0.033,-0.007,
0.076,0.092,0.121,0,
0.012,0.011,0.038,-0.016,
0.01,-0.002,0.051,-0.018,
0.011,0.018,0.027,-0.016,
-0.002,0.001,0.067,-0.097,
0.02,0.013,0.052,0,
0.015,0.004,0.069,-0.02,
0.052,0.06,0.087,0,
0.015,0.012,0.041,-0.009,
0.013,0.016,0.052,-0.036,
0.045,0.057,0.082,-0.031,
0.05,0.024,0.116,0,
0.038,0.046,0.075,0,
0.068,0.066,0.128,0,
0.1,0.11,0.146,0,
0.082,0.1,0.152,-0.031,
0.047,0.052,0.115,-0.065,
0.053,0.081,0.083,-0.034,
0.074,0.085,0.137,-0.035,
0.039,0.039,0.093,-0.023,
0.032,0.019,0.102,-0.034,
0.038,0.033,0.103,-0.009,
-0.006,-0.004,0.059,-0.074,
0.054,0.054,0.126,-0.006,
0.029,0.028,0.069,-0.002,
0.028,0.018,0.093,0,
0.042,0.044,0.061,0,
0.047,0.052,0.079,0,
0.037,0.021,0.099,-0.047,
0.063,0.075,0.119,-0.006,
0.051,0.043,0.155,-0.017,
0.013,0.012,0.037,-0.007,
0.04,0.041,0.061,0,
0.061,0.069,0.102,-0.001,
0.061,0.073,0.085,0,
0.031,0.03,0.069,0,
0.033,0.033,0.07,0,
0.023,0.012,0.068,-0.015,
0.024,0.028,0.053,-0.018,
0.033,0.013,0.119,-0.041,
0.048,0.06,0.078,-0.017,
0.024,0.005,0.069,0,
0.062,0.074,0.096,0,
0.038,0.028,0.114,0,
0.06,0.065,0.115,0,
0.034,0.036,0.072,-0.005,
0.032,0.034,0.071,-0.014,
0.037,0.051,0.101,-0.052,
0.023,0.011,0.09,-0.048,
-0.005,0,0.029,-0.043,
0.033,0.025,0.087,-0.021,
0.017,0.026,0.033,-0.022,
0.053,0.053,0.093,0,
0.03,0.036,0.059,-0.001,
0.036,0.038,0.108,-0.058,
0.066,0.066,0.107,0,
0.042,0.042,0.082,0,
0.026,0.03,0.062,-0.036,
0.035,0.04,0.061,0,
0.058,0.05,0.121,0,
0.01,0.009,0.039,-0.011,
0.022,0.019,0.05,0,
0.04,0.033,0.113,0,
0.045,0.054,0.077,0,
0.025,0.026,0.054,0,
0.099,0.099,0.187,0,
0.032,0.017,0.085,0,
0.025,0.024,0.072,-0.006,
0.027,0.032,0.051,-0.032,
0.059,0.076,0.088,0,
0.045,0.044,0.101,0,
0.031,0.033,0.065,-0.007,
0.057,0.062,0.112,0,
0.025,0.02,0.06,0,
0.029,0.032,0.067,0,
0.018,0.003,0.102,-0.032,
0.028,0.026,0.059,0,
0.03,0.019,0.099,-0.033,
0.061,0.074,0.097,-0.003,
0.063,0.059,0.112,-0.001,
0.048,0.05,0.085,0,
0.043,0.043,0.109,-0.026,
0.05,0.044,0.111,0,
0.059,0.063,0.146,-0.033,
0.02,0.027,0.059,-0.026,
0.007,0.004,0.027,-0.001,
0.047,0.052,0.075,0,
-0.002,0.003,0.038,-0.04,
0.063,0.068,0.082,0,
0.04,0.038,0.109,-0.007,
0.03,0.026,0.086,-0.023,
0.052,0.051,0.092,0,
0.008,0.007,0.031,-0.023,
0.048,0.057,0.076,-0.005,
0.056,0.068,0.106,0,
0.031,0.029,0.09,-0.017,
0.023,0.019,0.088,-0.017,
0.058,0.06,0.108,0,
0.029,0.027,0.078,-0.008,
0.047,0.056,0.102,-0.001,
0.05,0.051,0.1,0,
0.034,0.038,0.064,-0.006,
0.089,0.101,0.145,0,
0.027,0.019,0.065,0,
0.045,0.048,0.085,0,
0.028,0.01,0.079,-0.008,
0.023,0.013,0.091,0,
0.048,0.055,0.08,0,
0.043,0.061,0.074,0,
0.043,0.048,0.071,0,
0.053,0.071,0.089,0,
0.051,0.057,0.083,0,
0.036,0.049,0.076,-0.018,
0.012,0.002,0.076,-0.047,
0.016,0.01,0.072,-0.022,
0.054,0.072,0.086,0,
0.043,0.05,0.086,0,
0.037,0.021,0.11,-0.007,
0.069,0.087,0.103,0,
0.029,0.032,0.06,-0.025,
0.029,0.026,0.052,0,
0.021,0.013,0.077,-0.01,
0.029,0.035,0.053,0,
0.018,0.011,0.092,-0.043,
0.025,0.018,0.057,-0.017,
0.054,0.079,0.083,0,
0.043,0.052,0.078,0,
-0.005,0.001,0.027,-0.084,
0.022,0.022,0.077,-0.031,
0.018,0.011,0.084,-0.038,
0.067,0.076,0.111,0,
0.009,0.01,0.042,-0.026,
0.028,0.026,0.082,-0.057,
0.039,0.05,0.081,-0.006,
0.014,0.016,0.059,-0.02,
0.018,0.009,0.059,0,
0.088,0.113,0.157,-0.018,
0.014,0.006,0.055,-0.002,
0.037,0.042,0.056,0,
0.044,0.046,0.08,0,
0.018,0.019,0.069,-0.016,
0.021,0.026,0.046,-0.016,
0.054,0.057,0.105,-0.013,
0.017,0.017,0.069,-0.046,
0.027,0.017,0.067,-0.021,
0.034,0.026,0.09,0,
0.032,0.025,0.08,0,
0.05,0.048,0.154,-0.014,
0.058,0.059,0.119,0,
0.099,0.11,0.171,-0.008,
0.031,0.032,0.069,-0.001,
0.029,0.02,0.1,-0.012,
0.031,0.033,0.113,-0.055,
0.075,0.078,0.126,0,
0.018,0.024,0.059,-0.02,
0.018,0,0.09,-0.035,
0.049,0.053,0.102,0,
0.048,0.046,0.103,0,
0.037,0.037,0.066,0,
0.029,0.034,0.057,-0.011,
0.022,0.024,0.055,-0.033,
0.031,0.035,0.067,-0.01,
0.057,0.073,0.09,0,
0.034,0.026,0.088,0,
0.028,0.025,0.093,-0.05,
0.043,0.038,0.104,0,
0.019,0.023,0.047,-0.029,
0.059,0.059,0.125,0,
-0.006,0,0.017,-0.034,
0.093,0.114,0.142,0,
0.025,0.022,0.084,-0.037,
0.033,0.025,0.066,0,
0.117,0.139,0.161,0,
0.052,0.06,0.132,-0.062,
0.04,0.036,0.117,-0.023,
0.027,0.025,0.075,-0.031,
0.04,0.049,0.068,0,
0.027,0.031,0.054,0,
0.052,0.053,0.087,0,
0.016,0.017,0.099,-0.046,
0.017,0.014,0.044,0,
0.028,0.032,0.051,-0.018,
0.053,0.053,0.105,0,
0.008,0.014,0.096,-0.083,
0.023,0.01,0.068,-0.007,
-0.012,-0.013,0.079,-0.073,
0.03,0.035,0.069,-0.006,
0.037,0.028,0.11,-0.015,
0.086,0.091,0.131,0,
0.071,0.097,0.135,-0.036,
0.024,0.016,0.054,-0.015,
0.028,0.032,0.057,-0.002,
0.012,0.006,0.055,-0.009,
0.005,0,0.033,-0.023,
0.071,0.09,0.109,0,
0.053,0.065,0.078,0,
0.028,0.05,0.059,-0.058,
0.026,0.025,0.079,-0.007,
0.034,0.045,0.052,0,
0.038,0.044,0.103,-0.018,
0.061,0.071,0.096,0,
0.017,0.011,0.051,-0.001,
0.052,0.066,0.122,-0.013,
0.084,0.084,0.164,-0.003,
0.064,0.073,0.12,0,
0.058,0.063,0.12,0,
0.036,0.037,0.069,0,
0.021,0.018,0.057,-0.018,
0.067,0.077,0.113,0,
0.062,0.062,0.112,0,
0.019,0.024,0.089,-0.029,
0.049,0.054,0.089,0,
-0,-0.001,0.065,-0.047,
0.033,0.028,0.103,-0.007,
0.055,0.063,0.127,0,
0.04,0.048,0.089,-0.015,
0.021,0.016,0.053,-0.025,
0.058,0.06,0.103,0,
0.058,0.066,0.076,0,
0.017,0.017,0.098,-0.056,
0.043,0.047,0.076,0,
0.051,0.05,0.096,0,
0.031,0.035,0.058,0,
0.044,0.049,0.132,-0.037,
0.037,0.04,0.088,-0.028,
0.029,0.035,0.063,-0.018,
0.014,0.014,0.037,-0.011,
0.019,0.016,0.07,-0.021,
0.024,0.025,0.055,-0.005,
0.028,0.028,0.073,-0.019,
0.057,0.062,0.095,0,
0.038,0.035,0.113,-0.018,
0.028,0.036,0.095,-0.056,
0.068,0.082,0.143,-0.057,
0.115,0.132,0.169,0,
0.068,0.077,0.11,0,
0.043,0.053,0.076,-0.024,
0.042,0.051,0.112,-0.017,
0.049,0.059,0.074,0,
0.049,0.054,0.1,-0.017,
0.037,0.037,0.106,-0.04,
0.021,0.009,0.092,-0.025,
0.049,0.056,0.076,0,
0.043,0.044,0.108,-0.041,
0.034,0.04,0.089,-0.034,
0.062,0.068,0.09,0,
0.032,0.03,0.065,0,
0.05,0.083,0.128,-0.058,
0.02,0.013,0.047,-0.001,
0.007,0,0.069,-0.031,
0.039,0.042,0.084,-0.023,
0.031,0.027,0.095,0,
0.048,0.068,0.079,-0.013,
0.03,0.019,0.12,-0.018,
0.043,0.042,0.103,-0.008,
0.01,0.004,0.052,-0.016,
0.076,0.1,0.11,-0.032,
0.027,0.018,0.079,-0.009,
0.045,0.048,0.085,0,
0.005,0.003,0.038,-0.029,
0.033,0.032,0.056,0,
0.018,0.021,0.043,-0.033,
0.062,0.067,0.097,0,
0.021,0.021,0.058,-0.019,
0.032,0.033,0.081,-0.019,
0.031,0.025,0.086,0,
0.043,0.021,0.11,-0.024,
0.038,0.054,0.059,-0.005,
0.044,0.048,0.08,0,
0.051,0.054,0.099,-0.03,
0.033,0.031,0.065,-0.004,
0.03,0.029,0.044,0,
0.031,0.028,0.076,0,
0.018,0.022,0.063,-0.019,
0.028,0.024,0.067,0,
0.031,0.023,0.069,0,
0.059,0.051,0.132,0,
0.057,0.056,0.095,0,
0.063,0.052,0.146,0,
0.035,0.029,0.076,-0.006,
0.023,0.019,0.074,0,
0.039,0.015,0.105,-0.003,
0.034,0.039,0.102,-0.044,
0.048,0.03,0.132,0,
0.048,0.054,0.082,0,
0.06,0.058,0.119,-0.021,
0.041,0.04,0.087,0,
0.039,0.044,0.068,0,
0.017,0.014,0.055,-0.011,
0.062,0.07,0.083,0,
0.021,0.017,0.05,-0.001,
0.046,0.036,0.135,-0.025,
0.016,0.019,0.059,-0.023,
0.037,0.04,0.083,-0.024,
0.059,0.057,0.124,0,
0.03,0.03,0.053,0,
0.059,0.058,0.13,0,
0.013,0.026,0.028,-0.03,
0.048,0.049,0.077,0,
0.045,0.054,0.083,0,
0.076,0.086,0.139,-0.027,
0.059,0.055,0.141,0,
0.027,0.028,0.096,-0.076,
0.005,-0.004,0.072,-0.042,
0.054,0.06,0.077,0,
0.053,0.049,0.131,0,
0.055,0.068,0.091,0,
0.008,0.012,0.029,-0.013,
0.037,0.041,0.082,-0.005,
0.058,0.062,0.072,0,
0.041,0.06,0.096,-0.049,
0.053,0.058,0.115,0,
0.013,0.02,0.052,-0.04,
0.017,0.02,0.045,-0.029,
0.092,0.1,0.13,0,
0.048,0.068,0.086,-0.016,
0.003,0.007,0.041,-0.068,
0.022,0.022,0.07,-0.012,
0.025,0.032,0.04,0,
0.042,0.035,0.091,0,
0.034,0.037,0.063,-0.002,
0.03,0.034,0.08,-0.033,
0.035,0.029,0.078,0,
0.047,0.048,0.076,0,
0.034,0.031,0.082,-0.003,
0.066,0.098,0.119,-0.027,
0.037,0.037,0.077,0,
0.013,0.008,0.073,-0.031,
0.06,0.073,0.1,0,
0.029,0.035,0.059,-0.019,
0.054,0.058,0.089,0,
0.013,0.009,0.072,-0.044,
0.022,0.011,0.093,-0.005,
0.043,0.042,0.066,0,
0.031,0.012,0.107,-0.002,
0.041,0.03,0.102,0,
0.048,0.054,0.1,-0.016,
0.059,0.071,0.114,-0.066,
0.08,0.102,0.148,-0.018,
0.06,0.056,0.117,0,
0.031,0.032,0.059,0,
0.038,0.048,0.082,-0.027,
0.05,0.058,0.1,-0.018,
0.055,0.057,0.112,0,
0.1,0.104,0.184,0,
0.025,0.017,0.091,-0.02,
0.045,0.042,0.094,0,
0.042,0.014,0.112,-0.017,
0.068,0.083,0.092,0,
0.036,0.044,0.087,-0.018,
0.023,0.033,0.068,-0.06,
0.039,0.039,0.114,-0.026,
0.001,0.008,0.045,-0.063,
0.032,0.028,0.112,-0.048,
0.058,0.059,0.098,0,
0.024,0.022,0.076,-0.026,
0.038,0.034,0.092,0,
0.009,0.008,0.055,-0.046,
0.058,0.074,0.102,0,
0.028,0.036,0.059,-0.011,
0.057,0.073,0.085,0,
0.023,0.034,0.053,-0.027,
0.021,0.011,0.093,-0.001,
0.028,0.03,0.104,-0.015,
0.072,0.075,0.149,-0.032,
0.07,0.081,0.108,0,
0.023,0.021,0.07,-0.038,
0.047,0.047,0.083,0,
0.056,0.068,0.081,0,
0.054,0.058,0.105,0,
0.035,0.041,0.058,-0.003,
0.071,0.069,0.129,0,
0.017,0.013,0.083,-0.037,
0.053,0.045,0.106,0,
0.016,0.005,0.094,-0.06,
0.045,0.043,0.075,0,
0.035,0.034,0.059,0,
0.017,0.014,0.038,0,
0.068,0.063,0.14,-0.016,
0.04,0.028,0.106,-0.047,
0.021,0.011,0.063,-0.006,
0.017,0.017,0.051,-0.029,
0.046,0.057,0.1,-0.002,
0.041,0.052,0.07,-0.016,
0.085,0.107,0.125,-0.002,
0.041,0.032,0.125,-0.019,
0.076,0.099,0.142,-0.039,
0.047,0.05,0.103,-0.007,
0.018,0.009,0.102,-0.047,
0.036,0.035,0.073,-0.006,
0.025,0.024,0.091,-0.054,
0.019,0.016,0.07,-0.03,
0.031,0.036,0.045,0,
0.029,0.033,0.064,-0.002,
0.038,0.034,0.126,-0.038,
0.051,0.055,0.092,0,
0.024,0.017,0.151,-0.044,
0.06,0.067,0.112,0,
0.015,0.011,0.056,-0.027,
0.037,0.019,0.136,-0.011,
0.031,0.038,0.075,-0.008,
0.005,-0.009,0.071,-0.027,
0.072,0.079,0.136,0,
0.033,0.037,0.058,0,
0.072,0.071,0.14,0,
0.062,0.069,0.112,0,
0.031,0.035,0.095,-0.008,
0.047,0.052,0.08,0,
0.036,0.042,0.1,-0.021,
0.054,0.061,0.109,-0.012,
0.038,0.036,0.08,0,
0.052,0.057,0.081,0,
0.1,0.108,0.156,0,
0.027,0,0.107,-0.053,
0.045,0.048,0.063,0,
0.027,0.02,0.078,-0.014,
0.045,0.054,0.108,0,
0.022,0.025,0.059,-0.024,
0.062,0.05,0.12,0,
0.03,0.025,0.079,0,
0.011,0.022,0.085,-0.084,
0.024,0.017,0.085,-0.014,
0.032,0.013,0.122,0,
0.001,0.007,0.013,-0.024,
0.047,0.049,0.087,0,
0.066,0.062,0.125,0,
0.014,0.011,0.063,-0.039,
0.04,0.012,0.122,-0.012,
0.042,0.056,0.085,-0.037,
0.066,0.078,0.121,0,
0.069,0.061,0.122,0,
0.066,0.074,0.101,0,
0.042,0.05,0.08,0,
0.031,0.032,0.069,-0.014,
0.053,0.065,0.104,0,
0.081,0.093,0.126,0,
0.022,0.022,0.103,-0.078,
0.046,0.051,0.071,-0.001,
0.03,0.018,0.096,-0.018,
0.041,0.052,0.081,-0.024,
0.037,0.034,0.09,0,
0.007,0.018,0.04,-0.041,
0.042,0.038,0.112,-0.007,
0.057,0.053,0.113,0,
0.076,0.088,0.114,0,
0.047,0.052,0.074,0,
-0.002,-0,0.039,-0.064,
0.04,0.048,0.08,-0.019,
0.018,0.02,0.052,-0.013,
0.038,0.041,0.066,0,
0.096,0.098,0.147,0,
0.015,0.018,0.043,-0.025,
0.045,0.054,0.078,0,
0.046,0.059,0.072,0,
0.029,0.033,0.092,-0.023,
0.038,0.041,0.065,-0.001,
0.049,0.047,0.095,0,
0.016,0.019,0.034,-0.012,
0.02,0.018,0.044,-0.014,
0.053,0.057,0.079,0,
-0.006,-0.005,0.023,-0.039,
0.033,0.037,0.061,-0.008,
0.036,0.032,0.108,-0.027,
0.026,0.025,0.082,-0.041,
0.03,0.035,0.047,-0.001,
0.012,0.015,0.05,-0.031,
0.03,0.016,0.092,0,
0.038,0.04,0.095,0,
0.035,0.038,0.07,0,
0.041,0.047,0.078,-0.016,
0.051,0.058,0.104,0,
0.035,0.034,0.063,0,
0.06,0.057,0.115,0,
0.036,0.036,0.094,-0.033,
0.042,0.035,0.115,-0.037,
0.041,0.039,0.101,-0.022,
0.023,0.019,0.069,0,
0.001,0.005,0.028,-0.033,
0.04,0.042,0.115,-0.018,
0.069,0.091,0.123,0,
0.001,0.001,0.04,-0.058,
0.026,0.03,0.065,-0.023,
0.05,0.054,0.09,0,
0.037,0.022,0.104,-0.018,
0.035,0.033,0.1,-0.005,
0.025,0.028,0.068,-0.036,
0.003,0.003,0.079,-0.104,
0.037,0.038,0.094,-0.041,
0.03,0.033,0.074,-0.022,
0.004,0.011,0.039,-0.048,
0.066,0.067,0.12,0,
0.036,0.03,0.115,-0.031,
0.058,0.07,0.127,-0.007,
0.023,0.026,0.044,0,
0.033,0.034,0.079,-0.031,
0.023,0.022,0.071,-0.005,
0.047,0.053,0.101,0,
0.037,0.045,0.07,-0.012,
0.086,0.093,0.133,0,
0.056,0.056,0.105,0,
0.05,0.067,0.084,-0.001,
0.075,0.091,0.133,-0.028,
0.033,0.029,0.09,-0.014,
0.052,0.065,0.079,0,
0.012,0.006,0.06,-0.054,
0.037,0.048,0.105,-0.042,
0.045,0.074,0.101,-0.028,
-0.01,-0.02,0.069,-0.062,
0.052,0.047,0.108,0,
0.025,0.025,0.054,-0.006,
0.033,0.036,0.062,-0.013,
0.034,0.022,0.082,0,
0.026,0.029,0.055,0,
0.047,0.054,0.109,-0.017,
0.019,0.02,0.072,-0.07,
0.036,0.016,0.121,0,
0.02,0.006,0.097,-0.071,
0.025,0.021,0.075,-0.031,
-0.005,-0.022,0.093,-0.046,
0.004,0.011,0.033,-0.042,
0.048,0.054,0.071,0,
0.033,0.033,0.099,-0.035,
0.027,0.016,0.117,-0.049,
0.042,0.052,0.073,-0.004,
0.028,0.025,0.069,-0.008,
0.031,0.024,0.057,0,
0.059,0.063,0.098,0,
0.098,0.092,0.165,0,
0.05,0.053,0.096,0,
0.061,0.065,0.122,0,
0.084,0.098,0.151,0,
0.079,0.091,0.142,-0.017,
0.034,0.032,0.078,0,
0.033,0.043,0.07,-0.01,
0.042,0.05,0.109,-0.025,
0.026,0.02,0.092,-0.018,
0.01,0.009,0.044,-0.017,
0.045,0.061,0.075,-0.028,
0.008,0.011,0.021,-0.006,
0.05,0.046,0.11,0,
0.025,0.022,0.101,-0.072,
0.044,0.042,0.095,0,
0.067,0.087,0.118,-0.002,
0.05,0.061,0.106,-0.015,
0.032,0.04,0.068,-0.001,
0.03,0.008,0.093,0,
0.043,0.05,0.081,0,
0.043,0.03,0.094,0,
0.047,0.057,0.118,-0.009,
0.04,0.046,0.056,0,
0.041,0.041,0.076,0,
0.029,0.028,0.082,-0.02,
0.025,0.026,0.048,0,
0.009,0.004,0.075,-0.049,
0.022,0.024,0.04,-0.007,
0.061,0.074,0.104,0,
0.026,0.039,0.081,-0.034,
0.068,0.082,0.112,-0.003,
0.044,0.043,0.061,0,
0.078,0.091,0.155,-0.014,
0.041,0.049,0.106,-0.033,
0.017,0.015,0.084,-0.061,
0.01,-0.004,0.089,-0.032,
0.046,0.062,0.082,0,
0.02,0.024,0.052,-0.023,
0.064,0.056,0.126,0,
0.085,0.083,0.144,0,
0.07,0.075,0.138,-0.005,
0.044,0.051,0.09,0,
0.021,0.029,0.04,-0.021,
0.066,0.075,0.101,0,
0.047,0.03,0.099,-0.002,
0.05,0.055,0.087,0,
0.033,0.03,0.105,-0.052,
0.037,0.034,0.072,0,
0.063,0.068,0.097,0,
0.071,0.076,0.124,-0.014,
0.025,0.014,0.08,-0.001,
0.052,0.049,0.098,0,
0.032,0.017,0.072,-0.003,
0.032,0.035,0.055,0,
0.055,0.057,0.121,0,
0.046,0.05,0.154,-0.084,
0.031,0.034,0.089,-0.02,
0.03,0.026,0.092,-0.034,
0.011,0.012,0.054,-0.042,
0.04,0.041,0.107,-0.022,
0.062,0.072,0.126,0,
0.059,0.072,0.101,-0.02,
0.108,0.14,0.165,-0.029,
0.034,0.03,0.083,-0.014,
-0.012,-0.006,0.01,-0.052,
0.01,0.009,0.073,-0.029,
0.075,0.074,0.127,0,
0.069,0.072,0.109,0,
0.014,0.005,0.096,-0.018,
0.06,0.058,0.149,-0.076,
0.041,0.035,0.102,-0.006,
0.076,0.092,0.147,-0.008,
0.025,0.029,0.096,-0.037,
0.031,0.034,0.049,0,
0.053,0.056,0.08,0,
0.043,0.044,0.092,0,
0.026,0.028,0.064,-0.031,
0.033,0.033,0.074,-0.001,
0.102,0.118,0.154,0,
0.042,0.045,0.077,-0.002,
0.026,0.025,0.058,0,
0.038,0.043,0.08,-0.005,
0.047,0.048,0.096,0,
0.047,0.05,0.079,0,
0.058,0.061,0.1,0,
0.015,0.007,0.119,-0.072,
0.035,0.045,0.065,0,
-0.003,-0.004,0.032,-0.039,
0.04,0.028,0.11,-0.03,
0.017,0.005,0.055,-0.012,
0.053,0.054,0.094,0,
0.01,0.015,0.047,-0.024,
0.04,0.041,0.073,0,
0.041,0.029,0.116,-0.001,
0.064,0.069,0.133,0,
0.049,0.056,0.116,-0.003,
0.047,0.042,0.097,0,
0.022,0.02,0.066,-0.014,
0.054,0.056,0.084,0,
0.041,0.045,0.126,-0.021,
0.035,0.035,0.055,0,
0.057,0.072,0.096,-0.021,
0.054,0.058,0.102,-0.022,
-0.008,0.004,0.011,-0.054,
0.032,0.033,0.075,0,
0.031,0.037,0.046,0,
0.026,0.029,0.043,0,
0.059,0.065,0.094,0,
0.022,0.023,0.062,0,
0.054,0.061,0.078,0,
0.047,0.058,0.087,0,
0.009,0.006,0.032,-0.013,
0.062,0.069,0.106,0,
0.032,0.034,0.083,-0.023,
0.035,0.02,0.091,0,
0.045,0.042,0.113,0,
0.047,0.048,0.123,-0.067,
0.032,0.036,0.081,-0.031,
0.053,0.06,0.095,0,
0.018,0.018,0.056,-0.025,
0.017,0.015,0.079,-0.057,
0.029,0.028,0.077,-0.035,
0.035,0.035,0.078,0,
0.024,0.03,0.059,-0.022,
0.022,0.026,0.061,-0.023,
0.095,0.103,0.158,0,
0.037,0.038,0.064,0,
0.029,0.033,0.077,-0.032,
0.038,0.042,0.078,-0.02,
0.041,0.061,0.13,-0.1,
0.03,0.026,0.068,-0.014,
0.021,0.004,0.117,-0.041,
0.024,0.026,0.062,-0.009,
0.056,0.059,0.101,0,
0.026,0.021,0.064,0,
0.047,0.051,0.082,0,
-0.009,-0.004,0.024,-0.058,
0.056,0.05,0.129,0,
0.025,0.029,0.059,-0.016,
0.051,0.058,0.09,0,
0.031,0.021,0.136,-0.049,
0.056,0.044,0.163,-0.014,
0.013,0.009,0.043,-0.005,
0.067,0.08,0.116,0,
0.023,0.029,0.049,-0.001,
0.048,0.056,0.113,-0.043,
0.072,0.092,0.132,-0.047,
0.022,0.02,0.052,0,
0.032,0.043,0.08,-0.043,
0.002,0.005,0.061,-0.087,
0.036,0.03,0.096,-0.026,
0.015,0.019,0.049,-0.045,
0.053,0.058,0.08,0,
0.043,0.048,0.083,-0.016,
0.038,0.038,0.088,-0.006,
0.003,-0.011,0.116,-0.077,
0.052,0.065,0.083,0,
0.046,0.048,0.094,-0.006,
0.051,0.049,0.111,-0.004,
0.037,0.034,0.089,0,
0.015,0.014,0.069,-0.025,
0.03,0.041,0.054,0,
0.099,0.105,0.172,0,
0.034,0.029,0.111,-0.002,
0.015,0.016,0.041,-0.02,
0.074,0.078,0.132,0,
0.04,0.038,0.085,-0.001,
0.03,0.037,0.08,-0.024,
-0.005,0.001,0.055,-0.072,
0.057,0.059,0.087,0,
0.043,0.051,0.111,-0.027,
0.059,0.064,0.109,0,
0.015,0.007,0.049,-0.018,
0.03,0.032,0.051,0,
0.045,0.051,0.082,-0.002,
0.046,0.04,0.105,-0.002,
0.025,0.021,0.072,-0.033,
0.058,0.069,0.092,0,
0.053,0.056,0.103,0,
0.037,0.037,0.086,-0.022,
0.052,0.061,0.086,0,
0.081,0.083,0.146,-0.011,
0.024,0.008,0.063,-0.001,
0.078,0.084,0.119,0,
0.043,0.037,0.11,0,
0.052,0.052,0.092,0,
0.029,0.02,0.075,-0.013,
0.027,0.023,0.089,-0.014,
0.047,0.048,0.075,0,
0.013,0.026,0.032,-0.032,
0.066,0.07,0.136,-0.019,
0.04,0.044,0.075,-0.003,
0.055,0.057,0.104,-0.002,
0.042,0.046,0.101,-0.016,
0.037,0.035,0.082,0,
0.024,0.033,0.044,-0.018,
0.028,0.034,0.079,-0.005,
0.03,0.027,0.087,-0.029,
0.015,0.009,0.077,-0.014,
0.026,0.014,0.08,0,
0.072,0.075,0.137,-0.031,
0.045,0.033,0.129,0,
0.064,0.06,0.116,0,
0.056,0.047,0.107,0,
0.028,0.026,0.069,0,
0.055,0.051,0.106,0,
0.065,0.073,0.121,-0.002,
0.034,0.042,0.074,-0.008,
0.053,0.04,0.139,-0.029,
0.034,0.029,0.08,0,
0.047,0.069,0.072,-0.027,
0.014,0.014,0.043,-0.024,
0.007,0.002,0.057,-0.036,
0.075,0.081,0.158,0,
0.003,0.004,0.042,-0.032,
0.016,0.006,0.106,-0.053,
0.011,0.009,0.056,-0.047,
0.041,0.046,0.088,-0.037,
0.039,0.039,0.094,-0.017,
0.049,0.052,0.098,0,
0.045,0.043,0.105,-0.006,
0.084,0.084,0.141,0,
0.015,0.019,0.045,-0.033,
0.069,0.083,0.102,0,
0.01,0.013,0.043,-0.016,
0.009,0.002,0.058,-0.007,
0.004,0.014,0.083,-0.14,
0.038,0.024,0.083,-0.003,
0.074,0.09,0.12,0,
0.034,0.041,0.072,-0.037,
0.051,0.034,0.117,0,
0.067,0.082,0.11,-0.033,
0.052,0.058,0.106,0,
0.07,0.077,0.136,0,
0.092,0.1,0.166,0,
0.059,0.073,0.119,0,
0.027,0.021,0.072,-0.002,
0.007,0.004,0.051,-0.031,
0.04,0.037,0.119,-0.004,
0.04,0.034,0.096,0,
0.027,0.036,0.091,-0.025,
0.048,0.065,0.087,-0.022,
0.019,0.018,0.057,-0.041,
0.061,0.053,0.125,0,
0.05,0.045,0.09,0,
0.054,0.06,0.084,0,
0.05,0.054,0.073,0,
0.048,0.066,0.088,-0.039,
0.025,0.03,0.089,-0.026,
0.038,0.05,0.105,-0.024,
0.033,0.021,0.093,-0.008,
0.047,0.046,0.078,0,
0.039,0.039,0.083,0,
0.065,0.075,0.137,0,
0.028,0.022,0.091,-0.011,
0.042,0.04,0.09,0,
0.057,0.066,0.1,0,
0.084,0.088,0.144,0,
0.022,0.021,0.08,-0.011,
0.048,0.045,0.081,0,
0.045,0.046,0.084,0,
0.024,0.024,0.046,-0.001,
0.041,0.05,0.078,-0.005,
0.05,0.052,0.101,-0.019,
0.021,0.031,0.069,-0.066,
0.041,0.04,0.087,0,
0.054,0.058,0.097,-0.004,
0.051,0.068,0.082,0,
0.054,0.064,0.132,-0.023,
0.057,0.07,0.078,0,
0.035,0.033,0.092,-0.023,
0.039,0.04,0.086,-0.002,
0.028,0.036,0.069,-0.027,
0.031,0.033,0.068,-0.032,
0.052,0.073,0.089,-0.046,
0.036,0.031,0.083,-0.002,
0.015,0.004,0.069,-0.024,
0.04,0.035,0.08,-0.001,
0.049,0.05,0.08,0,
0.038,0.042,0.052,0,
-0.015,-0.013,0.01,-0.043,
0.03,0.035,0.075,-0.028,
0.04,0.03,0.1,0,
0.018,0.023,0.057,-0.021,
0.037,0.052,0.089,-0.036,
0.026,0.026,0.046,0,
0.022,0.024,0.078,-0.04,
0.048,0.058,0.116,-0.025,
0.065,0.077,0.109,0,
-0.023,-0.013,0.017,-0.068,
0.054,0.059,0.091,0,
0.092,0.105,0.146,0,
0.055,0.056,0.096,0,
0.037,0.053,0.09,-0.047,
0.023,0.028,0.079,-0.015,
0.015,0.004,0.068,-0.033,
0.029,0.038,0.074,-0.053,
0.041,0.043,0.063,0,
0.025,0.032,0.076,-0.035,
0.042,0.058,0.085,-0.011,
0.068,0.09,0.122,-0.023,
0.011,0.017,0.108,-0.062,
0.016,0.018,0.06,-0.052,
0.015,0.01,0.042,-0.006,
0.018,0.025,0.092,-0.079,
0.03,0.033,0.069,-0.031,
0.071,0.079,0.115,0,
0.023,0.024,0.092,-0.044,
0.054,0.056,0.103,0,
0.011,0.005,0.063,-0.045,
-0.001,0.005,0.021,-0.04,
0.001,0,0.069,-0.047,
0.053,0.049,0.123,0,
0.093,0.101,0.128,0,
0.009,0.007,0.055,-0.035,
-0.015,-0.003,0.014,-0.068,
0.017,0.013,0.069,-0.024,
0.048,0.062,0.084,0,
-0.003,-0.001,0.037,-0.039,
0.032,0.03,0.07,-0.007,
0.041,0.043,0.128,-0.053,
0.062,0.089,0.122,-0.033,
0.029,0.005,0.107,-0.028,
0.016,0.011,0.055,-0.012,
0.04,0.04,0.106,-0.026,
0.078,0.082,0.13,0,
0.058,0.072,0.096,0,
0.016,0.013,0.078,-0.045,
0.042,0.051,0.093,0,
0.024,0.018,0.096,-0.065,
0.034,0.036,0.056,0,
0.053,0.055,0.104,0,
0.073,0.084,0.115,0,
0.013,0.007,0.061,-0.006,
0.08,0.082,0.117,0,
0.049,0.051,0.087,0,
0.058,0.066,0.085,0,
0.027,0.019,0.079,-0.009,
0.046,0.058,0.11,-0.057,
0.017,0,0.063,-0.013,
0.035,0.009,0.104,-0.015,
0.044,0.053,0.11,-0.052,
0.055,0.062,0.112,-0.013,
0.03,0.023,0.069,0,
0.043,0.037,0.075,0,
0.007,0.006,0.052,-0.038,
0.028,0.024,0.095,-0.025,
0.014,0.014,0.095,-0.043,
0.027,0.021,0.079,-0.023,
0.029,0.034,0.055,-0.006,
0.058,0.061,0.111,0,
0.026,0.03,0.092,-0.059,
0.043,0.037,0.083,0,
0.067,0.087,0.123,-0.002,
0.013,0.007,0.075,-0.022,
0.03,0.036,0.063,-0.019,
0.041,0.036,0.122,-0.036,
0.029,0.033,0.07,-0.019,
0.067,0.073,0.092,0,
0.066,0.039,0.188,0,
0.081,0.082,0.139,0,
0.01,0.01,0.053,-0.041,
0.048,0.047,0.078,0,
0.055,0.064,0.072,0,
0.052,0.072,0.099,-0.049,
0.07,0.073,0.124,0,
0.052,0.034,0.112,0,
0.018,0.024,0.047,-0.026,
0.042,0.05,0.086,-0.036,
0.046,0.051,0.118,0,
0.007,0.009,0.038,-0.071,
0.029,0.034,0.049,0,
0.043,0.059,0.089,-0.051,
0.06,0.057,0.113,0,
0.021,0.019,0.074,-0.015,
0.027,0.02,0.081,-0.009,
0.029,0.026,0.074,-0.009,
0.007,0.015,0.042,-0.058,
0.064,0.062,0.112,0,
0.04,0.046,0.076,-0.001,
0.02,0.026,0.041,-0.015,
0.051,0.053,0.099,0,
0.048,0.054,0.08,0,
0.11,0.126,0.175,0,
0.04,0.046,0.07,0,
0.103,0.105,0.194,0,
0.034,0.034,0.111,-0.037,
0.031,0.029,0.117,-0.031,
0.058,0.073,0.104,-0.002,
0.028,0.027,0.089,-0.043,
0.039,0.043,0.084,-0.002,
0.051,0.063,0.091,0,
0.067,0.084,0.103,0,
0.021,0.028,0.036,-0.004,
0.038,0.038,0.095,-0.002,
0.056,0.056,0.114,0,
0.076,0.093,0.108,0,
0.049,0.041,0.103,0,
0.017,0.024,0.036,-0.011,
0.041,0.041,0.082,0,
0.06,0.061,0.109,0,
0.051,0.037,0.122,0,
0.027,0.026,0.053,0,
0.01,-0.001,0.052,-0.03,
0.033,0.035,0.082,-0.041,
0.04,0.037,0.161,-0.025,
0.054,0.073,0.078,0,
0.058,0.057,0.089,0,
0.051,0.044,0.123,-0.005,
0.022,0.019,0.068,-0.023,
0.043,0.038,0.106,-0.027,
0.074,0.083,0.125,0,
0.03,0.032,0.045,0,
0.048,0.059,0.081,0,
0.001,0.015,0.016,-0.05,
0.051,0.051,0.112,-0.01,
0.027,0.033,0.082,-0.043,
0.069,0.072,0.116,0,
0.035,0.039,0.106,-0.041,
0.041,0.045,0.114,-0.009,
0.078,0.085,0.123,0,
0.003,0.003,0.019,-0.016,
0.033,0.024,0.061,0,
0.024,0.026,0.074,-0.032,
0.068,0.067,0.166,-0.001,
0.08,0.095,0.116,0,
0.029,0.03,0.068,0,
0.058,0.059,0.086,0,
0.084,0.091,0.134,0,
0.022,0.018,0.061,-0.035,
0.019,0.01,0.121,-0.07,
0.032,0.034,0.072,-0.019,
0.005,-0.005,0.058,-0.024,
0.052,0.064,0.078,-0.005,
0.032,0.032,0.104,-0.036,
0.039,0.033,0.093,0,
0.075,0.084,0.144,0,
0.076,0.098,0.12,0,
0.042,0.036,0.141,-0.043,
0.04,0.05,0.063,0,
0.003,0.004,0.015,-0.017,
0.05,0.059,0.108,-0.006,
0.043,0.051,0.107,-0.046,
0.067,0.067,0.104,0,
0.019,0.021,0.037,0,
0.061,0.068,0.13,0,
0.064,0.063,0.097,0,
0.026,0.009,0.093,-0.023,
0.074,0.074,0.135,-0.002,
0.029,0.032,0.071,-0.022,
0.017,0.005,0.074,-0.01,
0.049,0.067,0.137,-0.033,
0.063,0.066,0.098,0,
0.045,0.053,0.088,-0.015,
0.003,0.004,0.026,-0.021,
0.032,0.025,0.102,-0.024,
0.051,0.064,0.108,-0.019,
0.03,0.024,0.075,-0.021,
0.058,0.037,0.17,0,
0.018,0.019,0.044,-0.017,
0.028,0.025,0.085,-0.03,
0.017,0.02,0.044,-0.017,
0.046,0.04,0.1,0,
0.072,0.09,0.124,0,
0.063,0.071,0.108,0,
0.028,0.03,0.062,-0.02,
0.006,0.007,0.035,-0.038,
-0.008,-0.015,0.026,-0.031,
0.054,0.053,0.118,0,
0.032,0.042,0.107,-0.063,
0.038,0.032,0.111,0,
0.017,0.007,0.076,0,
0.065,0.066,0.116,0,
0.088,0.1,0.115,0,
0.028,0.029,0.083,-0.023,
0.105,0.114,0.141,0,
0.075,0.075,0.153,0,
0.06,0.077,0.112,-0.024,
0.035,0.047,0.084,-0.032,
0.014,0.014,0.031,0,
0.058,0.057,0.117,0,
0.036,0.04,0.062,0,
0.028,0.011,0.128,-0.05,
0.055,0.073,0.103,-0.026,
0.037,0.044,0.058,-0.002,
0.038,0.041,0.077,-0.016,
0.027,0.011,0.096,-0.031,
0.034,0.04,0.048,0,
0.044,0.053,0.077,0,
0.05,0.057,0.108,-0.006,
0.09,0.1,0.143,0,
0.026,0.029,0.058,-0.014,
0.054,0.057,0.085,0,
0.016,0.011,0.039,-0.001,
0.108,0.13,0.195,0,
0.033,0.029,0.06,0,
0.04,0.041,0.081,0,
0.046,0.051,0.077,0,
0.033,0.038,0.07,-0.007,
0.043,0.045,0.127,0,
0.078,0.086,0.129,0,
0.017,0.009,0.072,-0.016,
0,-0.003,0.043,-0.028,
0.051,0.065,0.102,-0.02,
0.066,0.079,0.117,0,
0.05,0.046,0.088,0,
0.054,0.059,0.086,0,
0.003,0.006,0.016,-0.015,
-0.004,0.001,0.03,-0.065,
0.027,0.029,0.083,-0.021,
0.013,0.014,0.036,-0.036,
0.071,0.082,0.1,0,
0.043,0.052,0.098,0,
0.029,0.028,0.077,-0.007,
0.027,0.032,0.097,-0.052,
0.048,0.057,0.106,0,
0.046,0.034,0.13,-0.009,
0.043,0.042,0.111,-0.006,
0.042,0.062,0.086,-0.017,
0.064,0.083,0.1,0,
0.071,0.065,0.168,0,
0.034,0.033,0.081,0,
0.076,0.088,0.145,0,
0.041,0.042,0.091,-0.005,
0.041,0.041,0.068,0,
0.071,0.061,0.133,0,
0.063,0.067,0.111,0,
0.035,0.036,0.082,-0.002,
0.019,0.021,0.043,-0.011,
0.035,0.036,0.102,-0.024,
0.065,0.073,0.143,0,
0.068,0.072,0.127,0,
0.047,0.037,0.114,-0.036,
0.053,0.055,0.098,-0.008,
0.06,0.057,0.123,0,
0.042,0.044,0.092,-0.019,
0.059,0.066,0.108,0,
0,0.001,0.011,-0.023,
0.063,0.075,0.114,0,
0.033,0.028,0.079,-0.013,
0.055,0.034,0.139,0,
0.078,0.1,0.153,-0.001,
0.018,0.011,0.121,-0.063,
0.041,0.044,0.067,0,
0.028,0.019,0.07,0,
0.033,0.027,0.069,0,
0.032,0.032,0.06,0,
0.046,0.049,0.085,0,
0.061,0.053,0.114,0,
0.083,0.085,0.143,0,
0.045,0.059,0.113,-0.038,
0.021,0.014,0.085,-0.051,
0.053,0.056,0.113,0,
0.046,0.037,0.133,0,
0.043,0.042,0.09,-0.001,
0.069,0.073,0.126,0,
0.069,0.087,0.1,-0.015,
0.043,0.047,0.065,0,
0.066,0.07,0.104,0,
0.04,0.036,0.085,0,
0.048,0.041,0.107,-0.004,
0.082,0.099,0.152,0,
0.063,0.068,0.115,0,
0.014,0.007,0.033,0,
0.042,0.046,0.072,0,
0.032,0.019,0.101,-0.031,
0.036,0.043,0.071,-0.034,
0.064,0.05,0.145,-0.036,
0.042,0.036,0.117,-0.009,
0.036,0.02,0.125,-0.026,
0.071,0.084,0.114,0,
0.032,0.028,0.073,0,
0.03,0.029,0.096,-0.046,
0.049,0.067,0.081,-0.033,
0.012,0.011,0.037,-0.031,
0.012,0.005,0.089,-0.06,
0.001,0.005,0.016,-0.031,
-0.015,0.004,0.014,-0.075,
0.027,0.025,0.071,-0.016,
0.023,0.021,0.079,-0.033,
0.015,0.017,0.058,-0.027,
0.045,0.049,0.073,0,
0.082,0.091,0.143,0,
0.029,0.028,0.087,0,
0.045,0.055,0.083,-0.002,
0.055,0.068,0.094,-0.044,
0.07,0.083,0.134,-0.011,
0.077,0.084,0.123,0,
0.015,0.018,0.043,-0.021,
0.037,0.041,0.071,0,
0.023,0.024,0.061,-0.038,
0.04,0.011,0.093,0,
0.02,0.01,0.082,-0.04,
0.066,0.072,0.112,0,
0.027,0.025,0.069,0,
0.049,0.047,0.109,0,
0.025,0.025,0.099,-0.027,
0.02,0.029,0.062,-0.022,
0.028,0.033,0.048,0,
0.045,0.049,0.068,0,
0.054,0.087,0.092,-0.021,
0.021,0.019,0.064,-0.002,
0.009,0.008,0.034,-0.019,
0.032,0.042,0.078,-0.036,
0.041,0.035,0.122,-0.015,
0.04,0.044,0.083,-0.002,
0.097,0.122,0.133,0,
0.014,0.007,0.057,-0.01,
0.024,0.032,0.043,-0.006,
0.001,0,0.026,-0.021,
0.043,0.048,0.087,-0.005,
0.005,0.005,0.055,-0.07,
0.046,0.051,0.085,0,
0.037,0.027,0.093,0,
0.043,0.044,0.079,0,
0.061,0.073,0.095,0,
0.09,0.116,0.136,0,
0.008,0.011,0.027,-0.025,
0.08,0.081,0.177,-0.013,
0.017,0.015,0.058,-0.015,
0.05,0.056,0.108,-0.01,
0.057,0.071,0.102,0,
0.036,0.038,0.056,0,
0.033,0.029,0.07,0,
0.064,0.06,0.125,0,
0.017,0.009,0.057,-0.021,
0.08,0.085,0.14,-0.001,
0.042,0.048,0.098,-0.021,
0.055,0.051,0.102,0,
0.054,0.053,0.115,-0.047,
0.028,0.035,0.081,-0.038,
0.039,0.046,0.072,-0.014,
0.061,0.075,0.099,-0.029,
0.025,0.027,0.053,0,
0.017,0.013,0.054,0,
0.024,0.022,0.064,-0.014,
0.004,0,0.04,-0.017,
0.045,0.046,0.075,0,
0.058,0.052,0.109,0,
0.005,0,0.05,-0.025,
0.054,0.064,0.107,0,
-0.008,0.003,0.038,-0.055,
0.025,0.019,0.073,-0.029,
0.019,0.013,0.05,0,
0.056,0.075,0.099,0,
0.031,0.03,0.071,-0.017,
0.038,0.042,0.078,0,
0.031,0.027,0.085,-0.034,
-0.004,-0.005,0.044,-0.069,
0.071,0.075,0.132,-0.038,
0.052,0.057,0.1,-0.015,
-0.005,0.003,0.008,-0.046,
0.046,0.049,0.096,0,
0.038,0.034,0.092,0,
0.041,0.04,0.091,0,
-0.003,-0.004,0.033,-0.063,
0.056,0.064,0.145,-0.001,
0.029,0.039,0.064,-0.03,
0.034,0.038,0.089,-0.016,
0.059,0.061,0.086,0,
0.048,0.032,0.119,-0.03,
0.023,0.029,0.066,-0.054,
0.048,0.048,0.097,-0.004,
0.069,0.087,0.099,0,
0.046,0.041,0.106,0,
0.062,0.071,0.126,-0.012,
0.052,0.054,0.116,-0.004,
0.052,0.042,0.15,-0.025,
-0.004,0.004,0.112,-0.113,
0.059,0.053,0.119,0,
0.038,0.033,0.076,0,
0.023,0.014,0.117,-0.057,
0.122,0.127,0.192,0,
0.045,0.048,0.127,-0.013,
0.051,0.036,0.132,-0.007,
0.037,0.037,0.09,-0.004,
0.072,0.075,0.166,-0.02,
0.064,0.073,0.089,0,
0.023,0.035,0.086,-0.045,
0.079,0.113,0.148,0,
0.007,0.005,0.058,-0.035,
0.051,0.055,0.076,0,
0.04,0.035,0.076,0,
0.02,0.028,0.061,-0.052,
0.042,0.037,0.083,0,
0.03,0.021,0.123,-0.007,
0.057,0.051,0.134,-0.015,
0.062,0.064,0.089,0,
0.076,0.086,0.116,0,
0.048,0.046,0.125,0,
0.009,0.011,0.073,-0.052,
0.047,0.048,0.098,-0.038,
0.037,0.034,0.111,0,
0.036,0.026,0.114,-0.04,
0.05,0.049,0.109,0,
0.056,0.058,0.102,0,
0.051,0.053,0.089,0,
0.029,0.034,0.068,-0.024,
0.055,0.064,0.105,-0.018,
0.037,0.042,0.085,-0.01,
0.018,0.004,0.059,-0.008,
0.039,0.033,0.074,-0.011,
-0.005,0,0.053,-0.079,
0.017,0.018,0.095,-0.079,
-0.015,0.002,0.009,-0.058,
0.061,0.078,0.115,-0.012,
0.035,0.044,0.111,-0.078,
0.058,0.058,0.106,0,
0.037,0.035,0.092,0,
0.018,0.02,0.048,-0.021,
-0.002,-0.001,0.071,-0.087,
0.035,0.036,0.06,0,
0.074,0.095,0.111,-0.007,
0.038,0.04,0.102,-0.011,
0.038,0.053,0.088,-0.021,
0.049,0.056,0.09,0,
0.046,0.053,0.073,0,
0.029,0.019,0.118,-0.036,
0.055,0.067,0.091,0,
0.019,0.025,0.055,-0.013,
0.048,0.054,0.073,0,
0.008,0.009,0.038,-0.041,
0.058,0.071,0.149,-0.117,
0.022,0.018,0.058,-0.001,
0.056,0.051,0.136,-0.041,
0.014,0.005,0.046,-0.032,
0.035,0.04,0.063,-0.014,
0.039,0.049,0.108,-0.004,
0.053,0.039,0.153,-0.071,
0.02,0.024,0.053,-0.018,
0.046,0.054,0.08,0,
0.045,0.051,0.081,-0.008,
0.048,0.059,0.08,-0.007,
-0.001,0.002,0.037,-0.041,
0.05,0.054,0.099,0,
0.017,0.004,0.073,-0.039,
0.033,0.021,0.088,-0.026,
0.054,0.054,0.09,0,
0.056,0.04,0.183,-0.037,
0.066,0.079,0.128,-0.009,
0.026,0.023,0.066,-0.012,
0.039,0.052,0.073,-0.001,
0.078,0.084,0.117,0,
0.052,0.054,0.109,-0.012,
0.029,0.011,0.11,-0.045,
0.039,0.038,0.066,0,
0.049,0.06,0.068,0,
0.11,0.14,0.175,0,
0.073,0.084,0.096,0,
0.05,0.055,0.085,0,
0.027,0.026,0.056,0,
0.022,0.028,0.071,-0.048,
0.02,0.024,0.049,-0.008,
0.052,0.052,0.109,0,
0.032,0.022,0.094,0,
0.032,0.036,0.069,0,
0.01,0.011,0.053,-0.068,
0.036,0.034,0.085,-0.001,
0.044,0.039,0.114,-0.008,
0.038,0.04,0.092,-0.029,
0.03,0.03,0.077,-0.034,
0.011,0.004,0.071,-0.034,
0.029,0.015,0.118,-0.001,
0.006,0.003,0.027,-0.018,
0.029,0.015,0.094,-0.012,
0.036,0.029,0.083,0,
0.037,0.045,0.068,-0.002,
0.039,0.05,0.074,-0.012,
0.014,0.008,0.049,-0.02,
0.049,0.049,0.088,0,
0.049,0.071,0.1,-0.005,
0.059,0.065,0.107,0,
0.019,0.018,0.046,-0.007,
0.054,0.079,0.097,-0.016,
0.029,0.026,0.066,-0.01,
0.015,0.014,0.043,-0.019,
0.044,0.056,0.084,-0.016,
0.038,0.045,0.065,0,
0.046,0.042,0.113,0,
0.043,0.066,0.077,-0.024,
0.038,0.036,0.106,-0.017,
0.022,0.014,0.102,-0.045,
0.058,0.062,0.108,-0.009,
0.033,0.029,0.059,0,
0.065,0.082,0.11,-0.027,
0.065,0.061,0.14,0,
0.065,0.085,0.091,-0.007,
0.053,0.054,0.108,-0.008,
0.086,0.081,0.172,0,
0.036,0.028,0.094,-0.01,
0.016,0.024,0.029,-0.024,
0.052,0.059,0.073,0,
0.001,0.003,0.044,-0.047,
0.041,0.042,0.121,-0.021,
0.029,0.023,0.077,-0.02,
0.057,0.049,0.112,-0.024,
0.077,0.076,0.167,-0.018,
0.053,0.054,0.118,0,
0.019,0.012,0.05,-0.002,
0.012,0,0.049,-0.029,
0.045,0.046,0.083,0,
0.037,0.028,0.103,0,
0.017,0.024,0.048,-0.02,
0.03,0.034,0.071,-0.004,
0.045,0.048,0.113,-0.013,
0.043,0.041,0.094,0,
0.035,0.037,0.077,-0.007,
0.036,0.033,0.07,0,
0.029,0.026,0.144,-0.081,
0.218,0.246,0.297,0,
0.208,0.222,0.278,0,
0.238,0.272,0.334,0,
0.215,0.272,0.315,0,
0.23,0.26,0.321,0,
0.221,0.248,0.347,0,
0.199,0.227,0.288,0,
0.226,0.262,0.334,0,
0.179,0.202,0.228,0,
0.216,0.24,0.305,0,
0.228,0.265,0.346,0,
0.261,0.283,0.323,0,
0.216,0.252,0.335,0,
0.251,0.289,0.359,0,
0.227,0.258,0.312,0,
0.195,0.23,0.298,0,
0.194,0.191,0.296,0,
0.226,0.231,0.315,0,
0.233,0.249,0.34,0,
0.251,0.283,0.348,0,
0.241,0.245,0.358,0,
0.22,0.25,0.301,0,
0.223,0.231,0.325,0,
0.217,0.246,0.322,0,
0.209,0.225,0.325,0,
0.237,0.271,0.323,0,
0.223,0.255,0.3,0,
0.198,0.217,0.275,0,
0.273,0.301,0.367,0,
0.213,0.237,0.284,0,
0.213,0.237,0.309,0,
0.185,0.213,0.27,0,
0.134,0.123,0.219,0,
0.161,0.171,0.227,0,
0.246,0.282,0.343,0,
0.195,0.224,0.271,0,
0.211,0.227,0.318,0,
0.201,0.217,0.283,0,
0.183,0.208,0.26,0,
0.247,0.269,0.364,0,
0.173,0.177,0.312,0,
0.191,0.201,0.274,0,
0.183,0.179,0.326,0,
0.176,0.197,0.273,0,
0.279,0.304,0.393,0,
0.174,0.196,0.259,0,
0.246,0.268,0.33,0,
0.196,0.233,0.291,0,
0.206,0.22,0.306,0,
0.18,0.198,0.291,0,
0.205,0.244,0.3,0,
0.248,0.261,0.35,0,
0.177,0.195,0.267,0,
0.184,0.189,0.328,0,
0.192,0.21,0.266,0,
0.222,0.231,0.32,0,
0.207,0.236,0.299,0,
0.206,0.217,0.309,0,
0.259,0.312,0.337,0,
0.167,0.158,0.278,0,
0.224,0.256,0.302,0,
0.137,0.146,0.235,0,
0.206,0.218,0.309,0,
0.245,0.279,0.357,0,
0.198,0.203,0.281,0,
0.223,0.274,0.301,0,
0.229,0.24,0.33,0,
0.188,0.218,0.288,0,
0.181,0.189,0.269,0,
0.132,0.147,0.206,0,
0.21,0.257,0.275,0,
0.2,0.205,0.304,0,
0.204,0.227,0.309,0,
0.185,0.206,0.268,0,
0.244,0.277,0.333,0,
0.156,0.174,0.212,0,
0.211,0.226,0.315,0,
0.176,0.193,0.297,0,
0.186,0.214,0.268,0,
0.211,0.24,0.339,0,
0.197,0.222,0.265,0,
0.263,0.297,0.375,0,
0.235,0.243,0.317,0,
0.216,0.235,0.299,0,
0.258,0.296,0.349,0,
0.208,0.233,0.297,0,
0.204,0.24,0.297,0,
0.191,0.216,0.338,0,
0.236,0.267,0.306,0,
0.187,0.198,0.308,0,
0.203,0.234,0.311,0,
0.159,0.164,0.241,0,
0.203,0.22,0.339,0,
0.217,0.244,0.343,0,
0.194,0.213,0.277,0,
0.235,0.279,0.311,0,
0.258,0.297,0.364,0,
0.197,0.212,0.295,0,
0.225,0.253,0.351,0,
0.155,0.189,0.286,0,
0.252,0.285,0.342,0,
0.198,0.196,0.29,0,
0.216,0.24,0.281,0,
0.197,0.228,0.256,0,
0.21,0.22,0.385,0,
0.234,0.253,0.368,0,
0.218,0.252,0.292,0,
0.231,0.245,0.312,0,
0.209,0.228,0.306,0,
0.224,0.242,0.311,0,
0.164,0.17,0.286,0,
0.199,0.234,0.285,0,
0.216,0.251,0.335,0,
0.19,0.205,0.257,0,
0.225,0.257,0.335,0,
0.223,0.24,0.306,0,
0.195,0.21,0.279,0,
0.195,0.195,0.342,0,
0.193,0.208,0.293,0,
0.192,0.231,0.273,0,
0.221,0.247,0.291,0,
0.219,0.252,0.307,0,
0.188,0.176,0.306,0,
0.214,0.219,0.302,0,
0.22,0.232,0.315,0,
0.211,0.234,0.318,0,
0.235,0.259,0.335,0,
0.116,0.105,0.255,0,
0.247,0.296,0.342,0,
0.236,0.248,0.385,0,
0.206,0.206,0.291,0,
0.189,0.218,0.333,0,
0.247,0.3,0.339,0,
0.23,0.261,0.322,0,
0.227,0.244,0.328,0,
0.228,0.267,0.317,0,
0.217,0.236,0.33,0,
0.172,0.187,0.246,0,
0.206,0.239,0.291,0,
0.229,0.27,0.327,0,
0.29,0.329,0.391,0,
0.237,0.263,0.34,0,
0.209,0.236,0.273,0,
0.245,0.279,0.357,0,
0.145,0.163,0.209,0,
0.242,0.255,0.345,0,
0.19,0.211,0.297,0,
0.19,0.205,0.26,0,
0.207,0.223,0.306,0,
0.227,0.242,0.31,0,
0.188,0.22,0.276,0,
0.213,0.23,0.304,0,
0.235,0.297,0.304,0,
0.201,0.21,0.312,0,
0.155,0.164,0.264,0,
0.164,0.172,0.272,0,
0.278,0.288,0.397,0,
0.214,0.229,0.34,0,
0.239,0.255,0.352,0,
0.209,0.243,0.309,0,
0.192,0.201,0.27,0,
0.224,0.227,0.342,0,
0.183,0.216,0.245,0,
0.237,0.286,0.343,0,
0.157,0.157,0.259,0,
0.221,0.24,0.295,0,
0.253,0.296,0.344,0,
0.151,0.148,0.262,0,
0.173,0.189,0.294,0,
0.226,0.242,0.311,0,
0.238,0.249,0.312,0,
0.176,0.214,0.272,0,
0.163,0.162,0.298,0,
0.195,0.203,0.28,0,
0.218,0.228,0.349,0,
0.264,0.279,0.38,0,
0.205,0.21,0.303,0,
0.161,0.178,0.254,0,
0.174,0.21,0.272,0,
0.187,0.223,0.273,0,
0.232,0.256,0.328,0,
0.146,0.134,0.266,0,
0.229,0.25,0.322,0,
0.206,0.224,0.297,0,
0.218,0.247,0.336,0,
0.122,0.131,0.201,0,
0.223,0.251,0.311,0,
0.205,0.239,0.285,0,
0.165,0.178,0.263,0,
0.242,0.287,0.357,0,
0.226,0.269,0.313,0,
0.251,0.261,0.343,0,
0.22,0.239,0.341,0,
0.143,0.157,0.213,0,
0.154,0.165,0.278,0,
0.222,0.258,0.33,0,
0.146,0.154,0.229,0,
0.219,0.252,0.311,0,
0.167,0.185,0.255,0,
0.192,0.226,0.307,0,
0.171,0.195,0.301,0,
0.231,0.265,0.324,0,
0.214,0.237,0.282,0,
0.207,0.226,0.275,0,
0.165,0.166,0.23,0,
0.199,0.228,0.264,0,
0.222,0.252,0.314,0,
0.243,0.294,0.336,0,
0.181,0.217,0.253,0,
0.19,0.208,0.264,0,
0.208,0.236,0.294,0,
0.258,0.302,0.349,0,
0.176,0.193,0.276,0,
0.174,0.188,0.286,0,
0.261,0.31,0.338,0,
0.223,0.225,0.353,0,
0.194,0.197,0.289,0,
0.181,0.192,0.29,0,
0.182,0.204,0.286,0,
0.168,0.198,0.253,0,
0.277,0.307,0.363,0,
0.192,0.201,0.279,0,
0.237,0.269,0.349,0,
0.109,0.119,0.175,0,
0.211,0.232,0.255,0,
0.21,0.242,0.312,0,
0.174,0.199,0.302,0,
0.241,0.256,0.321,0,
0.139,0.156,0.212,0,
0.202,0.231,0.26,0,
0.229,0.241,0.344,0,
0.234,0.26,0.305,0,
0.262,0.303,0.39,0,
0.158,0.184,0.273,0,
0.202,0.208,0.289,0,
0.165,0.192,0.261,0,
0.227,0.223,0.352,0,
0.137,0.138,0.211,0,
0.222,0.245,0.316,0,
0.185,0.245,0.299,-0.012,
0.181,0.209,0.261,0,
0.233,0.267,0.302,0,
0.256,0.286,0.332,0,
0.211,0.225,0.338,0,
0.169,0.171,0.272,0,
0.289,0.334,0.39,0,
0.218,0.235,0.342,0,
0.229,0.278,0.309,0,
0.148,0.147,0.287,0,
0.262,0.297,0.377,0,
0.168,0.185,0.283,0,
0.234,0.257,0.328,0,
0.24,0.272,0.371,0,
0.189,0.203,0.289,0,
0.203,0.219,0.306,0,
0.252,0.279,0.374,0,
0.267,0.29,0.367,0,
0.208,0.24,0.284,0,
0.23,0.234,0.355,0,
0.263,0.314,0.351,0,
0.178,0.192,0.253,0,
0.225,0.266,0.301,0,
0.189,0.208,0.267,0,
0.227,0.24,0.346,0,
0.13,0.131,0.205,0,
0.211,0.242,0.343,0,
0.104,0.098,0.19,0,
0.18,0.205,0.251,0,
0.136,0.143,0.224,0,
0.218,0.249,0.323,0,
0.21,0.243,0.309,0,
0.199,0.211,0.29,0,
0.272,0.308,0.393,0,
0.181,0.188,0.262,0,
0.217,0.242,0.326,0,
0.195,0.222,0.3,0,
0.146,0.169,0.198,0,
0.215,0.236,0.329,0,
0.199,0.223,0.275,0,
0.235,0.27,0.332,0,
0.224,0.252,0.322,0,
0.234,0.251,0.334,0,
0.168,0.172,0.289,0,
0.148,0.17,0.213,0,
0.237,0.277,0.318,0,
0.181,0.217,0.254,0,
0.242,0.271,0.322,0,
0.279,0.337,0.368,0,
0.18,0.197,0.239,0,
0.228,0.244,0.308,0,
0.175,0.183,0.284,0,
0.232,0.286,0.345,0,
0.199,0.219,0.256,0,
0.192,0.21,0.295,0,
0.203,0.227,0.282,0,
0.192,0.235,0.278,0,
0.2,0.239,0.33,0,
0.265,0.286,0.359,0,
0.179,0.168,0.322,0,
0.216,0.259,0.296,0,
0.179,0.19,0.237,0,
0.259,0.318,0.356,0,
0.248,0.278,0.32,0,
0.183,0.212,0.307,0,
0.201,0.23,0.258,0,
0.258,0.29,0.34,0,
0.198,0.211,0.281,0,
0.228,0.259,0.308,0,
0.184,0.211,0.346,0,
0.159,0.167,0.252,0,
0.178,0.205,0.242,0,
0.24,0.26,0.315,0,
0.165,0.178,0.241,0,
0.24,0.258,0.378,0,
0.26,0.28,0.35,0,
0.205,0.214,0.269,0,
0.228,0.247,0.367,0,
0.153,0.164,0.252,0,
0.24,0.287,0.354,0,
0.116,0.1,0.278,0,
0.23,0.257,0.342,0,
0.198,0.233,0.295,0,
0.151,0.164,0.223,0,
0.102,0.13,0.185,-0.008,
0.216,0.254,0.298,0,
0.203,0.233,0.301,0,
0.184,0.221,0.243,0,
0.192,0.192,0.303,0,
0.132,0.133,0.205,0,
0.227,0.244,0.307,0,
0.138,0.15,0.247,0,
0.257,0.271,0.357,0,
0.181,0.195,0.277,0,
0.229,0.266,0.305,0,
0.19,0.214,0.319,0,
0.205,0.243,0.274,0,
0.178,0.173,0.294,0,
0.194,0.194,0.297,0,
0.296,0.33,0.381,0,
0.222,0.225,0.327,0,
0.213,0.245,0.289,0,
0.237,0.257,0.341,0,
0.248,0.274,0.323,0,
0.239,0.252,0.344,0,
0.185,0.194,0.306,0,
0.168,0.188,0.274,0,
0.223,0.284,0.313,0,
0.232,0.261,0.32,0,
0.201,0.227,0.291,0,
0.16,0.179,0.283,0,
0.218,0.241,0.326,0,
0.233,0.268,0.347,0,
0.2,0.21,0.306,0,
0.173,0.208,0.258,0,
0.193,0.201,0.295,0,
0.162,0.182,0.281,0,
0.225,0.245,0.338,0,
0.198,0.214,0.32,0,
0.147,0.15,0.259,0,
0.205,0.222,0.292,0,
0.212,0.226,0.318,0,
0.213,0.234,0.312,0,
0.247,0.269,0.35,0,
0.171,0.191,0.239,0,
0.18,0.18,0.261,0,
0.242,0.265,0.326,0,
0.161,0.178,0.255,0,
0.162,0.183,0.229,0,
0.19,0.207,0.303,0,
0.195,0.207,0.288,0,
0.172,0.197,0.245,0,
0.237,0.248,0.322,0,
0.257,0.276,0.365,0,
0.235,0.278,0.309,0,
0.195,0.229,0.279,0,
0.246,0.279,0.346,0,
0.221,0.245,0.317,0,
0.224,0.243,0.333,0,
0.223,0.226,0.342,0,
0.227,0.265,0.327,0,
0.176,0.21,0.247,0,
0.208,0.221,0.312,0,
0.209,0.235,0.282,0,
0.232,0.271,0.297,0,
0.23,0.252,0.33,0,
0.179,0.199,0.287,0,
0.155,0.157,0.281,0,
0.205,0.241,0.279,0,
0.193,0.179,0.304,0,
0.18,0.197,0.241,0,
0.204,0.227,0.276,0,
0.203,0.229,0.285,0,
0.246,0.294,0.329,0,
0.191,0.205,0.269,0,
0.134,0.129,0.213,0,
0.193,0.19,0.288,0,
0.208,0.241,0.273,0,
0.243,0.273,0.329,0,
0.23,0.264,0.298,0,
0.202,0.232,0.285,0,
0.212,0.257,0.295,0,
0.211,0.243,0.282,0,
0.179,0.213,0.24,0,
0.252,0.288,0.359,0,
0.192,0.226,0.31,0,
0.192,0.225,0.268,0,
0.237,0.27,0.379,0,
0.203,0.224,0.312,0,
0.184,0.2,0.278,0,
0.2,0.223,0.27,0,
0.2,0.228,0.284,0,
0.22,0.256,0.357,0,
0.24,0.256,0.343,0,
0.097,0.087,0.179,0,
0.169,0.169,0.292,0,
0.181,0.189,0.309,0,
0.175,0.186,0.243,0,
0.19,0.193,0.292,0,
0.167,0.193,0.289,0,
0.178,0.184,0.296,0,
0.17,0.183,0.283,0,
0.181,0.206,0.271,0,
0.249,0.278,0.337,0,
0.191,0.21,0.286,0,
0.231,0.262,0.329,0,
0.182,0.194,0.266,0,
0.259,0.294,0.358,0,
0.215,0.246,0.312,0,
0.159,0.167,0.252,0,
0.185,0.19,0.29,0,
0.221,0.226,0.351,0,
0.237,0.277,0.338,0,
0.189,0.214,0.314,0,
0.232,0.269,0.328,0,
0.204,0.202,0.341,0,
0.188,0.2,0.32,0,
0.216,0.265,0.322,0,
0.232,0.276,0.305,0,
0.241,0.266,0.333,0,
0.267,0.304,0.357,0,
0.151,0.175,0.253,0,
0.175,0.183,0.291,0,
0.232,0.252,0.314,0,
0.15,0.17,0.249,0,
0.271,0.298,0.395,0,
0.246,0.275,0.355,0,
0.157,0.161,0.257,0,
0.141,0.166,0.221,0,
0.155,0.155,0.216,0,
0.199,0.216,0.319,0,
0.161,0.189,0.263,-0.036,
0.185,0.224,0.27,0,
0.2,0.218,0.297,0,
0.228,0.255,0.32,0,
0.213,0.231,0.286,0,
0.231,0.259,0.311,0,
0.202,0.22,0.295,0,
0.184,0.201,0.288,0,
0.156,0.147,0.253,0,
0.228,0.227,0.354,0,
0.171,0.171,0.28,0,
0.186,0.216,0.255,0,
0.127,0.122,0.257,0,
0.201,0.203,0.314,0,
0.202,0.23,0.267,0,
0.203,0.216,0.298,0,
0.263,0.274,0.356,0,
0.194,0.229,0.275,0,
0.167,0.206,0.26,0,
0.203,0.244,0.286,0,
0.199,0.221,0.31,0,
0.185,0.201,0.232,0,
0.165,0.185,0.284,0,
0.173,0.195,0.27,0,
0.234,0.247,0.341,0,
0.141,0.149,0.214,0,
0.214,0.239,0.295,0,
0.209,0.236,0.336,0,
0.195,0.224,0.283,0,
0.206,0.217,0.28,0,
0.143,0.173,0.237,0,
0.208,0.241,0.293,0,
0.223,0.253,0.288,0,
0.198,0.218,0.264,0,
0.154,0.165,0.212,0,
0.268,0.29,0.361,0,
0.144,0.141,0.235,0,
0.227,0.246,0.366,0,
0.161,0.177,0.26,0,
0.159,0.157,0.281,0,
0.238,0.254,0.37,0,
0.153,0.182,0.269,0,
0.244,0.269,0.31,0,
0.184,0.199,0.279,0,
0.265,0.298,0.354,0,
0.186,0.196,0.281,0,
0.232,0.251,0.328,0,
0.257,0.287,0.342,0,
0.215,0.237,0.325,0,
0.206,0.245,0.29,0,
0.209,0.237,0.333,0,
0.171,0.2,0.27,0,
0.206,0.22,0.321,0,
0.221,0.271,0.352,0,
0.18,0.207,0.317,0,
0.152,0.16,0.256,0,
0.168,0.174,0.285,0,
0.148,0.186,0.227,0,
0.205,0.228,0.279,0,
0.176,0.174,0.317,0,
0.206,0.235,0.27,0,
0.11,0.108,0.214,0,
0.228,0.253,0.368,0,
0.241,0.285,0.314,0,
0.185,0.198,0.273,0,
0.267,0.31,0.352,0,
0.257,0.294,0.379,0,
0.218,0.257,0.313,0,
0.191,0.207,0.317,0,
0.212,0.245,0.268,0,
0.171,0.198,0.258,0,
0.236,0.273,0.314,0,
0.208,0.265,0.316,0,
0.21,0.22,0.339,0,
0.24,0.266,0.339,0,
0.177,0.196,0.291,0,
0.202,0.224,0.294,0,
0.181,0.202,0.264,0,
0.275,0.318,0.348,0,
0.199,0.215,0.298,0,
0.177,0.186,0.298,0,
0.204,0.226,0.293,0,
0.146,0.151,0.226,0,
0.247,0.267,0.347,0,
0.194,0.22,0.257,0,
0.239,0.273,0.386,0,
0.255,0.286,0.343,0,
0.163,0.174,0.267,0,
0.181,0.188,0.255,0,
0.203,0.233,0.321,0,
0.161,0.185,0.304,0,
0.074,0.072,0.126,0,
0.21,0.224,0.319,0,
0.24,0.252,0.347,0,
0.17,0.194,0.242,0,
0.149,0.159,0.223,0,
0.174,0.185,0.256,0,
0.157,0.182,0.272,0,
0.147,0.157,0.24,0,
0.207,0.215,0.292,0,
0.132,0.146,0.223,0,
0.194,0.242,0.287,0,
0.152,0.171,0.241,0,
0.177,0.203,0.267,0,
0.143,0.163,0.279,0,
0.221,0.226,0.332,0,
0.169,0.163,0.341,0,
0.214,0.235,0.296,0,
0.223,0.249,0.312,0,
0.228,0.265,0.327,0,
0.246,0.279,0.345,0,
0.219,0.233,0.296,0,
0.18,0.2,0.253,0,
0.149,0.154,0.231,0,
0.211,0.223,0.322,0,
0.197,0.209,0.279,0,
0.245,0.267,0.349,0,
0.194,0.196,0.315,0,
0.174,0.18,0.255,0,
0.147,0.15,0.234,0,
0.219,0.257,0.312,0,
0.228,0.259,0.314,0,
0.193,0.196,0.307,0,
0.161,0.163,0.271,0,
0.202,0.225,0.263,0,
0.195,0.215,0.277,0,
0.143,0.151,0.235,0,
0.249,0.28,0.336,0,
0.235,0.254,0.343,0,
0.208,0.213,0.295,0,
0.237,0.276,0.328,0,
0.2,0.218,0.325,0,
0.19,0.208,0.291,0,
0.142,0.165,0.217,0,
0.202,0.218,0.288,0,
0.25,0.292,0.335,0,
0.246,0.277,0.33,0,
0.199,0.213,0.267,0,
0.15,0.155,0.266,0,
0.19,0.186,0.315,0,
0.188,0.196,0.279,0,
0.236,0.27,0.306,0,
0.222,0.246,0.344,0,
0.248,0.29,0.368,0,
0.135,0.156,0.198,0,
0.196,0.208,0.281,0,
0.207,0.225,0.334,0,
0.147,0.168,0.212,0,
0.16,0.164,0.253,0,
0.129,0.13,0.23,0,
0.111,0.124,0.182,0,
0.17,0.166,0.294,0,
0.124,0.151,0.199,0,
0.225,0.233,0.337,0,
0.226,0.246,0.324,0,
0.167,0.188,0.309,0,
0.21,0.244,0.309,0,
0.198,0.204,0.288,0,
0.132,0.129,0.246,0,
0.191,0.211,0.277,0,
0.229,0.239,0.331,0,
0.246,0.29,0.344,0,
0.19,0.184,0.312,0,
0.122,0.139,0.195,0,
0.148,0.168,0.215,0,
0.142,0.147,0.215,0,
0.242,0.256,0.326,0,
0.195,0.2,0.333,0,
0.168,0.183,0.225,0,
0.087,0.108,0.146,0,
0.114,0.142,0.196,-0.006,
0.199,0.217,0.272,0,
0.134,0.147,0.256,0,
0.205,0.239,0.259,0,
0.163,0.169,0.224,0,
0.142,0.15,0.234,0,
0.182,0.214,0.291,0,
0.216,0.226,0.317,0,
0.212,0.239,0.298,0,
0.11,0.118,0.218,-0.028,
0.199,0.22,0.271,0,
0.223,0.251,0.283,0,
0.158,0.171,0.245,0,
0.169,0.184,0.243,0,
0.188,0.209,0.306,-0.002,
0.213,0.229,0.328,0,
0.209,0.234,0.317,0,
0.187,0.21,0.278,0,
0.211,0.234,0.297,0,
0.134,0.12,0.243,0,
0.197,0.205,0.272,0,
0.227,0.263,0.318,0,
0.171,0.179,0.252,0,
0.19,0.19,0.295,0,
0.2,0.207,0.311,0,
0.208,0.216,0.305,0,
0.193,0.225,0.263,0,
0.126,0.142,0.191,0,
0.168,0.173,0.25,0,
0.167,0.19,0.274,0,
0.203,0.211,0.329,0,
0.158,0.174,0.356,0,
0.111,0.117,0.191,0,
0.194,0.233,0.247,0,
0.228,0.251,0.291,0,
0.249,0.294,0.333,0,
0.041,0.038,0.122,-0.046,
0.139,0.148,0.204,0,
0.226,0.239,0.331,0,
0.175,0.193,0.26,0,
0.17,0.191,0.235,0,
0.208,0.224,0.316,0,
0.161,0.165,0.289,0,
0.254,0.272,0.375,0,
0.173,0.182,0.287,0,
0.175,0.193,0.258,0,
0.168,0.179,0.312,0,
0.117,0.149,0.197,0,
0.182,0.191,0.281,0,
0.172,0.158,0.28,0,
0.214,0.229,0.313,0,
0.199,0.22,0.29,0,
0.228,0.256,0.306,0,
0.171,0.186,0.268,0,
0.205,0.218,0.271,0,
0.207,0.238,0.315,0,
0.164,0.185,0.281,0,
0.136,0.14,0.256,0,
0.193,0.205,0.306,0,
0.183,0.197,0.316,0,
0.191,0.213,0.298,0,
0.197,0.184,0.316,0,
0.137,0.148,0.24,0,
0.279,0.315,0.396,0,
0.193,0.226,0.262,0,
0.172,0.203,0.296,-0.012,
0.189,0.215,0.325,0,
0.271,0.301,0.403,0,
0.184,0.192,0.29,0,
0.161,0.184,0.254,0,
0.207,0.212,0.306,0,
0.177,0.201,0.266,0,
0.193,0.229,0.263,0,
0.246,0.28,0.345,0,
0.217,0.241,0.309,0,
0.138,0.15,0.211,0,
0.184,0.18,0.302,0,
0.184,0.207,0.297,0,
0.115,0.143,0.197,0,
0.17,0.191,0.244,0,
0.21,0.223,0.32,0,
0.21,0.23,0.265,0,
0.231,0.288,0.362,0,
0.214,0.227,0.321,0,
0.164,0.189,0.221,0,
0.135,0.147,0.22,0,
0.182,0.211,0.281,0,
0.173,0.199,0.265,0,
0.216,0.229,0.334,0,
0.114,0.114,0.201,0,
0.208,0.215,0.305,0,
0.198,0.201,0.308,0,
0.189,0.22,0.284,0,
0.202,0.222,0.307,0,
0.15,0.158,0.292,0,
0.19,0.202,0.271,0,
0.122,0.129,0.236,0,
0.179,0.199,0.263,0,
0.204,0.215,0.342,0,
0.219,0.222,0.337,0,
0.105,0.101,0.189,0,
0.283,0.326,0.374,0,
0.076,0.079,0.187,-0.059,
0.238,0.266,0.319,0,
0.175,0.198,0.29,0,
0.125,0.148,0.262,0,
0.195,0.218,0.281,0,
0.172,0.195,0.267,0,
0.168,0.174,0.268,0,
0.179,0.188,0.25,0,
0.185,0.211,0.266,0,
0.22,0.249,0.296,0,
0.243,0.27,0.319,0,
0.163,0.178,0.278,0,
0.234,0.255,0.34,0,
0.131,0.128,0.268,0,
0.108,0.102,0.204,0,
0.176,0.185,0.241,0,
0.115,0.106,0.224,0,
0.1,0.139,0.21,0,
0.165,0.183,0.246,0,
0.19,0.192,0.312,0,
0.083,0.083,0.142,0,
0.1,0.105,0.176,0,
0.183,0.237,0.311,0,
0.258,0.296,0.351,0,
0.191,0.214,0.272,0,
0.234,0.253,0.345,0,
0.204,0.224,0.31,0,
0.221,0.237,0.307,0,
0.152,0.135,0.254,0,
0.212,0.233,0.299,0,
0.175,0.206,0.235,0,
0.271,0.302,0.346,0,
0.207,0.221,0.295,0,
0.138,0.155,0.233,0,
0.214,0.223,0.275,0,
0.177,0.172,0.293,0,
0.158,0.163,0.252,0,
0.228,0.236,0.332,0,
0.198,0.202,0.309,0,
0.186,0.224,0.266,0,
0.239,0.291,0.339,0,
0.224,0.267,0.347,0,
0.161,0.186,0.257,0,
0.216,0.226,0.294,0,
0.208,0.244,0.283,0,
0.173,0.158,0.292,0,
0.172,0.197,0.267,0,
0.213,0.239,0.302,0,
0.197,0.215,0.284,0,
0.207,0.208,0.334,0,
0.194,0.222,0.299,0,
0.16,0.164,0.279,0,
0.152,0.166,0.273,0,
0.158,0.189,0.202,0,
0.195,0.22,0.313,0,
0.248,0.257,0.35,0,
0.208,0.195,0.36,0,
0.212,0.236,0.323,0,
0.206,0.215,0.315,0,
0.205,0.225,0.289,0,
0.257,0.283,0.373,0,
0.21,0.236,0.273,0,
0.176,0.189,0.271,0,
0.224,0.237,0.324,0,
0.208,0.21,0.302,0,
0.269,0.302,0.385,0,
0.165,0.179,0.243,0,
0.156,0.186,0.293,0,
0.189,0.227,0.252,0,
0.197,0.206,0.307,0,
0.115,0.122,0.247,0,
0.148,0.172,0.223,0,
0.181,0.193,0.277,0,
0.196,0.212,0.282,0,
0.113,0.101,0.216,0,
0.221,0.247,0.278,0,
0.193,0.224,0.322,0,
0.119,0.122,0.186,0,
0.184,0.204,0.289,0,
0.115,0.138,0.203,0,
0.228,0.248,0.349,0,
0.209,0.204,0.3,0,
0.2,0.196,0.303,0,
0.139,0.135,0.23,0,
0.172,0.198,0.229,0,
0.151,0.167,0.227,0,
0.061,0.071,0.119,-0.009,
0.13,0.149,0.241,0,
0.155,0.182,0.239,0,
0.219,0.251,0.271,0,
0.164,0.184,0.225,0,
0.191,0.216,0.258,0,
0.11,0.12,0.153,0,
0.197,0.234,0.277,0,
0.184,0.216,0.284,0,
0.235,0.29,0.377,0,
0.249,0.261,0.324,0,
0.238,0.234,0.345,0,
0.075,0.062,0.211,0,
0.216,0.261,0.32,0,
0.246,0.277,0.332,0,
0.238,0.273,0.341,0,
0.205,0.217,0.32,0,
0.11,0.089,0.229,0,
0.155,0.157,0.251,0,
0.196,0.209,0.264,0,
0.237,0.251,0.362,0,
0.127,0.126,0.219,0,
0.145,0.143,0.244,0,
0.17,0.179,0.253,0,
0.142,0.136,0.292,0,
0.221,0.25,0.314,0,
0.17,0.192,0.26,0,
0.166,0.186,0.269,0,
0.223,0.21,0.351,0,
0.223,0.25,0.307,0,
0.189,0.208,0.281,0,
0.127,0.122,0.205,0,
0.117,0.111,0.242,-0.009,
0.23,0.248,0.318,0,
0.06,0.053,0.144,-0.001,
0.152,0.16,0.27,0,
0.189,0.213,0.314,0,
0.184,0.207,0.254,0,
0.196,0.223,0.258,0,
0.115,0.131,0.184,0,
0.175,0.195,0.252,0,
0.201,0.219,0.302,0,
0.201,0.22,0.309,0,
0.148,0.157,0.245,0,
0.192,0.186,0.332,0,
0.153,0.165,0.264,0,
0.219,0.239,0.311,0,
0.175,0.195,0.275,0,
0.17,0.179,0.287,0,
0.114,0.113,0.254,0,
0.226,0.232,0.365,0,
0.247,0.287,0.348,0,
0.219,0.246,0.293,0,
0.172,0.193,0.262,0,
0.235,0.269,0.324,0,
0.173,0.188,0.255,0,
0.161,0.188,0.277,0,
0.206,0.224,0.325,0,
0.108,0.117,0.182,0,
0.183,0.206,0.276,0,
0.238,0.277,0.331,0,
0.199,0.198,0.316,0,
0.206,0.22,0.351,0,
0.27,0.308,0.384,0,
0.134,0.156,0.199,0,
0.169,0.19,0.262,0,
0.227,0.257,0.314,0,
0.199,0.227,0.319,0,
0.184,0.198,0.278,0,
0.205,0.239,0.346,0,
0.113,0.127,0.225,-0.014,
0.198,0.213,0.282,0,
0.196,0.222,0.304,0,
0.127,0.121,0.23,0,
0.221,0.243,0.341,0,
0.205,0.239,0.281,0,
0.135,0.132,0.234,0,
0.172,0.205,0.234,0,
0.205,0.228,0.34,0,
0.207,0.206,0.352,0,
0.205,0.234,0.309,0,
0.25,0.282,0.325,0,
0.088,0.092,0.176,0,
0.208,0.207,0.35,0,
0.246,0.269,0.339,0,
0.159,0.201,0.252,0,
0.241,0.254,0.363,0,
0.244,0.294,0.32,0,
0.238,0.261,0.333,0,
0.158,0.161,0.248,0,
0.214,0.229,0.304,0,
0.214,0.221,0.331,0,
0.21,0.231,0.291,0,
0.18,0.193,0.244,0,
0.196,0.202,0.311,0,
0.187,0.226,0.295,0,
0.254,0.29,0.331,0,
0.196,0.196,0.282,0,
0.181,0.202,0.283,0,
0.208,0.226,0.288,0,
0.201,0.211,0.277,0,
0.16,0.158,0.254,0,
0.223,0.237,0.3,0,
0.195,0.229,0.317,0,
0.197,0.207,0.289,0,
0.167,0.172,0.271,0,
0.204,0.225,0.272,0,
0.244,0.29,0.381,0,
0.187,0.205,0.307,0,
0.147,0.178,0.227,0,
0.228,0.251,0.313,0,
0.195,0.202,0.335,0,
0.192,0.236,0.267,0,
0.11,0.105,0.235,-0.014,
0.189,0.231,0.277,0,
0.173,0.185,0.277,0,
0.209,0.221,0.303,0,
0.199,0.204,0.306,0,
0.177,0.206,0.242,0,
0.187,0.218,0.292,0,
0.136,0.174,0.2,0,
0.161,0.148,0.263,0,
0.207,0.24,0.327,0,
0.127,0.152,0.208,0,
0.166,0.165,0.269,0,
0.158,0.161,0.234,0,
0.184,0.192,0.292,0,
0.152,0.165,0.228,0,
0.138,0.146,0.227,0,
0.265,0.304,0.357,0,
0.244,0.26,0.357,0,
0.203,0.228,0.31,0,
0.193,0.229,0.343,0,
0.239,0.282,0.354,0,
0.174,0.188,0.307,0,
0.177,0.207,0.252,0,
0.185,0.212,0.242,0,
0.221,0.234,0.318,0,
0.091,0.085,0.188,0,
0.177,0.2,0.26,0,
0.187,0.2,0.26,0,
0.163,0.175,0.24,0,
0.167,0.204,0.301,-0.023,
0.212,0.24,0.331,0,
0.145,0.154,0.222,0,
0.204,0.237,0.256,0,
0.185,0.201,0.302,0,
0.181,0.201,0.266,0,
0.188,0.174,0.272,0,
0.192,0.224,0.283,0,
0.179,0.205,0.267,0,
0.218,0.238,0.269,0,
0.145,0.15,0.265,0,
0.217,0.225,0.31,0,
0.21,0.225,0.298,0,
0.187,0.195,0.296,0,
0.171,0.196,0.287,0,
0.229,0.28,0.355,0,
0.162,0.18,0.238,0,
0.201,0.231,0.307,0,
0.049,0.048,0.114,-0.015,
0.229,0.252,0.291,0,
0.194,0.236,0.28,0,
0.125,0.142,0.224,0,
0.133,0.147,0.195,0,
0.161,0.168,0.239,0,
0.235,0.257,0.348,0,
0.146,0.149,0.237,0,
0.178,0.207,0.278,0,
0.117,0.119,0.226,0,
0.221,0.246,0.287,0,
0.182,0.199,0.26,0,
0.188,0.202,0.283,0,
0.188,0.208,0.287,0,
0.194,0.216,0.27,0,
0.159,0.163,0.254,0,
0.199,0.225,0.261,0,
0.139,0.148,0.246,0,
0.133,0.167,0.201,0,
0.179,0.193,0.234,0,
0.229,0.244,0.329,0,
0.118,0.135,0.176,0,
0.281,0.336,0.381,0,
0.226,0.244,0.342,0,
0.211,0.233,0.339,0,
0.127,0.139,0.21,0,
0.171,0.172,0.254,0,
0.104,0.112,0.186,0,
0.209,0.244,0.288,0,
0.166,0.167,0.283,0,
0.181,0.203,0.309,0,
0.227,0.251,0.304,0,
0.162,0.168,0.225,0,
0.176,0.198,0.281,0,
0.174,0.172,0.293,0,
0.207,0.238,0.273,0,
0.206,0.237,0.303,0,
0.228,0.242,0.325,0,
0.181,0.206,0.254,0,
0.106,0.124,0.19,0,
0.194,0.201,0.287,0,
0.147,0.154,0.238,0,
0.195,0.194,0.344,0,
0.223,0.267,0.358,0,
0.201,0.229,0.294,0,
0.169,0.188,0.241,0,
0.162,0.179,0.217,0,
0.203,0.222,0.308,0,
0.206,0.218,0.296,0,
0.243,0.277,0.337,0,
0.177,0.234,0.267,0,
0.108,0.107,0.218,0,
0.148,0.164,0.274,0,
0.122,0.134,0.194,0,
0.111,0.106,0.214,0,
0.245,0.263,0.352,0,
0.175,0.177,0.262,0,
0.208,0.219,0.284,0,
0.166,0.197,0.301,0,
0.122,0.127,0.213,0,
0.242,0.272,0.333,0,
0.234,0.251,0.356,0,
0.105,0.105,0.188,0,
0.128,0.146,0.212,0,
0.17,0.182,0.295,0,
0.133,0.122,0.216,0,
0.199,0.215,0.305,0,
0.127,0.145,0.212,0,
0.165,0.176,0.228,0,
0.162,0.176,0.25,0,
0.158,0.172,0.258,0,
0.115,0.124,0.196,0,
0.217,0.249,0.275,0,
0.196,0.224,0.293,0,
0.173,0.211,0.275,0,
0.157,0.187,0.24,0,
0.213,0.228,0.336,0,
0.236,0.26,0.333,0,
0.149,0.173,0.238,0,
0.242,0.272,0.306,0,
0.188,0.19,0.281,0,
0.215,0.239,0.292,0,
0.173,0.177,0.29,0,
0.147,0.18,0.239,0,
0.241,0.293,0.372,0,
0.229,0.262,0.309,0,
0.133,0.124,0.22,0,
0.157,0.185,0.253,0,
0.188,0.188,0.288,0,
0.2,0.206,0.293,0,
0.166,0.175,0.28,0,
0.188,0.201,0.246,0,
0.195,0.218,0.302,0,
0.152,0.177,0.239,0,
0.238,0.289,0.34,0,
0.204,0.226,0.281,0,
0.211,0.245,0.336,0,
0.192,0.202,0.297,0,
0.196,0.209,0.277,0,
0.234,0.253,0.313,0,
0.168,0.163,0.256,0,
0.18,0.197,0.284,0,
0.241,0.282,0.312,0,
0.194,0.231,0.273,0,
0.205,0.235,0.275,0,
0.176,0.194,0.254,0,
0.173,0.195,0.258,0,
0.173,0.194,0.273,0,
0.193,0.221,0.296,0,
0.155,0.161,0.25,0,
0.168,0.162,0.277,0,
0.129,0.125,0.255,0,
0.173,0.195,0.262,0,
0.195,0.222,0.259,0,
0.163,0.159,0.276,0,
0.166,0.188,0.282,0,
0.147,0.16,0.232,0,
0.082,0.087,0.145,0,
0.192,0.238,0.281,0,
0.15,0.159,0.239,0,
0.171,0.184,0.289,0,
0.158,0.171,0.246,0,
0.191,0.2,0.311,0,
0.176,0.2,0.287,0,
0.156,0.172,0.267,0,
0.182,0.191,0.276,0,
0.172,0.188,0.237,0,
0.204,0.217,0.294,0,
0.262,0.298,0.386,0,
0.214,0.248,0.292,0,
0.164,0.181,0.293,0,
0.206,0.22,0.315,0,
0.224,0.26,0.306,0,
0.199,0.201,0.293,0,
0.251,0.285,0.33,0,
0.204,0.242,0.298,0,
0.122,0.109,0.22,0,
0.142,0.141,0.215,0,
0.217,0.234,0.31,0,
0.192,0.208,0.328,0,
0.203,0.222,0.3,0,
0.196,0.218,0.302,0,
0.202,0.222,0.275,0,
0.2,0.213,0.274,0,
0.074,0.092,0.206,-0.073,
0.169,0.194,0.283,0,
0.107,0.112,0.228,0,
0.249,0.279,0.317,0,
0.201,0.248,0.372,0,
0.186,0.203,0.285,0,
0.163,0.169,0.256,0,
0.15,0.162,0.238,0,
0.19,0.209,0.317,0,
0.192,0.22,0.278,0,
0.208,0.228,0.285,0,
0.263,0.329,0.366,0,
0.21,0.249,0.312,0,
0.199,0.227,0.298,0,
0.143,0.172,0.208,0,
0.241,0.255,0.339,0,
0.133,0.154,0.196,0,
0.218,0.243,0.284,0,
0.177,0.183,0.264,0,
0.172,0.229,0.279,-0.008,
0.241,0.258,0.329,0,
0.142,0.158,0.19,0,
0.096,0.097,0.181,0,
0.187,0.214,0.288,0,
0.196,0.244,0.307,0,
0.273,0.303,0.365,0,
0.085,0.073,0.176,-0.008,
0.179,0.192,0.263,0,
0.202,0.234,0.305,0,
0.206,0.232,0.267,0,
0.178,0.202,0.285,0,
0.2,0.228,0.29,0,
0.189,0.236,0.295,0,
0.23,0.247,0.327,0,
0.196,0.212,0.292,0,
0.151,0.167,0.235,0,
0.132,0.116,0.269,0,
0.123,0.133,0.187,0,
0.118,0.126,0.21,0,
0.131,0.136,0.209,0,
0.19,0.204,0.274,0,
0.204,0.229,0.286,0,
0.239,0.271,0.352,0,
0.172,0.198,0.273,0,
0.128,0.153,0.223,0,
0.194,0.182,0.312,0,
0.21,0.239,0.291,0,
0.17,0.21,0.259,0,
0.161,0.149,0.313,0,
0.17,0.193,0.242,0,
0.235,0.247,0.327,0,
0.18,0.204,0.263,0,
0.226,0.255,0.315,0,
0.165,0.176,0.24,0,
0.057,0.065,0.127,-0.031,
0.089,0.088,0.202,0,
0.175,0.206,0.241,0,
0.176,0.191,0.29,0,
0.125,0.147,0.25,-0.027,
0.146,0.127,0.339,0,
0.161,0.161,0.265,0,
0.182,0.215,0.291,0,
0.187,0.218,0.277,0,
0.141,0.148,0.213,0,
0.195,0.227,0.303,0,
0.199,0.232,0.288,0,
0.168,0.182,0.234,0,
0.141,0.155,0.265,0,
0.075,0.088,0.191,-0.015,
0.195,0.212,0.308,0,
0.194,0.217,0.275,0,
0.174,0.212,0.264,0,
0.186,0.192,0.277,0,
0.17,0.191,0.249,0,
0.1,0.115,0.197,0,
0.22,0.244,0.326,0,
0.207,0.234,0.315,0,
0.202,0.216,0.286,0,
0.204,0.209,0.288,0,
0.173,0.215,0.245,0,
0.107,0.097,0.246,0,
0.216,0.247,0.313,0,
0.133,0.158,0.228,0,
0.166,0.19,0.257,0,
0.16,0.167,0.283,0,
0.119,0.109,0.247,0,
0.165,0.208,0.284,0,
0.14,0.157,0.231,0,
0.2,0.213,0.275,0,
0.197,0.202,0.322,0,
0.202,0.237,0.288,0,
0.198,0.223,0.284,0,
0.195,0.202,0.279,0,
0.134,0.145,0.203,0,
0.144,0.149,0.238,0,
0.194,0.207,0.273,0,
0.186,0.191,0.264,0,
0.208,0.223,0.304,0,
0.147,0.168,0.211,0,
0.212,0.233,0.353,0,
0.094,0.113,0.152,0,
0.118,0.113,0.227,0,
0.133,0.153,0.183,0,
0.248,0.273,0.353,0,
0.142,0.131,0.266,0,
0.17,0.191,0.308,0,
0.168,0.182,0.258,0,
0.173,0.184,0.236,0,
0.129,0.129,0.223,0,
0.199,0.216,0.318,0,
0.191,0.206,0.298,0,
0.217,0.222,0.325,0,
0.108,0.131,0.156,0,
0.159,0.165,0.242,0,
0.173,0.188,0.257,0,
0.155,0.175,0.224,0,
0.207,0.23,0.292,0,
0.112,0.09,0.277,0,
0.199,0.227,0.26,0,
0.189,0.206,0.29,0,
0.206,0.22,0.351,0,
0.099,0.126,0.144,0,
0.107,0.106,0.177,0,
0.047,0.055,0.127,-0.037,
0.163,0.172,0.294,0,
0.102,0.108,0.204,0,
0.108,0.099,0.203,0,
0.146,0.151,0.245,0,
0.069,0.073,0.142,-0.011,
0.21,0.234,0.288,0,
0.138,0.159,0.222,0,
0.118,0.134,0.19,0,
0.167,0.202,0.299,0,
0.167,0.181,0.274,0,
0.222,0.237,0.321,0,
0.164,0.185,0.222,0,
0.143,0.148,0.219,0,
0.239,0.261,0.325,0,
0.157,0.168,0.245,0,
0.236,0.298,0.335,0,
0.172,0.182,0.273,0,
0.185,0.206,0.259,0,
0.186,0.189,0.294,0,
0.219,0.247,0.312,0,
0.18,0.204,0.277,0,
0.13,0.134,0.203,0,
0.255,0.286,0.33,0,
0.184,0.205,0.256,0,
0.172,0.179,0.266,0,
0.204,0.211,0.317,0,
0.184,0.193,0.273,0,
0.101,0.097,0.208,-0.004,
0.202,0.238,0.334,0,
0.179,0.194,0.302,0,
0.132,0.15,0.239,0,
0.21,0.247,0.286,0,
0.034,0.058,0.133,-0.129,
0.184,0.186,0.31,0,
0.135,0.173,0.216,-0.047,
0.16,0.185,0.275,0,
0.103,0.132,0.157,0,
0.177,0.215,0.295,0,
0.202,0.215,0.291,0,
0.159,0.163,0.284,0,
0.139,0.162,0.215,0,
0.155,0.186,0.227,0,
0.217,0.255,0.313,0,
0.083,0.082,0.142,0,
0.183,0.21,0.264,0,
0.112,0.124,0.187,0,
0.139,0.192,0.238,-0.003,
0.194,0.191,0.299,0,
0.217,0.226,0.412,0,
0.218,0.219,0.377,0,
0.105,0.132,0.187,0,
0.153,0.144,0.289,0,
0.208,0.243,0.291,0,
0.195,0.21,0.308,0,
0.207,0.231,0.321,0,
0.108,0.124,0.174,-0.019,
0.14,0.176,0.226,0,
0.163,0.162,0.32,0,
0.155,0.184,0.234,0,
0.215,0.228,0.334,0,
0.174,0.192,0.227,0,
0.185,0.214,0.273,0,
0.207,0.221,0.275,0,
0.251,0.296,0.346,0,
0.147,0.145,0.252,0,
0.191,0.197,0.272,0,
0.122,0.165,0.203,-0.118,
0.211,0.236,0.27,0,
0.153,0.162,0.232,0,
0.202,0.218,0.284,0,
0.171,0.188,0.28,0,
0.192,0.201,0.333,0,
0.11,0.11,0.191,0,
0.091,0.092,0.167,0,
0.22,0.238,0.345,0,
0.158,0.163,0.249,0,
0.085,0.089,0.198,-0.022,
0.221,0.242,0.304,0,
0.196,0.214,0.289,0,
0.142,0.152,0.254,0,
0.13,0.136,0.198,0,
0.227,0.252,0.322,0,
0.143,0.171,0.257,0,
0.166,0.173,0.258,0,
0.202,0.212,0.3,0,
0.145,0.159,0.231,0,
0.223,0.245,0.318,0,
0.151,0.139,0.324,0,
0.185,0.214,0.325,0,
0.162,0.169,0.289,0,
0.196,0.209,0.279,0,
0.16,0.208,0.267,0,
0.117,0.106,0.205,0,
0.169,0.172,0.271,0,
0.151,0.166,0.24,0,
0.146,0.14,0.272,0,
0.258,0.293,0.381,0,
0.168,0.179,0.29,0,
0.149,0.142,0.281,0,
0.23,0.244,0.301,0,
0.203,0.21,0.289,0,
0.09,0.106,0.186,-0.023,
0.133,0.141,0.204,0,
0.186,0.19,0.31,0,
0.227,0.233,0.326,0,
0.17,0.191,0.251,0,
0.153,0.182,0.204,0,
0.209,0.252,0.296,0,
0.215,0.24,0.314,0,
0.214,0.241,0.289,0,
0.189,0.199,0.277,0,
0.21,0.228,0.295,0,
0.167,0.176,0.276,0,
0.182,0.194,0.267,0,
0.089,0.097,0.177,-0.003,
0.182,0.199,0.241,0,
0.171,0.193,0.243,0,
0.082,0.06,0.231,-0.008,
0.189,0.211,0.252,0,
0.226,0.251,0.308,0,
0.136,0.149,0.201,0,
0.094,0.072,0.168,0,
0.2,0.222,0.277,0,
0.216,0.251,0.295,0,
0.178,0.188,0.282,0,
0.203,0.222,0.293,0,
0.166,0.175,0.244,0,
0.159,0.16,0.259,0,
0.175,0.203,0.243,0,
0.135,0.135,0.244,0,
0.133,0.143,0.237,0,
0.208,0.227,0.292,0,
0.141,0.139,0.234,0,
0.165,0.159,0.267,0,
0.201,0.215,0.302,0,
0.151,0.153,0.29,0,
0.106,0.103,0.189,0,
0.21,0.215,0.324,0,
0.233,0.272,0.319,0,
0.108,0.131,0.227,-0.001,
0.179,0.205,0.311,0,
0.183,0.19,0.285,0,
0.087,0.064,0.175,0,
0.232,0.265,0.32,0,
0.158,0.162,0.232,0,
0.206,0.22,0.308,0,
0.167,0.213,0.259,0,
0.189,0.201,0.338,0,
0.171,0.165,0.263,0,
0.109,0.129,0.175,0,
0.172,0.209,0.248,0,
0.166,0.175,0.262,0,
0.208,0.239,0.327,0,
0.161,0.162,0.311,0,
0.136,0.153,0.203,0,
0.137,0.143,0.216,0,
0.207,0.226,0.291,0,
0.092,0.088,0.178,-0.034,
0.207,0.232,0.291,0,
0.247,0.236,0.383,0,
0.159,0.189,0.245,0,
0.125,0.14,0.22,0,
0.235,0.265,0.342,0,
0.053,0.027,0.182,-0.043,
0.167,0.15,0.277,0,
0.224,0.26,0.316,0,
0.134,0.149,0.254,0,
0.192,0.203,0.298,0,
0.186,0.197,0.286,0,
0.224,0.253,0.318,0,
0.188,0.196,0.33,0,
0.078,0.07,0.197,-0.009,
0.102,0.124,0.176,-0.013,
0.116,0.117,0.184,0,
0.224,0.247,0.3,0,
0.165,0.172,0.298,0,
0.192,0.201,0.284,0,
0.221,0.266,0.353,0,
0.179,0.204,0.284,0,
0.136,0.142,0.265,0,
0.163,0.186,0.248,0,
0.186,0.224,0.301,0,
0.116,0.122,0.17,0,
0.184,0.206,0.289,0,
0.209,0.227,0.304,0,
0.148,0.133,0.242,0,
0.162,0.174,0.241,0,
0.183,0.208,0.303,0,
0.23,0.263,0.331,0,
0.189,0.195,0.272,0,
0.233,0.253,0.322,0,
0.162,0.157,0.274,0,
0.249,0.292,0.352,0,
0.152,0.157,0.258,0,
0.238,0.274,0.359,0,
0.183,0.19,0.295,0,
0.141,0.145,0.264,0,
0.225,0.262,0.278,0,
0.161,0.168,0.272,0,
0.147,0.168,0.248,0,
0.122,0.124,0.218,0,
0.16,0.167,0.246,0,
0.183,0.215,0.285,0,
0.081,0.075,0.179,0,
0.191,0.201,0.273,0,
0.204,0.218,0.302,0,
0.193,0.222,0.269,0,
0.172,0.197,0.234,0,
0.225,0.218,0.339,0,
0.214,0.238,0.315,0,
0.208,0.203,0.327,0,
0.104,0.121,0.205,0,
0.225,0.248,0.31,0,
0.185,0.21,0.261,0,
0.077,0.07,0.165,0,
0.168,0.192,0.239,0,
0.186,0.208,0.269,0,
0.209,0.253,0.301,0,
0.128,0.158,0.245,0,
0.159,0.175,0.223,0,
0.129,0.131,0.251,0,
0.178,0.191,0.295,0,
0.178,0.217,0.245,0,
0.172,0.188,0.273,0,
0.207,0.247,0.26,0,
0.12,0.151,0.214,0,
0.156,0.163,0.258,0,
0.159,0.185,0.251,0,
0.08,0.072,0.219,-0.03,
0.128,0.129,0.239,0,
0.183,0.2,0.277,0,
0.195,0.223,0.297,0,
0.184,0.223,0.253,0,
0.073,0.066,0.146,0,
0.176,0.177,0.294,0,
0.166,0.17,0.25,0,
0.174,0.16,0.287,0,
0.2,0.211,0.342,0,
0.23,0.261,0.326,0,
0.209,0.228,0.299,0,
0.159,0.167,0.22,0,
0.229,0.249,0.322,0,
0.159,0.159,0.262,0,
0.219,0.229,0.336,0,
0.171,0.191,0.289,0,
0.189,0.197,0.267,0,
0.212,0.214,0.32,0,
0.182,0.192,0.334,0,
0.226,0.241,0.37,0,
0.212,0.226,0.31,0,
0.196,0.218,0.285,0,
0.337,0.379,0.439,0,
0.309,0.334,0.413,0,
0.336,0.382,0.468,0,
0.315,0.344,0.409,0,
0.32,0.355,0.446,0,
0.33,0.367,0.428,0,
0.321,0.354,0.439,0,
0.299,0.348,0.387,0,
0.292,0.312,0.417,0,
0.303,0.344,0.407,0,
0.316,0.358,0.427,0,
0.276,0.296,0.43,0,
0.318,0.35,0.41,0,
0.314,0.346,0.437,0,
0.314,0.337,0.431,0,
0.314,0.358,0.432,0,
0.305,0.346,0.414,0,
0.318,0.376,0.439,0,
0.306,0.361,0.416,0,
0.288,0.338,0.403,0,
0.294,0.323,0.399,0,
0.313,0.344,0.448,0,
0.287,0.34,0.407,0,
0.326,0.365,0.412,0,
0.342,0.377,0.467,0,
0.339,0.386,0.432,0,
0.322,0.35,0.44,0,
0.28,0.315,0.39,0,
0.334,0.373,0.416,0,
0.315,0.366,0.41,0,
0.317,0.35,0.439,0,
0.28,0.291,0.389,0,
0.289,0.315,0.376,0,
0.272,0.296,0.378,0,
0.327,0.355,0.415,0,
0.275,0.326,0.425,0,
0.294,0.331,0.397,0,
0.295,0.318,0.446,0,
0.313,0.356,0.415,0,
0.316,0.343,0.435,0,
0.318,0.351,0.425,0,
0.305,0.344,0.415,0,
0.321,0.374,0.427,0,
0.326,0.377,0.442,0,
0.332,0.361,0.451,0,
0.337,0.383,0.467,0,
0.332,0.366,0.45,0,
0.29,0.326,0.406,0,
0.324,0.357,0.432,0,
0.281,0.315,0.419,0,
0.3,0.331,0.421,0,
0.318,0.36,0.436,0,
0.281,0.308,0.43,0,
0.333,0.395,0.447,0,
0.301,0.344,0.434,0,
0.315,0.351,0.419,0,
0.328,0.341,0.476,0,
0.324,0.363,0.413,0,
0.315,0.382,0.407,0,
0.294,0.335,0.399,0,
0.317,0.344,0.408,0,
0.33,0.376,0.423,0,
0.324,0.342,0.481,0,
0.342,0.401,0.459,0,
0.333,0.357,0.43,0,
0.324,0.384,0.432,0,
0.299,0.36,0.395,0,
0.299,0.354,0.44,0,
0.325,0.36,0.416,0,
0.321,0.355,0.433,0,
0.304,0.347,0.415,0,
0.312,0.349,0.469,0,
0.328,0.359,0.434,0,
0.322,0.356,0.429,0,
0.327,0.372,0.434,0,
0.314,0.366,0.442,0,
0.337,0.376,0.439,0,
0.276,0.316,0.411,0,
0.336,0.386,0.423,0,
0.287,0.329,0.419,0,
0.305,0.325,0.39,0,
0.322,0.391,0.442,0,
0.339,0.394,0.425,0,
0.317,0.357,0.431,0,
0.328,0.368,0.421,0,
0.303,0.347,0.427,0,
0.331,0.392,0.438,0,
0.254,0.273,0.417,0,
0.31,0.347,0.43,0,
0.323,0.417,0.451,0,
0.281,0.32,0.373,0,
0.333,0.382,0.432,0,
0.307,0.352,0.415,0,
0.315,0.366,0.394,0,
0.323,0.344,0.447,0,
0.263,0.302,0.372,0,
0.311,0.334,0.477,0,
0.303,0.339,0.47,0,
0.34,0.386,0.419,0,
0.332,0.375,0.445,0,
0.33,0.358,0.416,0,
0.32,0.357,0.429,0,
0.328,0.384,0.44,0,
0.311,0.373,0.408,0,
0.318,0.358,0.44,0,
0.279,0.312,0.408,0,
0.346,0.386,0.434,0,
0.319,0.351,0.438,0,
0.29,0.341,0.415,0,
0.293,0.334,0.462,0,
0.293,0.316,0.433,0,
0.32,0.344,0.448,0,
0.286,0.307,0.467,0,
0.306,0.339,0.399,0,
0.299,0.336,0.412,0,
0.345,0.389,0.419,0,
0.307,0.325,0.41,0,
0.343,0.396,0.438,0,
0.302,0.331,0.433,0,
0.311,0.35,0.457,0,
0.313,0.356,0.408,0,
0.325,0.365,0.419,0,
0.314,0.372,0.438,0,
0.283,0.336,0.394,0,
0.299,0.323,0.445,0,
0.335,0.37,0.413,0,
0.335,0.382,0.436,0,
0.313,0.358,0.441,0,
0.264,0.279,0.382,0,
0.287,0.317,0.471,0,
0.303,0.351,0.426,0,
0.314,0.322,0.448,0,
0.317,0.364,0.414,0,
0.281,0.323,0.405,0,
0.304,0.336,0.396,0,
0.329,0.362,0.418,0,
0.338,0.372,0.438,0,
0.256,0.281,0.384,0,
0.299,0.332,0.402,0,
0.296,0.331,0.395,0,
0.269,0.296,0.386,0,
0.327,0.378,0.409,0,
0.306,0.347,0.444,0,
0.318,0.362,0.412,0,
0.315,0.352,0.436,0,
0.27,0.295,0.45,0,
0.324,0.359,0.432,0,
0.296,0.338,0.409,0,
0.31,0.334,0.433,0,
0.314,0.36,0.397,0,
0.323,0.357,0.43,0,
0.276,0.295,0.438,0,
0.307,0.341,0.435,0,
0.335,0.388,0.458,0,
0.301,0.337,0.422,0,
0.313,0.358,0.445,0,
0.291,0.349,0.378,0,
0.332,0.378,0.42,0,
0.262,0.294,0.4,0,
0.322,0.358,0.43,0,
0.293,0.325,0.42,0,
0.31,0.34,0.439,0,
0.318,0.338,0.45,0,
0.309,0.342,0.444,0,
0.33,0.371,0.453,0,
0.333,0.373,0.437,0,
0.302,0.331,0.457,0,
0.321,0.359,0.388,0,
0.299,0.331,0.42,0,
0.32,0.336,0.449,0,
0.326,0.364,0.419,0,
0.271,0.29,0.373,0,
0.324,0.355,0.431,0,
0.275,0.287,0.391,0,
0.289,0.326,0.413,0,
0.261,0.284,0.44,0,
0.337,0.391,0.425,0,
0.315,0.342,0.419,0,
0.29,0.324,0.436,0,
0.293,0.337,0.394,0,
0.308,0.343,0.445,0,
0.284,0.317,0.383,0,
0.326,0.376,0.425,0,
0.284,0.314,0.399,0,
0.289,0.328,0.401,0,
0.303,0.352,0.396,0,
0.337,0.4,0.449,0,
0.295,0.337,0.416,0,
0.311,0.339,0.446,0,
0.311,0.346,0.396,0,
0.256,0.325,0.365,0,
0.293,0.325,0.422,0,
0.316,0.363,0.455,0,
0.246,0.256,0.36,0,
0.326,0.359,0.425,0,
0.284,0.32,0.372,0,
0.26,0.29,0.413,0,
0.327,0.371,0.47,0,
0.303,0.341,0.437,0,
0.311,0.329,0.415,0,
0.291,0.363,0.396,0,
0.262,0.292,0.367,0,
0.261,0.266,0.451,0,
0.257,0.294,0.416,0,
0.305,0.345,0.405,0,
0.317,0.347,0.469,0,
0.336,0.374,0.446,0,
0.31,0.337,0.435,0,
0.298,0.337,0.41,0,
0.337,0.372,0.439,0,
0.336,0.396,0.423,0,
0.327,0.393,0.463,0,
0.262,0.286,0.416,0,
0.295,0.324,0.39,0,
0.328,0.367,0.424,0,
0.268,0.301,0.356,0,
0.264,0.307,0.36,0,
0.271,0.289,0.392,0,
0.303,0.309,0.463,0,
0.302,0.355,0.417,0,
0.277,0.303,0.416,0,
0.328,0.372,0.43,0,
0.319,0.354,0.42,0,
0.341,0.387,0.44,0,
0.305,0.336,0.433,0,
0.322,0.359,0.42,0,
0.32,0.367,0.476,0,
0.293,0.345,0.406,0,
0.329,0.353,0.425,0,
0.309,0.332,0.414,0,
0.302,0.34,0.401,0,
0.271,0.288,0.397,0,
0.319,0.381,0.448,0,
0.297,0.325,0.445,0,
0.307,0.345,0.431,0,
0.315,0.35,0.452,0,
0.289,0.321,0.406,0,
0.291,0.309,0.455,0,
0.287,0.328,0.371,0,
0.295,0.352,0.401,0,
0.281,0.286,0.391,0,
0.325,0.355,0.448,0,
0.295,0.337,0.41,0,
0.304,0.352,0.422,0,
0.299,0.334,0.438,0,
0.327,0.387,0.453,0,
0.298,0.332,0.44,0,
0.279,0.322,0.396,0,
0.293,0.335,0.461,-0.014,
0.34,0.392,0.459,0,
0.33,0.366,0.45,0,
0.222,0.232,0.372,0,
0.253,0.275,0.431,0,
0.314,0.363,0.39,0,
0.305,0.352,0.452,0,
0.309,0.349,0.418,0,
0.279,0.331,0.389,0,
0.283,0.324,0.395,0,
0.297,0.332,0.433,0,
0.31,0.344,0.41,0,
0.171,0.182,0.277,0,
0.324,0.373,0.445,0,
0.314,0.363,0.408,0,
0.248,0.242,0.41,0,
0.316,0.361,0.437,0,
0.326,0.386,0.427,0,
0.317,0.369,0.425,0,
0.325,0.369,0.469,0,
0.267,0.306,0.365,0,
0.279,0.323,0.358,0,
0.291,0.33,0.424,0,
0.271,0.295,0.382,0,
0.31,0.338,0.446,0,
0.312,0.353,0.445,0,
0.256,0.269,0.446,0,
0.284,0.301,0.471,0,
0.297,0.345,0.393,0,
0.293,0.298,0.416,0,
0.299,0.35,0.428,0,
0.314,0.348,0.427,0,
0.318,0.355,0.437,0,
0.306,0.362,0.413,0,
0.287,0.294,0.432,0,
0.314,0.344,0.427,0,
0.299,0.347,0.403,0,
0.242,0.306,0.404,-0.164,
0.309,0.333,0.425,0,
0.332,0.362,0.428,0,
0.259,0.281,0.391,0,
0.308,0.325,0.464,0,
0.313,0.333,0.447,0,
0.298,0.349,0.389,0,
0.332,0.373,0.44,0,
0.283,0.306,0.411,0,
0.295,0.342,0.393,0,
0.344,0.385,0.452,0,
0.249,0.284,0.349,0,
0.33,0.369,0.427,0,
0.311,0.356,0.406,0,
0.313,0.363,0.437,0,
0.234,0.291,0.351,0,
0.285,0.332,0.426,0,
0.331,0.384,0.449,0,
0.319,0.352,0.43,0,
0.331,0.365,0.424,0,
0.332,0.368,0.445,0,
0.254,0.277,0.403,0,
0.277,0.321,0.419,0,
0.312,0.344,0.428,0,
0.288,0.331,0.395,0,
0.309,0.329,0.431,0,
0.312,0.345,0.438,0,
0.259,0.32,0.452,0,
0.29,0.32,0.365,0,
0.321,0.385,0.447,0,
0.184,0.239,0.347,-0.135,
0.318,0.363,0.433,0,
0.301,0.325,0.444,0,
0.294,0.327,0.401,0,
0.302,0.327,0.429,0,
0.276,0.292,0.404,0,
0.286,0.348,0.434,0,
0.277,0.311,0.411,0,
0.292,0.346,0.434,0,
0.34,0.37,0.422,0,
0.337,0.387,0.458,0,
0.304,0.365,0.402,0,
0.256,0.273,0.383,0,
0.29,0.307,0.432,0,
0.252,0.28,0.394,0,
0.273,0.332,0.38,0,
0.313,0.352,0.43,0,
0.326,0.379,0.45,0,
0.276,0.333,0.403,0,
0.291,0.334,0.389,0,
0.32,0.368,0.424,0,
0.275,0.312,0.399,0,
0.259,0.283,0.441,0,
0.29,0.279,0.436,0,
0.266,0.287,0.38,0,
0.314,0.336,0.429,0,
0.289,0.336,0.364,0,
0.262,0.279,0.42,0,
0.3,0.323,0.428,0,
0.217,0.248,0.391,0,
0.318,0.351,0.424,0,
0.279,0.306,0.382,0,
0.29,0.356,0.443,0,
0.331,0.354,0.472,0,
0.242,0.267,0.365,0,
0.302,0.362,0.398,0,
0.222,0.253,0.363,-0.003,
0.318,0.358,0.439,0,
0.281,0.312,0.366,0,
0.312,0.345,0.394,0,
0.325,0.362,0.436,0,
0.252,0.277,0.347,0,
0.254,0.25,0.381,0,
0.323,0.389,0.414,0,
0.308,0.348,0.412,0,
0.25,0.288,0.371,0,
0.323,0.36,0.451,0,
0.326,0.363,0.462,0,
0.3,0.333,0.393,0,
0.311,0.345,0.456,0,
0.301,0.336,0.392,0,
0.326,0.363,0.421,0,
0.32,0.365,0.458,0,
0.287,0.294,0.452,0,
0.31,0.344,0.42,0,
0.249,0.264,0.383,0,
0.294,0.342,0.416,0,
0.32,0.341,0.433,0,
0.32,0.372,0.419,0,
0.328,0.367,0.443,0,
0.3,0.34,0.408,0,
0.274,0.326,0.387,0,
0.265,0.305,0.412,0,
0.249,0.281,0.432,0,
0.24,0.26,0.352,0,
0.277,0.307,0.397,0,
0.311,0.366,0.48,0,
0.318,0.382,0.416,0,
0.308,0.345,0.398,0,
0.311,0.343,0.404,0,
0.321,0.357,0.42,0,
0.3,0.345,0.423,0,
0.289,0.324,0.424,0,
0.285,0.327,0.421,0,
0.298,0.338,0.407,0,
0.292,0.31,0.446,0,
0.317,0.336,0.411,0,
0.315,0.369,0.42,0,
0.291,0.329,0.399,0,
0.297,0.322,0.408,0,
0.252,0.311,0.368,0,
0.267,0.302,0.388,0,
0.317,0.355,0.426,0,
0.296,0.33,0.419,0,
0.334,0.376,0.452,0,
0.312,0.343,0.463,0,
0.308,0.352,0.421,0,
0.272,0.318,0.379,0,
0.254,0.285,0.344,0,
0.315,0.37,0.426,0,
0.263,0.29,0.379,0,
0.303,0.32,0.411,0,
0.306,0.345,0.39,0,
0.301,0.348,0.405,0,
0.319,0.376,0.416,0,
0.287,0.308,0.438,0,
0.317,0.33,0.43,0,
0.32,0.358,0.426,0,
0.308,0.363,0.406,0,
0.297,0.349,0.383,0,
0.319,0.372,0.411,0,
0.288,0.336,0.411,0,
0.284,0.329,0.404,0,
0.334,0.391,0.44,0,
0.31,0.352,0.386,0,
0.299,0.347,0.397,0,
0.242,0.249,0.363,0,
0.275,0.3,0.362,0,
0.247,0.277,0.385,0,
0.318,0.369,0.424,0,
0.312,0.338,0.451,0,
0.254,0.274,0.34,0,
0.279,0.323,0.359,0,
0.336,0.378,0.457,0,
0.3,0.334,0.405,0,
0.319,0.364,0.42,0,
0.315,0.362,0.422,0,
0.312,0.355,0.43,0,
0.217,0.252,0.325,0,
0.232,0.283,0.347,0,
0.286,0.323,0.368,0,
0.252,0.262,0.397,0,
0.299,0.321,0.418,0,
0.321,0.346,0.454,0,
0.302,0.335,0.407,0,
0.241,0.289,0.368,-0.049,
0.299,0.32,0.415,0,
0.309,0.353,0.44,0,
0.348,0.389,0.447,0,
0.334,0.382,0.428,0,
0.316,0.354,0.43,0,
0.308,0.359,0.414,0,
0.25,0.298,0.351,0,
0.202,0.215,0.381,0,
0.295,0.326,0.415,0,
0.294,0.315,0.397,0,
0.275,0.321,0.377,0,
0.321,0.354,0.421,0,
0.309,0.355,0.475,0,
0.26,0.293,0.39,0,
0.292,0.333,0.427,0,
0.29,0.316,0.379,0,
0.261,0.312,0.383,0,
0.325,0.348,0.453,0,
0.301,0.347,0.431,0,
0.296,0.318,0.439,0,
0.302,0.336,0.437,0,
0.284,0.317,0.418,0,
0.305,0.376,0.413,0,
0.231,0.276,0.321,0,
0.269,0.28,0.366,0,
0.29,0.341,0.419,0,
0.2,0.25,0.293,0,
0.326,0.378,0.452,0,
0.311,0.35,0.412,0,
0.32,0.352,0.429,0,
0.344,0.394,0.435,0,
0.226,0.25,0.388,0,
0.303,0.346,0.387,0,
0.306,0.327,0.385,0,
0.274,0.348,0.411,0,
0.205,0.229,0.305,0,
0.266,0.323,0.405,0,
0.32,0.363,0.447,0,
0.297,0.316,0.405,0,
0.279,0.295,0.396,0,
0.267,0.28,0.401,0,
0.297,0.307,0.407,0,
0.314,0.339,0.414,0,
0.299,0.338,0.403,0,
0.297,0.345,0.442,0,
0.308,0.345,0.436,0,
0.167,0.158,0.3,0,
0.228,0.257,0.384,0,
0.295,0.333,0.422,0,
0.318,0.364,0.414,0,
0.273,0.327,0.411,0,
0.312,0.34,0.445,0,
0.256,0.292,0.396,0,
0.276,0.3,0.414,0,
0.259,0.279,0.35,0,
0.311,0.35,0.441,0,
0.327,0.371,0.438,0,
0.235,0.263,0.392,0,
0.303,0.335,0.408,0,
0.22,0.259,0.313,0,
0.3,0.34,0.396,0,
0.28,0.319,0.395,0,
0.31,0.334,0.435,0,
0.294,0.325,0.411,0,
0.313,0.344,0.442,0,
0.306,0.342,0.419,0,
0.339,0.386,0.442,0,
0.208,0.222,0.337,0,
0.306,0.335,0.422,0,
0.305,0.345,0.411,0,
0.286,0.351,0.411,0,
0.305,0.328,0.427,0,
0.331,0.376,0.403,0,
0.302,0.343,0.432,0,
0.273,0.278,0.404,0,
0.302,0.345,0.424,0,
0.258,0.272,0.433,0,
0.258,0.289,0.408,0,
0.304,0.359,0.376,0,
0.302,0.344,0.377,0,
0.305,0.347,0.403,0,
0.286,0.321,0.411,0,
0.277,0.304,0.395,0,
0.255,0.277,0.392,0,
0.277,0.297,0.404,0,
0.308,0.338,0.444,0,
0.313,0.354,0.422,0,
0.322,0.357,0.431,0,
0.286,0.304,0.442,0,
0.263,0.298,0.425,0,
0.215,0.226,0.324,0,
0.29,0.32,0.451,0,
0.314,0.384,0.436,0,
0.266,0.262,0.403,0,
0.244,0.258,0.394,0,
0.289,0.323,0.386,0,
0.308,0.337,0.414,0,
0.202,0.236,0.325,0,
0.263,0.311,0.436,0,
0.296,0.338,0.412,0,
0.297,0.339,0.413,0,
0.316,0.363,0.415,0,
0.261,0.306,0.392,0,
0.31,0.363,0.396,0,
0.31,0.351,0.401,0,
0.275,0.311,0.391,0,
0.254,0.273,0.386,0,
0.3,0.307,0.424,0,
0.324,0.369,0.412,0,
0.238,0.274,0.357,0,
0.281,0.345,0.403,0,
0.287,0.331,0.409,0,
0.281,0.312,0.397,0,
0.3,0.334,0.418,0,
0.305,0.32,0.45,0,
0.31,0.336,0.446,0,
0.316,0.344,0.44,0,
0.311,0.356,0.415,0,
0.283,0.295,0.431,0,
0.262,0.281,0.373,0,
0.243,0.245,0.368,0,
0.338,0.395,0.454,0,
0.279,0.293,0.383,0,
0.337,0.378,0.464,0,
0.129,0.124,0.264,-0.048,
0.273,0.321,0.403,0,
0.311,0.37,0.403,0,
0.324,0.383,0.413,0,
0.296,0.332,0.41,0,
0.221,0.246,0.297,0,
0.294,0.326,0.414,0,
0.287,0.306,0.413,0,
0.284,0.325,0.421,0,
0.3,0.336,0.419,0,
0.263,0.298,0.409,0,
0.296,0.339,0.451,0,
0.249,0.262,0.358,0,
0.314,0.37,0.436,0,
0.298,0.314,0.417,0,
0.302,0.325,0.421,0,
0.288,0.302,0.4,0,
0.273,0.299,0.375,0,
0.283,0.309,0.423,0,
0.215,0.202,0.374,0,
0.353,0.392,0.439,0,
0.356,0.386,0.442,0,
0.348,0.378,0.428,0,
0.346,0.384,0.45,0,
0.349,0.381,0.423,0,
0.378,0.403,0.492,0,
0.344,0.373,0.463,0,
0.362,0.407,0.452,0,
0.345,0.382,0.446,0,
0.362,0.398,0.452,0,
0.337,0.365,0.477,0,
0.334,0.367,0.5,0,
0.33,0.352,0.451,0,
0.336,0.385,0.42,0,
0.299,0.34,0.434,0,
0.355,0.398,0.444,0,
0.34,0.377,0.427,0,
0.355,0.387,0.452,0,
0.343,0.386,0.433,0,
0.333,0.37,0.412,0,
0.325,0.336,0.443,0,
0.325,0.36,0.387,0,
0.36,0.4,0.473,0,
0.349,0.383,0.444,0,
0.345,0.368,0.467,0,
0.363,0.399,0.456,0,
0.317,0.366,0.42,0,
0.346,0.392,0.461,0,
0.36,0.404,0.431,0,
0.37,0.415,0.447,0,
0.338,0.376,0.445,0,
0.349,0.405,0.447,0,
0.334,0.371,0.429,0,
0.349,0.383,0.468,0,
0.358,0.393,0.467,0,
0.363,0.395,0.433,0,
0.342,0.376,0.448,0,
0.349,0.361,0.474,0,
0.337,0.371,0.414,0,
0.327,0.357,0.494,0,
0.347,0.374,0.46,0,
0.335,0.374,0.459,0,
0.328,0.351,0.495,0,
0.343,0.369,0.45,0,
0.328,0.375,0.433,0,
0.337,0.341,0.456,0,
0.322,0.362,0.437,0,
0.359,0.414,0.463,0,
0.348,0.396,0.464,0,
0.343,0.385,0.503,0,
0.331,0.358,0.438,0,
0.341,0.371,0.464,0,
0.34,0.377,0.458,0,
0.342,0.377,0.439,0,
0.318,0.366,0.415,0,
0.313,0.346,0.481,0,
0.315,0.352,0.425,0,
0.354,0.383,0.444,0,
0.311,0.339,0.43,0,
0.364,0.388,0.472,0,
0.372,0.41,0.448,0,
0.342,0.361,0.476,0,
0.344,0.373,0.457,0,
0.361,0.38,0.485,0,
0.371,0.419,0.485,0,
0.354,0.385,0.463,0,
0.361,0.404,0.48,0,
0.344,0.371,0.462,0,
0.359,0.407,0.463,0,
0.335,0.374,0.437,0,
0.367,0.4,0.479,0,
0.342,0.366,0.443,0,
0.354,0.395,0.454,0,
0.357,0.403,0.455,0,
0.331,0.357,0.454,0,
0.339,0.362,0.466,0,
0.357,0.395,0.462,0,
0.349,0.367,0.487,0,
0.336,0.367,0.433,0,
0.36,0.407,0.475,0,
0.294,0.336,0.398,0,
0.348,0.387,0.453,0,
0.342,0.383,0.457,0,
0.318,0.331,0.456,0,
0.34,0.395,0.442,0,
0.337,0.353,0.47,0,
0.338,0.365,0.46,0,
0.312,0.329,0.397,0,
0.335,0.361,0.456,0,
0.356,0.4,0.459,0,
0.314,0.336,0.434,0,
0.334,0.38,0.449,0,
0.359,0.397,0.431,0,
0.336,0.369,0.433,0,
0.359,0.386,0.446,0,
0.321,0.342,0.434,0,
0.329,0.365,0.442,0,
0.34,0.374,0.43,0,
0.36,0.397,0.436,0,
0.33,0.373,0.469,0,
0.351,0.412,0.449,0,
0.367,0.397,0.461,0,
0.342,0.359,0.467,0,
0.342,0.369,0.422,0,
0.326,0.363,0.436,0,
0.333,0.364,0.451,0,
0.304,0.327,0.487,0,
0.333,0.367,0.469,0,
0.31,0.35,0.453,0,
0.352,0.384,0.442,0,
0.354,0.387,0.451,0,
0.33,0.352,0.467,0,
0.351,0.392,0.424,0,
0.366,0.393,0.485,0,
0.313,0.366,0.449,0,
0.337,0.374,0.447,0,
0.334,0.387,0.442,0,
0.328,0.378,0.409,0,
0.355,0.406,0.444,0,
0.316,0.356,0.425,0,
0.362,0.401,0.442,0,
0.349,0.395,0.497,0,
0.33,0.344,0.48,0,
0.337,0.381,0.457,0,
0.327,0.367,0.422,0,
0.35,0.395,0.45,0,
0.362,0.405,0.472,0,
0.356,0.382,0.471,0,
0.339,0.384,0.483,0,
0.358,0.393,0.445,0,
0.352,0.372,0.49,0,
0.367,0.4,0.471,0,
0.352,0.402,0.497,0,
0.328,0.368,0.419,0,
0.368,0.403,0.437,0,
0.338,0.378,0.432,0,
0.327,0.368,0.415,0,
0.356,0.381,0.463,0,
0.364,0.413,0.438,0,
0.318,0.337,0.417,0,
0.33,0.365,0.465,0,
0.326,0.36,0.426,0,
0.341,0.373,0.461,0,
0.331,0.375,0.432,0,
0.337,0.367,0.46,0,
0.35,0.39,0.441,0,
0.308,0.342,0.437,0,
0.341,0.381,0.438,0,
0.359,0.398,0.449,0,
0.35,0.391,0.498,0,
0.371,0.401,0.481,0,
0.341,0.369,0.444,0,
0.381,0.415,0.482,0,
0.302,0.323,0.469,0,
0.356,0.392,0.439,0,
0.296,0.3,0.435,0,
0.34,0.371,0.44,0,
0.293,0.331,0.468,0,
0.344,0.391,0.472,0,
0.358,0.394,0.448,0,
0.323,0.373,0.428,0,
0.323,0.367,0.473,0,
0.367,0.407,0.439,0,
0.339,0.362,0.452,0,
0.34,0.364,0.44,0,
0.348,0.393,0.409,0,
0.331,0.37,0.444,0,
0.344,0.384,0.446,0,
0.33,0.346,0.457,0,
0.273,0.319,0.395,0,
0.327,0.349,0.462,0,
0.325,0.366,0.461,0,
0.361,0.407,0.485,0,
0.33,0.368,0.414,0,
0.365,0.412,0.471,0,
0.311,0.361,0.43,0,
0.334,0.38,0.472,0,
0.332,0.363,0.408,0,
0.317,0.33,0.431,0,
0.317,0.353,0.439,0,
0.352,0.374,0.501,0,
0.328,0.368,0.463,0,
0.371,0.409,0.47,0,
0.348,0.399,0.45,0,
0.327,0.335,0.494,0,
0.349,0.385,0.461,0,
0.342,0.374,0.462,0,
0.352,0.385,0.441,0,
0.309,0.331,0.409,0,
0.319,0.36,0.469,0,
0.321,0.365,0.459,0,
0.306,0.34,0.447,0,
0.341,0.368,0.455,0,
0.329,0.386,0.43,0,
0.316,0.352,0.407,0,
0.334,0.36,0.436,0,
0.345,0.377,0.45,0,
0.352,0.379,0.503,0,
0.328,0.372,0.468,0,
0.342,0.392,0.422,0,
0.353,0.39,0.457,0,
0.361,0.406,0.459,0,
0.334,0.368,0.471,0,
0.356,0.383,0.445,0,
0.347,0.367,0.47,0,
0.289,0.316,0.41,0,
0.328,0.356,0.483,0,
0.347,0.389,0.471,0,
0.36,0.392,0.452,0,
0.374,0.41,0.468,0,
0.329,0.373,0.441,0,
0.344,0.396,0.449,0,
0.288,0.314,0.438,0,
0.339,0.376,0.458,0,
0.308,0.319,0.447,0,
0.311,0.328,0.457,0,
0.364,0.412,0.482,0,
0.311,0.324,0.426,0,
0.362,0.397,0.464,0,
0.346,0.368,0.458,0,
0.343,0.415,0.456,0,
0.319,0.355,0.416,0,
0.319,0.334,0.436,0,
0.346,0.388,0.448,0,
0.369,0.407,0.473,0,
0.338,0.382,0.422,0,
0.351,0.396,0.471,0,
0.341,0.391,0.474,0,
0.356,0.387,0.459,0,
0.289,0.311,0.391,0,
0.335,0.362,0.475,0,
0.348,0.379,0.456,0,
0.318,0.35,0.467,0,
0.322,0.365,0.4,0,
0.311,0.339,0.412,0,
0.347,0.384,0.456,0,
0.324,0.332,0.481,0,
0.32,0.356,0.47,0,
0.317,0.34,0.419,0,
0.357,0.397,0.422,0,
0.289,0.314,0.383,0,
0.318,0.34,0.446,0,
0.355,0.396,0.454,0,
0.348,0.386,0.434,0,
0.362,0.401,0.452,0,
0.33,0.357,0.457,0,
0.317,0.34,0.414,0,
0.305,0.34,0.404,0,
0.353,0.377,0.436,0,
0.336,0.371,0.42,0,
0.313,0.345,0.418,0,
0.351,0.385,0.467,0,
0.307,0.366,0.427,0,
0.322,0.355,0.417,0,
0.376,0.419,0.489,0,
0.308,0.339,0.434,0,
0.352,0.384,0.461,0,
0.331,0.353,0.446,0,
0.282,0.291,0.393,0,
0.32,0.347,0.423,0,
0.292,0.325,0.456,0,
0.34,0.374,0.465,0,
0.353,0.382,0.436,0,
0.335,0.395,0.431,0,
0.295,0.35,0.475,0,
0.325,0.364,0.459,0,
0.375,0.402,0.485,0,
0.35,0.4,0.477,0,
0.296,0.32,0.411,0,
0.331,0.377,0.471,0,
0.343,0.367,0.478,0,
0.323,0.322,0.474,0,
0.323,0.347,0.419,0,
0.33,0.369,0.433,0,
0.331,0.332,0.48,0,
0.37,0.406,0.476,0,
0.343,0.384,0.457,0,
0.336,0.364,0.444,0,
0.341,0.379,0.458,0,
0.349,0.398,0.421,0,
0.346,0.379,0.461,0,
0.351,0.385,0.468,0,
0.365,0.388,0.483,0,
0.317,0.351,0.455,0,
0.344,0.381,0.446,0,
0.349,0.389,0.479,0,
0.342,0.378,0.42,0,
0.341,0.363,0.484,0,
0.342,0.376,0.422,0,
0.355,0.395,0.453,0,
0.326,0.358,0.415,0,
0.347,0.372,0.504,0,
0.336,0.372,0.443,0,
0.342,0.378,0.44,0,
0.337,0.361,0.438,0,
0.251,0.289,0.364,0,
0.341,0.362,0.471,0,
0.347,0.38,0.431,0,
0.343,0.384,0.432,0,
0.356,0.391,0.437,0,
0.337,0.387,0.428,0,
0.334,0.362,0.49,0,
0.335,0.376,0.43,0,
0.3,0.355,0.423,0,
0.365,0.409,0.469,0,
0.306,0.336,0.419,0,
0.361,0.398,0.475,0,
0.335,0.366,0.44,0,
0.337,0.363,0.453,0,
0.342,0.388,0.459,0,
0.356,0.398,0.462,0,
0.335,0.369,0.423,0,
0.345,0.395,0.472,0,
0.27,0.284,0.402,0,
0.348,0.39,0.448,0,
0.376,0.409,0.465,0,
0.299,0.356,0.428,0,
0.34,0.365,0.446,0,
0.323,0.34,0.465,0,
0.354,0.392,0.443,0,
0.33,0.342,0.457,0,
0.342,0.385,0.475,0,
0.334,0.383,0.439,0,
0.351,0.393,0.473,0,
0.34,0.366,0.436,0,
0.352,0.391,0.439,0,
0.324,0.364,0.432,0,
0.346,0.411,0.446,0,
0.295,0.32,0.415,0,
0.333,0.375,0.424,0,
0.344,0.376,0.438,0,
0.353,0.39,0.436,0,
0.37,0.417,0.47,0,
0.35,0.381,0.462,0,
0.334,0.352,0.477,0,
0.351,0.385,0.489,0,
0.317,0.343,0.418,0,
0.334,0.384,0.412,0,
0.338,0.388,0.446,0,
0.296,0.318,0.423,0,
0.343,0.384,0.442,0,
0.324,0.36,0.488,0,
0.352,0.378,0.445,0,
0.317,0.355,0.41,0,
0.322,0.343,0.436,0,
0.29,0.314,0.387,0,
0.346,0.39,0.45,0,
0.283,0.334,0.402,0,
0.356,0.4,0.438,0,
0.352,0.374,0.475,0,
0.351,0.392,0.43,0,
0.329,0.352,0.449,0,
0.341,0.388,0.431,0,
0.354,0.374,0.51,0,
0.317,0.333,0.484,0,
0.325,0.367,0.397,0,
0.311,0.348,0.406,0,
0.315,0.34,0.471,0,
0.312,0.386,0.462,-0.049,
0.341,0.384,0.469,0,
0.348,0.39,0.473,0,
0.321,0.35,0.464,0,
0.314,0.369,0.395,0,
0.348,0.385,0.423,0,
0.266,0.298,0.366,0,
0.314,0.352,0.4,0,
0.334,0.364,0.444,0,
0.346,0.377,0.446,0,
0.334,0.366,0.425,0,
0.341,0.365,0.485,0,
0.288,0.329,0.432,0,
0.341,0.387,0.418,0,
0.331,0.364,0.457,0,
0.313,0.346,0.441,0,
0.319,0.359,0.473,0,
0.33,0.366,0.426,0,
0.361,0.405,0.466,0,
0.3,0.336,0.447,0,
0.344,0.396,0.497,0,
0.309,0.323,0.445,0,
0.331,0.386,0.46,0,
0.377,0.429,0.459,0,
0.344,0.404,0.461,0,
0.305,0.351,0.453,0,
0.325,0.35,0.449,0,
0.318,0.361,0.422,0,
0.305,0.359,0.434,0,
0.35,0.382,0.47,0,
0.33,0.361,0.449,0,
0.349,0.399,0.453,0,
0.283,0.327,0.378,0,
0.356,0.404,0.464,0,
0.336,0.369,0.429,0,
0.316,0.326,0.463,0,
0.323,0.351,0.458,0,
0.301,0.352,0.406,0,
0.296,0.305,0.39,0,
0.32,0.36,0.445,0,
0.358,0.406,0.452,0,
0.319,0.354,0.46,0,
0.334,0.359,0.458,0,
0.288,0.308,0.429,0,
0.362,0.396,0.476,0,
0.323,0.359,0.465,0,
0.354,0.396,0.462,0,
0.34,0.364,0.45,0,
0.326,0.351,0.426,0,
0.337,0.359,0.471,0,
0.292,0.335,0.372,0,
0.358,0.399,0.465,0,
0.363,0.404,0.471,0,
0.331,0.353,0.424,0,
0.334,0.359,0.473,0,
0.361,0.407,0.465,0,
0.334,0.369,0.455,0,
0.342,0.371,0.44,0,
0.324,0.361,0.452,0,
0.334,0.362,0.436,0,
0.331,0.367,0.419,0,
0.345,0.394,0.449,0,
0.339,0.358,0.469,0,
0.319,0.349,0.446,0,
0.345,0.397,0.432,0,
0.356,0.39,0.429,0,
0.329,0.367,0.426,0,
0.336,0.365,0.449,0,
0.336,0.392,0.432,0,
0.319,0.339,0.489,0,
0.329,0.371,0.425,0,
0.344,0.406,0.436,0,
0.31,0.359,0.429,0,
0.328,0.329,0.451,0,
0.331,0.364,0.444,0,
0.281,0.291,0.45,0,
0.361,0.399,0.434,0,
0.304,0.352,0.434,0,
0.341,0.412,0.455,0,
0.336,0.385,0.427,0,
0.305,0.337,0.451,0,
0.296,0.325,0.424,0,
0.359,0.405,0.476,0,
0.309,0.324,0.433,0,
0.308,0.319,0.424,0,
0.323,0.367,0.406,0,
0.31,0.35,0.418,0,
0.292,0.345,0.424,0,
0.338,0.373,0.445,0,
0.33,0.375,0.474,0,
0.334,0.358,0.467,0,
0.338,0.377,0.428,0,
0.313,0.339,0.424,0,
0.344,0.364,0.457,0,
0.319,0.349,0.407,0,
0.378,0.427,0.479,0,
0.297,0.317,0.414,0,
0.347,0.383,0.434,0,
0.352,0.387,0.447,0,
0.338,0.381,0.413,0,
0.332,0.384,0.459,0,
0.313,0.359,0.418,0,
0.334,0.383,0.414,0,
0.354,0.379,0.471,0,
0.338,0.401,0.465,0,
0.334,0.362,0.456,0,
0.328,0.345,0.449,0,
0.338,0.363,0.46,0,
0.321,0.345,0.466,0,
0.322,0.333,0.523,0,
0.342,0.376,0.488,0,
0.363,0.396,0.468,0,
0.335,0.349,0.511,0,
0.348,0.388,0.525,0,
0.331,0.33,0.504,0,
0.343,0.377,0.442,0,
0.312,0.34,0.418,0,
0.33,0.366,0.486,0,
0.339,0.359,0.525,0,
0.316,0.354,0.503,0,
0.325,0.345,0.511,0,
0.333,0.371,0.479,0,
0.319,0.344,0.474,0,
0.332,0.355,0.522,0,
0.343,0.373,0.438,0,
0.314,0.33,0.446,0,
0.324,0.339,0.444,0,
0.323,0.337,0.467,0,
0.353,0.382,0.481,0,
0.332,0.371,0.473,0,
0.32,0.343,0.501,0,
0.322,0.347,0.451,0,
0.344,0.369,0.468,0,
0.322,0.377,0.469,0,
0.339,0.353,0.51,0,
0.325,0.347,0.531,0,
0.311,0.332,0.471,0,
0.321,0.336,0.559,0,
0.328,0.358,0.492,0,
0.329,0.374,0.428,0,
0.337,0.36,0.486,0,
0.322,0.345,0.464,0,
0.325,0.362,0.454,0,
0.346,0.395,0.486,0,
0.344,0.374,0.466,0,
0.337,0.361,0.448,0,
0.34,0.377,0.475,0,
0.33,0.346,0.464,0,
0.321,0.357,0.452,0,
0.313,0.322,0.456,0,
0.324,0.335,0.496,0,
0.321,0.363,0.443,0,
0.333,0.377,0.475,0,
0.331,0.371,0.468,0,
0.331,0.358,0.495,0,
0.346,0.397,0.531,0,
0.35,0.367,0.488,0,
0.312,0.33,0.499,0,
0.338,0.353,0.51,0,
0.334,0.359,0.513,0,
0.338,0.343,0.492,0,
0.325,0.357,0.449,0,
0.333,0.349,0.484,0,
0.341,0.372,0.492,0,
0.346,0.364,0.485,0,
0.342,0.367,0.501,0,
0.33,0.355,0.534,0,
0.333,0.356,0.517,0,
0.34,0.343,0.511,0,
0.343,0.378,0.519,0,
0.332,0.338,0.475,0,
0.324,0.345,0.504,0,
0.324,0.347,0.514,0,
0.35,0.372,0.483,0,
0.345,0.361,0.494,0,
0.334,0.365,0.475,0,
0.342,0.361,0.499,0,
0.325,0.352,0.495,0,
0.331,0.349,0.563,0,
0.341,0.369,0.441,0,
0.335,0.362,0.502,0,
0.34,0.36,0.44,0,
0.354,0.366,0.485,0,
0.326,0.356,0.443,0,
0.331,0.343,0.456,0,
0.333,0.365,0.476,0,
0.333,0.367,0.469,0,
0.33,0.353,0.45,0,
0.317,0.364,0.452,0,
0.332,0.349,0.519,0,
0.317,0.355,0.473,0,
0.351,0.372,0.485,0,
0.323,0.355,0.393,0,
0.334,0.364,0.453,0,
0.351,0.406,0.466,0,
0.357,0.381,0.471,0,
0.318,0.339,0.458,0,
0.216,0.238,0.343,0,
0.315,0.346,0.466,0,
0.303,0.314,0.495,0,
0.326,0.353,0.432,0,
0.329,0.37,0.517,0,
0.365,0.404,0.514,0,
0.317,0.346,0.461,0,
0.327,0.335,0.503,0,
0.346,0.358,0.499,0,
0.317,0.335,0.459,0,
0.309,0.325,0.493,0,
0.318,0.345,0.452,0,
0.323,0.367,0.432,0,
0.336,0.363,0.507,0,
0.342,0.395,0.42,0,
0.34,0.362,0.499,0,
0.32,0.338,0.492,0,
0.333,0.351,0.492,0,
0.327,0.365,0.415,0,
0.322,0.333,0.514,0,
0.35,0.364,0.536,0,
0.333,0.345,0.471,0,
0.342,0.336,0.515,0,
0.343,0.391,0.489,0,
0.306,0.328,0.445,0,
0.323,0.346,0.492,0,
0.35,0.362,0.485,0,
0.313,0.317,0.53,0,
0.315,0.344,0.48,0,
0.342,0.386,0.465,0,
0.327,0.372,0.442,0,
0.305,0.306,0.492,0,
0.322,0.33,0.503,0,
0.336,0.375,0.463,0,
0.322,0.356,0.433,0,
0.317,0.337,0.457,0,
0.359,0.377,0.498,0,
0.311,0.328,0.463,0,
0.33,0.373,0.461,0,
0.346,0.385,0.458,0,
0.314,0.335,0.5,0,
0.362,0.413,0.456,0,
0.357,0.377,0.516,0,
0.343,0.367,0.486,0,
0.33,0.353,0.44,0,
0.338,0.382,0.531,0,
0.346,0.376,0.461,0,
0.311,0.329,0.465,0,
0.327,0.356,0.434,0,
0.34,0.399,0.453,0,
0.326,0.363,0.489,0,
0.348,0.361,0.493,0,
0.322,0.342,0.447,0,
0.33,0.369,0.464,0,
0.335,0.355,0.48,0,
0.324,0.329,0.475,0,
0.332,0.36,0.487,0,
0.333,0.351,0.499,0,
0.31,0.324,0.519,0,
0.325,0.326,0.544,0,
0.352,0.367,0.489,0,
0.342,0.362,0.449,0,
0.325,0.354,0.429,0,
0.338,0.341,0.477,0,
0.332,0.366,0.487,0,
0.326,0.342,0.497,0,
0.341,0.356,0.467,0,
0.324,0.362,0.428,0,
0.348,0.383,0.478,0,
0.339,0.352,0.485,0,
0.318,0.339,0.508,0,
0.31,0.329,0.467,0,
0.327,0.353,0.529,0,
0.365,0.415,0.466,0,
0.3,0.307,0.453,0,
0.331,0.372,0.482,0,
0.316,0.336,0.49,0,
0.352,0.373,0.492,0,
0.335,0.341,0.514,0,
0.304,0.337,0.443,0,
0.356,0.384,0.468,0,
0.313,0.332,0.481,0,
0.337,0.358,0.484,0,
0.331,0.349,0.48,0,
0.328,0.348,0.524,0,
0.335,0.383,0.425,0,
0.348,0.376,0.485,0,
0.322,0.338,0.501,0,
0.352,0.399,0.446,0,
0.336,0.348,0.512,0,
0.366,0.379,0.499,0,
0.322,0.333,0.495,0,
0.32,0.353,0.495,0,
0.321,0.338,0.469,0,
0.321,0.349,0.482,0,
0.347,0.363,0.529,0,
0.34,0.367,0.488,0,
0.328,0.349,0.479,0,
0.341,0.364,0.46,0,
0.324,0.351,0.457,0,
0.351,0.376,0.492,0,
0.343,0.359,0.5,0,
0.334,0.371,0.497,0,
0.323,0.355,0.453,0,
0.331,0.345,0.529,0,
0.327,0.334,0.454,0,
0.337,0.356,0.484,0,
0.313,0.32,0.51,0,
0.334,0.379,0.483,0,
0.342,0.369,0.514,0,
0.32,0.334,0.46,0,
0.326,0.347,0.473,0,
0.33,0.345,0.468,0,
0.333,0.369,0.535,0,
0.324,0.332,0.481,0,
0.34,0.37,0.486,0,
0.315,0.343,0.452,0,
0.331,0.356,0.453,0,
0.323,0.35,0.499,0,
0.344,0.378,0.469,0,
0.336,0.367,0.462,0,
0.331,0.359,0.456,0,
0.315,0.346,0.418,0,
0.286,0.321,0.413,0,
0.335,0.352,0.489,0,
0.339,0.354,0.537,0,
0.349,0.372,0.504,0,
0.34,0.381,0.499,0,
0.315,0.336,0.517,0,
0.334,0.346,0.51,0,
0.349,0.361,0.502,0,
0.342,0.369,0.475,0,
0.327,0.358,0.452,0,
0.342,0.374,0.427,0,
0.339,0.356,0.463,0,
0.341,0.344,0.504,0,
0.305,0.328,0.46,0,
0.348,0.38,0.506,0,
0.331,0.342,0.534,0,
0.333,0.345,0.456,0,
0.348,0.373,0.461,0,
0.35,0.359,0.484,0,
0.341,0.37,0.453,0,
0.303,0.331,0.442,0,
0.3,0.322,0.474,0,
0.304,0.315,0.517,0,
0.324,0.352,0.459,0,
0.331,0.348,0.456,0,
0.322,0.333,0.507,0,
0.3,0.34,0.402,0,
0.331,0.371,0.45,0,
0.315,0.327,0.511,0,
0.329,0.352,0.475,0,
0.304,0.34,0.442,0,
0.352,0.393,0.463,0,
0.349,0.353,0.532,0,
0.333,0.36,0.489,0,
0.348,0.367,0.485,0,
0.301,0.312,0.472,0,
0.347,0.363,0.498,0,
0.347,0.362,0.514,0,
0.338,0.359,0.547,0,
0.317,0.325,0.533,0,
0.32,0.363,0.51,0,
0.313,0.34,0.431,0,
0.342,0.358,0.498,0,
0.339,0.372,0.474,0,
0.316,0.345,0.509,0,
0.327,0.354,0.514,0,
0.337,0.363,0.492,0,
0.321,0.343,0.456,0,
0.342,0.358,0.47,0,
0.331,0.364,0.447,0,
0.333,0.333,0.559,0,
0.331,0.352,0.508,0,
0.292,0.32,0.409,0,
0.318,0.331,0.47,0,
0.323,0.35,0.473,0,
0.335,0.363,0.451,0,
0.349,0.369,0.488,0,
0.328,0.341,0.462,0,
0.359,0.379,0.485,0,
0.309,0.312,0.515,0,
0.358,0.384,0.453,0,
0.337,0.37,0.518,0,
0.339,0.363,0.468,0,
0.335,0.347,0.499,0,
0.322,0.348,0.478,0,
0.324,0.345,0.552,0,
0.338,0.362,0.468,0,
0.328,0.349,0.508,0,
0.323,0.368,0.482,0,
0.335,0.353,0.478,0,
0.319,0.32,0.55,0,
0.324,0.347,0.481,0,
0.321,0.348,0.467,0,
0.331,0.355,0.446,0,
0.326,0.34,0.515,0,
0.323,0.349,0.436,0,
0.319,0.329,0.472,0,
0.305,0.321,0.472,0,
0.334,0.368,0.534,0,
0.328,0.35,0.495,0,
0.321,0.327,0.464,0,
0.327,0.345,0.525,0,
0.33,0.358,0.438,0,
0.315,0.339,0.431,0,
0.331,0.348,0.481,0,
0.314,0.313,0.505,0,
0.336,0.372,0.476,0,
0.312,0.348,0.417,0,
0.341,0.351,0.482,0,
0.303,0.292,0.468,0,
0.331,0.365,0.438,0,
0.34,0.387,0.486,0,
0.31,0.331,0.459,0,
0.335,0.345,0.499,0,
0.323,0.334,0.482,0,
0.333,0.355,0.449,0,
0.328,0.338,0.481,0,
0.332,0.355,0.477,0,
0.317,0.334,0.479,0,
0.304,0.326,0.438,0,
0.317,0.353,0.521,0,
0.356,0.389,0.555,0,
0.328,0.339,0.466,0,
0.322,0.36,0.454,0,
0.327,0.364,0.466,0,
0.335,0.342,0.465,0,
0.312,0.317,0.458,0,
0.327,0.343,0.5,0,
0.352,0.364,0.539,0,
0.296,0.311,0.523,0,
0.337,0.378,0.443,0,
0.328,0.391,0.462,0,
0.312,0.349,0.376,0,
0.373,0.383,0.535,0,
0.323,0.356,0.477,0,
0.333,0.354,0.468,0,
0.325,0.335,0.519,0,
0.329,0.355,0.451,0,
0.317,0.354,0.473,0,
0.318,0.331,0.456,0,
0.347,0.393,0.452,0,
0.322,0.357,0.448,0,
0.346,0.374,0.492,0,
0.335,0.373,0.411,0,
0.328,0.369,0.463,0,
0.299,0.319,0.428,0,
0.309,0.352,0.47,0,
0.291,0.291,0.496,0,
0.309,0.326,0.479,0,
0.314,0.314,0.515,0,
0.336,0.373,0.485,0,
0.331,0.341,0.447,0,
0.327,0.344,0.517,0,
0.289,0.319,0.461,0,
0.338,0.371,0.497,0,
0.351,0.367,0.505,0,
0.328,0.364,0.454,0,
0.31,0.317,0.488,0,
0.332,0.35,0.477,0,
0.319,0.34,0.465,0,
0.327,0.345,0.493,0,
0.331,0.352,0.449,0,
0.314,0.318,0.453,0,
0.31,0.319,0.458,0,
0.319,0.365,0.419,0,
0.335,0.372,0.438,0,
0.303,0.329,0.462,0,
0.308,0.328,0.454,0,
0.328,0.36,0.456,0,
0.328,0.365,0.412,0,
0.335,0.345,0.509,0,
0.33,0.347,0.474,0,
0.317,0.331,0.473,0,
0.332,0.358,0.432,0,
0.302,0.309,0.519,0,
0.321,0.351,0.491,0,
0.336,0.362,0.554,0,
0.325,0.344,0.468,0,
0.303,0.32,0.471,0,
0.315,0.335,0.515,0,
0.316,0.34,0.468,0,
0.309,0.33,0.532,0,
0.34,0.369,0.474,0,
0.349,0.374,0.476,0,
0.309,0.321,0.45,0,
0.293,0.323,0.511,0,
0.353,0.365,0.518,0,
0.326,0.355,0.479,0,
0.35,0.399,0.458,0,
0.328,0.371,0.479,0,
0.329,0.352,0.447,0,
0.328,0.358,0.425,0,
0.316,0.343,0.473,0,
0.297,0.29,0.47,0,
0.321,0.355,0.479,0,
0.341,0.379,0.475,0,
0.329,0.347,0.466,0,
0.339,0.35,0.469,0,
0.329,0.332,0.501,0,
0.317,0.349,0.452,0,
0.332,0.36,0.467,0,
0.35,0.38,0.5,0,
0.332,0.388,0.524,0,
0.311,0.356,0.47,0,
0.319,0.351,0.431,0,
0.34,0.338,0.506,0,
0.326,0.365,0.431,0,
0.374,0.409,0.495,0,
0.342,0.355,0.481,0,
0.329,0.327,0.502,0,
0.333,0.362,0.451,0,
0.338,0.363,0.476,0,
0.307,0.316,0.481,0,
0.346,0.376,0.468,0,
0.325,0.347,0.46,0,
0.321,0.35,0.48,0,
0.327,0.341,0.482,0,
0.319,0.336,0.455,0,
0.347,0.38,0.457,0,
0.355,0.376,0.448,0,
0.349,0.37,0.492,0,
0.323,0.36,0.508,0,
0.313,0.352,0.469,0,
0.319,0.339,0.447,0,
0.312,0.333,0.424,0,
0.311,0.337,0.466,0,
0.321,0.338,0.451,0,
0.334,0.376,0.418,0,
0.348,0.377,0.488,0,
0.315,0.326,0.462,0,
0.316,0.349,0.446,0,
0.295,0.312,0.459,0,
0.299,0.308,0.453,0,
0.331,0.346,0.51,0,
0.309,0.308,0.511,0,
0.335,0.351,0.451,0,
0.309,0.351,0.504,0,
0.311,0.325,0.504,0,
0.309,0.319,0.525,0,
0.338,0.385,0.42,0,
0.344,0.348,0.502,0,
0.313,0.315,0.529,0,
0.347,0.37,0.497,0,
0.314,0.34,0.501,0,
0.358,0.404,0.45,0,
0.371,0.401,0.485,0,
0.319,0.322,0.508,0,
0.322,0.345,0.477,0,
0.319,0.36,0.447,0,
0.31,0.332,0.463,0,
0.345,0.37,0.472,0,
0.333,0.356,0.474,0,
0.336,0.357,0.544,0,
0.352,0.403,0.498,0,
0.322,0.356,0.491,0,
0.338,0.358,0.489,0,
0.318,0.352,0.488,0,
0.315,0.335,0.456,0,
0.333,0.361,0.439,0,
0.339,0.362,0.46,0,
0.317,0.342,0.439,0,
0.347,0.363,0.521,0,
0.327,0.357,0.487,0,
0.33,0.376,0.436,0,
0.317,0.344,0.434,0,
0.36,0.387,0.519,0,
0.335,0.358,0.469,0,
0.32,0.337,0.455,0,
0.287,0.346,0.456,0,
0.339,0.374,0.433,0,
0.333,0.336,0.494,0,
0.302,0.333,0.482,0,
0.338,0.363,0.43,0,
0.311,0.341,0.432,0,
0.323,0.348,0.551,0,
0.317,0.324,0.489,0,
0.323,0.335,0.521,0,
0.318,0.338,0.487,0,
0.323,0.372,0.481,0,
0.324,0.352,0.49,0,
0.335,0.362,0.479,0,
0.302,0.325,0.439,0,
0.324,0.355,0.468,0,
0.331,0.365,0.45,0,
0.316,0.335,0.453,0,
0.325,0.357,0.473,0,
0.27,0.289,0.448,0,
0.309,0.341,0.494,0,
0.32,0.34,0.493,0,
0.358,0.381,0.531,0,
0.351,0.376,0.476,0,
0.34,0.35,0.499,0,
0.336,0.353,0.458,0,
0.318,0.342,0.412,0,
0.333,0.358,0.488,0,
0.341,0.358,0.491,0,
0.305,0.361,0.434,0,
0.32,0.345,0.465,0,
0.306,0.353,0.377,0,
0.306,0.321,0.535,0,
0.334,0.348,0.482,0,
0.322,0.358,0.455,0,
0.341,0.356,0.544,0,
0.338,0.345,0.494,0,
0.326,0.343,0.507,0,
0.343,0.361,0.483,0,
0.32,0.331,0.53,0,
0.309,0.323,0.479,0,
0.346,0.366,0.512,0,
0.342,0.356,0.503,0,
0.334,0.337,0.465,0,
0.319,0.344,0.414,0,
0.318,0.353,0.45,0,
0.311,0.367,0.448,0,
0.344,0.36,0.5,0,
0.338,0.362,0.519,0,
0.325,0.36,0.45,0,
0.348,0.365,0.483,0,
0.319,0.351,0.489,0,
0.329,0.351,0.425,0,
0.318,0.322,0.493,0,
0.322,0.343,0.436,0,
0.333,0.341,0.498,0,
0.329,0.366,0.481,0,
0.326,0.322,0.511,0,
0.318,0.36,0.452,0,
0.344,0.37,0.505,0,
0.344,0.372,0.49,0,
0.327,0.355,0.524,0,
0.299,0.316,0.511,0,
0.361,0.381,0.531,0,
0.28,0.3,0.408,0,
0.306,0.331,0.48,0,
0.314,0.369,0.466,0,
0.342,0.353,0.523,0,
0.353,0.375,0.519,0,
0.355,0.374,0.485,0,
0.291,0.329,0.528,0,
0.322,0.335,0.492,0,
0.322,0.355,0.452,0,
0.334,0.361,0.516,0,
0.339,0.351,0.501,0,
0.342,0.36,0.507,0,
0.342,0.374,0.508,0,
0.349,0.367,0.526,0,
0.307,0.314,0.479,0,
0.314,0.312,0.492,0,
0.325,0.333,0.498,0,
0.306,0.323,0.476,0,
0.364,0.375,0.495,0,
0.319,0.343,0.471,0,
0.313,0.364,0.43,0,
0.347,0.366,0.484,0,
0.327,0.352,0.513,0,
0.343,0.369,0.493,0,
0.355,0.385,0.48,0,
0.354,0.391,0.47,0,
0.332,0.356,0.447,0,
0.32,0.318,0.501,0,
0.336,0.365,0.462,0,
0.329,0.349,0.48,0,
0.353,0.38,0.465,0,
0.353,0.366,0.504,0,
0.338,0.347,0.502,0,
0.334,0.366,0.483,0,
0.339,0.367,0.514,0,
0.31,0.341,0.479,0,
0.341,0.386,0.463,0,
0.323,0.372,0.447,0,
0.324,0.331,0.513,0,
0.36,0.383,0.492,0,
0.318,0.316,0.493,0,
0.311,0.334,0.464,0,
0.325,0.347,0.483,0,
0.334,0.356,0.455,0,
0.319,0.334,0.477,0,
0.333,0.367,0.474,0,
0.303,0.325,0.546,0,
0.321,0.345,0.444,0,
0.305,0.321,0.493,0,
0.32,0.336,0.432,0,
0.354,0.391,0.428,0,
0.344,0.366,0.491,0,
0.327,0.342,0.456,0,
0.345,0.381,0.508,0,
0.349,0.38,0.483,0,
0.316,0.326,0.48,0,
0.339,0.358,0.491,0,
0.305,0.298,0.506,0,
0.313,0.336,0.473,0,
0.334,0.346,0.476,0,
0.331,0.352,0.435,0,
0.331,0.352,0.498,0,
0.324,0.368,0.438,0,
0.335,0.365,0.455,0,
0.334,0.35,0.523,0,
0.343,0.386,0.477,0,
0.342,0.372,0.433,0,
0.312,0.335,0.461,0,
0.283,0.303,0.409,0,
0.323,0.323,0.492,0,
0.317,0.344,0.444,0,
0.338,0.336,0.512,0,
0.32,0.332,0.538,0,
0.324,0.339,0.472,0,
0.339,0.335,0.519,0,
0.335,0.362,0.54,0,
0.318,0.338,0.476,0,
0.299,0.297,0.509,0,
0.325,0.336,0.497,0,
0.324,0.33,0.517,0,
0.33,0.369,0.473,0,
0.341,0.366,0.491,0,
0.333,0.35,0.488,0,
0.319,0.356,0.425,0,
0.358,0.386,0.521,0,
0.349,0.385,0.515,0,
0.331,0.34,0.514,0,
0.329,0.367,0.527,0,
0.336,0.335,0.519,0,
0.302,0.317,0.414,0,
0.328,0.337,0.482,0,
0.33,0.352,0.47,0,
0.314,0.333,0.489,0,
0.357,0.399,0.48,0,
0.309,0.321,0.512,0,
0.329,0.346,0.458,0,
0.289,0.317,0.458,0,
0.318,0.32,0.492,0,
0.35,0.374,0.499,0,
0.336,0.347,0.506,0,
0.321,0.344,0.451,0,
0.317,0.356,0.46,0,
0.324,0.335,0.476,0,
0.317,0.35,0.493,0,
0.325,0.348,0.436,0,
0.335,0.366,0.465,0,
0.309,0.322,0.519,0,
0.314,0.345,0.461,0,
0.336,0.361,0.463,0,
0.321,0.362,0.467,0,
0.344,0.37,0.483,0,
0.311,0.331,0.45,0,
0.331,0.355,0.49,0,
0.313,0.327,0.465,0,
0.32,0.357,0.485,0,
0.292,0.329,0.431,0,
0.317,0.336,0.491,0,
0.278,0.319,0.428,0,
0.329,0.346,0.474,0,
0.328,0.35,0.478,0,
0.342,0.373,0.497,0,
0.326,0.356,0.463,0,
0.347,0.361,0.475,0,
0.329,0.341,0.52,0,
0.348,0.384,0.483,0,
0.342,0.37,0.503,0,
0.331,0.36,0.495,0,
0.359,0.393,0.494,0,
0.351,0.368,0.534,0,
0.332,0.379,0.482,0,
0.329,0.349,0.478,0,
0.335,0.397,0.462,0,
0.331,0.376,0.48,0,
0.31,0.349,0.483,0,
0.31,0.317,0.484,0,
0.321,0.336,0.489,0,
0.32,0.343,0.478,0,
0.315,0.356,0.446,0,
0.357,0.382,0.501,0,
0.33,0.358,0.495,0,
0.305,0.314,0.49,0,
0.325,0.356,0.481,0,
0.335,0.346,0.484,0,
0.32,0.329,0.478,0,
0.358,0.367,0.508,0,
0.33,0.362,0.507,0,
0.385,0.413,0.528,0,
0.362,0.38,0.547,0,
0.314,0.323,0.477,0,
0.329,0.371,0.498,0,
0.329,0.34,0.51,0,
0.328,0.349,0.496,0,
0.327,0.35,0.489,0,
0.339,0.344,0.488,0,
0.314,0.359,0.384,0,
0.355,0.396,0.52,0,
0.321,0.336,0.489,0,
0.329,0.353,0.498,0,
0.323,0.349,0.478,0,
0.304,0.329,0.439,0,
0.333,0.366,0.47,0,
0.338,0.362,0.501,0,
0.306,0.319,0.458,0,
0.255,0.287,0.432,0,
0.306,0.319,0.478,0,
0.354,0.361,0.517,0,
0.316,0.345,0.443,0,
0.336,0.381,0.459,0,
0.315,0.332,0.471,0,
0.318,0.36,0.468,0,
0.324,0.351,0.437,0,
0.338,0.343,0.477,0,
0.334,0.33,0.52,0,
0.352,0.374,0.493,0,
0.337,0.383,0.466,0,
0.329,0.34,0.485,0,
0.326,0.348,0.454,0,
0.321,0.344,0.468,0,
0.325,0.353,0.428,0,
0.297,0.327,0.388,0,
0.318,0.352,0.481,0,
0.331,0.362,0.453,0,
0.299,0.32,0.467,0,
0.336,0.369,0.453,0,
0.343,0.378,0.459,0,
0.314,0.331,0.536,0,
0.344,0.357,0.554,0,
0.347,0.396,0.437,0,
0.346,0.389,0.486,0,
0.332,0.358,0.449,0,
0.361,0.394,0.484,0,
0.35,0.378,0.51,0,
0.328,0.357,0.509,0,
0.314,0.369,0.466,0,
0.337,0.376,0.491,0,
0.345,0.368,0.478,0,
0.338,0.366,0.445,0,
0.327,0.356,0.489,0,
0.327,0.357,0.455,0,
0.321,0.331,0.472,0,
0.331,0.331,0.497,0,
0.323,0.347,0.507,0,
0.337,0.364,0.491,0,
0.316,0.329,0.457,0,
0.319,0.366,0.507,0,
0.332,0.372,0.472,0,
0.326,0.385,0.485,0,
0.34,0.355,0.496,0,
0.362,0.389,0.545,0,
0.32,0.355,0.498,0,
0.316,0.346,0.5,0,
0.328,0.354,0.506,0,
0.309,0.327,0.473,0,
0.343,0.362,0.447,0,
0.34,0.35,0.468,0,
0.343,0.371,0.481,0,
0.344,0.375,0.48,0,
0.346,0.371,0.492,0,
0.333,0.354,0.445,0,
0.3,0.317,0.504,0,
0.359,0.376,0.511,0,
0.331,0.357,0.49,0,
0.34,0.353,0.485,0,
0.328,0.349,0.475,0,
0.344,0.363,0.523,0,
0.357,0.374,0.503,0,
0.333,0.332,0.465,0,
0.367,0.407,0.481,0,
0.335,0.362,0.498,0,
0.303,0.316,0.42,0,
0.295,0.287,0.489,0,
0.3,0.31,0.44,0,
0.321,0.32,0.462,0,
0.348,0.383,0.505,0,
0.33,0.345,0.556,0,
0.336,0.349,0.478,0,
0.319,0.334,0.493,0,
0.315,0.341,0.489,0,
0.317,0.371,0.421,0,
0.347,0.374,0.455,0,
0.325,0.333,0.465,0,
0.31,0.325,0.501,0,
0.333,0.345,0.489,0,
0.342,0.352,0.537,0,
0.317,0.322,0.474,0,
0.329,0.353,0.502,0,
0.314,0.322,0.456,0,
0.332,0.358,0.498,0,
0.326,0.374,0.429,0,
0.348,0.363,0.487,0,
0.334,0.34,0.483,0,
0.334,0.353,0.481,0,
0.328,0.363,0.494,0,
0.329,0.344,0.536,0,
0.324,0.346,0.472,0,
0.331,0.358,0.499,0,
0.32,0.336,0.488,0,
0.358,0.374,0.532,0,
0.336,0.362,0.507,0,
0.327,0.364,0.466,0,
0.342,0.349,0.511,0,
0.318,0.374,0.418,0,
0.334,0.344,0.519,0,
0.323,0.322,0.516,0,
0.322,0.36,0.459,0,
0.338,0.357,0.454,0,
0.307,0.329,0.466,0,
0.338,0.352,0.483,0,
0.309,0.311,0.438,0,
0.328,0.378,0.445,0,
0.348,0.374,0.483,0,
0.337,0.361,0.508,0,
0.28,0.298,0.411,0,
0.321,0.334,0.516,0,
0.336,0.379,0.469,0,
0.352,0.38,0.482,0,
0.31,0.346,0.423,0,
0.328,0.355,0.486,0,
0.324,0.343,0.469,0,
0.313,0.318,0.455,0,
0.332,0.357,0.485,0,
0.306,0.32,0.439,0,
0.331,0.345,0.488,0,
0.328,0.345,0.475,0,
0.348,0.358,0.509,0,
0.351,0.354,0.53,0,
0.355,0.368,0.486,0,
0.304,0.324,0.5,0,
0.337,0.357,0.453,0,
0.331,0.345,0.506,0,
0.315,0.361,0.42,0,
0.324,0.356,0.479,0,
0.327,0.354,0.534,0,
0.309,0.309,0.434,0,
0.325,0.35,0.478,0,
0.325,0.354,0.48,0,
0.331,0.364,0.502,0,
0.309,0.311,0.501,0,
0.334,0.345,0.474,0,
0.305,0.309,0.477,0,
0.327,0.346,0.429,0,
0.32,0.36,0.407,0,
0.313,0.338,0.494,0,
0.341,0.332,0.536,0,
0.348,0.38,0.45,0,
0.313,0.352,0.474,0,
0.328,0.353,0.458,0,
0.326,0.377,0.487,0,
0.297,0.336,0.431,0,
0.327,0.373,0.48,0,
0.326,0.343,0.441,0,
0.327,0.342,0.512,0,
0.326,0.354,0.493,0,
0.331,0.348,0.491,0,
0.329,0.357,0.468,0,
0.314,0.338,0.517,0,
0.346,0.374,0.468,0,
0.31,0.336,0.495,0,
0.347,0.385,0.429,0,
0.336,0.397,0.442,0,
0.342,0.367,0.474,0,
0.341,0.381,0.484,0,
0.329,0.356,0.51,0,
0.333,0.364,0.44,0,
0.318,0.337,0.488,0,
0.357,0.383,0.494,0,
0.35,0.362,0.482,0,
0.317,0.335,0.434,0,
0.336,0.356,0.49,0,
0.331,0.365,0.485,0,
0.334,0.343,0.499,0,
0.331,0.344,0.499,0,
0.328,0.343,0.481,0,
0.332,0.344,0.498,0,
0.33,0.348,0.489,0,
0.322,0.304,0.497,0,
0.314,0.325,0.526,0,
0.333,0.354,0.501,0,
0.291,0.312,0.403,0,
0.319,0.321,0.462,0,
0.305,0.346,0.466,0,
0.297,0.298,0.477,0,
0.342,0.35,0.559,0,
0.319,0.347,0.481,0,
0.335,0.365,0.473,0,
0.332,0.329,0.472,0,
0.316,0.351,0.45,0,
0.308,0.342,0.403,0,
0.314,0.333,0.473,0,
0.303,0.313,0.489,0,
0.303,0.294,0.502,0,
0.329,0.337,0.54,0,
0.322,0.345,0.418,0,
0.338,0.376,0.447,0,
0.315,0.338,0.519,0,
0.35,0.366,0.52,0,
0.324,0.331,0.522,0,
0.32,0.347,0.447,0,
0.306,0.328,0.44,0,
0.312,0.309,0.492,0,
0.343,0.357,0.469,0,
0.334,0.364,0.492,0,
0.314,0.337,0.466,0,
0.335,0.339,0.525,0,
0.338,0.357,0.51,0,
0.294,0.316,0.514,0,
0.316,0.337,0.477,0,
0.339,0.357,0.512,0,
0.324,0.321,0.505,0,
0.312,0.342,0.519,0,
0.318,0.34,0.48,0,
0.302,0.317,0.566,0,
0.333,0.36,0.542,0,
0.351,0.375,0.509,0,
0.312,0.363,0.438,0,
0.316,0.319,0.539,0,
0.327,0.33,0.489,0,
0.33,0.351,0.457,0,
0.324,0.332,0.519,0,
0.339,0.382,0.458,0,
0.344,0.368,0.466,0,
0.316,0.349,0.47,0,
0.338,0.372,0.511,0,
0.319,0.363,0.443,0,
0.328,0.352,0.482,0,
0.333,0.345,0.501,0,
0.34,0.367,0.514,0,
0.294,0.338,0.421,0,
0.32,0.35,0.529,0,
0.336,0.359,0.482,0,
0.325,0.34,0.527,0,
0.345,0.369,0.48,0,
0.302,0.321,0.507,0,
0.354,0.367,0.553,0,
0.344,0.363,0.519,0,
0.327,0.362,0.521,0,
0.307,0.329,0.456,0,
0.326,0.356,0.453,0,
0.32,0.331,0.469,0,
0.335,0.368,0.471,0,
0.325,0.331,0.462,0,
0.318,0.323,0.487,0,
0.305,0.302,0.502,0,
0.317,0.34,0.492,0,
0.338,0.358,0.51,0,
0.319,0.324,0.488,0,
0.341,0.381,0.467,0,
0.334,0.367,0.502,0,
0.308,0.32,0.519,0,
0.31,0.34,0.425,0,
0.337,0.36,0.456,0,
0.338,0.362,0.476,0,
0.311,0.353,0.434,0,
0.289,0.292,0.487,0,
0.317,0.323,0.526,0,
0.33,0.329,0.49,0,
0.34,0.359,0.487,0,
0.333,0.353,0.466,0,
0.336,0.346,0.472,0,
0.323,0.351,0.542,0,
0.354,0.376,0.508,0,
0.331,0.355,0.485,0,
0.329,0.346,0.46,0,
0.32,0.309,0.469,0,
0.324,0.37,0.514,0,
0.314,0.373,0.44,0,
0.316,0.341,0.478,0,
0.313,0.339,0.49,0,
0.317,0.32,0.461,0,
0.336,0.363,0.514,0,
0.31,0.307,0.518,0,
0.339,0.405,0.472,0,
0.309,0.308,0.509,0,
0.319,0.331,0.463,0,
0.345,0.337,0.514,0,
0.331,0.367,0.535,0,
0.312,0.322,0.478,0,
0.328,0.35,0.562,0,
0.334,0.365,0.435,0,
0.342,0.351,0.523,0,
0.358,0.371,0.515,0,
0.333,0.379,0.46,0,
0.304,0.308,0.514,0,
0.312,0.332,0.475,0,
0.312,0.357,0.448,0,
0.351,0.371,0.484,0,
0.333,0.344,0.525,0,
0.304,0.309,0.494,0,
0.319,0.342,0.444,0,
0.326,0.331,0.497,0,
0.325,0.347,0.509,0,
0.331,0.367,0.503,0,
0.324,0.356,0.503,0,
0.328,0.356,0.468,0,
0.326,0.33,0.48,0,
0.32,0.354,0.46,0,
0.31,0.333,0.481,0,
0.311,0.35,0.429,0,
0.312,0.321,0.484,0,
0.315,0.318,0.46,0,
0.331,0.354,0.48,0,
0.328,0.334,0.523,0,
0.33,0.35,0.482,0,
0.32,0.35,0.45,0,
0.32,0.316,0.518,0,
0.328,0.351,0.47,0,
0.297,0.328,0.455,0,
0.314,0.327,0.536,0,
0.293,0.324,0.46,0,
0.323,0.344,0.456,0,
0.344,0.366,0.524,0,
0.321,0.35,0.449,0,
0.346,0.374,0.475,0,
0.339,0.373,0.442,0,
0.309,0.327,0.42,0,
0.337,0.343,0.519,0,
0.326,0.327,0.465,0,
0.34,0.349,0.539,0,
0.315,0.362,0.449,0,
0.333,0.35,0.473,0,
0.298,0.316,0.501,0,
0.326,0.352,0.455,0,
0.33,0.344,0.482,0,
0.332,0.347,0.464,0,
0.345,0.362,0.461,0,
0.322,0.322,0.444,0,
0.318,0.358,0.498,0,
0.32,0.323,0.473,0,
0.337,0.391,0.448,0,
0.302,0.31,0.5,0,
0.336,0.376,0.483,0,
0.293,0.333,0.402,0,
0.32,0.34,0.421,0,
0.323,0.368,0.506,0,
0.34,0.366,0.475,0,
0.328,0.359,0.487,0,
0.324,0.331,0.497,0,
0.349,0.371,0.491,0,
0.322,0.336,0.511,0,
0.34,0.359,0.486,0,
0.306,0.332,0.438,0,
0.304,0.322,0.524,0,
0.303,0.305,0.492,0,
0.289,0.312,0.492,0,
0.355,0.374,0.47,0,
0.292,0.295,0.519,0,
0.331,0.357,0.488,0,
0.331,0.348,0.528,0,
0.331,0.345,0.458,0,
0.329,0.339,0.503,0,
0.316,0.339,0.458,0,
0.322,0.353,0.423,0,
0.321,0.353,0.453,0,
0.306,0.297,0.524,0,
0.316,0.341,0.434,0,
0.328,0.348,0.43,0,
0.339,0.348,0.474,0,
0.312,0.329,0.542,0,
0.324,0.323,0.46,0,
0.327,0.337,0.541,0,
0.32,0.357,0.443,0,
0.321,0.336,0.462,0,
0.322,0.354,0.465,0,
0.336,0.371,0.487,0,
0.326,0.355,0.484,0,
0.337,0.355,0.515,0,
0.326,0.345,0.504,0,
0.332,0.346,0.468,0,
0.321,0.358,0.474,0,
0.329,0.361,0.468,0,
0.345,0.361,0.489,0,
0.33,0.374,0.449,0,
0.325,0.351,0.493,0,
0.349,0.378,0.484,0,
0.328,0.354,0.475,0,
0.331,0.362,0.547,0,
0.313,0.329,0.476,0,
0.32,0.333,0.508,0,
0.298,0.331,0.444,0,
0.321,0.351,0.481,0,
0.335,0.356,0.467,0,
0.347,0.387,0.493,0,
0.317,0.331,0.494,0,
0.316,0.352,0.501,0,
0.344,0.367,0.497,0,
0.332,0.377,0.479,0,
0.323,0.329,0.454,0,
0.35,0.369,0.523,0,
0.344,0.347,0.563,0,
0.318,0.361,0.417,0,
0.33,0.361,0.435,0,
0.303,0.346,0.44,0,
0.342,0.36,0.504,0,
0.298,0.315,0.401,0,
0.334,0.357,0.492,0,
0.333,0.348,0.478,0,
0.319,0.336,0.519,0,
0.339,0.368,0.509,0,
0.294,0.32,0.495,0,
0.3,0.304,0.438,0,
0.354,0.386,0.492,0,
0.311,0.333,0.444,0,
0.321,0.317,0.484,0,
0.32,0.357,0.469,0,
0.357,0.368,0.507,0,
0.34,0.367,0.458,0,
0.33,0.325,0.53,0,
0.315,0.333,0.42,0,
0.321,0.337,0.484,0,
0.355,0.382,0.5,0,
0.329,0.361,0.486,0,
0.315,0.342,0.508,0,
0.339,0.365,0.503,0,
0.314,0.354,0.507,0,
0.336,0.349,0.475,0,
0.326,0.346,0.506,0,
0.333,0.351,0.507,0,
0.345,0.386,0.461,0,
0.323,0.35,0.497,0,
0.299,0.302,0.484,0,
0.285,0.293,0.505,0,
0.325,0.344,0.514,0,
0.306,0.314,0.436,0,
0.328,0.368,0.471,0,
0.334,0.367,0.499,0,
0.31,0.336,0.478,0,
0.295,0.296,0.488,0,
0.335,0.337,0.508,0,
0.329,0.358,0.488,0,
0.317,0.332,0.429,0,
0.35,0.386,0.472,0,
0.296,0.332,0.476,0,
0.322,0.33,0.439,0,
0.311,0.326,0.442,0,
0.356,0.382,0.476,0,
0.332,0.363,0.476,0,
0.35,0.365,0.514,0,
0.356,0.357,0.5,0,
0.323,0.355,0.417,0,
0.33,0.347,0.452,0,
0.316,0.315,0.521,0,
0.306,0.319,0.502,0,
0.354,0.37,0.462,0,
0.32,0.329,0.512,0,
0.347,0.386,0.527,0,
0.306,0.315,0.521,0,
0.332,0.297,0.522,0,
0.33,0.332,0.495,0,
0.319,0.332,0.525,0,
0.307,0.337,0.409,0,
0.314,0.351,0.485,0,
0.344,0.359,0.531,0,
0.332,0.353,0.523,0,
0.345,0.371,0.505,0,
0.326,0.334,0.523,0,
0.343,0.368,0.483,0,
0.343,0.35,0.541,0,
0.351,0.398,0.497,0,
0.324,0.329,0.549,0,
0.333,0.359,0.483,0,
0.323,0.351,0.464,0,
0.286,0.296,0.452,0,
0.349,0.379,0.51,0,
0.35,0.388,0.49,0,
0.312,0.341,0.43,0,
0.35,0.384,0.435,0,
0.306,0.34,0.534,0,
0.309,0.34,0.462,0,
0.319,0.352,0.444,0,
0.313,0.306,0.462,0,
0.316,0.327,0.435,0,
0.322,0.33,0.473,0,
0.337,0.344,0.494,0,
0.33,0.307,0.501,0,
0.33,0.366,0.488,0,
0.313,0.339,0.479,0,
0.295,0.3,0.492,0,
0.317,0.304,0.531,0,
0.327,0.36,0.468,0,
0.332,0.367,0.454,0,
0.308,0.318,0.497,0,
0.333,0.359,0.454,0,
0.325,0.337,0.492,0,
0.337,0.364,0.487,0,
0.331,0.353,0.468,0,
0.319,0.332,0.505,0,
0.319,0.351,0.516,0,
0.33,0.341,0.543,0,
0.324,0.343,0.461,0,
0.322,0.351,0.479,0,
0.303,0.308,0.477,0,
0.336,0.346,0.479,0,
0.347,0.345,0.51,0,
0.312,0.306,0.468,0,
0.32,0.326,0.504,0,
0.322,0.334,0.484,0,
0.332,0.379,0.436,0,
0.331,0.37,0.465,0,
0.355,0.365,0.507,0,
0.318,0.324,0.447,0,
0.32,0.342,0.522,0,
0.327,0.348,0.478,0,
0.335,0.363,0.538,0,
0.351,0.364,0.543,0,
0.339,0.359,0.451,0,
0.331,0.369,0.493,0,
0.347,0.377,0.464,0,
0.337,0.368,0.492,0,
0.318,0.349,0.457,0,
0.327,0.35,0.488,0,
0.328,0.328,0.478,0,
0.298,0.332,0.502,0,
0.298,0.309,0.48,0,
0.324,0.328,0.528,0,
0.344,0.379,0.491,0,
0.319,0.359,0.427,0,
0.348,0.371,0.491,0,
0.334,0.35,0.474,0,
0.314,0.323,0.488,0,
0.317,0.329,0.481,0,
0.353,0.372,0.498,0,
0.359,0.396,0.455,0,
0.348,0.373,0.46,0,
0.329,0.351,0.435,0,
0.329,0.341,0.469,0,
0.317,0.324,0.577,0,
0.339,0.358,0.44,0,
0.321,0.331,0.478,0,
0.319,0.353,0.438,0,
0.317,0.354,0.431,0,
0.332,0.358,0.494,0,
0.33,0.361,0.482,0,
0.337,0.355,0.468,0,
0.33,0.348,0.451,0,
0.336,0.347,0.502,0,
0.33,0.344,0.48,0,
0.332,0.346,0.459,0,
0.313,0.312,0.461,0,
0.313,0.35,0.507,0,
0.339,0.36,0.49,0,
0.327,0.37,0.423,0,
0.304,0.325,0.483,0,
0.339,0.379,0.444,0,
0.317,0.32,0.492,0,
0.343,0.375,0.519,0,
0.333,0.33,0.51,0,
0.323,0.353,0.505,0,
0.324,0.351,0.479,0,
0.315,0.34,0.47,0,
0.325,0.33,0.498,0,
0.327,0.366,0.435,0,
0.301,0.304,0.474,0,
0.339,0.365,0.494,0,
0.32,0.35,0.467,0,
0.346,0.353,0.482,0,
0.331,0.35,0.494,0,
0.324,0.343,0.458,0,
0.284,0.288,0.43,0,
0.342,0.391,0.469,0,
0.312,0.331,0.428,0,
0.348,0.384,0.516,0,
0.312,0.329,0.42,0,
0.317,0.335,0.518,0,
0.335,0.374,0.486,0,
0.32,0.316,0.498,0,
0.318,0.34,0.482,0,
0.303,0.329,0.477,0,
0.321,0.356,0.476,0,
0.321,0.352,0.464,0,
0.325,0.353,0.478,0,
0.321,0.343,0.482,0,
0.313,0.334,0.478,0,
0.308,0.326,0.447,0,
0.332,0.332,0.509,0,
0.313,0.329,0.469,0,
0.332,0.343,0.468,0,
0.333,0.36,0.454,0,
0.353,0.359,0.478,0,
0.328,0.345,0.524,0,
0.337,0.348,0.489,0,
0.336,0.364,0.492,0,
0.309,0.332,0.472,0,
0.369,0.399,0.513,0,
0.304,0.323,0.521,0,
0.346,0.396,0.441,0,
0.309,0.316,0.518,0,
0.32,0.344,0.494,0,
0.322,0.327,0.492,0,
0.332,0.356,0.514,0,
0.3,0.309,0.48,0,
0.333,0.346,0.467,0,
0.308,0.35,0.433,0,
0.344,0.381,0.476,0,
0.344,0.356,0.523,0,
0.321,0.346,0.471,0,
0.34,0.364,0.501,0,
0.319,0.315,0.507,0,
0.333,0.376,0.515,0,
0.342,0.371,0.445,0,
0.287,0.283,0.48,0,
0.344,0.362,0.5,0,
0.299,0.277,0.523,0,
0.337,0.365,0.469,0,
0.324,0.336,0.449,0,
0.349,0.371,0.496,0,
0.326,0.341,0.496,0,
0.339,0.37,0.5,0,
0.332,0.346,0.485,0,
0.339,0.378,0.515,0,
0.31,0.348,0.464,0,
0.327,0.351,0.526,0,
0.33,0.346,0.495,0,
0.322,0.334,0.537,0,
0.339,0.369,0.468,0,
0.325,0.35,0.476,0,
0.329,0.342,0.463,0,
0.318,0.315,0.507,0,
0.311,0.323,0.444,0,
0.355,0.395,0.502,0,
0.32,0.34,0.538,0,
0.324,0.333,0.505,0,
0.315,0.322,0.534,0,
0.348,0.383,0.484,0,
0.314,0.344,0.522,0,
0.313,0.356,0.445,0,
0.333,0.376,0.446,0,
0.333,0.344,0.488,0,
0.325,0.324,0.475,0,
0.323,0.345,0.495,0,
0.341,0.372,0.463,0,
0.338,0.362,0.471,0,
0.328,0.37,0.403,0,
0.31,0.331,0.469,0,
0.318,0.348,0.506,0,
0.319,0.318,0.514,0,
0.317,0.356,0.447,0,
0.327,0.346,0.479,0,
0.324,0.331,0.461,0,
0.334,0.367,0.453,0,
0.315,0.306,0.481,0,
0.332,0.323,0.525,0,
0.344,0.372,0.487,0,
0.323,0.336,0.47,0,
0.358,0.389,0.547,0,
0.324,0.318,0.495,0,
0.343,0.362,0.523,0,
0.28,0.308,0.523,0,
0.33,0.354,0.472,0,
0.308,0.33,0.465,0,
0.324,0.369,0.492,0,
0.333,0.365,0.462,0,
0.338,0.366,0.492,0,
0.339,0.364,0.509,0,
0.315,0.324,0.49,0,
0.313,0.336,0.418,0,
0.33,0.371,0.438,0,
0.308,0.327,0.511,0,
0.329,0.345,0.5,0,
0.333,0.336,0.503,0,
0.306,0.321,0.413,0,
0.314,0.336,0.547,0,
0.329,0.357,0.484,0,
0.321,0.338,0.447,0,
0.317,0.346,0.495,0,
0.33,0.34,0.494,0,
0.317,0.335,0.512,0,
0.327,0.351,0.465,0,
0.319,0.324,0.506,0,
0.329,0.346,0.456,0,
0.302,0.316,0.454,0,
0.347,0.372,0.466,0,
0.316,0.342,0.53,0,
0.328,0.35,0.482,0,
0.35,0.372,0.544,0,
0.319,0.349,0.488,0,
0.322,0.342,0.526,0,
0.35,0.374,0.536,0,
0.348,0.348,0.497,0,
0.313,0.359,0.404,0,
0.296,0.317,0.48,0,
0.32,0.365,0.435,0,
0.334,0.37,0.438,0,
0.32,0.338,0.455,0,
0.327,0.351,0.467,0,
0.317,0.335,0.467,0,
0.332,0.359,0.489,0,
0.341,0.35,0.479,0,
0.336,0.362,0.509,0,
0.332,0.369,0.452,0,
0.335,0.33,0.51,0,
0.332,0.343,0.546,0,
0.298,0.323,0.45,0,
0.357,0.371,0.51,0,
0.337,0.377,0.503,0,
0.317,0.331,0.479,0,
0.307,0.35,0.459,0,
0.336,0.332,0.513,0,
0.302,0.293,0.442,0,
0.317,0.321,0.497,0,
0.32,0.335,0.465,0,
0.311,0.333,0.432,0,
0.329,0.357,0.474,0,
0.362,0.392,0.52,0,
0.316,0.346,0.505,0,
0.329,0.333,0.464,0,
0.332,0.363,0.455,0,
0.332,0.355,0.424,0,
0.313,0.314,0.48,0,
0.325,0.341,0.501,0,
0.334,0.377,0.45,0,
0.306,0.343,0.438,0,
0.338,0.343,0.483,0,
0.354,0.386,0.496,0,
0.292,0.277,0.535,0,
0.316,0.351,0.482,0,
0.351,0.391,0.471,0,
0.342,0.37,0.474,0,
0.294,0.312,0.541,0,
0.316,0.336,0.542,0,
0.327,0.352,0.49,0,
0.344,0.383,0.446,0,
0.337,0.351,0.541,0,
0.34,0.372,0.444,0,
0.334,0.34,0.477,0,
0.324,0.35,0.495,0,
0.326,0.338,0.474,0,
0.325,0.331,0.48,0,
0.365,0.382,0.488,0,
0.319,0.323,0.437,0,
0.339,0.365,0.497,0,
0.33,0.342,0.463,0,
0.329,0.327,0.479,0,
0.339,0.353,0.484,0,
0.31,0.339,0.487,0,
0.322,0.324,0.471,0,
0.314,0.321,0.483,0,
0.307,0.304,0.492,0,
0.359,0.378,0.487,0,
0.341,0.352,0.473,0,
0.304,0.336,0.491,0,
0.307,0.314,0.542,0,
0.317,0.326,0.447,0,
0.333,0.367,0.435,0,
0.328,0.329,0.506,0,
0.318,0.344,0.466,0,
0.35,0.391,0.465,0,
0.338,0.366,0.471,0,
0.313,0.331,0.497,0,
0.305,0.299,0.579,0,
0.324,0.327,0.439,0,
0.334,0.357,0.52,0,
0.329,0.33,0.454,0,
0.318,0.347,0.461,0,
0.326,0.361,0.511,0,
0.31,0.3,0.518,0,
0.331,0.347,0.504,0,
0.339,0.366,0.448,0,
0.314,0.33,0.455,0,
0.305,0.366,0.42,0,
0.316,0.345,0.515,0,
0.335,0.355,0.491,0,
0.306,0.338,0.471,0,
0.346,0.372,0.499,0,
0.325,0.358,0.408,0,
0.338,0.358,0.474,0,
0.34,0.372,0.508,0,
0.34,0.364,0.498,0,
0.313,0.337,0.5,0,
0.337,0.384,0.427,0,
0.308,0.327,0.488,0,
0.319,0.349,0.451,0,
0.326,0.365,0.536,0,
0.295,0.312,0.428,0,
0.318,0.328,0.483,0,
0.343,0.363,0.437,0,
0.332,0.357,0.519,0,
0.336,0.353,0.473,0,
0.301,0.295,0.466,0,
0.314,0.354,0.479,0,
0.313,0.301,0.527,0,
0.328,0.341,0.523,0,
0.326,0.349,0.477,0,
0.345,0.351,0.523,0,
0.329,0.35,0.524,0,
0.344,0.36,0.508,0,
0.338,0.355,0.48,0,
0.34,0.355,0.485,0,
0.28,0.278,0.449,0,
0.327,0.367,0.462,0,
0.326,0.345,0.442,0,
0.336,0.358,0.459,0,
0.309,0.354,0.493,0,
0.333,0.36,0.479,0,
0.332,0.342,0.538,0,
0.322,0.348,0.461,0,
0.315,0.339,0.447,0,
0.333,0.352,0.446,0,
0.349,0.382,0.524,0,
0.335,0.367,0.466,0,
0.291,0.318,0.459,0,
0.328,0.347,0.476,0,
0.283,0.306,0.432,0,
0.313,0.321,0.477,0,
0.388,0.432,0.517,0,
0.332,0.368,0.48,0,
0.306,0.318,0.459,0,
0.332,0.363,0.465,0,
0.322,0.337,0.566,0,
0.341,0.391,0.448,0,
0.348,0.368,0.539,0,
0.344,0.354,0.501,0,
0.345,0.366,0.473,0,
0.32,0.315,0.445,0,
0.342,0.371,0.521,0,
0.323,0.323,0.533,0,
0.325,0.341,0.444,0,
0.334,0.377,0.444,0,
0.312,0.328,0.519,0,
0.326,0.334,0.46,0,
0.333,0.339,0.499,0,
0.336,0.361,0.45,0,
0.338,0.359,0.545,0,
0.334,0.343,0.475,0,
0.309,0.331,0.497,0,
0.309,0.33,0.507,0,
0.323,0.318,0.491,0,
0.291,0.316,0.454,0,
0.334,0.343,0.477,0,
0.357,0.379,0.509,0,
0.343,0.371,0.49,0,
0.315,0.333,0.501,0,
0.32,0.345,0.448,0,
0.31,0.317,0.489,0,
0.305,0.319,0.474,0,
0.326,0.344,0.49,0,
0.298,0.328,0.397,0,
0.327,0.353,0.479,0,
0.319,0.346,0.462,0,
0.31,0.349,0.425,0,
0.334,0.358,0.481,0,
0.339,0.351,0.505,0,
0.318,0.322,0.499,0,
0.322,0.342,0.443,0,
0.344,0.347,0.49,0,
0.302,0.328,0.472,0,
0.323,0.335,0.47,0,
0.344,0.351,0.478,0,
0.321,0.343,0.498,0,
0.313,0.33,0.464,0,
0.359,0.398,0.514,0,
0.35,0.372,0.518,0,
0.33,0.349,0.519,0,
0.35,0.383,0.51,0,
0.339,0.385,0.462,0,
0.329,0.352,0.462,0,
0.331,0.341,0.519,0,
0.299,0.321,0.448,0,
0.302,0.311,0.452,0,
0.345,0.357,0.506,0,
0.31,0.322,0.539,0,
0.35,0.365,0.506,0,
0.329,0.349,0.506,0,
0.329,0.358,0.498,0,
0.332,0.348,0.482,0,
0.321,0.355,0.443,0,
0.318,0.336,0.502,0,
0.332,0.365,0.479,0,
0.314,0.311,0.484,0,
0.293,0.322,0.414,0,
0.324,0.341,0.48,0,
0.35,0.384,0.509,0,
0.323,0.371,0.455,0,
0.29,0.329,0.487,0,
0.328,0.367,0.477,0,
0.333,0.348,0.538,0,
0.319,0.36,0.475,0,
0.326,0.344,0.516,0,
0.329,0.349,0.531,0,
0.321,0.327,0.486,0,
0.338,0.347,0.51,0,
0.326,0.357,0.465,0,
0.339,0.372,0.484,0,
0.34,0.373,0.431,0,
0.331,0.329,0.52,0,
0.309,0.32,0.446,0,
0.327,0.341,0.505,0,
0.329,0.367,0.49,0,
0.309,0.314,0.466,0,
0.331,0.381,0.503,0,
0.318,0.322,0.492,0,
0.329,0.352,0.501,0,
0.318,0.335,0.487,0,
0.334,0.382,0.433,0,
0.321,0.343,0.478,0,
0.311,0.317,0.539,0,
0.326,0.348,0.438,0,
0.328,0.354,0.498,0,
0.327,0.338,0.497,0,
0.325,0.352,0.436,0,
0.301,0.341,0.43,0,
0.344,0.367,0.488,0,
0.342,0.38,0.44,0,
0.341,0.355,0.482,0,
0.295,0.324,0.458,0,
0.321,0.343,0.529,0,
0.316,0.33,0.439,0,
0.355,0.364,0.548,0,
0.319,0.349,0.53,0,
0.306,0.316,0.507,0,
0.318,0.341,0.52,0,
0.342,0.35,0.495,0,
0.328,0.337,0.538,0,
0.326,0.346,0.462,0,
0.324,0.325,0.44,0,
0.32,0.324,0.459,0,
0.317,0.355,0.505,0,
0.326,0.35,0.474,0,
0.308,0.32,0.451,0,
0.359,0.369,0.569,0,
0.307,0.349,0.442,0,
0.328,0.343,0.437,0,
0.326,0.347,0.45,0,
0.363,0.369,0.553,0,
0.346,0.376,0.523,0,
0.328,0.35,0.474,0,
0.326,0.351,0.462,0,
0.318,0.336,0.479,0,
0.318,0.323,0.495,0,
0.323,0.342,0.542,0,
0.336,0.355,0.489,0,
0.334,0.349,0.444,0,
0.307,0.307,0.42,0,
0.334,0.336,0.529,0,
0.319,0.345,0.499,0,
0.317,0.33,0.476,0,
0.316,0.338,0.46,0,
0.332,0.339,0.475,0,
0.333,0.358,0.469,0,
0.335,0.355,0.545,0,
0.341,0.352,0.486,0,
0.321,0.332,0.465,0,
0.329,0.364,0.439,0,
0.306,0.33,0.488,0,
0.33,0.337,0.488,0,
0.337,0.36,0.493,0,
0.323,0.357,0.479,0,
0.317,0.334,0.475,0,
0.326,0.358,0.485,0,
0.309,0.333,0.536,0,
0.321,0.331,0.464,0,
0.327,0.372,0.463,0,
0.35,0.364,0.496,0,
0.338,0.357,0.474,0,
0.352,0.383,0.502,0,
0.307,0.342,0.504,0,
0.336,0.347,0.54,0,
0.351,0.377,0.484,0,
0.33,0.377,0.456,0,
0.341,0.388,0.46,0,
0.334,0.351,0.452,0,
0.33,0.369,0.429,0,
0.339,0.362,0.485,0,
0.338,0.355,0.478,0,
0.347,0.382,0.481,0,
0.32,0.34,0.469,0,
0.32,0.334,0.476,0,
0.326,0.338,0.518,0,
0.324,0.352,0.453,0,
0.307,0.341,0.489,0,
0.348,0.362,0.48,0,
0.312,0.327,0.544,0,
0.32,0.332,0.507,0,
0.376,0.389,0.543,0,
0.333,0.354,0.498,0,
0.346,0.367,0.529,0,
0.318,0.32,0.522,0,
0.323,0.343,0.46,0,
0.336,0.372,0.526,0,
0.322,0.328,0.48,0,
0.31,0.308,0.507,0,
0.336,0.373,0.453,0,
0.331,0.376,0.5,0,
0.32,0.348,0.464,0,
0.338,0.337,0.474,0,
0.336,0.381,0.43,0,
0.308,0.324,0.518,0,
0.31,0.341,0.484,0,
0.334,0.34,0.495,0,
0.344,0.383,0.534,0,
0.35,0.369,0.535,0,
0.308,0.355,0.436,0,
0.321,0.318,0.532,0,
0.292,0.288,0.466,0,
0.354,0.37,0.498,0,
0.325,0.356,0.499,0,
0.343,0.355,0.498,0,
0.314,0.309,0.53,0,
0.327,0.344,0.486,0,
0.326,0.35,0.51,0,
0.341,0.368,0.533,0,
0.318,0.363,0.444,0,
0.307,0.325,0.501,0,
0.322,0.324,0.443,0,
0.32,0.35,0.484,0,
0.315,0.328,0.464,0,
0.348,0.363,0.536,0,
0.355,0.365,0.532,0,
0.34,0.354,0.457,0,
0.343,0.371,0.532,0,
0.348,0.35,0.545,0,
0.343,0.361,0.47,0,
0.306,0.307,0.518,0,
0.351,0.381,0.505,0,
0.323,0.354,0.502,0,
0.317,0.35,0.458,0,
0.356,0.388,0.511,0,
0.343,0.364,0.474,0,
0.327,0.348,0.488,0,
0.314,0.347,0.494,0,
0.343,0.379,0.495,0,
0.319,0.348,0.458,0,
0.305,0.306,0.496,0,
0.327,0.361,0.442,0,
0.325,0.339,0.543,0,
0.356,0.383,0.545,0,
0.324,0.334,0.484,0,
0.311,0.288,0.503,0,
0.346,0.363,0.507,0,
0.343,0.379,0.498,0,
0.315,0.35,0.432,0,
0.317,0.344,0.451,0,
0.286,0.31,0.458,0,
0.293,0.325,0.519,0,
0.328,0.363,0.515,0,
0.299,0.312,0.416,0,
0.333,0.377,0.477,0,
0.352,0.387,0.499,0,
0.34,0.363,0.501,0,
0.339,0.383,0.463,0,
0.32,0.342,0.504,0,
0.324,0.345,0.513,0,
0.354,0.375,0.481,0,
0.31,0.322,0.511,0,
0.339,0.36,0.537,0,
0.314,0.325,0.457,0,
0.327,0.34,0.487,0,
0.338,0.349,0.509,0,
0.342,0.37,0.516,0,
0.316,0.322,0.488,0,
0.348,0.368,0.47,0,
0.331,0.357,0.505,0,
0.334,0.339,0.495,0,
0.319,0.347,0.432,0,
0.325,0.358,0.459,0,
0.334,0.367,0.451,0,
0.332,0.323,0.508,0,
0.319,0.314,0.478,0,
0.335,0.375,0.518,0,
0.316,0.341,0.466,0,
0.347,0.361,0.503,0,
0.316,0.369,0.436,0,
0.346,0.36,0.505,0,
0.322,0.347,0.465,0,
0.333,0.354,0.495,0,
0.326,0.353,0.541,0,
0.321,0.345,0.524,0,
0.274,0.316,0.359,0,
0.326,0.345,0.495,0,
0.324,0.35,0.467,0,
0.309,0.317,0.435,0,
0.328,0.367,0.496,0,
0.337,0.358,0.52,0,
0.318,0.352,0.424,0,
0.312,0.321,0.457,0,
0.318,0.343,0.461,0,
0.34,0.385,0.46,0,
0.328,0.348,0.529,0,
0.313,0.306,0.483,0,
0.322,0.337,0.471,0,
0.358,0.375,0.521,0,
0.301,0.301,0.485,0,
0.346,0.362,0.486,0,
0.335,0.375,0.494,0,
0.319,0.343,0.493,0,
0.337,0.347,0.531,0,
0.327,0.349,0.48,0,
0.332,0.351,0.504,0,
0.312,0.322,0.478,0,
0.328,0.356,0.518,0,
0.345,0.365,0.496,0,
0.342,0.381,0.436,0,
0.337,0.35,0.515,0,
0.329,0.337,0.562,0,
0.333,0.353,0.489,0,
0.312,0.351,0.406,0,
0.319,0.327,0.511,0,
0.318,0.315,0.478,0,
0.318,0.32,0.482,0,
0.359,0.388,0.464,0,
0.351,0.346,0.54,0,
0.34,0.359,0.533,0,
0.357,0.371,0.506,0,
0.349,0.386,0.476,0,
0.331,0.341,0.466,0,
0.339,0.36,0.495,0,
0.313,0.316,0.435,0,
0.349,0.385,0.455,0,
0.323,0.347,0.461,0,
0.305,0.333,0.432,0,
0.325,0.359,0.46,0,
0.345,0.339,0.532,0,
0.299,0.316,0.474,0,
0.337,0.361,0.485,0,
0.318,0.34,0.508,0,
0.319,0.322,0.509,0,
0.314,0.344,0.45,0,
0.307,0.325,0.51,0,
0.308,0.351,0.45,0,
0.302,0.312,0.493,0,
0.313,0.317,0.5,0,
0.324,0.35,0.503,0,
0.33,0.355,0.466,0,
0.344,0.365,0.456,0,
0.332,0.343,0.518,0,
0.325,0.331,0.517,0,
0.345,0.364,0.502,0,
0.34,0.376,0.455,0,
0.326,0.367,0.423,0,
0.329,0.363,0.499,0,
0.317,0.354,0.49,0,
0.334,0.339,0.544,0,
0.322,0.376,0.476,0,
0.347,0.371,0.504,0,
0.308,0.325,0.446,0,
0.34,0.392,0.523,0,
0.337,0.354,0.524,0,
0.337,0.336,0.525,0,
0.329,0.332,0.487,0,
0.296,0.324,0.501,0,
0.33,0.351,0.516,0,
0.357,0.406,0.532,0,
0.319,0.324,0.462,0,
0.307,0.339,0.445,0,
0.339,0.352,0.477,0,
0.329,0.354,0.444,0,
0.339,0.385,0.481,0,
0.338,0.345,0.506,0,
0.316,0.338,0.429,0,
0.323,0.351,0.505,0,
0.352,0.361,0.492,0,
0.335,0.356,0.474,0,
0.318,0.355,0.513,0,
0.318,0.341,0.453,0,
0.313,0.326,0.41,0,
0.32,0.337,0.49,0,
0.317,0.341,0.522,0,
0.314,0.318,0.474,0,
0.344,0.365,0.503,0,
0.323,0.345,0.463,0,
0.313,0.324,0.483,0,
0.345,0.383,0.462,0,
0.296,0.32,0.48,0,
0.354,0.382,0.582,0,
0.32,0.332,0.503,0,
0.337,0.34,0.503,0,
0.347,0.376,0.508,0,
0.313,0.329,0.52,0,
0.299,0.288,0.435,0,
0.325,0.356,0.5,0,
0.329,0.37,0.466,0,
0.319,0.353,0.497,0,
0.333,0.354,0.459,0,
0.302,0.319,0.494,0,
0.324,0.329,0.503,0,
0.351,0.375,0.492,0,
0.313,0.353,0.469,0,
0.306,0.311,0.435,0,
0.324,0.354,0.419,0,
0.334,0.357,0.51,0,
0.309,0.326,0.461,0,
0.303,0.323,0.472,0,
0.311,0.334,0.457,0,
0.32,0.35,0.434,0,
0.315,0.331,0.475,0,
0.317,0.33,0.481,0,
0.313,0.354,0.482,0,
0.335,0.354,0.525,0,
0.337,0.351,0.483,0,
0.34,0.348,0.546,0,
0.306,0.325,0.459,0,
0.334,0.342,0.501,0,
0.328,0.357,0.499,0,
0.291,0.366,0.4,0,
0.328,0.333,0.479,0,
0.334,0.36,0.469,0,
0.316,0.332,0.487,0,
0.323,0.329,0.542,0,
0.311,0.322,0.509,0,
0.335,0.37,0.537,0,
0.293,0.317,0.498,0,
0.309,0.335,0.469,0,
0.339,0.355,0.493,0,
0.336,0.35,0.492,0,
0.329,0.366,0.502,0,
0.339,0.358,0.458,0,
0.336,0.376,0.505,0,
0.341,0.363,0.485,0,
0.327,0.337,0.501,0,
0.311,0.334,0.434,0,
0.322,0.355,0.455,0,
0.317,0.362,0.479,0,
0.3,0.329,0.452,0,
0.346,0.348,0.483,0,
0.341,0.348,0.536,0,
0.295,0.315,0.512,0,
0.324,0.357,0.505,0,
0.338,0.37,0.477,0,
0.286,0.294,0.508,0,
0.335,0.367,0.54,0,
0.358,0.38,0.538,0,
0.296,0.318,0.515,0,
0.339,0.352,0.497,0,
0.305,0.342,0.441,0,
0.34,0.348,0.498,0,
0.285,0.299,0.458,0,
0.315,0.339,0.472,0,
0.364,0.406,0.504,0,
0.327,0.329,0.493,0,
0.314,0.369,0.516,0,
0.338,0.36,0.462,0,
0.322,0.348,0.453,0,
0.345,0.389,0.492,0,
0.352,0.364,0.486,0,
0.314,0.325,0.503,0,
0.335,0.336,0.539,0,
0.32,0.331,0.544,0,
0.34,0.36,0.457,0,
0.334,0.374,0.531,0,
0.317,0.359,0.467,0,
0.33,0.361,0.464,0,
0.343,0.346,0.534,0,
0.312,0.332,0.405,0,
0.359,0.391,0.499,0,
0.323,0.338,0.534,0,
0.327,0.337,0.509,0,
0.333,0.341,0.515,0,
0.312,0.341,0.523,0,
0.319,0.333,0.523,0,
0.331,0.344,0.507,0,
0.33,0.328,0.539,0,
0.238,0.216,0.524,0,
0.322,0.349,0.461,0,
0.317,0.347,0.438,0,
0.353,0.359,0.52,0,
0.33,0.353,0.526,0,
0.33,0.355,0.496,0,
0.326,0.362,0.452,0,
0.321,0.351,0.496,0,
0.329,0.337,0.497,0,
0.335,0.347,0.492,0,
0.321,0.328,0.481,0,
0.335,0.358,0.553,0,
0.301,0.313,0.448,0,
0.331,0.348,0.458,0,
0.326,0.336,0.454,0,
0.338,0.345,0.535,0,
0.364,0.402,0.469,0,
0.317,0.333,0.488,0,
0.309,0.327,0.494,0,
0.338,0.354,0.462,0,
0.338,0.35,0.456,0,
0.336,0.347,0.479,0,
0.346,0.373,0.522,0,
0.316,0.357,0.501,0,
0.327,0.337,0.498,0,
0.341,0.377,0.502,0,
0.336,0.369,0.459,0,
0.33,0.339,0.494,0,
0.313,0.351,0.48,0,
0.318,0.356,0.474,0,
0.347,0.356,0.517,0,
0.321,0.341,0.551,0,
0.307,0.355,0.457,0,
0.334,0.348,0.458,0,
0.333,0.362,0.508,0,
0.332,0.355,0.484,0,
0.3,0.317,0.467,0,
0.319,0.333,0.448,0,
0.282,0.327,0.391,0,
0.303,0.323,0.442,0,
0.295,0.309,0.44,0,
0.308,0.339,0.446,0,
0.326,0.356,0.48,0,
0.323,0.349,0.455,0,
0.34,0.341,0.519,0,
0.38,0.393,0.544,0,
0.334,0.345,0.467,0,
0.316,0.347,0.446,0,
0.34,0.367,0.468,0,
0.331,0.349,0.478,0,
0.309,0.346,0.465,0,
0.309,0.371,0.415,0,
0.344,0.368,0.49,0,
0.307,0.336,0.455,0,
0.309,0.326,0.539,0,
0.347,0.348,0.51,0,
0.33,0.371,0.449,0,
0.32,0.357,0.451,0,
0.35,0.37,0.484,0,
0.34,0.365,0.505,0,
0.326,0.334,0.489,0,
0.287,0.301,0.442,0,
0.314,0.347,0.429,0,
0.327,0.353,0.485,0,
0.334,0.35,0.484,0,
0.311,0.318,0.474,0,
0.332,0.364,0.448,0,
0.324,0.342,0.469,0,
0.335,0.352,0.476,0,
0.33,0.387,0.427,0,
0.321,0.339,0.501,0,
0.344,0.358,0.49,0,
0.304,0.329,0.435,0,
0.336,0.367,0.512,0,
0.329,0.359,0.514,0,
0.315,0.348,0.425,0,
0.332,0.352,0.513,0,
0.351,0.362,0.549,0,
0.335,0.358,0.495,0,
0.353,0.372,0.473,0,
0.312,0.322,0.489,0,
0.333,0.345,0.489,0,
0.343,0.357,0.546,0,
0.348,0.37,0.514,0,
0.332,0.35,0.503,0,
0.294,0.288,0.439,0,
0.325,0.381,0.468,0,
0.346,0.369,0.559,0,
0.301,0.321,0.516,0,
0.296,0.309,0.47,0,
0.326,0.336,0.513,0,
0.33,0.344,0.484,0,
0.313,0.338,0.511,0,
0.35,0.397,0.453,0,
0.33,0.357,0.42,0,
0.318,0.333,0.501,0,
0.32,0.334,0.47,0,
0.333,0.35,0.536,0,
0.303,0.329,0.468,0,
0.32,0.332,0.479,0,
0.31,0.316,0.502,0,
0.346,0.369,0.519,0,
0.276,0.287,0.452,0,
0.314,0.327,0.45,0,
0.35,0.373,0.476,0,
0.337,0.365,0.511,0,
0.314,0.334,0.444,0,
0.346,0.369,0.487,0,
0.317,0.339,0.452,0,
0.336,0.329,0.513,0,
0.297,0.319,0.437,0,
0.323,0.337,0.457,0,
0.319,0.334,0.455,0,
0.347,0.37,0.518,0,
0.317,0.324,0.546,0,
0.343,0.371,0.444,0,
0.329,0.358,0.489,0,
0.315,0.35,0.488,0,
0.323,0.34,0.464,0,
0.312,0.329,0.491,0,
0.299,0.322,0.481,0,
0.332,0.339,0.461,0,
0.339,0.362,0.495,0,
0.336,0.393,0.469,0,
0.304,0.316,0.479,0,
0.32,0.342,0.457,0,
0.323,0.35,0.453,0,
0.363,0.374,0.49,0,
0.305,0.312,0.514,0,
0.317,0.344,0.449,0,
0.322,0.355,0.448,0,
0.345,0.362,0.508,0,
0.346,0.372,0.499,0,
0.345,0.368,0.468,0,
0.322,0.359,0.475,0,
0.311,0.336,0.464,0,
0.317,0.331,0.534,0,
0.362,0.386,0.484,0,
0.329,0.337,0.494,0,
0.345,0.382,0.489,0,
0.346,0.356,0.502,0,
0.313,0.314,0.524,0,
0.319,0.35,0.522,0,
0.347,0.354,0.552,0,
0.326,0.377,0.425,0,
0.348,0.36,0.51,0,
0.347,0.37,0.531,0,
0.327,0.327,0.51,0,
0.341,0.368,0.502,0,
0.328,0.373,0.51,0,
0.352,0.382,0.522,0,
0.358,0.381,0.517,0,
0.335,0.352,0.495,0,
0.266,0.289,0.409,0,
0.331,0.358,0.467,0,
0.341,0.353,0.563,0,
0.339,0.342,0.505,0,
0.353,0.377,0.518,0,
0.331,0.339,0.543,0,
0.322,0.341,0.464,0,
0.3,0.333,0.508,0,
0.314,0.322,0.44,0,
0.31,0.321,0.48,0,
0.317,0.36,0.527,0,
0.297,0.339,0.486,0,
0.328,0.361,0.515,0,
0.306,0.317,0.511,0,
0.322,0.338,0.52,0,
0.317,0.311,0.518,0,
0.338,0.359,0.495,0,
0.317,0.334,0.452,0,
0.309,0.339,0.485,0,
0.338,0.368,0.457,0,
0.32,0.355,0.505,0,
0.335,0.347,0.518,0,
0.344,0.371,0.472,0,
0.318,0.333,0.495,0,
0.311,0.333,0.468,0,
0.315,0.36,0.431,0,
0.311,0.326,0.46,0,
0.352,0.359,0.526,0,
0.336,0.341,0.475,0,
0.318,0.323,0.545,0,
0.322,0.33,0.484,0,
0.332,0.338,0.573,0,
0.304,0.336,0.509,0,
0.316,0.342,0.456,0,
0.338,0.362,0.55,0,
0.29,0.336,0.498,0,
0.352,0.364,0.507,0,
0.354,0.366,0.513,0,
0.341,0.378,0.497,0,
0.34,0.388,0.471,0,
0.313,0.33,0.482,0,
0.343,0.362,0.461,0,
0.333,0.352,0.524,0,
0.325,0.351,0.499,0,
0.298,0.292,0.474,0,
0.326,0.329,0.497,0,
0.318,0.315,0.428,0,
0.323,0.353,0.464,0,
0.356,0.374,0.502,0,
0.335,0.355,0.515,0,
0.306,0.321,0.431,0,
0.325,0.35,0.504,0,
0.35,0.364,0.485,0,
0.32,0.341,0.438,0,
0.323,0.348,0.497,0,
0.319,0.32,0.487,0,
0.343,0.362,0.508,0,
0.334,0.345,0.526,0,
0.349,0.367,0.517,0,
0.344,0.356,0.494,0,
0.324,0.32,0.491,0,
0.34,0.364,0.489,0,
0.343,0.348,0.461,0,
0.352,0.366,0.535,0,
0.338,0.383,0.473,0,
0.302,0.316,0.485,0,
0.329,0.351,0.464,0,
0.347,0.376,0.456,0,
0.331,0.349,0.477,0,
0.328,0.357,0.497,0,
0.292,0.341,0.424,0,
0.336,0.38,0.452,0,
0.33,0.348,0.499,0,
0.339,0.396,0.498,0,
0.323,0.36,0.422,0,
0.343,0.362,0.465,0,
0.34,0.353,0.467,0,
0.311,0.348,0.427,0,
0.357,0.394,0.483,0,
0.325,0.357,0.484,0,
0.323,0.33,0.467,0,
0.33,0.35,0.479,0,
0.334,0.356,0.474,0,
0.338,0.351,0.454,0,
0.328,0.348,0.468,0,
0.3,0.313,0.469,0,
0.35,0.4,0.515,0,
0.35,0.379,0.518,0,
0.301,0.311,0.465,0,
0.332,0.355,0.534,0,
0.322,0.328,0.483,0,
0.33,0.346,0.507,0,
0.317,0.332,0.495,0,
0.299,0.303,0.461,0,
0.338,0.356,0.561,0,
0.319,0.334,0.462,0,
0.345,0.357,0.501,0,
0.293,0.314,0.493,0,
0.34,0.345,0.468,0,
0.32,0.348,0.446,0,
0.325,0.326,0.488,0,
0.301,0.326,0.493,0,
0.328,0.353,0.54,0,
0.321,0.345,0.485,0,
0.332,0.364,0.43,0,
0.33,0.349,0.517,0,
0.331,0.356,0.483,0,
0.296,0.293,0.489,0,
0.333,0.365,0.463,0,
0.352,0.355,0.525,0,
0.308,0.336,0.525,0,
0.325,0.36,0.495,0,
0.32,0.345,0.477,0,
0.325,0.351,0.455,0,
0.337,0.371,0.432,0,
0.348,0.393,0.498,0,
0.314,0.336,0.464,0,
0.331,0.369,0.523,0,
0.344,0.355,0.477,0,
0.34,0.353,0.473,0,
0.32,0.334,0.48,0,
0.31,0.335,0.476,0,
0.322,0.349,0.517,0,
0.305,0.319,0.495,0,
0.334,0.358,0.531,0,
0.277,0.286,0.463,0,
0.326,0.346,0.5,0,
0.37,0.402,0.567,0,
0.329,0.374,0.437,0,
0.327,0.322,0.493,0,
0.333,0.348,0.474,0,
0.345,0.386,0.505,0,
0.314,0.347,0.413,0,
0.314,0.337,0.444,0,
0.327,0.352,0.502,0,
0.33,0.351,0.467,0,
0.336,0.358,0.466,0,
0.332,0.342,0.47,0,
0.357,0.367,0.51,0,
0.348,0.374,0.465,0,
0.329,0.346,0.521,0,
0.298,0.309,0.465,0,
0.315,0.338,0.534,0,
0.33,0.366,0.454,0,
0.339,0.399,0.477,0,
0.364,0.399,0.502,0,
0.347,0.363,0.528,0,
0.353,0.392,0.454,0,
0.323,0.343,0.492,0,
0.342,0.359,0.509,0,
0.294,0.313,0.484,0,
0.318,0.336,0.536,0,
0.307,0.305,0.466,0,
0.338,0.376,0.455,0,
0.328,0.334,0.464,0,
0.313,0.331,0.468,0,
0.3,0.3,0.52,0,
0.346,0.378,0.48,0,
0.318,0.343,0.471,0,
0.333,0.349,0.471,0,
0.291,0.305,0.474,0,
0.32,0.318,0.506,0,
0.325,0.358,0.504,0,
0.354,0.353,0.54,0,
0.302,0.283,0.482,0,
0.32,0.337,0.482,0,
0.304,0.317,0.448,0,
0.327,0.357,0.465,0,
0.335,0.352,0.523,0,
0.361,0.393,0.5,0,
0.325,0.359,0.451,0,
0.355,0.381,0.533,0,
0.324,0.336,0.471,0,
0.337,0.351,0.502,0,
0.321,0.37,0.444,0,
0.343,0.366,0.502,0,
0.312,0.353,0.46,0,
0.338,0.337,0.503,0,
0.34,0.355,0.493,0,
0.317,0.328,0.471,0,
0.344,0.366,0.471,0,
0.3,0.303,0.531,0,
0.337,0.343,0.47,0,
0.311,0.327,0.521,0,
0.331,0.335,0.491,0,
0.334,0.348,0.543,0,
0.342,0.37,0.44,0,
0.333,0.339,0.497,0,
0.331,0.361,0.444,0,
0.366,0.407,0.484,0,
0.308,0.335,0.506,0,
0.33,0.352,0.488,0,
0.329,0.34,0.462,0,
0.347,0.367,0.505,0,
0.332,0.338,0.507,0,
0.311,0.35,0.494,0,
0.294,0.321,0.484,0,
0.337,0.354,0.475,0,
0.331,0.343,0.507,0,
0.337,0.366,0.459,0,
0.369,0.407,0.547,0,
0.307,0.293,0.458,0,
0.347,0.372,0.473,0,
0.297,0.325,0.422,0,
0.3,0.301,0.45,0,
0.325,0.362,0.503,0,
0.333,0.349,0.519,0,
0.341,0.379,0.452,0,
0.34,0.382,0.491,0,
0.306,0.304,0.542,0,
0.322,0.34,0.472,0,
0.317,0.343,0.477,0,
0.342,0.354,0.538,0,
0.314,0.323,0.499,0,
0.335,0.353,0.488,0,
0.311,0.324,0.515,0,
0.318,0.335,0.495,0,
0.313,0.334,0.452,0,
0.321,0.33,0.451,0,
0.258,0.268,0.357,0,
0.325,0.35,0.472,0,
0.335,0.341,0.502,0,
0.352,0.37,0.48,0,
0.342,0.36,0.511,0,
0.329,0.341,0.437,0,
0.33,0.371,0.456,0,
0.325,0.344,0.453,0,
0.343,0.361,0.462,0,
0.321,0.346,0.492,0,
0.322,0.348,0.466,0,
0.305,0.325,0.461,0,
0.326,0.344,0.452,0,
0.323,0.367,0.454,0,
0.342,0.368,0.511,0,
0.318,0.327,0.497,0,
0.33,0.365,0.508,0,
0.348,0.372,0.507,0,
0.325,0.343,0.467,0,
0.305,0.343,0.436,0,
0.34,0.359,0.48,0,
0.335,0.357,0.488,0,
0.33,0.336,0.509,0,
0.332,0.346,0.436,0,
0.325,0.354,0.424,0,
0.338,0.37,0.441,0,
0.306,0.297,0.481,0,
0.307,0.324,0.498,0,
0.349,0.38,0.473,0,
0.336,0.363,0.467,0,
0.345,0.384,0.468,0,
0.345,0.381,0.466,0,
0.335,0.355,0.506,0,
0.332,0.357,0.51,0,
0.349,0.362,0.54,0,
0.338,0.36,0.439,0,
0.334,0.335,0.514,0,
0.333,0.358,0.491,0,
0.323,0.32,0.555,0,
0.351,0.387,0.54,0,
0.309,0.332,0.484,0,
0.31,0.308,0.477,0,
0.349,0.377,0.487,0,
0.329,0.334,0.538,0,
0.328,0.338,0.482,0,
0.305,0.327,0.499,0,
0.315,0.329,0.477,0,
0.333,0.345,0.487,0,
0.337,0.356,0.481,0,
0.32,0.336,0.501,0,
0.343,0.354,0.484,0,
0.313,0.354,0.484,0,
0.317,0.331,0.505,0,
0.314,0.325,0.513,0,
0.326,0.339,0.444,0,
0.338,0.345,0.474,0,
0.287,0.271,0.436,0,
0.373,0.398,0.528,0,
0.34,0.37,0.514,0,
0.313,0.338,0.442,0,
0.291,0.259,0.517,0,
0.299,0.322,0.44,0,
0.329,0.348,0.527,0,
0.331,0.366,0.446,0,
0.289,0.33,0.468,0,
0.311,0.322,0.522,0,
0.335,0.368,0.461,0,
0.315,0.316,0.466,0,
0.33,0.345,0.467,0,
0.34,0.347,0.479,0,
0.332,0.343,0.502,0,
0.304,0.314,0.461,0,
0.306,0.325,0.503,0,
0.33,0.354,0.448,0,
0.322,0.377,0.485,0,
0.344,0.389,0.479,0,
0.362,0.401,0.498,0,
0.348,0.382,0.487,0,
0.332,0.342,0.465,0,
0.333,0.365,0.493,0,
0.348,0.369,0.536,0,
0.329,0.337,0.475,0,
0.32,0.331,0.526,0,
0.342,0.354,0.478,0,
0.338,0.35,0.498,0,
0.334,0.34,0.525,0,
0.354,0.36,0.514,0,
0.319,0.332,0.42,0,
0.321,0.323,0.452,0,
0.309,0.321,0.532,0,
0.33,0.36,0.466,0,
0.32,0.346,0.455,0,
0.316,0.354,0.383,0,
0.315,0.352,0.498,0,
0.306,0.338,0.549,0,
0.34,0.349,0.485,0,
0.305,0.327,0.513,0,
0.324,0.332,0.542,0,
0.327,0.341,0.486,0,
0.337,0.356,0.474,0,
0.349,0.37,0.516,0,
0.318,0.35,0.459,0,
0.309,0.322,0.492,0,
0.328,0.367,0.479,0,
0.364,0.387,0.492,0,
0.326,0.346,0.468,0,
0.337,0.362,0.508,0,
0.354,0.382,0.502,0,
0.319,0.343,0.507,0,
0.317,0.33,0.487,0,
0.325,0.341,0.459,0,
0.281,0.294,0.407,0,
0.327,0.369,0.522,0,
0.334,0.355,0.493,0,
0.292,0.319,0.457,0,
0.295,0.32,0.458,0,
0.291,0.303,0.476,0,
0.331,0.364,0.537,0,
0.319,0.331,0.524,0,
0.33,0.329,0.513,0,
0.363,0.372,0.54,0,
0.332,0.376,0.465,0,
0.332,0.351,0.547,0,
0.332,0.386,0.53,0,
0.3,0.296,0.492,0,
0.334,0.352,0.469,0,
0.34,0.363,0.531,0,
0.318,0.34,0.502,0,
0.333,0.338,0.506,0,
0.319,0.335,0.456,0,
0.332,0.364,0.476,0,
0.32,0.337,0.462,0,
0.347,0.374,0.501,0,
0.336,0.378,0.483,0,
0.327,0.352,0.522,0,
0.304,0.346,0.475,0,
0.336,0.365,0.47,0,
0.341,0.35,0.49,0,
0.317,0.326,0.472,0,
0.326,0.362,0.457,0,
0.332,0.346,0.466,0,
0.334,0.349,0.488,0,
0.317,0.331,0.452,0,
0.308,0.328,0.455,0,
0.283,0.316,0.403,0,
0.355,0.382,0.484,0,
0.348,0.366,0.519,0,
0.321,0.361,0.463,0,
0.305,0.333,0.526,0,
0.296,0.337,0.4,0,
0.326,0.356,0.529,0,
0.336,0.358,0.44,0,
0.305,0.303,0.476,0,
0.335,0.367,0.492,0,
0.307,0.305,0.483,0,
0.332,0.359,0.451,0,
0.333,0.34,0.465,0,
0.312,0.35,0.467,0,
0.324,0.32,0.513,0,
0.327,0.328,0.481,0,
0.334,0.365,0.513,0,
0.337,0.389,0.482,0,
0.327,0.345,0.5,0,
0.312,0.355,0.431,0,
0.336,0.361,0.479,0,
0.331,0.357,0.436,0,
0.333,0.354,0.438,0,
0.325,0.349,0.493,0,
0.334,0.358,0.432,0,
0.332,0.342,0.48,0,
0.314,0.337,0.488,0,
0.325,0.345,0.529,0,
0.334,0.346,0.544,0,
0.348,0.373,0.457,0,
0.356,0.362,0.537,0,
0.337,0.36,0.46,0,
0.326,0.368,0.451,0,
0.327,0.343,0.519,0,
0.339,0.347,0.507,0,
0.341,0.349,0.48,0,
0.335,0.366,0.465,0,
0.345,0.327,0.522,0,
0.314,0.344,0.516,0,
0.306,0.323,0.477,0,
0.315,0.338,0.492,0,
0.334,0.355,0.511,0,
0.342,0.369,0.529,0,
0.31,0.317,0.512,0,
0.329,0.365,0.434,0,
0.333,0.38,0.423,0,
0.31,0.31,0.474,0,
0.334,0.388,0.438,0,
0.334,0.325,0.566,0,
0.339,0.365,0.495,0,
0.338,0.352,0.506,0,
0.33,0.35,0.494,0,
0.325,0.35,0.487,0,
0.323,0.347,0.493,0,
0.329,0.337,0.513,0,
0.334,0.352,0.528,0,
0.318,0.34,0.478,0,
0.309,0.338,0.489,0,
0.339,0.368,0.529,0,
0.34,0.381,0.505,0,
0.296,0.292,0.437,0,
0.324,0.353,0.493,0,
0.286,0.306,0.401,0,
0.33,0.345,0.5,0,
0.341,0.369,0.483,0,
0.318,0.347,0.452,0,
0.331,0.354,0.455,0,
0.333,0.348,0.531,0,
0.346,0.4,0.447,0,
0.335,0.38,0.449,0,
0.306,0.348,0.544,0,
0.311,0.332,0.51,0,
0.302,0.338,0.404,0,
0.338,0.347,0.491,0,
0.315,0.341,0.499,0,
0.307,0.333,0.425,0,
0.333,0.369,0.453,0,
0.331,0.352,0.474,0,
0.331,0.351,0.489,0,
0.305,0.31,0.45,0,
0.336,0.369,0.451,0,
0.322,0.347,0.576,0,
0.336,0.372,0.485,0,
0.344,0.373,0.488,0,
0.32,0.318,0.521,0,
0.353,0.381,0.49,0,
0.271,0.278,0.436,0,
0.336,0.354,0.522,0,
0.319,0.312,0.49,0,
0.319,0.331,0.473,0,
0.293,0.297,0.477,0,
0.314,0.339,0.45,0,
0.349,0.371,0.471,0,
0.332,0.357,0.504,0,
0.35,0.36,0.492,0,
0.343,0.35,0.481,0,
0.328,0.361,0.467,0,
0.318,0.322,0.513,0,
0.288,0.301,0.426,0,
0.304,0.317,0.502,0,
0.351,0.369,0.51,0,
0.342,0.35,0.49,0,
0.337,0.352,0.496,0,
0.313,0.32,0.468,0,
0.325,0.365,0.529,0,
0.307,0.326,0.463,0,
0.318,0.331,0.509,0,
0.325,0.37,0.427,0,
0.341,0.378,0.452,0,
0.33,0.373,0.503,0,
0.326,0.35,0.523,0,
0.328,0.348,0.454,0,
0.323,0.349,0.505,0,
0.367,0.403,0.478,0,
0.32,0.314,0.487,0,
0.328,0.356,0.462,0,
0.342,0.376,0.44,0,
0.32,0.334,0.461,0,
0.327,0.359,0.476,0,
0.315,0.347,0.53,0,
0.325,0.339,0.519,0,
0.315,0.35,0.459,0,
0.33,0.343,0.514,0,
0.338,0.345,0.528,0,
0.323,0.328,0.462,0,
0.344,0.366,0.481,0,
0.319,0.332,0.51,0,
0.343,0.361,0.526,0,
0.34,0.355,0.488,0,
0.344,0.358,0.486,0,
0.356,0.393,0.475,0,
0.349,0.404,0.465,0,
0.354,0.374,0.48,0,
0.301,0.315,0.463,0,
0.34,0.355,0.504,0,
0.337,0.33,0.533,0,
0.324,0.346,0.425,0,
0.366,0.4,0.541,0,
0.304,0.311,0.537,0,
0.318,0.334,0.454,0,
0.341,0.37,0.515,0,
0.356,0.372,0.517,0,
0.314,0.323,0.482,0,
0.328,0.373,0.503,0,
0.316,0.322,0.514,0,
0.316,0.337,0.508,0,
0.32,0.335,0.513,0,
0.329,0.355,0.444,0,
0.305,0.31,0.545,0,
0.332,0.338,0.483,0,
0.306,0.328,0.505,0,
0.309,0.334,0.493,0,
0.329,0.332,0.469,0,
0.355,0.401,0.53,0,
0.352,0.383,0.498,0,
0.299,0.306,0.51,0,
0.307,0.303,0.526,0,
0.337,0.353,0.481,0,
0.33,0.343,0.477,0,
0.325,0.322,0.473,0,
0.323,0.358,0.482,0,
0.345,0.353,0.515,0,
0.334,0.357,0.537,0,
0.326,0.329,0.514,0,
0.329,0.337,0.517,0,
0.345,0.382,0.496,0,
0.342,0.362,0.472,0,
0.332,0.386,0.464,0,
0.319,0.321,0.51,0,
0.337,0.36,0.476,0,
0.374,0.395,0.525,0,
0.323,0.355,0.497,0,
0.352,0.355,0.536,0,
0.341,0.353,0.495,0,
0.296,0.322,0.43,0,
0.276,0.315,0.529,0,
0.313,0.335,0.434,0,
0.332,0.354,0.495,0,
0.305,0.311,0.502,0,
0.311,0.361,0.462,0,
0.336,0.351,0.5,0,
0.332,0.35,0.482,0,
0.33,0.329,0.499,0,
0.307,0.345,0.449,0,
0.346,0.356,0.53,0,
0.311,0.329,0.453,0,
0.3,0.316,0.447,0,
0.337,0.367,0.485,0,
0.333,0.349,0.474,0,
0.325,0.372,0.478,0,
0.35,0.368,0.522,0,
0.348,0.361,0.545,0,
0.343,0.352,0.505,0,
0.331,0.36,0.498,0,
0.334,0.344,0.553,0,
0.34,0.358,0.544,0,
0.319,0.354,0.439,0,
0.314,0.357,0.402,0,
0.319,0.332,0.433,0,
0.318,0.322,0.476,0,
0.348,0.362,0.481,0,
0.328,0.334,0.484,0,
0.333,0.338,0.507,0,
0.343,0.36,0.477,0,
0.341,0.351,0.511,0,
0.361,0.383,0.508,0,
0.321,0.344,0.465,0,
0.341,0.391,0.479,0,
0.349,0.351,0.525,0,
0.322,0.333,0.471,0,
0.326,0.363,0.512,0,
0.346,0.361,0.491,0,
0.298,0.337,0.446,0,
0.324,0.352,0.515,0,
0.336,0.373,0.502,0,
0.323,0.369,0.469,0,
0.334,0.371,0.53,0,
0.344,0.385,0.513,0,
0.333,0.322,0.522,0,
0.335,0.336,0.504,0,
0.307,0.31,0.482,0,
0.348,0.353,0.539,0,
0.328,0.355,0.489,0,
0.327,0.35,0.47,0,
0.308,0.316,0.44,0,
0.314,0.325,0.48,0,
0.318,0.333,0.506,0,
0.308,0.337,0.467,0,
0.337,0.361,0.524,0,
0.335,0.347,0.469,0,
0.32,0.356,0.461,0,
0.317,0.343,0.481,0,
0.324,0.346,0.481,0,
0.304,0.341,0.499,0,
0.327,0.365,0.455,0,
0.326,0.339,0.465,0,
0.34,0.368,0.488,0,
0.33,0.363,0.459,0,
0.323,0.352,0.473,0,
0.311,0.345,0.502,0,
0.298,0.327,0.46,0,
0.347,0.384,0.466,0,
0.315,0.333,0.532,0,
0.326,0.358,0.486,0,
0.334,0.349,0.463,0,
0.334,0.381,0.481,0,
0.345,0.36,0.509,0,
0.341,0.358,0.491,0,
0.344,0.36,0.483,0,
0.362,0.39,0.49,0,
0.357,0.358,0.505,0,
0.316,0.344,0.475,0,
0.326,0.346,0.511,0,
0.297,0.307,0.44,0,
0.319,0.356,0.459,0,
0.34,0.368,0.472,0,
0.299,0.309,0.473,0,
0.322,0.345,0.46,0,
0.291,0.353,0.456,0,
0.345,0.356,0.475,0,
0.324,0.356,0.46,0,
0.327,0.367,0.488,0,
0.308,0.316,0.514,0,
0.332,0.362,0.479,0,
0.328,0.335,0.505,0,
0.321,0.365,0.421,0,
0.324,0.343,0.447,0,
0.347,0.378,0.487,0,
0.323,0.364,0.43,0,
0.299,0.323,0.483,0,
0.332,0.35,0.501,0,
0.341,0.35,0.503,0,
0.33,0.372,0.455,0,
0.352,0.394,0.507,0,
0.369,0.404,0.495,0,
0.321,0.343,0.52,0,
0.306,0.337,0.501,0,
0.29,0.302,0.481,0,
0.313,0.352,0.429,0,
0.334,0.37,0.461,0,
0.326,0.347,0.445,0,
0.344,0.373,0.498,0,
0.333,0.341,0.459,0,
0.286,0.286,0.493,0,
0.304,0.308,0.537,0,
0.296,0.313,0.49,0,
0.302,0.309,0.459,0,
0.346,0.345,0.474,0,
0.318,0.345,0.451,0,
0.318,0.34,0.47,0,
0.316,0.331,0.47,0,
0.313,0.349,0.418,0,
0.338,0.359,0.478,0,
0.311,0.341,0.488,0,
0.345,0.382,0.456,0,
0.328,0.346,0.491,0,
0.331,0.346,0.469,0,
0.331,0.335,0.479,0,
0.312,0.342,0.48,0,
0.324,0.343,0.44,0,
0.314,0.317,0.459,0,
0.319,0.34,0.425,0,
0.332,0.336,0.48,0,
0.324,0.343,0.481,0,
0.338,0.359,0.512,0,
0.309,0.329,0.449,0,
0.262,0.289,0.385,0,
0.319,0.336,0.45,0,
0.348,0.37,0.46,0,
0.331,0.355,0.525,0,
0.295,0.328,0.415,0,
0.334,0.365,0.492,0,
0.341,0.36,0.497,0,
0.338,0.353,0.54,0,
0.306,0.312,0.518,0,
0.314,0.332,0.442,0,
0.336,0.361,0.52,0,
0.315,0.33,0.469,0,
0.341,0.349,0.507,0,
0.286,0.302,0.43,0,
0.325,0.339,0.502,0,
0.312,0.327,0.492,0,
0.316,0.372,0.468,0,
0.336,0.355,0.483,0,
0.351,0.344,0.487,0,
0.363,0.384,0.489,0,
0.304,0.323,0.459,0,
0.319,0.36,0.424,0,
0.335,0.377,0.462,0,
0.33,0.326,0.483,0,
0.326,0.368,0.425,0,
0.365,0.395,0.534,0,
0.329,0.359,0.461,0,
0.337,0.361,0.488,0,
0.312,0.307,0.485,0,
0.351,0.358,0.536,0,
0.309,0.343,0.438,0,
0.306,0.301,0.478,0,
0.337,0.364,0.474,0,
0.322,0.342,0.506,0,
0.327,0.352,0.458,0,
0.347,0.354,0.493,0,
0.332,0.349,0.5,0,
0.318,0.333,0.473,0,
0.324,0.326,0.453,0,
0.339,0.355,0.501,0,
0.335,0.346,0.497,0,
0.328,0.354,0.506,0,
0.351,0.39,0.501,0,
0.304,0.336,0.452,0,
0.31,0.356,0.448,0,
0.348,0.358,0.493,0,
0.338,0.343,0.506,0,
0.325,0.337,0.514,0,
0.291,0.3,0.505,0,
0.342,0.353,0.488,0,
0.355,0.374,0.53,0,
0.309,0.318,0.461,0,
0.351,0.375,0.531,0,
0.319,0.345,0.463,0,
0.322,0.338,0.588,0,
0.302,0.324,0.497,0,
0.357,0.38,0.517,0,
0.338,0.359,0.511,0,
0.355,0.37,0.482,0,
0.325,0.338,0.467,0,
0.311,0.314,0.499,0,
0.317,0.338,0.413,0,
0.327,0.355,0.505,0,
0.352,0.379,0.494,0,
0.346,0.386,0.433,0,
0.366,0.402,0.482,0,
0.344,0.352,0.515,0,
0.324,0.342,0.483,0,
0.317,0.336,0.483,0,
0.359,0.393,0.495,0,
0.317,0.354,0.45,0,
0.325,0.335,0.502,0,
0.323,0.326,0.475,0,
0.324,0.35,0.483,0,
0.335,0.363,0.487,0,
0.297,0.285,0.471,0,
0.311,0.35,0.449,0,
0.32,0.322,0.453,0,
0.328,0.342,0.473,0,
0.335,0.39,0.413,0,
0.34,0.346,0.535,0,
0.345,0.389,0.475,0,
0.293,0.307,0.446,0,
0.32,0.352,0.465,0,
0.33,0.337,0.505,0,
0.332,0.343,0.487,0,
0.333,0.353,0.524,0,
0.307,0.318,0.472,0,
0.351,0.399,0.48,0,
0.309,0.311,0.46,0,
0.307,0.339,0.468,0,
0.294,0.342,0.482,0,
0.358,0.403,0.483,0,
0.33,0.363,0.46,0,
0.317,0.336,0.472,0,
0.296,0.315,0.496,0,
0.327,0.348,0.454,0,
0.327,0.361,0.532,0,
0.298,0.299,0.514,0,
0.334,0.361,0.519,0,
0.328,0.372,0.513,0,
0.331,0.356,0.446,0,
0.338,0.373,0.482,0,
0.333,0.352,0.491,0,
0.329,0.382,0.438,0,
0.323,0.341,0.487,0,
0.313,0.346,0.437,0,
0.314,0.306,0.495,0,
0.347,0.364,0.511,0,
0.32,0.337,0.513,0,
0.315,0.343,0.472,0,
0.311,0.334,0.435,0,
0.317,0.34,0.43,0,
0.335,0.348,0.492,0,
0.313,0.326,0.49,0,
0.309,0.334,0.459,0,
0.31,0.322,0.468,0,
0.329,0.35,0.476,0,
0.323,0.339,0.489,0,
0.304,0.326,0.474,0,
0.329,0.34,0.518,0,
0.336,0.361,0.536,0,
0.329,0.339,0.504,0,
0.33,0.345,0.483,0,
0.328,0.338,0.469,0,
0.308,0.327,0.514,0,
0.341,0.346,0.481,0,
0.304,0.326,0.499,0,
0.33,0.336,0.529,0,
0.324,0.342,0.504,0,
0.35,0.382,0.456,0,
0.319,0.348,0.457,0,
0.325,0.352,0.438,0,
0.347,0.39,0.487,0,
0.298,0.304,0.426,0,
0.334,0.351,0.517,0,
0.314,0.321,0.466,0,
0.329,0.37,0.519,0,
0.322,0.349,0.434,0,
0.353,0.367,0.523,0,
0.307,0.308,0.575,0,
0.303,0.328,0.447,0,
0.329,0.345,0.526,0,
0.304,0.313,0.497,0,
0.334,0.354,0.474,0,
0.352,0.356,0.471,0,
0.331,0.366,0.451,0,
0.332,0.346,0.497,0,
0.352,0.371,0.528,0,
0.321,0.35,0.477,0,
0.31,0.305,0.475,0,
0.322,0.333,0.498,0,
0.33,0.343,0.509,0,
0.308,0.314,0.494,0,
0.308,0.323,0.452,0,
0.319,0.35,0.482,0,
0.292,0.309,0.466,0,
0.334,0.319,0.533,0,
0.327,0.347,0.504,0,
0.288,0.298,0.533,0,
0.308,0.338,0.419,0,
0.331,0.361,0.503,0,
0.327,0.352,0.466,0,
0.33,0.365,0.496,0,
0.312,0.319,0.458,0,
0.322,0.332,0.568,0,
0.308,0.313,0.491,0,
0.332,0.362,0.501,0,
0.312,0.343,0.467,0,
0.307,0.338,0.468,0,
0.285,0.265,0.503,0,
0.344,0.348,0.491,0,
0.343,0.355,0.522,0,
0.327,0.335,0.523,0,
0.342,0.37,0.487,0,
0.296,0.291,0.533,0,
0.327,0.36,0.463,0,
0.3,0.294,0.484,0,
0.288,0.318,0.512,0,
0.294,0.298,0.505,0,
0.333,0.354,0.527,0,
0.338,0.354,0.516,0,
0.327,0.341,0.511,0,
0.314,0.325,0.485,0,
0.327,0.355,0.47,0,
0.319,0.346,0.505,0,
0.32,0.33,0.56,0,
0.344,0.347,0.552,0,
0.325,0.324,0.51,0,
0.327,0.339,0.492,0,
0.307,0.323,0.56,0,
0.316,0.353,0.499,0,
0.328,0.354,0.493,0,
0.279,0.299,0.414,0,
0.323,0.319,0.461,0,
0.333,0.322,0.513,0,
0.352,0.348,0.556,0,
0.315,0.301,0.483,0,
0.309,0.306,0.49,0,
0.308,0.324,0.533,0,
0.293,0.271,0.481,0,
0.309,0.331,0.508,0,
0.314,0.319,0.568,0,
0.342,0.366,0.48,0,
0.331,0.357,0.465,0,
0.338,0.362,0.497,0,
0.36,0.39,0.484,0,
0.275,0.315,0.442,0,
0.323,0.321,0.54,0,
0.302,0.347,0.52,0,
0.321,0.342,0.494,0,
0.343,0.357,0.502,0,
0.334,0.355,0.541,0,
0.337,0.355,0.526,0,
0.318,0.346,0.525,0,
0.344,0.358,0.468,0,
0.326,0.352,0.518,0,
0.343,0.362,0.521,0,
0.32,0.354,0.458,0,
0.319,0.35,0.448,0,
0.3,0.327,0.45,0,
0.312,0.318,0.559,0,
0.314,0.324,0.484,0,
0.307,0.353,0.493,0,
0.314,0.315,0.488,0,
0.278,0.298,0.567,0,
0.32,0.335,0.486,0,
0.316,0.348,0.422,0,
0.321,0.33,0.513,0,
0.319,0.323,0.53,0,
0.338,0.33,0.507,0,
0.308,0.302,0.507,0,
0.301,0.298,0.495,0,
0.325,0.342,0.491,0,
0.307,0.314,0.432,0,
0.314,0.315,0.568,0,
0.321,0.322,0.504,0,
0.313,0.319,0.5,0,
0.32,0.331,0.484,0,
0.322,0.345,0.497,0,
0.32,0.346,0.536,0,
0.307,0.276,0.508,0,
0.324,0.316,0.515,0,
0.318,0.356,0.467,0,
0.331,0.344,0.478,0,
0.326,0.338,0.483,0,
0.295,0.329,0.535,0,
0.321,0.336,0.466,0,
0.332,0.359,0.487,0,
0.327,0.355,0.513,0,
0.275,0.307,0.447,0,
0.326,0.351,0.46,0,
0.33,0.33,0.572,0,
0.323,0.376,0.448,0,
0.335,0.359,0.473,0,
0.317,0.307,0.505,0,
0.305,0.322,0.483,0,
0.323,0.303,0.56,0,
0.31,0.325,0.516,0,
0.315,0.316,0.55,0,
0.324,0.321,0.52,0,
0.293,0.302,0.41,0,
0.29,0.308,0.459,0,
0.315,0.343,0.546,0,
0.328,0.359,0.465,0,
0.309,0.31,0.428,0,
0.336,0.367,0.458,0,
0.318,0.327,0.482,0,
0.315,0.353,0.469,0,
0.334,0.339,0.482,0,
0.334,0.367,0.486,0,
0.294,0.309,0.478,0,
0.322,0.311,0.468,0,
0.311,0.331,0.512,0,
0.306,0.313,0.446,0,
0.334,0.36,0.517,0,
0.316,0.314,0.449,0,
0.316,0.344,0.456,0,
0.315,0.351,0.507,0,
0.325,0.339,0.45,0,
0.289,0.321,0.444,0,
0.351,0.372,0.523,0,
0.324,0.351,0.529,0,
0.33,0.35,0.479,0,
0.322,0.341,0.505,0,
0.312,0.337,0.53,0,
0.312,0.353,0.532,0,
0.317,0.322,0.473,0,
0.323,0.357,0.483,0,
0.314,0.297,0.462,0,
0.317,0.319,0.49,0,
0.315,0.295,0.511,0,
0.311,0.32,0.49,0,
0.301,0.314,0.518,0,
0.338,0.359,0.499,0,
0.292,0.309,0.446,0,
0.31,0.352,0.44,0,
0.33,0.349,0.454,0,
0.309,0.318,0.483,0,
0.311,0.329,0.421,0,
0.341,0.367,0.537,0,
0.319,0.322,0.482,0,
0.316,0.333,0.459,0,
0.332,0.337,0.509,0,
0.301,0.323,0.541,0,
0.317,0.325,0.534,0,
0.322,0.328,0.508,0,
0.32,0.343,0.437,0,
0.277,0.299,0.463,0,
0.29,0.277,0.483,0,
0.331,0.348,0.567,0,
0.305,0.316,0.532,0,
0.314,0.32,0.472,0,
0.311,0.31,0.545,0,
0.286,0.283,0.499,0,
0.334,0.337,0.49,0,
0.326,0.342,0.561,0,
0.316,0.32,0.498,0,
0.324,0.351,0.476,0,
0.289,0.278,0.516,0,
0.334,0.346,0.488,0,
0.303,0.304,0.54,0,
0.297,0.309,0.431,0,
0.33,0.36,0.495,0,
0.322,0.342,0.474,0,
0.329,0.317,0.516,0,
0.294,0.323,0.455,0,
0.314,0.31,0.463,0,
0.321,0.361,0.452,0,
0.336,0.354,0.504,0,
0.327,0.319,0.561,0,
0.314,0.316,0.486,0,
0.322,0.323,0.451,0,
0.316,0.324,0.481,0,
0.327,0.343,0.494,0,
0.305,0.333,0.451,0,
0.318,0.345,0.503,0,
0.334,0.327,0.483,0,
0.321,0.347,0.433,0,
0.339,0.373,0.58,0,
0.321,0.327,0.475,0,
0.295,0.327,0.428,0,
0.307,0.315,0.463,0,
0.329,0.341,0.568,0,
0.331,0.327,0.501,0,
0.336,0.365,0.517,0,
0.352,0.369,0.546,0,
0.307,0.317,0.496,0,
0.282,0.284,0.431,0,
0.319,0.322,0.48,0,
0.32,0.333,0.482,0,
0.32,0.346,0.433,0,
0.305,0.333,0.5,0,
0.292,0.287,0.53,0,
0.312,0.339,0.478,0,
0.296,0.297,0.516,0,
0.325,0.35,0.513,0,
0.325,0.33,0.523,0,
0.277,0.289,0.418,0,
0.348,0.367,0.514,0,
0.329,0.352,0.519,0,
0.335,0.363,0.545,0,
0.287,0.304,0.412,0,
0.304,0.272,0.489,0,
0.328,0.329,0.517,0,
0.325,0.337,0.504,0,
0.315,0.335,0.47,0,
0.317,0.325,0.495,0,
0.344,0.355,0.511,0,
0.314,0.31,0.526,0,
0.319,0.324,0.538,0,
0.351,0.38,0.486,0,
0.329,0.346,0.474,0,
0.303,0.307,0.495,0,
0.318,0.331,0.516,0,
0.335,0.343,0.497,0,
0.32,0.328,0.501,0,
0.333,0.345,0.495,0,
0.295,0.301,0.489,0,
0.32,0.317,0.459,0,
0.322,0.347,0.466,0,
0.332,0.349,0.501,0,
0.328,0.357,0.488,0,
0.29,0.317,0.538,0,
0.334,0.344,0.484,0,
0.324,0.35,0.443,0,
0.306,0.311,0.541,0,
0.348,0.381,0.49,0,
0.297,0.29,0.571,0,
0.316,0.344,0.459,0,
0.308,0.322,0.436,0,
0.315,0.327,0.469,0,
0.317,0.315,0.507,0,
0.297,0.308,0.442,0,
0.279,0.294,0.452,0,
0.342,0.393,0.504,0,
0.321,0.32,0.487,0,
0.306,0.322,0.44,0,
0.278,0.306,0.442,0,
0.289,0.3,0.447,0,
0.301,0.337,0.525,0,
0.296,0.296,0.496,0,
0.313,0.321,0.519,0,
0.305,0.312,0.502,0,
0.308,0.354,0.524,0,
0.327,0.351,0.554,0,
0.315,0.351,0.457,0,
0.334,0.347,0.486,0,
0.284,0.298,0.438,0,
0.299,0.302,0.475,0,
0.322,0.363,0.533,0,
0.318,0.306,0.483,0,
0.328,0.331,0.486,0,
0.293,0.301,0.547,0,
0.314,0.34,0.543,0,
0.324,0.339,0.501,0,
0.326,0.334,0.47,0,
0.321,0.315,0.516,0,
0.312,0.33,0.529,0,
0.327,0.356,0.456,0,
0.309,0.324,0.55,0,
0.312,0.317,0.554,0,
0.302,0.309,0.503,0,
0.325,0.34,0.491,0,
0.339,0.348,0.477,0,
0.302,0.272,0.517,0,
0.303,0.325,0.452,0,
0.325,0.355,0.469,0,
0.306,0.303,0.565,0,
0.319,0.35,0.469,0,
0.325,0.346,0.455,0,
0.315,0.321,0.504,0,
0.336,0.358,0.562,0,
0.346,0.347,0.575,0,
0.324,0.337,0.49,0,
0.317,0.339,0.474,0,
0.303,0.317,0.456,0,
0.32,0.322,0.484,0,
0.308,0.343,0.444,0,
0.33,0.319,0.476,0,
0.317,0.323,0.521,0,
0.303,0.304,0.509,0,
0.325,0.333,0.497,0,
0.329,0.326,0.521,0,
0.321,0.344,0.462,0,
0.314,0.329,0.484,0,
0.317,0.319,0.501,0,
0.32,0.352,0.447,0,
0.285,0.314,0.422,0,
0.323,0.342,0.44,0,
0.329,0.349,0.543,0,
0.317,0.321,0.499,0,
0.295,0.293,0.48,0,
0.323,0.308,0.49,0,
0.317,0.324,0.471,0,
0.326,0.343,0.487,0,
0.313,0.345,0.562,0,
0.32,0.327,0.524,0,
0.307,0.311,0.522,0,
0.313,0.303,0.486,0,
0.327,0.342,0.481,0,
0.316,0.345,0.538,0,
0.356,0.368,0.486,0,
0.329,0.344,0.518,0,
0.347,0.383,0.498,0,
0.323,0.339,0.453,0,
0.314,0.326,0.459,0,
0.339,0.364,0.553,0,
0.324,0.352,0.5,0,
0.307,0.315,0.509,0,
0.313,0.314,0.489,0,
0.347,0.347,0.522,0,
0.295,0.314,0.537,0,
0.324,0.352,0.461,0,
0.316,0.332,0.515,0,
0.318,0.358,0.462,0,
0.339,0.348,0.532,0,
0.325,0.346,0.462,0,
0.272,0.295,0.471,0,
0.322,0.311,0.522,0,
0.322,0.326,0.525,0,
0.287,0.295,0.529,0,
0.343,0.362,0.512,0,
0.323,0.333,0.508,0,
0.318,0.347,0.53,0,
0.313,0.315,0.499,0,
0.303,0.32,0.476,0,
0.309,0.353,0.424,0,
0.32,0.338,0.479,0,
0.34,0.345,0.514,0,
0.324,0.334,0.472,0,
0.333,0.337,0.518,0,
0.317,0.332,0.511,0,
0.304,0.319,0.525,0,
0.333,0.373,0.532,0,
0.311,0.331,0.514,0,
0.324,0.353,0.453,0,
0.285,0.29,0.519,0,
0.323,0.344,0.509,0,
0.335,0.345,0.508,0,
0.323,0.321,0.499,0,
0.325,0.327,0.515,0,
0.321,0.347,0.471,0,
0.309,0.36,0.431,0,
0.305,0.308,0.559,0,
0.294,0.344,0.427,0,
0.333,0.355,0.484,0,
0.323,0.352,0.54,0,
0.313,0.322,0.459,0,
0.318,0.335,0.556,0,
0.281,0.291,0.45,0,
0.348,0.378,0.528,0,
0.339,0.363,0.505,0,
0.328,0.339,0.515,0,
0.302,0.361,0.449,0,
0.303,0.342,0.515,0,
0.342,0.369,0.48,0,
0.292,0.318,0.47,0,
0.358,0.358,0.52,0,
0.344,0.353,0.466,0,
0.319,0.33,0.56,0,
0.322,0.343,0.497,0,
0.333,0.346,0.486,0,
0.302,0.308,0.457,0,
0.309,0.311,0.524,0,
0.327,0.325,0.5,0,
0.314,0.3,0.462,0,
0.342,0.371,0.542,0,
0.306,0.369,0.412,0,
0.349,0.36,0.503,0,
0.309,0.318,0.478,0,
0.332,0.358,0.501,0,
0.302,0.311,0.492,0,
0.307,0.325,0.442,0,
0.304,0.31,0.448,0,
0.298,0.3,0.493,0,
0.324,0.339,0.471,0,
0.329,0.333,0.555,0,
0.304,0.313,0.551,0,
0.335,0.358,0.517,0,
0.348,0.37,0.51,0,
0.317,0.365,0.46,0,
0.331,0.334,0.523,0,
0.319,0.324,0.495,0,
0.271,0.305,0.535,0,
0.314,0.322,0.509,0,
0.313,0.34,0.513,0,
0.343,0.36,0.499,0,
0.31,0.324,0.459,0,
0.332,0.335,0.481,0,
0.317,0.331,0.493,0,
0.35,0.363,0.525,0,
0.309,0.326,0.523,0,
0.345,0.352,0.556,0,
0.302,0.31,0.475,0,
0.304,0.316,0.463,0,
0.331,0.399,0.444,0,
0.313,0.335,0.502,0,
0.293,0.291,0.517,0,
0.313,0.323,0.535,0,
0.333,0.334,0.531,0,
0.308,0.334,0.439,0,
0.322,0.317,0.53,0,
0.297,0.286,0.49,0,
0.337,0.36,0.489,0,
0.338,0.348,0.484,0,
0.291,0.322,0.457,0,
0.327,0.364,0.463,0,
0.334,0.359,0.545,0,
0.354,0.381,0.484,0,
0.295,0.264,0.491,0,
0.344,0.38,0.453,0,
0.329,0.368,0.505,0,
0.355,0.378,0.51,0,
0.302,0.324,0.442,0,
0.317,0.335,0.44,0,
0.287,0.275,0.533,0,
0.313,0.3,0.477,0,
0.323,0.315,0.505,0,
0.308,0.339,0.492,0,
0.316,0.361,0.449,0,
0.338,0.361,0.508,0,
0.315,0.308,0.536,0,
0.341,0.345,0.524,0,
0.297,0.317,0.471,0,
0.313,0.311,0.462,0,
0.311,0.325,0.524,0,
0.334,0.325,0.517,0,
0.331,0.359,0.446,0,
0.334,0.354,0.498,0,
0.336,0.348,0.497,0,
0.286,0.278,0.577,0,
0.309,0.323,0.514,0,
0.335,0.344,0.525,0,
0.304,0.337,0.429,0,
0.338,0.382,0.483,0,
0.326,0.36,0.503,0,
0.321,0.329,0.49,0,
0.286,0.277,0.486,0,
0.306,0.335,0.497,0,
0.3,0.325,0.48,0,
0.315,0.349,0.468,0,
0.311,0.326,0.461,0,
0.311,0.305,0.532,0,
0.342,0.378,0.521,0,
0.318,0.32,0.547,0,
0.316,0.334,0.505,0,
0.335,0.359,0.505,0,
0.303,0.309,0.488,0,
0.311,0.342,0.501,0,
0.309,0.335,0.497,0,
0.341,0.351,0.5,0,
0.344,0.365,0.551,0,
0.326,0.339,0.494,0,
0.303,0.302,0.501,0,
0.298,0.308,0.519,0,
0.342,0.354,0.519,0,
0.307,0.328,0.486,0,
0.32,0.329,0.45,0,
0.291,0.307,0.512,0,
0.316,0.342,0.454,0,
0.332,0.348,0.455,0,
0.301,0.325,0.476,0,
0.297,0.301,0.499,0,
0.294,0.291,0.508,0,
0.331,0.352,0.519,0,
0.307,0.303,0.516,0,
0.273,0.259,0.508,0,
0.356,0.378,0.514,0,
0.314,0.336,0.501,0,
0.31,0.319,0.488,0,
0.341,0.349,0.551,0,
0.317,0.331,0.473,0,
0.3,0.315,0.528,0,
0.313,0.324,0.53,0,
0.304,0.317,0.522,0,
0.283,0.306,0.504,0,
0.331,0.341,0.53,0,
0.323,0.348,0.536,0,
0.31,0.347,0.468,0,
0.325,0.366,0.467,0,
0.319,0.334,0.556,0,
0.333,0.343,0.506,0,
0.306,0.328,0.453,0,
0.311,0.313,0.508,0,
0.331,0.345,0.516,0,
0.311,0.322,0.476,0,
0.305,0.293,0.499,0,
0.319,0.367,0.42,0,
0.325,0.351,0.514,0,
0.305,0.311,0.475,0,
0.332,0.339,0.511,0,
0.311,0.341,0.436,0,
0.316,0.326,0.529,0,
0.298,0.341,0.462,0,
0.308,0.349,0.479,0,
0.34,0.36,0.484,0,
0.313,0.325,0.489,0,
0.316,0.318,0.45,0,
0.319,0.357,0.506,0,
0.309,0.331,0.576,0,
0.31,0.308,0.469,0,
0.29,0.297,0.522,0,
0.29,0.316,0.544,0,
0.325,0.333,0.523,0,
0.325,0.323,0.571,0,
0.317,0.338,0.543,0,
0.297,0.293,0.523,0,
0.301,0.331,0.474,0,
0.331,0.353,0.42,0,
0.28,0.277,0.476,0,
0.314,0.338,0.467,0,
0.321,0.334,0.564,0,
0.304,0.337,0.503,0,
0.326,0.349,0.5,0,
0.329,0.353,0.443,0,
0.321,0.329,0.485,0,
0.313,0.33,0.458,0,
0.325,0.342,0.497,0,
0.312,0.33,0.528,0,
0.318,0.307,0.548,0,
0.292,0.289,0.48,0,
0.299,0.334,0.489,0,
0.331,0.338,0.524,0,
0.312,0.313,0.483,0,
0.339,0.343,0.522,0,
0.328,0.336,0.482,0,
0.317,0.35,0.508,0,
0.321,0.345,0.459,0,
0.3,0.312,0.528,0,
0.32,0.32,0.522,0,
0.314,0.345,0.542,0,
0.295,0.322,0.524,0,
0.303,0.287,0.568,0,
0.33,0.343,0.512,0,
0.309,0.331,0.5,0,
0.304,0.345,0.436,0,
0.333,0.349,0.489,0,
0.323,0.338,0.434,0,
0.317,0.346,0.437,0,
0.333,0.349,0.498,0,
0.314,0.311,0.54,0,
0.307,0.311,0.487,0,
0.323,0.337,0.508,0,
0.305,0.318,0.476,0,
0.318,0.33,0.566,0,
0.32,0.331,0.465,0,
0.322,0.36,0.474,0,
0.302,0.309,0.508,0,
0.324,0.331,0.515,0,
0.309,0.341,0.493,0,
0.325,0.346,0.517,0,
0.348,0.36,0.507,0,
0.34,0.358,0.523,0,
0.312,0.34,0.459,0,
0.333,0.355,0.508,0,
0.291,0.304,0.464,0,
0.327,0.323,0.504,0,
0.331,0.354,0.521,0,
0.32,0.349,0.497,0,
0.294,0.306,0.561,0,
0.307,0.332,0.448,0,
0.325,0.348,0.513,0,
0.334,0.347,0.545,0,
0.319,0.336,0.505,0,
0.345,0.373,0.443,0,
0.318,0.324,0.508,0,
0.308,0.324,0.497,0,
0.318,0.319,0.528,0,
0.301,0.333,0.476,0,
0.323,0.368,0.447,0,
0.321,0.342,0.551,0,
0.295,0.322,0.468,0,
0.35,0.362,0.497,0,
0.363,0.394,0.484,0,
0.311,0.317,0.54,0,
0.333,0.34,0.525,0,
0.311,0.32,0.547,0,
0.31,0.311,0.558,0,
0.297,0.32,0.431,0,
0.334,0.368,0.448,0,
0.332,0.363,0.547,0,
0.308,0.324,0.507,0,
0.304,0.325,0.545,0,
0.313,0.335,0.477,0,
0.324,0.342,0.503,0,
0.314,0.344,0.457,0,
0.308,0.312,0.469,0,
0.301,0.334,0.481,0,
0.302,0.322,0.501,0,
0.295,0.308,0.502,0,
0.307,0.337,0.46,0,
0.317,0.332,0.469,0,
0.328,0.349,0.467,0,
0.334,0.357,0.55,0,
0.317,0.333,0.497,0,
0.34,0.364,0.497,0,
0.319,0.339,0.423,0,
0.303,0.333,0.519,0,
0.316,0.332,0.524,0,
0.311,0.317,0.477,0,
0.311,0.324,0.502,0,
0.289,0.273,0.509,0,
0.312,0.31,0.52,0,
0.334,0.352,0.492,0,
0.307,0.322,0.494,0,
0.32,0.339,0.453,0,
0.289,0.302,0.503,0,
0.319,0.331,0.504,0,
0.318,0.338,0.473,0,
0.314,0.345,0.434,0,
0.289,0.307,0.477,0,
0.293,0.3,0.542,0,
0.317,0.328,0.479,0,
0.331,0.363,0.49,0,
0.356,0.372,0.466,0,
0.302,0.295,0.513,0,
0.307,0.309,0.466,0,
0.276,0.282,0.451,0,
0.302,0.312,0.501,0,
0.324,0.345,0.491,0,
0.318,0.326,0.569,0,
0.323,0.351,0.513,0,
0.304,0.337,0.468,0,
0.329,0.346,0.522,0,
0.315,0.329,0.443,0,
0.307,0.289,0.53,0,
0.314,0.346,0.481,0,
0.328,0.368,0.459,0,
0.315,0.312,0.568,0,
0.317,0.345,0.518,0,
0.329,0.361,0.523,0,
0.311,0.319,0.456,0,
0.326,0.349,0.443,0,
0.327,0.334,0.535,0,
0.331,0.34,0.495,0,
0.297,0.334,0.508,0,
0.312,0.329,0.487,0,
0.29,0.3,0.504,0,
0.333,0.347,0.512,0,
0.328,0.358,0.491,0,
0.31,0.354,0.469,0,
0.314,0.324,0.504,0,
0.324,0.327,0.516,0,
0.319,0.332,0.559,0,
0.336,0.345,0.492,0,
0.319,0.331,0.488,0,
0.33,0.348,0.517,0,
0.324,0.354,0.465,0,
0.304,0.316,0.44,0,
0.317,0.316,0.561,0,
0.311,0.305,0.513,0,
0.286,0.294,0.552,0,
0.307,0.321,0.443,0,
0.331,0.345,0.541,0,
0.3,0.314,0.524,0,
0.292,0.302,0.537,0,
0.307,0.309,0.513,0,
0.314,0.329,0.495,0,
0.323,0.323,0.566,0,
0.287,0.287,0.513,0,
0.316,0.339,0.486,0,
0.327,0.345,0.533,0,
0.318,0.309,0.495,0,
0.306,0.327,0.487,0,
0.32,0.317,0.517,0,
0.302,0.311,0.433,0,
0.298,0.363,0.473,0,
0.312,0.359,0.469,0,
0.298,0.277,0.48,0,
0.329,0.37,0.454,0,
0.326,0.34,0.565,0,
0.315,0.35,0.49,0,
0.316,0.318,0.528,0,
0.32,0.363,0.469,0,
0.301,0.311,0.459,0,
0.322,0.348,0.502,0,
0.321,0.339,0.43,0,
0.316,0.335,0.535,0,
0.322,0.347,0.451,0,
0.325,0.337,0.515,0,
0.329,0.344,0.512,0,
0.33,0.348,0.473,0,
0.312,0.335,0.498,0,
0.335,0.38,0.46,0,
0.318,0.338,0.514,0,
0.333,0.374,0.467,0,
0.31,0.332,0.477,0,
0.31,0.352,0.471,0,
0.327,0.349,0.43,0,
0.318,0.325,0.52,0,
0.316,0.327,0.475,0,
0.315,0.33,0.476,0,
0.346,0.377,0.546,0,
0.319,0.333,0.518,0,
0.345,0.374,0.544,0,
0.31,0.323,0.49,0,
0.309,0.305,0.494,0,
0.333,0.344,0.487,0,
0.305,0.322,0.517,0,
0.289,0.287,0.49,0,
0.316,0.318,0.474,0,
0.33,0.37,0.518,0,
0.332,0.35,0.511,0,
0.335,0.371,0.508,0,
0.311,0.317,0.475,0,
0.32,0.34,0.498,0,
0.326,0.338,0.496,0,
0.325,0.352,0.549,0,
0.326,0.334,0.502,0,
0.333,0.348,0.541,0,
0.332,0.338,0.501,0,
0.313,0.337,0.509,0,
0.302,0.323,0.494,0,
0.327,0.341,0.443,0,
0.321,0.343,0.521,0,
0.282,0.28,0.417,0,
0.309,0.323,0.546,0,
0.329,0.343,0.511,0,
0.325,0.346,0.442,0,
0.315,0.333,0.475,0,
0.335,0.343,0.513,0,
0.323,0.324,0.478,0,
0.311,0.32,0.465,0,
0.309,0.327,0.45,0,
0.295,0.283,0.528,0,
0.33,0.354,0.499,0,
0.298,0.277,0.513,0,
0.327,0.337,0.469,0,
0.304,0.298,0.468,0,
0.303,0.327,0.475,0,
0.323,0.336,0.511,0,
0.34,0.366,0.54,0,
0.331,0.361,0.519,0,
0.329,0.325,0.548,0,
0.321,0.346,0.456,0,
0.321,0.361,0.498,0,
0.325,0.333,0.482,0,
0.299,0.304,0.477,0,
0.334,0.35,0.519,0,
0.332,0.358,0.489,0,
0.316,0.334,0.484,0,
0.337,0.368,0.54,0,
0.344,0.342,0.514,0,
0.275,0.304,0.519,0,
0.3,0.305,0.522,0,
0.317,0.322,0.534,0,
0.325,0.329,0.51,0,
0.322,0.357,0.496,0,
0.261,0.286,0.45,0,
0.309,0.328,0.539,0,
0.295,0.362,0.437,0,
0.32,0.332,0.542,0,
0.333,0.352,0.484,0,
0.304,0.316,0.494,0,
0.324,0.361,0.517,0,
0.33,0.332,0.52,0,
0.297,0.333,0.483,0,
0.315,0.325,0.524,0,
0.313,0.327,0.481,0,
0.299,0.298,0.507,0,
0.328,0.358,0.482,0,
0.319,0.33,0.472,0,
0.28,0.258,0.54,0,
0.344,0.364,0.518,0,
0.302,0.331,0.499,0,
0.28,0.321,0.43,0,
0.305,0.332,0.524,0,
0.332,0.36,0.496,0,
0.342,0.347,0.563,0,
0.313,0.331,0.46,0,
0.327,0.361,0.557,0,
0.306,0.32,0.513,0,
0.321,0.353,0.488,0,
0.3,0.326,0.465,0,
0.266,0.288,0.436,0,
0.322,0.336,0.479,0,
0.344,0.35,0.485,0,
0.314,0.322,0.522,0,
0.327,0.324,0.53,0,
0.324,0.335,0.454,0,
0.342,0.355,0.494,0,
0.29,0.32,0.467,0,
0.307,0.338,0.48,0,
0.284,0.3,0.482,0,
0.305,0.308,0.448,0,
0.305,0.34,0.463,0,
0.33,0.339,0.52,0,
0.366,0.369,0.511,0,
0.301,0.326,0.501,0,
0.334,0.362,0.485,0,
0.321,0.338,0.513,0,
0.321,0.329,0.552,0,
0.31,0.32,0.452,0,
0.299,0.31,0.484,0,
0.322,0.328,0.468,0,
0.301,0.322,0.528,0,
0.303,0.338,0.43,0,
0.31,0.353,0.456,0,
0.3,0.298,0.557,0,
0.322,0.325,0.447,0,
0.311,0.32,0.459,0,
0.334,0.359,0.51,0,
0.338,0.39,0.451,0,
0.329,0.335,0.562,0,
0.344,0.35,0.51,0,
0.319,0.386,0.428,0,
0.326,0.339,0.465,0,
0.325,0.348,0.45,0,
0.299,0.323,0.527,0,
0.329,0.361,0.466,0,
0.319,0.366,0.447,0,
0.304,0.319,0.456,0,
0.307,0.331,0.507,0,
0.306,0.309,0.507,0,
0.342,0.351,0.488,0,
0.326,0.319,0.529,0,
0.332,0.348,0.523,0,
0.303,0.288,0.476,0,
0.33,0.318,0.488,0,
0.32,0.34,0.44,0,
0.315,0.335,0.455,0,
0.328,0.338,0.479,0,
0.328,0.355,0.474,0,
0.297,0.31,0.494,0,
0.3,0.314,0.444,0,
0.34,0.353,0.527,0,
0.352,0.363,0.518,0,
0.294,0.3,0.463,0,
0.323,0.331,0.476,0,
0.315,0.328,0.513,0,
0.299,0.322,0.432,0,
0.305,0.293,0.51,0,
0.321,0.321,0.525,0,
0.322,0.334,0.513,0,
0.284,0.305,0.438,0,
0.324,0.337,0.484,0,
0.299,0.334,0.52,0,
0.327,0.37,0.449,0,
0.308,0.32,0.54,0,
0.317,0.335,0.488,0,
0.319,0.351,0.479,0,
0.31,0.332,0.539,0,
0.343,0.361,0.567,0,
0.336,0.364,0.515,0,
0.313,0.325,0.5,0,
0.295,0.304,0.473,0,
0.307,0.301,0.502,0,
0.313,0.341,0.485,0,
0.334,0.345,0.529,0,
0.323,0.332,0.536,0,
0.327,0.333,0.498,0,
0.346,0.359,0.503,0,
0.293,0.322,0.441,0,
0.357,0.384,0.532,0,
0.296,0.282,0.562,0,
0.331,0.33,0.49,0,
0.347,0.35,0.566,0,
0.3,0.324,0.49,0,
0.343,0.37,0.476,0,
0.33,0.34,0.503,0,
0.304,0.32,0.469,0,
0.293,0.326,0.399,0,
0.3,0.302,0.506,0,
0.3,0.333,0.48,0,
0.302,0.308,0.424,0,
0.335,0.342,0.5,0,
0.3,0.314,0.47,0,
0.333,0.355,0.514,0,
0.336,0.354,0.563,0,
0.317,0.343,0.533,0,
0.287,0.325,0.41,0,
0.322,0.34,0.452,0,
0.34,0.342,0.485,0,
0.31,0.326,0.479,0,
0.312,0.326,0.469,0,
0.33,0.358,0.475,0,
0.293,0.329,0.457,0,
0.35,0.37,0.51,0,
0.314,0.312,0.514,0,
0.291,0.3,0.509,0,
0.33,0.357,0.499,0,
0.323,0.34,0.441,0,
0.312,0.318,0.534,0,
0.321,0.319,0.503,0,
0.329,0.362,0.487,0,
0.312,0.323,0.49,0,
0.316,0.37,0.427,0,
0.306,0.321,0.517,0,
0.316,0.324,0.507,0,
0.334,0.326,0.524,0,
0.305,0.328,0.486,0,
0.34,0.381,0.485,0,
0.322,0.38,0.494,0,
0.283,0.292,0.51,0,
0.322,0.352,0.484,0,
0.317,0.339,0.479,0,
0.307,0.319,0.474,0,
0.301,0.31,0.511,0,
0.327,0.341,0.457,0,
0.291,0.305,0.562,0,
0.296,0.317,0.521,0,
0.319,0.319,0.476,0,
0.311,0.312,0.49,0,
0.299,0.314,0.509,0,
0.288,0.298,0.489,0,
0.316,0.333,0.511,0,
0.294,0.297,0.475,0,
0.331,0.33,0.536,0,
0.326,0.336,0.51,0,
0.307,0.323,0.474,0,
0.325,0.353,0.483,0,
0.334,0.36,0.444,0,
0.341,0.357,0.488,0,
0.307,0.347,0.457,0,
0.304,0.299,0.458,0,
0.333,0.352,0.455,0,
0.352,0.363,0.485,0,
0.307,0.321,0.53,0,
0.309,0.341,0.474,0,
0.326,0.347,0.468,0,
0.313,0.341,0.504,0,
0.292,0.281,0.526,0,
0.317,0.319,0.521,0,
0.339,0.342,0.559,0,
0.324,0.335,0.529,0,
0.301,0.316,0.456,0,
0.296,0.32,0.497,0,
0.326,0.319,0.499,0,
0.325,0.323,0.514,0,
0.324,0.308,0.486,0,
0.321,0.333,0.49,0,
0.294,0.286,0.523,0,
0.313,0.349,0.491,0,
0.318,0.328,0.545,0,
0.287,0.291,0.467,0,
0.325,0.345,0.525,0,
0.314,0.3,0.49,0,
0.31,0.301,0.56,0,
0.33,0.356,0.461,0,
0.297,0.334,0.448,0,
0.33,0.363,0.451,0,
0.329,0.366,0.446,0,
0.295,0.295,0.51,0,
0.308,0.307,0.482,0,
0.333,0.352,0.459,0,
0.313,0.319,0.549,0,
0.349,0.362,0.499,0,
0.339,0.373,0.474,0,
0.343,0.362,0.483,0,
0.311,0.332,0.469,0,
0.351,0.366,0.505,0,
0.32,0.334,0.449,0,
0.316,0.314,0.519,0,
0.342,0.39,0.472,0,
0.316,0.311,0.461,0,
0.291,0.324,0.507,0,
0.31,0.322,0.482,0,
0.327,0.33,0.497,0,
0.303,0.296,0.476,0,
0.321,0.326,0.539,0,
0.324,0.327,0.522,0,
0.327,0.346,0.51,0,
0.313,0.326,0.534,0,
0.313,0.329,0.485,0,
0.34,0.338,0.54,0,
0.32,0.327,0.566,0,
0.313,0.318,0.501,0,
0.291,0.305,0.483,0,
0.316,0.324,0.514,0,
0.321,0.333,0.52,0,
0.319,0.351,0.526,0,
0.304,0.35,0.433,0,
0.342,0.343,0.543,0,
0.307,0.323,0.463,0,
0.291,0.332,0.447,0,
0.285,0.266,0.461,0,
0.311,0.322,0.559,0,
0.325,0.358,0.511,0,
0.346,0.354,0.531,0,
0.299,0.302,0.459,0,
0.33,0.356,0.553,0,
0.331,0.338,0.55,0,
0.354,0.372,0.477,0,
0.324,0.348,0.491,0,
0.304,0.318,0.468,0,
0.35,0.369,0.506,0,
0.345,0.35,0.532,0,
0.313,0.334,0.488,0,
0.322,0.372,0.425,0,
0.332,0.371,0.467,0,
0.322,0.332,0.479,0,
0.314,0.322,0.511,0,
0.333,0.355,0.5,0,
0.291,0.302,0.436,0,
0.325,0.341,0.525,0,
0.327,0.353,0.49,0,
0.315,0.323,0.483,0,
0.324,0.333,0.504,0,
0.317,0.355,0.487,0,
0.32,0.32,0.534,0,
0.29,0.323,0.491,0,
0.305,0.31,0.56,0,
0.328,0.337,0.508,0,
0.32,0.331,0.496,0,
0.315,0.349,0.428,0,
0.341,0.361,0.563,0,
0.331,0.353,0.491,0,
0.34,0.342,0.514,0,
0.309,0.322,0.469,0,
0.346,0.364,0.513,0,
0.313,0.33,0.494,0,
0.304,0.314,0.488,0,
0.287,0.278,0.5,0,
0.301,0.308,0.48,0,
0.321,0.344,0.433,0,
0.362,0.397,0.493,0,
0.294,0.299,0.47,0,
0.307,0.334,0.464,0,
0.316,0.335,0.556,0,
0.337,0.355,0.518,0,
0.336,0.355,0.564,0,
0.303,0.289,0.582,0,
0.307,0.348,0.49,0,
0.296,0.291,0.521,0,
0.303,0.287,0.442,0,
0.343,0.358,0.533,0,
0.309,0.331,0.448,0,
0.321,0.348,0.546,0,
0.297,0.312,0.479,0,
0.365,0.417,0.462,0,
0.33,0.352,0.495,0,
0.324,0.334,0.49,0,
0.303,0.316,0.544,0,
0.302,0.316,0.544,0,
0.313,0.327,0.502,0,
0.289,0.289,0.528,0,
0.321,0.344,0.49,0,
0.314,0.355,0.487,0,
0.303,0.326,0.484,0,
0.318,0.315,0.466,0,
0.334,0.34,0.488,0,
0.315,0.346,0.438,0,
0.313,0.309,0.499,0,
0.31,0.35,0.477,0,
0.329,0.344,0.507,0,
0.285,0.282,0.482,0,
0.307,0.318,0.429,0,
0.329,0.336,0.512,0,
0.356,0.387,0.45,0,
0.339,0.369,0.472,0,
0.334,0.35,0.551,0,
0.29,0.32,0.444,0,
0.315,0.307,0.562,0,
0.299,0.309,0.445,0,
0.304,0.373,0.47,0,
0.33,0.347,0.554,0,
0.324,0.347,0.44,0,
0.346,0.346,0.508,0,
0.28,0.292,0.447,0,
0.322,0.31,0.474,0,
0.292,0.3,0.516,0,
0.342,0.354,0.497,0,
0.306,0.334,0.533,0,
0.327,0.342,0.57,0,
0.347,0.364,0.484,0,
0.324,0.342,0.421,0,
0.295,0.302,0.494,0,
0.294,0.294,0.558,0,
0.349,0.368,0.501,0,
0.311,0.342,0.433,0,
0.341,0.348,0.55,0,
0.304,0.3,0.492,0,
0.315,0.334,0.46,0,
0.307,0.304,0.508,0,
0.33,0.362,0.461,0,
0.323,0.362,0.459,0,
0.32,0.345,0.537,0,
0.33,0.336,0.5,0,
0.298,0.292,0.568,0,
0.328,0.33,0.528,0,
0.313,0.327,0.526,0,
0.327,0.346,0.551,0,
0.298,0.313,0.447,0,
0.31,0.312,0.517,0,
0.337,0.35,0.576,0,
0.3,0.296,0.487,0,
0.364,0.382,0.512,0,
0.308,0.311,0.499,0,
0.312,0.315,0.538,0,
0.294,0.312,0.439,0,
0.32,0.331,0.497,0,
0.287,0.283,0.504,0,
0.313,0.322,0.513,0,
0.316,0.324,0.539,0,
0.31,0.298,0.532,0,
0.338,0.37,0.493,0,
0.31,0.341,0.508,0,
0.273,0.249,0.51,0,
0.3,0.307,0.515,0,
0.32,0.356,0.443,0,
0.309,0.356,0.479,0,
0.307,0.344,0.542,0,
0.322,0.363,0.486,0,
0.346,0.369,0.523,0,
0.313,0.331,0.514,0,
0.33,0.343,0.496,0,
0.314,0.337,0.529,0,
0.295,0.332,0.494,0,
0.295,0.322,0.476,0,
0.359,0.362,0.556,0,
0.352,0.365,0.491,0,
0.347,0.38,0.554,0,
0.33,0.357,0.449,0,
0.289,0.297,0.432,0,
0.341,0.347,0.554,0,
0.266,0.301,0.361,0,
0.302,0.304,0.498,0,
0.326,0.317,0.513,0,
0.327,0.345,0.509,0,
0.303,0.34,0.466,0,
0.34,0.352,0.502,0,
0.32,0.355,0.486,0,
0.333,0.337,0.528,0,
0.289,0.32,0.459,0,
0.344,0.36,0.527,0,
0.334,0.339,0.475,0,
0.318,0.329,0.466,0,
0.312,0.302,0.477,0,
0.316,0.341,0.492,0,
0.321,0.352,0.473,0,
0.319,0.327,0.489,0,
0.297,0.31,0.495,0,
0.331,0.334,0.563,0,
0.308,0.349,0.443,0,
0.34,0.344,0.535,0,
0.335,0.353,0.565,0,
0.326,0.323,0.482,0,
0.328,0.356,0.453,0,
0.314,0.33,0.531,0,
0.323,0.358,0.499,0,
0.307,0.326,0.512,0,
0.312,0.33,0.461,0,
0.303,0.299,0.47,0,
0.318,0.316,0.546,0,
0.329,0.362,0.484,0,
0.317,0.326,0.565,0,
0.325,0.355,0.444,0,
0.273,0.275,0.423,0,
0.316,0.337,0.468,0,
0.307,0.349,0.434,0,
0.324,0.348,0.449,0,
0.305,0.322,0.5,0,
0.313,0.334,0.545,0,
0.325,0.336,0.53,0,
0.338,0.359,0.47,0,
0.336,0.36,0.544,0,
0.324,0.326,0.515,0,
0.3,0.297,0.477,0,
0.321,0.336,0.445,0,
0.307,0.307,0.534,0,
0.309,0.293,0.494,0,
0.328,0.349,0.552,0,
0.307,0.311,0.476,0,
0.307,0.346,0.496,0,
0.304,0.334,0.458,0,
0.316,0.35,0.521,0,
0.305,0.312,0.527,0,
0.319,0.348,0.479,0,
0.298,0.309,0.514,0,
0.314,0.327,0.548,0,
0.323,0.338,0.494,0,
0.302,0.308,0.502,0,
0.31,0.328,0.542,0,
0.308,0.303,0.538,0,
0.314,0.336,0.498,0,
0.34,0.366,0.536,0,
0.303,0.31,0.461,0,
0.286,0.293,0.466,0,
0.345,0.367,0.494,0,
0.326,0.36,0.496,0,
0.312,0.324,0.483,0,
0.306,0.29,0.551,0,
0.342,0.355,0.528,0,
0.326,0.366,0.479,0,
0.3,0.298,0.491,0,
0.342,0.357,0.486,0,
0.34,0.359,0.526,0,
0.329,0.336,0.535,0,
0.306,0.334,0.441,0,
0.317,0.308,0.512,0,
0.318,0.321,0.526,0,
0.296,0.301,0.521,0,
0.322,0.363,0.518,0,
0.308,0.328,0.467,0,
0.319,0.321,0.52,0,
0.366,0.387,0.52,0,
0.339,0.35,0.534,0,
0.335,0.365,0.461,0,
0.304,0.314,0.466,0,
0.329,0.35,0.499,0,
0.33,0.371,0.49,0,
0.295,0.293,0.509,0,
0.325,0.333,0.539,0,
0.32,0.342,0.522,0,
0.318,0.319,0.519,0,
0.332,0.339,0.54,0,
0.317,0.347,0.446,0,
0.308,0.316,0.505,0,
0.316,0.326,0.514,0,
0.312,0.32,0.468,0,
0.344,0.35,0.556,0,
0.328,0.346,0.475,0,
0.305,0.326,0.532,0,
0.32,0.325,0.522,0,
0.34,0.353,0.5,0,
0.341,0.346,0.544,0,
0.326,0.349,0.525,0,
0.336,0.346,0.487,0,
0.349,0.37,0.483,0,
0.31,0.28,0.516,0,
0.301,0.337,0.449,0,
0.318,0.331,0.54,0,
0.342,0.331,0.545,0,
0.304,0.335,0.435,0,
0.316,0.332,0.511,0,
0.313,0.335,0.54,0,
0.333,0.338,0.514,0,
0.298,0.325,0.506,0,
0.311,0.341,0.519,0,
0.305,0.296,0.548,0,
0.295,0.303,0.511,0,
0.345,0.348,0.524,0,
0.318,0.327,0.494,0,
0.311,0.329,0.518,0,
0.328,0.32,0.531,0,
0.285,0.307,0.463,0,
0.312,0.343,0.546,0,
0.321,0.337,0.495,0,
0.324,0.328,0.517,0,
0.312,0.336,0.442,0,
0.292,0.284,0.498,0,
0.298,0.301,0.527,0,
0.319,0.324,0.539,0,
0.314,0.32,0.485,0,
0.302,0.33,0.475,0,
0.318,0.323,0.524,0,
0.32,0.347,0.512,0,
0.334,0.366,0.466,0,
0.333,0.351,0.465,0,
0.324,0.339,0.486,0,
0.323,0.342,0.47,0,
0.331,0.351,0.513,0,
0.314,0.359,0.566,0,
0.317,0.358,0.448,0,
0.314,0.306,0.524,0,
0.326,0.348,0.542,0,
0.314,0.336,0.506,0,
0.31,0.35,0.483,0,
0.295,0.313,0.506,0,
0.313,0.361,0.49,0,
0.351,0.372,0.488,0,
0.32,0.341,0.455,0,
0.328,0.34,0.553,0,
0.334,0.349,0.517,0,
0.319,0.312,0.479,0,
0.302,0.323,0.478,0,
0.319,0.361,0.471,0,
0.335,0.355,0.483,0,
0.342,0.349,0.597,0,
0.346,0.349,0.542,0,
0.305,0.325,0.464,0,
0.301,0.302,0.525,0,
0.312,0.324,0.516,0,
0.311,0.358,0.508,0,
0.312,0.306,0.55,0,
0.33,0.347,0.519,0,
0.323,0.332,0.57,0,
0.303,0.341,0.513,0,
0.333,0.326,0.502,0,
0.312,0.356,0.475,0,
0.305,0.326,0.494,0,
0.304,0.309,0.523,0,
0.345,0.363,0.526,0,
0.319,0.33,0.543,0,
0.323,0.348,0.485,0,
0.295,0.304,0.47,0,
0.326,0.334,0.502,0,
0.325,0.331,0.498,0,
0.32,0.364,0.534,0,
0.296,0.325,0.443,0,
0.314,0.361,0.489,0,
0.317,0.298,0.506,0,
0.329,0.327,0.525,0,
0.31,0.314,0.55,0,
0.315,0.338,0.499,0,
0.316,0.359,0.451,0,
0.316,0.339,0.495,0,
0.324,0.352,0.481,0,
0.286,0.302,0.421,0,
0.316,0.335,0.508,0,
0.332,0.347,0.543,0,
0.296,0.338,0.492,0,
0.321,0.348,0.507,0,
0.298,0.286,0.501,0,
0.309,0.293,0.513,0,
0.315,0.325,0.502,0,
0.339,0.343,0.522,0,
0.351,0.379,0.569,0,
0.291,0.293,0.471,0,
0.319,0.334,0.499,0,
0.313,0.327,0.48,0,
0.35,0.352,0.519,0,
0.327,0.367,0.485,0,
0.309,0.334,0.515,0,
0.326,0.347,0.532,0,
0.305,0.299,0.521,0,
0.299,0.297,0.542,0,
0.327,0.342,0.568,0,
0.294,0.306,0.4,0,
0.304,0.306,0.495,0,
0.319,0.356,0.5,0,
0.293,0.327,0.444,0,
0.32,0.332,0.451,0,
0.285,0.315,0.403,0,
0.34,0.354,0.532,0,
0.327,0.355,0.469,0,
0.327,0.347,0.503,0,
0.291,0.31,0.452,0,
0.32,0.314,0.541,0,
0.328,0.346,0.486,0,
0.305,0.34,0.476,0,
0.31,0.3,0.508,0,
0.313,0.319,0.498,0,
0.279,0.283,0.559,0,
0.347,0.38,0.482,0,
0.321,0.353,0.511,0,
0.3,0.3,0.527,0,
0.294,0.267,0.488,0,
0.337,0.353,0.52,0,
0.335,0.339,0.559,0,
0.317,0.329,0.504,0,
0.33,0.35,0.522,0,
0.294,0.322,0.535,0,
0.302,0.318,0.442,0,
0.314,0.338,0.484,0,
0.334,0.324,0.529,0,
0.294,0.318,0.556,0,
0.357,0.384,0.482,0,
0.29,0.288,0.454,0,
0.316,0.328,0.555,0,
0.326,0.336,0.527,0,
0.293,0.313,0.536,0,
0.315,0.314,0.448,0,
0.306,0.307,0.535,0,
0.336,0.352,0.485,0,
0.324,0.374,0.555,0,
0.301,0.321,0.453,0,
0.303,0.326,0.46,0,
0.293,0.296,0.517,0,
0.305,0.33,0.49,0,
0.295,0.3,0.505,0,
0.319,0.333,0.474,0,
0.315,0.335,0.455,0,
0.354,0.374,0.553,0,
0.3,0.306,0.463,0,
0.308,0.33,0.481,0,
0.348,0.35,0.529,0,
0.328,0.343,0.458,0,
0.311,0.302,0.524,0,
0.337,0.352,0.528,0,
0.305,0.311,0.524,0,
0.32,0.351,0.506,0,
0.312,0.322,0.502,0,
0.329,0.352,0.503,0,
0.313,0.295,0.566,0,
0.321,0.327,0.521,0,
0.317,0.322,0.509,0,
0.351,0.357,0.495,0,
0.325,0.333,0.49,0,
0.28,0.277,0.487,0,
0.338,0.347,0.528,0,
0.353,0.361,0.547,0,
0.298,0.329,0.537,0,
0.315,0.364,0.528,0,
0.322,0.35,0.426,0,
0.355,0.384,0.506,0,
0.291,0.312,0.462,0,
0.342,0.365,0.48,0,
0.317,0.342,0.5,0,
0.278,0.285,0.427,0,
0.288,0.296,0.497,0,
0.321,0.357,0.482,0,
0.334,0.347,0.533,0,
0.327,0.333,0.508,0,
0.281,0.29,0.556,0,
0.323,0.325,0.457,0,
0.333,0.365,0.456,0,
0.275,0.287,0.398,0,
0.331,0.348,0.511,0,
0.32,0.346,0.498,0,
0.308,0.342,0.483,0,
0.313,0.32,0.552,0,
0.294,0.293,0.51,0,
0.307,0.301,0.546,0,
0.317,0.317,0.491,0,
0.342,0.361,0.505,0,
0.314,0.361,0.496,0,
0.312,0.34,0.434,0,
0.335,0.342,0.494,0,
0.338,0.362,0.531,0,
0.339,0.364,0.508,0,
0.318,0.347,0.499,0,
0.348,0.379,0.468,0,
0.303,0.3,0.47,0,
0.327,0.345,0.496,0,
0.317,0.322,0.556,0,
0.321,0.31,0.508,0,
0.304,0.333,0.555,0,
0.312,0.329,0.517,0,
0.318,0.311,0.532,0,
0.326,0.346,0.518,0,
0.322,0.359,0.495,0,
0.311,0.305,0.49,0,
0.342,0.379,0.499,0,
0.314,0.349,0.527,0,
0.322,0.343,0.505,0,
0.318,0.309,0.519,0,
0.306,0.35,0.479,0,
0.313,0.315,0.511,0,
0.332,0.346,0.477,0,
0.322,0.322,0.558,0,
0.306,0.337,0.479,0,
0.316,0.325,0.516,0,
0.284,0.29,0.498,0,
0.317,0.349,0.456,0,
0.355,0.366,0.561,0,
0.33,0.34,0.51,0,
0.305,0.3,0.518,0,
0.321,0.315,0.539,0,
0.293,0.27,0.503,0,
0.338,0.325,0.487,0,
0.297,0.316,0.506,0,
0.316,0.325,0.495,0,
0.287,0.291,0.473,0,
0.334,0.34,0.499,0,
0.34,0.366,0.489,0,
0.334,0.367,0.515,0,
0.298,0.309,0.559,0,
0.312,0.324,0.517,0,
0.292,0.296,0.494,0,
0.319,0.342,0.508,0,
0.325,0.376,0.444,0,
0.276,0.304,0.428,0,
0.291,0.295,0.47,0,
0.321,0.316,0.529,0,
0.332,0.368,0.495,0,
0.325,0.344,0.497,0,
0.369,0.41,0.506,0,
0.31,0.332,0.51,0,
0.306,0.3,0.521,0,
0.319,0.351,0.491,0,
0.339,0.362,0.514,0,
0.308,0.314,0.521,0,
0.295,0.301,0.493,0,
0.329,0.329,0.537,0,
0.315,0.348,0.515,0,
0.32,0.352,0.49,0,
0.327,0.358,0.483,0,
0.269,0.247,0.519,0,
0.307,0.334,0.564,0,
0.323,0.33,0.527,0,
0.286,0.29,0.458,0,
0.284,0.285,0.466,0,
0.344,0.362,0.487,0,
0.336,0.365,0.459,0,
0.344,0.381,0.447,0,
0.291,0.312,0.417,0,
0.287,0.271,0.509,0,
0.312,0.303,0.48,0,
0.308,0.325,0.493,0,
0.302,0.356,0.443,0,
0.297,0.336,0.472,0,
0.309,0.313,0.507,0,
0.307,0.296,0.515,0,
0.316,0.357,0.461,0,
0.311,0.336,0.469,0,
0.304,0.33,0.491,0,
0.283,0.266,0.455,0,
0.329,0.326,0.511,0,
0.319,0.324,0.535,0,
0.336,0.321,0.537,0,
0.305,0.307,0.486,0,
0.331,0.361,0.489,0,
0.313,0.34,0.444,0,
0.259,0.271,0.496,-0.069,
0.34,0.368,0.508,0,
0.296,0.283,0.557,0,
0.314,0.334,0.454,0,
0.319,0.314,0.48,0,
0.345,0.37,0.492,0,
0.307,0.347,0.485,0,
0.314,0.32,0.555,0,
0.313,0.315,0.467,0,
0.282,0.272,0.56,0,
0.294,0.32,0.447,0,
0.333,0.344,0.5,0,
0.316,0.309,0.476,0,
0.256,0.239,0.475,0,
0.314,0.325,0.557,0,
0.295,0.3,0.494,0,
0.321,0.334,0.569,0,
0.333,0.342,0.495,0,
0.356,0.381,0.537,0,
0.318,0.347,0.436,0,
0.324,0.351,0.489,0,
0.326,0.354,0.464,0,
0.324,0.34,0.461,0,
0.314,0.351,0.497,0,
0.318,0.324,0.505,0,
0.344,0.36,0.517,0,
0.321,0.342,0.552,0,
0.31,0.342,0.432,0,
0.329,0.343,0.522,0,
0.332,0.37,0.505,0,
0.348,0.334,0.509,0,
0.289,0.274,0.498,0,
0.328,0.314,0.554,0,
0.34,0.359,0.535,0,
0.299,0.343,0.456,0,
0.335,0.365,0.477,0,
0.315,0.351,0.499,0,
0.311,0.306,0.518,0,
0.325,0.321,0.513,0,
0.339,0.371,0.501,0,
0.326,0.344,0.47,0,
0.305,0.335,0.456,0,
0.333,0.348,0.481,0,
0.316,0.35,0.481,0,
0.337,0.337,0.562,0,
0.294,0.315,0.475,0,
0.309,0.319,0.452,0,
0.343,0.372,0.531,0,
0.286,0.315,0.453,0,
0.332,0.358,0.501,0,
0.292,0.291,0.506,0,
0.315,0.317,0.518,0,
0.342,0.352,0.521,0,
0.32,0.318,0.474,0,
0.279,0.324,0.454,0,
0.31,0.344,0.467,0,
0.322,0.316,0.505,0,
0.324,0.342,0.517,0,
0.286,0.28,0.484,0,
0.333,0.342,0.515,0,
0.333,0.329,0.549,0,
0.339,0.358,0.495,0,
0.346,0.355,0.508,0,
0.283,0.32,0.432,0,
0.3,0.325,0.452,0,
0.305,0.301,0.503,0,
0.325,0.344,0.491,0,
0.313,0.3,0.5,0,
0.327,0.338,0.557,0,
0.302,0.329,0.434,0,
0.306,0.306,0.51,0,
0.297,0.299,0.515,0,
0.321,0.358,0.48,0,
0.342,0.353,0.526,0,
0.325,0.339,0.535,0,
0.324,0.348,0.445,0,
0.311,0.338,0.462,0,
0.316,0.331,0.472,0,
0.309,0.323,0.553,0,
0.324,0.362,0.526,0,
0.316,0.314,0.546,0,
0.331,0.353,0.517,0,
0.305,0.329,0.452,0,
0.312,0.336,0.425,0,
0.297,0.299,0.546,0,
0.348,0.349,0.533,0,
0.279,0.312,0.377,0,
0.3,0.31,0.499,0,
0.328,0.369,0.466,0,
0.283,0.34,0.424,0,
0.333,0.337,0.494,0,
0.322,0.337,0.493,0,
0.298,0.314,0.516,0,
0.312,0.318,0.432,0,
0.311,0.34,0.559,0,
0.325,0.327,0.556,0,
0.3,0.315,0.495,0,
0.304,0.324,0.542,0,
0.328,0.338,0.504,0,
0.324,0.352,0.465,0,
0.326,0.35,0.469,0,
0.335,0.343,0.499,0,
0.3,0.298,0.477,0,
0.311,0.322,0.456,0,
0.298,0.319,0.492,0,
0.329,0.342,0.511,0,
0.299,0.328,0.457,0,
0.332,0.36,0.51,0,
0.277,0.273,0.49,0,
0.318,0.333,0.514,0,
0.335,0.321,0.557,0,
0.294,0.31,0.458,0,
0.293,0.318,0.499,0,
0.329,0.37,0.559,0,
0.322,0.335,0.521,0,
0.329,0.343,0.516,0,
0.293,0.298,0.492,0,
0.338,0.339,0.535,0,
0.312,0.323,0.537,0,
0.332,0.348,0.481,0,
0.334,0.354,0.503,0,
0.326,0.354,0.535,0,
0.333,0.354,0.521,0,
0.338,0.379,0.52,0,
0.328,0.366,0.462,0,
0.298,0.312,0.512,0,
0.322,0.328,0.488,0,
0.306,0.318,0.493,0,
0.313,0.352,0.549,0,
0.285,0.309,0.424,0,
0.311,0.323,0.593,0,
0.302,0.303,0.504,0,
0.308,0.343,0.546,0,
0.312,0.339,0.498,0,
0.301,0.332,0.516,0,
0.318,0.354,0.484,0,
0.346,0.37,0.526,0,
0.258,0.261,0.521,0,
0.294,0.32,0.51,0,
0.3,0.29,0.501,0,
0.294,0.257,0.549,0,
0.32,0.366,0.502,0,
0.298,0.301,0.444,0,
0.312,0.325,0.534,0,
0.316,0.328,0.467,0,
0.337,0.361,0.516,0,
0.327,0.331,0.531,0,
0.316,0.336,0.519,0,
0.326,0.329,0.559,0,
0.325,0.354,0.516,0,
0.301,0.291,0.562,0,
0.325,0.344,0.474,0,
0.319,0.346,0.491,0,
0.297,0.281,0.507,0,
0.326,0.346,0.511,0,
0.318,0.33,0.526,0,
0.314,0.332,0.527,0,
0.3,0.298,0.496,0,
0.287,0.3,0.483,0,
0.314,0.322,0.407,0,
0.314,0.309,0.47,0,
0.361,0.388,0.542,0,
0.296,0.302,0.483,0,
0.312,0.325,0.474,0,
0.327,0.343,0.541,0,
0.365,0.386,0.527,0,
0.324,0.349,0.463,0,
0.338,0.336,0.503,0,
0.336,0.321,0.559,0,
0.319,0.334,0.511,0,
0.336,0.387,0.469,0,
0.298,0.335,0.426,0,
0.33,0.325,0.509,0,
0.328,0.345,0.55,0,
0.306,0.316,0.427,0,
0.299,0.307,0.463,0,
0.338,0.355,0.534,0,
0.303,0.307,0.509,0,
0.337,0.342,0.553,0,
0.298,0.34,0.431,0,
0.334,0.34,0.506,0,
0.305,0.328,0.463,0,
0.311,0.336,0.497,0,
0.317,0.341,0.496,0,
0.309,0.317,0.478,0,
0.301,0.317,0.488,0,
0.332,0.336,0.495,0,
0.352,0.366,0.557,0,
0.325,0.346,0.524,0,
0.313,0.318,0.522,0,
0.365,0.366,0.517,0,
0.329,0.326,0.506,0,
0.322,0.334,0.551,0,
0.321,0.339,0.476,0,
0.334,0.377,0.466,0,
0.331,0.335,0.48,0,
0.302,0.359,0.473,0,
0.336,0.35,0.534,0,
0.308,0.272,0.545,0,
0.331,0.35,0.483,0,
0.326,0.35,0.498,0,
0.303,0.304,0.552,0,
0.308,0.291,0.516,0,
0.336,0.322,0.515,0,
0.332,0.337,0.507,0,
0.311,0.303,0.471,0,
0.318,0.316,0.481,0,
0.33,0.35,0.548,0,
0.335,0.352,0.547,0,
0.312,0.331,0.487,0,
0.292,0.265,0.495,0,
0.337,0.356,0.472,0,
0.334,0.378,0.464,0,
0.322,0.311,0.523,0,
0.287,0.297,0.497,0,
0.312,0.339,0.438,0,
0.293,0.312,0.543,0,
0.292,0.289,0.508,0,
0.345,0.341,0.542,0,
0.33,0.352,0.528,0,
0.307,0.338,0.412,0,
0.282,0.295,0.5,0,
0.322,0.331,0.475,0,
0.32,0.357,0.539,0,
0.346,0.383,0.526,0,
0.33,0.353,0.529,0,
0.327,0.35,0.527,0,
0.33,0.344,0.466,0,
0.323,0.335,0.486,0,
0.342,0.356,0.498,0,
0.318,0.308,0.461,0,
0.336,0.359,0.511,0,
0.297,0.3,0.547,0,
0.329,0.348,0.446,0,
0.334,0.331,0.501,0,
0.351,0.383,0.544,0,
0.319,0.318,0.463,0,
0.35,0.363,0.556,0,
0.346,0.361,0.474,0,
0.286,0.305,0.488,0,
0.335,0.336,0.535,0,
0.323,0.355,0.512,0,
0.291,0.33,0.45,0,
0.3,0.308,0.495,0,
0.299,0.316,0.54,0,
0.299,0.299,0.482,0,
0.308,0.321,0.499,0,
0.323,0.336,0.459,0,
0.322,0.337,0.506,0,
0.313,0.344,0.439,0,
0.298,0.304,0.437,0,
0.326,0.358,0.552,0,
0.349,0.367,0.479,0,
0.292,0.303,0.479,0,
0.346,0.358,0.543,0,
0.319,0.338,0.555,0,
0.313,0.322,0.469,0,
0.354,0.36,0.543,0,
0.319,0.315,0.579,0,
0.337,0.345,0.517,0,




Further Data analysis of all test cases 
avg med max min 
AVGs,0.223,0.3,0.388,-0.023,
MEDs,0.239,0.315,0.432,-0.022,
MAXs,0.34,0.431,0.597,0.007,
MINs,-0.004,0,0,-0.164,



