0.0,0.027,-0.002,-0.002,0.0,0.0,0.0,0.0,0.0,0.0,0.0,0.0,0.0,0.0,0.0,0.0,0.0,0.0,0.0,0.0,0.0,0.0,0.0,0.0,0.0,0.0,0.0,0.0,0.0,0.0,0.0,0.0,0.0,0.0,0.0,0.0,0.0,0.0,0.0,0.0,0.0,0.0,0.0,0.0,0.0,0.0,0.0,0.0,0.0,0.0,0.0,0.0,0.0,0.0,0.0,0.0,0.0,0.0,0.0,0.0,0.0,0.0,0.0,0.0,0.0,0.0,0.0,0.0,0.0,0.0,0.0,0.0,0.0,0.0,0.0,0.0,0.0,0.0,0.0,0.0,0.0,0.0,0.0,0.0,0.0,0.0,0.0,0.0,0.0,0.0,0.0,0.0,0.0,0.0,0.0,0.0,0.0,0.0,0.0,0.0,
0.0,0.021,-0.005,-0.005,0.0,0.0,0.0,0.0,0.0,0.0,0.0,0.0,0.0,0.0,0.0,0.0,0.0,0.0,0.0,0.0,0.0,0.0,0.0,0.0,0.0,0.0,0.0,0.0,0.0,0.0,0.0,0.0,0.0,0.0,0.0,0.0,0.0,0.0,0.0,0.0,0.0,0.0,0.0,0.0,0.0,0.0,0.0,0.0,0.0,0.0,0.0,0.0,0.0,0.0,0.0,0.0,0.0,0.0,0.0,0.0,0.0,0.0,0.0,0.0,0.0,0.0,0.0,0.0,0.0,0.0,0.0,0.0,0.0,0.0,0.0,0.0,0.0,0.0,0.0,0.0,0.0,0.0,0.0,0.0,0.0,0.0,0.0,0.0,0.0,0.0,0.0,0.0,0.0,0.0,0.0,0.0,0.0,0.0,0.0,0.0,
0.0,0.02,-0.009,-0.002,0.002,0.0,0.0,0.0,0.0,0.0,0.0,0.0,0.0,0.0,0.0,0.0,0.0,0.0,0.0,0.0,0.0,0.0,0.0,0.0,0.0,0.0,0.0,0.0,0.0,0.0,0.0,0.0,0.0,0.0,0.0,0.0,0.0,0.0,0.0,0.0,0.0,0.0,0.0,0.0,0.0,0.0,0.0,0.0,0.0,0.0,0.0,0.0,0.0,0.0,0.0,0.0,0.0,0.0,0.0,0.0,0.0,0.0,0.0,0.0,0.0,0.0,0.0,0.0,0.0,0.0,0.0,0.0,0.0,0.0,0.0,0.0,0.0,0.0,0.0,0.0,0.0,0.0,0.0,0.0,0.0,0.0,0.0,0.0,0.0,0.0,0.0,0.0,0.0,0.0,0.0,0.0,0.0,0.0,0.0,0.002,
0.0,0.013,-0.003,0.0,-0.002,0.005,-0.002,0.014,0.002,0.002,0.002,0.0,0.003,0.002,0.002,0.002,0.002,0.0,0.003,0.002,0.002,0.002,0.002,0.0,0.003,0.002,0.002,0.002,0.002,0.0,0.003,0.002,0.002,0.002,0.002,0.011,0.003,0.002,0.0,0.002,0.002,0.0,0.003,0.002,0.002,0.002,0.002,0.0,0.003,0.002,0.002,0.012,0.002,0.0,0.003,0.012,0.002,0.002,0.002,0.011,0.003,0.012,0.002,0.012,0.002,0.011,0.003,0.012,0.002,0.012,0.002,0.011,0.003,0.012,0.002,0.012,0.002,0.011,0.003,0.012,0.002,0.012,0.002,0.011,0.003,0.012,0.002,0.012,0.002,0.011,0.003,0.012,0.002,0.012,0.002,0.011,0.003,0.012,0.002,0.025,
0.0,0.001,-0.003,0.0,0.0,0.0,0.0,0.0,0.0,0.0,0.0,0.0,0.0,0.0,0.0,0.0,0.0,0.0,0.0,0.0,0.0,0.0,0.0,0.0,0.0,0.0,0.0,0.0,0.0,0.0,0.0,0.0,0.0,0.0,0.0,0.0,0.0,0.0,0.0,0.0,0.0,0.0,0.0,0.0,0.0,0.0,0.0,0.0,0.0,0.0,0.0,0.0,0.0,0.0,0.0,0.0,0.0,0.0,0.0,0.0,0.0,0.0,0.0,0.0,0.0,0.0,0.0,0.0,0.0,0.0,0.0,0.0,0.0,0.0,0.0,0.0,0.0,0.0,0.0,0.0,0.0,0.0,0.0,0.0,0.0,0.0,0.0,0.0,0.0,0.0,0.0,0.0,0.0,0.0,0.0,0.0,0.0,0.0,0.0,0.0,
0.0,0.013,-0.005,-0.002,0.0,0.0,0.0,0.0,0.0,0.0,0.0,0.0,0.0,0.0,0.0,0.0,0.0,0.0,0.0,0.0,0.0,0.0,0.0,0.0,0.0,0.0,0.0,0.0,0.0,0.0,0.0,0.0,0.0,0.0,0.0,0.0,0.0,0.0,0.0,0.0,0.0,0.0,0.0,0.0,0.0,0.0,0.0,0.0,0.0,0.0,0.0,0.0,0.0,0.0,0.0,0.0,0.0,0.0,0.0,0.0,0.0,0.0,0.0,0.0,0.0,0.0,0.0,0.0,0.0,0.0,0.0,0.0,0.0,0.0,0.0,0.0,0.0,0.0,0.0,0.0,0.0,0.0,0.0,0.0,0.0,0.0,0.0,0.0,0.0,0.0,0.0,0.0,0.0,0.0,0.0,0.0,0.0,0.0,0.0,0.0,
0.0,0.003,-0.002,-0.002,-0.002,-0.002,-0.002,-0.002,-0.002,-0.002,-0.002,-0.002,-0.002,-0.002,-0.002,-0.002,-0.002,-0.002,-0.002,-0.002,-0.002,-0.002,-0.002,-0.002,-0.002,-0.002,-0.002,-0.002,-0.002,-0.002,-0.002,-0.002,-0.002,-0.002,-0.002,-0.002,-0.002,-0.002,-0.002,-0.002,-0.002,-0.002,-0.002,-0.002,-0.002,-0.002,-0.002,-0.002,-0.002,-0.002,-0.002,-0.002,-0.002,-0.002,-0.002,-0.002,-0.002,-0.002,-0.002,-0.002,-0.002,-0.002,-0.002,-0.002,-0.002,-0.002,-0.002,-0.002,-0.002,-0.002,-0.002,-0.002,-0.002,-0.002,-0.002,-0.002,-0.002,-0.002,-0.002,-0.002,-0.002,-0.002,-0.002,-0.002,-0.002,-0.002,-0.002,-0.002,-0.002,-0.002,-0.002,-0.002,-0.002,-0.002,-0.002,-0.002,-0.002,-0.002,-0.002,-0.002,
0.0,0.006,-0.002,0.0,0.0,0.0,0.0,0.0,0.0,0.0,0.0,0.0,0.0,0.0,0.0,0.0,0.0,0.0,0.0,0.0,0.0,0.0,0.0,0.0,0.0,0.0,0.0,0.0,0.0,0.0,0.0,0.0,0.0,0.0,0.0,0.0,0.0,0.0,0.0,0.0,0.0,0.0,0.0,0.0,0.0,0.0,0.0,0.0,0.0,0.0,0.0,0.0,0.0,0.0,0.0,0.0,0.0,0.0,0.0,0.0,0.0,0.0,0.0,0.0,0.0,0.0,0.0,0.0,0.0,0.0,0.0,0.0,0.0,0.0,0.0,0.0,0.0,0.0,0.0,0.0,0.0,0.0,0.0,0.0,0.0,0.0,0.0,0.0,0.0,0.0,0.0,0.0,0.0,0.0,0.0,0.0,0.0,0.0,0.0,0.0,
0.0,0.001,0.0,0.0,0.0,0.0,0.0,0.0,0.0,0.0,0.0,0.0,0.0,0.0,0.0,0.0,0.0,0.0,0.0,0.0,0.0,0.0,0.0,0.0,0.0,0.0,0.0,0.0,0.0,0.0,0.0,0.0,0.0,0.0,0.0,0.0,0.0,0.0,0.0,0.0,0.0,0.0,0.0,0.0,0.0,0.0,0.0,0.0,0.0,0.0,0.0,0.0,0.0,0.0,0.0,0.0,0.0,0.0,0.0,0.0,0.0,0.0,0.0,0.0,0.0,0.0,0.0,0.0,0.0,0.0,0.0,0.0,0.0,0.0,0.0,0.0,0.0,0.0,0.0,0.0,0.0,0.0,0.0,0.0,0.0,0.0,0.0,0.0,0.0,0.0,0.0,0.0,0.0,0.0,0.0,0.0,0.0,0.0,0.0,0.0,
0.0,0.005,0.0,0.022,0.041,0.003,0.022,0.0,0.035,0.002,0.033,0.002,0.013,0.024,0.021,0.0,0.024,0.008,0.002,0.0,0.033,0.008,0.028,0.024,0.028,0.0,0.025,0.0,0.025,0.022,0.025,0.0,0.025,0.0,0.025,0.022,0.027,0.022,0.025,0.0,0.025,0.022,0.025,0.0,0.025,0.022,0.027,0.0,0.025,0.0,0.025,0.022,0.025,0.0,0.025,0.022,0.027,0.022,0.027,0.022,0.025,0.022,0.025,0.0,0.025,0.0,0.025,0.0,0.025,0.022,0.025,0.0,0.025,0.022,0.027,0.0,0.025,0.0,0.025,0.022,0.025,0.0,0.025,0.022,0.027,0.0,0.025,0.022,0.027,0.022,0.027,0.022,0.025,0.0,0.027,0.0,0.025,0.022,0.025,0.0,
0.0,0.016,-0.004,-0.002,-0.002,-0.003,-0.002,-0.003,-0.002,0.033,0.002,0.028,0.035,0.016,-0.002,-0.003,-0.002,-0.003,-0.002,-0.003,-0.002,-0.003,-0.002,0.013,-0.002,-0.003,-0.002,-0.003,-0.002,0.033,0.002,0.028,0.0,0.027,0.0,0.027,0.0,0.027,0.0,0.027,0.0,0.027,0.0,0.027,0.0,-0.002,-0.002,0.033,0.0,0.028,0.0,0.027,0.0,0.027,0.0,0.027,0.0,0.028,0.035,0.016,-0.002,-0.003,-0.002,0.033,0.002,0.028,0.035,0.0,-0.002,-0.003,-0.002,-0.003,-0.002,-0.003,-0.002,-0.003,-0.002,-0.003,-0.002,0.033,0.002,0.028,0.0,-0.002,-0.002,-0.003,-0.002,-0.003,-0.002,-0.003,-0.002,0.033,0.002,0.028,0.0,0.028,0.035,0.016,-0.002,0.003,
0.0,0.029,0.009,-0.002,0.016,0.002,0.016,0.0,0.016,0.002,0.0,-0.002,0.0,0.0,0.0,-0.002,0.0,0.0,0.016,0.0,0.016,0.002,0.016,0.0,0.016,0.002,0.016,0.0,0.0,0.0,0.016,0.0,0.017,0.002,0.017,0.0,0.017,0.002,0.017,0.0,0.017,0.002,0.017,0.0,0.017,0.002,0.017,0.0,0.017,0.002,0.017,0.0,0.017,0.002,0.016,0.014,0.0,0.0,0.014,0.0,0.0,0.0,0.033,0.002,0.0,0.0,0.035,0.002,0.0,0.0,0.033,0.002,0.0,0.0,0.0,0.0,0.013,0.002,0.0,0.013,0.002,0.0,0.0,0.0,0.016,0.002,0.038,0.002,0.0,0.0,0.014,0.0,0.0,0.0,0.016,0.0,0.016,0.002,0.0,-0.002,
0.0,0.013,-0.005,0.0,0.002,0.0,0.002,0.005,0.009,0.0,0.006,-0.002,0.0,0.0,0.002,0.0,0.002,0.0,0.002,0.005,0.002,0.0,0.006,-0.002,0.0,0.003,0.002,0.0,0.006,0.006,0.002,0.005,0.002,0.0,0.006,-0.002,0.006,-0.002,0.0,0.0,0.002,0.006,0.002,0.005,0.002,0.0,0.006,-0.002,0.006,0.006,0.002,0.003,0.002,0.0,0.002,0.005,0.002,0.0,0.002,0.005,0.002,0.0,0.002,0.006,0.002,0.0,0.002,0.005,0.002,0.0,0.002,0.0,0.008,0.005,0.002,0.0,0.008,0.006,0.002,0.005,0.002,0.0,0.002,0.006,0.002,0.0,0.002,0.0,0.002,0.005,0.002,0.0,0.002,0.0,0.006,0.006,0.008,0.006,0.008,-0.002,
0.0,-0.02,0.009,0.013,0.003,0.016,0.003,0.03,0.077,0.067,0.065,0.065,0.065,0.065,0.065,0.065,0.065,0.065,0.065,0.065,0.065,0.065,0.065,0.065,0.065,0.065,0.065,0.065,0.065,0.065,0.065,0.065,0.065,0.065,0.065,0.065,0.065,0.065,0.065,0.065,0.065,0.065,0.065,0.065,0.065,0.065,0.065,0.065,0.065,0.065,0.065,0.065,0.065,0.065,0.065,0.065,0.065,0.065,0.065,0.065,0.065,0.065,0.065,0.065,0.065,0.065,0.065,0.065,0.065,0.065,0.065,0.065,0.065,0.065,0.065,0.065,0.065,0.065,0.065,0.065,0.065,0.065,0.065,0.065,0.065,0.065,0.065,0.065,0.065,0.065,0.065,0.065,0.065,0.065,0.065,0.065,0.065,0.065,0.065,0.066,
0.0,0.052,-0.009,0.0,0.0,0.0,0.0,0.0,0.0,0.0,0.0,0.0,0.0,0.0,0.0,0.0,0.0,0.0,0.0,0.0,0.0,0.0,0.0,0.0,0.0,0.0,0.0,0.0,0.0,0.0,0.0,0.0,0.0,0.0,0.0,0.0,0.0,0.0,0.0,0.0,0.0,0.0,0.0,0.0,0.0,0.0,0.0,0.0,0.0,0.0,0.0,0.0,0.0,0.0,0.0,0.0,0.0,0.0,0.0,0.0,0.0,0.0,0.0,0.0,0.0,0.0,0.0,0.0,0.0,0.0,0.0,0.0,0.0,0.0,0.0,0.0,0.0,0.0,0.0,0.0,0.0,0.0,0.0,0.0,0.0,0.0,0.0,0.0,0.0,0.0,0.0,0.0,0.0,0.0,0.0,0.0,0.0,0.0,0.0,0.0,
0.0,0.009,-0.006,-0.002,0.0,0.0,0.0,0.0,0.0,0.0,0.0,0.0,0.0,0.0,0.0,0.0,0.0,0.0,0.0,0.0,0.0,0.0,0.0,0.0,0.0,0.0,0.0,0.0,0.0,0.0,0.0,0.0,0.0,0.0,0.0,0.0,0.0,0.0,0.0,0.0,0.0,0.0,0.0,0.0,0.0,0.0,0.0,0.0,0.0,0.0,0.0,0.0,0.0,0.0,0.0,0.0,0.0,0.0,0.0,0.0,0.0,0.0,0.0,0.0,0.0,0.0,0.0,0.0,0.0,0.0,0.0,0.0,0.0,0.0,0.0,0.0,0.0,0.0,0.0,0.0,0.0,0.0,0.0,0.0,0.0,0.0,0.0,0.0,0.0,0.0,0.0,0.0,0.0,0.0,0.0,0.0,0.0,0.0,0.0,0.0,
0.0,0.051,-0.006,0.08,0.083,0.078,0.102,0.089,0.101,0.064,0.075,0.097,0.061,0.064,0.048,0.08,0.101,0.064,0.064,0.048,0.08,0.101,0.064,0.064,0.112,0.061,0.064,0.093,0.072,0.094,0.102,0.097,0.101,0.064,0.064,0.093,0.101,0.065,0.093,0.101,0.065,0.093,0.101,0.065,0.093,0.101,0.104,0.102,0.104,0.102,0.104,0.102,0.104,0.102,0.104,0.102,0.104,0.102,0.104,0.102,0.104,0.102,0.104,0.102,0.104,0.102,0.104,0.102,0.104,0.102,0.104,0.102,0.104,0.102,0.104,0.102,0.104,0.102,0.104,0.102,0.104,0.102,0.104,0.102,0.104,0.102,0.104,0.102,0.104,0.102,0.104,0.102,0.104,0.102,0.104,0.102,0.104,0.102,0.104,0.102,
0.0,0.006,-0.011,0.036,0.003,0.011,0.002,0.039,0.005,0.002,0.013,0.016,0.014,0.002,0.054,0.022,0.005,0.044,0.046,0.017,0.002,0.035,0.016,0.002,0.013,0.002,0.013,0.025,0.003,0.002,0.039,0.019,0.046,0.041,0.039,0.047,0.038,0.038,0.039,0.073,0.043,0.066,0.043,0.039,0.039,0.039,0.039,0.039,0.066,0.043,0.039,0.079,0.044,0.039,0.039,0.039,0.079,0.044,0.039,0.079,0.044,0.039,0.054,0.041,0.039,0.079,0.044,0.039,0.054,0.041,0.039,0.039,0.039,0.054,0.041,0.069,0.043,0.039,0.054,0.041,0.039,0.079,0.044,0.039,0.039,0.069,0.043,0.066,0.043,0.039,0.039,0.035,0.038,0.039,0.039,0.039,0.039,0.079,0.044,0.079,
0.0,0.0,0.005,0.002,0.0,0.0,0.0,0.0,0.0,0.0,0.027,0.018,0.003,0.0,0.024,0.002,0.0,0.0,0.022,0.002,0.0,0.0,0.024,0.002,0.0,0.0,0.019,0.002,0.019,0.002,0.0,0.0,0.024,0.002,0.0,0.0,0.022,0.002,0.0,0.0,0.0,0.0,0.0,0.0,0.024,0.018,0.002,0.0,0.024,0.002,0.0,0.0,0.0,0.0,0.019,0.002,0.0,0.0,0.0,0.0,0.0,0.0,0.0,0.0,0.0,0.0,0.0,0.0,0.0,0.0,0.0,0.0,0.0,0.0,0.019,0.002,0.0,0.0,0.0,0.014,0.003,0.0,0.0,0.0,0.0,0.0,0.0,0.0,0.0,0.0,0.0,0.0,0.024,0.002,0.022,0.002,0.0,0.0,0.0,0.014,
0.0,0.024,0.0,-0.002,0.0,0.025,0.025,0.005,0.013,0.006,0.002,0.002,0.002,0.0,0.013,0.0,0.0,0.0,0.0,0.0,0.0,0.0,0.0,0.0,0.0,0.0,0.0,0.0,0.0,0.0,0.0,0.0,0.0,0.02,-0.002,0.002,0.027,0.025,0.017,0.002,0.0,0.0,0.0,0.0,0.0,0.0,0.0,0.0,0.002,0.025,0.003,0.019,-0.003,0.0,0.002,0.0,0.0,0.0,0.0,0.0,0.0,0.0,0.013,0.006,0.002,0.002,0.002,0.0,0.0,0.0,0.0,0.013,0.0,0.0,0.013,0.006,0.002,0.002,0.002,0.0,0.0,0.0,0.0,0.0,0.0,0.0,0.0,0.0,0.0,0.013,0.006,0.002,0.002,0.002,0.0,0.0,0.0,0.0,0.0,0.021,
0.0,0.0,0.0,0.0,0.008,0.002,0.0,0.0,0.0,0.0,0.0,0.0,0.0,0.0,0.0,0.0,0.0,0.0,0.0,0.0,0.0,0.0,0.0,0.0,0.0,0.0,0.0,0.0,0.0,0.0,0.0,0.0,0.0,0.0,0.0,0.0,0.0,0.0,0.0,0.0,0.0,0.0,0.0,0.0,0.0,0.0,0.0,0.0,0.0,0.0,0.0,0.0,0.0,0.0,0.0,0.0,0.0,0.0,0.0,0.0,0.0,0.0,0.0,0.0,0.0,0.0,0.0,0.0,0.0,0.0,0.0,0.0,0.0,0.0,0.0,0.0,0.0,0.0,0.0,0.0,0.0,0.0,0.0,0.0,0.0,0.0,0.0,0.0,0.0,0.0,0.0,0.0,0.0,0.0,0.0,0.0,0.0,0.0,0.0,0.0,
0.0,0.038,-0.006,0.013,0.019,0.002,0.025,0.0,0.049,0.022,0.021,0.043,0.046,0.049,0.051,0.051,0.051,0.051,0.051,0.051,0.051,0.051,0.051,0.051,0.051,0.051,0.051,0.051,0.051,0.051,0.051,0.051,0.051,0.051,0.051,0.051,0.051,0.051,0.051,0.051,0.051,0.051,0.051,0.051,0.051,0.051,0.051,0.051,0.051,0.051,0.051,0.051,0.051,0.051,0.051,0.051,0.051,0.051,0.051,0.051,0.051,0.051,0.051,0.051,0.051,0.051,0.051,0.051,0.051,0.051,0.051,0.051,0.051,0.051,0.051,0.051,0.051,0.051,0.051,0.051,0.051,0.051,0.051,0.051,0.051,0.051,0.051,0.051,0.051,0.051,0.051,0.051,0.051,0.051,0.051,0.051,0.051,0.051,0.051,0.052,
0.0,0.009,0.002,0.0,0.0,-0.002,0.0,-0.002,0.0,-0.002,0.0,-0.002,0.0,-0.002,0.0,-0.002,0.0,-0.002,0.0,-0.002,0.0,-0.002,0.0,-0.002,0.0,-0.002,0.0,-0.002,0.0,-0.002,0.0,-0.002,0.0,-0.002,0.0,-0.002,0.0,-0.002,0.0,-0.002,0.0,-0.002,0.0,-0.002,0.0,-0.002,0.0,-0.002,0.0,-0.002,0.0,-0.002,0.0,-0.002,0.0,-0.002,0.0,-0.002,0.0,-0.002,0.0,-0.002,0.0,-0.002,0.0,-0.002,0.0,-0.002,0.0,-0.002,0.0,-0.002,0.0,-0.002,0.0,-0.002,0.0,-0.002,0.0,-0.002,0.0,-0.002,0.0,-0.002,0.0,-0.002,0.0,-0.002,0.0,-0.002,0.0,-0.002,0.0,-0.002,0.0,-0.002,0.0,-0.002,0.0,-0.002,
0.0,0.024,0.0,-0.003,0.029,-0.019,0.029,-0.025,0.041,-0.034,0.033,-0.019,0.058,-0.028,0.027,-0.028,0.035,-0.023,0.038,-0.015,0.018,-0.018,0.055,-0.031,0.049,-0.023,0.028,-0.018,0.062,-0.024,0.042,-0.013,-0.013,0.049,-0.033,0.057,-0.009,0.009,-0.006,0.052,-0.025,0.017,-0.002,-0.018,0.041,-0.018,0.051,-0.02,0.011,0.002,0.009,0.002,0.023,-0.006,-0.016,0.065,-0.031,0.057,-0.021,0.028,-0.015,0.033,-0.021,0.027,-0.002,-0.013,0.068,-0.03,0.051,-0.017,0.024,0.0,0.051,-0.021,0.031,-0.006,-0.016,0.046,-0.024,0.031,-0.02,0.014,-0.009,0.057,-0.024,0.039,-0.008,-0.015,0.074,-0.031,0.041,-0.006,0.038,-0.015,0.036,-0.028,0.016,0.0,-0.016,0.045,
0.0,0.0,0.0,0.0,0.0,0.0,0.0,0.0,0.0,0.0,0.0,0.0,0.0,0.0,0.0,0.0,0.0,0.0,0.0,0.0,0.0,0.0,0.0,0.0,0.0,0.0,0.0,0.0,0.0,0.0,0.0,0.0,0.0,0.0,0.0,0.0,0.0,0.0,0.0,0.0,0.0,0.0,0.0,0.0,0.0,0.0,0.0,0.0,0.0,0.0,0.0,0.0,0.0,0.0,0.0,0.0,0.0,0.0,0.0,0.0,0.0,0.0,0.0,0.0,0.0,0.0,0.0,0.0,0.0,0.0,0.0,0.0,0.0,0.0,0.0,0.0,0.0,0.0,0.0,0.0,0.0,0.0,0.0,0.0,0.0,0.0,0.0,0.0,0.0,0.0,0.0,0.0,0.0,0.0,0.0,0.0,0.0,0.0,0.0,0.0,
0.0,0.025,-0.012,0.0,0.005,0.0,-0.002,0.0,0.014,0.0,0.0,0.008,0.011,0.0,0.0,0.009,0.0,-0.002,0.0,0.0,0.0,0.011,0.0,0.008,0.0,-0.002,0.0,0.009,0.0,0.008,0.0,-0.002,0.0,0.014,0.0,-0.002,0.0,-0.002,0.0,-0.002,0.0,-0.002,0.0,-0.002,0.0,-0.002,0.0,-0.002,0.0,-0.002,0.0,-0.002,0.009,0.0,0.012,0.0,0.011,0.008,0.018,0.002,0.0,0.0,0.014,0.0,0.0,-0.002,0.0,-0.002,0.011,0.0,0.012,0.0,0.0,0.0,0.0,0.0,0.0,0.0,0.0,0.0,0.0,0.0,0.0,0.0,0.0,0.0,0.0,0.0,0.0,0.0,0.0,0.0,0.0,0.0,0.0,0.0,0.0,0.0,0.0,0.0,
0.0,0.021,-0.006,0.003,-0.003,0.003,0.0,0.009,0.0,0.003,0.0,0.009,0.002,0.003,0.0,0.002,0.0,0.002,0.0,0.002,0.0,0.002,0.0,0.002,0.0,0.002,0.0,0.002,0.0,0.009,0.002,0.003,0.0,0.002,0.0,0.002,0.0,0.002,0.0,0.002,0.0,0.002,0.0,0.002,0.0,0.002,0.0,0.002,0.0,0.002,0.0,0.009,0.0,0.003,0.0,0.002,0.0,0.002,0.0,0.002,0.0,0.002,0.0,0.002,0.0,0.002,0.0,0.002,0.0,0.002,0.0,0.002,0.0,0.002,0.0,0.002,0.0,0.009,0.002,0.003,0.0,0.009,0.0,0.003,0.0,0.002,0.0,0.009,0.002,0.003,0.0,0.009,0.002,0.003,0.0,0.002,0.0,0.002,0.0,0.002,
0.0,0.016,-0.003,-0.005,-0.002,0.0,0.0,0.0,0.0,0.0,0.0,0.002,-0.002,0.0,0.0,0.0,0.002,0.0,0.0,0.0,0.0,0.0,0.0,0.0,0.0,0.0,0.0,0.0,0.0,0.0,0.0,0.0,0.0,0.0,0.0,0.0,0.0,0.0,0.0,0.0,0.0,0.0,0.0,0.0,0.0,0.0,0.0,0.0,0.0,0.0,0.0,0.0,0.0,0.0,0.0,0.0,0.0,0.0,0.0,0.0,0.0,0.0,0.0,0.0,0.0,0.0,0.0,0.0,0.0,0.0,0.0,0.0,0.0,0.0,0.0,0.0,0.0,0.0,0.0,0.0,0.0,0.0,0.0,0.0,0.0,0.0,0.0,0.0,0.0,0.0,0.0,0.0,0.0,0.0,0.0,0.0,0.0,0.0,0.0,0.002,
0.0,0.025,-0.003,0.0,0.0,0.0,0.0,0.0,0.0,0.0,0.0,0.0,0.0,0.0,0.0,0.0,0.0,0.0,0.0,0.0,0.0,0.0,0.0,0.0,0.0,0.0,0.0,0.0,0.0,0.0,0.0,0.0,0.0,0.0,0.0,0.0,0.0,0.0,0.0,0.0,0.0,0.0,0.0,0.0,0.0,0.0,0.0,0.0,0.0,0.0,0.0,0.0,0.0,0.0,0.0,0.0,0.0,0.0,0.0,0.0,0.0,0.0,0.0,0.0,0.0,0.0,0.0,0.0,0.0,0.0,0.0,0.0,0.0,0.0,0.0,0.0,0.0,0.0,0.0,0.0,0.0,0.0,0.0,0.0,0.0,0.0,0.0,0.0,0.0,0.0,0.0,0.0,0.0,0.0,0.0,0.0,0.0,0.0,0.0,0.0,
0.0,0.099,0.062,0.008,0.038,0.09,0.045,0.074,0.046,0.032,0.033,0.043,0.048,0.055,0.043,0.029,0.033,0.061,0.053,0.032,0.04,0.034,0.04,0.034,0.04,0.034,0.04,0.034,0.04,0.034,0.04,0.034,0.04,0.034,0.04,0.034,0.04,0.034,0.04,0.034,0.04,0.034,0.04,0.034,0.04,0.034,0.04,0.034,0.04,0.034,0.04,0.034,0.04,0.034,0.04,0.034,0.04,0.034,0.04,0.034,0.04,0.034,0.04,0.034,0.04,0.034,0.04,0.034,0.04,0.034,0.04,0.034,0.04,0.034,0.04,0.034,0.04,0.034,0.04,0.034,0.04,0.034,0.04,0.034,0.04,0.034,0.04,0.034,0.04,0.034,0.04,0.034,0.04,0.034,0.04,0.034,0.04,0.034,0.04,0.036,
0.0,0.053,0.011,-0.02,-0.016,0.034,0.008,0.023,0.0,0.036,0.0,0.0,0.0,0.057,0.024,0.065,0.006,0.079,0.006,0.045,0.018,0.065,0.005,0.066,0.005,0.003,0.05,0.023,0.002,0.0,0.0,0.0,0.0,0.068,0.023,0.002,0.0,0.037,0.013,0.073,0.006,0.047,0.003,0.069,0.006,0.081,0.006,0.066,0.005,0.073,0.006,0.081,0.006,0.081,0.006,0.003,0.05,0.027,0.002,0.0,0.061,0.063,0.042,0.045,0.002,0.0,0.0,0.0,0.068,0.023,0.065,0.005,0.068,0.006,0.05,0.003,0.06,0.05,0.073,0.006,0.024,0.0,0.058,0.005,0.061,0.036,0.005,0.0,0.0,0.037,0.0,0.0,0.0,0.0,0.061,0.063,0.042,0.052,0.045,0.016,
0.0,0.001,-0.003,0.0,0.0,0.0,0.0,0.0,0.0,0.0,0.0,0.0,0.0,0.0,0.0,0.0,0.0,0.0,0.0,0.0,0.0,0.0,0.0,0.0,0.0,0.0,0.0,0.0,0.0,0.0,0.0,0.0,0.0,0.0,0.0,0.0,0.0,0.0,0.0,0.0,0.0,0.0,0.0,0.0,0.0,0.0,0.0,0.0,0.0,0.0,0.0,0.0,0.0,0.0,0.0,0.0,0.0,0.0,0.0,0.0,0.0,0.0,0.0,0.0,0.0,0.0,0.0,0.0,0.0,0.0,0.0,0.0,0.0,0.0,0.0,0.0,0.0,0.0,0.0,0.0,0.0,0.0,0.0,0.0,0.0,0.0,0.0,0.0,0.0,0.0,0.0,0.0,0.0,0.0,0.0,0.0,0.0,0.0,0.0,0.0,
0.0,0.001,0.003,0.0,-0.002,0.0,-0.002,0.0,-0.002,0.0,-0.002,0.0,-0.002,0.0,-0.002,0.0,-0.002,0.0,-0.002,0.0,-0.002,0.0,-0.002,0.0,-0.002,0.0,-0.002,0.0,-0.002,0.0,-0.002,0.0,-0.002,0.0,-0.002,0.0,-0.002,0.0,-0.002,0.0,-0.002,0.0,-0.002,0.0,-0.002,0.0,-0.002,0.0,-0.002,0.0,-0.002,0.0,-0.002,0.0,-0.002,0.0,-0.002,0.0,-0.002,0.0,-0.002,0.0,-0.002,0.0,-0.002,0.0,-0.002,0.0,-0.002,0.0,-0.002,0.0,-0.002,0.0,-0.002,0.0,-0.002,0.0,-0.002,0.0,-0.002,0.0,-0.002,0.0,-0.002,0.0,-0.002,0.0,-0.002,0.0,-0.002,0.0,-0.002,0.0,-0.002,0.0,-0.002,0.0,-0.002,0.0,
0.0,0.027,-0.006,-0.003,0.003,-0.002,0.0,0.0,0.0,0.0,0.0,0.0,0.0,0.0,0.0,0.0,0.0,0.0,0.0,0.0,0.0,0.0,0.0,0.0,0.0,0.0,0.0,0.0,0.0,0.0,0.0,0.0,0.0,0.0,0.0,0.0,0.0,0.0,0.0,0.0,0.0,0.0,0.0,0.0,0.0,0.0,0.0,0.0,0.0,0.0,0.0,0.0,0.0,0.0,0.0,0.0,0.0,0.0,0.0,0.0,0.0,0.0,0.0,0.0,0.0,0.0,0.0,0.0,0.0,0.0,0.0,0.0,0.0,0.0,0.0,0.0,0.0,0.0,0.0,0.0,0.0,0.0,0.0,0.0,0.0,0.0,0.0,0.0,0.0,0.0,0.0,0.0,0.0,0.0,0.0,0.0,0.0,0.0,0.0,0.0,
0.0,0.018,-0.004,-0.002,0.003,-0.003,0.0,-0.002,0.0,-0.002,0.0,-0.002,0.0,-0.002,0.0,-0.002,0.0,-0.002,0.0,-0.002,0.0,-0.002,0.0,-0.002,0.0,-0.002,0.0,-0.002,0.0,-0.002,0.0,-0.002,0.0,-0.002,0.0,-0.002,0.0,-0.002,0.0,-0.002,0.0,-0.002,0.0,-0.002,0.0,-0.002,0.0,-0.002,0.0,-0.002,0.0,-0.002,0.0,-0.002,0.0,-0.002,0.0,-0.002,0.0,-0.002,0.0,-0.002,0.0,-0.002,0.0,-0.002,0.0,-0.002,0.0,-0.002,0.0,-0.002,0.0,-0.002,0.0,-0.002,0.0,-0.002,0.0,-0.002,0.0,-0.002,0.0,-0.002,0.0,-0.002,0.0,-0.002,0.0,-0.002,0.0,-0.002,0.0,-0.002,0.0,-0.002,0.0,-0.002,0.0,-0.002,
0.0,-0.007,-0.002,-0.003,0.0,0.0,0.006,0.0,0.0,0.0,0.0,0.0,0.0,0.0,0.0,0.0,0.005,0.0,0.0,0.0,0.0,0.0,0.0,0.0,0.0,0.0,0.0,0.0,0.0,0.0,0.0,0.0,0.0,0.0,0.0,0.0,0.0,0.0,0.0,0.005,0.0,0.0,0.0,0.0,0.0,0.0,0.0,0.0,0.006,0.0,0.0,0.0,0.0,0.0,0.0,0.0,0.0,0.0,0.0,0.006,0.0,0.005,0.0,0.0,0.0,0.0,0.0,0.0,0.003,0.0,0.0,0.0,0.0,0.0,0.0,0.006,0.003,0.0,0.0,0.0,0.0,0.0,0.0,0.0,0.006,0.009,0.0,0.0,0.0,0.0,0.0,0.0,0.0,0.0,0.003,0.0,0.0,0.0,0.005,0.005,
0.0,0.003,-0.002,0.0,0.0,0.0,0.0,0.0,0.0,0.0,0.0,0.0,0.0,0.0,0.0,0.0,0.0,0.0,0.0,0.0,0.0,0.0,0.0,0.0,0.0,0.0,0.0,0.0,0.0,0.0,0.0,0.0,0.0,0.0,0.0,0.0,0.0,0.0,0.0,0.0,0.0,0.0,0.0,0.0,0.0,0.0,0.0,0.0,0.0,0.0,0.0,0.0,0.0,0.0,0.0,0.0,0.0,0.0,0.0,0.0,0.0,0.0,0.0,0.0,0.0,0.0,0.0,0.0,0.0,0.0,0.0,0.0,0.0,0.0,0.0,0.0,0.0,0.0,0.0,0.0,0.0,0.0,0.0,0.0,0.0,0.0,0.0,0.0,0.0,0.0,0.0,0.0,0.0,0.0,0.0,0.0,0.0,0.0,0.0,0.0,
0.0,0.018,-0.006,-0.002,0.0,0.0,0.0,0.0,0.0,0.0,0.0,0.0,0.0,0.0,0.0,0.0,0.0,0.0,0.0,0.0,0.0,0.0,0.0,0.0,0.0,0.0,0.0,0.0,0.0,0.0,0.0,0.0,0.0,0.0,0.0,0.0,0.0,0.0,0.0,0.0,0.0,0.0,0.0,0.0,0.0,0.006,0.002,0.0,0.0,0.0,0.0,0.0,0.0,0.0,0.009,0.0,0.0,0.0,0.0,0.0,0.0,0.0,0.0,0.0,0.0,0.0,0.0,0.0,0.0,0.0,0.0,0.0,0.0,0.0,0.0,0.0,0.0,0.0,0.0,0.0,0.0,0.0,0.006,0.0,0.002,0.0,0.002,0.0,0.002,0.0,0.002,0.0,0.002,0.0,0.002,0.0,0.002,0.0,0.002,0.0,
0.0,0.007,-0.003,0.0,0.0,0.0,0.0,0.0,0.0,0.0,0.0,0.0,0.0,0.0,0.0,0.0,0.0,0.0,0.0,0.0,0.0,0.0,0.0,0.0,0.0,0.0,0.0,0.0,0.0,0.0,0.0,0.0,0.0,0.0,0.0,0.0,0.0,0.0,0.0,0.0,0.0,0.0,0.0,0.0,0.0,0.0,0.0,0.0,0.0,0.0,0.0,0.0,0.0,0.0,0.0,0.0,0.0,0.0,0.0,0.0,0.0,0.0,0.0,0.0,0.0,0.0,0.0,0.0,0.0,0.0,0.0,0.0,0.0,0.0,0.0,0.0,0.0,0.0,0.0,0.0,0.0,0.0,0.0,0.0,0.0,0.0,0.0,0.0,0.0,0.0,0.0,0.0,0.0,0.0,0.0,0.0,0.0,0.0,0.0,0.0,
0.0,0.014,-0.003,-0.002,0.0,0.0,0.002,-0.002,0.005,-0.002,-0.002,-0.002,-0.002,-0.002,-0.002,-0.002,-0.002,-0.002,0.011,0.0,-0.002,-0.002,0.006,-0.002,0.002,-0.002,0.002,0.005,0.0,-0.002,0.003,-0.002,-0.002,-0.002,0.005,-0.002,-0.002,0.003,0.002,-0.002,-0.002,-0.002,-0.002,-0.002,-0.002,-0.002,0.006,0.005,0.011,0.008,0.002,0.008,0.0,-0.002,-0.002,0.006,0.008,0.008,0.0,-0.002,-0.002,0.003,-0.002,-0.002,-0.002,-0.002,-0.002,-0.002,-0.002,-0.002,-0.002,0.002,-0.002,-0.002,-0.002,-0.002,-0.002,-0.002,-0.002,-0.002,-0.002,0.003,0.0,-0.002,-0.002,-0.002,-0.002,0.003,0.0,-0.002,0.008,0.0,-0.002,-0.002,-0.002,-0.002,-0.002,-0.002,0.002,-0.002,
0.0,0.012,-0.006,0.0,0.0,0.0,-0.002,0.0,0.0,0.0,0.0,0.0,0.0,0.0,0.0,0.0,0.0,0.0,0.0,0.0,0.0,0.0,0.0,0.0,0.0,0.0,0.0,0.0,0.0,0.0,0.0,0.0,0.0,0.0,0.0,0.0,0.0,0.0,0.0,0.0,0.0,0.0,0.0,0.0,0.0,0.0,0.0,0.0,0.0,0.0,0.0,0.0,0.0,0.0,0.0,0.0,0.0,0.0,0.0,0.0,0.0,0.0,0.0,0.0,0.0,0.0,0.0,0.0,0.0,0.0,0.0,0.0,0.0,0.0,0.0,0.0,0.0,0.0,0.0,0.0,0.0,0.0,0.0,0.0,0.0,0.0,0.0,0.0,0.0,0.0,0.0,0.0,0.0,0.0,0.0,0.0,0.0,0.0,0.0,0.0,
0.0,0.0,0.0,0.0,0.03,0.025,0.049,0.058,0.06,0.06,0.06,0.06,0.06,0.06,0.06,0.06,0.06,0.06,0.06,0.06,0.06,0.06,0.06,0.06,0.06,0.06,0.06,0.06,0.06,0.06,0.06,0.06,0.06,0.06,0.06,0.06,0.06,0.06,0.06,0.06,0.06,0.06,0.06,0.06,0.06,0.06,0.06,0.06,0.06,0.06,0.06,0.06,0.06,0.06,0.06,0.06,0.06,0.06,0.06,0.06,0.06,0.06,0.06,0.06,0.06,0.06,0.06,0.06,0.06,0.06,0.06,0.06,0.06,0.06,0.06,0.06,0.06,0.06,0.06,0.06,0.06,0.06,0.06,0.06,0.06,0.06,0.06,0.06,0.06,0.06,0.06,0.06,0.06,0.06,0.06,0.06,0.06,0.06,0.06,0.058,
0.0,0.027,-0.012,-0.002,0.002,0.0,0.0,0.0,0.0,0.0,0.0,0.0,0.0,0.0,0.0,0.0,0.0,0.0,0.0,0.0,0.0,0.0,0.0,0.0,0.0,0.0,0.0,0.0,0.0,0.0,0.0,0.0,0.0,0.0,0.0,0.0,0.0,0.0,0.0,0.0,0.0,0.0,0.0,0.0,0.0,0.0,0.0,0.0,0.0,0.0,0.0,0.0,0.0,0.0,0.0,0.0,0.0,0.0,0.0,0.0,0.0,0.0,0.0,0.0,0.0,0.0,0.0,0.0,0.0,0.0,0.0,0.0,0.0,0.0,0.0,0.0,0.0,0.0,0.0,0.0,0.0,0.0,0.0,0.0,0.0,0.0,0.0,0.0,0.0,0.0,0.0,0.0,0.0,0.0,0.0,0.0,0.0,0.0,0.0,0.0,
0.0,0.007,-0.002,0.0,0.002,0.0,0.002,0.0,0.002,0.0,0.002,0.0,0.002,0.0,0.002,0.0,0.002,0.0,0.002,0.0,0.002,0.0,0.002,0.0,0.002,0.0,0.002,0.0,0.002,0.0,0.002,0.0,0.002,0.0,0.002,0.0,0.002,0.0,0.002,0.0,0.002,0.0,0.002,0.0,0.002,0.0,0.002,0.0,0.002,0.0,0.002,0.0,0.002,0.0,0.002,0.0,0.002,0.0,0.002,0.0,0.002,0.0,0.002,0.0,0.002,0.0,0.002,0.0,0.002,0.0,0.002,0.0,0.002,0.0,0.002,0.0,0.002,0.0,0.002,0.0,0.002,0.0,0.002,0.0,0.002,0.0,0.002,0.0,0.002,0.0,0.002,0.0,0.002,0.0,0.002,0.0,0.002,0.0,0.002,0.0,
0.0,0.037,-0.003,0.067,0.037,0.042,0.002,0.051,0.064,0.061,0.088,0.069,0.073,0.064,0.059,0.063,0.065,0.063,0.065,0.063,0.065,0.063,0.065,0.063,0.065,0.063,0.065,0.063,0.065,0.063,0.065,0.063,0.065,0.063,0.065,0.063,0.065,0.063,0.065,0.063,0.065,0.063,0.065,0.063,0.065,0.063,0.065,0.063,0.065,0.063,0.065,0.063,0.065,0.063,0.065,0.063,0.065,0.063,0.065,0.063,0.065,0.063,0.065,0.063,0.065,0.063,0.065,0.063,0.065,0.063,0.065,0.063,0.065,0.063,0.065,0.063,0.065,0.063,0.065,0.063,0.065,0.063,0.065,0.063,0.065,0.063,0.065,0.063,0.065,0.063,0.065,0.063,0.065,0.063,0.065,0.063,0.065,0.063,0.065,0.08,
0.0,0.012,-0.006,-0.002,0.002,0.0,0.0,0.0,0.0,0.0,0.0,0.0,0.0,0.0,0.0,0.0,0.0,0.0,0.0,0.0,0.0,0.0,0.0,0.0,0.0,0.0,0.0,0.0,0.0,0.0,0.0,0.0,0.0,0.0,0.0,0.0,0.0,0.0,0.0,0.0,0.0,0.0,0.0,0.0,0.0,0.0,0.0,0.0,0.0,0.0,0.0,0.0,0.0,0.0,0.0,0.0,0.0,0.0,0.0,0.0,0.0,0.0,0.0,0.0,0.0,0.0,0.0,0.0,0.0,0.0,0.0,0.0,0.0,0.0,0.0,0.0,0.0,0.0,0.0,0.0,0.0,0.0,0.0,0.0,0.0,0.0,0.0,0.0,0.0,0.0,0.0,0.0,0.0,0.0,0.0,0.0,0.0,0.0,0.0,0.0,
0.0,0.007,0.002,0.0,0.0,0.0,0.013,0.002,0.013,0.002,0.013,0.002,0.0,0.0,0.0,0.03,0.002,0.03,0.002,0.013,0.002,0.013,0.002,0.013,0.002,0.013,0.002,0.013,0.002,0.013,0.002,0.013,0.002,0.013,0.002,0.013,0.002,0.013,0.002,0.013,0.002,0.013,0.002,0.013,0.03,0.014,0.002,0.013,0.03,0.014,0.002,0.013,0.03,0.002,0.0,0.0,0.03,0.002,0.0,0.0,0.03,0.002,0.0,0.03,0.002,0.0,0.013,0.002,0.013,0.002,0.0,0.0,0.03,0.002,0.0,0.0,0.03,0.002,0.03,0.002,0.0,0.0,0.0,0.013,0.002,0.013,0.03,0.014,0.002,0.03,0.002,0.0,0.013,0.002,0.013,0.002,0.013,0.002,0.013,0.002,
0.0,0.012,-0.003,0.011,0.025,0.019,0.019,0.019,0.019,0.019,0.019,0.019,0.019,0.019,0.019,0.019,0.019,0.019,0.019,0.019,0.019,0.019,0.019,0.019,0.019,0.019,0.019,0.019,0.019,0.019,0.019,0.019,0.019,0.019,0.019,0.019,0.019,0.019,0.019,0.019,0.019,0.019,0.019,0.019,0.019,0.019,0.019,0.019,0.019,0.019,0.019,0.019,0.019,0.019,0.019,0.019,0.019,0.019,0.019,0.019,0.019,0.019,0.019,0.019,0.019,0.019,0.019,0.019,0.019,0.019,0.019,0.019,0.019,0.019,0.019,0.019,0.019,0.019,0.019,0.019,0.019,0.019,0.019,0.019,0.019,0.019,0.019,0.019,0.019,0.019,0.019,0.019,0.019,0.019,0.019,0.019,0.019,0.019,0.019,0.019,
0.0,0.01,-0.003,0.0,0.0,0.0,0.0,0.0,0.0,0.0,0.0,0.0,0.0,0.0,0.0,0.0,0.0,0.0,0.0,0.0,0.0,0.0,0.0,0.0,0.0,0.0,0.0,0.0,0.0,0.0,0.0,0.0,0.0,0.0,0.0,0.0,0.0,0.0,0.0,0.0,0.0,0.0,0.0,0.0,0.0,0.0,0.0,0.0,0.0,0.0,0.0,0.0,0.0,0.0,0.0,0.0,0.0,0.0,0.0,0.0,0.0,0.0,0.0,0.0,0.0,0.0,0.0,0.0,0.0,0.0,0.0,0.0,0.0,0.0,0.0,0.0,0.0,0.0,0.0,0.0,0.0,0.0,0.0,0.0,0.0,0.0,0.0,0.0,0.0,0.0,0.0,0.0,0.0,0.0,0.0,0.0,0.0,0.0,0.0,0.0,
0.0,0.027,0.002,0.01,-0.002,0.01,-0.002,0.0,0.0,0.0,0.0,0.0,0.0,0.0,0.0,0.0,0.0,0.0,0.0,0.0,0.0,0.0,0.0,0.0,0.0,0.0,0.0,0.0,0.0,0.023,-0.003,0.023,0.0,-0.002,0.0,0.0,0.0,0.0,0.0,0.023,-0.003,0.005,0.0,0.0,0.0,0.0,0.0,0.0,0.0,0.0,0.0,0.0,0.023,-0.003,0.005,0.0,0.0,0.0,0.0,0.0,0.0,0.0,0.0,0.0,0.0,0.0,0.0,0.0,0.0,0.0,0.0,0.0,0.0,0.0,0.0,0.023,-0.003,0.023,0.0,-0.002,0.0,0.0,0.0,0.0,0.0,0.0,0.0,0.0,0.0,0.0,0.023,-0.003,0.005,0.0,0.0,0.023,-0.003,0.005,0.023,-0.007,
0.0,-0.028,0.004,-0.002,-0.006,-0.003,0.014,-0.002,0.002,0.0,0.0,0.0,0.0,0.002,0.019,0.0,0.0,0.003,0.011,-0.017,0.033,-0.027,0.038,-0.029,0.027,-0.029,0.039,-0.008,0.005,-0.003,0.002,0.0,0.002,0.011,0.0,0.003,0.011,0.0,0.0,0.002,0.019,0.0,0.0,0.0,0.0,0.0,0.0,0.0,0.0,0.003,0.011,0.002,0.009,-0.015,0.036,-0.027,0.044,-0.006,0.005,-0.002,0.0,0.0,0.0,0.0,0.003,0.011,0.0,0.0,0.003,0.009,0.002,0.009,-0.015,0.034,-0.027,0.047,-0.027,0.036,-0.029,0.036,-0.029,0.036,-0.029,0.036,-0.029,0.028,-0.029,0.042,-0.027,0.042,-0.027,0.036,-0.029,0.028,-0.029,0.042,-0.027,0.036,-0.006,0.018,
0.0,0.034,-0.005,-0.002,0.0,0.0,0.002,0.0,0.002,0.0,0.002,0.0,0.002,0.0,0.002,0.0,0.002,0.0,0.002,0.0,0.002,0.0,0.002,0.0,0.002,0.0,0.002,0.0,0.002,0.0,0.002,0.0,0.002,0.0,0.002,0.0,0.002,0.0,0.002,0.0,0.002,0.0,0.002,0.0,0.002,0.0,0.002,0.0,0.002,0.0,0.002,0.0,0.002,0.0,0.002,0.0,0.002,0.0,0.002,0.0,0.002,0.0,0.002,0.0,0.002,0.0,0.002,0.0,0.002,0.0,0.002,0.0,0.002,0.0,0.002,0.0,0.002,0.0,0.002,0.0,0.002,0.0,0.002,0.0,0.002,0.0,0.002,0.0,0.002,0.0,0.002,0.0,0.002,0.0,0.002,0.0,0.002,0.0,0.002,0.0,
0.0,0.014,-0.005,0.0,0.0,0.0,0.0,0.0,0.0,0.0,0.0,0.0,0.0,0.0,0.0,0.0,0.0,0.0,0.0,0.0,0.0,0.0,0.0,0.0,0.0,0.0,0.0,0.0,0.0,0.0,0.0,0.0,0.0,0.0,0.0,0.0,0.0,0.0,0.0,0.0,0.0,0.0,0.0,0.0,0.0,0.0,0.0,0.0,0.0,0.0,0.0,0.0,0.0,0.0,0.0,0.0,0.0,0.0,0.0,0.003,0.0,0.0,0.0,0.0,0.0,0.0,0.0,0.0,0.0,0.0,0.0,0.0,0.0,0.0,0.0,0.0,0.0,0.0,0.0,0.0,0.0,0.0,0.0,0.0,0.0,0.0,0.0,0.0,0.0,0.0,0.0,0.0,0.0,0.0,0.0,0.0,0.0,0.0,0.0,0.0,
0.0,-0.068,0.043,-0.02,0.078,0.053,0.093,0.05,0.07,0.082,0.08,0.075,0.08,0.075,0.075,0.093,0.08,0.077,0.08,0.075,0.075,0.093,0.08,0.077,0.08,0.075,0.075,0.093,0.08,0.077,0.08,0.075,0.075,0.093,0.08,0.077,0.08,0.075,0.075,0.093,0.08,0.077,0.08,0.075,0.075,0.093,0.08,0.077,0.08,0.075,0.075,0.093,0.08,0.077,0.08,0.075,0.075,0.093,0.08,0.077,0.08,0.075,0.075,0.093,0.08,0.077,0.08,0.075,0.075,0.093,0.08,0.077,0.08,0.075,0.075,0.093,0.08,0.077,0.08,0.075,0.075,0.093,0.08,0.077,0.08,0.075,0.075,0.093,0.08,0.077,0.08,0.075,0.075,0.093,0.08,0.077,0.08,0.075,0.075,0.093,
0.0,0.004,0.0,-0.002,0.0,0.0,0.0,0.0,0.0,0.0,0.0,0.0,0.0,0.0,0.0,0.0,0.0,0.0,0.0,0.0,0.0,0.0,0.0,0.0,0.0,0.0,0.0,0.0,0.0,0.0,0.0,0.0,0.0,0.0,0.0,0.0,0.0,0.0,0.0,0.0,0.0,0.0,0.0,0.0,0.0,0.0,0.0,0.0,0.0,0.0,0.0,0.0,0.0,0.0,0.0,0.0,0.0,0.0,0.0,0.0,0.0,0.0,0.0,0.0,0.0,0.0,0.0,0.0,0.0,0.0,0.0,0.0,0.0,0.0,0.0,0.0,0.0,0.0,0.0,0.0,0.0,0.0,0.0,0.0,0.0,0.0,0.0,0.0,0.0,0.0,0.0,0.0,0.0,0.0,0.0,0.0,0.0,0.0,0.0,0.0,
0.0,0.059,-0.018,0.016,0.003,0.017,0.045,0.027,0.002,0.016,0.003,0.0,0.016,0.036,0.017,0.0,0.0,0.0,0.017,0.016,0.017,0.016,0.017,0.016,0.017,0.016,0.017,0.016,0.017,0.016,0.017,0.016,0.017,0.016,0.017,0.016,0.017,0.016,0.017,0.016,0.017,0.016,0.044,0.025,0.019,0.016,0.017,0.016,0.017,0.016,0.017,0.016,0.017,0.016,0.017,0.016,0.017,0.016,0.017,0.016,0.017,0.016,0.017,0.016,0.017,0.016,0.017,0.016,0.017,0.016,0.017,0.016,0.017,0.016,0.017,0.016,0.017,0.016,0.017,0.016,0.017,0.016,0.017,0.016,0.017,0.016,0.017,0.016,0.017,0.016,0.017,0.016,0.017,0.016,0.017,0.016,0.017,0.016,0.017,0.016,
0.0,-0.02,0.031,-0.003,0.043,0.047,0.047,0.047,0.047,0.047,0.047,0.074,0.095,0.064,0.049,0.047,0.074,0.095,0.064,0.049,0.047,0.047,0.074,0.095,0.064,0.049,0.047,0.047,0.074,0.095,0.064,0.049,0.047,0.047,0.047,0.047,0.074,0.095,0.064,0.049,0.074,0.095,0.064,0.049,0.074,0.095,0.064,0.049,0.047,0.047,0.074,0.095,0.064,0.049,0.074,0.095,0.064,0.049,0.074,0.095,0.064,0.049,0.047,0.047,0.074,0.095,0.064,0.049,0.074,0.095,0.064,0.049,0.074,0.095,0.064,0.049,0.047,0.047,0.074,0.095,0.064,0.049,0.074,0.095,0.064,0.049,0.074,0.095,0.064,0.049,0.047,0.047,0.074,0.095,0.064,0.049,0.074,0.095,0.064,0.049,
0.0,-0.009,-0.005,-0.002,-0.002,0.0,-0.002,0.0,-0.002,0.0,-0.002,0.0,-0.002,0.0,-0.002,0.0,-0.002,0.0,-0.002,0.0,-0.002,0.0,-0.002,0.0,-0.002,0.0,-0.002,0.0,0.011,0.0,0.003,0.0,-0.002,0.0,-0.002,0.0,-0.002,0.0,-0.002,0.0,-0.002,0.0,-0.002,0.0,-0.002,0.0,-0.002,0.009,0.013,0.0,-0.003,0.0,-0.002,0.008,0.006,0.0,-0.002,0.0,-0.002,0.0,-0.002,0.0,-0.002,0.0,0.008,0.0,-0.002,0.0,0.003,0.0,-0.002,0.0,-0.002,0.0,-0.002,0.0,-0.002,0.0,0.011,0.0,0.003,0.0,-0.002,0.0,-0.002,0.0,-0.002,0.0,-0.002,0.0,-0.002,0.0,0.011,0.014,0.006,-0.002,-0.002,0.0,-0.002,0.0,
0.0,0.0,0.0,0.0,0.0,0.002,0.016,0.0,0.0,0.0,0.0,0.0,0.023,0.0,0.022,0.0,0.019,0.0,0.0,0.0,0.0,0.0,0.0,0.0,0.0,0.0,0.0,0.0,0.019,0.0,0.019,0.0,0.0,0.0,0.023,0.0,0.0,0.0,0.0,0.0,0.019,0.0,0.0,0.0,0.0,0.0,0.0,0.0,0.0,0.0,0.0,0.0,0.0,0.0,0.016,0.0,0.0,0.0,0.02,0.0,0.012,0.002,0.0,0.0,0.0,0.0,0.0,0.0,0.017,0.0,0.0,0.0,0.0,0.0,0.0,0.0,0.0,0.0,0.0,0.0,0.023,0.0,0.0,0.0,0.019,0.0,0.0,0.0,0.019,0.0,0.0,0.0,0.019,0.0,0.012,0.002,0.019,0.0,0.02,0.0,
0.0,0.01,-0.003,-0.002,-0.002,0.0,-0.003,-0.002,-0.003,-0.002,-0.003,-0.002,-0.003,-0.002,-0.003,-0.002,-0.003,-0.002,-0.003,-0.002,-0.003,-0.002,-0.003,-0.002,-0.003,-0.002,-0.003,-0.002,-0.003,-0.002,-0.003,-0.002,-0.003,-0.002,-0.003,-0.002,-0.003,-0.002,-0.003,-0.002,-0.003,-0.002,-0.003,-0.002,-0.003,-0.002,-0.003,-0.002,-0.003,-0.002,-0.003,-0.002,-0.003,-0.002,-0.003,-0.002,-0.003,-0.002,-0.003,-0.002,-0.003,-0.002,-0.003,-0.002,-0.003,-0.002,-0.003,-0.002,-0.003,-0.002,-0.003,-0.002,-0.003,-0.002,-0.003,-0.002,-0.003,-0.002,-0.003,-0.002,-0.003,-0.002,-0.003,-0.002,-0.003,-0.002,-0.003,-0.002,-0.003,-0.002,-0.003,-0.002,-0.003,-0.002,-0.003,-0.002,-0.003,-0.002,-0.003,-0.002,
0.0,0.029,-0.007,-0.005,0.0,0.0,0.006,0.0,0.008,0.002,0.0,0.009,0.0,0.009,0.0,0.0,0.008,0.0,0.006,0.008,0.008,0.0,0.0,0.008,0.008,0.0,0.006,0.002,0.006,0.008,0.0,0.0,0.006,0.0,0.008,0.0,0.0,0.0,0.006,0.0,0.0,0.0,0.006,0.002,0.006,0.008,0.0,0.015,0.006,0.008,0.008,0.0,0.0,0.0,0.008,0.009,0.012,0.002,0.009,0.0,0.0,0.008,0.008,0.0,0.008,0.0,0.006,0.009,0.002,0.008,0.008,0.0,0.006,0.008,0.005,0.008,0.006,0.002,0.006,0.008,0.0,0.008,0.006,0.002,0.008,0.011,0.0,0.009,0.0,0.009,0.008,0.008,0.0,0.0,0.0,0.006,0.0,0.008,0.008,0.008,
0.0,0.022,-0.009,-0.002,0.0,0.0,0.0,-0.002,0.0,0.0,0.005,0.0,0.0,0.0,0.0,-0.002,0.0,0.0,0.0,-0.002,0.0,0.0,0.005,0.0,0.0,0.0,0.0,-0.002,0.0,0.0,0.005,0.0,0.0,0.0,0.0,-0.002,0.0,0.0,0.0,-0.002,0.0,0.0,0.005,0.0,0.0,0.0,0.005,0.0,0.0,0.0,0.0,-0.002,0.0,0.0,0.0,-0.002,0.0,0.0,0.005,0.0,0.0,0.0,0.0,-0.002,0.0,0.0,0.0,-0.002,0.0,0.0,0.0,-0.002,0.0,0.0,0.005,0.0,0.0,0.0,0.0,-0.002,0.0,0.0,0.0,-0.002,0.0,0.0,0.0,-0.002,0.0,0.0,0.0,-0.002,0.0,0.0,0.0,-0.002,0.0,0.0,0.0,-0.002,
0.0,0.021,-0.005,0.002,0.0,0.002,0.002,0.002,0.0,0.002,0.0,0.002,0.0,0.002,0.002,0.002,0.0,0.002,0.002,0.002,0.002,0.002,0.002,0.002,0.0,0.002,0.0,0.002,0.0,0.002,0.0,0.002,0.0,0.002,0.002,0.002,0.0,0.002,0.0,0.002,0.0,0.002,0.0,0.002,0.0,0.002,0.0,0.002,0.002,0.0,0.005,0.0,0.0,0.002,0.0,0.002,0.0,0.002,0.0,0.002,0.0,0.002,0.002,0.002,0.002,0.002,0.002,0.0,0.005,0.0,0.002,0.002,0.0,0.002,0.002,0.0,0.005,0.0,0.0,0.002,0.002,0.002,0.002,0.002,0.0,0.002,0.0,0.002,0.002,0.002,0.002,0.002,0.002,0.002,0.0,0.002,0.002,0.002,0.0,0.002,
0.0,0.018,-0.005,-0.002,0.002,0.0,0.0,0.0,0.0,0.0,0.0,0.0,0.0,0.0,0.0,0.0,0.0,0.0,0.0,0.0,0.0,0.0,0.0,0.0,0.0,0.0,0.0,0.0,0.0,0.0,0.0,0.0,0.0,0.0,0.0,0.0,0.0,0.0,0.0,0.0,0.0,0.0,0.0,0.0,0.0,0.0,0.0,0.0,0.0,0.0,0.0,0.0,0.0,0.0,0.0,0.0,0.0,0.0,0.0,0.0,0.0,0.0,0.0,0.0,0.0,0.0,0.0,0.0,0.0,0.0,0.0,0.0,0.0,0.0,0.0,0.0,0.0,0.0,0.0,0.0,0.0,0.0,0.0,0.0,0.0,0.0,0.0,0.0,0.0,0.0,0.0,0.0,0.0,0.0,0.0,0.0,0.0,0.0,0.0,0.0,
0.0,0.004,-0.003,0.0,0.002,0.0,0.0,0.0,0.0,0.0,0.0,0.0,0.0,0.0,0.0,0.0,0.0,0.0,0.0,0.0,0.0,0.0,0.0,0.0,0.0,0.0,0.0,0.0,0.0,0.0,0.0,0.0,0.0,0.0,0.0,0.0,0.0,0.0,0.0,0.0,0.0,0.0,0.0,0.0,0.0,0.0,0.0,0.0,0.0,0.0,0.0,0.0,0.0,0.0,0.0,0.0,0.0,0.0,0.0,0.0,0.0,0.0,0.0,0.0,0.0,0.0,0.0,0.0,0.0,0.0,0.0,0.0,0.0,0.0,0.0,0.0,0.0,0.0,0.0,0.0,0.0,0.0,0.0,0.0,0.0,0.0,0.0,0.0,0.0,0.0,0.0,0.0,0.0,0.0,0.0,0.0,0.0,0.0,0.0,0.0,
0.0,-0.001,0.0,0.0,0.0,0.0,0.0,0.0,0.0,0.0,0.0,0.0,0.0,0.0,0.0,0.0,0.0,0.0,0.0,0.0,0.0,0.0,0.0,0.0,0.0,0.0,0.0,0.0,0.0,0.0,0.0,0.0,0.0,0.0,0.0,0.0,0.0,0.0,0.0,0.0,0.0,0.0,0.0,0.0,0.0,0.0,0.0,0.0,0.0,0.0,0.0,0.0,0.0,0.0,0.0,0.0,0.0,0.0,0.0,0.0,0.0,0.0,0.0,0.0,0.0,0.0,0.0,0.0,0.0,0.0,0.0,0.0,0.0,0.0,0.0,0.0,0.0,0.0,0.0,0.0,0.0,0.0,0.0,0.0,0.0,0.0,0.0,0.0,0.0,0.0,0.0,0.0,0.0,0.0,0.0,0.0,0.0,0.0,0.0,0.0,
0.0,0.038,0.019,0.005,0.027,0.131,0.01,0.01,0.0,0.0,0.0,0.0,0.0,0.056,0.063,0.003,0.048,0.043,0.053,-0.003,0.003,0.048,0.059,0.061,0.061,0.061,0.061,0.061,0.061,0.061,0.061,0.061,0.061,0.061,0.061,0.061,0.061,0.061,0.061,0.061,0.061,0.061,0.061,0.061,0.061,0.061,0.061,0.061,0.061,0.061,0.061,0.061,0.061,0.061,0.061,0.061,0.061,0.061,0.061,0.061,0.061,0.061,0.061,0.061,0.061,0.061,0.061,0.061,0.061,0.061,0.061,0.061,0.061,0.061,0.061,0.061,0.061,0.061,0.061,0.061,0.061,0.061,0.061,0.061,0.061,0.061,0.061,0.061,0.061,0.061,0.061,0.061,0.061,0.061,0.061,0.061,0.061,0.061,0.061,0.063,
0.0,0.013,-0.005,0.005,0.0,-0.002,0.0,0.0,0.011,0.002,0.002,0.0,0.002,0.0,0.002,0.0,0.002,0.0,0.002,0.0,0.008,0.002,0.008,0.002,0.002,0.002,0.002,0.009,0.002,0.0,0.002,0.0,0.002,0.0,0.002,0.008,0.002,0.0,0.002,0.0,0.002,0.0,0.002,0.0,0.002,0.0,0.002,0.0,0.008,0.002,0.002,0.002,0.002,0.0,0.002,0.0,0.002,0.0,0.002,0.0,0.002,0.0,0.002,0.009,0.002,0.0,0.002,0.0,0.008,0.002,0.002,0.002,0.002,0.0,0.002,0.0,0.002,0.0,0.002,0.009,0.002,0.009,0.002,0.0,0.002,0.0,0.008,0.002,0.002,0.002,0.002,0.0,0.002,0.0,0.008,0.002,0.002,0.002,0.002,0.0,
0.0,0.058,0.003,-0.014,0.026,0.003,0.0,-0.002,0.062,0.013,0.061,0.011,0.136,-0.003,0.017,-0.006,0.04,-0.005,0.044,0.057,0.055,0.034,0.113,0.0,0.074,0.011,0.108,0.061,0.055,0.034,0.138,-0.003,0.039,0.015,0.032,-0.006,0.044,-0.01,0.034,0.0,0.054,0.058,0.092,0.0,0.086,0.005,0.055,-0.008,0.013,-0.005,0.04,-0.003,0.104,-0.005,0.037,0.0,0.032,0.024,0.121,-0.005,0.071,-0.011,0.092,-0.006,0.04,-0.008,0.097,-0.005,0.106,-0.003,0.101,-0.005,0.103,-0.005,0.012,0.023,0.057,-0.006,0.069,0.013,0.049,-0.013,0.099,-0.006,0.101,-0.006,0.094,-0.006,0.034,0.002,0.045,-0.006,0.084,-0.006,0.128,-0.003,0.05,-0.016,0.092,0.0,
0.0,0.017,0.044,0.036,0.011,0.024,0.011,0.003,0.022,-0.005,0.002,0.022,0.008,0.029,0.013,0.027,0.0,0.022,0.022,0.015,0.011,0.029,-0.01,0.02,-0.005,0.013,0.016,0.027,0.011,0.009,0.014,0.019,-0.002,0.045,-0.008,0.033,0.024,0.019,0.013,0.011,0.002,0.022,0.006,0.002,0.011,0.027,0.015,0.0,0.026,0.002,0.035,-0.003,0.013,0.009,0.014,0.011,0.009,0.016,0.0,0.022,-0.003,0.002,0.022,-0.005,0.0,0.022,0.019,0.003,0.011,0.013,0.015,0.0,0.026,-0.01,0.031,-0.005,0.016,0.0,0.042,-0.008,0.031,-0.005,0.016,0.0,0.043,-0.002,0.009,0.013,0.003,-0.003,0.038,0.016,0.0,0.035,0.0,-0.005,0.024,-0.01,0.033,0.01,
0.0,0.067,-0.002,0.003,0.0,0.0,0.028,0.0,0.003,-0.002,0.044,0.002,0.044,0.002,0.044,0.002,0.044,0.002,0.044,0.002,0.044,0.002,0.044,0.002,0.044,0.002,0.044,0.002,0.044,0.002,0.044,0.002,0.044,0.002,0.044,0.002,0.044,0.002,0.044,0.002,0.044,0.002,0.044,0.002,0.044,0.002,0.044,0.002,0.044,0.002,0.044,0.002,0.044,0.002,0.044,0.002,0.044,0.002,0.044,0.002,0.044,0.002,0.044,0.002,0.044,0.002,0.044,0.002,0.044,0.002,0.044,0.002,0.044,0.002,0.044,0.002,0.044,0.002,0.044,0.002,0.044,0.002,0.044,0.002,0.044,0.002,0.044,0.002,0.044,0.002,0.044,0.002,0.044,0.002,0.044,0.002,0.044,0.002,0.044,0.003,
0.0,0.015,-0.006,-0.002,0.0,0.0,0.0,0.0,0.0,0.0,0.0,0.0,0.0,0.0,0.0,0.0,0.0,0.0,0.0,0.0,0.0,0.0,0.0,0.0,0.0,0.0,0.0,0.0,0.0,0.0,0.0,0.0,0.0,0.0,0.0,0.0,0.0,0.0,0.0,0.0,0.0,0.0,0.0,0.0,0.0,0.0,0.0,0.0,0.0,0.0,0.0,0.0,0.0,0.0,0.0,0.0,0.0,0.0,0.0,0.0,0.0,0.0,0.0,0.0,0.0,0.0,0.0,0.0,0.0,0.0,0.0,0.0,0.0,0.0,0.0,0.0,0.0,0.0,0.0,0.0,0.0,0.0,0.0,0.0,0.0,0.0,0.0,0.0,0.0,0.0,0.0,0.0,0.0,0.0,0.0,0.0,0.0,0.0,0.0,0.0,
0.0,0.016,-0.003,0.0,0.0,0.0,0.0,0.0,0.014,0.0,0.0,0.0,0.0,0.0,0.0,0.0,0.0,0.0,0.0,0.0,0.0,0.0,0.0,0.0,0.0,0.0,0.0,0.0,0.0,0.0,0.0,0.0,0.0,0.0,0.0,0.0,0.0,0.0,0.0,0.0,0.0,0.0,0.0,0.0,0.0,0.0,0.0,0.0,0.0,0.0,0.0,0.0,0.0,0.0,0.0,0.0,0.0,0.0,0.0,0.0,0.0,0.0,0.0,0.0,0.0,0.0,0.0,0.0,0.017,0.002,0.0,0.0,0.0,0.0,0.0,0.0,0.0,0.0,0.0,0.0,0.0,0.0,0.0,0.0,0.0,0.0,0.0,0.0,0.0,0.0,0.0,0.0,0.0,0.0,0.0,0.0,0.0,0.0,0.0,0.0,
0.0,0.019,-0.005,-0.002,0.002,0.0,0.0,0.0,0.0,0.0,0.0,0.0,0.0,0.0,0.0,0.0,0.0,0.0,0.0,0.0,0.0,0.0,0.0,0.0,0.0,0.0,0.0,0.0,0.0,0.0,0.0,0.0,0.0,0.0,0.0,0.0,0.0,0.0,0.0,0.0,0.0,0.0,0.0,0.0,0.0,0.0,0.0,0.0,0.0,0.0,0.0,0.0,0.0,0.0,0.0,0.0,0.0,0.0,0.0,0.0,0.0,0.0,0.0,0.0,0.0,0.0,0.0,0.0,0.0,0.0,0.0,0.0,0.0,0.0,0.0,0.0,0.0,0.0,0.0,0.0,0.0,0.0,0.0,0.0,0.0,0.0,0.0,0.0,0.0,0.0,0.0,0.0,0.0,0.0,0.0,0.0,0.0,0.0,0.0,0.0,
0.0,0.053,-0.014,-0.002,0.0,0.027,0.0,0.048,0.0,0.024,0.0,0.011,0.002,0.048,0.0,0.048,0.0,0.0,0.022,0.029,-0.002,0.014,0.002,0.025,0.0,0.048,0.0,0.021,0.033,0.049,0.002,0.025,0.022,0.029,0.0,0.0,0.0,0.048,0.0,0.029,0.0,0.048,0.0,0.024,0.0,0.025,-0.002,0.019,0.033,0.021,0.0,0.021,0.036,0.019,0.023,0.03,0.0,0.032,0.0,0.019,0.0,0.025,0.0,0.048,0.0,0.01,0.008,0.048,0.0,0.0,-0.002,0.021,0.002,0.011,0.0,0.0,0.0,0.048,0.0,0.048,0.0,0.014,0.0,0.011,0.002,0.016,0.002,0.0,0.0,0.029,0.008,0.027,0.022,0.002,0.002,-0.002,0.0,0.025,0.022,0.044,
0.0,0.004,0.0,-0.002,-0.002,-0.002,-0.002,-0.002,-0.002,-0.002,-0.002,-0.002,-0.002,-0.002,-0.002,-0.002,-0.002,-0.002,-0.002,-0.002,-0.002,-0.002,-0.002,-0.002,-0.002,-0.002,-0.002,-0.002,-0.002,-0.002,-0.002,-0.002,-0.002,-0.002,-0.002,-0.002,-0.002,-0.002,-0.002,-0.002,-0.002,-0.002,-0.002,-0.002,-0.002,-0.002,-0.002,-0.002,-0.002,-0.002,-0.002,-0.002,-0.002,-0.002,-0.002,-0.002,-0.002,-0.002,-0.002,-0.002,-0.002,-0.002,-0.002,-0.002,-0.002,-0.002,-0.002,-0.002,-0.002,-0.002,-0.002,-0.002,-0.002,-0.002,-0.002,-0.002,-0.002,-0.002,-0.002,-0.002,-0.002,-0.002,-0.002,-0.002,-0.002,-0.002,-0.002,-0.002,-0.002,-0.002,-0.002,-0.002,-0.002,-0.002,-0.002,-0.002,-0.002,-0.002,-0.002,-0.002,
0.0,0.016,0.003,0.0,0.011,0.0,0.0,-0.002,0.0,-0.002,0.0,-0.002,0.0,-0.002,0.0,-0.002,0.0,-0.002,0.009,0.0,0.0,-0.002,0.009,0.0,0.0,-0.002,0.0,-0.002,0.0,-0.002,0.0,-0.002,0.0,0.009,0.012,0.0,0.0,-0.002,0.0,0.009,0.0,0.009,0.0,0.009,0.0,-0.002,0.0,-0.002,0.0,0.009,0.0,-0.002,0.0,-0.002,0.0,-0.002,0.0,-0.002,0.0,-0.002,0.0,-0.002,0.0,-0.002,0.0,-0.002,0.0,-0.002,0.0,-0.002,0.0,-0.002,0.0,-0.002,0.0,0.009,0.012,0.0,0.0,-0.002,0.0,-0.002,0.0,-0.002,0.0,-0.002,0.0,-0.002,0.0,0.009,0.0,-0.002,0.0,-0.002,0.0,-0.002,0.0,-0.002,0.0,0.009,
0.0,0.03,-0.002,0.002,0.0,0.002,-0.002,0.0,-0.002,0.0,-0.002,0.0,-0.002,0.0,-0.002,0.0,-0.002,0.0,-0.002,0.0,-0.002,0.0,-0.002,0.0,-0.002,0.0,-0.002,0.0,-0.002,0.0,-0.002,0.0,-0.002,0.0,-0.002,0.0,-0.002,0.0,-0.002,0.0,-0.002,0.0,-0.002,0.0,-0.002,0.0,-0.002,0.0,-0.002,0.0,-0.002,0.0,-0.002,0.0,-0.002,0.0,-0.002,0.0,-0.002,0.0,-0.002,0.0,-0.002,0.0,-0.002,0.0,-0.002,0.0,-0.002,0.0,-0.002,0.0,-0.002,0.0,-0.002,0.0,-0.002,0.0,-0.002,0.0,-0.002,0.0,-0.002,0.0,-0.002,0.0,-0.002,0.0,-0.002,0.0,-0.002,0.0,-0.002,0.0,-0.002,0.0,-0.002,0.0,-0.002,0.006,
0.0,0.011,-0.003,0.0,-0.002,0.0,0.0,0.0,0.0,0.0,0.0,0.0,0.0,0.0,0.0,0.0,0.0,0.0,0.0,0.0,0.0,0.0,0.0,0.0,0.0,0.0,0.0,0.0,0.0,0.0,0.0,0.0,0.0,0.0,0.0,0.0,0.0,0.0,0.0,0.0,0.0,0.0,0.0,0.0,0.0,0.0,0.0,0.0,0.0,0.0,0.0,0.0,0.0,0.0,0.0,0.0,0.0,0.0,0.0,0.0,0.0,0.0,0.0,0.0,0.0,0.0,0.0,0.0,0.0,0.0,0.0,0.0,0.0,0.0,0.0,0.0,0.0,0.0,0.0,0.0,0.0,0.0,0.0,0.0,0.0,0.0,0.0,0.0,0.0,0.0,0.0,0.0,0.0,0.0,0.0,0.0,0.0,0.0,0.0,0.0,
0.0,0.01,-0.002,-0.002,0.0,-0.002,0.0,-0.002,0.0,-0.002,0.0,-0.002,0.0,-0.002,0.021,0.002,-0.002,0.0,-0.002,0.0,-0.002,0.0,-0.002,0.0,-0.002,0.0,-0.002,0.0,-0.002,0.0,-0.002,0.0,-0.002,0.0,-0.002,0.0,-0.002,0.0,-0.002,0.0,-0.002,0.0,-0.002,0.0,-0.002,0.0,-0.002,0.0,-0.002,0.0,-0.002,0.024,0.002,-0.002,0.024,0.002,0.0,0.024,0.002,-0.002,0.024,0.002,0.0,0.024,0.002,-0.002,0.024,0.002,0.0,0.024,0.002,-0.002,0.024,0.002,0.0,0.0,-0.002,0.0,-0.002,0.024,0.002,-0.002,0.0,-0.002,0.021,0.002,-0.002,0.0,-0.002,0.0,-0.002,0.0,-0.002,0.0,-0.002,0.0,-0.002,0.024,0.002,-0.002,
0.0,0.006,-0.002,0.002,0.0,0.002,0.0,0.002,0.0,0.002,0.0,0.002,0.0,0.002,0.0,0.002,0.0,0.002,0.0,0.002,0.0,0.002,0.0,0.002,0.0,0.002,0.0,0.002,0.0,0.002,0.0,0.002,0.0,0.002,0.0,0.002,0.0,0.002,0.0,0.002,0.0,0.002,0.0,0.002,0.0,0.002,0.0,0.002,0.0,0.002,0.0,0.002,0.0,0.002,0.0,0.002,0.0,0.002,0.0,0.002,0.0,0.002,0.0,0.002,0.0,0.002,0.0,0.002,0.0,0.002,0.0,0.002,0.0,0.002,0.0,0.002,0.0,0.002,0.0,0.002,0.0,0.002,0.0,0.002,0.0,0.002,0.0,0.002,0.0,0.002,0.0,0.002,0.0,0.002,0.0,0.002,0.0,0.002,0.0,0.002,
0.0,0.045,0.006,0.002,0.0,0.0,0.0,0.0,0.0,0.0,0.0,0.0,0.0,0.029,0.043,0.056,0.058,0.058,0.058,0.058,0.058,0.058,0.058,0.058,0.058,0.058,0.058,0.058,0.058,0.058,0.058,0.058,0.058,0.058,0.058,0.058,0.058,0.058,0.058,0.058,0.058,0.058,0.058,0.058,0.058,0.058,0.058,0.058,0.058,0.058,0.058,0.058,0.058,0.058,0.058,0.058,0.058,0.058,0.058,0.058,0.058,0.058,0.058,0.058,0.058,0.058,0.058,0.058,0.058,0.058,0.058,0.058,0.058,0.058,0.058,0.058,0.058,0.058,0.058,0.058,0.058,0.058,0.058,0.058,0.058,0.058,0.058,0.058,0.058,0.058,0.058,0.058,0.058,0.058,0.058,0.058,0.058,0.058,0.058,0.058,
0.0,0.0,0.034,0.05,0.064,0.063,0.067,0.063,0.067,0.063,0.067,0.063,0.067,0.063,0.067,0.063,0.067,0.063,0.067,0.063,0.067,0.063,0.067,0.063,0.067,0.063,0.067,0.063,0.067,0.063,0.067,0.063,0.067,0.063,0.067,0.063,0.067,0.063,0.067,0.063,0.067,0.063,0.067,0.063,0.067,0.063,0.067,0.063,0.067,0.063,0.067,0.063,0.067,0.063,0.067,0.063,0.067,0.063,0.067,0.063,0.067,0.063,0.067,0.063,0.067,0.063,0.067,0.063,0.067,0.063,0.067,0.063,0.067,0.063,0.067,0.063,0.067,0.063,0.067,0.063,0.067,0.063,0.067,0.063,0.067,0.063,0.067,0.063,0.067,0.063,0.067,0.063,0.067,0.063,0.067,0.063,0.067,0.063,0.067,0.063,
0.0,0.012,-0.006,-0.002,0.0,0.0,0.0,0.037,0.044,0.044,0.044,0.047,0.048,0.05,0.048,0.05,0.048,0.05,0.048,0.05,0.048,0.05,0.048,0.05,0.048,0.05,0.048,0.05,0.048,0.05,0.048,0.05,0.048,0.05,0.048,0.05,0.048,0.05,0.048,0.05,0.048,0.05,0.048,0.05,0.048,0.05,0.048,0.05,0.048,0.05,0.048,0.05,0.048,0.05,0.048,0.05,0.048,0.05,0.048,0.05,0.048,0.05,0.048,0.05,0.048,0.05,0.048,0.05,0.048,0.05,0.048,0.05,0.048,0.05,0.048,0.05,0.048,0.05,0.048,0.05,0.048,0.05,0.048,0.05,0.048,0.05,0.048,0.05,0.048,0.05,0.048,0.05,0.048,0.05,0.048,0.05,0.048,0.05,0.048,0.05,
0.0,0.028,-0.009,-0.002,0.0,0.005,0.002,0.0,0.0,0.0,0.006,0.002,0.006,0.002,0.0,0.006,0.008,0.0,0.0,0.005,0.0,0.0,0.0,0.006,0.0,0.005,0.002,0.0,0.006,0.0,0.006,0.002,0.006,0.002,0.008,0.002,0.005,0.002,0.006,0.002,0.006,0.002,0.0,0.0,0.0,0.0,0.0,0.0,0.0,0.006,0.0,0.0,0.0,0.0,0.006,0.0,0.006,0.002,0.0,0.006,0.0,0.006,0.0,0.0,0.006,0.0,0.006,0.002,0.0,0.006,0.0,0.0,0.006,0.0,0.0,0.006,0.0,0.006,0.0,0.0,0.005,0.002,0.006,0.0,0.0,0.0,0.0,0.005,0.0,0.0,0.006,0.0,0.0,0.0,0.005,0.0,0.0,0.0,0.0,0.005,
0.0,0.027,-0.003,0.005,0.014,0.003,-0.005,0.005,-0.003,0.028,-0.005,0.024,-0.008,0.009,-0.003,0.003,-0.002,0.005,-0.003,0.005,-0.003,0.003,-0.002,0.005,-0.003,0.005,-0.003,0.003,-0.002,0.005,-0.003,0.005,-0.003,0.003,-0.002,0.005,-0.003,0.005,-0.003,0.003,-0.002,0.005,-0.003,0.005,-0.003,0.003,-0.002,0.005,-0.003,0.005,-0.003,0.003,-0.002,0.005,-0.003,0.005,-0.003,0.003,-0.002,0.005,-0.003,0.005,-0.003,0.003,-0.002,0.005,-0.003,0.005,-0.003,0.003,-0.002,0.005,-0.003,0.005,-0.003,0.003,-0.002,0.005,-0.003,0.005,-0.003,0.003,-0.002,0.005,-0.003,0.005,-0.003,0.003,-0.002,0.005,-0.003,0.005,-0.003,0.003,-0.002,0.005,-0.003,0.005,-0.003,0.008,
0.0,0.002,0.0,0.0,0.0,0.0,0.0,0.0,0.0,0.0,0.019,0.002,0.0,0.0,0.0,0.0,0.0,0.0,0.0,0.0,0.0,0.019,0.002,0.0,0.019,0.002,0.0,0.0,0.0,0.0,0.0,0.0,0.0,0.0,0.0,0.0,0.0,0.0,0.0,0.0,0.0,0.0,0.018,0.002,0.0,0.0,0.0,0.0,0.0,0.019,0.002,0.0,0.0,0.0,0.0,0.0,0.0,0.0,0.0,0.0,0.0,0.019,0.002,0.0,0.0,0.0,0.0,0.019,0.002,0.019,0.002,0.0,0.019,0.002,0.0,0.0,0.0,0.0,0.0,0.0,0.019,0.002,0.0,0.0,0.0,0.0,0.0,0.0,0.0,0.0,0.0,0.0,0.0,0.0,0.0,0.0,0.0,0.0,0.0,0.0,
0.0,0.048,-0.005,0.014,0.003,0.04,0.05,0.05,0.051,0.051,0.051,0.051,0.051,0.051,0.051,0.051,0.051,0.051,0.051,0.051,0.051,0.051,0.051,0.051,0.051,0.051,0.051,0.051,0.051,0.051,0.051,0.051,0.051,0.051,0.051,0.051,0.051,0.051,0.051,0.051,0.051,0.051,0.051,0.051,0.051,0.051,0.051,0.051,0.051,0.051,0.051,0.051,0.051,0.051,0.051,0.051,0.051,0.051,0.051,0.051,0.051,0.051,0.051,0.051,0.051,0.051,0.051,0.051,0.051,0.051,0.051,0.051,0.051,0.051,0.051,0.051,0.051,0.051,0.051,0.051,0.051,0.051,0.051,0.051,0.051,0.051,0.051,0.051,0.051,0.051,0.051,0.051,0.051,0.051,0.051,0.051,0.051,0.051,0.051,0.051,
0.0,-0.087,0.009,-0.027,0.008,0.083,0.005,0.066,0.021,0.09,0.05,0.06,0.056,0.068,0.069,0.069,0.069,0.069,0.069,0.069,0.069,0.069,0.069,0.069,0.069,0.069,0.069,0.069,0.069,0.069,0.069,0.069,0.069,0.069,0.069,0.069,0.069,0.069,0.069,0.069,0.069,0.069,0.069,0.069,0.069,0.069,0.069,0.069,0.069,0.069,0.069,0.069,0.069,0.069,0.069,0.069,0.069,0.069,0.069,0.069,0.069,0.069,0.069,0.069,0.069,0.069,0.069,0.069,0.069,0.069,0.069,0.069,0.069,0.069,0.069,0.069,0.069,0.069,0.069,0.069,0.069,0.069,0.069,0.069,0.069,0.069,0.069,0.069,0.069,0.069,0.069,0.069,0.069,0.069,0.069,0.069,0.069,0.069,0.069,0.071,
0.0,0.011,0.0,0.002,0.0,0.002,0.002,-0.002,0.0,0.0,0.0,0.0,0.0,0.0,0.0,0.0,0.0,0.0,0.0,0.003,0.002,0.0,0.0,0.0,0.0,0.0,0.0,0.0,0.0,0.0,0.002,0.002,0.003,0.0,0.0,0.0,0.002,0.002,-0.002,0.0,0.0,0.0,0.0,0.0,0.0,0.0,0.0,0.0,0.0,0.0,0.0,0.0,0.0,0.0,0.0,0.0,0.0,0.0,0.0,0.003,0.002,0.0,0.0,0.0,0.0,0.0,0.0,0.0,0.0,0.0,0.002,0.002,-0.002,0.0,0.0,0.0,0.0,0.0,0.0,0.0,0.0,0.0,0.0,0.0,0.0,0.0,0.0,0.0,0.003,0.002,0.0,0.0,0.0,0.0,0.0,0.0,0.0,0.0,0.0,0.002,
0.0,-0.027,-0.009,0.023,-0.011,0.034,0.005,0.01,0.031,0.049,-0.013,0.024,0.007,0.0,-0.002,0.0,0.011,0.01,0.007,0.024,-0.003,0.0,0.008,0.0,-0.002,0.007,0.024,0.005,0.033,-0.002,0.026,0.008,-0.01,0.036,-0.014,0.036,-0.002,-0.002,0.0,0.011,0.024,-0.002,0.0,0.0,0.008,0.024,-0.002,0.008,0.024,-0.002,0.011,0.024,-0.002,0.0,0.0,0.0,0.008,0.0,0.005,0.023,-0.003,0.0,0.0,0.008,0.024,-0.002,0.011,0.0,-0.002,0.0,0.008,0.024,0.005,0.01,0.007,0.024,-0.003,0.0,0.0,0.011,0.024,-0.002,0.0,0.011,0.024,-0.002,0.0,0.0,0.008,0.01,0.011,-0.002,0.055,-0.011,0.024,-0.002,0.008,0.024,-0.002,0.011,
0.0,0.0,-0.005,-0.002,0.0,0.0,0.0,0.0,0.0,0.0,0.0,0.0,0.0,0.0,0.0,0.0,0.0,0.0,0.0,0.0,0.0,0.0,0.0,0.0,0.0,0.0,0.0,0.0,0.0,0.0,0.0,0.0,0.0,0.0,0.0,0.0,0.0,0.0,0.0,0.0,0.0,0.0,0.0,0.0,0.0,0.0,0.0,0.0,0.0,0.0,0.0,0.0,0.0,0.0,0.0,0.0,0.0,0.0,0.0,0.0,0.0,0.0,0.0,0.0,0.0,0.0,0.0,0.0,0.0,0.0,0.0,0.0,0.0,0.0,0.0,0.0,0.0,0.0,0.0,0.0,0.0,0.0,0.0,0.0,0.0,0.0,0.0,0.0,0.0,0.0,0.0,0.0,0.0,0.0,0.0,0.0,0.0,0.0,0.0,0.0,
0.0,0.004,0.0,0.0,0.0,0.0,0.0,0.0,0.0,0.0,0.0,0.0,0.0,0.0,0.0,0.0,0.0,0.0,0.0,0.0,0.0,0.0,0.0,0.0,0.0,0.0,0.0,0.0,0.0,0.0,0.0,0.0,0.0,0.0,0.0,0.0,0.0,0.0,0.0,0.0,0.0,0.0,0.0,0.0,0.0,0.0,0.0,0.0,0.0,0.0,0.0,0.0,0.0,0.0,0.0,0.0,0.0,0.0,0.0,0.0,0.0,0.0,0.0,0.0,0.0,0.0,0.0,0.0,0.0,0.0,0.0,0.0,0.0,0.0,0.0,0.0,0.0,0.0,0.0,0.0,0.0,0.0,0.0,0.0,0.0,0.0,0.0,0.0,0.0,0.0,0.0,0.0,0.0,0.0,0.0,0.0,0.0,0.0,0.0,0.0,
0.0,0.046,-0.003,-0.005,0.011,0.003,0.0,0.0,0.0,0.0,0.0,0.0,0.0,0.0,0.0,0.0,0.0,0.0,0.0,0.0,0.0,0.0,0.0,0.0,0.009,0.009,0.002,0.0,0.0,0.0,0.0,0.0,0.0,0.0,0.0,0.006,0.002,0.0,0.0,0.0,0.0,0.0,0.0,0.009,0.002,0.009,0.002,0.0,0.0,0.0,0.0,0.0,0.0,0.0,0.0,0.0,0.0,0.0,0.0,0.0,0.0,0.0,0.0,0.008,0.002,0.0,0.0,0.0,0.0,0.0,0.0,0.0,0.0,0.0,0.0,0.0,0.0,0.0,0.0,0.0,0.0,0.0,0.0,0.0,0.0,0.0,0.0,0.0,0.0,0.0,0.0,0.0,0.0,0.0,0.0,0.009,0.002,0.0,0.0,0.002,
0.0,0.085,0.003,0.127,0.146,-0.005,0.091,0.059,0.04,0.069,0.134,0.153,0.094,0.089,0.089,0.089,0.089,0.114,0.144,0.148,0.149,0.149,0.149,0.149,0.149,0.149,0.149,0.149,0.149,0.149,0.149,0.149,0.149,0.149,0.149,0.149,0.149,0.149,0.149,0.149,0.149,0.149,0.149,0.149,0.149,0.149,0.149,0.149,0.149,0.149,0.149,0.149,0.149,0.149,0.149,0.149,0.149,0.149,0.149,0.149,0.149,0.149,0.149,0.149,0.149,0.149,0.149,0.149,0.149,0.149,0.149,0.149,0.149,0.149,0.149,0.149,0.149,0.149,0.149,0.149,0.149,0.149,0.149,0.149,0.149,0.149,0.149,0.149,0.149,0.149,0.149,0.149,0.149,0.149,0.149,0.149,0.149,0.149,0.149,0.149,
0.0,-0.024,0.019,0.067,0.093,0.071,0.07,0.07,0.07,0.07,0.07,0.094,0.07,0.138,0.071,0.07,0.07,0.07,0.07,0.07,0.07,0.07,0.07,0.07,0.07,0.07,0.07,0.07,0.07,0.07,0.07,0.07,0.07,0.07,0.07,0.07,0.07,0.07,0.07,0.07,0.07,0.07,0.07,0.07,0.07,0.094,0.07,0.068,0.058,0.088,0.057,0.156,0.078,0.159,0.078,0.131,0.071,0.058,0.065,0.058,0.065,0.058,0.065,0.058,0.065,0.058,0.065,0.058,0.065,0.058,0.065,0.058,0.065,0.058,0.065,0.058,0.065,0.058,0.065,0.058,0.065,0.058,0.065,0.058,0.065,0.058,0.065,0.058,0.065,0.078,0.068,0.075,0.058,0.065,0.058,0.065,0.058,0.065,0.058,0.075,
0.0,0.003,-0.002,0.0,0.0,0.0,0.0,0.0,0.0,0.0,0.0,0.0,0.0,0.0,0.0,0.0,0.0,0.0,0.0,0.0,0.0,0.0,0.0,0.0,0.0,0.0,0.0,0.0,0.0,0.0,0.0,0.0,0.0,0.0,0.0,0.0,0.0,0.0,0.0,0.0,0.0,0.0,0.0,0.0,0.0,0.0,0.0,0.0,0.0,0.0,0.0,0.0,0.0,0.0,0.0,0.0,0.0,0.0,0.0,0.0,0.0,0.0,0.0,0.0,0.0,0.0,0.0,0.0,0.0,0.0,0.0,0.0,0.0,0.0,0.0,0.0,0.0,0.0,0.0,0.0,0.0,0.0,0.0,0.0,0.0,0.0,0.0,0.0,0.0,0.0,0.0,0.0,0.0,0.0,0.0,0.0,0.0,0.0,0.0,0.0,
0.0,0.009,-0.005,0.002,0.0,0.0,0.0,0.0,0.0,0.0,0.0,0.0,0.0,0.0,0.0,0.0,0.0,0.0,0.0,0.0,0.0,0.0,0.0,0.0,0.0,0.0,0.0,0.0,0.0,0.0,0.0,0.0,0.0,0.0,0.0,0.0,0.0,0.0,0.0,0.0,0.0,0.0,0.0,0.0,0.0,0.0,0.0,0.0,0.0,0.0,0.0,0.0,0.0,0.0,0.0,0.0,0.0,0.0,0.0,0.0,0.0,0.0,0.0,0.0,0.0,0.0,0.0,0.0,0.0,0.0,0.0,0.0,0.0,0.0,0.0,0.0,0.0,0.0,0.0,0.0,0.0,0.0,0.0,0.0,0.0,0.0,0.0,0.0,0.0,0.0,0.0,0.0,0.0,0.0,0.0,0.0,0.0,0.0,0.0,0.0,
0.0,0.038,-0.012,0.028,0.016,0.014,0.0,0.0,0.0,0.036,0.009,0.016,0.0,0.0,0.0,0.0,0.0,0.0,0.031,0.002,0.025,0.002,0.023,0.034,0.005,0.017,0.0,0.0,0.0,0.0,0.0,0.0,0.0,0.0,0.0,0.0,0.0,0.0,0.0,0.0,0.0,0.0,0.0,0.0,0.0,0.0,0.0,0.0,0.0,0.0,0.0,0.0,0.0,0.0,0.0,0.0,0.0,0.0,0.0,0.0,0.0,0.0,0.0,0.0,0.0,0.0,0.0,0.0,0.0,0.0,0.0,0.0,0.0,0.0,0.0,0.0,0.0,0.0,0.0,0.0,0.0,0.0,0.0,0.0,0.0,0.0,0.0,0.0,0.0,0.0,0.0,0.0,0.0,0.0,0.0,0.0,0.0,0.0,0.0,0.0,
0.0,0.035,-0.002,0.009,-0.002,0.011,0.0,-0.002,0.002,0.0,-0.002,-0.002,0.0,0.002,0.0,0.015,0.0,0.0,0.002,0.0,-0.002,-0.002,0.026,0.005,-0.002,0.0,0.002,0.005,0.012,0.0,-0.002,0.0,0.002,0.0,0.031,0.002,0.002,0.0,-0.002,-0.002,0.0,0.002,0.0,0.026,0.0,0.0,0.002,0.025,0.003,0.0,0.0,-0.002,0.0,0.002,0.003,0.014,0.014,0.0,0.0,0.002,0.0,-0.002,-0.002,0.0,0.002,0.025,0.003,0.0,0.0,-0.002,0.0,0.002,0.025,0.003,0.0,0.0,-0.002,0.0,0.002,0.025,0.003,0.0,0.0,-0.002,0.0,0.002,0.0,-0.002,-0.002,0.0,0.002,0.0,-0.002,-0.002,0.0,0.002,0.0,-0.002,-0.002,0.0,
0.0,0.013,-0.005,0.0,0.0,0.0,0.0,0.0,0.0,0.0,0.0,0.0,0.0,0.0,0.0,0.0,0.0,0.0,0.0,0.0,0.0,0.0,0.0,0.0,0.0,0.0,0.0,0.0,0.0,0.0,0.0,0.0,0.0,0.0,0.0,0.0,0.0,0.0,0.0,0.0,0.0,0.0,0.0,0.0,0.0,0.0,0.0,0.0,0.0,0.0,0.0,0.0,0.0,0.0,0.0,0.0,0.0,0.0,0.0,0.0,0.0,0.0,0.0,0.0,0.0,0.0,0.0,0.0,0.0,0.0,0.0,0.0,0.0,0.0,0.0,0.0,0.0,0.0,0.0,0.0,0.0,0.0,0.0,0.0,0.0,0.0,0.0,0.0,0.0,0.0,0.0,0.0,0.0,0.0,0.0,0.0,0.0,0.0,0.0,0.0,
0.0,-0.003,-0.002,-0.002,0.0,0.0,0.0,0.0,0.0,0.0,0.0,0.0,0.0,0.0,0.0,0.0,0.0,0.0,0.0,0.0,0.0,0.0,0.0,0.0,0.0,0.0,0.0,0.0,0.0,0.0,0.0,0.0,0.0,0.0,0.0,0.0,0.0,0.0,0.0,0.0,0.0,0.0,0.0,0.0,0.0,0.0,0.0,0.0,0.0,0.0,0.0,0.0,0.0,0.0,0.0,0.0,0.0,0.0,0.0,0.0,0.0,0.0,0.0,0.0,0.0,0.0,0.0,0.0,0.0,0.0,0.0,0.0,0.0,0.0,0.0,0.0,0.0,0.0,0.0,0.0,0.0,0.0,0.0,0.0,0.0,0.0,0.0,0.0,0.0,0.0,0.0,0.0,0.0,0.0,0.0,0.0,0.0,0.0,0.0,0.0,
0.0,0.01,0.003,0.016,0.016,0.002,0.0,0.016,0.0,0.0,0.016,0.014,0.002,0.0,0.014,0.002,0.016,0.0,0.0,0.0,0.016,0.0,0.0,0.0,0.016,0.0,0.0,0.0,0.016,0.0,0.0,0.0,0.016,0.0,0.0,0.0,0.016,0.0,0.0,0.0,0.014,0.019,0.016,0.002,0.0,0.0,0.0,0.0,0.014,0.002,0.016,0.0,0.0,0.0,0.0,0.0,0.0,0.0,0.0,0.0,0.014,0.002,0.017,0.0,0.014,0.002,0.0,0.0,0.0,0.016,0.014,0.002,0.0,0.0,0.0,0.0,0.0,0.0,0.0,0.0,0.0,0.0,0.0,0.0,0.0,0.0,0.0,0.0,0.014,0.002,0.0,0.0,0.0,0.0,0.016,0.0,0.0,0.0,0.0,0.014,
0.0,0.009,0.003,0.017,0.002,0.015,0.002,0.032,0.02,0.031,0.003,0.0,0.009,0.0,0.02,0.005,0.002,0.032,0.006,0.002,0.0,0.0,0.0,0.0,0.0,0.032,0.006,0.002,0.0,0.026,0.003,0.002,0.0,0.0,0.0,0.0,0.0,0.0,0.0,0.032,0.02,0.012,0.002,0.0,0.0,0.0,0.0,0.032,0.006,0.002,0.0,0.0,0.0,0.032,0.006,0.002,0.0,0.0,0.0,0.032,0.006,0.002,0.0,0.015,0.003,0.0,0.0,0.018,0.002,0.015,0.002,0.026,0.003,0.002,0.0,0.0,0.0,0.0,0.0,0.0,0.0,0.0,0.0,0.0,0.0,0.0,0.0,0.0,0.0,0.032,0.02,0.005,0.002,0.0,0.0,0.0,0.0,0.0,0.0,0.0,
0.0,0.017,0.0,0.024,-0.003,0.0,0.0,0.06,0.011,0.0,0.014,0.052,-0.002,0.017,0.033,0.021,0.033,0.021,0.033,0.021,0.033,0.021,0.033,0.021,0.033,0.021,0.033,0.021,0.033,0.021,0.033,0.021,0.033,0.021,0.033,0.021,0.033,0.021,0.033,0.021,0.033,0.021,0.033,0.021,0.033,0.021,0.033,0.021,0.033,0.021,0.033,0.021,0.033,0.021,0.033,0.021,0.033,0.021,0.033,0.021,0.033,0.021,0.033,0.021,0.033,0.021,0.033,0.021,0.033,0.021,0.033,0.021,0.033,0.021,0.033,0.021,0.033,0.021,0.033,0.021,0.033,0.021,0.033,0.021,0.033,0.021,0.033,0.021,0.033,0.021,0.033,0.021,0.033,0.021,0.033,0.021,0.033,0.021,0.033,0.024,
0.0,-0.013,-0.003,-0.003,0.019,0.002,0.0,-0.002,0.0,0.0,0.002,-0.002,0.041,0.002,0.035,0.002,0.0,0.0,0.0,0.0,0.0,0.0,0.0,0.0,0.0,0.0,0.0,0.0,0.0,0.0,0.0,0.0,0.0,0.0,0.0,0.0,0.0,0.0,0.0,0.0,0.0,0.0,0.0,0.0,0.0,0.0,0.0,0.0,0.0,0.0,0.0,0.0,0.0,0.0,0.0,0.0,0.0,0.0,0.0,0.0,0.0,0.0,0.0,0.0,0.0,0.0,0.0,0.0,0.0,0.0,0.0,0.0,0.0,0.0,0.0,0.0,0.0,0.0,0.0,0.0,0.0,0.0,0.0,0.0,0.0,0.0,0.0,0.0,0.0,0.0,0.0,0.0,0.0,0.0,0.0,0.0,0.0,0.0,0.0,0.0,
0.0,0.006,-0.002,-0.002,0.0,0.0,0.0,0.0,0.0,0.0,0.0,0.0,0.0,0.0,0.0,0.0,0.0,0.0,0.0,0.0,0.0,0.0,0.0,0.0,0.0,0.0,0.0,0.0,0.0,0.0,0.0,0.0,0.0,0.0,0.0,0.0,0.0,0.0,0.0,0.0,0.0,0.0,0.0,0.0,0.0,0.0,0.0,0.0,0.0,0.0,0.0,0.0,0.0,0.0,0.0,0.0,0.0,0.0,0.0,0.0,0.0,0.0,0.0,0.0,0.0,0.0,0.0,0.0,0.0,0.0,0.0,0.0,0.0,0.0,0.0,0.0,0.0,0.0,0.0,0.0,0.0,0.0,0.0,0.0,0.0,0.0,0.0,0.0,0.0,0.0,0.0,0.0,0.0,0.0,0.0,0.0,0.0,0.0,0.0,0.0,
0.0,0.0,0.002,0.0,0.0,0.0,0.0,0.0,0.0,0.0,0.0,0.0,0.0,0.0,0.0,0.0,0.0,0.0,0.0,0.0,0.0,0.0,0.0,0.0,0.0,0.0,0.0,0.0,0.0,0.0,0.0,0.0,0.0,0.0,0.0,0.0,0.0,0.0,0.0,0.0,0.0,0.0,0.0,0.0,0.0,0.0,0.0,0.0,0.0,0.0,0.0,0.0,0.0,0.0,0.0,0.0,0.0,0.0,0.0,0.0,0.0,0.0,0.0,0.0,0.0,0.0,0.0,0.0,0.0,0.0,0.0,0.0,0.0,0.0,0.0,0.0,0.0,0.0,0.0,0.0,0.0,0.0,0.0,0.0,0.0,0.0,0.0,0.0,0.0,0.0,0.0,0.0,0.0,0.0,0.0,0.0,0.0,0.0,0.0,0.0,
0.0,0.001,0.0,0.03,0.022,-0.002,0.029,0.022,-0.002,0.024,0.042,0.058,0.061,0.061,0.061,0.061,0.061,0.061,0.061,0.061,0.061,0.061,0.061,0.061,0.061,0.061,0.061,0.061,0.061,0.061,0.061,0.061,0.061,0.061,0.061,0.061,0.061,0.061,0.061,0.061,0.061,0.061,0.061,0.061,0.061,0.061,0.061,0.061,0.061,0.061,0.061,0.061,0.061,0.061,0.061,0.061,0.061,0.061,0.061,0.061,0.061,0.061,0.061,0.061,0.061,0.061,0.061,0.061,0.061,0.061,0.061,0.061,0.061,0.061,0.061,0.061,0.061,0.061,0.061,0.061,0.061,0.061,0.061,0.061,0.061,0.061,0.061,0.061,0.061,0.061,0.061,0.061,0.061,0.061,0.061,0.061,0.061,0.061,0.061,0.061,
0.0,0.015,0.0,0.0,0.002,0.0,0.0,-0.002,0.0,-0.002,0.0,-0.002,0.0,-0.002,0.0,-0.002,0.0,-0.002,0.0,-0.002,0.0,-0.002,0.0,-0.002,0.0,-0.002,0.0,-0.002,0.0,-0.002,0.0,-0.002,0.0,-0.002,0.0,-0.002,0.0,-0.002,0.0,-0.002,0.0,-0.002,0.0,-0.002,0.0,-0.002,0.0,-0.002,0.0,-0.002,0.0,-0.002,0.0,-0.002,0.0,-0.002,0.0,-0.002,0.0,-0.002,0.0,-0.002,0.0,-0.002,0.0,-0.002,0.0,-0.002,0.0,-0.002,0.0,-0.002,0.0,-0.002,0.0,-0.002,0.0,-0.002,0.0,-0.002,0.0,-0.002,0.0,-0.002,0.0,-0.002,0.0,-0.002,0.0,-0.002,0.0,-0.002,0.0,-0.002,0.0,-0.002,0.0,-0.002,0.0,-0.002,
0.0,0.191,0.002,0.056,0.041,-0.005,0.131,-0.007,0.008,0.057,0.033,-0.008,0.051,0.046,-0.007,0.046,0.046,0.107,-0.003,0.113,0.028,0.02,0.054,0.115,-0.002,0.054,0.077,0.104,-0.005,0.049,0.0,0.102,-0.013,0.049,0.075,-0.015,0.059,0.118,0.09,0.117,-0.003,0.077,0.106,0.111,0.082,0.104,0.093,0.095,0.104,0.093,-0.008,0.057,0.08,0.082,0.093,0.043,0.0,0.052,0.034,0.115,0.069,0.049,0.081,0.007,0.046,0.061,0.042,0.098,0.099,0.003,0.007,0.056,0.0,0.077,0.056,0.086,0.077,0.122,0.049,-0.003,0.043,0.044,-0.003,0.041,0.113,0.151,0.145,0.16,0.154,0.155,0.153,0.161,0.15,0.165,0.149,0.158,0.153,0.161,0.148,0.185,
0.0,0.042,-0.006,-0.002,0.0,0.0,0.0,0.0,0.0,0.006,0.0,0.0,0.0,0.0,0.0,0.0,0.0,0.0,0.0,0.0,0.0,0.0,0.0,0.0,0.0,0.0,0.0,0.0,0.0,0.0,0.0,0.0,0.0,0.0,0.0,0.0,0.0,0.0,0.0,0.0,0.0,0.0,0.0,0.0,0.0,0.0,0.0,0.0,0.0,0.0,0.0,0.0,0.0,0.0,0.0,0.0,0.0,0.0,0.0,0.0,0.0,0.0,0.0,0.0,0.0,0.0,0.0,0.0,0.0,0.0,0.0,0.0,0.0,0.0,0.0,0.0,0.0,0.0,0.0,0.0,0.0,0.0,0.0,0.0,0.0,0.0,0.0,0.0,0.0,0.0,0.0,0.0,0.0,0.0,0.0,0.0,0.0,0.0,0.0,0.0,
0.0,0.001,0.0,0.0,0.0,0.0,0.0,0.0,0.0,0.0,0.0,0.0,0.0,0.0,0.0,0.0,0.0,0.0,0.0,0.0,0.0,0.0,0.0,0.0,0.0,0.0,0.0,0.0,0.0,0.0,0.0,0.0,0.0,0.0,0.0,0.0,0.0,0.0,0.0,0.0,0.0,0.0,0.0,0.0,0.0,0.0,0.0,0.0,0.0,0.0,0.0,0.0,0.0,0.0,0.0,0.0,0.0,0.0,0.0,0.0,0.0,0.0,0.0,0.0,0.0,0.0,0.0,0.0,0.0,0.0,0.0,0.0,0.0,0.0,0.0,0.0,0.0,0.0,0.0,0.0,0.0,0.0,0.0,0.0,0.0,0.0,0.0,0.0,0.0,0.0,0.0,0.0,0.0,0.0,0.0,0.0,0.0,0.0,0.0,0.0,
0.0,-0.031,-0.008,0.0,0.014,0.0,0.0,0.039,0.046,0.058,0.062,0.062,0.062,0.062,0.062,0.062,0.062,0.062,0.062,0.062,0.062,0.062,0.062,0.062,0.062,0.062,0.062,0.062,0.062,0.062,0.062,0.062,0.062,0.062,0.062,0.062,0.062,0.062,0.062,0.062,0.062,0.062,0.062,0.062,0.062,0.062,0.062,0.062,0.062,0.062,0.062,0.062,0.062,0.062,0.062,0.062,0.062,0.062,0.062,0.062,0.062,0.062,0.062,0.062,0.062,0.062,0.062,0.062,0.062,0.062,0.062,0.062,0.062,0.062,0.062,0.062,0.062,0.062,0.062,0.062,0.062,0.062,0.062,0.062,0.062,0.062,0.062,0.062,0.062,0.062,0.062,0.062,0.062,0.062,0.062,0.062,0.062,0.062,0.062,0.062,
0.0,0.001,-0.002,0.0,0.0,0.0,0.0,0.0,0.0,0.0,0.0,0.0,0.0,0.0,0.0,0.0,0.0,0.0,0.0,0.0,0.0,0.0,0.0,0.0,0.0,0.0,0.0,0.0,0.0,0.0,0.0,0.0,0.0,0.0,0.0,0.0,0.0,0.0,0.0,0.0,0.0,0.0,0.0,0.0,0.0,0.0,0.0,0.0,0.0,0.0,0.0,0.0,0.0,0.0,0.0,0.0,0.0,0.0,0.0,0.0,0.0,0.0,0.0,0.0,0.0,0.0,0.0,0.0,0.0,0.0,0.0,0.0,0.0,0.0,0.0,0.0,0.0,0.0,0.0,0.0,0.0,0.0,0.0,0.0,0.0,0.0,0.0,0.0,0.0,0.0,0.0,0.0,0.0,0.0,0.0,0.0,0.0,0.0,0.0,0.0,
0.0,0.006,-0.003,0.0,0.0,0.0,0.0,0.0,0.0,0.0,0.0,0.0,0.0,0.0,0.0,0.0,0.0,0.0,0.0,0.0,0.0,0.0,0.0,0.0,0.0,0.0,0.0,0.0,0.0,0.0,0.0,0.0,0.0,0.0,0.0,0.0,0.0,0.0,0.0,0.0,0.0,0.0,0.0,0.0,0.0,0.0,0.0,0.0,0.0,0.0,0.0,0.0,0.0,0.0,0.0,0.0,0.0,0.0,0.0,0.0,0.0,0.0,0.0,0.0,0.0,0.0,0.0,0.0,0.0,0.0,0.0,0.0,0.0,0.0,0.0,0.0,0.0,0.0,0.0,0.0,0.0,0.0,0.0,0.0,0.0,0.0,0.0,0.0,0.0,0.0,0.0,0.0,0.0,0.0,0.0,0.0,0.0,0.0,0.0,0.0,
0.0,0.007,-0.003,-0.003,0.0,-0.002,0.0,0.0,0.0,0.0,0.0,0.0,0.0,0.0,0.0,0.0,0.0,0.0,0.0,0.0,0.0,0.0,0.0,0.0,0.0,0.0,0.0,0.0,0.0,0.0,0.0,0.0,0.0,0.0,0.0,0.0,0.0,0.0,0.0,0.0,0.0,0.0,0.0,0.0,0.0,0.0,0.0,0.0,0.0,0.0,0.0,0.0,0.0,0.0,0.0,0.0,0.0,0.0,0.0,0.0,0.0,0.0,0.0,0.0,0.0,0.0,0.0,0.0,0.0,0.0,0.0,0.0,0.0,0.0,0.0,0.0,0.0,0.0,0.0,0.0,0.0,0.0,0.0,0.0,0.0,0.0,0.0,0.0,0.0,0.0,0.0,0.0,0.0,0.0,0.0,0.0,0.0,0.0,0.0,0.0,
0.0,0.034,-0.005,-0.002,0.0,0.0,0.0,0.0,0.0,0.0,0.0,0.0,0.0,0.0,0.0,0.0,0.0,0.0,0.0,0.0,0.0,0.0,0.0,0.0,0.0,0.0,0.0,0.0,0.0,0.0,0.0,0.0,0.0,0.0,0.0,0.0,0.0,0.0,0.0,0.0,0.0,0.0,0.0,0.0,0.0,0.0,0.0,0.0,0.0,0.0,0.0,0.0,0.0,0.0,0.0,0.0,0.0,0.0,0.0,0.0,0.0,0.0,0.0,0.0,0.0,0.0,0.0,0.0,0.0,0.0,0.0,0.0,0.0,0.0,0.0,0.0,0.0,0.0,0.0,0.0,0.0,0.0,0.0,0.0,0.0,0.0,0.0,0.0,0.0,0.0,0.0,0.0,0.0,0.0,0.0,0.0,0.0,0.0,0.0,0.0,
0.0,0.003,-0.005,-0.002,0.0,0.0,0.0,0.0,0.0,0.0,0.0,0.0,0.0,0.0,0.0,0.0,0.0,0.0,0.0,0.0,0.0,0.0,0.0,0.0,0.0,0.0,0.0,0.0,0.0,0.0,0.0,0.0,0.0,0.0,0.0,0.0,0.0,0.0,0.0,0.0,0.0,0.0,0.0,0.0,0.0,0.0,0.0,0.0,0.0,0.0,0.0,0.0,0.0,0.0,0.0,0.0,0.0,0.0,0.0,0.0,0.0,0.0,0.0,0.0,0.0,0.0,0.0,0.0,0.0,0.0,0.0,0.0,0.0,0.0,0.0,0.0,0.0,0.0,0.0,0.0,0.0,0.0,0.0,0.0,0.0,0.0,0.0,0.0,0.0,0.0,0.0,0.0,0.0,0.0,0.0,0.0,0.0,0.0,0.0,0.0,
0.0,0.032,-0.006,-0.002,0.0,0.0,0.0,0.0,0.0,0.0,0.0,0.0,0.0,0.0,0.0,0.0,0.0,0.0,0.0,0.0,0.0,0.0,0.0,0.0,0.0,0.0,0.0,0.0,0.0,0.0,0.0,0.0,0.0,0.0,0.0,0.0,0.0,0.0,0.0,0.0,0.0,0.0,0.0,0.0,0.0,0.0,0.0,0.0,0.0,0.0,0.0,0.0,0.0,0.0,0.0,0.0,0.0,0.0,0.0,0.0,0.0,0.0,0.0,0.0,0.0,0.0,0.0,0.0,0.0,0.0,0.0,0.0,0.0,0.0,0.0,0.0,0.0,0.0,0.0,0.0,0.0,0.0,0.0,0.0,0.0,0.0,0.0,0.0,0.0,0.0,0.0,0.0,0.0,0.0,0.0,0.0,0.0,0.0,0.0,0.0,
0.0,0.01,-0.003,0.002,-0.002,0.0,-0.002,0.0,-0.002,0.0,-0.002,0.0,-0.002,0.0,-0.002,0.0,-0.002,0.0,-0.002,0.0,-0.002,0.0,-0.002,0.0,-0.002,0.0,-0.002,0.0,-0.002,0.0,-0.002,0.0,-0.002,0.0,-0.002,0.0,-0.002,0.0,-0.002,0.0,-0.002,0.0,-0.002,0.0,-0.002,0.0,-0.002,0.0,-0.002,0.0,-0.002,0.0,-0.002,0.0,-0.002,0.0,-0.002,0.0,-0.002,0.0,-0.002,0.0,-0.002,0.0,-0.002,0.0,-0.002,0.0,-0.002,0.0,-0.002,0.0,-0.002,0.0,-0.002,0.0,-0.002,0.0,-0.002,0.0,-0.002,0.0,-0.002,0.0,-0.002,0.0,-0.002,0.0,-0.002,0.0,-0.002,0.0,-0.002,0.0,-0.002,0.0,-0.002,0.0,-0.002,0.0,
0.0,0.011,0.002,0.03,0.003,0.002,0.0,0.043,0.052,0.066,0.068,0.069,0.068,0.069,0.068,0.069,0.068,0.069,0.068,0.069,0.068,0.069,0.068,0.069,0.068,0.069,0.068,0.069,0.068,0.069,0.068,0.069,0.068,0.069,0.068,0.069,0.068,0.069,0.068,0.069,0.068,0.069,0.068,0.069,0.068,0.069,0.068,0.069,0.068,0.069,0.068,0.069,0.068,0.069,0.068,0.069,0.068,0.069,0.068,0.069,0.068,0.069,0.068,0.069,0.068,0.069,0.068,0.069,0.068,0.069,0.068,0.069,0.068,0.069,0.068,0.069,0.068,0.069,0.068,0.069,0.068,0.069,0.068,0.069,0.068,0.069,0.068,0.069,0.068,0.069,0.068,0.069,0.068,0.069,0.068,0.069,0.068,0.069,0.068,0.068,
0.0,0.0,0.0,0.0,0.0,0.0,0.0,0.0,0.0,0.0,0.0,0.0,0.0,0.0,0.0,0.0,0.0,0.0,0.0,0.0,0.0,0.0,0.0,0.0,0.0,0.0,0.0,0.0,0.0,0.0,0.0,0.0,0.0,0.0,0.0,0.0,0.0,0.0,0.0,0.0,0.0,0.0,0.0,0.0,0.0,0.0,0.0,0.0,0.0,0.0,0.0,0.0,0.0,0.0,0.0,0.0,0.0,0.0,0.0,0.0,0.0,0.0,0.0,0.0,0.0,0.0,0.0,0.0,0.0,0.0,0.0,0.0,0.0,0.0,0.0,0.0,0.0,0.0,0.0,0.0,0.0,0.0,0.0,0.0,0.0,0.0,0.0,0.0,0.0,0.0,0.0,0.0,0.0,0.0,0.0,0.0,0.0,0.0,0.0,0.0,
0.0,0.057,-0.008,0.037,0.023,0.022,0.019,0.072,0.064,0.058,-0.002,0.005,0.047,0.002,0.047,0.018,0.048,0.0,0.016,0.03,0.031,0.045,0.026,0.072,0.061,0.043,0.018,0.071,0.061,0.058,-0.002,0.024,0.034,0.019,0.042,0.002,0.016,0.03,0.019,0.034,-0.002,0.03,0.032,0.071,0.032,0.059,0.016,0.026,0.047,0.032,0.032,0.0,-0.002,0.03,0.002,0.03,0.019,0.032,0.032,0.03,0.019,0.032,0.032,0.03,0.002,0.002,0.018,0.032,0.032,0.071,0.032,0.046,0.016,0.071,0.061,0.058,-0.002,0.024,0.034,0.019,0.029,0.021,0.043,0.021,0.045,0.002,0.016,0.03,0.031,0.03,0.019,0.002,0.0,0.022,0.026,0.026,0.024,0.026,0.024,0.024,
0.0,0.021,-0.009,0.006,0.0,0.0,0.0,0.006,0.0,0.0,0.0,0.005,0.0,0.0,0.0,0.0,0.0,0.005,0.008,0.0,0.0,0.0,0.0,0.0,0.0,0.008,0.019,0.002,0.0,0.0,0.0,0.0,0.0,0.0,0.008,0.0,0.0,0.0,0.0,0.0,0.0,0.0,0.017,0.002,0.0,0.019,0.002,0.008,0.0,0.005,0.005,0.0,0.008,0.0,0.0,0.0,0.0,0.005,0.005,0.0,0.0,0.0,0.005,0.0,0.0,0.0,0.0,0.0,0.017,0.002,0.0,0.019,0.002,0.0,0.0,0.0,0.0,0.0,0.0,0.008,0.0,0.0,0.017,0.002,0.0,0.0,0.0,0.0,0.017,0.002,0.0,0.0,0.0,0.0,0.0,0.0,0.0,0.003,0.0,0.0,
0.0,-0.098,-0.005,-0.013,0.0,0.047,0.002,0.003,0.029,0.044,0.002,0.055,0.002,0.032,0.045,0.002,0.034,0.053,0.005,0.034,0.053,0.005,0.034,0.0,0.061,0.057,0.037,0.055,0.005,0.034,0.0,0.034,0.055,0.005,0.11,0.002,0.058,-0.003,0.055,-0.002,0.055,-0.002,0.034,-0.002,0.031,-0.002,0.047,0.002,0.037,0.034,0.0,0.057,-0.002,0.055,-0.002,0.034,0.0,0.034,0.0,0.034,0.055,0.005,0.034,0.053,0.005,0.034,0.0,0.034,0.0,0.053,0.055,0.005,0.034,0.0,0.032,0.029,0.0,0.034,0.0,0.034,0.053,0.005,0.034,0.0,0.034,0.0,0.032,0.029,0.0,0.057,-0.002,0.034,0.0,0.032,0.029,0.0,0.053,-0.003,0.055,-0.002,
0.0,0.019,-0.003,-0.002,-0.002,0.0,0.0,0.0,0.0,0.0,0.0,0.0,0.0,0.0,0.0,0.0,0.0,0.0,0.0,0.011,0.0,0.011,0.0,0.0,-0.002,0.0,0.0,0.0,0.0,0.0,0.0,0.0,0.0,0.0,0.0,0.0,0.0,0.0,0.0,0.0,0.0,0.0,0.0,0.0,0.0,0.0,0.0,0.0,0.0,0.0,0.0,0.0,0.0,0.0,0.0,0.0,0.0,0.0,0.0,0.0,0.0,0.011,0.0,0.0,0.0,0.0,0.0,0.0,0.0,0.0,0.0,0.0,0.0,0.0,0.0,0.0,0.0,0.0,0.0,0.0,0.0,0.0,0.0,0.0,0.0,0.0,0.0,0.0,0.0,0.0,0.0,0.0,0.0,0.0,0.0,0.0,0.0,0.0,0.0,0.0,
0.0,0.026,-0.007,-0.002,0.005,0.0,0.0,0.0,0.002,0.0,0.002,0.0,0.0,0.0,0.0,0.002,0.0,0.0,0.0,0.002,0.0,0.0,0.0,0.005,0.002,0.005,0.0,0.003,0.0,0.0,0.005,0.003,0.0,0.0,0.0,0.005,0.0,0.003,0.0,0.0,0.0,0.005,0.0,0.0,0.0,0.0,0.0,0.0,0.0,0.005,0.0,0.0,0.0,0.0,0.0,0.0,0.0,0.0,0.0,0.0,0.0,0.0,0.0,0.0,0.0,0.005,0.0,0.0,0.0,0.0,0.0,0.0,0.0,0.0,0.0,0.0,0.0,0.0,0.0,0.0,0.0,0.0,0.0,0.005,0.002,0.0,0.0,0.0,0.0,0.0,0.0,0.0,0.0,0.0,0.0,0.0,0.0,0.0,0.0,0.0,
0.0,0.014,-0.003,0.0,0.002,0.0,0.0,0.0,0.0,0.0,0.0,0.0,0.0,0.0,0.0,0.0,0.0,0.0,0.0,0.0,0.0,0.0,0.0,0.0,0.0,0.0,0.0,0.0,0.0,0.0,0.0,0.0,0.0,0.0,0.0,0.0,0.0,0.0,0.0,0.0,0.0,0.0,0.0,0.0,0.0,0.0,0.0,0.0,0.0,0.0,0.0,0.0,0.0,0.0,0.0,0.0,0.0,0.0,0.0,0.0,0.0,0.0,0.0,0.0,0.0,0.0,0.0,0.0,0.0,0.0,0.0,0.0,0.0,0.0,0.0,0.0,0.0,0.0,0.0,0.0,0.0,0.0,0.0,0.0,0.0,0.0,0.0,0.0,0.0,0.0,0.0,0.0,0.0,0.0,0.0,0.0,0.0,0.0,0.0,0.0,
0.0,0.035,-0.002,-0.002,0.0,0.0,0.0,0.0,0.0,0.0,0.0,0.0,0.0,0.0,0.0,0.0,0.0,0.0,0.0,0.0,0.0,0.0,0.0,0.0,0.0,0.0,0.0,0.0,0.0,0.0,0.0,0.0,0.0,0.0,0.0,0.0,0.0,0.0,0.0,0.0,0.0,0.0,0.0,0.0,0.0,0.0,0.0,0.0,0.0,0.0,0.0,0.0,0.0,0.0,0.0,0.0,0.0,0.0,0.0,0.0,0.0,0.0,0.0,0.0,0.0,0.0,0.0,0.0,0.0,0.0,0.0,0.0,0.0,0.0,0.0,0.0,0.0,0.0,0.0,0.0,0.0,0.0,0.0,0.0,0.0,0.0,0.0,0.0,0.0,0.0,0.0,0.0,0.0,0.0,0.0,0.0,0.0,0.0,0.0,0.0,
0.0,0.015,-0.003,0.0,0.0,0.0,0.0,0.0,0.0,0.006,0.002,0.0,0.0,0.006,0.002,0.0,0.0,0.006,0.002,0.0,0.0,0.006,0.002,0.0,0.0,0.006,0.002,0.0,0.0,0.006,0.002,0.0,0.0,0.006,0.002,0.0,0.0,0.006,0.002,0.0,0.0,0.006,0.002,0.0,0.0,0.006,0.002,0.0,0.0,0.006,0.002,0.0,0.0,0.006,0.002,0.0,0.0,0.006,0.002,0.0,0.0,0.006,0.002,0.0,0.0,0.006,0.002,0.0,0.0,0.006,0.002,0.0,0.0,0.006,0.002,0.0,0.0,0.006,0.002,0.0,0.0,0.006,0.002,0.0,0.0,0.006,0.002,0.0,0.0,0.006,0.002,0.0,0.0,0.006,0.002,0.0,0.0,0.006,0.002,0.0,
0.0,0.03,-0.014,-0.003,0.0,0.0,0.0,0.0,0.0,0.0,0.0,0.0,0.0,0.0,0.0,0.0,0.0,0.0,0.0,0.0,0.0,0.0,0.0,0.0,0.0,0.0,0.0,0.0,0.0,0.0,0.0,0.0,0.0,0.0,0.0,0.0,0.0,0.0,0.0,0.0,0.0,0.0,0.0,0.0,0.0,0.0,0.0,0.0,0.0,0.0,0.0,0.0,0.0,0.0,0.0,0.0,0.0,0.0,0.0,0.0,0.0,0.0,0.0,0.0,0.0,0.0,0.0,0.0,0.0,0.0,0.0,0.0,0.0,0.0,0.0,0.0,0.0,0.0,0.0,0.0,0.0,0.0,0.0,0.0,0.0,0.0,0.0,0.0,0.0,0.0,0.0,0.0,0.0,0.0,0.0,0.0,0.0,0.0,0.0,0.0,
0.0,0.015,0.003,0.008,0.0,0.014,0.0,0.0,0.008,0.0,0.0,0.005,0.0,0.0,0.0,0.005,0.005,0.0,0.0,0.0,0.0,-0.002,0.0,0.0,0.0,0.0,0.0,0.0,0.0,0.0,0.009,0.0,0.0,0.013,0.008,0.0,-0.002,0.0,0.0,0.0,0.0,0.0,0.0,0.0,0.0,0.0,0.005,0.0,0.008,0.019,-0.002,0.025,0.0,-0.002,0.0,0.0,-0.002,0.0,0.0,0.0,0.0,0.0,0.0,0.013,0.009,0.006,0.0,0.0,0.0,0.0,0.014,-0.002,0.0,0.019,0.016,0.0,0.008,0.0,0.0,0.0,0.0,0.0,0.0,0.008,0.0,0.006,0.0,0.0,0.0,0.016,0.017,0.0,0.0,0.0,0.0,0.0,-0.002,0.0,0.009,0.017,
0.0,0.0,0.0,0.0,0.0,0.015,0.002,0.0,0.0,0.0,0.0,0.011,0.012,0.002,0.0,0.0,0.009,0.002,0.0,0.0,0.0,0.009,0.012,0.002,0.0,0.009,0.012,0.002,0.011,0.012,0.002,0.011,0.012,0.002,0.011,0.012,0.002,0.011,0.012,0.002,0.011,0.012,0.002,0.011,0.012,0.002,0.011,0.012,0.002,0.0,0.0,0.0,0.0,0.009,0.012,0.017,0.003,0.0,0.0,0.0,0.0,0.0,0.009,0.012,0.002,0.0,0.0,0.009,0.012,0.002,0.011,0.012,0.002,0.011,0.012,0.002,0.011,0.012,0.002,0.011,0.012,0.002,0.011,0.012,0.002,0.011,0.012,0.002,0.011,0.012,0.002,0.011,0.012,0.002,0.011,0.012,0.002,0.011,0.012,0.002,
0.0,0.009,-0.005,-0.002,0.0,0.0,0.0,0.0,0.0,0.0,0.0,0.0,0.0,0.0,0.0,0.0,0.0,0.0,0.0,0.0,0.0,0.0,0.0,0.0,0.0,0.0,0.0,0.0,0.0,0.0,0.0,0.0,0.0,0.0,0.0,0.0,0.0,0.0,0.0,0.0,0.0,0.0,0.0,0.0,0.0,0.0,0.0,0.0,0.0,0.0,0.0,0.0,0.0,0.0,0.0,0.0,0.0,0.0,0.0,0.0,0.0,0.0,0.0,0.0,0.0,0.0,0.0,0.0,0.0,0.0,0.0,0.0,0.0,0.0,0.0,0.0,0.0,0.0,0.0,0.0,0.0,0.0,0.0,0.0,0.0,0.0,0.0,0.0,0.0,0.0,0.0,0.0,0.0,0.0,0.0,0.0,0.0,0.0,0.0,0.0,
0.0,0.016,-0.003,0.0,0.0,0.0,0.0,0.0,0.0,0.0,0.0,0.0,0.0,0.0,0.0,0.0,0.0,0.0,0.0,0.0,0.0,0.0,0.0,0.0,0.0,0.0,0.0,0.0,0.0,0.0,0.0,0.0,0.0,0.0,0.0,0.0,0.0,0.0,0.0,0.0,0.0,0.0,0.0,0.0,0.0,0.0,0.0,0.0,0.0,0.0,0.0,0.0,0.0,0.0,0.0,0.0,0.0,0.0,0.0,0.0,0.0,0.0,0.0,0.0,0.0,0.0,0.0,0.0,0.0,0.0,0.0,0.0,0.0,0.0,0.0,0.0,0.0,0.0,0.0,0.0,0.0,0.0,0.0,0.0,0.0,0.0,0.0,0.0,0.0,0.0,0.0,0.0,0.0,0.0,0.0,0.0,0.0,0.0,0.0,0.0,
0.0,0.003,-0.002,-0.002,0.0,0.0,0.0,0.0,0.0,0.0,0.0,0.0,0.0,0.0,0.0,0.0,0.0,0.0,0.0,0.0,0.0,0.0,0.0,0.0,0.0,0.0,0.0,0.0,0.0,0.0,0.0,0.0,0.0,0.0,0.0,0.0,0.0,0.0,0.0,0.0,0.0,0.0,0.0,0.0,0.0,0.0,0.0,0.0,0.0,0.0,0.0,0.0,0.0,0.0,0.0,0.0,0.0,0.0,0.0,0.0,0.0,0.0,0.0,0.0,0.0,0.0,0.0,0.0,0.0,0.0,0.0,0.0,0.0,0.0,0.0,0.0,0.0,0.0,0.0,0.0,0.0,0.0,0.0,0.0,0.0,0.0,0.0,0.0,0.0,0.0,0.0,0.0,0.0,0.0,0.0,0.0,0.0,0.0,0.0,0.0,
0.0,0.004,-0.003,-0.002,0.0,0.0,0.0,0.0,0.0,0.0,0.0,0.0,0.0,0.0,0.0,0.0,0.0,0.0,0.0,0.0,0.0,0.0,0.0,0.0,0.0,0.0,0.0,0.0,0.0,0.0,0.0,0.0,0.0,0.0,0.0,0.0,0.0,0.0,0.0,0.0,0.0,0.0,0.0,0.0,0.0,0.0,0.0,0.0,0.0,0.0,0.0,0.0,0.0,0.0,0.0,0.0,0.0,0.0,0.0,0.0,0.0,0.0,0.0,0.0,0.0,0.0,0.0,0.0,0.0,0.0,0.0,0.0,0.0,0.0,0.0,0.0,0.0,0.0,0.0,0.0,0.0,0.0,0.0,0.0,0.0,0.0,0.0,0.0,0.0,0.0,0.0,0.0,0.0,0.0,0.0,0.0,0.0,0.0,0.0,0.0,
0.0,0.011,0.0,0.028,0.087,0.008,0.002,-0.002,0.0,0.0,0.029,0.034,0.002,0.0,0.0,0.0,0.0,0.023,0.021,0.021,0.021,0.021,0.002,0.0,0.0,0.0,0.023,0.002,0.0,0.023,0.021,0.002,0.0,0.0,0.0,0.0,0.0,0.0,0.0,0.023,0.002,0.0,0.0,0.0,0.0,0.0,0.0,0.0,0.0,0.0,0.0,0.0,0.023,0.002,0.0,0.023,0.021,0.002,0.0,0.0,0.0,0.023,0.002,0.0,0.0,0.0,0.0,0.0,0.0,0.0,0.023,0.002,0.0,0.0,0.0,0.0,0.0,0.023,0.021,0.021,0.002,0.0,0.0,0.0,0.016,0.023,0.021,0.002,0.0,0.0,0.0,0.023,0.002,0.0,0.0,0.0,0.0,0.0,0.0,0.0,
0.0,0.012,-0.008,0.016,-0.005,0.0,-0.002,-0.002,-0.002,0.009,0.0,-0.002,-0.002,-0.002,-0.002,-0.002,0.009,0.0,-0.002,-0.002,0.011,0.012,0.012,0.0,-0.002,-0.002,-0.002,-0.002,-0.002,-0.002,0.011,0.011,0.016,0.0,0.011,0.0,0.011,0.0,0.011,0.016,0.0,0.011,0.0,0.011,0.016,0.0,0.011,0.0,0.011,0.016,0.0,0.011,0.0,0.011,0.016,0.0,0.011,0.0,-0.002,-0.002,-0.002,-0.002,-0.002,0.009,0.0,0.011,0.0,-0.002,-0.002,-0.002,0.009,0.0,0.011,0.016,0.0,0.011,0.0,0.011,0.0,0.011,0.0,-0.002,0.009,0.0,-0.002,-0.002,-0.002,-0.002,0.011,0.0,-0.002,-0.002,-0.002,0.009,0.0,-0.002,0.011,0.0,-0.002,-0.002,
0.0,0.042,-0.005,0.003,0.014,0.006,0.003,0.005,0.003,0.005,0.021,0.006,0.014,0.006,0.016,0.006,0.003,0.005,0.003,0.005,0.003,0.005,0.003,0.005,0.003,0.005,0.024,0.041,0.005,0.006,0.003,0.006,0.003,0.006,0.024,0.041,0.005,0.005,0.021,0.006,0.014,0.006,0.003,0.005,0.003,0.027,0.043,0.014,0.003,0.014,0.003,0.005,0.003,0.027,0.043,0.035,0.005,0.005,0.024,0.041,0.005,0.005,0.003,0.005,0.003,0.005,0.003,0.005,0.003,0.005,0.003,0.005,0.003,0.005,0.016,0.006,0.016,0.006,0.003,0.005,0.003,0.005,0.016,0.006,0.003,0.005,0.003,0.005,0.016,0.006,0.003,0.005,0.003,0.027,0.043,0.005,0.003,0.005,0.003,0.006,
0.0,0.013,-0.006,-0.002,0.0,0.002,-0.002,0.002,-0.002,0.002,0.002,0.0,-0.002,0.002,0.002,0.0,0.003,0.0,-0.002,0.002,0.002,0.0,-0.002,0.002,-0.002,0.002,0.003,0.0,0.003,0.0,0.002,0.0,0.003,0.0,-0.002,0.002,0.003,0.0,-0.002,0.006,-0.002,0.006,0.003,0.0,-0.002,0.002,-0.002,0.002,-0.002,0.002,-0.002,0.002,-0.002,0.002,-0.002,0.002,0.002,0.0,-0.002,0.002,0.002,0.0,-0.002,0.002,-0.002,0.002,-0.002,0.002,0.003,0.0,-0.002,0.002,0.002,0.0,-0.002,0.006,0.002,0.0,0.002,0.0,0.003,0.0,0.005,0.0,0.003,0.0,-0.002,0.0,0.002,0.0,-0.002,0.002,-0.002,0.002,-0.002,0.002,0.002,0.0,0.002,0.0,
0.0,0.01,-0.005,0.0,0.0,-0.002,0.0,-0.002,0.0,-0.002,0.0,-0.002,0.0,-0.002,0.0,-0.002,0.0,-0.002,0.0,-0.002,0.0,-0.002,0.0,-0.002,0.0,-0.002,0.0,-0.002,0.0,-0.002,0.0,-0.002,0.0,-0.002,0.0,-0.002,0.0,-0.002,0.0,-0.002,0.0,-0.002,0.0,-0.002,0.0,-0.002,0.0,-0.002,0.0,-0.002,0.0,-0.002,0.0,-0.002,0.0,-0.002,0.0,-0.002,0.0,-0.002,0.0,-0.002,0.0,-0.002,0.0,-0.002,0.0,-0.002,0.0,-0.002,0.0,-0.002,0.0,-0.002,0.0,-0.002,0.0,-0.002,0.0,-0.002,0.0,-0.002,0.0,-0.002,0.0,-0.002,0.0,-0.002,0.0,-0.002,0.0,-0.002,0.0,-0.002,0.0,-0.002,0.0,-0.002,0.0,0.0,
0.0,0.024,0.015,-0.008,0.0,0.0,0.006,0.0,0.009,0.0,0.0,0.0,0.0,0.0,0.0,0.0,0.0,0.0,0.0,0.0,0.0,0.0,0.0,0.0,0.0,0.0,0.0,0.0,0.0,0.0,0.0,0.0,0.0,0.0,0.0,0.0,0.0,0.0,0.0,0.0,0.0,0.0,0.0,0.0,0.0,0.0,0.0,0.0,0.0,0.0,0.0,0.0,0.0,0.0,0.0,0.0,0.0,0.0,0.0,0.0,0.0,0.0,0.0,0.0,0.0,0.0,0.0,0.0,0.0,0.0,0.0,0.0,0.0,0.0,0.0,0.0,0.0,0.0,0.0,0.0,0.0,0.0,0.0,0.0,0.0,0.0,0.0,0.0,0.0,0.0,0.0,0.0,0.0,0.0,0.0,0.0,0.0,0.0,0.0,0.002,
0.0,0.003,0.014,0.009,-0.006,0.0,-0.002,0.0,-0.002,0.0,-0.002,0.0,-0.002,0.0,-0.002,0.0,-0.002,0.0,-0.002,0.0,-0.002,0.0,-0.002,0.0,-0.002,0.0,-0.002,0.0,-0.002,0.0,-0.002,0.0,-0.002,0.0,-0.002,0.0,-0.002,0.0,-0.002,0.0,-0.002,0.0,-0.002,0.0,-0.002,0.0,-0.002,0.0,-0.002,0.0,-0.002,0.0,-0.002,0.0,-0.002,0.0,-0.002,0.0,-0.002,0.0,-0.002,0.0,-0.002,0.0,-0.002,0.0,-0.002,0.0,-0.002,0.0,-0.002,0.0,-0.002,0.0,-0.002,0.0,-0.002,0.0,-0.002,0.0,-0.002,0.0,-0.002,0.0,-0.002,0.0,-0.002,0.0,-0.002,0.0,-0.002,0.0,-0.002,0.0,-0.002,0.0,-0.002,0.0,-0.002,-0.008,
0.0,0.02,-0.002,0.0,0.0,0.0,0.0,0.0,0.0,0.0,0.0,0.0,0.0,0.0,0.0,0.0,0.0,0.0,0.0,0.0,0.0,0.0,0.0,0.0,0.0,0.0,0.0,0.0,0.0,0.0,0.0,0.0,0.0,0.0,0.0,0.0,0.0,0.0,0.0,0.0,0.0,0.0,0.0,0.0,0.0,0.0,0.0,0.0,0.0,0.0,0.0,0.0,0.0,0.0,0.0,0.0,0.0,0.0,0.0,0.0,0.0,0.0,0.0,0.0,0.0,0.0,0.0,0.0,0.0,0.0,0.0,0.0,0.0,0.0,0.0,0.0,0.0,0.0,0.0,0.0,0.0,0.0,0.0,0.0,0.0,0.0,0.0,0.0,0.0,0.0,0.0,0.0,0.0,0.0,0.0,0.0,0.0,0.0,0.0,0.0,
0.0,0.0,0.0,0.0,0.0,0.0,0.0,0.0,0.0,0.0,0.0,0.0,0.0,0.0,0.0,0.0,0.0,0.0,0.0,0.0,0.0,0.0,0.0,0.0,0.0,0.0,0.0,0.0,0.0,0.0,0.0,0.0,0.0,0.0,0.0,0.0,0.0,0.0,0.0,0.0,0.0,0.0,0.0,0.0,0.0,0.0,0.0,0.0,0.0,0.0,0.0,0.0,0.0,0.0,0.0,0.0,0.0,0.0,0.0,0.0,0.0,0.0,0.0,0.0,0.0,0.0,0.0,0.0,0.0,0.0,0.0,0.0,0.0,0.0,0.0,0.0,0.0,0.0,0.0,0.0,0.0,0.0,0.0,0.0,0.0,0.0,0.0,0.0,0.0,0.0,0.0,0.0,0.0,0.0,0.0,0.0,0.0,0.0,0.0,0.0,
0.0,0.025,-0.006,0.0,0.0,0.0,0.0,0.0,0.0,0.0,0.0,0.0,0.0,0.0,0.0,0.0,0.0,0.0,0.0,0.0,0.0,0.0,0.0,0.0,0.0,0.0,0.0,0.0,0.0,0.0,0.0,0.0,0.0,0.0,0.0,0.0,0.0,0.0,0.0,0.0,0.0,0.0,0.0,0.0,0.0,0.0,0.0,0.0,0.0,0.0,0.0,0.0,0.0,0.0,0.0,0.0,0.0,0.0,0.0,0.0,0.0,0.0,0.0,0.0,0.0,0.0,0.0,0.0,0.0,0.0,0.0,0.0,0.0,0.0,0.0,0.0,0.0,0.0,0.0,0.0,0.0,0.0,0.0,0.0,0.0,0.0,0.0,0.0,0.0,0.0,0.0,0.0,0.0,0.0,0.0,0.0,0.0,0.0,0.0,0.0,
0.0,0.065,-0.015,0.0,-0.002,0.0,0.0,0.0,0.0,0.0,0.0,0.0,0.0,0.0,0.0,0.0,0.0,0.0,0.0,0.0,0.0,0.0,0.0,0.0,0.0,0.0,0.0,0.0,0.0,0.0,0.0,0.0,0.0,0.0,0.0,0.0,0.0,0.0,0.0,0.0,0.0,0.0,0.0,0.0,0.0,0.0,0.0,0.0,0.0,0.0,0.0,0.0,0.0,0.0,0.0,0.0,0.0,0.0,0.0,0.0,0.0,0.0,0.0,0.0,0.0,0.0,0.0,0.0,0.0,0.0,0.0,0.0,0.0,0.0,0.0,0.0,0.0,0.0,0.0,0.0,0.0,0.0,0.0,0.0,0.0,0.0,0.0,0.0,0.0,0.0,0.0,0.0,0.0,0.0,0.0,0.0,0.0,0.0,0.0,0.0,
0.0,0.04,0.023,0.079,0.059,0.006,0.025,0.024,0.027,0.022,0.06,0.062,0.059,0.03,0.027,0.022,0.06,0.029,0.06,0.06,0.037,0.022,0.052,0.025,0.037,0.005,0.024,0.003,0.002,0.024,0.041,0.027,0.059,0.041,0.024,0.027,0.048,0.022,0.038,0.046,0.027,0.048,0.022,0.038,0.038,0.005,0.024,0.041,0.024,0.021,0.022,0.014,0.057,0.005,0.024,0.003,0.025,0.022,0.003,0.024,0.03,0.038,0.046,0.059,0.037,0.022,0.032,0.057,0.027,0.048,0.024,0.025,0.022,0.027,0.048,0.054,0.038,0.006,0.024,0.059,0.029,0.059,0.041,0.06,0.029,0.046,0.022,0.038,0.029,0.046,0.06,0.056,0.006,0.002,0.002,0.024,0.051,0.005,0.025,0.024,
0.0,0.012,0.0,0.0,0.002,0.019,-0.002,0.02,-0.005,0.0,0.0,-0.002,-0.003,0.0,-0.002,-0.003,0.0,-0.002,-0.003,0.0,-0.002,-0.003,0.0,-0.002,-0.003,0.0,-0.002,-0.003,0.0,-0.002,-0.003,0.0,-0.002,-0.003,0.0,-0.002,-0.003,0.0,-0.002,-0.003,0.0,-0.002,-0.003,0.0,-0.002,-0.003,0.0,-0.002,-0.003,0.0,-0.002,-0.003,0.0,-0.002,-0.003,0.0,-0.002,-0.003,0.0,-0.002,-0.003,0.0,-0.002,-0.003,0.0,-0.002,-0.003,0.0,-0.002,-0.003,0.0,-0.002,-0.003,0.0,-0.002,-0.003,0.0,-0.002,-0.003,0.0,-0.002,-0.003,0.0,-0.002,-0.003,0.0,-0.002,-0.003,0.0,-0.002,-0.003,0.0,-0.002,-0.003,0.0,-0.002,-0.003,0.0,-0.002,0.0,
0.0,0.0,0.003,-0.002,0.0,0.0,0.0,0.0,0.0,0.0,0.0,0.0,0.0,0.0,0.0,0.0,0.0,0.0,0.0,0.0,0.0,0.0,0.0,0.0,0.0,0.0,0.0,0.0,0.0,0.0,0.0,0.0,0.0,0.0,0.0,0.0,0.0,0.0,0.0,0.0,0.0,0.0,0.0,0.0,0.0,0.0,0.0,0.0,0.0,0.0,0.0,0.0,0.0,0.0,0.0,0.0,0.0,0.0,0.0,0.0,0.0,0.0,0.0,0.0,0.0,0.0,0.0,0.0,0.0,0.0,0.0,0.0,0.0,0.0,0.0,0.0,0.0,0.0,0.0,0.0,0.0,0.0,0.0,0.0,0.0,0.0,0.0,0.0,0.0,0.0,0.0,0.0,0.0,0.0,0.0,0.0,0.0,0.0,0.0,0.0,
0.0,-0.052,-0.006,0.002,-0.002,0.002,0.007,0.0,0.007,0.0,0.007,0.0,0.007,0.0,0.005,0.026,0.002,0.028,0.002,0.028,0.002,0.028,0.002,0.028,0.002,0.028,0.021,0.029,0.018,0.028,0.002,0.028,0.002,0.028,0.002,0.028,0.021,0.029,0.002,0.028,0.002,0.028,0.002,0.028,0.002,0.028,0.021,0.029,0.002,0.028,0.021,0.029,0.002,0.028,0.002,0.028,0.002,0.028,0.002,0.028,0.021,0.029,0.002,0.028,0.002,0.028,0.021,0.029,0.002,0.028,0.021,0.029,0.002,0.028,0.002,0.028,0.021,0.029,0.002,0.028,0.002,0.028,0.002,0.028,0.002,0.028,0.021,0.029,0.002,0.028,0.002,0.028,0.002,0.028,0.021,0.029,0.002,0.028,0.002,0.029,
0.0,0.025,-0.011,0.008,0.0,0.0,0.0,0.0,0.0,0.0,0.0,0.0,0.0,0.006,0.019,0.0,0.003,0.017,0.002,0.003,-0.002,-0.002,0.0,0.0,0.0,0.0,0.0,0.0,0.0,0.006,0.0,0.017,0.002,0.019,0.002,0.024,0.013,0.019,0.002,0.0,0.0,0.006,0.028,0.008,0.0,-0.002,0.0,0.006,0.0,-0.002,0.0,0.0,0.0,0.006,0.0,0.024,0.002,0.0,0.006,0.019,0.0,0.003,-0.002,-0.002,0.0,0.0,0.0,0.0,0.0,0.0,0.0,0.0,0.006,0.028,0.002,0.003,-0.002,0.0,0.0,0.0,0.0,0.025,0.002,-0.002,0.006,0.009,0.019,0.002,0.0,0.025,0.002,-0.002,0.0,0.006,0.019,0.0,0.003,-0.002,-0.002,0.0,
0.0,0.003,-0.002,0.0,0.0,0.0,0.0,0.0,0.0,0.0,0.0,0.0,0.0,0.0,0.0,0.0,0.0,0.0,0.0,0.0,0.0,0.0,0.0,0.0,0.0,0.0,0.0,0.0,0.0,0.0,0.0,0.0,0.0,0.0,0.0,0.0,0.0,0.0,0.0,0.0,0.0,0.0,0.0,0.0,0.0,0.0,0.0,0.0,0.0,0.0,0.0,0.0,0.0,0.0,0.0,0.0,0.0,0.0,0.0,0.0,0.0,0.0,0.0,0.0,0.0,0.0,0.0,0.0,0.0,0.0,0.0,0.0,0.0,0.0,0.0,0.0,0.0,0.0,0.0,0.0,0.0,0.0,0.0,0.0,0.0,0.0,0.0,0.0,0.0,0.0,0.0,0.0,0.0,0.0,0.0,0.0,0.0,0.0,0.0,0.0,
0.0,-0.003,-0.013,0.009,0.002,0.024,0.003,0.0,0.0,0.0,0.0,0.0,0.019,0.0,0.002,0.013,0.002,0.0,0.0,-0.002,0.033,0.002,0.0,0.0,0.0,0.0,0.0,-0.002,0.0,0.0,0.0,0.0,0.0,0.0,0.0,0.019,0.0,0.0,0.0,0.0,0.0,0.0,0.0,-0.002,0.0,0.0,0.0,0.0,0.0,0.0,0.0,-0.002,0.0,0.0,0.0,0.0,0.0,0.0,0.0,-0.002,0.0,0.0,0.0,0.0,0.0,0.013,0.002,0.0,0.017,0.0,0.0,0.0,0.0,0.0,0.0,-0.002,0.0,0.0,0.0,0.0,0.0,0.0,0.0,0.019,0.0,0.0,0.0,0.0,0.0,0.0,0.0,-0.002,0.0,0.0,0.0,0.0,0.0,0.0,0.0,-0.002,
0.0,0.016,-0.003,-0.002,0.0,0.0,0.0,0.0,0.0,0.0,0.0,0.0,0.0,0.0,0.0,0.0,0.0,0.0,0.0,0.0,0.0,0.0,0.0,0.0,0.0,0.0,0.0,0.0,0.0,0.0,0.0,0.0,0.0,0.0,0.0,0.0,0.0,0.0,0.0,0.0,0.0,0.0,0.0,0.0,0.0,0.0,0.0,0.0,0.0,0.0,0.0,0.0,0.0,0.0,0.0,0.0,0.0,0.0,0.0,0.0,0.0,0.0,0.0,0.0,0.0,0.0,0.0,0.0,0.0,0.0,0.0,0.0,0.0,0.0,0.0,0.0,0.0,0.0,0.0,0.0,0.0,0.0,0.0,0.0,0.0,0.0,0.0,0.0,0.0,0.0,0.0,0.0,0.0,0.0,0.0,0.0,0.0,0.0,0.0,0.0,
0.0,0.038,-0.003,-0.005,0.0,0.0,0.0,0.0,0.0,0.0,0.0,0.0,0.0,0.0,0.0,0.0,0.0,0.0,0.0,0.0,0.0,0.0,0.0,0.0,0.0,0.0,0.0,0.0,0.0,0.0,0.0,0.0,0.0,0.0,0.0,0.0,0.0,0.0,0.0,0.0,0.0,0.0,0.0,0.0,0.0,0.0,0.0,0.0,0.0,0.0,0.0,0.0,0.0,0.0,0.0,0.0,0.0,0.0,0.0,0.0,0.0,0.0,0.0,0.0,0.0,0.0,0.0,0.0,0.0,0.0,0.0,0.0,0.0,0.0,0.0,0.0,0.0,0.0,0.0,0.0,0.0,0.0,0.0,0.0,0.0,0.0,0.0,0.0,0.0,0.0,0.0,0.0,0.0,0.0,0.0,0.0,0.0,0.0,0.0,0.0,
0.0,0.003,0.0,-0.002,0.0,0.0,0.0,0.0,0.0,0.0,0.0,0.0,0.0,0.0,0.0,0.0,0.0,0.0,0.0,0.0,0.0,0.0,0.0,0.0,0.0,0.0,0.0,0.0,0.0,0.0,0.0,0.0,0.0,0.0,0.0,0.0,0.0,0.0,0.0,0.0,0.0,0.0,0.0,0.0,0.0,0.0,0.0,0.0,0.0,0.0,0.0,0.0,0.0,0.0,0.0,0.0,0.0,0.0,0.0,0.0,0.0,0.0,0.0,0.0,0.0,0.0,0.0,0.0,0.0,0.0,0.0,0.0,0.0,0.0,0.0,0.0,0.0,0.0,0.0,0.0,0.0,0.0,0.0,0.0,0.0,0.0,0.0,0.0,0.0,0.0,0.0,0.0,0.0,0.0,0.0,0.0,0.0,0.0,0.0,0.0,
0.0,0.076,0.005,0.011,0.0,0.029,0.046,0.124,0.078,0.077,0.101,0.119,0.124,0.123,0.124,0.123,0.124,0.123,0.124,0.123,0.124,0.123,0.124,0.123,0.124,0.123,0.124,0.123,0.124,0.123,0.124,0.123,0.124,0.123,0.124,0.123,0.124,0.123,0.124,0.123,0.124,0.123,0.124,0.123,0.124,0.123,0.124,0.123,0.124,0.123,0.124,0.123,0.124,0.123,0.124,0.123,0.124,0.123,0.124,0.123,0.124,0.123,0.124,0.123,0.124,0.123,0.124,0.123,0.124,0.123,0.124,0.123,0.124,0.123,0.124,0.123,0.124,0.123,0.124,0.123,0.124,0.123,0.124,0.123,0.124,0.123,0.124,0.123,0.124,0.123,0.124,0.123,0.124,0.123,0.124,0.123,0.124,0.123,0.124,0.124,
0.0,0.0,0.0,0.0,0.0,0.0,0.0,0.0,0.0,0.0,0.0,0.0,0.0,0.0,0.0,0.0,0.0,0.0,0.0,0.0,0.0,0.0,0.0,0.0,0.0,0.0,0.0,0.0,0.0,0.0,0.0,0.0,0.0,0.0,0.0,0.0,0.0,0.0,0.0,0.0,0.0,0.0,0.0,0.0,0.0,0.0,0.0,0.0,0.0,0.0,0.0,0.0,0.0,0.0,0.0,0.0,0.0,0.0,0.0,0.0,0.0,0.0,0.0,0.0,0.0,0.0,0.0,0.0,0.0,0.0,0.0,0.0,0.0,0.0,0.0,0.0,0.0,0.0,0.0,0.0,0.0,0.0,0.0,0.0,0.0,0.0,0.0,0.0,0.0,0.0,0.0,0.0,0.0,0.0,0.0,0.0,0.0,0.0,0.0,0.0,
0.0,0.0,0.0,0.029,0.037,0.042,-0.002,-0.002,-0.002,0.046,0.014,0.046,0.035,0.04,0.04,0.029,0.046,-0.002,0.042,0.029,0.03,0.056,0.022,0.05,0.045,-0.002,0.034,0.018,0.002,0.038,0.046,0.042,-0.002,0.05,0.014,0.048,-0.002,0.042,0.022,0.002,0.034,0.018,0.03,0.051,0.042,0.022,0.037,0.022,0.019,0.0,0.034,0.038,0.04,0.032,0.037,0.051,0.032,0.018,0.002,0.04,0.056,0.0,0.043,0.03,0.022,0.035,0.016,0.042,0.022,0.046,0.018,0.03,0.013,0.042,0.034,0.042,0.002,0.051,0.045,-0.002,0.019,0.038,0.034,0.03,0.016,0.048,0.075,0.002,0.027,0.037,-0.003,0.079,0.027,0.003,0.016,0.032,0.048,0.042,0.03,0.0,
0.0,0.004,0.008,-0.003,0.0,0.0,0.0,0.0,0.0,0.0,0.0,0.0,0.0,0.0,0.0,0.0,0.0,0.0,0.0,0.0,0.0,0.0,0.0,0.0,0.0,0.0,0.0,0.0,0.0,0.0,0.0,0.0,0.0,0.0,0.0,0.0,0.0,0.0,0.0,0.0,0.0,0.0,0.0,0.0,0.0,0.0,0.0,0.0,0.0,0.0,0.0,0.0,0.0,0.0,0.0,0.0,0.0,0.0,0.0,0.0,0.0,0.0,0.0,0.0,0.0,0.0,0.0,0.0,0.0,0.0,0.0,0.0,0.0,0.0,0.0,0.0,0.0,0.0,0.0,0.0,0.0,0.0,0.0,0.0,0.0,0.0,0.0,0.0,0.0,0.0,0.0,0.0,0.0,0.0,0.0,0.0,0.0,0.0,0.0,0.0,
0.0,0.034,0.002,-0.003,0.0,0.0,0.0,0.0,0.0,0.0,0.013,0.0,0.0,0.0,0.017,0.013,0.011,0.011,0.011,0.002,0.0,0.002,0.013,0.002,0.0,0.0,0.0,0.0,0.0,0.002,0.009,0.014,0.002,0.041,0.022,0.002,0.002,0.0,0.002,0.009,0.014,0.002,0.0,0.0,0.0,0.0,0.011,0.011,0.011,0.002,0.002,0.013,0.002,0.013,0.002,0.013,0.002,0.0,0.0,0.0,0.0,0.002,0.011,0.011,0.011,0.002,0.009,0.002,0.011,0.002,0.011,0.011,0.011,0.011,0.002,0.009,0.002,0.0,0.002,0.013,0.002,0.041,0.022,0.002,0.002,0.002,0.013,0.002,0.0,0.0,0.011,0.011,0.014,0.002,0.0,0.002,0.013,0.002,0.041,0.022,
0.0,0.03,0.0,0.002,0.0,0.0,0.0,0.025,0.047,0.017,0.002,0.0,0.0,0.0,0.0,0.0,0.0,0.0,0.0,0.0,0.0,0.0,0.0,0.0,0.0,0.0,0.0,0.0,0.0,0.0,0.0,0.0,0.0,0.0,0.0,0.0,0.0,0.0,0.0,0.0,0.0,0.0,0.0,0.0,0.0,0.0,0.0,0.0,0.0,0.0,0.0,0.0,0.0,0.0,0.0,0.0,0.0,0.0,0.0,0.0,0.0,0.0,0.0,0.0,0.0,0.0,0.0,0.0,0.0,0.0,0.0,0.0,0.0,0.0,0.0,0.0,0.0,0.0,0.0,0.0,0.0,0.0,0.0,0.0,0.0,0.0,0.0,0.0,0.0,0.0,0.0,0.0,0.0,0.0,0.0,0.0,0.0,0.0,0.0,0.0,
0.0,-0.005,-0.003,0.04,0.03,0.011,0.044,0.068,0.054,0.052,0.052,0.063,0.041,0.071,0.043,0.046,0.054,0.07,0.077,0.078,0.077,0.078,0.077,0.078,0.077,0.078,0.077,0.078,0.077,0.078,0.077,0.078,0.077,0.078,0.077,0.078,0.077,0.078,0.077,0.078,0.077,0.078,0.077,0.078,0.077,0.078,0.077,0.078,0.077,0.078,0.077,0.078,0.077,0.078,0.077,0.078,0.077,0.078,0.077,0.078,0.077,0.078,0.077,0.078,0.077,0.078,0.077,0.078,0.077,0.078,0.077,0.078,0.077,0.078,0.077,0.078,0.077,0.078,0.077,0.078,0.077,0.078,0.077,0.078,0.077,0.078,0.077,0.078,0.077,0.078,0.077,0.078,0.077,0.078,0.077,0.078,0.077,0.078,0.077,0.078,
0.0,-0.001,-0.002,0.0,0.0,0.006,0.0,0.0,-0.002,0.0,-0.002,0.0,0.0,-0.002,0.0,-0.002,0.0,-0.002,0.0,-0.002,0.0,0.006,0.0,0.006,0.0,-0.002,0.0,-0.002,0.0,-0.002,0.0,0.006,0.0,-0.002,0.0,-0.002,0.0,-0.002,0.0,-0.002,0.0,-0.002,0.0,-0.002,0.0,0.006,0.0,-0.002,0.0,-0.002,0.0,-0.002,0.0,0.006,0.0,-0.002,0.0,-0.002,0.0,-0.002,0.0,-0.002,0.0,-0.002,0.0,-0.002,0.0,-0.002,0.0,-0.002,0.0,-0.002,0.0,-0.002,0.0,-0.002,0.0,-0.002,0.0,0.006,0.0,-0.002,0.0,-0.002,0.0,-0.002,0.0,-0.002,0.0,-0.002,0.0,0.006,0.0,-0.002,0.0,0.006,0.0,-0.002,0.0,0.006,
0.0,0.003,-0.002,0.0,0.0,0.0,0.0,0.0,0.0,0.0,0.0,0.0,0.0,0.0,0.0,0.0,0.0,0.0,0.0,0.0,0.0,0.0,0.0,0.0,0.0,0.0,0.0,0.0,0.0,0.0,0.0,0.0,0.0,0.0,0.0,0.0,0.0,0.0,0.0,0.0,0.0,0.0,0.0,0.0,0.0,0.0,0.0,0.0,0.0,0.0,0.0,0.0,0.0,0.0,0.0,0.0,0.0,0.0,0.0,0.0,0.0,0.0,0.0,0.0,0.0,0.0,0.0,0.0,0.0,0.0,0.0,0.0,0.0,0.0,0.0,0.0,0.0,0.0,0.0,0.0,0.0,0.0,0.0,0.0,0.0,0.0,0.0,0.0,0.0,0.0,0.0,0.0,0.0,0.0,0.0,0.0,0.0,0.0,0.0,0.0,
0.0,-0.003,-0.002,-0.003,-0.003,0.014,0.0,0.011,0.0,-0.003,0.002,0.013,0.002,-0.003,0.002,-0.002,0.002,-0.002,0.002,-0.002,0.002,0.013,0.002,-0.003,0.002,-0.002,0.002,-0.002,0.002,0.013,0.002,-0.003,0.002,-0.002,0.002,-0.002,0.002,0.013,0.002,-0.003,0.002,-0.002,0.002,-0.002,0.002,0.013,0.002,-0.003,0.002,0.011,0.018,-0.003,0.002,-0.002,0.002,-0.002,0.002,-0.002,0.002,-0.002,0.002,-0.002,0.002,-0.002,0.002,0.013,0.002,-0.003,0.002,0.013,0.002,0.011,0.0,-0.003,0.002,-0.002,0.002,0.013,0.002,-0.003,0.002,0.013,0.002,-0.003,0.002,0.011,0.018,-0.003,0.002,0.013,0.002,-0.003,0.002,-0.002,0.002,-0.002,0.002,-0.002,0.002,-0.002,
0.0,0.019,-0.003,0.0,0.0,0.0,0.0,0.0,0.0,0.0,0.0,0.0,0.0,0.0,0.0,0.0,0.0,0.0,0.0,0.0,0.0,0.0,0.0,0.0,0.0,0.0,0.0,0.0,0.0,0.0,0.0,0.0,0.0,0.0,0.0,0.0,0.0,0.0,0.0,0.0,0.0,0.0,0.0,0.0,0.0,0.0,0.0,0.0,0.009,0.014,0.002,0.0,0.0,0.0,0.0,0.0,0.0,0.0,0.0,0.0,0.0,0.0,0.0,0.0,0.0,0.0,0.0,0.0,0.0,0.0,0.0,0.0,0.0,0.0,0.0,0.0,0.0,0.0,0.0,0.0,0.0,0.0,0.0,0.0,0.0,0.0,0.0,0.0,0.0,0.0,0.0,0.0,0.0,0.0,0.0,0.0,0.0,0.0,0.0,0.0,
0.0,0.022,-0.006,0.0,0.0,0.0,0.0,0.0,0.0,0.0,0.0,0.031,0.002,0.0,0.0,0.0,0.0,0.0,0.0,0.0,0.0,0.0,0.0,0.0,0.0,0.0,0.0,0.0,0.0,0.0,0.0,0.0,0.0,0.0,0.0,0.0,0.009,0.0,0.0,0.0,0.0,0.0,0.0,0.0,0.0,0.0,0.0,0.0,0.0,0.0,0.0,0.0,0.0,0.0,0.031,0.034,0.003,0.0,0.0,0.0,0.0,0.0,0.0,0.0,0.0,0.0,0.0,0.0,0.0,0.0,0.0,0.0,0.0,0.0,0.0,0.0,0.0,0.0,0.0,0.0,0.0,0.0,0.0,0.0,0.0,0.0,0.0,0.0,0.0,0.0,0.0,0.0,0.0,0.0,0.0,0.0,0.0,0.0,0.0,0.0,
0.0,0.009,-0.003,0.0,0.0,0.0,0.0,0.0,0.0,0.0,0.0,0.0,0.0,0.0,0.0,0.0,0.0,0.0,0.0,0.0,0.0,0.0,0.0,0.0,0.0,0.0,0.0,0.0,0.0,0.0,0.0,0.0,0.0,0.0,0.0,0.0,0.0,0.0,0.0,0.0,0.0,0.0,0.0,0.0,0.0,0.0,0.0,0.0,0.0,0.0,0.0,0.0,0.0,0.0,0.0,0.0,0.0,0.0,0.0,0.0,0.0,0.0,0.0,0.0,0.0,0.0,0.0,0.0,0.0,0.0,0.0,0.0,0.0,0.0,0.0,0.0,0.0,0.0,0.0,0.0,0.0,0.0,0.0,0.0,0.0,0.0,0.0,0.0,0.0,0.0,0.0,0.0,0.0,0.0,0.0,0.0,0.0,0.0,0.0,0.0,
0.0,0.001,0.0,0.0,0.002,0.0,0.0,0.014,0.0,0.014,0.0,0.014,0.0,0.014,0.0,0.014,0.017,0.017,0.0,0.014,0.0,0.0,0.0,0.014,0.0,0.014,0.014,0.002,0.0,0.0,0.0,0.0,0.0,0.014,0.0,0.014,0.0,0.035,0.003,0.0,0.0,0.0,0.0,0.0,0.0,0.035,0.003,0.016,0.014,0.0,0.017,0.014,0.0,0.014,0.0,0.0,0.0,0.0,0.014,0.019,0.016,0.0,0.014,0.009,0.016,0.0,0.017,0.0,0.014,0.0,0.014,0.0,0.014,0.0,0.014,0.0,0.014,0.0,0.014,0.0,0.014,0.0,0.014,0.0,0.014,0.0,0.014,0.0,0.017,0.009,0.019,0.0,0.017,0.009,0.016,0.017,0.014,0.0,0.014,0.017,
0.0,0.032,0.036,0.01,0.051,0.033,0.056,0.037,0.039,0.002,0.052,0.034,0.061,0.059,0.058,0.033,0.029,0.06,0.035,0.002,0.026,0.06,0.066,0.062,0.052,0.046,0.031,0.062,0.034,0.062,0.034,0.062,0.034,0.029,0.029,0.028,0.029,0.028,0.053,0.031,0.027,0.029,0.029,0.028,0.053,0.047,0.055,0.031,0.027,0.06,0.034,0.028,0.053,0.031,0.027,0.06,0.034,0.028,0.053,0.031,0.027,0.06,0.034,0.028,0.053,0.031,0.027,0.029,0.029,0.06,0.034,0.062,0.034,0.062,0.034,0.062,0.034,0.028,0.053,0.031,0.027,0.06,0.034,0.05,0.058,0.057,0.032,0.028,0.053,0.031,0.027,0.06,0.034,0.062,0.034,0.028,0.053,0.031,0.027,0.05,
0.0,-0.003,0.003,-0.002,0.0,0.0,0.0,0.0,0.0,0.0,0.0,0.0,0.0,0.0,0.0,0.0,0.0,0.0,0.0,0.0,0.0,0.0,0.0,0.0,0.0,0.0,0.0,0.0,0.0,0.0,0.0,0.0,0.0,0.0,0.0,0.0,0.0,0.0,0.0,0.0,0.0,0.0,0.0,0.0,0.0,0.0,0.0,0.0,0.0,0.0,0.0,0.0,0.0,0.0,0.0,0.0,0.0,0.0,0.0,0.0,0.0,0.0,0.0,0.0,0.0,0.0,0.0,0.0,0.0,0.0,0.0,0.0,0.0,0.0,0.0,0.0,0.0,0.0,0.0,0.0,0.0,0.0,0.0,0.0,0.0,0.0,0.0,0.0,0.0,0.0,0.0,0.0,0.0,0.0,0.0,0.0,0.0,0.0,0.0,0.0,
0.0,0.0,0.0,0.019,0.0,0.016,0.0,0.017,0.033,0.022,0.0,0.017,0.017,0.0,0.017,0.0,0.0,0.017,0.033,0.003,0.017,0.017,0.024,0.019,0.024,0.017,0.022,0.017,0.0,0.017,0.033,0.003,0.0,0.017,0.017,0.0,0.017,0.0,0.0,-0.002,0.0,0.017,0.017,0.017,0.017,0.017,0.033,0.022,0.0,-0.002,0.0,-0.002,0.0,-0.002,0.0,0.017,0.017,0.017,0.033,0.022,0.024,0.019,0.0,0.017,0.033,0.003,0.0,0.017,0.033,0.022,0.024,0.0,0.0,0.017,0.033,0.003,0.0,-0.002,0.0,-0.002,0.0,-0.002,0.0,-0.002,0.0,0.017,0.017,0.017,0.033,0.022,0.024,0.019,0.024,0.017,0.024,0.019,0.024,0.017,0.022,0.017,
0.0,0.0,0.0,0.0,0.0,0.014,0.019,0.019,0.019,0.019,0.019,0.019,0.019,0.019,0.019,0.019,0.019,0.019,0.019,0.003,0.0,0.0,0.0,0.0,0.0,0.0,0.0,0.0,0.0,0.0,0.0,0.0,0.0,0.0,0.0,0.0,0.0,0.0,0.0,0.0,0.0,0.0,0.0,0.0,0.0,0.0,0.0,0.0,0.0,0.0,0.0,0.0,0.0,0.0,0.0,0.0,0.0,0.0,0.0,0.0,0.0,0.0,0.0,0.0,0.0,0.0,0.0,0.0,0.0,0.0,0.0,0.0,0.0,0.0,0.0,0.0,0.0,0.0,0.0,0.0,0.0,0.0,0.0,0.0,0.0,0.0,0.0,0.0,0.0,0.0,0.0,0.0,0.0,0.0,0.0,0.0,0.0,0.0,0.0,0.0,
0.0,0.001,0.0,0.0,0.0,0.0,0.0,0.0,0.0,0.0,0.0,0.0,0.0,0.0,0.0,0.0,0.0,0.0,0.0,0.0,0.0,0.0,0.0,0.0,0.0,0.0,0.0,0.0,0.0,0.0,0.0,0.0,0.0,0.0,0.0,0.0,0.0,0.0,0.0,0.0,0.0,0.0,0.0,0.0,0.0,0.0,0.0,0.0,0.0,0.0,0.0,0.0,0.0,0.0,0.0,0.0,0.0,0.0,0.0,0.0,0.0,0.0,0.0,0.0,0.0,0.0,0.0,0.0,0.0,0.0,0.0,0.0,0.0,0.0,0.0,0.0,0.0,0.0,0.0,0.0,0.0,0.0,0.0,0.0,0.0,0.0,0.0,0.0,0.0,0.0,0.0,0.0,0.0,0.0,0.0,0.0,0.0,0.0,0.0,0.0,
0.0,0.035,-0.011,-0.003,0.0,0.0,-0.002,-0.002,0.0,-0.002,-0.002,-0.002,0.0,-0.002,-0.002,-0.002,0.0,-0.002,-0.002,-0.002,0.0,-0.002,-0.002,-0.002,0.0,-0.002,-0.002,-0.002,0.0,-0.002,-0.002,-0.002,0.0,-0.002,-0.002,-0.002,0.0,-0.002,-0.002,-0.002,0.0,-0.002,-0.002,-0.002,0.0,-0.002,-0.002,-0.002,0.0,-0.002,-0.002,-0.002,0.0,-0.002,-0.002,-0.002,0.0,-0.002,-0.002,-0.002,0.0,-0.002,-0.002,-0.002,0.0,-0.002,-0.002,-0.002,0.0,-0.002,-0.002,-0.002,0.0,-0.002,-0.002,-0.002,0.0,-0.002,-0.002,-0.002,0.0,-0.002,-0.002,-0.002,0.0,-0.002,-0.002,-0.002,0.0,-0.002,-0.002,-0.002,0.0,-0.002,-0.002,-0.002,0.0,-0.002,-0.002,-0.002,
0.0,0.024,-0.002,0.002,0.002,0.003,0.002,0.003,0.002,0.003,0.002,0.003,0.002,0.003,0.002,0.003,0.002,0.003,0.002,0.003,0.002,0.003,0.002,0.003,0.002,0.003,0.002,0.003,0.002,0.003,0.002,0.003,0.002,0.003,0.002,0.003,0.002,0.003,0.002,0.003,0.002,0.003,0.002,0.003,0.002,0.003,0.002,0.003,0.002,0.003,0.002,0.003,0.002,0.003,0.002,0.003,0.002,0.003,0.002,0.003,0.002,0.003,0.002,0.003,0.002,0.003,0.002,0.003,0.002,0.003,0.002,0.003,0.002,0.003,0.002,0.003,0.002,0.003,0.002,0.003,0.002,0.003,0.002,0.003,0.002,0.003,0.002,0.003,0.002,0.003,0.002,0.003,0.002,0.003,0.002,0.003,0.002,0.003,0.002,0.008,
0.0,-0.001,-0.006,-0.002,0.0,0.0,0.0,0.0,0.0,0.0,0.0,0.0,0.0,0.0,0.0,0.0,0.0,0.0,0.0,0.0,0.0,0.0,0.0,0.0,0.0,0.0,0.0,0.0,0.0,0.0,0.0,0.0,0.0,0.0,0.0,0.0,0.0,0.0,0.0,0.0,0.0,0.0,0.0,0.0,0.0,0.0,0.0,0.0,0.0,0.0,0.0,0.0,0.0,0.0,0.0,0.0,0.0,0.0,0.0,0.0,0.0,0.0,0.0,0.0,0.0,0.0,0.0,0.0,0.0,0.0,0.0,0.0,0.0,0.0,0.0,0.0,0.0,0.0,0.0,0.0,0.0,0.0,0.0,0.0,0.0,0.0,0.0,0.0,0.0,0.0,0.0,0.0,0.0,0.0,0.0,0.0,0.0,0.0,0.0,0.0,
0.0,0.007,-0.003,-0.002,0.0,0.0,0.0,0.0,0.0,0.0,0.0,0.0,0.0,0.0,0.0,0.0,0.0,0.0,0.0,0.0,0.0,0.0,0.0,0.0,0.0,0.0,0.0,0.0,0.0,0.0,0.0,0.0,0.0,0.0,0.0,0.0,0.0,0.0,0.0,0.0,0.0,0.0,0.0,0.0,0.0,0.0,0.0,0.0,0.0,0.0,0.0,0.0,0.0,0.0,0.0,0.0,0.0,0.0,0.0,0.0,0.0,0.0,0.0,0.0,0.0,0.0,0.0,0.0,0.0,0.0,0.0,0.0,0.0,0.0,0.0,0.0,0.0,0.0,0.0,0.0,0.0,0.0,0.0,0.0,0.0,0.0,0.0,0.0,0.0,0.0,0.0,0.0,0.0,0.0,0.0,0.0,0.0,0.0,0.0,0.0,
0.0,0.004,-0.002,0.017,0.0,0.0,0.017,0.0,0.0,0.0,0.017,0.0,0.0,0.0,0.0,0.0,0.0,0.0,0.0,0.0,0.0,0.0,0.0,0.0,0.0,0.0,0.0,0.0,0.0,0.0,0.0,0.0,0.0,0.0,0.0,0.0,0.0,0.0,0.0,0.0,0.017,0.0,0.0,0.0,0.0,0.0,0.0,0.0,0.0,0.0,0.0,0.0,0.0,0.0,0.0,0.0,0.0,0.0,0.0,0.0,0.017,0.0,0.0,0.0,0.0,0.0,0.0,0.0,0.0,0.0,0.017,0.0,0.0,0.0,0.0,0.0,0.017,0.0,0.017,0.002,0.017,0.002,0.017,0.002,0.0,0.0,0.0,0.0,0.0,0.0,0.0,0.0,0.0,0.0,0.0,0.0,0.0,0.0,0.0,0.0,
0.0,0.001,0.022,0.0,0.0,-0.002,-0.002,-0.002,-0.002,-0.002,-0.002,-0.002,-0.002,-0.002,-0.002,-0.002,-0.002,-0.002,-0.002,-0.002,-0.002,-0.002,-0.002,-0.002,-0.002,-0.002,-0.002,-0.002,-0.002,-0.002,-0.002,-0.002,-0.002,-0.002,-0.002,-0.002,-0.002,-0.002,-0.002,-0.002,-0.002,-0.002,-0.002,-0.002,-0.002,-0.002,-0.002,-0.002,-0.002,-0.002,-0.002,-0.002,-0.002,-0.002,-0.002,-0.002,-0.002,-0.002,-0.002,-0.002,-0.002,-0.002,-0.002,-0.002,-0.002,-0.002,-0.002,-0.002,-0.002,-0.002,-0.002,-0.002,-0.002,-0.002,-0.002,-0.002,-0.002,-0.002,-0.002,-0.002,-0.002,-0.002,-0.002,-0.002,-0.002,-0.002,-0.002,-0.002,-0.002,-0.002,-0.002,-0.002,-0.002,-0.002,-0.002,-0.002,-0.002,-0.002,-0.002,-0.002,
0.0,0.016,0.012,0.0,0.0,0.0,0.0,0.0,0.0,0.0,0.0,0.0,0.0,0.0,0.0,0.0,0.0,0.0,0.0,0.0,0.0,0.0,0.0,0.0,0.0,0.0,0.0,0.0,0.0,0.0,0.0,0.0,0.0,0.0,0.0,0.0,0.0,0.0,0.0,0.0,0.0,0.0,0.0,0.0,0.0,0.0,0.0,0.0,0.0,0.0,0.0,0.0,0.0,0.0,0.0,0.0,0.0,0.0,0.0,0.0,0.0,0.0,0.0,0.0,0.0,0.0,0.0,0.0,0.0,0.0,0.0,0.0,0.0,0.0,0.0,0.0,0.0,0.0,0.0,0.0,0.0,0.0,0.0,0.0,0.0,0.0,0.0,0.0,0.0,0.0,0.0,0.0,0.0,0.0,0.0,0.0,0.0,0.0,0.0,0.0,
0.0,0.016,-0.009,-0.002,0.0,0.0,0.002,0.002,0.002,0.002,0.002,0.002,0.002,0.002,0.002,0.002,0.002,0.002,0.002,0.002,0.002,0.002,0.002,0.002,0.002,0.002,0.002,0.002,0.002,0.002,0.002,0.002,0.002,0.002,0.002,0.002,0.002,0.002,0.002,0.002,0.002,0.002,0.002,0.002,0.002,0.002,0.002,0.002,0.002,0.002,0.002,0.002,0.002,0.002,0.002,0.002,0.002,0.002,0.002,0.002,0.002,0.002,0.002,0.002,0.002,0.002,0.002,0.002,0.002,0.002,0.002,0.002,0.002,0.002,0.002,0.002,0.002,0.002,0.002,0.002,0.002,0.002,0.002,0.002,0.002,0.002,0.002,0.002,0.002,0.002,0.002,0.002,0.002,0.002,0.002,0.002,0.002,0.002,0.002,0.002,
0.0,0.015,-0.002,0.0,0.0,0.0,0.002,0.0,0.002,0.0,0.002,0.0,0.002,0.0,0.002,0.0,0.002,0.0,0.002,0.0,0.002,0.0,0.002,0.0,0.002,0.0,0.002,0.0,0.002,0.0,0.002,0.0,0.002,0.0,0.002,0.0,0.002,0.0,0.002,0.0,0.002,0.0,0.002,0.0,0.002,0.0,0.002,0.0,0.002,0.0,0.002,0.0,0.002,0.0,0.002,0.0,0.002,0.0,0.002,0.0,0.002,0.0,0.002,0.0,0.002,0.0,0.002,0.0,0.002,0.0,0.002,0.0,0.002,0.0,0.002,0.0,0.002,0.0,0.002,0.0,0.002,0.0,0.002,0.0,0.002,0.0,0.002,0.0,0.002,0.0,0.002,0.0,0.002,0.0,0.002,0.0,0.002,0.0,0.002,0.0,
0.0,0.036,-0.008,0.011,-0.002,0.003,-0.003,0.011,-0.005,0.024,-0.003,0.024,-0.003,0.024,-0.003,0.024,-0.003,0.024,-0.003,0.024,-0.003,0.024,-0.003,0.024,-0.003,0.024,-0.003,0.024,-0.003,0.024,-0.003,0.024,-0.003,0.024,-0.003,0.024,-0.003,0.024,-0.003,0.024,-0.003,0.024,-0.003,0.024,-0.003,0.024,-0.003,0.024,-0.003,0.024,-0.003,0.024,-0.003,0.024,-0.003,0.024,-0.003,0.024,-0.003,0.024,-0.003,0.024,-0.003,0.024,-0.003,0.024,-0.003,0.024,-0.003,0.024,-0.003,0.024,-0.003,0.024,-0.003,0.024,-0.003,0.024,-0.003,0.024,-0.003,0.024,-0.003,0.024,-0.003,0.024,-0.003,0.024,-0.003,0.024,-0.003,0.024,-0.003,0.024,-0.003,0.024,-0.003,0.024,-0.003,0.024,
0.0,0.022,-0.012,0.045,0.051,0.064,0.056,0.061,0.062,0.083,0.064,0.083,0.064,0.062,0.062,0.062,0.062,0.056,0.054,0.054,0.054,0.054,0.054,0.054,0.054,0.054,0.054,0.054,0.054,0.054,0.054,0.054,0.054,0.054,0.054,0.054,0.054,0.054,0.054,0.054,0.054,0.054,0.054,0.054,0.054,0.054,0.054,0.054,0.054,0.054,0.054,0.054,0.054,0.054,0.054,0.054,0.054,0.054,0.054,0.054,0.054,0.054,0.054,0.054,0.054,0.054,0.054,0.054,0.054,0.054,0.054,0.054,0.054,0.054,0.054,0.054,0.054,0.054,0.054,0.054,0.054,0.054,0.054,0.054,0.054,0.054,0.054,0.054,0.054,0.054,0.054,0.054,0.054,0.054,0.054,0.054,0.054,0.054,0.054,0.054,
0.0,0.001,0.002,-0.002,0.0,0.0,0.0,0.0,0.0,0.0,0.0,0.0,0.0,0.0,0.0,0.0,0.0,0.0,0.0,0.0,0.0,0.0,0.0,0.0,0.0,0.0,0.0,0.0,0.0,0.0,0.0,0.0,0.0,0.0,0.0,0.0,0.0,0.0,0.0,0.0,0.0,0.0,0.0,0.0,0.0,0.0,0.0,0.0,0.0,0.0,0.0,0.0,0.0,0.0,0.0,0.0,0.0,0.0,0.0,0.0,0.0,0.0,0.0,0.0,0.0,0.0,0.0,0.0,0.0,0.0,0.0,0.0,0.0,0.0,0.0,0.0,0.0,0.0,0.0,0.0,0.0,0.0,0.0,0.0,0.0,0.0,0.0,0.0,0.0,0.0,0.0,0.0,0.0,0.0,0.0,0.0,0.0,0.0,0.0,0.0,
0.0,0.043,0.033,0.089,0.002,0.105,0.005,0.087,0.005,0.0,0.056,0.005,0.019,0.023,0.035,0.005,0.002,0.0,0.0,-0.002,0.031,0.021,0.042,0.01,0.053,0.035,0.005,0.039,0.056,0.003,0.0,0.021,0.031,0.045,0.003,0.016,0.042,0.06,0.06,0.032,0.055,0.032,0.058,0.061,0.06,0.039,0.006,0.016,0.002,0.021,0.035,0.005,0.016,0.029,0.002,0.027,0.055,0.034,0.103,0.005,0.002,0.071,0.006,0.029,0.005,0.097,0.006,0.042,0.037,0.005,0.053,0.058,0.006,0.097,0.006,0.082,0.006,0.076,0.0,0.06,-0.002,-0.002,0.048,0.005,0.029,0.005,0.016,0.013,0.098,0.006,0.002,0.014,0.034,0.068,0.006,0.018,0.031,0.005,0.027,0.071,
0.0,0.019,-0.007,-0.002,-0.002,0.0,0.0,0.0,0.0,0.0,0.0,0.0,0.0,0.0,0.0,0.0,0.0,0.0,0.0,0.0,0.0,0.0,0.0,0.0,0.0,0.0,0.0,0.0,0.0,0.0,0.0,0.0,0.0,0.0,0.0,0.0,0.0,0.0,0.0,0.0,0.0,0.0,0.0,0.0,0.0,0.0,0.0,0.0,0.0,0.0,0.0,0.0,0.0,0.0,0.0,0.0,0.0,0.0,0.0,0.0,0.0,0.0,0.0,0.0,0.0,0.0,0.0,0.0,0.0,0.0,0.0,0.0,0.0,0.0,0.0,0.0,0.0,0.0,0.0,0.0,0.0,0.0,0.0,0.0,0.0,0.0,0.0,0.0,0.0,0.0,0.0,0.0,0.0,0.0,0.0,0.0,0.0,0.0,0.0,0.0,
0.0,0.036,-0.005,-0.002,0.005,0.0,0.008,0.0,0.0,0.0,0.0,0.0,0.008,0.0,0.005,0.008,0.0,0.006,0.0,0.0,0.0,0.006,0.008,0.006,0.008,0.0,0.0,0.0,0.005,0.0,0.0,0.0,0.0,0.0,0.0,0.0,0.0,0.0,0.0,0.0,0.0,0.006,0.008,0.0,0.005,0.0,0.003,0.0,0.0,0.0,0.0,0.0,0.0,0.006,0.0,0.0,0.0,0.0,0.008,0.0,0.005,0.005,0.0,0.0,0.006,0.0,0.0,0.0,0.0,0.0,0.0,0.0,0.0,0.0,0.0,0.005,0.0,0.0,0.0,0.005,0.008,0.0,0.0,0.0,0.005,0.0,0.003,0.0,0.0,0.0,0.0,0.0,0.005,0.0,0.0,0.006,0.0,0.0,0.0,0.006,
0.0,0.035,-0.008,0.021,-0.006,0.008,0.0,-0.002,0.0,-0.002,0.0,-0.002,0.0,0.0,0.005,0.006,0.002,0.008,0.0,-0.002,0.0,0.006,0.002,0.006,0.0,-0.002,0.0,0.005,-0.002,0.009,0.0,-0.002,0.0,0.005,0.002,0.006,0.008,-0.003,0.009,0.005,0.006,0.002,-0.002,0.0,-0.002,0.008,0.0,0.006,0.005,0.0,-0.002,0.006,0.006,0.0,0.0,0.008,0.002,0.005,0.0,-0.002,0.0,0.008,0.0,0.006,0.0,0.005,0.006,-0.003,0.003,0.003,0.0,-0.002,0.0,0.005,0.0,-0.002,0.0,0.005,0.002,0.0,0.0,0.0,0.0,0.005,0.0,0.0,0.0,0.0,-0.002,0.006,-0.002,0.005,0.006,-0.003,0.003,0.005,0.0,-0.002,0.0,0.015,
0.0,0.006,-0.003,0.0,0.0,0.0,0.0,0.0,0.0,0.0,0.0,0.0,0.0,0.0,0.0,0.0,0.0,0.0,0.0,0.0,0.0,0.0,0.0,0.0,0.0,0.0,0.0,0.0,0.0,0.0,0.0,0.0,0.0,0.0,0.0,0.0,0.0,0.0,0.0,0.0,0.0,0.0,0.0,0.0,0.0,0.0,0.0,0.0,0.0,0.0,0.0,0.0,0.0,0.0,0.0,0.0,0.0,0.0,0.0,0.0,0.0,0.0,0.0,0.0,0.0,0.0,0.0,0.0,0.0,0.0,0.0,0.0,0.0,0.0,0.0,0.0,0.0,0.0,0.0,0.0,0.0,0.0,0.0,0.0,0.0,0.0,0.0,0.0,0.0,0.0,0.0,0.0,0.0,0.0,0.0,0.0,0.0,0.0,0.0,0.0,
0.0,-0.076,-0.009,0.045,0.071,0.108,0.115,0.113,0.111,0.117,0.115,0.117,0.115,0.117,0.115,0.117,0.115,0.098,0.105,0.098,0.106,0.098,0.106,0.098,0.106,0.098,0.106,0.098,0.106,0.098,0.106,0.098,0.106,0.098,0.106,0.098,0.106,0.098,0.106,0.098,0.106,0.098,0.106,0.098,0.106,0.098,0.106,0.098,0.106,0.098,0.106,0.098,0.106,0.098,0.106,0.098,0.106,0.098,0.106,0.098,0.106,0.098,0.106,0.098,0.106,0.098,0.106,0.098,0.106,0.098,0.106,0.098,0.106,0.098,0.106,0.098,0.106,0.098,0.106,0.098,0.106,0.098,0.106,0.098,0.106,0.098,0.106,0.098,0.106,0.098,0.106,0.098,0.106,0.098,0.106,0.098,0.106,0.098,0.106,0.098,
0.0,0.004,-0.002,-0.002,0.0,0.0,0.0,0.0,0.0,0.0,0.0,0.0,0.0,0.0,0.0,0.0,0.0,0.0,0.0,0.0,0.0,0.0,0.0,0.0,0.0,0.0,0.0,0.0,0.0,0.0,0.0,0.0,0.0,0.0,0.0,0.0,0.0,0.0,0.0,0.0,0.0,0.0,0.0,0.0,0.0,0.0,0.0,0.0,0.0,0.0,0.0,0.0,0.0,0.0,0.0,0.0,0.0,0.0,0.0,0.0,0.0,0.0,0.0,0.0,0.0,0.0,0.0,0.0,0.0,0.0,0.0,0.0,0.0,0.0,0.0,0.0,0.0,0.0,0.0,0.0,0.0,0.0,0.0,0.0,0.0,0.0,0.0,0.0,0.0,0.0,0.0,0.0,0.0,0.0,0.0,0.0,0.0,0.0,0.0,0.0,
0.0,0.028,-0.009,0.008,0.0,0.008,0.006,0.008,0.0,0.006,0.009,0.037,0.038,0.038,0.04,0.04,0.04,0.04,0.04,0.04,0.04,0.04,0.04,0.04,0.04,0.04,0.04,0.04,0.04,0.04,0.04,0.04,0.04,0.04,0.04,0.04,0.04,0.04,0.04,0.04,0.04,0.04,0.04,0.04,0.04,0.04,0.04,0.04,0.04,0.04,0.04,0.04,0.04,0.04,0.04,0.04,0.04,0.04,0.04,0.04,0.04,0.04,0.04,0.04,0.04,0.04,0.04,0.04,0.04,0.04,0.04,0.04,0.04,0.04,0.04,0.04,0.04,0.04,0.04,0.04,0.04,0.04,0.04,0.04,0.04,0.04,0.04,0.04,0.04,0.04,0.04,0.04,0.04,0.04,0.04,0.04,0.04,0.04,0.04,0.04,
0.0,0.013,-0.003,-0.002,0.0,0.0,0.0,0.0,0.0,0.0,0.0,0.0,0.0,0.0,0.0,0.0,0.0,0.0,0.0,0.0,0.0,0.0,0.0,0.0,0.0,0.0,0.0,0.0,0.0,0.0,0.0,0.0,0.0,0.0,0.0,0.0,0.0,0.0,0.0,0.0,0.0,0.0,0.0,0.0,0.0,0.0,0.0,0.0,0.0,0.0,0.0,0.0,0.0,0.0,0.0,0.0,0.0,0.0,0.0,0.0,0.0,0.0,0.0,0.0,0.0,0.0,0.0,0.0,0.0,0.0,0.0,0.0,0.0,0.0,0.0,0.0,0.0,0.0,0.0,0.0,0.0,0.0,0.0,0.0,0.0,0.0,0.0,0.0,0.0,0.0,0.0,0.0,0.0,0.0,0.0,0.0,0.0,0.0,0.0,0.0,
0.0,0.05,0.03,0.007,0.02,0.002,0.0,0.0,0.0,0.0,0.0,0.0,0.0,0.0,0.0,0.0,0.0,0.0,0.0,0.01,0.015,0.005,-0.002,0.01,0.015,0.016,0.016,0.005,-0.002,0.012,0.003,0.0,0.0,0.0,0.0,0.01,0.015,0.005,0.0,0.0,0.0,0.0,0.0,0.0,0.0,0.0,0.0,0.012,0.003,0.0,0.0,0.0,0.0,0.012,0.003,0.012,0.003,0.0,0.0,0.0,0.0,0.012,0.003,0.0,0.0,0.012,0.003,0.0,0.0,0.012,0.003,0.0,0.0,0.0,0.0,0.0,0.0,0.0,0.0,0.0,0.0,0.012,0.003,0.0,0.0,0.0,0.0,0.0,0.0,0.012,0.003,0.0,0.0,0.0,0.0,0.012,0.003,0.0,0.0,0.067,
0.0,0.015,-0.004,0.003,-0.003,0.002,0.002,0.002,0.003,0.0,0.002,0.002,0.002,0.002,0.002,0.002,0.002,0.002,0.002,0.002,0.002,0.002,0.002,0.002,0.002,0.002,0.002,0.002,0.002,0.002,0.002,0.002,0.002,0.002,0.002,0.002,0.002,0.002,0.002,0.002,0.002,0.002,0.002,0.002,0.002,0.002,0.002,0.002,0.002,0.002,0.002,0.002,0.002,0.002,0.002,0.002,0.002,0.002,0.002,0.002,0.002,0.002,0.002,0.002,0.002,0.002,0.002,0.002,0.002,0.002,0.002,0.002,0.002,0.002,0.002,0.002,0.002,0.002,0.002,0.002,0.002,0.002,0.002,0.002,0.002,0.002,0.002,0.002,0.002,0.002,0.002,0.002,0.002,0.002,0.002,0.002,0.002,0.002,0.002,0.003,
0.0,-0.003,0.009,0.012,0.002,0.0,0.0,0.0,0.0,0.0,0.0,0.0,0.0,0.0,0.0,0.0,0.0,0.0,0.0,0.0,0.0,0.0,0.0,0.0,0.0,0.0,0.0,0.0,0.0,0.0,0.0,0.0,0.0,0.0,0.0,0.0,0.0,0.0,0.0,0.0,0.0,0.0,0.0,0.0,0.0,0.0,0.0,0.0,0.0,0.0,0.0,0.0,0.0,0.0,0.0,0.0,0.0,0.0,0.0,0.0,0.0,0.0,0.0,0.0,0.0,0.0,0.0,0.0,0.0,0.0,0.0,0.0,0.0,0.0,0.0,0.0,0.0,0.0,0.0,0.0,0.0,0.0,0.0,0.0,0.0,0.0,0.0,0.0,0.0,0.0,0.0,0.0,0.0,0.0,0.0,0.0,0.0,0.0,0.0,0.0,
0.0,0.043,-0.069,0.075,0.138,0.269,0.299,0.286,0.286,0.286,0.286,0.286,0.266,0.299,0.298,0.303,0.298,0.303,0.298,0.303,0.298,0.303,0.298,0.303,0.298,0.303,0.298,0.303,0.298,0.303,0.298,0.303,0.298,0.303,0.298,0.303,0.298,0.303,0.298,0.303,0.298,0.303,0.298,0.303,0.298,0.303,0.298,0.303,0.298,0.303,0.298,0.303,0.298,0.303,0.298,0.303,0.298,0.303,0.298,0.303,0.298,0.303,0.298,0.303,0.298,0.303,0.298,0.303,0.298,0.303,0.298,0.303,0.298,0.303,0.298,0.303,0.298,0.303,0.298,0.303,0.298,0.303,0.298,0.303,0.298,0.303,0.298,0.303,0.298,0.303,0.298,0.303,0.298,0.303,0.298,0.303,0.298,0.303,0.298,0.345,
0.0,0.016,-0.002,0.0,0.0,0.0,0.0,0.0,0.0,0.0,0.0,0.0,0.0,0.0,0.0,0.0,0.0,0.0,0.0,0.0,0.0,0.0,0.0,0.0,0.0,0.0,0.0,0.0,0.0,0.0,0.0,0.0,0.0,0.0,0.0,0.0,0.0,0.0,0.0,0.0,0.0,0.0,0.0,0.0,0.0,0.0,0.0,0.0,0.0,0.0,0.0,0.0,0.0,0.0,0.0,0.0,0.0,0.0,0.0,0.0,0.0,0.0,0.0,0.0,0.0,0.0,0.0,0.0,0.0,0.0,0.0,0.0,0.0,0.0,0.0,0.0,0.0,0.0,0.0,0.0,0.0,0.0,0.0,0.0,0.0,0.0,0.0,0.0,0.0,0.0,0.0,0.0,0.0,0.0,0.0,0.0,0.0,0.0,0.0,0.0,
0.0,0.009,-0.003,-0.002,0.0,0.0,0.0,0.0,0.0,0.0,0.0,0.0,0.0,0.0,0.0,0.0,0.0,0.0,0.0,0.0,0.0,0.0,0.0,0.0,0.0,0.0,0.0,0.0,0.0,0.0,0.0,0.0,0.0,0.0,0.0,0.0,0.0,0.0,0.0,0.0,0.0,0.0,0.0,0.0,0.0,0.0,0.0,0.0,0.0,0.0,0.0,0.0,0.0,0.0,0.0,0.0,0.0,0.0,0.0,0.0,0.0,0.0,0.0,0.0,0.0,0.0,0.0,0.0,0.0,0.0,0.0,0.0,0.0,0.0,0.0,0.0,0.0,0.0,0.0,0.0,0.0,0.0,0.0,0.0,0.0,0.0,0.0,0.0,0.0,0.0,0.0,0.0,0.0,0.0,0.0,0.0,0.0,0.0,0.0,0.0,
0.0,0.004,0.0,0.0,-0.002,0.0,-0.002,0.0,-0.002,0.0,-0.002,0.0,-0.002,0.0,-0.002,0.0,-0.002,0.0,-0.002,0.0,-0.002,0.0,-0.002,0.0,-0.002,0.0,-0.002,0.0,-0.002,0.0,-0.002,0.0,-0.002,0.0,-0.002,0.0,-0.002,0.0,-0.002,0.0,-0.002,0.0,-0.002,0.0,-0.002,0.0,-0.002,0.0,-0.002,0.0,-0.002,0.0,-0.002,0.0,-0.002,0.0,-0.002,0.0,-0.002,0.0,-0.002,0.0,-0.002,0.0,-0.002,0.0,-0.002,0.0,-0.002,0.0,-0.002,0.0,-0.002,0.0,-0.002,0.0,-0.002,0.0,-0.002,0.0,-0.002,0.0,-0.002,0.0,-0.002,0.0,-0.002,0.0,-0.002,0.0,-0.002,0.0,-0.002,0.0,-0.002,0.0,-0.002,0.0,-0.002,0.0,
0.0,0.0,0.0,-0.002,0.0,0.0,0.0,0.0,0.0,0.0,0.0,0.0,0.0,0.0,0.0,0.0,0.0,0.0,0.0,0.0,0.0,0.0,0.0,0.0,0.0,0.0,0.0,0.0,0.0,0.0,0.0,0.0,0.0,0.0,0.0,0.0,0.0,0.0,0.0,0.0,0.0,0.0,0.0,0.0,0.0,0.0,0.0,0.0,0.0,0.0,0.0,0.0,0.0,0.0,0.0,0.0,0.0,0.0,0.0,0.0,0.0,0.0,0.0,0.0,0.0,0.0,0.0,0.0,0.0,0.0,0.0,0.0,0.0,0.0,0.0,0.0,0.0,0.0,0.0,0.0,0.0,0.0,0.0,0.0,0.0,0.0,0.0,0.0,0.0,0.0,0.0,0.0,0.0,0.0,0.0,0.0,0.0,0.0,0.0,0.0,
0.0,0.02,-0.009,-0.002,0.005,0.0,0.002,0.002,0.014,0.014,0.014,0.016,0.014,0.017,0.04,0.037,0.017,0.017,0.04,0.037,0.017,0.017,0.04,0.037,0.017,0.017,0.04,0.037,0.017,0.017,0.04,0.037,0.017,0.017,0.04,0.037,0.017,0.017,0.04,0.037,0.017,0.017,0.04,0.037,0.017,0.017,0.04,0.037,0.017,0.017,0.04,0.037,0.017,0.017,0.04,0.037,0.017,0.017,0.04,0.037,0.017,0.017,0.04,0.037,0.017,0.017,0.04,0.037,0.017,0.017,0.04,0.037,0.017,0.017,0.04,0.037,0.017,0.017,0.04,0.037,0.017,0.017,0.04,0.037,0.017,0.017,0.04,0.037,0.017,0.017,0.04,0.037,0.017,0.017,0.04,0.037,0.017,0.017,0.04,0.037,
0.0,0.023,0.004,0.009,0.006,0.005,-0.003,0.003,-0.003,0.003,-0.003,0.017,-0.002,0.003,-0.003,0.003,-0.003,0.003,-0.003,0.017,-0.002,0.017,-0.002,0.017,0.009,0.012,0.019,0.009,0.012,0.017,-0.002,0.003,0.008,0.012,0.019,0.009,0.012,0.019,0.009,0.012,0.017,0.009,0.012,0.017,0.009,0.012,0.019,0.009,0.012,0.017,0.009,0.012,0.017,0.009,0.012,0.019,0.009,0.012,0.019,0.009,0.012,0.017,0.009,0.012,0.019,0.009,0.012,0.019,0.009,0.012,0.017,0.009,0.012,0.019,0.009,0.012,0.017,0.009,0.012,0.019,0.009,0.012,0.019,0.009,0.012,0.019,0.009,0.012,0.019,0.009,0.012,0.019,0.009,0.012,0.019,0.009,0.012,0.019,0.009,0.023,
0.0,0.01,0.0,0.0,0.0,0.0,0.0,0.0,0.0,0.0,0.0,0.0,0.0,0.0,0.0,0.0,0.0,0.0,0.0,0.0,0.0,0.0,0.0,0.0,0.0,0.0,0.0,0.0,0.0,0.0,0.0,0.0,0.0,0.0,0.0,0.0,0.0,0.0,0.0,0.0,0.0,0.0,0.0,0.0,0.0,0.0,0.0,0.0,0.0,0.0,0.0,0.0,0.0,0.0,0.0,0.0,0.0,0.0,0.0,0.0,0.0,0.0,0.0,0.0,0.0,0.0,0.0,0.0,0.0,0.0,0.0,0.0,0.0,0.0,0.0,0.0,0.0,0.0,0.0,0.0,0.0,0.0,0.0,0.0,0.0,0.0,0.0,0.0,0.0,0.0,0.0,0.0,0.0,0.0,0.0,0.0,0.0,0.0,0.0,0.0,
0.0,0.016,-0.006,-0.002,-0.002,-0.002,0.0,0.0,0.0,0.0,0.0,0.0,0.0,0.0,0.0,0.0,0.0,0.0,0.0,0.0,0.0,0.0,0.0,0.0,0.0,0.0,0.0,0.0,0.0,0.0,0.0,0.0,0.0,0.0,0.0,0.0,0.0,0.0,0.0,0.0,0.0,0.0,0.0,0.0,0.0,0.0,0.0,0.0,0.0,0.0,0.0,0.0,0.0,0.0,0.0,0.0,0.0,0.0,0.0,0.0,0.0,0.0,0.0,0.0,0.0,0.0,0.0,0.0,0.0,0.0,0.0,0.0,0.0,0.0,0.0,0.0,0.0,0.0,0.0,0.0,0.0,0.0,0.0,0.0,0.0,0.0,0.0,0.0,0.0,0.0,0.0,0.0,0.0,0.0,0.0,0.0,0.0,0.0,0.0,0.0,
0.0,0.038,0.0,0.011,0.002,0.012,0.0,0.012,0.008,0.002,0.0,0.002,0.0,0.002,0.0,0.002,0.0,0.009,0.0,0.0,0.0,0.002,0.0,0.012,0.0,0.012,0.0,0.002,0.0,0.014,0.02,0.002,0.0,0.009,0.002,0.011,0.017,0.014,0.0,0.0,0.002,0.0,0.014,0.026,0.002,0.0,0.014,0.002,0.014,0.02,0.002,0.011,0.008,0.002,0.002,0.002,0.0,0.002,0.0,0.002,0.0,0.002,0.0,0.002,0.0,0.002,0.0,0.002,0.0,0.002,0.0,0.002,0.0,0.002,0.0,0.002,0.0,0.002,0.0,0.002,0.0,0.002,0.0,0.002,0.0,0.002,0.0,0.002,0.0,0.002,0.0,0.002,0.0,0.002,0.0,0.002,0.0,0.002,0.0,0.002,
0.0,0.015,-0.005,0.003,-0.002,0.002,0.0,0.002,-0.002,0.002,-0.002,0.002,-0.002,0.002,-0.002,0.002,-0.002,0.002,-0.002,0.002,-0.002,0.002,-0.002,0.002,-0.002,0.002,-0.002,0.002,-0.002,0.002,-0.002,0.002,-0.002,0.002,-0.002,0.002,-0.002,0.002,-0.002,0.002,-0.002,0.002,-0.002,0.002,-0.002,0.002,-0.002,0.002,-0.002,0.002,-0.002,0.002,-0.002,0.002,-0.002,0.002,-0.002,0.002,-0.002,0.002,-0.002,0.002,-0.002,0.002,-0.002,0.002,-0.002,0.002,-0.002,0.002,-0.002,0.002,-0.002,0.002,-0.002,0.002,-0.002,0.002,-0.002,0.002,-0.002,0.002,-0.002,0.002,-0.002,0.002,-0.002,0.002,-0.002,0.002,-0.002,0.002,-0.002,0.002,-0.002,0.002,-0.002,0.002,-0.002,0.013,
0.0,0.0,0.002,0.0,0.0,0.0,0.0,0.0,0.0,0.0,0.0,0.0,0.0,0.0,0.0,0.0,0.0,0.0,0.0,0.0,0.0,0.0,0.0,0.0,0.0,0.0,0.0,0.0,0.0,0.0,0.0,0.0,0.0,0.0,0.0,0.0,0.0,0.0,0.0,0.0,0.0,0.0,0.0,0.0,0.0,0.0,0.0,0.0,0.0,0.0,0.0,0.0,0.0,0.0,0.0,0.0,0.0,0.0,0.0,0.0,0.0,0.0,0.0,0.0,0.0,0.0,0.0,0.0,0.0,0.0,0.0,0.0,0.0,0.0,0.0,0.0,0.0,0.0,0.0,0.0,0.0,0.0,0.0,0.0,0.0,0.0,0.0,0.0,0.0,0.0,0.0,0.0,0.0,0.0,0.0,0.0,0.0,0.0,0.0,0.0,
0.0,0.031,0.0,0.011,0.012,0.002,0.0,0.011,0.014,0.012,0.025,0.002,0.011,0.002,0.0,0.0,0.012,0.002,0.0,0.0,0.0,0.0,0.0,0.0,0.0,0.0,0.0,0.0,0.0,0.0,0.0,0.0,0.0,0.0,0.0,0.0,0.0,0.0,0.0,0.0,0.0,0.0,0.0,0.0,0.0,0.0,0.0,0.0,0.0,0.0,0.0,0.0,0.0,0.0,0.0,0.0,0.0,0.0,0.0,0.0,0.0,0.0,0.0,0.0,0.0,0.0,0.0,0.0,0.0,0.0,0.0,0.0,0.0,0.0,0.0,0.0,0.0,0.0,0.0,0.0,0.0,0.0,0.0,0.0,0.0,0.0,0.0,0.0,0.0,0.0,0.0,0.0,0.0,0.0,0.0,0.0,0.0,0.0,0.0,0.0,
0.0,0.006,0.005,-0.002,-0.002,0.0,0.0,0.0,0.0,0.0,0.0,0.0,0.0,0.0,0.0,0.0,0.0,0.0,0.0,0.0,0.0,0.0,0.0,0.0,0.0,0.0,0.0,0.0,0.0,0.0,0.0,0.0,0.0,0.0,0.0,0.0,0.0,0.0,0.0,0.0,0.0,0.0,0.0,0.0,0.0,0.0,0.0,0.0,0.0,0.0,0.0,0.0,0.0,0.0,0.0,0.0,0.0,0.0,0.0,0.0,0.0,0.0,0.0,0.0,0.0,0.0,0.0,0.0,0.0,0.0,0.0,0.0,0.0,0.0,0.0,0.0,0.0,0.0,0.0,0.0,0.0,0.0,0.0,0.0,0.0,0.0,0.0,0.0,0.0,0.0,0.0,0.0,0.0,0.0,0.0,0.0,0.0,0.0,0.0,0.0,
0.0,0.018,0.003,-0.002,0.0,0.0,0.0,0.0,0.0,0.016,0.0,0.0,0.016,0.002,0.0,0.0,0.0,0.0,0.0,0.009,0.0,0.0,0.0,0.0,0.0,0.0,0.012,0.0,-0.002,0.0,0.0,0.009,0.0,0.009,0.017,0.019,0.014,0.014,0.0,0.0,0.006,0.0,0.0,0.0,0.012,0.0,0.0,0.0,0.0,0.0,0.0,0.0,0.0,0.0,0.011,0.0,-0.002,0.0,0.0,0.0,0.0,0.014,0.0,0.0,0.0,0.0,0.0,0.0,0.011,0.0,-0.002,0.014,0.0,0.0,0.0,0.0,0.0,0.0,0.0,0.0,0.0,0.0,0.0,0.0,0.0,0.017,0.012,0.017,0.0,0.0,0.0,0.011,0.0,0.016,0.0,0.0,0.0,0.0,0.0,0.0,
0.0,0.032,0.005,0.023,0.024,0.005,-0.002,0.032,0.022,0.022,0.021,0.022,0.021,0.022,0.021,0.005,0.04,-0.002,0.039,-0.002,0.039,0.006,0.018,-0.003,0.016,-0.003,0.016,-0.003,0.016,-0.003,0.016,-0.003,0.016,-0.003,0.016,-0.003,0.016,-0.003,0.016,-0.003,0.016,-0.003,0.016,-0.003,0.016,-0.003,0.016,-0.003,0.016,-0.003,0.016,-0.003,0.016,-0.003,0.016,-0.003,0.016,-0.003,0.016,-0.003,0.016,-0.003,0.016,-0.003,0.016,-0.003,0.016,-0.003,0.016,-0.003,0.016,-0.003,0.016,-0.003,0.016,-0.003,0.016,-0.003,0.016,-0.003,0.016,-0.003,0.016,-0.003,0.016,-0.003,0.016,-0.003,0.016,-0.003,0.016,-0.003,0.016,-0.003,0.016,-0.003,0.016,-0.003,0.016,0.005,
0.0,0.005,0.002,0.036,0.052,0.057,0.057,0.057,0.057,0.057,0.057,0.057,0.057,0.057,0.057,0.057,0.057,0.057,0.057,0.057,0.057,0.057,0.057,0.057,0.057,0.057,0.057,0.057,0.057,0.057,0.057,0.057,0.057,0.057,0.057,0.057,0.057,0.057,0.057,0.057,0.057,0.057,0.057,0.057,0.057,0.057,0.057,0.057,0.057,0.057,0.057,0.057,0.057,0.057,0.057,0.057,0.057,0.057,0.057,0.057,0.057,0.057,0.057,0.057,0.057,0.057,0.057,0.057,0.057,0.057,0.057,0.057,0.057,0.057,0.057,0.057,0.057,0.057,0.057,0.057,0.057,0.057,0.057,0.057,0.057,0.057,0.057,0.057,0.057,0.057,0.057,0.057,0.057,0.057,0.057,0.057,0.057,0.057,0.057,0.057,
0.0,0.037,0.118,0.043,0.054,0.082,0.022,0.083,0.111,0.121,0.118,0.122,0.118,0.072,0.111,0.118,0.122,0.118,0.072,0.152,0.167,0.175,0.172,0.176,0.172,0.129,0.165,0.172,0.176,0.172,0.176,0.172,0.176,0.172,0.129,0.165,0.172,0.176,0.172,0.176,0.172,0.176,0.172,0.129,0.165,0.172,0.176,0.172,0.176,0.172,0.129,0.165,0.172,0.176,0.172,0.176,0.172,0.176,0.172,0.129,0.165,0.172,0.176,0.172,0.176,0.172,0.129,0.165,0.172,0.176,0.172,0.176,0.172,0.176,0.172,0.129,0.165,0.172,0.176,0.172,0.176,0.172,0.129,0.165,0.172,0.176,0.172,0.176,0.172,0.176,0.172,0.129,0.165,0.172,0.176,0.172,0.176,0.172,0.129,0.161,
0.0,0.04,-0.011,-0.002,0.0,0.0,0.0,0.0,0.0,0.0,0.0,0.0,0.0,0.0,0.0,0.0,0.0,0.0,0.0,0.0,0.0,0.0,0.0,0.0,0.0,0.0,0.0,0.0,0.0,0.0,0.0,0.0,0.0,0.0,0.0,0.0,0.0,0.0,0.0,0.0,0.0,0.0,0.0,0.0,0.0,0.0,0.0,0.0,0.0,0.0,0.0,0.0,0.0,0.0,0.0,0.0,0.0,0.0,0.0,0.0,0.0,0.0,0.0,0.0,0.0,0.0,0.0,0.0,0.0,0.0,0.0,0.0,0.0,0.0,0.0,0.0,0.0,0.0,0.0,0.0,0.0,0.0,0.0,0.0,0.0,0.0,0.0,0.0,0.0,0.0,0.0,0.0,0.0,0.0,0.0,0.0,0.0,0.0,0.0,0.0,
0.0,0.023,-0.002,0.002,0.0,0.0,0.0,0.0,0.0,0.0,0.0,0.0,0.0,0.0,0.0,0.0,0.0,0.0,0.0,0.0,0.0,0.0,0.0,0.0,0.0,0.0,0.0,0.0,0.0,0.0,0.0,0.0,0.0,0.0,0.0,0.0,0.0,0.0,0.0,0.0,0.0,0.0,0.0,0.0,0.0,0.0,0.0,0.0,0.0,0.0,0.0,0.0,0.0,0.0,0.0,0.0,0.0,0.0,0.0,0.0,0.0,0.0,0.0,0.0,0.0,0.0,0.0,0.0,0.0,0.0,0.0,0.0,0.0,0.0,0.0,0.0,0.0,0.0,0.0,0.0,0.0,0.0,0.0,0.0,0.0,0.0,0.0,0.0,0.0,0.0,0.0,0.0,0.0,0.0,0.0,0.0,0.0,0.0,0.0,0.0,
0.0,0.011,-0.007,0.011,0.034,0.041,0.03,0.022,0.041,0.033,0.02,0.041,0.016,0.014,0.0,0.011,0.016,0.036,0.019,0.038,0.019,0.038,0.019,0.038,0.019,0.038,0.019,0.038,0.019,0.038,0.019,0.038,0.019,0.038,0.019,0.038,0.019,0.038,0.019,0.038,0.019,0.038,0.019,0.038,0.019,0.038,0.019,0.038,0.019,0.038,0.019,0.038,0.019,0.038,0.019,0.038,0.019,0.038,0.019,0.038,0.019,0.038,0.019,0.038,0.019,0.038,0.019,0.038,0.019,0.038,0.019,0.038,0.019,0.038,0.019,0.038,0.019,0.038,0.019,0.038,0.019,0.038,0.019,0.038,0.019,0.038,0.019,0.038,0.019,0.038,0.019,0.038,0.019,0.038,0.019,0.038,0.019,0.038,0.019,0.039,
0.0,0.026,-0.012,-0.002,-0.002,0.0,0.0,0.0,0.0,0.0,0.0,0.0,0.0,0.0,0.0,0.0,0.0,0.0,0.0,0.0,0.0,0.0,0.0,0.0,0.0,0.0,0.0,0.0,0.0,0.0,0.0,0.0,0.0,0.0,0.0,0.0,0.0,0.0,0.0,0.0,0.0,0.0,0.0,0.0,0.0,0.0,0.0,0.0,0.0,0.0,0.0,0.0,0.0,0.0,0.0,0.0,0.0,0.0,0.0,0.0,0.0,0.0,0.0,0.0,0.0,0.0,0.0,0.0,0.0,0.0,0.0,0.0,0.0,0.0,0.0,0.0,0.0,0.0,0.0,0.0,0.0,0.0,0.0,0.0,0.0,0.0,0.0,0.0,0.0,0.0,0.0,0.0,0.0,0.0,0.0,0.0,0.0,0.0,0.0,0.0,
0.0,0.024,0.003,0.0,0.0,0.0,0.0,0.0,0.0,0.0,0.0,0.0,0.0,0.0,0.0,0.0,0.0,0.0,0.0,0.0,0.0,0.0,0.0,0.0,0.0,0.0,0.0,0.0,0.0,0.0,0.0,0.0,0.0,0.0,0.0,0.0,0.0,0.0,0.0,0.0,0.0,0.0,0.0,0.0,0.0,0.0,0.0,0.0,0.0,0.0,0.0,0.0,0.0,0.0,0.0,0.0,0.0,0.0,0.0,0.0,0.0,0.0,0.0,0.0,0.0,0.0,0.0,0.0,0.0,0.0,0.0,0.0,0.0,0.0,0.0,0.0,0.0,0.0,0.0,0.0,0.0,0.0,0.0,0.0,0.0,0.0,0.0,0.0,0.0,0.0,0.0,0.0,0.0,0.0,0.0,0.0,0.0,0.0,0.0,0.0,
0.0,0.008,0.017,0.002,0.003,-0.002,0.003,0.011,0.003,-0.002,0.002,0.011,0.017,0.0,0.016,0.0,0.002,-0.002,0.002,-0.002,0.002,-0.002,0.002,-0.002,0.002,-0.002,0.002,-0.002,0.002,-0.002,0.002,-0.002,0.002,-0.002,0.002,-0.002,0.002,-0.002,0.002,-0.002,0.002,-0.002,0.002,-0.002,0.002,-0.002,0.002,-0.002,0.002,-0.002,0.002,-0.002,0.002,-0.002,0.002,-0.002,0.002,-0.002,0.002,-0.002,0.002,-0.002,0.002,-0.002,0.002,-0.002,0.002,-0.002,0.002,-0.002,0.002,-0.002,0.002,-0.002,0.002,-0.002,0.002,-0.002,0.002,-0.002,0.002,-0.002,0.002,-0.002,0.002,-0.002,0.002,-0.002,0.002,-0.002,0.002,-0.002,0.002,-0.002,0.002,-0.002,0.002,-0.002,0.002,0.011,
0.0,0.0,-0.002,-0.002,0.0,0.0,0.0,0.0,0.0,0.0,0.0,0.0,0.0,0.0,0.0,0.0,0.0,0.0,0.0,0.0,0.0,0.0,0.0,0.0,0.0,0.0,0.0,0.0,0.0,0.0,0.0,0.0,0.0,0.0,0.0,0.0,0.0,0.0,0.0,0.0,0.0,0.0,0.0,0.0,0.0,0.0,0.0,0.0,0.0,0.0,0.0,0.0,0.0,0.0,0.0,0.0,0.0,0.0,0.0,0.0,0.0,0.0,0.0,0.0,0.0,0.0,0.0,0.0,0.0,0.0,0.0,0.0,0.0,0.0,0.0,0.0,0.0,0.0,0.0,0.0,0.0,0.0,0.0,0.0,0.0,0.0,0.0,0.0,0.0,0.0,0.0,0.0,0.0,0.0,0.0,0.0,0.0,0.0,0.0,0.0,
0.0,0.012,-0.005,0.031,0.002,0.021,0.042,0.041,0.039,0.041,0.044,0.046,0.044,0.046,0.044,0.046,0.044,0.046,0.044,0.046,0.044,0.046,0.044,0.046,0.044,0.046,0.044,0.046,0.044,0.046,0.044,0.046,0.044,0.046,0.044,0.046,0.044,0.046,0.044,0.046,0.044,0.046,0.044,0.046,0.044,0.046,0.044,0.046,0.044,0.046,0.044,0.046,0.044,0.046,0.044,0.046,0.044,0.046,0.044,0.046,0.044,0.046,0.044,0.046,0.044,0.046,0.044,0.046,0.044,0.046,0.044,0.046,0.044,0.046,0.044,0.046,0.044,0.046,0.044,0.046,0.044,0.046,0.044,0.046,0.044,0.046,0.044,0.046,0.044,0.046,0.044,0.046,0.044,0.046,0.044,0.046,0.044,0.046,0.044,0.046,
0.0,0.009,-0.002,-0.003,0.0,0.012,0.014,0.0,0.0,0.035,0.045,0.031,0.043,0.049,0.041,0.048,0.051,0.051,0.041,0.048,0.051,0.051,0.041,0.048,0.051,0.051,0.041,0.048,0.051,0.051,0.041,0.048,0.051,0.051,0.041,0.048,0.051,0.051,0.041,0.048,0.051,0.051,0.041,0.048,0.051,0.051,0.041,0.048,0.051,0.051,0.041,0.048,0.051,0.051,0.041,0.048,0.051,0.051,0.041,0.048,0.051,0.051,0.041,0.048,0.051,0.051,0.041,0.048,0.051,0.051,0.041,0.048,0.051,0.051,0.041,0.048,0.051,0.051,0.041,0.048,0.051,0.051,0.041,0.048,0.051,0.051,0.041,0.048,0.051,0.051,0.041,0.048,0.051,0.051,0.041,0.048,0.051,0.051,0.041,0.048,
0.0,0.0,0.0,-0.002,0.0,0.0,0.0,0.0,0.0,0.0,0.0,0.0,0.0,0.0,0.0,0.0,0.0,0.0,0.0,0.0,0.0,0.0,0.0,0.0,0.0,0.0,0.0,0.0,0.0,0.0,0.0,0.0,0.0,0.0,0.0,0.0,0.0,0.0,0.0,0.0,0.0,0.0,0.0,0.0,0.0,0.0,0.0,0.0,0.0,0.0,0.0,0.0,0.0,0.0,0.0,0.0,0.0,0.0,0.0,0.0,0.0,0.0,0.0,0.0,0.0,0.0,0.0,0.0,0.0,0.0,0.0,0.0,0.0,0.0,0.0,0.0,0.0,0.0,0.0,0.0,0.0,0.0,0.0,0.0,0.0,0.0,0.0,0.0,0.0,0.0,0.0,0.0,0.0,0.0,0.0,0.0,0.0,0.0,0.0,0.0,
0.0,0.024,-0.009,0.002,0.0,0.0,0.0,0.0,0.0,0.0,0.0,0.0,0.0,0.0,0.0,0.0,0.0,0.0,0.0,0.0,0.0,0.0,0.0,0.0,0.0,0.0,0.0,0.0,0.0,0.0,0.0,0.0,0.0,0.0,0.0,0.0,0.0,0.0,0.0,0.008,0.002,0.002,0.0,0.002,0.0,0.002,0.0,0.002,0.0,0.002,0.0,0.002,0.0,0.002,0.0,0.002,0.0,0.002,0.0,0.002,0.0,0.002,0.0,0.002,0.0,0.002,0.0,0.002,0.0,0.002,0.0,0.002,0.0,0.002,0.0,0.002,0.0,0.002,0.0,0.002,0.0,0.002,0.0,0.002,0.0,0.002,0.0,0.002,0.0,0.002,0.0,0.002,0.0,0.002,0.0,0.002,0.0,0.002,0.0,0.014,
0.0,0.019,-0.003,0.002,0.0,0.0,0.0,0.0,0.0,0.0,0.0,0.0,0.0,0.0,0.0,0.0,0.0,0.0,0.0,0.0,0.0,0.0,0.0,0.0,0.0,0.0,0.0,0.0,0.0,0.0,0.0,0.0,0.0,0.0,0.0,0.0,0.0,0.0,0.0,0.0,0.0,0.0,0.0,0.0,0.0,0.0,0.0,0.0,0.0,0.0,0.0,0.0,0.0,0.0,0.0,0.0,0.0,0.0,0.0,0.0,0.0,0.0,0.0,0.0,0.0,0.0,0.0,0.0,0.0,0.0,0.0,0.0,0.0,0.0,0.0,0.0,0.0,0.0,0.0,0.0,0.0,0.0,0.0,0.0,0.0,0.0,0.0,0.0,0.0,0.0,0.0,0.0,0.0,0.0,0.0,0.0,0.0,0.0,0.0,0.0,
0.0,0.015,-0.002,-0.002,-0.002,0.0,-0.002,0.0,-0.002,0.0,-0.002,0.0,-0.002,0.0,-0.002,0.0,-0.002,0.0,-0.002,0.0,-0.002,0.0,-0.002,0.0,-0.002,0.0,-0.002,0.0,-0.002,0.0,-0.002,0.0,-0.002,0.0,-0.002,0.0,-0.002,0.0,-0.002,0.0,-0.002,0.0,-0.002,0.0,-0.002,0.0,-0.002,0.0,-0.002,0.0,-0.002,0.0,-0.002,0.0,-0.002,0.0,-0.002,0.0,-0.002,0.0,-0.002,0.0,-0.002,0.0,-0.002,0.0,-0.002,0.0,-0.002,0.0,-0.002,0.0,-0.002,0.0,-0.002,0.0,-0.002,0.0,-0.002,0.0,-0.002,0.0,-0.002,0.0,-0.002,0.0,-0.002,0.0,-0.002,0.0,-0.002,0.0,-0.002,0.0,-0.002,0.0,-0.002,0.0,-0.002,0.0,
0.0,0.003,-0.008,-0.002,0.0,0.0,0.019,0.003,0.0,0.0,0.0,0.0,0.019,0.003,0.0,0.0,0.019,0.003,0.0,0.0,0.019,0.003,0.019,0.003,0.019,0.003,0.019,0.003,0.019,0.003,0.019,0.003,0.019,0.003,0.019,0.003,0.019,0.003,0.019,0.003,0.019,0.003,0.019,0.003,0.019,0.003,0.019,0.003,0.019,0.003,0.019,0.003,0.019,0.003,0.019,0.003,0.019,0.003,0.019,0.003,0.019,0.003,0.019,0.003,0.019,0.003,0.019,0.003,0.019,0.003,0.019,0.003,0.019,0.003,0.019,0.003,0.019,0.003,0.019,0.003,0.019,0.003,0.019,0.003,0.019,0.003,0.019,0.003,0.019,0.003,0.019,0.003,0.019,0.003,0.019,0.003,0.019,0.003,0.019,0.003,
0.0,0.008,0.017,0.003,0.0,0.0,0.0,0.0,0.0,0.0,0.0,0.0,0.0,0.0,0.0,0.0,0.0,0.0,0.0,0.0,0.0,0.0,0.0,0.0,0.0,0.0,0.0,0.0,0.0,0.0,0.0,0.0,0.0,0.0,0.0,0.0,0.0,0.0,0.0,0.0,0.0,0.0,0.0,0.0,0.0,0.0,0.0,0.0,0.0,0.0,0.0,0.0,0.0,0.0,0.0,0.0,0.0,0.0,0.0,0.0,0.0,0.0,0.0,0.0,0.0,0.0,0.0,0.0,0.0,0.0,0.0,0.0,0.0,0.0,0.0,0.0,0.0,0.0,0.0,0.0,0.0,0.0,0.0,0.0,0.0,0.0,0.0,0.0,0.0,0.0,0.0,0.0,0.0,0.0,0.0,0.0,0.0,0.0,0.0,0.0,
0.0,0.04,-0.002,0.0,0.0,0.0,0.002,0.026,0.002,0.002,0.0,0.002,0.0,0.009,0.002,0.002,0.0,0.002,0.0,0.009,0.002,0.002,0.009,0.002,0.0,0.002,0.0,0.009,0.002,0.008,0.0,0.002,0.0,0.002,0.0,0.002,0.0,0.002,0.0,0.002,0.0,0.009,0.002,0.002,0.0,0.002,0.0,0.009,0.002,0.002,0.0,0.002,0.0,0.002,0.009,0.002,0.0,0.002,0.009,0.002,0.0,0.009,0.0,0.002,0.0,0.002,0.0,0.002,0.009,0.011,0.0,0.002,0.0,0.002,0.009,0.002,0.0,0.002,0.0,0.002,0.0,0.002,0.0,0.002,0.0,0.002,0.009,0.002,0.009,0.002,0.0,0.002,0.0,0.002,0.0,0.002,0.0,0.002,0.0,0.008,
0.0,0.0,0.0,0.0,0.0,0.016,0.0,0.0,0.016,0.0,0.0,0.0,0.0,0.016,0.0,0.0,0.0,0.0,0.0,0.033,0.042,0.005,0.0,0.0,0.0,0.0,0.0,0.0,0.0,0.0,0.0,0.0,0.0,0.0,0.0,0.0,0.0,0.0,0.0,0.0,0.0,0.033,0.019,0.002,0.033,0.042,0.037,0.042,0.005,0.016,0.0,0.0,0.0,0.033,0.042,0.037,0.042,0.005,0.0,0.0,0.0,0.0,0.0,0.0,0.0,0.0,0.0,0.0,0.0,0.0,0.0,0.0,0.0,0.0,0.0,0.0,0.0,0.0,0.0,0.0,0.033,0.019,0.002,0.033,0.042,0.037,0.042,0.005,0.016,0.0,0.0,0.0,0.033,0.042,0.037,0.042,0.005,0.0,0.0,0.0,
0.0,0.016,-0.008,-0.006,0.0,0.002,0.002,0.002,0.002,0.002,0.002,0.002,0.002,0.002,0.002,0.002,0.002,0.002,0.002,0.002,0.002,0.002,0.002,0.002,0.002,0.002,0.002,0.002,0.002,0.002,0.002,0.002,0.002,0.002,0.002,0.002,0.002,0.002,0.002,0.002,0.002,0.002,0.002,0.002,0.002,0.002,0.002,0.002,0.002,0.002,0.002,0.002,0.002,0.002,0.002,0.002,0.002,0.002,0.002,0.002,0.002,0.002,0.002,0.002,0.002,0.002,0.002,0.002,0.002,0.002,0.002,0.002,0.002,0.002,0.002,0.002,0.002,0.002,0.002,0.002,0.002,0.002,0.002,0.002,0.002,0.002,0.002,0.002,0.002,0.002,0.002,0.002,0.002,0.002,0.002,0.002,0.002,0.002,0.002,0.002,
0.0,0.0,0.0,-0.002,0.0,0.0,0.0,0.0,0.0,0.0,0.0,0.0,0.0,0.0,0.0,0.0,0.0,0.0,0.0,0.0,0.0,0.0,0.0,0.0,0.0,0.0,0.0,0.0,0.0,0.0,0.0,0.0,0.0,0.0,0.0,0.0,0.0,0.0,0.0,0.0,0.0,0.0,0.0,0.0,0.0,0.0,0.0,0.0,0.0,0.0,0.0,0.0,0.0,0.0,0.0,0.0,0.0,0.0,0.0,0.0,0.0,0.0,0.0,0.0,0.0,0.0,0.0,0.0,0.0,0.0,0.0,0.0,0.0,0.0,0.0,0.0,0.0,0.0,0.0,0.0,0.0,0.0,0.0,0.0,0.0,0.0,0.0,0.0,0.0,0.0,0.0,0.0,0.0,0.0,0.0,0.0,0.0,0.0,0.0,0.0,
0.0,0.011,-0.003,0.002,0.024,0.028,-0.002,0.0,0.026,-0.002,0.006,-0.002,0.008,0.0,0.003,0.0,0.031,0.002,-0.003,-0.002,-0.003,0.006,0.026,-0.002,0.0,0.026,-0.002,0.0,-0.002,0.031,0.002,-0.003,0.006,0.026,-0.002,0.0,0.026,-0.002,0.006,0.028,-0.002,0.0,0.026,-0.002,0.013,0.0,0.024,0.028,-0.002,0.028,0.029,-0.002,0.0,0.026,-0.002,0.028,0.029,-0.002,0.0,-0.002,0.024,0.002,-0.003,0.026,-0.002,0.028,0.029,-0.002,0.0,0.026,-0.002,0.0,-0.002,0.008,0.008,0.026,-0.002,0.0,0.026,-0.002,0.028,0.029,-0.002,0.028,0.029,-0.002,0.0,-0.002,0.031,0.002,0.031,0.008,0.026,-0.002,0.028,0.029,-0.002,0.028,0.029,0.023,
0.0,0.059,-0.012,-0.002,0.0,-0.002,0.0,0.0,0.0,0.0,0.0,0.0,0.0,0.006,0.0,-0.002,0.0,0.006,0.0,-0.002,0.0,0.0,0.0,0.006,0.0,-0.002,0.0,0.0,0.0,0.0,0.0,0.0,0.0,0.0,0.0,0.0,0.0,0.0,0.0,0.0,0.0,0.0,0.0,0.006,0.0,-0.002,0.0,0.006,0.0,-0.002,0.0,0.006,0.0,-0.002,0.0,0.0,0.0,0.0,0.0,0.0,0.0,0.0,0.0,0.006,0.0,-0.002,0.0,0.006,0.0,-0.002,0.0,0.0,0.0,0.0,0.0,0.0,0.0,0.0,0.0,0.0,0.0,0.0,0.0,0.0,0.0,0.0,0.0,0.0,0.0,0.0,0.0,0.0,0.0,0.0,0.0,0.0,0.0,0.006,0.0,-0.002,
0.0,0.033,0.027,0.071,0.027,0.029,0.05,0.055,0.027,0.031,0.034,0.039,0.048,0.029,0.048,0.055,0.027,0.055,0.027,0.048,0.045,0.029,0.05,0.002,0.032,0.027,0.027,0.052,0.047,0.045,0.029,0.05,0.002,0.032,0.027,0.048,0.029,0.032,0.048,0.003,0.047,0.055,0.045,0.026,0.002,0.0,0.0,0.032,0.048,0.029,0.029,0.032,0.048,0.029,0.048,0.05,0.029,0.029,0.002,0.0,0.0,0.032,0.048,0.047,0.045,0.029,0.002,0.032,0.048,0.029,0.052,0.047,0.029,0.027,0.047,0.029,0.029,0.002,0.0,0.032,0.027,0.048,0.029,0.002,0.031,0.029,0.002,0.027,0.027,0.055,0.029,0.032,0.029,0.024,0.047,0.029,0.029,0.026,0.043,0.027,
0.0,0.011,-0.002,0.0,0.0,0.021,0.017,0.002,-0.002,0.0,0.0,0.0,0.0,0.0,0.0,0.021,0.002,0.0,0.0,0.016,0.002,0.0,0.0,0.0,0.0,0.0,0.0,0.0,0.0,0.0,0.016,0.002,0.0,0.0,0.0,0.0,0.0,0.0,0.0,0.0,0.0,0.0,0.0,0.0,0.0,0.0,0.0,0.0,0.0,0.0,0.0,0.0,0.0,0.0,0.0,0.0,0.0,0.0,0.0,0.0,0.0,0.0,0.0,0.0,0.0,0.0,0.0,0.0,0.0,0.0,0.0,0.0,0.0,0.0,0.0,0.0,0.0,0.0,0.0,0.0,0.0,0.0,0.0,0.0,0.0,0.0,0.0,0.0,0.0,0.0,0.0,0.0,0.0,0.0,0.0,0.0,0.0,0.0,0.0,0.0,
0.0,0.004,0.0,0.0,0.008,0.002,0.0,0.0,0.0,0.0,0.0,0.0,0.0,0.0,0.0,0.0,0.009,0.0,0.0,0.0,0.009,0.0,0.009,0.0,0.0,0.0,0.0,0.0,0.009,0.0,0.0,0.0,0.009,0.0,0.0,0.0,0.0,0.008,0.0,0.008,0.0,0.008,0.0,0.008,0.0,0.008,0.0,0.008,0.0,0.008,0.0,0.008,0.0,0.008,0.0,0.008,0.0,0.008,0.0,0.008,0.0,0.008,0.0,0.008,0.0,0.008,0.0,0.008,0.0,0.008,0.0,0.008,0.0,0.008,0.0,0.008,0.0,0.008,0.0,0.008,0.0,0.008,0.0,0.008,0.0,0.008,0.0,0.008,0.0,0.008,0.0,0.008,0.0,0.008,0.0,0.008,0.0,0.008,0.0,0.008,
0.0,0.017,-0.01,0.005,0.005,-0.002,0.012,0.003,0.0,0.003,-0.002,0.003,-0.002,0.003,0.012,0.003,0.0,0.003,-0.002,0.003,-0.002,0.003,-0.002,0.003,-0.002,0.003,-0.002,0.003,-0.002,0.003,-0.002,0.003,-0.002,0.003,-0.002,0.003,-0.002,0.003,-0.002,0.003,-0.002,0.012,0.022,0.003,0.011,0.002,0.0,0.003,-0.002,0.003,-0.002,0.003,-0.002,0.003,0.012,0.003,0.0,0.003,-0.002,0.003,-0.002,0.003,-0.002,0.012,0.0,0.003,-0.002,0.003,-0.002,0.003,-0.002,0.003,-0.002,0.003,-0.002,0.003,-0.002,0.011,0.0,0.003,-0.002,0.003,-0.002,0.003,-0.002,0.003,-0.002,0.003,-0.002,0.003,-0.002,0.003,-0.002,0.003,-0.002,0.003,-0.002,0.003,-0.002,0.003,
0.0,0.001,0.0,-0.002,-0.002,0.0,0.0,0.0,0.0,0.0,0.0,0.0,0.0,0.0,0.0,0.0,0.0,0.0,0.0,0.0,0.0,0.0,0.0,0.0,0.0,0.0,0.0,0.0,0.0,0.0,0.0,0.0,0.0,0.0,0.0,0.0,0.0,0.0,0.0,0.0,0.0,0.0,0.0,0.0,0.0,0.0,0.0,0.0,0.0,0.0,0.0,0.0,0.0,0.0,0.0,0.0,0.0,0.0,0.0,0.0,0.0,0.0,0.0,0.0,0.0,0.0,0.0,0.0,0.0,0.0,0.0,0.0,0.0,0.0,0.0,0.0,0.0,0.0,0.0,0.0,0.0,0.0,0.0,0.0,0.0,0.0,0.0,0.0,0.0,0.0,0.0,0.0,0.0,0.0,0.0,0.0,0.0,0.0,0.0,0.0,
0.0,0.048,0.038,-0.023,0.07,0.071,0.05,0.002,0.0,0.079,0.017,0.041,0.079,0.051,0.003,0.003,0.031,0.05,0.003,0.003,0.031,0.096,0.018,0.0,0.068,0.094,0.007,0.081,0.017,0.073,0.093,0.078,0.008,0.031,0.038,0.079,0.003,0.002,0.031,0.002,0.002,0.0,0.031,0.048,0.002,0.036,0.003,0.031,0.038,0.102,0.06,0.005,0.003,0.046,0.069,0.028,0.031,0.002,0.048,0.069,0.06,0.033,0.002,0.002,0.031,0.084,0.06,0.003,0.055,0.074,0.071,0.003,0.031,0.05,0.041,0.005,0.031,0.002,0.002,0.0,0.0,0.031,0.002,0.002,0.0,0.031,0.002,0.048,0.069,0.041,0.051,0.086,0.074,0.007,0.003,0.031,0.038,0.079,0.051,0.003,
0.0,0.001,0.0,-0.002,-0.002,-0.002,-0.002,-0.002,-0.002,-0.002,-0.002,-0.002,-0.002,-0.002,-0.002,-0.002,-0.002,-0.002,-0.002,-0.002,-0.002,-0.002,-0.002,-0.002,-0.002,-0.002,-0.002,-0.002,-0.002,-0.002,-0.002,-0.002,-0.002,-0.002,-0.002,-0.002,-0.002,-0.002,-0.002,-0.002,-0.002,-0.002,-0.002,-0.002,-0.002,-0.002,-0.002,-0.002,-0.002,-0.002,-0.002,-0.002,-0.002,-0.002,-0.002,-0.002,-0.002,-0.002,-0.002,-0.002,-0.002,-0.002,-0.002,-0.002,-0.002,-0.002,-0.002,-0.002,-0.002,-0.002,-0.002,-0.002,-0.002,-0.002,-0.002,-0.002,-0.002,-0.002,-0.002,-0.002,-0.002,-0.002,-0.002,-0.002,-0.002,-0.002,-0.002,-0.002,-0.002,-0.002,-0.002,-0.002,-0.002,-0.002,-0.002,-0.002,-0.002,-0.002,-0.002,-0.002,
0.0,0.021,0.0,0.002,0.0,0.0,0.0,0.0,0.0,0.0,0.0,0.0,0.0,0.0,0.0,0.0,0.0,0.0,0.0,0.0,0.0,0.0,0.0,0.0,0.0,0.0,0.0,0.0,0.0,0.0,0.0,0.0,0.0,0.0,0.0,0.0,0.0,0.0,0.0,0.0,0.0,0.0,0.0,0.0,0.0,0.0,0.0,0.0,0.0,0.0,0.0,0.0,0.0,0.0,0.0,0.0,0.0,0.0,0.0,0.0,0.0,0.0,0.0,0.0,0.0,0.0,0.0,0.0,0.0,0.0,0.0,0.0,0.0,0.0,0.0,0.0,0.0,0.0,0.0,0.0,0.0,0.0,0.0,0.0,0.0,0.0,0.0,0.0,0.0,0.0,0.0,0.0,0.0,0.0,0.0,0.0,0.0,0.0,0.0,0.0,
0.0,0.019,-0.008,-0.002,-0.003,-0.002,-0.003,0.017,-0.002,-0.002,-0.003,-0.002,0.002,-0.002,-0.003,-0.002,-0.003,0.017,-0.002,-0.002,-0.003,-0.002,-0.003,-0.002,-0.003,0.017,-0.002,-0.002,-0.003,-0.002,-0.003,-0.002,-0.003,0.017,-0.002,-0.002,-0.003,-0.002,-0.003,-0.002,-0.003,-0.002,-0.003,0.017,0.006,0.0,-0.003,0.016,-0.002,-0.002,-0.003,-0.002,-0.003,-0.002,-0.003,-0.002,-0.003,-0.002,-0.003,-0.002,-0.003,-0.002,-0.003,0.017,-0.002,-0.002,-0.003,0.014,0.003,0.0,-0.003,0.017,-0.002,-0.002,-0.003,-0.002,-0.003,-0.002,-0.003,0.022,-0.002,-0.002,-0.003,0.014,0.003,0.0,-0.003,-0.002,-0.003,0.017,-0.002,0.019,-0.002,-0.002,-0.003,0.014,-0.002,-0.002,-0.003,-0.002,
0.0,0.005,-0.005,-0.003,0.003,-0.002,0.003,-0.002,0.003,-0.002,0.006,-0.002,-0.003,0.003,-0.003,-0.002,0.002,-0.002,-0.002,0.002,-0.002,-0.002,0.002,-0.002,-0.002,0.002,-0.002,-0.002,0.002,-0.002,-0.002,0.002,-0.002,-0.002,0.002,-0.002,-0.002,0.002,-0.002,-0.002,0.002,-0.002,-0.002,0.002,-0.002,-0.002,0.002,-0.002,-0.002,0.002,-0.002,-0.002,0.002,-0.002,-0.002,0.002,-0.002,-0.002,0.002,-0.002,-0.002,0.002,-0.002,-0.002,0.002,-0.002,-0.002,0.002,-0.002,-0.002,0.002,-0.002,-0.002,0.002,-0.002,-0.002,0.002,-0.002,-0.002,0.002,-0.002,-0.002,0.002,-0.002,-0.002,0.002,-0.002,-0.002,0.002,-0.002,-0.002,0.002,-0.002,-0.002,0.002,-0.002,-0.002,0.002,-0.002,0.0,
0.0,0.012,-0.002,0.0,0.0,0.0,0.0,0.0,0.0,0.0,0.0,0.0,0.0,0.0,0.0,0.0,0.0,0.0,0.0,0.0,0.0,0.0,0.0,0.0,0.0,0.0,0.0,0.0,0.0,0.0,0.0,0.0,0.0,0.0,0.0,0.0,0.0,0.0,0.0,0.0,0.0,0.0,0.0,0.0,0.0,0.0,0.0,0.0,0.0,0.0,0.0,0.0,0.0,0.0,0.0,0.0,0.0,0.0,0.0,0.0,0.0,0.0,0.0,0.0,0.0,0.0,0.0,0.0,0.0,0.0,0.0,0.0,0.0,0.0,0.0,0.0,0.0,0.0,0.0,0.0,0.0,0.0,0.0,0.0,0.0,0.0,0.0,0.0,0.0,0.0,0.0,0.0,0.0,0.0,0.0,0.0,0.0,0.0,0.0,0.0,
0.0,0.032,0.026,0.019,0.0,0.021,0.022,0.002,0.0,0.002,0.0,0.002,0.0,0.002,0.0,0.002,0.0,0.002,0.0,0.002,0.0,0.002,0.0,0.002,0.0,0.002,0.0,0.002,0.0,0.002,0.0,0.002,0.0,0.002,0.0,0.002,0.0,0.002,0.0,0.002,0.0,0.002,0.0,0.002,0.0,0.002,0.0,0.002,0.0,0.002,0.0,0.002,0.0,0.002,0.01,0.002,0.0,0.002,0.0,0.002,0.0,0.002,0.0,0.002,0.0,0.002,0.0,0.002,0.0,0.002,0.0,0.002,0.0,0.002,0.0,0.002,0.0,0.002,0.0,0.002,0.0,0.002,0.0,0.002,0.0,0.002,0.0,0.002,0.0,0.002,0.0,0.002,0.0,0.002,0.0,0.002,0.0,0.002,0.0,0.002,
0.0,0.02,-0.005,-0.002,0.0,0.002,0.002,0.0,0.0,0.0,0.0,0.0,0.0,0.0,0.0,0.0,0.0,0.0,0.0,0.0,0.0,0.0,0.0,0.0,0.0,0.0,0.0,0.0,0.0,0.0,0.0,0.0,0.0,0.0,0.0,0.0,0.0,0.0,0.0,0.0,0.0,0.0,0.0,0.0,0.0,0.0,0.0,0.0,0.0,0.0,0.0,0.0,0.0,0.0,0.0,0.0,0.0,0.0,0.0,0.0,0.0,0.0,0.0,0.0,0.0,0.0,0.0,0.0,0.0,0.0,0.0,0.0,0.0,0.0,0.0,0.0,0.0,0.0,0.0,0.0,0.0,0.0,0.0,0.0,0.0,0.0,0.0,0.0,0.0,0.0,0.0,0.0,0.0,0.0,0.0,0.0,0.0,0.0,0.0,0.0,
0.0,0.03,-0.014,0.003,-0.005,0.0,0.0,0.0,0.0,0.0,0.0,0.0,0.0,0.0,0.0,0.0,0.0,0.0,0.0,0.0,0.0,0.0,0.0,0.0,0.0,0.0,0.0,0.0,0.0,0.0,0.0,0.0,0.0,0.0,0.0,0.0,0.0,0.0,0.0,0.0,0.0,0.0,0.0,0.0,0.0,0.0,0.0,0.0,0.0,0.0,0.0,0.0,0.0,0.0,0.0,0.0,0.0,0.0,0.0,0.0,0.0,0.0,0.0,0.0,0.0,0.0,0.0,0.0,0.0,0.0,0.0,0.0,0.0,0.0,0.0,0.0,0.0,0.0,0.0,0.0,0.0,0.0,0.0,0.0,0.0,0.0,0.0,0.0,0.0,0.0,0.0,0.0,0.0,0.0,0.0,0.0,0.0,0.0,0.0,0.0,
0.0,0.019,0.0,0.002,0.014,0.026,0.031,0.016,0.031,0.039,0.03,0.031,0.045,0.047,0.047,0.048,0.048,0.048,0.048,0.048,0.048,0.048,0.048,0.048,0.048,0.048,0.048,0.048,0.048,0.048,0.048,0.048,0.048,0.048,0.048,0.048,0.048,0.048,0.048,0.048,0.048,0.048,0.048,0.048,0.048,0.048,0.048,0.048,0.048,0.048,0.048,0.048,0.048,0.048,0.048,0.048,0.048,0.048,0.048,0.048,0.048,0.048,0.048,0.048,0.048,0.048,0.048,0.048,0.048,0.048,0.048,0.048,0.048,0.048,0.048,0.048,0.048,0.048,0.048,0.048,0.048,0.048,0.048,0.048,0.048,0.048,0.048,0.048,0.048,0.048,0.048,0.048,0.048,0.048,0.048,0.048,0.048,0.048,0.048,0.061,
0.0,0.024,-0.007,0.0,0.023,0.0,0.003,-0.002,0.02,0.0,0.02,-0.002,0.02,0.03,0.006,-0.003,0.02,0.0,0.02,-0.002,0.02,-0.002,0.003,0.002,0.005,-0.003,0.003,0.005,0.002,0.005,0.005,-0.003,0.014,-0.002,0.014,-0.002,0.014,-0.002,0.014,-0.002,0.014,-0.002,0.003,-0.003,0.014,-0.002,0.014,-0.002,0.014,-0.002,0.014,-0.002,0.014,-0.002,0.014,-0.002,0.014,-0.002,0.014,-0.002,0.014,-0.002,0.014,-0.002,0.014,-0.002,0.014,-0.002,0.014,-0.002,0.014,-0.002,0.014,-0.002,0.014,-0.002,0.014,-0.002,0.014,-0.002,0.014,-0.002,0.014,-0.002,0.014,-0.002,0.014,-0.002,0.014,-0.002,0.014,-0.002,0.014,-0.002,0.014,-0.002,0.014,-0.002,0.014,0.003,
0.0,0.001,0.0,0.0,0.0,0.0,0.0,0.0,0.0,0.0,0.0,0.0,0.0,0.0,0.0,0.0,0.0,0.0,0.0,0.0,0.0,0.0,0.0,0.0,0.0,0.0,0.0,0.0,0.0,0.0,0.0,0.0,0.0,0.0,0.0,0.0,0.0,0.0,0.0,0.0,0.0,0.0,0.0,0.0,0.0,0.0,0.0,0.0,0.0,0.0,0.0,0.0,0.0,0.0,0.0,0.0,0.0,0.0,0.0,0.0,0.0,0.0,0.0,0.0,0.0,0.0,0.0,0.0,0.0,0.0,0.0,0.0,0.0,0.0,0.0,0.0,0.0,0.0,0.0,0.0,0.0,0.0,0.0,0.0,0.0,0.0,0.0,0.0,0.0,0.0,0.0,0.0,0.0,0.0,0.0,0.0,0.0,0.0,0.0,0.0,
0.0,0.026,-0.012,-0.003,-0.002,-0.002,-0.002,0.0,0.0,0.0,0.0,0.0,0.0,0.0,0.0,0.0,0.0,0.0,0.0,0.0,0.0,0.0,0.0,0.0,0.0,0.0,0.0,0.0,0.0,0.0,0.0,0.0,0.0,0.0,0.0,0.0,0.0,0.0,0.0,0.0,0.0,0.0,0.0,0.0,0.0,0.0,0.0,0.0,0.0,0.0,0.0,0.0,0.0,0.0,0.0,0.0,0.0,0.0,0.0,0.0,0.0,0.0,0.0,0.0,0.0,0.0,0.0,0.0,0.0,0.0,0.0,0.0,0.0,0.0,0.0,0.0,0.0,0.0,0.0,0.0,0.0,0.0,0.0,0.0,0.0,0.0,0.0,0.0,0.0,0.0,0.0,0.0,0.0,0.0,0.0,0.0,0.0,0.0,0.0,0.0,
0.0,0.0,-0.002,0.0,0.0,0.0,0.0,0.0,0.0,0.0,0.0,0.0,0.0,0.0,0.0,0.0,0.0,0.0,0.0,0.0,0.0,0.0,0.0,0.0,0.0,0.0,0.0,0.0,0.0,0.0,0.0,0.0,0.0,0.0,0.0,0.0,0.0,0.0,0.0,0.0,0.0,0.0,0.0,0.0,0.0,0.0,0.0,0.0,0.0,0.0,0.0,0.0,0.0,0.0,0.0,0.0,0.0,0.0,0.0,0.0,0.0,0.0,0.0,0.0,0.0,0.0,0.0,0.0,0.0,0.0,0.0,0.0,0.0,0.0,0.0,0.0,0.0,0.0,0.0,0.0,0.0,0.0,0.0,0.0,0.0,0.0,0.0,0.0,0.0,0.0,0.0,0.0,0.0,0.0,0.0,0.0,0.0,0.0,0.0,0.0,
0.0,0.012,0.009,0.017,0.002,-0.002,0.0,-0.002,0.0,-0.002,0.009,0.013,0.0,-0.002,0.013,0.014,0.013,0.0,0.013,0.014,0.0,0.013,0.0,-0.002,0.0,-0.002,0.0,0.009,0.014,0.0,-0.002,0.0,0.014,0.016,0.0,0.0,0.014,0.0,0.011,0.014,0.017,0.014,0.016,0.014,0.016,0.0,0.0,-0.002,0.014,0.011,0.0,-0.002,-0.002,0.014,0.0,0.011,0.027,0.002,0.0,0.014,0.014,0.017,0.0,0.0,0.011,0.0,-0.002,0.0,-0.002,0.0,-0.002,0.0,0.014,0.017,0.013,0.014,0.016,0.025,0.002,-0.002,0.0,-0.002,0.0,-0.002,0.016,0.0,0.0,-0.002,0.013,0.017,0.0,0.0,0.011,0.0,-0.002,0.0,0.013,0.017,0.0,0.0,
0.0,0.004,-0.002,0.0,0.0,0.0,0.0,0.0,0.0,0.0,0.0,0.0,0.0,0.0,0.0,0.0,0.0,0.0,0.006,0.0,0.0,0.0,0.0,0.0,0.0,0.0,0.0,0.0,0.0,0.0,0.0,0.0,0.0,0.0,0.0,0.0,0.0,0.0,0.0,0.0,0.0,0.0,0.006,0.0,0.0,0.0,0.0,0.0,0.0,0.0,0.0,0.0,0.0,0.0,0.0,0.0,0.0,0.0,0.0,0.0,0.0,0.0,0.006,0.0,0.006,0.0,0.0,0.0,0.006,0.0,0.0,0.0,0.0,0.0,0.0,0.0,0.0,0.0,0.006,0.0,0.0,0.0,0.006,0.0,0.0,0.0,0.0,0.0,0.0,0.0,0.006,0.0,0.0,0.0,0.0,0.0,0.0,0.0,0.008,0.0,
0.0,0.0,0.002,0.0,0.0,0.002,0.002,0.002,0.002,0.002,0.002,0.002,0.002,0.002,0.002,0.002,0.002,0.002,0.002,0.002,0.002,0.002,0.002,0.002,0.002,0.002,0.002,0.002,0.002,0.002,0.002,0.002,0.002,0.002,0.002,0.002,0.002,0.002,0.002,0.002,0.002,0.002,0.002,0.002,0.002,0.002,0.002,0.002,0.002,0.002,0.002,0.002,0.002,0.002,0.002,0.002,0.002,0.002,0.002,0.002,0.002,0.002,0.002,0.002,0.002,0.002,0.002,0.002,0.002,0.002,0.002,0.002,0.002,0.002,0.002,0.002,0.002,0.002,0.002,0.002,0.002,0.002,0.002,0.002,0.002,0.002,0.002,0.002,0.002,0.002,0.002,0.002,0.002,0.002,0.002,0.002,0.002,0.002,0.002,0.002,
0.0,0.022,-0.01,-0.003,0.015,-0.002,-0.002,-0.002,-0.002,-0.002,-0.002,-0.002,-0.002,-0.002,-0.002,-0.002,-0.002,-0.002,-0.002,-0.002,-0.002,-0.002,-0.002,-0.002,-0.002,-0.002,-0.002,-0.002,-0.002,-0.003,0.009,-0.005,0.009,-0.005,0.009,-0.002,-0.002,-0.002,-0.002,-0.002,-0.002,-0.002,-0.002,-0.002,-0.002,-0.002,-0.002,-0.002,-0.002,-0.002,-0.002,0.011,-0.002,-0.002,-0.002,-0.003,0.009,-0.003,-0.002,-0.002,-0.002,-0.002,-0.002,-0.002,-0.002,-0.002,-0.002,-0.002,-0.002,-0.002,0.009,-0.002,-0.002,-0.002,-0.002,-0.002,-0.002,-0.002,-0.002,-0.002,-0.002,-0.002,-0.002,-0.002,-0.002,-0.002,-0.002,-0.002,-0.002,-0.002,-0.002,-0.002,-0.002,-0.002,-0.002,-0.002,-0.002,-0.002,-0.002,0.026,
0.0,0.01,0.0,-0.002,0.0,0.0,0.0,0.0,0.0,0.0,0.0,0.0,0.0,0.0,0.0,0.0,0.0,0.0,0.0,0.0,0.0,0.0,0.0,0.0,0.0,0.0,0.0,0.0,0.0,0.0,0.0,0.0,0.0,0.0,0.0,0.0,0.0,0.0,0.0,0.0,0.0,0.0,0.0,0.0,0.0,0.0,0.0,0.0,0.0,0.0,0.0,0.0,0.0,0.0,0.0,0.0,0.0,0.0,0.0,0.0,0.0,0.0,0.0,0.0,0.0,0.0,0.0,0.0,0.0,0.0,0.0,0.0,0.0,0.0,0.0,0.0,0.0,0.0,0.0,0.0,0.0,0.0,0.0,0.0,0.0,0.0,0.0,0.0,0.0,0.0,0.0,0.0,0.0,0.0,0.0,0.0,0.0,0.0,0.0,0.0,
0.0,0.001,0.0,0.0,0.0,0.0,0.0,0.0,0.0,0.0,0.0,0.0,0.0,0.0,0.0,0.0,0.0,0.0,0.0,0.0,0.0,0.0,0.0,0.0,0.0,0.0,0.0,0.0,0.0,0.0,0.0,0.0,0.0,0.0,0.0,0.0,0.0,0.0,0.0,0.0,0.0,0.0,0.0,0.0,0.0,0.0,0.0,0.0,0.0,0.0,0.0,0.0,0.0,0.0,0.0,0.0,0.0,0.0,0.0,0.0,0.0,0.0,0.0,0.0,0.0,0.0,0.0,0.0,0.0,0.0,0.0,0.0,0.0,0.0,0.0,0.0,0.0,0.0,0.0,0.0,0.0,0.0,0.0,0.0,0.0,0.0,0.0,0.0,0.0,0.0,0.0,0.0,0.0,0.0,0.0,0.0,0.0,0.0,0.0,0.0,
0.0,0.016,0.019,-0.003,-0.003,0.0,0.0,0.0,0.0,0.0,0.0,0.0,0.0,0.0,0.0,0.0,0.0,0.0,0.0,0.0,0.0,0.0,0.0,0.0,0.0,0.0,0.0,0.0,0.0,0.0,0.0,0.0,0.0,0.0,0.0,0.0,0.0,0.0,0.0,0.0,0.0,0.0,0.0,0.0,0.0,0.0,0.0,0.0,0.0,0.0,0.0,0.0,0.0,0.0,0.0,0.0,0.0,0.0,0.0,0.0,0.0,0.0,0.0,0.0,0.0,0.0,0.0,0.0,0.0,0.0,0.0,0.0,0.0,0.0,0.0,0.0,0.0,0.0,0.0,0.0,0.0,0.0,0.0,0.0,0.0,0.0,0.0,0.0,0.0,0.0,0.0,0.0,0.0,0.0,0.0,0.0,0.0,0.0,0.0,0.0,
0.0,0.027,0.006,-0.002,0.012,0.008,0.012,0.009,0.019,0.016,0.002,0.0,-0.002,0.012,0.0,0.0,0.0,0.011,0.002,0.0,0.009,0.002,0.008,0.0,0.0,0.006,0.002,-0.002,0.0,-0.002,0.012,0.008,0.0,-0.002,0.009,0.009,0.002,0.008,0.012,0.012,0.0,0.011,0.0,0.009,0.012,0.011,0.0,0.014,0.008,0.011,0.006,0.011,0.0,0.014,0.014,0.003,0.027,0.003,0.005,0.009,0.014,0.002,0.0,0.011,0.028,0.002,-0.002,-0.002,0.0,0.009,0.011,0.011,0.012,0.009,0.012,0.012,0.0,0.006,0.009,0.0,0.009,0.008,0.011,0.011,0.008,0.002,0.027,0.003,0.006,0.011,0.002,0.009,0.0,0.009,0.028,0.003,0.005,0.002,0.006,0.002,
0.0,0.013,-0.003,0.0,0.0,0.003,0.005,0.007,0.0,0.0,0.01,0.005,0.005,0.003,0.005,0.005,0.005,0.0,0.005,0.005,0.007,0.005,0.007,0.005,0.0,0.005,0.005,0.007,0.0,0.01,0.0,0.0,0.007,0.0,0.005,0.0,0.005,0.003,0.005,0.0,0.003,0.0,0.005,0.005,0.007,0.005,0.0,0.0,0.01,0.008,0.007,0.0,0.003,0.005,0.005,0.01,0.0,0.005,0.005,0.0,0.005,0.0,0.0,0.005,0.0,0.0,0.005,0.003,0.007,0.005,0.0,0.0,0.0,0.0,0.003,0.005,0.0,0.005,0.005,0.0,0.003,0.005,0.005,0.007,0.005,0.0,0.007,0.007,0.005,0.0,0.01,0.0,0.003,0.0,0.005,0.005,0.0,0.01,0.005,0.005,
0.0,0.002,0.0,0.013,0.012,0.013,0.0,0.0,0.012,0.013,0.012,0.0,0.0,0.01,0.012,0.012,0.023,0.017,0.0,0.012,0.0,0.012,0.0,0.012,0.0,0.012,0.0,0.012,0.0,0.012,0.0,0.012,0.0,0.012,0.0,0.0,0.0,0.012,0.0,0.012,0.0,0.012,0.012,0.012,0.0,0.0,0.01,0.0,0.012,0.0,0.012,0.0,0.012,0.012,0.012,0.0,0.012,0.0,0.012,0.0,0.012,0.0,0.012,0.023,0.015,0.0,0.012,0.0,0.012,0.012,0.012,0.0,0.012,0.012,0.012,0.0,0.012,0.0,0.012,0.0,0.012,0.0,0.022,0.015,0.012,0.012,0.0,0.012,0.0,0.012,0.012,0.012,0.0,0.012,0.012,0.012,0.0,0.012,0.012,0.012,
0.0,0.022,0.002,0.026,0.033,0.028,0.034,0.041,0.041,0.041,0.041,0.044,0.039,0.041,0.049,0.046,0.046,0.046,0.046,0.046,0.046,0.046,0.051,0.046,0.051,0.048,0.051,0.048,0.051,0.048,0.046,0.046,0.046,0.051,0.048,0.046,0.046,0.053,0.046,0.046,0.046,0.053,0.046,0.046,0.046,0.053,0.046,0.046,0.046,0.053,0.046,0.046,0.046,0.053,0.046,0.046,0.046,0.053,0.046,0.046,0.046,0.053,0.046,0.046,0.046,0.053,0.046,0.046,0.046,0.053,0.046,0.046,0.046,0.053,0.046,0.046,0.046,0.053,0.046,0.046,0.046,0.053,0.046,0.046,0.046,0.053,0.046,0.046,0.046,0.053,0.046,0.046,0.046,0.053,0.046,0.046,0.046,0.053,0.046,0.046,
0.0,-0.013,-0.002,-0.002,0.091,0.045,0.089,0.099,0.094,0.093,0.101,0.086,0.088,0.101,0.086,0.088,0.101,0.086,0.088,0.101,0.086,0.088,0.101,0.086,0.088,0.101,0.086,0.088,0.101,0.086,0.088,0.101,0.086,0.088,0.101,0.086,0.088,0.101,0.086,0.088,0.101,0.086,0.088,0.101,0.086,0.088,0.101,0.086,0.088,0.101,0.086,0.088,0.101,0.086,0.088,0.101,0.086,0.088,0.101,0.086,0.088,0.101,0.086,0.088,0.101,0.086,0.088,0.101,0.086,0.088,0.101,0.086,0.088,0.101,0.086,0.088,0.101,0.086,0.088,0.101,0.086,0.088,0.101,0.086,0.088,0.101,0.086,0.088,0.101,0.086,0.088,0.101,0.086,0.088,0.101,0.086,0.088,0.101,0.086,0.088,
0.0,0.003,0.01,0.002,0.012,0.002,0.012,0.002,0.0,0.0,0.0,0.012,0.002,0.0,0.0,0.01,0.002,0.0,0.0,0.0,0.013,0.002,0.0,0.01,0.002,0.0,0.0,0.0,0.012,0.002,0.0,0.0,0.0,0.012,0.002,0.0,0.0,0.0,0.0,0.0,0.0,0.0,0.0,0.0,0.0,0.0,0.0,0.0,0.0,0.0,0.0,0.0,0.0,0.0,0.0,0.0,0.0,0.0,0.0,0.0,0.0,0.0,0.0,0.012,0.002,0.0,0.01,0.002,0.0,0.0,0.015,0.002,0.012,0.0,0.0,0.0,0.0,0.012,0.002,0.0,0.0,0.0,0.0,0.0,0.0,0.0,0.0,0.0,0.0,0.0,0.0,0.0,0.0,0.0,0.0,0.0,0.0,0.0,0.0,0.0,
0.0,0.0,0.005,0.015,0.002,0.025,0.002,0.0,0.0,0.0,0.013,0.032,0.017,0.002,0.024,0.002,0.024,0.002,0.024,0.002,0.024,0.002,0.024,0.002,0.024,0.002,0.0,0.0,0.025,0.002,0.0,0.045,0.039,0.015,0.025,0.003,0.024,0.002,0.0,0.042,0.035,0.003,0.025,0.002,0.024,0.002,0.024,0.002,0.0,0.0,0.025,0.002,0.035,0.003,0.025,0.002,0.024,0.002,0.024,0.002,0.024,0.002,0.024,0.002,0.0,0.025,0.002,0.0,0.0,0.042,0.025,0.002,0.024,0.002,0.024,0.013,0.025,0.003,0.035,0.003,0.002,0.025,0.002,0.024,0.017,0.002,0.025,0.002,0.012,0.002,0.025,0.002,0.024,0.013,0.025,0.003,0.04,0.035,0.034,0.013,
0.0,0.056,0.029,0.042,0.041,0.051,0.099,0.078,0.066,0.077,0.08,0.088,0.071,0.08,0.085,0.083,0.095,0.078,0.092,0.107,0.083,0.092,0.107,0.083,0.092,0.107,0.083,0.092,0.107,0.083,0.092,0.107,0.083,0.092,0.107,0.083,0.092,0.107,0.083,0.092,0.107,0.083,0.092,0.107,0.083,0.092,0.107,0.083,0.092,0.107,0.083,0.092,0.107,0.083,0.092,0.107,0.083,0.092,0.107,0.083,0.092,0.107,0.083,0.092,0.107,0.083,0.092,0.107,0.083,0.092,0.107,0.083,0.092,0.107,0.083,0.092,0.107,0.083,0.092,0.107,0.083,0.092,0.107,0.083,0.092,0.107,0.083,0.092,0.107,0.083,0.092,0.107,0.083,0.092,0.107,0.083,0.092,0.107,0.083,0.092,
0.0,0.002,0.012,0.037,0.03,0.03,0.03,0.03,0.03,0.03,0.03,0.03,0.03,0.03,0.03,0.03,0.03,0.03,0.03,0.03,0.03,0.03,0.03,0.03,0.03,0.03,0.03,0.03,0.03,0.03,0.03,0.03,0.03,0.03,0.03,0.03,0.03,0.03,0.03,0.03,0.03,0.03,0.03,0.03,0.03,0.03,0.03,0.03,0.03,0.03,0.03,0.03,0.03,0.03,0.03,0.03,0.03,0.03,0.03,0.03,0.03,0.03,0.03,0.03,0.03,0.03,0.03,0.03,0.03,0.03,0.03,0.03,0.03,0.03,0.03,0.03,0.03,0.03,0.03,0.03,0.03,0.03,0.03,0.03,0.03,0.03,0.03,0.03,0.03,0.03,0.03,0.03,0.03,0.03,0.03,0.03,0.03,0.03,0.03,0.03,
0.0,-0.002,0.0,0.0,0.0,0.0,0.0,0.0,0.0,-0.002,0.0,0.002,-0.002,0.0,0.002,0.0,0.0,0.0,-0.002,0.0,0.0,-0.002,-0.002,-0.002,0.0,0.0,0.0,0.0,-0.002,-0.002,-0.002,-0.002,-0.002,0.0,0.0,0.0,0.002,0.0,0.0,0.0,0.0,-0.002,-0.002,0.0,0.0,0.0,0.0,0.002,0.002,-0.002,0.0,0.002,0.0,-0.002,-0.002,0.0,0.002,0.0,0.0,0.002,0.002,0.0,-0.002,0.0,0.0,0.0,0.0,0.0,0.0,0.0,0.0,0.0,0.0,0.0,0.0,0.0,0.0,0.0,0.0,0.0,0.0,0.0,0.0,0.0,0.0,0.0,0.0,0.0,0.0,0.0,0.0,0.0,0.0,0.0,0.0,0.0,0.0,0.0,0.0,0.0,
0.0,0.054,-0.002,0.023,0.01,0.027,0.022,0.023,0.007,0.025,0.027,0.057,0.072,0.088,0.093,0.092,0.093,0.092,0.093,0.092,0.093,0.092,0.093,0.092,0.093,0.092,0.093,0.092,0.093,0.092,0.093,0.092,0.093,0.092,0.093,0.092,0.093,0.092,0.093,0.092,0.093,0.092,0.093,0.092,0.093,0.092,0.093,0.092,0.093,0.092,0.093,0.092,0.093,0.092,0.093,0.092,0.093,0.092,0.093,0.092,0.093,0.092,0.093,0.092,0.093,0.092,0.093,0.092,0.093,0.092,0.093,0.092,0.093,0.092,0.093,0.092,0.093,0.092,0.093,0.092,0.093,0.092,0.093,0.092,0.093,0.092,0.093,0.092,0.093,0.092,0.093,0.092,0.093,0.092,0.093,0.092,0.093,0.092,0.093,0.092,
0.0,-0.003,0.01,0.054,0.051,0.068,0.073,0.061,0.068,0.046,0.017,0.02,0.058,0.053,0.061,0.061,0.068,0.058,0.085,0.083,0.054,0.044,0.044,0.051,0.061,0.088,0.098,0.1,0.1,0.065,0.061,0.059,0.054,0.044,0.081,0.061,0.048,0.081,0.061,0.048,0.058,0.059,0.046,0.054,0.088,0.098,0.1,0.065,0.046,0.044,0.044,0.044,0.056,0.063,0.059,0.046,0.044,0.081,0.097,0.1,0.065,0.061,0.059,0.046,0.058,0.059,0.058,0.059,0.046,0.044,0.044,0.065,0.058,0.085,0.063,0.046,0.065,0.058,0.048,0.081,0.061,0.048,0.056,0.059,0.046,0.058,0.088,0.098,0.1,0.065,0.046,0.051,0.054,0.078,0.053,0.081,0.061,0.059,0.059,0.046,
0.0,0.0,0.0,0.0,0.0,0.0,0.0,0.0,0.0,0.005,0.0,0.0,0.0,0.0,0.0,0.0,0.0,0.0,0.0,0.0,0.0,0.0,0.0,0.0,0.0,0.01,0.005,0.0,0.0,0.0,0.005,0.0,0.0,0.0,0.0,0.0,0.0,0.0,0.0,0.0,0.007,0.0,0.0,0.0,0.005,0.012,0.008,0.0,0.0,0.0,0.018,0.002,0.0,0.0,0.0,0.0,0.0,0.0,0.0,0.0,0.0,0.0,0.0,0.0,0.0,0.01,0.0,0.0,0.0,0.0,0.0,0.007,0.0,0.007,0.0,0.0,0.0,0.0,0.0,0.0,0.0,0.0,0.005,0.0,0.0,0.01,0.0,0.0,0.018,0.012,0.0,0.015,0.0,0.0,0.0,0.0,0.0,0.0,0.0,0.0,
0.0,0.008,0.0,0.012,0.028,0.002,0.0,0.018,0.007,0.0,0.008,0.0,0.008,0.013,0.012,0.03,0.023,0.012,0.01,0.012,0.018,0.017,0.002,0.01,0.007,0.0,0.0,0.01,0.023,0.046,0.041,0.022,0.002,0.0,0.013,0.0,0.0,0.025,0.028,0.02,0.013,0.02,0.012,0.02,0.036,0.036,0.022,0.02,0.028,0.015,0.02,0.022,0.022,0.043,0.061,0.041,0.038,0.036,0.022,0.03,0.022,0.022,0.022,0.02,0.028,0.02,0.027,0.038,0.038,0.036,0.028,0.015,0.027,0.046,0.046,0.07,0.073,0.075,0.066,0.076,0.053,0.073,0.08,0.041,0.06,0.066,0.076,0.053,0.063,0.053,0.066,0.051,0.063,0.053,0.066,0.051,0.063,0.053,0.066,0.051,
0.0,0.0,0.0,0.0,0.0,0.0,0.0,0.0,0.0,0.0,0.0,0.0,0.0,0.0,0.0,0.0,0.0,0.0,0.0,0.0,0.0,0.0,0.0,0.0,0.0,0.0,0.0,0.0,0.0,0.0,0.0,0.0,0.0,0.0,0.0,0.0,0.0,0.0,0.0,0.0,0.0,0.0,0.0,0.0,0.0,0.0,0.0,0.0,0.0,0.0,0.0,0.0,0.0,0.0,0.0,0.0,0.0,0.0,0.0,0.0,0.0,0.0,0.0,0.0,0.0,0.0,0.0,0.0,0.0,0.0,0.0,0.0,0.0,0.0,0.0,0.0,0.0,0.0,0.0,0.0,0.0,0.0,0.0,0.0,0.0,0.0,0.0,0.0,0.0,0.0,0.0,0.0,0.0,0.0,0.0,0.0,0.0,0.0,0.0,0.0,
0.0,0.011,0.015,0.032,0.003,0.01,0.002,0.0,0.0,0.0,0.013,0.002,0.002,0.0,0.015,0.01,0.002,0.02,0.003,0.0,0.0,0.02,0.012,0.002,0.002,0.008,0.002,0.0,0.0,0.0,0.0,0.0,0.0,0.02,0.002,0.027,0.003,0.0,0.013,0.03,0.003,0.0,0.0,0.0,0.0,0.0,0.0,0.0,0.0,0.0,0.0,0.0,0.0,0.0,0.0,0.0,0.015,0.002,0.0,0.0,0.012,0.002,0.0,0.0,0.0,0.0,0.0,0.0,0.01,0.04,0.043,0.045,0.045,0.045,0.047,0.045,0.047,0.045,0.047,0.045,0.047,0.045,0.047,0.045,0.047,0.045,0.047,0.045,0.047,0.045,0.047,0.045,0.047,0.045,0.047,0.045,0.047,0.045,0.047,0.045,
0.0,0.0,0.0,0.0,0.012,0.012,0.021,0.03,0.03,0.038,0.033,0.03,0.038,0.031,0.03,0.038,0.033,0.03,0.038,0.033,0.03,0.038,0.033,0.03,0.038,0.033,0.03,0.038,0.033,0.03,0.038,0.033,0.03,0.038,0.033,0.03,0.038,0.033,0.03,0.038,0.033,0.03,0.038,0.033,0.03,0.038,0.033,0.03,0.038,0.033,0.03,0.038,0.033,0.03,0.038,0.033,0.03,0.038,0.033,0.03,0.038,0.033,0.03,0.038,0.033,0.03,0.038,0.033,0.03,0.038,0.033,0.03,0.038,0.033,0.03,0.038,0.033,0.03,0.038,0.033,0.03,0.038,0.033,0.03,0.038,0.033,0.03,0.038,0.033,0.03,0.038,0.033,0.03,0.038,0.033,0.025,0.038,0.045,0.048,0.05,
0.0,0.038,0.046,0.026,0.066,0.027,0.06,0.098,0.026,0.002,0.007,0.053,0.046,0.055,0.092,0.087,0.111,0.108,0.113,0.108,0.113,0.094,0.084,0.077,0.067,0.073,0.106,0.108,0.113,0.094,0.111,0.092,0.111,0.108,0.113,0.092,0.084,0.05,0.089,0.101,0.113,0.108,0.113,0.092,0.111,0.108,0.113,0.092,0.111,0.092,0.111,0.108,0.113,0.092,0.111,0.108,0.113,0.092,0.111,0.108,0.113,0.108,0.113,0.094,0.111,0.108,0.113,0.092,0.111,0.108,0.113,0.092,0.111,0.092,0.111,0.108,0.113,0.092,0.111,0.108,0.113,0.092,0.111,0.092,0.111,0.108,0.113,0.092,0.111,0.108,0.113,0.108,0.113,0.094,0.111,0.108,0.113,0.092,0.111,0.108,
0.0,-0.005,-0.003,0.0,0.0,0.0,0.0,0.0,0.0,0.0,0.0,0.0,0.017,0.002,0.018,0.008,0.0,0.0,0.0,0.0,0.0,0.0,0.0,0.0,0.0,0.0,0.0,0.0,0.0,0.0,0.0,0.0,0.0,0.0,0.0,0.0,0.0,0.0,0.0,0.0,0.008,0.002,0.0,0.0,0.007,0.002,0.0,0.0,0.0,0.0,0.0,0.0,0.0,0.0,0.0,0.0,0.0,0.0,0.0,0.0,0.018,0.002,0.0,0.0,0.0,0.0,0.0,0.0,0.0,0.0,0.0,0.0,0.0,0.0,0.0,0.0,0.0,0.0,0.0,0.0,0.0,0.0,0.0,0.0,0.0,0.0,0.0,0.0,0.0,0.0,0.0,0.0,0.0,0.0,0.0,0.0,0.0,0.0,0.0,0.0,
0.0,-0.014,0.045,0.086,-0.01,0.019,-0.019,-0.021,-0.048,0.012,0.081,0.096,0.068,0.049,0.084,0.061,0.103,0.099,0.051,0.062,0.082,0.068,0.063,0.101,0.066,0.077,0.066,0.068,0.077,0.111,0.051,0.063,0.082,0.066,0.077,0.137,0.065,0.086,0.06,0.067,0.094,0.066,0.062,0.065,0.066,0.062,0.089,0.047,0.06,0.079,0.065,0.076,0.049,0.066,0.06,0.099,0.065,0.062,0.101,0.066,0.062,0.066,0.068,0.077,0.079,0.07,0.062,0.079,0.066,0.076,0.066,0.068,0.062,0.084,0.066,0.062,0.094,0.122,0.053,0.063,0.052,0.058,0.101,0.122,0.053,0.117,0.058,0.065,0.084,0.066,0.064,0.101,0.122,0.053,0.117,0.058,0.065,0.101,0.122,0.071,
0.0,0.029,-0.002,0.032,0.02,0.038,0.042,0.013,0.03,0.027,0.04,0.038,0.037,0.037,0.037,0.037,0.037,0.037,0.037,0.037,0.037,0.037,0.037,0.037,0.037,0.037,0.037,0.037,0.037,0.037,0.037,0.037,0.037,0.037,0.037,0.037,0.037,0.037,0.037,0.037,0.037,0.037,0.037,0.037,0.037,0.037,0.037,0.037,0.037,0.037,0.037,0.037,0.037,0.037,0.037,0.037,0.037,0.037,0.037,0.037,0.037,0.037,0.037,0.037,0.037,0.037,0.037,0.037,0.037,0.037,0.037,0.037,0.037,0.037,0.037,0.037,0.037,0.037,0.037,0.037,0.037,0.037,0.037,0.037,0.037,0.037,0.037,0.037,0.037,0.037,0.037,0.037,0.037,0.037,0.037,0.037,0.037,0.037,0.037,0.037,
0.0,0.006,0.0,0.01,0.015,0.013,0.015,0.033,0.003,0.012,0.015,0.036,0.045,0.027,0.027,0.017,0.036,0.036,0.048,0.051,0.051,0.051,0.051,0.051,0.051,0.051,0.051,0.051,0.051,0.051,0.051,0.051,0.051,0.051,0.051,0.051,0.051,0.051,0.051,0.051,0.051,0.051,0.051,0.051,0.051,0.051,0.051,0.051,0.051,0.051,0.051,0.051,0.051,0.051,0.051,0.051,0.051,0.051,0.051,0.051,0.051,0.051,0.051,0.051,0.051,0.051,0.051,0.051,0.051,0.051,0.051,0.051,0.051,0.051,0.051,0.051,0.051,0.051,0.051,0.051,0.051,0.051,0.051,0.051,0.051,0.051,0.051,0.051,0.051,0.051,0.051,0.051,0.051,0.051,0.051,0.051,0.051,0.051,0.051,0.051,
0.0,0.034,-0.002,0.0,0.0,0.008,0.0,0.0,0.007,0.01,0.023,0.003,0.0,0.002,0.01,0.002,0.01,0.01,0.005,0.002,0.002,0.002,0.018,0.003,0.023,0.003,0.0,0.002,0.007,0.002,0.005,0.002,0.017,0.002,0.0,0.018,0.02,0.002,0.0,0.007,0.0,0.007,0.018,0.003,0.0,0.002,0.0,0.007,0.008,0.007,0.0,0.002,0.0,0.002,0.007,0.002,0.0,0.002,0.0,0.007,0.013,0.023,0.021,0.002,0.0,0.002,0.0,0.007,0.007,0.002,0.023,0.02,0.008,0.002,0.021,0.003,0.018,0.008,0.017,0.003,0.008,0.008,0.031,0.012,0.002,0.002,0.018,0.002,0.0,0.002,0.018,0.002,0.0,0.002,0.007,0.002,0.01,0.002,0.008,0.002,
0.0,0.019,-0.002,-0.002,0.0,0.0,0.0,0.0,0.0,0.0,0.0,0.0,0.0,0.0,0.0,0.0,0.0,0.0,0.0,0.0,0.0,0.0,0.0,0.0,0.0,0.0,0.0,0.0,0.0,0.0,0.0,0.0,0.0,0.0,0.0,0.0,0.0,0.0,0.0,0.0,0.0,0.0,0.0,0.0,0.0,0.0,0.0,0.0,0.0,0.0,0.0,0.0,0.0,0.0,0.0,0.0,0.0,0.0,0.0,0.0,0.0,0.0,0.0,0.0,0.0,0.0,0.0,0.0,0.0,0.0,0.0,0.0,0.0,0.0,0.0,0.0,0.0,0.0,0.0,0.0,0.0,0.0,0.0,0.0,0.0,0.0,0.0,0.0,0.0,0.0,0.0,0.0,0.0,0.0,0.0,0.0,0.0,0.0,0.0,0.0,
0.0,0.003,-0.002,-0.002,0.0,0.0,0.0,0.0,0.0,0.0,0.0,0.0,0.0,0.003,0.0,0.0,0.0,0.0,0.0,0.0,0.0,0.0,0.0,0.0,0.0,0.0,0.0,0.003,0.0,0.0,0.0,0.0,0.0,0.0,0.0,0.0,0.0,0.0,0.0,0.0,0.0,0.0,0.0,0.0,0.0,0.0,0.0,0.0,0.0,0.0,0.0,0.0,0.0,0.0,0.0,0.0,0.0,0.0,0.0,0.0,0.0,0.0,0.0,0.0,0.0,0.0,0.0,0.0,0.0,0.0,0.0,0.0,0.0,0.0,0.0,0.0,0.0,0.0,0.0,0.0,0.0,0.0,0.0,0.0,0.0,0.0,0.0,0.0,0.0,0.0,0.0,0.0,0.0,0.0,0.0,0.0,0.0,0.0,0.0,0.0,
0.0,0.021,0.013,0.01,0.065,0.077,0.085,0.089,0.092,0.08,0.089,0.09,0.092,0.09,0.09,0.085,0.087,0.089,0.085,0.087,0.089,0.085,0.087,0.089,0.092,0.08,0.085,0.089,0.092,0.08,0.085,0.089,0.092,0.08,0.085,0.089,0.085,0.087,0.089,0.092,0.08,0.085,0.089,0.085,0.087,0.089,0.092,0.08,0.085,0.089,0.085,0.087,0.089,0.092,0.08,0.085,0.089,0.085,0.087,0.089,0.092,0.08,0.085,0.089,0.085,0.087,0.089,0.092,0.08,0.085,0.089,0.085,0.087,0.089,0.092,0.08,0.085,0.089,0.085,0.087,0.089,0.092,0.08,0.085,0.089,0.085,0.087,0.089,0.092,0.08,0.085,0.089,0.085,0.087,0.089,0.092,0.08,0.085,0.089,0.085,
0.0,0.019,-0.002,0.0,0.0,-0.002,0.0,0.01,0.0,0.008,0.0,-0.002,0.0,-0.002,0.0,-0.002,0.0,-0.002,0.0,-0.002,0.0,-0.002,0.0,-0.002,0.0,-0.002,0.0,-0.002,0.0,-0.002,0.0,-0.002,0.0,-0.002,0.0,-0.002,0.0,-0.002,0.0,-0.002,0.0,-0.002,0.0,-0.002,0.0,-0.002,0.0,-0.002,0.0,-0.002,0.0,-0.002,0.0,-0.002,0.0,-0.002,0.0,-0.002,0.0,-0.002,0.0,-0.002,0.0,-0.002,0.0,-0.002,0.0,-0.002,0.0,-0.002,0.0,-0.002,0.0,-0.002,0.0,-0.002,0.0,-0.002,0.0,-0.002,0.0,-0.002,0.0,-0.002,0.0,-0.002,0.0,-0.002,0.0,-0.002,0.0,-0.002,0.0,-0.002,0.0,-0.002,0.0,-0.002,0.0,-0.002,
0.0,-0.014,0.013,0.002,0.01,0.013,0.018,0.013,0.01,0.015,0.017,0.028,0.03,0.017,0.01,0.013,0.0,0.013,0.013,0.015,0.035,0.027,0.018,0.025,0.042,0.057,0.048,0.048,0.058,0.05,0.057,0.048,0.068,0.05,0.067,0.05,0.067,0.05,0.068,0.05,0.068,0.05,0.068,0.05,0.068,0.05,0.068,0.05,0.068,0.05,0.068,0.05,0.068,0.05,0.068,0.05,0.068,0.05,0.068,0.05,0.068,0.05,0.068,0.05,0.068,0.05,0.068,0.05,0.068,0.05,0.068,0.05,0.068,0.05,0.068,0.05,0.068,0.05,0.068,0.05,0.068,0.05,0.068,0.05,0.068,0.05,0.068,0.05,0.068,0.05,0.068,0.05,0.068,0.05,0.068,0.05,0.068,0.05,0.068,0.05,
0.0,0.005,-0.003,0.015,0.002,0.008,0.0,-0.002,0.0,0.007,0.0,-0.002,0.008,0.005,0.005,0.01,0.0,0.017,0.0,0.007,0.008,0.007,0.0,-0.002,0.008,0.007,0.007,0.0,-0.002,0.0,0.015,0.0,-0.002,0.0,0.0,0.0,0.0,0.015,0.0,0.003,0.0,0.01,0.01,0.0,-0.002,-0.002,-0.002,0.007,0.0,0.017,0.015,0.0,0.008,0.0,-0.002,0.0,-0.002,0.0,0.013,0.01,0.0,0.017,0.015,0.0,0.0,0.015,0.007,0.013,0.015,0.007,0.0,0.0,0.015,0.007,0.0,-0.002,-0.002,0.01,0.01,0.0,-0.002,-0.002,0.015,0.0,-0.002,0.007,0.008,0.007,0.008,0.007,0.0,0.007,0.013,0.017,0.01,0.0,0.01,0.008,0.0,0.005,
0.0,0.006,-0.008,0.023,0.043,0.047,0.048,0.048,0.048,0.048,0.042,0.047,0.042,0.047,0.048,0.048,0.048,0.048,0.048,0.048,0.048,0.048,0.048,0.048,0.048,0.048,0.048,0.048,0.048,0.048,0.048,0.048,0.048,0.048,0.048,0.048,0.048,0.048,0.048,0.048,0.048,0.048,0.048,0.048,0.048,0.048,0.048,0.048,0.048,0.048,0.048,0.048,0.048,0.048,0.048,0.048,0.048,0.048,0.048,0.048,0.048,0.048,0.048,0.048,0.048,0.048,0.048,0.048,0.048,0.048,0.048,0.048,0.048,0.048,0.048,0.048,0.048,0.048,0.048,0.048,0.048,0.048,0.048,0.048,0.048,0.048,0.048,0.048,0.048,0.048,0.048,0.048,0.048,0.048,0.048,0.048,0.048,0.048,0.048,0.048,
0.0,0.003,-0.023,0.022,0.002,0.036,0.031,0.036,0.048,0.049,0.11,0.083,0.071,0.07,0.07,0.07,0.07,0.07,0.07,0.07,0.07,0.07,0.07,0.07,0.07,0.07,0.07,0.07,0.07,0.07,0.07,0.07,0.07,0.07,0.07,0.07,0.07,0.07,0.07,0.07,0.07,0.07,0.07,0.07,0.07,0.07,0.07,0.07,0.07,0.07,0.07,0.07,0.07,0.07,0.07,0.07,0.07,0.07,0.07,0.07,0.07,0.07,0.07,0.07,0.07,0.07,0.07,0.07,0.07,0.07,0.07,0.07,0.07,0.07,0.07,0.07,0.07,0.07,0.07,0.07,0.07,0.07,0.07,0.07,0.07,0.07,0.07,0.07,0.07,0.07,0.07,0.07,0.07,0.07,0.07,0.07,0.07,0.07,0.07,0.07,
0.0,0.019,0.0,-0.002,0.007,0.023,0.002,0.0,0.023,0.0,0.015,0.023,0.002,0.0,0.008,0.0,0.007,0.02,0.0,0.0,0.0,0.0,0.008,0.0,0.0,0.008,0.0,0.0,0.008,0.005,0.035,0.012,0.02,0.008,0.0,0.0,0.008,0.023,0.01,0.0,0.008,0.005,0.035,0.012,0.015,0.0,0.0,0.0,0.005,0.0,0.005,0.0,0.005,0.0,0.0,0.0,0.0,0.0,0.0,0.0,0.0,0.0,0.0,0.0,0.0,0.0,0.0,0.0,0.0,0.0,0.0,0.0,0.0,0.0,0.007,0.0,0.007,0.0,0.0,0.0,0.0,0.005,0.0,0.0,0.0,0.0,0.0,0.0,0.0,0.0,0.0,0.0,0.0,0.0,0.0,0.0,0.0,0.0,0.0,0.0,
0.0,0.033,-0.002,0.0,0.002,0.002,0.002,0.002,0.002,0.002,0.002,0.002,0.007,0.002,0.002,0.002,0.002,0.002,0.002,0.002,0.002,0.007,0.002,0.007,0.002,0.007,0.002,0.002,0.002,0.002,0.002,0.007,0.002,0.002,0.007,0.002,0.002,0.002,0.007,0.002,0.002,0.002,0.007,0.002,0.002,0.007,0.002,0.002,0.002,0.002,0.002,0.007,0.002,0.002,0.002,0.007,0.002,0.002,0.007,0.002,0.002,0.002,0.002,0.002,0.007,0.002,0.002,0.002,0.002,0.002,0.002,0.002,0.002,0.002,0.007,0.002,0.002,0.007,0.002,0.007,0.002,0.002,0.002,0.002,0.002,0.002,0.002,0.002,0.007,0.002,0.002,0.007,0.002,0.002,0.007,0.002,0.002,0.007,0.002,0.002,
0.0,0.0,0.013,0.002,0.0,0.002,-0.002,0.002,-0.002,0.002,-0.002,0.002,-0.002,0.002,-0.002,0.002,-0.002,0.002,-0.002,0.002,-0.002,0.002,-0.002,0.002,-0.002,0.002,-0.002,0.002,-0.002,0.002,-0.002,0.002,-0.002,0.002,-0.002,0.002,-0.002,0.002,-0.002,0.002,-0.002,0.002,-0.002,0.002,-0.002,0.002,-0.002,0.002,-0.002,0.002,-0.002,0.002,-0.002,0.002,-0.002,0.002,-0.002,0.002,-0.002,0.002,-0.002,0.002,-0.002,0.002,-0.002,0.002,-0.002,0.002,-0.002,0.002,-0.002,0.002,-0.002,0.002,-0.002,0.002,-0.002,0.002,-0.002,0.002,-0.002,0.002,-0.002,0.002,-0.002,0.002,-0.002,0.002,-0.002,0.002,-0.002,0.002,-0.002,0.002,-0.002,0.002,-0.002,0.002,-0.002,0.002,
0.0,0.003,0.0,0.003,0.0,-0.002,0.003,0.0,0.007,0.003,0.0,0.0,0.0,0.0,0.003,0.0,0.003,0.005,0.0,-0.002,0.005,0.0,0.0,0.0,0.002,0.0,0.002,0.003,0.003,0.0,0.0,0.0,0.002,0.0,0.002,0.0,0.002,0.0,0.002,0.003,0.0,0.0,0.0,0.0,0.0,0.0,0.002,0.003,0.002,0.0,0.0,0.003,0.0,0.003,0.0,-0.002,0.0,0.0,0.0,0.003,0.0,0.0,0.0,0.0,0.002,0.0,0.002,0.0,0.002,0.0,0.002,0.0,0.002,0.0,0.002,0.0,0.002,0.003,0.0,-0.002,0.0,0.0,0.0,0.0,0.0,0.0,0.002,0.0,0.002,0.0,0.002,0.0,0.002,0.0,0.0,0.0,0.003,0.002,0.0,0.0,
0.0,0.014,0.002,0.0,0.0,0.0,0.0,0.002,0.0,0.003,0.0,0.0,0.0,0.003,0.0,0.0,0.0,0.003,0.0,0.003,0.0,0.003,0.0,0.003,0.0,0.003,0.0,0.003,0.0,0.003,0.0,0.003,0.0,0.003,0.0,0.003,0.0,0.003,0.0,0.003,0.0,0.003,0.0,0.003,0.0,0.003,0.0,0.003,0.0,0.003,0.0,0.003,0.0,0.003,0.0,0.003,0.0,0.003,0.0,0.003,0.0,0.003,0.0,0.003,0.0,0.003,0.0,0.003,0.0,0.003,0.0,0.003,0.0,0.003,0.0,0.003,0.0,0.003,0.0,0.003,0.0,0.002,0.0,0.003,0.0,0.003,0.0,0.003,0.0,0.003,0.0,0.003,0.0,0.003,0.0,0.003,0.0,0.003,0.0,0.003,
0.0,0.0,0.002,0.0,0.0,0.0,0.0,0.0,0.0,0.0,0.0,0.0,0.0,0.0,0.0,0.005,0.0,0.0,0.0,0.0,0.0,0.0,0.0,0.0,0.0,0.0,0.0,0.0,0.0,0.0,0.0,0.0,0.0,0.0,0.0,0.0,0.0,0.0,0.0,0.0,0.0,0.0,0.0,0.0,0.0,0.0,0.0,0.0,0.0,0.0,0.0,0.0,0.0,0.0,0.0,0.0,0.0,0.0,0.0,0.0,0.0,0.0,0.0,0.0,0.0,0.0,0.0,0.0,0.0,0.0,0.0,0.0,0.0,0.0,0.0,0.0,0.0,0.0,0.0,0.0,0.0,0.0,0.0,0.0,0.0,0.0,0.0,0.0,0.0,0.0,0.0,0.0,0.0,0.0,0.0,0.0,0.0,0.0,0.0,0.0,
0.0,0.017,-0.006,0.0,0.002,0.018,0.056,0.027,0.022,0.018,0.018,0.015,0.042,0.042,0.04,0.04,0.053,0.066,0.075,0.061,0.055,0.065,0.076,0.07,0.078,0.078,0.078,0.078,0.078,0.078,0.078,0.078,0.078,0.078,0.078,0.078,0.078,0.078,0.078,0.078,0.078,0.078,0.078,0.078,0.078,0.078,0.078,0.078,0.078,0.078,0.078,0.078,0.078,0.078,0.078,0.078,0.078,0.078,0.078,0.078,0.078,0.078,0.078,0.078,0.078,0.078,0.078,0.078,0.078,0.078,0.078,0.078,0.078,0.078,0.078,0.078,0.078,0.078,0.078,0.078,0.078,0.078,0.078,0.078,0.078,0.078,0.078,0.078,0.078,0.078,0.078,0.078,0.078,0.078,0.078,0.078,0.078,0.078,0.078,0.078,
0.0,0.046,0.03,0.07,0.072,0.054,0.055,0.057,0.055,0.089,0.089,0.059,0.06,0.087,0.086,0.097,0.089,0.097,0.089,0.097,0.089,0.097,0.089,0.097,0.089,0.097,0.091,0.101,0.091,0.101,0.089,0.097,0.091,0.101,0.089,0.097,0.091,0.101,0.089,0.097,0.091,0.101,0.089,0.097,0.091,0.101,0.089,0.097,0.091,0.101,0.089,0.097,0.091,0.101,0.089,0.097,0.091,0.101,0.089,0.097,0.091,0.101,0.089,0.097,0.091,0.101,0.089,0.097,0.091,0.101,0.089,0.097,0.091,0.101,0.089,0.097,0.091,0.101,0.089,0.097,0.091,0.101,0.089,0.097,0.091,0.101,0.089,0.097,0.091,0.101,0.089,0.097,0.091,0.101,0.089,0.097,0.091,0.101,0.089,0.097,
0.0,0.002,0.0,0.0,0.0,-0.002,-0.002,-0.002,-0.002,-0.002,-0.002,-0.002,-0.002,-0.002,-0.002,-0.002,-0.002,-0.002,-0.002,-0.002,-0.002,-0.002,-0.002,-0.002,-0.002,-0.002,-0.002,-0.002,-0.002,-0.002,-0.002,-0.002,-0.002,-0.002,-0.002,-0.002,-0.002,-0.002,-0.002,-0.002,-0.002,-0.002,-0.002,-0.002,-0.002,-0.002,-0.002,-0.002,-0.002,-0.002,-0.002,-0.002,-0.002,-0.002,-0.002,-0.002,-0.002,-0.002,-0.002,-0.002,-0.002,-0.002,-0.002,-0.002,-0.002,-0.002,-0.002,-0.002,-0.002,-0.002,-0.002,-0.002,-0.002,-0.002,-0.002,-0.002,-0.002,-0.002,-0.002,-0.002,-0.002,-0.002,-0.002,-0.002,-0.002,-0.002,-0.002,-0.002,-0.002,-0.002,-0.002,-0.002,-0.002,-0.002,-0.002,-0.002,-0.002,-0.002,-0.002,-0.002,
0.0,0.062,0.023,0.019,0.037,0.046,0.046,0.052,0.039,0.046,0.037,0.032,0.027,0.044,0.039,0.036,0.032,0.034,0.037,0.046,0.043,0.025,0.03,0.046,0.034,0.046,0.051,0.036,0.032,0.046,0.053,0.039,0.041,0.047,0.039,0.032,0.046,0.037,0.041,0.047,0.039,0.032,0.027,0.044,0.051,0.036,0.032,0.046,0.034,0.046,0.051,0.036,0.032,0.046,0.034,0.046,0.051,0.025,0.03,0.046,0.034,0.046,0.051,0.025,0.03,0.054,0.054,0.039,0.032,0.027,0.044,0.051,0.036,0.032,0.054,0.054,0.039,0.041,0.047,0.039,0.032,0.027,0.044,0.051,0.036,0.032,0.054,0.054,0.039,0.042,0.047,0.039,0.032,0.027,0.044,0.051,0.025,0.03,0.046,0.034,
0.0,0.008,-0.002,0.0,0.0,0.0,0.0,0.005,0.0,0.005,0.0,0.005,0.0,0.0,0.0,0.0,0.0,0.005,0.0,0.0,0.0,0.0,0.0,0.0,0.0,0.0,0.0,0.0,0.0,0.0,0.0,0.0,0.0,0.0,0.0,0.0,0.0,0.005,0.0,0.0,0.0,0.005,0.0,0.005,0.007,0.007,0.0,0.005,0.0,0.007,0.0,0.0,0.0,0.0,0.007,0.0,0.0,0.0,0.0,0.0,0.0,0.0,0.0,0.0,0.0,0.0,0.0,0.0,0.0,0.0,0.0,0.005,0.007,0.0,0.005,0.007,0.0,0.0,0.0,0.0,0.0,0.0,0.0,0.0,0.0,0.0,0.0,0.005,0.0,0.0,0.007,0.0,0.0,0.005,0.0,0.0,0.005,0.0,0.0,0.0,
0.0,-0.003,0.008,0.044,0.062,0.039,0.057,0.04,0.057,0.04,0.057,0.04,0.084,0.042,0.059,0.062,0.062,0.062,0.04,0.057,0.04,0.057,0.04,0.076,0.042,0.084,0.042,0.059,0.062,0.062,0.062,0.04,0.057,0.04,0.057,0.04,0.057,0.04,0.084,0.042,0.059,0.062,0.062,0.062,0.04,0.084,0.042,0.059,0.062,0.062,0.062,0.04,0.057,0.04,0.074,0.042,0.059,0.062,0.062,0.04,0.057,0.04,0.057,0.04,0.076,0.042,0.074,0.042,0.059,0.062,0.062,0.04,0.076,0.042,0.076,0.042,0.074,0.042,0.059,0.062,0.062,0.04,0.057,0.04,0.057,0.04,0.057,0.04,0.076,0.078,0.071,0.062,0.04,0.074,0.042,0.059,0.062,0.062,0.04,0.059,
0.0,0.027,-0.008,0.0,0.0,0.0,0.0,0.0,0.0,0.0,0.0,0.0,0.0,0.0,0.007,0.031,0.008,0.0,0.0,0.0,0.0,0.0,0.0,0.0,0.0,0.0,0.0,0.0,0.0,0.0,0.0,0.007,0.036,0.043,0.044,0.046,0.031,0.002,0.0,0.0,0.0,0.0,0.0,0.0,0.0,0.0,0.0,0.0,0.0,0.0,0.0,0.0,0.0,0.0,0.0,0.007,0.016,0.0,0.007,0.031,0.008,0.0,0.0,0.0,0.0,0.0,0.0,0.0,0.0,0.0,0.0,0.0,0.0,0.0,0.0,0.0,0.0,0.0,0.0,0.0,0.0,0.0,0.0,0.0,0.0,0.007,0.031,0.008,0.0,0.0,0.0,0.0,0.0,0.0,0.0,0.0,0.0,0.0,0.0,0.0,
0.0,0.027,-0.002,-0.002,0.007,0.02,0.032,0.043,0.045,0.05,0.05,0.042,0.028,0.032,0.015,0.037,0.028,0.037,0.063,0.038,0.023,0.045,0.033,0.032,0.022,0.032,0.012,0.01,0.015,0.03,0.035,0.053,0.04,0.033,0.02,0.028,0.028,0.03,0.045,0.04,0.043,0.038,0.042,0.042,0.047,0.048,0.052,0.052,0.052,0.052,0.052,0.052,0.052,0.052,0.052,0.052,0.052,0.052,0.052,0.052,0.052,0.052,0.052,0.052,0.052,0.052,0.052,0.052,0.052,0.052,0.052,0.052,0.052,0.052,0.052,0.052,0.052,0.052,0.052,0.052,0.052,0.052,0.052,0.052,0.052,0.052,0.052,0.052,0.052,0.052,0.052,0.052,0.052,0.052,0.052,0.052,0.052,0.052,0.052,0.052,
0.0,0.003,0.08,0.007,0.045,0.002,0.095,0.009,0.021,0.002,0.071,0.041,0.047,0.054,0.002,0.074,0.04,0.067,0.003,0.048,0.098,0.043,0.066,0.111,0.055,0.052,0.128,0.138,0.121,0.119,0.057,0.098,0.086,0.079,0.078,0.09,0.073,0.055,0.069,0.095,0.086,0.098,0.071,0.055,0.107,0.119,0.121,0.121,0.121,0.121,0.121,0.121,0.059,0.076,0.057,0.081,0.107,0.059,0.1,0.105,0.055,0.105,0.055,0.067,0.107,0.074,0.054,0.064,0.047,0.048,0.102,0.059,0.1,0.104,0.071,0.076,0.057,0.126,0.121,0.109,0.073,0.057,0.055,0.055,0.06,0.1,0.076,0.067,0.1,0.102,0.074,0.109,0.119,0.059,0.071,0.057,0.126,0.121,0.074,0.1,
0.0,0.002,0.0,0.0,0.0,0.012,0.015,0.042,0.015,0.015,0.042,0.015,0.04,0.017,0.04,0.017,0.04,0.017,0.04,0.003,0.0,0.012,0.04,0.017,0.04,0.017,0.04,0.017,0.04,0.017,0.04,0.015,0.04,0.017,0.04,0.017,0.04,0.017,0.04,0.017,0.04,0.017,0.04,0.017,0.04,0.017,0.04,0.017,0.04,0.017,0.04,0.017,0.04,0.015,0.04,0.017,0.04,0.017,0.04,0.003,0.012,0.04,0.003,0.013,0.04,0.017,0.04,0.017,0.04,0.017,0.04,0.017,0.04,0.017,0.04,0.017,0.04,0.017,0.04,0.003,0.012,0.04,0.003,0.012,0.04,0.017,0.04,0.003,0.012,0.04,0.003,0.013,0.04,0.003,0.0,0.012,0.04,0.003,0.0,0.0,
0.0,0.016,-0.005,0.002,0.017,0.0,0.012,0.025,0.05,0.003,0.012,0.025,0.025,0.012,0.002,0.0,0.022,0.002,0.012,0.025,0.002,0.0,0.012,0.059,0.02,0.002,0.035,0.002,0.025,0.013,0.012,0.012,0.018,0.022,0.002,0.005,0.012,0.0,0.012,0.012,0.012,0.037,0.003,0.0,0.0,0.012,0.022,0.002,0.0,0.012,0.03,0.002,0.035,0.002,0.035,0.003,0.0,0.0,0.022,0.007,0.0,0.012,0.0,0.0,0.012,0.037,0.013,0.025,0.018,0.018,0.037,0.003,0.015,0.0,0.035,0.002,0.025,0.013,0.0,0.02,0.002,0.0,0.0,0.023,0.013,0.0,0.012,0.0,0.012,0.025,0.002,0.0,0.003,0.0,0.022,0.017,0.022,0.005,0.012,0.012,
0.0,0.019,-0.003,0.0,0.0,0.002,0.002,0.002,0.002,0.002,0.002,0.002,0.002,0.002,0.002,0.002,0.002,0.002,0.002,0.002,0.002,0.002,0.002,0.002,0.002,0.002,0.002,0.002,0.002,0.002,0.002,0.002,0.002,0.002,0.002,0.002,0.002,0.002,0.002,0.002,0.002,0.002,0.002,0.002,0.002,0.002,0.002,0.002,0.002,0.002,0.002,0.002,0.002,0.002,0.002,0.002,0.002,0.002,0.002,0.002,0.002,0.002,0.002,0.002,0.002,0.002,0.002,0.002,0.002,0.002,0.002,0.002,0.002,0.002,0.002,0.002,0.002,0.002,0.002,0.002,0.002,0.002,0.002,0.002,0.002,0.002,0.002,0.002,0.002,0.002,0.002,0.002,0.002,0.002,0.002,0.002,0.002,0.002,0.002,0.002,
0.0,0.016,-0.003,-0.014,0.012,0.002,0.014,-0.01,0.012,0.002,0.014,0.003,0.014,0.002,0.014,-0.01,0.012,0.002,0.014,-0.01,0.012,0.016,0.016,-0.01,0.012,0.002,0.014,-0.01,0.012,0.002,0.014,-0.01,0.012,0.002,0.014,-0.01,0.012,0.002,0.014,-0.01,0.012,0.002,0.014,-0.01,0.012,0.002,0.014,-0.01,0.012,0.002,0.014,-0.01,0.012,0.002,0.014,-0.01,0.012,0.002,0.014,-0.01,0.012,0.002,0.014,-0.01,0.012,0.002,0.014,-0.01,0.012,0.002,0.014,-0.01,0.012,0.002,0.014,-0.01,0.012,0.002,0.014,-0.01,0.012,0.002,0.014,-0.01,0.012,0.002,0.014,-0.01,0.012,0.002,0.014,-0.01,0.012,0.002,0.014,-0.01,0.012,0.002,0.014,-0.01,
0.0,0.018,0.022,0.063,0.068,0.046,0.061,0.053,0.054,0.054,0.054,0.054,0.054,0.054,0.054,0.068,0.054,0.069,0.069,0.069,0.069,0.069,0.069,0.069,0.069,0.069,0.069,0.069,0.069,0.069,0.069,0.069,0.054,0.069,0.054,0.069,0.054,0.069,0.071,0.071,0.071,0.054,0.069,0.071,0.054,0.069,0.054,0.069,0.054,0.054,0.054,0.069,0.054,0.069,0.069,0.071,0.071,0.054,0.069,0.071,0.056,0.069,0.054,0.069,0.054,0.054,0.054,0.054,0.054,0.068,0.069,0.069,0.069,0.069,0.069,0.054,0.054,0.054,0.069,0.054,0.069,0.054,0.054,0.054,0.054,0.069,0.054,0.069,0.054,0.069,0.054,0.054,0.069,0.054,0.054,0.068,0.054,0.069,0.054,0.071,
0.0,0.008,0.0,0.0,0.008,0.0,0.0,0.016,0.018,0.034,0.015,0.008,0.002,0.008,0.008,0.002,0.0,0.0,0.0,0.0,0.026,0.008,0.013,0.018,0.031,0.02,0.039,0.039,0.041,0.036,0.021,0.041,0.039,0.038,0.021,0.041,0.039,0.038,0.021,0.041,0.039,0.038,0.021,0.041,0.039,0.038,0.021,0.041,0.039,0.038,0.021,0.041,0.039,0.038,0.021,0.041,0.039,0.038,0.021,0.041,0.039,0.038,0.021,0.018,0.039,0.036,0.015,0.03,0.036,0.036,0.021,0.041,0.039,0.038,0.021,0.018,0.039,0.036,0.033,0.038,0.039,0.015,0.03,0.036,0.036,0.015,0.013,0.038,0.034,0.021,0.033,0.02,0.031,0.02,0.031,0.02,0.039,0.039,0.041,0.036,
0.0,0.003,0.017,0.03,0.042,0.042,0.046,0.041,0.029,0.041,0.042,0.046,0.041,0.029,0.041,0.03,0.041,0.03,0.052,0.03,0.041,0.03,0.041,0.03,0.041,0.042,0.046,0.041,0.029,0.052,0.042,0.042,0.03,0.041,0.03,0.041,0.042,0.046,0.041,0.029,0.052,0.03,0.041,0.03,0.041,0.03,0.041,0.042,0.046,0.041,0.029,0.041,0.03,0.041,0.03,0.054,0.03,0.041,0.03,0.052,0.042,0.042,0.03,0.041,0.03,0.041,0.03,0.041,0.042,0.046,0.041,0.029,0.041,0.03,0.041,0.042,0.046,0.041,0.029,0.041,0.042,0.046,0.041,0.042,0.046,0.041,0.029,0.041,0.03,0.052,0.042,0.042,0.03,0.041,0.03,0.041,0.03,0.041,0.03,0.041,
0.0,0.0,0.0,0.027,0.002,0.015,0.008,0.028,0.027,0.032,0.049,0.015,0.008,0.01,0.045,0.043,0.003,0.002,0.02,0.033,0.049,0.005,0.017,0.028,0.049,0.013,0.034,0.043,0.003,0.023,0.035,0.043,0.003,0.002,0.017,0.028,0.049,0.015,0.002,0.028,0.049,0.015,0.008,0.002,0.007,0.023,0.037,0.02,0.023,0.043,0.003,0.015,0.018,0.028,0.027,0.032,0.049,0.013,0.034,0.043,0.003,0.023,0.035,0.043,0.003,0.023,0.042,0.043,0.003,0.01,0.034,0.043,0.003,0.01,0.002,0.038,0.003,0.002,0.044,0.033,0.047,0.013,0.034,0.003,0.007,0.013,0.012,0.028,0.025,0.007,0.042,0.03,0.047,0.028,0.017,0.028,0.002,0.028,0.015,0.023,
0.0,0.01,-0.003,0.012,0.0,0.012,0.0,0.04,0.028,0.013,0.013,0.04,0.028,0.013,0.007,0.008,0.002,0.02,0.015,0.037,0.042,0.018,0.008,0.032,0.04,0.028,0.03,0.002,0.013,0.002,0.04,0.028,0.03,0.018,0.028,0.013,0.013,0.04,0.028,0.013,0.034,0.003,0.02,0.002,0.0,0.023,0.002,0.027,0.027,0.027,0.025,0.025,0.025,0.025,0.025,0.025,0.025,0.025,0.025,0.025,0.025,0.025,0.025,0.025,0.025,0.025,0.025,0.025,0.025,0.025,0.025,0.025,0.025,0.025,0.025,0.025,0.025,0.025,0.025,0.025,0.025,0.025,0.025,0.025,0.025,0.025,0.025,0.025,0.025,0.025,0.025,0.025,0.025,0.025,0.025,0.025,0.025,0.025,0.025,0.025,
0.0,0.027,-0.008,-0.002,0.0,0.022,0.01,0.0,0.0,0.0,0.012,0.0,0.0,0.0,0.008,0.018,0.02,0.002,0.0,0.015,0.028,0.002,0.028,0.003,-0.002,0.0,0.0,0.0,-0.002,0.008,0.0,0.0,0.01,0.008,0.0,0.008,0.008,0.0,0.0,0.0,0.0,0.008,0.01,0.008,0.0,0.0,0.0,0.0,0.0,0.012,0.01,0.0,0.0,0.012,0.01,0.008,0.0,0.0,0.0,0.012,0.01,0.0,0.0,0.0,0.0,0.0,0.0,0.0,0.0,0.0,0.0,0.01,0.01,0.008,0.002,0.0,0.0,0.0,0.0,0.012,0.002,0.003,0.002,0.012,0.01,0.0,0.0,0.01,0.0,0.012,0.0,0.008,0.0,0.017,0.0,0.008,0.002,0.008,0.002,0.0,
0.0,0.006,0.016,0.002,0.017,0.002,0.013,0.023,0.02,0.002,0.0,0.018,0.012,0.002,0.038,0.018,0.032,0.013,0.02,0.017,0.038,0.028,0.025,0.018,0.01,0.022,0.03,0.013,0.01,0.033,0.032,0.043,0.05,0.025,0.033,0.038,0.028,0.028,0.032,0.043,0.03,0.04,0.023,0.033,0.053,0.063,0.053,0.061,0.071,0.05,0.033,0.041,0.058,0.05,0.06,0.05,0.06,0.05,0.06,0.05,0.06,0.05,0.06,0.05,0.06,0.05,0.06,0.05,0.06,0.05,0.06,0.05,0.06,0.05,0.06,0.05,0.06,0.05,0.06,0.05,0.06,0.05,0.06,0.05,0.06,0.05,0.06,0.05,0.06,0.05,0.06,0.05,0.06,0.05,0.06,0.05,0.06,0.05,0.06,0.05,
0.0,0.061,0.031,0.049,0.037,0.076,0.085,0.078,0.069,0.076,0.069,0.076,0.092,0.066,0.086,0.053,0.051,0.061,0.056,0.031,0.088,0.051,0.049,0.058,0.083,0.097,0.069,0.088,0.092,0.097,0.069,0.107,0.069,0.105,0.069,0.105,0.069,0.069,0.069,0.069,0.069,0.069,0.069,0.088,0.105,0.064,0.071,0.059,0.086,0.092,0.115,0.092,0.097,0.069,0.069,0.129,0.063,0.11,0.053,0.088,0.076,0.09,0.068,0.08,0.069,0.069,0.069,0.069,0.069,0.069,0.107,0.069,0.105,0.069,0.069,0.088,0.092,0.069,0.069,0.069,0.088,0.092,0.083,0.071,0.078,0.058,0.068,0.069,0.09,0.097,0.069,0.069,0.069,0.069,0.069,0.069,0.069,0.069,0.069,0.069,
0.0,-0.002,-0.002,0.012,0.0,0.0,0.0,0.0,0.0,0.0,0.0,0.007,0.0,0.0,0.0,0.0,0.0,0.0,0.0,0.0,0.0,0.0,0.0,0.0,0.0,0.0,0.0,0.0,0.0,0.0,0.0,0.0,0.0,0.0,0.0,0.0,0.0,0.0,0.0,0.007,0.0,0.0,0.0,0.003,0.0,0.007,0.0,0.0,0.0,0.007,0.0,0.0,0.0,0.0,0.0,0.0,0.0,0.0,0.0,0.0,0.0,0.007,0.0,0.005,0.0,0.007,0.0,0.0,0.0,0.0,0.0,0.0,0.0,0.0,0.0,0.003,0.0,0.0,0.0,0.0,0.0,0.0,0.0,0.0,0.0,0.0,0.0,0.007,0.0,0.0,0.0,0.007,0.0,0.0,0.0,0.0,0.0,0.0,0.0,0.0,
0.0,0.016,-0.002,0.018,0.021,0.018,0.021,0.03,0.002,0.03,0.002,0.0,0.03,0.002,0.0,0.03,0.002,0.0,0.03,0.002,0.0,0.0,0.0,0.03,0.002,0.026,0.002,0.035,0.002,0.035,0.002,0.035,0.002,0.035,0.002,0.035,0.002,0.035,0.002,0.035,0.002,0.035,0.002,0.035,0.002,0.035,0.002,0.026,0.002,0.026,0.002,0.026,0.002,0.017,0.021,0.03,0.002,0.026,0.018,0.017,0.036,0.002,0.03,0.002,0.035,0.002,0.035,0.002,0.035,0.002,0.035,0.002,0.035,0.002,0.035,0.002,0.035,0.002,0.035,0.002,0.035,0.002,0.035,0.002,0.035,0.002,0.035,0.002,0.026,0.002,0.017,0.021,0.03,0.015,0.01,0.0,0.031,0.002,0.03,0.002,
0.0,0.024,-0.002,0.0,0.028,0.038,0.038,0.01,0.0,0.028,0.002,0.042,0.032,0.03,0.042,0.032,0.042,0.01,0.0,0.0,0.012,0.0,0.038,0.01,0.0,0.042,0.032,0.002,0.028,0.032,0.002,0.048,0.04,0.04,0.04,0.04,0.04,0.04,0.04,0.04,0.04,0.04,0.04,0.04,0.04,0.04,0.04,0.04,0.04,0.04,0.04,0.04,0.04,0.04,0.04,0.04,0.04,0.04,0.04,0.04,0.04,0.04,0.04,0.04,0.04,0.04,0.04,0.04,0.04,0.04,0.04,0.04,0.04,0.04,0.04,0.04,0.04,0.04,0.04,0.04,0.04,0.04,0.04,0.04,0.04,0.04,0.04,0.04,0.04,0.04,0.04,0.04,0.04,0.04,0.04,0.04,0.04,0.04,0.04,0.04,
0.0,0.018,-0.005,-0.002,0.027,0.02,0.033,0.015,0.038,0.035,0.03,0.038,0.052,0.053,0.042,0.04,0.052,0.053,0.042,0.04,0.052,0.053,0.042,0.04,0.052,0.053,0.042,0.04,0.052,0.053,0.042,0.04,0.052,0.053,0.042,0.04,0.052,0.053,0.042,0.04,0.052,0.053,0.042,0.04,0.052,0.053,0.042,0.04,0.052,0.053,0.042,0.04,0.052,0.053,0.042,0.04,0.052,0.053,0.042,0.04,0.052,0.053,0.042,0.04,0.052,0.053,0.042,0.04,0.052,0.053,0.042,0.04,0.052,0.053,0.042,0.04,0.052,0.053,0.042,0.04,0.052,0.053,0.042,0.04,0.052,0.053,0.042,0.04,0.052,0.053,0.042,0.04,0.052,0.053,0.042,0.04,0.052,0.053,0.042,0.04,
0.0,0.009,0.0,0.0,0.0,0.0,0.0,0.0,0.0,0.0,0.0,0.0,0.0,0.0,0.0,0.0,0.0,0.0,0.0,0.0,0.0,0.0,0.0,0.0,0.0,0.0,0.0,0.0,0.0,0.0,0.0,0.0,0.0,0.0,0.0,0.0,0.0,0.0,0.0,0.0,0.0,0.0,0.0,0.0,0.0,0.0,0.0,0.0,0.0,0.0,0.0,0.0,0.0,0.0,0.0,0.0,0.0,0.0,0.0,0.0,0.0,0.0,0.0,0.0,0.0,0.0,0.0,0.0,0.0,0.0,0.0,0.0,0.0,0.0,0.0,0.0,0.0,0.0,0.0,0.0,0.0,0.0,0.0,0.0,0.0,0.0,0.0,0.0,0.0,0.0,0.0,0.0,0.0,0.0,0.0,0.0,0.0,0.0,0.0,0.0,
0.0,0.036,0.023,0.055,0.038,0.048,0.05,0.05,0.05,0.05,0.05,0.05,0.05,0.05,0.05,0.05,0.05,0.05,0.05,0.05,0.05,0.05,0.05,0.05,0.05,0.05,0.05,0.05,0.05,0.05,0.05,0.05,0.05,0.05,0.05,0.05,0.05,0.05,0.05,0.05,0.05,0.05,0.05,0.05,0.05,0.05,0.05,0.05,0.05,0.05,0.05,0.05,0.05,0.05,0.05,0.05,0.05,0.05,0.05,0.05,0.05,0.05,0.05,0.05,0.05,0.05,0.05,0.05,0.05,0.05,0.05,0.05,0.05,0.05,0.05,0.05,0.05,0.05,0.05,0.05,0.05,0.05,0.05,0.05,0.05,0.05,0.05,0.05,0.05,0.05,0.05,0.05,0.05,0.05,0.05,0.05,0.05,0.05,0.05,0.05,
0.0,0.009,-0.002,0.0,0.0,0.0,0.0,0.0,0.0,0.0,0.0,0.0,0.0,0.0,0.0,0.0,0.0,0.0,0.0,0.0,0.0,0.0,0.0,0.0,0.0,0.0,0.0,0.0,0.0,0.0,0.0,0.0,0.0,0.0,0.0,0.0,0.0,0.0,0.0,0.0,0.0,0.0,0.0,0.0,0.0,0.0,0.0,0.0,0.0,0.0,0.0,0.0,0.0,0.0,0.0,0.0,0.0,0.0,0.0,0.0,0.0,0.0,0.0,0.0,0.0,0.0,0.0,0.0,0.0,0.0,0.0,0.0,0.0,0.0,0.0,0.0,0.0,0.0,0.0,0.0,0.0,0.0,0.0,0.0,0.0,0.0,0.0,0.0,0.0,0.0,0.0,0.0,0.0,0.0,0.0,0.0,0.0,0.0,0.0,0.0,
0.0,0.035,-0.01,-0.002,0.034,0.057,0.06,0.059,0.06,0.059,0.097,0.106,0.087,0.059,0.06,0.059,0.06,0.097,0.109,0.086,0.06,0.067,0.096,0.099,0.076,0.076,0.06,0.059,0.06,0.059,0.06,0.059,0.06,0.094,0.121,0.076,0.116,0.076,0.074,0.061,0.06,0.059,0.06,0.059,0.06,0.059,0.06,0.059,0.06,0.059,0.06,0.059,0.06,0.059,0.082,0.097,0.102,0.101,0.104,0.106,0.106,0.101,0.104,0.106,0.107,0.106,0.107,0.106,0.107,0.106,0.107,0.106,0.107,0.106,0.107,0.106,0.107,0.106,0.107,0.106,0.107,0.106,0.107,0.106,0.107,0.106,0.107,0.106,0.107,0.106,0.107,0.106,0.107,0.106,0.107,0.106,0.107,0.106,0.107,0.106,
0.0,0.029,0.0,0.035,0.033,0.04,0.055,0.064,0.083,0.084,0.084,0.083,0.086,0.086,0.083,0.084,0.083,0.084,0.084,0.086,0.084,0.088,0.088,0.086,0.084,0.086,0.084,0.086,0.084,0.086,0.084,0.086,0.084,0.088,0.088,0.084,0.084,0.086,0.084,0.088,0.088,0.086,0.084,0.086,0.084,0.088,0.084,0.086,0.084,0.086,0.084,0.088,0.088,0.086,0.084,0.084,0.084,0.088,0.088,0.086,0.084,0.086,0.084,0.088,0.084,0.086,0.084,0.086,0.084,0.088,0.088,0.086,0.084,0.086,0.084,0.086,0.084,0.088,0.088,0.086,0.084,0.084,0.084,0.088,0.088,0.086,0.084,0.086,0.084,0.088,0.084,0.086,0.084,0.086,0.084,0.088,0.088,0.086,0.084,0.086,
0.0,0.018,0.003,0.012,0.013,0.017,0.007,0.007,0.051,0.038,0.03,0.01,0.041,0.026,0.021,0.036,0.046,0.048,0.048,0.048,0.048,0.048,0.048,0.048,0.048,0.048,0.048,0.048,0.048,0.048,0.048,0.048,0.048,0.048,0.048,0.048,0.048,0.048,0.048,0.048,0.048,0.048,0.048,0.048,0.048,0.048,0.048,0.048,0.048,0.048,0.048,0.048,0.048,0.048,0.048,0.048,0.048,0.048,0.048,0.048,0.048,0.048,0.048,0.048,0.048,0.048,0.048,0.048,0.048,0.048,0.048,0.048,0.048,0.048,0.048,0.048,0.048,0.048,0.048,0.048,0.048,0.048,0.048,0.048,0.048,0.048,0.048,0.048,0.048,0.048,0.048,0.048,0.048,0.048,0.048,0.048,0.048,0.048,0.048,0.048,
0.0,0.0,0.0,0.069,-0.009,0.029,0.01,0.015,0.034,0.059,0.024,0.0,0.039,0.042,0.052,0.005,0.096,0.039,0.044,0.054,0.003,0.068,0.093,0.029,0.098,0.061,0.042,0.071,0.083,0.02,0.073,0.059,0.052,0.039,0.019,0.022,0.017,0.078,0.032,0.042,0.022,0.042,0.083,0.064,0.044,0.08,0.058,0.044,0.085,0.051,0.036,0.022,0.042,0.083,0.046,0.052,0.085,0.032,0.036,0.105,0.049,0.08,0.059,0.054,0.051,0.037,0.037,0.019,0.022,0.037,0.042,0.052,0.071,0.037,0.051,0.003,0.078,0.044,0.022,0.052,0.117,0.041,0.022,0.052,0.037,0.042,0.105,0.041,0.046,0.073,0.093,0.058,0.041,0.073,0.095,0.058,0.034,0.08,0.056,0.039,
0.0,0.03,0.018,0.023,0.013,0.012,0.013,0.025,0.017,0.013,0.028,0.002,0.026,0.031,0.028,0.026,0.017,0.013,0.028,0.002,0.026,0.031,0.028,0.026,0.017,0.013,0.028,0.008,0.026,0.031,0.028,0.038,0.033,0.028,0.022,0.038,0.03,0.005,0.035,0.03,0.028,0.018,0.033,0.066,0.031,0.013,0.028,0.005,0.035,0.04,0.03,0.018,0.013,0.013,0.028,0.002,0.026,0.06,0.038,0.015,0.028,0.002,0.026,0.031,0.028,0.026,0.017,0.013,0.028,0.013,0.026,0.005,0.036,0.048,0.025,0.025,0.017,0.013,0.013,0.013,0.02,0.036,0.031,0.04,0.026,0.022,0.033,0.03,0.022,0.026,0.028,0.04,0.026,0.025,0.017,0.028,0.03,0.023,0.04,0.028,
0.0,0.022,0.019,0.099,0.085,0.025,0.067,0.05,0.037,0.035,0.067,0.074,0.087,0.087,0.09,0.089,0.09,0.067,0.082,0.075,0.089,0.087,0.09,0.089,0.09,0.089,0.09,0.089,0.09,0.089,0.09,0.089,0.09,0.089,0.09,0.089,0.09,0.089,0.09,0.089,0.09,0.089,0.09,0.089,0.09,0.089,0.09,0.089,0.09,0.089,0.09,0.089,0.09,0.089,0.09,0.089,0.09,0.089,0.09,0.089,0.09,0.089,0.09,0.089,0.09,0.089,0.09,0.089,0.09,0.089,0.09,0.089,0.09,0.089,0.09,0.089,0.09,0.089,0.09,0.089,0.09,0.089,0.09,0.089,0.09,0.089,0.09,0.089,0.09,0.089,0.09,0.089,0.09,0.089,0.09,0.089,0.09,0.089,0.09,0.087,
0.0,0.0,0.0,0.0,0.0,0.0,0.0,0.0,0.0,0.0,0.0,0.0,0.0,0.0,0.0,0.0,0.0,0.0,0.0,0.0,0.0,0.0,0.0,0.0,0.0,0.0,0.0,0.0,0.0,0.0,0.0,0.0,0.0,0.0,0.0,0.0,0.0,0.0,0.0,0.0,0.0,0.0,0.0,0.0,0.0,0.0,0.0,0.0,0.0,0.0,0.0,0.0,0.0,0.0,0.0,0.0,0.0,0.0,0.0,0.0,0.0,0.0,0.0,0.0,0.0,0.0,0.0,0.0,0.0,0.0,0.0,0.0,0.0,0.0,0.0,0.0,0.0,0.0,0.0,0.0,0.0,0.0,0.0,0.0,0.0,0.0,0.0,0.0,0.0,0.0,0.0,0.0,0.0,0.0,0.0,0.0,0.0,0.0,0.0,0.0,
0.0,0.016,-0.002,0.014,0.037,0.014,0.037,0.056,0.047,0.029,0.076,0.059,0.08,0.064,0.073,0.039,0.032,0.036,0.032,0.066,0.024,0.002,0.029,0.036,0.027,0.056,0.03,0.051,0.054,0.046,0.068,0.054,0.059,0.069,0.069,0.042,0.061,0.053,0.034,0.068,0.064,0.046,0.064,0.042,0.054,0.027,0.039,0.025,0.03,0.037,0.019,0.041,0.068,0.073,0.059,0.031,0.051,0.046,0.052,0.058,0.046,0.059,0.059,0.066,0.059,0.066,0.044,0.037,0.054,0.024,0.044,0.002,0.014,0.027,0.002,0.024,0.03,0.027,0.049,0.025,0.03,0.058,0.015,0.0,0.008,0.034,0.03,0.036,0.032,0.029,0.052,0.017,0.029,0.039,0.015,0.058,0.032,0.066,0.054,0.041,
0.0,0.047,-0.008,-0.002,0.01,0.0,0.007,0.01,0.018,0.01,0.008,0.012,0.01,0.01,0.0,0.0,0.0,0.0,0.0,0.0,0.0,0.0,0.0,0.0,0.0,0.0,0.0,0.0,0.0,0.0,0.0,0.0,0.0,0.0,0.0,0.0,0.0,0.0,0.0,0.0,0.0,0.0,0.0,0.0,0.0,0.0,0.0,0.0,0.0,0.0,0.0,0.0,0.0,0.0,0.0,0.0,0.0,0.0,0.0,0.0,0.0,0.0,0.0,0.0,0.0,0.0,0.0,0.0,0.01,0.01,0.01,0.028,0.012,0.0,0.0,0.025,0.012,0.0,0.007,0.0,0.0,0.0,0.01,0.0,0.01,0.018,0.0,0.01,0.018,0.012,0.0,0.0,0.01,0.012,0.0,0.0,0.01,0.012,0.0,0.0,
0.0,0.016,0.058,0.096,0.113,0.144,0.078,0.168,0.104,0.103,0.024,0.108,0.144,0.091,0.108,0.069,0.067,0.076,0.163,0.101,0.125,0.085,0.037,0.128,0.073,0.096,0.111,0.085,0.08,0.124,0.128,0.153,0.087,0.062,0.071,0.138,0.083,0.148,0.182,0.142,0.103,0.074,0.062,0.11,0.09,0.096,0.06,0.073,0.129,0.098,0.108,0.069,0.084,0.082,0.057,0.134,0.097,0.116,0.047,0.119,0.062,0.094,0.141,0.133,0.009,0.126,0.108,0.099,0.09,0.077,0.039,0.08,0.087,0.096,0.09,0.077,0.065,0.126,0.144,0.162,0.078,0.093,0.038,0.077,0.101,0.107,0.013,0.157,0.085,0.121,0.041,0.108,0.073,0.159,0.117,0.084,-0.015,0.141,0.117,0.084,
0.0,0.005,-0.003,-0.002,0.008,0.005,0.012,0.007,0.007,0.017,0.012,0.007,0.007,0.003,0.005,0.007,0.012,0.007,0.005,0.003,0.007,0.005,0.008,0.008,0.005,0.01,0.02,0.0,0.0,0.007,0.007,0.005,0.017,0.0,0.01,0.012,0.0,0.007,0.008,0.01,0.008,0.01,0.007,0.01,0.017,0.0,0.007,0.007,0.008,0.003,0.0,0.01,0.018,0.008,0.008,0.003,0.005,0.007,0.005,0.005,0.008,0.007,0.007,0.01,0.0,0.005,0.017,0.01,0.005,0.007,0.0,0.007,0.012,0.02,0.007,0.007,0.005,0.007,0.005,0.005,0.007,0.005,0.005,0.0,0.007,0.007,0.007,0.007,0.0,0.017,0.008,0.005,0.013,0.021,0.013,0.008,0.017,0.012,0.007,0.017,
0.0,0.037,0.008,0.002,0.028,0.007,0.0,0.015,0.055,0.002,0.0,0.0,0.037,0.048,0.015,0.025,0.01,0.023,0.002,0.038,0.04,0.038,0.038,0.06,0.048,0.007,0.023,0.005,0.0,0.022,0.037,0.022,0.037,0.023,0.0,0.022,0.035,0.037,0.05,0.067,0.072,0.059,0.043,0.035,0.002,0.0,0.0,0.037,0.003,0.042,0.028,0.002,0.022,0.06,0.042,0.062,0.035,0.0,0.025,0.045,0.052,0.052,0.052,0.052,0.052,0.052,0.052,0.052,0.052,0.052,0.052,0.052,0.052,0.052,0.052,0.052,0.052,0.052,0.052,0.052,0.052,0.052,0.052,0.052,0.052,0.052,0.052,0.052,0.052,0.052,0.052,0.052,0.052,0.052,0.052,0.052,0.052,0.052,0.052,0.052,
0.0,0.011,0.071,0.076,0.164,0.072,0.122,0.128,0.164,0.126,0.126,0.128,0.137,0.1,0.123,0.138,0.166,0.126,0.096,0.137,0.138,0.14,0.103,0.084,0.095,0.125,0.126,0.128,0.137,0.14,0.098,0.125,0.137,0.166,0.126,0.137,0.14,0.138,0.1,0.135,0.128,0.126,0.128,0.085,0.125,0.138,0.138,0.14,0.138,0.166,0.178,0.141,0.177,0.18,0.18,0.18,0.141,0.177,0.18,0.18,0.18,0.18,0.18,0.18,0.141,0.177,0.18,0.18,0.18,0.141,0.177,0.18,0.18,0.18,0.18,0.18,0.18,0.141,0.177,0.18,0.18,0.18,0.141,0.177,0.18,0.18,0.18,0.18,0.18,0.18,0.141,0.177,0.18,0.18,0.18,0.141,0.177,0.18,0.18,0.146,
0.0,0.016,-0.002,0.0,0.025,0.035,0.038,0.038,0.038,0.038,0.038,0.038,0.038,0.038,0.038,0.038,0.038,0.038,0.038,0.038,0.038,0.038,0.038,0.038,0.038,0.038,0.038,0.038,0.038,0.038,0.038,0.038,0.038,0.038,0.038,0.038,0.038,0.038,0.038,0.038,0.038,0.038,0.038,0.038,0.038,0.038,0.038,0.038,0.038,0.038,0.038,0.038,0.038,0.038,0.038,0.038,0.038,0.038,0.038,0.038,0.038,0.038,0.038,0.038,0.038,0.038,0.038,0.038,0.038,0.038,0.038,0.038,0.038,0.038,0.038,0.038,0.038,0.038,0.038,0.038,0.038,0.038,0.038,0.038,0.038,0.038,0.038,0.038,0.038,0.038,0.038,0.038,0.038,0.038,0.038,0.038,0.038,0.038,0.038,0.038,
0.0,0.011,0.018,0.0,0.02,0.022,0.022,0.002,0.0,0.0,0.0,0.0,0.0,0.034,0.002,0.047,0.003,0.0,0.0,0.039,0.049,0.051,0.051,0.051,0.051,0.051,0.051,0.051,0.051,0.051,0.051,0.051,0.051,0.051,0.051,0.051,0.051,0.051,0.051,0.051,0.051,0.051,0.051,0.051,0.051,0.051,0.051,0.051,0.051,0.051,0.051,0.051,0.051,0.051,0.051,0.051,0.051,0.051,0.051,0.051,0.051,0.051,0.051,0.051,0.051,0.051,0.051,0.051,0.051,0.051,0.051,0.051,0.051,0.051,0.051,0.051,0.051,0.051,0.051,0.051,0.051,0.051,0.051,0.051,0.051,0.051,0.051,0.051,0.051,0.051,0.051,0.051,0.051,0.051,0.051,0.051,0.051,0.051,0.051,0.051,
0.0,0.017,-0.003,-0.002,0.01,0.0,0.0,-0.002,0.007,-0.002,0.01,0.005,0.0,-0.002,0.0,-0.002,0.0,-0.002,0.0,-0.002,0.0,-0.002,0.0,-0.002,0.0,-0.002,0.0,-0.002,0.0,-0.002,0.0,-0.002,0.0,-0.002,0.0,-0.002,0.0,-0.002,0.0,-0.002,0.0,0.003,0.015,-0.002,0.0,-0.002,0.0,-0.002,0.0,-0.002,0.0,-0.002,0.0,-0.002,0.0,-0.002,0.0,-0.002,0.0,-0.002,0.0,-0.002,0.0,-0.002,0.0,-0.002,0.0,-0.002,0.0,-0.002,0.0,-0.002,0.0,-0.002,0.0,-0.002,0.0,-0.002,0.0,-0.002,0.0,-0.002,0.0,-0.002,0.0,-0.002,0.0,-0.002,0.0,-0.002,0.0,-0.002,0.0,-0.002,0.0,-0.002,0.0,-0.002,0.0,-0.002,
0.0,0.02,-0.008,0.002,0.002,0.023,0.031,0.018,0.002,0.023,0.031,0.035,0.04,0.043,0.033,0.008,0.0,0.021,0.028,0.043,0.012,0.026,0.016,0.01,0.021,0.028,0.012,0.016,0.035,0.041,0.044,0.044,0.033,0.013,0.01,0.016,0.035,0.041,0.044,0.044,0.044,0.044,0.041,0.043,0.044,0.044,0.044,0.044,0.044,0.044,0.044,0.044,0.044,0.044,0.044,0.044,0.044,0.044,0.044,0.044,0.044,0.044,0.044,0.044,0.044,0.044,0.044,0.044,0.044,0.044,0.044,0.044,0.044,0.044,0.044,0.044,0.044,0.044,0.044,0.044,0.044,0.044,0.044,0.044,0.044,0.044,0.044,0.044,0.044,0.044,0.044,0.044,0.044,0.044,0.044,0.044,0.044,0.044,0.044,0.044,
0.0,0.005,-0.003,0.0,0.0,0.0,0.0,0.0,0.0,0.0,0.0,0.0,0.0,0.0,0.0,0.0,0.0,0.0,0.008,0.033,0.038,0.04,0.038,0.04,0.038,0.04,0.038,0.04,0.038,0.04,0.038,0.04,0.038,0.04,0.038,0.04,0.038,0.04,0.038,0.04,0.038,0.04,0.038,0.04,0.038,0.04,0.038,0.04,0.038,0.04,0.038,0.04,0.038,0.04,0.038,0.04,0.038,0.04,0.038,0.04,0.038,0.04,0.038,0.04,0.038,0.04,0.038,0.04,0.038,0.04,0.038,0.04,0.038,0.04,0.038,0.04,0.038,0.04,0.038,0.04,0.038,0.04,0.038,0.04,0.038,0.04,0.038,0.04,0.038,0.04,0.038,0.04,0.038,0.04,0.038,0.04,0.038,0.04,0.038,0.04,
0.0,0.004,0.063,0.071,0.075,0.052,0.041,0.133,0.119,0.106,0.1,0.061,0.143,0.135,0.154,0.136,0.108,0.062,0.148,0.135,0.129,0.091,0.129,0.154,0.132,0.154,0.142,0.154,0.156,0.156,0.136,0.154,0.156,0.156,0.136,0.154,0.156,0.156,0.136,0.129,0.063,0.063,0.148,0.156,0.136,0.154,0.136,0.129,0.063,0.063,0.148,0.156,0.136,0.154,0.156,0.156,0.136,0.129,0.063,0.063,0.13,0.133,0.154,0.136,0.129,0.133,0.129,0.086,0.127,0.154,0.135,0.129,0.133,0.129,0.139,0.154,0.142,0.154,0.156,0.156,0.136,0.129,0.091,0.15,0.135,0.154,0.156,0.156,0.136,0.154,0.136,0.108,0.132,0.154,0.135,0.154,0.156,0.156,0.136,0.156,
0.0,0.051,0.005,0.013,0.01,0.0,0.0,0.0,0.01,0.01,0.002,0.0,0.01,0.008,0.018,0.002,0.017,0.015,0.002,0.0,0.01,0.027,0.017,0.002,0.008,0.027,0.003,0.0,0.01,0.0,0.013,0.002,0.013,0.013,0.012,0.017,0.01,0.027,0.012,0.002,0.0,0.0,0.01,0.0,0.0,0.0,0.01,0.0,0.0,0.0,0.01,0.0,0.013,0.013,0.002,0.013,0.002,0.013,0.013,0.013,0.013,0.013,0.013,0.013,0.013,0.013,0.013,0.013,0.01,0.013,0.01,0.013,0.01,0.013,0.01,0.013,0.01,0.013,0.01,0.013,0.002,0.027,0.003,0.015,0.002,0.015,0.015,0.002,0.01,0.0,0.0,0.013,0.04,0.015,0.002,0.018,0.002,0.008,0.002,0.018,
0.0,0.015,-0.013,0.015,0.025,0.04,0.013,0.002,0.054,0.005,0.012,0.002,0.012,0.002,0.0,0.012,0.002,0.04,0.047,0.034,0.039,0.034,0.013,0.042,0.052,0.054,0.074,0.056,0.054,0.054,0.054,0.054,0.054,0.054,0.054,0.054,0.054,0.054,0.054,0.054,0.054,0.054,0.054,0.054,0.054,0.054,0.054,0.054,0.054,0.054,0.054,0.054,0.054,0.054,0.054,0.054,0.054,0.054,0.054,0.054,0.054,0.054,0.054,0.054,0.054,0.054,0.054,0.054,0.054,0.054,0.054,0.054,0.054,0.054,0.054,0.054,0.054,0.054,0.054,0.054,0.054,0.054,0.054,0.054,0.054,0.054,0.054,0.054,0.054,0.054,0.054,0.054,0.054,0.054,0.054,0.054,0.054,0.054,0.054,0.054,
0.0,0.016,0.007,0.026,0.023,0.01,0.023,0.043,0.003,0.027,0.002,0.03,0.028,0.027,0.025,0.038,0.041,0.041,0.041,0.041,0.041,0.041,0.041,0.041,0.041,0.041,0.041,0.041,0.041,0.041,0.041,0.041,0.041,0.041,0.041,0.041,0.041,0.041,0.041,0.041,0.041,0.041,0.041,0.041,0.041,0.041,0.041,0.041,0.041,0.041,0.041,0.041,0.041,0.041,0.041,0.041,0.041,0.041,0.041,0.041,0.041,0.041,0.041,0.041,0.041,0.041,0.041,0.041,0.041,0.041,0.041,0.041,0.041,0.041,0.041,0.041,0.041,0.041,0.041,0.041,0.041,0.041,0.041,0.041,0.041,0.041,0.041,0.041,0.041,0.041,0.041,0.041,0.041,0.041,0.041,0.041,0.041,0.041,0.041,0.041,
0.0,0.005,0.0,0.012,0.022,0.028,0.038,0.027,0.037,0.033,0.037,0.015,0.022,0.028,0.022,0.037,0.035,0.015,0.022,0.028,0.022,0.037,0.035,0.033,0.033,0.033,0.015,0.022,0.037,0.035,0.04,0.033,0.04,0.033,0.04,0.033,0.04,0.033,0.04,0.033,0.04,0.033,0.04,0.033,0.04,0.033,0.04,0.033,0.04,0.033,0.04,0.033,0.04,0.033,0.04,0.033,0.04,0.033,0.04,0.033,0.04,0.033,0.04,0.033,0.04,0.015,0.025,0.038,0.033,0.037,0.015,0.022,0.028,0.022,0.037,0.015,0.022,0.028,0.022,0.037,0.015,0.022,0.028,0.038,0.027,0.028,0.038,0.027,0.028,0.022,0.033,0.033,0.015,0.022,0.037,0.035,0.037,0.015,0.022,0.037,
0.0,0.01,-0.005,0.002,0.048,0.069,0.045,0.04,0.078,0.068,0.043,0.069,0.028,0.069,0.083,0.081,0.076,0.088,0.061,0.06,0.043,0.053,0.083,0.068,0.053,0.084,0.084,0.078,0.026,0.033,0.045,0.046,0.053,0.025,0.043,0.081,0.058,0.073,0.081,0.088,0.091,0.093,0.093,0.093,0.093,0.093,0.093,0.093,0.093,0.093,0.093,0.093,0.093,0.093,0.093,0.093,0.093,0.093,0.093,0.093,0.093,0.093,0.093,0.093,0.093,0.093,0.093,0.093,0.093,0.093,0.093,0.093,0.093,0.093,0.093,0.093,0.093,0.093,0.093,0.093,0.093,0.093,0.093,0.093,0.093,0.093,0.093,0.093,0.093,0.093,0.093,0.093,0.093,0.093,0.093,0.093,0.093,0.093,0.093,0.094,
0.0,-0.011,0.0,0.0,-0.015,-0.002,-0.002,0.0,0.015,0.002,0.0,0.0,0.0,0.0,0.0,0.0,0.0,0.0,0.0,0.0,0.0,0.0,0.0,0.0,0.0,0.0,0.0,0.0,0.0,0.013,0.002,0.0,0.0,0.0,0.0,0.0,0.0,0.0,0.0,0.0,0.0,0.0,0.0,0.029,0.003,0.002,0.0,0.0,0.0,0.0,0.0,0.015,0.002,0.002,0.0,0.0,0.0,0.023,0.003,0.002,0.0,0.0,0.0,0.0,0.0,0.0,0.0,0.0,0.0,0.0,0.0,0.0,0.0,0.0,0.0,0.0,0.0,0.0,0.0,0.0,0.0,0.0,0.0,0.0,0.015,0.017,0.017,0.017,0.017,0.017,0.017,0.034,0.018,0.017,0.029,0.032,0.032,0.032,0.032,0.032,
0.0,0.016,-0.003,0.0,0.0,0.0,0.0,0.0,0.003,0.005,0.0,-0.002,0.0,0.005,0.0,-0.002,0.005,0.0,-0.002,0.0,0.0,0.0,0.0,0.0,0.005,0.0,-0.002,0.0,0.0,0.0,0.0,0.0,0.0,0.0,0.0,0.0,0.0,0.0,0.0,0.0,0.0,0.0,0.0,0.0,0.0,0.0,0.0,0.0,0.0,0.0,0.0,0.003,0.003,0.0,0.005,0.0,-0.002,0.005,0.005,0.0,-0.002,0.0,0.0,0.0,0.0,0.005,0.0,-0.002,0.003,0.005,0.0,0.003,0.0,-0.002,0.005,0.005,0.0,-0.002,0.003,0.0,-0.002,-0.002,0.0,0.0,0.0,0.0,0.0,0.0,0.0,0.005,0.005,0.0,-0.002,0.005,0.0,-0.002,0.005,0.0,-0.002,0.005,
0.0,0.005,-0.01,0.074,0.056,0.037,0.027,0.024,0.047,0.035,0.042,0.047,0.052,0.054,0.054,0.054,0.069,0.054,0.054,0.069,0.054,0.054,0.054,0.054,0.066,0.054,0.054,0.054,0.054,0.057,0.051,0.047,0.052,0.054,0.054,0.054,0.066,0.054,0.064,0.047,0.039,0.047,0.052,0.054,0.066,0.054,0.066,0.054,0.054,0.054,0.054,0.066,0.054,0.054,0.054,0.054,0.067,0.04,0.059,0.052,0.067,0.052,0.047,0.052,0.054,0.066,0.054,0.066,0.054,0.054,0.069,0.054,0.066,0.054,0.066,0.059,0.04,0.047,0.052,0.066,0.054,0.054,0.054,0.074,0.049,0.039,0.047,0.052,0.054,0.054,0.054,0.057,0.04,0.047,0.052,0.054,0.054,0.054,0.054,0.054,
0.0,0.011,0.005,0.002,0.028,0.015,0.025,0.063,0.076,0.086,0.088,0.083,0.081,0.088,0.088,0.083,0.081,0.088,0.088,0.083,0.081,0.088,0.088,0.083,0.081,0.088,0.088,0.083,0.081,0.086,0.086,0.081,0.081,0.088,0.088,0.083,0.081,0.088,0.088,0.083,0.081,0.088,0.088,0.083,0.081,0.088,0.088,0.083,0.081,0.088,0.088,0.083,0.081,0.088,0.088,0.083,0.081,0.088,0.088,0.083,0.081,0.088,0.088,0.083,0.081,0.088,0.088,0.083,0.081,0.088,0.088,0.083,0.081,0.088,0.088,0.083,0.081,0.088,0.088,0.083,0.081,0.088,0.088,0.083,0.081,0.088,0.088,0.083,0.081,0.088,0.088,0.083,0.081,0.088,0.088,0.083,0.081,0.088,0.088,0.088,
0.0,0.005,0.002,0.0,0.0,0.0,0.0,0.0,0.0,0.0,0.0,0.0,0.0,0.0,0.0,0.0,0.0,0.0,0.0,0.0,0.0,0.0,0.0,0.0,0.0,0.0,0.0,0.0,0.0,0.0,0.0,0.0,0.0,0.0,0.0,0.0,0.0,0.0,0.0,0.0,0.0,0.0,0.0,0.0,0.0,0.0,0.0,0.0,0.0,0.0,0.0,0.0,0.0,0.0,0.0,0.0,0.0,0.0,0.0,0.0,0.0,0.0,0.0,0.0,0.0,0.0,0.0,0.0,0.0,0.0,0.0,0.0,0.0,0.0,0.0,0.0,0.0,0.0,0.0,0.0,0.0,0.0,0.0,0.0,0.0,0.0,0.0,0.0,0.0,0.0,0.0,0.0,0.0,0.0,0.0,0.0,0.0,0.0,0.0,0.0,
0.0,0.002,0.0,0.0,0.0,0.008,0.013,0.0,0.01,0.015,0.012,0.002,0.0,0.008,0.013,0.0,0.0,0.012,0.01,0.018,0.015,0.0,0.008,0.028,0.01,0.01,0.012,0.022,0.025,0.025,0.033,0.026,0.033,0.026,0.025,0.023,0.002,0.02,0.013,0.0,0.01,0.023,0.008,0.01,0.002,0.0,0.01,0.012,0.012,0.01,0.007,0.0,0.005,0.0,0.015,0.013,0.013,0.0,0.022,0.013,0.026,0.012,0.002,0.0,0.0,0.0,0.01,0.0,0.01,0.033,0.022,0.002,0.0,0.0,0.01,0.01,0.01,0.013,0.0,0.0,0.01,0.015,0.0,0.0,0.0,0.0,0.0,0.003,0.0,0.0,0.008,0.013,0.0,0.008,0.002,0.01,0.002,0.015,0.025,0.015,
0.0,-0.015,-0.003,0.052,0.018,0.0,0.008,0.0,0.013,0.017,0.015,0.013,0.017,0.022,0.04,0.027,0.029,0.024,0.024,0.018,0.025,0.018,0.03,0.027,0.012,0.018,0.017,0.003,0.0,0.015,0.015,0.022,0.015,0.017,0.027,0.008,0.035,0.02,0.027,0.012,0.034,0.013,0.018,0.03,0.029,0.018,0.03,0.04,0.03,0.022,0.0,0.002,0.0,0.0,0.017,0.0,0.008,0.013,0.015,0.003,0.017,0.018,0.025,0.018,0.027,0.035,0.02,0.03,0.027,0.012,0.018,0.0,0.002,0.0,0.017,0.018,0.044,0.013,0.018,0.0,0.008,0.015,0.002,0.017,0.018,0.042,0.013,0.018,0.0,0.013,0.032,0.039,0.02,0.044,0.013,0.018,0.0,0.035,0.02,0.018,
0.0,0.016,0.012,0.051,0.073,0.063,0.075,0.075,0.064,0.061,0.063,0.061,0.063,0.075,0.064,0.061,0.063,0.061,0.063,0.061,0.063,0.075,0.064,0.061,0.075,0.063,0.063,0.061,0.063,0.061,0.063,0.071,0.064,0.061,0.063,0.061,0.063,0.061,0.063,0.061,0.063,0.061,0.063,0.071,0.064,0.061,0.063,0.061,0.063,0.071,0.064,0.075,0.064,0.061,0.063,0.061,0.063,0.061,0.063,0.061,0.063,0.061,0.063,0.061,0.063,0.061,0.063,0.061,0.063,0.061,0.063,0.061,0.063,0.061,0.063,0.061,0.063,0.061,0.063,0.061,0.063,0.061,0.063,0.061,0.063,0.061,0.063,0.061,0.063,0.061,0.063,0.061,0.063,0.061,0.063,0.061,0.063,0.061,0.063,0.061,
0.0,0.003,0.002,-0.002,0.0,0.0,0.0,0.0,0.0,0.0,0.0,0.0,0.0,0.0,0.0,0.0,0.0,0.0,0.0,0.0,0.0,0.0,0.0,0.0,0.0,0.0,0.0,0.0,0.0,0.0,0.0,0.0,0.0,0.0,0.0,0.0,0.0,0.0,0.0,0.0,0.0,0.0,0.0,0.0,0.0,0.0,0.0,0.0,0.0,0.0,0.0,0.0,0.0,0.0,0.0,0.0,0.0,0.0,0.0,0.0,0.0,0.0,0.0,0.0,0.0,0.0,0.0,0.0,0.0,0.0,0.0,0.0,0.0,0.0,0.0,0.0,0.0,0.0,0.0,0.0,0.0,0.0,0.0,0.0,0.0,0.0,0.0,0.0,0.0,0.0,0.0,0.0,0.0,0.0,0.0,0.0,0.0,0.0,0.0,0.0,
0.0,0.035,-0.007,0.0,0.0,0.0,0.0,0.013,0.002,0.002,0.013,0.041,0.04,0.041,0.005,0.002,0.0,0.036,0.036,0.005,0.002,0.0,0.0,0.0,0.0,0.036,0.003,0.002,0.0,0.0,0.0,0.0,0.0,0.0,0.0,0.036,0.003,0.002,0.0,0.036,0.036,0.005,0.002,0.0,0.0,0.0,0.0,0.0,0.0,0.0,0.0,0.0,0.0,0.0,0.036,0.036,0.005,0.002,0.0,0.0,0.0,0.0,0.036,0.003,0.035,0.041,0.005,0.035,0.003,0.002,0.0,0.0,0.0,0.036,0.003,0.002,0.036,0.003,0.035,0.041,0.005,0.002,0.0,0.0,0.0,0.0,0.0,0.036,0.003,0.002,0.0,0.0,0.0,0.0,0.0,0.036,0.036,0.005,0.002,0.0,
0.0,0.026,0.011,0.045,0.067,0.05,0.047,0.045,0.048,0.057,0.059,0.065,0.048,0.047,0.048,0.059,0.072,0.067,0.062,0.062,0.062,0.048,0.048,0.059,0.059,0.065,0.048,0.047,0.048,0.059,0.072,0.055,0.05,0.059,0.059,0.054,0.048,0.059,0.059,0.054,0.048,0.059,0.059,0.054,0.048,0.059,0.059,0.054,0.048,0.059,0.059,0.054,0.048,0.059,0.059,0.054,0.048,0.059,0.059,0.054,0.048,0.059,0.059,0.054,0.048,0.059,0.059,0.067,0.062,0.062,0.048,0.048,0.059,0.059,0.054,0.048,0.059,0.072,0.055,0.05,0.059,0.059,0.054,0.048,0.059,0.059,0.054,0.048,0.059,0.059,0.054,0.048,0.059,0.072,0.055,0.05,0.059,0.059,0.054,0.048,
0.0,0.018,-0.003,0.002,-0.002,-0.002,0.008,-0.002,0.0,0.008,0.0,-0.002,0.008,-0.002,0.0,0.008,0.0,-0.002,0.01,-0.002,0.007,0.0,0.0,-0.002,0.0,0.008,0.0,0.007,0.0,-0.002,0.008,-0.002,0.0,0.008,0.0,-0.002,0.008,-0.002,0.0,0.008,0.0,0.007,0.0,-0.002,0.008,-0.002,0.0,0.008,0.0,-0.002,0.008,-0.002,0.0,0.008,0.0,-0.002,0.008,-0.002,0.0,0.008,0.0,-0.002,0.008,-0.002,0.0,0.008,0.0,-0.002,0.0,0.008,0.0,-0.002,0.008,-0.002,0.0,0.008,0.0,-0.002,0.008,-0.002,0.0,0.008,0.0,-0.002,0.008,-0.002,0.0,0.008,0.0,-0.002,0.008,-0.002,0.0,0.008,0.0,0.007,0.0,-0.002,0.008,0.0,
0.0,0.0,0.0,0.01,0.0,0.0,0.0,0.0,0.0,0.032,0.037,0.012,0.0,0.023,0.002,0.0,0.0,0.0,0.02,0.002,0.0,0.0,0.0,0.0,0.0,0.0,0.0,0.0,0.0,0.0,0.0,0.0,0.0,0.0,0.0,0.0,0.0,0.0,0.0,0.0,0.0,0.0,0.0,0.0,0.0,0.0,0.0,0.0,0.0,0.01,0.0,0.0,0.0,0.0,0.0,0.01,0.0,0.0,0.0,0.0,0.0,0.01,0.0,0.0,0.0,0.008,0.0,0.0,0.008,0.0,0.0,0.0,0.0,0.008,0.033,0.032,0.002,0.0,0.0,0.0,0.0,0.0,0.0,0.0,0.018,0.0,0.0,0.0,0.0,0.01,0.0,0.0,0.0,0.0,0.0,0.0,0.0,0.01,0.0,0.0,
0.0,0.009,0.0,0.0,0.0,0.01,0.002,0.0,0.0,0.0,0.0,0.0,0.0,0.0,0.0,0.0,0.0,0.0,0.0,0.0,0.0,0.0,0.0,0.0,0.0,0.0,0.0,0.0,0.0,0.0,0.0,0.0,0.0,0.0,0.0,0.0,0.0,0.0,0.0,0.0,0.0,0.0,0.0,0.0,0.0,0.0,0.0,0.0,0.0,0.0,0.0,0.0,0.0,0.0,0.0,0.0,0.0,0.0,0.0,0.0,0.0,0.0,0.0,0.0,0.0,0.0,0.0,0.0,0.0,0.0,0.0,0.0,0.0,0.0,0.0,0.0,0.0,0.0,0.0,0.0,0.0,0.0,0.0,0.0,0.0,0.0,0.0,0.0,0.0,0.0,0.0,0.0,0.0,0.0,0.0,0.0,0.0,0.0,0.0,0.0,
0.0,-0.003,0.01,0.028,0.002,0.022,0.0,0.025,0.01,0.0,0.025,0.023,0.023,0.015,0.018,0.007,0.012,-0.002,0.018,0.035,0.038,0.028,0.033,0.027,-0.002,0.018,0.032,0.01,0.017,0.012,0.02,0.008,0.028,0.032,0.003,0.036,0.0,0.028,0.012,0.033,0.013,0.017,0.015,0.038,0.041,0.035,0.032,0.018,0.04,0.002,0.022,0.035,0.033,0.01,0.023,0.012,0.0,0.013,0.02,0.013,0.023,0.017,0.002,0.036,0.01,0.018,0.03,0.023,-0.002,0.048,0.002,0.035,0.01,0.032,0.025,0.041,0.03,0.022,0.012,0.008,0.025,0.012,-0.002,0.02,0.023,0.01,0.013,0.018,0.013,0.018,0.028,0.015,0.017,0.008,0.023,0.033,0.03,0.002,0.02,0.017,
0.0,0.012,-0.005,0.0,0.0,0.025,0.018,0.002,0.0,0.0,0.0,0.008,0.008,0.0,0.0,0.0,0.0,0.0,0.0,0.0,0.0,0.0,0.008,0.036,0.043,0.044,0.046,0.023,0.033,0.041,0.046,0.046,0.043,0.041,0.043,0.041,0.043,0.041,0.043,0.041,0.043,0.041,0.043,0.041,0.043,0.041,0.043,0.041,0.043,0.041,0.043,0.041,0.043,0.041,0.043,0.041,0.043,0.041,0.043,0.041,0.043,0.041,0.043,0.041,0.043,0.041,0.043,0.041,0.043,0.041,0.043,0.041,0.043,0.041,0.043,0.041,0.043,0.041,0.043,0.041,0.043,0.041,0.043,0.041,0.043,0.041,0.043,0.041,0.043,0.041,0.043,0.041,0.043,0.041,0.043,0.041,0.043,0.041,0.043,0.041,
0.0,0.008,-0.013,0.012,0.005,0.022,0.013,0.012,0.02,0.013,0.022,0.013,0.022,0.013,0.022,0.013,0.022,0.013,0.022,0.013,0.022,0.013,0.022,0.013,0.022,0.013,0.022,0.013,0.022,0.013,0.022,0.013,0.022,0.013,0.022,0.013,0.022,0.013,0.022,0.013,0.022,0.013,0.022,0.013,0.022,0.013,0.022,0.013,0.022,0.013,0.022,0.013,0.022,0.013,0.022,0.013,0.022,0.013,0.022,0.013,0.022,0.013,0.022,0.013,0.022,0.013,0.022,0.013,0.022,0.013,0.022,0.013,0.022,0.013,0.022,0.013,0.022,0.013,0.022,0.013,0.022,0.013,0.022,0.013,0.022,0.013,0.022,0.013,0.022,0.013,0.022,0.013,0.022,0.013,0.022,0.013,0.022,0.013,0.022,0.013,
0.0,0.013,-0.003,0.008,0.002,0.0,0.0,0.0,0.0,0.0,0.0,0.008,0.002,0.0,0.01,0.002,0.0,0.008,0.002,0.0,0.0,0.0,0.0,0.0,0.0,0.0,0.0,0.0,0.0,0.0,0.0,0.0,0.0,0.0,0.023,0.028,0.003,0.01,0.023,0.003,0.0,0.0,0.0,0.0,0.0,0.0,0.0,0.0,0.0,0.021,0.003,0.0,0.0,0.0,0.0,0.0,0.0,0.0,0.0,0.0,0.0,0.0,0.0,0.0,0.0,0.0,0.0,0.0,0.0,0.0,0.0,0.0,0.0,0.0,0.0,0.0,0.0,0.0,0.0,0.0,0.0,0.0,0.0,0.0,0.0,0.0,0.0,0.0,0.0,0.025,0.002,0.023,0.035,0.003,0.026,0.035,0.046,0.049,0.049,0.049,
0.0,0.006,0.0,0.002,0.0,0.008,0.025,0.041,0.043,0.045,0.045,0.045,0.045,0.045,0.045,0.045,0.045,0.045,0.045,0.045,0.045,0.045,0.045,0.045,0.045,0.045,0.045,0.045,0.045,0.045,0.045,0.045,0.045,0.045,0.045,0.045,0.045,0.045,0.045,0.045,0.045,0.045,0.045,0.045,0.045,0.045,0.045,0.045,0.045,0.045,0.045,0.045,0.045,0.045,0.045,0.045,0.045,0.045,0.045,0.045,0.045,0.045,0.045,0.045,0.045,0.045,0.045,0.045,0.045,0.045,0.045,0.045,0.045,0.045,0.045,0.045,0.045,0.045,0.045,0.045,0.045,0.045,0.045,0.045,0.045,0.045,0.045,0.045,0.045,0.045,0.045,0.045,0.045,0.045,0.045,0.045,0.045,0.045,0.045,0.045,
0.0,-0.022,-0.002,-0.002,0.0,0.017,0.002,0.02,0.002,0.036,0.039,0.027,0.025,0.037,0.051,0.085,0.058,0.085,0.047,0.071,0.046,0.044,0.063,0.046,0.08,0.058,0.064,0.075,0.063,0.061,0.058,0.041,0.046,0.054,0.047,0.058,0.056,0.071,0.064,0.07,0.046,0.073,0.047,0.071,0.046,0.073,0.047,0.071,0.046,0.073,0.047,0.071,0.046,0.073,0.047,0.071,0.046,0.073,0.047,0.071,0.046,0.073,0.047,0.071,0.046,0.073,0.047,0.071,0.046,0.073,0.047,0.071,0.046,0.073,0.047,0.071,0.046,0.073,0.047,0.071,0.046,0.073,0.047,0.071,0.046,0.073,0.047,0.071,0.046,0.073,0.047,0.071,0.046,0.073,0.047,0.071,0.046,0.073,0.047,0.071,
0.0,0.003,-0.002,-0.002,0.0,0.0,0.0,0.0,0.0,0.0,0.0,0.0,0.0,0.0,0.0,0.0,0.0,0.0,0.0,0.0,0.0,0.0,0.0,0.0,0.0,0.0,0.0,0.0,0.0,0.0,0.0,0.0,0.0,0.0,0.0,0.0,0.0,0.0,0.0,0.0,0.0,0.0,0.0,0.0,0.0,0.0,0.0,0.0,0.0,0.0,0.0,0.0,0.0,0.0,0.0,0.0,0.0,0.0,0.0,0.0,0.0,0.0,0.0,0.0,0.0,0.0,0.0,0.0,0.0,0.0,0.0,0.0,0.0,0.0,0.0,0.0,0.0,0.0,0.0,0.0,0.0,0.0,0.0,0.0,0.0,0.0,0.0,0.0,0.0,0.0,0.0,0.0,0.0,0.0,0.0,0.0,0.0,0.0,0.0,0.0,
0.0,0.016,-0.008,0.018,0.047,0.05,0.051,0.051,0.051,0.051,0.051,0.051,0.051,0.051,0.051,0.051,0.051,0.051,0.051,0.051,0.051,0.051,0.051,0.051,0.051,0.051,0.051,0.051,0.051,0.051,0.051,0.051,0.051,0.051,0.051,0.051,0.051,0.051,0.051,0.051,0.051,0.051,0.051,0.051,0.051,0.051,0.051,0.051,0.051,0.051,0.051,0.051,0.051,0.051,0.051,0.051,0.051,0.051,0.051,0.051,0.051,0.051,0.051,0.051,0.051,0.051,0.051,0.051,0.051,0.051,0.051,0.051,0.051,0.051,0.051,0.051,0.051,0.051,0.051,0.051,0.051,0.051,0.051,0.051,0.051,0.051,0.051,0.051,0.051,0.051,0.051,0.051,0.051,0.051,0.051,0.051,0.051,0.051,0.051,0.051,
0.0,0.013,0.02,-0.014,0.014,0.008,0.003,-0.005,0.012,0.061,0.024,0.029,0.024,0.042,0.027,0.046,0.019,0.02,0.015,0.049,0.049,0.064,0.02,0.019,0.044,0.051,0.015,0.044,0.025,0.063,0.03,0.061,0.032,0.041,0.042,0.051,0.03,0.061,0.032,0.041,0.049,0.052,0.025,0.064,0.024,0.039,0.051,0.037,0.046,0.051,0.025,0.054,0.039,0.064,0.056,0.054,0.025,0.054,0.039,0.056,0.054,0.056,0.025,0.064,0.025,0.064,0.027,0.046,0.054,0.051,0.032,0.051,0.041,0.061,0.061,0.046,0.032,0.051,0.041,0.052,0.058,0.049,0.032,0.051,0.041,0.061,0.061,0.046,0.032,0.051,0.041,0.069,0.051,0.047,0.037,0.042,0.052,0.03,0.068,0.044,
0.0,0.029,0.017,0.002,0.013,0.064,0.06,0.064,0.05,0.05,0.062,0.064,0.065,0.066,0.065,0.066,0.065,0.066,0.065,0.066,0.065,0.066,0.065,0.066,0.065,0.066,0.065,0.066,0.065,0.066,0.065,0.066,0.065,0.066,0.065,0.066,0.065,0.066,0.065,0.066,0.065,0.066,0.065,0.066,0.065,0.066,0.065,0.066,0.065,0.066,0.065,0.066,0.065,0.066,0.065,0.066,0.065,0.066,0.065,0.066,0.065,0.066,0.065,0.066,0.065,0.066,0.065,0.066,0.065,0.066,0.065,0.066,0.065,0.066,0.065,0.066,0.065,0.066,0.065,0.066,0.065,0.066,0.065,0.066,0.065,0.066,0.065,0.066,0.065,0.066,0.065,0.066,0.065,0.066,0.065,0.066,0.065,0.066,0.065,0.066,
0.0,0.014,-0.002,-0.002,-0.002,0.0,0.0,0.01,0.0,0.0,0.017,0.0,0.0,0.0,0.0,0.0,0.0,0.0,0.0,0.0,0.0,0.0,0.008,0.0,0.0,0.0,0.0,0.0,0.01,0.0,0.0,0.01,0.01,0.0,0.01,0.0,0.0,0.0,0.0,0.0,0.01,0.0,0.0,0.0,0.0,0.0,0.01,0.01,0.0,-0.002,0.0,0.0,0.0,0.0,0.0,0.0,0.0,0.0,0.008,0.0,0.01,0.0,0.0,0.0,0.017,0.0,0.0,0.0,0.017,0.0,0.01,0.0,0.0,0.0,0.0,0.008,0.0,0.01,0.0,0.0,0.0,0.0,0.0,0.0,0.0,0.0,0.005,0.012,0.0,0.01,0.01,0.0,0.0,0.01,0.01,0.01,0.01,0.01,0.01,0.01,
0.0,0.006,0.013,0.008,0.013,0.017,0.002,0.012,0.013,0.027,0.023,0.008,0.0,0.0,0.0,0.0,0.008,0.002,0.01,0.002,0.0,0.0,0.0,0.0,0.01,0.002,0.0,0.0,0.01,0.002,0.01,0.005,0.0,0.003,0.0,0.0,0.0,0.0,0.0,0.007,0.013,0.01,0.012,0.023,0.0,0.012,0.01,0.002,0.013,0.015,0.013,0.027,0.013,0.027,0.013,0.027,0.013,0.027,0.013,0.027,0.013,0.027,0.013,0.027,0.013,0.027,0.013,0.027,0.013,0.027,0.013,0.027,0.013,0.027,0.013,0.027,0.013,0.027,0.013,0.027,0.013,0.027,0.013,0.027,0.013,0.027,0.013,0.027,0.013,0.027,0.013,0.027,0.013,0.027,0.013,0.027,0.013,0.027,0.013,0.027,
0.0,-0.007,0.0,0.0,0.039,0.05,0.054,0.054,0.054,0.054,0.062,0.054,0.054,0.054,0.062,0.064,0.055,0.054,0.054,0.072,0.075,0.097,0.101,0.102,0.102,0.102,0.102,0.102,0.102,0.102,0.102,0.102,0.102,0.102,0.102,0.102,0.102,0.102,0.102,0.102,0.102,0.102,0.102,0.102,0.102,0.102,0.102,0.102,0.102,0.102,0.102,0.102,0.102,0.102,0.102,0.102,0.102,0.102,0.102,0.102,0.102,0.102,0.102,0.102,0.102,0.102,0.102,0.102,0.102,0.102,0.102,0.102,0.102,0.102,0.102,0.102,0.102,0.102,0.102,0.102,0.102,0.102,0.102,0.102,0.102,0.102,0.102,0.102,0.102,0.102,0.102,0.102,0.102,0.102,0.102,0.102,0.102,0.102,0.102,0.102,
0.0,0.022,-0.005,-0.002,0.0,0.0,0.0,0.0,0.0,0.0,0.0,0.0,0.0,0.0,0.0,0.0,0.0,0.0,0.0,0.0,0.0,0.0,0.0,0.0,0.0,0.0,0.0,0.0,0.0,0.0,0.0,0.0,0.0,0.0,0.0,0.0,0.0,0.0,0.0,0.0,0.0,0.0,0.0,0.0,0.0,0.0,0.0,0.0,0.0,0.0,0.0,0.0,0.0,0.0,0.0,0.0,0.0,0.0,0.0,0.0,0.0,0.0,0.0,0.0,0.0,0.0,0.0,0.0,0.0,0.0,0.0,0.0,0.0,0.0,0.0,0.0,0.0,0.0,0.0,0.0,0.0,0.0,0.0,0.0,0.0,0.0,0.0,0.0,0.0,0.0,0.0,0.0,0.0,0.0,0.0,0.0,0.0,0.0,0.0,0.0,
0.0,0.027,-0.007,-0.002,-0.002,-0.002,-0.002,-0.002,-0.002,-0.002,-0.002,-0.002,-0.002,-0.002,-0.002,-0.002,-0.002,-0.002,-0.002,-0.002,-0.002,-0.002,-0.002,-0.002,-0.002,-0.002,-0.002,-0.002,-0.002,-0.002,-0.002,-0.002,-0.002,-0.002,-0.002,-0.002,-0.002,-0.002,-0.002,-0.002,-0.002,-0.002,-0.002,-0.002,-0.002,-0.002,-0.002,-0.002,-0.002,-0.002,-0.002,-0.002,-0.002,-0.002,-0.002,-0.002,-0.002,-0.002,-0.002,-0.002,-0.002,-0.002,-0.002,-0.002,-0.002,-0.002,-0.002,-0.002,-0.002,-0.002,-0.002,-0.002,-0.002,-0.002,-0.002,-0.002,-0.002,-0.002,-0.002,-0.002,-0.002,-0.002,-0.002,-0.002,-0.002,-0.002,-0.002,-0.002,-0.002,-0.002,-0.002,-0.002,-0.002,-0.002,-0.002,-0.002,-0.002,-0.002,-0.002,-0.002,
0.0,0.015,-0.007,0.02,0.012,0.013,0.028,0.03,0.017,0.04,0.075,0.05,0.04,0.012,0.035,0.02,0.037,0.037,0.044,0.049,0.049,0.045,0.049,0.042,0.042,0.044,0.054,0.034,0.044,0.05,0.032,0.04,0.044,0.042,0.025,0.052,0.055,0.08,0.05,0.032,0.047,0.069,0.05,0.049,0.045,0.055,0.045,0.055,0.047,0.055,0.047,0.042,0.032,0.05,0.08,0.04,0.049,0.047,0.045,0.049,0.032,0.05,0.08,0.06,0.042,0.049,0.045,0.034,0.047,0.039,0.049,0.04,0.049,0.044,0.04,0.047,0.042,0.055,0.045,0.039,0.052,0.047,0.054,0.047,0.054,0.047,0.054,0.047,0.054,0.047,0.054,0.047,0.054,0.047,0.054,0.047,0.054,0.047,0.054,0.047,
0.0,0.019,-0.002,-0.002,0.003,0.0,0.0,0.0,0.0,0.0,0.0,0.0,0.0,0.0,0.005,0.0,0.0,0.0,0.005,0.0,0.0,0.0,0.0,0.0,0.0,0.0,0.003,0.0,0.0,0.0,0.0,0.0,0.0,0.0,0.0,0.0,0.003,0.0,0.0,0.0,0.0,0.0,0.0,0.0,0.005,0.0,0.0,0.0,0.0,0.0,0.0,0.0,0.0,0.0,0.003,0.0,0.0,0.0,0.005,0.0,0.0,0.0,0.005,0.0,0.0,0.0,0.0,0.0,0.0,0.0,0.0,0.0,0.0,0.0,0.0,0.0,0.0,0.0,0.0,0.0,0.005,0.0,0.0,0.0,0.0,0.0,0.0,0.0,0.0,0.0,0.0,0.0,0.0,0.0,0.003,0.0,0.0,0.0,0.0,0.0,
0.0,-0.002,0.012,0.025,0.061,0.036,0.078,0.09,0.09,0.036,0.046,0.071,0.046,0.07,0.078,0.078,0.051,0.08,0.095,0.095,0.097,0.112,0.114,0.112,0.114,0.112,0.114,0.112,0.114,0.099,0.112,0.099,0.099,0.099,0.097,0.112,0.114,0.112,0.114,0.112,0.114,0.099,0.099,0.112,0.099,0.099,0.099,0.112,0.114,0.112,0.114,0.099,0.112,0.114,0.112,0.099,0.099,0.099,0.097,0.112,0.114,0.112,0.114,0.112,0.114,0.099,0.099,0.112,0.099,0.099,0.099,0.112,0.114,0.112,0.114,0.099,0.112,0.114,0.112,0.099,0.099,0.099,0.097,0.112,0.114,0.112,0.114,0.112,0.114,0.099,0.099,0.112,0.099,0.099,0.099,0.112,0.114,0.112,0.114,0.099,
0.0,0.013,0.016,0.013,0.0,0.0,0.0,0.027,0.02,0.012,0.0,0.0,0.0,0.0,0.0,0.0,0.0,0.0,0.0,0.0,0.0,0.0,0.0,0.0,0.0,0.0,0.0,0.0,0.013,0.018,0.01,0.033,0.002,0.0,0.0,0.0,0.0,0.0,0.0,0.0,0.0,0.0,0.0,0.0,0.0,0.0,0.0,0.0,0.0,0.027,0.008,0.003,0.02,0.028,0.03,0.028,0.028,0.028,0.028,0.028,0.028,0.028,0.028,0.028,0.028,0.028,0.028,0.028,0.028,0.028,0.028,0.028,0.028,0.028,0.028,0.028,0.028,0.028,0.028,0.028,0.028,0.028,0.028,0.028,0.028,0.028,0.028,0.028,0.028,0.028,0.028,0.028,0.028,0.028,0.028,0.028,0.028,0.028,0.028,0.035,
0.0,0.013,0.023,-0.056,0.061,0.138,0.094,0.101,0.109,0.108,0.133,0.114,0.057,0.133,0.092,0.139,0.09,0.115,0.105,0.117,0.063,0.082,0.098,0.113,0.1,0.09,0.084,0.116,0.151,0.134,0.155,0.136,0.155,0.136,0.155,0.136,0.155,0.136,0.155,0.136,0.155,0.136,0.155,0.136,0.155,0.136,0.155,0.136,0.155,0.136,0.155,0.136,0.155,0.136,0.155,0.136,0.155,0.136,0.155,0.136,0.155,0.136,0.155,0.136,0.155,0.136,0.155,0.136,0.155,0.136,0.155,0.136,0.155,0.136,0.155,0.136,0.155,0.136,0.155,0.136,0.155,0.136,0.155,0.136,0.155,0.136,0.155,0.136,0.155,0.136,0.155,0.136,0.155,0.136,0.155,0.136,0.155,0.136,0.155,0.147,
0.0,0.024,0.007,0.081,-0.008,0.083,0.06,0.03,0.071,-0.109,-0.053,-0.006,0.007,0.019,0.053,0.006,0.057,0.06,0.006,-0.008,0.025,0.087,-0.057,0.08,0.099,0.117,0.125,0.096,0.089,0.144,0.066,0.1,0.039,0.08,-0.077,0.08,0.015,0.089,0.042,0.085,0.037,0.047,0.039,0.102,0.01,0.076,0.062,0.076,0.008,0.096,0.069,0.033,0.029,0.076,0.042,0.036,0.085,0.078,0.066,0.093,0.089,0.098,0.031,0.136,0.031,0.133,0.031,0.08,0.019,0.122,0.017,0.1,0.073,0.133,0.085,0.142,0.085,0.142,0.064,0.136,0.114,0.095,0.042,0.096,0.042,0.096,0.098,0.116,0.102,0.1,0.098,0.095,0.042,0.096,0.042,0.096,0.042,0.096,0.042,0.096,
0.0,0.028,0.03,0.0,0.08,0.036,0.054,0.052,0.032,0.036,0.002,0.0,0.044,0.002,0.017,0.02,0.044,0.025,0.049,0.047,0.024,0.078,0.034,0.039,0.081,0.034,0.039,0.051,0.047,0.024,0.049,0.047,0.024,0.049,0.032,0.024,0.049,0.032,0.024,0.049,0.032,0.024,0.049,0.032,0.024,0.049,0.032,0.024,0.049,0.032,0.024,0.049,0.032,0.024,0.049,0.032,0.024,0.049,0.032,0.024,0.049,0.032,0.024,0.049,0.032,0.024,0.049,0.032,0.024,0.049,0.032,0.024,0.049,0.032,0.024,0.049,0.032,0.024,0.049,0.032,0.024,0.049,0.032,0.024,0.049,0.032,0.024,0.049,0.032,0.024,0.049,0.032,0.024,0.049,0.032,0.024,0.049,0.032,0.024,0.049,
0.0,0.02,-0.003,0.0,0.0,0.0,0.0,0.0,0.0,0.0,0.0,0.0,0.0,0.002,0.0,0.0,0.0,0.0,0.0,0.0,0.0,0.0,0.0,0.0,0.0,0.0,0.0,0.0,0.0,0.0,0.0,0.0,0.0,0.0,0.0,0.0,0.0,0.0,0.0,0.0,0.0,0.0,0.0,0.0,0.0,0.0,0.0,0.0,0.0,0.0,0.0,0.0,0.0,0.0,0.0,0.0,0.0,0.0,0.0,0.0,0.0,0.0,0.0,0.0,0.0,0.0,0.0,0.0,0.0,0.0,0.0,0.0,0.0,0.0,0.002,0.0,0.002,0.0,0.0,0.0,0.0,0.0,0.0,0.0,0.002,0.0,0.002,0.0,0.002,0.0,0.002,0.003,0.0,0.0,0.0,0.0,0.0,0.0,0.0,0.002,
0.0,0.003,-0.003,0.0,0.01,0.0,0.01,0.0,0.01,0.0,-0.002,0.0,-0.002,0.0,-0.002,0.0,-0.002,0.0,0.01,0.0,0.01,0.005,0.01,0.005,0.0,0.0,0.007,0.0,-0.002,0.0,0.01,0.0,0.01,0.0,0.01,0.0,0.01,0.0,-0.002,0.0,0.01,0.0,0.01,0.0,0.01,0.0,0.01,0.0,0.01,0.0,0.01,0.0,0.01,0.0,0.01,0.0,0.01,0.0,0.01,0.0,0.01,0.0,0.01,0.0,0.01,0.0,0.01,0.0,0.01,0.0,0.01,0.0,0.01,0.0,0.01,0.0,0.01,0.0,0.01,0.008,0.01,0.008,0.01,0.0,-0.002,0.0,-0.002,0.0,0.01,0.0,0.01,0.0,0.01,0.0,0.01,0.0,0.01,0.0,0.01,0.0,
0.0,0.014,0.0,0.03,0.017,0.013,0.027,0.039,0.045,0.049,0.049,0.049,0.049,0.049,0.049,0.049,0.049,0.049,0.049,0.049,0.049,0.049,0.049,0.049,0.049,0.049,0.049,0.049,0.049,0.049,0.049,0.049,0.049,0.049,0.049,0.049,0.049,0.049,0.049,0.049,0.049,0.049,0.049,0.049,0.049,0.049,0.049,0.049,0.049,0.049,0.049,0.049,0.049,0.049,0.049,0.049,0.049,0.049,0.049,0.049,0.049,0.049,0.049,0.049,0.049,0.049,0.049,0.049,0.049,0.049,0.049,0.049,0.049,0.049,0.049,0.049,0.049,0.049,0.049,0.049,0.049,0.049,0.049,0.049,0.049,0.049,0.049,0.049,0.049,0.049,0.049,0.049,0.049,0.049,0.049,0.049,0.049,0.049,0.049,0.049,
0.0,-0.016,0.003,-0.007,0.0,0.003,-0.01,0.005,-0.003,0.022,0.015,0.035,0.022,0.02,0.028,0.02,0.02,0.028,0.02,0.02,0.02,0.02,0.02,0.02,0.02,0.02,0.02,0.02,0.02,0.02,0.02,0.02,0.02,0.02,0.02,0.02,0.02,0.02,0.02,0.02,0.02,0.02,0.02,0.02,0.02,0.02,0.02,0.02,0.02,0.02,0.02,0.02,0.02,0.02,0.02,0.02,0.02,0.02,0.02,0.02,0.02,0.02,0.02,0.02,0.02,0.02,0.02,0.02,0.02,0.02,0.02,0.02,0.02,0.02,0.02,0.02,0.02,0.02,0.02,0.02,0.02,0.02,0.02,0.02,0.02,0.02,0.02,0.02,0.02,0.02,0.02,0.02,0.02,0.02,0.02,0.02,0.02,0.02,0.02,0.04,
0.0,0.0,0.035,0.039,0.045,0.047,0.049,0.049,0.049,0.007,0.002,0.0,0.0,0.0,0.0,0.0,0.0,0.0,0.0,0.0,0.0,0.0,0.0,0.0,0.0,0.0,0.0,0.0,0.0,0.034,0.024,0.003,0.002,0.0,0.0,0.0,0.0,0.0,0.0,0.0,0.034,0.024,0.003,0.034,0.024,0.003,0.002,0.0,0.0,0.0,0.027,0.017,0.002,0.034,0.024,0.039,0.045,0.047,0.049,0.049,0.049,0.049,0.049,0.049,0.049,0.049,0.049,0.049,0.049,0.049,0.049,0.049,0.049,0.049,0.049,0.049,0.049,0.049,0.049,0.049,0.049,0.049,0.049,0.049,0.049,0.049,0.049,0.049,0.049,0.049,0.049,0.049,0.049,0.049,0.049,0.049,0.049,0.049,0.049,0.049,
0.0,0.022,0.007,0.015,0.027,0.053,0.032,0.032,0.032,0.032,0.032,0.032,0.045,0.038,0.055,0.051,0.053,0.051,0.053,0.038,0.055,0.038,0.055,0.051,0.06,0.051,0.06,0.051,0.06,0.051,0.06,0.051,0.06,0.051,0.06,0.051,0.06,0.051,0.06,0.051,0.06,0.051,0.06,0.051,0.06,0.051,0.06,0.051,0.06,0.051,0.06,0.051,0.06,0.051,0.06,0.051,0.06,0.051,0.06,0.051,0.06,0.051,0.06,0.051,0.06,0.051,0.06,0.051,0.06,0.051,0.06,0.051,0.06,0.051,0.06,0.051,0.06,0.051,0.06,0.051,0.06,0.051,0.06,0.051,0.06,0.051,0.06,0.051,0.06,0.051,0.06,0.051,0.06,0.051,0.06,0.051,0.06,0.051,0.06,0.051,
0.0,0.029,-0.002,-0.005,0.0,0.0,0.0,0.04,0.003,0.018,0.013,0.012,0.017,0.002,0.0,0.04,0.012,0.0,0.023,0.002,0.0,0.0,0.034,0.002,0.0,0.0,0.0,0.0,0.0,0.0,0.0,0.0,0.0,0.0,0.0,0.0,0.0,0.0,0.0,0.0,0.034,0.025,0.002,0.0,0.0,0.0,0.0,0.0,0.0,0.0,0.0,0.0,0.034,0.002,0.0,0.0,0.0,0.013,0.035,0.035,0.002,0.0,0.0,0.034,0.002,0.0,0.039,0.028,0.002,0.0,0.0,0.018,0.002,0.0,0.0,0.0,0.0,0.0,0.0,0.0,0.0,0.0,0.0,0.018,0.002,0.0,0.0,0.0,0.0,0.0,0.0,0.0,0.0,0.0,0.0,0.0,0.0,0.0,0.023,0.023,
0.0,0.031,0.008,-0.005,0.0,0.022,0.038,0.031,0.036,0.036,0.036,0.045,0.036,0.043,0.036,0.036,0.041,0.048,0.036,0.036,0.036,0.036,0.036,0.036,0.036,0.036,0.036,0.036,0.036,0.036,0.036,0.036,0.036,0.036,0.036,0.036,0.036,0.045,0.036,0.036,0.036,0.043,0.036,0.036,0.036,0.041,0.041,0.036,0.036,0.036,0.036,0.041,0.036,0.041,0.036,0.036,0.036,0.036,0.036,0.036,0.036,0.036,0.036,0.036,0.036,0.036,0.036,0.036,0.036,0.036,0.036,0.036,0.036,0.036,0.036,0.036,0.036,0.036,0.036,0.036,0.036,0.036,0.036,0.036,0.036,0.036,0.036,0.036,0.036,0.036,0.036,0.036,0.036,0.036,0.036,0.036,0.036,0.036,0.036,0.036,
0.0,0.0,0.0,0.0,0.0,0.0,0.0,0.0,0.0,0.0,0.0,0.0,0.0,0.0,0.0,0.0,0.0,0.0,0.0,0.0,0.0,0.0,0.0,0.0,0.0,0.0,0.0,0.0,0.0,0.0,0.0,0.0,0.0,0.0,0.0,0.0,0.0,0.0,0.0,0.0,0.0,0.0,0.0,0.0,0.0,0.0,0.0,0.0,0.0,0.0,0.0,0.0,0.0,0.0,0.0,0.0,0.0,0.0,0.0,0.0,0.0,0.0,0.0,0.0,0.0,0.0,0.0,0.0,0.0,0.0,0.0,0.0,0.0,0.0,0.0,0.0,0.0,0.0,0.0,0.0,0.0,0.0,0.0,0.0,0.0,0.0,0.0,0.0,0.0,0.0,0.0,0.0,0.0,0.0,0.0,0.0,0.0,0.0,0.0,0.0,
0.0,0.017,0.03,0.003,0.027,0.025,0.0,0.014,0.008,0.041,0.08,0.09,0.066,0.027,0.015,0.012,0.046,0.063,0.034,0.054,0.002,0.002,0.063,0.064,0.036,0.031,0.054,0.078,0.105,0.114,0.114,0.115,0.114,0.115,0.114,0.115,0.114,0.115,0.114,0.115,0.114,0.115,0.114,0.115,0.114,0.115,0.114,0.115,0.114,0.115,0.114,0.115,0.114,0.115,0.114,0.115,0.114,0.115,0.114,0.115,0.114,0.115,0.114,0.115,0.114,0.115,0.114,0.115,0.114,0.115,0.114,0.115,0.114,0.115,0.114,0.115,0.114,0.115,0.114,0.115,0.114,0.115,0.114,0.115,0.114,0.115,0.114,0.115,0.114,0.115,0.114,0.115,0.114,0.115,0.114,0.115,0.114,0.115,0.114,0.115,
0.0,0.008,0.0,0.0,0.002,-0.002,0.012,0.003,0.008,0.037,0.01,0.008,0.0,0.003,0.005,-0.002,0.005,0.005,0.008,0.008,0.008,0.0,0.0,0.027,0.03,0.03,0.018,0.015,0.0,0.0,0.0,0.008,0.007,-0.002,0.0,0.0,0.0,0.005,0.003,-0.002,-0.002,0.003,0.008,0.0,0.0,0.0,0.0,0.0,0.0,0.003,0.007,0.015,0.008,0.008,0.005,0.015,0.0,0.005,-0.002,-0.002,0.0,0.008,0.007,-0.002,0.008,0.007,0.01,0.0,0.008,0.0,0.0,0.0,0.008,0.0,0.003,0.008,0.008,0.0,0.003,-0.002,0.005,0.008,0.0,0.005,-0.002,0.008,0.007,-0.002,0.008,0.007,-0.002,0.003,0.008,0.003,0.007,0.008,0.007,-0.002,0.008,0.007,
0.0,0.032,0.0,0.0,0.0,0.0,0.0,0.0,0.0,0.0,0.0,0.0,0.0,0.0,0.0,0.0,0.0,0.0,0.0,0.0,0.0,0.0,0.0,0.0,0.0,0.0,0.0,0.0,0.0,0.0,0.0,0.0,0.0,0.0,0.0,0.0,0.0,0.0,0.0,0.0,0.0,0.0,0.0,0.0,0.0,0.0,0.0,0.0,0.0,0.0,0.0,0.0,0.0,0.0,0.0,0.0,0.0,0.0,0.0,0.0,0.0,0.0,0.0,0.0,0.0,0.0,0.0,0.0,0.0,0.0,0.0,0.0,0.0,0.0,0.0,0.0,0.0,0.0,0.0,0.0,0.0,0.0,0.0,0.0,0.0,0.0,0.0,0.0,0.0,0.0,0.0,0.0,0.0,0.0,0.0,0.0,0.0,0.0,0.0,0.0,
0.0,0.027,-0.003,0.017,0.02,0.012,0.017,0.012,0.017,0.025,0.023,0.02,0.013,0.023,0.013,0.023,0.013,0.023,0.013,0.023,0.013,0.023,0.013,0.023,0.013,0.023,0.013,0.023,0.013,0.023,0.013,0.023,0.013,0.023,0.013,0.023,0.013,0.023,0.013,0.023,0.013,0.023,0.013,0.023,0.013,0.023,0.013,0.023,0.013,0.023,0.013,0.023,0.013,0.023,0.013,0.023,0.013,0.023,0.013,0.023,0.013,0.023,0.013,0.023,0.013,0.023,0.013,0.023,0.013,0.023,0.013,0.023,0.013,0.023,0.013,0.023,0.013,0.023,0.013,0.023,0.013,0.023,0.013,0.023,0.013,0.023,0.013,0.023,0.013,0.023,0.013,0.023,0.013,0.023,0.013,0.023,0.013,0.023,0.013,0.023,
0.0,-0.034,-0.008,-0.027,0.042,0.039,0.076,0.066,0.05,0.059,0.091,0.087,0.064,0.061,0.077,0.089,0.108,0.062,0.061,0.091,0.087,0.064,0.061,0.091,0.087,0.064,0.061,0.091,0.087,0.064,0.061,0.091,0.087,0.064,0.061,0.091,0.087,0.064,0.061,0.077,0.103,0.062,0.061,0.076,0.104,0.062,0.061,0.091,0.087,0.064,0.061,0.091,0.087,0.064,0.061,0.077,0.103,0.062,0.061,0.076,0.104,0.062,0.061,0.091,0.087,0.064,0.061,0.091,0.087,0.064,0.061,0.077,0.103,0.062,0.061,0.076,0.104,0.062,0.061,0.091,0.087,0.064,0.061,0.091,0.087,0.064,0.061,0.077,0.103,0.062,0.061,0.076,0.104,0.062,0.061,0.091,0.087,0.064,0.061,0.091,
0.0,0.003,0.0,0.0,0.0,0.0,0.0,0.0,0.0,0.0,0.0,0.0,0.0,0.0,0.0,0.0,0.0,0.0,0.0,0.0,0.0,0.0,0.0,0.0,0.003,0.0,-0.002,0.003,0.0,-0.002,0.0,0.0,0.0,0.0,0.0,0.0,0.0,0.0,0.003,0.0,-0.002,0.0,0.003,0.0,-0.002,0.0,0.0,0.0,0.003,0.0,-0.002,0.0,0.0,0.0,0.0,0.0,0.0,0.0,0.0,0.0,0.003,0.0,-0.002,0.0,0.0,0.0,0.0,0.003,0.0,-0.002,0.0,0.0,0.0,0.0,0.0,0.003,0.0,-0.002,0.0,0.0,0.003,0.0,-0.002,0.0,0.0,0.0,0.0,0.0,0.0,0.0,0.0,0.0,0.0,0.0,0.0,0.0,0.0,0.0,0.0,0.0,
0.0,0.016,-0.002,0.0,0.0,0.0,0.0,0.0,0.0,0.0,0.0,0.0,0.0,0.0,0.0,0.0,0.0,0.0,0.0,0.0,0.0,0.0,0.0,0.0,0.0,0.0,0.0,0.0,0.0,0.0,0.0,0.0,0.0,0.0,0.0,0.0,0.0,0.0,0.0,0.0,0.0,0.0,0.0,0.0,0.0,0.0,0.0,0.0,0.0,0.0,0.0,0.0,0.0,0.0,0.0,0.0,0.0,0.0,0.0,0.0,0.0,0.0,0.0,0.0,0.0,0.0,0.0,0.0,0.0,0.0,0.0,0.0,0.0,0.0,0.0,0.0,0.0,0.0,0.0,0.0,0.0,0.0,0.0,0.0,0.0,0.0,0.0,0.0,0.0,0.0,0.0,0.0,0.0,0.0,0.0,0.0,0.0,0.0,0.0,0.0,
0.0,0.002,-0.01,0.035,-0.007,0.017,0.08,0.026,0.051,0.022,0.0,0.041,0.005,-0.017,0.01,0.047,-0.017,-0.002,0.045,0.029,0.027,0.014,-0.019,-0.002,0.022,0.023,0.049,0.038,0.019,0.073,0.002,0.012,0.002,0.04,0.01,0.041,0.002,-0.015,0.031,0.026,-0.003,0.056,0.066,0.029,0.002,0.061,0.031,0.012,0.035,0.021,0.034,0.026,0.05,0.019,0.003,0.016,0.053,0.007,0.042,0.036,0.0,0.0,0.026,0.05,0.042,0.048,0.005,0.019,0.019,0.01,-0.002,0.005,-0.014,-0.019,0.0,0.04,-0.014,0.017,0.035,0.0,0.044,0.024,0.043,0.036,0.038,0.026,0.061,-0.002,-0.005,0.009,0.036,0.01,0.01,0.04,0.01,0.01,0.033,-0.019,0.014,0.002,
0.0,0.02,-0.003,0.0,0.0,0.0,0.0,0.0,0.0,0.0,0.0,0.0,0.0,0.0,0.0,0.0,0.0,0.0,0.01,0.002,0.002,0.0,0.0,0.0,0.0,0.0,0.0,0.01,0.002,0.01,0.002,0.01,0.002,0.01,0.002,0.01,0.002,0.01,0.002,0.01,0.002,0.01,0.002,0.01,0.002,0.01,0.002,0.01,0.002,0.01,0.002,0.01,0.002,0.01,0.002,0.01,0.002,0.01,0.002,0.01,0.002,0.01,0.002,0.01,0.002,0.01,0.002,0.01,0.002,0.01,0.002,0.01,0.002,0.01,0.002,0.01,0.002,0.01,0.002,0.01,0.002,0.01,0.002,0.01,0.002,0.01,0.002,0.01,0.002,0.01,0.002,0.01,0.002,0.01,0.002,0.01,0.002,0.01,0.002,0.01,
0.0,0.0,0.012,0.025,0.039,0.027,0.039,0.027,0.039,0.027,0.039,0.027,0.039,0.027,0.039,0.027,0.039,0.027,0.039,0.027,0.039,0.027,0.039,0.027,0.039,0.027,0.039,0.027,0.039,0.027,0.039,0.027,0.039,0.027,0.039,0.027,0.039,0.027,0.039,0.027,0.039,0.027,0.039,0.027,0.039,0.027,0.039,0.027,0.039,0.027,0.039,0.027,0.039,0.027,0.039,0.027,0.039,0.027,0.039,0.027,0.039,0.027,0.039,0.027,0.039,0.027,0.039,0.027,0.039,0.027,0.039,0.027,0.039,0.027,0.039,0.027,0.039,0.027,0.039,0.027,0.039,0.027,0.039,0.027,0.039,0.027,0.039,0.027,0.039,0.027,0.039,0.027,0.039,0.027,0.039,0.027,0.039,0.027,0.039,0.027,
0.0,-0.007,0.015,0.047,0.067,0.09,0.066,0.067,0.069,0.069,0.071,0.069,0.088,0.089,0.071,0.071,0.071,0.069,0.069,0.088,0.093,0.09,0.089,0.093,0.09,0.089,0.071,0.071,0.071,0.069,0.069,0.088,0.093,0.09,0.089,0.093,0.09,0.089,0.093,0.09,0.089,0.093,0.09,0.089,0.093,0.09,0.091,0.105,0.09,0.069,0.069,0.069,0.071,0.069,0.088,0.089,0.093,0.09,0.089,0.093,0.09,0.089,0.071,0.071,0.071,0.069,0.069,0.071,0.069,0.083,0.071,0.081,0.069,0.071,0.069,0.069,0.071,0.085,0.071,0.071,0.069,0.069,0.086,0.102,0.105,0.105,0.103,0.105,0.105,0.103,0.105,0.105,0.103,0.105,0.105,0.103,0.105,0.105,0.103,0.105,
0.0,0.017,-0.003,0.0,-0.002,0.0,0.0,0.0,0.0,0.0,0.0,0.0,0.0,0.0,0.0,0.0,0.0,0.0,0.0,0.0,0.0,0.0,0.0,0.0,0.0,0.0,0.0,0.0,0.0,0.0,0.0,0.0,0.0,0.0,0.0,0.0,0.0,0.0,0.0,0.0,0.0,0.0,0.0,0.0,0.0,0.0,0.0,0.0,0.0,0.0,0.0,0.0,0.0,0.0,0.0,0.0,0.0,0.0,0.0,0.0,0.0,0.0,0.0,0.0,0.0,0.0,0.0,0.0,0.0,0.0,0.0,0.0,0.0,0.0,0.0,0.0,0.0,0.0,0.0,0.0,0.0,0.0,0.0,0.0,0.0,0.0,0.0,0.0,0.0,0.0,0.0,0.0,0.0,0.0,0.0,0.0,0.0,0.0,0.0,0.0,
0.0,0.087,0.021,-0.042,-0.046,0.026,0.119,0.109,0.039,0.124,0.128,0.099,0.098,0.103,0.04,0.038,0.023,0.031,0.039,0.106,0.057,0.131,0.131,0.084,0.117,0.059,0.046,0.119,0.063,0.072,0.045,0.09,0.098,-0.023,0.103,0.079,0.113,0.044,0.073,0.116,0.079,0.133,0.13,0.086,0.116,0.08,0.113,0.044,0.073,0.095,0.033,0.1,0.088,0.051,0.012,0.066,0.131,0.13,0.061,0.006,0.074,0.11,0.108,0.084,0.093,-0.049,0.08,0.106,0.039,0.116,0.08,0.133,0.13,0.086,0.097,-0.011,0.121,0.13,0.084,0.117,0.079,0.133,0.111,-0.006,0.105,0.057,0.088,0.098,0.04,0.083,-0.029,0.119,0.13,0.064,0.053,0.042,0.048,0.127,0.086,0.116,
0.0,0.024,-0.008,0.0,0.0,0.0,0.0,0.027,0.002,0.0,0.0,0.0,0.027,0.002,0.005,0.0,0.0,0.0,0.0,0.0,0.0,0.0,0.027,0.002,0.02,0.02,0.02,0.02,0.02,0.02,0.02,0.02,0.02,0.02,0.02,0.02,0.02,0.02,0.02,0.02,0.02,0.02,0.02,0.02,0.02,0.02,0.02,0.02,0.02,0.02,0.02,0.02,0.02,0.02,0.02,0.02,0.02,0.02,0.02,0.02,0.02,0.02,0.02,0.02,0.02,0.02,0.02,0.02,0.02,0.02,0.02,0.02,0.02,0.02,0.02,0.02,0.02,0.02,0.02,0.02,0.02,0.02,0.02,0.02,0.02,0.02,0.02,0.02,0.02,0.02,0.02,0.02,0.02,0.02,0.02,0.02,0.02,0.02,0.02,0.02,
0.0,0.033,0.026,0.02,0.025,0.005,0.017,0.017,0.022,0.034,0.03,0.029,0.054,0.06,0.054,0.07,0.072,0.074,0.076,0.076,0.076,0.076,0.076,0.076,0.076,0.076,0.076,0.076,0.076,0.076,0.076,0.076,0.076,0.076,0.076,0.076,0.076,0.076,0.076,0.076,0.076,0.076,0.076,0.076,0.076,0.076,0.076,0.076,0.076,0.076,0.076,0.076,0.076,0.076,0.076,0.076,0.076,0.076,0.076,0.076,0.076,0.076,0.076,0.076,0.076,0.076,0.076,0.076,0.076,0.076,0.076,0.076,0.076,0.076,0.076,0.076,0.076,0.076,0.076,0.076,0.076,0.076,0.076,0.076,0.076,0.076,0.076,0.076,0.076,0.076,0.076,0.076,0.076,0.076,0.076,0.076,0.076,0.076,0.076,0.076,
0.0,-0.005,0.026,-0.019,0.051,0.078,0.075,0.049,0.051,0.043,0.026,0.043,0.026,0.027,0.056,0.053,0.083,0.002,0.015,0.078,0.051,0.075,0.082,0.104,0.111,0.094,0.109,0.112,0.112,0.112,0.112,0.112,0.112,0.112,0.112,0.112,0.112,0.112,0.112,0.112,0.112,0.112,0.112,0.112,0.112,0.112,0.112,0.112,0.112,0.112,0.112,0.112,0.112,0.112,0.112,0.112,0.112,0.112,0.112,0.112,0.112,0.112,0.112,0.112,0.112,0.112,0.112,0.112,0.112,0.112,0.112,0.112,0.112,0.112,0.112,0.112,0.112,0.112,0.112,0.112,0.112,0.112,0.112,0.112,0.112,0.112,0.112,0.112,0.112,0.112,0.112,0.112,0.112,0.112,0.112,0.112,0.112,0.112,0.112,0.121,
0.0,0.002,0.009,0.128,0.128,0.1,0.153,0.114,0.154,0.18,0.158,0.165,0.173,0.168,0.161,0.181,0.145,0.165,0.16,0.18,0.161,0.18,0.161,0.18,0.161,0.18,0.161,0.18,0.161,0.18,0.161,0.18,0.161,0.18,0.161,0.18,0.161,0.18,0.161,0.18,0.161,0.18,0.161,0.18,0.161,0.18,0.161,0.18,0.161,0.18,0.161,0.18,0.161,0.18,0.161,0.18,0.161,0.18,0.161,0.18,0.161,0.18,0.161,0.18,0.161,0.18,0.161,0.18,0.161,0.18,0.161,0.18,0.161,0.18,0.161,0.18,0.161,0.18,0.161,0.18,0.161,0.18,0.161,0.18,0.161,0.18,0.161,0.18,0.161,0.18,0.161,0.18,0.161,0.18,0.161,0.18,0.161,0.18,0.161,0.18,
0.0,0.006,-0.002,0.0,0.0,0.0,0.0,0.0,0.0,0.0,0.0,0.0,0.0,0.0,0.0,0.0,0.0,0.0,0.0,0.0,0.0,0.0,0.0,0.0,0.0,0.0,0.0,0.0,0.0,0.0,0.0,0.0,0.0,0.0,0.0,0.0,0.0,0.0,0.0,0.0,0.0,0.0,0.0,0.0,0.0,0.0,0.0,0.0,0.0,0.0,0.0,0.0,0.0,0.0,0.0,0.0,0.0,0.0,0.0,0.0,0.0,0.0,0.0,0.0,0.0,0.0,0.0,0.0,0.0,0.0,0.0,0.0,0.0,0.0,0.0,0.0,0.0,0.0,0.0,0.0,0.0,0.0,0.0,0.0,0.0,0.0,0.0,0.0,0.0,0.0,0.0,0.0,0.0,0.0,0.0,0.0,0.0,0.0,0.0,0.0,
0.0,0.014,-0.002,0.023,0.023,0.023,0.002,0.027,0.012,0.0,0.0,0.017,0.002,-0.002,0.017,0.037,0.002,-0.002,0.0,-0.002,0.01,0.0,-0.002,0.0,-0.002,0.03,0.04,0.015,0.017,0.018,0.039,0.015,0.0,0.008,0.0,0.035,0.002,0.0,0.018,0.002,0.017,0.012,0.0,0.027,0.01,0.0,0.008,0.027,0.002,0.027,0.017,0.002,-0.002,0.017,0.012,0.012,0.0,-0.002,0.008,0.0,0.029,0.002,0.018,0.039,0.015,0.0,0.047,0.017,0.01,0.017,0.018,0.015,0.012,0.017,0.012,0.017,0.017,0.002,-0.002,0.027,0.002,0.027,0.012,0.0,0.017,0.04,0.062,0.015,0.018,0.0,0.0,0.013,0.0,0.015,0.017,0.039,0.015,0.0,0.012,0.0,
0.0,0.014,0.003,-0.002,0.022,0.022,0.03,0.002,0.0,0.022,0.002,0.0,0.01,0.0,0.01,0.026,0.002,0.0,0.022,0.012,0.028,0.01,0.002,0.022,0.002,0.0,0.022,0.002,0.0,0.022,0.012,0.026,0.002,0.022,0.026,0.025,0.002,0.022,0.026,0.025,0.028,0.025,0.028,0.025,0.028,0.056,0.026,0.028,0.055,0.026,0.028,0.056,0.026,0.028,0.056,0.026,0.028,0.056,0.026,0.028,0.056,0.026,0.028,0.056,0.026,0.028,0.056,0.026,0.028,0.056,0.026,0.028,0.056,0.026,0.028,0.056,0.026,0.028,0.056,0.026,0.028,0.056,0.026,0.028,0.056,0.026,0.028,0.056,0.026,0.028,0.056,0.026,0.028,0.056,0.026,0.028,0.056,0.026,0.028,0.056,
0.0,0.0,0.0,0.018,0.023,0.045,0.033,0.045,0.048,0.048,0.017,0.03,0.012,0.028,0.043,0.048,0.05,0.05,0.05,0.05,0.05,0.05,0.05,0.05,0.05,0.05,0.05,0.05,0.05,0.05,0.05,0.05,0.05,0.05,0.05,0.05,0.05,0.05,0.05,0.05,0.05,0.05,0.05,0.05,0.05,0.05,0.05,0.05,0.05,0.05,0.05,0.05,0.05,0.05,0.05,0.05,0.05,0.05,0.05,0.05,0.05,0.05,0.05,0.05,0.05,0.05,0.05,0.05,0.05,0.05,0.05,0.05,0.05,0.05,0.05,0.05,0.05,0.05,0.05,0.05,0.05,0.05,0.05,0.05,0.05,0.05,0.05,0.05,0.05,0.05,0.05,0.05,0.05,0.05,0.05,0.05,0.05,0.05,0.05,0.05,
0.0,-0.011,-0.005,0.002,0.01,0.0,0.0,0.0,0.0,-0.002,0.0,0.01,0.002,0.008,0.03,0.032,0.032,0.032,0.03,0.003,0.01,0.028,0.022,0.003,0.01,0.028,0.022,0.003,0.01,0.028,0.022,0.003,0.01,0.028,0.022,0.003,0.01,0.028,0.022,0.003,0.01,0.028,0.022,0.003,0.01,0.028,0.03,0.01,0.023,0.0,0.0,0.0,0.01,0.028,0.022,0.003,0.01,0.028,0.022,0.003,0.01,0.028,0.03,0.003,0.01,0.028,0.022,0.003,0.01,0.028,0.022,0.008,0.023,0.015,0.01,0.002,0.0,0.008,0.03,0.032,0.032,0.032,0.022,0.008,0.023,0.01,0.032,0.037,0.032,0.032,0.022,0.003,0.01,0.028,0.022,0.008,0.023,0.015,0.01,0.008,
0.0,0.01,0.002,0.0,0.007,0.002,0.035,0.044,0.055,0.059,0.054,0.044,0.054,0.044,0.054,0.042,0.054,0.044,0.062,0.052,0.055,0.045,0.067,0.062,0.067,0.062,0.067,0.062,0.067,0.062,0.067,0.062,0.067,0.062,0.067,0.062,0.067,0.062,0.067,0.062,0.067,0.062,0.067,0.062,0.067,0.062,0.067,0.062,0.067,0.062,0.067,0.062,0.067,0.062,0.067,0.062,0.067,0.062,0.067,0.062,0.067,0.062,0.067,0.062,0.067,0.062,0.067,0.062,0.067,0.062,0.067,0.062,0.067,0.062,0.067,0.062,0.067,0.062,0.067,0.062,0.067,0.062,0.067,0.062,0.067,0.062,0.067,0.062,0.067,0.062,0.067,0.062,0.067,0.062,0.067,0.062,0.067,0.062,0.067,0.062,
0.0,-0.002,0.007,0.013,0.027,0.037,0.04,0.053,0.06,0.073,0.082,0.07,0.052,0.035,0.035,0.023,0.033,0.023,0.033,0.023,0.03,0.027,0.032,0.027,0.032,0.032,0.032,0.027,0.032,0.047,0.032,0.047,0.032,0.027,0.032,0.027,0.043,0.057,0.042,0.038,0.043,0.043,0.045,0.058,0.052,0.033,0.035,0.032,0.033,0.032,0.038,0.032,0.048,0.057,0.053,0.042,0.04,0.043,0.037,0.04,0.04,0.032,0.027,0.042,0.05,0.04,0.052,0.028,0.043,0.04,0.032,0.047,0.04,0.033,0.053,0.03,0.032,0.027,0.04,0.04,0.032,0.027,0.032,0.048,0.033,0.035,0.053,0.03,0.032,0.027,0.032,0.038,0.043,0.028,0.032,0.027,0.052,0.042,0.042,0.04,
0.0,0.022,0.0,0.01,0.0,0.012,0.02,0.012,0.015,0.012,0.037,0.04,0.038,0.03,0.028,0.05,0.04,0.03,0.038,0.05,0.04,0.042,0.042,0.028,0.05,0.05,0.03,0.048,0.052,0.04,0.03,0.038,0.028,0.028,0.028,0.028,0.05,0.04,0.052,0.04,0.052,0.04,0.052,0.04,0.052,0.04,0.052,0.04,0.052,0.04,0.052,0.04,0.052,0.04,0.03,0.038,0.028,0.028,0.05,0.04,0.052,0.04,0.052,0.04,0.052,0.04,0.052,0.04,0.052,0.04,0.052,0.04,0.052,0.04,0.052,0.04,0.052,0.04,0.052,0.04,0.052,0.04,0.052,0.04,0.052,0.04,0.052,0.04,0.052,0.04,0.052,0.04,0.052,0.04,0.052,0.04,0.052,0.04,0.052,0.04,
0.0,0.02,-0.005,0.012,-0.003,0.017,0.025,0.033,0.002,0.0,0.043,0.05,0.047,0.043,0.042,0.042,0.042,0.042,0.042,0.042,0.042,0.042,0.042,0.042,0.042,0.042,0.042,0.042,0.042,0.042,0.042,0.042,0.042,0.042,0.042,0.042,0.042,0.042,0.042,0.042,0.042,0.042,0.042,0.042,0.042,0.042,0.042,0.042,0.042,0.042,0.042,0.042,0.042,0.042,0.042,0.042,0.042,0.042,0.042,0.042,0.042,0.042,0.042,0.042,0.042,0.042,0.042,0.042,0.042,0.042,0.042,0.042,0.042,0.042,0.042,0.042,0.042,0.042,0.042,0.042,0.042,0.042,0.042,0.042,0.042,0.042,0.042,0.042,0.042,0.042,0.042,0.042,0.042,0.042,0.042,0.042,0.042,0.042,0.042,0.043,
0.0,0.0,0.015,0.002,-0.002,0.0,-0.002,0.0,-0.002,0.007,0.0,0.008,0.0,0.007,0.0,0.0,-0.002,0.0,-0.002,0.0,-0.002,0.0,-0.002,0.0,-0.002,0.0,-0.002,0.0,-0.002,0.0,-0.002,0.0,-0.002,0.0,-0.002,0.0,-0.002,0.0,-0.002,0.0,-0.002,0.0,-0.002,0.0,-0.002,0.0,-0.002,0.0,-0.002,0.0,-0.002,0.0,-0.002,0.0,-0.002,0.0,-0.002,0.0,-0.002,0.0,-0.002,0.0,-0.002,0.0,-0.002,0.0,-0.002,0.0,-0.002,0.0,-0.002,0.0,-0.002,0.0,0.005,0.0,-0.002,0.0,0.007,0.0,-0.002,-0.002,-0.002,-0.002,-0.002,-0.002,-0.002,-0.002,-0.002,-0.002,-0.002,-0.002,-0.002,-0.002,-0.002,-0.002,-0.002,-0.002,-0.002,-0.002,
0.0,0.005,0.055,0.086,0.112,0.122,0.114,0.115,0.117,0.117,0.117,0.117,0.117,0.117,0.117,0.117,0.117,0.117,0.117,0.117,0.117,0.117,0.117,0.117,0.117,0.117,0.117,0.117,0.117,0.117,0.117,0.117,0.117,0.117,0.117,0.117,0.117,0.117,0.117,0.117,0.117,0.117,0.117,0.117,0.117,0.117,0.117,0.117,0.117,0.117,0.117,0.117,0.117,0.117,0.117,0.117,0.117,0.117,0.117,0.117,0.117,0.117,0.117,0.117,0.117,0.117,0.117,0.117,0.117,0.117,0.117,0.117,0.117,0.117,0.117,0.117,0.117,0.117,0.117,0.117,0.117,0.117,0.117,0.117,0.117,0.117,0.117,0.117,0.117,0.117,0.117,0.117,0.117,0.117,0.117,0.117,0.117,0.117,0.117,0.117,
0.0,0.021,0.031,0.071,0.042,0.082,0.064,0.027,0.049,0.05,0.052,0.05,0.084,0.057,0.05,0.052,0.05,0.084,0.057,0.05,0.052,0.05,0.084,0.057,0.05,0.052,0.05,0.084,0.057,0.05,0.052,0.05,0.084,0.057,0.05,0.052,0.05,0.084,0.057,0.05,0.052,0.05,0.084,0.057,0.05,0.052,0.05,0.084,0.057,0.05,0.052,0.05,0.084,0.057,0.05,0.052,0.05,0.084,0.057,0.05,0.052,0.05,0.084,0.057,0.05,0.052,0.05,0.084,0.057,0.05,0.052,0.05,0.084,0.057,0.05,0.052,0.05,0.084,0.057,0.05,0.052,0.05,0.084,0.057,0.05,0.052,0.05,0.084,0.057,0.05,0.052,0.05,0.084,0.057,0.05,0.052,0.05,0.084,0.057,0.05,
0.0,0.051,-0.005,0.033,0.015,0.018,0.026,0.002,0.012,0.01,0.033,0.023,0.021,0.02,0.018,0.023,0.02,0.023,0.023,0.026,0.01,0.038,0.017,0.038,0.03,0.028,0.04,0.008,0.033,0.017,0.033,0.01,0.033,0.05,0.018,0.013,0.028,0.023,0.022,0.012,0.03,0.023,0.018,0.023,0.017,0.04,0.017,0.013,0.028,0.023,0.022,0.012,0.03,0.023,0.018,0.023,0.017,0.04,0.017,0.03,0.01,0.028,0.025,0.028,0.013,0.023,0.017,0.023,0.023,0.041,0.01,0.03,0.017,0.03,0.018,0.023,0.02,0.023,0.023,0.026,0.01,0.038,0.017,0.03,0.01,0.028,0.025,0.03,0.03,0.026,0.018,0.023,0.023,0.051,0.018,0.03,0.01,0.03,0.015,0.032,
0.0,0.014,0.012,0.025,0.022,0.013,0.013,0.0,0.042,0.051,0.025,0.015,0.042,0.032,0.003,0.012,0.013,0.025,0.034,0.025,0.015,0.03,0.03,0.013,0.013,0.025,0.002,0.012,0.013,0.029,0.039,0.04,0.047,0.039,0.03,0.037,0.039,0.039,0.039,0.039,0.039,0.039,0.025,0.013,0.025,0.013,0.0,0.012,0.01,0.0,0.01,0.015,0.019,0.03,0.027,0.032,0.012,0.029,0.046,0.003,0.012,0.013,0.013,0.013,0.025,0.034,0.037,0.051,0.032,0.022,0.032,0.037,0.039,0.039,0.039,0.039,0.039,0.039,0.039,0.039,0.039,0.039,0.039,0.039,0.039,0.039,0.039,0.039,0.047,0.024,0.015,0.013,0.024,0.039,0.002,0.029,0.017,0.013,0.015,0.024,
0.0,-0.004,0.053,0.048,0.09,0.074,0.098,0.016,0.066,0.048,0.077,0.053,0.076,0.042,0.104,0.109,0.091,0.091,0.108,0.078,0.097,0.11,0.115,0.115,0.115,0.115,0.115,0.115,0.115,0.115,0.115,0.115,0.115,0.115,0.115,0.115,0.115,0.115,0.115,0.115,0.115,0.115,0.115,0.115,0.115,0.115,0.115,0.115,0.115,0.115,0.115,0.115,0.115,0.115,0.115,0.115,0.115,0.115,0.115,0.115,0.115,0.115,0.115,0.115,0.115,0.115,0.115,0.115,0.115,0.115,0.115,0.115,0.115,0.115,0.115,0.115,0.115,0.115,0.115,0.115,0.115,0.115,0.115,0.115,0.115,0.115,0.115,0.115,0.115,0.115,0.115,0.115,0.115,0.115,0.115,0.115,0.115,0.115,0.115,0.115,
0.0,0.002,-0.002,0.01,0.002,0.0,0.0,0.0,0.0,0.0,0.0,0.0,0.0,0.0,0.0,0.0,0.0,0.0,0.0,0.0,0.0,0.0,0.0,0.0,0.0,0.0,0.0,0.0,0.0,0.0,0.0,0.0,0.0,0.0,0.0,0.0,0.0,0.0,0.0,0.0,0.0,0.0,0.0,0.0,0.0,0.0,0.0,0.0,0.0,0.0,0.0,0.0,0.0,0.0,0.0,0.0,0.0,0.0,0.0,0.0,0.0,0.0,0.0,0.0,0.0,0.0,0.0,0.0,0.0,0.0,0.0,0.0,0.0,0.0,0.0,0.0,0.0,0.0,0.0,0.0,0.0,0.0,0.0,0.0,0.0,0.0,0.0,0.0,0.0,0.0,0.0,0.0,0.0,0.0,0.0,0.0,0.0,0.0,0.0,0.0,
0.0,0.011,0.002,0.013,0.027,0.018,0.015,0.015,0.027,0.028,0.018,0.025,0.025,0.027,0.027,0.027,0.027,0.027,0.027,0.027,0.027,0.027,0.027,0.027,0.027,0.027,0.027,0.027,0.027,0.027,0.027,0.027,0.027,0.027,0.027,0.027,0.027,0.027,0.027,0.027,0.027,0.027,0.027,0.027,0.027,0.027,0.027,0.027,0.027,0.027,0.027,0.027,0.027,0.027,0.027,0.027,0.027,0.027,0.027,0.027,0.027,0.027,0.027,0.027,0.027,0.027,0.027,0.027,0.027,0.027,0.027,0.027,0.027,0.027,0.027,0.027,0.027,0.027,0.027,0.027,0.027,0.027,0.027,0.027,0.027,0.027,0.027,0.027,0.027,0.027,0.027,0.027,0.027,0.027,0.027,0.027,0.027,0.027,0.027,0.027,
0.0,0.019,0.002,0.0,0.0,0.008,0.0,0.008,0.0,0.008,0.022,0.028,0.032,0.032,0.032,0.032,0.032,0.032,0.032,0.032,0.032,0.032,0.032,0.032,0.032,0.032,0.032,0.032,0.032,0.032,0.032,0.032,0.032,0.032,0.032,0.032,0.032,0.032,0.032,0.032,0.032,0.032,0.032,0.032,0.032,0.032,0.032,0.032,0.032,0.032,0.032,0.032,0.032,0.032,0.032,0.032,0.032,0.032,0.032,0.032,0.032,0.032,0.032,0.032,0.032,0.032,0.032,0.032,0.032,0.032,0.032,0.032,0.032,0.032,0.032,0.032,0.032,0.032,0.032,0.032,0.032,0.032,0.032,0.032,0.032,0.032,0.032,0.032,0.032,0.032,0.032,0.032,0.032,0.032,0.032,0.032,0.032,0.032,0.032,0.032,
0.0,0.003,-0.002,0.0,0.0,0.0,0.0,0.0,0.0,0.0,0.0,0.0,0.0,0.0,0.0,0.0,0.0,0.0,0.0,0.0,0.0,0.0,0.0,0.0,0.0,0.0,0.0,0.0,0.0,0.0,0.0,0.0,0.0,0.0,0.0,0.0,0.0,0.0,0.0,0.0,0.0,0.0,0.0,0.0,0.0,0.0,0.0,0.0,0.0,0.0,0.0,0.0,0.0,0.0,0.0,0.0,0.0,0.0,0.0,0.0,0.0,0.0,0.0,0.0,0.0,0.0,0.0,0.0,0.0,0.0,0.0,0.0,0.0,0.0,0.0,0.0,0.0,0.0,0.0,0.0,0.0,0.0,0.0,0.0,0.0,0.0,0.0,0.0,0.0,0.0,0.0,0.0,0.0,0.0,0.0,0.0,0.0,0.0,0.0,0.0,
0.0,0.028,-0.005,0.0,0.0,0.005,0.002,0.0,0.0,0.0,0.0,0.0,0.0,0.005,0.002,0.0,0.0,0.0,0.0,0.0,0.0,0.0,0.0,0.0,0.0,0.0,0.0,0.0,0.0,0.0,0.0,0.0,0.0,0.0,0.0,0.0,0.0,0.0,0.0,0.005,0.002,0.0,0.0,0.0,0.0,0.005,0.002,0.0,0.0,0.0,0.0,0.0,0.0,0.0,0.0,0.0,0.0,0.0,0.0,0.005,0.002,0.0,0.0,0.005,0.002,0.0,0.0,0.0,0.0,0.005,0.002,0.0,0.0,0.0,0.0,0.0,0.0,0.0,0.0,0.0,0.0,0.0,0.0,0.005,0.002,0.0,0.0,0.0,0.0,0.0,0.0,0.0,0.0,0.0,0.0,0.0,0.0,0.0,0.0,0.0,
0.0,0.003,0.01,0.052,0.037,0.042,0.053,0.062,0.073,0.062,0.067,0.06,0.067,0.06,0.067,0.06,0.067,0.06,0.067,0.06,0.067,0.06,0.067,0.06,0.067,0.06,0.067,0.06,0.067,0.06,0.067,0.06,0.067,0.06,0.067,0.06,0.067,0.06,0.067,0.06,0.067,0.06,0.067,0.06,0.067,0.06,0.067,0.06,0.067,0.06,0.067,0.06,0.067,0.06,0.067,0.06,0.067,0.06,0.067,0.06,0.067,0.06,0.067,0.06,0.067,0.06,0.067,0.06,0.067,0.06,0.067,0.06,0.067,0.06,0.067,0.06,0.067,0.06,0.067,0.06,0.067,0.06,0.067,0.06,0.067,0.06,0.067,0.06,0.067,0.06,0.067,0.06,0.067,0.06,0.067,0.06,0.067,0.06,0.067,0.06,
0.0,0.002,0.0,-0.002,0.0,0.008,0.018,0.01,0.01,0.008,0.01,0.008,0.01,0.008,0.01,0.008,0.01,0.008,0.01,0.008,0.01,0.008,0.01,0.008,0.01,0.008,0.008,0.008,0.01,0.008,0.01,0.008,0.01,0.008,0.01,0.008,0.01,0.008,0.01,0.008,0.01,0.008,0.01,0.008,0.01,0.008,0.01,0.008,0.01,0.008,0.01,0.008,0.01,0.008,0.01,0.008,0.01,0.008,0.01,0.008,0.01,0.008,0.01,0.008,0.01,0.008,0.01,0.008,0.01,0.008,0.01,0.008,0.01,0.008,0.01,0.008,0.01,0.008,0.01,0.008,0.01,0.008,0.01,0.008,0.01,0.008,0.01,0.008,0.01,0.008,0.01,0.008,0.01,0.008,0.01,0.008,0.01,0.008,0.01,0.008,
0.0,0.013,-0.002,0.0,0.0,0.0,0.0,0.01,0.0,0.0,0.0,0.01,0.0,0.0,0.0,0.01,0.0,0.0,0.03,0.002,0.0,0.0,0.0,0.01,0.022,0.035,0.027,0.002,0.008,0.037,0.023,0.002,0.0,0.018,0.002,0.01,0.022,0.035,0.027,0.002,0.0,0.018,0.002,0.018,0.015,0.0,0.0,0.018,0.013,0.0,0.0,0.018,0.013,0.0,0.03,0.002,0.017,0.002,0.018,0.012,0.01,0.0,0.0,0.0,0.0,0.01,0.013,0.012,0.0,0.01,0.0,0.0,0.01,0.0,0.0,0.0,0.0,0.0,0.01,0.012,0.0,0.025,0.013,0.01,0.022,0.034,0.023,0.002,0.0,0.008,0.037,0.028,0.012,0.012,0.013,0.0,0.018,0.002,0.018,0.002,
0.0,0.019,-0.005,-0.002,0.0,0.0,0.0,0.0,0.0,0.0,0.0,0.0,0.0,0.0,0.0,0.0,0.0,0.0,0.0,0.0,0.0,0.0,0.0,0.0,0.0,0.0,0.0,0.0,0.0,0.0,0.0,0.0,0.0,0.0,0.0,0.0,0.0,0.0,0.0,0.0,0.0,0.0,0.0,0.0,0.0,0.0,0.0,0.0,0.0,0.0,0.0,0.0,0.0,0.0,0.0,0.0,0.0,0.0,0.0,0.0,0.0,0.0,0.0,0.0,0.0,0.0,0.0,0.0,0.0,0.0,0.0,0.0,0.0,0.0,0.0,0.0,0.0,0.0,0.0,0.0,0.0,0.0,0.0,0.0,0.0,0.0,0.0,0.0,0.0,0.0,0.0,0.0,0.0,0.0,0.0,0.0,0.0,0.0,0.0,0.0,
0.0,0.029,-0.01,0.013,-0.002,0.0,0.0,0.017,0.008,0.007,0.002,0.0,0.0,0.0,0.0,0.0,0.013,0.002,0.01,0.002,0.013,0.002,0.01,0.012,0.002,0.013,0.012,0.012,0.012,0.008,0.007,0.008,0.012,0.01,0.012,0.008,0.007,0.008,0.013,0.01,0.012,0.008,0.007,0.008,0.007,0.0,0.0,0.007,0.007,0.0,0.013,0.008,0.002,0.0,0.007,0.0,0.013,0.008,0.002,0.013,0.008,0.01,0.012,0.012,0.002,0.02,0.012,0.007,0.0,0.0,0.008,0.007,0.008,0.008,0.005,0.0,0.0,0.008,0.007,0.008,0.008,0.01,0.012,0.002,0.02,0.012,0.002,0.012,0.002,0.007,0.007,0.007,0.0,0.0,0.0,0.0,0.013,0.008,0.01,0.013,
0.0,0.027,-0.003,0.039,0.045,0.045,0.045,0.045,0.045,0.067,0.047,0.045,0.045,0.054,0.052,0.03,0.032,0.04,0.052,0.047,0.054,0.052,0.03,0.039,0.03,0.039,0.03,0.039,0.03,0.039,0.03,0.039,0.03,0.039,0.03,0.039,0.03,0.039,0.03,0.039,0.03,0.039,0.03,0.039,0.03,0.039,0.03,0.039,0.03,0.039,0.03,0.039,0.03,0.039,0.03,0.039,0.03,0.039,0.03,0.039,0.03,0.039,0.03,0.039,0.03,0.039,0.03,0.039,0.03,0.039,0.03,0.039,0.03,0.039,0.03,0.039,0.03,0.039,0.03,0.039,0.03,0.039,0.03,0.039,0.03,0.039,0.03,0.039,0.03,0.039,0.03,0.039,0.03,0.039,0.03,0.039,0.03,0.039,0.03,0.039,
0.0,-0.039,0.059,0.064,0.028,0.095,0.095,0.133,0.124,0.128,0.134,0.136,0.136,0.121,0.12,0.123,0.106,0.133,0.136,0.136,0.121,0.12,0.123,0.106,0.133,0.136,0.136,0.136,0.136,0.121,0.12,0.123,0.106,0.133,0.136,0.136,0.136,0.136,0.121,0.12,0.123,0.106,0.133,0.136,0.136,0.121,0.12,0.123,0.106,0.133,0.136,0.136,0.121,0.12,0.123,0.106,0.133,0.136,0.136,0.121,0.12,0.123,0.106,0.133,0.136,0.136,0.136,0.136,0.121,0.12,0.123,0.106,0.133,0.136,0.136,0.121,0.12,0.123,0.106,0.133,0.136,0.136,0.121,0.12,0.123,0.106,0.133,0.136,0.136,0.121,0.12,0.123,0.106,0.133,0.136,0.136,0.136,0.136,0.121,0.154,
0.0,0.008,-0.003,0.0,0.0,0.0,0.0,0.0,0.0,0.0,0.0,0.0,0.0,0.0,0.0,0.0,0.0,0.0,0.0,0.0,0.0,0.0,0.0,0.0,0.0,0.0,0.0,0.0,0.0,0.0,0.0,0.0,0.0,0.0,0.0,0.0,0.0,0.0,0.0,0.0,0.0,0.0,0.0,0.0,0.0,0.0,0.0,0.0,0.0,0.0,0.0,0.0,0.0,0.0,0.0,0.0,0.0,0.0,0.0,0.0,0.0,0.0,0.0,0.0,0.0,0.0,0.0,0.0,0.0,0.0,0.0,0.0,0.0,0.0,0.0,0.0,0.0,0.0,0.0,0.0,0.0,0.0,0.0,0.0,0.0,0.0,0.0,0.0,0.0,0.0,0.0,0.0,0.0,0.0,0.0,0.0,0.0,0.0,0.0,0.0,
0.0,0.005,0.002,0.0,0.017,0.012,0.026,0.013,0.017,0.038,0.033,0.013,0.017,0.038,0.033,0.013,0.017,0.038,0.033,0.013,0.017,0.038,0.033,0.013,0.017,0.038,0.043,0.002,0.0,0.0,0.0,0.0,0.0,0.0,0.0,0.0,0.0,0.0,0.0,0.0,0.0,0.0,0.0,0.0,0.0,0.0,0.0,0.0,0.0,0.0,0.0,0.0,0.0,0.0,0.0,0.0,0.0,0.0,0.0,0.0,0.0,0.0,0.0,0.0,0.015,0.022,0.002,0.013,0.002,0.007,0.025,0.025,0.023,0.002,0.013,0.012,0.018,0.012,0.002,0.007,0.012,0.018,0.002,0.0,0.015,0.028,0.03,0.002,0.0,0.022,0.035,0.04,0.01,0.0,0.0,0.013,0.028,0.01,0.002,0.013,
0.0,0.005,0.0,0.0,0.0,0.0,0.0,0.0,0.0,0.0,0.0,0.0,0.0,0.0,0.0,0.0,0.0,0.0,0.0,0.0,0.0,0.0,0.0,0.0,0.017,0.002,0.0,0.0,0.0,0.0,0.0,0.0,0.0,0.0,0.0,0.0,0.0,0.0,0.0,0.0,0.0,0.0,0.0,0.0,0.0,0.0,0.0,0.0,0.008,0.0,0.0,0.0,0.0,0.0,0.0,0.0,0.017,0.003,0.0,0.0,0.0,0.0,0.0,0.007,0.002,0.008,0.002,0.008,0.002,0.008,0.002,0.008,0.002,0.008,0.002,0.008,0.002,0.008,0.002,0.008,0.002,0.0,0.0,0.007,0.002,0.008,0.002,0.0,0.0,0.0,0.0,0.0,0.0,0.0,0.0,0.0,0.0,0.0,0.0,0.0,
0.0,0.027,0.0,0.0,0.0,0.0,0.0,0.0,0.008,0.01,0.0,0.008,0.0,-0.002,0.008,0.0,0.007,0.0,0.007,0.0,-0.002,0.02,0.0,0.0,0.0,0.0,0.0,0.0,0.0,0.0,0.0,0.008,0.012,0.0,0.008,0.01,0.01,0.012,0.01,0.0,0.007,0.0,0.005,0.0,0.007,0.0,0.005,0.0,-0.002,0.0,0.008,0.0,-0.002,0.008,0.01,0.008,0.0,-0.002,0.0,0.0,0.008,0.0,-0.002,0.0,0.0,0.0,0.008,0.008,0.0,0.0,0.008,0.0,-0.002,0.0,0.0,0.0,0.008,0.01,0.007,0.012,0.0,-0.002,0.008,0.012,0.01,0.007,0.0,-0.002,0.0,0.008,0.0,-0.002,0.008,0.01,0.0,0.008,0.0,0.007,0.0,-0.002,
0.0,0.01,0.0,0.015,0.017,0.017,0.013,0.04,0.017,0.023,0.027,0.027,0.027,0.027,0.027,0.027,0.027,0.027,0.027,0.027,0.027,0.027,0.027,0.027,0.027,0.027,0.027,0.027,0.027,0.027,0.027,0.027,0.027,0.027,0.027,0.027,0.027,0.027,0.027,0.027,0.027,0.027,0.027,0.027,0.027,0.027,0.027,0.027,0.027,0.027,0.027,0.027,0.027,0.027,0.027,0.027,0.027,0.027,0.027,0.027,0.027,0.027,0.027,0.027,0.027,0.027,0.027,0.027,0.027,0.027,0.027,0.027,0.027,0.027,0.027,0.027,0.027,0.027,0.027,0.027,0.027,0.027,0.027,0.027,0.027,0.027,0.027,0.027,0.027,0.027,0.027,0.027,0.027,0.027,0.027,0.027,0.027,0.027,0.027,0.027,
0.0,0.024,-0.01,0.016,0.015,0.015,0.021,0.002,0.0,0.0,0.0,0.01,0.012,0.02,0.02,0.002,0.0,0.0,0.0,0.0,0.01,0.002,0.0,0.01,0.0,0.0,0.007,0.002,0.007,0.023,0.008,0.021,0.017,0.008,0.015,0.026,0.025,0.031,0.023,0.035,0.043,0.046,0.046,0.046,0.046,0.046,0.046,0.046,0.046,0.046,0.046,0.046,0.046,0.046,0.046,0.046,0.046,0.046,0.046,0.046,0.046,0.046,0.046,0.046,0.046,0.046,0.046,0.046,0.046,0.046,0.046,0.046,0.046,0.046,0.046,0.046,0.046,0.046,0.046,0.046,0.046,0.046,0.046,0.046,0.046,0.046,0.046,0.046,0.046,0.046,0.046,0.046,0.046,0.046,0.046,0.046,0.046,0.046,0.046,0.046,
0.0,-0.057,0.0,0.032,0.07,0.03,0.087,0.062,0.058,0.06,0.067,0.046,0.085,0.049,0.044,0.077,0.138,0.078,0.039,0.099,0.15,0.036,0.089,0.08,0.108,0.102,0.113,0.096,0.07,0.046,0.049,0.046,0.041,0.048,0.072,0.049,0.09,0.108,0.089,0.082,0.08,0.101,0.08,0.084,0.084,0.084,0.084,0.084,0.084,0.101,0.096,0.096,0.096,0.096,0.096,0.096,0.096,0.096,0.096,0.096,0.096,0.096,0.096,0.096,0.096,0.096,0.096,0.096,0.096,0.096,0.096,0.096,0.096,0.096,0.096,0.096,0.096,0.096,0.096,0.096,0.096,0.096,0.096,0.096,0.096,0.096,0.096,0.096,0.096,0.096,0.096,0.096,0.096,0.096,0.096,0.096,0.096,0.096,0.096,0.11,
0.0,0.029,-0.003,0.028,0.023,0.017,0.015,0.038,0.056,0.06,0.06,0.06,0.06,0.06,0.06,0.06,0.06,0.06,0.06,0.06,0.06,0.06,0.06,0.06,0.06,0.06,0.06,0.06,0.06,0.06,0.06,0.06,0.06,0.06,0.06,0.06,0.06,0.06,0.06,0.06,0.06,0.06,0.06,0.06,0.06,0.06,0.06,0.06,0.06,0.06,0.06,0.06,0.06,0.06,0.06,0.06,0.06,0.06,0.06,0.06,0.06,0.06,0.06,0.06,0.06,0.06,0.06,0.06,0.06,0.06,0.06,0.06,0.06,0.06,0.06,0.06,0.06,0.06,0.06,0.06,0.06,0.06,0.06,0.06,0.06,0.06,0.06,0.06,0.06,0.06,0.06,0.06,0.06,0.06,0.06,0.06,0.06,0.06,0.06,0.06,
0.0,0.045,0.0,0.005,0.002,0.007,0.0,0.0,0.0,-0.002,0.0,-0.002,0.0,-0.002,0.0,0.008,0.0,0.008,0.0,0.008,0.0,0.008,0.0,0.008,0.0,0.008,0.0,0.008,0.0,0.008,0.0,0.008,0.0,0.008,0.0,0.005,0.008,0.0,0.0,0.008,0.008,0.031,0.002,0.0,0.021,0.0,0.0,0.0,-0.002,0.0,0.007,0.023,0.0,0.007,0.007,0.0,0.0,0.005,0.0,0.008,0.0,0.005,0.008,0.0,0.0,0.008,0.008,0.007,0.017,0.0,0.008,0.0,0.008,0.0,0.008,0.0,0.008,0.0,0.008,0.0,0.008,0.0,0.008,0.0,0.005,0.008,0.0,0.0,0.008,0.008,0.015,0.0,0.015,0.008,0.0,0.008,0.0,0.008,0.0,0.008,
0.0,0.005,0.0,0.0,0.0,0.0,0.0,0.0,0.0,0.0,0.0,0.0,0.0,0.0,0.0,0.0,0.0,0.0,0.0,0.0,0.0,0.0,0.0,0.0,0.0,0.0,0.0,0.0,0.0,0.0,0.0,0.0,0.0,0.0,0.0,0.0,0.0,0.0,0.0,0.0,0.0,0.0,0.0,0.0,0.0,0.0,0.0,0.0,0.0,0.0,0.0,0.0,0.0,0.0,0.0,0.0,0.0,0.0,0.0,0.0,0.0,0.0,0.0,0.0,0.0,0.0,0.0,0.0,0.0,0.0,0.0,0.0,0.0,0.0,0.0,0.0,0.0,0.0,0.0,0.0,0.0,0.0,0.0,0.0,0.0,0.0,0.0,0.0,0.0,0.0,0.0,0.0,0.0,0.0,0.0,0.0,0.0,0.0,0.0,0.0,
0.0,0.01,-0.002,0.012,-0.002,0.013,0.002,0.024,0.035,0.025,0.019,0.032,0.019,0.022,0.017,0.069,0.019,0.027,0.049,0.015,0.025,0.042,0.037,0.027,0.002,0.015,0.069,0.019,0.022,0.035,0.022,0.007,0.0,0.052,0.066,0.057,0.027,0.046,0.015,0.027,0.007,0.0,0.013,0.013,0.029,0.015,0.025,0.024,0.024,0.017,0.025,0.029,0.017,0.069,0.02,0.052,0.015,0.042,0.003,0.013,0.02,0.017,0.024,0.019,0.015,0.024,0.013,0.025,0.037,0.047,0.04,0.024,0.057,0.039,0.04,0.037,0.049,0.04,0.024,0.051,0.04,0.03,0.047,0.04,0.029,0.046,0.04,0.029,0.046,0.04,0.029,0.046,0.04,0.035,0.015,0.051,0.003,0.022,0.035,0.024,
0.0,0.021,0.0,-0.003,0.007,0.008,0.021,0.018,0.016,0.002,0.0,0.0,0.007,0.002,0.013,0.039,0.028,0.038,0.026,0.034,0.036,0.023,0.01,0.008,0.008,0.002,0.007,0.002,0.0,0.023,0.041,0.039,0.039,0.039,0.038,0.039,0.038,0.039,0.038,0.039,0.038,0.039,0.038,0.039,0.038,0.039,0.038,0.039,0.038,0.039,0.038,0.039,0.038,0.039,0.038,0.039,0.038,0.039,0.038,0.039,0.038,0.039,0.038,0.039,0.038,0.039,0.038,0.039,0.038,0.039,0.038,0.039,0.038,0.039,0.038,0.039,0.038,0.039,0.038,0.039,0.038,0.039,0.038,0.039,0.038,0.039,0.038,0.039,0.038,0.039,0.038,0.039,0.038,0.039,0.038,0.039,0.038,0.039,0.038,0.039,
0.0,0.06,0.028,0.025,-0.012,0.044,0.007,0.037,0.074,0.09,0.024,0.015,0.027,0.042,0.022,0.051,0.027,0.018,0.042,0.044,0.025,0.027,0.076,0.027,0.019,0.02,0.02,0.027,0.022,0.044,0.051,0.005,0.003,0.035,0.002,0.054,0.02,0.013,0.012,0.019,0.0,0.015,0.059,0.003,0.02,0.019,0.02,0.018,0.019,0.02,0.018,0.019,0.02,0.02,0.019,0.02,0.02,0.032,0.02,0.02,0.019,0.032,0.02,0.032,0.035,0.02,0.019,0.02,0.02,0.027,0.022,0.044,0.064,0.019,0.039,0.039,0.002,0.047,0.027,0.0,0.015,0.059,0.013,0.03,0.03,0.002,0.047,0.017,-0.002,0.049,0.015,0.042,0.024,0.03,0.047,0.024,0.034,0.04,0.024,0.01,
0.0,0.01,0.002,0.0,0.015,0.0,0.0,0.0,0.0,0.0,0.0,0.0,0.0,0.0,0.0,0.0,0.0,0.0,0.0,0.01,0.0,0.012,0.01,0.0,0.021,0.002,0.01,0.0,0.008,0.0,0.01,0.028,0.028,0.028,0.028,0.028,0.028,0.026,0.025,0.025,0.025,0.023,0.01,0.012,0.0,0.008,0.007,0.01,0.01,0.021,0.023,0.018,0.013,0.02,0.02,0.02,0.02,0.012,0.012,0.028,0.013,0.028,0.013,0.028,0.013,0.028,0.013,0.028,0.028,0.026,0.025,0.025,0.025,0.023,0.023,0.023,0.023,0.023,0.023,0.023,0.023,0.023,0.023,0.023,0.023,0.023,0.023,0.023,0.023,0.023,0.023,0.023,0.023,0.023,0.023,0.023,0.023,0.023,0.023,0.023,
0.0,0.031,0.016,0.069,0.03,0.057,0.027,0.038,0.025,0.055,0.032,0.055,0.039,0.059,0.075,0.075,0.037,0.06,0.023,0.064,0.06,0.1,0.042,0.064,0.074,0.089,0.075,0.085,0.079,0.077,0.077,0.084,0.067,0.042,0.034,0.008,0.067,0.06,0.069,0.059,0.023,0.045,0.028,0.035,0.012,0.054,0.055,0.074,0.04,0.072,0.052,0.087,0.054,0.059,0.06,0.038,0.059,0.079,0.101,0.05,0.05,0.008,0.052,0.052,0.003,0.055,0.032,0.065,0.032,0.047,0.045,0.038,0.049,0.048,0.032,0.07,0.03,0.043,0.05,0.047,0.054,0.075,0.065,0.06,0.054,0.072,0.045,0.057,0.044,0.04,0.03,0.052,0.067,0.03,0.049,0.082,0.057,0.085,0.059,0.076,
0.0,0.0,0.0,0.0,0.0,0.0,0.0,0.0,0.0,0.0,0.0,0.0,0.0,0.0,0.0,0.0,0.0,0.0,0.0,0.0,0.0,0.0,0.0,0.0,0.0,0.0,0.0,0.0,0.0,0.0,0.0,0.0,0.0,0.0,0.0,0.0,0.0,0.0,0.0,0.0,0.0,0.0,0.0,0.0,0.0,0.0,0.0,0.0,0.0,0.0,0.0,0.0,0.0,0.0,0.0,0.0,0.0,0.0,0.0,0.0,0.0,0.0,0.0,0.0,0.0,0.0,0.0,0.0,0.0,0.0,0.0,0.0,0.0,0.0,0.0,0.0,0.0,0.0,0.0,0.0,0.0,0.0,0.0,0.0,0.0,0.0,0.0,0.0,0.0,0.0,0.0,0.0,0.0,0.0,0.0,0.0,0.0,0.0,0.0,0.0,
0.0,0.025,-0.002,0.002,0.0,0.0,0.0,0.0,0.0,0.0,0.0,0.0,0.0,0.0,0.0,0.0,0.0,0.0,0.0,0.0,0.0,0.0,0.0,0.0,0.0,0.0,0.0,0.0,0.0,0.0,0.0,0.0,0.0,0.0,0.0,0.0,0.0,0.0,0.0,0.0,0.0,0.0,0.0,0.0,0.0,0.0,0.0,0.0,0.0,0.0,0.0,0.0,0.0,0.0,0.0,0.0,0.0,0.0,0.0,0.0,0.0,0.0,0.0,0.0,0.0,0.0,0.0,0.0,0.0,0.0,0.0,0.0,0.0,0.0,0.0,0.0,0.0,0.0,0.0,0.0,0.0,0.0,0.0,0.0,0.0,0.0,0.0,0.0,0.0,0.0,0.0,0.0,0.0,0.0,0.0,0.0,0.0,0.0,0.0,0.0,
0.0,0.055,-0.008,-0.002,0.0,0.0,0.002,0.002,0.0,0.0,0.0,0.008,0.002,0.002,-0.002,0.0,0.0,0.0,0.006,0.002,-0.002,0.0,0.0,0.0,0.0,0.0,0.008,0.002,0.002,0.008,0.002,0.0,0.008,0.002,0.002,-0.002,0.0,0.0,0.008,0.002,0.008,-0.002,0.009,0.002,-0.002,0.0,0.0,0.008,0.002,0.0,0.008,0.002,0.002,-0.002,0.0,0.0,0.008,0.002,0.002,-0.002,0.0,0.0,0.0,0.0,0.0,0.0,0.008,0.002,0.0,0.002,0.008,0.005,0.002,0.002,-0.002,0.002,0.002,0.0,0.0,0.008,-0.002,0.002,0.0,0.0,0.002,0.0,0.0,0.0,0.0,0.0,0.0,0.0,0.0,0.0,0.0,0.0,0.0,0.0,0.0,0.0,
0.0,0.001,0.0,0.0,0.0,0.0,0.0,0.0,0.0,0.0,0.0,0.0,0.0,0.0,0.0,0.0,0.0,0.0,0.0,0.0,0.0,0.0,0.0,0.0,0.0,0.0,0.0,0.0,0.0,0.0,0.0,0.0,0.0,0.0,0.0,0.0,0.0,0.0,0.0,0.0,0.0,0.0,0.0,0.0,0.0,0.0,0.0,0.0,0.0,0.0,0.0,0.0,0.0,0.0,0.0,0.0,0.0,0.0,0.0,0.0,0.0,0.0,0.0,0.0,0.0,0.0,0.0,0.0,0.0,0.0,0.0,0.0,0.0,0.0,0.0,0.0,0.0,0.0,0.0,0.0,0.0,0.0,0.0,0.0,0.0,0.0,0.0,0.0,0.0,0.0,0.0,0.0,0.0,0.0,0.0,0.0,0.0,0.0,0.0,0.0,
0.0,0.001,-0.003,0.0,0.0,0.0,0.0,0.0,0.0,0.0,0.0,0.0,0.0,0.0,0.0,0.0,0.0,0.0,0.0,0.0,0.0,0.0,0.0,0.0,0.0,0.0,0.0,0.0,0.0,0.0,0.0,0.0,0.0,0.0,0.0,0.0,0.0,0.0,0.0,0.0,0.0,0.0,0.0,0.0,0.0,0.0,0.0,0.0,0.0,0.0,0.0,0.0,0.0,0.0,0.0,0.0,0.0,0.0,0.0,0.0,0.0,0.0,0.0,0.0,0.0,0.0,0.0,0.0,0.0,0.0,0.0,0.0,0.0,0.0,0.0,0.0,0.0,0.0,0.0,0.0,0.0,0.0,0.0,0.0,0.0,0.0,0.0,0.0,0.0,0.0,0.0,0.0,0.0,0.0,0.0,0.0,0.0,0.0,0.0,0.0,
0.0,0.009,0.006,-0.002,0.002,0.014,0.036,0.045,0.048,0.05,0.048,0.048,0.048,0.048,0.048,0.048,0.048,0.048,0.048,0.05,0.05,0.05,0.05,0.048,0.048,0.048,0.048,0.048,0.048,0.048,0.048,0.048,0.048,0.048,0.048,0.048,0.048,0.048,0.048,0.048,0.048,0.048,0.048,0.048,0.048,0.048,0.048,0.048,0.048,0.048,0.048,0.048,0.048,0.048,0.048,0.048,0.048,0.048,0.048,0.048,0.048,0.048,0.048,0.048,0.048,0.048,0.048,0.048,0.048,0.048,0.048,0.048,0.048,0.048,0.048,0.048,0.048,0.048,0.048,0.048,0.048,0.048,0.048,0.048,0.048,0.048,0.048,0.048,0.048,0.048,0.048,0.048,0.048,0.048,0.048,0.048,0.048,0.048,0.048,0.048,
0.0,0.009,-0.003,0.002,0.0,0.0,0.0,0.0,0.0,0.0,0.0,0.0,0.0,0.0,0.0,0.0,0.0,0.0,0.0,0.0,0.0,0.0,0.0,0.0,0.0,0.0,0.0,0.0,0.0,0.0,0.0,0.0,0.0,0.0,0.0,0.0,0.0,0.0,0.0,0.0,0.0,0.0,0.0,0.0,0.0,0.0,0.0,0.0,0.0,0.0,0.0,0.0,0.0,0.0,0.0,0.0,0.0,0.0,0.0,0.0,0.0,0.0,0.0,0.0,0.0,0.0,0.0,0.0,0.0,0.0,0.0,0.0,0.0,0.0,0.0,0.0,0.0,0.0,0.0,0.0,0.0,0.0,0.0,0.0,0.0,0.0,0.0,0.0,0.0,0.0,0.0,0.0,0.0,0.0,0.0,0.0,0.0,0.0,0.0,0.0,
0.0,0.006,-0.003,-0.002,0.0,0.0,0.0,0.0,0.0,0.0,0.0,0.0,0.0,0.0,0.0,0.0,0.0,0.0,0.0,0.0,0.0,0.0,0.0,0.0,0.0,0.0,0.0,0.0,0.0,0.0,0.0,0.0,0.0,0.0,0.0,0.0,0.0,0.0,0.0,0.0,0.0,0.0,0.0,0.0,0.0,0.0,0.0,0.0,0.0,0.0,0.0,0.0,0.0,0.0,0.0,0.0,0.0,0.0,0.0,0.0,0.0,0.0,0.0,0.0,0.0,0.0,0.0,0.0,0.0,0.0,0.0,0.0,0.0,0.0,0.0,0.0,0.0,0.0,0.0,0.0,0.0,0.0,0.0,0.0,0.0,0.0,0.0,0.0,0.0,0.0,0.0,0.0,0.0,0.0,0.0,0.0,0.0,0.0,0.0,0.0,
0.0,0.01,0.039,0.003,0.04,0.029,0.029,0.058,0.032,0.045,0.003,0.005,-0.002,0.041,0.018,0.044,0.073,0.049,0.029,0.029,0.028,0.028,0.07,0.05,0.058,0.06,0.06,0.06,0.06,0.06,0.06,0.06,0.06,0.06,0.06,0.06,0.06,0.06,0.06,0.06,0.06,0.06,0.06,0.06,0.06,0.06,0.06,0.06,0.06,0.06,0.06,0.06,0.06,0.06,0.06,0.06,0.06,0.06,0.06,0.06,0.06,0.06,0.06,0.06,0.06,0.06,0.06,0.06,0.06,0.06,0.06,0.06,0.06,0.06,0.06,0.06,0.06,0.06,0.06,0.06,0.06,0.06,0.06,0.06,0.06,0.06,0.06,0.06,0.06,0.06,0.06,0.06,0.06,0.06,0.06,0.06,0.06,0.06,0.06,0.06,
0.0,0.028,-0.01,-0.002,0.0,0.0,0.0,0.0,0.0,0.0,0.0,0.0,0.0,0.0,0.0,0.0,0.0,0.0,0.0,0.0,0.0,0.0,0.0,0.0,0.0,0.0,0.0,0.0,0.0,0.0,0.0,0.0,0.0,0.0,0.0,0.0,0.0,0.0,0.0,0.0,0.0,0.0,0.0,0.0,0.0,0.0,0.0,0.0,0.0,0.0,0.0,0.0,0.0,0.0,0.0,0.0,0.0,0.0,0.0,0.0,0.0,0.0,0.0,0.0,0.0,0.0,0.0,0.0,0.0,0.0,0.0,0.0,0.0,0.0,0.0,0.0,0.0,0.0,0.0,0.0,0.0,0.0,0.0,0.0,0.0,0.0,0.0,0.0,0.0,0.0,0.0,0.0,0.0,0.0,0.0,0.0,0.0,0.0,0.0,0.0,
0.0,0.013,-0.006,0.0,0.0,0.0,0.002,0.0,0.0,0.002,0.0,0.0,0.002,0.0,0.0,0.002,0.0,0.0,0.002,0.0,0.0,0.002,0.0,0.0,0.002,0.0,0.0,0.002,0.0,0.0,0.002,0.0,0.0,0.002,0.0,0.0,0.002,0.0,0.0,0.002,0.0,0.0,0.002,0.0,0.0,0.002,0.0,0.0,0.002,0.0,0.0,0.002,0.0,0.0,0.002,0.0,0.0,0.002,0.0,0.0,0.002,0.0,0.0,0.002,0.0,0.0,0.002,0.0,0.0,0.002,0.0,0.0,0.002,0.0,0.0,0.002,0.0,0.0,0.002,0.0,0.0,0.002,0.0,0.0,0.002,0.0,0.0,0.002,0.0,0.0,0.002,0.0,0.0,0.002,0.0,0.0,0.002,0.0,0.0,0.002,
0.0,0.004,-0.003,0.0,0.0,0.0,0.0,0.0,0.0,0.0,0.0,0.0,0.0,0.0,0.0,0.0,0.0,0.0,0.0,0.0,0.0,0.0,0.0,0.0,0.0,0.0,0.0,0.0,0.0,0.0,0.0,0.0,0.0,0.0,0.0,0.0,0.0,0.0,0.0,0.0,0.0,0.0,0.0,0.0,0.0,0.0,0.0,0.0,0.0,0.0,0.0,0.0,0.0,0.0,0.0,0.0,0.0,0.0,0.0,0.0,0.0,0.0,0.0,0.0,0.0,0.0,0.0,0.0,0.0,0.0,0.0,0.0,0.0,0.0,0.0,0.0,0.0,0.0,0.0,0.0,0.0,0.0,0.0,0.0,0.0,0.0,0.0,0.0,0.0,0.0,0.0,0.0,0.0,0.0,0.0,0.0,0.0,0.0,0.0,0.0,
0.0,-0.003,0.012,0.023,0.002,0.011,0.002,-0.002,0.011,0.012,0.012,0.012,0.017,0.009,0.002,-0.002,0.011,0.009,0.011,0.0,0.009,0.0,0.0,0.0,0.0,0.0,0.0,0.0,0.0,0.0,0.0,0.009,0.002,-0.002,0.012,0.0,0.0,0.009,0.002,-0.002,0.023,0.0,0.012,0.009,0.002,0.0,0.009,0.0,0.014,0.0,0.023,0.0,0.012,0.0,0.012,0.0,0.0,0.0,0.023,0.0,0.012,0.009,0.012,0.0,0.0,0.008,0.002,0.009,0.002,-0.002,0.012,0.008,0.011,0.0,0.0,0.012,0.012,0.0,0.012,0.0,0.0,0.0,0.0,0.0,0.012,0.009,0.002,0.0,0.012,0.009,0.002,0.0,0.012,0.009,0.012,0.0,0.023,0.0,0.012,0.009,
0.0,0.004,-0.002,0.0,0.0,0.0,-0.002,-0.002,-0.002,-0.002,-0.002,-0.002,-0.002,-0.002,-0.002,-0.002,-0.002,-0.002,-0.002,-0.002,-0.002,-0.002,-0.002,-0.002,-0.002,-0.002,-0.002,-0.002,-0.002,-0.002,-0.002,-0.002,-0.002,-0.002,-0.002,-0.002,-0.002,-0.002,-0.002,-0.002,-0.002,-0.002,-0.002,-0.002,-0.002,-0.002,-0.002,-0.002,-0.002,-0.002,-0.002,-0.002,-0.002,-0.002,-0.002,-0.002,-0.002,-0.002,-0.002,-0.002,-0.002,-0.002,-0.002,-0.002,-0.002,-0.002,-0.002,-0.002,-0.002,-0.002,-0.002,-0.002,-0.002,-0.002,-0.002,-0.002,-0.002,-0.002,-0.002,-0.002,-0.002,-0.002,-0.002,-0.002,-0.002,-0.002,-0.002,-0.002,-0.002,-0.002,-0.002,-0.002,-0.002,-0.002,-0.002,-0.002,-0.002,-0.002,-0.002,-0.002,
0.0,0.016,-0.006,-0.002,0.0,0.0,0.0,0.0,0.012,0.003,-0.002,0.002,0.0,0.0,0.0,0.0,0.0,0.0,0.0,0.0,0.0,0.0,0.0,0.0,0.0,0.0,0.0,0.0,0.0,0.0,0.0,0.0,0.0,0.0,0.0,0.0,0.0,0.0,0.0,0.0,0.0,0.0,0.0,0.0,0.0,0.0,0.0,0.0,0.0,0.0,0.0,0.0,0.0,0.0,0.0,0.0,0.0,0.0,0.0,0.0,0.0,0.0,0.0,0.0,0.0,0.0,0.0,0.0,0.0,0.0,0.0,0.0,0.0,0.0,0.0,0.0,0.0,0.0,0.0,0.0,0.0,0.0,0.0,0.0,0.0,0.0,0.0,0.0,0.0,0.0,0.0,0.0,0.0,0.0,0.0,0.0,0.0,0.0,0.0,0.0,
0.0,0.015,-0.005,0.048,0.027,0.049,0.027,0.049,0.027,0.052,0.027,0.049,0.027,0.052,0.027,0.049,0.027,0.049,0.027,0.049,0.027,0.049,0.027,0.049,0.027,0.049,0.027,0.049,0.027,0.049,0.027,0.049,0.027,0.056,0.027,0.049,0.027,0.052,0.027,0.049,0.027,0.049,0.027,0.045,0.07,0.006,0.002,0.0,0.002,0.046,0.029,0.06,0.03,0.049,0.048,0.064,0.03,0.049,0.03,0.049,0.048,0.064,0.03,0.062,0.057,0.065,0.052,0.051,0.049,0.052,0.03,0.062,0.03,0.049,0.03,0.049,0.03,0.049,0.03,0.049,0.03,0.06,0.03,0.062,0.03,0.049,0.03,0.062,0.03,0.062,0.03,0.049,0.03,0.049,0.03,0.049,0.03,0.049,0.048,0.052,
0.0,-0.024,-0.015,0.031,0.046,0.088,0.1,0.102,0.102,0.102,0.102,0.102,0.102,0.102,0.102,0.102,0.102,0.102,0.102,0.102,0.102,0.102,0.102,0.102,0.102,0.102,0.102,0.102,0.102,0.102,0.102,0.102,0.102,0.102,0.102,0.102,0.102,0.102,0.102,0.102,0.102,0.102,0.102,0.102,0.102,0.102,0.102,0.102,0.102,0.102,0.102,0.102,0.102,0.102,0.102,0.102,0.102,0.102,0.102,0.102,0.102,0.102,0.102,0.102,0.102,0.102,0.102,0.102,0.102,0.102,0.102,0.102,0.102,0.102,0.102,0.102,0.102,0.102,0.102,0.102,0.102,0.102,0.102,0.102,0.102,0.102,0.102,0.102,0.102,0.102,0.102,0.102,0.102,0.102,0.102,0.102,0.102,0.102,0.102,0.102,
0.0,0.01,-0.005,-0.002,0.0,-0.002,0.0,0.0,0.0,0.0,0.0,0.0,0.0,0.0,0.0,0.0,0.0,0.0,0.0,0.0,0.0,0.0,0.0,0.0,0.0,0.0,0.0,0.0,0.0,0.0,0.0,0.0,0.0,0.0,0.0,0.0,0.0,0.0,0.0,0.0,0.0,0.0,0.0,0.0,0.0,0.0,0.0,0.0,0.0,0.0,0.0,0.0,0.0,0.0,0.0,0.0,0.0,0.0,0.0,0.0,0.0,0.0,0.0,0.0,0.0,0.0,0.0,0.0,0.0,0.0,0.0,0.0,0.0,0.0,0.0,0.0,0.0,0.0,0.0,0.0,0.0,0.0,0.0,0.0,0.0,0.0,0.0,0.0,0.0,0.0,0.0,0.0,0.0,0.0,0.0,0.0,0.0,0.0,0.0,0.0,
0.0,-0.014,0.016,0.017,0.024,0.049,0.052,0.027,0.037,0.052,0.052,0.027,0.039,0.069,0.061,0.046,0.035,0.061,0.061,0.069,0.068,0.078,0.059,0.073,0.098,0.105,0.113,0.108,0.113,0.108,0.106,0.106,0.106,0.106,0.106,0.106,0.106,0.106,0.106,0.113,0.108,0.106,0.106,0.106,0.106,0.106,0.106,0.113,0.108,0.106,0.106,0.106,0.106,0.106,0.106,0.113,0.108,0.106,0.106,0.106,0.106,0.106,0.106,0.113,0.108,0.106,0.106,0.106,0.106,0.106,0.106,0.113,0.108,0.106,0.106,0.106,0.106,0.106,0.106,0.113,0.108,0.106,0.106,0.106,0.106,0.106,0.106,0.113,0.108,0.106,0.106,0.106,0.106,0.106,0.106,0.113,0.108,0.106,0.106,0.106,
0.0,0.003,0.0,0.0,0.0,0.0,0.0,0.0,0.0,0.0,0.0,0.0,0.0,0.0,0.0,0.0,0.0,0.0,0.0,0.0,0.0,0.0,0.0,0.0,0.0,0.0,0.0,0.0,0.0,0.0,0.0,0.0,0.0,0.0,0.0,0.0,0.0,0.0,0.0,0.0,0.0,0.0,0.0,0.0,0.0,0.0,0.0,0.0,0.0,0.0,0.0,0.0,0.0,0.0,0.0,0.0,0.0,0.0,0.0,0.0,0.0,0.0,0.0,0.0,0.0,0.0,0.0,0.0,0.0,0.0,0.0,0.0,0.0,0.0,0.0,0.0,0.0,0.0,0.0,0.0,0.0,0.0,0.0,0.0,0.0,0.0,0.0,0.0,0.0,0.0,0.0,0.0,0.0,0.0,0.0,0.0,0.0,0.0,0.0,0.0,
0.0,0.009,-0.002,0.0,0.0,0.0,0.0,0.008,0.0,0.0,0.0,0.0,0.01,0.0,0.0,0.0,0.0,0.008,0.0,0.0,0.0,0.0,0.0,0.0,0.0,0.0,0.0,0.0,0.0,0.018,0.002,0.0,0.0,0.0,0.008,0.0,0.0,0.0,0.0,0.0,0.0,0.0,0.01,0.0,0.0,0.0,0.0,0.0,0.0,0.0,0.0,0.0,0.007,0.002,0.0,0.0,0.0,0.0,0.0,0.0,0.0,0.0,0.0,0.0,0.0,0.0,0.0,0.008,0.0,0.0,0.0,0.0,0.0,0.0,0.0,0.0,0.0,0.0,0.0,0.0,0.0,0.008,0.0,0.0,0.0,0.0,0.0,0.0,0.0,0.0,0.0,0.0,0.0,0.0,0.0,0.0,0.0,0.0,0.0,0.0,
0.0,0.0,-0.002,-0.002,0.0,0.0,0.0,0.0,0.0,0.0,0.0,0.0,0.0,0.0,0.0,0.0,0.0,0.0,0.0,0.0,0.0,0.0,0.0,0.0,0.0,0.0,0.0,0.0,0.0,0.0,0.0,0.0,0.0,0.0,0.0,0.0,0.0,0.0,0.0,0.0,0.0,0.0,0.0,0.0,0.0,0.0,0.0,0.0,0.0,0.0,0.0,0.0,0.0,0.0,0.0,0.0,0.0,0.0,0.0,0.0,0.0,0.0,0.0,0.0,0.0,0.0,0.0,0.0,0.0,0.0,0.0,0.0,0.0,0.0,0.0,0.0,0.0,0.0,0.0,0.0,0.0,0.0,0.0,0.0,0.0,0.0,0.0,0.0,0.0,0.0,0.0,0.0,0.0,0.0,0.0,0.0,0.0,0.0,0.0,0.0,
0.0,0.014,0.006,0.007,0.005,0.002,0.0,0.002,0.0,0.016,0.0,0.0,0.002,0.008,0.002,0.008,0.016,0.0,0.01,0.0,0.002,0.008,0.002,0.0,0.01,0.007,0.002,0.008,0.002,0.0,0.002,0.008,0.01,0.007,0.0,0.015,0.0,0.0,0.002,0.008,0.01,0.0,0.0,0.0,0.0,0.002,0.0,0.002,0.0,0.007,0.0,0.0,0.016,0.0,0.002,0.008,0.01,0.0,0.0,0.01,0.008,0.0,0.0,0.0,0.0,0.008,0.016,0.0,0.002,0.008,0.01,0.007,0.0,0.002,0.0,0.002,0.0,0.01,0.0,0.008,0.0,0.0,0.002,0.0,0.01,0.0,0.0,0.0,0.0,0.01,0.0,0.0,0.0,0.008,0.01,0.0,0.0,0.01,0.0,0.016,
0.0,0.016,-0.003,0.0,0.0,0.0,0.0,0.0,0.0,0.0,0.0,0.0,0.0,0.0,0.0,0.0,0.0,0.0,0.0,0.0,0.0,0.0,0.0,0.0,0.0,0.0,0.0,0.0,0.0,0.0,0.0,0.0,0.0,0.0,0.0,0.0,0.0,0.0,0.0,0.0,0.0,0.0,0.0,0.0,0.0,0.0,0.0,0.0,0.0,0.0,0.0,0.0,0.0,0.0,0.0,0.0,0.0,0.0,0.0,0.0,0.0,0.0,0.0,0.0,0.0,0.0,0.0,0.0,0.0,0.0,0.0,0.0,0.0,0.0,0.0,0.0,0.0,0.0,0.0,0.0,0.0,0.0,0.0,0.0,0.0,0.0,0.0,0.0,0.0,0.0,0.0,0.0,0.0,0.0,0.0,0.0,0.0,0.0,0.0,0.0,
0.0,0.003,0.025,-0.006,0.009,-0.003,0.006,-0.006,0.005,-0.006,0.005,-0.006,0.005,-0.006,0.005,-0.006,0.005,-0.006,0.005,-0.006,0.005,-0.006,0.005,-0.006,0.005,-0.006,0.005,-0.006,0.005,-0.006,0.005,-0.006,0.005,-0.006,0.005,-0.006,0.005,-0.006,0.005,-0.006,0.005,-0.006,0.005,-0.006,0.005,-0.006,0.005,-0.006,0.005,-0.006,0.005,-0.006,0.005,-0.006,0.005,-0.006,0.005,-0.006,0.005,-0.006,0.005,-0.006,0.005,-0.006,0.005,-0.006,0.005,-0.006,0.005,-0.006,0.005,-0.006,0.005,-0.006,0.005,-0.006,0.005,-0.006,0.005,-0.006,0.005,-0.006,0.005,-0.006,0.005,-0.006,0.005,-0.006,0.005,-0.006,0.005,-0.006,0.005,-0.006,0.005,-0.006,0.005,-0.006,0.005,0.017,
0.0,0.024,0.008,0.006,0.009,-0.003,0.0,0.003,0.009,-0.003,0.006,-0.003,0.0,-0.002,0.0,0.0,0.0,0.0,0.0,0.0,0.0,0.0,0.0,0.0,0.0,0.0,0.0,0.0,0.0,0.0,0.0,0.0,0.0,0.0,0.0,0.0,0.0,0.0,0.0,0.0,0.0,0.0,0.0,0.0,0.0,0.0,0.0,0.0,0.0,0.0,0.0,0.0,0.0,0.0,0.0,0.0,0.0,0.0,0.0,0.0,0.0,0.0,0.0,0.0,0.0,0.0,0.0,0.0,0.0,0.0,0.0,0.0,0.0,0.0,0.0,0.0,0.0,0.0,0.0,0.0,0.0,0.0,0.0,0.0,0.0,0.0,0.0,0.0,0.0,0.0,0.0,0.0,0.0,0.0,0.0,0.0,0.0,0.0,0.0,0.0,
0.0,0.0,-0.005,-0.002,-0.002,0.008,-0.002,-0.002,-0.002,-0.002,-0.002,0.008,-0.002,0.009,0.0,-0.002,-0.002,-0.002,-0.002,0.008,-0.002,0.008,0.0,-0.002,0.0,-0.002,-0.002,-0.002,-0.002,0.008,0.0,-0.002,0.0,-0.002,-0.002,-0.002,-0.002,-0.002,-0.002,0.008,0.0,-0.002,-0.002,-0.002,-0.002,0.009,0.0,-0.002,0.0,-0.002,-0.002,-0.002,-0.002,0.008,0.0,0.008,0.0,-0.002,0.0,-0.002,-0.002,-0.002,-0.002,0.008,0.0,-0.002,-0.002,-0.002,-0.002,-0.002,-0.002,0.008,-0.002,0.008,-0.002,-0.002,-0.002,-0.002,-0.002,0.005,-0.002,-0.002,-0.002,0.009,0.0,-0.002,0.0,-0.002,-0.002,-0.002,-0.002,0.008,0.0,-0.002,0.0,-0.002,-0.002,0.008,-0.002,-0.002,
0.0,0.01,-0.002,0.0,0.0,0.0,0.0,0.0,0.0,0.0,0.0,0.0,0.0,0.0,0.0,0.0,0.0,0.0,0.0,0.0,0.0,0.0,0.0,0.0,0.0,0.0,0.0,0.0,0.0,0.0,0.0,0.0,0.0,0.0,0.0,0.0,0.0,0.0,0.0,0.0,0.0,0.0,0.0,0.0,0.0,0.0,0.0,0.0,0.0,0.0,0.0,0.0,0.0,0.0,0.0,0.0,0.0,0.0,0.0,0.0,0.0,0.0,0.0,0.0,0.0,0.0,0.0,0.0,0.0,0.0,0.0,0.0,0.0,0.0,0.0,0.0,0.0,0.0,0.0,0.0,0.0,0.0,0.0,0.0,0.0,0.0,0.0,0.0,0.0,0.0,0.0,0.0,0.0,0.0,0.0,0.0,0.0,0.0,0.0,0.0,
0.0,0.007,-0.003,0.0,0.0,0.0,0.0,0.0,0.0,0.0,0.0,0.0,0.0,0.0,0.0,0.0,0.0,0.0,0.0,0.0,0.0,0.0,0.0,0.0,0.0,0.0,0.0,0.0,0.0,0.0,0.0,0.0,0.0,0.0,0.0,0.0,0.0,0.0,0.0,0.0,0.0,0.0,0.0,0.0,0.0,0.0,0.0,0.0,0.0,0.0,0.0,0.0,0.0,0.0,0.0,0.0,0.0,0.0,0.0,0.0,0.0,0.0,0.0,0.0,0.0,0.0,0.0,0.0,0.0,0.0,0.0,0.0,0.0,0.0,0.0,0.0,0.0,0.0,0.0,0.0,0.0,0.0,0.0,0.0,0.0,0.0,0.0,0.0,0.0,0.0,0.0,0.0,0.0,0.0,0.0,0.0,0.0,0.0,0.0,0.0,
0.0,0.024,0.006,-0.005,0.022,0.002,0.005,0.019,-0.011,0.011,0.038,0.043,0.028,-0.008,0.03,-0.009,0.03,-0.009,0.03,-0.009,0.03,-0.009,0.03,-0.009,0.03,-0.009,0.03,-0.009,0.03,-0.009,0.038,-0.008,0.03,-0.009,0.03,-0.009,0.03,-0.009,0.03,-0.009,0.03,-0.009,0.03,-0.009,0.03,-0.009,0.038,-0.008,0.03,-0.009,0.03,-0.009,0.03,-0.009,0.03,-0.009,0.03,-0.009,0.03,-0.009,0.03,-0.009,0.03,-0.009,0.03,-0.009,0.03,-0.009,0.013,-0.011,0.039,0.025,0.041,0.014,-0.009,0.027,0.008,-0.009,0.013,0.008,0.035,-0.008,0.033,-0.008,0.013,-0.011,0.039,0.025,-0.003,0.014,0.006,0.024,0.008,0.006,0.024,0.008,0.006,0.024,0.008,0.009,
0.0,0.003,0.0,0.023,0.003,0.023,0.003,0.0,0.0,0.0,0.0,0.0,0.0,0.0,0.0,0.0,0.0,0.0,0.0,0.0,0.0,0.0,0.0,0.0,0.0,0.0,0.0,0.0,0.0,0.0,0.0,0.0,0.0,0.0,0.0,0.0,0.0,0.0,0.0,0.0,0.0,0.0,0.0,0.0,0.0,0.0,0.0,0.0,0.0,0.0,0.0,0.0,0.0,0.0,0.0,0.0,0.0,0.0,0.0,0.0,0.0,0.0,0.0,0.0,0.0,0.0,0.0,0.0,0.0,0.0,0.0,0.0,0.0,0.0,0.0,0.0,0.0,0.0,0.0,0.0,0.0,0.0,0.0,0.0,0.0,0.0,0.0,0.0,0.0,0.0,0.0,0.0,0.0,0.0,0.0,0.0,0.0,0.0,0.0,0.0,
0.0,0.035,-0.005,0.002,-0.002,0.0,0.002,0.002,0.002,0.002,0.002,0.002,0.002,0.002,0.002,0.002,0.002,0.002,0.002,0.002,0.002,0.002,0.002,0.002,0.002,0.002,0.002,0.002,0.002,0.002,0.002,0.002,0.002,0.002,0.002,0.002,0.002,0.002,0.002,0.002,0.002,0.002,0.002,0.002,0.002,0.002,0.002,0.002,0.002,0.002,0.002,0.002,0.002,0.002,0.002,0.002,0.002,0.002,0.002,0.002,0.002,0.002,0.002,0.002,0.002,0.002,0.002,0.002,0.002,0.002,0.002,0.002,0.002,0.002,0.002,0.002,0.002,0.002,0.002,0.002,0.002,0.002,0.002,0.002,0.002,0.002,0.002,0.002,0.002,0.002,0.002,0.002,0.002,0.002,0.002,0.002,0.002,0.002,0.002,0.003,
0.0,0.014,-0.003,-0.003,0.002,-0.002,0.013,0.0,0.005,-0.002,0.005,-0.002,0.012,0.0,0.005,0.007,0.003,-0.002,0.005,0.007,-0.005,-0.002,0.005,0.017,-0.002,-0.002,0.005,0.017,0.01,0.0,-0.005,-0.002,0.007,0.035,0.01,0.0,0.005,0.007,0.005,-0.002,-0.005,-0.002,0.005,0.007,-0.005,0.008,0.007,0.007,-0.005,-0.002,0.008,0.007,-0.005,-0.002,0.005,0.0,-0.005,-0.002,0.005,0.0,-0.005,-0.002,-0.005,-0.002,-0.005,-0.002,-0.005,-0.002,-0.005,-0.002,0.013,0.0,-0.005,-0.002,-0.005,-0.002,0.005,0.007,-0.005,-0.002,0.005,0.0,0.007,0.0,0.007,0.017,-0.002,-0.002,-0.005,-0.002,-0.005,-0.002,0.005,0.0,-0.005,-0.002,0.013,0.0,0.013,0.0,
0.0,0.002,0.015,0.002,0.0,0.0,0.0,0.0,0.0,0.0,0.0,0.0,0.0,0.0,0.0,0.0,0.0,0.0,0.0,0.0,0.0,0.0,0.0,0.0,0.0,0.0,0.0,0.0,0.0,0.0,0.0,0.0,0.0,0.0,0.0,0.0,0.0,0.0,0.0,0.0,0.0,0.0,0.0,0.0,0.0,0.0,0.0,0.0,0.0,0.0,0.0,0.0,0.0,0.0,0.0,0.0,0.0,0.0,0.0,0.0,0.0,0.0,0.0,0.0,0.0,0.0,0.0,0.0,0.0,0.0,0.0,0.0,0.0,0.0,0.0,0.0,0.0,0.0,0.0,0.0,0.0,0.0,0.0,0.0,0.0,0.0,0.0,0.0,0.0,0.0,0.0,0.0,0.0,0.0,0.0,0.0,0.0,0.0,0.0,0.0,
0.0,0.027,-0.005,-0.002,0.0,0.0,0.0,0.0,0.0,0.0,0.0,0.0,0.0,0.0,0.0,0.0,0.0,0.0,0.0,0.0,0.0,0.0,0.0,0.0,0.0,0.0,0.0,0.0,0.0,0.0,0.0,0.0,0.0,0.0,0.0,0.0,0.0,0.0,0.0,0.0,0.0,0.0,0.0,0.0,0.0,0.0,0.0,0.0,0.0,0.0,0.0,0.0,0.0,0.0,0.0,0.0,0.0,0.0,0.0,0.0,0.0,0.0,0.0,0.0,0.0,0.0,0.0,0.0,0.0,0.0,0.0,0.0,0.0,0.0,0.0,0.0,0.0,0.0,0.0,0.0,0.0,0.0,0.0,0.0,0.0,0.0,0.0,0.0,0.0,0.0,0.0,0.0,0.0,0.0,0.0,0.0,0.0,0.0,0.0,0.0,
0.0,0.0,0.029,0.003,0.0,0.0,0.0,0.0,0.0,0.012,0.002,0.012,0.002,0.012,0.002,0.012,0.002,0.012,0.002,0.012,0.002,0.012,0.002,0.012,0.002,0.012,0.002,0.012,0.002,0.012,0.002,0.012,0.002,0.012,0.002,0.012,0.002,0.012,0.002,0.012,0.002,0.012,0.002,0.012,0.002,0.012,0.002,0.012,0.002,0.012,0.002,0.012,0.002,0.012,0.002,0.012,0.002,0.012,0.002,0.012,0.002,0.012,0.002,0.012,0.002,0.012,0.002,0.012,0.002,0.012,0.002,0.012,0.002,0.012,0.002,0.012,0.002,0.012,0.002,0.012,0.002,0.012,0.002,0.012,0.002,0.012,0.002,0.012,0.002,0.012,0.002,0.012,0.002,0.012,0.002,0.012,0.002,0.012,0.002,0.012,
0.0,0.03,-0.003,0.0,0.0,0.0,0.0,0.023,0.002,0.0,0.0,0.023,0.002,0.0,0.023,0.025,0.002,0.0,0.023,0.025,0.002,0.0,0.023,0.025,0.002,0.0,0.023,0.025,0.002,0.0,0.023,0.025,0.002,0.0,0.023,0.025,0.002,0.0,0.023,0.025,0.002,0.0,0.023,0.025,0.002,0.0,0.023,0.025,0.002,0.0,0.023,0.025,0.002,0.0,0.023,0.025,0.002,0.0,0.023,0.025,0.002,0.0,0.023,0.025,0.002,0.0,0.023,0.025,0.002,0.0,0.023,0.025,0.002,0.0,0.023,0.025,0.002,0.0,0.023,0.025,0.002,0.0,0.023,0.025,0.002,0.0,0.023,0.025,0.002,0.0,0.023,0.025,0.002,0.0,0.023,0.025,0.002,0.0,0.023,0.025,
0.0,0.003,-0.005,0.017,0.067,0.074,0.007,0.013,0.042,0.037,0.057,0.044,0.017,0.067,0.027,0.025,0.064,0.045,0.062,0.059,0.049,0.062,0.074,0.062,0.028,0.067,0.045,0.062,0.057,0.057,0.027,0.067,0.045,0.062,0.057,0.057,0.027,0.067,0.045,0.062,0.057,0.057,0.027,0.067,0.045,0.062,0.057,0.057,0.027,0.067,0.045,0.062,0.057,0.057,0.027,0.067,0.045,0.062,0.057,0.057,0.027,0.067,0.045,0.062,0.057,0.057,0.027,0.067,0.045,0.062,0.057,0.057,0.027,0.067,0.045,0.062,0.057,0.057,0.027,0.067,0.045,0.062,0.057,0.057,0.027,0.067,0.045,0.062,0.057,0.057,0.027,0.067,0.045,0.062,0.057,0.057,0.027,0.067,0.045,0.062,
0.0,0.042,0.031,0.073,0.039,0.036,0.07,0.092,0.046,0.08,0.088,0.08,0.085,0.078,0.116,0.068,0.066,0.102,0.066,0.102,0.088,0.069,0.102,0.09,0.085,0.1,0.083,0.102,0.105,0.1,0.1,0.108,0.109,0.11,0.109,0.11,0.109,0.11,0.109,0.11,0.109,0.11,0.109,0.11,0.109,0.11,0.109,0.11,0.109,0.11,0.109,0.11,0.109,0.11,0.109,0.11,0.109,0.11,0.109,0.11,0.109,0.11,0.109,0.11,0.109,0.11,0.109,0.11,0.109,0.11,0.109,0.11,0.109,0.11,0.109,0.11,0.109,0.11,0.109,0.11,0.109,0.11,0.109,0.11,0.109,0.11,0.109,0.11,0.109,0.11,0.109,0.11,0.109,0.11,0.109,0.11,0.109,0.11,0.109,0.11,
0.0,0.008,0.003,0.0,0.0,0.008,0.0,0.0,0.0,0.0,0.0,0.008,0.0,0.008,0.0,0.0,0.0,0.0,0.0,0.0,0.0,0.0,0.012,0.002,0.0,0.012,0.0,0.008,0.0,0.0,0.0,0.0,0.008,0.0,0.008,0.0,0.0,0.0,0.0,0.0,0.008,0.0,0.0,0.018,0.002,0.0,0.0,0.018,0.002,0.0,0.0,0.012,0.0,0.008,0.0,0.0,0.012,0.002,0.0,0.0,0.0,0.0,0.008,0.0,0.0,0.0,0.0,0.0,0.0,0.0,0.0,0.0,0.0,0.0,0.0,0.008,0.0,0.0,0.0,0.0,0.0,0.0,0.0,0.008,0.0,0.008,0.0,0.008,0.0,0.0,0.0,0.0,0.0,0.008,0.0,0.0,0.0,0.0,0.0,0.008,


