0.0,0.0,0.0,0.0,0.0,0.0,0.0,0.0,0.0,0.0,0.0,0.0,0.0,0.0,0.0,0.0,0.0,0.0,0.0,0.0,0.0,0.0,0.0,0.0,0.0,0.0,0.0,0.0,0.0,0.0,0.0,0.0,0.0,0.0,0.0,0.0,0.0,0.0,0.0,0.0,0.0,0.0,0.0,0.0,0.0,0.0,0.0,0.0,0.0,0.0,0.0,0.0,0.0,0.0,0.0,0.0,0.0,0.0,0.0,0.0,0.0,0.0,0.0,0.0,0.0,0.0,0.0,0.0,0.0,0.0,0.0,0.0,0.0,0.0,0.0,0.0,0.0,0.0,0.0,0.0,0.0,0.0,0.0,0.0,0.0,0.0,0.0,0.0,0.0,0.0,0.0,0.0,0.0,0.0,0.0,0.0,0.0,0.0,0.0,0.0,
0.0,0.0,0.0,0.0,0.0,0.0,0.0,0.0,0.0,0.0,0.0,0.0,0.0,0.0,0.0,0.0,0.0,0.0,0.0,0.0,0.0,0.0,0.0,0.0,0.0,0.0,0.0,0.0,0.0,0.0,0.0,0.0,0.0,0.0,0.0,0.0,0.0,0.0,0.0,0.0,0.0,0.0,0.0,0.0,0.0,0.0,0.0,0.0,0.0,0.0,0.0,0.0,0.0,0.0,0.0,0.0,0.0,0.0,0.0,0.0,0.0,0.0,0.0,0.0,0.0,0.0,0.0,0.0,0.0,0.0,0.0,0.0,0.0,0.0,0.0,0.0,0.0,0.0,0.0,0.0,0.0,0.0,0.0,0.0,0.0,0.0,0.0,0.0,0.0,0.0,0.0,0.0,0.0,0.0,0.0,0.0,0.0,0.0,0.0,0.0,
0.0,0.0,0.0,0.0,0.0,0.0,0.0,0.0,0.0,0.0,0.0,0.0,0.0,0.0,0.0,0.0,0.0,0.0,0.0,0.0,0.0,0.0,0.0,0.0,0.0,0.0,0.0,0.0,0.0,0.0,0.0,0.0,0.0,0.0,0.0,0.0,0.0,0.0,0.0,0.0,0.0,0.0,0.0,0.0,0.0,0.0,0.0,0.0,0.0,0.0,0.0,0.0,0.0,0.0,0.0,0.0,0.0,0.0,0.0,0.0,0.0,0.0,0.0,0.0,0.0,0.0,0.0,0.0,0.0,0.0,0.0,0.0,0.0,0.0,0.0,0.0,0.0,0.0,0.0,0.0,0.0,0.0,0.0,0.0,0.0,0.0,0.0,0.0,0.0,0.0,0.0,0.0,0.0,0.0,0.0,0.0,0.0,0.0,0.0,0.0,
0.0,0.0,0.0,0.0,0.0,0.0,0.0,0.0,0.0,0.0,0.0,0.0,0.0,0.0,0.0,0.0,0.0,0.0,0.0,0.0,0.0,0.0,0.0,0.0,0.0,0.0,0.0,0.0,0.0,0.0,0.0,0.0,0.0,0.0,0.0,0.0,0.0,0.0,0.0,0.0,0.0,0.0,0.0,0.0,0.0,0.0,0.0,0.0,0.0,0.0,0.0,0.0,0.0,0.0,0.0,0.0,0.0,0.0,0.0,0.0,0.0,0.0,0.0,0.0,0.0,0.0,0.0,0.0,0.0,0.0,0.0,0.0,0.0,0.0,0.0,0.0,0.0,0.0,0.0,0.0,0.0,0.0,0.0,0.0,0.0,0.0,0.0,0.0,0.0,0.0,0.0,0.0,0.0,0.0,0.0,0.0,0.0,0.0,0.0,0.0,
0.0,0.0,0.0,0.0,0.0,0.0,0.0,0.0,0.0,0.0,0.0,0.0,0.0,0.0,0.0,0.0,0.0,0.0,0.0,0.0,0.0,0.0,0.0,0.0,0.0,0.0,0.0,0.0,0.0,0.0,0.0,0.0,0.0,0.0,0.0,0.0,0.0,0.0,0.0,0.0,0.0,0.0,0.0,0.0,0.0,0.0,0.0,0.0,0.0,0.0,0.0,0.0,0.0,0.0,0.0,0.0,0.0,0.0,0.0,0.0,0.0,0.0,0.0,0.0,0.0,0.0,0.0,0.0,0.0,0.0,0.0,0.0,0.0,0.0,0.0,0.0,0.0,0.0,0.0,0.0,0.0,0.0,0.0,0.0,0.0,0.0,0.0,0.0,0.0,0.0,0.0,0.0,0.0,0.0,0.0,0.0,0.0,0.0,0.0,0.0,
0.0,0.0,0.0,0.0,0.0,0.0,0.0,0.0,0.0,0.0,0.0,0.0,0.0,0.0,0.0,0.0,0.0,0.0,0.0,0.0,0.0,0.0,0.0,0.0,0.0,0.0,0.0,0.0,0.0,0.0,0.0,0.0,0.0,0.0,0.0,0.0,0.0,0.0,0.0,0.0,0.0,0.0,0.0,0.0,0.0,0.0,0.0,0.0,0.0,0.0,0.0,0.0,0.0,0.0,0.0,0.0,0.0,0.0,0.0,0.0,0.0,0.0,0.0,0.0,0.0,0.0,0.0,0.0,0.0,0.0,0.0,0.0,0.0,0.0,0.0,0.0,0.0,0.0,0.0,0.0,0.0,0.0,0.0,0.0,0.0,0.0,0.0,0.0,0.0,0.0,0.0,0.0,0.0,0.0,0.0,0.0,0.0,0.0,0.0,0.0,
0.0,0.0,0.0,0.0,0.0,0.0,0.0,0.0,0.0,0.0,0.0,0.0,0.0,0.0,0.0,0.0,0.0,0.0,0.0,0.0,0.0,0.0,0.0,0.0,0.0,0.0,0.0,0.0,0.0,0.0,0.0,0.0,0.0,0.0,0.0,0.0,0.0,0.0,0.0,0.0,0.0,0.0,0.0,0.0,0.0,0.0,0.0,0.0,0.0,0.0,0.0,0.0,0.0,0.0,0.0,0.0,0.0,0.0,0.0,0.0,0.0,0.0,0.0,0.0,0.0,0.0,0.0,0.0,0.0,0.0,0.0,0.0,0.0,0.0,0.0,0.0,0.0,0.0,0.0,0.0,0.0,0.0,0.0,0.0,0.0,0.0,0.0,0.0,0.0,0.0,0.0,0.0,0.0,0.0,0.0,0.0,0.0,0.0,0.0,0.0,
0.0,0.0,0.0,-0.014,-0.012,0.0,-0.016,-0.01,-0.001,-0.014,-0.012,0.0,-0.016,-0.01,-0.001,-0.014,-0.012,0.0,-0.016,-0.01,-0.001,-0.014,-0.012,0.0,-0.016,-0.01,-0.001,-0.014,-0.012,0.0,-0.016,-0.01,-0.001,-0.014,-0.012,0.0,-0.016,-0.01,-0.001,-0.014,-0.012,0.0,-0.016,-0.01,-0.001,-0.014,-0.012,0.0,-0.016,-0.01,-0.001,-0.014,-0.012,0.0,-0.016,-0.01,-0.001,-0.014,-0.012,0.0,-0.016,-0.01,-0.001,-0.014,-0.012,0.0,-0.016,-0.01,-0.001,-0.014,-0.012,0.0,-0.016,-0.01,-0.001,-0.014,-0.012,0.0,-0.016,-0.01,-0.001,-0.014,-0.012,0.0,-0.016,-0.01,-0.001,-0.014,-0.012,0.0,-0.016,-0.01,-0.001,-0.014,-0.012,0.0,-0.016,-0.01,-0.001,-0.014,
0.0,0.0,0.0,0.0,0.0,0.0,0.0,0.0,0.0,0.0,0.0,0.0,0.0,0.0,0.0,0.0,0.0,0.0,0.0,0.0,0.0,0.0,0.0,0.0,0.0,0.0,0.0,0.0,0.0,0.0,0.0,0.0,0.0,0.0,0.0,0.0,0.0,0.0,0.0,0.0,0.0,0.0,0.0,0.0,0.0,0.0,0.0,0.0,0.0,0.0,0.0,0.0,0.0,0.0,0.0,0.0,0.0,0.0,0.0,0.0,0.0,0.0,0.0,0.0,0.0,0.0,0.0,0.0,0.0,0.0,0.0,0.0,0.0,0.0,0.0,0.0,0.0,0.0,0.0,0.0,0.0,0.0,0.0,0.0,0.0,0.0,0.0,0.0,0.0,0.0,0.0,0.0,0.0,0.0,0.0,0.0,0.0,0.0,0.0,0.0,
0.0,0.0,-0.064,-0.148,0.008,-0.094,0.067,-0.064,0.067,-0.067,0.053,-0.064,0.059,-0.069,0.053,-0.064,-0.002,-0.022,0.025,-0.022,0.022,-0.037,0.025,-0.031,0.02,-0.037,0.025,-0.089,0.067,-0.064,0.067,-0.067,0.053,-0.064,0.059,-0.069,0.053,-0.064,-0.002,-0.022,0.025,-0.022,0.022,-0.037,0.025,-0.031,0.02,-0.037,0.025,-0.089,0.067,-0.064,0.067,-0.067,0.053,-0.064,0.059,-0.069,0.053,-0.064,-0.002,-0.022,0.025,-0.022,0.022,-0.037,0.025,-0.031,0.02,-0.037,0.025,-0.089,0.067,-0.064,0.067,-0.067,0.053,-0.064,0.059,-0.069,0.053,-0.064,-0.002,-0.022,0.025,-0.022,0.022,-0.037,0.025,-0.031,0.02,-0.037,0.025,-0.089,0.067,-0.064,0.067,-0.067,0.053,-0.064,
0.0,0.0,0.0,-0.004,-0.016,-0.003,0.003,-0.015,-0.018,-0.003,-0.001,-0.01,-0.018,-0.007,0.003,-0.01,-0.022,-0.003,0.003,-0.015,-0.018,-0.003,-0.001,-0.01,-0.018,-0.007,0.003,-0.01,-0.022,-0.003,0.003,-0.015,-0.018,-0.003,-0.001,-0.01,-0.018,-0.007,0.003,-0.01,-0.022,-0.003,0.003,-0.015,-0.018,-0.003,-0.001,-0.01,-0.018,-0.007,0.003,-0.01,-0.022,-0.003,0.003,-0.015,-0.018,-0.003,-0.001,-0.01,-0.018,-0.007,0.003,-0.01,-0.022,-0.003,0.003,-0.015,-0.018,-0.003,-0.001,-0.01,-0.018,-0.007,0.003,-0.01,-0.022,-0.003,0.003,-0.015,-0.018,-0.003,-0.001,-0.01,-0.018,-0.007,0.003,-0.01,-0.022,-0.003,0.003,-0.015,-0.018,-0.003,-0.001,-0.01,-0.018,-0.007,0.003,-0.01,
0.0,0.0,0.0,0.001,-0.033,0.016,-0.021,-0.013,-0.004,0.0,-0.033,0.016,-0.021,-0.013,-0.004,0.0,-0.033,0.016,-0.021,-0.013,-0.004,0.0,-0.033,0.016,-0.021,-0.013,-0.004,0.0,-0.033,0.016,-0.021,-0.013,-0.004,0.0,-0.033,0.016,-0.021,-0.013,-0.004,0.0,-0.033,0.016,-0.021,-0.013,-0.004,0.0,-0.033,0.016,-0.021,-0.013,-0.004,0.0,-0.033,0.016,-0.021,-0.013,-0.004,0.0,-0.033,0.016,-0.021,-0.013,-0.004,0.0,-0.033,0.016,-0.021,-0.013,-0.004,0.0,-0.033,0.016,-0.021,-0.013,-0.004,0.0,-0.033,0.016,-0.021,-0.013,-0.004,0.0,-0.033,0.016,-0.021,-0.013,-0.004,0.0,-0.033,0.016,-0.021,-0.013,-0.004,0.0,-0.033,0.016,-0.021,-0.013,-0.004,0.0,
0.0,0.0,0.0,0.0,0.0,0.0,0.0,0.0,0.0,0.0,0.0,0.0,0.0,0.0,0.0,0.0,0.0,0.0,0.0,0.0,0.0,0.0,0.0,0.0,0.0,0.0,0.0,0.0,0.0,0.0,0.0,0.0,0.0,0.0,0.0,0.0,0.0,0.0,0.0,0.0,0.0,0.0,0.0,0.0,0.0,0.0,0.0,0.0,0.0,0.0,0.0,0.0,0.0,0.0,0.0,0.0,0.0,0.0,0.0,0.0,0.0,0.0,0.0,0.0,0.0,0.0,0.0,0.0,0.0,0.0,0.0,0.0,0.0,0.0,0.0,0.0,0.0,0.0,0.0,0.0,0.0,0.0,0.0,0.0,0.0,0.0,0.0,0.0,0.0,0.0,0.0,0.0,0.0,0.0,0.0,0.0,0.0,0.0,0.0,0.0,
0.0,0.0,-0.02,-0.09,-0.153,-0.144,-0.17,-0.19,-0.191,-0.191,-0.198,-0.19,-0.194,-0.197,-0.191,-0.192,-0.198,-0.19,-0.194,-0.197,-0.191,-0.192,-0.198,-0.19,-0.194,-0.197,-0.191,-0.192,-0.198,-0.19,-0.194,-0.197,-0.191,-0.192,-0.198,-0.19,-0.194,-0.197,-0.191,-0.192,-0.198,-0.19,-0.194,-0.197,-0.191,-0.192,-0.198,-0.19,-0.194,-0.197,-0.191,-0.192,-0.198,-0.19,-0.194,-0.197,-0.191,-0.192,-0.198,-0.19,-0.194,-0.197,-0.191,-0.192,-0.198,-0.19,-0.194,-0.197,-0.191,-0.192,-0.198,-0.19,-0.194,-0.197,-0.191,-0.192,-0.198,-0.19,-0.194,-0.197,-0.191,-0.192,-0.198,-0.19,-0.194,-0.197,-0.191,-0.192,-0.198,-0.19,-0.194,-0.197,-0.191,-0.192,-0.198,-0.19,-0.194,-0.197,-0.191,-0.192,
0.0,0.0,0.0,0.0,0.0,0.0,0.0,0.0,0.0,0.0,0.0,0.0,0.0,0.0,0.0,0.0,0.0,0.0,0.0,0.0,0.0,0.0,0.0,0.0,0.0,0.0,0.0,0.0,0.0,0.0,0.0,0.0,0.0,0.0,0.0,0.0,0.0,0.0,0.0,0.0,0.0,0.0,0.0,0.0,0.0,0.0,0.0,0.0,0.0,0.0,0.0,0.0,0.0,0.0,0.0,0.0,0.0,0.0,0.0,0.0,0.0,0.0,0.0,0.0,0.0,0.0,0.0,0.0,0.0,0.0,0.0,0.0,0.0,0.0,0.0,0.0,0.0,0.0,0.0,0.0,0.0,0.0,0.0,0.0,0.0,0.0,0.0,0.0,0.0,0.0,0.0,0.0,0.0,0.0,0.0,0.0,0.0,0.0,0.0,0.0,
0.0,0.0,0.0,0.0,0.0,0.0,0.0,0.0,0.0,0.0,0.0,0.0,0.0,0.0,0.0,0.0,0.0,0.0,0.0,0.0,0.0,0.0,0.0,0.0,0.0,0.0,0.0,0.0,0.0,0.0,0.0,0.0,0.0,0.0,0.0,0.0,0.0,0.0,0.0,0.0,0.0,0.0,0.0,0.0,0.0,0.0,0.0,0.0,0.0,0.0,0.0,0.0,0.0,0.0,0.0,0.0,0.0,0.0,0.0,0.0,0.0,0.0,0.0,0.0,0.0,0.0,0.0,0.0,0.0,0.0,0.0,0.0,0.0,0.0,0.0,0.0,0.0,0.0,0.0,0.0,0.0,0.0,0.0,0.0,0.0,0.0,0.0,0.0,0.0,0.0,0.0,0.0,0.0,0.0,0.0,0.0,0.0,0.0,0.0,0.0,
0.0,0.0,-0.015,-0.036,-0.042,-0.056,-0.057,-0.06,-0.057,-0.06,-0.057,-0.06,-0.057,-0.06,-0.057,-0.06,-0.057,-0.06,-0.057,-0.06,-0.057,-0.06,-0.057,-0.06,-0.057,-0.06,-0.057,-0.06,-0.057,-0.06,-0.057,-0.06,-0.057,-0.06,-0.057,-0.06,-0.057,-0.06,-0.057,-0.06,-0.057,-0.06,-0.057,-0.06,-0.057,-0.06,-0.057,-0.06,-0.057,-0.06,-0.057,-0.06,-0.057,-0.06,-0.057,-0.06,-0.057,-0.06,-0.057,-0.06,-0.057,-0.06,-0.057,-0.06,-0.057,-0.06,-0.057,-0.06,-0.057,-0.06,-0.057,-0.06,-0.057,-0.06,-0.057,-0.06,-0.057,-0.06,-0.057,-0.06,-0.057,-0.06,-0.057,-0.06,-0.057,-0.06,-0.057,-0.06,-0.057,-0.06,-0.057,-0.06,-0.057,-0.06,-0.057,-0.06,-0.057,-0.06,-0.057,-0.06,
0.0,0.0,0.0,0.0,0.0,0.0,0.0,0.0,0.0,0.0,0.0,0.0,0.0,0.0,0.0,0.0,0.0,0.0,0.0,0.0,0.0,0.0,0.0,0.0,0.0,0.0,0.0,0.0,0.0,0.0,0.0,0.0,0.0,0.0,0.0,0.0,0.0,0.0,0.0,0.0,0.0,0.0,0.0,0.0,0.0,0.0,0.0,0.0,0.0,0.0,0.0,0.0,0.0,0.0,0.0,0.0,0.0,0.0,0.0,0.0,0.0,0.0,0.0,0.0,0.0,0.0,0.0,0.0,0.0,0.0,0.0,0.0,0.0,0.0,0.0,0.0,0.0,0.0,0.0,0.0,0.0,0.0,0.0,0.0,0.0,0.0,0.0,0.0,0.0,0.0,0.0,0.0,0.0,0.0,0.0,0.0,0.0,0.0,0.0,0.0,
0.0,0.0,-0.168,-0.141,-0.108,-0.117,-0.091,-0.127,-0.08,-0.126,-0.023,-0.059,-0.015,-0.057,-0.015,-0.057,-0.015,-0.057,-0.015,-0.057,-0.015,-0.057,-0.015,-0.057,-0.015,-0.057,-0.015,-0.057,-0.015,-0.057,-0.015,-0.057,-0.015,-0.057,-0.015,-0.057,-0.015,-0.057,-0.015,-0.057,-0.015,-0.057,-0.015,-0.057,-0.015,-0.057,-0.015,-0.057,-0.015,-0.057,-0.015,-0.057,-0.015,-0.057,-0.015,-0.057,-0.015,-0.057,-0.015,-0.057,-0.015,-0.057,-0.015,-0.057,-0.015,-0.057,-0.015,-0.057,-0.015,-0.057,-0.015,-0.057,-0.015,-0.057,-0.015,-0.057,-0.015,-0.057,-0.015,-0.057,-0.015,-0.057,-0.015,-0.057,-0.015,-0.057,-0.015,-0.057,-0.015,-0.057,-0.015,-0.057,-0.015,-0.057,-0.015,-0.057,-0.015,-0.057,-0.015,-0.057,
0.0,0.0,0.0,-0.054,0.029,-0.035,-0.037,-0.038,-0.038,-0.038,-0.038,-0.038,-0.038,-0.038,-0.038,-0.038,-0.038,-0.038,-0.038,-0.038,-0.038,-0.038,-0.038,-0.038,-0.038,-0.038,-0.038,-0.038,-0.038,-0.038,-0.038,-0.038,-0.038,-0.038,-0.038,-0.038,-0.038,-0.038,-0.038,-0.038,-0.038,-0.038,-0.038,-0.038,-0.038,-0.038,-0.038,-0.038,-0.038,-0.038,-0.038,-0.038,-0.038,-0.038,-0.038,-0.038,-0.038,-0.038,-0.038,-0.038,-0.038,-0.038,-0.038,-0.038,-0.038,-0.038,-0.038,-0.038,-0.038,-0.038,-0.038,-0.038,-0.038,-0.038,-0.038,-0.038,-0.038,-0.038,-0.038,-0.038,-0.038,-0.038,-0.038,-0.038,-0.038,-0.038,-0.038,-0.038,-0.038,-0.038,-0.038,-0.038,-0.038,-0.038,-0.038,-0.038,-0.038,-0.038,-0.038,-0.038,
0.0,0.0,0.0,0.0,0.0,0.0,0.0,0.0,0.0,0.0,0.0,0.0,0.0,0.0,0.0,0.0,0.0,0.0,0.0,0.0,0.0,0.0,0.0,0.0,0.0,0.0,0.0,0.0,0.0,0.0,0.0,0.0,0.0,0.0,0.0,0.0,0.0,0.0,0.0,0.0,0.0,0.0,0.0,0.0,0.0,0.0,0.0,0.0,0.0,0.0,0.0,0.0,0.0,0.0,0.0,0.0,0.0,0.0,0.0,0.0,0.0,0.0,0.0,0.0,0.0,0.0,0.0,0.0,0.0,0.0,0.0,0.0,0.0,0.0,0.0,0.0,0.0,0.0,0.0,0.0,0.0,0.0,0.0,0.0,0.0,0.0,0.0,0.0,0.0,0.0,0.0,0.0,0.0,0.0,0.0,0.0,0.0,0.0,0.0,0.0,
0.0,0.0,-0.003,-0.015,-0.022,-0.028,-0.03,-0.025,-0.024,-0.025,-0.028,-0.03,-0.025,-0.024,-0.025,-0.028,-0.03,-0.025,-0.024,-0.025,-0.028,-0.03,-0.025,-0.024,-0.025,-0.028,-0.03,-0.025,-0.024,-0.025,-0.028,-0.03,-0.025,-0.024,-0.025,-0.028,-0.03,-0.025,-0.024,-0.025,-0.028,-0.03,-0.025,-0.024,-0.025,-0.028,-0.03,-0.025,-0.024,-0.025,-0.028,-0.03,-0.025,-0.024,-0.025,-0.028,-0.03,-0.025,-0.024,-0.025,-0.028,-0.03,-0.025,-0.024,-0.025,-0.028,-0.03,-0.025,-0.024,-0.025,-0.028,-0.03,-0.025,-0.024,-0.025,-0.028,-0.03,-0.025,-0.024,-0.025,-0.028,-0.03,-0.025,-0.024,-0.025,-0.028,-0.03,-0.025,-0.024,-0.025,-0.028,-0.03,-0.025,-0.024,-0.025,-0.028,-0.03,-0.025,-0.024,-0.025,
0.0,0.0,-0.11,-0.086,-0.139,-0.114,-0.139,-0.112,-0.139,-0.112,-0.139,-0.112,-0.139,-0.112,-0.139,-0.112,-0.139,-0.112,-0.139,-0.112,-0.139,-0.112,-0.139,-0.112,-0.139,-0.112,-0.139,-0.112,-0.139,-0.112,-0.139,-0.112,-0.139,-0.112,-0.139,-0.112,-0.139,-0.112,-0.139,-0.112,-0.139,-0.112,-0.139,-0.112,-0.139,-0.112,-0.139,-0.112,-0.139,-0.112,-0.139,-0.112,-0.139,-0.112,-0.139,-0.112,-0.139,-0.112,-0.139,-0.112,-0.139,-0.112,-0.139,-0.112,-0.139,-0.112,-0.139,-0.112,-0.139,-0.112,-0.139,-0.112,-0.139,-0.112,-0.139,-0.112,-0.139,-0.112,-0.139,-0.112,-0.139,-0.112,-0.139,-0.112,-0.139,-0.112,-0.139,-0.112,-0.139,-0.112,-0.139,-0.112,-0.139,-0.112,-0.139,-0.112,-0.139,-0.112,-0.139,-0.112,
0.0,0.0,0.0,0.0,0.0,0.0,0.0,0.0,0.0,0.0,0.0,0.0,0.0,0.0,0.0,0.0,0.0,0.0,0.0,0.0,0.0,0.0,0.0,0.0,0.0,0.0,0.0,0.0,0.0,0.0,0.0,0.0,0.0,0.0,0.0,0.0,0.0,0.0,0.0,0.0,0.0,0.0,0.0,0.0,0.0,0.0,0.0,0.0,0.0,0.0,0.0,0.0,0.0,0.0,0.0,0.0,0.0,0.0,0.0,0.0,0.0,0.0,0.0,0.0,0.0,0.0,0.0,0.0,0.0,0.0,0.0,0.0,0.0,0.0,0.0,0.0,0.0,0.0,0.0,0.0,0.0,0.0,0.0,0.0,0.0,0.0,0.0,0.0,0.0,0.0,0.0,0.0,0.0,0.0,0.0,0.0,0.0,0.0,0.0,0.0,
0.0,0.0,0.0,0.0,0.0,0.0,0.0,0.0,0.0,0.0,0.0,0.0,0.0,0.0,0.0,0.0,0.0,0.0,0.0,0.0,0.0,0.0,0.0,0.0,0.0,0.0,0.0,0.0,0.0,0.0,0.0,0.0,0.0,0.0,0.0,0.0,0.0,0.0,0.0,0.0,0.0,0.0,0.0,0.0,0.0,0.0,0.0,0.0,0.0,0.0,0.0,0.0,0.0,0.0,0.0,0.0,0.0,0.0,0.0,0.0,0.0,0.0,0.0,0.0,0.0,0.0,0.0,0.0,0.0,0.0,0.0,0.0,0.0,0.0,0.0,0.0,0.0,0.0,0.0,0.0,0.0,0.0,0.0,0.0,0.0,0.0,0.0,0.0,0.0,0.0,0.0,0.0,0.0,0.0,0.0,0.0,0.0,0.0,0.0,0.0,
0.0,0.0,0.0,0.0,0.0,0.0,0.0,0.0,0.0,0.0,0.0,0.0,0.0,0.0,0.0,0.0,0.0,0.0,0.0,0.0,0.0,0.0,0.0,0.0,0.0,0.0,0.0,0.0,0.0,0.0,0.0,0.0,0.0,0.0,0.0,0.0,0.0,0.0,0.0,0.0,0.0,0.0,0.0,0.0,0.0,0.0,0.0,0.0,0.0,0.0,0.0,0.0,0.0,0.0,0.0,0.0,0.0,0.0,0.0,0.0,0.0,0.0,0.0,0.0,0.0,0.0,0.0,0.0,0.0,0.0,0.0,0.0,0.0,0.0,0.0,0.0,0.0,0.0,0.0,0.0,0.0,0.0,0.0,0.0,0.0,0.0,0.0,0.0,0.0,0.0,0.0,0.0,0.0,0.0,0.0,0.0,0.0,0.0,0.0,0.0,
0.0,0.0,0.0,0.0,0.0,0.0,0.0,0.0,0.0,0.0,0.0,0.0,0.0,0.0,0.0,0.0,0.0,0.0,0.0,0.0,0.0,0.0,0.0,0.0,0.0,0.0,0.0,0.0,0.0,0.0,0.0,0.0,0.0,0.0,0.0,0.0,0.0,0.0,0.0,0.0,0.0,0.0,0.0,0.0,0.0,0.0,0.0,0.0,0.0,0.0,0.0,0.0,0.0,0.0,0.0,0.0,0.0,0.0,0.0,0.0,0.0,0.0,0.0,0.0,0.0,0.0,0.0,0.0,0.0,0.0,0.0,0.0,0.0,0.0,0.0,0.0,0.0,0.0,0.0,0.0,0.0,0.0,0.0,0.0,0.0,0.0,0.0,0.0,0.0,0.0,0.0,0.0,0.0,0.0,0.0,0.0,0.0,0.0,0.0,0.0,
0.0,0.0,0.0,0.0,0.0,0.0,0.0,0.0,0.0,0.0,0.0,0.0,0.0,0.0,0.0,0.0,0.0,0.0,0.0,0.0,0.0,0.0,0.0,0.0,0.0,0.0,0.0,0.0,0.0,0.0,0.0,0.0,0.0,0.0,0.0,0.0,0.0,0.0,0.0,0.0,0.0,0.0,0.0,0.0,0.0,0.0,0.0,0.0,0.0,0.0,0.0,0.0,0.0,0.0,0.0,0.0,0.0,0.0,0.0,0.0,0.0,0.0,0.0,0.0,0.0,0.0,0.0,0.0,0.0,0.0,0.0,0.0,0.0,0.0,0.0,0.0,0.0,0.0,0.0,0.0,0.0,0.0,0.0,0.0,0.0,0.0,0.0,0.0,0.0,0.0,0.0,0.0,0.0,0.0,0.0,0.0,0.0,0.0,0.0,0.0,
0.0,0.0,0.0,0.0,0.0,0.0,0.0,0.0,0.0,0.0,0.0,0.0,0.0,0.0,0.0,0.0,0.0,0.0,0.0,0.0,0.0,0.0,0.0,0.0,0.0,0.0,0.0,0.0,0.0,0.0,0.0,0.0,0.0,0.0,0.0,0.0,0.0,0.0,0.0,0.0,0.0,0.0,0.0,0.0,0.0,0.0,0.0,0.0,0.0,0.0,0.0,0.0,0.0,0.0,0.0,0.0,0.0,0.0,0.0,0.0,0.0,0.0,0.0,0.0,0.0,0.0,0.0,0.0,0.0,0.0,0.0,0.0,0.0,0.0,0.0,0.0,0.0,0.0,0.0,0.0,0.0,0.0,0.0,0.0,0.0,0.0,0.0,0.0,0.0,0.0,0.0,0.0,0.0,0.0,0.0,0.0,0.0,0.0,0.0,0.0,
0.0,0.0,-0.077,-0.145,-0.148,-0.146,-0.126,-0.143,-0.128,-0.143,-0.128,-0.143,-0.128,-0.143,-0.128,-0.143,-0.128,-0.143,-0.128,-0.143,-0.128,-0.143,-0.128,-0.143,-0.128,-0.143,-0.128,-0.143,-0.128,-0.143,-0.128,-0.143,-0.128,-0.143,-0.128,-0.143,-0.128,-0.143,-0.128,-0.143,-0.128,-0.143,-0.128,-0.143,-0.128,-0.143,-0.128,-0.143,-0.128,-0.143,-0.128,-0.143,-0.128,-0.143,-0.128,-0.143,-0.128,-0.143,-0.128,-0.143,-0.128,-0.143,-0.128,-0.143,-0.128,-0.143,-0.128,-0.143,-0.128,-0.143,-0.128,-0.143,-0.128,-0.143,-0.128,-0.143,-0.128,-0.143,-0.128,-0.143,-0.128,-0.143,-0.128,-0.143,-0.128,-0.143,-0.128,-0.143,-0.128,-0.143,-0.128,-0.143,-0.128,-0.143,-0.128,-0.143,-0.128,-0.143,-0.128,-0.143,
0.0,0.0,-0.008,-0.071,-0.042,-0.029,-0.029,-0.027,-0.027,-0.027,-0.027,-0.027,-0.027,-0.027,-0.027,-0.027,-0.027,-0.027,-0.027,-0.027,-0.027,-0.027,-0.027,-0.027,-0.027,-0.027,-0.027,-0.027,-0.027,-0.027,-0.027,-0.027,-0.027,-0.027,-0.027,-0.027,-0.027,-0.027,-0.027,-0.027,-0.027,-0.027,-0.027,-0.027,-0.027,-0.027,-0.027,-0.027,-0.027,-0.027,-0.027,-0.027,-0.027,-0.027,-0.027,-0.027,-0.027,-0.027,-0.027,-0.027,-0.027,-0.027,-0.027,-0.027,-0.027,-0.027,-0.027,-0.027,-0.027,-0.027,-0.027,-0.027,-0.027,-0.027,-0.027,-0.027,-0.027,-0.027,-0.027,-0.027,-0.027,-0.027,-0.027,-0.027,-0.027,-0.027,-0.027,-0.027,-0.027,-0.027,-0.027,-0.027,-0.027,-0.027,-0.027,-0.027,-0.027,-0.027,-0.027,-0.027,
0.0,0.0,0.0,0.0,0.0,0.0,0.0,0.0,0.0,0.0,0.0,0.0,0.0,0.0,0.0,0.0,0.0,0.0,0.0,0.0,0.0,0.0,0.0,0.0,0.0,0.0,0.0,0.0,0.0,0.0,0.0,0.0,0.0,0.0,0.0,0.0,0.0,0.0,0.0,0.0,0.0,0.0,0.0,0.0,0.0,0.0,0.0,0.0,0.0,0.0,0.0,0.0,0.0,0.0,0.0,0.0,0.0,0.0,0.0,0.0,0.0,0.0,0.0,0.0,0.0,0.0,0.0,0.0,0.0,0.0,0.0,0.0,0.0,0.0,0.0,0.0,0.0,0.0,0.0,0.0,0.0,0.0,0.0,0.0,0.0,0.0,0.0,0.0,0.0,0.0,0.0,0.0,0.0,0.0,0.0,0.0,0.0,0.0,0.0,0.0,
0.0,0.0,0.0,0.0,0.0,0.0,0.0,0.0,0.0,0.0,0.0,0.0,0.0,0.0,0.0,0.0,0.0,0.0,0.0,0.0,0.0,0.0,0.0,0.0,0.0,0.0,0.0,0.0,0.0,0.0,0.0,0.0,0.0,0.0,0.0,0.0,0.0,0.0,0.0,0.0,0.0,0.0,0.0,0.0,0.0,0.0,0.0,0.0,0.0,0.0,0.0,0.0,0.0,0.0,0.0,0.0,0.0,0.0,0.0,0.0,0.0,0.0,0.0,0.0,0.0,0.0,0.0,0.0,0.0,0.0,0.0,0.0,0.0,0.0,0.0,0.0,0.0,0.0,0.0,0.0,0.0,0.0,0.0,0.0,0.0,0.0,0.0,0.0,0.0,0.0,0.0,0.0,0.0,0.0,0.0,0.0,0.0,0.0,0.0,0.0,
0.0,0.0,0.0,0.0,0.0,0.0,0.0,0.0,0.0,0.0,0.0,0.0,0.0,0.0,0.0,0.0,0.0,0.0,0.0,0.0,0.0,0.0,0.0,0.0,0.0,0.0,0.0,0.0,0.0,0.0,0.0,0.0,0.0,0.0,0.0,0.0,0.0,0.0,0.0,0.0,0.0,0.0,0.0,0.0,0.0,0.0,0.0,0.0,0.0,0.0,0.0,0.0,0.0,0.0,0.0,0.0,0.0,0.0,0.0,0.0,0.0,0.0,0.0,0.0,0.0,0.0,0.0,0.0,0.0,0.0,0.0,0.0,0.0,0.0,0.0,0.0,0.0,0.0,0.0,0.0,0.0,0.0,0.0,0.0,0.0,0.0,0.0,0.0,0.0,0.0,0.0,0.0,0.0,0.0,0.0,0.0,0.0,0.0,0.0,0.0,
0.0,0.0,0.0,0.0,-0.003,-0.055,0.0,-0.056,0.0,-0.056,0.0,-0.056,0.0,-0.056,0.0,-0.056,0.0,-0.056,0.0,-0.056,0.0,-0.056,0.0,-0.056,0.0,-0.056,0.0,-0.056,0.0,-0.056,0.0,-0.056,0.0,-0.056,0.0,-0.056,0.0,-0.056,0.0,-0.056,0.0,-0.056,0.0,-0.056,0.0,-0.056,0.0,-0.056,0.0,-0.056,0.0,-0.056,0.0,-0.056,0.0,-0.056,0.0,-0.056,0.0,-0.056,0.0,-0.056,0.0,-0.056,0.0,-0.056,0.0,-0.056,0.0,-0.056,0.0,-0.056,0.0,-0.056,0.0,-0.056,0.0,-0.056,0.0,-0.056,0.0,-0.056,0.0,-0.056,0.0,-0.056,0.0,-0.056,0.0,-0.056,0.0,-0.056,0.0,-0.056,0.0,-0.056,0.0,-0.056,0.0,-0.056,
0.0,0.0,0.0,0.0,0.0,0.0,0.0,0.0,0.0,0.0,0.0,0.0,0.0,0.0,0.0,0.0,0.0,0.0,0.0,0.0,0.0,0.0,0.0,0.0,0.0,0.0,0.0,0.0,0.0,0.0,0.0,0.0,0.0,0.0,0.0,0.0,0.0,0.0,0.0,0.0,0.0,0.0,0.0,0.0,0.0,0.0,0.0,0.0,0.0,0.0,0.0,0.0,0.0,0.0,0.0,0.0,0.0,0.0,0.0,0.0,0.0,0.0,0.0,0.0,0.0,0.0,0.0,0.0,0.0,0.0,0.0,0.0,0.0,0.0,0.0,0.0,0.0,0.0,0.0,0.0,0.0,0.0,0.0,0.0,0.0,0.0,0.0,0.0,0.0,0.0,0.0,0.0,0.0,0.0,0.0,0.0,0.0,0.0,0.0,0.0,
0.0,0.0,0.0,0.0,-0.019,-0.007,-0.006,-0.004,-0.022,-0.007,-0.006,-0.004,-0.022,-0.007,-0.006,-0.004,-0.022,-0.007,-0.006,-0.004,-0.022,-0.007,-0.006,-0.004,-0.022,-0.007,-0.006,-0.004,-0.022,-0.007,-0.006,-0.004,-0.022,-0.007,-0.006,-0.004,-0.022,-0.007,-0.006,-0.004,-0.022,-0.007,-0.006,-0.004,-0.022,-0.007,-0.006,-0.004,-0.022,-0.007,-0.006,-0.004,-0.022,-0.007,-0.006,-0.004,-0.022,-0.007,-0.006,-0.004,-0.022,-0.007,-0.006,-0.004,-0.022,-0.007,-0.006,-0.004,-0.022,-0.007,-0.006,-0.004,-0.022,-0.007,-0.006,-0.004,-0.022,-0.007,-0.006,-0.004,-0.022,-0.007,-0.006,-0.004,-0.022,-0.007,-0.006,-0.004,-0.022,-0.007,-0.006,-0.004,-0.022,-0.007,-0.006,-0.004,-0.022,-0.007,-0.006,-0.004,
0.0,0.0,0.0,0.0,0.0,0.0,0.0,0.0,0.0,0.0,0.0,0.0,0.0,0.0,0.0,0.0,0.0,0.0,0.0,0.0,0.0,0.0,0.0,0.0,0.0,0.0,0.0,0.0,0.0,0.0,0.0,0.0,0.0,0.0,0.0,0.0,0.0,0.0,0.0,0.0,0.0,0.0,0.0,0.0,0.0,0.0,0.0,0.0,0.0,0.0,0.0,0.0,0.0,0.0,0.0,0.0,0.0,0.0,0.0,0.0,0.0,0.0,0.0,0.0,0.0,0.0,0.0,0.0,0.0,0.0,0.0,0.0,0.0,0.0,0.0,0.0,0.0,0.0,0.0,0.0,0.0,0.0,0.0,0.0,0.0,0.0,0.0,0.0,0.0,0.0,0.0,0.0,0.0,0.0,0.0,0.0,0.0,0.0,0.0,0.0,
0.0,0.0,0.0,0.0,0.0,0.0,0.0,0.0,0.0,0.0,0.0,0.0,0.0,0.0,0.0,0.0,0.0,0.0,0.0,0.0,0.0,0.0,0.0,0.0,0.0,0.0,0.0,0.0,0.0,0.0,0.0,0.0,0.0,0.0,0.0,0.0,0.0,0.0,0.0,0.0,0.0,0.0,0.0,0.0,0.0,0.0,0.0,0.0,0.0,0.0,0.0,0.0,0.0,0.0,0.0,0.0,0.0,0.0,0.0,0.0,0.0,0.0,0.0,0.0,0.0,0.0,0.0,0.0,0.0,0.0,0.0,0.0,0.0,0.0,0.0,0.0,0.0,0.0,0.0,0.0,0.0,0.0,0.0,0.0,0.0,0.0,0.0,0.0,0.0,0.0,0.0,0.0,0.0,0.0,0.0,0.0,0.0,0.0,0.0,0.0,
0.0,0.0,0.0,0.0,0.0,0.0,0.0,0.0,0.0,0.0,0.0,0.0,0.0,0.0,0.0,0.0,0.0,0.0,0.0,0.0,0.0,0.0,0.0,0.0,0.0,0.0,0.0,0.0,0.0,0.0,0.0,0.0,0.0,0.0,0.0,0.0,0.0,0.0,0.0,0.0,0.0,0.0,0.0,0.0,0.0,0.0,0.0,0.0,0.0,0.0,0.0,0.0,0.0,0.0,0.0,0.0,0.0,0.0,0.0,0.0,0.0,0.0,0.0,0.0,0.0,0.0,0.0,0.0,0.0,0.0,0.0,0.0,0.0,0.0,0.0,0.0,0.0,0.0,0.0,0.0,0.0,0.0,0.0,0.0,0.0,0.0,0.0,0.0,0.0,0.0,0.0,0.0,0.0,0.0,0.0,0.0,0.0,0.0,0.0,0.0,
0.0,0.0,0.0,0.0,0.0,0.0,0.0,0.0,0.0,0.0,0.0,0.0,0.0,0.0,0.0,0.0,0.0,0.0,0.0,0.0,0.0,0.0,0.0,0.0,0.0,0.0,0.0,0.0,0.0,0.0,0.0,0.0,0.0,0.0,0.0,0.0,0.0,0.0,0.0,0.0,0.0,0.0,0.0,0.0,0.0,0.0,0.0,0.0,0.0,0.0,0.0,0.0,0.0,0.0,0.0,0.0,0.0,0.0,0.0,0.0,0.0,0.0,0.0,0.0,0.0,0.0,0.0,0.0,0.0,0.0,0.0,0.0,0.0,0.0,0.0,0.0,0.0,0.0,0.0,0.0,0.0,0.0,0.0,0.0,0.0,0.0,0.0,0.0,0.0,0.0,0.0,0.0,0.0,0.0,0.0,0.0,0.0,0.0,0.0,0.0,
0.0,0.0,0.023,-0.248,-0.182,-0.172,-0.163,-0.168,-0.066,-0.143,-0.16,-0.143,0.006,-0.114,-0.19,-0.169,-0.127,-0.028,-0.09,-0.153,-0.166,-0.066,-0.143,-0.16,-0.143,0.006,-0.114,-0.19,-0.169,-0.127,-0.028,-0.09,-0.153,-0.166,-0.066,-0.143,-0.16,-0.143,0.006,-0.114,-0.19,-0.169,-0.127,-0.028,-0.09,-0.153,-0.166,-0.066,-0.143,-0.16,-0.143,0.006,-0.114,-0.19,-0.169,-0.127,-0.028,-0.09,-0.153,-0.166,-0.066,-0.143,-0.16,-0.143,0.006,-0.114,-0.19,-0.169,-0.127,-0.028,-0.09,-0.153,-0.166,-0.066,-0.143,-0.16,-0.143,0.006,-0.114,-0.19,-0.169,-0.127,-0.028,-0.09,-0.153,-0.166,-0.066,-0.143,-0.16,-0.143,0.006,-0.114,-0.19,-0.169,-0.127,-0.028,-0.09,-0.153,-0.166,-0.066,
0.0,0.0,0.0,0.0,0.0,0.0,0.0,0.0,0.0,0.0,0.0,0.0,0.0,0.0,0.0,0.0,0.0,0.0,0.0,0.0,0.0,0.0,0.0,0.0,0.0,0.0,0.0,0.0,0.0,0.0,0.0,0.0,0.0,0.0,0.0,0.0,0.0,0.0,0.0,0.0,0.0,0.0,0.0,0.0,0.0,0.0,0.0,0.0,0.0,0.0,0.0,0.0,0.0,0.0,0.0,0.0,0.0,0.0,0.0,0.0,0.0,0.0,0.0,0.0,0.0,0.0,0.0,0.0,0.0,0.0,0.0,0.0,0.0,0.0,0.0,0.0,0.0,0.0,0.0,0.0,0.0,0.0,0.0,0.0,0.0,0.0,0.0,0.0,0.0,0.0,0.0,0.0,0.0,0.0,0.0,0.0,0.0,0.0,0.0,0.0,
0.0,0.0,-0.081,-0.095,-0.141,-0.094,-0.085,-0.096,-0.098,-0.104,-0.098,-0.104,-0.098,-0.104,-0.098,-0.104,-0.098,-0.104,-0.098,-0.104,-0.098,-0.104,-0.098,-0.104,-0.098,-0.104,-0.098,-0.104,-0.098,-0.104,-0.098,-0.104,-0.098,-0.104,-0.098,-0.104,-0.098,-0.104,-0.098,-0.104,-0.098,-0.104,-0.098,-0.104,-0.098,-0.104,-0.098,-0.104,-0.098,-0.104,-0.098,-0.104,-0.098,-0.104,-0.098,-0.104,-0.098,-0.104,-0.098,-0.104,-0.098,-0.104,-0.098,-0.104,-0.098,-0.104,-0.098,-0.104,-0.098,-0.104,-0.098,-0.104,-0.098,-0.104,-0.098,-0.104,-0.098,-0.104,-0.098,-0.104,-0.098,-0.104,-0.098,-0.104,-0.098,-0.104,-0.098,-0.104,-0.098,-0.104,-0.098,-0.104,-0.098,-0.104,-0.098,-0.104,-0.098,-0.104,-0.098,-0.104,
0.0,0.0,-0.068,-0.046,-0.086,-0.05,-0.088,-0.05,-0.088,-0.05,-0.088,-0.05,-0.088,-0.05,-0.088,-0.05,-0.088,-0.05,-0.088,-0.05,-0.088,-0.05,-0.088,-0.05,-0.088,-0.05,-0.088,-0.05,-0.088,-0.05,-0.088,-0.05,-0.088,-0.05,-0.088,-0.05,-0.088,-0.05,-0.088,-0.05,-0.088,-0.05,-0.088,-0.05,-0.088,-0.05,-0.088,-0.05,-0.088,-0.05,-0.088,-0.05,-0.088,-0.05,-0.088,-0.05,-0.088,-0.05,-0.088,-0.05,-0.088,-0.05,-0.088,-0.05,-0.088,-0.05,-0.088,-0.05,-0.088,-0.05,-0.088,-0.05,-0.088,-0.05,-0.088,-0.05,-0.088,-0.05,-0.088,-0.05,-0.088,-0.05,-0.088,-0.05,-0.088,-0.05,-0.088,-0.05,-0.088,-0.05,-0.088,-0.05,-0.088,-0.05,-0.088,-0.05,-0.088,-0.05,-0.088,-0.05,
0.0,0.0,0.0,0.0,0.0,0.0,0.0,0.0,0.0,0.0,0.0,0.0,0.0,0.0,0.0,0.0,0.0,0.0,0.0,0.0,0.0,0.0,0.0,0.0,0.0,0.0,0.0,0.0,0.0,0.0,0.0,0.0,0.0,0.0,0.0,0.0,0.0,0.0,0.0,0.0,0.0,0.0,0.0,0.0,0.0,0.0,0.0,0.0,0.0,0.0,0.0,0.0,0.0,0.0,0.0,0.0,0.0,0.0,0.0,0.0,0.0,0.0,0.0,0.0,0.0,0.0,0.0,0.0,0.0,0.0,0.0,0.0,0.0,0.0,0.0,0.0,0.0,0.0,0.0,0.0,0.0,0.0,0.0,0.0,0.0,0.0,0.0,0.0,0.0,0.0,0.0,0.0,0.0,0.0,0.0,0.0,0.0,0.0,0.0,0.0,
0.0,0.0,-0.079,-0.067,-0.06,-0.013,-0.025,-0.062,-0.073,-0.035,-0.01,-0.085,-0.031,-0.07,-0.079,0.031,-0.081,-0.074,-0.031,-0.075,-0.015,-0.041,-0.07,-0.074,-0.035,-0.01,-0.085,-0.031,-0.07,-0.079,0.031,-0.081,-0.074,-0.031,-0.075,-0.015,-0.041,-0.07,-0.074,-0.035,-0.01,-0.085,-0.031,-0.07,-0.079,0.031,-0.081,-0.074,-0.031,-0.075,-0.015,-0.041,-0.07,-0.074,-0.035,-0.01,-0.085,-0.031,-0.07,-0.079,0.031,-0.081,-0.074,-0.031,-0.075,-0.015,-0.041,-0.07,-0.074,-0.035,-0.01,-0.085,-0.031,-0.07,-0.079,0.031,-0.081,-0.074,-0.031,-0.075,-0.015,-0.041,-0.07,-0.074,-0.035,-0.01,-0.085,-0.031,-0.07,-0.079,0.031,-0.081,-0.074,-0.031,-0.075,-0.015,-0.041,-0.07,-0.074,-0.035,
0.0,0.0,0.0,-0.066,-0.069,0.013,-0.035,-0.012,-0.003,-0.105,-0.026,-0.032,-0.008,-0.005,-0.077,-0.023,-0.033,-0.006,-0.006,-0.076,-0.024,-0.032,-0.008,-0.005,-0.077,-0.023,-0.033,-0.006,-0.006,-0.076,-0.024,-0.032,-0.008,-0.005,-0.077,-0.023,-0.033,-0.006,-0.006,-0.076,-0.024,-0.032,-0.008,-0.005,-0.077,-0.023,-0.033,-0.006,-0.006,-0.076,-0.024,-0.032,-0.008,-0.005,-0.077,-0.023,-0.033,-0.006,-0.006,-0.076,-0.024,-0.032,-0.008,-0.005,-0.077,-0.023,-0.033,-0.006,-0.006,-0.076,-0.024,-0.032,-0.008,-0.005,-0.077,-0.023,-0.033,-0.006,-0.006,-0.076,-0.024,-0.032,-0.008,-0.005,-0.077,-0.023,-0.033,-0.006,-0.006,-0.076,-0.024,-0.032,-0.008,-0.005,-0.077,-0.023,-0.033,-0.006,-0.006,-0.076,
0.0,0.0,0.0,0.0,0.0,0.0,0.0,0.0,0.0,0.0,0.0,0.0,0.0,0.0,0.0,0.0,0.0,0.0,0.0,0.0,0.0,0.0,0.0,0.0,0.0,0.0,0.0,0.0,0.0,0.0,0.0,0.0,0.0,0.0,0.0,0.0,0.0,0.0,0.0,0.0,0.0,0.0,0.0,0.0,0.0,0.0,0.0,0.0,0.0,0.0,0.0,0.0,0.0,0.0,0.0,0.0,0.0,0.0,0.0,0.0,0.0,0.0,0.0,0.0,0.0,0.0,0.0,0.0,0.0,0.0,0.0,0.0,0.0,0.0,0.0,0.0,0.0,0.0,0.0,0.0,0.0,0.0,0.0,0.0,0.0,0.0,0.0,0.0,0.0,0.0,0.0,0.0,0.0,0.0,0.0,0.0,0.0,0.0,0.0,0.0,
0.0,0.0,-0.113,-0.058,-0.104,-0.063,-0.096,-0.062,-0.105,-0.054,-0.101,-0.063,-0.103,-0.066,-0.104,-0.055,-0.104,-0.062,-0.098,-0.062,-0.101,-0.055,-0.111,-0.066,-0.096,-0.063,-0.104,-0.054,-0.105,-0.062,-0.093,-0.063,-0.111,-0.058,-0.104,-0.063,-0.096,-0.062,-0.105,-0.054,-0.101,-0.063,-0.103,-0.066,-0.104,-0.055,-0.104,-0.062,-0.098,-0.062,-0.101,-0.055,-0.111,-0.066,-0.096,-0.063,-0.104,-0.054,-0.105,-0.062,-0.093,-0.063,-0.111,-0.058,-0.104,-0.063,-0.096,-0.062,-0.105,-0.054,-0.101,-0.063,-0.103,-0.066,-0.104,-0.055,-0.104,-0.062,-0.098,-0.062,-0.101,-0.055,-0.111,-0.066,-0.096,-0.063,-0.104,-0.054,-0.105,-0.062,-0.093,-0.063,-0.111,-0.058,-0.104,-0.063,-0.096,-0.062,-0.105,-0.054,
0.0,0.0,0.0,0.0,0.0,0.0,0.0,0.0,0.0,0.0,0.0,0.0,0.0,0.0,0.0,0.0,0.0,0.0,0.0,0.0,0.0,0.0,0.0,0.0,0.0,0.0,0.0,0.0,0.0,0.0,0.0,0.0,0.0,0.0,0.0,0.0,0.0,0.0,0.0,0.0,0.0,0.0,0.0,0.0,0.0,0.0,0.0,0.0,0.0,0.0,0.0,0.0,0.0,0.0,0.0,0.0,0.0,0.0,0.0,0.0,0.0,0.0,0.0,0.0,0.0,0.0,0.0,0.0,0.0,0.0,0.0,0.0,0.0,0.0,0.0,0.0,0.0,0.0,0.0,0.0,0.0,0.0,0.0,0.0,0.0,0.0,0.0,0.0,0.0,0.0,0.0,0.0,0.0,0.0,0.0,0.0,0.0,0.0,0.0,0.0,
0.0,0.0,0.0,0.0,0.0,0.0,0.0,0.0,0.0,0.0,0.0,0.0,0.0,0.0,0.0,0.0,0.0,0.0,0.0,0.0,0.0,0.0,0.0,0.0,0.0,0.0,0.0,0.0,0.0,0.0,0.0,0.0,0.0,0.0,0.0,0.0,0.0,0.0,0.0,0.0,0.0,0.0,0.0,0.0,0.0,0.0,0.0,0.0,0.0,0.0,0.0,0.0,0.0,0.0,0.0,0.0,0.0,0.0,0.0,0.0,0.0,0.0,0.0,0.0,0.0,0.0,0.0,0.0,0.0,0.0,0.0,0.0,0.0,0.0,0.0,0.0,0.0,0.0,0.0,0.0,0.0,0.0,0.0,0.0,0.0,0.0,0.0,0.0,0.0,0.0,0.0,0.0,0.0,0.0,0.0,0.0,0.0,0.0,0.0,0.0,
0.0,0.0,0.0,0.0,0.0,0.0,0.0,0.0,0.0,0.0,0.0,0.0,0.0,0.0,0.0,0.0,0.0,0.0,0.0,0.0,0.0,0.0,0.0,0.0,0.0,0.0,0.0,0.0,0.0,0.0,0.0,0.0,0.0,0.0,0.0,0.0,0.0,0.0,0.0,0.0,0.0,0.0,0.0,0.0,0.0,0.0,0.0,0.0,0.0,0.0,0.0,0.0,0.0,0.0,0.0,0.0,0.0,0.0,0.0,0.0,0.0,0.0,0.0,0.0,0.0,0.0,0.0,0.0,0.0,0.0,0.0,0.0,0.0,0.0,0.0,0.0,0.0,0.0,0.0,0.0,0.0,0.0,0.0,0.0,0.0,0.0,0.0,0.0,0.0,0.0,0.0,0.0,0.0,0.0,0.0,0.0,0.0,0.0,0.0,0.0,
0.0,0.0,-0.072,-0.11,-0.114,-0.137,-0.12,-0.138,-0.12,-0.138,-0.12,-0.138,-0.12,-0.138,-0.12,-0.138,-0.12,-0.138,-0.12,-0.138,-0.12,-0.138,-0.12,-0.138,-0.12,-0.138,-0.12,-0.138,-0.12,-0.138,-0.12,-0.138,-0.12,-0.138,-0.12,-0.138,-0.12,-0.138,-0.12,-0.138,-0.12,-0.138,-0.12,-0.138,-0.12,-0.138,-0.12,-0.138,-0.12,-0.138,-0.12,-0.138,-0.12,-0.138,-0.12,-0.138,-0.12,-0.138,-0.12,-0.138,-0.12,-0.138,-0.12,-0.138,-0.12,-0.138,-0.12,-0.138,-0.12,-0.138,-0.12,-0.138,-0.12,-0.138,-0.12,-0.138,-0.12,-0.138,-0.12,-0.138,-0.12,-0.138,-0.12,-0.138,-0.12,-0.138,-0.12,-0.138,-0.12,-0.138,-0.12,-0.138,-0.12,-0.138,-0.12,-0.138,-0.12,-0.138,-0.12,-0.138,
0.0,0.0,0.0,0.0,0.0,0.0,0.0,0.0,0.0,0.0,0.0,0.0,0.0,0.0,0.0,0.0,0.0,0.0,0.0,0.0,0.0,0.0,0.0,0.0,0.0,0.0,0.0,0.0,0.0,0.0,0.0,0.0,0.0,0.0,0.0,0.0,0.0,0.0,0.0,0.0,0.0,0.0,0.0,0.0,0.0,0.0,0.0,0.0,0.0,0.0,0.0,0.0,0.0,0.0,0.0,0.0,0.0,0.0,0.0,0.0,0.0,0.0,0.0,0.0,0.0,0.0,0.0,0.0,0.0,0.0,0.0,0.0,0.0,0.0,0.0,0.0,0.0,0.0,0.0,0.0,0.0,0.0,0.0,0.0,0.0,0.0,0.0,0.0,0.0,0.0,0.0,0.0,0.0,0.0,0.0,0.0,0.0,0.0,0.0,0.0,
0.0,0.0,0.0,0.0,0.0,0.0,0.0,0.0,0.0,0.0,0.0,0.0,0.0,0.0,0.0,0.0,0.0,0.0,0.0,0.0,0.0,0.0,0.0,0.0,0.0,0.0,0.0,0.0,0.0,0.0,0.0,0.0,0.0,0.0,0.0,0.0,0.0,0.0,0.0,0.0,0.0,0.0,0.0,0.0,0.0,0.0,0.0,0.0,0.0,0.0,0.0,0.0,0.0,0.0,0.0,0.0,0.0,0.0,0.0,0.0,0.0,0.0,0.0,0.0,0.0,0.0,0.0,0.0,0.0,0.0,0.0,0.0,0.0,0.0,0.0,0.0,0.0,0.0,0.0,0.0,0.0,0.0,0.0,0.0,0.0,0.0,0.0,0.0,0.0,0.0,0.0,0.0,0.0,0.0,0.0,0.0,0.0,0.0,0.0,0.0,
0.0,0.0,-0.041,-0.101,-0.064,-0.061,-0.038,-0.056,-0.038,-0.056,-0.038,-0.056,-0.038,-0.056,-0.038,-0.056,-0.038,-0.056,-0.038,-0.056,-0.038,-0.056,-0.038,-0.056,-0.038,-0.056,-0.038,-0.056,-0.038,-0.056,-0.038,-0.056,-0.038,-0.056,-0.038,-0.056,-0.038,-0.056,-0.038,-0.056,-0.038,-0.056,-0.038,-0.056,-0.038,-0.056,-0.038,-0.056,-0.038,-0.056,-0.038,-0.056,-0.038,-0.056,-0.038,-0.056,-0.038,-0.056,-0.038,-0.056,-0.038,-0.056,-0.038,-0.056,-0.038,-0.056,-0.038,-0.056,-0.038,-0.056,-0.038,-0.056,-0.038,-0.056,-0.038,-0.056,-0.038,-0.056,-0.038,-0.056,-0.038,-0.056,-0.038,-0.056,-0.038,-0.056,-0.038,-0.056,-0.038,-0.056,-0.038,-0.056,-0.038,-0.056,-0.038,-0.056,-0.038,-0.056,-0.038,-0.056,
0.0,0.0,0.0,0.0,0.0,0.0,0.0,0.0,0.0,0.0,0.0,0.0,0.0,0.0,0.0,0.0,0.0,0.0,0.0,0.0,0.0,0.0,0.0,0.0,0.0,0.0,0.0,0.0,0.0,0.0,0.0,0.0,0.0,0.0,0.0,0.0,0.0,0.0,0.0,0.0,0.0,0.0,0.0,0.0,0.0,0.0,0.0,0.0,0.0,0.0,0.0,0.0,0.0,0.0,0.0,0.0,0.0,0.0,0.0,0.0,0.0,0.0,0.0,0.0,0.0,0.0,0.0,0.0,0.0,0.0,0.0,0.0,0.0,0.0,0.0,0.0,0.0,0.0,0.0,0.0,0.0,0.0,0.0,0.0,0.0,0.0,0.0,0.0,0.0,0.0,0.0,0.0,0.0,0.0,0.0,0.0,0.0,0.0,0.0,0.0,
0.0,0.0,0.0,0.0,-0.039,-0.014,-0.051,-0.021,-0.052,-0.014,-0.051,-0.021,-0.052,-0.014,-0.051,-0.021,-0.052,-0.014,-0.051,-0.021,-0.052,-0.014,-0.051,-0.021,-0.052,-0.014,-0.051,-0.021,-0.052,-0.014,-0.051,-0.021,-0.052,-0.014,-0.051,-0.021,-0.052,-0.014,-0.051,-0.021,-0.052,-0.014,-0.051,-0.021,-0.052,-0.014,-0.051,-0.021,-0.052,-0.014,-0.051,-0.021,-0.052,-0.014,-0.051,-0.021,-0.052,-0.014,-0.051,-0.021,-0.052,-0.014,-0.051,-0.021,-0.052,-0.014,-0.051,-0.021,-0.052,-0.014,-0.051,-0.021,-0.052,-0.014,-0.051,-0.021,-0.052,-0.014,-0.051,-0.021,-0.052,-0.014,-0.051,-0.021,-0.052,-0.014,-0.051,-0.021,-0.052,-0.014,-0.051,-0.021,-0.052,-0.014,-0.051,-0.021,-0.052,-0.014,-0.051,-0.021,
0.0,0.0,0.0,0.0,0.0,0.0,0.0,0.0,0.0,0.0,0.0,0.0,0.0,0.0,0.0,0.0,0.0,0.0,0.0,0.0,0.0,0.0,0.0,0.0,0.0,0.0,0.0,0.0,0.0,0.0,0.0,0.0,0.0,0.0,0.0,0.0,0.0,0.0,0.0,0.0,0.0,0.0,0.0,0.0,0.0,0.0,0.0,0.0,0.0,0.0,0.0,0.0,0.0,0.0,0.0,0.0,0.0,0.0,0.0,0.0,0.0,0.0,0.0,0.0,0.0,0.0,0.0,0.0,0.0,0.0,0.0,0.0,0.0,0.0,0.0,0.0,0.0,0.0,0.0,0.0,0.0,0.0,0.0,0.0,0.0,0.0,0.0,0.0,0.0,0.0,0.0,0.0,0.0,0.0,0.0,0.0,0.0,0.0,0.0,0.0,
0.0,0.0,0.0,0.0,0.0,0.0,0.0,0.0,0.0,0.0,0.0,0.0,0.0,0.0,0.0,0.0,0.0,0.0,0.0,0.0,0.0,0.0,0.0,0.0,0.0,0.0,0.0,0.0,0.0,0.0,0.0,0.0,0.0,0.0,0.0,0.0,0.0,0.0,0.0,0.0,0.0,0.0,0.0,0.0,0.0,0.0,0.0,0.0,0.0,0.0,0.0,0.0,0.0,0.0,0.0,0.0,0.0,0.0,0.0,0.0,0.0,0.0,0.0,0.0,0.0,0.0,0.0,0.0,0.0,0.0,0.0,0.0,0.0,0.0,0.0,0.0,0.0,0.0,0.0,0.0,0.0,0.0,0.0,0.0,0.0,0.0,0.0,0.0,0.0,0.0,0.0,0.0,0.0,0.0,0.0,0.0,0.0,0.0,0.0,0.0,
0.0,0.0,0.0,0.0,0.0,0.0,0.0,0.0,0.0,0.0,0.0,0.0,0.0,0.0,0.0,0.0,0.0,0.0,0.0,0.0,0.0,0.0,0.0,0.0,0.0,0.0,0.0,0.0,0.0,0.0,0.0,0.0,0.0,0.0,0.0,0.0,0.0,0.0,0.0,0.0,0.0,0.0,0.0,0.0,0.0,0.0,0.0,0.0,0.0,0.0,0.0,0.0,0.0,0.0,0.0,0.0,0.0,0.0,0.0,0.0,0.0,0.0,0.0,0.0,0.0,0.0,0.0,0.0,0.0,0.0,0.0,0.0,0.0,0.0,0.0,0.0,0.0,0.0,0.0,0.0,0.0,0.0,0.0,0.0,0.0,0.0,0.0,0.0,0.0,0.0,0.0,0.0,0.0,0.0,0.0,0.0,0.0,0.0,0.0,0.0,
0.0,0.0,0.0,0.0,0.0,0.0,0.0,0.0,0.0,0.0,0.0,0.0,0.0,0.0,0.0,0.0,0.0,0.0,0.0,0.0,0.0,0.0,0.0,0.0,0.0,0.0,0.0,0.0,0.0,0.0,0.0,0.0,0.0,0.0,0.0,0.0,0.0,0.0,0.0,0.0,0.0,0.0,0.0,0.0,0.0,0.0,0.0,0.0,0.0,0.0,0.0,0.0,0.0,0.0,0.0,0.0,0.0,0.0,0.0,0.0,0.0,0.0,0.0,0.0,0.0,0.0,0.0,0.0,0.0,0.0,0.0,0.0,0.0,0.0,0.0,0.0,0.0,0.0,0.0,0.0,0.0,0.0,0.0,0.0,0.0,0.0,0.0,0.0,0.0,0.0,0.0,0.0,0.0,0.0,0.0,0.0,0.0,0.0,0.0,0.0,
0.0,0.0,0.0,0.0,-0.087,-0.104,-0.099,-0.062,-0.043,-0.061,-0.084,-0.033,-0.093,-0.03,-0.069,-0.086,-0.032,-0.096,-0.029,-0.068,-0.088,-0.03,-0.094,-0.032,-0.067,-0.087,-0.033,-0.093,-0.03,-0.069,-0.086,-0.032,-0.096,-0.029,-0.068,-0.088,-0.03,-0.094,-0.032,-0.067,-0.087,-0.033,-0.093,-0.03,-0.069,-0.086,-0.032,-0.096,-0.029,-0.068,-0.088,-0.03,-0.094,-0.032,-0.067,-0.087,-0.033,-0.093,-0.03,-0.069,-0.086,-0.032,-0.096,-0.029,-0.068,-0.088,-0.03,-0.094,-0.032,-0.067,-0.087,-0.033,-0.093,-0.03,-0.069,-0.086,-0.032,-0.096,-0.029,-0.068,-0.088,-0.03,-0.094,-0.032,-0.067,-0.087,-0.033,-0.093,-0.03,-0.069,-0.086,-0.032,-0.096,-0.029,-0.068,-0.088,-0.03,-0.094,-0.032,-0.067,
0.0,0.0,0.0,0.0,0.0,0.0,0.0,0.0,0.0,0.0,0.0,0.0,0.0,0.0,0.0,0.0,0.0,0.0,0.0,0.0,0.0,0.0,0.0,0.0,0.0,0.0,0.0,0.0,0.0,0.0,0.0,0.0,0.0,0.0,0.0,0.0,0.0,0.0,0.0,0.0,0.0,0.0,0.0,0.0,0.0,0.0,0.0,0.0,0.0,0.0,0.0,0.0,0.0,0.0,0.0,0.0,0.0,0.0,0.0,0.0,0.0,0.0,0.0,0.0,0.0,0.0,0.0,0.0,0.0,0.0,0.0,0.0,0.0,0.0,0.0,0.0,0.0,0.0,0.0,0.0,0.0,0.0,0.0,0.0,0.0,0.0,0.0,0.0,0.0,0.0,0.0,0.0,0.0,0.0,0.0,0.0,0.0,0.0,0.0,0.0,
0.0,0.0,0.0,0.0,0.0,0.0,0.0,0.0,0.0,0.0,0.0,0.0,0.0,0.0,0.0,0.0,0.0,0.0,0.0,0.0,0.0,0.0,0.0,0.0,0.0,0.0,0.0,0.0,0.0,0.0,0.0,0.0,0.0,0.0,0.0,0.0,0.0,0.0,0.0,0.0,0.0,0.0,0.0,0.0,0.0,0.0,0.0,0.0,0.0,0.0,0.0,0.0,0.0,0.0,0.0,0.0,0.0,0.0,0.0,0.0,0.0,0.0,0.0,0.0,0.0,0.0,0.0,0.0,0.0,0.0,0.0,0.0,0.0,0.0,0.0,0.0,0.0,0.0,0.0,0.0,0.0,0.0,0.0,0.0,0.0,0.0,0.0,0.0,0.0,0.0,0.0,0.0,0.0,0.0,0.0,0.0,0.0,0.0,0.0,0.0,
0.0,0.0,-0.146,-0.083,-0.184,-0.204,-0.219,-0.208,-0.219,-0.207,-0.214,-0.208,-0.219,-0.207,-0.214,-0.208,-0.219,-0.207,-0.214,-0.208,-0.219,-0.207,-0.214,-0.208,-0.219,-0.207,-0.214,-0.208,-0.219,-0.207,-0.214,-0.208,-0.219,-0.207,-0.214,-0.208,-0.219,-0.207,-0.214,-0.208,-0.219,-0.207,-0.214,-0.208,-0.219,-0.207,-0.214,-0.208,-0.219,-0.207,-0.214,-0.208,-0.219,-0.207,-0.214,-0.208,-0.219,-0.207,-0.214,-0.208,-0.219,-0.207,-0.214,-0.208,-0.219,-0.207,-0.214,-0.208,-0.219,-0.207,-0.214,-0.208,-0.219,-0.207,-0.214,-0.208,-0.219,-0.207,-0.214,-0.208,-0.219,-0.207,-0.214,-0.208,-0.219,-0.207,-0.214,-0.208,-0.219,-0.207,-0.214,-0.208,-0.219,-0.207,-0.214,-0.208,-0.219,-0.207,-0.214,-0.208,
0.0,0.0,0.0,0.0,0.0,0.0,0.0,0.0,0.0,0.0,0.0,0.0,0.0,0.0,0.0,0.0,0.0,0.0,0.0,0.0,0.0,0.0,0.0,0.0,0.0,0.0,0.0,0.0,0.0,0.0,0.0,0.0,0.0,0.0,0.0,0.0,0.0,0.0,0.0,0.0,0.0,0.0,0.0,0.0,0.0,0.0,0.0,0.0,0.0,0.0,0.0,0.0,0.0,0.0,0.0,0.0,0.0,0.0,0.0,0.0,0.0,0.0,0.0,0.0,0.0,0.0,0.0,0.0,0.0,0.0,0.0,0.0,0.0,0.0,0.0,0.0,0.0,0.0,0.0,0.0,0.0,0.0,0.0,0.0,0.0,0.0,0.0,0.0,0.0,0.0,0.0,0.0,0.0,0.0,0.0,0.0,0.0,0.0,0.0,0.0,
0.0,0.0,0.0,0.0,0.0,0.0,0.0,0.0,0.0,0.0,0.0,0.0,0.0,0.0,0.0,0.0,0.0,0.0,0.0,0.0,0.0,0.0,0.0,0.0,0.0,0.0,0.0,0.0,0.0,0.0,0.0,0.0,0.0,0.0,0.0,0.0,0.0,0.0,0.0,0.0,0.0,0.0,0.0,0.0,0.0,0.0,0.0,0.0,0.0,0.0,0.0,0.0,0.0,0.0,0.0,0.0,0.0,0.0,0.0,0.0,0.0,0.0,0.0,0.0,0.0,0.0,0.0,0.0,0.0,0.0,0.0,0.0,0.0,0.0,0.0,0.0,0.0,0.0,0.0,0.0,0.0,0.0,0.0,0.0,0.0,0.0,0.0,0.0,0.0,0.0,0.0,0.0,0.0,0.0,0.0,0.0,0.0,0.0,0.0,0.0,
0.0,0.0,0.001,0.003,-0.035,-0.012,0.009,-0.025,-0.029,-0.001,-0.013,-0.022,0.007,-0.031,-0.032,0.019,-0.024,-0.024,0.001,-0.034,-0.012,0.009,-0.025,-0.029,-0.001,-0.013,-0.022,0.007,-0.031,-0.032,0.019,-0.024,-0.024,0.001,-0.034,-0.012,0.009,-0.025,-0.029,-0.001,-0.013,-0.022,0.007,-0.031,-0.032,0.019,-0.024,-0.024,0.001,-0.034,-0.012,0.009,-0.025,-0.029,-0.001,-0.013,-0.022,0.007,-0.031,-0.032,0.019,-0.024,-0.024,0.001,-0.034,-0.012,0.009,-0.025,-0.029,-0.001,-0.013,-0.022,0.007,-0.031,-0.032,0.019,-0.024,-0.024,0.001,-0.034,-0.012,0.009,-0.025,-0.029,-0.001,-0.013,-0.022,0.007,-0.031,-0.032,0.019,-0.024,-0.024,0.001,-0.034,-0.012,0.009,-0.025,-0.029,-0.001,
0.0,0.0,-0.105,-0.121,-0.229,-0.057,-0.156,0.019,-0.13,-0.085,-0.142,-0.184,-0.087,-0.13,-0.012,-0.103,-0.113,-0.115,-0.208,-0.058,-0.156,0.019,-0.13,-0.085,-0.142,-0.184,-0.087,-0.13,-0.012,-0.103,-0.113,-0.115,-0.208,-0.058,-0.156,0.019,-0.13,-0.085,-0.142,-0.184,-0.087,-0.13,-0.012,-0.103,-0.113,-0.115,-0.208,-0.058,-0.156,0.019,-0.13,-0.085,-0.142,-0.184,-0.087,-0.13,-0.012,-0.103,-0.113,-0.115,-0.208,-0.058,-0.156,0.019,-0.13,-0.085,-0.142,-0.184,-0.087,-0.13,-0.012,-0.103,-0.113,-0.115,-0.208,-0.058,-0.156,0.019,-0.13,-0.085,-0.142,-0.184,-0.087,-0.13,-0.012,-0.103,-0.113,-0.115,-0.208,-0.058,-0.156,0.019,-0.13,-0.085,-0.142,-0.184,-0.087,-0.13,-0.012,-0.103,
0.0,0.0,0.0,0.0,0.0,0.0,0.0,0.0,0.0,0.0,0.0,0.0,0.0,0.0,0.0,0.0,0.0,0.0,0.0,0.0,0.0,0.0,0.0,0.0,0.0,0.0,0.0,0.0,0.0,0.0,0.0,0.0,0.0,0.0,0.0,0.0,0.0,0.0,0.0,0.0,0.0,0.0,0.0,0.0,0.0,0.0,0.0,0.0,0.0,0.0,0.0,0.0,0.0,0.0,0.0,0.0,0.0,0.0,0.0,0.0,0.0,0.0,0.0,0.0,0.0,0.0,0.0,0.0,0.0,0.0,0.0,0.0,0.0,0.0,0.0,0.0,0.0,0.0,0.0,0.0,0.0,0.0,0.0,0.0,0.0,0.0,0.0,0.0,0.0,0.0,0.0,0.0,0.0,0.0,0.0,0.0,0.0,0.0,0.0,0.0,
0.0,0.0,0.0,0.0,0.0,0.0,0.0,0.0,0.0,0.0,0.0,0.0,0.0,0.0,0.0,0.0,0.0,0.0,0.0,0.0,0.0,0.0,0.0,0.0,0.0,0.0,0.0,0.0,0.0,0.0,0.0,0.0,0.0,0.0,0.0,0.0,0.0,0.0,0.0,0.0,0.0,0.0,0.0,0.0,0.0,0.0,0.0,0.0,0.0,0.0,0.0,0.0,0.0,0.0,0.0,0.0,0.0,0.0,0.0,0.0,0.0,0.0,0.0,0.0,0.0,0.0,0.0,0.0,0.0,0.0,0.0,0.0,0.0,0.0,0.0,0.0,0.0,0.0,0.0,0.0,0.0,0.0,0.0,0.0,0.0,0.0,0.0,0.0,0.0,0.0,0.0,0.0,0.0,0.0,0.0,0.0,0.0,0.0,0.0,0.0,
0.0,0.0,0.0,0.0,0.0,0.0,0.0,0.0,0.0,0.0,0.0,0.0,0.0,0.0,0.0,0.0,0.0,0.0,0.0,0.0,0.0,0.0,0.0,0.0,0.0,0.0,0.0,0.0,0.0,0.0,0.0,0.0,0.0,0.0,0.0,0.0,0.0,0.0,0.0,0.0,0.0,0.0,0.0,0.0,0.0,0.0,0.0,0.0,0.0,0.0,0.0,0.0,0.0,0.0,0.0,0.0,0.0,0.0,0.0,0.0,0.0,0.0,0.0,0.0,0.0,0.0,0.0,0.0,0.0,0.0,0.0,0.0,0.0,0.0,0.0,0.0,0.0,0.0,0.0,0.0,0.0,0.0,0.0,0.0,0.0,0.0,0.0,0.0,0.0,0.0,0.0,0.0,0.0,0.0,0.0,0.0,0.0,0.0,0.0,0.0,
0.0,0.0,-0.003,-0.024,-0.036,-0.045,-0.048,-0.048,-0.048,-0.048,-0.048,-0.048,-0.048,-0.048,-0.048,-0.048,-0.048,-0.048,-0.048,-0.048,-0.048,-0.048,-0.048,-0.048,-0.048,-0.048,-0.048,-0.048,-0.048,-0.048,-0.048,-0.048,-0.048,-0.048,-0.048,-0.048,-0.048,-0.048,-0.048,-0.048,-0.048,-0.048,-0.048,-0.048,-0.048,-0.048,-0.048,-0.048,-0.048,-0.048,-0.048,-0.048,-0.048,-0.048,-0.048,-0.048,-0.048,-0.048,-0.048,-0.048,-0.048,-0.048,-0.048,-0.048,-0.048,-0.048,-0.048,-0.048,-0.048,-0.048,-0.048,-0.048,-0.048,-0.048,-0.048,-0.048,-0.048,-0.048,-0.048,-0.048,-0.048,-0.048,-0.048,-0.048,-0.048,-0.048,-0.048,-0.048,-0.048,-0.048,-0.048,-0.048,-0.048,-0.048,-0.048,-0.048,-0.048,-0.048,-0.048,-0.048,
0.0,0.0,0.0,0.0,0.0,0.0,0.0,0.0,0.0,0.0,0.0,0.0,0.0,0.0,0.0,0.0,0.0,0.0,0.0,0.0,0.0,0.0,0.0,0.0,0.0,0.0,0.0,0.0,0.0,0.0,0.0,0.0,0.0,0.0,0.0,0.0,0.0,0.0,0.0,0.0,0.0,0.0,0.0,0.0,0.0,0.0,0.0,0.0,0.0,0.0,0.0,0.0,0.0,0.0,0.0,0.0,0.0,0.0,0.0,0.0,0.0,0.0,0.0,0.0,0.0,0.0,0.0,0.0,0.0,0.0,0.0,0.0,0.0,0.0,0.0,0.0,0.0,0.0,0.0,0.0,0.0,0.0,0.0,0.0,0.0,0.0,0.0,0.0,0.0,0.0,0.0,0.0,0.0,0.0,0.0,0.0,0.0,0.0,0.0,0.0,
0.0,0.0,0.0,-0.004,-0.015,-0.003,-0.016,-0.003,-0.015,-0.004,-0.015,-0.003,-0.016,-0.003,-0.015,-0.004,-0.015,-0.003,-0.016,-0.003,-0.015,-0.004,-0.015,-0.003,-0.016,-0.003,-0.015,-0.004,-0.015,-0.003,-0.016,-0.003,-0.015,-0.004,-0.015,-0.003,-0.016,-0.003,-0.015,-0.004,-0.015,-0.003,-0.016,-0.003,-0.015,-0.004,-0.015,-0.003,-0.016,-0.003,-0.015,-0.004,-0.015,-0.003,-0.016,-0.003,-0.015,-0.004,-0.015,-0.003,-0.016,-0.003,-0.015,-0.004,-0.015,-0.003,-0.016,-0.003,-0.015,-0.004,-0.015,-0.003,-0.016,-0.003,-0.015,-0.004,-0.015,-0.003,-0.016,-0.003,-0.015,-0.004,-0.015,-0.003,-0.016,-0.003,-0.015,-0.004,-0.015,-0.003,-0.016,-0.003,-0.015,-0.004,-0.015,-0.003,-0.016,-0.003,-0.015,-0.004,
0.0,0.0,0.0,0.0,0.0,0.0,0.0,0.0,0.0,0.0,0.0,0.0,0.0,0.0,0.0,0.0,0.0,0.0,0.0,0.0,0.0,0.0,0.0,0.0,0.0,0.0,0.0,0.0,0.0,0.0,0.0,0.0,0.0,0.0,0.0,0.0,0.0,0.0,0.0,0.0,0.0,0.0,0.0,0.0,0.0,0.0,0.0,0.0,0.0,0.0,0.0,0.0,0.0,0.0,0.0,0.0,0.0,0.0,0.0,0.0,0.0,0.0,0.0,0.0,0.0,0.0,0.0,0.0,0.0,0.0,0.0,0.0,0.0,0.0,0.0,0.0,0.0,0.0,0.0,0.0,0.0,0.0,0.0,0.0,0.0,0.0,0.0,0.0,0.0,0.0,0.0,0.0,0.0,0.0,0.0,0.0,0.0,0.0,0.0,0.0,
0.0,0.0,0.0,0.0,0.0,0.0,0.0,0.0,0.0,0.0,0.0,0.0,0.0,0.0,0.0,0.0,0.0,0.0,0.0,0.0,0.0,0.0,0.0,0.0,0.0,0.0,0.0,0.0,0.0,0.0,0.0,0.0,0.0,0.0,0.0,0.0,0.0,0.0,0.0,0.0,0.0,0.0,0.0,0.0,0.0,0.0,0.0,0.0,0.0,0.0,0.0,0.0,0.0,0.0,0.0,0.0,0.0,0.0,0.0,0.0,0.0,0.0,0.0,0.0,0.0,0.0,0.0,0.0,0.0,0.0,0.0,0.0,0.0,0.0,0.0,0.0,0.0,0.0,0.0,0.0,0.0,0.0,0.0,0.0,0.0,0.0,0.0,0.0,0.0,0.0,0.0,0.0,0.0,0.0,0.0,0.0,0.0,0.0,0.0,0.0,
0.0,0.0,0.0,0.0,0.0,0.0,0.0,0.0,0.0,0.0,0.0,0.0,0.0,0.0,0.0,0.0,0.0,0.0,0.0,0.0,0.0,0.0,0.0,0.0,0.0,0.0,0.0,0.0,0.0,0.0,0.0,0.0,0.0,0.0,0.0,0.0,0.0,0.0,0.0,0.0,0.0,0.0,0.0,0.0,0.0,0.0,0.0,0.0,0.0,0.0,0.0,0.0,0.0,0.0,0.0,0.0,0.0,0.0,0.0,0.0,0.0,0.0,0.0,0.0,0.0,0.0,0.0,0.0,0.0,0.0,0.0,0.0,0.0,0.0,0.0,0.0,0.0,0.0,0.0,0.0,0.0,0.0,0.0,0.0,0.0,0.0,0.0,0.0,0.0,0.0,0.0,0.0,0.0,0.0,0.0,0.0,0.0,0.0,0.0,0.0,
0.0,0.0,0.0,0.0,0.0,0.0,0.0,0.0,0.0,0.0,0.0,0.0,0.0,0.0,0.0,0.0,0.0,0.0,0.0,0.0,0.0,0.0,0.0,0.0,0.0,0.0,0.0,0.0,0.0,0.0,0.0,0.0,0.0,0.0,0.0,0.0,0.0,0.0,0.0,0.0,0.0,0.0,0.0,0.0,0.0,0.0,0.0,0.0,0.0,0.0,0.0,0.0,0.0,0.0,0.0,0.0,0.0,0.0,0.0,0.0,0.0,0.0,0.0,0.0,0.0,0.0,0.0,0.0,0.0,0.0,0.0,0.0,0.0,0.0,0.0,0.0,0.0,0.0,0.0,0.0,0.0,0.0,0.0,0.0,0.0,0.0,0.0,0.0,0.0,0.0,0.0,0.0,0.0,0.0,0.0,0.0,0.0,0.0,0.0,0.0,
0.0,0.0,-0.024,-0.014,0.024,-0.043,-0.018,-0.082,-0.034,-0.088,-0.095,-0.112,-0.039,-0.093,-0.027,-0.075,-0.029,-0.021,-0.077,-0.046,-0.079,-0.045,-0.085,-0.048,-0.079,-0.045,-0.085,-0.048,-0.079,-0.045,-0.085,-0.048,-0.079,-0.045,-0.085,-0.048,-0.079,-0.045,-0.085,-0.048,-0.079,-0.045,-0.085,-0.048,-0.079,-0.045,-0.085,-0.048,-0.079,-0.045,-0.085,-0.048,-0.079,-0.045,-0.085,-0.048,-0.079,-0.045,-0.085,-0.048,-0.079,-0.045,-0.085,-0.048,-0.079,-0.045,-0.085,-0.048,-0.079,-0.045,-0.085,-0.048,-0.079,-0.045,-0.085,-0.048,-0.079,-0.045,-0.085,-0.048,-0.079,-0.045,-0.085,-0.048,-0.079,-0.045,-0.085,-0.048,-0.079,-0.045,-0.085,-0.048,-0.079,-0.045,-0.085,-0.048,-0.079,-0.045,-0.085,-0.048,
0.0,0.0,-0.017,-0.103,-0.09,-0.139,-0.091,-0.087,-0.139,-0.091,-0.087,-0.139,-0.091,-0.087,-0.139,-0.091,-0.087,-0.139,-0.091,-0.087,-0.139,-0.091,-0.087,-0.139,-0.091,-0.087,-0.139,-0.091,-0.087,-0.139,-0.091,-0.087,-0.139,-0.091,-0.087,-0.139,-0.091,-0.087,-0.139,-0.091,-0.087,-0.139,-0.091,-0.087,-0.139,-0.091,-0.087,-0.139,-0.091,-0.087,-0.139,-0.091,-0.087,-0.139,-0.091,-0.087,-0.139,-0.091,-0.087,-0.139,-0.091,-0.087,-0.139,-0.091,-0.087,-0.139,-0.091,-0.087,-0.139,-0.091,-0.087,-0.139,-0.091,-0.087,-0.139,-0.091,-0.087,-0.139,-0.091,-0.087,-0.139,-0.091,-0.087,-0.139,-0.091,-0.087,-0.139,-0.091,-0.087,-0.139,-0.091,-0.087,-0.139,-0.091,-0.087,-0.139,-0.091,-0.087,-0.139,-0.091,
0.0,0.0,0.0,0.0,0.0,0.0,0.0,0.0,0.0,0.0,0.0,0.0,0.0,0.0,0.0,0.0,0.0,0.0,0.0,0.0,0.0,0.0,0.0,0.0,0.0,0.0,0.0,0.0,0.0,0.0,0.0,0.0,0.0,0.0,0.0,0.0,0.0,0.0,0.0,0.0,0.0,0.0,0.0,0.0,0.0,0.0,0.0,0.0,0.0,0.0,0.0,0.0,0.0,0.0,0.0,0.0,0.0,0.0,0.0,0.0,0.0,0.0,0.0,0.0,0.0,0.0,0.0,0.0,0.0,0.0,0.0,0.0,0.0,0.0,0.0,0.0,0.0,0.0,0.0,0.0,0.0,0.0,0.0,0.0,0.0,0.0,0.0,0.0,0.0,0.0,0.0,0.0,0.0,0.0,0.0,0.0,0.0,0.0,0.0,0.0,
0.0,0.0,0.0,0.0,0.0,0.0,0.0,0.0,0.0,0.0,0.0,0.0,0.0,0.0,0.0,0.0,0.0,0.0,0.0,0.0,0.0,0.0,0.0,0.0,0.0,0.0,0.0,0.0,0.0,0.0,0.0,0.0,0.0,0.0,0.0,0.0,0.0,0.0,0.0,0.0,0.0,0.0,0.0,0.0,0.0,0.0,0.0,0.0,0.0,0.0,0.0,0.0,0.0,0.0,0.0,0.0,0.0,0.0,0.0,0.0,0.0,0.0,0.0,0.0,0.0,0.0,0.0,0.0,0.0,0.0,0.0,0.0,0.0,0.0,0.0,0.0,0.0,0.0,0.0,0.0,0.0,0.0,0.0,0.0,0.0,0.0,0.0,0.0,0.0,0.0,0.0,0.0,0.0,0.0,0.0,0.0,0.0,0.0,0.0,0.0,
0.0,0.0,-0.045,0.022,-0.079,-0.025,-0.067,-0.03,-0.073,-0.065,-0.049,-0.053,-0.089,-0.03,-0.067,-0.07,-0.056,-0.049,-0.083,-0.034,-0.073,-0.065,-0.049,-0.053,-0.089,-0.03,-0.067,-0.07,-0.056,-0.049,-0.083,-0.034,-0.073,-0.065,-0.049,-0.053,-0.089,-0.03,-0.067,-0.07,-0.056,-0.049,-0.083,-0.034,-0.073,-0.065,-0.049,-0.053,-0.089,-0.03,-0.067,-0.07,-0.056,-0.049,-0.083,-0.034,-0.073,-0.065,-0.049,-0.053,-0.089,-0.03,-0.067,-0.07,-0.056,-0.049,-0.083,-0.034,-0.073,-0.065,-0.049,-0.053,-0.089,-0.03,-0.067,-0.07,-0.056,-0.049,-0.083,-0.034,-0.073,-0.065,-0.049,-0.053,-0.089,-0.03,-0.067,-0.07,-0.056,-0.049,-0.083,-0.034,-0.073,-0.065,-0.049,-0.053,-0.089,-0.03,-0.067,-0.07,
0.0,0.0,-0.022,-0.04,-0.012,-0.107,-0.043,-0.122,-0.038,-0.12,-0.038,-0.12,-0.038,-0.12,-0.038,-0.12,-0.038,-0.12,-0.038,-0.12,-0.038,-0.12,-0.038,-0.12,-0.038,-0.12,-0.038,-0.12,-0.038,-0.12,-0.038,-0.12,-0.038,-0.12,-0.038,-0.12,-0.038,-0.12,-0.038,-0.12,-0.038,-0.12,-0.038,-0.12,-0.038,-0.12,-0.038,-0.12,-0.038,-0.12,-0.038,-0.12,-0.038,-0.12,-0.038,-0.12,-0.038,-0.12,-0.038,-0.12,-0.038,-0.12,-0.038,-0.12,-0.038,-0.12,-0.038,-0.12,-0.038,-0.12,-0.038,-0.12,-0.038,-0.12,-0.038,-0.12,-0.038,-0.12,-0.038,-0.12,-0.038,-0.12,-0.038,-0.12,-0.038,-0.12,-0.038,-0.12,-0.038,-0.12,-0.038,-0.12,-0.038,-0.12,-0.038,-0.12,-0.038,-0.12,-0.038,-0.12,
0.0,0.0,0.0,0.0,0.0,0.0,-0.001,-0.01,0.0,-0.004,-0.007,-0.003,-0.001,-0.01,0.0,-0.004,-0.007,-0.003,-0.001,-0.01,0.0,-0.004,-0.007,-0.003,-0.001,-0.01,0.0,-0.004,-0.007,-0.003,-0.001,-0.01,0.0,-0.004,-0.007,-0.003,-0.001,-0.01,0.0,-0.004,-0.007,-0.003,-0.001,-0.01,0.0,-0.004,-0.007,-0.003,-0.001,-0.01,0.0,-0.004,-0.007,-0.003,-0.001,-0.01,0.0,-0.004,-0.007,-0.003,-0.001,-0.01,0.0,-0.004,-0.007,-0.003,-0.001,-0.01,0.0,-0.004,-0.007,-0.003,-0.001,-0.01,0.0,-0.004,-0.007,-0.003,-0.001,-0.01,0.0,-0.004,-0.007,-0.003,-0.001,-0.01,0.0,-0.004,-0.007,-0.003,-0.001,-0.01,0.0,-0.004,-0.007,-0.003,-0.001,-0.01,0.0,-0.004,
0.0,0.0,-0.027,-0.044,-0.047,-0.047,-0.047,-0.047,-0.047,-0.047,-0.047,-0.047,-0.047,-0.047,-0.047,-0.047,-0.047,-0.047,-0.047,-0.047,-0.047,-0.047,-0.047,-0.047,-0.047,-0.047,-0.047,-0.047,-0.047,-0.047,-0.047,-0.047,-0.047,-0.047,-0.047,-0.047,-0.047,-0.047,-0.047,-0.047,-0.047,-0.047,-0.047,-0.047,-0.047,-0.047,-0.047,-0.047,-0.047,-0.047,-0.047,-0.047,-0.047,-0.047,-0.047,-0.047,-0.047,-0.047,-0.047,-0.047,-0.047,-0.047,-0.047,-0.047,-0.047,-0.047,-0.047,-0.047,-0.047,-0.047,-0.047,-0.047,-0.047,-0.047,-0.047,-0.047,-0.047,-0.047,-0.047,-0.047,-0.047,-0.047,-0.047,-0.047,-0.047,-0.047,-0.047,-0.047,-0.047,-0.047,-0.047,-0.047,-0.047,-0.047,-0.047,-0.047,-0.047,-0.047,-0.047,-0.047,
0.0,0.0,0.0,0.0,0.0,0.0,0.0,0.0,0.0,0.0,0.0,0.0,0.0,0.0,0.0,0.0,0.0,0.0,0.0,0.0,0.0,0.0,0.0,0.0,0.0,0.0,0.0,0.0,0.0,0.0,0.0,0.0,0.0,0.0,0.0,0.0,0.0,0.0,0.0,0.0,0.0,0.0,0.0,0.0,0.0,0.0,0.0,0.0,0.0,0.0,0.0,0.0,0.0,0.0,0.0,0.0,0.0,0.0,0.0,0.0,0.0,0.0,0.0,0.0,0.0,0.0,0.0,0.0,0.0,0.0,0.0,0.0,0.0,0.0,0.0,0.0,0.0,0.0,0.0,0.0,0.0,0.0,0.0,0.0,0.0,0.0,0.0,0.0,0.0,0.0,0.0,0.0,0.0,0.0,0.0,0.0,0.0,0.0,0.0,0.0,
0.0,0.0,-0.006,-0.03,-0.028,-0.03,-0.021,-0.023,-0.026,-0.02,-0.026,-0.02,-0.026,-0.02,-0.026,-0.02,-0.026,-0.02,-0.026,-0.02,-0.026,-0.02,-0.026,-0.02,-0.026,-0.02,-0.026,-0.02,-0.026,-0.02,-0.026,-0.02,-0.026,-0.02,-0.026,-0.02,-0.026,-0.02,-0.026,-0.02,-0.026,-0.02,-0.026,-0.02,-0.026,-0.02,-0.026,-0.02,-0.026,-0.02,-0.026,-0.02,-0.026,-0.02,-0.026,-0.02,-0.026,-0.02,-0.026,-0.02,-0.026,-0.02,-0.026,-0.02,-0.026,-0.02,-0.026,-0.02,-0.026,-0.02,-0.026,-0.02,-0.026,-0.02,-0.026,-0.02,-0.026,-0.02,-0.026,-0.02,-0.026,-0.02,-0.026,-0.02,-0.026,-0.02,-0.026,-0.02,-0.026,-0.02,-0.026,-0.02,-0.026,-0.02,-0.026,-0.02,-0.026,-0.02,-0.026,-0.02,
0.0,0.0,0.0,0.0,0.0,0.0,0.0,0.0,0.0,0.0,0.0,0.0,0.0,0.0,0.0,0.0,0.0,0.0,0.0,0.0,0.0,0.0,0.0,0.0,0.0,0.0,0.0,0.0,0.0,0.0,0.0,0.0,0.0,0.0,0.0,0.0,0.0,0.0,0.0,0.0,0.0,0.0,0.0,0.0,0.0,0.0,0.0,0.0,0.0,0.0,0.0,0.0,0.0,0.0,0.0,0.0,0.0,0.0,0.0,0.0,0.0,0.0,0.0,0.0,0.0,0.0,0.0,0.0,0.0,0.0,0.0,0.0,0.0,0.0,0.0,0.0,0.0,0.0,0.0,0.0,0.0,0.0,0.0,0.0,0.0,0.0,0.0,0.0,0.0,0.0,0.0,0.0,0.0,0.0,0.0,0.0,0.0,0.0,0.0,0.0,
0.0,0.0,0.0,0.0,0.0,0.0,0.0,0.0,0.0,0.0,0.0,0.0,0.0,0.0,0.0,0.0,0.0,0.0,0.0,0.0,0.0,0.0,0.0,0.0,0.0,0.0,0.0,0.0,0.0,0.0,0.0,0.0,0.0,0.0,0.0,0.0,0.0,0.0,0.0,0.0,0.0,0.0,0.0,0.0,0.0,0.0,0.0,0.0,0.0,0.0,0.0,0.0,0.0,0.0,0.0,0.0,0.0,0.0,0.0,0.0,0.0,0.0,0.0,0.0,0.0,0.0,0.0,0.0,0.0,0.0,0.0,0.0,0.0,0.0,0.0,0.0,0.0,0.0,0.0,0.0,0.0,0.0,0.0,0.0,0.0,0.0,0.0,0.0,0.0,0.0,0.0,0.0,0.0,0.0,0.0,0.0,0.0,0.0,0.0,0.0,
0.0,0.0,0.0,0.0,0.0,0.0,0.0,0.0,0.0,0.0,0.0,0.0,0.0,0.0,0.0,0.0,0.0,0.0,0.0,0.0,0.0,0.0,0.0,0.0,0.0,0.0,0.0,0.0,0.0,0.0,0.0,0.0,0.0,0.0,0.0,0.0,0.0,0.0,0.0,0.0,0.0,0.0,0.0,0.0,0.0,0.0,0.0,0.0,0.0,0.0,0.0,0.0,0.0,0.0,0.0,0.0,0.0,0.0,0.0,0.0,0.0,0.0,0.0,0.0,0.0,0.0,0.0,0.0,0.0,0.0,0.0,0.0,0.0,0.0,0.0,0.0,0.0,0.0,0.0,0.0,0.0,0.0,0.0,0.0,0.0,0.0,0.0,0.0,0.0,0.0,0.0,0.0,0.0,0.0,0.0,0.0,0.0,0.0,0.0,0.0,
0.0,0.0,0.0,0.0,0.0,0.0,0.0,0.0,0.0,0.0,0.0,0.0,0.0,0.0,0.0,0.0,0.0,0.0,0.0,0.0,0.0,0.0,0.0,0.0,0.0,0.0,0.0,0.0,0.0,0.0,0.0,0.0,0.0,0.0,0.0,0.0,0.0,0.0,0.0,0.0,0.0,0.0,0.0,0.0,0.0,0.0,0.0,0.0,0.0,0.0,0.0,0.0,0.0,0.0,0.0,0.0,0.0,0.0,0.0,0.0,0.0,0.0,0.0,0.0,0.0,0.0,0.0,0.0,0.0,0.0,0.0,0.0,0.0,0.0,0.0,0.0,0.0,0.0,0.0,0.0,0.0,0.0,0.0,0.0,0.0,0.0,0.0,0.0,0.0,0.0,0.0,0.0,0.0,0.0,0.0,0.0,0.0,0.0,0.0,0.0,
0.0,0.0,0.0,0.0,0.0,0.0,0.0,0.0,0.0,0.0,0.0,0.0,0.0,0.0,0.0,0.0,0.0,0.0,0.0,0.0,0.0,0.0,0.0,0.0,0.0,0.0,0.0,0.0,0.0,0.0,0.0,0.0,0.0,0.0,0.0,0.0,0.0,0.0,0.0,0.0,0.0,0.0,0.0,0.0,0.0,0.0,0.0,0.0,0.0,0.0,0.0,0.0,0.0,0.0,0.0,0.0,0.0,0.0,0.0,0.0,0.0,0.0,0.0,0.0,0.0,0.0,0.0,0.0,0.0,0.0,0.0,0.0,0.0,0.0,0.0,0.0,0.0,0.0,0.0,0.0,0.0,0.0,0.0,0.0,0.0,0.0,0.0,0.0,0.0,0.0,0.0,0.0,0.0,0.0,0.0,0.0,0.0,0.0,0.0,0.0,
0.0,0.0,0.0,0.0,0.0,0.0,0.0,0.0,0.0,0.0,0.0,0.0,0.0,0.0,0.0,0.0,0.0,0.0,0.0,0.0,0.0,0.0,0.0,0.0,0.0,0.0,0.0,0.0,0.0,0.0,0.0,0.0,0.0,0.0,0.0,0.0,0.0,0.0,0.0,0.0,0.0,0.0,0.0,0.0,0.0,0.0,0.0,0.0,0.0,0.0,0.0,0.0,0.0,0.0,0.0,0.0,0.0,0.0,0.0,0.0,0.0,0.0,0.0,0.0,0.0,0.0,0.0,0.0,0.0,0.0,0.0,0.0,0.0,0.0,0.0,0.0,0.0,0.0,0.0,0.0,0.0,0.0,0.0,0.0,0.0,0.0,0.0,0.0,0.0,0.0,0.0,0.0,0.0,0.0,0.0,0.0,0.0,0.0,0.0,0.0,
0.0,0.0,0.0,0.0,0.0,0.0,0.0,0.0,0.0,0.0,0.0,0.0,0.0,0.0,0.0,0.0,0.0,0.0,0.0,0.0,0.0,0.0,0.0,0.0,0.0,0.0,0.0,0.0,0.0,0.0,0.0,0.0,0.0,0.0,0.0,0.0,0.0,0.0,0.0,0.0,0.0,0.0,0.0,0.0,0.0,0.0,0.0,0.0,0.0,0.0,0.0,0.0,0.0,0.0,0.0,0.0,0.0,0.0,0.0,0.0,0.0,0.0,0.0,0.0,0.0,0.0,0.0,0.0,0.0,0.0,0.0,0.0,0.0,0.0,0.0,0.0,0.0,0.0,0.0,0.0,0.0,0.0,0.0,0.0,0.0,0.0,0.0,0.0,0.0,0.0,0.0,0.0,0.0,0.0,0.0,0.0,0.0,0.0,0.0,0.0,
0.0,0.0,0.0,0.0,0.0,0.0,0.0,0.0,0.0,0.0,0.0,0.0,0.0,0.0,0.0,0.0,0.0,0.0,0.0,0.0,0.0,0.0,0.0,0.0,0.0,0.0,0.0,0.0,0.0,0.0,0.0,0.0,0.0,0.0,0.0,0.0,0.0,0.0,0.0,0.0,0.0,0.0,0.0,0.0,0.0,0.0,0.0,0.0,0.0,0.0,0.0,0.0,0.0,0.0,0.0,0.0,0.0,0.0,0.0,0.0,0.0,0.0,0.0,0.0,0.0,0.0,0.0,0.0,0.0,0.0,0.0,0.0,0.0,0.0,0.0,0.0,0.0,0.0,0.0,0.0,0.0,0.0,0.0,0.0,0.0,0.0,0.0,0.0,0.0,0.0,0.0,0.0,0.0,0.0,0.0,0.0,0.0,0.0,0.0,0.0,
0.0,0.0,0.0,0.0,0.0,0.0,0.0,0.0,0.0,0.0,0.0,0.0,0.0,0.0,0.0,0.0,0.0,0.0,0.0,0.0,0.0,0.0,0.0,0.0,0.0,0.0,0.0,0.0,0.0,0.0,0.0,0.0,0.0,0.0,0.0,0.0,0.0,0.0,0.0,0.0,0.0,0.0,0.0,0.0,0.0,0.0,0.0,0.0,0.0,0.0,0.0,0.0,0.0,0.0,0.0,0.0,0.0,0.0,0.0,0.0,0.0,0.0,0.0,0.0,0.0,0.0,0.0,0.0,0.0,0.0,0.0,0.0,0.0,0.0,0.0,0.0,0.0,0.0,0.0,0.0,0.0,0.0,0.0,0.0,0.0,0.0,0.0,0.0,0.0,0.0,0.0,0.0,0.0,0.0,0.0,0.0,0.0,0.0,0.0,0.0,
0.0,0.0,0.0,0.0,0.0,0.0,0.0,0.0,0.0,0.0,0.0,0.0,0.0,0.0,0.0,0.0,0.0,0.0,0.0,0.0,0.0,0.0,0.0,0.0,0.0,0.0,0.0,0.0,0.0,0.0,0.0,0.0,0.0,0.0,0.0,0.0,0.0,0.0,0.0,0.0,0.0,0.0,0.0,0.0,0.0,0.0,0.0,0.0,0.0,0.0,0.0,0.0,0.0,0.0,0.0,0.0,0.0,0.0,0.0,0.0,0.0,0.0,0.0,0.0,0.0,0.0,0.0,0.0,0.0,0.0,0.0,0.0,0.0,0.0,0.0,0.0,0.0,0.0,0.0,0.0,0.0,0.0,0.0,0.0,0.0,0.0,0.0,0.0,0.0,0.0,0.0,0.0,0.0,0.0,0.0,0.0,0.0,0.0,0.0,0.0,
0.0,0.0,0.0,0.0,0.0,0.0,0.0,0.0,0.0,0.0,0.0,0.0,0.0,0.0,0.0,0.0,0.0,0.0,0.0,0.0,0.0,0.0,0.0,0.0,0.0,0.0,0.0,0.0,0.0,0.0,0.0,0.0,0.0,0.0,0.0,0.0,0.0,0.0,0.0,0.0,0.0,0.0,0.0,0.0,0.0,0.0,0.0,0.0,0.0,0.0,0.0,0.0,0.0,0.0,0.0,0.0,0.0,0.0,0.0,0.0,0.0,0.0,0.0,0.0,0.0,0.0,0.0,0.0,0.0,0.0,0.0,0.0,0.0,0.0,0.0,0.0,0.0,0.0,0.0,0.0,0.0,0.0,0.0,0.0,0.0,0.0,0.0,0.0,0.0,0.0,0.0,0.0,0.0,0.0,0.0,0.0,0.0,0.0,0.0,0.0,
0.0,0.0,0.0,0.0,-0.061,-0.048,-0.019,-0.058,-0.029,-0.072,-0.044,-0.064,-0.029,-0.072,-0.044,-0.064,-0.029,-0.072,-0.044,-0.064,-0.029,-0.072,-0.044,-0.064,-0.029,-0.072,-0.044,-0.064,-0.029,-0.072,-0.044,-0.064,-0.029,-0.072,-0.044,-0.064,-0.029,-0.072,-0.044,-0.064,-0.029,-0.072,-0.044,-0.064,-0.029,-0.072,-0.044,-0.064,-0.029,-0.072,-0.044,-0.064,-0.029,-0.072,-0.044,-0.064,-0.029,-0.072,-0.044,-0.064,-0.029,-0.072,-0.044,-0.064,-0.029,-0.072,-0.044,-0.064,-0.029,-0.072,-0.044,-0.064,-0.029,-0.072,-0.044,-0.064,-0.029,-0.072,-0.044,-0.064,-0.029,-0.072,-0.044,-0.064,-0.029,-0.072,-0.044,-0.064,-0.029,-0.072,-0.044,-0.064,-0.029,-0.072,-0.044,-0.064,-0.029,-0.072,-0.044,-0.064,
0.0,0.0,0.0,0.0,0.0,0.0,0.0,0.0,0.0,0.0,0.0,0.0,0.0,0.0,0.0,0.0,0.0,0.0,0.0,0.0,0.0,0.0,0.0,0.0,0.0,0.0,0.0,0.0,0.0,0.0,0.0,0.0,0.0,0.0,0.0,0.0,0.0,0.0,0.0,0.0,0.0,0.0,0.0,0.0,0.0,0.0,0.0,0.0,0.0,0.0,0.0,0.0,0.0,0.0,0.0,0.0,0.0,0.0,0.0,0.0,0.0,0.0,0.0,0.0,0.0,0.0,0.0,0.0,0.0,0.0,0.0,0.0,0.0,0.0,0.0,0.0,0.0,0.0,0.0,0.0,0.0,0.0,0.0,0.0,0.0,0.0,0.0,0.0,0.0,0.0,0.0,0.0,0.0,0.0,0.0,0.0,0.0,0.0,0.0,0.0,
0.0,0.0,-0.018,-0.043,-0.037,-0.03,-0.046,-0.04,-0.04,-0.055,-0.056,-0.053,-0.053,-0.049,-0.056,-0.055,-0.058,-0.053,-0.049,-0.056,-0.055,-0.058,-0.053,-0.049,-0.056,-0.055,-0.058,-0.053,-0.049,-0.056,-0.055,-0.058,-0.053,-0.049,-0.056,-0.055,-0.058,-0.053,-0.049,-0.056,-0.055,-0.058,-0.053,-0.049,-0.056,-0.055,-0.058,-0.053,-0.049,-0.056,-0.055,-0.058,-0.053,-0.049,-0.056,-0.055,-0.058,-0.053,-0.049,-0.056,-0.055,-0.058,-0.053,-0.049,-0.056,-0.055,-0.058,-0.053,-0.049,-0.056,-0.055,-0.058,-0.053,-0.049,-0.056,-0.055,-0.058,-0.053,-0.049,-0.056,-0.055,-0.058,-0.053,-0.049,-0.056,-0.055,-0.058,-0.053,-0.049,-0.056,-0.055,-0.058,-0.053,-0.049,-0.056,-0.055,-0.058,-0.053,-0.049,-0.056,
0.0,0.0,0.0,-0.101,-0.142,-0.141,-0.135,-0.157,-0.167,-0.163,-0.152,-0.165,-0.173,-0.168,-0.152,-0.165,-0.173,-0.168,-0.152,-0.165,-0.173,-0.168,-0.152,-0.165,-0.173,-0.168,-0.152,-0.165,-0.173,-0.168,-0.152,-0.165,-0.173,-0.168,-0.152,-0.165,-0.173,-0.168,-0.152,-0.165,-0.173,-0.168,-0.152,-0.165,-0.173,-0.168,-0.152,-0.165,-0.173,-0.168,-0.152,-0.165,-0.173,-0.168,-0.152,-0.165,-0.173,-0.168,-0.152,-0.165,-0.173,-0.168,-0.152,-0.165,-0.173,-0.168,-0.152,-0.165,-0.173,-0.168,-0.152,-0.165,-0.173,-0.168,-0.152,-0.165,-0.173,-0.168,-0.152,-0.165,-0.173,-0.168,-0.152,-0.165,-0.173,-0.168,-0.152,-0.165,-0.173,-0.168,-0.152,-0.165,-0.173,-0.168,-0.152,-0.165,-0.173,-0.168,-0.152,-0.165,
0.0,0.0,0.0,-0.007,-0.025,-0.049,-0.02,-0.057,-0.106,-0.126,-0.036,-0.052,-0.017,-0.01,-0.03,-0.051,-0.017,-0.01,-0.03,-0.051,-0.017,-0.01,-0.03,-0.051,-0.017,-0.01,-0.03,-0.051,-0.017,-0.01,-0.03,-0.051,-0.017,-0.01,-0.03,-0.051,-0.017,-0.01,-0.03,-0.051,-0.017,-0.01,-0.03,-0.051,-0.017,-0.01,-0.03,-0.051,-0.017,-0.01,-0.03,-0.051,-0.017,-0.01,-0.03,-0.051,-0.017,-0.01,-0.03,-0.051,-0.017,-0.01,-0.03,-0.051,-0.017,-0.01,-0.03,-0.051,-0.017,-0.01,-0.03,-0.051,-0.017,-0.01,-0.03,-0.051,-0.017,-0.01,-0.03,-0.051,-0.017,-0.01,-0.03,-0.051,-0.017,-0.01,-0.03,-0.051,-0.017,-0.01,-0.03,-0.051,-0.017,-0.01,-0.03,-0.051,-0.017,-0.01,-0.03,-0.051,
0.0,0.0,0.0,0.0,0.0,0.0,0.0,0.0,0.0,0.0,0.0,0.0,0.0,0.0,0.0,0.0,0.0,0.0,0.0,0.0,0.0,0.0,0.0,0.0,0.0,0.0,0.0,0.0,0.0,0.0,0.0,0.0,0.0,0.0,0.0,0.0,0.0,0.0,0.0,0.0,0.0,0.0,0.0,0.0,0.0,0.0,0.0,0.0,0.0,0.0,0.0,0.0,0.0,0.0,0.0,0.0,0.0,0.0,0.0,0.0,0.0,0.0,0.0,0.0,0.0,0.0,0.0,0.0,0.0,0.0,0.0,0.0,0.0,0.0,0.0,0.0,0.0,0.0,0.0,0.0,0.0,0.0,0.0,0.0,0.0,0.0,0.0,0.0,0.0,0.0,0.0,0.0,0.0,0.0,0.0,0.0,0.0,0.0,0.0,0.0,
0.0,0.0,0.0,-0.109,-0.021,-0.111,-0.093,-0.101,-0.093,-0.103,-0.093,-0.103,-0.093,-0.103,-0.093,-0.103,-0.093,-0.103,-0.093,-0.103,-0.093,-0.103,-0.093,-0.103,-0.093,-0.103,-0.093,-0.103,-0.093,-0.103,-0.093,-0.103,-0.093,-0.103,-0.093,-0.103,-0.093,-0.103,-0.093,-0.103,-0.093,-0.103,-0.093,-0.103,-0.093,-0.103,-0.093,-0.103,-0.093,-0.103,-0.093,-0.103,-0.093,-0.103,-0.093,-0.103,-0.093,-0.103,-0.093,-0.103,-0.093,-0.103,-0.093,-0.103,-0.093,-0.103,-0.093,-0.103,-0.093,-0.103,-0.093,-0.103,-0.093,-0.103,-0.093,-0.103,-0.093,-0.103,-0.093,-0.103,-0.093,-0.103,-0.093,-0.103,-0.093,-0.103,-0.093,-0.103,-0.093,-0.103,-0.093,-0.103,-0.093,-0.103,-0.093,-0.103,-0.093,-0.103,-0.093,-0.103,
0.0,0.0,0.0,0.0,0.0,0.0,0.0,0.0,0.0,0.0,0.0,0.0,0.0,0.0,0.0,0.0,0.0,0.0,0.0,0.0,0.0,0.0,0.0,0.0,0.0,0.0,0.0,0.0,0.0,0.0,0.0,0.0,0.0,0.0,0.0,0.0,0.0,0.0,0.0,0.0,0.0,0.0,0.0,0.0,0.0,0.0,0.0,0.0,0.0,0.0,0.0,0.0,0.0,0.0,0.0,0.0,0.0,0.0,0.0,0.0,0.0,0.0,0.0,0.0,0.0,0.0,0.0,0.0,0.0,0.0,0.0,0.0,0.0,0.0,0.0,0.0,0.0,0.0,0.0,0.0,0.0,0.0,0.0,0.0,0.0,0.0,0.0,0.0,0.0,0.0,0.0,0.0,0.0,0.0,0.0,0.0,0.0,0.0,0.0,0.0,
0.0,0.0,-0.132,-0.145,-0.146,-0.145,-0.154,-0.167,-0.167,-0.155,-0.141,-0.15,-0.163,-0.167,-0.155,-0.141,-0.15,-0.163,-0.167,-0.155,-0.141,-0.15,-0.163,-0.167,-0.155,-0.141,-0.15,-0.163,-0.167,-0.155,-0.141,-0.15,-0.163,-0.167,-0.155,-0.141,-0.15,-0.163,-0.167,-0.155,-0.141,-0.15,-0.163,-0.167,-0.155,-0.141,-0.15,-0.163,-0.167,-0.155,-0.141,-0.15,-0.163,-0.167,-0.155,-0.141,-0.15,-0.163,-0.167,-0.155,-0.141,-0.15,-0.163,-0.167,-0.155,-0.141,-0.15,-0.163,-0.167,-0.155,-0.141,-0.15,-0.163,-0.167,-0.155,-0.141,-0.15,-0.163,-0.167,-0.155,-0.141,-0.15,-0.163,-0.167,-0.155,-0.141,-0.15,-0.163,-0.167,-0.155,-0.141,-0.15,-0.163,-0.167,-0.155,-0.141,-0.15,-0.163,-0.167,-0.155,
0.0,0.0,0.0,0.0,0.0,0.0,0.0,0.0,0.0,0.0,0.0,0.0,0.0,0.0,0.0,0.0,0.0,0.0,0.0,0.0,0.0,0.0,0.0,0.0,0.0,0.0,0.0,0.0,0.0,0.0,0.0,0.0,0.0,0.0,0.0,0.0,0.0,0.0,0.0,0.0,0.0,0.0,0.0,0.0,0.0,0.0,0.0,0.0,0.0,0.0,0.0,0.0,0.0,0.0,0.0,0.0,0.0,0.0,0.0,0.0,0.0,0.0,0.0,0.0,0.0,0.0,0.0,0.0,0.0,0.0,0.0,0.0,0.0,0.0,0.0,0.0,0.0,0.0,0.0,0.0,0.0,0.0,0.0,0.0,0.0,0.0,0.0,0.0,0.0,0.0,0.0,0.0,0.0,0.0,0.0,0.0,0.0,0.0,0.0,0.0,
0.0,0.0,0.0,0.0,0.0,0.0,0.0,0.0,0.0,0.0,0.0,0.0,0.0,0.0,0.0,0.0,0.0,0.0,0.0,0.0,0.0,0.0,0.0,0.0,0.0,0.0,0.0,0.0,0.0,0.0,0.0,0.0,0.0,0.0,0.0,0.0,0.0,0.0,0.0,0.0,0.0,0.0,0.0,0.0,0.0,0.0,0.0,0.0,0.0,0.0,0.0,0.0,0.0,0.0,0.0,0.0,0.0,0.0,0.0,0.0,0.0,0.0,0.0,0.0,0.0,0.0,0.0,0.0,0.0,0.0,0.0,0.0,0.0,0.0,0.0,0.0,0.0,0.0,0.0,0.0,0.0,0.0,0.0,0.0,0.0,0.0,0.0,0.0,0.0,0.0,0.0,0.0,0.0,0.0,0.0,0.0,0.0,0.0,0.0,0.0,
0.0,0.0,0.0,-0.051,-0.22,-0.233,-0.185,-0.243,-0.235,-0.187,-0.243,-0.235,-0.187,-0.243,-0.235,-0.187,-0.243,-0.235,-0.187,-0.243,-0.235,-0.187,-0.243,-0.235,-0.187,-0.243,-0.235,-0.187,-0.243,-0.235,-0.187,-0.243,-0.235,-0.187,-0.243,-0.235,-0.187,-0.243,-0.235,-0.187,-0.243,-0.235,-0.187,-0.243,-0.235,-0.187,-0.243,-0.235,-0.187,-0.243,-0.235,-0.187,-0.243,-0.235,-0.187,-0.243,-0.235,-0.187,-0.243,-0.235,-0.187,-0.243,-0.235,-0.187,-0.243,-0.235,-0.187,-0.243,-0.235,-0.187,-0.243,-0.235,-0.187,-0.243,-0.235,-0.187,-0.243,-0.235,-0.187,-0.243,-0.235,-0.187,-0.243,-0.235,-0.187,-0.243,-0.235,-0.187,-0.243,-0.235,-0.187,-0.243,-0.235,-0.187,-0.243,-0.235,-0.187,-0.243,-0.235,-0.187,
0.0,0.0,0.0,0.0,0.0,0.0,0.0,0.0,0.0,0.0,0.0,0.0,0.0,0.0,0.0,0.0,0.0,0.0,0.0,0.0,0.0,0.0,0.0,0.0,0.0,0.0,0.0,0.0,0.0,0.0,0.0,0.0,0.0,0.0,0.0,0.0,0.0,0.0,0.0,0.0,0.0,0.0,0.0,0.0,0.0,0.0,0.0,0.0,0.0,0.0,0.0,0.0,0.0,0.0,0.0,0.0,0.0,0.0,0.0,0.0,0.0,0.0,0.0,0.0,0.0,0.0,0.0,0.0,0.0,0.0,0.0,0.0,0.0,0.0,0.0,0.0,0.0,0.0,0.0,0.0,0.0,0.0,0.0,0.0,0.0,0.0,0.0,0.0,0.0,0.0,0.0,0.0,0.0,0.0,0.0,0.0,0.0,0.0,0.0,0.0,
0.0,0.0,0.0,0.0,0.0,0.0,0.0,0.0,0.0,0.0,0.0,0.0,0.0,0.0,0.0,0.0,0.0,0.0,0.0,0.0,0.0,0.0,0.0,0.0,0.0,0.0,0.0,0.0,0.0,0.0,0.0,0.0,0.0,0.0,0.0,0.0,0.0,0.0,0.0,0.0,0.0,0.0,0.0,0.0,0.0,0.0,0.0,0.0,0.0,0.0,0.0,0.0,0.0,0.0,0.0,0.0,0.0,0.0,0.0,0.0,0.0,0.0,0.0,0.0,0.0,0.0,0.0,0.0,0.0,0.0,0.0,0.0,0.0,0.0,0.0,0.0,0.0,0.0,0.0,0.0,0.0,0.0,0.0,0.0,0.0,0.0,0.0,0.0,0.0,0.0,0.0,0.0,0.0,0.0,0.0,0.0,0.0,0.0,0.0,0.0,
0.0,0.0,0.0,0.0,0.0,0.0,0.0,0.0,0.0,0.0,0.0,0.0,0.0,0.0,0.0,0.0,0.0,0.0,0.0,0.0,0.0,0.0,0.0,0.0,0.0,0.0,0.0,0.0,0.0,0.0,0.0,0.0,0.0,0.0,0.0,0.0,0.0,0.0,0.0,0.0,0.0,0.0,0.0,0.0,0.0,0.0,0.0,0.0,0.0,0.0,0.0,0.0,0.0,0.0,0.0,0.0,0.0,0.0,0.0,0.0,0.0,0.0,0.0,0.0,0.0,0.0,0.0,0.0,0.0,0.0,0.0,0.0,0.0,0.0,0.0,0.0,0.0,0.0,0.0,0.0,0.0,0.0,0.0,0.0,0.0,0.0,0.0,0.0,0.0,0.0,0.0,0.0,0.0,0.0,0.0,0.0,0.0,0.0,0.0,0.0,
0.0,0.0,0.0,0.0,0.0,0.0,0.0,0.0,0.0,0.0,0.0,0.0,0.0,0.0,0.0,0.0,0.0,0.0,0.0,0.0,0.0,0.0,0.0,0.0,0.0,0.0,0.0,0.0,0.0,0.0,0.0,0.0,0.0,0.0,0.0,0.0,0.0,0.0,0.0,0.0,0.0,0.0,0.0,0.0,0.0,0.0,0.0,0.0,0.0,0.0,0.0,0.0,0.0,0.0,0.0,0.0,0.0,0.0,0.0,0.0,0.0,0.0,0.0,0.0,0.0,0.0,0.0,0.0,0.0,0.0,0.0,0.0,0.0,0.0,0.0,0.0,0.0,0.0,0.0,0.0,0.0,0.0,0.0,0.0,0.0,0.0,0.0,0.0,0.0,0.0,0.0,0.0,0.0,0.0,0.0,0.0,0.0,0.0,0.0,0.0,
0.0,0.0,0.0,0.0,0.0,0.0,0.0,0.0,0.0,0.0,0.0,0.0,0.0,0.0,0.0,0.0,0.0,0.0,0.0,0.0,0.0,0.0,0.0,0.0,0.0,0.0,0.0,0.0,0.0,0.0,0.0,0.0,0.0,0.0,0.0,0.0,0.0,0.0,0.0,0.0,0.0,0.0,0.0,0.0,0.0,0.0,0.0,0.0,0.0,0.0,0.0,0.0,0.0,0.0,0.0,0.0,0.0,0.0,0.0,0.0,0.0,0.0,0.0,0.0,0.0,0.0,0.0,0.0,0.0,0.0,0.0,0.0,0.0,0.0,0.0,0.0,0.0,0.0,0.0,0.0,0.0,0.0,0.0,0.0,0.0,0.0,0.0,0.0,0.0,0.0,0.0,0.0,0.0,0.0,0.0,0.0,0.0,0.0,0.0,0.0,
0.0,0.0,0.0,0.0,0.0,0.0,0.0,0.0,0.0,0.0,0.0,0.0,0.0,0.0,0.0,0.0,0.0,0.0,0.0,0.0,0.0,0.0,0.0,0.0,0.0,0.0,0.0,0.0,0.0,0.0,0.0,0.0,0.0,0.0,0.0,0.0,0.0,0.0,0.0,0.0,0.0,0.0,0.0,0.0,0.0,0.0,0.0,0.0,0.0,0.0,0.0,0.0,0.0,0.0,0.0,0.0,0.0,0.0,0.0,0.0,0.0,0.0,0.0,0.0,0.0,0.0,0.0,0.0,0.0,0.0,0.0,0.0,0.0,0.0,0.0,0.0,0.0,0.0,0.0,0.0,0.0,0.0,0.0,0.0,0.0,0.0,0.0,0.0,0.0,0.0,0.0,0.0,0.0,0.0,0.0,0.0,0.0,0.0,0.0,0.0,
0.0,0.0,0.0,0.0,0.0,0.0,0.0,0.0,0.0,0.0,0.0,0.0,0.0,0.0,0.0,0.0,0.0,0.0,0.0,0.0,0.0,0.0,0.0,0.0,0.0,0.0,0.0,0.0,0.0,0.0,0.0,0.0,0.0,0.0,0.0,0.0,0.0,0.0,0.0,0.0,0.0,0.0,0.0,0.0,0.0,0.0,0.0,0.0,0.0,0.0,0.0,0.0,0.0,0.0,0.0,0.0,0.0,0.0,0.0,0.0,0.0,0.0,0.0,0.0,0.0,0.0,0.0,0.0,0.0,0.0,0.0,0.0,0.0,0.0,0.0,0.0,0.0,0.0,0.0,0.0,0.0,0.0,0.0,0.0,0.0,0.0,0.0,0.0,0.0,0.0,0.0,0.0,0.0,0.0,0.0,0.0,0.0,0.0,0.0,0.0,
0.0,0.0,-0.058,-0.057,-0.112,-0.087,-0.119,-0.103,-0.084,-0.158,-0.109,-0.149,-0.125,-0.158,-0.108,-0.193,-0.08,-0.16,-0.108,-0.128,-0.093,-0.128,-0.087,-0.117,-0.086,-0.158,-0.109,-0.149,-0.125,-0.158,-0.108,-0.193,-0.08,-0.16,-0.108,-0.128,-0.093,-0.128,-0.087,-0.117,-0.086,-0.158,-0.109,-0.149,-0.125,-0.158,-0.108,-0.193,-0.08,-0.16,-0.108,-0.128,-0.093,-0.128,-0.087,-0.117,-0.086,-0.158,-0.109,-0.149,-0.125,-0.158,-0.108,-0.193,-0.08,-0.16,-0.108,-0.128,-0.093,-0.128,-0.087,-0.117,-0.086,-0.158,-0.109,-0.149,-0.125,-0.158,-0.108,-0.193,-0.08,-0.16,-0.108,-0.128,-0.093,-0.128,-0.087,-0.117,-0.086,-0.158,-0.109,-0.149,-0.125,-0.158,-0.108,-0.193,-0.08,-0.16,-0.108,-0.128,
0.0,0.0,0.0,-0.019,-0.003,0.0,-0.022,-0.001,0.0,-0.022,-0.001,0.0,-0.022,-0.001,0.0,-0.022,-0.001,0.0,-0.022,-0.001,0.0,-0.022,-0.001,0.0,-0.022,-0.001,0.0,-0.022,-0.001,0.0,-0.022,-0.001,0.0,-0.022,-0.001,0.0,-0.022,-0.001,0.0,-0.022,-0.001,0.0,-0.022,-0.001,0.0,-0.022,-0.001,0.0,-0.022,-0.001,0.0,-0.022,-0.001,0.0,-0.022,-0.001,0.0,-0.022,-0.001,0.0,-0.022,-0.001,0.0,-0.022,-0.001,0.0,-0.022,-0.001,0.0,-0.022,-0.001,0.0,-0.022,-0.001,0.0,-0.022,-0.001,0.0,-0.022,-0.001,0.0,-0.022,-0.001,0.0,-0.022,-0.001,0.0,-0.022,-0.001,0.0,-0.022,-0.001,0.0,-0.022,-0.001,0.0,-0.022,-0.001,0.0,-0.022,
0.0,0.0,0.0,0.0,-0.002,0.002,0.003,0.008,0.003,0.002,0.002,0.003,0.008,0.003,0.002,0.002,0.003,0.008,0.003,0.002,0.002,0.003,0.008,0.003,0.002,0.002,0.003,0.008,0.003,0.002,0.002,0.003,0.008,0.003,0.002,0.002,0.003,0.008,0.003,0.002,0.002,0.003,0.008,0.003,0.002,0.002,0.003,0.008,0.003,0.002,0.002,0.003,0.008,0.003,0.002,0.002,0.003,0.008,0.003,0.002,0.002,0.003,0.008,0.003,0.002,0.002,0.003,0.008,0.003,0.002,0.002,0.003,0.008,0.003,0.002,0.002,0.003,0.008,0.003,0.002,0.002,0.003,0.008,0.003,0.002,0.002,0.003,0.008,0.003,0.002,0.002,0.003,0.008,0.003,0.002,0.002,0.003,0.008,0.003,0.002,
0.0,0.0,0.0,0.0,-0.004,-0.07,-0.004,-0.07,-0.004,-0.07,-0.004,-0.07,-0.004,-0.07,-0.004,-0.07,-0.004,-0.07,-0.004,-0.07,-0.004,-0.07,-0.004,-0.07,-0.004,-0.07,-0.004,-0.07,-0.004,-0.07,-0.004,-0.07,-0.004,-0.07,-0.004,-0.07,-0.004,-0.07,-0.004,-0.07,-0.004,-0.07,-0.004,-0.07,-0.004,-0.07,-0.004,-0.07,-0.004,-0.07,-0.004,-0.07,-0.004,-0.07,-0.004,-0.07,-0.004,-0.07,-0.004,-0.07,-0.004,-0.07,-0.004,-0.07,-0.004,-0.07,-0.004,-0.07,-0.004,-0.07,-0.004,-0.07,-0.004,-0.07,-0.004,-0.07,-0.004,-0.07,-0.004,-0.07,-0.004,-0.07,-0.004,-0.07,-0.004,-0.07,-0.004,-0.07,-0.004,-0.07,-0.004,-0.07,-0.004,-0.07,-0.004,-0.07,-0.004,-0.07,-0.004,-0.07,
0.0,0.0,-0.159,-0.182,-0.176,-0.2,-0.194,-0.166,-0.197,-0.193,-0.166,-0.197,-0.193,-0.166,-0.197,-0.193,-0.166,-0.197,-0.193,-0.166,-0.197,-0.193,-0.166,-0.197,-0.193,-0.166,-0.197,-0.193,-0.166,-0.197,-0.193,-0.166,-0.197,-0.193,-0.166,-0.197,-0.193,-0.166,-0.197,-0.193,-0.166,-0.197,-0.193,-0.166,-0.197,-0.193,-0.166,-0.197,-0.193,-0.166,-0.197,-0.193,-0.166,-0.197,-0.193,-0.166,-0.197,-0.193,-0.166,-0.197,-0.193,-0.166,-0.197,-0.193,-0.166,-0.197,-0.193,-0.166,-0.197,-0.193,-0.166,-0.197,-0.193,-0.166,-0.197,-0.193,-0.166,-0.197,-0.193,-0.166,-0.197,-0.193,-0.166,-0.197,-0.193,-0.166,-0.197,-0.193,-0.166,-0.197,-0.193,-0.166,-0.197,-0.193,-0.166,-0.197,-0.193,-0.166,-0.197,-0.193,
0.0,0.0,0.0,0.0,0.0,0.0,0.0,0.0,0.0,0.0,0.0,0.0,0.0,0.0,0.0,0.0,0.0,0.0,0.0,0.0,0.0,0.0,0.0,0.0,0.0,0.0,0.0,0.0,0.0,0.0,0.0,0.0,0.0,0.0,0.0,0.0,0.0,0.0,0.0,0.0,0.0,0.0,0.0,0.0,0.0,0.0,0.0,0.0,0.0,0.0,0.0,0.0,0.0,0.0,0.0,0.0,0.0,0.0,0.0,0.0,0.0,0.0,0.0,0.0,0.0,0.0,0.0,0.0,0.0,0.0,0.0,0.0,0.0,0.0,0.0,0.0,0.0,0.0,0.0,0.0,0.0,0.0,0.0,0.0,0.0,0.0,0.0,0.0,0.0,0.0,0.0,0.0,0.0,0.0,0.0,0.0,0.0,0.0,0.0,0.0,
0.0,0.0,0.0,0.0,0.0,0.0,0.0,0.0,0.0,0.0,0.0,0.0,0.0,0.0,0.0,0.0,0.0,0.0,0.0,0.0,0.0,0.0,0.0,0.0,0.0,0.0,0.0,0.0,0.0,0.0,0.0,0.0,0.0,0.0,0.0,0.0,0.0,0.0,0.0,0.0,0.0,0.0,0.0,0.0,0.0,0.0,0.0,0.0,0.0,0.0,0.0,0.0,0.0,0.0,0.0,0.0,0.0,0.0,0.0,0.0,0.0,0.0,0.0,0.0,0.0,0.0,0.0,0.0,0.0,0.0,0.0,0.0,0.0,0.0,0.0,0.0,0.0,0.0,0.0,0.0,0.0,0.0,0.0,0.0,0.0,0.0,0.0,0.0,0.0,0.0,0.0,0.0,0.0,0.0,0.0,0.0,0.0,0.0,0.0,0.0,
0.0,0.0,0.0,0.0,0.0,0.0,0.0,0.0,0.0,0.0,0.0,0.0,0.0,0.0,0.0,0.0,0.0,0.0,0.0,0.0,0.0,0.0,0.0,0.0,0.0,0.0,0.0,0.0,0.0,0.0,0.0,0.0,0.0,0.0,0.0,0.0,0.0,0.0,0.0,0.0,0.0,0.0,0.0,0.0,0.0,0.0,0.0,0.0,0.0,0.0,0.0,0.0,0.0,0.0,0.0,0.0,0.0,0.0,0.0,0.0,0.0,0.0,0.0,0.0,0.0,0.0,0.0,0.0,0.0,0.0,0.0,0.0,0.0,0.0,0.0,0.0,0.0,0.0,0.0,0.0,0.0,0.0,0.0,0.0,0.0,0.0,0.0,0.0,0.0,0.0,0.0,0.0,0.0,0.0,0.0,0.0,0.0,0.0,0.0,0.0,
0.0,0.0,0.0,0.0,0.0,0.0,0.0,0.0,0.0,0.0,0.0,0.0,0.0,0.0,0.0,0.0,0.0,0.0,0.0,0.0,0.0,0.0,0.0,0.0,0.0,0.0,0.0,0.0,0.0,0.0,0.0,0.0,0.0,0.0,0.0,0.0,0.0,0.0,0.0,0.0,0.0,0.0,0.0,0.0,0.0,0.0,0.0,0.0,0.0,0.0,0.0,0.0,0.0,0.0,0.0,0.0,0.0,0.0,0.0,0.0,0.0,0.0,0.0,0.0,0.0,0.0,0.0,0.0,0.0,0.0,0.0,0.0,0.0,0.0,0.0,0.0,0.0,0.0,0.0,0.0,0.0,0.0,0.0,0.0,0.0,0.0,0.0,0.0,0.0,0.0,0.0,0.0,0.0,0.0,0.0,0.0,0.0,0.0,0.0,0.0,
0.0,0.0,0.0,0.0,0.0,0.0,0.0,0.0,0.0,0.0,0.0,0.0,0.0,0.0,0.0,0.0,0.0,0.0,0.0,0.0,0.0,0.0,0.0,0.0,0.0,0.0,0.0,0.0,0.0,0.0,0.0,0.0,0.0,0.0,0.0,0.0,0.0,0.0,0.0,0.0,0.0,0.0,0.0,0.0,0.0,0.0,0.0,0.0,0.0,0.0,0.0,0.0,0.0,0.0,0.0,0.0,0.0,0.0,0.0,0.0,0.0,0.0,0.0,0.0,0.0,0.0,0.0,0.0,0.0,0.0,0.0,0.0,0.0,0.0,0.0,0.0,0.0,0.0,0.0,0.0,0.0,0.0,0.0,0.0,0.0,0.0,0.0,0.0,0.0,0.0,0.0,0.0,0.0,0.0,0.0,0.0,0.0,0.0,0.0,0.0,
0.0,0.0,-0.026,-0.058,-0.038,-0.09,-0.098,-0.06,-0.094,-0.093,-0.092,-0.101,-0.101,-0.095,-0.091,-0.099,-0.104,-0.105,-0.095,-0.101,-0.101,-0.095,-0.091,-0.099,-0.104,-0.105,-0.095,-0.101,-0.101,-0.095,-0.091,-0.099,-0.104,-0.105,-0.095,-0.101,-0.101,-0.095,-0.091,-0.099,-0.104,-0.105,-0.095,-0.101,-0.101,-0.095,-0.091,-0.099,-0.104,-0.105,-0.095,-0.101,-0.101,-0.095,-0.091,-0.099,-0.104,-0.105,-0.095,-0.101,-0.101,-0.095,-0.091,-0.099,-0.104,-0.105,-0.095,-0.101,-0.101,-0.095,-0.091,-0.099,-0.104,-0.105,-0.095,-0.101,-0.101,-0.095,-0.091,-0.099,-0.104,-0.105,-0.095,-0.101,-0.101,-0.095,-0.091,-0.099,-0.104,-0.105,-0.095,-0.101,-0.101,-0.095,-0.091,-0.099,-0.104,-0.105,-0.095,-0.101,
0.0,0.0,0.0,0.0,0.0,0.0,0.0,0.0,0.0,0.0,0.0,0.0,0.0,0.0,0.0,0.0,0.0,0.0,0.0,0.0,0.0,0.0,0.0,0.0,0.0,0.0,0.0,0.0,0.0,0.0,0.0,0.0,0.0,0.0,0.0,0.0,0.0,0.0,0.0,0.0,0.0,0.0,0.0,0.0,0.0,0.0,0.0,0.0,0.0,0.0,0.0,0.0,0.0,0.0,0.0,0.0,0.0,0.0,0.0,0.0,0.0,0.0,0.0,0.0,0.0,0.0,0.0,0.0,0.0,0.0,0.0,0.0,0.0,0.0,0.0,0.0,0.0,0.0,0.0,0.0,0.0,0.0,0.0,0.0,0.0,0.0,0.0,0.0,0.0,0.0,0.0,0.0,0.0,0.0,0.0,0.0,0.0,0.0,0.0,0.0,
0.0,0.0,0.0,0.0,0.0,0.0,0.0,0.0,0.0,0.0,0.0,0.0,0.0,0.0,0.0,0.0,0.0,0.0,0.0,0.0,0.0,0.0,0.0,0.0,0.0,0.0,0.0,0.0,0.0,0.0,0.0,0.0,0.0,0.0,0.0,0.0,0.0,0.0,0.0,0.0,0.0,0.0,0.0,0.0,0.0,0.0,0.0,0.0,0.0,0.0,0.0,0.0,0.0,0.0,0.0,0.0,0.0,0.0,0.0,0.0,0.0,0.0,0.0,0.0,0.0,0.0,0.0,0.0,0.0,0.0,0.0,0.0,0.0,0.0,0.0,0.0,0.0,0.0,0.0,0.0,0.0,0.0,0.0,0.0,0.0,0.0,0.0,0.0,0.0,0.0,0.0,0.0,0.0,0.0,0.0,0.0,0.0,0.0,0.0,0.0,
0.0,0.0,0.0,0.0,0.0,0.0,0.0,0.0,0.0,0.0,0.0,0.0,0.0,0.0,0.0,0.0,0.0,0.0,0.0,0.0,0.0,0.0,0.0,0.0,0.0,0.0,0.0,0.0,0.0,0.0,0.0,0.0,0.0,0.0,0.0,0.0,0.0,0.0,0.0,0.0,0.0,0.0,0.0,0.0,0.0,0.0,0.0,0.0,0.0,0.0,0.0,0.0,0.0,0.0,0.0,0.0,0.0,0.0,0.0,0.0,0.0,0.0,0.0,0.0,0.0,0.0,0.0,0.0,0.0,0.0,0.0,0.0,0.0,0.0,0.0,0.0,0.0,0.0,0.0,0.0,0.0,0.0,0.0,0.0,0.0,0.0,0.0,0.0,0.0,0.0,0.0,0.0,0.0,0.0,0.0,0.0,0.0,0.0,0.0,0.0,
0.0,0.0,0.0,0.0,0.0,0.0,0.0,0.0,0.0,0.0,0.0,0.0,0.0,0.0,0.0,0.0,0.0,0.0,0.0,0.0,0.0,0.0,0.0,0.0,0.0,0.0,0.0,0.0,0.0,0.0,0.0,0.0,0.0,0.0,0.0,0.0,0.0,0.0,0.0,0.0,0.0,0.0,0.0,0.0,0.0,0.0,0.0,0.0,0.0,0.0,0.0,0.0,0.0,0.0,0.0,0.0,0.0,0.0,0.0,0.0,0.0,0.0,0.0,0.0,0.0,0.0,0.0,0.0,0.0,0.0,0.0,0.0,0.0,0.0,0.0,0.0,0.0,0.0,0.0,0.0,0.0,0.0,0.0,0.0,0.0,0.0,0.0,0.0,0.0,0.0,0.0,0.0,0.0,0.0,0.0,0.0,0.0,0.0,0.0,0.0,
0.0,0.0,0.0,0.0,0.0,0.0,0.0,0.0,0.0,0.0,0.0,0.0,0.0,0.0,0.0,0.0,0.0,0.0,0.0,0.0,0.0,0.0,0.0,0.0,0.0,0.0,0.0,0.0,0.0,0.0,0.0,0.0,0.0,0.0,0.0,0.0,0.0,0.0,0.0,0.0,0.0,0.0,0.0,0.0,0.0,0.0,0.0,0.0,0.0,0.0,0.0,0.0,0.0,0.0,0.0,0.0,0.0,0.0,0.0,0.0,0.0,0.0,0.0,0.0,0.0,0.0,0.0,0.0,0.0,0.0,0.0,0.0,0.0,0.0,0.0,0.0,0.0,0.0,0.0,0.0,0.0,0.0,0.0,0.0,0.0,0.0,0.0,0.0,0.0,0.0,0.0,0.0,0.0,0.0,0.0,0.0,0.0,0.0,0.0,0.0,
0.0,0.0,0.0,0.0,0.0,0.0,0.0,0.0,0.0,0.0,0.0,0.0,0.0,0.0,0.0,0.0,0.0,0.0,0.0,0.0,0.0,0.0,0.0,0.0,0.0,0.0,0.0,0.0,0.0,0.0,0.0,0.0,0.0,0.0,0.0,0.0,0.0,0.0,0.0,0.0,0.0,0.0,0.0,0.0,0.0,0.0,0.0,0.0,0.0,0.0,0.0,0.0,0.0,0.0,0.0,0.0,0.0,0.0,0.0,0.0,0.0,0.0,0.0,0.0,0.0,0.0,0.0,0.0,0.0,0.0,0.0,0.0,0.0,0.0,0.0,0.0,0.0,0.0,0.0,0.0,0.0,0.0,0.0,0.0,0.0,0.0,0.0,0.0,0.0,0.0,0.0,0.0,0.0,0.0,0.0,0.0,0.0,0.0,0.0,0.0,
0.0,0.0,-0.129,-0.151,-0.161,-0.157,-0.164,-0.161,-0.164,-0.161,-0.164,-0.161,-0.164,-0.161,-0.164,-0.161,-0.164,-0.161,-0.164,-0.161,-0.164,-0.161,-0.164,-0.161,-0.164,-0.161,-0.164,-0.161,-0.164,-0.161,-0.164,-0.161,-0.164,-0.161,-0.164,-0.161,-0.164,-0.161,-0.164,-0.161,-0.164,-0.161,-0.164,-0.161,-0.164,-0.161,-0.164,-0.161,-0.164,-0.161,-0.164,-0.161,-0.164,-0.161,-0.164,-0.161,-0.164,-0.161,-0.164,-0.161,-0.164,-0.161,-0.164,-0.161,-0.164,-0.161,-0.164,-0.161,-0.164,-0.161,-0.164,-0.161,-0.164,-0.161,-0.164,-0.161,-0.164,-0.161,-0.164,-0.161,-0.164,-0.161,-0.164,-0.161,-0.164,-0.161,-0.164,-0.161,-0.164,-0.161,-0.164,-0.161,-0.164,-0.161,-0.164,-0.161,-0.164,-0.161,-0.164,-0.161,
0.0,0.0,0.0,0.0,0.0,0.0,0.0,0.0,0.0,0.0,0.0,0.0,0.0,0.0,0.0,0.0,0.0,0.0,0.0,0.0,0.0,0.0,0.0,0.0,0.0,0.0,0.0,0.0,0.0,0.0,0.0,0.0,0.0,0.0,0.0,0.0,0.0,0.0,0.0,0.0,0.0,0.0,0.0,0.0,0.0,0.0,0.0,0.0,0.0,0.0,0.0,0.0,0.0,0.0,0.0,0.0,0.0,0.0,0.0,0.0,0.0,0.0,0.0,0.0,0.0,0.0,0.0,0.0,0.0,0.0,0.0,0.0,0.0,0.0,0.0,0.0,0.0,0.0,0.0,0.0,0.0,0.0,0.0,0.0,0.0,0.0,0.0,0.0,0.0,0.0,0.0,0.0,0.0,0.0,0.0,0.0,0.0,0.0,0.0,0.0,
0.0,0.0,-0.009,-0.042,-0.072,-0.018,-0.151,-0.128,-0.053,-0.078,-0.027,-0.037,-0.081,-0.085,0.013,-0.065,-0.087,0.008,-0.12,-0.04,0.025,-0.122,-0.044,-0.035,-0.076,-0.027,-0.037,-0.081,-0.085,0.013,-0.065,-0.087,0.008,-0.12,-0.04,0.025,-0.122,-0.044,-0.035,-0.076,-0.027,-0.037,-0.081,-0.085,0.013,-0.065,-0.087,0.008,-0.12,-0.04,0.025,-0.122,-0.044,-0.035,-0.076,-0.027,-0.037,-0.081,-0.085,0.013,-0.065,-0.087,0.008,-0.12,-0.04,0.025,-0.122,-0.044,-0.035,-0.076,-0.027,-0.037,-0.081,-0.085,0.013,-0.065,-0.087,0.008,-0.12,-0.04,0.025,-0.122,-0.044,-0.035,-0.076,-0.027,-0.037,-0.081,-0.085,0.013,-0.065,-0.087,0.008,-0.12,-0.04,0.025,-0.122,-0.044,-0.035,-0.076,
0.0,0.0,0.0,0.0,0.0,0.0,0.0,0.0,0.0,0.0,0.0,0.0,0.0,0.0,0.0,0.0,0.0,0.0,0.0,0.0,0.0,0.0,0.0,0.0,0.0,0.0,0.0,0.0,0.0,0.0,0.0,0.0,0.0,0.0,0.0,0.0,0.0,0.0,0.0,0.0,0.0,0.0,0.0,0.0,0.0,0.0,0.0,0.0,0.0,0.0,0.0,0.0,0.0,0.0,0.0,0.0,0.0,0.0,0.0,0.0,0.0,0.0,0.0,0.0,0.0,0.0,0.0,0.0,0.0,0.0,0.0,0.0,0.0,0.0,0.0,0.0,0.0,0.0,0.0,0.0,0.0,0.0,0.0,0.0,0.0,0.0,0.0,0.0,0.0,0.0,0.0,0.0,0.0,0.0,0.0,0.0,0.0,0.0,0.0,0.0,
0.0,0.0,0.0,0.0,0.0,0.0,0.0,0.0,0.0,0.0,0.0,0.0,0.0,0.0,0.0,0.0,0.0,0.0,0.0,0.0,0.0,0.0,0.0,0.0,0.0,0.0,0.0,0.0,0.0,0.0,0.0,0.0,0.0,0.0,0.0,0.0,0.0,0.0,0.0,0.0,0.0,0.0,0.0,0.0,0.0,0.0,0.0,0.0,0.0,0.0,0.0,0.0,0.0,0.0,0.0,0.0,0.0,0.0,0.0,0.0,0.0,0.0,0.0,0.0,0.0,0.0,0.0,0.0,0.0,0.0,0.0,0.0,0.0,0.0,0.0,0.0,0.0,0.0,0.0,0.0,0.0,0.0,0.0,0.0,0.0,0.0,0.0,0.0,0.0,0.0,0.0,0.0,0.0,0.0,0.0,0.0,0.0,0.0,0.0,0.0,
0.0,0.0,0.0,0.0,0.0,0.0,0.0,0.0,0.0,0.0,0.0,0.0,0.0,0.0,0.0,0.0,0.0,0.0,0.0,0.0,0.0,0.0,0.0,0.0,0.0,0.0,0.0,0.0,0.0,0.0,0.0,0.0,0.0,0.0,0.0,0.0,0.0,0.0,0.0,0.0,0.0,0.0,0.0,0.0,0.0,0.0,0.0,0.0,0.0,0.0,0.0,0.0,0.0,0.0,0.0,0.0,0.0,0.0,0.0,0.0,0.0,0.0,0.0,0.0,0.0,0.0,0.0,0.0,0.0,0.0,0.0,0.0,0.0,0.0,0.0,0.0,0.0,0.0,0.0,0.0,0.0,0.0,0.0,0.0,0.0,0.0,0.0,0.0,0.0,0.0,0.0,0.0,0.0,0.0,0.0,0.0,0.0,0.0,0.0,0.0,
0.0,0.0,-0.004,-0.012,-0.009,-0.001,-0.006,-0.012,-0.003,-0.01,-0.024,-0.035,-0.037,-0.041,-0.04,-0.043,-0.038,-0.041,-0.04,-0.043,-0.038,-0.041,-0.04,-0.043,-0.038,-0.041,-0.04,-0.043,-0.038,-0.041,-0.04,-0.043,-0.038,-0.041,-0.04,-0.043,-0.038,-0.041,-0.04,-0.043,-0.038,-0.041,-0.04,-0.043,-0.038,-0.041,-0.04,-0.043,-0.038,-0.041,-0.04,-0.043,-0.038,-0.041,-0.04,-0.043,-0.038,-0.041,-0.04,-0.043,-0.038,-0.041,-0.04,-0.043,-0.038,-0.041,-0.04,-0.043,-0.038,-0.041,-0.04,-0.043,-0.038,-0.041,-0.04,-0.043,-0.038,-0.041,-0.04,-0.043,-0.038,-0.041,-0.04,-0.043,-0.038,-0.041,-0.04,-0.043,-0.038,-0.041,-0.04,-0.043,-0.038,-0.041,-0.04,-0.043,-0.038,-0.041,-0.04,-0.043,
0.0,0.0,0.0,0.0,0.0,0.0,0.0,0.0,0.0,0.0,0.0,0.0,0.0,0.0,0.0,0.0,0.0,0.0,0.0,0.0,0.0,0.0,0.0,0.0,0.0,0.0,0.0,0.0,0.0,0.0,0.0,0.0,0.0,0.0,0.0,0.0,0.0,0.0,0.0,0.0,0.0,0.0,0.0,0.0,0.0,0.0,0.0,0.0,0.0,0.0,0.0,0.0,0.0,0.0,0.0,0.0,0.0,0.0,0.0,0.0,0.0,0.0,0.0,0.0,0.0,0.0,0.0,0.0,0.0,0.0,0.0,0.0,0.0,0.0,0.0,0.0,0.0,0.0,0.0,0.0,0.0,0.0,0.0,0.0,0.0,0.0,0.0,0.0,0.0,0.0,0.0,0.0,0.0,0.0,0.0,0.0,0.0,0.0,0.0,0.0,
0.0,0.0,0.0,0.0,0.0,0.0,0.0,0.0,-0.075,-0.078,-0.016,-0.008,-0.019,-0.05,0.033,-0.043,-0.071,-0.03,0.008,-0.034,-0.035,0.018,-0.028,-0.085,-0.014,-0.008,-0.019,-0.05,0.033,-0.043,-0.071,-0.03,0.008,-0.034,-0.035,0.018,-0.028,-0.085,-0.014,-0.008,-0.019,-0.05,0.033,-0.043,-0.071,-0.03,0.008,-0.034,-0.035,0.018,-0.028,-0.085,-0.014,-0.008,-0.019,-0.05,0.033,-0.043,-0.071,-0.03,0.008,-0.034,-0.035,0.018,-0.028,-0.085,-0.014,-0.008,-0.019,-0.05,0.033,-0.043,-0.071,-0.03,0.008,-0.034,-0.035,0.018,-0.028,-0.085,-0.014,-0.008,-0.019,-0.05,0.033,-0.043,-0.071,-0.03,0.008,-0.034,-0.035,0.018,-0.028,-0.085,-0.014,-0.008,-0.019,-0.05,0.033,-0.043,
0.0,0.0,0.0,0.0,0.0,0.0,0.0,0.0,0.0,0.0,0.0,0.0,0.0,0.0,0.0,0.0,0.0,0.0,0.0,0.0,0.0,0.0,0.0,0.0,0.0,0.0,0.0,0.0,0.0,0.0,0.0,0.0,0.0,0.0,0.0,0.0,0.0,0.0,0.0,0.0,0.0,0.0,0.0,0.0,0.0,0.0,0.0,0.0,0.0,0.0,0.0,0.0,0.0,0.0,0.0,0.0,0.0,0.0,0.0,0.0,0.0,0.0,0.0,0.0,0.0,0.0,0.0,0.0,0.0,0.0,0.0,0.0,0.0,0.0,0.0,0.0,0.0,0.0,0.0,0.0,0.0,0.0,0.0,0.0,0.0,0.0,0.0,0.0,0.0,0.0,0.0,0.0,0.0,0.0,0.0,0.0,0.0,0.0,0.0,0.0,
0.0,0.0,0.0,0.0,0.0,0.0,0.0,0.0,0.0,0.0,0.0,0.0,0.0,0.0,0.0,0.0,0.0,0.0,0.0,0.0,0.0,0.0,0.0,0.0,0.0,0.0,0.0,0.0,0.0,0.0,0.0,0.0,0.0,0.0,0.0,0.0,0.0,0.0,0.0,0.0,0.0,0.0,0.0,0.0,0.0,0.0,0.0,0.0,0.0,0.0,0.0,0.0,0.0,0.0,0.0,0.0,0.0,0.0,0.0,0.0,0.0,0.0,0.0,0.0,0.0,0.0,0.0,0.0,0.0,0.0,0.0,0.0,0.0,0.0,0.0,0.0,0.0,0.0,0.0,0.0,0.0,0.0,0.0,0.0,0.0,0.0,0.0,0.0,0.0,0.0,0.0,0.0,0.0,0.0,0.0,0.0,0.0,0.0,0.0,0.0,
0.0,0.0,-0.066,-0.005,0.026,-0.068,-0.06,-0.102,-0.005,-0.063,0.002,-0.062,0.002,-0.06,0.002,-0.06,0.002,-0.06,0.002,-0.06,0.002,-0.06,0.002,-0.06,0.002,-0.06,0.002,-0.06,0.002,-0.06,0.002,-0.06,0.002,-0.06,0.002,-0.06,0.002,-0.06,0.002,-0.06,0.002,-0.06,0.002,-0.06,0.002,-0.06,0.002,-0.06,0.002,-0.06,0.002,-0.06,0.002,-0.06,0.002,-0.06,0.002,-0.06,0.002,-0.06,0.002,-0.06,0.002,-0.06,0.002,-0.06,0.002,-0.06,0.002,-0.06,0.002,-0.06,0.002,-0.06,0.002,-0.06,0.002,-0.06,0.002,-0.06,0.002,-0.06,0.002,-0.06,0.002,-0.06,0.002,-0.06,0.002,-0.06,0.002,-0.06,0.002,-0.06,0.002,-0.06,0.002,-0.06,0.002,-0.06,
0.0,0.0,0.0,0.0,0.0,0.0,0.0,0.0,0.0,0.0,0.0,0.0,0.0,0.0,0.0,0.0,0.0,0.0,0.0,0.0,0.0,0.0,0.0,0.0,0.0,0.0,0.0,0.0,0.0,0.0,0.0,0.0,0.0,0.0,0.0,0.0,0.0,0.0,0.0,0.0,0.0,0.0,0.0,0.0,0.0,0.0,0.0,0.0,0.0,0.0,0.0,0.0,0.0,0.0,0.0,0.0,0.0,0.0,0.0,0.0,0.0,0.0,0.0,0.0,0.0,0.0,0.0,0.0,0.0,0.0,0.0,0.0,0.0,0.0,0.0,0.0,0.0,0.0,0.0,0.0,0.0,0.0,0.0,0.0,0.0,0.0,0.0,0.0,0.0,0.0,0.0,0.0,0.0,0.0,0.0,0.0,0.0,0.0,0.0,0.0,
0.0,0.0,0.0,-0.062,0.058,0.019,0.078,-0.005,0.087,0.016,0.064,0.022,0.078,-0.005,0.087,0.016,0.064,0.022,0.078,-0.005,0.087,0.016,0.064,0.022,0.078,-0.005,0.087,0.016,0.064,0.022,0.078,-0.005,0.087,0.016,0.064,0.022,0.078,-0.005,0.087,0.016,0.064,0.022,0.078,-0.005,0.087,0.016,0.064,0.022,0.078,-0.005,0.087,0.016,0.064,0.022,0.078,-0.005,0.087,0.016,0.064,0.022,0.078,-0.005,0.087,0.016,0.064,0.022,0.078,-0.005,0.087,0.016,0.064,0.022,0.078,-0.005,0.087,0.016,0.064,0.022,0.078,-0.005,0.087,0.016,0.064,0.022,0.078,-0.005,0.087,0.016,0.064,0.022,0.078,-0.005,0.087,0.016,0.064,0.022,0.078,-0.005,0.087,0.016,
0.0,0.0,-0.017,-0.036,-0.032,-0.034,-0.041,-0.047,-0.049,-0.049,-0.049,-0.049,-0.049,-0.049,-0.049,-0.049,-0.049,-0.049,-0.049,-0.049,-0.049,-0.049,-0.049,-0.049,-0.049,-0.049,-0.049,-0.049,-0.049,-0.049,-0.049,-0.049,-0.049,-0.049,-0.049,-0.049,-0.049,-0.049,-0.049,-0.049,-0.049,-0.049,-0.049,-0.049,-0.049,-0.049,-0.049,-0.049,-0.049,-0.049,-0.049,-0.049,-0.049,-0.049,-0.049,-0.049,-0.049,-0.049,-0.049,-0.049,-0.049,-0.049,-0.049,-0.049,-0.049,-0.049,-0.049,-0.049,-0.049,-0.049,-0.049,-0.049,-0.049,-0.049,-0.049,-0.049,-0.049,-0.049,-0.049,-0.049,-0.049,-0.049,-0.049,-0.049,-0.049,-0.049,-0.049,-0.049,-0.049,-0.049,-0.049,-0.049,-0.049,-0.049,-0.049,-0.049,-0.049,-0.049,-0.049,-0.049,
0.0,0.0,0.0,-0.07,-0.153,-0.143,-0.18,-0.155,-0.18,-0.117,-0.131,-0.134,-0.141,-0.102,-0.162,-0.113,-0.131,-0.134,-0.141,-0.102,-0.162,-0.113,-0.131,-0.134,-0.141,-0.102,-0.162,-0.113,-0.131,-0.134,-0.141,-0.102,-0.162,-0.113,-0.131,-0.134,-0.141,-0.102,-0.162,-0.113,-0.131,-0.134,-0.141,-0.102,-0.162,-0.113,-0.131,-0.134,-0.141,-0.102,-0.162,-0.113,-0.131,-0.134,-0.141,-0.102,-0.162,-0.113,-0.131,-0.134,-0.141,-0.102,-0.162,-0.113,-0.131,-0.134,-0.141,-0.102,-0.162,-0.113,-0.131,-0.134,-0.141,-0.102,-0.162,-0.113,-0.131,-0.134,-0.141,-0.102,-0.162,-0.113,-0.131,-0.134,-0.141,-0.102,-0.162,-0.113,-0.131,-0.134,-0.141,-0.102,-0.162,-0.113,-0.131,-0.134,-0.141,-0.102,-0.162,-0.113,
0.0,0.0,0.0,0.0,0.0,0.0,0.0,0.0,0.0,0.0,0.0,0.0,0.0,0.0,0.0,0.0,0.0,0.0,0.0,0.0,0.0,0.0,0.0,0.0,0.0,0.0,0.0,0.0,0.0,0.0,0.0,0.0,0.0,0.0,0.0,0.0,0.0,0.0,0.0,0.0,0.0,0.0,0.0,0.0,0.0,0.0,0.0,0.0,0.0,0.0,0.0,0.0,0.0,0.0,0.0,0.0,0.0,0.0,0.0,0.0,0.0,0.0,0.0,0.0,0.0,0.0,0.0,0.0,0.0,0.0,0.0,0.0,0.0,0.0,0.0,0.0,0.0,0.0,0.0,0.0,0.0,0.0,0.0,0.0,0.0,0.0,0.0,0.0,0.0,0.0,0.0,0.0,0.0,0.0,0.0,0.0,0.0,0.0,0.0,0.0,
0.0,0.0,0.0,-0.008,-0.165,-0.105,-0.188,-0.13,-0.118,-0.144,-0.178,-0.071,-0.188,-0.133,-0.118,-0.144,-0.178,-0.071,-0.188,-0.133,-0.118,-0.144,-0.178,-0.071,-0.188,-0.133,-0.118,-0.144,-0.178,-0.071,-0.188,-0.133,-0.118,-0.144,-0.178,-0.071,-0.188,-0.133,-0.118,-0.144,-0.178,-0.071,-0.188,-0.133,-0.118,-0.144,-0.178,-0.071,-0.188,-0.133,-0.118,-0.144,-0.178,-0.071,-0.188,-0.133,-0.118,-0.144,-0.178,-0.071,-0.188,-0.133,-0.118,-0.144,-0.178,-0.071,-0.188,-0.133,-0.118,-0.144,-0.178,-0.071,-0.188,-0.133,-0.118,-0.144,-0.178,-0.071,-0.188,-0.133,-0.118,-0.144,-0.178,-0.071,-0.188,-0.133,-0.118,-0.144,-0.178,-0.071,-0.188,-0.133,-0.118,-0.144,-0.178,-0.071,-0.188,-0.133,-0.118,-0.144,
0.0,0.0,0.0,0.0,0.0,0.0,0.0,0.0,0.0,0.0,0.0,0.0,0.0,0.0,0.0,0.0,0.0,0.0,0.0,0.0,0.0,0.0,0.0,0.0,0.0,0.0,0.0,0.0,0.0,0.0,0.0,0.0,0.0,0.0,0.0,0.0,0.0,0.0,0.0,0.0,0.0,0.0,0.0,0.0,0.0,0.0,0.0,0.0,0.0,0.0,0.0,0.0,0.0,0.0,0.0,0.0,0.0,0.0,0.0,0.0,0.0,0.0,0.0,0.0,0.0,0.0,0.0,0.0,0.0,0.0,0.0,0.0,0.0,0.0,0.0,0.0,0.0,0.0,0.0,0.0,0.0,0.0,0.0,0.0,0.0,0.0,0.0,0.0,0.0,0.0,0.0,0.0,0.0,0.0,0.0,0.0,0.0,0.0,0.0,0.0,
0.0,0.0,0.0,0.0,0.0,0.0,0.0,0.0,0.0,0.0,0.0,0.0,0.0,0.0,0.0,0.0,0.0,0.0,0.0,0.0,0.0,0.0,0.0,0.0,0.0,0.0,0.0,0.0,0.0,0.0,0.0,0.0,0.0,0.0,0.0,0.0,0.0,0.0,0.0,0.0,0.0,0.0,0.0,0.0,0.0,0.0,0.0,0.0,0.0,0.0,0.0,0.0,0.0,0.0,0.0,0.0,0.0,0.0,0.0,0.0,0.0,0.0,0.0,0.0,0.0,0.0,0.0,0.0,0.0,0.0,0.0,0.0,0.0,0.0,0.0,0.0,0.0,0.0,0.0,0.0,0.0,0.0,0.0,0.0,0.0,0.0,0.0,0.0,0.0,0.0,0.0,0.0,0.0,0.0,0.0,0.0,0.0,0.0,0.0,0.0,
0.0,0.0,0.0,0.0,0.0,0.0,0.0,0.0,0.0,0.0,0.0,0.0,0.0,0.0,0.0,0.0,0.0,0.0,0.0,0.0,0.0,0.0,0.0,0.0,0.0,0.0,0.0,0.0,0.0,0.0,0.0,0.0,0.0,0.0,0.0,0.0,0.0,0.0,0.0,0.0,0.0,0.0,0.0,0.0,0.0,0.0,0.0,0.0,0.0,0.0,0.0,0.0,0.0,0.0,0.0,0.0,0.0,0.0,0.0,0.0,0.0,0.0,0.0,0.0,0.0,0.0,0.0,0.0,0.0,0.0,0.0,0.0,0.0,0.0,0.0,0.0,0.0,0.0,0.0,0.0,0.0,0.0,0.0,0.0,0.0,0.0,0.0,0.0,0.0,0.0,0.0,0.0,0.0,0.0,0.0,0.0,0.0,0.0,0.0,0.0,
0.0,0.0,0.0,0.0,0.0,0.0,0.0,0.0,0.0,0.0,0.0,0.0,0.0,0.0,0.0,0.0,0.0,0.0,0.0,0.0,0.0,0.0,0.0,0.0,0.0,0.0,0.0,0.0,0.0,0.0,0.0,0.0,0.0,0.0,0.0,0.0,0.0,0.0,0.0,0.0,0.0,0.0,0.0,0.0,0.0,0.0,0.0,0.0,0.0,0.0,0.0,0.0,0.0,0.0,0.0,0.0,0.0,0.0,0.0,0.0,0.0,0.0,0.0,0.0,0.0,0.0,0.0,0.0,0.0,0.0,0.0,0.0,0.0,0.0,0.0,0.0,0.0,0.0,0.0,0.0,0.0,0.0,0.0,0.0,0.0,0.0,0.0,0.0,0.0,0.0,0.0,0.0,0.0,0.0,0.0,0.0,0.0,0.0,0.0,0.0,
0.0,0.0,0.0,0.0,0.0,0.0,0.0,0.0,0.0,0.0,0.0,0.0,0.0,0.0,0.0,0.0,0.0,0.0,0.0,0.0,0.0,0.0,0.0,0.0,0.0,0.0,0.0,0.0,0.0,0.0,0.0,0.0,0.0,0.0,0.0,0.0,0.0,0.0,0.0,0.0,0.0,0.0,0.0,0.0,0.0,0.0,0.0,0.0,0.0,0.0,0.0,0.0,0.0,0.0,0.0,0.0,0.0,0.0,0.0,0.0,0.0,0.0,0.0,0.0,0.0,0.0,0.0,0.0,0.0,0.0,0.0,0.0,0.0,0.0,0.0,0.0,0.0,0.0,0.0,0.0,0.0,0.0,0.0,0.0,0.0,0.0,0.0,0.0,0.0,0.0,0.0,0.0,0.0,0.0,0.0,0.0,0.0,0.0,0.0,0.0,
0.0,0.0,-0.012,-0.029,-0.044,-0.036,-0.044,-0.054,-0.057,-0.062,-0.06,-0.063,-0.062,-0.063,-0.062,-0.063,-0.062,-0.063,-0.062,-0.063,-0.062,-0.063,-0.062,-0.063,-0.062,-0.063,-0.062,-0.063,-0.062,-0.063,-0.062,-0.063,-0.062,-0.063,-0.062,-0.063,-0.062,-0.063,-0.062,-0.063,-0.062,-0.063,-0.062,-0.063,-0.062,-0.063,-0.062,-0.063,-0.062,-0.063,-0.062,-0.063,-0.062,-0.063,-0.062,-0.063,-0.062,-0.063,-0.062,-0.063,-0.062,-0.063,-0.062,-0.063,-0.062,-0.063,-0.062,-0.063,-0.062,-0.063,-0.062,-0.063,-0.062,-0.063,-0.062,-0.063,-0.062,-0.063,-0.062,-0.063,-0.062,-0.063,-0.062,-0.063,-0.062,-0.063,-0.062,-0.063,-0.062,-0.063,-0.062,-0.063,-0.062,-0.063,-0.062,-0.063,-0.062,-0.063,-0.062,-0.063,
0.0,0.0,0.0,0.0,0.0,0.0,0.0,0.0,0.0,0.0,0.0,0.0,0.0,0.0,0.0,0.0,0.0,0.0,0.0,0.0,0.0,0.0,0.0,0.0,0.0,0.0,0.0,0.0,0.0,0.0,0.0,0.0,0.0,0.0,0.0,0.0,0.0,0.0,0.0,0.0,0.0,0.0,0.0,0.0,0.0,0.0,0.0,0.0,0.0,0.0,0.0,0.0,0.0,0.0,0.0,0.0,0.0,0.0,0.0,0.0,0.0,0.0,0.0,0.0,0.0,0.0,0.0,0.0,0.0,0.0,0.0,0.0,0.0,0.0,0.0,0.0,0.0,0.0,0.0,0.0,0.0,0.0,0.0,0.0,0.0,0.0,0.0,0.0,0.0,0.0,0.0,0.0,0.0,0.0,0.0,0.0,0.0,0.0,0.0,0.0,
0.0,0.0,0.0,0.0,0.0,0.0,0.0,0.0,0.0,0.0,0.0,0.0,0.0,0.0,0.0,0.0,0.0,0.0,0.0,0.0,0.0,0.0,0.0,0.0,0.0,0.0,0.0,0.0,0.0,0.0,0.0,0.0,0.0,0.0,0.0,0.0,0.0,0.0,0.0,0.0,0.0,0.0,0.0,0.0,0.0,0.0,0.0,0.0,0.0,0.0,0.0,0.0,0.0,0.0,0.0,0.0,0.0,0.0,0.0,0.0,0.0,0.0,0.0,0.0,0.0,0.0,0.0,0.0,0.0,0.0,0.0,0.0,0.0,0.0,0.0,0.0,0.0,0.0,0.0,0.0,0.0,0.0,0.0,0.0,0.0,0.0,0.0,0.0,0.0,0.0,0.0,0.0,0.0,0.0,0.0,0.0,0.0,0.0,0.0,0.0,
0.0,0.0,0.0,-0.056,-0.045,0.0,0.004,-0.107,-0.059,-0.026,-0.001,0.001,-0.043,-0.009,0.004,-0.003,-0.054,-0.004,0.012,-0.003,-0.05,-0.009,0.0,0.001,-0.043,-0.009,0.004,-0.003,-0.054,-0.004,0.012,-0.003,-0.05,-0.009,0.0,0.001,-0.043,-0.009,0.004,-0.003,-0.054,-0.004,0.012,-0.003,-0.05,-0.009,0.0,0.001,-0.043,-0.009,0.004,-0.003,-0.054,-0.004,0.012,-0.003,-0.05,-0.009,0.0,0.001,-0.043,-0.009,0.004,-0.003,-0.054,-0.004,0.012,-0.003,-0.05,-0.009,0.0,0.001,-0.043,-0.009,0.004,-0.003,-0.054,-0.004,0.012,-0.003,-0.05,-0.009,0.0,0.001,-0.043,-0.009,0.004,-0.003,-0.054,-0.004,0.012,-0.003,-0.05,-0.009,0.0,0.001,-0.043,-0.009,0.004,-0.003,
0.0,0.0,0.008,0.012,-0.02,-0.036,-0.043,-0.04,-0.043,-0.04,-0.043,-0.04,-0.043,-0.04,-0.043,-0.04,-0.043,-0.04,-0.043,-0.04,-0.043,-0.04,-0.043,-0.04,-0.043,-0.04,-0.043,-0.04,-0.043,-0.04,-0.043,-0.04,-0.043,-0.04,-0.043,-0.04,-0.043,-0.04,-0.043,-0.04,-0.043,-0.04,-0.043,-0.04,-0.043,-0.04,-0.043,-0.04,-0.043,-0.04,-0.043,-0.04,-0.043,-0.04,-0.043,-0.04,-0.043,-0.04,-0.043,-0.04,-0.043,-0.04,-0.043,-0.04,-0.043,-0.04,-0.043,-0.04,-0.043,-0.04,-0.043,-0.04,-0.043,-0.04,-0.043,-0.04,-0.043,-0.04,-0.043,-0.04,-0.043,-0.04,-0.043,-0.04,-0.043,-0.04,-0.043,-0.04,-0.043,-0.04,-0.043,-0.04,-0.043,-0.04,-0.043,-0.04,-0.043,-0.04,-0.043,-0.04,
0.0,0.0,0.0,0.0,0.0,0.0,0.0,0.0,0.0,0.0,0.0,0.0,0.0,0.0,0.0,0.0,0.0,0.0,0.0,0.0,0.0,0.0,0.0,0.0,0.0,0.0,0.0,0.0,0.0,0.0,0.0,0.0,0.0,0.0,0.0,0.0,0.0,0.0,0.0,0.0,0.0,0.0,0.0,0.0,0.0,0.0,0.0,0.0,0.0,0.0,0.0,0.0,0.0,0.0,0.0,0.0,0.0,0.0,0.0,0.0,0.0,0.0,0.0,0.0,0.0,0.0,0.0,0.0,0.0,0.0,0.0,0.0,0.0,0.0,0.0,0.0,0.0,0.0,0.0,0.0,0.0,0.0,0.0,0.0,0.0,0.0,0.0,0.0,0.0,0.0,0.0,0.0,0.0,0.0,0.0,0.0,0.0,0.0,0.0,0.0,
0.0,0.0,0.0,0.0,0.0,0.0,0.0,0.0,0.0,0.0,0.0,0.0,0.0,0.0,0.0,0.0,0.0,0.0,0.0,0.0,0.0,0.0,0.0,0.0,0.0,0.0,0.0,0.0,0.0,0.0,0.0,0.0,0.0,0.0,0.0,0.0,0.0,0.0,0.0,0.0,0.0,0.0,0.0,0.0,0.0,0.0,0.0,0.0,0.0,0.0,0.0,0.0,0.0,0.0,0.0,0.0,0.0,0.0,0.0,0.0,0.0,0.0,0.0,0.0,0.0,0.0,0.0,0.0,0.0,0.0,0.0,0.0,0.0,0.0,0.0,0.0,0.0,0.0,0.0,0.0,0.0,0.0,0.0,0.0,0.0,0.0,0.0,0.0,0.0,0.0,0.0,0.0,0.0,0.0,0.0,0.0,0.0,0.0,0.0,0.0,
0.0,0.0,-0.007,-0.031,-0.043,-0.046,-0.06,-0.046,-0.052,-0.056,-0.053,-0.047,-0.061,-0.047,-0.053,-0.056,-0.053,-0.047,-0.061,-0.047,-0.053,-0.056,-0.053,-0.047,-0.061,-0.047,-0.053,-0.056,-0.053,-0.047,-0.061,-0.047,-0.053,-0.056,-0.053,-0.047,-0.061,-0.047,-0.053,-0.056,-0.053,-0.047,-0.061,-0.047,-0.053,-0.056,-0.053,-0.047,-0.061,-0.047,-0.053,-0.056,-0.053,-0.047,-0.061,-0.047,-0.053,-0.056,-0.053,-0.047,-0.061,-0.047,-0.053,-0.056,-0.053,-0.047,-0.061,-0.047,-0.053,-0.056,-0.053,-0.047,-0.061,-0.047,-0.053,-0.056,-0.053,-0.047,-0.061,-0.047,-0.053,-0.056,-0.053,-0.047,-0.061,-0.047,-0.053,-0.056,-0.053,-0.047,-0.061,-0.047,-0.053,-0.056,-0.053,-0.047,-0.061,-0.047,-0.053,-0.056,
0.0,0.0,0.0,0.0,0.0,0.0,0.0,0.0,0.0,0.0,0.0,0.0,0.0,0.0,0.0,0.0,0.0,0.0,0.0,0.0,0.0,0.0,0.0,0.0,0.0,0.0,0.0,0.0,0.0,0.0,0.0,0.0,0.0,0.0,0.0,0.0,0.0,0.0,0.0,0.0,0.0,0.0,0.0,0.0,0.0,0.0,0.0,0.0,0.0,0.0,0.0,0.0,0.0,0.0,0.0,0.0,0.0,0.0,0.0,0.0,0.0,0.0,0.0,0.0,0.0,0.0,0.0,0.0,0.0,0.0,0.0,0.0,0.0,0.0,0.0,0.0,0.0,0.0,0.0,0.0,0.0,0.0,0.0,0.0,0.0,0.0,0.0,0.0,0.0,0.0,0.0,0.0,0.0,0.0,0.0,0.0,0.0,0.0,0.0,0.0,
0.0,0.0,0.0,0.0,0.0,0.0,0.0,0.0,0.0,0.0,0.0,0.0,0.0,0.0,0.0,0.0,0.0,0.0,0.0,0.0,0.0,0.0,0.0,0.0,0.0,0.0,0.0,0.0,0.0,0.0,0.0,0.0,0.0,0.0,0.0,0.0,0.0,0.0,0.0,0.0,0.0,0.0,0.0,0.0,0.0,0.0,0.0,0.0,0.0,0.0,0.0,0.0,0.0,0.0,0.0,0.0,0.0,0.0,0.0,0.0,0.0,0.0,0.0,0.0,0.0,0.0,0.0,0.0,0.0,0.0,0.0,0.0,0.0,0.0,0.0,0.0,0.0,0.0,0.0,0.0,0.0,0.0,0.0,0.0,0.0,0.0,0.0,0.0,0.0,0.0,0.0,0.0,0.0,0.0,0.0,0.0,0.0,0.0,0.0,0.0,
0.0,0.0,0.0,0.0,0.0,0.0,0.0,0.0,0.0,0.0,0.0,0.0,0.0,0.0,0.0,0.0,0.0,0.0,0.0,0.0,0.0,0.0,0.0,0.0,0.0,0.0,0.0,0.0,0.0,0.0,0.0,0.0,0.0,0.0,0.0,0.0,0.0,0.0,0.0,0.0,0.0,0.0,0.0,0.0,0.0,0.0,0.0,0.0,0.0,0.0,0.0,0.0,0.0,0.0,0.0,0.0,0.0,0.0,0.0,0.0,0.0,0.0,0.0,0.0,0.0,0.0,0.0,0.0,0.0,0.0,0.0,0.0,0.0,0.0,0.0,0.0,0.0,0.0,0.0,0.0,0.0,0.0,0.0,0.0,0.0,0.0,0.0,0.0,0.0,0.0,0.0,0.0,0.0,0.0,0.0,0.0,0.0,0.0,0.0,0.0,
0.0,0.0,0.0,0.0,0.0,0.0,0.0,0.0,0.0,0.0,0.0,0.0,0.0,0.0,0.0,0.0,0.0,0.0,0.0,0.0,0.0,0.0,0.0,0.0,0.0,0.0,0.0,0.0,0.0,0.0,0.0,0.0,0.0,0.0,0.0,0.0,0.0,0.0,0.0,0.0,0.0,0.0,0.0,0.0,0.0,0.0,0.0,0.0,0.0,0.0,0.0,0.0,0.0,0.0,0.0,0.0,0.0,0.0,0.0,0.0,0.0,0.0,0.0,0.0,0.0,0.0,0.0,0.0,0.0,0.0,0.0,0.0,0.0,0.0,0.0,0.0,0.0,0.0,0.0,0.0,0.0,0.0,0.0,0.0,0.0,0.0,0.0,0.0,0.0,0.0,0.0,0.0,0.0,0.0,0.0,0.0,0.0,0.0,0.0,0.0,
0.0,0.0,-0.063,-0.027,-0.054,-0.018,-0.047,-0.014,-0.035,-0.002,-0.028,-0.002,-0.029,-0.002,-0.029,-0.002,-0.029,-0.002,-0.029,-0.002,-0.029,-0.002,-0.029,-0.002,-0.029,-0.002,-0.029,-0.002,-0.029,-0.002,-0.029,-0.002,-0.029,-0.002,-0.029,-0.002,-0.029,-0.002,-0.029,-0.002,-0.029,-0.002,-0.029,-0.002,-0.029,-0.002,-0.029,-0.002,-0.029,-0.002,-0.029,-0.002,-0.029,-0.002,-0.029,-0.002,-0.029,-0.002,-0.029,-0.002,-0.029,-0.002,-0.029,-0.002,-0.029,-0.002,-0.029,-0.002,-0.029,-0.002,-0.029,-0.002,-0.029,-0.002,-0.029,-0.002,-0.029,-0.002,-0.029,-0.002,-0.029,-0.002,-0.029,-0.002,-0.029,-0.002,-0.029,-0.002,-0.029,-0.002,-0.029,-0.002,-0.029,-0.002,-0.029,-0.002,-0.029,-0.002,-0.029,-0.002,
0.0,0.0,0.0,0.0,0.0,0.0,0.0,0.0,0.0,0.0,0.0,0.0,0.0,0.0,0.0,0.0,0.0,0.0,0.0,0.0,0.0,0.0,0.0,0.0,0.0,0.0,0.0,0.0,0.0,0.0,0.0,0.0,0.0,0.0,0.0,0.0,0.0,0.0,0.0,0.0,0.0,0.0,0.0,0.0,0.0,0.0,0.0,0.0,0.0,0.0,0.0,0.0,0.0,0.0,0.0,0.0,0.0,0.0,0.0,0.0,0.0,0.0,0.0,0.0,0.0,0.0,0.0,0.0,0.0,0.0,0.0,0.0,0.0,0.0,0.0,0.0,0.0,0.0,0.0,0.0,0.0,0.0,0.0,0.0,0.0,0.0,0.0,0.0,0.0,0.0,0.0,0.0,0.0,0.0,0.0,0.0,0.0,0.0,0.0,0.0,
0.0,0.0,0.0,0.0,-0.081,-0.094,-0.106,-0.051,-0.012,-0.057,-0.065,-0.076,-0.094,-0.063,-0.018,-0.068,-0.015,-0.077,-0.09,-0.091,-0.025,-0.057,-0.065,-0.076,-0.094,-0.063,-0.018,-0.068,-0.015,-0.077,-0.09,-0.091,-0.025,-0.057,-0.065,-0.076,-0.094,-0.063,-0.018,-0.068,-0.015,-0.077,-0.09,-0.091,-0.025,-0.057,-0.065,-0.076,-0.094,-0.063,-0.018,-0.068,-0.015,-0.077,-0.09,-0.091,-0.025,-0.057,-0.065,-0.076,-0.094,-0.063,-0.018,-0.068,-0.015,-0.077,-0.09,-0.091,-0.025,-0.057,-0.065,-0.076,-0.094,-0.063,-0.018,-0.068,-0.015,-0.077,-0.09,-0.091,-0.025,-0.057,-0.065,-0.076,-0.094,-0.063,-0.018,-0.068,-0.015,-0.077,-0.09,-0.091,-0.025,-0.057,-0.065,-0.076,-0.094,-0.063,-0.018,-0.068,
0.0,0.0,0.0,0.0,0.0,0.0,0.0,0.0,0.0,0.0,0.0,0.0,0.0,0.0,0.0,0.0,0.0,0.0,0.0,0.0,0.0,0.0,0.0,0.0,0.0,0.0,0.0,0.0,0.0,0.0,0.0,0.0,0.0,0.0,0.0,0.0,0.0,0.0,0.0,0.0,0.0,0.0,0.0,0.0,0.0,0.0,0.0,0.0,0.0,0.0,0.0,0.0,0.0,0.0,0.0,0.0,0.0,0.0,0.0,0.0,0.0,0.0,0.0,0.0,0.0,0.0,0.0,0.0,0.0,0.0,0.0,0.0,0.0,0.0,0.0,0.0,0.0,0.0,0.0,0.0,0.0,0.0,0.0,0.0,0.0,0.0,0.0,0.0,0.0,0.0,0.0,0.0,0.0,0.0,0.0,0.0,0.0,0.0,0.0,0.0,
0.0,0.0,0.0,0.0,0.0,0.0,0.0,0.0,0.0,0.0,0.0,0.0,0.0,0.0,0.0,0.0,0.0,0.0,0.0,0.0,0.0,0.0,0.0,0.0,0.0,0.0,0.0,0.0,0.0,0.0,0.0,0.0,0.0,0.0,0.0,0.0,0.0,0.0,0.0,0.0,0.0,0.0,0.0,0.0,0.0,0.0,0.0,0.0,0.0,0.0,0.0,0.0,0.0,0.0,0.0,0.0,0.0,0.0,0.0,0.0,0.0,0.0,0.0,0.0,0.0,0.0,0.0,0.0,0.0,0.0,0.0,0.0,0.0,0.0,0.0,0.0,0.0,0.0,0.0,0.0,0.0,0.0,0.0,0.0,0.0,0.0,0.0,0.0,0.0,0.0,0.0,0.0,0.0,0.0,0.0,0.0,0.0,0.0,0.0,0.0,
0.0,0.0,0.0,0.0,0.0,0.0,0.0,0.0,0.0,0.0,0.0,0.0,0.0,0.0,0.0,0.0,0.0,0.0,0.0,0.0,0.0,0.0,0.0,0.0,0.0,0.0,0.0,0.0,0.0,0.0,0.0,0.0,0.0,0.0,0.0,0.0,0.0,0.0,0.0,0.0,0.0,0.0,0.0,0.0,0.0,0.0,0.0,0.0,0.0,0.0,0.0,0.0,0.0,0.0,0.0,0.0,0.0,0.0,0.0,0.0,0.0,0.0,0.0,0.0,0.0,0.0,0.0,0.0,0.0,0.0,0.0,0.0,0.0,0.0,0.0,0.0,0.0,0.0,0.0,0.0,0.0,0.0,0.0,0.0,0.0,0.0,0.0,0.0,0.0,0.0,0.0,0.0,0.0,0.0,0.0,0.0,0.0,0.0,0.0,0.0,
0.0,0.0,0.0,0.0,0.0,0.0,0.0,0.0,0.0,0.0,0.0,0.0,0.0,0.0,0.0,0.0,0.0,0.0,0.0,0.0,0.0,0.0,0.0,0.0,0.0,0.0,0.0,0.0,0.0,0.0,0.0,0.0,0.0,0.0,0.0,0.0,0.0,0.0,0.0,0.0,0.0,0.0,0.0,0.0,0.0,0.0,0.0,0.0,0.0,0.0,0.0,0.0,0.0,0.0,0.0,0.0,0.0,0.0,0.0,0.0,0.0,0.0,0.0,0.0,0.0,0.0,0.0,0.0,0.0,0.0,0.0,0.0,0.0,0.0,0.0,0.0,0.0,0.0,0.0,0.0,0.0,0.0,0.0,0.0,0.0,0.0,0.0,0.0,0.0,0.0,0.0,0.0,0.0,0.0,0.0,0.0,0.0,0.0,0.0,0.0,
0.0,0.0,-0.098,-0.071,-0.037,-0.098,-0.055,-0.056,-0.127,-0.059,-0.039,-0.092,-0.18,-0.097,-0.069,-0.068,-0.103,-0.093,-0.076,-0.042,-0.147,-0.214,-0.081,-0.19,-0.126,-0.053,-0.093,-0.062,-0.036,-0.136,-0.066,-0.046,-0.088,-0.168,-0.109,-0.063,-0.075,-0.084,-0.102,-0.083,-0.049,-0.143,-0.202,-0.093,-0.186,-0.132,-0.033,-0.102,-0.068,-0.043,-0.132,-0.052,-0.059,-0.082,-0.174,-0.09,-0.073,-0.082,-0.091,-0.098,-0.069,-0.062,-0.138,-0.208,-0.074,-0.194,-0.138,-0.04,-0.098,-0.055,-0.056,-0.127,-0.059,-0.039,-0.092,-0.18,-0.097,-0.069,-0.068,-0.103,-0.093,-0.076,-0.042,-0.147,-0.214,-0.081,-0.19,-0.126,-0.053,-0.093,-0.062,-0.036,-0.136,-0.066,-0.046,-0.088,-0.168,-0.109,-0.063,-0.075,
0.0,0.0,0.0,0.0,0.0,0.0,0.0,0.0,0.0,0.0,0.0,0.0,0.0,0.0,0.0,0.0,0.0,0.0,0.0,0.0,0.0,0.0,0.0,0.0,0.0,0.0,0.0,0.0,0.0,0.0,0.0,0.0,0.0,0.0,0.0,0.0,0.0,0.0,0.0,0.0,0.0,0.0,0.0,0.0,0.0,0.0,0.0,0.0,0.0,0.0,0.0,0.0,0.0,0.0,0.0,0.0,0.0,0.0,0.0,0.0,0.0,0.0,0.0,0.0,0.0,0.0,0.0,0.0,0.0,0.0,0.0,0.0,0.0,0.0,0.0,0.0,0.0,0.0,0.0,0.0,0.0,0.0,0.0,0.0,0.0,0.0,0.0,0.0,0.0,0.0,0.0,0.0,0.0,0.0,0.0,0.0,0.0,0.0,0.0,0.0,
0.0,0.0,0.0,0.0,0.0,0.0,0.0,0.0,0.0,0.0,0.0,0.0,0.0,0.0,0.0,0.0,0.0,0.0,0.0,0.0,0.0,0.0,0.0,0.0,0.0,0.0,0.0,0.0,0.0,0.0,0.0,0.0,0.0,0.0,0.0,0.0,0.0,0.0,0.0,0.0,0.0,0.0,0.0,0.0,0.0,0.0,0.0,0.0,0.0,0.0,0.0,0.0,0.0,0.0,0.0,0.0,0.0,0.0,0.0,0.0,0.0,0.0,0.0,0.0,0.0,0.0,0.0,0.0,0.0,0.0,0.0,0.0,0.0,0.0,0.0,0.0,0.0,0.0,0.0,0.0,0.0,0.0,0.0,0.0,0.0,0.0,0.0,0.0,0.0,0.0,0.0,0.0,0.0,0.0,0.0,0.0,0.0,0.0,0.0,0.0,
0.0,0.0,0.0,0.0,-0.025,-0.003,0.0,0.0,-0.023,-0.004,0.0,0.0,-0.023,-0.004,0.0,0.0,-0.023,-0.004,0.0,0.0,-0.023,-0.004,0.0,0.0,-0.023,-0.004,0.0,0.0,-0.023,-0.004,0.0,0.0,-0.023,-0.004,0.0,0.0,-0.023,-0.004,0.0,0.0,-0.023,-0.004,0.0,0.0,-0.023,-0.004,0.0,0.0,-0.023,-0.004,0.0,0.0,-0.023,-0.004,0.0,0.0,-0.023,-0.004,0.0,0.0,-0.023,-0.004,0.0,0.0,-0.023,-0.004,0.0,0.0,-0.023,-0.004,0.0,0.0,-0.023,-0.004,0.0,0.0,-0.023,-0.004,0.0,0.0,-0.023,-0.004,0.0,0.0,-0.023,-0.004,0.0,0.0,-0.023,-0.004,0.0,0.0,-0.023,-0.004,0.0,0.0,-0.023,-0.004,0.0,0.0,
0.0,0.0,0.0,0.0,0.0,0.0,0.0,0.0,0.0,0.0,0.0,0.0,0.0,0.0,0.0,0.0,0.0,0.0,0.0,0.0,0.0,0.0,0.0,0.0,0.0,0.0,0.0,0.0,0.0,0.0,0.0,0.0,0.0,0.0,0.0,0.0,0.0,0.0,0.0,0.0,0.0,0.0,0.0,0.0,0.0,0.0,0.0,0.0,0.0,0.0,0.0,0.0,0.0,0.0,0.0,0.0,0.0,0.0,0.0,0.0,0.0,0.0,0.0,0.0,0.0,0.0,0.0,0.0,0.0,0.0,0.0,0.0,0.0,0.0,0.0,0.0,0.0,0.0,0.0,0.0,0.0,0.0,0.0,0.0,0.0,0.0,0.0,0.0,0.0,0.0,0.0,0.0,0.0,0.0,0.0,0.0,0.0,0.0,0.0,0.0,
0.0,0.0,0.0,0.0,0.0,0.0,0.0,0.0,0.0,0.0,0.0,0.0,0.0,0.0,0.0,0.0,0.0,0.0,0.0,0.0,0.0,0.0,0.0,0.0,0.0,0.0,0.0,0.0,0.0,0.0,0.0,0.0,0.0,0.0,0.0,0.0,0.0,0.0,0.0,0.0,0.0,0.0,0.0,0.0,0.0,0.0,0.0,0.0,0.0,0.0,0.0,0.0,0.0,0.0,0.0,0.0,0.0,0.0,0.0,0.0,0.0,0.0,0.0,0.0,0.0,0.0,0.0,0.0,0.0,0.0,0.0,0.0,0.0,0.0,0.0,0.0,0.0,0.0,0.0,0.0,0.0,0.0,0.0,0.0,0.0,0.0,0.0,0.0,0.0,0.0,0.0,0.0,0.0,0.0,0.0,0.0,0.0,0.0,0.0,0.0,
0.0,0.0,0.0,0.0,0.0,0.0,0.0,0.0,0.0,0.0,0.0,0.0,0.0,0.0,0.0,0.0,0.0,0.0,0.0,0.0,0.0,0.0,0.0,0.0,0.0,0.0,0.0,0.0,0.0,0.0,0.0,0.0,0.0,0.0,0.0,0.0,0.0,0.0,0.0,0.0,0.0,0.0,0.0,0.0,0.0,0.0,0.0,0.0,0.0,0.0,0.0,0.0,0.0,0.0,0.0,0.0,0.0,0.0,0.0,0.0,0.0,0.0,0.0,0.0,0.0,0.0,0.0,0.0,0.0,0.0,0.0,0.0,0.0,0.0,0.0,0.0,0.0,0.0,0.0,0.0,0.0,0.0,0.0,0.0,0.0,0.0,0.0,0.0,0.0,0.0,0.0,0.0,0.0,0.0,0.0,0.0,0.0,0.0,0.0,0.0,
0.0,0.0,-0.007,-0.025,0.001,-0.012,0.003,-0.012,0.003,-0.012,0.003,-0.012,0.003,-0.012,0.003,-0.012,0.003,-0.012,0.003,-0.012,0.003,-0.012,0.003,-0.012,0.003,-0.012,0.003,-0.012,0.003,-0.012,0.003,-0.012,0.003,-0.012,0.003,-0.012,0.003,-0.012,0.003,-0.012,0.003,-0.012,0.003,-0.012,0.003,-0.012,0.003,-0.012,0.003,-0.012,0.003,-0.012,0.003,-0.012,0.003,-0.012,0.003,-0.012,0.003,-0.012,0.003,-0.012,0.003,-0.012,0.003,-0.012,0.003,-0.012,0.003,-0.012,0.003,-0.012,0.003,-0.012,0.003,-0.012,0.003,-0.012,0.003,-0.012,0.003,-0.012,0.003,-0.012,0.003,-0.012,0.003,-0.012,0.003,-0.012,0.003,-0.012,0.003,-0.012,0.003,-0.012,0.003,-0.012,0.003,-0.012,
0.0,0.0,-0.021,-0.047,-0.053,-0.053,-0.053,-0.053,-0.053,-0.053,-0.053,-0.053,-0.053,-0.053,-0.053,-0.053,-0.053,-0.053,-0.053,-0.053,-0.053,-0.053,-0.053,-0.053,-0.053,-0.053,-0.053,-0.053,-0.053,-0.053,-0.053,-0.053,-0.053,-0.053,-0.053,-0.053,-0.053,-0.053,-0.053,-0.053,-0.053,-0.053,-0.053,-0.053,-0.053,-0.053,-0.053,-0.053,-0.053,-0.053,-0.053,-0.053,-0.053,-0.053,-0.053,-0.053,-0.053,-0.053,-0.053,-0.053,-0.053,-0.053,-0.053,-0.053,-0.053,-0.053,-0.053,-0.053,-0.053,-0.053,-0.053,-0.053,-0.053,-0.053,-0.053,-0.053,-0.053,-0.053,-0.053,-0.053,-0.053,-0.053,-0.053,-0.053,-0.053,-0.053,-0.053,-0.053,-0.053,-0.053,-0.053,-0.053,-0.053,-0.053,-0.053,-0.053,-0.053,-0.053,-0.053,-0.053,
0.0,0.0,0.0,0.0,0.0,0.0,0.0,0.0,0.0,0.0,0.0,0.0,0.0,0.0,0.0,0.0,0.0,0.0,0.0,0.0,0.0,0.0,0.0,0.0,0.0,0.0,0.0,0.0,0.0,0.0,0.0,0.0,0.0,0.0,0.0,0.0,0.0,0.0,0.0,0.0,0.0,0.0,0.0,0.0,0.0,0.0,0.0,0.0,0.0,0.0,0.0,0.0,0.0,0.0,0.0,0.0,0.0,0.0,0.0,0.0,0.0,0.0,0.0,0.0,0.0,0.0,0.0,0.0,0.0,0.0,0.0,0.0,0.0,0.0,0.0,0.0,0.0,0.0,0.0,0.0,0.0,0.0,0.0,0.0,0.0,0.0,0.0,0.0,0.0,0.0,0.0,0.0,0.0,0.0,0.0,0.0,0.0,0.0,0.0,0.0,
0.0,0.0,-0.084,-0.029,-0.091,-0.09,-0.033,-0.091,-0.09,-0.033,-0.091,-0.09,-0.033,-0.091,-0.09,-0.033,-0.091,-0.09,-0.033,-0.091,-0.09,-0.033,-0.091,-0.09,-0.033,-0.091,-0.09,-0.033,-0.091,-0.09,-0.033,-0.091,-0.09,-0.033,-0.091,-0.09,-0.033,-0.091,-0.09,-0.033,-0.091,-0.09,-0.033,-0.091,-0.09,-0.033,-0.091,-0.09,-0.033,-0.091,-0.09,-0.033,-0.091,-0.09,-0.033,-0.091,-0.09,-0.033,-0.091,-0.09,-0.033,-0.091,-0.09,-0.033,-0.091,-0.09,-0.033,-0.091,-0.09,-0.033,-0.091,-0.09,-0.033,-0.091,-0.09,-0.033,-0.091,-0.09,-0.033,-0.091,-0.09,-0.033,-0.091,-0.09,-0.033,-0.091,-0.09,-0.033,-0.091,-0.09,-0.033,-0.091,-0.09,-0.033,-0.091,-0.09,-0.033,-0.091,-0.09,-0.033,
0.0,0.0,0.0,0.0,0.0,0.0,0.0,0.0,0.0,0.0,0.0,0.0,0.0,0.0,0.0,0.0,0.0,0.0,0.0,0.0,0.0,0.0,0.0,0.0,0.0,0.0,0.0,0.0,0.0,0.0,0.0,0.0,0.0,0.0,0.0,0.0,0.0,0.0,0.0,0.0,0.0,0.0,0.0,0.0,0.0,0.0,0.0,0.0,0.0,0.0,0.0,0.0,0.0,0.0,0.0,0.0,0.0,0.0,0.0,0.0,0.0,0.0,0.0,0.0,0.0,0.0,0.0,0.0,0.0,0.0,0.0,0.0,0.0,0.0,0.0,0.0,0.0,0.0,0.0,0.0,0.0,0.0,0.0,0.0,0.0,0.0,0.0,0.0,0.0,0.0,0.0,0.0,0.0,0.0,0.0,0.0,0.0,0.0,0.0,0.0,
0.0,0.0,0.0,0.0,0.0,0.0,0.0,0.0,0.0,0.0,0.0,0.0,0.0,0.0,0.0,0.0,0.0,0.0,0.0,0.0,0.0,0.0,0.0,0.0,0.0,0.0,0.0,0.0,0.0,0.0,0.0,0.0,0.0,0.0,0.0,0.0,0.0,0.0,0.0,0.0,0.0,0.0,0.0,0.0,0.0,0.0,0.0,0.0,0.0,0.0,0.0,0.0,0.0,0.0,0.0,0.0,0.0,0.0,0.0,0.0,0.0,0.0,0.0,0.0,0.0,0.0,0.0,0.0,0.0,0.0,0.0,0.0,0.0,0.0,0.0,0.0,0.0,0.0,0.0,0.0,0.0,0.0,0.0,0.0,0.0,0.0,0.0,0.0,0.0,0.0,0.0,0.0,0.0,0.0,0.0,0.0,0.0,0.0,0.0,0.0,
0.0,0.0,0.0,0.0,0.0,0.0,0.0,0.0,0.0,0.0,0.0,0.0,0.0,0.0,0.0,0.0,0.0,0.0,0.0,0.0,0.0,0.0,0.0,0.0,0.0,0.0,0.0,0.0,0.0,0.0,0.0,0.0,0.0,0.0,0.0,0.0,0.0,0.0,0.0,0.0,0.0,0.0,0.0,0.0,0.0,0.0,0.0,0.0,0.0,0.0,0.0,0.0,0.0,0.0,0.0,0.0,0.0,0.0,0.0,0.0,0.0,0.0,0.0,0.0,0.0,0.0,0.0,0.0,0.0,0.0,0.0,0.0,0.0,0.0,0.0,0.0,0.0,0.0,0.0,0.0,0.0,0.0,0.0,0.0,0.0,0.0,0.0,0.0,0.0,0.0,0.0,0.0,0.0,0.0,0.0,0.0,0.0,0.0,0.0,0.0,
0.0,0.0,0.0,0.0,0.0,0.0,0.0,0.0,0.0,0.0,0.0,0.0,0.0,0.0,0.0,0.0,0.0,0.0,0.0,0.0,0.0,0.0,0.0,0.0,0.0,0.0,0.0,0.0,0.0,0.0,0.0,0.0,0.0,0.0,0.0,0.0,0.0,0.0,0.0,0.0,0.0,0.0,0.0,0.0,0.0,0.0,0.0,0.0,0.0,0.0,0.0,0.0,0.0,0.0,0.0,0.0,0.0,0.0,0.0,0.0,0.0,0.0,0.0,0.0,0.0,0.0,0.0,0.0,0.0,0.0,0.0,0.0,0.0,0.0,0.0,0.0,0.0,0.0,0.0,0.0,0.0,0.0,0.0,0.0,0.0,0.0,0.0,0.0,0.0,0.0,0.0,0.0,0.0,0.0,0.0,0.0,0.0,0.0,0.0,0.0,
0.0,0.0,0.0,-0.09,-0.103,-0.111,-0.118,-0.062,-0.099,-0.106,-0.111,-0.118,-0.062,-0.099,-0.106,-0.111,-0.118,-0.062,-0.099,-0.106,-0.111,-0.118,-0.062,-0.099,-0.106,-0.111,-0.118,-0.062,-0.099,-0.106,-0.111,-0.118,-0.062,-0.099,-0.106,-0.111,-0.118,-0.062,-0.099,-0.106,-0.111,-0.118,-0.062,-0.099,-0.106,-0.111,-0.118,-0.062,-0.099,-0.106,-0.111,-0.118,-0.062,-0.099,-0.106,-0.111,-0.118,-0.062,-0.099,-0.106,-0.111,-0.118,-0.062,-0.099,-0.106,-0.111,-0.118,-0.062,-0.099,-0.106,-0.111,-0.118,-0.062,-0.099,-0.106,-0.111,-0.118,-0.062,-0.099,-0.106,-0.111,-0.118,-0.062,-0.099,-0.106,-0.111,-0.118,-0.062,-0.099,-0.106,-0.111,-0.118,-0.062,-0.099,-0.106,-0.111,-0.118,-0.062,-0.099,-0.106,
0.0,0.0,0.0,0.0,0.0,0.0,0.0,0.0,0.0,0.0,0.0,0.0,0.0,0.0,0.0,0.0,0.0,0.0,0.0,0.0,0.0,0.0,0.0,0.0,0.0,0.0,0.0,0.0,0.0,0.0,0.0,0.0,0.0,0.0,0.0,0.0,0.0,0.0,0.0,0.0,0.0,0.0,0.0,0.0,0.0,0.0,0.0,0.0,0.0,0.0,0.0,0.0,0.0,0.0,0.0,0.0,0.0,0.0,0.0,0.0,0.0,0.0,0.0,0.0,0.0,0.0,0.0,0.0,0.0,0.0,0.0,0.0,0.0,0.0,0.0,0.0,0.0,0.0,0.0,0.0,0.0,0.0,0.0,0.0,0.0,0.0,0.0,0.0,0.0,0.0,0.0,0.0,0.0,0.0,0.0,0.0,0.0,0.0,0.0,0.0,
0.0,0.0,0.0,0.0,0.0,0.0,0.0,0.0,0.0,0.0,0.0,0.0,0.0,0.0,0.0,0.0,0.0,0.0,0.0,0.0,0.0,0.0,0.0,0.0,0.0,0.0,0.0,0.0,0.0,0.0,0.0,0.0,0.0,0.0,0.0,0.0,0.0,0.0,0.0,0.0,0.0,0.0,0.0,0.0,0.0,0.0,0.0,0.0,0.0,0.0,0.0,0.0,0.0,0.0,0.0,0.0,0.0,0.0,0.0,0.0,0.0,0.0,0.0,0.0,0.0,0.0,0.0,0.0,0.0,0.0,0.0,0.0,0.0,0.0,0.0,0.0,0.0,0.0,0.0,0.0,0.0,0.0,0.0,0.0,0.0,0.0,0.0,0.0,0.0,0.0,0.0,0.0,0.0,0.0,0.0,0.0,0.0,0.0,0.0,0.0,
0.0,0.0,0.0,0.0,0.0,0.0,0.0,0.0,0.0,0.0,0.0,0.0,0.0,0.0,0.0,0.0,0.0,0.0,0.0,0.0,0.0,0.0,0.0,0.0,0.0,0.0,0.0,0.0,0.0,0.0,0.0,0.0,0.0,0.0,0.0,0.0,0.0,0.0,0.0,0.0,0.0,0.0,0.0,0.0,0.0,0.0,0.0,0.0,0.0,0.0,0.0,0.0,0.0,0.0,0.0,0.0,0.0,0.0,0.0,0.0,0.0,0.0,0.0,0.0,0.0,0.0,0.0,0.0,0.0,0.0,0.0,0.0,0.0,0.0,0.0,0.0,0.0,0.0,0.0,0.0,0.0,0.0,0.0,0.0,0.0,0.0,0.0,0.0,0.0,0.0,0.0,0.0,0.0,0.0,0.0,0.0,0.0,0.0,0.0,0.0,
0.0,0.0,0.008,-0.055,-0.078,-0.034,-0.107,-0.065,-0.023,0.002,-0.042,-0.084,-0.026,-0.115,-0.057,-0.031,0.01,-0.05,-0.076,-0.034,-0.107,-0.065,-0.023,0.002,-0.042,-0.084,-0.026,-0.115,-0.057,-0.031,0.01,-0.05,-0.076,-0.034,-0.107,-0.065,-0.023,0.002,-0.042,-0.084,-0.026,-0.115,-0.057,-0.031,0.01,-0.05,-0.076,-0.034,-0.107,-0.065,-0.023,0.002,-0.042,-0.084,-0.026,-0.115,-0.057,-0.031,0.01,-0.05,-0.076,-0.034,-0.107,-0.065,-0.023,0.002,-0.042,-0.084,-0.026,-0.115,-0.057,-0.031,0.01,-0.05,-0.076,-0.034,-0.107,-0.065,-0.023,0.002,-0.042,-0.084,-0.026,-0.115,-0.057,-0.031,0.01,-0.05,-0.076,-0.034,-0.107,-0.065,-0.023,0.002,-0.042,-0.084,-0.026,-0.115,-0.057,-0.031,
0.0,0.0,0.0,0.0,0.0,0.0,0.0,0.0,0.0,0.0,0.0,0.0,0.0,0.0,0.0,0.0,0.0,0.0,0.0,0.0,0.0,0.0,0.0,0.0,0.0,0.0,0.0,0.0,0.0,0.0,0.0,0.0,0.0,0.0,0.0,0.0,0.0,0.0,0.0,0.0,0.0,0.0,0.0,0.0,0.0,0.0,0.0,0.0,0.0,0.0,0.0,0.0,0.0,0.0,0.0,0.0,0.0,0.0,0.0,0.0,0.0,0.0,0.0,0.0,0.0,0.0,0.0,0.0,0.0,0.0,0.0,0.0,0.0,0.0,0.0,0.0,0.0,0.0,0.0,0.0,0.0,0.0,0.0,0.0,0.0,0.0,0.0,0.0,0.0,0.0,0.0,0.0,0.0,0.0,0.0,0.0,0.0,0.0,0.0,0.0,
0.0,0.0,-0.051,-0.05,-0.039,-0.024,-0.082,-0.049,-0.036,-0.034,-0.05,-0.037,-0.071,-0.036,-0.047,-0.047,-0.039,-0.024,-0.082,-0.049,-0.036,-0.034,-0.05,-0.037,-0.071,-0.036,-0.047,-0.047,-0.039,-0.024,-0.082,-0.049,-0.036,-0.034,-0.05,-0.037,-0.071,-0.036,-0.047,-0.047,-0.039,-0.024,-0.082,-0.049,-0.036,-0.034,-0.05,-0.037,-0.071,-0.036,-0.047,-0.047,-0.039,-0.024,-0.082,-0.049,-0.036,-0.034,-0.05,-0.037,-0.071,-0.036,-0.047,-0.047,-0.039,-0.024,-0.082,-0.049,-0.036,-0.034,-0.05,-0.037,-0.071,-0.036,-0.047,-0.047,-0.039,-0.024,-0.082,-0.049,-0.036,-0.034,-0.05,-0.037,-0.071,-0.036,-0.047,-0.047,-0.039,-0.024,-0.082,-0.049,-0.036,-0.034,-0.05,-0.037,-0.071,-0.036,-0.047,-0.047,
0.0,0.0,0.0,0.0,0.0,0.0,0.0,0.0,0.0,0.0,0.0,0.0,0.0,0.0,0.0,0.0,0.0,0.0,0.0,0.0,0.0,0.0,0.0,0.0,0.0,0.0,0.0,0.0,0.0,0.0,0.0,0.0,0.0,0.0,0.0,0.0,0.0,0.0,0.0,0.0,0.0,0.0,0.0,0.0,0.0,0.0,0.0,0.0,0.0,0.0,0.0,0.0,0.0,0.0,0.0,0.0,0.0,0.0,0.0,0.0,0.0,0.0,0.0,0.0,0.0,0.0,0.0,0.0,0.0,0.0,0.0,0.0,0.0,0.0,0.0,0.0,0.0,0.0,0.0,0.0,0.0,0.0,0.0,0.0,0.0,0.0,0.0,0.0,0.0,0.0,0.0,0.0,0.0,0.0,0.0,0.0,0.0,0.0,0.0,0.0,
0.0,0.0,0.0,0.0,0.0,0.0,0.0,0.0,0.0,0.0,0.0,0.0,0.0,0.0,0.0,0.0,0.0,0.0,0.0,0.0,0.0,0.0,0.0,0.0,0.0,0.0,0.0,0.0,0.0,0.0,0.0,0.0,0.0,0.0,0.0,0.0,0.0,0.0,0.0,0.0,0.0,0.0,0.0,0.0,0.0,0.0,0.0,0.0,0.0,0.0,0.0,0.0,0.0,0.0,0.0,0.0,0.0,0.0,0.0,0.0,0.0,0.0,0.0,0.0,0.0,0.0,0.0,0.0,0.0,0.0,0.0,0.0,0.0,0.0,0.0,0.0,0.0,0.0,0.0,0.0,0.0,0.0,0.0,0.0,0.0,0.0,0.0,0.0,0.0,0.0,0.0,0.0,0.0,0.0,0.0,0.0,0.0,0.0,0.0,0.0,
0.0,0.0,0.0,0.0,0.0,0.0,0.0,0.0,0.0,0.0,0.0,0.0,0.0,0.0,0.0,0.0,0.0,0.0,0.0,0.0,0.0,0.0,0.0,0.0,0.0,0.0,0.0,0.0,0.0,0.0,0.0,0.0,0.0,0.0,0.0,0.0,0.0,0.0,0.0,0.0,0.0,0.0,0.0,0.0,0.0,0.0,0.0,0.0,0.0,0.0,0.0,0.0,0.0,0.0,0.0,0.0,0.0,0.0,0.0,0.0,0.0,0.0,0.0,0.0,0.0,0.0,0.0,0.0,0.0,0.0,0.0,0.0,0.0,0.0,0.0,0.0,0.0,0.0,0.0,0.0,0.0,0.0,0.0,0.0,0.0,0.0,0.0,0.0,0.0,0.0,0.0,0.0,0.0,0.0,0.0,0.0,0.0,0.0,0.0,0.0,
0.0,0.0,0.0,0.0,0.0,-0.039,-0.09,-0.048,-0.082,-0.053,-0.084,-0.045,-0.09,-0.048,-0.082,-0.053,-0.084,-0.045,-0.09,-0.048,-0.082,-0.053,-0.084,-0.045,-0.09,-0.048,-0.082,-0.053,-0.084,-0.045,-0.09,-0.048,-0.082,-0.053,-0.084,-0.045,-0.09,-0.048,-0.082,-0.053,-0.084,-0.045,-0.09,-0.048,-0.082,-0.053,-0.084,-0.045,-0.09,-0.048,-0.082,-0.053,-0.084,-0.045,-0.09,-0.048,-0.082,-0.053,-0.084,-0.045,-0.09,-0.048,-0.082,-0.053,-0.084,-0.045,-0.09,-0.048,-0.082,-0.053,-0.084,-0.045,-0.09,-0.048,-0.082,-0.053,-0.084,-0.045,-0.09,-0.048,-0.082,-0.053,-0.084,-0.045,-0.09,-0.048,-0.082,-0.053,-0.084,-0.045,-0.09,-0.048,-0.082,-0.053,-0.084,-0.045,-0.09,-0.048,-0.082,-0.053,
0.0,0.0,0.0,0.0,-0.019,0.009,-0.007,0.001,-0.019,0.009,-0.007,0.001,-0.019,0.009,-0.007,0.001,-0.019,0.009,-0.007,0.001,-0.019,0.009,-0.007,0.001,-0.019,0.009,-0.007,0.001,-0.019,0.009,-0.007,0.001,-0.019,0.009,-0.007,0.001,-0.019,0.009,-0.007,0.001,-0.019,0.009,-0.007,0.001,-0.019,0.009,-0.007,0.001,-0.019,0.009,-0.007,0.001,-0.019,0.009,-0.007,0.001,-0.019,0.009,-0.007,0.001,-0.019,0.009,-0.007,0.001,-0.019,0.009,-0.007,0.001,-0.019,0.009,-0.007,0.001,-0.019,0.009,-0.007,0.001,-0.019,0.009,-0.007,0.001,-0.019,0.009,-0.007,0.001,-0.019,0.009,-0.007,0.001,-0.019,0.009,-0.007,0.001,-0.019,0.009,-0.007,0.001,-0.019,0.009,-0.007,0.001,
0.0,0.0,0.0,0.0,0.0,0.0,0.0,0.0,0.0,0.0,0.0,0.0,0.0,0.0,0.0,0.0,0.0,0.0,0.0,0.0,0.0,0.0,0.0,0.0,0.0,0.0,0.0,0.0,0.0,0.0,0.0,0.0,0.0,0.0,0.0,0.0,0.0,0.0,0.0,0.0,0.0,0.0,0.0,0.0,0.0,0.0,0.0,0.0,0.0,0.0,0.0,0.0,0.0,0.0,0.0,0.0,0.0,0.0,0.0,0.0,0.0,0.0,0.0,0.0,0.0,0.0,0.0,0.0,0.0,0.0,0.0,0.0,0.0,0.0,0.0,0.0,0.0,0.0,0.0,0.0,0.0,0.0,0.0,0.0,0.0,0.0,0.0,0.0,0.0,0.0,0.0,0.0,0.0,0.0,0.0,0.0,0.0,0.0,0.0,0.0,
0.0,0.0,0.0,0.0,0.0,0.0,0.0,0.0,0.0,0.0,0.0,0.0,0.0,0.0,0.0,0.0,0.0,0.0,0.0,0.0,0.0,0.0,0.0,0.0,0.0,0.0,0.0,0.0,0.0,0.0,0.0,0.0,0.0,0.0,0.0,0.0,0.0,0.0,0.0,0.0,0.0,0.0,0.0,0.0,0.0,0.0,0.0,0.0,0.0,0.0,0.0,0.0,0.0,0.0,0.0,0.0,0.0,0.0,0.0,0.0,0.0,0.0,0.0,0.0,0.0,0.0,0.0,0.0,0.0,0.0,0.0,0.0,0.0,0.0,0.0,0.0,0.0,0.0,0.0,0.0,0.0,0.0,0.0,0.0,0.0,0.0,0.0,0.0,0.0,0.0,0.0,0.0,0.0,0.0,0.0,0.0,0.0,0.0,0.0,0.0,
0.0,0.0,0.0,0.0,0.0,0.0,0.0,0.0,0.0,0.0,0.0,0.0,0.0,0.0,0.0,0.0,0.0,0.0,0.0,0.0,0.0,0.0,0.0,0.0,0.0,0.0,0.0,0.0,0.0,0.0,0.0,0.0,0.0,0.0,0.0,0.0,0.0,0.0,0.0,0.0,0.0,0.0,0.0,0.0,0.0,0.0,0.0,0.0,0.0,0.0,0.0,0.0,0.0,0.0,0.0,0.0,0.0,0.0,0.0,0.0,0.0,0.0,0.0,0.0,0.0,0.0,0.0,0.0,0.0,0.0,0.0,0.0,0.0,0.0,0.0,0.0,0.0,0.0,0.0,0.0,0.0,0.0,0.0,0.0,0.0,0.0,0.0,0.0,0.0,0.0,0.0,0.0,0.0,0.0,0.0,0.0,0.0,0.0,0.0,0.0,
0.0,0.0,0.0,0.0,0.0,0.0,0.0,0.0,0.0,0.0,0.0,0.0,0.0,0.0,0.0,0.0,0.0,0.0,0.0,0.0,0.0,0.0,0.0,0.0,0.0,0.0,0.0,0.0,0.0,0.0,0.0,0.0,0.0,0.0,0.0,0.0,0.0,0.0,0.0,0.0,0.0,0.0,0.0,0.0,0.0,0.0,0.0,0.0,0.0,0.0,0.0,0.0,0.0,0.0,0.0,0.0,0.0,0.0,0.0,0.0,0.0,0.0,0.0,0.0,0.0,0.0,0.0,0.0,0.0,0.0,0.0,0.0,0.0,0.0,0.0,0.0,0.0,0.0,0.0,0.0,0.0,0.0,0.0,0.0,0.0,0.0,0.0,0.0,0.0,0.0,0.0,0.0,0.0,0.0,0.0,0.0,0.0,0.0,0.0,0.0,
0.0,0.0,0.0,0.0,0.0,0.0,0.0,0.0,0.0,0.0,0.0,0.0,0.0,0.0,0.0,0.0,0.0,0.0,0.0,0.0,0.0,0.0,0.0,0.0,0.0,0.0,0.0,0.0,0.0,0.0,0.0,0.0,0.0,0.0,0.0,0.0,0.0,0.0,0.0,0.0,0.0,0.0,0.0,0.0,0.0,0.0,0.0,0.0,0.0,0.0,0.0,0.0,0.0,0.0,0.0,0.0,0.0,0.0,0.0,0.0,0.0,0.0,0.0,0.0,0.0,0.0,0.0,0.0,0.0,0.0,0.0,0.0,0.0,0.0,0.0,0.0,0.0,0.0,0.0,0.0,0.0,0.0,0.0,0.0,0.0,0.0,0.0,0.0,0.0,0.0,0.0,0.0,0.0,0.0,0.0,0.0,0.0,0.0,0.0,0.0,
0.0,0.0,0.0,0.0,0.0,0.0,0.0,0.0,0.0,0.0,0.0,0.0,0.0,0.0,0.0,0.0,0.0,0.0,0.0,0.0,0.0,0.0,0.0,0.0,0.0,0.0,0.0,0.0,0.0,0.0,0.0,0.0,0.0,0.0,0.0,0.0,0.0,0.0,0.0,0.0,0.0,0.0,0.0,0.0,0.0,0.0,0.0,0.0,0.0,0.0,0.0,0.0,0.0,0.0,0.0,0.0,0.0,0.0,0.0,0.0,0.0,0.0,0.0,0.0,0.0,0.0,0.0,0.0,0.0,0.0,0.0,0.0,0.0,0.0,0.0,0.0,0.0,0.0,0.0,0.0,0.0,0.0,0.0,0.0,0.0,0.0,0.0,0.0,0.0,0.0,0.0,0.0,0.0,0.0,0.0,0.0,0.0,0.0,0.0,0.0,
0.0,0.0,0.0,0.0,0.0,0.0,0.0,0.0,0.0,0.0,0.0,0.0,0.0,0.0,0.0,0.0,0.0,0.0,0.0,0.0,0.0,0.0,0.0,0.0,0.0,0.0,0.0,0.0,0.0,0.0,0.0,0.0,0.0,0.0,0.0,0.0,0.0,0.0,0.0,0.0,0.0,0.0,0.0,0.0,0.0,0.0,0.0,0.0,0.0,0.0,0.0,0.0,0.0,0.0,0.0,0.0,0.0,0.0,0.0,0.0,0.0,0.0,0.0,0.0,0.0,0.0,0.0,0.0,0.0,0.0,0.0,0.0,0.0,0.0,0.0,0.0,0.0,0.0,0.0,0.0,0.0,0.0,0.0,0.0,0.0,0.0,0.0,0.0,0.0,0.0,0.0,0.0,0.0,0.0,0.0,0.0,0.0,0.0,0.0,0.0,
0.0,0.0,0.0,0.0,0.0,0.0,0.0,0.0,0.0,0.0,0.0,0.0,0.0,0.0,0.0,0.0,0.0,0.0,0.0,0.0,0.0,0.0,0.0,0.0,0.0,0.0,0.0,0.0,0.0,0.0,0.0,0.0,0.0,0.0,0.0,0.0,0.0,0.0,0.0,0.0,0.0,0.0,0.0,0.0,0.0,0.0,0.0,0.0,0.0,0.0,0.0,0.0,0.0,0.0,0.0,0.0,0.0,0.0,0.0,0.0,0.0,0.0,0.0,0.0,0.0,0.0,0.0,0.0,0.0,0.0,0.0,0.0,0.0,0.0,0.0,0.0,0.0,0.0,0.0,0.0,0.0,0.0,0.0,0.0,0.0,0.0,0.0,0.0,0.0,0.0,0.0,0.0,0.0,0.0,0.0,0.0,0.0,0.0,0.0,0.0,
0.0,0.0,0.0,0.0,0.0,0.0,0.0,0.0,0.0,0.0,0.0,0.0,0.0,0.0,0.0,0.0,0.0,0.0,0.0,0.0,0.0,0.0,0.0,0.0,0.0,0.0,0.0,0.0,0.0,0.0,0.0,0.0,0.0,0.0,0.0,0.0,0.0,0.0,0.0,0.0,0.0,0.0,0.0,0.0,0.0,0.0,0.0,0.0,0.0,0.0,0.0,0.0,0.0,0.0,0.0,0.0,0.0,0.0,0.0,0.0,0.0,0.0,0.0,0.0,0.0,0.0,0.0,0.0,0.0,0.0,0.0,0.0,0.0,0.0,0.0,0.0,0.0,0.0,0.0,0.0,0.0,0.0,0.0,0.0,0.0,0.0,0.0,0.0,0.0,0.0,0.0,0.0,0.0,0.0,0.0,0.0,0.0,0.0,0.0,0.0,
0.0,0.0,-0.019,-0.042,-0.023,0.001,0.009,-0.035,-0.029,0.001,0.006,-0.035,-0.029,0.001,0.006,-0.035,-0.029,0.001,0.006,-0.035,-0.029,0.001,0.006,-0.035,-0.029,0.001,0.006,-0.035,-0.029,0.001,0.006,-0.035,-0.029,0.001,0.006,-0.035,-0.029,0.001,0.006,-0.035,-0.029,0.001,0.006,-0.035,-0.029,0.001,0.006,-0.035,-0.029,0.001,0.006,-0.035,-0.029,0.001,0.006,-0.035,-0.029,0.001,0.006,-0.035,-0.029,0.001,0.006,-0.035,-0.029,0.001,0.006,-0.035,-0.029,0.001,0.006,-0.035,-0.029,0.001,0.006,-0.035,-0.029,0.001,0.006,-0.035,-0.029,0.001,0.006,-0.035,-0.029,0.001,0.006,-0.035,-0.029,0.001,0.006,-0.035,-0.029,0.001,0.006,-0.035,-0.029,0.001,0.006,-0.035,
0.0,0.0,-0.026,-0.059,-0.036,-0.056,-0.033,-0.025,0.017,-0.063,-0.027,-0.067,-0.014,-0.067,0.012,-0.02,-0.027,-0.063,-0.031,-0.05,-0.031,-0.025,0.017,-0.063,-0.027,-0.067,-0.014,-0.067,0.012,-0.02,-0.027,-0.063,-0.031,-0.05,-0.031,-0.025,0.017,-0.063,-0.027,-0.067,-0.014,-0.067,0.012,-0.02,-0.027,-0.063,-0.031,-0.05,-0.031,-0.025,0.017,-0.063,-0.027,-0.067,-0.014,-0.067,0.012,-0.02,-0.027,-0.063,-0.031,-0.05,-0.031,-0.025,0.017,-0.063,-0.027,-0.067,-0.014,-0.067,0.012,-0.02,-0.027,-0.063,-0.031,-0.05,-0.031,-0.025,0.017,-0.063,-0.027,-0.067,-0.014,-0.067,0.012,-0.02,-0.027,-0.063,-0.031,-0.05,-0.031,-0.025,0.017,-0.063,-0.027,-0.067,-0.014,-0.067,0.012,-0.02,
0.0,0.0,-0.003,-0.027,-0.051,-0.06,-0.047,-0.054,-0.061,-0.047,-0.054,-0.061,-0.047,-0.054,-0.061,-0.047,-0.054,-0.061,-0.047,-0.054,-0.061,-0.047,-0.054,-0.061,-0.047,-0.054,-0.061,-0.047,-0.054,-0.061,-0.047,-0.054,-0.061,-0.047,-0.054,-0.061,-0.047,-0.054,-0.061,-0.047,-0.054,-0.061,-0.047,-0.054,-0.061,-0.047,-0.054,-0.061,-0.047,-0.054,-0.061,-0.047,-0.054,-0.061,-0.047,-0.054,-0.061,-0.047,-0.054,-0.061,-0.047,-0.054,-0.061,-0.047,-0.054,-0.061,-0.047,-0.054,-0.061,-0.047,-0.054,-0.061,-0.047,-0.054,-0.061,-0.047,-0.054,-0.061,-0.047,-0.054,-0.061,-0.047,-0.054,-0.061,-0.047,-0.054,-0.061,-0.047,-0.054,-0.061,-0.047,-0.054,-0.061,-0.047,-0.054,-0.061,-0.047,-0.054,-0.061,-0.047,
0.0,0.0,-0.171,-0.207,-0.218,-0.212,-0.232,-0.213,-0.23,-0.213,-0.23,-0.213,-0.23,-0.213,-0.23,-0.213,-0.23,-0.213,-0.23,-0.213,-0.23,-0.213,-0.23,-0.213,-0.23,-0.213,-0.23,-0.213,-0.23,-0.213,-0.23,-0.213,-0.23,-0.213,-0.23,-0.213,-0.23,-0.213,-0.23,-0.213,-0.23,-0.213,-0.23,-0.213,-0.23,-0.213,-0.23,-0.213,-0.23,-0.213,-0.23,-0.213,-0.23,-0.213,-0.23,-0.213,-0.23,-0.213,-0.23,-0.213,-0.23,-0.213,-0.23,-0.213,-0.23,-0.213,-0.23,-0.213,-0.23,-0.213,-0.23,-0.213,-0.23,-0.213,-0.23,-0.213,-0.23,-0.213,-0.23,-0.213,-0.23,-0.213,-0.23,-0.213,-0.23,-0.213,-0.23,-0.213,-0.23,-0.213,-0.23,-0.213,-0.23,-0.213,-0.23,-0.213,-0.23,-0.213,-0.23,-0.213,
0.0,0.0,0.0,0.0,0.0,0.0,0.0,0.0,0.0,0.0,0.0,0.0,0.0,0.0,0.0,0.0,0.0,0.0,0.0,0.0,0.0,0.0,0.0,0.0,0.0,0.0,0.0,0.0,0.0,0.0,0.0,0.0,0.0,0.0,0.0,0.0,0.0,0.0,0.0,0.0,0.0,0.0,0.0,0.0,0.0,0.0,0.0,0.0,0.0,0.0,0.0,0.0,0.0,0.0,0.0,0.0,0.0,0.0,0.0,0.0,0.0,0.0,0.0,0.0,0.0,0.0,0.0,0.0,0.0,0.0,0.0,0.0,0.0,0.0,0.0,0.0,0.0,0.0,0.0,0.0,0.0,0.0,0.0,0.0,0.0,0.0,0.0,0.0,0.0,0.0,0.0,0.0,0.0,0.0,0.0,0.0,0.0,0.0,0.0,0.0,
0.0,0.0,0.0,0.0,0.0,0.0,0.0,0.0,0.0,0.0,0.0,0.0,0.0,0.0,0.0,0.0,0.0,0.0,0.0,0.0,0.0,0.0,0.0,0.0,0.0,0.0,0.0,0.0,0.0,0.0,0.0,0.0,0.0,0.0,0.0,0.0,0.0,0.0,0.0,0.0,0.0,0.0,0.0,0.0,0.0,0.0,0.0,0.0,0.0,0.0,0.0,0.0,0.0,0.0,0.0,0.0,0.0,0.0,0.0,0.0,0.0,0.0,0.0,0.0,0.0,0.0,0.0,0.0,0.0,0.0,0.0,0.0,0.0,0.0,0.0,0.0,0.0,0.0,0.0,0.0,0.0,0.0,0.0,0.0,0.0,0.0,0.0,0.0,0.0,0.0,0.0,0.0,0.0,0.0,0.0,0.0,0.0,0.0,0.0,0.0,
0.0,0.0,0.0,0.0,0.0,0.0,0.0,0.0,0.0,0.0,0.0,0.0,0.0,0.0,0.0,0.0,0.0,0.0,0.0,0.0,0.0,0.0,0.0,0.0,0.0,0.0,0.0,0.0,0.0,0.0,0.0,0.0,0.0,0.0,0.0,0.0,0.0,0.0,0.0,0.0,0.0,0.0,0.0,0.0,0.0,0.0,0.0,0.0,0.0,0.0,0.0,0.0,0.0,0.0,0.0,0.0,0.0,0.0,0.0,0.0,0.0,0.0,0.0,0.0,0.0,0.0,0.0,0.0,0.0,0.0,0.0,0.0,0.0,0.0,0.0,0.0,0.0,0.0,0.0,0.0,0.0,0.0,0.0,0.0,0.0,0.0,0.0,0.0,0.0,0.0,0.0,0.0,0.0,0.0,0.0,0.0,0.0,0.0,0.0,0.0,
0.0,0.0,0.0,0.0,0.0,0.0,0.0,0.0,0.0,0.0,0.0,0.0,0.0,0.0,0.0,0.0,0.0,0.0,0.0,0.0,0.0,0.0,0.0,0.0,0.0,0.0,0.0,0.0,0.0,0.0,0.0,0.0,0.0,0.0,0.0,0.0,0.0,0.0,0.0,0.0,0.0,0.0,0.0,0.0,0.0,0.0,0.0,0.0,0.0,0.0,0.0,0.0,0.0,0.0,0.0,0.0,0.0,0.0,0.0,0.0,0.0,0.0,0.0,0.0,0.0,0.0,0.0,0.0,0.0,0.0,0.0,0.0,0.0,0.0,0.0,0.0,0.0,0.0,0.0,0.0,0.0,0.0,0.0,0.0,0.0,0.0,0.0,0.0,0.0,0.0,0.0,0.0,0.0,0.0,0.0,0.0,0.0,0.0,0.0,0.0,
0.0,0.0,0.0,0.0,0.0,0.0,0.0,0.0,0.0,0.0,0.0,0.0,0.0,0.0,0.0,0.0,0.0,0.0,0.0,0.0,0.0,0.0,0.0,0.0,0.0,0.0,0.0,0.0,0.0,0.0,0.0,0.0,0.0,0.0,0.0,0.0,0.0,0.0,0.0,0.0,0.0,0.0,0.0,0.0,0.0,0.0,0.0,0.0,0.0,0.0,0.0,0.0,0.0,0.0,0.0,0.0,0.0,0.0,0.0,0.0,0.0,0.0,0.0,0.0,0.0,0.0,0.0,0.0,0.0,0.0,0.0,0.0,0.0,0.0,0.0,0.0,0.0,0.0,0.0,0.0,0.0,0.0,0.0,0.0,0.0,0.0,0.0,0.0,0.0,0.0,0.0,0.0,0.0,0.0,0.0,0.0,0.0,0.0,0.0,0.0,
0.0,0.0,0.0,-0.081,-0.064,-0.106,-0.133,-0.14,-0.03,-0.109,-0.087,-0.088,-0.078,-0.108,-0.068,-0.108,-0.082,-0.091,-0.066,-0.111,-0.06,-0.097,-0.08,-0.091,-0.066,-0.111,-0.06,-0.097,-0.08,-0.091,-0.066,-0.111,-0.06,-0.097,-0.08,-0.091,-0.066,-0.111,-0.06,-0.097,-0.08,-0.091,-0.066,-0.111,-0.06,-0.097,-0.08,-0.091,-0.066,-0.111,-0.06,-0.097,-0.08,-0.091,-0.066,-0.111,-0.06,-0.097,-0.08,-0.091,-0.066,-0.111,-0.06,-0.097,-0.08,-0.091,-0.066,-0.111,-0.06,-0.097,-0.08,-0.091,-0.066,-0.111,-0.06,-0.097,-0.08,-0.091,-0.066,-0.111,-0.06,-0.097,-0.08,-0.091,-0.066,-0.111,-0.06,-0.097,-0.08,-0.091,-0.066,-0.111,-0.06,-0.097,-0.08,-0.091,-0.066,-0.111,-0.06,-0.097,
0.0,0.0,0.0,0.0,0.0,0.0,0.0,0.0,0.0,0.0,0.0,0.0,0.0,0.0,0.0,0.0,0.0,0.0,0.0,0.0,0.0,0.0,0.0,0.0,0.0,0.0,0.0,0.0,0.0,0.0,0.0,0.0,0.0,0.0,0.0,0.0,0.0,0.0,0.0,0.0,0.0,0.0,0.0,0.0,0.0,0.0,0.0,0.0,0.0,0.0,0.0,0.0,0.0,0.0,0.0,0.0,0.0,0.0,0.0,0.0,0.0,0.0,0.0,0.0,0.0,0.0,0.0,0.0,0.0,0.0,0.0,0.0,0.0,0.0,0.0,0.0,0.0,0.0,0.0,0.0,0.0,0.0,0.0,0.0,0.0,0.0,0.0,0.0,0.0,0.0,0.0,0.0,0.0,0.0,0.0,0.0,0.0,0.0,0.0,0.0,
0.0,0.0,-0.023,-0.065,-0.138,-0.138,-0.145,-0.162,-0.176,-0.165,-0.178,-0.165,-0.178,-0.165,-0.178,-0.165,-0.178,-0.165,-0.178,-0.165,-0.178,-0.165,-0.178,-0.165,-0.178,-0.165,-0.178,-0.165,-0.178,-0.165,-0.178,-0.165,-0.178,-0.165,-0.178,-0.165,-0.178,-0.165,-0.178,-0.165,-0.178,-0.165,-0.178,-0.165,-0.178,-0.165,-0.178,-0.165,-0.178,-0.165,-0.178,-0.165,-0.178,-0.165,-0.178,-0.165,-0.178,-0.165,-0.178,-0.165,-0.178,-0.165,-0.178,-0.165,-0.178,-0.165,-0.178,-0.165,-0.178,-0.165,-0.178,-0.165,-0.178,-0.165,-0.178,-0.165,-0.178,-0.165,-0.178,-0.165,-0.178,-0.165,-0.178,-0.165,-0.178,-0.165,-0.178,-0.165,-0.178,-0.165,-0.178,-0.165,-0.178,-0.165,-0.178,-0.165,-0.178,-0.165,-0.178,-0.165,
0.0,0.0,0.0,0.0,0.0,0.0,0.0,0.0,0.0,0.0,0.0,0.0,0.0,0.0,0.0,0.0,0.0,0.0,0.0,0.0,0.0,0.0,0.0,0.0,0.0,0.0,0.0,0.0,0.0,0.0,0.0,0.0,0.0,0.0,0.0,0.0,0.0,0.0,0.0,0.0,0.0,0.0,0.0,0.0,0.0,0.0,0.0,0.0,0.0,0.0,0.0,0.0,0.0,0.0,0.0,0.0,0.0,0.0,0.0,0.0,0.0,0.0,0.0,0.0,0.0,0.0,0.0,0.0,0.0,0.0,0.0,0.0,0.0,0.0,0.0,0.0,0.0,0.0,0.0,0.0,0.0,0.0,0.0,0.0,0.0,0.0,0.0,0.0,0.0,0.0,0.0,0.0,0.0,0.0,0.0,0.0,0.0,0.0,0.0,0.0,
0.0,0.0,0.0,0.0,0.0,0.0,0.0,0.0,0.0,0.0,0.0,0.0,0.0,0.0,0.0,0.0,0.0,0.0,0.0,0.0,0.0,0.0,0.0,0.0,0.0,0.0,0.0,0.0,0.0,0.0,0.0,0.0,0.0,0.0,0.0,0.0,0.0,0.0,0.0,0.0,0.0,0.0,0.0,0.0,0.0,0.0,0.0,0.0,0.0,0.0,0.0,0.0,0.0,0.0,0.0,0.0,0.0,0.0,0.0,0.0,0.0,0.0,0.0,0.0,0.0,0.0,0.0,0.0,0.0,0.0,0.0,0.0,0.0,0.0,0.0,0.0,0.0,0.0,0.0,0.0,0.0,0.0,0.0,0.0,0.0,0.0,0.0,0.0,0.0,0.0,0.0,0.0,0.0,0.0,0.0,0.0,0.0,0.0,0.0,0.0,
0.0,0.0,0.0,0.0,0.0,0.0,0.0,0.0,0.0,0.0,0.0,0.0,0.0,0.0,0.0,0.0,0.0,0.0,0.0,0.0,0.0,0.0,0.0,0.0,0.0,0.0,0.0,0.0,0.0,0.0,0.0,0.0,0.0,0.0,0.0,0.0,0.0,0.0,0.0,0.0,0.0,0.0,0.0,0.0,0.0,0.0,0.0,0.0,0.0,0.0,0.0,0.0,0.0,0.0,0.0,0.0,0.0,0.0,0.0,0.0,0.0,0.0,0.0,0.0,0.0,0.0,0.0,0.0,0.0,0.0,0.0,0.0,0.0,0.0,0.0,0.0,0.0,0.0,0.0,0.0,0.0,0.0,0.0,0.0,0.0,0.0,0.0,0.0,0.0,0.0,0.0,0.0,0.0,0.0,0.0,0.0,0.0,0.0,0.0,0.0,
0.0,0.0,-0.01,-0.004,-0.012,-0.026,0.003,-0.02,-0.018,-0.006,-0.012,-0.026,0.003,-0.02,-0.018,-0.006,-0.012,-0.026,0.003,-0.02,-0.018,-0.006,-0.012,-0.026,0.003,-0.02,-0.018,-0.006,-0.012,-0.026,0.003,-0.02,-0.018,-0.006,-0.012,-0.026,0.003,-0.02,-0.018,-0.006,-0.012,-0.026,0.003,-0.02,-0.018,-0.006,-0.012,-0.026,0.003,-0.02,-0.018,-0.006,-0.012,-0.026,0.003,-0.02,-0.018,-0.006,-0.012,-0.026,0.003,-0.02,-0.018,-0.006,-0.012,-0.026,0.003,-0.02,-0.018,-0.006,-0.012,-0.026,0.003,-0.02,-0.018,-0.006,-0.012,-0.026,0.003,-0.02,-0.018,-0.006,-0.012,-0.026,0.003,-0.02,-0.018,-0.006,-0.012,-0.026,0.003,-0.02,-0.018,-0.006,-0.012,-0.026,0.003,-0.02,-0.018,-0.006,
0.0,0.0,0.0,0.0,0.0,0.0,0.0,0.0,0.0,0.0,0.0,0.0,0.0,0.0,0.0,0.0,0.0,0.0,0.0,0.0,0.0,0.0,0.0,0.0,0.0,0.0,0.0,0.0,0.0,0.0,0.0,0.0,0.0,0.0,0.0,0.0,0.0,0.0,0.0,0.0,0.0,0.0,0.0,0.0,0.0,0.0,0.0,0.0,0.0,0.0,0.0,0.0,0.0,0.0,0.0,0.0,0.0,0.0,0.0,0.0,0.0,0.0,0.0,0.0,0.0,0.0,0.0,0.0,0.0,0.0,0.0,0.0,0.0,0.0,0.0,0.0,0.0,0.0,0.0,0.0,0.0,0.0,0.0,0.0,0.0,0.0,0.0,0.0,0.0,0.0,0.0,0.0,0.0,0.0,0.0,0.0,0.0,0.0,0.0,0.0,
0.0,0.0,0.0,0.0,-0.123,-0.106,-0.102,-0.021,-0.001,-0.131,-0.1,-0.107,-0.015,-0.007,-0.126,-0.106,-0.102,-0.021,-0.001,-0.131,-0.1,-0.107,-0.015,-0.007,-0.126,-0.106,-0.102,-0.021,-0.001,-0.131,-0.1,-0.107,-0.015,-0.007,-0.126,-0.106,-0.102,-0.021,-0.001,-0.131,-0.1,-0.107,-0.015,-0.007,-0.126,-0.106,-0.102,-0.021,-0.001,-0.131,-0.1,-0.107,-0.015,-0.007,-0.126,-0.106,-0.102,-0.021,-0.001,-0.131,-0.1,-0.107,-0.015,-0.007,-0.126,-0.106,-0.102,-0.021,-0.001,-0.131,-0.1,-0.107,-0.015,-0.007,-0.126,-0.106,-0.102,-0.021,-0.001,-0.131,-0.1,-0.107,-0.015,-0.007,-0.126,-0.106,-0.102,-0.021,-0.001,-0.131,-0.1,-0.107,-0.015,-0.007,-0.126,-0.106,-0.102,-0.021,-0.001,-0.131,
0.0,0.0,-0.136,-0.004,-0.133,-0.101,-0.07,-0.111,-0.121,-0.066,-0.105,-0.067,-0.112,-0.121,-0.066,-0.105,-0.067,-0.112,-0.121,-0.066,-0.105,-0.067,-0.112,-0.121,-0.066,-0.105,-0.067,-0.112,-0.121,-0.066,-0.105,-0.067,-0.112,-0.121,-0.066,-0.105,-0.067,-0.112,-0.121,-0.066,-0.105,-0.067,-0.112,-0.121,-0.066,-0.105,-0.067,-0.112,-0.121,-0.066,-0.105,-0.067,-0.112,-0.121,-0.066,-0.105,-0.067,-0.112,-0.121,-0.066,-0.105,-0.067,-0.112,-0.121,-0.066,-0.105,-0.067,-0.112,-0.121,-0.066,-0.105,-0.067,-0.112,-0.121,-0.066,-0.105,-0.067,-0.112,-0.121,-0.066,-0.105,-0.067,-0.112,-0.121,-0.066,-0.105,-0.067,-0.112,-0.121,-0.066,-0.105,-0.067,-0.112,-0.121,-0.066,-0.105,-0.067,-0.112,-0.121,-0.066,
0.0,0.0,0.0,0.0,0.0,0.0,0.0,0.0,0.0,0.0,0.0,0.0,0.0,0.0,0.0,0.0,0.0,0.0,0.0,0.0,0.0,0.0,0.0,0.0,0.0,0.0,0.0,0.0,0.0,0.0,0.0,0.0,0.0,0.0,0.0,0.0,0.0,0.0,0.0,0.0,0.0,0.0,0.0,0.0,0.0,0.0,0.0,0.0,0.0,0.0,0.0,0.0,0.0,0.0,0.0,0.0,0.0,0.0,0.0,0.0,0.0,0.0,0.0,0.0,0.0,0.0,0.0,0.0,0.0,0.0,0.0,0.0,0.0,0.0,0.0,0.0,0.0,0.0,0.0,0.0,0.0,0.0,0.0,0.0,0.0,0.0,0.0,0.0,0.0,0.0,0.0,0.0,0.0,0.0,0.0,0.0,0.0,0.0,0.0,0.0,
0.0,0.0,0.0,0.0,-0.066,-0.05,0.036,-0.036,-0.07,0.048,-0.087,-0.072,-0.096,-0.06,-0.056,0.033,-0.039,-0.104,0.033,-0.173,-0.078,0.05,-0.054,-0.057,-0.002,-0.054,-0.189,0.027,-0.037,-0.072,0.048,-0.087,-0.072,-0.096,-0.06,-0.056,0.033,-0.039,-0.104,0.033,-0.173,-0.078,0.05,-0.054,-0.057,-0.002,-0.054,-0.189,0.027,-0.037,-0.072,0.048,-0.087,-0.072,-0.096,-0.06,-0.056,0.033,-0.039,-0.104,0.033,-0.173,-0.078,0.05,-0.054,-0.057,-0.002,-0.054,-0.189,0.027,-0.037,-0.072,0.048,-0.087,-0.072,-0.096,-0.06,-0.056,0.033,-0.039,-0.104,0.033,-0.173,-0.078,0.05,-0.054,-0.057,-0.002,-0.054,-0.189,0.027,-0.037,-0.072,0.048,-0.087,-0.072,-0.096,-0.06,-0.056,0.033,
0.0,0.0,0.0,0.0,0.0,0.0,0.0,0.0,0.0,0.0,0.0,0.0,0.0,0.0,0.0,0.0,0.0,0.0,0.0,0.0,0.0,0.0,0.0,0.0,0.0,0.0,0.0,0.0,0.0,0.0,0.0,0.0,0.0,0.0,0.0,0.0,0.0,0.0,0.0,0.0,0.0,0.0,0.0,0.0,0.0,0.0,0.0,0.0,0.0,0.0,0.0,0.0,0.0,0.0,0.0,0.0,0.0,0.0,0.0,0.0,0.0,0.0,0.0,0.0,0.0,0.0,0.0,0.0,0.0,0.0,0.0,0.0,0.0,0.0,0.0,0.0,0.0,0.0,0.0,0.0,0.0,0.0,0.0,0.0,0.0,0.0,0.0,0.0,0.0,0.0,0.0,0.0,0.0,0.0,0.0,0.0,0.0,0.0,0.0,0.0,
0.0,0.0,0.0,0.0,0.0,0.0,0.0,0.0,0.0,0.0,0.0,0.0,0.0,0.0,0.0,0.0,0.0,0.0,0.0,0.0,0.0,0.0,0.0,0.0,0.0,0.0,0.0,0.0,0.0,0.0,0.0,0.0,0.0,0.0,0.0,0.0,0.0,0.0,0.0,0.0,0.0,0.0,0.0,0.0,0.0,0.0,0.0,0.0,0.0,0.0,0.0,0.0,0.0,0.0,0.0,0.0,0.0,0.0,0.0,0.0,0.0,0.0,0.0,0.0,0.0,0.0,0.0,0.0,0.0,0.0,0.0,0.0,0.0,0.0,0.0,0.0,0.0,0.0,0.0,0.0,0.0,0.0,0.0,0.0,0.0,0.0,0.0,0.0,0.0,0.0,0.0,0.0,0.0,0.0,0.0,0.0,0.0,0.0,0.0,0.0,
0.0,0.0,-0.001,-0.23,-0.11,-0.036,-0.22,-0.103,-0.017,-0.224,-0.093,-0.026,-0.217,-0.102,-0.017,-0.224,-0.093,-0.026,-0.217,-0.102,-0.017,-0.224,-0.093,-0.026,-0.217,-0.102,-0.017,-0.224,-0.093,-0.026,-0.217,-0.102,-0.017,-0.224,-0.093,-0.026,-0.217,-0.102,-0.017,-0.224,-0.093,-0.026,-0.217,-0.102,-0.017,-0.224,-0.093,-0.026,-0.217,-0.102,-0.017,-0.224,-0.093,-0.026,-0.217,-0.102,-0.017,-0.224,-0.093,-0.026,-0.217,-0.102,-0.017,-0.224,-0.093,-0.026,-0.217,-0.102,-0.017,-0.224,-0.093,-0.026,-0.217,-0.102,-0.017,-0.224,-0.093,-0.026,-0.217,-0.102,-0.017,-0.224,-0.093,-0.026,-0.217,-0.102,-0.017,-0.224,-0.093,-0.026,-0.217,-0.102,-0.017,-0.224,-0.093,-0.026,-0.217,-0.102,-0.017,-0.224,
0.0,0.0,0.0,0.0,0.0,0.0,0.0,0.0,0.0,0.0,0.0,0.0,0.0,0.0,0.0,0.0,0.0,0.0,0.0,0.0,0.0,0.0,0.0,0.0,0.0,0.0,0.0,0.0,0.0,0.0,0.0,0.0,0.0,0.0,0.0,0.0,0.0,0.0,0.0,0.0,0.0,0.0,0.0,0.0,0.0,0.0,0.0,0.0,0.0,0.0,0.0,0.0,0.0,0.0,0.0,0.0,0.0,0.0,0.0,0.0,0.0,0.0,0.0,0.0,0.0,0.0,0.0,0.0,0.0,0.0,0.0,0.0,0.0,0.0,0.0,0.0,0.0,0.0,0.0,0.0,0.0,0.0,0.0,0.0,0.0,0.0,0.0,0.0,0.0,0.0,0.0,0.0,0.0,0.0,0.0,0.0,0.0,0.0,0.0,0.0,
0.0,0.0,-0.107,-0.03,-0.11,-0.107,-0.027,-0.01,-0.11,-0.107,-0.027,-0.01,-0.11,-0.107,-0.027,-0.01,-0.11,-0.107,-0.027,-0.01,-0.11,-0.107,-0.027,-0.01,-0.11,-0.107,-0.027,-0.01,-0.11,-0.107,-0.027,-0.01,-0.11,-0.107,-0.027,-0.01,-0.11,-0.107,-0.027,-0.01,-0.11,-0.107,-0.027,-0.01,-0.11,-0.107,-0.027,-0.01,-0.11,-0.107,-0.027,-0.01,-0.11,-0.107,-0.027,-0.01,-0.11,-0.107,-0.027,-0.01,-0.11,-0.107,-0.027,-0.01,-0.11,-0.107,-0.027,-0.01,-0.11,-0.107,-0.027,-0.01,-0.11,-0.107,-0.027,-0.01,-0.11,-0.107,-0.027,-0.01,-0.11,-0.107,-0.027,-0.01,-0.11,-0.107,-0.027,-0.01,-0.11,-0.107,-0.027,-0.01,-0.11,-0.107,-0.027,-0.01,-0.11,-0.107,-0.027,-0.01,
0.0,0.0,0.0,-0.001,0.031,0.001,0.025,0.001,0.025,0.001,0.025,0.001,0.025,0.001,0.025,0.001,0.025,0.001,0.025,0.001,0.025,0.001,0.025,0.001,0.025,0.001,0.025,0.001,0.025,0.001,0.025,0.001,0.025,0.001,0.025,0.001,0.025,0.001,0.025,0.001,0.025,0.001,0.025,0.001,0.025,0.001,0.025,0.001,0.025,0.001,0.025,0.001,0.025,0.001,0.025,0.001,0.025,0.001,0.025,0.001,0.025,0.001,0.025,0.001,0.025,0.001,0.025,0.001,0.025,0.001,0.025,0.001,0.025,0.001,0.025,0.001,0.025,0.001,0.025,0.001,0.025,0.001,0.025,0.001,0.025,0.001,0.025,0.001,0.025,0.001,0.025,0.001,0.025,0.001,0.025,0.001,0.025,0.001,0.025,0.001,
0.0,0.0,0.0,0.0,0.0,0.0,0.0,0.0,0.0,0.0,0.0,0.0,0.0,0.0,0.0,0.0,0.0,0.0,0.0,0.0,0.0,0.0,0.0,0.0,0.0,0.0,0.0,0.0,0.0,0.0,0.0,0.0,0.0,0.0,0.0,0.0,0.0,0.0,0.0,0.0,0.0,0.0,0.0,0.0,0.0,0.0,0.0,0.0,0.0,0.0,0.0,0.0,0.0,0.0,0.0,0.0,0.0,0.0,0.0,0.0,0.0,0.0,0.0,0.0,0.0,0.0,0.0,0.0,0.0,0.0,0.0,0.0,0.0,0.0,0.0,0.0,0.0,0.0,0.0,0.0,0.0,0.0,0.0,0.0,0.0,0.0,0.0,0.0,0.0,0.0,0.0,0.0,0.0,0.0,0.0,0.0,0.0,0.0,0.0,0.0,
0.0,0.0,0.0,0.0,0.0,0.0,0.0,0.0,0.0,0.0,0.0,0.0,0.0,0.0,0.0,0.0,0.0,0.0,0.0,0.0,0.0,0.0,0.0,0.0,0.0,0.0,0.0,0.0,0.0,0.0,0.0,0.0,0.0,0.0,0.0,0.0,0.0,0.0,0.0,0.0,0.0,0.0,0.0,0.0,0.0,0.0,0.0,0.0,0.0,0.0,0.0,0.0,0.0,0.0,0.0,0.0,0.0,0.0,0.0,0.0,0.0,0.0,0.0,0.0,0.0,0.0,0.0,0.0,0.0,0.0,0.0,0.0,0.0,0.0,0.0,0.0,0.0,0.0,0.0,0.0,0.0,0.0,0.0,0.0,0.0,0.0,0.0,0.0,0.0,0.0,0.0,0.0,0.0,0.0,0.0,0.0,0.0,0.0,0.0,0.0,
0.0,0.0,-0.003,-0.017,-0.004,-0.004,-0.025,-0.01,-0.022,-0.06,-0.01,-0.015,-0.004,-0.004,-0.025,-0.01,-0.022,-0.06,-0.01,-0.015,-0.004,-0.004,-0.025,-0.01,-0.022,-0.06,-0.01,-0.015,-0.004,-0.004,-0.025,-0.01,-0.022,-0.06,-0.01,-0.015,-0.004,-0.004,-0.025,-0.01,-0.022,-0.06,-0.01,-0.015,-0.004,-0.004,-0.025,-0.01,-0.022,-0.06,-0.01,-0.015,-0.004,-0.004,-0.025,-0.01,-0.022,-0.06,-0.01,-0.015,-0.004,-0.004,-0.025,-0.01,-0.022,-0.06,-0.01,-0.015,-0.004,-0.004,-0.025,-0.01,-0.022,-0.06,-0.01,-0.015,-0.004,-0.004,-0.025,-0.01,-0.022,-0.06,-0.01,-0.015,-0.004,-0.004,-0.025,-0.01,-0.022,-0.06,-0.01,-0.015,-0.004,-0.004,-0.025,-0.01,-0.022,-0.06,-0.01,-0.015,
0.0,0.0,-0.168,-0.107,-0.224,-0.244,-0.13,-0.036,-0.036,-0.05,-0.038,-0.05,-0.038,-0.05,-0.038,-0.05,-0.038,-0.05,-0.038,-0.05,-0.038,-0.05,-0.038,-0.05,-0.038,-0.05,-0.038,-0.05,-0.038,-0.05,-0.038,-0.05,-0.038,-0.05,-0.038,-0.05,-0.038,-0.05,-0.038,-0.05,-0.038,-0.05,-0.038,-0.05,-0.038,-0.05,-0.038,-0.05,-0.038,-0.05,-0.038,-0.05,-0.038,-0.05,-0.038,-0.05,-0.038,-0.05,-0.038,-0.05,-0.038,-0.05,-0.038,-0.05,-0.038,-0.05,-0.038,-0.05,-0.038,-0.05,-0.038,-0.05,-0.038,-0.05,-0.038,-0.05,-0.038,-0.05,-0.038,-0.05,-0.038,-0.05,-0.038,-0.05,-0.038,-0.05,-0.038,-0.05,-0.038,-0.05,-0.038,-0.05,-0.038,-0.05,-0.038,-0.05,-0.038,-0.05,-0.038,-0.05,
0.0,0.0,0.0,0.0,0.0,0.0,0.0,0.0,0.0,0.0,0.0,0.0,0.0,0.0,0.0,0.0,0.0,0.0,0.0,0.0,0.0,0.0,0.0,0.0,0.0,0.0,0.0,0.0,0.0,0.0,0.0,0.0,0.0,0.0,0.0,0.0,0.0,0.0,0.0,0.0,0.0,0.0,0.0,0.0,0.0,0.0,0.0,0.0,0.0,0.0,0.0,0.0,0.0,0.0,0.0,0.0,0.0,0.0,0.0,0.0,0.0,0.0,0.0,0.0,0.0,0.0,0.0,0.0,0.0,0.0,0.0,0.0,0.0,0.0,0.0,0.0,0.0,0.0,0.0,0.0,0.0,0.0,0.0,0.0,0.0,0.0,0.0,0.0,0.0,0.0,0.0,0.0,0.0,0.0,0.0,0.0,0.0,0.0,0.0,0.0,
0.0,0.0,0.0,-0.024,-0.15,-0.15,-0.147,-0.143,-0.18,-0.202,-0.19,-0.175,-0.145,-0.201,-0.216,-0.15,-0.13,-0.146,-0.2,-0.173,-0.145,-0.147,-0.14,-0.182,-0.2,-0.192,-0.172,-0.147,-0.199,-0.218,-0.147,-0.132,-0.143,-0.202,-0.171,-0.147,-0.145,-0.143,-0.18,-0.202,-0.19,-0.175,-0.145,-0.201,-0.216,-0.15,-0.13,-0.146,-0.2,-0.173,-0.145,-0.147,-0.14,-0.182,-0.2,-0.192,-0.172,-0.147,-0.199,-0.218,-0.147,-0.132,-0.143,-0.202,-0.171,-0.147,-0.145,-0.143,-0.18,-0.202,-0.19,-0.175,-0.145,-0.201,-0.216,-0.15,-0.13,-0.146,-0.2,-0.173,-0.145,-0.147,-0.14,-0.182,-0.2,-0.192,-0.172,-0.147,-0.199,-0.218,-0.147,-0.132,-0.143,-0.202,-0.171,-0.147,-0.145,-0.143,-0.18,-0.202,
0.0,0.0,0.0,0.0,0.0,0.0,0.0,0.0,0.0,0.0,0.0,0.0,0.0,0.0,0.0,0.0,0.0,0.0,0.0,0.0,0.0,0.0,0.0,0.0,0.0,0.0,0.0,0.0,0.0,0.0,0.0,0.0,0.0,0.0,0.0,0.0,0.0,0.0,0.0,0.0,0.0,0.0,0.0,0.0,0.0,0.0,0.0,0.0,0.0,0.0,0.0,0.0,0.0,0.0,0.0,0.0,0.0,0.0,0.0,0.0,0.0,0.0,0.0,0.0,0.0,0.0,0.0,0.0,0.0,0.0,0.0,0.0,0.0,0.0,0.0,0.0,0.0,0.0,0.0,0.0,0.0,0.0,0.0,0.0,0.0,0.0,0.0,0.0,0.0,0.0,0.0,0.0,0.0,0.0,0.0,0.0,0.0,0.0,0.0,0.0,
0.0,0.0,-0.009,-0.025,-0.041,-0.042,-0.032,-0.038,-0.038,-0.044,-0.045,-0.045,-0.047,-0.045,-0.047,-0.045,-0.047,-0.045,-0.047,-0.045,-0.047,-0.045,-0.047,-0.045,-0.047,-0.045,-0.047,-0.045,-0.047,-0.045,-0.047,-0.045,-0.047,-0.045,-0.047,-0.045,-0.047,-0.045,-0.047,-0.045,-0.047,-0.045,-0.047,-0.045,-0.047,-0.045,-0.047,-0.045,-0.047,-0.045,-0.047,-0.045,-0.047,-0.045,-0.047,-0.045,-0.047,-0.045,-0.047,-0.045,-0.047,-0.045,-0.047,-0.045,-0.047,-0.045,-0.047,-0.045,-0.047,-0.045,-0.047,-0.045,-0.047,-0.045,-0.047,-0.045,-0.047,-0.045,-0.047,-0.045,-0.047,-0.045,-0.047,-0.045,-0.047,-0.045,-0.047,-0.045,-0.047,-0.045,-0.047,-0.045,-0.047,-0.045,-0.047,-0.045,-0.047,-0.045,-0.047,-0.045,
0.0,0.0,0.0,0.0,0.0,0.0,0.0,0.0,0.0,0.0,0.0,0.0,0.0,0.0,0.0,0.0,0.0,0.0,0.0,0.0,0.0,0.0,0.0,0.0,0.0,0.0,0.0,0.0,0.0,0.0,0.0,0.0,0.0,0.0,0.0,0.0,0.0,0.0,0.0,0.0,0.0,0.0,0.0,0.0,0.0,0.0,0.0,0.0,0.0,0.0,0.0,0.0,0.0,0.0,0.0,0.0,0.0,0.0,0.0,0.0,0.0,0.0,0.0,0.0,0.0,0.0,0.0,0.0,0.0,0.0,0.0,0.0,0.0,0.0,0.0,0.0,0.0,0.0,0.0,0.0,0.0,0.0,0.0,0.0,0.0,0.0,0.0,0.0,0.0,0.0,0.0,0.0,0.0,0.0,0.0,0.0,0.0,0.0,0.0,0.0,
0.0,0.0,-0.001,-0.024,-0.043,-0.033,-0.03,-0.024,-0.038,-0.024,-0.041,-0.033,-0.039,-0.026,-0.041,-0.032,-0.03,-0.023,-0.042,-0.026,-0.048,-0.035,-0.039,-0.023,-0.032,-0.027,-0.045,-0.027,-0.038,-0.029,-0.044,-0.018,-0.035,-0.03,-0.038,-0.036,-0.047,-0.027,-0.035,-0.02,-0.039,-0.033,-0.039,-0.026,-0.041,-0.032,-0.03,-0.023,-0.042,-0.026,-0.048,-0.035,-0.039,-0.023,-0.032,-0.027,-0.045,-0.027,-0.038,-0.029,-0.044,-0.018,-0.035,-0.03,-0.038,-0.036,-0.047,-0.027,-0.035,-0.02,-0.039,-0.033,-0.039,-0.026,-0.041,-0.032,-0.03,-0.023,-0.042,-0.026,-0.048,-0.035,-0.039,-0.023,-0.032,-0.027,-0.045,-0.027,-0.038,-0.029,-0.044,-0.018,-0.035,-0.03,-0.038,-0.036,-0.047,-0.027,-0.035,-0.02,
0.0,0.0,0.0,0.0,0.0,0.0,0.0,0.0,0.0,0.0,0.0,0.0,0.0,0.0,0.0,0.0,0.0,0.0,0.0,0.0,0.0,0.0,0.0,0.0,0.0,0.0,0.0,0.0,0.0,0.0,0.0,0.0,0.0,0.0,0.0,0.0,0.0,0.0,0.0,0.0,0.0,0.0,0.0,0.0,0.0,0.0,0.0,0.0,0.0,0.0,0.0,0.0,0.0,0.0,0.0,0.0,0.0,0.0,0.0,0.0,0.0,0.0,0.0,0.0,0.0,0.0,0.0,0.0,0.0,0.0,0.0,0.0,0.0,0.0,0.0,0.0,0.0,0.0,0.0,0.0,0.0,0.0,0.0,0.0,0.0,0.0,0.0,0.0,0.0,0.0,0.0,0.0,0.0,0.0,0.0,0.0,0.0,0.0,0.0,0.0,
0.0,0.0,0.0,0.0,0.0,0.0,0.0,0.0,0.0,0.0,0.0,0.0,0.0,0.0,0.0,0.0,0.0,0.0,0.0,0.0,0.0,0.0,0.0,0.0,0.0,0.0,0.0,0.0,0.0,0.0,0.0,0.0,0.0,0.0,0.0,0.0,0.0,0.0,0.0,0.0,0.0,0.0,0.0,0.0,0.0,0.0,0.0,0.0,0.0,0.0,0.0,0.0,0.0,0.0,0.0,0.0,0.0,0.0,0.0,0.0,0.0,0.0,0.0,0.0,0.0,0.0,0.0,0.0,0.0,0.0,0.0,0.0,0.0,0.0,0.0,0.0,0.0,0.0,0.0,0.0,0.0,0.0,0.0,0.0,0.0,0.0,0.0,0.0,0.0,0.0,0.0,0.0,0.0,0.0,0.0,0.0,0.0,0.0,0.0,0.0,
0.0,0.0,0.0,-0.007,-0.028,-0.037,-0.045,-0.048,-0.048,-0.04,-0.028,-0.018,-0.025,-0.018,-0.025,-0.018,-0.025,-0.018,-0.025,-0.018,-0.025,-0.018,-0.025,-0.018,-0.025,-0.018,-0.025,-0.018,-0.025,-0.018,-0.025,-0.018,-0.025,-0.018,-0.025,-0.018,-0.025,-0.018,-0.025,-0.018,-0.025,-0.018,-0.025,-0.018,-0.025,-0.018,-0.025,-0.018,-0.025,-0.018,-0.025,-0.018,-0.025,-0.018,-0.025,-0.018,-0.025,-0.018,-0.025,-0.018,-0.025,-0.018,-0.025,-0.018,-0.025,-0.018,-0.025,-0.018,-0.025,-0.018,-0.025,-0.018,-0.025,-0.018,-0.025,-0.018,-0.025,-0.018,-0.025,-0.018,-0.025,-0.018,-0.025,-0.018,-0.025,-0.018,-0.025,-0.018,-0.025,-0.018,-0.025,-0.018,-0.025,-0.018,-0.025,-0.018,-0.025,-0.018,-0.025,-0.018,
0.0,0.0,0.0,0.0,0.0,0.0,0.0,0.0,0.0,0.0,0.0,0.0,0.0,0.0,0.0,0.0,0.0,0.0,0.0,0.0,0.0,0.0,0.0,0.0,0.0,0.0,0.0,0.0,0.0,0.0,0.0,0.0,0.0,0.0,0.0,0.0,0.0,0.0,0.0,0.0,0.0,0.0,0.0,0.0,0.0,0.0,0.0,0.0,0.0,0.0,0.0,0.0,0.0,0.0,0.0,0.0,0.0,0.0,0.0,0.0,0.0,0.0,0.0,0.0,0.0,0.0,0.0,0.0,0.0,0.0,0.0,0.0,0.0,0.0,0.0,0.0,0.0,0.0,0.0,0.0,0.0,0.0,0.0,0.0,0.0,0.0,0.0,0.0,0.0,0.0,0.0,0.0,0.0,0.0,0.0,0.0,0.0,0.0,0.0,0.0,
0.0,0.0,0.0,0.0,0.0,0.0,0.0,0.0,0.0,0.0,0.0,0.0,0.0,0.0,0.0,0.0,0.0,0.0,0.0,0.0,0.0,0.0,0.0,0.0,0.0,0.0,0.0,0.0,0.0,0.0,0.0,0.0,0.0,0.0,0.0,0.0,0.0,0.0,0.0,0.0,0.0,0.0,0.0,0.0,0.0,0.0,0.0,0.0,0.0,0.0,0.0,0.0,0.0,0.0,0.0,0.0,0.0,0.0,0.0,0.0,0.0,0.0,0.0,0.0,0.0,0.0,0.0,0.0,0.0,0.0,0.0,0.0,0.0,0.0,0.0,0.0,0.0,0.0,0.0,0.0,0.0,0.0,0.0,0.0,0.0,0.0,0.0,0.0,0.0,0.0,0.0,0.0,0.0,0.0,0.0,0.0,0.0,0.0,0.0,0.0,
0.0,0.0,0.0,0.001,-0.012,-0.013,-0.007,-0.006,-0.004,-0.053,0.003,0.001,-0.012,-0.013,-0.007,-0.006,-0.004,-0.053,0.003,0.001,-0.012,-0.013,-0.007,-0.006,-0.004,-0.053,0.003,0.001,-0.012,-0.013,-0.007,-0.006,-0.004,-0.053,0.003,0.001,-0.012,-0.013,-0.007,-0.006,-0.004,-0.053,0.003,0.001,-0.012,-0.013,-0.007,-0.006,-0.004,-0.053,0.003,0.001,-0.012,-0.013,-0.007,-0.006,-0.004,-0.053,0.003,0.001,-0.012,-0.013,-0.007,-0.006,-0.004,-0.053,0.003,0.001,-0.012,-0.013,-0.007,-0.006,-0.004,-0.053,0.003,0.001,-0.012,-0.013,-0.007,-0.006,-0.004,-0.053,0.003,0.001,-0.012,-0.013,-0.007,-0.006,-0.004,-0.053,0.003,0.001,-0.012,-0.013,-0.007,-0.006,-0.004,-0.053,0.003,0.001,
0.0,0.0,0.0,0.0,-0.007,0.03,-0.007,0.028,-0.007,0.028,-0.007,0.028,-0.007,0.028,-0.007,0.028,-0.007,0.028,-0.007,0.028,-0.007,0.028,-0.007,0.028,-0.007,0.028,-0.007,0.028,-0.007,0.028,-0.007,0.028,-0.007,0.028,-0.007,0.028,-0.007,0.028,-0.007,0.028,-0.007,0.028,-0.007,0.028,-0.007,0.028,-0.007,0.028,-0.007,0.028,-0.007,0.028,-0.007,0.028,-0.007,0.028,-0.007,0.028,-0.007,0.028,-0.007,0.028,-0.007,0.028,-0.007,0.028,-0.007,0.028,-0.007,0.028,-0.007,0.028,-0.007,0.028,-0.007,0.028,-0.007,0.028,-0.007,0.028,-0.007,0.028,-0.007,0.028,-0.007,0.028,-0.007,0.028,-0.007,0.028,-0.007,0.028,-0.007,0.028,-0.007,0.028,-0.007,0.028,-0.007,0.028,
0.0,0.0,0.0,0.0,0.0,0.0,0.0,0.0,0.0,0.0,0.0,0.0,0.0,0.0,0.0,0.0,0.0,0.0,0.0,0.0,0.0,0.0,0.0,0.0,0.0,0.0,0.0,0.0,0.0,0.0,0.0,0.0,0.0,0.0,0.0,0.0,0.0,0.0,0.0,0.0,0.0,0.0,0.0,0.0,0.0,0.0,0.0,0.0,0.0,0.0,0.0,0.0,0.0,0.0,0.0,0.0,0.0,0.0,0.0,0.0,0.0,0.0,0.0,0.0,0.0,0.0,0.0,0.0,0.0,0.0,0.0,0.0,0.0,0.0,0.0,0.0,0.0,0.0,0.0,0.0,0.0,0.0,0.0,0.0,0.0,0.0,0.0,0.0,0.0,0.0,0.0,0.0,0.0,0.0,0.0,0.0,0.0,0.0,0.0,0.0,
0.0,0.0,0.0,0.0,0.0,0.0,0.0,0.0,0.0,0.0,0.0,0.0,0.0,0.0,0.0,0.0,0.0,0.0,0.0,0.0,0.0,0.0,0.0,0.0,0.0,0.0,0.0,0.0,0.0,0.0,0.0,0.0,0.0,0.0,0.0,0.0,0.0,0.0,0.0,0.0,0.0,0.0,0.0,0.0,0.0,0.0,0.0,0.0,0.0,0.0,0.0,0.0,0.0,0.0,0.0,0.0,0.0,0.0,0.0,0.0,0.0,0.0,0.0,0.0,0.0,0.0,0.0,0.0,0.0,0.0,0.0,0.0,0.0,0.0,0.0,0.0,0.0,0.0,0.0,0.0,0.0,0.0,0.0,0.0,0.0,0.0,0.0,0.0,0.0,0.0,0.0,0.0,0.0,0.0,0.0,0.0,0.0,0.0,0.0,0.0,
0.0,0.0,0.0,0.0,0.0,0.0,0.0,0.0,0.0,0.0,0.0,0.0,0.0,0.0,0.0,0.0,0.0,0.0,0.0,0.0,0.0,0.0,0.0,0.0,0.0,0.0,0.0,0.0,0.0,0.0,0.0,0.0,0.0,0.0,0.0,0.0,0.0,0.0,0.0,0.0,0.0,0.0,0.0,0.0,0.0,0.0,0.0,0.0,0.0,0.0,0.0,0.0,0.0,0.0,0.0,0.0,0.0,0.0,0.0,0.0,0.0,0.0,0.0,0.0,0.0,0.0,0.0,0.0,0.0,0.0,0.0,0.0,0.0,0.0,0.0,0.0,0.0,0.0,0.0,0.0,0.0,0.0,0.0,0.0,0.0,0.0,0.0,0.0,0.0,0.0,0.0,0.0,0.0,0.0,0.0,0.0,0.0,0.0,0.0,0.0,
0.0,0.0,0.0,0.0,0.0,0.0,0.0,0.0,0.0,0.0,0.0,0.0,0.0,0.0,0.0,0.0,0.0,0.0,0.0,0.0,0.0,0.0,0.0,0.0,0.0,0.0,0.0,0.0,0.0,0.0,0.0,0.0,0.0,0.0,0.0,0.0,0.0,0.0,0.0,0.0,0.0,0.0,0.0,0.0,0.0,0.0,0.0,0.0,0.0,0.0,0.0,0.0,0.0,0.0,0.0,0.0,0.0,0.0,0.0,0.0,0.0,0.0,0.0,0.0,0.0,0.0,0.0,0.0,0.0,0.0,0.0,0.0,0.0,0.0,0.0,0.0,0.0,0.0,0.0,0.0,0.0,0.0,0.0,0.0,0.0,0.0,0.0,0.0,0.0,0.0,0.0,0.0,0.0,0.0,0.0,0.0,0.0,0.0,0.0,0.0,
0.0,0.0,0.0,0.0,0.0,0.0,0.0,0.0,0.0,0.0,0.0,0.0,0.0,0.0,0.0,0.0,0.0,0.0,0.0,0.0,0.0,0.0,0.0,0.0,0.0,0.0,0.0,0.0,0.0,0.0,0.0,0.0,0.0,0.0,0.0,0.0,0.0,0.0,0.0,0.0,0.0,0.0,0.0,0.0,0.0,0.0,0.0,0.0,0.0,0.0,0.0,0.0,0.0,0.0,0.0,0.0,0.0,0.0,0.0,0.0,0.0,0.0,0.0,0.0,0.0,0.0,0.0,0.0,0.0,0.0,0.0,0.0,0.0,0.0,0.0,0.0,0.0,0.0,0.0,0.0,0.0,0.0,0.0,0.0,0.0,0.0,0.0,0.0,0.0,0.0,0.0,0.0,0.0,0.0,0.0,0.0,0.0,0.0,0.0,0.0,
0.0,0.0,0.0,0.0,0.0,0.0,0.0,0.0,0.0,0.0,0.0,0.0,0.0,0.0,0.0,0.0,0.0,0.0,0.0,0.0,0.0,0.0,0.0,0.0,0.0,0.0,0.0,0.0,0.0,0.0,0.0,0.0,0.0,0.0,0.0,0.0,0.0,0.0,0.0,0.0,0.0,0.0,0.0,0.0,0.0,0.0,0.0,0.0,0.0,0.0,0.0,0.0,0.0,0.0,0.0,0.0,0.0,0.0,0.0,0.0,0.0,0.0,0.0,0.0,0.0,0.0,0.0,0.0,0.0,0.0,0.0,0.0,0.0,0.0,0.0,0.0,0.0,0.0,0.0,0.0,0.0,0.0,0.0,0.0,0.0,0.0,0.0,0.0,0.0,0.0,0.0,0.0,0.0,0.0,0.0,0.0,0.0,0.0,0.0,0.0,
0.0,0.0,0.0,0.0,0.0,0.0,0.0,0.0,0.0,0.0,0.0,0.0,0.0,0.0,0.0,0.0,0.0,0.0,0.0,0.0,0.0,0.0,0.0,0.0,0.0,0.0,0.0,0.0,0.0,0.0,0.0,0.0,0.0,0.0,0.0,0.0,0.0,0.0,0.0,0.0,0.0,0.0,0.0,0.0,0.0,0.0,0.0,0.0,0.0,0.0,0.0,0.0,0.0,0.0,0.0,0.0,0.0,0.0,0.0,0.0,0.0,0.0,0.0,0.0,0.0,0.0,0.0,0.0,0.0,0.0,0.0,0.0,0.0,0.0,0.0,0.0,0.0,0.0,0.0,0.0,0.0,0.0,0.0,0.0,0.0,0.0,0.0,0.0,0.0,0.0,0.0,0.0,0.0,0.0,0.0,0.0,0.0,0.0,0.0,0.0,
0.0,0.0,0.0,0.0,0.0,0.0,0.0,0.0,0.0,0.0,0.0,0.0,0.0,0.0,0.0,0.0,0.0,0.0,0.0,0.0,0.0,0.0,0.0,0.0,0.0,0.0,0.0,0.0,0.0,0.0,0.0,0.0,0.0,0.0,0.0,0.0,0.0,0.0,0.0,0.0,0.0,0.0,0.0,0.0,0.0,0.0,0.0,0.0,0.0,0.0,0.0,0.0,0.0,0.0,0.0,0.0,0.0,0.0,0.0,0.0,0.0,0.0,0.0,0.0,0.0,0.0,0.0,0.0,0.0,0.0,0.0,0.0,0.0,0.0,0.0,0.0,0.0,0.0,0.0,0.0,0.0,0.0,0.0,0.0,0.0,0.0,0.0,0.0,0.0,0.0,0.0,0.0,0.0,0.0,0.0,0.0,0.0,0.0,0.0,0.0,
0.0,0.0,-0.041,-0.086,-0.056,-0.062,-0.064,-0.038,-0.037,-0.086,-0.049,-0.038,-0.065,-0.091,-0.087,-0.114,-0.101,-0.073,-0.088,-0.08,-0.02,-0.062,-0.085,-0.028,-0.059,-0.121,-0.199,-0.178,-0.093,-0.042,-0.08,-0.051,-0.037,-0.121,-0.217,-0.159,-0.093,-0.064,-0.058,-0.051,-0.059,-0.1,-0.217,-0.178,-0.072,-0.064,-0.08,-0.028,-0.059,-0.121,-0.199,-0.178,-0.093,-0.042,-0.08,-0.051,-0.037,-0.121,-0.217,-0.159,-0.093,-0.064,-0.058,-0.051,-0.059,-0.1,-0.217,-0.178,-0.072,-0.064,-0.08,-0.028,-0.059,-0.121,-0.199,-0.178,-0.093,-0.042,-0.08,-0.051,-0.037,-0.121,-0.217,-0.159,-0.093,-0.064,-0.058,-0.051,-0.059,-0.1,-0.217,-0.178,-0.072,-0.064,-0.08,-0.028,-0.059,-0.121,-0.199,-0.178,
0.0,0.0,-0.068,-0.191,-0.155,-0.187,-0.166,-0.15,-0.169,-0.163,-0.169,-0.163,-0.169,-0.163,-0.169,-0.163,-0.169,-0.163,-0.169,-0.163,-0.169,-0.163,-0.169,-0.163,-0.169,-0.163,-0.169,-0.163,-0.169,-0.163,-0.169,-0.163,-0.169,-0.163,-0.169,-0.163,-0.169,-0.163,-0.169,-0.163,-0.169,-0.163,-0.169,-0.163,-0.169,-0.163,-0.169,-0.163,-0.169,-0.163,-0.169,-0.163,-0.169,-0.163,-0.169,-0.163,-0.169,-0.163,-0.169,-0.163,-0.169,-0.163,-0.169,-0.163,-0.169,-0.163,-0.169,-0.163,-0.169,-0.163,-0.169,-0.163,-0.169,-0.163,-0.169,-0.163,-0.169,-0.163,-0.169,-0.163,-0.169,-0.163,-0.169,-0.163,-0.169,-0.163,-0.169,-0.163,-0.169,-0.163,-0.169,-0.163,-0.169,-0.163,-0.169,-0.163,-0.169,-0.163,-0.169,-0.163,
0.0,0.0,-0.052,-0.073,-0.082,-0.096,-0.131,-0.188,-0.114,-0.121,-0.129,-0.166,-0.131,-0.12,-0.118,-0.123,-0.123,-0.114,-0.142,-0.215,-0.211,-0.2,-0.174,-0.123,-0.121,-0.114,-0.158,-0.12,-0.118,-0.118,-0.115,-0.104,-0.123,-0.15,-0.192,-0.12,-0.132,-0.172,-0.158,-0.114,-0.12,-0.099,-0.148,-0.207,-0.123,-0.12,-0.132,-0.125,-0.137,-0.12,-0.155,-0.125,-0.121,-0.114,-0.112,-0.158,-0.12,-0.118,-0.118,-0.115,-0.104,-0.123,-0.15,-0.192,-0.12,-0.132,-0.172,-0.158,-0.114,-0.12,-0.099,-0.148,-0.207,-0.123,-0.12,-0.132,-0.125,-0.137,-0.12,-0.155,-0.125,-0.121,-0.114,-0.112,-0.158,-0.12,-0.118,-0.118,-0.115,-0.104,-0.123,-0.15,-0.192,-0.12,-0.132,-0.172,-0.158,-0.114,-0.12,-0.099,
0.0,0.0,-0.037,-0.032,0.053,-0.046,-0.152,-0.048,-0.08,-0.144,-0.133,-0.056,-0.062,-0.116,-0.176,-0.08,-0.032,-0.122,-0.16,-0.05,-0.08,-0.144,-0.133,-0.056,-0.062,-0.116,-0.176,-0.08,-0.032,-0.122,-0.16,-0.05,-0.08,-0.144,-0.133,-0.056,-0.062,-0.116,-0.176,-0.08,-0.032,-0.122,-0.16,-0.05,-0.08,-0.144,-0.133,-0.056,-0.062,-0.116,-0.176,-0.08,-0.032,-0.122,-0.16,-0.05,-0.08,-0.144,-0.133,-0.056,-0.062,-0.116,-0.176,-0.08,-0.032,-0.122,-0.16,-0.05,-0.08,-0.144,-0.133,-0.056,-0.062,-0.116,-0.176,-0.08,-0.032,-0.122,-0.16,-0.05,-0.08,-0.144,-0.133,-0.056,-0.062,-0.116,-0.176,-0.08,-0.032,-0.122,-0.16,-0.05,-0.08,-0.144,-0.133,-0.056,-0.062,-0.116,-0.176,-0.08,
0.0,0.0,-0.099,-0.164,-0.154,-0.189,-0.194,-0.203,-0.156,-0.163,-0.197,-0.16,-0.166,-0.19,-0.159,-0.172,-0.193,-0.152,-0.17,-0.198,-0.154,-0.163,-0.197,-0.16,-0.166,-0.19,-0.159,-0.172,-0.193,-0.152,-0.17,-0.198,-0.154,-0.163,-0.197,-0.16,-0.166,-0.19,-0.159,-0.172,-0.193,-0.152,-0.17,-0.198,-0.154,-0.163,-0.197,-0.16,-0.166,-0.19,-0.159,-0.172,-0.193,-0.152,-0.17,-0.198,-0.154,-0.163,-0.197,-0.16,-0.166,-0.19,-0.159,-0.172,-0.193,-0.152,-0.17,-0.198,-0.154,-0.163,-0.197,-0.16,-0.166,-0.19,-0.159,-0.172,-0.193,-0.152,-0.17,-0.198,-0.154,-0.163,-0.197,-0.16,-0.166,-0.19,-0.159,-0.172,-0.193,-0.152,-0.17,-0.198,-0.154,-0.163,-0.197,-0.16,-0.166,-0.19,-0.159,-0.172,
0.0,0.0,-0.09,-0.17,-0.149,-0.124,-0.189,-0.156,-0.124,-0.189,-0.154,-0.124,-0.188,-0.156,-0.124,-0.188,-0.154,-0.125,-0.188,-0.154,-0.124,-0.189,-0.154,-0.124,-0.188,-0.156,-0.124,-0.188,-0.154,-0.125,-0.188,-0.154,-0.124,-0.189,-0.154,-0.124,-0.188,-0.156,-0.124,-0.188,-0.154,-0.125,-0.188,-0.154,-0.124,-0.189,-0.154,-0.124,-0.188,-0.156,-0.124,-0.188,-0.154,-0.125,-0.188,-0.154,-0.124,-0.189,-0.154,-0.124,-0.188,-0.156,-0.124,-0.188,-0.154,-0.125,-0.188,-0.154,-0.124,-0.189,-0.154,-0.124,-0.188,-0.156,-0.124,-0.188,-0.154,-0.125,-0.188,-0.154,-0.124,-0.189,-0.154,-0.124,-0.188,-0.156,-0.124,-0.188,-0.154,-0.125,-0.188,-0.154,-0.124,-0.189,-0.154,-0.124,-0.188,-0.156,-0.124,-0.188,
0.0,0.0,0.0,-0.046,-0.164,-0.173,-0.125,-0.177,-0.176,-0.134,-0.191,-0.176,-0.133,-0.19,-0.183,-0.133,-0.19,-0.183,-0.133,-0.19,-0.183,-0.133,-0.19,-0.198,-0.204,-0.2,-0.191,-0.188,-0.194,-0.19,-0.192,-0.19,-0.194,-0.188,-0.194,-0.19,-0.192,-0.19,-0.194,-0.188,-0.194,-0.19,-0.192,-0.19,-0.194,-0.188,-0.194,-0.19,-0.192,-0.19,-0.194,-0.188,-0.194,-0.19,-0.192,-0.19,-0.194,-0.188,-0.194,-0.19,-0.192,-0.19,-0.194,-0.188,-0.194,-0.19,-0.192,-0.19,-0.194,-0.188,-0.194,-0.19,-0.192,-0.19,-0.194,-0.188,-0.194,-0.19,-0.192,-0.19,-0.194,-0.188,-0.194,-0.19,-0.192,-0.19,-0.194,-0.188,-0.194,-0.19,-0.192,-0.19,-0.194,-0.188,-0.194,-0.19,-0.192,-0.19,-0.194,-0.188,
0.0,0.0,-0.141,-0.225,-0.05,-0.031,-0.149,-0.314,-0.053,-0.019,-0.136,-0.125,-0.033,-0.191,-0.185,-0.07,-0.114,-0.179,-0.002,-0.08,-0.19,-0.279,-0.005,-0.067,-0.178,-0.08,0.016,-0.231,-0.224,-0.022,-0.069,-0.22,-0.05,-0.032,-0.149,-0.314,-0.053,-0.019,-0.136,-0.125,-0.033,-0.191,-0.185,-0.07,-0.114,-0.179,-0.002,-0.08,-0.19,-0.279,-0.005,-0.067,-0.178,-0.08,0.016,-0.231,-0.224,-0.022,-0.069,-0.22,-0.05,-0.032,-0.149,-0.314,-0.053,-0.019,-0.136,-0.125,-0.033,-0.191,-0.185,-0.07,-0.114,-0.179,-0.002,-0.08,-0.19,-0.279,-0.005,-0.067,-0.178,-0.08,0.016,-0.231,-0.224,-0.022,-0.069,-0.22,-0.05,-0.032,-0.149,-0.314,-0.053,-0.019,-0.136,-0.125,-0.033,-0.191,-0.185,-0.07,
0.0,0.0,-0.047,-0.096,-0.162,-0.179,-0.158,-0.112,-0.129,-0.183,-0.179,-0.205,-0.121,-0.149,-0.189,-0.119,-0.118,-0.137,-0.101,-0.151,-0.189,-0.119,-0.118,-0.137,-0.101,-0.151,-0.189,-0.119,-0.118,-0.137,-0.101,-0.151,-0.189,-0.119,-0.118,-0.137,-0.101,-0.151,-0.189,-0.119,-0.118,-0.137,-0.101,-0.151,-0.189,-0.119,-0.118,-0.137,-0.101,-0.151,-0.189,-0.119,-0.118,-0.137,-0.101,-0.151,-0.189,-0.119,-0.118,-0.137,-0.101,-0.151,-0.189,-0.119,-0.118,-0.137,-0.101,-0.151,-0.189,-0.119,-0.118,-0.137,-0.101,-0.151,-0.189,-0.119,-0.118,-0.137,-0.101,-0.151,-0.189,-0.119,-0.118,-0.137,-0.101,-0.151,-0.189,-0.119,-0.118,-0.137,-0.101,-0.151,-0.189,-0.119,-0.118,-0.137,-0.101,-0.151,-0.189,-0.119,
0.0,0.0,-0.035,-0.08,-0.019,-0.007,-0.068,-0.099,-0.052,-0.055,-0.072,-0.127,-0.074,-0.077,-0.027,-0.026,-0.06,-0.085,-0.131,-0.078,-0.082,-0.021,-0.033,-0.086,-0.088,-0.123,-0.064,-0.07,-0.027,-0.044,-0.082,-0.083,-0.118,-0.061,-0.077,-0.037,-0.04,-0.077,-0.078,-0.115,-0.068,-0.087,-0.034,-0.035,-0.072,-0.075,-0.121,-0.078,-0.084,-0.028,-0.03,-0.069,-0.082,-0.131,-0.074,-0.079,-0.023,-0.026,-0.076,-0.092,-0.128,-0.069,-0.074,-0.019,-0.033,-0.086,-0.088,-0.123,-0.064,-0.07,-0.027,-0.044,-0.082,-0.083,-0.118,-0.061,-0.077,-0.037,-0.04,-0.077,-0.078,-0.115,-0.068,-0.087,-0.034,-0.035,-0.072,-0.075,-0.121,-0.078,-0.084,-0.028,-0.03,-0.069,-0.082,-0.131,-0.074,-0.079,-0.023,-0.026,
0.0,0.0,0.0,0.0,0.0,0.0,-0.145,-0.067,-0.093,-0.036,-0.01,-0.06,-0.083,-0.072,-0.093,-0.041,-0.066,0.008,-0.088,-0.072,-0.099,-0.096,0.002,0.002,-0.088,-0.077,-0.15,-0.03,-0.004,0.002,-0.094,-0.13,-0.088,-0.036,-0.004,-0.004,-0.145,-0.067,-0.093,-0.036,-0.01,-0.06,-0.083,-0.072,-0.093,-0.041,-0.066,0.008,-0.088,-0.072,-0.099,-0.096,0.002,0.002,-0.088,-0.077,-0.15,-0.03,-0.004,0.002,-0.094,-0.13,-0.088,-0.036,-0.004,-0.004,-0.145,-0.067,-0.093,-0.036,-0.01,-0.06,-0.083,-0.072,-0.093,-0.041,-0.066,0.008,-0.088,-0.072,-0.099,-0.096,0.002,0.002,-0.088,-0.077,-0.15,-0.03,-0.004,0.002,-0.094,-0.13,-0.088,-0.036,-0.004,-0.004,-0.145,-0.067,-0.093,-0.036,
0.0,0.0,-0.056,-0.135,-0.174,-0.17,-0.13,-0.036,-0.055,-0.051,-0.055,-0.051,-0.092,-0.126,-0.051,-0.053,-0.053,-0.092,-0.128,-0.049,-0.053,-0.051,-0.092,-0.126,-0.051,-0.053,-0.053,-0.092,-0.128,-0.049,-0.053,-0.051,-0.092,-0.126,-0.051,-0.053,-0.053,-0.092,-0.128,-0.049,-0.053,-0.051,-0.092,-0.126,-0.051,-0.053,-0.053,-0.092,-0.128,-0.049,-0.053,-0.051,-0.092,-0.126,-0.051,-0.053,-0.053,-0.092,-0.128,-0.049,-0.053,-0.051,-0.092,-0.126,-0.051,-0.053,-0.053,-0.092,-0.128,-0.049,-0.053,-0.051,-0.092,-0.126,-0.051,-0.053,-0.053,-0.092,-0.128,-0.049,-0.053,-0.051,-0.092,-0.126,-0.051,-0.053,-0.053,-0.092,-0.128,-0.049,-0.053,-0.051,-0.092,-0.126,-0.051,-0.053,-0.053,-0.092,-0.128,-0.049,
0.0,0.0,-0.071,-0.026,-0.058,0.023,0.052,-0.002,-0.051,0.028,-0.013,0.0,-0.024,0.002,0.029,0.032,0.011,0.049,-0.019,0.047,0.045,0.002,-0.006,0.08,-0.002,0.015,0.029,0.034,0.011,0.049,-0.019,0.047,0.045,0.002,-0.006,0.08,-0.002,0.015,0.029,0.034,0.011,0.049,-0.019,0.047,0.045,0.002,-0.006,0.08,-0.002,0.015,0.029,0.034,0.011,0.049,-0.019,0.047,0.045,0.002,-0.006,0.08,-0.002,0.015,0.029,0.034,0.011,0.049,-0.019,0.047,0.045,0.002,-0.006,0.08,-0.002,0.015,0.029,0.034,0.011,0.049,-0.019,0.047,0.045,0.002,-0.006,0.08,-0.002,0.015,0.029,0.034,0.011,0.049,-0.019,0.047,0.045,0.002,-0.006,0.08,-0.002,0.015,0.029,0.034,
0.0,0.0,-0.108,-0.124,-0.199,-0.114,-0.074,-0.168,-0.132,-0.119,-0.1,-0.078,-0.175,-0.085,-0.119,-0.078,-0.174,-0.105,-0.117,-0.188,-0.1,-0.116,-0.1,-0.192,-0.191,-0.185,-0.139,-0.117,-0.1,-0.076,-0.062,-0.005,0.022,-0.047,-0.052,-0.078,-0.132,-0.168,-0.131,-0.088,-0.132,-0.168,-0.131,-0.088,-0.132,-0.168,-0.131,-0.088,-0.132,-0.168,-0.131,-0.088,-0.132,-0.168,-0.131,-0.088,-0.132,-0.168,-0.131,-0.088,-0.132,-0.168,-0.131,-0.088,-0.132,-0.168,-0.131,-0.088,-0.132,-0.168,-0.131,-0.088,-0.132,-0.168,-0.131,-0.088,-0.132,-0.168,-0.131,-0.088,-0.132,-0.168,-0.131,-0.088,-0.132,-0.168,-0.131,-0.088,-0.132,-0.168,-0.131,-0.088,-0.132,-0.168,-0.131,-0.088,-0.132,-0.168,-0.131,-0.088,
0.0,0.0,-0.024,-0.183,-0.247,-0.286,-0.2,-0.166,-0.204,-0.18,-0.164,-0.2,-0.182,-0.161,-0.203,-0.18,-0.164,-0.2,-0.182,-0.161,-0.203,-0.18,-0.164,-0.2,-0.182,-0.161,-0.203,-0.18,-0.164,-0.2,-0.182,-0.161,-0.203,-0.18,-0.164,-0.2,-0.182,-0.161,-0.203,-0.18,-0.164,-0.2,-0.182,-0.161,-0.203,-0.18,-0.164,-0.2,-0.182,-0.161,-0.203,-0.18,-0.164,-0.2,-0.182,-0.161,-0.203,-0.18,-0.164,-0.2,-0.182,-0.161,-0.203,-0.18,-0.164,-0.2,-0.182,-0.161,-0.203,-0.18,-0.164,-0.2,-0.182,-0.161,-0.203,-0.18,-0.164,-0.2,-0.182,-0.161,-0.203,-0.18,-0.164,-0.2,-0.182,-0.161,-0.203,-0.18,-0.164,-0.2,-0.182,-0.161,-0.203,-0.18,-0.164,-0.2,-0.182,-0.161,-0.203,-0.18,
0.0,0.0,-0.044,-0.049,-0.056,-0.067,-0.058,-0.058,-0.053,-0.048,-0.048,-0.053,-0.053,-0.048,-0.048,-0.053,-0.053,-0.048,-0.048,-0.053,-0.053,-0.048,-0.048,-0.053,-0.053,-0.048,-0.048,-0.053,-0.053,-0.048,-0.048,-0.053,-0.053,-0.048,-0.048,-0.053,-0.053,-0.048,-0.048,-0.053,-0.053,-0.048,-0.048,-0.053,-0.053,-0.048,-0.048,-0.053,-0.053,-0.048,-0.048,-0.053,-0.053,-0.048,-0.048,-0.053,-0.053,-0.048,-0.048,-0.053,-0.053,-0.048,-0.048,-0.053,-0.053,-0.048,-0.048,-0.053,-0.053,-0.048,-0.048,-0.053,-0.053,-0.048,-0.048,-0.053,-0.053,-0.048,-0.048,-0.053,-0.053,-0.048,-0.048,-0.053,-0.053,-0.048,-0.048,-0.053,-0.053,-0.048,-0.048,-0.053,-0.053,-0.048,-0.048,-0.053,-0.053,-0.048,-0.048,-0.053,
0.0,0.0,-0.088,-0.092,-0.101,-0.095,-0.096,-0.089,-0.098,-0.094,-0.098,-0.089,-0.095,-0.092,-0.1,-0.092,-0.095,-0.089,-0.098,-0.094,-0.098,-0.089,-0.095,-0.092,-0.1,-0.092,-0.095,-0.089,-0.098,-0.094,-0.098,-0.089,-0.095,-0.092,-0.1,-0.092,-0.095,-0.089,-0.098,-0.094,-0.098,-0.089,-0.095,-0.092,-0.1,-0.092,-0.095,-0.089,-0.098,-0.094,-0.098,-0.089,-0.095,-0.092,-0.1,-0.092,-0.095,-0.089,-0.098,-0.094,-0.098,-0.089,-0.095,-0.092,-0.1,-0.092,-0.095,-0.089,-0.098,-0.094,-0.098,-0.089,-0.095,-0.092,-0.1,-0.092,-0.095,-0.089,-0.098,-0.094,-0.098,-0.089,-0.095,-0.092,-0.1,-0.092,-0.095,-0.089,-0.098,-0.094,-0.098,-0.089,-0.095,-0.092,-0.1,-0.092,-0.095,-0.089,-0.098,-0.094,
0.0,0.0,-0.12,-0.08,-0.132,-0.108,-0.167,-0.112,-0.116,-0.159,-0.152,-0.124,-0.21,-0.176,-0.161,-0.188,-0.165,-0.096,-0.157,-0.148,-0.118,-0.121,-0.159,-0.121,-0.12,-0.159,-0.123,-0.116,-0.159,-0.121,-0.12,-0.159,-0.123,-0.116,-0.159,-0.121,-0.12,-0.159,-0.123,-0.116,-0.159,-0.121,-0.12,-0.159,-0.123,-0.116,-0.159,-0.121,-0.12,-0.159,-0.123,-0.116,-0.159,-0.121,-0.12,-0.159,-0.123,-0.116,-0.159,-0.121,-0.12,-0.159,-0.123,-0.116,-0.159,-0.121,-0.12,-0.159,-0.123,-0.116,-0.159,-0.121,-0.12,-0.159,-0.123,-0.116,-0.159,-0.121,-0.12,-0.159,-0.123,-0.116,-0.159,-0.121,-0.12,-0.159,-0.123,-0.116,-0.159,-0.121,-0.12,-0.159,-0.123,-0.116,-0.159,-0.121,-0.12,-0.159,-0.123,-0.116,
0.0,0.0,-0.01,-0.026,-0.031,-0.031,-0.028,-0.03,-0.034,-0.033,-0.03,-0.03,-0.034,-0.033,-0.03,-0.03,-0.034,-0.033,-0.03,-0.03,-0.034,-0.033,-0.03,-0.03,-0.034,-0.033,-0.03,-0.03,-0.034,-0.033,-0.03,-0.03,-0.034,-0.033,-0.03,-0.03,-0.034,-0.033,-0.03,-0.03,-0.034,-0.033,-0.03,-0.03,-0.034,-0.033,-0.03,-0.03,-0.034,-0.033,-0.03,-0.03,-0.034,-0.033,-0.03,-0.03,-0.034,-0.033,-0.03,-0.03,-0.034,-0.033,-0.03,-0.03,-0.034,-0.033,-0.03,-0.03,-0.034,-0.033,-0.03,-0.03,-0.034,-0.033,-0.03,-0.03,-0.034,-0.033,-0.03,-0.03,-0.034,-0.033,-0.03,-0.03,-0.034,-0.033,-0.03,-0.03,-0.034,-0.033,-0.03,-0.03,-0.034,-0.033,-0.03,-0.03,-0.034,-0.033,-0.03,-0.03,
0.0,0.0,-0.132,-0.196,-0.15,-0.136,-0.116,-0.195,-0.187,-0.154,-0.134,-0.174,-0.206,-0.164,-0.133,-0.108,-0.194,-0.189,-0.153,-0.134,-0.174,-0.207,-0.163,-0.133,-0.108,-0.195,-0.187,-0.153,-0.134,-0.175,-0.206,-0.163,-0.133,-0.109,-0.194,-0.187,-0.153,-0.136,-0.174,-0.206,-0.163,-0.134,-0.108,-0.194,-0.187,-0.154,-0.134,-0.174,-0.206,-0.164,-0.133,-0.108,-0.194,-0.189,-0.153,-0.134,-0.174,-0.207,-0.163,-0.133,-0.108,-0.195,-0.187,-0.153,-0.134,-0.175,-0.206,-0.163,-0.133,-0.109,-0.194,-0.187,-0.153,-0.136,-0.174,-0.206,-0.163,-0.134,-0.108,-0.194,-0.187,-0.154,-0.134,-0.174,-0.206,-0.164,-0.133,-0.108,-0.194,-0.189,-0.153,-0.134,-0.174,-0.207,-0.163,-0.133,-0.108,-0.195,-0.187,-0.153,
0.0,0.0,-0.166,-0.182,-0.146,-0.089,-0.122,-0.102,-0.121,-0.124,-0.08,-0.121,-0.102,-0.121,-0.124,-0.08,-0.121,-0.102,-0.121,-0.124,-0.08,-0.121,-0.102,-0.121,-0.124,-0.08,-0.121,-0.102,-0.121,-0.124,-0.08,-0.121,-0.102,-0.121,-0.124,-0.08,-0.121,-0.102,-0.121,-0.124,-0.08,-0.121,-0.102,-0.121,-0.124,-0.08,-0.121,-0.102,-0.121,-0.124,-0.08,-0.121,-0.102,-0.121,-0.124,-0.08,-0.121,-0.102,-0.121,-0.124,-0.08,-0.121,-0.102,-0.121,-0.124,-0.08,-0.121,-0.102,-0.121,-0.124,-0.08,-0.121,-0.102,-0.121,-0.124,-0.08,-0.121,-0.102,-0.121,-0.124,-0.08,-0.121,-0.102,-0.121,-0.124,-0.08,-0.121,-0.102,-0.121,-0.124,-0.08,-0.121,-0.102,-0.121,-0.124,-0.08,-0.121,-0.102,-0.121,-0.124,
0.0,0.0,-0.018,-0.082,-0.069,-0.048,-0.051,-0.031,-0.063,-0.106,-0.053,-0.032,-0.098,-0.04,-0.036,-0.095,-0.04,-0.036,-0.096,-0.04,-0.036,-0.095,-0.04,-0.036,-0.096,-0.04,-0.036,-0.095,-0.04,-0.036,-0.096,-0.04,-0.036,-0.095,-0.04,-0.036,-0.096,-0.04,-0.036,-0.095,-0.04,-0.036,-0.096,-0.04,-0.036,-0.095,-0.04,-0.036,-0.096,-0.04,-0.036,-0.095,-0.04,-0.036,-0.096,-0.04,-0.036,-0.095,-0.04,-0.036,-0.096,-0.04,-0.036,-0.095,-0.04,-0.036,-0.096,-0.04,-0.036,-0.095,-0.04,-0.036,-0.096,-0.04,-0.036,-0.095,-0.04,-0.036,-0.096,-0.04,-0.036,-0.095,-0.04,-0.036,-0.096,-0.04,-0.036,-0.095,-0.04,-0.036,-0.096,-0.04,-0.036,-0.095,-0.04,-0.036,-0.096,-0.04,-0.036,-0.095,
0.0,0.0,-0.075,-0.047,-0.022,-0.031,-0.052,-0.089,-0.078,-0.093,-0.074,-0.014,-0.029,-0.081,-0.068,-0.036,-0.091,-0.126,-0.043,-0.002,-0.041,-0.164,-0.118,-0.116,-0.143,-0.1,-0.07,-0.036,-0.091,-0.126,-0.043,-0.002,-0.041,-0.164,-0.118,-0.116,-0.143,-0.1,-0.07,-0.036,-0.091,-0.126,-0.043,-0.002,-0.041,-0.164,-0.118,-0.116,-0.143,-0.1,-0.07,-0.036,-0.091,-0.126,-0.043,-0.002,-0.041,-0.164,-0.118,-0.116,-0.143,-0.1,-0.07,-0.036,-0.091,-0.126,-0.043,-0.002,-0.041,-0.164,-0.118,-0.116,-0.143,-0.1,-0.07,-0.036,-0.091,-0.126,-0.043,-0.002,-0.041,-0.164,-0.118,-0.116,-0.143,-0.1,-0.07,-0.036,-0.091,-0.126,-0.043,-0.002,-0.041,-0.164,-0.118,-0.116,-0.143,-0.1,-0.07,-0.036,
0.0,0.0,0.0,-0.017,-0.068,-0.12,-0.153,-0.151,-0.168,-0.095,-0.148,-0.222,-0.193,-0.127,-0.129,-0.195,-0.14,-0.086,-0.063,-0.127,-0.147,-0.118,-0.144,-0.12,-0.163,-0.085,-0.082,-0.107,-0.09,-0.055,-0.05,-0.079,-0.017,-0.058,-0.01,-0.063,-0.165,-0.064,-0.095,-0.136,-0.079,-0.099,-0.147,-0.124,-0.091,-0.177,-0.192,-0.146,-0.101,-0.219,-0.138,-0.074,-0.119,-0.147,-0.086,-0.104,-0.201,-0.14,-0.139,-0.072,-0.078,-0.109,-0.147,-0.082,-0.14,-0.145,-0.092,-0.152,-0.059,-0.092,-0.137,-0.111,-0.145,-0.174,-0.134,-0.131,-0.104,-0.102,-0.089,-0.159,-0.119,-0.073,-0.075,-0.126,-0.106,-0.101,-0.063,-0.101,-0.102,-0.157,-0.181,-0.204,-0.164,-0.104,-0.12,-0.122,-0.104,-0.042,-0.059,-0.157,
0.0,0.0,-0.056,-0.06,-0.005,-0.033,-0.075,0.004,0.025,0.009,0.011,-0.027,-0.002,0.034,-0.018,0.002,-0.024,0.005,0.022,0.005,0.0,-0.033,-0.073,-0.107,-0.07,0.014,-0.025,-0.03,-0.015,-0.037,-0.04,-0.042,-0.005,-0.018,0.013,-0.02,0.016,0.013,-0.014,-0.005,-0.015,-0.048,-0.109,-0.108,0.027,0.002,-0.009,-0.036,-0.069,-0.04,-0.031,-0.002,-0.007,0.004,-0.039,0.011,0.03,0.013,-0.007,-0.055,-0.035,-0.084,-0.089,0.005,-0.031,-0.009,-0.026,-0.065,-0.029,-0.04,-0.021,-0.013,0.022,-0.013,0.009,-0.011,0.025,0.02,-0.034,-0.056,-0.114,-0.089,0.016,-0.027,0.002,-0.034,-0.084,-0.035,-0.022,0.005,-0.015,-0.02,0.0,0.036,0.011,0.004,-0.013,-0.034,-0.046,-0.111,
0.0,0.0,-0.037,-0.041,-0.008,-0.07,0.038,0.017,-0.129,-0.05,-0.048,-0.129,-0.061,-0.209,-0.217,-0.248,-0.212,-0.215,-0.207,-0.247,-0.224,-0.25,-0.214,-0.215,-0.207,-0.247,-0.224,-0.25,-0.214,-0.215,-0.207,-0.247,-0.224,-0.25,-0.214,-0.215,-0.207,-0.247,-0.224,-0.25,-0.214,-0.215,-0.207,-0.247,-0.224,-0.25,-0.214,-0.215,-0.207,-0.247,-0.224,-0.25,-0.214,-0.215,-0.207,-0.247,-0.224,-0.25,-0.214,-0.215,-0.207,-0.247,-0.224,-0.25,-0.214,-0.215,-0.207,-0.247,-0.224,-0.25,-0.214,-0.215,-0.207,-0.247,-0.224,-0.25,-0.214,-0.215,-0.207,-0.247,-0.224,-0.25,-0.214,-0.215,-0.207,-0.247,-0.224,-0.25,-0.214,-0.215,-0.207,-0.247,-0.224,-0.25,-0.214,-0.215,-0.207,-0.247,-0.224,-0.25,
0.0,0.0,-0.085,-0.077,-0.057,-0.086,-0.111,-0.137,-0.039,-0.09,-0.115,-0.07,-0.064,-0.125,-0.125,-0.054,-0.085,-0.107,-0.08,-0.066,-0.112,-0.138,-0.049,-0.077,-0.116,-0.081,-0.053,-0.126,-0.134,-0.04,-0.087,-0.118,-0.069,-0.067,-0.122,-0.126,-0.05,-0.088,-0.105,-0.083,-0.063,-0.114,-0.135,-0.052,-0.076,-0.119,-0.078,-0.054,-0.123,-0.137,-0.039,-0.09,-0.115,-0.07,-0.064,-0.125,-0.125,-0.054,-0.085,-0.107,-0.08,-0.066,-0.112,-0.138,-0.049,-0.077,-0.116,-0.081,-0.053,-0.126,-0.134,-0.04,-0.087,-0.118,-0.069,-0.067,-0.122,-0.126,-0.05,-0.088,-0.105,-0.083,-0.063,-0.114,-0.135,-0.052,-0.076,-0.119,-0.078,-0.054,-0.123,-0.137,-0.039,-0.09,-0.115,-0.07,-0.064,-0.125,-0.125,-0.054,
0.0,0.0,-0.045,-0.063,-0.098,-0.121,-0.067,-0.145,-0.162,-0.223,-0.134,-0.123,-0.12,-0.064,-0.096,-0.105,-0.085,-0.127,-0.143,-0.151,-0.157,-0.133,-0.078,-0.083,-0.042,-0.066,-0.072,-0.113,-0.106,-0.207,-0.13,-0.158,-0.12,-0.093,-0.129,-0.129,-0.115,-0.167,-0.15,-0.19,-0.177,-0.191,-0.127,-0.048,-0.078,-0.175,-0.155,-0.118,-0.048,-0.11,-0.124,-0.082,-0.12,-0.04,-0.005,-0.051,-0.087,-0.227,-0.143,-0.113,-0.097,-0.06,-0.076,-0.112,-0.094,-0.138,-0.069,-0.073,-0.026,-0.044,-0.098,-0.1,-0.087,-0.088,-0.077,-0.021,-0.011,-0.145,-0.114,-0.189,-0.12,-0.075,-0.056,0.007,-0.059,-0.056,-0.023,-0.122,-0.097,-0.079,-0.065,-0.146,-0.142,-0.145,-0.082,-0.03,0.01,-0.03,-0.08,-0.112,
0.0,0.0,-0.042,-0.086,-0.244,-0.233,-0.163,-0.09,-0.164,-0.24,-0.222,-0.104,-0.189,-0.241,-0.222,-0.106,-0.172,-0.24,-0.222,-0.104,-0.189,-0.241,-0.222,-0.106,-0.172,-0.24,-0.222,-0.104,-0.189,-0.241,-0.222,-0.106,-0.172,-0.24,-0.222,-0.104,-0.189,-0.241,-0.222,-0.106,-0.172,-0.24,-0.222,-0.104,-0.189,-0.241,-0.222,-0.106,-0.172,-0.24,-0.222,-0.104,-0.189,-0.241,-0.222,-0.106,-0.172,-0.24,-0.222,-0.104,-0.189,-0.241,-0.222,-0.106,-0.172,-0.24,-0.222,-0.104,-0.189,-0.241,-0.222,-0.106,-0.172,-0.24,-0.222,-0.104,-0.189,-0.241,-0.222,-0.106,-0.172,-0.24,-0.222,-0.104,-0.189,-0.241,-0.222,-0.106,-0.172,-0.24,-0.222,-0.104,-0.189,-0.241,-0.222,-0.106,-0.172,-0.24,-0.222,-0.104,
0.0,0.0,-0.196,-0.276,-0.139,-0.216,-0.17,-0.151,-0.108,-0.095,-0.23,-0.153,-0.153,-0.108,-0.094,-0.191,-0.161,-0.229,-0.208,-0.208,-0.161,-0.108,-0.096,-0.229,-0.154,-0.151,-0.11,-0.093,-0.192,-0.16,-0.23,-0.206,-0.209,-0.16,-0.11,-0.095,-0.23,-0.153,-0.153,-0.108,-0.094,-0.191,-0.161,-0.229,-0.208,-0.208,-0.161,-0.108,-0.096,-0.229,-0.154,-0.151,-0.11,-0.093,-0.192,-0.16,-0.23,-0.206,-0.209,-0.16,-0.11,-0.095,-0.23,-0.153,-0.153,-0.108,-0.094,-0.191,-0.161,-0.229,-0.208,-0.208,-0.161,-0.108,-0.096,-0.229,-0.154,-0.151,-0.11,-0.093,-0.192,-0.16,-0.23,-0.206,-0.209,-0.16,-0.11,-0.095,-0.23,-0.153,-0.153,-0.108,-0.094,-0.191,-0.161,-0.229,-0.208,-0.208,-0.161,-0.108,
0.0,0.0,-0.043,-0.059,-0.068,-0.099,-0.116,-0.045,-0.063,-0.071,-0.075,-0.076,-0.115,-0.091,-0.033,-0.079,-0.101,-0.045,-0.062,-0.071,-0.082,-0.131,-0.105,-0.031,-0.062,-0.071,-0.081,-0.12,-0.081,-0.029,-0.081,-0.1,-0.046,-0.06,-0.072,-0.081,-0.132,-0.103,-0.033,-0.06,-0.072,-0.079,-0.122,-0.079,-0.031,-0.079,-0.101,-0.045,-0.062,-0.071,-0.082,-0.131,-0.105,-0.031,-0.062,-0.071,-0.081,-0.12,-0.081,-0.029,-0.081,-0.1,-0.046,-0.06,-0.072,-0.081,-0.132,-0.103,-0.033,-0.06,-0.072,-0.079,-0.122,-0.079,-0.031,-0.079,-0.101,-0.045,-0.062,-0.071,-0.082,-0.131,-0.105,-0.031,-0.062,-0.071,-0.081,-0.12,-0.081,-0.029,-0.081,-0.1,-0.046,-0.06,-0.072,-0.081,-0.132,-0.103,-0.033,-0.06,
0.0,0.0,-0.082,-0.17,-0.194,-0.089,-0.12,-0.143,-0.093,-0.13,-0.18,-0.176,-0.134,-0.139,-0.142,-0.198,-0.185,-0.104,-0.126,-0.153,-0.187,-0.155,-0.133,-0.142,-0.14,-0.157,-0.182,-0.148,-0.129,-0.109,-0.181,-0.17,-0.134,-0.142,-0.14,-0.157,-0.18,-0.12,-0.125,-0.125,-0.185,-0.197,-0.136,-0.098,-0.135,-0.172,-0.181,-0.12,-0.128,-0.153,-0.187,-0.155,-0.13,-0.114,-0.136,-0.172,-0.184,-0.148,-0.129,-0.109,-0.181,-0.17,-0.131,-0.114,-0.139,-0.198,-0.185,-0.104,-0.124,-0.125,-0.183,-0.17,-0.134,-0.142,-0.14,-0.157,-0.18,-0.12,-0.125,-0.125,-0.185,-0.197,-0.136,-0.098,-0.135,-0.172,-0.181,-0.12,-0.128,-0.153,-0.187,-0.155,-0.13,-0.114,-0.136,-0.172,-0.184,-0.148,-0.129,-0.109,
0.0,0.0,-0.022,-0.093,-0.131,-0.171,-0.115,-0.114,-0.203,-0.173,-0.121,-0.141,-0.162,-0.157,-0.079,-0.162,-0.198,-0.134,-0.144,-0.139,-0.142,-0.144,-0.07,-0.138,-0.184,-0.12,-0.145,-0.187,-0.149,-0.175,-0.12,-0.114,-0.169,-0.159,-0.121,-0.172,-0.187,-0.152,-0.104,-0.153,-0.146,-0.144,-0.161,-0.149,-0.172,-0.19,-0.079,-0.138,-0.184,-0.12,-0.145,-0.187,-0.149,-0.175,-0.12,-0.114,-0.169,-0.159,-0.121,-0.172,-0.187,-0.152,-0.104,-0.153,-0.146,-0.144,-0.161,-0.149,-0.172,-0.19,-0.079,-0.138,-0.184,-0.12,-0.145,-0.187,-0.149,-0.175,-0.12,-0.114,-0.169,-0.159,-0.121,-0.172,-0.187,-0.152,-0.104,-0.153,-0.146,-0.144,-0.161,-0.149,-0.172,-0.19,-0.079,-0.138,-0.184,-0.12,-0.145,-0.187,
0.0,0.0,-0.065,-0.099,-0.071,-0.103,-0.156,-0.111,-0.058,-0.074,-0.064,-0.077,-0.08,-0.108,-0.148,-0.105,-0.043,-0.042,-0.102,-0.151,-0.104,-0.049,-0.06,-0.067,-0.072,-0.077,-0.101,-0.139,-0.099,-0.042,-0.04,-0.104,-0.149,-0.106,-0.047,-0.062,-0.065,-0.074,-0.076,-0.102,-0.138,-0.101,-0.04,-0.042,-0.102,-0.151,-0.104,-0.049,-0.06,-0.067,-0.072,-0.077,-0.101,-0.139,-0.099,-0.042,-0.04,-0.104,-0.149,-0.106,-0.047,-0.062,-0.065,-0.074,-0.076,-0.102,-0.138,-0.101,-0.04,-0.042,-0.102,-0.151,-0.104,-0.049,-0.06,-0.067,-0.072,-0.077,-0.101,-0.139,-0.099,-0.042,-0.04,-0.104,-0.149,-0.106,-0.047,-0.062,-0.065,-0.074,-0.076,-0.102,-0.138,-0.101,-0.04,-0.042,-0.102,-0.151,-0.104,-0.049,
0.0,0.0,-0.007,-0.048,-0.172,-0.214,-0.203,-0.13,-0.101,-0.069,0.0,-0.074,-0.162,0.019,-0.104,-0.098,-0.149,-0.029,-0.061,-0.158,0.019,-0.102,-0.098,-0.149,-0.029,-0.061,-0.158,0.019,-0.102,-0.098,-0.149,-0.029,-0.061,-0.158,0.019,-0.102,-0.098,-0.149,-0.029,-0.061,-0.158,0.019,-0.102,-0.098,-0.149,-0.029,-0.061,-0.158,0.019,-0.102,-0.098,-0.149,-0.029,-0.061,-0.158,0.019,-0.102,-0.098,-0.149,-0.029,-0.061,-0.158,0.019,-0.102,-0.098,-0.149,-0.029,-0.061,-0.158,0.019,-0.102,-0.098,-0.149,-0.029,-0.061,-0.158,0.019,-0.102,-0.098,-0.149,-0.029,-0.061,-0.158,0.019,-0.102,-0.098,-0.149,-0.029,-0.061,-0.158,0.019,-0.102,-0.098,-0.149,-0.029,-0.061,-0.158,0.019,-0.102,-0.098,
0.0,0.0,-0.068,-0.164,-0.203,-0.234,-0.235,-0.259,-0.23,-0.231,-0.26,-0.24,-0.282,-0.254,-0.261,-0.237,-0.23,-0.254,-0.239,-0.246,-0.261,-0.245,-0.268,-0.273,-0.249,-0.24,-0.261,-0.267,-0.268,-0.269,-0.241,-0.231,-0.255,-0.269,-0.258,-0.253,-0.231,-0.267,-0.26,-0.261,-0.268,-0.273,-0.255,-0.234,-0.265,-0.262,-0.258,-0.27,-0.271,-0.258,-0.231,-0.267,-0.26,-0.261,-0.268,-0.273,-0.255,-0.234,-0.265,-0.262,-0.258,-0.27,-0.271,-0.258,-0.231,-0.267,-0.26,-0.261,-0.268,-0.273,-0.255,-0.234,-0.265,-0.262,-0.258,-0.27,-0.271,-0.258,-0.231,-0.267,-0.26,-0.261,-0.268,-0.273,-0.255,-0.234,-0.265,-0.262,-0.258,-0.27,-0.271,-0.258,-0.231,-0.267,-0.26,-0.261,-0.268,-0.273,-0.255,-0.234,
0.0,0.0,-0.016,-0.032,-0.029,-0.008,-0.017,-0.024,-0.034,-0.051,-0.045,-0.055,-0.056,-0.045,-0.051,-0.044,-0.04,-0.039,-0.04,-0.04,-0.039,-0.053,-0.045,-0.055,-0.056,-0.045,-0.051,-0.044,-0.04,-0.039,-0.04,-0.04,-0.039,-0.053,-0.045,-0.055,-0.056,-0.045,-0.051,-0.044,-0.04,-0.039,-0.04,-0.04,-0.039,-0.053,-0.045,-0.055,-0.056,-0.045,-0.051,-0.044,-0.04,-0.039,-0.04,-0.04,-0.039,-0.053,-0.045,-0.055,-0.056,-0.045,-0.051,-0.044,-0.04,-0.039,-0.04,-0.04,-0.039,-0.053,-0.045,-0.055,-0.056,-0.045,-0.051,-0.044,-0.04,-0.039,-0.04,-0.04,-0.039,-0.053,-0.045,-0.055,-0.056,-0.045,-0.051,-0.044,-0.04,-0.039,-0.04,-0.04,-0.039,-0.053,-0.045,-0.055,-0.056,-0.045,-0.051,-0.044,
0.0,0.0,-0.069,-0.23,-0.283,-0.279,-0.26,-0.169,-0.195,-0.16,-0.192,-0.158,-0.192,-0.158,-0.192,-0.158,-0.192,-0.158,-0.192,-0.158,-0.192,-0.158,-0.192,-0.158,-0.192,-0.158,-0.192,-0.158,-0.192,-0.158,-0.192,-0.158,-0.192,-0.158,-0.192,-0.158,-0.192,-0.158,-0.192,-0.158,-0.192,-0.158,-0.192,-0.158,-0.192,-0.158,-0.192,-0.158,-0.192,-0.158,-0.192,-0.158,-0.192,-0.158,-0.192,-0.158,-0.192,-0.158,-0.192,-0.158,-0.192,-0.158,-0.192,-0.158,-0.192,-0.158,-0.192,-0.158,-0.192,-0.158,-0.192,-0.158,-0.192,-0.158,-0.192,-0.158,-0.192,-0.158,-0.192,-0.158,-0.192,-0.158,-0.192,-0.158,-0.192,-0.158,-0.192,-0.158,-0.192,-0.158,-0.192,-0.158,-0.192,-0.158,-0.192,-0.158,-0.192,-0.158,-0.192,-0.158,
0.0,0.0,-0.034,-0.108,-0.152,-0.172,-0.183,-0.152,-0.2,-0.175,-0.153,-0.161,-0.178,-0.148,-0.166,-0.144,-0.146,-0.133,-0.142,-0.138,-0.183,-0.105,-0.12,-0.151,-0.187,-0.125,-0.201,-0.194,-0.241,-0.182,-0.142,-0.125,-0.151,-0.146,-0.118,-0.2,-0.233,-0.247,-0.183,-0.098,-0.118,-0.15,-0.187,-0.125,-0.201,-0.194,-0.241,-0.182,-0.142,-0.125,-0.151,-0.146,-0.118,-0.2,-0.233,-0.247,-0.183,-0.098,-0.118,-0.15,-0.187,-0.125,-0.201,-0.194,-0.241,-0.182,-0.142,-0.125,-0.151,-0.146,-0.118,-0.2,-0.233,-0.247,-0.183,-0.098,-0.118,-0.15,-0.187,-0.125,-0.201,-0.194,-0.241,-0.182,-0.142,-0.125,-0.151,-0.146,-0.118,-0.2,-0.233,-0.247,-0.183,-0.098,-0.118,-0.15,-0.187,-0.125,-0.201,-0.194,
0.0,0.0,-0.22,-0.298,-0.315,-0.316,-0.317,-0.316,-0.317,-0.316,-0.317,-0.316,-0.317,-0.316,-0.317,-0.316,-0.317,-0.316,-0.317,-0.316,-0.317,-0.316,-0.317,-0.316,-0.317,-0.316,-0.317,-0.316,-0.317,-0.316,-0.317,-0.316,-0.317,-0.316,-0.317,-0.316,-0.317,-0.316,-0.317,-0.316,-0.317,-0.316,-0.317,-0.316,-0.317,-0.316,-0.317,-0.316,-0.317,-0.316,-0.317,-0.316,-0.317,-0.316,-0.317,-0.316,-0.317,-0.316,-0.317,-0.316,-0.317,-0.316,-0.317,-0.316,-0.317,-0.316,-0.317,-0.316,-0.317,-0.316,-0.317,-0.316,-0.317,-0.316,-0.317,-0.316,-0.317,-0.316,-0.317,-0.316,-0.317,-0.316,-0.317,-0.316,-0.317,-0.316,-0.317,-0.316,-0.317,-0.316,-0.317,-0.316,-0.317,-0.316,-0.317,-0.316,-0.317,-0.316,-0.317,-0.316,
0.0,0.0,-0.052,-0.068,-0.126,-0.028,-0.03,-0.075,-0.058,-0.047,-0.093,-0.075,-0.103,-0.025,-0.05,-0.052,-0.086,-0.108,-0.035,-0.048,-0.055,-0.083,-0.111,-0.032,-0.051,-0.053,-0.085,-0.108,-0.035,-0.048,-0.056,-0.082,-0.111,-0.033,-0.05,-0.053,-0.085,-0.108,-0.036,-0.047,-0.056,-0.083,-0.11,-0.033,-0.05,-0.053,-0.086,-0.107,-0.036,-0.048,-0.055,-0.083,-0.11,-0.033,-0.051,-0.052,-0.086,-0.108,-0.035,-0.048,-0.055,-0.083,-0.111,-0.032,-0.051,-0.053,-0.085,-0.108,-0.035,-0.048,-0.056,-0.082,-0.111,-0.033,-0.05,-0.053,-0.085,-0.108,-0.036,-0.047,-0.056,-0.083,-0.11,-0.033,-0.05,-0.053,-0.086,-0.107,-0.036,-0.048,-0.055,-0.083,-0.11,-0.033,-0.051,-0.052,-0.086,-0.108,-0.035,-0.048,
0.0,0.0,0.0,-0.015,-0.029,-0.038,-0.041,-0.041,-0.041,-0.041,-0.041,-0.041,-0.041,-0.041,-0.041,-0.041,-0.041,-0.041,-0.041,-0.041,-0.041,-0.041,-0.041,-0.041,-0.041,-0.041,-0.041,-0.041,-0.041,-0.041,-0.041,-0.041,-0.041,-0.041,-0.041,-0.041,-0.041,-0.041,-0.041,-0.041,-0.041,-0.041,-0.041,-0.041,-0.041,-0.041,-0.041,-0.041,-0.041,-0.041,-0.041,-0.041,-0.041,-0.041,-0.041,-0.041,-0.041,-0.041,-0.041,-0.041,-0.041,-0.041,-0.041,-0.041,-0.041,-0.041,-0.041,-0.041,-0.041,-0.041,-0.041,-0.041,-0.041,-0.041,-0.041,-0.041,-0.041,-0.041,-0.041,-0.041,-0.041,-0.041,-0.041,-0.041,-0.041,-0.041,-0.041,-0.041,-0.041,-0.041,-0.041,-0.041,-0.041,-0.041,-0.041,-0.041,-0.041,-0.041,-0.041,-0.041,
0.0,0.0,0.0,-0.062,-0.065,-0.192,-0.114,-0.179,-0.181,-0.171,-0.101,-0.151,-0.173,-0.168,-0.21,-0.179,-0.181,-0.205,-0.181,-0.158,-0.124,-0.151,-0.151,-0.189,-0.21,-0.158,-0.202,-0.205,-0.16,-0.179,-0.124,-0.129,-0.173,-0.189,-0.189,-0.179,-0.202,-0.184,-0.181,-0.179,-0.101,-0.151,-0.173,-0.168,-0.21,-0.179,-0.181,-0.205,-0.181,-0.158,-0.124,-0.151,-0.151,-0.189,-0.21,-0.158,-0.202,-0.205,-0.16,-0.179,-0.124,-0.129,-0.173,-0.189,-0.189,-0.179,-0.202,-0.184,-0.181,-0.179,-0.101,-0.151,-0.173,-0.168,-0.21,-0.179,-0.181,-0.205,-0.181,-0.158,-0.124,-0.151,-0.151,-0.189,-0.21,-0.158,-0.202,-0.205,-0.16,-0.179,-0.124,-0.129,-0.173,-0.189,-0.189,-0.179,-0.202,-0.184,-0.181,-0.179,
0.0,0.0,-0.063,-0.116,-0.092,-0.118,-0.125,-0.129,-0.129,-0.126,-0.128,-0.121,-0.129,-0.126,-0.106,-0.122,-0.128,-0.129,-0.126,-0.126,-0.131,-0.121,-0.126,-0.126,-0.109,-0.122,-0.125,-0.129,-0.129,-0.126,-0.128,-0.121,-0.129,-0.126,-0.106,-0.122,-0.128,-0.129,-0.126,-0.126,-0.131,-0.121,-0.126,-0.126,-0.109,-0.122,-0.125,-0.129,-0.129,-0.126,-0.128,-0.121,-0.129,-0.126,-0.106,-0.122,-0.128,-0.129,-0.126,-0.126,-0.131,-0.121,-0.126,-0.126,-0.109,-0.122,-0.125,-0.129,-0.129,-0.126,-0.128,-0.121,-0.129,-0.126,-0.106,-0.122,-0.128,-0.129,-0.126,-0.126,-0.131,-0.121,-0.126,-0.126,-0.109,-0.122,-0.125,-0.129,-0.129,-0.126,-0.128,-0.121,-0.129,-0.126,-0.106,-0.122,-0.128,-0.129,-0.126,-0.126,
0.0,0.0,-0.21,-0.246,-0.286,-0.294,-0.302,-0.295,-0.302,-0.295,-0.302,-0.295,-0.302,-0.295,-0.302,-0.295,-0.302,-0.295,-0.302,-0.295,-0.302,-0.295,-0.302,-0.295,-0.302,-0.295,-0.302,-0.295,-0.302,-0.295,-0.302,-0.295,-0.302,-0.295,-0.302,-0.295,-0.302,-0.295,-0.302,-0.295,-0.302,-0.295,-0.302,-0.295,-0.302,-0.295,-0.302,-0.295,-0.302,-0.295,-0.302,-0.295,-0.302,-0.295,-0.302,-0.295,-0.302,-0.295,-0.302,-0.295,-0.302,-0.295,-0.302,-0.295,-0.302,-0.295,-0.302,-0.295,-0.302,-0.295,-0.302,-0.295,-0.302,-0.295,-0.302,-0.295,-0.302,-0.295,-0.302,-0.295,-0.302,-0.295,-0.302,-0.295,-0.302,-0.295,-0.302,-0.295,-0.302,-0.295,-0.302,-0.295,-0.302,-0.295,-0.302,-0.295,-0.302,-0.295,-0.302,-0.295,
0.0,0.0,-0.172,-0.241,-0.255,-0.186,-0.292,-0.218,-0.168,-0.228,-0.246,-0.175,-0.228,-0.244,-0.17,-0.224,-0.244,-0.175,-0.228,-0.244,-0.17,-0.224,-0.244,-0.175,-0.228,-0.244,-0.17,-0.224,-0.244,-0.175,-0.228,-0.244,-0.17,-0.224,-0.244,-0.175,-0.228,-0.244,-0.17,-0.224,-0.244,-0.175,-0.228,-0.244,-0.17,-0.224,-0.244,-0.175,-0.228,-0.244,-0.17,-0.224,-0.244,-0.175,-0.228,-0.244,-0.17,-0.224,-0.244,-0.175,-0.228,-0.244,-0.17,-0.224,-0.244,-0.175,-0.228,-0.244,-0.17,-0.224,-0.244,-0.175,-0.228,-0.244,-0.17,-0.224,-0.244,-0.175,-0.228,-0.244,-0.17,-0.224,-0.244,-0.175,-0.228,-0.244,-0.17,-0.224,-0.244,-0.175,-0.228,-0.244,-0.17,-0.224,-0.244,-0.175,-0.228,-0.244,-0.17,-0.224,
0.0,0.0,-0.146,-0.136,-0.138,-0.19,-0.101,-0.079,-0.128,-0.126,-0.109,-0.168,-0.084,-0.126,-0.107,-0.126,-0.116,-0.139,-0.128,-0.105,-0.107,-0.133,-0.085,-0.181,-0.107,-0.105,-0.114,-0.103,-0.129,-0.161,-0.107,-0.113,-0.084,-0.147,-0.109,-0.161,-0.114,-0.082,-0.128,-0.126,-0.109,-0.168,-0.084,-0.126,-0.107,-0.126,-0.116,-0.139,-0.128,-0.105,-0.107,-0.133,-0.085,-0.181,-0.107,-0.105,-0.114,-0.103,-0.129,-0.161,-0.107,-0.113,-0.084,-0.147,-0.109,-0.161,-0.114,-0.082,-0.128,-0.126,-0.109,-0.168,-0.084,-0.126,-0.107,-0.126,-0.116,-0.139,-0.128,-0.105,-0.107,-0.133,-0.085,-0.181,-0.107,-0.105,-0.114,-0.103,-0.129,-0.161,-0.107,-0.113,-0.084,-0.147,-0.109,-0.161,-0.114,-0.082,-0.128,-0.126,
0.0,0.0,-0.122,-0.153,-0.221,-0.283,-0.269,-0.262,-0.298,-0.3,-0.276,-0.263,-0.259,-0.301,-0.307,-0.284,-0.282,-0.263,-0.3,-0.306,-0.274,-0.264,-0.298,-0.3,-0.276,-0.263,-0.259,-0.301,-0.307,-0.284,-0.282,-0.263,-0.3,-0.306,-0.274,-0.264,-0.298,-0.3,-0.276,-0.263,-0.259,-0.301,-0.307,-0.284,-0.282,-0.263,-0.3,-0.306,-0.274,-0.264,-0.298,-0.3,-0.276,-0.263,-0.259,-0.301,-0.307,-0.284,-0.282,-0.263,-0.3,-0.306,-0.274,-0.264,-0.298,-0.3,-0.276,-0.263,-0.259,-0.301,-0.307,-0.284,-0.282,-0.263,-0.3,-0.306,-0.274,-0.264,-0.298,-0.3,-0.276,-0.263,-0.259,-0.301,-0.307,-0.284,-0.282,-0.263,-0.3,-0.306,-0.274,-0.264,-0.298,-0.3,-0.276,-0.263,-0.259,-0.301,-0.307,-0.284,
0.0,0.0,-0.116,-0.188,-0.193,-0.189,-0.196,-0.19,-0.194,-0.151,-0.175,-0.207,-0.187,-0.186,-0.199,-0.154,-0.169,-0.203,-0.193,-0.19,-0.193,-0.15,-0.175,-0.207,-0.187,-0.186,-0.199,-0.154,-0.169,-0.203,-0.193,-0.19,-0.193,-0.15,-0.175,-0.207,-0.187,-0.186,-0.199,-0.154,-0.169,-0.203,-0.193,-0.19,-0.193,-0.15,-0.175,-0.207,-0.187,-0.186,-0.199,-0.154,-0.169,-0.203,-0.193,-0.19,-0.193,-0.15,-0.175,-0.207,-0.187,-0.186,-0.199,-0.154,-0.169,-0.203,-0.193,-0.19,-0.193,-0.15,-0.175,-0.207,-0.187,-0.186,-0.199,-0.154,-0.169,-0.203,-0.193,-0.19,-0.193,-0.15,-0.175,-0.207,-0.187,-0.186,-0.199,-0.154,-0.169,-0.203,-0.193,-0.19,-0.193,-0.15,-0.175,-0.207,-0.187,-0.186,-0.199,-0.154,
0.0,0.0,-0.141,-0.188,-0.144,-0.187,-0.236,-0.217,-0.174,-0.214,-0.184,-0.262,-0.212,-0.19,-0.255,-0.22,-0.182,-0.262,-0.212,-0.19,-0.255,-0.22,-0.182,-0.262,-0.212,-0.19,-0.255,-0.22,-0.182,-0.262,-0.212,-0.19,-0.255,-0.22,-0.182,-0.262,-0.212,-0.19,-0.255,-0.22,-0.182,-0.262,-0.212,-0.19,-0.255,-0.22,-0.182,-0.262,-0.212,-0.19,-0.255,-0.22,-0.182,-0.262,-0.212,-0.19,-0.255,-0.22,-0.182,-0.262,-0.212,-0.19,-0.255,-0.22,-0.182,-0.262,-0.212,-0.19,-0.255,-0.22,-0.182,-0.262,-0.212,-0.19,-0.255,-0.22,-0.182,-0.262,-0.212,-0.19,-0.255,-0.22,-0.182,-0.262,-0.212,-0.19,-0.255,-0.22,-0.182,-0.262,-0.212,-0.19,-0.255,-0.22,-0.182,-0.262,-0.212,-0.19,-0.255,-0.22,
0.0,0.0,-0.04,0.07,-0.147,0.046,-0.061,-0.177,0.011,-0.044,-0.069,-0.119,-0.084,0.014,-0.025,0.0,0.047,-0.017,-0.146,0.055,-0.087,0.029,0.04,-0.149,0.04,-0.116,-0.023,-0.059,-0.096,0.002,-0.029,-0.162,0.035,-0.098,-0.021,0.033,-0.1,0.038,-0.067,-0.045,-0.056,-0.125,-0.039,-0.002,-0.071,0.023,-0.091,-0.112,-0.124,-0.131,-0.194,-0.069,-0.084,0.014,-0.017,-0.062,0.026,-0.035,-0.05,0.051,-0.087,0.05,0.029,-0.052,0.022,-0.038,0.0,0.096,-0.097,0.026,0.022,-0.067,0.014,-0.032,-0.032,0.048,-0.087,0.026,0.022,-0.067,0.014,-0.032,-0.032,0.048,-0.087,0.026,0.022,-0.067,0.014,-0.032,-0.032,0.048,-0.087,0.026,0.022,-0.067,0.014,-0.032,-0.032,0.048,
0.0,0.0,-0.232,-0.298,-0.284,-0.284,-0.293,-0.294,-0.303,-0.301,-0.282,-0.292,-0.297,-0.3,-0.304,-0.279,-0.295,-0.294,-0.303,-0.301,-0.282,-0.292,-0.297,-0.3,-0.304,-0.279,-0.295,-0.294,-0.303,-0.301,-0.282,-0.292,-0.297,-0.3,-0.304,-0.279,-0.295,-0.294,-0.303,-0.301,-0.282,-0.292,-0.297,-0.3,-0.304,-0.279,-0.295,-0.294,-0.303,-0.301,-0.282,-0.292,-0.297,-0.3,-0.304,-0.279,-0.295,-0.294,-0.303,-0.301,-0.282,-0.292,-0.297,-0.3,-0.304,-0.279,-0.295,-0.294,-0.303,-0.301,-0.282,-0.292,-0.297,-0.3,-0.304,-0.279,-0.295,-0.294,-0.303,-0.301,-0.282,-0.292,-0.297,-0.3,-0.304,-0.279,-0.295,-0.294,-0.303,-0.301,-0.282,-0.292,-0.297,-0.3,-0.304,-0.279,-0.295,-0.294,-0.303,-0.301,
0.0,0.0,-0.136,-0.206,-0.202,-0.171,-0.228,-0.195,-0.236,-0.167,-0.228,-0.213,-0.19,-0.206,-0.235,-0.167,-0.228,-0.213,-0.19,-0.206,-0.235,-0.167,-0.228,-0.213,-0.19,-0.206,-0.235,-0.167,-0.228,-0.213,-0.19,-0.206,-0.235,-0.167,-0.228,-0.213,-0.19,-0.206,-0.235,-0.167,-0.228,-0.213,-0.19,-0.206,-0.235,-0.167,-0.228,-0.213,-0.19,-0.206,-0.235,-0.167,-0.228,-0.213,-0.19,-0.206,-0.235,-0.167,-0.228,-0.213,-0.19,-0.206,-0.235,-0.167,-0.228,-0.213,-0.19,-0.206,-0.235,-0.167,-0.228,-0.213,-0.19,-0.206,-0.235,-0.167,-0.228,-0.213,-0.19,-0.206,-0.235,-0.167,-0.228,-0.213,-0.19,-0.206,-0.235,-0.167,-0.228,-0.213,-0.19,-0.206,-0.235,-0.167,-0.228,-0.213,-0.19,-0.206,-0.235,-0.167,
0.0,0.0,-0.133,-0.187,-0.216,-0.248,-0.23,-0.195,-0.213,-0.246,-0.23,-0.195,-0.213,-0.246,-0.23,-0.195,-0.213,-0.246,-0.23,-0.195,-0.213,-0.246,-0.23,-0.195,-0.213,-0.246,-0.23,-0.195,-0.213,-0.246,-0.23,-0.195,-0.213,-0.246,-0.23,-0.195,-0.213,-0.246,-0.23,-0.195,-0.213,-0.246,-0.23,-0.195,-0.213,-0.246,-0.23,-0.195,-0.213,-0.246,-0.23,-0.195,-0.213,-0.246,-0.23,-0.195,-0.213,-0.246,-0.23,-0.195,-0.213,-0.246,-0.23,-0.195,-0.213,-0.246,-0.23,-0.195,-0.213,-0.246,-0.23,-0.195,-0.213,-0.246,-0.23,-0.195,-0.213,-0.246,-0.23,-0.195,-0.213,-0.246,-0.23,-0.195,-0.213,-0.246,-0.23,-0.195,-0.213,-0.246,-0.23,-0.195,-0.213,-0.246,-0.23,-0.195,-0.213,-0.246,-0.23,-0.195,
0.0,0.0,-0.04,-0.103,-0.058,-0.03,-0.073,-0.097,-0.098,-0.06,-0.125,-0.047,-0.035,-0.064,-0.094,-0.089,-0.06,-0.12,-0.049,-0.03,-0.067,-0.091,-0.092,-0.057,-0.122,-0.045,-0.034,-0.064,-0.094,-0.089,-0.06,-0.12,-0.049,-0.03,-0.067,-0.091,-0.092,-0.057,-0.122,-0.045,-0.034,-0.064,-0.094,-0.089,-0.06,-0.12,-0.049,-0.03,-0.067,-0.091,-0.092,-0.057,-0.122,-0.045,-0.034,-0.064,-0.094,-0.089,-0.06,-0.12,-0.049,-0.03,-0.067,-0.091,-0.092,-0.057,-0.122,-0.045,-0.034,-0.064,-0.094,-0.089,-0.06,-0.12,-0.049,-0.03,-0.067,-0.091,-0.092,-0.057,-0.122,-0.045,-0.034,-0.064,-0.094,-0.089,-0.06,-0.12,-0.049,-0.03,-0.067,-0.091,-0.092,-0.057,-0.122,-0.045,-0.034,-0.064,-0.094,-0.089,
0.0,0.0,-0.045,-0.111,-0.123,-0.1,-0.089,-0.149,-0.09,-0.145,-0.178,-0.105,-0.145,-0.048,-0.153,-0.153,-0.116,-0.131,-0.078,-0.149,-0.142,-0.1,-0.137,-0.087,-0.147,-0.123,-0.124,-0.09,-0.111,-0.152,-0.139,-0.17,-0.094,-0.149,-0.09,-0.145,-0.178,-0.105,-0.145,-0.048,-0.153,-0.153,-0.116,-0.131,-0.078,-0.149,-0.142,-0.1,-0.137,-0.087,-0.147,-0.123,-0.124,-0.09,-0.111,-0.152,-0.139,-0.17,-0.094,-0.149,-0.09,-0.145,-0.178,-0.105,-0.145,-0.048,-0.153,-0.153,-0.116,-0.131,-0.078,-0.149,-0.142,-0.1,-0.137,-0.087,-0.147,-0.123,-0.124,-0.09,-0.111,-0.152,-0.139,-0.17,-0.094,-0.149,-0.09,-0.145,-0.178,-0.105,-0.145,-0.048,-0.153,-0.153,-0.116,-0.131,-0.078,-0.149,-0.142,-0.1,
0.0,0.0,-0.12,-0.167,-0.142,-0.159,-0.137,-0.136,-0.156,-0.16,-0.156,-0.188,-0.244,-0.239,-0.253,-0.239,-0.255,-0.24,-0.255,-0.24,-0.255,-0.24,-0.255,-0.24,-0.255,-0.24,-0.255,-0.24,-0.255,-0.24,-0.255,-0.24,-0.255,-0.24,-0.255,-0.24,-0.255,-0.24,-0.255,-0.24,-0.255,-0.24,-0.255,-0.24,-0.255,-0.24,-0.255,-0.24,-0.255,-0.24,-0.255,-0.24,-0.255,-0.24,-0.255,-0.24,-0.255,-0.24,-0.255,-0.24,-0.255,-0.24,-0.255,-0.24,-0.255,-0.24,-0.255,-0.24,-0.255,-0.24,-0.255,-0.24,-0.255,-0.24,-0.255,-0.24,-0.255,-0.24,-0.255,-0.24,-0.255,-0.24,-0.255,-0.24,-0.255,-0.24,-0.255,-0.24,-0.255,-0.24,-0.255,-0.24,-0.255,-0.24,-0.255,-0.24,-0.255,-0.24,-0.255,-0.24,
0.0,0.0,-0.023,-0.091,-0.143,-0.177,-0.173,-0.156,-0.132,-0.097,-0.13,-0.095,-0.121,-0.097,-0.13,-0.095,-0.121,-0.097,-0.13,-0.095,-0.121,-0.097,-0.13,-0.095,-0.121,-0.097,-0.13,-0.095,-0.121,-0.097,-0.13,-0.095,-0.121,-0.097,-0.13,-0.095,-0.121,-0.097,-0.13,-0.095,-0.121,-0.097,-0.13,-0.095,-0.121,-0.097,-0.13,-0.095,-0.121,-0.097,-0.13,-0.095,-0.121,-0.097,-0.13,-0.095,-0.121,-0.097,-0.13,-0.095,-0.121,-0.097,-0.13,-0.095,-0.121,-0.097,-0.13,-0.095,-0.121,-0.097,-0.13,-0.095,-0.121,-0.097,-0.13,-0.095,-0.121,-0.097,-0.13,-0.095,-0.121,-0.097,-0.13,-0.095,-0.121,-0.097,-0.13,-0.095,-0.121,-0.097,-0.13,-0.095,-0.121,-0.097,-0.13,-0.095,-0.121,-0.097,-0.13,-0.095,
0.0,0.0,-0.005,-0.105,-0.114,-0.14,-0.102,-0.121,-0.084,-0.097,-0.082,-0.103,-0.136,-0.107,-0.125,-0.141,-0.102,-0.121,-0.084,-0.097,-0.082,-0.103,-0.136,-0.107,-0.125,-0.141,-0.102,-0.121,-0.084,-0.097,-0.082,-0.103,-0.136,-0.107,-0.125,-0.141,-0.102,-0.121,-0.084,-0.097,-0.082,-0.103,-0.136,-0.107,-0.125,-0.141,-0.102,-0.121,-0.084,-0.097,-0.082,-0.103,-0.136,-0.107,-0.125,-0.141,-0.102,-0.121,-0.084,-0.097,-0.082,-0.103,-0.136,-0.107,-0.125,-0.141,-0.102,-0.121,-0.084,-0.097,-0.082,-0.103,-0.136,-0.107,-0.125,-0.141,-0.102,-0.121,-0.084,-0.097,-0.082,-0.103,-0.136,-0.107,-0.125,-0.141,-0.102,-0.121,-0.084,-0.097,-0.082,-0.103,-0.136,-0.107,-0.125,-0.141,-0.102,-0.121,-0.084,-0.097,
0.0,0.0,-0.036,-0.112,-0.07,-0.061,-0.04,-0.033,-0.05,-0.054,-0.038,-0.033,-0.05,-0.054,-0.038,-0.033,-0.05,-0.054,-0.038,-0.033,-0.05,-0.054,-0.038,-0.033,-0.05,-0.054,-0.038,-0.033,-0.05,-0.054,-0.038,-0.033,-0.05,-0.054,-0.038,-0.033,-0.05,-0.054,-0.038,-0.033,-0.05,-0.054,-0.038,-0.033,-0.05,-0.054,-0.038,-0.033,-0.05,-0.054,-0.038,-0.033,-0.05,-0.054,-0.038,-0.033,-0.05,-0.054,-0.038,-0.033,-0.05,-0.054,-0.038,-0.033,-0.05,-0.054,-0.038,-0.033,-0.05,-0.054,-0.038,-0.033,-0.05,-0.054,-0.038,-0.033,-0.05,-0.054,-0.038,-0.033,-0.05,-0.054,-0.038,-0.033,-0.05,-0.054,-0.038,-0.033,-0.05,-0.054,-0.038,-0.033,-0.05,-0.054,-0.038,-0.033,-0.05,-0.054,-0.038,-0.033,
0.0,0.0,0.017,-0.123,-0.003,0.005,-0.13,-0.064,-0.113,-0.139,-0.213,-0.237,-0.241,-0.241,-0.241,-0.241,-0.241,-0.241,-0.241,-0.241,-0.241,-0.241,-0.241,-0.241,-0.241,-0.241,-0.241,-0.241,-0.241,-0.241,-0.241,-0.241,-0.241,-0.241,-0.241,-0.241,-0.241,-0.241,-0.241,-0.241,-0.241,-0.241,-0.241,-0.241,-0.241,-0.241,-0.241,-0.241,-0.241,-0.241,-0.241,-0.241,-0.241,-0.241,-0.241,-0.241,-0.241,-0.241,-0.241,-0.241,-0.241,-0.241,-0.241,-0.241,-0.241,-0.241,-0.241,-0.241,-0.241,-0.241,-0.241,-0.241,-0.241,-0.241,-0.241,-0.241,-0.241,-0.241,-0.241,-0.241,-0.241,-0.241,-0.241,-0.241,-0.241,-0.241,-0.241,-0.241,-0.241,-0.241,-0.241,-0.241,-0.241,-0.241,-0.241,-0.241,-0.241,-0.241,-0.241,-0.241,
0.0,0.0,-0.057,-0.015,-0.028,-0.059,-0.061,-0.069,-0.093,-0.076,-0.056,-0.059,-0.101,-0.054,-0.037,-0.093,-0.127,-0.15,-0.186,-0.102,-0.047,-0.062,-0.075,-0.047,-0.059,-0.062,-0.061,-0.094,-0.106,-0.115,-0.071,-0.064,-0.058,-0.05,-0.035,-0.045,-0.074,-0.09,-0.106,-0.074,-0.083,-0.093,-0.094,-0.148,-0.151,-0.104,-0.163,-0.141,-0.099,-0.105,-0.14,-0.134,-0.138,-0.1,-0.108,-0.133,-0.056,-0.057,-0.08,-0.12,-0.148,-0.169,-0.118,-0.079,-0.058,-0.05,-0.067,-0.097,-0.051,-0.06,-0.06,-0.058,-0.12,-0.141,-0.091,-0.04,-0.032,-0.04,-0.046,-0.057,-0.04,-0.075,-0.141,-0.141,-0.187,-0.174,-0.14,-0.05,-0.058,-0.075,-0.108,-0.176,-0.126,-0.067,-0.058,-0.037,-0.057,-0.074,-0.08,-0.099,
0.0,0.0,-0.112,-0.167,-0.203,-0.194,-0.147,-0.184,-0.206,-0.194,-0.147,-0.184,-0.206,-0.194,-0.147,-0.184,-0.206,-0.194,-0.147,-0.184,-0.206,-0.194,-0.147,-0.184,-0.206,-0.194,-0.147,-0.184,-0.206,-0.194,-0.147,-0.184,-0.206,-0.194,-0.147,-0.184,-0.206,-0.194,-0.147,-0.184,-0.206,-0.194,-0.147,-0.184,-0.206,-0.194,-0.147,-0.184,-0.206,-0.194,-0.147,-0.184,-0.206,-0.194,-0.147,-0.184,-0.206,-0.194,-0.147,-0.184,-0.206,-0.194,-0.147,-0.184,-0.206,-0.194,-0.147,-0.184,-0.206,-0.194,-0.147,-0.184,-0.206,-0.194,-0.147,-0.184,-0.206,-0.194,-0.147,-0.184,-0.206,-0.194,-0.147,-0.184,-0.206,-0.194,-0.147,-0.184,-0.206,-0.194,-0.147,-0.184,-0.206,-0.194,-0.147,-0.184,-0.206,-0.194,-0.147,-0.184,
0.0,0.0,-0.043,-0.203,-0.199,-0.197,-0.195,-0.203,-0.138,-0.055,-0.045,-0.063,-0.06,-0.065,-0.136,-0.143,-0.118,-0.116,-0.115,-0.119,-0.113,-0.118,-0.116,-0.116,-0.115,-0.119,-0.113,-0.118,-0.116,-0.116,-0.115,-0.119,-0.113,-0.118,-0.116,-0.116,-0.115,-0.119,-0.113,-0.118,-0.116,-0.116,-0.115,-0.119,-0.113,-0.118,-0.116,-0.116,-0.115,-0.119,-0.113,-0.118,-0.116,-0.116,-0.115,-0.119,-0.113,-0.118,-0.116,-0.116,-0.115,-0.119,-0.113,-0.118,-0.116,-0.116,-0.115,-0.119,-0.113,-0.118,-0.116,-0.116,-0.115,-0.119,-0.113,-0.118,-0.116,-0.116,-0.115,-0.119,-0.113,-0.118,-0.116,-0.116,-0.115,-0.119,-0.113,-0.118,-0.116,-0.116,-0.115,-0.119,-0.113,-0.118,-0.116,-0.116,-0.115,-0.119,-0.113,-0.118,
0.0,0.0,-0.005,-0.151,-0.18,-0.063,-0.069,-0.059,-0.082,-0.101,-0.067,-0.139,-0.095,-0.104,-0.096,-0.035,-0.054,-0.097,-0.168,-0.124,-0.098,-0.069,-0.049,-0.065,-0.095,-0.11,-0.148,-0.131,-0.161,-0.067,-0.103,-0.129,-0.13,-0.132,-0.204,-0.163,-0.085,-0.038,-0.108,-0.15,-0.119,-0.108,-0.099,-0.026,-0.148,-0.177,-0.215,-0.107,-0.135,-0.086,-0.058,-0.057,-0.083,-0.115,-0.143,-0.102,-0.1,-0.038,-0.087,-0.098,-0.096,-0.094,-0.15,-0.165,-0.098,-0.093,-0.15,-0.133,-0.119,-0.154,-0.181,-0.089,-0.071,-0.099,-0.17,-0.122,-0.095,-0.042,-0.047,-0.152,-0.204,-0.207,-0.128,-0.139,-0.072,0.002,-0.078,-0.087,-0.145,-0.133,-0.123,-0.104,-0.024,-0.029,-0.118,-0.1,-0.124,-0.141,-0.184,-0.102,
0.0,0.0,-0.002,-0.003,-0.024,-0.088,-0.146,-0.212,-0.2,-0.256,-0.244,-0.232,-0.237,-0.138,-0.217,-0.138,-0.232,-0.239,-0.239,-0.239,-0.189,-0.168,-0.165,-0.177,-0.17,-0.177,-0.172,-0.217,-0.212,-0.237,-0.231,-0.237,-0.239,-0.239,-0.239,-0.239,-0.138,-0.217,-0.138,-0.232,-0.239,-0.239,-0.239,-0.189,-0.168,-0.165,-0.177,-0.17,-0.177,-0.172,-0.217,-0.212,-0.237,-0.231,-0.237,-0.239,-0.239,-0.239,-0.239,-0.138,-0.217,-0.138,-0.232,-0.239,-0.239,-0.239,-0.189,-0.168,-0.165,-0.177,-0.17,-0.177,-0.172,-0.217,-0.212,-0.237,-0.231,-0.237,-0.239,-0.239,-0.239,-0.239,-0.138,-0.217,-0.138,-0.232,-0.239,-0.239,-0.239,-0.189,-0.168,-0.165,-0.177,-0.17,-0.177,-0.172,-0.217,-0.212,-0.237,-0.231,
0.0,0.0,-0.075,-0.112,-0.19,-0.155,-0.147,-0.174,-0.179,-0.18,-0.14,-0.125,-0.141,-0.211,-0.172,-0.159,-0.12,-0.106,-0.195,-0.185,-0.163,-0.175,-0.158,-0.214,-0.234,-0.163,-0.126,-0.052,-0.089,-0.177,-0.181,-0.155,-0.103,-0.156,-0.18,-0.197,-0.14,-0.09,-0.192,-0.258,-0.25,-0.167,-0.101,-0.164,-0.222,-0.161,-0.12,-0.134,-0.245,-0.271,-0.187,-0.13,-0.104,-0.208,-0.185,-0.141,-0.162,-0.191,-0.258,-0.211,-0.151,-0.133,-0.151,-0.17,-0.166,-0.182,-0.217,-0.205,-0.196,-0.175,-0.154,-0.178,-0.111,-0.151,-0.206,-0.236,-0.231,-0.139,-0.161,-0.179,-0.199,-0.14,-0.09,-0.192,-0.258,-0.25,-0.167,-0.101,-0.164,-0.222,-0.161,-0.12,-0.134,-0.245,-0.271,-0.187,-0.13,-0.104,-0.208,-0.185,
0.0,0.0,-0.167,-0.238,-0.234,-0.236,-0.287,-0.185,-0.279,-0.245,-0.23,-0.236,-0.287,-0.185,-0.279,-0.245,-0.23,-0.236,-0.287,-0.185,-0.279,-0.245,-0.23,-0.236,-0.287,-0.185,-0.279,-0.245,-0.23,-0.236,-0.287,-0.185,-0.279,-0.245,-0.23,-0.236,-0.287,-0.185,-0.279,-0.245,-0.23,-0.236,-0.287,-0.185,-0.279,-0.245,-0.23,-0.236,-0.287,-0.185,-0.279,-0.245,-0.23,-0.236,-0.287,-0.185,-0.279,-0.245,-0.23,-0.236,-0.287,-0.185,-0.279,-0.245,-0.23,-0.236,-0.287,-0.185,-0.279,-0.245,-0.23,-0.236,-0.287,-0.185,-0.279,-0.245,-0.23,-0.236,-0.287,-0.185,-0.279,-0.245,-0.23,-0.236,-0.287,-0.185,-0.279,-0.245,-0.23,-0.236,-0.287,-0.185,-0.279,-0.245,-0.23,-0.236,-0.287,-0.185,-0.279,-0.245,
0.0,0.0,-0.04,-0.054,-0.053,-0.154,-0.103,-0.224,-0.261,-0.275,-0.275,-0.277,-0.277,-0.273,-0.273,-0.261,-0.274,-0.274,-0.28,-0.28,-0.267,-0.276,-0.273,-0.273,-0.279,-0.265,-0.286,-0.273,-0.281,-0.276,-0.267,-0.272,-0.274,-0.271,-0.274,-0.268,-0.276,-0.285,-0.272,-0.272,-0.266,-0.274,-0.271,-0.274,-0.276,-0.268,-0.285,-0.272,-0.272,-0.272,-0.268,-0.271,-0.274,-0.276,-0.276,-0.277,-0.272,-0.272,-0.272,-0.274,-0.265,-0.274,-0.276,-0.276,-0.285,-0.264,-0.272,-0.272,-0.274,-0.271,-0.268,-0.276,-0.276,-0.285,-0.272,-0.264,-0.272,-0.274,-0.271,-0.274,-0.269,-0.276,-0.285,-0.272,-0.272,-0.264,-0.274,-0.271,-0.274,-0.276,-0.269,-0.285,-0.272,-0.272,-0.272,-0.266,-0.271,-0.274,-0.276,-0.276,
0.0,0.0,-0.005,0.007,-0.007,0.009,0.002,-0.016,-0.032,-0.009,0.012,0.004,0.016,0.002,-0.014,-0.033,-0.007,0.01,0.005,0.014,0.004,-0.016,-0.032,-0.009,0.012,0.004,0.016,0.002,-0.014,-0.033,-0.007,0.01,0.005,0.014,0.004,-0.016,-0.032,-0.009,0.012,0.004,0.016,0.002,-0.014,-0.033,-0.007,0.01,0.005,0.014,0.004,-0.016,-0.032,-0.009,0.012,0.004,0.016,0.002,-0.014,-0.033,-0.007,0.01,0.005,0.014,0.004,-0.016,-0.032,-0.009,0.012,0.004,0.016,0.002,-0.014,-0.033,-0.007,0.01,0.005,0.014,0.004,-0.016,-0.032,-0.009,0.012,0.004,0.016,0.002,-0.014,-0.033,-0.007,0.01,0.005,0.014,0.004,-0.016,-0.032,-0.009,0.012,0.004,0.016,0.002,-0.014,-0.033,
0.0,0.0,-0.026,-0.056,-0.113,-0.132,-0.09,-0.121,-0.114,-0.101,-0.141,-0.119,-0.06,-0.088,-0.093,-0.122,-0.093,-0.188,-0.179,-0.142,-0.158,-0.164,-0.158,-0.165,-0.189,-0.147,-0.159,-0.14,-0.09,-0.121,-0.093,-0.188,-0.179,-0.142,-0.158,-0.164,-0.158,-0.165,-0.189,-0.147,-0.159,-0.14,-0.09,-0.121,-0.093,-0.188,-0.179,-0.142,-0.158,-0.164,-0.158,-0.165,-0.189,-0.147,-0.159,-0.14,-0.09,-0.121,-0.093,-0.188,-0.179,-0.142,-0.158,-0.164,-0.158,-0.165,-0.189,-0.147,-0.159,-0.14,-0.09,-0.121,-0.093,-0.188,-0.179,-0.142,-0.158,-0.164,-0.158,-0.165,-0.189,-0.147,-0.159,-0.14,-0.09,-0.121,-0.093,-0.188,-0.179,-0.142,-0.158,-0.164,-0.158,-0.165,-0.189,-0.147,-0.159,-0.14,-0.09,-0.121,
0.0,0.0,-0.219,-0.157,-0.193,-0.216,-0.226,-0.152,-0.184,-0.218,-0.162,-0.181,-0.218,-0.213,-0.216,-0.216,-0.156,-0.184,-0.218,-0.162,-0.181,-0.218,-0.213,-0.216,-0.216,-0.156,-0.184,-0.218,-0.162,-0.181,-0.218,-0.213,-0.216,-0.216,-0.156,-0.184,-0.218,-0.162,-0.181,-0.218,-0.213,-0.216,-0.216,-0.156,-0.184,-0.218,-0.162,-0.181,-0.218,-0.213,-0.216,-0.216,-0.156,-0.184,-0.218,-0.162,-0.181,-0.218,-0.213,-0.216,-0.216,-0.156,-0.184,-0.218,-0.162,-0.181,-0.218,-0.213,-0.216,-0.216,-0.156,-0.184,-0.218,-0.162,-0.181,-0.218,-0.213,-0.216,-0.216,-0.156,-0.184,-0.218,-0.162,-0.181,-0.218,-0.213,-0.216,-0.216,-0.156,-0.184,-0.218,-0.162,-0.181,-0.218,-0.213,-0.216,-0.216,-0.156,-0.184,-0.218,
0.0,0.0,-0.097,-0.098,-0.125,-0.1,-0.125,-0.134,-0.133,-0.14,-0.163,-0.142,-0.127,-0.136,-0.165,-0.122,-0.135,-0.178,-0.198,-0.209,-0.201,-0.15,-0.181,-0.173,-0.172,-0.182,-0.165,-0.117,-0.135,-0.144,-0.13,-0.134,-0.202,-0.169,-0.187,-0.151,-0.163,-0.193,-0.217,-0.156,-0.151,-0.111,-0.19,-0.144,-0.162,-0.122,-0.14,-0.187,-0.179,-0.182,-0.167,-0.153,-0.198,-0.201,-0.166,-0.145,-0.128,-0.181,-0.149,-0.146,-0.132,-0.134,-0.202,-0.169,-0.187,-0.151,-0.163,-0.193,-0.217,-0.156,-0.151,-0.111,-0.19,-0.144,-0.162,-0.122,-0.14,-0.187,-0.179,-0.182,-0.167,-0.153,-0.198,-0.201,-0.166,-0.145,-0.128,-0.181,-0.149,-0.146,-0.132,-0.134,-0.202,-0.169,-0.187,-0.151,-0.163,-0.193,-0.217,-0.156,
0.0,0.0,-0.085,-0.096,-0.158,-0.13,-0.158,-0.13,-0.158,-0.13,-0.158,-0.13,-0.158,-0.13,-0.158,-0.13,-0.158,-0.13,-0.158,-0.13,-0.158,-0.13,-0.158,-0.13,-0.158,-0.13,-0.158,-0.13,-0.158,-0.13,-0.158,-0.13,-0.158,-0.13,-0.158,-0.13,-0.158,-0.13,-0.158,-0.13,-0.158,-0.13,-0.158,-0.13,-0.158,-0.13,-0.158,-0.13,-0.158,-0.13,-0.158,-0.13,-0.158,-0.13,-0.158,-0.13,-0.158,-0.13,-0.158,-0.13,-0.158,-0.13,-0.158,-0.13,-0.158,-0.13,-0.158,-0.13,-0.158,-0.13,-0.158,-0.13,-0.158,-0.13,-0.158,-0.13,-0.158,-0.13,-0.158,-0.13,-0.158,-0.13,-0.158,-0.13,-0.158,-0.13,-0.158,-0.13,-0.158,-0.13,-0.158,-0.13,-0.158,-0.13,-0.158,-0.13,-0.158,-0.13,-0.158,-0.13,
0.0,0.0,-0.053,-0.148,-0.11,-0.074,-0.13,-0.161,-0.132,-0.129,-0.144,-0.133,-0.123,-0.168,-0.165,-0.14,-0.132,-0.183,-0.19,-0.123,-0.117,-0.135,-0.173,-0.137,-0.147,-0.136,-0.161,-0.123,-0.17,-0.145,-0.186,-0.154,-0.143,-0.138,-0.177,-0.165,-0.146,-0.096,-0.156,-0.135,-0.158,-0.125,-0.191,-0.158,-0.129,-0.15,-0.199,-0.167,-0.15,-0.125,-0.154,-0.095,-0.152,-0.136,-0.179,-0.138,-0.134,-0.154,-0.186,-0.18,-0.173,-0.128,-0.158,-0.123,-0.151,-0.096,-0.174,-0.149,-0.121,-0.135,-0.191,-0.184,-0.16,-0.141,-0.182,-0.126,-0.155,-0.125,-0.173,-0.11,-0.115,-0.146,-0.179,-0.165,-0.165,-0.145,-0.168,-0.139,-0.178,-0.128,-0.177,-0.138,-0.114,-0.107,-0.174,-0.176,-0.153,-0.125,-0.173,-0.143,
0.0,0.0,-0.13,-0.21,-0.238,-0.248,-0.169,-0.189,-0.236,-0.172,-0.159,-0.242,-0.171,-0.159,-0.242,-0.171,-0.159,-0.242,-0.171,-0.159,-0.242,-0.171,-0.159,-0.242,-0.171,-0.159,-0.242,-0.171,-0.159,-0.242,-0.171,-0.159,-0.242,-0.171,-0.159,-0.242,-0.171,-0.159,-0.242,-0.171,-0.159,-0.242,-0.171,-0.159,-0.242,-0.171,-0.159,-0.242,-0.171,-0.159,-0.242,-0.171,-0.159,-0.242,-0.171,-0.159,-0.242,-0.171,-0.159,-0.242,-0.171,-0.159,-0.242,-0.171,-0.159,-0.242,-0.171,-0.159,-0.242,-0.171,-0.159,-0.242,-0.171,-0.159,-0.242,-0.171,-0.159,-0.242,-0.171,-0.159,-0.242,-0.171,-0.159,-0.242,-0.171,-0.159,-0.242,-0.171,-0.159,-0.242,-0.171,-0.159,-0.242,-0.171,-0.159,-0.242,-0.171,-0.159,-0.242,-0.171,
0.0,0.0,-0.224,-0.295,-0.281,-0.293,-0.279,-0.294,-0.279,-0.294,-0.279,-0.294,-0.279,-0.294,-0.279,-0.294,-0.279,-0.294,-0.279,-0.294,-0.279,-0.294,-0.279,-0.294,-0.279,-0.294,-0.279,-0.294,-0.279,-0.294,-0.279,-0.294,-0.279,-0.294,-0.279,-0.294,-0.279,-0.294,-0.279,-0.294,-0.279,-0.294,-0.279,-0.294,-0.279,-0.294,-0.279,-0.294,-0.279,-0.294,-0.279,-0.294,-0.279,-0.294,-0.279,-0.294,-0.279,-0.294,-0.279,-0.294,-0.279,-0.294,-0.279,-0.294,-0.279,-0.294,-0.279,-0.294,-0.279,-0.294,-0.279,-0.294,-0.279,-0.294,-0.279,-0.294,-0.279,-0.294,-0.279,-0.294,-0.279,-0.294,-0.279,-0.294,-0.279,-0.294,-0.279,-0.294,-0.279,-0.294,-0.279,-0.294,-0.279,-0.294,-0.279,-0.294,-0.279,-0.294,-0.279,-0.294,
0.0,0.0,-0.168,-0.208,-0.254,-0.224,-0.233,-0.214,-0.257,-0.267,-0.308,-0.26,-0.294,-0.287,-0.28,-0.229,-0.262,-0.225,-0.244,-0.189,-0.204,-0.256,-0.234,-0.193,-0.214,-0.21,-0.267,-0.193,-0.217,-0.219,-0.222,-0.227,-0.217,-0.222,-0.231,-0.18,-0.251,-0.222,-0.234,-0.189,-0.204,-0.256,-0.234,-0.193,-0.214,-0.21,-0.267,-0.193,-0.217,-0.219,-0.222,-0.227,-0.217,-0.222,-0.231,-0.18,-0.251,-0.222,-0.234,-0.189,-0.204,-0.256,-0.234,-0.193,-0.214,-0.21,-0.267,-0.193,-0.217,-0.219,-0.222,-0.227,-0.217,-0.222,-0.231,-0.18,-0.251,-0.222,-0.234,-0.189,-0.204,-0.256,-0.234,-0.193,-0.214,-0.21,-0.267,-0.193,-0.217,-0.219,-0.222,-0.227,-0.217,-0.222,-0.231,-0.18,-0.251,-0.222,-0.234,-0.189,
0.0,0.0,-0.195,-0.222,-0.188,-0.193,-0.217,-0.222,-0.213,-0.182,-0.172,-0.172,-0.217,-0.174,-0.186,-0.297,-0.333,-0.241,-0.218,-0.228,-0.177,-0.185,-0.298,-0.332,-0.242,-0.217,-0.229,-0.175,-0.186,-0.297,-0.333,-0.241,-0.218,-0.228,-0.177,-0.185,-0.298,-0.332,-0.242,-0.217,-0.229,-0.175,-0.186,-0.297,-0.333,-0.241,-0.218,-0.228,-0.177,-0.185,-0.298,-0.332,-0.242,-0.217,-0.229,-0.175,-0.186,-0.297,-0.333,-0.241,-0.218,-0.228,-0.177,-0.185,-0.298,-0.332,-0.242,-0.217,-0.229,-0.175,-0.186,-0.297,-0.333,-0.241,-0.218,-0.228,-0.177,-0.185,-0.298,-0.332,-0.242,-0.217,-0.229,-0.175,-0.186,-0.297,-0.333,-0.241,-0.218,-0.228,-0.177,-0.185,-0.298,-0.332,-0.242,-0.217,-0.229,-0.175,-0.186,-0.297,
0.0,0.0,-0.017,-0.026,-0.062,-0.083,-0.133,-0.138,-0.164,-0.143,-0.138,-0.136,-0.118,-0.138,-0.11,-0.097,-0.157,-0.196,-0.15,-0.147,-0.129,-0.101,-0.152,-0.208,-0.152,-0.147,-0.127,-0.102,-0.154,-0.208,-0.152,-0.143,-0.133,-0.148,-0.134,-0.138,-0.14,-0.138,-0.127,-0.108,-0.122,-0.117,-0.129,-0.138,-0.14,-0.14,-0.14,-0.14,-0.127,-0.108,-0.122,-0.117,-0.129,-0.138,-0.14,-0.14,-0.14,-0.14,-0.127,-0.108,-0.122,-0.117,-0.129,-0.138,-0.14,-0.14,-0.14,-0.14,-0.127,-0.108,-0.122,-0.117,-0.129,-0.138,-0.14,-0.14,-0.14,-0.14,-0.127,-0.108,-0.122,-0.117,-0.129,-0.138,-0.14,-0.14,-0.14,-0.14,-0.127,-0.108,-0.122,-0.117,-0.129,-0.138,-0.14,-0.14,-0.14,-0.14,-0.127,-0.108,
0.0,0.0,-0.086,-0.184,-0.17,-0.159,-0.175,-0.167,-0.149,-0.132,-0.173,-0.106,-0.121,-0.178,-0.152,-0.225,-0.168,-0.208,-0.187,-0.17,-0.14,-0.17,-0.144,-0.139,-0.163,-0.13,-0.104,-0.099,-0.125,-0.178,-0.151,-0.125,-0.123,-0.151,-0.164,-0.147,-0.145,-0.165,-0.154,-0.156,-0.111,-0.095,-0.116,-0.145,-0.133,-0.102,-0.101,-0.104,-0.102,-0.104,-0.175,-0.184,-0.182,-0.139,-0.119,-0.125,-0.176,-0.109,-0.109,-0.114,-0.118,-0.157,-0.142,-0.152,-0.149,-0.132,-0.173,-0.106,-0.121,-0.178,-0.152,-0.225,-0.168,-0.208,-0.187,-0.17,-0.14,-0.17,-0.144,-0.139,-0.163,-0.13,-0.104,-0.099,-0.125,-0.178,-0.151,-0.125,-0.123,-0.151,-0.164,-0.147,-0.145,-0.165,-0.154,-0.156,-0.111,-0.095,-0.116,-0.145,
0.0,0.0,-0.102,-0.204,-0.152,-0.167,-0.196,-0.251,-0.276,-0.304,-0.284,-0.281,-0.268,-0.282,-0.269,-0.296,-0.288,-0.285,-0.268,-0.297,-0.295,-0.285,-0.27,-0.295,-0.297,-0.282,-0.266,-0.292,-0.298,-0.289,-0.266,-0.293,-0.296,-0.291,-0.262,-0.29,-0.294,-0.292,-0.27,-0.29,-0.295,-0.29,-0.272,-0.287,-0.292,-0.288,-0.273,-0.293,-0.292,-0.289,-0.271,-0.296,-0.288,-0.285,-0.268,-0.297,-0.295,-0.285,-0.27,-0.295,-0.297,-0.282,-0.266,-0.292,-0.298,-0.289,-0.266,-0.293,-0.296,-0.291,-0.262,-0.29,-0.294,-0.292,-0.27,-0.29,-0.295,-0.29,-0.272,-0.287,-0.292,-0.288,-0.273,-0.293,-0.292,-0.289,-0.271,-0.296,-0.288,-0.285,-0.268,-0.297,-0.295,-0.285,-0.27,-0.295,-0.297,-0.282,-0.266,-0.292,
0.0,0.0,-0.107,-0.159,-0.086,-0.057,-0.101,-0.208,-0.112,-0.061,-0.101,-0.207,-0.112,-0.061,-0.101,-0.207,-0.112,-0.061,-0.101,-0.207,-0.112,-0.061,-0.101,-0.207,-0.112,-0.061,-0.101,-0.207,-0.112,-0.061,-0.101,-0.207,-0.112,-0.061,-0.101,-0.207,-0.112,-0.061,-0.101,-0.207,-0.112,-0.061,-0.101,-0.207,-0.112,-0.061,-0.101,-0.207,-0.112,-0.061,-0.101,-0.207,-0.112,-0.061,-0.101,-0.207,-0.112,-0.061,-0.101,-0.207,-0.112,-0.061,-0.101,-0.207,-0.112,-0.061,-0.101,-0.207,-0.112,-0.061,-0.101,-0.207,-0.112,-0.061,-0.101,-0.207,-0.112,-0.061,-0.101,-0.207,-0.112,-0.061,-0.101,-0.207,-0.112,-0.061,-0.101,-0.207,-0.112,-0.061,-0.101,-0.207,-0.112,-0.061,-0.101,-0.207,-0.112,-0.061,-0.101,-0.207,
0.0,0.0,0.002,-0.062,-0.109,-0.118,-0.112,-0.128,-0.126,-0.128,-0.123,-0.125,-0.119,-0.129,-0.126,-0.128,-0.123,-0.125,-0.119,-0.129,-0.126,-0.128,-0.123,-0.125,-0.119,-0.129,-0.126,-0.128,-0.123,-0.125,-0.119,-0.129,-0.126,-0.128,-0.123,-0.125,-0.119,-0.129,-0.126,-0.128,-0.123,-0.125,-0.119,-0.129,-0.126,-0.128,-0.123,-0.125,-0.119,-0.129,-0.126,-0.128,-0.123,-0.125,-0.119,-0.129,-0.126,-0.128,-0.123,-0.125,-0.119,-0.129,-0.126,-0.128,-0.123,-0.125,-0.119,-0.129,-0.126,-0.128,-0.123,-0.125,-0.119,-0.129,-0.126,-0.128,-0.123,-0.125,-0.119,-0.129,-0.126,-0.128,-0.123,-0.125,-0.119,-0.129,-0.126,-0.128,-0.123,-0.125,-0.119,-0.129,-0.126,-0.128,-0.123,-0.125,-0.119,-0.129,-0.126,-0.128,
0.0,0.0,-0.006,-0.031,-0.039,-0.041,-0.038,-0.039,-0.039,-0.039,-0.039,-0.039,-0.039,-0.039,-0.039,-0.039,-0.039,-0.039,-0.039,-0.039,-0.039,-0.039,-0.039,-0.039,-0.039,-0.039,-0.039,-0.039,-0.039,-0.039,-0.039,-0.039,-0.039,-0.039,-0.039,-0.039,-0.039,-0.039,-0.039,-0.039,-0.039,-0.039,-0.039,-0.039,-0.039,-0.039,-0.039,-0.039,-0.039,-0.039,-0.039,-0.039,-0.039,-0.039,-0.039,-0.039,-0.039,-0.039,-0.039,-0.039,-0.039,-0.039,-0.039,-0.039,-0.039,-0.039,-0.039,-0.039,-0.039,-0.039,-0.039,-0.039,-0.039,-0.039,-0.039,-0.039,-0.039,-0.039,-0.039,-0.039,-0.039,-0.039,-0.039,-0.039,-0.039,-0.039,-0.039,-0.039,-0.039,-0.039,-0.039,-0.039,-0.039,-0.039,-0.039,-0.039,-0.039,-0.039,-0.039,-0.039,
0.0,0.0,-0.062,-0.24,-0.117,-0.173,-0.18,-0.303,-0.282,-0.277,-0.243,-0.266,-0.275,-0.31,-0.28,-0.258,-0.242,-0.24,-0.31,-0.316,-0.313,-0.283,-0.242,-0.243,-0.243,-0.273,-0.282,-0.309,-0.283,-0.24,-0.244,-0.241,-0.275,-0.28,-0.279,-0.265,-0.257,-0.237,-0.242,-0.274,-0.282,-0.277,-0.266,-0.256,-0.239,-0.24,-0.276,-0.28,-0.279,-0.265,-0.257,-0.237,-0.242,-0.274,-0.282,-0.277,-0.266,-0.256,-0.239,-0.24,-0.276,-0.28,-0.279,-0.265,-0.257,-0.237,-0.242,-0.274,-0.282,-0.277,-0.266,-0.256,-0.239,-0.24,-0.276,-0.28,-0.279,-0.265,-0.257,-0.237,-0.242,-0.274,-0.282,-0.277,-0.266,-0.256,-0.239,-0.24,-0.276,-0.28,-0.279,-0.265,-0.257,-0.237,-0.242,-0.274,-0.282,-0.277,-0.266,-0.256,
0.0,0.0,-0.127,-0.165,-0.212,-0.161,-0.246,-0.193,-0.147,-0.057,-0.061,-0.129,-0.155,-0.166,-0.206,-0.203,-0.157,-0.214,-0.209,-0.122,-0.08,-0.092,-0.15,-0.131,-0.162,-0.173,-0.219,-0.132,-0.234,-0.236,-0.143,-0.054,-0.088,-0.114,-0.148,-0.137,-0.193,-0.245,-0.153,-0.212,-0.232,-0.107,-0.072,-0.061,-0.136,-0.177,-0.158,-0.17,-0.242,-0.117,-0.227,-0.209,-0.129,-0.104,-0.084,-0.111,-0.173,-0.122,-0.186,-0.219,-0.139,-0.253,-0.228,-0.104,-0.099,-0.045,-0.129,-0.148,-0.144,-0.213,-0.238,-0.114,-0.25,-0.196,-0.122,-0.072,-0.069,-0.158,-0.169,-0.119,-0.21,-0.206,-0.132,-0.227,-0.216,-0.151,-0.095,-0.042,-0.154,-0.134,-0.137,-0.186,-0.225,-0.161,-0.246,-0.193,-0.147,-0.057,-0.061,-0.129,
0.0,0.0,-0.027,-0.074,-0.163,-0.158,-0.073,-0.088,-0.188,-0.154,-0.24,-0.243,-0.252,-0.248,-0.254,-0.251,-0.254,-0.249,-0.256,-0.249,-0.254,-0.251,-0.254,-0.249,-0.256,-0.249,-0.254,-0.251,-0.254,-0.249,-0.256,-0.249,-0.254,-0.251,-0.254,-0.249,-0.256,-0.249,-0.254,-0.251,-0.254,-0.249,-0.256,-0.249,-0.254,-0.251,-0.254,-0.249,-0.256,-0.249,-0.254,-0.251,-0.254,-0.249,-0.256,-0.249,-0.254,-0.251,-0.254,-0.249,-0.256,-0.249,-0.254,-0.251,-0.254,-0.249,-0.256,-0.249,-0.254,-0.251,-0.254,-0.249,-0.256,-0.249,-0.254,-0.251,-0.254,-0.249,-0.256,-0.249,-0.254,-0.251,-0.254,-0.249,-0.256,-0.249,-0.254,-0.251,-0.254,-0.249,-0.256,-0.249,-0.254,-0.251,-0.254,-0.249,-0.256,-0.249,-0.254,-0.251,
0.0,0.0,-0.108,-0.178,-0.242,-0.285,-0.255,-0.276,-0.278,-0.247,-0.235,-0.281,-0.282,-0.248,-0.279,-0.268,-0.25,-0.252,-0.274,-0.276,-0.252,-0.27,-0.272,-0.266,-0.245,-0.268,-0.279,-0.242,-0.273,-0.288,-0.26,-0.238,-0.271,-0.27,-0.245,-0.289,-0.281,-0.253,-0.242,-0.261,-0.273,-0.262,-0.282,-0.275,-0.257,-0.232,-0.265,-0.289,-0.255,-0.276,-0.278,-0.247,-0.235,-0.281,-0.282,-0.248,-0.279,-0.268,-0.25,-0.252,-0.274,-0.276,-0.252,-0.27,-0.272,-0.266,-0.245,-0.268,-0.279,-0.242,-0.273,-0.288,-0.26,-0.238,-0.271,-0.27,-0.245,-0.289,-0.281,-0.253,-0.242,-0.261,-0.273,-0.262,-0.282,-0.275,-0.257,-0.232,-0.265,-0.289,-0.255,-0.276,-0.278,-0.247,-0.235,-0.281,-0.282,-0.248,-0.279,-0.268,
0.0,0.0,-0.083,-0.14,-0.146,-0.178,-0.186,-0.125,-0.108,-0.114,-0.12,-0.14,-0.161,-0.212,-0.207,-0.166,-0.142,-0.131,-0.117,-0.14,-0.164,-0.144,-0.153,-0.152,-0.16,-0.125,-0.129,-0.136,-0.124,-0.111,-0.149,-0.189,-0.155,-0.166,-0.131,-0.136,-0.124,-0.122,-0.13,-0.132,-0.138,-0.16,-0.202,-0.134,-0.143,-0.129,-0.129,-0.118,-0.131,-0.156,-0.144,-0.152,-0.139,-0.18,-0.132,-0.135,-0.123,-0.137,-0.144,-0.142,-0.17,-0.122,-0.128,-0.138,-0.173,-0.126,-0.144,-0.149,-0.149,-0.158,-0.12,-0.146,-0.121,-0.12,-0.132,-0.181,-0.153,-0.155,-0.163,-0.127,-0.134,-0.119,-0.139,-0.115,-0.129,-0.158,-0.192,-0.166,-0.134,-0.139,-0.126,-0.127,-0.113,-0.147,-0.141,-0.14,-0.171,-0.171,-0.143,-0.132,
0.0,0.0,-0.067,-0.108,-0.139,-0.12,-0.092,-0.101,-0.085,-0.099,-0.084,-0.101,-0.085,-0.101,-0.085,-0.101,-0.085,-0.101,-0.085,-0.101,-0.085,-0.101,-0.085,-0.101,-0.085,-0.101,-0.085,-0.101,-0.085,-0.101,-0.085,-0.101,-0.085,-0.101,-0.085,-0.101,-0.085,-0.101,-0.085,-0.101,-0.085,-0.101,-0.085,-0.101,-0.085,-0.101,-0.085,-0.101,-0.085,-0.101,-0.085,-0.101,-0.085,-0.101,-0.085,-0.101,-0.085,-0.101,-0.085,-0.101,-0.085,-0.101,-0.085,-0.101,-0.085,-0.101,-0.085,-0.101,-0.085,-0.101,-0.085,-0.101,-0.085,-0.101,-0.085,-0.101,-0.085,-0.101,-0.085,-0.101,-0.085,-0.101,-0.085,-0.101,-0.085,-0.101,-0.085,-0.101,-0.085,-0.101,-0.085,-0.101,-0.085,-0.101,-0.085,-0.101,-0.085,-0.101,-0.085,-0.101,
0.0,0.0,-0.047,-0.073,-0.101,-0.152,-0.108,-0.084,-0.104,-0.137,-0.104,-0.114,-0.183,-0.235,-0.255,-0.269,-0.272,-0.276,-0.274,-0.274,-0.274,-0.276,-0.274,-0.274,-0.274,-0.276,-0.274,-0.274,-0.274,-0.276,-0.274,-0.274,-0.274,-0.276,-0.274,-0.274,-0.274,-0.276,-0.274,-0.274,-0.274,-0.276,-0.274,-0.274,-0.274,-0.276,-0.274,-0.274,-0.274,-0.276,-0.274,-0.274,-0.274,-0.276,-0.274,-0.274,-0.274,-0.276,-0.274,-0.274,-0.274,-0.276,-0.274,-0.274,-0.274,-0.276,-0.274,-0.274,-0.274,-0.276,-0.274,-0.274,-0.274,-0.276,-0.274,-0.274,-0.274,-0.276,-0.274,-0.274,-0.274,-0.276,-0.274,-0.274,-0.274,-0.276,-0.274,-0.274,-0.274,-0.276,-0.274,-0.274,-0.274,-0.276,-0.274,-0.274,-0.274,-0.276,-0.274,-0.274,
0.0,0.0,0.008,0.003,-0.117,-0.078,-0.028,-0.037,-0.029,-0.028,0.04,0.002,0.046,0.043,0.072,0.028,0.066,0.102,0.095,0.108,0.026,0.062,0.099,0.095,0.108,0.026,0.062,0.099,0.095,0.108,0.026,0.062,0.099,0.095,0.108,0.026,0.062,0.099,0.095,0.108,0.026,0.062,0.099,0.095,0.108,0.026,0.062,0.099,0.095,0.108,0.026,0.062,0.099,0.095,0.108,0.026,0.062,0.099,0.095,0.108,0.026,0.062,0.099,0.095,0.108,0.026,0.062,0.099,0.095,0.108,0.026,0.062,0.099,0.095,0.108,0.026,0.062,0.099,0.095,0.108,0.026,0.062,0.099,0.095,0.108,0.026,0.062,0.099,0.095,0.108,0.026,0.062,0.099,0.095,0.108,0.026,0.062,0.099,0.095,0.108,
0.0,0.0,-0.059,-0.023,-0.051,-0.065,-0.08,-0.122,-0.01,-0.056,-0.064,-0.01,-0.058,-0.062,-0.012,-0.058,-0.064,-0.01,-0.058,-0.062,-0.012,-0.058,-0.064,-0.01,-0.058,-0.062,-0.012,-0.058,-0.064,-0.01,-0.058,-0.062,-0.012,-0.058,-0.064,-0.01,-0.058,-0.062,-0.012,-0.058,-0.064,-0.01,-0.058,-0.062,-0.012,-0.058,-0.064,-0.01,-0.058,-0.062,-0.012,-0.058,-0.064,-0.01,-0.058,-0.062,-0.012,-0.058,-0.064,-0.01,-0.058,-0.062,-0.012,-0.058,-0.064,-0.01,-0.058,-0.062,-0.012,-0.058,-0.064,-0.01,-0.058,-0.062,-0.012,-0.058,-0.064,-0.01,-0.058,-0.062,-0.012,-0.058,-0.064,-0.01,-0.058,-0.062,-0.012,-0.058,-0.064,-0.01,-0.058,-0.062,-0.012,-0.058,-0.064,-0.01,-0.058,-0.062,-0.012,-0.058,
0.0,0.0,-0.035,-0.09,-0.095,-0.222,-0.066,-0.11,-0.168,-0.172,-0.193,-0.116,-0.165,-0.077,-0.137,-0.113,-0.135,-0.115,-0.224,-0.079,-0.151,-0.121,-0.152,-0.115,-0.153,-0.302,-0.227,-0.162,-0.046,-0.169,-0.136,-0.119,-0.15,-0.182,-0.151,-0.195,-0.126,-0.145,-0.137,-0.122,-0.172,-0.15,-0.269,-0.218,-0.142,-0.074,-0.134,-0.181,-0.113,-0.166,-0.152,-0.206,-0.192,-0.085,-0.135,-0.116,-0.148,-0.138,-0.193,-0.264,-0.232,-0.112,-0.134,-0.131,-0.142,-0.102,-0.146,-0.177,-0.173,-0.233,-0.079,-0.151,-0.085,-0.203,-0.135,-0.156,-0.256,-0.214,-0.138,-0.097,-0.176,-0.136,-0.119,-0.115,-0.23,-0.17,-0.197,-0.068,-0.13,-0.112,-0.169,-0.179,-0.15,-0.269,-0.186,-0.193,-0.094,-0.137,-0.126,-0.098,
0.0,0.0,-0.227,-0.242,-0.237,-0.201,-0.099,-0.145,-0.199,-0.203,-0.223,-0.203,-0.231,-0.239,-0.256,-0.241,-0.256,-0.241,-0.256,-0.241,-0.256,-0.241,-0.256,-0.241,-0.256,-0.241,-0.256,-0.241,-0.256,-0.241,-0.256,-0.241,-0.256,-0.241,-0.256,-0.241,-0.256,-0.241,-0.256,-0.241,-0.256,-0.241,-0.256,-0.241,-0.256,-0.241,-0.256,-0.241,-0.256,-0.241,-0.256,-0.241,-0.256,-0.241,-0.256,-0.241,-0.256,-0.241,-0.256,-0.241,-0.256,-0.241,-0.256,-0.241,-0.256,-0.241,-0.256,-0.241,-0.256,-0.241,-0.256,-0.241,-0.256,-0.241,-0.256,-0.241,-0.256,-0.241,-0.256,-0.241,-0.256,-0.241,-0.256,-0.241,-0.256,-0.241,-0.256,-0.241,-0.256,-0.241,-0.256,-0.241,-0.256,-0.241,-0.256,-0.241,-0.256,-0.241,-0.256,-0.241,
0.0,0.0,-0.089,-0.112,-0.149,-0.132,-0.175,-0.153,-0.192,-0.196,-0.194,-0.188,-0.199,-0.184,-0.211,-0.205,-0.242,-0.227,-0.24,-0.204,-0.208,-0.191,-0.199,-0.197,-0.218,-0.229,-0.24,-0.227,-0.217,-0.195,-0.204,-0.185,-0.211,-0.205,-0.242,-0.227,-0.24,-0.204,-0.208,-0.191,-0.199,-0.197,-0.218,-0.229,-0.24,-0.227,-0.217,-0.195,-0.204,-0.185,-0.211,-0.205,-0.242,-0.227,-0.24,-0.204,-0.208,-0.191,-0.199,-0.197,-0.218,-0.229,-0.24,-0.227,-0.217,-0.195,-0.204,-0.185,-0.211,-0.205,-0.242,-0.227,-0.24,-0.204,-0.208,-0.191,-0.199,-0.197,-0.218,-0.229,-0.24,-0.227,-0.217,-0.195,-0.204,-0.185,-0.211,-0.205,-0.242,-0.227,-0.24,-0.204,-0.208,-0.191,-0.199,-0.197,-0.218,-0.229,-0.24,-0.227,
0.0,0.0,-0.131,-0.13,-0.206,-0.228,-0.188,-0.134,-0.106,-0.158,-0.215,-0.281,-0.255,-0.198,-0.117,-0.103,-0.184,-0.15,-0.146,-0.093,-0.129,-0.136,-0.203,-0.231,-0.225,-0.191,-0.192,-0.183,-0.267,-0.284,-0.25,-0.2,-0.115,-0.077,-0.145,-0.214,-0.163,-0.227,-0.219,-0.198,-0.262,-0.285,-0.212,-0.188,-0.162,-0.16,-0.218,-0.244,-0.234,-0.193,-0.135,-0.21,-0.262,-0.238,-0.15,-0.096,-0.056,-0.113,-0.202,-0.246,-0.205,-0.176,-0.158,-0.157,-0.223,-0.244,-0.207,-0.196,-0.171,-0.223,-0.226,-0.238,-0.222,-0.179,-0.129,-0.132,-0.25,-0.238,-0.171,-0.169,-0.112,-0.141,-0.193,-0.252,-0.218,-0.172,-0.146,-0.186,-0.21,-0.234,-0.239,-0.224,-0.198,-0.177,-0.242,-0.226,-0.235,-0.208,-0.191,-0.212,
0.0,0.0,-0.016,-0.028,-0.025,-0.031,-0.029,-0.029,-0.029,-0.029,-0.029,-0.029,-0.029,-0.029,-0.029,-0.029,-0.029,-0.029,-0.029,-0.029,-0.029,-0.029,-0.029,-0.029,-0.029,-0.029,-0.029,-0.029,-0.029,-0.029,-0.029,-0.029,-0.029,-0.029,-0.029,-0.029,-0.029,-0.029,-0.029,-0.029,-0.029,-0.029,-0.029,-0.029,-0.029,-0.029,-0.029,-0.029,-0.029,-0.029,-0.029,-0.029,-0.029,-0.029,-0.029,-0.029,-0.029,-0.029,-0.029,-0.029,-0.029,-0.029,-0.029,-0.029,-0.029,-0.029,-0.029,-0.029,-0.029,-0.029,-0.029,-0.029,-0.029,-0.029,-0.029,-0.029,-0.029,-0.029,-0.029,-0.029,-0.029,-0.029,-0.029,-0.029,-0.029,-0.029,-0.029,-0.029,-0.029,-0.029,-0.029,-0.029,-0.029,-0.029,-0.029,-0.029,-0.029,-0.029,-0.029,-0.029,
0.0,0.0,-0.027,-0.095,-0.08,-0.144,-0.159,-0.086,-0.11,-0.081,-0.095,-0.091,-0.191,-0.103,-0.05,-0.087,-0.097,-0.138,-0.202,-0.191,-0.128,-0.13,-0.083,-0.087,-0.119,-0.1,-0.091,-0.192,-0.103,-0.05,-0.087,-0.097,-0.138,-0.202,-0.191,-0.128,-0.13,-0.083,-0.087,-0.119,-0.1,-0.091,-0.192,-0.103,-0.05,-0.087,-0.097,-0.138,-0.202,-0.191,-0.128,-0.13,-0.083,-0.087,-0.119,-0.1,-0.091,-0.192,-0.103,-0.05,-0.087,-0.097,-0.138,-0.202,-0.191,-0.128,-0.13,-0.083,-0.087,-0.119,-0.1,-0.091,-0.192,-0.103,-0.05,-0.087,-0.097,-0.138,-0.202,-0.191,-0.128,-0.13,-0.083,-0.087,-0.119,-0.1,-0.091,-0.192,-0.103,-0.05,-0.087,-0.097,-0.138,-0.202,-0.191,-0.128,-0.13,-0.083,-0.087,-0.119,
0.0,0.0,-0.043,-0.155,-0.147,-0.129,-0.171,-0.145,-0.095,-0.075,-0.091,-0.019,-0.161,-0.141,-0.095,-0.059,-0.081,-0.066,-0.035,-0.027,-0.03,-0.137,-0.138,-0.065,-0.115,-0.057,-0.094,0.026,-0.083,-0.003,-0.164,-0.083,-0.118,-0.09,-0.086,-0.036,-0.032,-0.057,-0.034,-0.11,-0.135,-0.094,-0.118,-0.027,-0.091,-0.005,-0.086,0.028,-0.161,-0.111,-0.121,-0.061,-0.083,-0.066,-0.035,-0.027,-0.03,-0.137,-0.138,-0.065,-0.115,-0.057,-0.094,0.026,-0.083,-0.003,-0.164,-0.083,-0.118,-0.09,-0.086,-0.036,-0.032,-0.057,-0.034,-0.11,-0.135,-0.094,-0.118,-0.027,-0.091,-0.005,-0.086,0.028,-0.161,-0.111,-0.121,-0.061,-0.083,-0.066,-0.035,-0.027,-0.03,-0.137,-0.138,-0.065,-0.115,-0.057,-0.094,0.026,
0.0,0.0,-0.003,-0.027,-0.023,-0.056,-0.06,-0.038,0.003,-0.033,-0.099,-0.051,0.008,-0.041,-0.094,-0.038,0.018,-0.038,-0.096,-0.052,0.013,0.009,-0.101,-0.048,0.016,-0.047,-0.117,-0.059,0.013,-0.022,-0.093,-0.062,-0.01,-0.046,-0.117,-0.054,0.016,-0.015,-0.096,-0.049,0.006,-0.038,-0.093,-0.033,0.013,-0.052,-0.115,-0.049,0.024,0.053,-0.088,-0.077,0.011,-0.038,-0.101,-0.051,0.008,-0.041,-0.094,-0.038,0.018,-0.038,-0.096,-0.052,0.013,0.009,-0.101,-0.048,0.016,-0.047,-0.117,-0.059,0.013,-0.022,-0.093,-0.062,-0.01,-0.046,-0.117,-0.054,0.016,-0.015,-0.096,-0.049,0.006,-0.038,-0.093,-0.033,0.013,-0.052,-0.115,-0.049,0.024,0.053,-0.088,-0.077,0.011,-0.038,-0.101,-0.051,
0.0,0.0,-0.036,-0.003,-0.008,-0.008,-0.012,-0.01,-0.049,-0.064,-0.062,-0.018,-0.013,-0.01,-0.012,-0.01,-0.013,-0.042,-0.052,-0.065,-0.025,-0.017,-0.008,-0.013,-0.013,-0.012,-0.044,-0.049,-0.045,-0.045,-0.044,-0.047,-0.047,-0.047,-0.045,-0.049,-0.045,-0.045,-0.044,-0.047,-0.047,-0.047,-0.045,-0.049,-0.045,-0.045,-0.044,-0.047,-0.047,-0.047,-0.045,-0.049,-0.045,-0.045,-0.044,-0.047,-0.047,-0.047,-0.045,-0.049,-0.045,-0.045,-0.044,-0.047,-0.047,-0.047,-0.045,-0.049,-0.045,-0.045,-0.044,-0.047,-0.047,-0.047,-0.045,-0.049,-0.045,-0.045,-0.044,-0.047,-0.047,-0.047,-0.045,-0.049,-0.045,-0.045,-0.044,-0.047,-0.047,-0.047,-0.045,-0.049,-0.045,-0.045,-0.044,-0.047,-0.047,-0.047,-0.045,-0.049,
0.0,0.0,0.0,-0.012,-0.059,-0.039,-0.101,-0.102,-0.111,-0.145,-0.166,-0.195,-0.19,-0.147,-0.153,-0.084,-0.126,-0.104,-0.111,-0.185,-0.211,-0.132,-0.076,-0.055,-0.143,-0.111,-0.133,-0.114,-0.09,-0.143,-0.161,-0.172,-0.138,-0.127,-0.169,-0.166,-0.145,-0.105,-0.115,-0.105,-0.087,-0.14,-0.151,-0.092,-0.046,-0.121,-0.143,-0.08,-0.021,-0.101,-0.078,-0.084,-0.053,-0.089,-0.087,-0.116,-0.143,-0.145,-0.121,-0.085,-0.15,-0.158,-0.089,-0.066,-0.121,-0.109,-0.147,-0.121,-0.076,-0.119,-0.114,-0.146,-0.208,-0.129,-0.133,-0.098,-0.066,-0.112,-0.118,-0.147,-0.112,-0.085,-0.119,-0.106,-0.155,-0.208,-0.12,-0.142,-0.098,-0.057,-0.121,-0.118,-0.138,-0.121,-0.085,-0.111,-0.114,-0.155,-0.2,-0.129,
0.0,0.0,-0.083,-0.144,-0.189,-0.251,-0.293,-0.297,-0.304,-0.297,-0.304,-0.297,-0.304,-0.297,-0.304,-0.297,-0.304,-0.297,-0.304,-0.297,-0.304,-0.297,-0.304,-0.297,-0.304,-0.297,-0.304,-0.297,-0.304,-0.297,-0.304,-0.297,-0.304,-0.297,-0.304,-0.297,-0.304,-0.297,-0.304,-0.297,-0.304,-0.297,-0.304,-0.297,-0.304,-0.297,-0.304,-0.297,-0.304,-0.297,-0.304,-0.297,-0.304,-0.297,-0.304,-0.297,-0.304,-0.297,-0.304,-0.297,-0.304,-0.297,-0.304,-0.297,-0.304,-0.297,-0.304,-0.297,-0.304,-0.297,-0.304,-0.297,-0.304,-0.297,-0.304,-0.297,-0.304,-0.297,-0.304,-0.297,-0.304,-0.297,-0.304,-0.297,-0.304,-0.297,-0.304,-0.297,-0.304,-0.297,-0.304,-0.297,-0.304,-0.297,-0.304,-0.297,-0.304,-0.297,-0.304,-0.297,
0.0,0.0,-0.088,-0.08,-0.06,-0.11,-0.039,-0.052,-0.081,-0.075,-0.035,0.031,-0.032,-0.002,-0.043,-0.107,-0.052,-0.056,-0.124,-0.143,-0.192,-0.199,-0.237,-0.158,-0.179,-0.17,-0.095,-0.199,-0.165,-0.097,-0.151,-0.156,-0.148,-0.237,-0.17,-0.097,-0.151,-0.208,-0.201,-0.2,-0.237,-0.158,-0.179,-0.17,-0.095,-0.199,-0.165,-0.097,-0.151,-0.156,-0.148,-0.237,-0.17,-0.097,-0.151,-0.208,-0.201,-0.2,-0.237,-0.158,-0.179,-0.17,-0.095,-0.199,-0.165,-0.097,-0.151,-0.156,-0.148,-0.237,-0.17,-0.097,-0.151,-0.208,-0.201,-0.2,-0.237,-0.158,-0.179,-0.17,-0.095,-0.199,-0.165,-0.097,-0.151,-0.156,-0.148,-0.237,-0.17,-0.097,-0.151,-0.208,-0.201,-0.2,-0.237,-0.158,-0.179,-0.17,-0.095,-0.199,
0.0,0.0,-0.025,-0.17,-0.171,-0.186,-0.175,-0.173,-0.222,-0.226,-0.23,-0.137,-0.149,-0.092,-0.142,-0.16,-0.191,-0.166,-0.168,-0.157,-0.139,-0.094,-0.145,-0.16,-0.191,-0.166,-0.168,-0.157,-0.139,-0.094,-0.145,-0.16,-0.191,-0.166,-0.168,-0.157,-0.139,-0.094,-0.145,-0.16,-0.191,-0.166,-0.168,-0.157,-0.139,-0.094,-0.145,-0.16,-0.191,-0.166,-0.168,-0.157,-0.139,-0.094,-0.145,-0.16,-0.191,-0.166,-0.168,-0.157,-0.139,-0.094,-0.145,-0.16,-0.191,-0.166,-0.168,-0.157,-0.139,-0.094,-0.145,-0.16,-0.191,-0.166,-0.168,-0.157,-0.139,-0.094,-0.145,-0.16,-0.191,-0.166,-0.168,-0.157,-0.139,-0.094,-0.145,-0.16,-0.191,-0.166,-0.168,-0.157,-0.139,-0.094,-0.145,-0.16,-0.191,-0.166,-0.168,-0.157,
0.0,0.0,0.0,0.0,0.0,0.0,0.0,0.0,0.0,0.0,0.0,0.0,0.0,0.0,0.0,0.0,0.0,0.0,0.0,0.0,0.0,0.0,0.0,0.0,0.0,0.0,0.0,0.0,0.0,0.0,0.0,0.0,0.0,0.0,0.0,0.0,0.0,0.0,0.0,0.0,0.0,0.0,0.0,0.0,0.0,0.0,0.0,0.0,0.0,0.0,0.0,0.0,0.0,0.0,0.0,0.0,0.0,0.0,0.0,0.0,0.0,0.0,0.0,0.0,0.0,0.0,0.0,0.0,0.0,0.0,0.0,0.0,0.0,0.0,0.0,0.0,0.0,0.0,0.0,0.0,0.0,0.0,0.0,0.0,0.0,0.0,0.0,0.0,0.0,0.0,0.0,0.0,0.0,0.0,0.0,0.0,0.0,0.0,0.0,0.0,
0.0,0.0,-0.066,-0.055,-0.026,-0.108,-0.165,-0.217,-0.206,-0.115,-0.075,-0.163,-0.214,-0.223,-0.051,-0.086,-0.173,-0.204,-0.151,-0.002,-0.038,-0.076,-0.178,-0.174,-0.106,-0.134,-0.181,-0.098,-0.137,0.01,-0.002,-0.076,-0.11,-0.203,0.019,-0.071,-0.106,-0.136,-0.081,-0.079,-0.053,-0.142,-0.096,-0.12,0.02,-0.06,-0.179,-0.084,-0.12,-0.015,-0.121,-0.129,-0.204,-0.189,0.032,-0.048,-0.074,-0.18,-0.171,-0.118,-0.124,-0.029,-0.111,-0.118,-0.091,-0.104,-0.171,-0.183,-0.075,-0.015,-0.048,-0.145,-0.164,-0.21,-0.094,-0.002,-0.074,-0.111,-0.186,-0.074,-0.148,-0.148,-0.068,-0.118,-0.015,-0.121,-0.129,-0.204,-0.189,0.032,-0.048,-0.074,-0.18,-0.171,-0.118,-0.124,-0.029,-0.111,-0.118,-0.091,
0.0,0.0,-0.008,-0.026,-0.024,-0.021,-0.024,-0.023,-0.021,-0.024,-0.023,-0.021,-0.024,-0.023,-0.021,-0.024,-0.023,-0.021,-0.024,-0.023,-0.021,-0.024,-0.023,-0.021,-0.024,-0.023,-0.021,-0.024,-0.023,-0.021,-0.024,-0.023,-0.021,-0.024,-0.023,-0.021,-0.024,-0.023,-0.021,-0.024,-0.023,-0.021,-0.024,-0.023,-0.021,-0.024,-0.023,-0.021,-0.024,-0.023,-0.021,-0.024,-0.023,-0.021,-0.024,-0.023,-0.021,-0.024,-0.023,-0.021,-0.024,-0.023,-0.021,-0.024,-0.023,-0.021,-0.024,-0.023,-0.021,-0.024,-0.023,-0.021,-0.024,-0.023,-0.021,-0.024,-0.023,-0.021,-0.024,-0.023,-0.021,-0.024,-0.023,-0.021,-0.024,-0.023,-0.021,-0.024,-0.023,-0.021,-0.024,-0.023,-0.021,-0.024,-0.023,-0.021,-0.024,-0.023,-0.021,-0.024,
0.0,0.0,-0.038,-0.061,-0.118,-0.118,-0.135,-0.042,0.0,-0.021,-0.002,-0.019,-0.002,-0.019,-0.002,-0.019,-0.002,-0.019,-0.002,-0.019,-0.002,-0.019,-0.002,-0.019,-0.002,-0.019,-0.002,-0.019,-0.002,-0.019,-0.002,-0.019,-0.002,-0.019,-0.002,-0.019,-0.002,-0.019,-0.002,-0.019,-0.002,-0.019,-0.002,-0.019,-0.002,-0.019,-0.002,-0.019,-0.002,-0.019,-0.002,-0.019,-0.002,-0.019,-0.002,-0.019,-0.002,-0.019,-0.002,-0.019,-0.002,-0.019,-0.002,-0.019,-0.002,-0.019,-0.002,-0.019,-0.002,-0.019,-0.002,-0.019,-0.002,-0.019,-0.002,-0.019,-0.002,-0.019,-0.002,-0.019,-0.002,-0.019,-0.002,-0.019,-0.002,-0.019,-0.002,-0.019,-0.002,-0.019,-0.002,-0.019,-0.002,-0.019,-0.002,-0.019,-0.002,-0.019,-0.002,-0.019,
0.0,0.0,-0.285,-0.23,-0.306,-0.326,-0.338,-0.332,-0.34,-0.332,-0.34,-0.332,-0.34,-0.332,-0.34,-0.332,-0.34,-0.332,-0.34,-0.332,-0.34,-0.332,-0.34,-0.332,-0.34,-0.332,-0.34,-0.332,-0.34,-0.332,-0.34,-0.332,-0.34,-0.332,-0.34,-0.332,-0.34,-0.332,-0.34,-0.332,-0.34,-0.332,-0.34,-0.332,-0.34,-0.332,-0.34,-0.332,-0.34,-0.332,-0.34,-0.332,-0.34,-0.332,-0.34,-0.332,-0.34,-0.332,-0.34,-0.332,-0.34,-0.332,-0.34,-0.332,-0.34,-0.332,-0.34,-0.332,-0.34,-0.332,-0.34,-0.332,-0.34,-0.332,-0.34,-0.332,-0.34,-0.332,-0.34,-0.332,-0.34,-0.332,-0.34,-0.332,-0.34,-0.332,-0.34,-0.332,-0.34,-0.332,-0.34,-0.332,-0.34,-0.332,-0.34,-0.332,-0.34,-0.332,-0.34,-0.332,
0.0,0.0,-0.129,-0.089,-0.202,-0.215,-0.207,-0.097,-0.186,-0.066,-0.121,-0.083,-0.075,-0.099,-0.124,-0.17,-0.156,-0.168,-0.156,-0.165,-0.159,-0.172,-0.154,-0.175,-0.156,-0.17,-0.159,-0.172,-0.154,-0.175,-0.156,-0.17,-0.159,-0.172,-0.154,-0.175,-0.156,-0.17,-0.159,-0.172,-0.154,-0.175,-0.156,-0.17,-0.159,-0.172,-0.154,-0.175,-0.156,-0.17,-0.159,-0.172,-0.154,-0.175,-0.156,-0.17,-0.159,-0.172,-0.154,-0.175,-0.156,-0.17,-0.159,-0.172,-0.154,-0.175,-0.156,-0.17,-0.159,-0.172,-0.154,-0.175,-0.156,-0.17,-0.159,-0.172,-0.154,-0.175,-0.156,-0.17,-0.159,-0.172,-0.154,-0.175,-0.156,-0.17,-0.159,-0.172,-0.154,-0.175,-0.156,-0.17,-0.159,-0.172,-0.154,-0.175,-0.156,-0.17,-0.159,-0.172,
0.0,0.0,-0.192,-0.273,-0.304,-0.319,-0.274,-0.266,-0.314,-0.321,-0.324,-0.319,-0.283,-0.316,-0.319,-0.324,-0.319,-0.283,-0.316,-0.319,-0.324,-0.319,-0.283,-0.316,-0.319,-0.324,-0.319,-0.283,-0.316,-0.319,-0.324,-0.319,-0.283,-0.316,-0.319,-0.324,-0.319,-0.283,-0.316,-0.319,-0.324,-0.319,-0.283,-0.316,-0.319,-0.324,-0.319,-0.283,-0.316,-0.319,-0.324,-0.319,-0.283,-0.316,-0.319,-0.324,-0.319,-0.283,-0.316,-0.319,-0.324,-0.319,-0.283,-0.316,-0.319,-0.324,-0.319,-0.283,-0.316,-0.319,-0.324,-0.319,-0.283,-0.316,-0.319,-0.324,-0.319,-0.283,-0.316,-0.319,-0.324,-0.319,-0.283,-0.316,-0.319,-0.324,-0.319,-0.283,-0.316,-0.319,-0.324,-0.319,-0.283,-0.316,-0.319,-0.324,-0.319,-0.283,-0.316,-0.319,
0.0,0.0,0.036,-0.055,-0.251,-0.172,-0.289,-0.17,-0.285,-0.168,-0.285,-0.168,-0.285,-0.168,-0.285,-0.168,-0.285,-0.168,-0.285,-0.168,-0.285,-0.168,-0.285,-0.168,-0.285,-0.168,-0.285,-0.168,-0.285,-0.168,-0.285,-0.168,-0.285,-0.168,-0.285,-0.168,-0.285,-0.168,-0.285,-0.168,-0.285,-0.168,-0.285,-0.168,-0.285,-0.168,-0.285,-0.168,-0.285,-0.168,-0.285,-0.168,-0.285,-0.168,-0.285,-0.168,-0.285,-0.168,-0.285,-0.168,-0.285,-0.168,-0.285,-0.168,-0.285,-0.168,-0.285,-0.168,-0.285,-0.168,-0.285,-0.168,-0.285,-0.168,-0.285,-0.168,-0.285,-0.168,-0.285,-0.168,-0.285,-0.168,-0.285,-0.168,-0.285,-0.168,-0.285,-0.168,-0.285,-0.168,-0.285,-0.168,-0.285,-0.168,-0.285,-0.168,-0.285,-0.168,-0.285,-0.168,
0.0,0.0,-0.065,-0.146,-0.233,-0.227,-0.279,-0.265,-0.235,-0.286,-0.269,-0.241,-0.284,-0.267,-0.237,-0.286,-0.269,-0.241,-0.284,-0.267,-0.237,-0.286,-0.269,-0.241,-0.284,-0.267,-0.237,-0.286,-0.269,-0.241,-0.284,-0.267,-0.237,-0.286,-0.269,-0.241,-0.284,-0.267,-0.237,-0.286,-0.269,-0.241,-0.284,-0.267,-0.237,-0.286,-0.269,-0.241,-0.284,-0.267,-0.237,-0.286,-0.269,-0.241,-0.284,-0.267,-0.237,-0.286,-0.269,-0.241,-0.284,-0.267,-0.237,-0.286,-0.269,-0.241,-0.284,-0.267,-0.237,-0.286,-0.269,-0.241,-0.284,-0.267,-0.237,-0.286,-0.269,-0.241,-0.284,-0.267,-0.237,-0.286,-0.269,-0.241,-0.284,-0.267,-0.237,-0.286,-0.269,-0.241,-0.284,-0.267,-0.237,-0.286,-0.269,-0.241,-0.284,-0.267,-0.237,-0.286,
0.0,0.0,-0.054,-0.087,-0.107,-0.078,-0.068,-0.076,-0.077,-0.061,-0.136,-0.107,-0.079,-0.114,-0.083,-0.073,-0.11,-0.168,-0.128,-0.138,-0.095,-0.085,-0.069,-0.087,-0.126,-0.141,-0.092,-0.041,-0.005,-0.111,-0.102,-0.076,-0.033,-0.065,-0.079,-0.088,-0.097,-0.084,-0.145,-0.129,-0.096,-0.068,-0.11,-0.168,-0.128,-0.138,-0.095,-0.085,-0.069,-0.087,-0.126,-0.141,-0.092,-0.041,-0.005,-0.111,-0.102,-0.076,-0.033,-0.065,-0.079,-0.088,-0.097,-0.084,-0.145,-0.129,-0.096,-0.068,-0.11,-0.168,-0.128,-0.138,-0.095,-0.085,-0.069,-0.087,-0.126,-0.141,-0.092,-0.041,-0.005,-0.111,-0.102,-0.076,-0.033,-0.065,-0.079,-0.088,-0.097,-0.084,-0.145,-0.129,-0.096,-0.068,-0.11,-0.168,-0.128,-0.138,-0.095,-0.085,
0.0,0.0,-0.02,-0.024,-0.028,-0.077,-0.04,-0.03,-0.028,-0.077,-0.04,-0.03,-0.028,-0.077,-0.04,-0.03,-0.028,-0.077,-0.04,-0.03,-0.028,-0.077,-0.04,-0.03,-0.028,-0.077,-0.04,-0.03,-0.028,-0.077,-0.04,-0.03,-0.028,-0.077,-0.04,-0.03,-0.028,-0.077,-0.04,-0.03,-0.028,-0.077,-0.04,-0.03,-0.028,-0.077,-0.04,-0.03,-0.028,-0.077,-0.04,-0.03,-0.028,-0.077,-0.04,-0.03,-0.028,-0.077,-0.04,-0.03,-0.028,-0.077,-0.04,-0.03,-0.028,-0.077,-0.04,-0.03,-0.028,-0.077,-0.04,-0.03,-0.028,-0.077,-0.04,-0.03,-0.028,-0.077,-0.04,-0.03,-0.028,-0.077,-0.04,-0.03,-0.028,-0.077,-0.04,-0.03,-0.028,-0.077,-0.04,-0.03,-0.028,-0.077,-0.04,-0.03,-0.028,-0.077,-0.04,-0.03,
0.0,0.0,0.0,-0.025,-0.069,-0.154,-0.226,-0.213,-0.175,-0.137,-0.19,-0.237,-0.237,-0.195,-0.19,-0.143,-0.202,-0.218,-0.219,-0.17,-0.163,-0.165,-0.242,-0.232,-0.219,-0.165,-0.148,-0.197,-0.242,-0.195,-0.175,-0.158,-0.19,-0.218,-0.237,-0.214,-0.19,-0.121,-0.202,-0.237,-0.219,-0.149,-0.163,-0.185,-0.242,-0.213,-0.219,-0.185,-0.148,-0.177,-0.242,-0.214,-0.175,-0.137,-0.19,-0.237,-0.237,-0.195,-0.19,-0.143,-0.202,-0.218,-0.219,-0.17,-0.163,-0.165,-0.242,-0.232,-0.219,-0.165,-0.148,-0.197,-0.242,-0.195,-0.175,-0.158,-0.19,-0.218,-0.237,-0.214,-0.19,-0.121,-0.202,-0.237,-0.219,-0.149,-0.163,-0.185,-0.242,-0.213,-0.219,-0.185,-0.148,-0.177,-0.242,-0.214,-0.175,-0.137,-0.19,-0.237,
0.0,0.0,0.0,0.0,-0.095,-0.172,-0.074,-0.168,-0.201,-0.205,-0.216,-0.202,-0.207,-0.224,-0.208,-0.198,-0.208,-0.228,-0.204,-0.207,-0.224,-0.208,-0.198,-0.208,-0.228,-0.274,-0.276,-0.218,-0.205,-0.269,-0.278,-0.214,-0.273,-0.276,-0.218,-0.205,-0.269,-0.278,-0.214,-0.273,-0.276,-0.218,-0.205,-0.269,-0.278,-0.214,-0.273,-0.276,-0.218,-0.205,-0.269,-0.278,-0.214,-0.273,-0.276,-0.218,-0.205,-0.269,-0.278,-0.214,-0.273,-0.276,-0.218,-0.205,-0.269,-0.278,-0.214,-0.273,-0.276,-0.218,-0.205,-0.269,-0.278,-0.214,-0.273,-0.276,-0.218,-0.205,-0.269,-0.278,-0.214,-0.273,-0.276,-0.218,-0.205,-0.269,-0.278,-0.214,-0.273,-0.276,-0.218,-0.205,-0.269,-0.278,-0.214,-0.273,-0.276,-0.218,-0.205,-0.269,
0.0,0.0,-0.093,-0.18,-0.196,-0.228,-0.287,-0.259,-0.29,-0.259,-0.29,-0.259,-0.29,-0.259,-0.29,-0.259,-0.29,-0.259,-0.29,-0.259,-0.29,-0.259,-0.29,-0.259,-0.29,-0.259,-0.29,-0.259,-0.29,-0.259,-0.29,-0.259,-0.29,-0.259,-0.29,-0.259,-0.29,-0.259,-0.29,-0.259,-0.29,-0.259,-0.29,-0.259,-0.29,-0.259,-0.29,-0.259,-0.29,-0.259,-0.29,-0.259,-0.29,-0.259,-0.29,-0.259,-0.29,-0.259,-0.29,-0.259,-0.29,-0.259,-0.29,-0.259,-0.29,-0.259,-0.29,-0.259,-0.29,-0.259,-0.29,-0.259,-0.29,-0.259,-0.29,-0.259,-0.29,-0.259,-0.29,-0.259,-0.29,-0.259,-0.29,-0.259,-0.29,-0.259,-0.29,-0.259,-0.29,-0.259,-0.29,-0.259,-0.29,-0.259,-0.29,-0.259,-0.29,-0.259,-0.29,-0.259,
0.0,0.0,0.0,0.0,0.0,0.0,0.0,0.0,0.0,0.0,0.0,0.0,0.0,0.0,0.0,0.0,0.0,0.0,0.0,0.0,0.0,0.0,0.0,0.0,0.0,0.0,0.0,0.0,0.0,0.0,0.0,0.0,0.0,0.0,0.0,0.0,0.0,0.0,0.0,0.0,0.0,0.0,0.0,0.0,0.0,0.0,0.0,0.0,0.0,0.0,0.0,0.0,0.0,0.0,0.0,0.0,0.0,0.0,0.0,0.0,0.0,0.0,0.0,0.0,0.0,0.0,0.0,0.0,0.0,0.0,0.0,0.0,0.0,0.0,0.0,0.0,0.0,0.0,0.0,0.0,0.0,0.0,0.0,0.0,0.0,0.0,0.0,0.0,0.0,0.0,0.0,0.0,0.0,0.0,0.0,0.0,0.0,0.0,0.0,0.0,
0.0,0.0,-0.161,-0.199,-0.204,-0.196,-0.203,-0.196,-0.203,-0.196,-0.203,-0.196,-0.203,-0.196,-0.203,-0.196,-0.203,-0.196,-0.203,-0.196,-0.203,-0.196,-0.203,-0.196,-0.203,-0.196,-0.203,-0.196,-0.203,-0.196,-0.203,-0.196,-0.203,-0.196,-0.203,-0.196,-0.203,-0.196,-0.203,-0.196,-0.203,-0.196,-0.203,-0.196,-0.203,-0.196,-0.203,-0.196,-0.203,-0.196,-0.203,-0.196,-0.203,-0.196,-0.203,-0.196,-0.203,-0.196,-0.203,-0.196,-0.203,-0.196,-0.203,-0.196,-0.203,-0.196,-0.203,-0.196,-0.203,-0.196,-0.203,-0.196,-0.203,-0.196,-0.203,-0.196,-0.203,-0.196,-0.203,-0.196,-0.203,-0.196,-0.203,-0.196,-0.203,-0.196,-0.203,-0.196,-0.203,-0.196,-0.203,-0.196,-0.203,-0.196,-0.203,-0.196,-0.203,-0.196,-0.203,-0.196,
0.0,0.0,-0.14,-0.188,-0.24,-0.27,-0.269,-0.265,-0.246,-0.263,-0.259,-0.285,-0.27,-0.263,-0.246,-0.262,-0.261,-0.27,-0.261,-0.248,-0.261,-0.26,-0.284,-0.271,-0.261,-0.248,-0.26,-0.263,-0.269,-0.263,-0.246,-0.263,-0.259,-0.285,-0.27,-0.263,-0.246,-0.262,-0.261,-0.27,-0.261,-0.248,-0.261,-0.26,-0.284,-0.271,-0.261,-0.248,-0.26,-0.263,-0.269,-0.263,-0.246,-0.263,-0.259,-0.285,-0.27,-0.263,-0.246,-0.262,-0.261,-0.27,-0.261,-0.248,-0.261,-0.26,-0.284,-0.271,-0.261,-0.248,-0.26,-0.263,-0.269,-0.263,-0.246,-0.263,-0.259,-0.285,-0.27,-0.263,-0.246,-0.262,-0.261,-0.27,-0.261,-0.248,-0.261,-0.26,-0.284,-0.271,-0.261,-0.248,-0.26,-0.263,-0.269,-0.263,-0.246,-0.263,-0.259,-0.285,
0.0,0.0,0.0,-0.043,-0.044,-0.068,-0.04,-0.063,-0.109,-0.086,-0.088,-0.156,-0.165,-0.122,-0.065,-0.111,-0.079,-0.04,-0.05,-0.051,-0.076,-0.104,-0.131,-0.127,-0.095,-0.113,-0.146,-0.157,-0.096,-0.078,-0.096,-0.017,-0.01,-0.094,-0.116,-0.202,-0.182,-0.19,-0.173,-0.086,-0.051,-0.124,-0.107,-0.155,-0.067,-0.038,-0.053,-0.091,-0.059,-0.019,-0.078,-0.106,-0.202,-0.153,-0.168,-0.169,-0.096,-0.079,-0.129,-0.141,-0.163,-0.05,-0.026,-0.053,-0.059,-0.033,-0.015,-0.088,-0.132,-0.207,-0.186,-0.176,-0.154,-0.086,-0.079,-0.099,-0.117,-0.159,-0.06,-0.055,-0.059,-0.095,-0.042,0.003,-0.078,-0.132,-0.18,-0.163,-0.172,-0.163,-0.112,-0.085,-0.133,-0.126,-0.144,-0.05,-0.055,-0.026,-0.07,-0.037,
0.0,0.0,-0.089,-0.178,-0.243,-0.275,-0.215,-0.265,-0.275,-0.226,-0.232,-0.27,-0.274,-0.226,-0.267,-0.272,-0.227,-0.229,-0.271,-0.272,-0.227,-0.265,-0.274,-0.226,-0.231,-0.27,-0.274,-0.226,-0.267,-0.272,-0.227,-0.229,-0.271,-0.272,-0.227,-0.265,-0.274,-0.226,-0.231,-0.27,-0.274,-0.226,-0.267,-0.272,-0.227,-0.229,-0.271,-0.272,-0.227,-0.265,-0.274,-0.226,-0.231,-0.27,-0.274,-0.226,-0.267,-0.272,-0.227,-0.229,-0.271,-0.272,-0.227,-0.265,-0.274,-0.226,-0.231,-0.27,-0.274,-0.226,-0.267,-0.272,-0.227,-0.229,-0.271,-0.272,-0.227,-0.265,-0.274,-0.226,-0.231,-0.27,-0.274,-0.226,-0.267,-0.272,-0.227,-0.229,-0.271,-0.272,-0.227,-0.265,-0.274,-0.226,-0.231,-0.27,-0.274,-0.226,-0.267,-0.272,
0.0,0.0,-0.136,-0.179,-0.166,-0.238,-0.239,-0.259,-0.244,-0.261,-0.244,-0.261,-0.244,-0.261,-0.244,-0.261,-0.244,-0.261,-0.244,-0.261,-0.244,-0.261,-0.244,-0.261,-0.244,-0.261,-0.244,-0.261,-0.244,-0.261,-0.244,-0.261,-0.244,-0.261,-0.244,-0.261,-0.244,-0.261,-0.244,-0.261,-0.244,-0.261,-0.244,-0.261,-0.244,-0.261,-0.244,-0.261,-0.244,-0.261,-0.244,-0.261,-0.244,-0.261,-0.244,-0.261,-0.244,-0.261,-0.244,-0.261,-0.244,-0.261,-0.244,-0.261,-0.244,-0.261,-0.244,-0.261,-0.244,-0.261,-0.244,-0.261,-0.244,-0.261,-0.244,-0.261,-0.244,-0.261,-0.244,-0.261,-0.244,-0.261,-0.244,-0.261,-0.244,-0.261,-0.244,-0.261,-0.244,-0.261,-0.244,-0.261,-0.244,-0.261,-0.244,-0.261,-0.244,-0.261,-0.244,-0.261,
0.0,0.0,-0.002,0.021,-0.093,0.017,-0.114,-0.13,-0.146,-0.165,-0.2,-0.232,-0.237,-0.236,-0.237,-0.067,-0.118,0.012,-0.098,-0.12,-0.153,-0.197,-0.235,-0.228,-0.233,-0.236,-0.23,-0.232,-0.237,-0.228,-0.233,-0.236,-0.23,-0.232,-0.237,-0.228,-0.233,-0.236,-0.23,-0.232,-0.237,-0.228,-0.233,-0.236,-0.23,-0.232,-0.237,-0.228,-0.233,-0.236,-0.23,-0.232,-0.237,-0.228,-0.233,-0.236,-0.23,-0.232,-0.237,-0.228,-0.233,-0.236,-0.23,-0.232,-0.237,-0.228,-0.233,-0.236,-0.23,-0.232,-0.237,-0.228,-0.233,-0.236,-0.23,-0.232,-0.237,-0.228,-0.233,-0.236,-0.23,-0.232,-0.237,-0.228,-0.233,-0.236,-0.23,-0.232,-0.237,-0.228,-0.233,-0.236,-0.23,-0.232,-0.237,-0.228,-0.233,-0.236,-0.23,-0.232,
0.0,0.0,-0.037,-0.173,-0.13,-0.112,-0.223,-0.223,-0.048,-0.176,-0.245,-0.142,-0.179,-0.225,-0.203,-0.133,-0.155,-0.235,-0.176,-0.157,-0.215,-0.234,-0.11,-0.144,-0.265,-0.154,-0.146,-0.246,-0.214,-0.098,-0.177,-0.245,-0.142,-0.179,-0.225,-0.203,-0.133,-0.155,-0.235,-0.176,-0.157,-0.215,-0.234,-0.11,-0.144,-0.265,-0.154,-0.146,-0.246,-0.214,-0.098,-0.177,-0.245,-0.142,-0.179,-0.225,-0.203,-0.133,-0.155,-0.235,-0.176,-0.157,-0.215,-0.234,-0.11,-0.144,-0.265,-0.154,-0.146,-0.246,-0.214,-0.098,-0.177,-0.245,-0.142,-0.179,-0.225,-0.203,-0.133,-0.155,-0.235,-0.176,-0.157,-0.215,-0.234,-0.11,-0.144,-0.265,-0.154,-0.146,-0.246,-0.214,-0.098,-0.177,-0.245,-0.142,-0.179,-0.225,-0.203,-0.133,
0.0,0.0,-0.081,-0.111,-0.227,-0.249,-0.229,-0.275,-0.268,-0.224,-0.264,-0.256,-0.231,-0.277,-0.268,-0.224,-0.264,-0.256,-0.231,-0.277,-0.268,-0.224,-0.264,-0.256,-0.231,-0.277,-0.268,-0.224,-0.264,-0.256,-0.231,-0.277,-0.268,-0.224,-0.264,-0.256,-0.231,-0.277,-0.268,-0.224,-0.264,-0.256,-0.231,-0.277,-0.268,-0.224,-0.264,-0.256,-0.231,-0.277,-0.268,-0.224,-0.264,-0.256,-0.231,-0.277,-0.268,-0.224,-0.264,-0.256,-0.231,-0.277,-0.268,-0.224,-0.264,-0.256,-0.231,-0.277,-0.268,-0.224,-0.264,-0.256,-0.231,-0.277,-0.268,-0.224,-0.264,-0.256,-0.231,-0.277,-0.268,-0.224,-0.264,-0.256,-0.231,-0.277,-0.268,-0.224,-0.264,-0.256,-0.231,-0.277,-0.268,-0.224,-0.264,-0.256,-0.231,-0.277,-0.268,-0.224,
0.0,0.0,-0.093,-0.133,-0.185,-0.218,-0.237,-0.238,-0.235,-0.24,-0.237,-0.235,-0.237,-0.24,-0.235,-0.24,-0.237,-0.235,-0.237,-0.24,-0.235,-0.24,-0.237,-0.235,-0.237,-0.24,-0.235,-0.24,-0.237,-0.235,-0.237,-0.24,-0.235,-0.24,-0.237,-0.235,-0.237,-0.24,-0.235,-0.24,-0.237,-0.235,-0.237,-0.24,-0.235,-0.24,-0.237,-0.235,-0.237,-0.24,-0.235,-0.24,-0.237,-0.235,-0.237,-0.24,-0.235,-0.24,-0.237,-0.235,-0.237,-0.24,-0.235,-0.24,-0.237,-0.235,-0.237,-0.24,-0.235,-0.24,-0.237,-0.235,-0.237,-0.24,-0.235,-0.24,-0.237,-0.235,-0.237,-0.24,-0.235,-0.24,-0.237,-0.235,-0.237,-0.24,-0.235,-0.24,-0.237,-0.235,-0.237,-0.24,-0.235,-0.24,-0.237,-0.235,-0.237,-0.24,-0.235,-0.24,
0.0,0.0,-0.007,-0.1,-0.058,0.0,-0.025,-0.078,-0.039,-0.153,-0.119,-0.12,-0.089,-0.091,-0.035,-0.103,-0.062,-0.136,-0.02,-0.111,-0.06,-0.118,-0.039,-0.077,-0.055,-0.109,-0.09,-0.069,-0.064,-0.108,-0.071,-0.088,-0.028,-0.103,-0.062,-0.136,-0.02,-0.111,-0.06,-0.118,-0.039,-0.077,-0.055,-0.109,-0.09,-0.069,-0.064,-0.108,-0.071,-0.088,-0.028,-0.103,-0.062,-0.136,-0.02,-0.111,-0.06,-0.118,-0.039,-0.077,-0.055,-0.109,-0.09,-0.069,-0.064,-0.108,-0.071,-0.088,-0.028,-0.103,-0.062,-0.136,-0.02,-0.111,-0.06,-0.118,-0.039,-0.077,-0.055,-0.109,-0.09,-0.069,-0.064,-0.108,-0.071,-0.088,-0.028,-0.103,-0.062,-0.136,-0.02,-0.111,-0.06,-0.118,-0.039,-0.077,-0.055,-0.109,-0.09,-0.069,
0.0,0.0,-0.117,-0.199,-0.186,-0.159,-0.104,-0.063,-0.204,-0.22,-0.255,-0.268,-0.237,-0.191,-0.142,-0.09,-0.103,-0.194,-0.216,-0.226,-0.308,-0.322,-0.322,-0.296,-0.264,-0.258,-0.312,-0.319,-0.322,-0.324,-0.324,-0.322,-0.296,-0.264,-0.258,-0.312,-0.319,-0.322,-0.324,-0.324,-0.322,-0.296,-0.264,-0.258,-0.312,-0.319,-0.322,-0.324,-0.324,-0.322,-0.296,-0.264,-0.258,-0.312,-0.319,-0.322,-0.324,-0.324,-0.322,-0.296,-0.264,-0.258,-0.312,-0.319,-0.322,-0.324,-0.324,-0.322,-0.296,-0.264,-0.258,-0.312,-0.319,-0.322,-0.324,-0.324,-0.322,-0.296,-0.264,-0.258,-0.312,-0.319,-0.322,-0.324,-0.324,-0.322,-0.296,-0.264,-0.258,-0.312,-0.319,-0.322,-0.324,-0.324,-0.322,-0.296,-0.264,-0.258,-0.312,-0.319,
0.0,0.0,-0.108,-0.129,-0.152,-0.101,-0.113,-0.083,-0.11,-0.083,-0.11,-0.083,-0.11,-0.083,-0.11,-0.083,-0.11,-0.083,-0.11,-0.083,-0.11,-0.083,-0.11,-0.083,-0.11,-0.083,-0.11,-0.083,-0.11,-0.083,-0.11,-0.083,-0.11,-0.083,-0.11,-0.083,-0.11,-0.083,-0.11,-0.083,-0.11,-0.083,-0.11,-0.083,-0.11,-0.083,-0.11,-0.083,-0.11,-0.083,-0.11,-0.083,-0.11,-0.083,-0.11,-0.083,-0.11,-0.083,-0.11,-0.083,-0.11,-0.083,-0.11,-0.083,-0.11,-0.083,-0.11,-0.083,-0.11,-0.083,-0.11,-0.083,-0.11,-0.083,-0.11,-0.083,-0.11,-0.083,-0.11,-0.083,-0.11,-0.083,-0.11,-0.083,-0.11,-0.083,-0.11,-0.083,-0.11,-0.083,-0.11,-0.083,-0.11,-0.083,-0.11,-0.083,-0.11,-0.083,-0.11,-0.083,
0.0,0.0,-0.018,-0.143,-0.226,-0.238,-0.235,-0.212,-0.216,-0.196,-0.181,-0.173,-0.195,-0.224,-0.245,-0.222,-0.223,-0.239,-0.258,-0.175,-0.141,-0.184,-0.231,-0.214,-0.21,-0.232,-0.258,-0.229,-0.223,-0.185,-0.18,-0.173,-0.195,-0.224,-0.245,-0.222,-0.223,-0.239,-0.258,-0.175,-0.141,-0.184,-0.231,-0.214,-0.21,-0.232,-0.258,-0.229,-0.223,-0.185,-0.18,-0.173,-0.195,-0.224,-0.245,-0.222,-0.223,-0.239,-0.258,-0.175,-0.141,-0.184,-0.231,-0.214,-0.21,-0.232,-0.258,-0.229,-0.223,-0.185,-0.18,-0.173,-0.195,-0.224,-0.245,-0.222,-0.223,-0.239,-0.258,-0.175,-0.141,-0.184,-0.231,-0.214,-0.21,-0.232,-0.258,-0.229,-0.223,-0.185,-0.18,-0.173,-0.195,-0.224,-0.245,-0.222,-0.223,-0.239,-0.258,-0.175,
0.0,0.0,-0.029,-0.031,-0.051,-0.035,-0.022,-0.012,-0.017,-0.027,-0.027,-0.027,-0.025,-0.012,-0.018,-0.03,-0.03,-0.03,-0.03,-0.028,-0.025,-0.022,-0.027,-0.03,-0.028,-0.03,-0.033,-0.037,-0.033,-0.027,-0.025,-0.028,-0.03,-0.033,-0.037,-0.033,-0.027,-0.025,-0.028,-0.03,-0.033,-0.037,-0.033,-0.027,-0.025,-0.028,-0.03,-0.033,-0.037,-0.033,-0.027,-0.025,-0.028,-0.03,-0.033,-0.037,-0.033,-0.027,-0.025,-0.028,-0.03,-0.033,-0.037,-0.033,-0.027,-0.025,-0.028,-0.03,-0.033,-0.037,-0.033,-0.027,-0.025,-0.028,-0.03,-0.033,-0.037,-0.033,-0.027,-0.025,-0.028,-0.03,-0.033,-0.037,-0.033,-0.027,-0.025,-0.028,-0.03,-0.033,-0.037,-0.033,-0.027,-0.025,-0.028,-0.03,-0.033,-0.037,-0.033,-0.027,
0.0,0.0,-0.093,-0.081,-0.06,-0.025,-0.055,-0.081,-0.092,-0.092,-0.1,-0.097,-0.102,-0.097,-0.102,-0.097,-0.102,-0.097,-0.102,-0.097,-0.102,-0.097,-0.102,-0.097,-0.102,-0.097,-0.102,-0.097,-0.102,-0.097,-0.102,-0.097,-0.102,-0.097,-0.102,-0.097,-0.102,-0.097,-0.102,-0.097,-0.102,-0.097,-0.102,-0.097,-0.102,-0.097,-0.102,-0.097,-0.102,-0.097,-0.102,-0.097,-0.102,-0.097,-0.102,-0.097,-0.102,-0.097,-0.102,-0.097,-0.102,-0.097,-0.102,-0.097,-0.102,-0.097,-0.102,-0.097,-0.102,-0.097,-0.102,-0.097,-0.102,-0.097,-0.102,-0.097,-0.102,-0.097,-0.102,-0.097,-0.102,-0.097,-0.102,-0.097,-0.102,-0.097,-0.102,-0.097,-0.102,-0.097,-0.102,-0.097,-0.102,-0.097,-0.102,-0.097,-0.102,-0.097,-0.102,-0.097,
0.0,0.0,-0.113,-0.131,-0.153,-0.135,-0.155,-0.133,-0.154,-0.14,-0.158,-0.137,-0.155,-0.133,-0.154,-0.14,-0.158,-0.137,-0.155,-0.133,-0.154,-0.14,-0.158,-0.137,-0.155,-0.133,-0.154,-0.14,-0.158,-0.137,-0.155,-0.133,-0.154,-0.14,-0.158,-0.137,-0.155,-0.133,-0.154,-0.14,-0.158,-0.137,-0.155,-0.133,-0.154,-0.14,-0.158,-0.137,-0.155,-0.133,-0.154,-0.14,-0.158,-0.137,-0.155,-0.133,-0.154,-0.14,-0.158,-0.137,-0.155,-0.133,-0.154,-0.14,-0.158,-0.137,-0.155,-0.133,-0.154,-0.14,-0.158,-0.137,-0.155,-0.133,-0.154,-0.14,-0.158,-0.137,-0.155,-0.133,-0.154,-0.14,-0.158,-0.137,-0.155,-0.133,-0.154,-0.14,-0.158,-0.137,-0.155,-0.133,-0.154,-0.14,-0.158,-0.137,-0.155,-0.133,-0.154,-0.14,
0.0,0.0,-0.075,-0.141,-0.131,-0.08,-0.128,-0.124,-0.128,-0.157,-0.122,-0.115,-0.137,-0.173,-0.12,-0.11,-0.113,-0.077,-0.155,-0.175,-0.108,-0.143,-0.123,-0.129,-0.147,-0.129,-0.1,-0.105,-0.141,-0.13,-0.136,-0.16,-0.11,-0.156,-0.133,-0.082,-0.128,-0.124,-0.128,-0.157,-0.122,-0.115,-0.137,-0.173,-0.12,-0.11,-0.113,-0.077,-0.155,-0.175,-0.108,-0.143,-0.123,-0.129,-0.147,-0.129,-0.1,-0.105,-0.141,-0.13,-0.136,-0.16,-0.11,-0.156,-0.133,-0.082,-0.128,-0.124,-0.128,-0.157,-0.122,-0.115,-0.137,-0.173,-0.12,-0.11,-0.113,-0.077,-0.155,-0.175,-0.108,-0.143,-0.123,-0.129,-0.147,-0.129,-0.1,-0.105,-0.141,-0.13,-0.136,-0.16,-0.11,-0.156,-0.133,-0.082,-0.128,-0.124,-0.128,-0.157,
0.0,0.0,-0.06,-0.05,-0.053,-0.072,-0.133,-0.122,-0.145,-0.122,-0.136,-0.177,-0.219,-0.229,-0.229,-0.229,-0.231,-0.231,-0.231,-0.231,-0.231,-0.231,-0.231,-0.231,-0.231,-0.231,-0.231,-0.231,-0.231,-0.231,-0.231,-0.231,-0.231,-0.231,-0.231,-0.231,-0.231,-0.231,-0.231,-0.231,-0.231,-0.231,-0.231,-0.231,-0.231,-0.231,-0.231,-0.231,-0.231,-0.231,-0.231,-0.231,-0.231,-0.231,-0.231,-0.231,-0.231,-0.231,-0.231,-0.231,-0.231,-0.231,-0.231,-0.231,-0.231,-0.231,-0.231,-0.231,-0.231,-0.231,-0.231,-0.231,-0.231,-0.231,-0.231,-0.231,-0.231,-0.231,-0.231,-0.231,-0.231,-0.231,-0.231,-0.231,-0.231,-0.231,-0.231,-0.231,-0.231,-0.231,-0.231,-0.231,-0.231,-0.231,-0.231,-0.231,-0.231,-0.231,-0.231,-0.231,
0.0,0.0,-0.078,-0.061,-0.104,-0.068,-0.029,-0.099,-0.033,-0.075,-0.045,-0.087,-0.06,-0.101,-0.067,-0.029,-0.099,-0.033,-0.075,-0.045,-0.087,-0.06,-0.101,-0.067,-0.029,-0.099,-0.033,-0.075,-0.045,-0.087,-0.06,-0.101,-0.067,-0.029,-0.099,-0.033,-0.075,-0.045,-0.087,-0.06,-0.101,-0.067,-0.029,-0.099,-0.033,-0.075,-0.045,-0.087,-0.06,-0.101,-0.067,-0.029,-0.099,-0.033,-0.075,-0.045,-0.087,-0.06,-0.101,-0.067,-0.029,-0.099,-0.033,-0.075,-0.045,-0.087,-0.06,-0.101,-0.067,-0.029,-0.099,-0.033,-0.075,-0.045,-0.087,-0.06,-0.101,-0.067,-0.029,-0.099,-0.033,-0.075,-0.045,-0.087,-0.06,-0.101,-0.067,-0.029,-0.099,-0.033,-0.075,-0.045,-0.087,-0.06,-0.101,-0.067,-0.029,-0.099,-0.033,-0.075,
0.0,0.0,-0.06,-0.149,-0.121,-0.088,-0.052,-0.125,-0.259,-0.194,-0.157,-0.135,-0.124,-0.121,-0.131,-0.123,-0.114,-0.127,-0.156,-0.218,-0.149,-0.16,-0.132,-0.127,-0.122,-0.137,-0.119,-0.118,-0.122,-0.16,-0.214,-0.153,-0.156,-0.137,-0.122,-0.127,-0.132,-0.123,-0.114,-0.127,-0.156,-0.218,-0.149,-0.16,-0.132,-0.127,-0.122,-0.137,-0.119,-0.118,-0.122,-0.16,-0.214,-0.153,-0.156,-0.137,-0.122,-0.127,-0.132,-0.123,-0.114,-0.127,-0.156,-0.218,-0.149,-0.16,-0.132,-0.127,-0.122,-0.137,-0.119,-0.118,-0.122,-0.16,-0.214,-0.153,-0.156,-0.137,-0.122,-0.127,-0.132,-0.123,-0.114,-0.127,-0.156,-0.218,-0.149,-0.16,-0.132,-0.127,-0.122,-0.137,-0.119,-0.118,-0.122,-0.16,-0.214,-0.153,-0.156,-0.137,
0.0,0.0,-0.058,-0.081,-0.174,-0.222,-0.195,-0.194,-0.166,-0.239,-0.281,-0.221,-0.241,-0.21,-0.244,-0.215,-0.239,-0.21,-0.244,-0.215,-0.239,-0.21,-0.244,-0.215,-0.239,-0.21,-0.244,-0.215,-0.239,-0.21,-0.244,-0.215,-0.239,-0.21,-0.244,-0.215,-0.239,-0.21,-0.244,-0.215,-0.239,-0.21,-0.244,-0.215,-0.239,-0.21,-0.244,-0.215,-0.239,-0.21,-0.244,-0.215,-0.239,-0.21,-0.244,-0.215,-0.239,-0.21,-0.244,-0.215,-0.239,-0.21,-0.244,-0.215,-0.239,-0.21,-0.244,-0.215,-0.239,-0.21,-0.244,-0.215,-0.239,-0.21,-0.244,-0.215,-0.239,-0.21,-0.244,-0.215,-0.239,-0.21,-0.244,-0.215,-0.239,-0.21,-0.244,-0.215,-0.239,-0.21,-0.244,-0.215,-0.239,-0.21,-0.244,-0.215,-0.239,-0.21,-0.244,-0.215,
0.0,0.0,-0.01,-0.024,-0.036,-0.082,-0.083,-0.083,-0.083,-0.083,-0.083,-0.083,-0.083,-0.083,-0.083,-0.083,-0.083,-0.083,-0.083,-0.083,-0.083,-0.083,-0.083,-0.083,-0.083,-0.083,-0.083,-0.083,-0.083,-0.083,-0.083,-0.083,-0.083,-0.083,-0.083,-0.083,-0.083,-0.083,-0.083,-0.083,-0.083,-0.083,-0.083,-0.083,-0.083,-0.083,-0.083,-0.083,-0.083,-0.083,-0.083,-0.083,-0.083,-0.083,-0.083,-0.083,-0.083,-0.083,-0.083,-0.083,-0.083,-0.083,-0.083,-0.083,-0.083,-0.083,-0.083,-0.083,-0.083,-0.083,-0.083,-0.083,-0.083,-0.083,-0.083,-0.083,-0.083,-0.083,-0.083,-0.083,-0.083,-0.083,-0.083,-0.083,-0.083,-0.083,-0.083,-0.083,-0.083,-0.083,-0.083,-0.083,-0.083,-0.083,-0.083,-0.083,-0.083,-0.083,-0.083,-0.083,
0.0,0.0,-0.069,-0.193,-0.171,-0.186,-0.197,-0.21,-0.218,-0.203,-0.17,-0.167,-0.169,-0.162,-0.182,-0.186,-0.168,-0.162,-0.165,-0.162,-0.182,-0.188,-0.168,-0.162,-0.164,-0.162,-0.184,-0.188,-0.17,-0.162,-0.165,-0.162,-0.182,-0.188,-0.168,-0.162,-0.164,-0.162,-0.184,-0.188,-0.17,-0.162,-0.165,-0.162,-0.182,-0.188,-0.168,-0.162,-0.164,-0.162,-0.184,-0.188,-0.17,-0.162,-0.165,-0.162,-0.182,-0.188,-0.168,-0.162,-0.164,-0.162,-0.184,-0.188,-0.17,-0.162,-0.165,-0.162,-0.182,-0.188,-0.168,-0.162,-0.164,-0.162,-0.184,-0.188,-0.17,-0.162,-0.165,-0.162,-0.182,-0.188,-0.168,-0.162,-0.164,-0.162,-0.184,-0.188,-0.17,-0.162,-0.165,-0.162,-0.182,-0.188,-0.168,-0.162,-0.164,-0.162,-0.184,-0.188,
0.0,0.0,-0.111,-0.141,-0.226,-0.207,-0.26,-0.226,-0.244,-0.187,-0.23,-0.209,-0.26,-0.226,-0.244,-0.187,-0.23,-0.209,-0.26,-0.226,-0.244,-0.187,-0.23,-0.209,-0.26,-0.226,-0.244,-0.187,-0.23,-0.209,-0.26,-0.226,-0.244,-0.187,-0.23,-0.209,-0.26,-0.226,-0.244,-0.187,-0.23,-0.209,-0.26,-0.226,-0.244,-0.187,-0.23,-0.209,-0.26,-0.226,-0.244,-0.187,-0.23,-0.209,-0.26,-0.226,-0.244,-0.187,-0.23,-0.209,-0.26,-0.226,-0.244,-0.187,-0.23,-0.209,-0.26,-0.226,-0.244,-0.187,-0.23,-0.209,-0.26,-0.226,-0.244,-0.187,-0.23,-0.209,-0.26,-0.226,-0.244,-0.187,-0.23,-0.209,-0.26,-0.226,-0.244,-0.187,-0.23,-0.209,-0.26,-0.226,-0.244,-0.187,-0.23,-0.209,-0.26,-0.226,-0.244,-0.187,
0.0,0.0,-0.012,-0.044,0.04,-0.126,-0.184,-0.142,-0.148,-0.101,-0.134,-0.124,-0.146,-0.182,-0.208,-0.161,-0.145,-0.051,-0.18,-0.203,-0.134,-0.142,-0.158,-0.074,-0.131,-0.146,-0.109,-0.126,0.0,-0.129,-0.073,-0.144,-0.164,-0.138,-0.121,-0.092,-0.111,-0.116,-0.145,-0.04,-0.179,-0.147,-0.229,-0.255,-0.201,-0.099,-0.124,-0.153,-0.156,-0.157,-0.042,-0.129,-0.192,-0.186,-0.209,-0.162,-0.128,-0.136,-0.158,-0.128,-0.122,-0.035,-0.114,-0.107,-0.087,-0.182,-0.116,-0.079,-0.099,-0.166,-0.166,-0.147,0.004,-0.154,-0.168,-0.112,-0.118,-0.14,-0.113,-0.162,-0.143,-0.168,-0.121,0.032,-0.096,-0.118,-0.168,-0.164,-0.19,-0.205,-0.182,-0.095,-0.091,-0.126,-0.057,-0.103,-0.088,-0.154,-0.196,-0.169,
0.0,0.0,-0.109,-0.007,0.0,-0.057,-0.101,-0.118,-0.115,-0.002,-0.08,-0.077,-0.086,-0.079,-0.086,-0.079,-0.086,-0.079,-0.086,-0.079,-0.086,-0.079,-0.086,-0.079,-0.086,-0.079,-0.086,-0.079,-0.086,-0.079,-0.086,-0.079,-0.086,-0.079,-0.086,-0.079,-0.086,-0.079,-0.086,-0.079,-0.086,-0.079,-0.086,-0.079,-0.086,-0.079,-0.086,-0.079,-0.086,-0.079,-0.086,-0.079,-0.086,-0.079,-0.086,-0.079,-0.086,-0.079,-0.086,-0.079,-0.086,-0.079,-0.086,-0.079,-0.086,-0.079,-0.086,-0.079,-0.086,-0.079,-0.086,-0.079,-0.086,-0.079,-0.086,-0.079,-0.086,-0.079,-0.086,-0.079,-0.086,-0.079,-0.086,-0.079,-0.086,-0.079,-0.086,-0.079,-0.086,-0.079,-0.086,-0.079,-0.086,-0.079,-0.086,-0.079,-0.086,-0.079,-0.086,-0.079,
0.0,0.0,-0.058,-0.08,-0.007,0.047,-0.084,-0.051,-0.093,-0.056,-0.097,-0.051,-0.097,-0.056,-0.093,-0.056,-0.097,-0.051,-0.097,-0.056,-0.093,-0.056,-0.097,-0.051,-0.097,-0.056,-0.093,-0.056,-0.097,-0.051,-0.097,-0.056,-0.093,-0.056,-0.097,-0.051,-0.097,-0.056,-0.093,-0.056,-0.097,-0.051,-0.097,-0.056,-0.093,-0.056,-0.097,-0.051,-0.097,-0.056,-0.093,-0.056,-0.097,-0.051,-0.097,-0.056,-0.093,-0.056,-0.097,-0.051,-0.097,-0.056,-0.093,-0.056,-0.097,-0.051,-0.097,-0.056,-0.093,-0.056,-0.097,-0.051,-0.097,-0.056,-0.093,-0.056,-0.097,-0.051,-0.097,-0.056,-0.093,-0.056,-0.097,-0.051,-0.097,-0.056,-0.093,-0.056,-0.097,-0.051,-0.097,-0.056,-0.093,-0.056,-0.097,-0.051,-0.097,-0.056,-0.093,-0.056,
0.0,0.0,-0.262,-0.294,-0.315,-0.308,-0.318,-0.336,-0.323,-0.328,-0.314,-0.337,-0.323,-0.328,-0.314,-0.337,-0.323,-0.328,-0.314,-0.337,-0.323,-0.328,-0.314,-0.337,-0.323,-0.328,-0.314,-0.337,-0.323,-0.328,-0.314,-0.337,-0.323,-0.328,-0.314,-0.337,-0.323,-0.328,-0.314,-0.337,-0.323,-0.328,-0.314,-0.337,-0.323,-0.328,-0.314,-0.337,-0.323,-0.328,-0.314,-0.337,-0.323,-0.328,-0.314,-0.337,-0.323,-0.328,-0.314,-0.337,-0.323,-0.328,-0.314,-0.337,-0.323,-0.328,-0.314,-0.337,-0.323,-0.328,-0.314,-0.337,-0.323,-0.328,-0.314,-0.337,-0.323,-0.328,-0.314,-0.337,-0.323,-0.328,-0.314,-0.337,-0.323,-0.328,-0.314,-0.337,-0.323,-0.328,-0.314,-0.337,-0.323,-0.328,-0.314,-0.337,-0.323,-0.328,-0.314,-0.337,
0.0,0.0,0.0,0.005,-0.088,-0.05,-0.028,-0.075,-0.04,-0.034,-0.035,-0.058,-0.09,-0.052,-0.014,-0.012,-0.036,-0.037,-0.047,0.01,-0.037,-0.073,-0.047,-0.008,-0.012,-0.036,-0.037,-0.047,0.01,-0.037,-0.073,-0.047,-0.008,-0.012,-0.036,-0.037,-0.047,0.01,-0.037,-0.073,-0.047,-0.008,-0.012,-0.036,-0.037,-0.047,0.01,-0.037,-0.073,-0.047,-0.008,-0.012,-0.036,-0.037,-0.047,0.01,-0.037,-0.073,-0.047,-0.008,-0.012,-0.036,-0.037,-0.047,0.01,-0.037,-0.073,-0.047,-0.008,-0.012,-0.036,-0.037,-0.047,0.01,-0.037,-0.073,-0.047,-0.008,-0.012,-0.036,-0.037,-0.047,0.01,-0.037,-0.073,-0.047,-0.008,-0.012,-0.036,-0.037,-0.047,0.01,-0.037,-0.073,-0.047,-0.008,-0.012,-0.036,-0.037,-0.047,
0.0,0.0,-0.079,-0.105,-0.148,-0.174,-0.219,-0.16,-0.201,-0.16,-0.17,-0.175,-0.197,-0.201,-0.213,-0.224,-0.238,-0.271,-0.21,-0.093,-0.162,-0.211,-0.208,-0.152,-0.152,-0.176,-0.227,-0.165,-0.193,-0.163,-0.175,-0.179,-0.205,-0.203,-0.162,-0.123,-0.218,-0.216,-0.202,-0.11,-0.165,-0.228,-0.214,-0.152,-0.152,-0.176,-0.227,-0.165,-0.193,-0.163,-0.175,-0.179,-0.205,-0.203,-0.162,-0.123,-0.218,-0.216,-0.202,-0.11,-0.165,-0.228,-0.214,-0.152,-0.152,-0.176,-0.227,-0.165,-0.193,-0.163,-0.175,-0.179,-0.205,-0.203,-0.162,-0.123,-0.218,-0.216,-0.202,-0.11,-0.165,-0.228,-0.214,-0.152,-0.152,-0.176,-0.227,-0.165,-0.193,-0.163,-0.175,-0.179,-0.205,-0.203,-0.162,-0.123,-0.218,-0.216,-0.202,-0.11,
0.0,0.0,-0.025,-0.025,-0.071,-0.079,-0.03,-0.022,-0.073,-0.131,-0.152,-0.154,-0.276,-0.181,-0.203,-0.239,-0.188,-0.238,-0.257,-0.258,-0.154,-0.145,-0.245,-0.273,-0.223,-0.218,-0.267,-0.274,-0.276,-0.191,-0.204,-0.218,-0.208,-0.132,-0.109,-0.102,-0.132,-0.093,-0.132,-0.12,-0.189,-0.126,-0.131,-0.133,-0.124,-0.116,-0.091,-0.11,-0.102,-0.096,-0.105,-0.1,-0.067,-0.078,-0.096,-0.106,-0.105,-0.128,-0.171,-0.122,-0.147,-0.204,-0.227,-0.14,-0.232,-0.137,-0.199,-0.101,-0.122,-0.08,-0.024,-0.032,-0.07,-0.127,-0.159,-0.152,-0.272,-0.188,-0.201,-0.236,-0.194,-0.236,-0.253,-0.264,-0.152,-0.141,-0.251,-0.271,-0.22,-0.224,-0.265,-0.271,-0.281,-0.188,-0.2,-0.224,-0.206,-0.128,-0.116,-0.099,
0.0,0.0,-0.122,-0.144,-0.139,-0.118,-0.214,-0.218,-0.234,-0.202,-0.199,-0.208,-0.185,-0.25,-0.214,-0.196,-0.206,-0.169,-0.169,-0.183,-0.157,-0.184,-0.163,-0.192,-0.163,-0.194,-0.163,-0.194,-0.163,-0.194,-0.163,-0.194,-0.163,-0.194,-0.163,-0.194,-0.163,-0.194,-0.163,-0.194,-0.163,-0.194,-0.163,-0.194,-0.163,-0.194,-0.163,-0.194,-0.163,-0.194,-0.163,-0.194,-0.163,-0.194,-0.163,-0.194,-0.163,-0.194,-0.163,-0.194,-0.163,-0.194,-0.163,-0.194,-0.163,-0.194,-0.163,-0.194,-0.163,-0.194,-0.163,-0.194,-0.163,-0.194,-0.163,-0.194,-0.163,-0.194,-0.163,-0.194,-0.163,-0.194,-0.163,-0.194,-0.163,-0.194,-0.163,-0.194,-0.163,-0.194,-0.163,-0.194,-0.163,-0.194,-0.163,-0.194,-0.163,-0.194,-0.163,-0.194,
0.0,0.0,-0.006,-0.026,0.008,-0.016,-0.035,-0.027,-0.027,-0.173,-0.155,-0.024,-0.024,-0.018,-0.018,-0.029,-0.035,-0.027,-0.215,-0.13,-0.021,-0.032,-0.032,-0.175,-0.157,-0.016,-0.04,-0.04,-0.032,-0.024,-0.018,-0.178,-0.167,-0.024,-0.029,-0.029,-0.035,-0.035,-0.025,-0.169,-0.157,-0.027,-0.04,-0.037,-0.024,-0.024,-0.029,-0.178,-0.164,-0.016,-0.029,-0.04,-0.035,-0.032,-0.018,-0.169,-0.167,-0.027,-0.037,-0.029,-0.024,-0.035,-0.029,-0.175,-0.157,-0.016,-0.04,-0.04,-0.032,-0.024,-0.018,-0.178,-0.167,-0.024,-0.029,-0.029,-0.035,-0.035,-0.025,-0.169,-0.157,-0.027,-0.04,-0.037,-0.024,-0.024,-0.029,-0.178,-0.164,-0.016,-0.029,-0.04,-0.035,-0.032,-0.018,-0.169,-0.167,-0.027,-0.037,-0.029,
0.0,0.0,-0.089,-0.095,-0.104,-0.161,-0.202,-0.204,-0.197,-0.177,-0.223,-0.214,-0.207,-0.214,-0.209,-0.209,-0.199,-0.177,-0.223,-0.214,-0.207,-0.214,-0.209,-0.209,-0.199,-0.177,-0.223,-0.214,-0.207,-0.214,-0.209,-0.209,-0.199,-0.177,-0.223,-0.214,-0.207,-0.214,-0.209,-0.209,-0.199,-0.177,-0.223,-0.214,-0.207,-0.214,-0.209,-0.209,-0.199,-0.177,-0.223,-0.214,-0.207,-0.214,-0.209,-0.209,-0.199,-0.177,-0.223,-0.214,-0.207,-0.214,-0.209,-0.209,-0.199,-0.177,-0.223,-0.214,-0.207,-0.214,-0.209,-0.209,-0.199,-0.177,-0.223,-0.214,-0.207,-0.214,-0.209,-0.209,-0.199,-0.177,-0.223,-0.214,-0.207,-0.214,-0.209,-0.209,-0.199,-0.177,-0.223,-0.214,-0.207,-0.214,-0.209,-0.209,-0.199,-0.177,-0.223,-0.214,
0.0,0.0,-0.052,-0.115,-0.106,-0.115,-0.13,-0.115,-0.164,-0.243,-0.199,-0.158,-0.194,-0.188,-0.164,-0.188,-0.194,-0.158,-0.194,-0.188,-0.164,-0.188,-0.194,-0.158,-0.194,-0.188,-0.164,-0.188,-0.194,-0.158,-0.194,-0.188,-0.164,-0.188,-0.194,-0.158,-0.194,-0.188,-0.164,-0.188,-0.194,-0.158,-0.194,-0.188,-0.164,-0.188,-0.194,-0.158,-0.194,-0.188,-0.164,-0.188,-0.194,-0.158,-0.194,-0.188,-0.164,-0.188,-0.194,-0.158,-0.194,-0.188,-0.164,-0.188,-0.194,-0.158,-0.194,-0.188,-0.164,-0.188,-0.194,-0.158,-0.194,-0.188,-0.164,-0.188,-0.194,-0.158,-0.194,-0.188,-0.164,-0.188,-0.194,-0.158,-0.194,-0.188,-0.164,-0.188,-0.194,-0.158,-0.194,-0.188,-0.164,-0.188,-0.194,-0.158,-0.194,-0.188,-0.164,-0.188,
0.0,0.0,-0.05,-0.111,-0.215,-0.193,-0.223,-0.213,-0.244,-0.146,-0.156,-0.152,-0.158,-0.201,-0.188,-0.146,-0.158,-0.201,-0.188,-0.146,-0.158,-0.201,-0.188,-0.146,-0.158,-0.201,-0.188,-0.146,-0.158,-0.201,-0.188,-0.146,-0.158,-0.201,-0.188,-0.146,-0.158,-0.201,-0.188,-0.146,-0.158,-0.201,-0.188,-0.146,-0.158,-0.201,-0.188,-0.146,-0.158,-0.201,-0.188,-0.146,-0.158,-0.201,-0.188,-0.146,-0.158,-0.201,-0.188,-0.146,-0.158,-0.201,-0.188,-0.146,-0.158,-0.201,-0.188,-0.146,-0.158,-0.201,-0.188,-0.146,-0.158,-0.201,-0.188,-0.146,-0.158,-0.201,-0.188,-0.146,-0.158,-0.201,-0.188,-0.146,-0.158,-0.201,-0.188,-0.146,-0.158,-0.201,-0.188,-0.146,-0.158,-0.201,-0.188,-0.146,-0.158,-0.201,-0.188,-0.146,
0.0,0.0,-0.069,-0.148,-0.06,-0.033,-0.084,-0.057,-0.097,-0.119,-0.077,-0.149,-0.187,-0.176,-0.111,-0.158,-0.055,-0.03,-0.082,-0.057,-0.097,-0.119,-0.077,-0.149,-0.187,-0.176,-0.111,-0.158,-0.055,-0.03,-0.082,-0.057,-0.097,-0.119,-0.077,-0.149,-0.187,-0.176,-0.111,-0.158,-0.055,-0.03,-0.082,-0.057,-0.097,-0.119,-0.077,-0.149,-0.187,-0.176,-0.111,-0.158,-0.055,-0.03,-0.082,-0.057,-0.097,-0.119,-0.077,-0.149,-0.187,-0.176,-0.111,-0.158,-0.055,-0.03,-0.082,-0.057,-0.097,-0.119,-0.077,-0.149,-0.187,-0.176,-0.111,-0.158,-0.055,-0.03,-0.082,-0.057,-0.097,-0.119,-0.077,-0.149,-0.187,-0.176,-0.111,-0.158,-0.055,-0.03,-0.082,-0.057,-0.097,-0.119,-0.077,-0.149,-0.187,-0.176,-0.111,-0.158,
0.0,0.0,-0.075,-0.159,-0.171,-0.205,-0.199,-0.205,-0.224,-0.25,-0.254,-0.241,-0.23,-0.22,-0.212,-0.205,-0.224,-0.25,-0.254,-0.241,-0.23,-0.22,-0.212,-0.205,-0.224,-0.25,-0.254,-0.241,-0.23,-0.22,-0.212,-0.205,-0.224,-0.25,-0.254,-0.241,-0.23,-0.22,-0.212,-0.205,-0.224,-0.25,-0.254,-0.241,-0.23,-0.22,-0.212,-0.205,-0.224,-0.25,-0.254,-0.241,-0.23,-0.22,-0.212,-0.205,-0.224,-0.25,-0.254,-0.241,-0.23,-0.22,-0.212,-0.205,-0.224,-0.25,-0.254,-0.241,-0.23,-0.22,-0.212,-0.205,-0.224,-0.25,-0.254,-0.241,-0.23,-0.22,-0.212,-0.205,-0.224,-0.25,-0.254,-0.241,-0.23,-0.22,-0.212,-0.205,-0.224,-0.25,-0.254,-0.241,-0.23,-0.22,-0.212,-0.205,-0.224,-0.25,-0.254,-0.241,
0.0,0.0,-0.076,0.019,-0.042,-0.057,0.041,-0.038,-0.064,0.033,-0.036,-0.074,0.0,-0.038,-0.064,0.033,-0.036,-0.074,0.0,-0.038,-0.064,0.033,-0.036,-0.074,0.0,-0.038,-0.064,0.033,-0.036,-0.074,0.0,-0.009,-0.045,0.1,0.013,-0.05,-0.004,0.008,-0.046,-0.002,0.008,-0.046,-0.002,0.008,-0.046,-0.002,0.008,-0.046,-0.002,0.008,-0.046,-0.002,0.008,-0.046,-0.002,0.008,-0.046,-0.002,0.008,-0.046,-0.002,0.008,-0.046,-0.002,0.008,-0.046,-0.002,0.008,-0.046,-0.002,0.008,-0.046,-0.002,0.008,-0.046,-0.002,0.008,-0.046,-0.002,0.008,-0.046,-0.002,0.008,-0.046,-0.002,0.008,-0.046,-0.002,0.008,-0.046,-0.002,0.008,-0.046,-0.002,0.008,-0.046,-0.002,0.008,-0.046,-0.002,
0.0,0.0,-0.101,-0.151,-0.15,-0.022,-0.02,-0.174,-0.108,0.025,0.068,0.082,-0.019,-0.09,-0.038,0.098,0.002,0.014,0.025,-0.03,-0.08,0.039,0.045,0.075,-0.019,-0.09,-0.038,0.098,0.002,0.014,0.025,-0.03,-0.08,0.039,0.045,0.075,-0.019,-0.09,-0.038,0.098,0.002,0.014,0.025,-0.03,-0.08,0.039,0.045,0.075,-0.019,-0.09,-0.038,0.098,0.002,0.014,0.025,-0.03,-0.08,0.039,0.045,0.075,-0.019,-0.09,-0.038,0.098,0.002,0.014,0.025,-0.03,-0.08,0.039,0.045,0.075,-0.019,-0.09,-0.038,0.098,0.002,0.014,0.025,-0.03,-0.08,0.039,0.045,0.075,-0.019,-0.09,-0.038,0.098,0.002,0.014,0.025,-0.03,-0.08,0.039,0.045,0.075,-0.019,-0.09,-0.038,0.098,
0.0,0.0,-0.086,-0.131,-0.132,-0.071,-0.121,-0.113,-0.159,-0.141,-0.17,-0.201,-0.257,-0.217,-0.226,-0.141,-0.182,-0.165,-0.169,-0.195,-0.195,-0.223,-0.191,-0.214,-0.251,-0.217,-0.226,-0.141,-0.182,-0.165,-0.169,-0.195,-0.195,-0.223,-0.191,-0.214,-0.251,-0.217,-0.226,-0.141,-0.182,-0.165,-0.169,-0.195,-0.195,-0.223,-0.191,-0.214,-0.251,-0.217,-0.226,-0.141,-0.182,-0.165,-0.169,-0.195,-0.195,-0.223,-0.191,-0.214,-0.251,-0.217,-0.226,-0.141,-0.182,-0.165,-0.169,-0.195,-0.195,-0.223,-0.191,-0.214,-0.251,-0.217,-0.226,-0.141,-0.182,-0.165,-0.169,-0.195,-0.195,-0.223,-0.191,-0.214,-0.251,-0.217,-0.226,-0.141,-0.182,-0.165,-0.169,-0.195,-0.195,-0.223,-0.191,-0.214,-0.251,-0.217,-0.226,-0.141,
0.0,0.0,-0.223,-0.258,-0.27,-0.29,-0.297,-0.294,-0.297,-0.294,-0.297,-0.294,-0.297,-0.294,-0.297,-0.294,-0.297,-0.294,-0.297,-0.294,-0.297,-0.294,-0.297,-0.294,-0.297,-0.294,-0.297,-0.294,-0.297,-0.294,-0.297,-0.294,-0.297,-0.294,-0.297,-0.294,-0.297,-0.294,-0.297,-0.294,-0.297,-0.294,-0.297,-0.294,-0.297,-0.294,-0.297,-0.294,-0.297,-0.294,-0.297,-0.294,-0.297,-0.294,-0.297,-0.294,-0.297,-0.294,-0.297,-0.294,-0.297,-0.294,-0.297,-0.294,-0.297,-0.294,-0.297,-0.294,-0.297,-0.294,-0.297,-0.294,-0.297,-0.294,-0.297,-0.294,-0.297,-0.294,-0.297,-0.294,-0.297,-0.294,-0.297,-0.294,-0.297,-0.294,-0.297,-0.294,-0.297,-0.294,-0.297,-0.294,-0.297,-0.294,-0.297,-0.294,-0.297,-0.294,-0.297,-0.294,
0.0,0.0,0.0,0.0,0.0,0.0,0.0,0.0,0.0,0.0,0.0,0.0,0.0,0.0,0.0,0.0,0.0,0.0,0.0,0.0,0.0,0.0,0.0,0.0,0.0,0.0,0.0,0.0,0.0,0.0,0.0,0.0,0.0,0.0,0.0,0.0,0.0,0.0,0.0,0.0,0.0,0.0,0.0,0.0,0.0,0.0,0.0,0.0,0.0,0.0,0.0,0.0,0.0,0.0,0.0,0.0,0.0,0.0,0.0,0.0,0.0,0.0,0.0,0.0,0.0,0.0,0.0,0.0,0.0,0.0,0.0,0.0,0.0,0.0,0.0,0.0,0.0,0.0,0.0,0.0,0.0,0.0,0.0,0.0,0.0,0.0,0.0,0.0,0.0,0.0,0.0,0.0,0.0,0.0,0.0,0.0,0.0,0.0,0.0,0.0,
0.0,0.0,-0.054,-0.092,-0.034,-0.063,-0.044,-0.124,-0.09,-0.062,-0.096,-0.089,-0.08,-0.051,-0.085,-0.128,-0.148,-0.17,-0.206,-0.238,-0.237,-0.235,-0.126,-0.102,-0.023,-0.106,-0.086,-0.123,-0.028,-0.101,-0.124,-0.083,-0.06,-0.069,-0.115,-0.072,-0.048,-0.108,-0.18,-0.188,-0.174,-0.22,-0.266,-0.252,-0.091,-0.082,-0.061,-0.126,-0.05,-0.103,-0.065,-0.121,-0.09,-0.062,-0.096,-0.089,-0.08,-0.051,-0.085,-0.128,-0.148,-0.17,-0.206,-0.238,-0.237,-0.235,-0.126,-0.102,-0.023,-0.106,-0.086,-0.123,-0.028,-0.101,-0.124,-0.083,-0.06,-0.069,-0.115,-0.072,-0.048,-0.108,-0.18,-0.188,-0.174,-0.22,-0.266,-0.252,-0.091,-0.082,-0.061,-0.126,-0.05,-0.103,-0.065,-0.121,-0.09,-0.062,-0.096,-0.089,
0.0,0.0,-0.126,-0.152,-0.183,-0.195,-0.187,-0.187,-0.185,-0.195,-0.187,-0.187,-0.185,-0.187,-0.185,-0.195,-0.187,-0.187,-0.185,-0.187,-0.185,-0.195,-0.187,-0.187,-0.185,-0.187,-0.185,-0.195,-0.187,-0.187,-0.185,-0.187,-0.185,-0.195,-0.187,-0.187,-0.185,-0.187,-0.185,-0.195,-0.187,-0.187,-0.185,-0.187,-0.185,-0.195,-0.187,-0.187,-0.185,-0.187,-0.185,-0.195,-0.187,-0.187,-0.185,-0.187,-0.185,-0.195,-0.187,-0.187,-0.185,-0.187,-0.185,-0.195,-0.187,-0.187,-0.185,-0.187,-0.185,-0.195,-0.187,-0.187,-0.185,-0.187,-0.185,-0.195,-0.187,-0.187,-0.185,-0.187,-0.185,-0.195,-0.187,-0.187,-0.185,-0.187,-0.185,-0.195,-0.187,-0.187,-0.185,-0.187,-0.185,-0.195,-0.187,-0.187,-0.185,-0.187,-0.185,-0.195,
0.0,0.0,-0.11,-0.15,-0.123,-0.176,-0.156,-0.178,-0.171,-0.152,-0.16,-0.244,-0.143,-0.174,-0.169,-0.173,-0.164,-0.212,-0.138,-0.141,-0.112,-0.15,-0.123,-0.176,-0.156,-0.178,-0.171,-0.152,-0.16,-0.244,-0.143,-0.174,-0.169,-0.173,-0.164,-0.212,-0.138,-0.141,-0.112,-0.15,-0.123,-0.176,-0.156,-0.178,-0.171,-0.152,-0.16,-0.244,-0.143,-0.174,-0.169,-0.173,-0.164,-0.212,-0.138,-0.141,-0.112,-0.15,-0.123,-0.176,-0.156,-0.178,-0.171,-0.152,-0.16,-0.244,-0.143,-0.174,-0.169,-0.173,-0.164,-0.212,-0.138,-0.141,-0.112,-0.15,-0.123,-0.176,-0.156,-0.178,-0.171,-0.152,-0.16,-0.244,-0.143,-0.174,-0.169,-0.173,-0.164,-0.212,-0.138,-0.141,-0.112,-0.15,-0.123,-0.176,-0.156,-0.178,-0.171,-0.152,
0.0,0.0,-0.077,-0.157,-0.175,-0.172,-0.137,-0.137,-0.171,-0.164,-0.14,-0.126,-0.172,-0.144,-0.085,-0.102,-0.23,-0.198,-0.19,-0.199,-0.23,-0.206,-0.191,-0.219,-0.199,-0.193,-0.14,-0.14,-0.161,-0.145,-0.156,-0.158,-0.129,-0.137,-0.081,-0.136,-0.161,-0.136,-0.083,-0.083,-0.137,-0.155,-0.14,-0.126,-0.172,-0.144,-0.085,-0.102,-0.23,-0.198,-0.19,-0.199,-0.23,-0.206,-0.191,-0.219,-0.199,-0.193,-0.14,-0.14,-0.161,-0.145,-0.156,-0.158,-0.129,-0.137,-0.081,-0.136,-0.161,-0.136,-0.083,-0.083,-0.137,-0.155,-0.14,-0.126,-0.172,-0.144,-0.085,-0.102,-0.23,-0.198,-0.19,-0.199,-0.23,-0.206,-0.191,-0.219,-0.199,-0.193,-0.14,-0.14,-0.161,-0.145,-0.156,-0.158,-0.129,-0.137,-0.081,-0.136,
0.0,0.0,-0.02,-0.027,-0.049,-0.047,-0.159,-0.2,-0.181,-0.196,-0.165,-0.186,-0.197,-0.188,-0.188,-0.198,-0.181,-0.198,-0.141,-0.162,-0.171,-0.176,-0.183,-0.173,-0.136,-0.117,-0.195,-0.197,-0.188,-0.196,-0.179,-0.153,-0.151,-0.134,-0.192,-0.208,-0.215,-0.217,-0.209,-0.164,-0.142,-0.117,-0.188,-0.181,-0.193,-0.194,-0.177,-0.15,-0.168,-0.151,-0.174,-0.188,-0.186,-0.178,-0.185,-0.164,-0.165,-0.162,-0.201,-0.209,-0.216,-0.19,-0.177,-0.148,-0.161,-0.134,-0.18,-0.185,-0.184,-0.176,-0.201,-0.181,-0.147,-0.141,-0.173,-0.17,-0.192,-0.19,-0.199,-0.191,-0.175,-0.163,-0.203,-0.181,-0.184,-0.174,-0.195,-0.164,-0.153,-0.138,-0.17,-0.167,-0.208,-0.206,-0.181,-0.171,-0.145,-0.122,-0.178,-0.181,
0.0,0.0,-0.014,-0.027,-0.025,-0.027,-0.1,-0.051,-0.03,-0.022,-0.007,-0.025,-0.093,-0.051,-0.036,-0.022,-0.002,-0.025,-0.098,-0.051,-0.03,-0.022,-0.007,-0.025,-0.093,-0.051,-0.036,-0.022,-0.002,-0.025,-0.098,-0.051,-0.03,-0.022,-0.007,-0.025,-0.093,-0.051,-0.036,-0.022,-0.002,-0.025,-0.098,-0.051,-0.03,-0.022,-0.007,-0.025,-0.093,-0.051,-0.036,-0.022,-0.002,-0.025,-0.098,-0.051,-0.03,-0.022,-0.007,-0.025,-0.093,-0.051,-0.036,-0.022,-0.002,-0.025,-0.098,-0.051,-0.03,-0.022,-0.007,-0.025,-0.093,-0.051,-0.036,-0.022,-0.002,-0.025,-0.098,-0.051,-0.03,-0.022,-0.007,-0.025,-0.093,-0.051,-0.036,-0.022,-0.002,-0.025,-0.098,-0.051,-0.03,-0.022,-0.007,-0.025,-0.093,-0.051,-0.036,-0.022,
0.0,0.0,-0.051,-0.128,-0.232,-0.209,-0.268,-0.255,-0.273,-0.304,-0.313,-0.26,-0.278,-0.292,-0.271,-0.284,-0.259,-0.273,-0.304,-0.313,-0.26,-0.278,-0.292,-0.271,-0.284,-0.259,-0.273,-0.304,-0.313,-0.26,-0.278,-0.292,-0.271,-0.284,-0.259,-0.273,-0.304,-0.313,-0.26,-0.278,-0.292,-0.271,-0.284,-0.259,-0.273,-0.304,-0.313,-0.26,-0.278,-0.292,-0.271,-0.284,-0.259,-0.273,-0.304,-0.313,-0.26,-0.278,-0.292,-0.271,-0.284,-0.259,-0.273,-0.304,-0.313,-0.26,-0.278,-0.292,-0.271,-0.284,-0.259,-0.273,-0.304,-0.313,-0.26,-0.278,-0.292,-0.271,-0.284,-0.259,-0.273,-0.304,-0.313,-0.26,-0.278,-0.292,-0.271,-0.284,-0.259,-0.273,-0.304,-0.313,-0.26,-0.278,-0.292,-0.271,-0.284,-0.259,-0.273,-0.304,
0.0,0.0,-0.053,-0.078,-0.134,-0.106,-0.103,-0.162,-0.194,-0.237,-0.259,-0.172,-0.181,-0.212,-0.18,-0.162,-0.2,-0.22,-0.208,-0.194,-0.175,-0.178,-0.225,-0.191,-0.164,-0.198,-0.222,-0.206,-0.196,-0.173,-0.179,-0.224,-0.193,-0.162,-0.2,-0.22,-0.208,-0.194,-0.175,-0.178,-0.225,-0.191,-0.164,-0.198,-0.222,-0.206,-0.196,-0.173,-0.179,-0.224,-0.193,-0.162,-0.2,-0.22,-0.208,-0.194,-0.175,-0.178,-0.225,-0.191,-0.164,-0.198,-0.222,-0.206,-0.196,-0.173,-0.179,-0.224,-0.193,-0.162,-0.2,-0.22,-0.208,-0.194,-0.175,-0.178,-0.225,-0.191,-0.164,-0.198,-0.222,-0.206,-0.196,-0.173,-0.179,-0.224,-0.193,-0.162,-0.2,-0.22,-0.208,-0.194,-0.175,-0.178,-0.225,-0.191,-0.164,-0.198,-0.222,-0.206,
0.0,0.0,-0.072,-0.046,-0.055,-0.097,-0.105,-0.057,-0.067,-0.103,-0.09,-0.089,-0.131,-0.112,-0.136,-0.062,-0.072,-0.086,-0.101,-0.088,-0.04,-0.121,-0.086,-0.082,-0.094,-0.108,-0.129,-0.086,-0.07,-0.123,-0.048,-0.114,-0.154,-0.173,-0.195,-0.211,-0.07,-0.053,-0.192,-0.174,-0.201,-0.108,-0.122,-0.108,-0.091,-0.072,-0.123,-0.168,-0.117,-0.147,-0.104,-0.085,-0.112,-0.074,-0.062,-0.091,-0.113,-0.171,-0.079,-0.098,-0.099,-0.034,-0.055,-0.117,-0.153,-0.193,-0.214,-0.11,-0.083,-0.207,-0.213,-0.193,-0.096,-0.103,-0.105,-0.096,-0.117,-0.117,-0.192,-0.093,-0.134,-0.044,-0.045,-0.091,-0.072,-0.065,-0.13,-0.14,-0.186,-0.123,-0.089,-0.087,-0.012,-0.051,-0.121,-0.194,-0.188,-0.237,-0.086,-0.069,
0.0,0.0,-0.013,-0.084,-0.207,-0.265,-0.292,-0.286,-0.292,-0.292,-0.295,-0.31,-0.308,-0.313,-0.31,-0.313,-0.31,-0.313,-0.31,-0.313,-0.31,-0.313,-0.31,-0.313,-0.31,-0.313,-0.31,-0.313,-0.31,-0.313,-0.31,-0.313,-0.31,-0.313,-0.31,-0.313,-0.31,-0.313,-0.31,-0.313,-0.31,-0.313,-0.31,-0.313,-0.31,-0.313,-0.31,-0.313,-0.31,-0.313,-0.31,-0.313,-0.31,-0.313,-0.31,-0.313,-0.31,-0.313,-0.31,-0.313,-0.31,-0.313,-0.31,-0.313,-0.31,-0.313,-0.31,-0.313,-0.31,-0.313,-0.31,-0.313,-0.31,-0.313,-0.31,-0.313,-0.31,-0.313,-0.31,-0.313,-0.31,-0.313,-0.31,-0.313,-0.31,-0.313,-0.31,-0.313,-0.31,-0.313,-0.31,-0.313,-0.31,-0.313,-0.31,-0.313,-0.31,-0.313,-0.31,-0.313,
0.0,0.0,-0.114,-0.061,-0.132,-0.163,-0.16,-0.175,-0.171,-0.114,-0.062,-0.139,-0.155,-0.095,-0.157,-0.165,-0.125,-0.111,-0.136,-0.179,-0.165,-0.147,-0.092,-0.16,-0.162,-0.128,-0.107,-0.139,-0.176,-0.168,-0.144,-0.095,-0.157,-0.165,-0.125,-0.111,-0.136,-0.179,-0.165,-0.147,-0.092,-0.16,-0.162,-0.128,-0.107,-0.139,-0.176,-0.168,-0.144,-0.095,-0.157,-0.165,-0.125,-0.111,-0.136,-0.179,-0.165,-0.147,-0.092,-0.16,-0.162,-0.128,-0.107,-0.139,-0.176,-0.168,-0.144,-0.095,-0.157,-0.165,-0.125,-0.111,-0.136,-0.179,-0.165,-0.147,-0.092,-0.16,-0.162,-0.128,-0.107,-0.139,-0.176,-0.168,-0.144,-0.095,-0.157,-0.165,-0.125,-0.111,-0.136,-0.179,-0.165,-0.147,-0.092,-0.16,-0.162,-0.128,-0.107,-0.139,
0.0,0.0,-0.033,-0.047,-0.046,-0.041,-0.043,-0.041,-0.043,-0.041,-0.043,-0.041,-0.043,-0.041,-0.043,-0.041,-0.043,-0.041,-0.043,-0.041,-0.043,-0.041,-0.043,-0.041,-0.043,-0.041,-0.043,-0.041,-0.043,-0.041,-0.043,-0.041,-0.043,-0.041,-0.043,-0.041,-0.043,-0.041,-0.043,-0.041,-0.043,-0.041,-0.043,-0.041,-0.043,-0.041,-0.043,-0.041,-0.043,-0.041,-0.043,-0.041,-0.043,-0.041,-0.043,-0.041,-0.043,-0.041,-0.043,-0.041,-0.043,-0.041,-0.043,-0.041,-0.043,-0.041,-0.043,-0.041,-0.043,-0.041,-0.043,-0.041,-0.043,-0.041,-0.043,-0.041,-0.043,-0.041,-0.043,-0.041,-0.043,-0.041,-0.043,-0.041,-0.043,-0.041,-0.043,-0.041,-0.043,-0.041,-0.043,-0.041,-0.043,-0.041,-0.043,-0.041,-0.043,-0.041,-0.043,-0.041,
0.0,0.0,-0.071,-0.158,-0.132,-0.204,-0.127,-0.145,-0.187,-0.141,-0.094,-0.145,-0.232,-0.242,-0.214,-0.183,-0.195,-0.213,-0.154,-0.145,-0.09,-0.141,-0.119,-0.137,-0.184,-0.201,-0.183,-0.182,-0.195,-0.232,-0.24,-0.28,-0.311,-0.308,-0.244,-0.126,-0.113,-0.153,-0.125,-0.098,-0.186,-0.227,-0.217,-0.223,-0.192,-0.239,-0.24,-0.207,-0.146,-0.096,-0.138,-0.136,-0.106,-0.196,-0.154,-0.19,-0.222,-0.21,-0.171,-0.194,-0.192,-0.171,-0.187,-0.209,-0.216,-0.177,-0.187,-0.199,-0.211,-0.131,-0.135,-0.191,-0.137,-0.098,-0.141,-0.235,-0.238,-0.218,-0.179,-0.199,-0.21,-0.158,-0.141,-0.095,-0.137,-0.123,-0.133,-0.188,-0.197,-0.186,-0.178,-0.199,-0.229,-0.243,-0.276,-0.314,-0.305,-0.248,-0.122,-0.117,
0.0,0.0,-0.091,-0.15,-0.107,-0.167,-0.183,-0.209,-0.184,-0.199,-0.197,-0.224,-0.213,-0.219,-0.205,-0.216,-0.261,-0.258,-0.229,-0.206,-0.188,-0.208,-0.157,-0.188,-0.208,-0.157,-0.211,-0.261,-0.258,-0.229,-0.206,-0.188,-0.208,-0.157,-0.188,-0.208,-0.157,-0.211,-0.261,-0.258,-0.229,-0.206,-0.188,-0.208,-0.157,-0.188,-0.208,-0.157,-0.211,-0.261,-0.258,-0.229,-0.206,-0.188,-0.208,-0.157,-0.188,-0.208,-0.157,-0.211,-0.261,-0.258,-0.229,-0.206,-0.188,-0.208,-0.157,-0.188,-0.208,-0.157,-0.211,-0.261,-0.258,-0.229,-0.206,-0.188,-0.208,-0.157,-0.188,-0.208,-0.157,-0.211,-0.261,-0.258,-0.229,-0.206,-0.188,-0.208,-0.157,-0.188,-0.208,-0.157,-0.211,-0.261,-0.258,-0.229,-0.206,-0.188,-0.208,-0.157,
0.0,0.0,-0.054,-0.056,-0.091,-0.017,-0.061,-0.083,-0.035,-0.062,-0.064,-0.08,-0.095,-0.078,-0.098,-0.101,-0.067,-0.083,-0.097,-0.078,-0.098,-0.101,-0.067,-0.083,-0.097,-0.078,-0.098,-0.101,-0.067,-0.083,-0.097,-0.078,-0.098,-0.101,-0.067,-0.083,-0.097,-0.078,-0.098,-0.101,-0.067,-0.083,-0.097,-0.078,-0.098,-0.101,-0.067,-0.083,-0.097,-0.078,-0.098,-0.101,-0.067,-0.083,-0.097,-0.078,-0.098,-0.101,-0.067,-0.083,-0.097,-0.078,-0.098,-0.101,-0.067,-0.083,-0.097,-0.078,-0.098,-0.101,-0.067,-0.083,-0.097,-0.078,-0.098,-0.101,-0.067,-0.083,-0.097,-0.078,-0.098,-0.101,-0.067,-0.083,-0.097,-0.078,-0.098,-0.101,-0.067,-0.083,-0.097,-0.078,-0.098,-0.101,-0.067,-0.083,-0.097,-0.078,-0.098,-0.101,
0.0,0.0,-0.044,-0.101,-0.12,-0.149,-0.167,-0.089,-0.112,-0.126,-0.142,-0.169,-0.157,-0.155,-0.16,-0.196,-0.178,-0.169,-0.139,-0.11,-0.128,-0.121,-0.171,-0.148,-0.165,-0.089,-0.112,-0.126,-0.142,-0.169,-0.157,-0.155,-0.16,-0.196,-0.178,-0.169,-0.139,-0.11,-0.128,-0.121,-0.171,-0.148,-0.165,-0.089,-0.112,-0.126,-0.142,-0.169,-0.157,-0.155,-0.16,-0.196,-0.178,-0.169,-0.139,-0.11,-0.128,-0.121,-0.171,-0.148,-0.165,-0.089,-0.112,-0.126,-0.142,-0.169,-0.157,-0.155,-0.16,-0.196,-0.178,-0.169,-0.139,-0.11,-0.128,-0.121,-0.171,-0.148,-0.165,-0.089,-0.112,-0.126,-0.142,-0.169,-0.157,-0.155,-0.16,-0.196,-0.178,-0.169,-0.139,-0.11,-0.128,-0.121,-0.171,-0.148,-0.165,-0.089,-0.112,-0.126,
0.0,0.0,-0.084,-0.156,-0.105,-0.193,-0.233,-0.233,-0.207,-0.117,-0.021,-0.209,-0.204,-0.174,-0.193,-0.224,-0.236,-0.156,-0.087,-0.21,-0.203,-0.174,-0.193,-0.224,-0.236,-0.156,-0.087,-0.21,-0.203,-0.174,-0.193,-0.224,-0.236,-0.156,-0.087,-0.21,-0.203,-0.174,-0.193,-0.224,-0.236,-0.156,-0.087,-0.21,-0.203,-0.174,-0.193,-0.224,-0.236,-0.156,-0.087,-0.21,-0.203,-0.174,-0.193,-0.224,-0.236,-0.156,-0.087,-0.21,-0.203,-0.174,-0.193,-0.224,-0.236,-0.156,-0.087,-0.21,-0.203,-0.174,-0.193,-0.224,-0.236,-0.156,-0.087,-0.21,-0.203,-0.174,-0.193,-0.224,-0.236,-0.156,-0.087,-0.21,-0.203,-0.174,-0.193,-0.224,-0.236,-0.156,-0.087,-0.21,-0.203,-0.174,-0.193,-0.224,-0.236,-0.156,-0.087,-0.21,
0.0,0.0,-0.012,-0.136,-0.119,-0.123,-0.069,-0.07,-0.145,-0.16,-0.083,-0.148,-0.095,-0.088,-0.123,-0.144,-0.114,-0.117,-0.113,-0.093,-0.141,-0.145,-0.103,-0.052,-0.065,-0.144,-0.168,-0.104,-0.101,-0.113,-0.15,-0.168,-0.103,-0.103,-0.111,-0.152,-0.167,-0.104,-0.101,-0.113,-0.15,-0.168,-0.103,-0.103,-0.111,-0.152,-0.167,-0.104,-0.101,-0.113,-0.15,-0.168,-0.103,-0.103,-0.111,-0.152,-0.167,-0.104,-0.101,-0.113,-0.15,-0.168,-0.103,-0.103,-0.111,-0.152,-0.167,-0.104,-0.101,-0.113,-0.15,-0.168,-0.103,-0.103,-0.111,-0.152,-0.167,-0.104,-0.101,-0.113,-0.15,-0.168,-0.103,-0.103,-0.111,-0.152,-0.167,-0.104,-0.101,-0.113,-0.15,-0.168,-0.103,-0.103,-0.111,-0.152,-0.167,-0.104,-0.101,-0.113,
0.0,0.0,-0.053,-0.114,-0.093,-0.128,-0.093,-0.128,-0.093,-0.128,-0.093,-0.128,-0.093,-0.128,-0.093,-0.128,-0.093,-0.128,-0.093,-0.128,-0.093,-0.128,-0.093,-0.128,-0.093,-0.128,-0.093,-0.128,-0.093,-0.128,-0.093,-0.128,-0.093,-0.128,-0.093,-0.128,-0.093,-0.128,-0.093,-0.128,-0.093,-0.128,-0.093,-0.128,-0.093,-0.128,-0.093,-0.128,-0.093,-0.128,-0.093,-0.128,-0.093,-0.128,-0.093,-0.128,-0.093,-0.128,-0.093,-0.128,-0.093,-0.128,-0.093,-0.128,-0.093,-0.128,-0.093,-0.128,-0.093,-0.128,-0.093,-0.128,-0.093,-0.128,-0.093,-0.128,-0.093,-0.128,-0.093,-0.128,-0.093,-0.128,-0.093,-0.128,-0.093,-0.128,-0.093,-0.128,-0.093,-0.128,-0.093,-0.128,-0.093,-0.128,-0.093,-0.128,-0.093,-0.128,-0.093,-0.128,
0.0,0.0,-0.089,-0.126,-0.106,-0.123,-0.125,-0.132,-0.128,-0.101,-0.077,-0.078,-0.087,-0.102,-0.125,-0.133,-0.104,-0.069,-0.084,-0.089,-0.094,-0.129,-0.135,-0.096,-0.075,-0.085,-0.081,-0.099,-0.132,-0.128,-0.102,-0.077,-0.078,-0.086,-0.102,-0.125,-0.134,-0.104,-0.069,-0.082,-0.089,-0.094,-0.131,-0.135,-0.096,-0.074,-0.085,-0.081,-0.101,-0.132,-0.128,-0.101,-0.077,-0.078,-0.087,-0.102,-0.125,-0.133,-0.104,-0.069,-0.084,-0.089,-0.094,-0.129,-0.135,-0.096,-0.075,-0.085,-0.081,-0.099,-0.132,-0.128,-0.102,-0.077,-0.078,-0.086,-0.102,-0.125,-0.134,-0.104,-0.069,-0.082,-0.089,-0.094,-0.131,-0.135,-0.096,-0.074,-0.085,-0.081,-0.101,-0.132,-0.128,-0.101,-0.077,-0.078,-0.087,-0.102,-0.125,-0.133,
0.0,0.0,-0.02,-0.034,-0.022,-0.183,-0.101,-0.064,-0.059,-0.072,-0.039,-0.022,-0.066,-0.105,-0.153,-0.108,-0.112,-0.064,-0.041,-0.027,-0.069,-0.122,-0.118,-0.172,-0.139,-0.191,-0.179,-0.093,-0.147,-0.153,-0.079,-0.068,-0.054,-0.075,-0.043,-0.022,-0.066,-0.073,-0.048,-0.167,-0.138,-0.17,-0.215,-0.2,-0.138,-0.154,-0.184,-0.203,-0.199,-0.161,-0.09,-0.02,-0.066,-0.11,-0.115,-0.118,-0.143,-0.114,-0.135,-0.083,-0.054,-0.068,-0.046,-0.157,-0.231,-0.208,-0.174,-0.085,-0.107,-0.064,-0.043,-0.025,-0.058,-0.073,-0.076,-0.083,-0.099,-0.095,-0.034,-0.018,-0.063,-0.067,-0.038,-0.018,-0.063,-0.067,-0.038,-0.018,-0.063,-0.067,-0.038,-0.018,-0.063,-0.067,-0.038,-0.018,-0.063,-0.067,-0.038,-0.018,
0.0,0.0,-0.057,-0.16,-0.217,-0.199,-0.228,-0.201,-0.206,-0.154,-0.127,-0.196,-0.199,-0.162,-0.134,-0.135,-0.124,-0.196,-0.197,-0.162,-0.134,-0.135,-0.124,-0.196,-0.197,-0.162,-0.134,-0.135,-0.124,-0.196,-0.197,-0.162,-0.134,-0.135,-0.124,-0.196,-0.197,-0.162,-0.134,-0.135,-0.124,-0.196,-0.197,-0.162,-0.134,-0.135,-0.124,-0.196,-0.197,-0.162,-0.134,-0.135,-0.124,-0.196,-0.197,-0.162,-0.134,-0.135,-0.124,-0.196,-0.197,-0.162,-0.134,-0.135,-0.124,-0.196,-0.197,-0.162,-0.134,-0.135,-0.124,-0.196,-0.197,-0.162,-0.134,-0.135,-0.124,-0.196,-0.197,-0.162,-0.134,-0.135,-0.124,-0.196,-0.197,-0.162,-0.134,-0.135,-0.124,-0.196,-0.197,-0.162,-0.134,-0.135,-0.124,-0.196,-0.197,-0.162,-0.134,-0.135,
0.0,0.0,-0.009,-0.004,-0.017,-0.069,-0.048,-0.065,-0.002,-0.015,-0.071,-0.048,-0.065,-0.002,-0.015,-0.071,-0.048,-0.065,-0.002,-0.015,-0.071,-0.048,-0.065,-0.002,-0.015,-0.071,-0.048,-0.065,-0.002,-0.015,-0.071,-0.048,-0.065,-0.002,-0.015,-0.071,-0.048,-0.065,-0.002,-0.015,-0.071,-0.048,-0.065,-0.002,-0.015,-0.071,-0.048,-0.065,-0.002,-0.015,-0.071,-0.048,-0.065,-0.002,-0.015,-0.071,-0.048,-0.065,-0.002,-0.015,-0.071,-0.048,-0.065,-0.002,-0.015,-0.071,-0.048,-0.065,-0.002,-0.015,-0.071,-0.048,-0.065,-0.002,-0.015,-0.071,-0.048,-0.065,-0.002,-0.015,-0.071,-0.048,-0.065,-0.002,-0.015,-0.071,-0.048,-0.065,-0.002,-0.015,-0.071,-0.048,-0.065,-0.002,-0.015,-0.071,-0.048,-0.065,-0.002,-0.015,
0.0,0.0,-0.071,-0.043,-0.009,0.002,-0.005,-0.005,-0.002,-0.009,-0.003,-0.005,-0.002,0.005,0.009,0.002,-0.007,-0.065,-0.016,-0.009,0.0,0.007,0.007,-0.002,-0.014,-0.005,-0.003,-0.003,-0.005,-0.005,-0.007,-0.007,-0.007,-0.007,-0.002,0.003,0.002,-0.009,-0.017,-0.016,-0.014,-0.019,-0.011,-0.005,-0.009,-0.005,-0.002,-0.003,-0.002,0.0,-0.009,-0.011,-0.005,0.004,0.002,0.004,0.004,-0.002,-0.007,-0.016,-0.01,-0.005,0.002,0.002,-0.002,-0.009,-0.005,0.002,0.003,0.0,-0.009,0.0,-0.005,-0.004,-0.005,0.002,0.005,-0.003,0.03,-0.003,-0.08,-0.053,-0.016,-0.009,-0.005,0.0,0.002,-0.005,-0.012,-0.005,-0.009,-0.002,-0.002,0.0,0.0,-0.065,-0.016,-0.009,0.003,0.0,
0.0,0.0,-0.065,-0.083,-0.075,-0.082,-0.073,-0.082,-0.073,-0.082,-0.073,-0.082,-0.073,-0.082,-0.073,-0.082,-0.073,-0.082,-0.073,-0.082,-0.073,-0.082,-0.073,-0.082,-0.073,-0.082,-0.073,-0.082,-0.073,-0.082,-0.073,-0.082,-0.073,-0.082,-0.073,-0.082,-0.073,-0.082,-0.073,-0.082,-0.073,-0.082,-0.073,-0.082,-0.073,-0.082,-0.073,-0.082,-0.073,-0.082,-0.073,-0.082,-0.073,-0.082,-0.073,-0.082,-0.073,-0.082,-0.073,-0.082,-0.073,-0.082,-0.073,-0.082,-0.073,-0.082,-0.073,-0.082,-0.073,-0.082,-0.073,-0.082,-0.073,-0.082,-0.073,-0.082,-0.073,-0.082,-0.073,-0.082,-0.073,-0.082,-0.073,-0.082,-0.073,-0.082,-0.073,-0.082,-0.073,-0.082,-0.073,-0.082,-0.073,-0.082,-0.073,-0.082,-0.073,-0.082,-0.073,-0.082,
0.0,0.0,0.026,-0.091,-0.135,-0.164,-0.11,-0.149,-0.225,-0.186,-0.196,-0.127,-0.157,-0.119,-0.143,-0.208,-0.181,-0.154,-0.109,-0.135,-0.107,-0.195,-0.205,-0.139,-0.134,-0.11,-0.155,-0.142,-0.174,-0.178,-0.081,-0.122,-0.089,-0.146,-0.12,-0.151,-0.208,-0.216,-0.167,-0.134,-0.13,-0.153,-0.167,-0.156,-0.11,-0.154,-0.14,-0.17,-0.078,-0.156,-0.135,-0.1,-0.132,-0.117,-0.2,-0.214,-0.199,-0.178,-0.083,-0.164,-0.134,-0.147,-0.107,-0.186,-0.184,-0.125,-0.09,-0.122,-0.127,-0.097,-0.166,-0.162,-0.157,-0.224,-0.167,-0.17,-0.08,-0.196,-0.178,-0.101,-0.119,-0.154,-0.176,-0.122,-0.125,-0.167,-0.079,-0.109,-0.132,-0.154,-0.154,-0.254,-0.21,-0.125,-0.092,-0.164,-0.17,-0.098,-0.153,-0.197,
0.0,0.0,-0.096,-0.131,-0.135,-0.139,-0.125,-0.138,-0.136,-0.139,-0.145,-0.139,-0.119,-0.139,-0.142,-0.116,-0.139,-0.139,-0.142,-0.116,-0.139,-0.139,-0.142,-0.116,-0.139,-0.139,-0.142,-0.116,-0.139,-0.139,-0.142,-0.116,-0.139,-0.139,-0.142,-0.116,-0.139,-0.139,-0.142,-0.116,-0.139,-0.139,-0.142,-0.116,-0.139,-0.139,-0.142,-0.116,-0.139,-0.139,-0.142,-0.116,-0.139,-0.139,-0.142,-0.116,-0.139,-0.139,-0.142,-0.116,-0.139,-0.139,-0.142,-0.116,-0.139,-0.139,-0.142,-0.116,-0.139,-0.139,-0.142,-0.116,-0.139,-0.139,-0.142,-0.116,-0.139,-0.139,-0.142,-0.116,-0.139,-0.139,-0.142,-0.116,-0.139,-0.139,-0.142,-0.116,-0.139,-0.139,-0.142,-0.116,-0.139,-0.139,-0.142,-0.116,-0.139,-0.139,-0.142,-0.116,
0.0,0.0,0.0,0.0,0.0,0.0,0.0,0.0,0.0,0.0,0.0,0.0,0.0,0.0,0.0,0.0,0.0,0.0,0.0,0.0,0.0,0.0,0.0,0.0,0.0,0.0,0.0,0.0,0.0,0.0,0.0,0.0,0.0,0.0,0.0,0.0,0.0,0.0,0.0,0.0,0.0,0.0,0.0,0.0,0.0,0.0,0.0,0.0,0.0,0.0,0.0,0.0,0.0,0.0,0.0,0.0,0.0,0.0,0.0,0.0,0.0,0.0,0.0,0.0,0.0,0.0,0.0,0.0,0.0,0.0,0.0,0.0,0.0,0.0,0.0,0.0,0.0,0.0,0.0,0.0,0.0,0.0,0.0,0.0,0.0,0.0,0.0,0.0,0.0,0.0,0.0,0.0,0.0,0.0,0.0,0.0,0.0,0.0,0.0,0.0,
0.0,0.0,0.0,-0.016,-0.006,-0.003,-0.022,-0.001,0.013,-0.062,0.019,0.017,-0.047,-0.021,0.037,-0.042,-0.006,-0.003,-0.022,-0.001,0.013,-0.062,0.019,0.017,-0.047,-0.021,0.037,-0.042,-0.006,-0.003,-0.022,-0.001,0.013,-0.062,0.019,0.017,-0.047,-0.021,0.037,-0.042,-0.006,-0.003,-0.022,-0.001,0.013,-0.062,0.019,0.017,-0.047,-0.021,0.037,-0.042,-0.006,-0.003,-0.022,-0.001,0.013,-0.062,0.019,0.017,-0.047,-0.021,0.037,-0.042,-0.006,-0.003,-0.022,-0.001,0.013,-0.062,0.019,0.017,-0.047,-0.021,0.037,-0.042,-0.006,-0.003,-0.022,-0.001,0.013,-0.062,0.019,0.017,-0.047,-0.021,0.037,-0.042,-0.006,-0.003,-0.022,-0.001,0.013,-0.062,0.019,0.017,-0.047,-0.021,0.037,-0.042,
0.0,0.0,0.0,0.0,0.0,-0.022,-0.061,-0.03,-0.025,-0.051,0.001,-0.042,-0.032,-0.018,-0.023,-0.051,0.001,-0.042,-0.032,-0.018,-0.023,-0.051,0.001,-0.042,-0.032,-0.018,-0.023,-0.051,0.001,-0.042,-0.032,-0.018,-0.023,-0.051,0.001,-0.042,-0.032,-0.018,-0.023,-0.051,0.001,-0.042,-0.032,-0.018,-0.023,-0.051,0.001,-0.042,-0.032,-0.018,-0.023,-0.051,0.001,-0.042,-0.032,-0.018,-0.023,-0.051,0.001,-0.042,-0.032,-0.018,-0.023,-0.051,0.001,-0.042,-0.032,-0.018,-0.023,-0.051,0.001,-0.042,-0.032,-0.018,-0.023,-0.051,0.001,-0.042,-0.032,-0.018,-0.023,-0.051,0.001,-0.042,-0.032,-0.018,-0.023,-0.051,0.001,-0.042,-0.032,-0.018,-0.023,-0.051,0.001,-0.042,-0.032,-0.018,-0.023,-0.051,
0.0,0.0,0.0,0.0,0.0,0.0,0.0,0.0,0.0,0.0,0.0,0.0,0.0,0.0,0.0,0.0,0.0,0.0,0.0,0.0,0.0,0.0,0.0,0.0,0.0,0.0,0.0,0.0,0.0,0.0,0.0,0.0,0.0,0.0,0.0,0.0,0.0,0.0,0.0,0.0,0.0,0.0,0.0,0.0,0.0,0.0,0.0,0.0,0.0,0.0,0.0,0.0,0.0,0.0,0.0,0.0,0.0,0.0,0.0,0.0,0.0,0.0,0.0,0.0,0.0,0.0,0.0,0.0,0.0,0.0,0.0,0.0,0.0,0.0,0.0,0.0,0.0,0.0,0.0,0.0,0.0,0.0,0.0,0.0,0.0,0.0,0.0,0.0,0.0,0.0,0.0,0.0,0.0,0.0,0.0,0.0,0.0,0.0,0.0,0.0,
0.0,0.0,0.0,-0.09,-0.047,-0.06,-0.122,-0.118,-0.046,-0.129,-0.094,-0.084,-0.11,-0.102,-0.059,-0.145,-0.082,-0.067,-0.122,-0.118,-0.046,-0.129,-0.094,-0.084,-0.11,-0.102,-0.059,-0.145,-0.082,-0.067,-0.122,-0.118,-0.046,-0.129,-0.094,-0.084,-0.11,-0.102,-0.059,-0.145,-0.082,-0.067,-0.122,-0.118,-0.046,-0.129,-0.094,-0.084,-0.11,-0.102,-0.059,-0.145,-0.082,-0.067,-0.122,-0.118,-0.046,-0.129,-0.094,-0.084,-0.11,-0.102,-0.059,-0.145,-0.082,-0.067,-0.122,-0.118,-0.046,-0.129,-0.094,-0.084,-0.11,-0.102,-0.059,-0.145,-0.082,-0.067,-0.122,-0.118,-0.046,-0.129,-0.094,-0.084,-0.11,-0.102,-0.059,-0.145,-0.082,-0.067,-0.122,-0.118,-0.046,-0.129,-0.094,-0.084,-0.11,-0.102,-0.059,-0.145,
0.0,0.0,0.0,0.0,0.0,0.0,0.0,0.0,0.0,0.0,0.0,0.0,0.0,0.0,0.0,0.0,0.0,0.0,0.0,0.0,0.0,0.0,0.0,0.0,0.0,0.0,0.0,0.0,0.0,0.0,0.0,0.0,0.0,0.0,0.0,0.0,0.0,0.0,0.0,0.0,0.0,0.0,0.0,0.0,0.0,0.0,0.0,0.0,0.0,0.0,0.0,0.0,0.0,0.0,0.0,0.0,0.0,0.0,0.0,0.0,0.0,0.0,0.0,0.0,0.0,0.0,0.0,0.0,0.0,0.0,0.0,0.0,0.0,0.0,0.0,0.0,0.0,0.0,0.0,0.0,0.0,0.0,0.0,0.0,0.0,0.0,0.0,0.0,0.0,0.0,0.0,0.0,0.0,0.0,0.0,0.0,0.0,0.0,0.0,0.0,
0.0,0.0,0.0,0.0,0.0,0.0,0.0,0.0,0.0,0.0,0.0,0.0,0.0,0.0,0.0,0.0,0.0,0.0,0.0,0.0,0.0,0.0,0.0,0.0,0.0,0.0,0.0,0.0,0.0,0.0,0.0,0.0,0.0,0.0,0.0,0.0,0.0,0.0,0.0,0.0,0.0,0.0,0.0,0.0,0.0,0.0,0.0,0.0,0.0,0.0,0.0,0.0,0.0,0.0,0.0,0.0,0.0,0.0,0.0,0.0,0.0,0.0,0.0,0.0,0.0,0.0,0.0,0.0,0.0,0.0,0.0,0.0,0.0,0.0,0.0,0.0,0.0,0.0,0.0,0.0,0.0,0.0,0.0,0.0,0.0,0.0,0.0,0.0,0.0,0.0,0.0,0.0,0.0,0.0,0.0,0.0,0.0,0.0,0.0,0.0,
0.0,0.0,0.0,0.0,0.0,0.0,0.0,0.0,0.0,0.0,0.0,0.0,0.0,0.0,0.0,0.0,0.0,0.0,0.0,0.0,0.0,0.0,0.0,0.0,0.0,0.0,0.0,0.0,0.0,0.0,0.0,0.0,0.0,0.0,0.0,0.0,0.0,0.0,0.0,0.0,0.0,0.0,0.0,0.0,0.0,0.0,0.0,0.0,0.0,0.0,0.0,0.0,0.0,0.0,0.0,0.0,0.0,0.0,0.0,0.0,0.0,0.0,0.0,0.0,0.0,0.0,0.0,0.0,0.0,0.0,0.0,0.0,0.0,0.0,0.0,0.0,0.0,0.0,0.0,0.0,0.0,0.0,0.0,0.0,0.0,0.0,0.0,0.0,0.0,0.0,0.0,0.0,0.0,0.0,0.0,0.0,0.0,0.0,0.0,0.0,
0.0,0.0,-0.055,-0.116,-0.156,-0.164,-0.173,-0.17,-0.175,-0.17,-0.175,-0.17,-0.175,-0.17,-0.175,-0.17,-0.175,-0.17,-0.175,-0.17,-0.175,-0.17,-0.175,-0.17,-0.175,-0.17,-0.175,-0.17,-0.175,-0.17,-0.175,-0.17,-0.175,-0.17,-0.175,-0.17,-0.175,-0.17,-0.175,-0.17,-0.175,-0.17,-0.175,-0.17,-0.175,-0.17,-0.175,-0.17,-0.175,-0.17,-0.175,-0.17,-0.175,-0.17,-0.175,-0.17,-0.175,-0.17,-0.175,-0.17,-0.175,-0.17,-0.175,-0.17,-0.175,-0.17,-0.175,-0.17,-0.175,-0.17,-0.175,-0.17,-0.175,-0.17,-0.175,-0.17,-0.175,-0.17,-0.175,-0.17,-0.175,-0.17,-0.175,-0.17,-0.175,-0.17,-0.175,-0.17,-0.175,-0.17,-0.175,-0.17,-0.175,-0.17,-0.175,-0.17,-0.175,-0.17,-0.175,-0.17,
0.0,0.0,0.0,0.0,0.0,0.0,0.0,0.0,0.0,0.0,0.0,0.0,0.0,0.0,0.0,0.0,0.0,0.0,0.0,0.0,0.0,0.0,0.0,0.0,0.0,0.0,0.0,0.0,0.0,0.0,0.0,0.0,0.0,0.0,0.0,0.0,0.0,0.0,0.0,0.0,0.0,0.0,0.0,0.0,0.0,0.0,0.0,0.0,0.0,0.0,0.0,0.0,0.0,0.0,0.0,0.0,0.0,0.0,0.0,0.0,0.0,0.0,0.0,0.0,0.0,0.0,0.0,0.0,0.0,0.0,0.0,0.0,0.0,0.0,0.0,0.0,0.0,0.0,0.0,0.0,0.0,0.0,0.0,0.0,0.0,0.0,0.0,0.0,0.0,0.0,0.0,0.0,0.0,0.0,0.0,0.0,0.0,0.0,0.0,0.0,
0.0,0.0,0.0,0.0,0.0,0.0,0.0,0.0,0.0,0.0,0.0,0.0,0.0,0.0,0.0,0.0,0.0,0.0,0.0,0.0,0.0,0.0,0.0,0.0,0.0,0.0,0.0,0.0,0.0,0.0,0.0,0.0,0.0,0.0,0.0,0.0,0.0,0.0,0.0,0.0,0.0,0.0,0.0,0.0,0.0,0.0,0.0,0.0,0.0,0.0,0.0,0.0,0.0,0.0,0.0,0.0,0.0,0.0,0.0,0.0,0.0,0.0,0.0,0.0,0.0,0.0,0.0,0.0,0.0,0.0,0.0,0.0,0.0,0.0,0.0,0.0,0.0,0.0,0.0,0.0,0.0,0.0,0.0,0.0,0.0,0.0,0.0,0.0,0.0,0.0,0.0,0.0,0.0,0.0,0.0,0.0,0.0,0.0,0.0,0.0,
0.0,0.0,0.0,-0.133,-0.061,0.012,-0.012,-0.136,-0.047,0.0,-0.016,-0.122,-0.058,-0.004,0.0,-0.133,-0.062,0.012,-0.012,-0.136,-0.047,0.0,-0.016,-0.122,-0.058,-0.004,0.0,-0.133,-0.062,0.012,-0.012,-0.136,-0.047,0.0,-0.016,-0.122,-0.058,-0.004,0.0,-0.133,-0.062,0.012,-0.012,-0.136,-0.047,0.0,-0.016,-0.122,-0.058,-0.004,0.0,-0.133,-0.062,0.012,-0.012,-0.136,-0.047,0.0,-0.016,-0.122,-0.058,-0.004,0.0,-0.133,-0.062,0.012,-0.012,-0.136,-0.047,0.0,-0.016,-0.122,-0.058,-0.004,0.0,-0.133,-0.062,0.012,-0.012,-0.136,-0.047,0.0,-0.016,-0.122,-0.058,-0.004,0.0,-0.133,-0.062,0.012,-0.012,-0.136,-0.047,0.0,-0.016,-0.122,-0.058,-0.004,0.0,-0.133,
0.0,0.0,0.0,0.0,0.0,0.0,0.0,0.0,0.0,0.0,0.0,0.0,0.0,0.0,0.0,0.0,0.0,0.0,0.0,0.0,0.0,0.0,0.0,0.0,0.0,0.0,0.0,0.0,0.0,0.0,0.0,0.0,0.0,0.0,0.0,0.0,0.0,0.0,0.0,0.0,0.0,0.0,0.0,0.0,0.0,0.0,0.0,0.0,0.0,0.0,0.0,0.0,0.0,0.0,0.0,0.0,0.0,0.0,0.0,0.0,0.0,0.0,0.0,0.0,0.0,0.0,0.0,0.0,0.0,0.0,0.0,0.0,0.0,0.0,0.0,0.0,0.0,0.0,0.0,0.0,0.0,0.0,0.0,0.0,0.0,0.0,0.0,0.0,0.0,0.0,0.0,0.0,0.0,0.0,0.0,0.0,0.0,0.0,0.0,0.0,
0.0,0.0,0.0,0.0,0.0,0.0,0.0,0.0,0.0,0.0,0.0,0.0,0.0,0.0,0.0,0.0,0.0,0.0,0.0,0.0,0.0,0.0,0.0,0.0,0.0,0.0,0.0,0.0,0.0,0.0,0.0,0.0,0.0,0.0,0.0,0.0,0.0,0.0,0.0,0.0,0.0,0.0,0.0,0.0,0.0,0.0,0.0,0.0,0.0,0.0,0.0,0.0,0.0,0.0,0.0,0.0,0.0,0.0,0.0,0.0,0.0,0.0,0.0,0.0,0.0,0.0,0.0,0.0,0.0,0.0,0.0,0.0,0.0,0.0,0.0,0.0,0.0,0.0,0.0,0.0,0.0,0.0,0.0,0.0,0.0,0.0,0.0,0.0,0.0,0.0,0.0,0.0,0.0,0.0,0.0,0.0,0.0,0.0,0.0,0.0,
0.0,0.0,-0.01,-0.03,-0.036,-0.026,-0.016,-0.017,-0.016,-0.028,-0.025,-0.025,-0.041,-0.051,-0.036,-0.022,-0.022,-0.025,-0.02,-0.019,-0.023,-0.022,-0.026,-0.028,-0.025,-0.023,-0.028,-0.025,-0.023,-0.028,-0.025,-0.023,-0.028,-0.025,-0.023,-0.028,-0.025,-0.023,-0.028,-0.025,-0.023,-0.028,-0.025,-0.023,-0.028,-0.025,-0.023,-0.028,-0.025,-0.023,-0.028,-0.025,-0.023,-0.028,-0.025,-0.023,-0.028,-0.025,-0.023,-0.028,-0.025,-0.023,-0.028,-0.025,-0.023,-0.028,-0.025,-0.023,-0.028,-0.025,-0.023,-0.028,-0.025,-0.023,-0.028,-0.025,-0.023,-0.028,-0.025,-0.023,-0.028,-0.025,-0.023,-0.028,-0.025,-0.023,-0.028,-0.025,-0.023,-0.028,-0.025,-0.023,-0.028,-0.025,-0.023,-0.028,-0.025,-0.023,-0.028,-0.025,
0.0,0.0,0.0,-0.106,-0.124,-0.122,-0.128,-0.139,-0.128,-0.141,-0.128,-0.141,-0.128,-0.141,-0.128,-0.141,-0.128,-0.141,-0.128,-0.141,-0.128,-0.141,-0.128,-0.141,-0.128,-0.141,-0.128,-0.141,-0.128,-0.141,-0.128,-0.141,-0.128,-0.141,-0.128,-0.141,-0.128,-0.141,-0.128,-0.141,-0.128,-0.141,-0.128,-0.141,-0.128,-0.141,-0.128,-0.141,-0.128,-0.141,-0.128,-0.141,-0.128,-0.141,-0.128,-0.141,-0.128,-0.141,-0.128,-0.141,-0.128,-0.141,-0.128,-0.141,-0.128,-0.141,-0.128,-0.141,-0.128,-0.141,-0.128,-0.141,-0.128,-0.141,-0.128,-0.141,-0.128,-0.141,-0.128,-0.141,-0.128,-0.141,-0.128,-0.141,-0.128,-0.141,-0.128,-0.141,-0.128,-0.141,-0.128,-0.141,-0.128,-0.141,-0.128,-0.141,-0.128,-0.141,-0.128,-0.141,
0.0,0.0,-0.084,-0.243,-0.144,-0.097,-0.18,-0.134,-0.11,-0.177,-0.135,-0.104,-0.182,-0.129,-0.11,-0.177,-0.135,-0.104,-0.182,-0.129,-0.11,-0.177,-0.135,-0.104,-0.182,-0.129,-0.11,-0.177,-0.135,-0.104,-0.182,-0.129,-0.11,-0.177,-0.135,-0.104,-0.182,-0.129,-0.11,-0.177,-0.135,-0.104,-0.182,-0.129,-0.11,-0.177,-0.135,-0.104,-0.182,-0.129,-0.11,-0.177,-0.135,-0.104,-0.182,-0.129,-0.11,-0.177,-0.135,-0.104,-0.182,-0.129,-0.11,-0.177,-0.135,-0.104,-0.182,-0.129,-0.11,-0.177,-0.135,-0.104,-0.182,-0.129,-0.11,-0.177,-0.135,-0.104,-0.182,-0.129,-0.11,-0.177,-0.135,-0.104,-0.182,-0.129,-0.11,-0.177,-0.135,-0.104,-0.182,-0.129,-0.11,-0.177,-0.135,-0.104,-0.182,-0.129,-0.11,-0.177,
0.0,0.0,0.0,0.0,0.0,0.0,0.0,0.0,0.0,0.0,0.0,0.0,0.0,0.0,0.0,0.0,0.0,0.0,0.0,0.0,0.0,0.0,0.0,0.0,0.0,0.0,0.0,0.0,0.0,0.0,0.0,0.0,0.0,0.0,0.0,0.0,0.0,0.0,0.0,0.0,0.0,0.0,0.0,0.0,0.0,0.0,0.0,0.0,0.0,0.0,0.0,0.0,0.0,0.0,0.0,0.0,0.0,0.0,0.0,0.0,0.0,0.0,0.0,0.0,0.0,0.0,0.0,0.0,0.0,0.0,0.0,0.0,0.0,0.0,0.0,0.0,0.0,0.0,0.0,0.0,0.0,0.0,0.0,0.0,0.0,0.0,0.0,0.0,0.0,0.0,0.0,0.0,0.0,0.0,0.0,0.0,0.0,0.0,0.0,0.0,
0.0,0.0,-0.01,-0.019,-0.031,-0.026,-0.013,-0.015,-0.026,-0.028,-0.024,-0.013,-0.015,-0.026,-0.028,-0.024,-0.013,-0.015,-0.026,-0.028,-0.024,-0.013,-0.015,-0.026,-0.028,-0.024,-0.013,-0.015,-0.026,-0.028,-0.024,-0.013,-0.015,-0.026,-0.028,-0.024,-0.013,-0.015,-0.026,-0.028,-0.024,-0.013,-0.015,-0.026,-0.028,-0.024,-0.013,-0.015,-0.026,-0.028,-0.024,-0.013,-0.015,-0.026,-0.028,-0.024,-0.013,-0.015,-0.026,-0.028,-0.024,-0.013,-0.015,-0.026,-0.028,-0.024,-0.013,-0.015,-0.026,-0.028,-0.024,-0.013,-0.015,-0.026,-0.028,-0.024,-0.013,-0.015,-0.026,-0.028,-0.024,-0.013,-0.015,-0.026,-0.028,-0.024,-0.013,-0.015,-0.026,-0.028,-0.024,-0.013,-0.015,-0.026,-0.028,-0.024,-0.013,-0.015,-0.026,-0.028,
0.0,0.0,-0.051,-0.1,-0.165,-0.176,-0.118,-0.088,-0.032,-0.144,-0.156,-0.173,-0.146,-0.131,-0.155,-0.145,-0.138,-0.127,-0.156,-0.21,-0.212,-0.209,-0.209,-0.154,-0.158,-0.226,-0.152,-0.112,-0.173,-0.187,-0.167,-0.18,-0.144,-0.112,-0.215,-0.197,-0.12,-0.173,-0.144,-0.156,-0.225,-0.152,-0.112,-0.173,-0.187,-0.167,-0.18,-0.144,-0.112,-0.215,-0.197,-0.12,-0.173,-0.144,-0.156,-0.225,-0.152,-0.112,-0.173,-0.187,-0.167,-0.18,-0.144,-0.112,-0.215,-0.197,-0.12,-0.173,-0.144,-0.156,-0.225,-0.152,-0.112,-0.173,-0.187,-0.167,-0.18,-0.144,-0.112,-0.215,-0.197,-0.12,-0.173,-0.144,-0.156,-0.225,-0.152,-0.112,-0.173,-0.187,-0.167,-0.18,-0.144,-0.112,-0.215,-0.197,-0.12,-0.173,-0.144,-0.156,
0.0,0.0,-0.065,-0.061,-0.072,-0.043,-0.033,-0.048,-0.047,-0.043,-0.01,0.031,0.002,-0.039,-0.072,-0.048,-0.017,-0.083,-0.036,0.002,-0.053,-0.034,-0.017,0.014,0.036,0.036,-0.028,-0.065,-0.033,0.003,-0.053,-0.034,-0.017,0.014,0.036,0.036,-0.028,-0.065,-0.033,0.003,-0.053,-0.034,-0.017,0.014,0.036,0.036,-0.028,-0.065,-0.033,0.003,-0.053,-0.034,-0.017,0.014,0.036,0.036,-0.028,-0.065,-0.033,0.003,-0.053,-0.034,-0.017,0.014,0.036,0.036,-0.028,-0.065,-0.033,0.003,-0.053,-0.034,-0.017,0.014,0.036,0.036,-0.028,-0.065,-0.033,0.003,-0.053,-0.034,-0.017,0.014,0.036,0.036,-0.028,-0.065,-0.033,0.003,-0.053,-0.034,-0.017,0.014,0.036,0.036,-0.028,-0.065,-0.033,0.003,
0.0,0.0,-0.08,-0.064,-0.155,-0.128,-0.146,-0.014,-0.159,-0.136,-0.076,-0.115,-0.074,-0.057,-0.037,-0.064,-0.118,-0.117,-0.116,-0.149,-0.098,-0.144,-0.138,-0.132,-0.152,-0.105,-0.037,-0.117,-0.057,-0.03,-0.069,-0.122,-0.172,-0.191,-0.185,-0.068,-0.037,-0.066,-0.143,-0.139,-0.199,-0.069,-0.039,-0.12,-0.178,-0.118,-0.074,-0.073,-0.126,-0.133,-0.185,-0.069,-0.039,-0.066,-0.143,-0.139,-0.199,-0.069,-0.039,-0.12,-0.178,-0.118,-0.074,-0.073,-0.126,-0.133,-0.185,-0.069,-0.039,-0.066,-0.143,-0.139,-0.199,-0.069,-0.039,-0.12,-0.178,-0.118,-0.074,-0.073,-0.126,-0.133,-0.185,-0.069,-0.039,-0.066,-0.143,-0.139,-0.199,-0.069,-0.039,-0.12,-0.178,-0.118,-0.074,-0.073,-0.126,-0.133,-0.185,-0.069,
0.0,0.0,-0.05,-0.121,-0.094,-0.12,-0.109,-0.051,-0.098,-0.139,-0.099,-0.082,-0.046,-0.062,-0.133,-0.092,-0.143,-0.107,-0.06,-0.097,-0.131,-0.014,-0.065,-0.068,-0.16,-0.126,-0.109,-0.162,-0.07,-0.104,-0.16,-0.127,-0.089,-0.175,-0.123,-0.095,-0.165,-0.069,-0.104,-0.144,-0.134,-0.104,-0.183,-0.126,-0.036,-0.173,-0.123,-0.095,-0.159,-0.139,-0.091,-0.165,-0.127,-0.034,-0.173,-0.106,-0.102,-0.173,-0.147,-0.094,-0.11,-0.136,-0.091,-0.165,-0.122,-0.107,-0.16,-0.127,-0.095,-0.108,-0.136,-0.073,-0.171,-0.136,-0.115,-0.163,-0.07,-0.104,-0.16,-0.127,-0.089,-0.175,-0.123,-0.095,-0.165,-0.069,-0.104,-0.144,-0.134,-0.104,-0.183,-0.126,-0.036,-0.173,-0.123,-0.095,-0.159,-0.139,-0.091,-0.165,
0.0,0.0,-0.181,-0.217,-0.191,-0.237,-0.272,-0.271,-0.281,-0.28,-0.215,-0.273,-0.274,-0.281,-0.28,-0.215,-0.273,-0.274,-0.281,-0.28,-0.215,-0.273,-0.274,-0.281,-0.28,-0.215,-0.273,-0.274,-0.281,-0.28,-0.215,-0.273,-0.274,-0.281,-0.28,-0.215,-0.273,-0.274,-0.281,-0.28,-0.215,-0.273,-0.274,-0.281,-0.28,-0.215,-0.273,-0.274,-0.281,-0.28,-0.215,-0.273,-0.274,-0.281,-0.28,-0.215,-0.273,-0.274,-0.281,-0.28,-0.215,-0.273,-0.274,-0.281,-0.28,-0.215,-0.273,-0.274,-0.281,-0.28,-0.215,-0.273,-0.274,-0.281,-0.28,-0.215,-0.273,-0.274,-0.281,-0.28,-0.215,-0.273,-0.274,-0.281,-0.28,-0.215,-0.273,-0.274,-0.281,-0.28,-0.215,-0.273,-0.274,-0.281,-0.28,-0.215,-0.273,-0.274,-0.281,-0.28,
0.0,0.0,0.0,0.0,0.0,0.0,0.0,0.0,0.0,0.0,0.0,0.0,0.0,0.0,0.0,0.0,0.0,0.0,0.0,0.0,0.0,0.0,0.0,0.0,0.0,0.0,0.0,0.0,0.0,0.0,0.0,0.0,0.0,0.0,0.0,0.0,0.0,0.0,0.0,0.0,0.0,0.0,0.0,0.0,0.0,0.0,0.0,0.0,0.0,0.0,0.0,0.0,0.0,0.0,0.0,0.0,0.0,0.0,0.0,0.0,0.0,0.0,0.0,0.0,0.0,0.0,0.0,0.0,0.0,0.0,0.0,0.0,0.0,0.0,0.0,0.0,0.0,0.0,0.0,0.0,0.0,0.0,0.0,0.0,0.0,0.0,0.0,0.0,0.0,0.0,0.0,0.0,0.0,0.0,0.0,0.0,0.0,0.0,0.0,0.0,
0.0,0.0,0.0,0.0,0.0,0.0,0.0,0.0,0.0,0.0,0.0,0.0,0.0,0.0,0.0,0.0,0.0,0.0,0.0,0.0,0.0,0.0,0.0,0.0,0.0,0.0,0.0,0.0,0.0,0.0,0.0,0.0,0.0,0.0,0.0,0.0,0.0,0.0,0.0,0.0,0.0,0.0,0.0,0.0,0.0,0.0,0.0,0.0,0.0,0.0,0.0,0.0,0.0,0.0,0.0,0.0,0.0,0.0,0.0,0.0,0.0,0.0,0.0,0.0,0.0,0.0,0.0,0.0,0.0,0.0,0.0,0.0,0.0,0.0,0.0,0.0,0.0,0.0,0.0,0.0,0.0,0.0,0.0,0.0,0.0,0.0,0.0,0.0,0.0,0.0,0.0,0.0,0.0,0.0,0.0,0.0,0.0,0.0,0.0,0.0,
0.0,0.0,0.0,0.0,0.0,0.0,0.0,0.0,0.0,0.0,0.0,0.0,0.0,0.0,0.0,0.0,0.0,0.0,0.0,0.0,0.0,0.0,0.0,0.0,0.0,0.0,0.0,0.0,0.0,0.0,0.0,0.0,0.0,0.0,0.0,0.0,0.0,0.0,0.0,0.0,0.0,0.0,0.0,0.0,0.0,0.0,0.0,0.0,0.0,0.0,0.0,0.0,0.0,0.0,0.0,0.0,0.0,0.0,0.0,0.0,0.0,0.0,0.0,0.0,0.0,0.0,0.0,0.0,0.0,0.0,0.0,0.0,0.0,0.0,0.0,0.0,0.0,0.0,0.0,0.0,0.0,0.0,0.0,0.0,0.0,0.0,0.0,0.0,0.0,0.0,0.0,0.0,0.0,0.0,0.0,0.0,0.0,0.0,0.0,0.0,
0.0,0.0,0.0,-0.03,0.0,0.0,-0.03,0.0,0.0,-0.03,0.0,0.0,-0.03,0.0,0.0,-0.03,0.0,0.0,-0.03,0.0,0.0,-0.03,0.0,0.0,-0.03,0.0,0.0,-0.03,0.0,0.0,-0.03,0.0,0.0,-0.03,0.0,0.0,-0.03,0.0,0.0,-0.03,0.0,0.0,-0.03,0.0,0.0,-0.03,0.0,0.0,-0.03,0.0,0.0,-0.03,0.0,0.0,-0.03,0.0,0.0,-0.03,0.0,0.0,-0.03,0.0,0.0,-0.03,0.0,0.0,-0.03,0.0,0.0,-0.03,0.0,0.0,-0.03,0.0,0.0,-0.03,0.0,0.0,-0.03,0.0,0.0,-0.03,0.0,0.0,-0.03,0.0,0.0,-0.03,0.0,0.0,-0.03,0.0,0.0,-0.03,0.0,0.0,-0.03,0.0,0.0,-0.03,
0.0,0.0,0.0,0.0,0.0,0.0,0.0,0.0,0.0,0.0,0.0,0.0,0.0,0.0,0.0,0.0,0.0,0.0,0.0,0.0,0.0,0.0,0.0,0.0,0.0,0.0,0.0,0.0,0.0,0.0,0.0,0.0,0.0,0.0,0.0,0.0,0.0,0.0,0.0,0.0,0.0,0.0,0.0,0.0,0.0,0.0,0.0,0.0,0.0,0.0,0.0,0.0,0.0,0.0,0.0,0.0,0.0,0.0,0.0,0.0,0.0,0.0,0.0,0.0,0.0,0.0,0.0,0.0,0.0,0.0,0.0,0.0,0.0,0.0,0.0,0.0,0.0,0.0,0.0,0.0,0.0,0.0,0.0,0.0,0.0,0.0,0.0,0.0,0.0,0.0,0.0,0.0,0.0,0.0,0.0,0.0,0.0,0.0,0.0,0.0,
0.0,0.0,-0.013,-0.033,-0.044,-0.049,-0.047,-0.047,-0.048,-0.048,-0.048,-0.048,-0.048,-0.048,-0.048,-0.048,-0.048,-0.048,-0.048,-0.048,-0.048,-0.048,-0.048,-0.048,-0.048,-0.048,-0.048,-0.048,-0.048,-0.048,-0.048,-0.048,-0.048,-0.048,-0.048,-0.048,-0.048,-0.048,-0.048,-0.048,-0.048,-0.048,-0.048,-0.048,-0.048,-0.048,-0.048,-0.048,-0.048,-0.048,-0.048,-0.048,-0.048,-0.048,-0.048,-0.048,-0.048,-0.048,-0.048,-0.048,-0.048,-0.048,-0.048,-0.048,-0.048,-0.048,-0.048,-0.048,-0.048,-0.048,-0.048,-0.048,-0.048,-0.048,-0.048,-0.048,-0.048,-0.048,-0.048,-0.048,-0.048,-0.048,-0.048,-0.048,-0.048,-0.048,-0.048,-0.048,-0.048,-0.048,-0.048,-0.048,-0.048,-0.048,-0.048,-0.048,-0.048,-0.048,-0.048,-0.048,
0.0,0.0,-0.064,-0.2,-0.201,-0.248,-0.191,-0.144,-0.143,-0.249,-0.208,-0.205,-0.161,-0.139,-0.24,-0.237,-0.158,-0.174,-0.156,-0.237,-0.228,-0.189,-0.125,-0.17,-0.252,-0.225,-0.179,-0.157,-0.121,-0.264,-0.24,-0.176,-0.147,-0.153,-0.22,-0.253,-0.192,-0.144,-0.143,-0.249,-0.208,-0.205,-0.161,-0.139,-0.24,-0.237,-0.158,-0.174,-0.156,-0.237,-0.228,-0.189,-0.125,-0.17,-0.252,-0.225,-0.179,-0.157,-0.121,-0.264,-0.24,-0.176,-0.147,-0.153,-0.22,-0.253,-0.192,-0.144,-0.143,-0.249,-0.208,-0.205,-0.161,-0.139,-0.24,-0.237,-0.158,-0.174,-0.156,-0.237,-0.228,-0.189,-0.125,-0.17,-0.252,-0.225,-0.179,-0.157,-0.121,-0.264,-0.24,-0.176,-0.147,-0.153,-0.22,-0.253,-0.192,-0.144,-0.143,-0.249,
0.0,0.0,0.0,0.0,0.0,0.0,0.0,0.0,0.0,0.0,0.0,0.0,0.0,0.0,0.0,0.0,0.0,0.0,0.0,0.0,0.0,0.0,0.0,0.0,0.0,0.0,0.0,0.0,0.0,0.0,0.0,0.0,0.0,0.0,0.0,0.0,0.0,0.0,0.0,0.0,0.0,0.0,0.0,0.0,0.0,0.0,0.0,0.0,0.0,0.0,0.0,0.0,0.0,0.0,0.0,0.0,0.0,0.0,0.0,0.0,0.0,0.0,0.0,0.0,0.0,0.0,0.0,0.0,0.0,0.0,0.0,0.0,0.0,0.0,0.0,0.0,0.0,0.0,0.0,0.0,0.0,0.0,0.0,0.0,0.0,0.0,0.0,0.0,0.0,0.0,0.0,0.0,0.0,0.0,0.0,0.0,0.0,0.0,0.0,0.0,
0.0,0.0,-0.077,-0.128,-0.253,-0.283,-0.288,-0.292,-0.289,-0.292,-0.289,-0.292,-0.289,-0.292,-0.289,-0.292,-0.289,-0.292,-0.289,-0.292,-0.289,-0.292,-0.289,-0.292,-0.289,-0.292,-0.289,-0.292,-0.289,-0.292,-0.289,-0.292,-0.289,-0.292,-0.289,-0.292,-0.289,-0.292,-0.289,-0.292,-0.289,-0.292,-0.289,-0.292,-0.289,-0.292,-0.289,-0.292,-0.289,-0.292,-0.289,-0.292,-0.289,-0.292,-0.289,-0.292,-0.289,-0.292,-0.289,-0.292,-0.289,-0.292,-0.289,-0.292,-0.289,-0.292,-0.289,-0.292,-0.289,-0.292,-0.289,-0.292,-0.289,-0.292,-0.289,-0.292,-0.289,-0.292,-0.289,-0.292,-0.289,-0.292,-0.289,-0.292,-0.289,-0.292,-0.289,-0.292,-0.289,-0.292,-0.289,-0.292,-0.289,-0.292,-0.289,-0.292,-0.289,-0.292,-0.289,-0.292,
0.0,0.0,-0.11,-0.228,-0.215,-0.179,-0.209,-0.164,-0.191,-0.185,-0.219,-0.192,-0.2,-0.158,-0.209,-0.177,-0.191,-0.162,-0.212,-0.192,-0.219,-0.173,-0.186,-0.182,-0.204,-0.163,-0.19,-0.185,-0.219,-0.192,-0.2,-0.158,-0.209,-0.177,-0.191,-0.162,-0.212,-0.192,-0.219,-0.173,-0.186,-0.182,-0.204,-0.163,-0.19,-0.185,-0.219,-0.192,-0.2,-0.158,-0.209,-0.177,-0.191,-0.162,-0.212,-0.192,-0.219,-0.173,-0.186,-0.182,-0.204,-0.163,-0.19,-0.185,-0.219,-0.192,-0.2,-0.158,-0.209,-0.177,-0.191,-0.162,-0.212,-0.192,-0.219,-0.173,-0.186,-0.182,-0.204,-0.163,-0.19,-0.185,-0.219,-0.192,-0.2,-0.158,-0.209,-0.177,-0.191,-0.162,-0.212,-0.192,-0.219,-0.173,-0.186,-0.182,-0.204,-0.163,-0.19,-0.185,
0.0,0.0,-0.064,-0.05,-0.146,-0.042,-0.099,-0.117,-0.179,-0.173,-0.131,-0.053,-0.079,-0.104,-0.193,-0.214,-0.217,-0.056,-0.079,-0.179,-0.227,-0.184,-0.242,-0.194,-0.231,-0.164,-0.179,-0.134,-0.179,-0.119,-0.082,-0.156,-0.166,-0.174,-0.125,-0.077,-0.075,-0.115,-0.107,-0.19,-0.144,-0.037,-0.117,-0.095,-0.136,-0.117,-0.144,-0.037,-0.087,-0.183,-0.201,-0.209,-0.147,-0.037,-0.164,-0.217,-0.17,-0.235,-0.272,-0.196,-0.149,-0.168,-0.12,-0.171,-0.204,-0.04,-0.141,-0.155,-0.161,-0.117,-0.166,-0.033,-0.099,-0.095,-0.177,-0.136,-0.13,-0.077,-0.079,-0.125,-0.102,-0.136,-0.13,-0.046,-0.168,-0.191,-0.196,-0.139,-0.13,-0.126,-0.203,-0.16,-0.222,-0.265,-0.274,-0.11,-0.152,-0.109,-0.157,-0.196,
0.0,0.0,-0.125,-0.17,-0.195,-0.283,-0.268,-0.271,-0.303,-0.31,-0.297,-0.257,-0.255,-0.256,-0.255,-0.256,-0.255,-0.256,-0.255,-0.256,-0.255,-0.256,-0.255,-0.256,-0.255,-0.256,-0.255,-0.256,-0.255,-0.256,-0.255,-0.256,-0.255,-0.256,-0.255,-0.256,-0.255,-0.256,-0.255,-0.256,-0.255,-0.256,-0.255,-0.256,-0.255,-0.256,-0.255,-0.256,-0.255,-0.256,-0.255,-0.256,-0.255,-0.256,-0.255,-0.256,-0.255,-0.256,-0.255,-0.256,-0.255,-0.256,-0.255,-0.256,-0.255,-0.256,-0.255,-0.256,-0.255,-0.256,-0.255,-0.256,-0.255,-0.256,-0.255,-0.256,-0.255,-0.256,-0.255,-0.256,-0.255,-0.256,-0.255,-0.256,-0.255,-0.256,-0.255,-0.256,-0.255,-0.256,-0.255,-0.256,-0.255,-0.256,-0.255,-0.256,-0.255,-0.256,-0.255,-0.256,
0.0,0.0,-0.031,-0.078,-0.124,-0.157,-0.18,-0.142,-0.153,-0.111,-0.053,-0.046,-0.03,0.005,-0.017,-0.019,-0.025,-0.032,-0.03,-0.04,-0.03,-0.023,-0.003,-0.008,-0.059,-0.023,-0.073,-0.035,-0.027,-0.037,-0.058,-0.062,-0.067,-0.035,-0.03,-0.04,-0.03,-0.023,-0.003,-0.008,-0.059,-0.023,-0.073,-0.035,-0.027,-0.037,-0.058,-0.062,-0.067,-0.035,-0.03,-0.04,-0.03,-0.023,-0.003,-0.008,-0.059,-0.023,-0.073,-0.035,-0.027,-0.037,-0.058,-0.062,-0.067,-0.035,-0.03,-0.04,-0.03,-0.023,-0.003,-0.008,-0.059,-0.023,-0.073,-0.035,-0.027,-0.037,-0.058,-0.062,-0.067,-0.035,-0.03,-0.04,-0.03,-0.023,-0.003,-0.008,-0.059,-0.023,-0.073,-0.035,-0.027,-0.037,-0.058,-0.062,-0.067,-0.035,-0.03,-0.04,
0.0,0.0,-0.135,-0.021,-0.172,-0.124,-0.032,-0.179,-0.201,-0.183,-0.193,-0.228,-0.262,-0.273,-0.275,-0.273,-0.275,-0.273,-0.275,-0.273,-0.275,-0.273,-0.275,-0.273,-0.275,-0.273,-0.275,-0.273,-0.275,-0.273,-0.275,-0.273,-0.275,-0.273,-0.275,-0.273,-0.275,-0.273,-0.275,-0.273,-0.275,-0.273,-0.275,-0.273,-0.275,-0.273,-0.275,-0.273,-0.275,-0.273,-0.275,-0.273,-0.275,-0.273,-0.275,-0.273,-0.275,-0.273,-0.275,-0.273,-0.275,-0.273,-0.275,-0.273,-0.275,-0.273,-0.275,-0.273,-0.275,-0.273,-0.275,-0.273,-0.275,-0.273,-0.275,-0.273,-0.275,-0.273,-0.275,-0.273,-0.275,-0.273,-0.275,-0.273,-0.275,-0.273,-0.275,-0.273,-0.275,-0.273,-0.275,-0.273,-0.275,-0.273,-0.275,-0.273,-0.275,-0.273,-0.275,-0.273,
0.0,0.0,-0.087,-0.174,-0.252,-0.265,-0.27,-0.249,-0.26,-0.255,-0.259,-0.255,-0.259,-0.255,-0.259,-0.255,-0.259,-0.255,-0.259,-0.255,-0.259,-0.255,-0.259,-0.255,-0.259,-0.255,-0.259,-0.255,-0.259,-0.255,-0.259,-0.255,-0.259,-0.255,-0.259,-0.255,-0.259,-0.255,-0.259,-0.255,-0.259,-0.255,-0.259,-0.255,-0.259,-0.255,-0.259,-0.255,-0.259,-0.255,-0.259,-0.255,-0.259,-0.255,-0.259,-0.255,-0.259,-0.255,-0.259,-0.255,-0.259,-0.255,-0.259,-0.255,-0.259,-0.255,-0.259,-0.255,-0.259,-0.255,-0.259,-0.255,-0.259,-0.255,-0.259,-0.255,-0.259,-0.255,-0.259,-0.255,-0.259,-0.255,-0.259,-0.255,-0.259,-0.255,-0.259,-0.255,-0.259,-0.255,-0.259,-0.255,-0.259,-0.255,-0.259,-0.255,-0.259,-0.255,-0.259,-0.255,
0.0,0.0,-0.043,-0.101,-0.064,-0.179,-0.149,-0.16,-0.18,-0.23,-0.136,-0.129,-0.123,-0.152,-0.193,-0.139,-0.085,-0.177,-0.119,-0.131,-0.159,-0.141,-0.11,-0.179,-0.119,-0.131,-0.159,-0.141,-0.11,-0.179,-0.119,-0.131,-0.159,-0.141,-0.11,-0.179,-0.119,-0.131,-0.159,-0.141,-0.11,-0.179,-0.119,-0.131,-0.159,-0.141,-0.11,-0.179,-0.119,-0.131,-0.159,-0.141,-0.11,-0.179,-0.119,-0.131,-0.159,-0.141,-0.11,-0.179,-0.119,-0.131,-0.159,-0.141,-0.11,-0.179,-0.119,-0.131,-0.159,-0.141,-0.11,-0.179,-0.119,-0.131,-0.159,-0.141,-0.11,-0.179,-0.119,-0.131,-0.159,-0.141,-0.11,-0.179,-0.119,-0.131,-0.159,-0.141,-0.11,-0.179,-0.119,-0.131,-0.159,-0.141,-0.11,-0.179,-0.119,-0.131,-0.159,-0.141,


