0.0,0.0,0.0,0.0,0.0,0.0,0.0,0.0,0.0,0.0,0.0,0.0,0.0,0.0,0.0,0.0,0.0,0.0,0.0,0.0,0.0,0.0,0.0,0.0,0.0,0.0,0.0,0.0,0.0,0.0,0.0,0.0,0.0,0.0,0.0,0.0,0.0,0.0,0.0,0.0,0.0,0.0,0.0,0.0,0.0,0.0,0.0,0.0,0.0,0.0,0.0,0.0,0.0,0.0,0.0,0.0,0.0,0.0,0.0,0.0,0.0,0.0,0.0,0.0,0.0,0.0,0.0,0.0,0.0,0.0,0.0,0.0,0.0,0.0,0.0,0.0,0.0,0.0,0.0,0.0,0.0,0.0,0.0,0.0,0.0,0.0,0.0,0.0,0.0,0.0,0.0,0.0,0.0,0.0,0.0,0.0,0.0,0.0,0.0,0.0,
0.0,0.0,0.0,0.0,0.0,0.0,0.0,0.0,0.0,0.0,0.0,0.0,0.0,0.0,0.0,0.0,0.0,0.0,0.0,0.0,0.0,0.0,0.0,0.0,0.0,0.0,0.0,0.0,0.0,0.0,0.0,0.0,0.0,0.0,0.0,0.0,0.0,0.0,0.0,0.0,0.0,0.0,0.0,0.0,0.0,0.0,0.0,0.0,0.0,0.0,0.0,0.0,0.0,0.0,0.0,0.0,0.0,0.0,0.0,0.0,0.0,0.0,0.0,0.0,0.0,0.0,0.0,0.0,0.0,0.0,0.0,0.0,0.0,0.0,0.0,0.0,0.0,0.0,0.0,0.0,0.0,0.0,0.0,0.0,0.0,0.0,0.0,0.0,0.0,0.0,0.0,0.0,0.0,0.0,0.0,0.0,0.0,0.0,0.0,0.0,
0.0,0.0,0.0,0.0,0.0,0.0,0.0,0.0,0.0,0.0,0.0,0.0,0.0,0.0,0.0,0.0,0.0,0.0,0.0,0.0,0.0,0.0,0.0,0.0,0.0,0.0,0.0,0.0,0.0,0.0,0.0,0.0,0.0,0.0,0.0,0.0,0.0,0.0,0.0,0.0,0.0,0.0,0.0,0.0,0.0,0.0,0.0,0.0,0.0,0.0,0.0,0.0,0.0,0.0,0.0,0.0,0.0,0.0,0.0,0.0,0.0,0.0,0.0,0.0,0.0,0.0,0.0,0.0,0.0,0.0,0.0,0.0,0.0,0.0,0.0,0.0,0.0,0.0,0.0,0.0,0.0,0.0,0.0,0.0,0.0,0.0,0.0,0.0,0.0,0.0,0.0,0.0,0.0,0.0,0.0,0.0,0.0,0.0,0.0,0.0,
0.0,0.0,0.0,0.0,0.0,0.0,0.0,0.0,0.0,0.0,0.0,0.0,0.0,0.0,0.0,0.0,0.0,0.0,0.0,0.0,0.0,0.0,0.0,0.0,0.0,0.0,0.0,0.0,0.0,0.0,0.0,0.0,0.0,0.0,0.0,0.0,0.0,0.0,0.0,0.0,0.0,0.0,0.0,0.0,0.0,0.0,0.0,0.0,0.0,0.0,0.0,0.0,0.0,0.0,0.0,0.0,0.0,0.0,0.0,0.0,0.0,0.0,0.0,0.0,0.0,0.0,0.0,0.0,0.0,0.0,0.0,0.0,0.0,0.0,0.0,0.0,0.0,0.0,0.0,0.0,0.0,0.0,0.0,0.0,0.0,0.0,0.0,0.0,0.0,0.0,0.0,0.0,0.0,0.0,0.0,0.0,0.0,0.0,0.0,0.0,
0.0,0.0,0.0,0.0,0.0,0.0,0.0,0.0,0.0,0.0,0.0,0.0,0.0,0.0,0.0,0.0,0.0,0.0,0.0,0.0,0.0,0.0,0.0,0.0,0.0,0.0,0.0,0.0,0.0,0.0,0.0,0.0,0.0,0.0,0.0,0.0,0.0,0.0,0.0,0.0,0.0,0.0,0.0,0.0,0.0,0.0,0.0,0.0,0.0,0.0,0.0,0.0,0.0,0.0,0.0,0.0,0.0,0.0,0.0,0.0,0.0,0.0,0.0,0.0,0.0,0.0,0.0,0.0,0.0,0.0,0.0,0.0,0.0,0.0,0.0,0.0,0.0,0.0,0.0,0.0,0.0,0.0,0.0,0.0,0.0,0.0,0.0,0.0,0.0,0.0,0.0,0.0,0.0,0.0,0.0,0.0,0.0,0.0,0.0,0.0,
0.0,0.0,0.0,0.0,0.0,0.0,0.0,0.0,0.0,0.0,0.0,0.0,0.0,0.0,0.0,0.0,0.0,0.0,0.0,0.0,0.0,0.0,0.0,0.0,0.0,0.0,0.0,0.0,0.0,0.0,0.0,0.0,0.0,0.0,0.0,0.0,0.0,0.0,0.0,0.0,0.0,0.0,0.0,0.0,0.0,0.0,0.0,0.0,0.0,0.0,0.0,0.0,0.0,0.0,0.0,0.0,0.0,0.0,0.0,0.0,0.0,0.0,0.0,0.0,0.0,0.0,0.0,0.0,0.0,0.0,0.0,0.0,0.0,0.0,0.0,0.0,0.0,0.0,0.0,0.0,0.0,0.0,0.0,0.0,0.0,0.0,0.0,0.0,0.0,0.0,0.0,0.0,0.0,0.0,0.0,0.0,0.0,0.0,0.0,0.0,
0.0,0.0,0.0,0.0,0.0,0.0,0.0,0.0,0.0,0.0,0.0,0.0,0.0,0.0,0.0,0.0,0.0,0.0,0.0,0.0,0.0,0.0,0.0,0.0,0.0,0.0,0.0,0.0,0.0,0.0,0.0,0.0,0.0,0.0,0.0,0.0,0.0,0.0,0.0,0.0,0.0,0.0,0.0,0.0,0.0,0.0,0.0,0.0,0.0,0.0,0.0,0.0,0.0,0.0,0.0,0.0,0.0,0.0,0.0,0.0,0.0,0.0,0.0,0.0,0.0,0.0,0.0,0.0,0.0,0.0,0.0,0.0,0.0,0.0,0.0,0.0,0.0,0.0,0.0,0.0,0.0,0.0,0.0,0.0,0.0,0.0,0.0,0.0,0.0,0.0,0.0,0.0,0.0,0.0,0.0,0.0,0.0,0.0,0.0,0.0,
0.0,0.0,0.0,0.0,0.0,0.0,0.0,0.0,0.0,0.0,0.0,0.0,0.0,0.0,0.0,0.0,0.0,0.0,0.0,0.0,0.0,0.0,0.0,0.0,0.0,0.0,0.0,0.0,0.0,0.0,0.0,0.0,0.0,0.0,0.0,0.0,0.0,0.0,0.0,0.0,0.0,0.0,0.0,0.0,0.0,0.0,0.0,0.0,0.0,0.0,0.0,0.0,0.0,0.0,0.0,0.0,0.0,0.0,0.0,0.0,0.0,0.0,0.0,0.0,0.0,0.0,0.0,0.0,0.0,0.0,0.0,0.0,0.0,0.0,0.0,0.0,0.0,0.0,0.0,0.0,0.0,0.0,0.0,0.0,0.0,0.0,0.0,0.0,0.0,0.0,0.0,0.0,0.0,0.0,0.0,0.0,0.0,0.0,0.0,0.0,
0.0,0.0,0.0,0.0,0.0,0.0,0.0,0.0,0.0,0.0,0.0,0.0,0.0,0.0,0.0,0.0,0.0,0.0,0.0,0.0,0.0,0.0,0.0,0.0,0.0,0.0,0.0,0.0,0.0,0.0,0.0,0.0,0.0,0.0,0.0,0.0,0.0,0.0,0.0,0.0,0.0,0.0,0.0,0.0,0.0,0.0,0.0,0.0,0.0,0.0,0.0,0.0,0.0,0.0,0.0,0.0,0.0,0.0,0.0,0.0,0.0,0.0,0.0,0.0,0.0,0.0,0.0,0.0,0.0,0.0,0.0,0.0,0.0,0.0,0.0,0.0,0.0,0.0,0.0,0.0,0.0,0.0,0.0,0.0,0.0,0.0,0.0,0.0,0.0,0.0,0.0,0.0,0.0,0.0,0.0,0.0,0.0,0.0,0.0,0.0,
0.0,0.0,0.0,-0.042,-0.041,-0.008,-0.033,-0.046,-0.004,-0.038,-0.041,-0.01,-0.033,-0.046,-0.004,-0.038,-0.041,-0.01,-0.033,-0.046,-0.004,-0.038,-0.041,-0.01,-0.033,-0.046,-0.004,-0.038,-0.041,-0.01,-0.033,-0.046,-0.004,-0.038,-0.041,-0.01,-0.033,-0.046,-0.004,-0.038,-0.041,-0.01,-0.033,-0.046,-0.004,-0.038,-0.041,-0.01,-0.033,-0.046,-0.004,-0.038,-0.041,-0.01,-0.033,-0.046,-0.004,-0.038,-0.041,-0.01,-0.033,-0.046,-0.004,-0.038,-0.041,-0.01,-0.033,-0.046,-0.004,-0.038,-0.041,-0.01,-0.033,-0.046,-0.004,-0.038,-0.041,-0.01,-0.033,-0.046,-0.004,-0.038,-0.041,-0.01,-0.033,-0.046,-0.004,-0.038,-0.041,-0.01,-0.033,-0.046,-0.004,-0.038,-0.041,-0.01,-0.033,-0.046,-0.004,-0.038,
0.0,0.0,0.0,0.0,0.0,0.0,0.0,0.0,0.0,0.0,0.0,0.0,0.0,0.0,0.0,0.0,0.0,0.0,0.0,0.0,0.0,0.0,0.0,0.0,0.0,0.0,0.0,0.0,0.0,0.0,0.0,0.0,0.0,0.0,0.0,0.0,0.0,0.0,0.0,0.0,0.0,0.0,0.0,0.0,0.0,0.0,0.0,0.0,0.0,0.0,0.0,0.0,0.0,0.0,0.0,0.0,0.0,0.0,0.0,0.0,0.0,0.0,0.0,0.0,0.0,0.0,0.0,0.0,0.0,0.0,0.0,0.0,0.0,0.0,0.0,0.0,0.0,0.0,0.0,0.0,0.0,0.0,0.0,0.0,0.0,0.0,0.0,0.0,0.0,0.0,0.0,0.0,0.0,0.0,0.0,0.0,0.0,0.0,0.0,0.0,
0.0,0.0,0.0,0.0,0.0,0.0,0.0,0.0,0.0,0.0,0.0,0.0,0.0,0.0,0.0,0.0,0.0,0.0,0.0,0.0,0.0,0.0,0.0,0.0,0.0,0.0,0.0,0.0,0.0,0.0,0.0,0.0,0.0,0.0,0.0,0.0,0.0,0.0,0.0,0.0,0.0,0.0,0.0,0.0,0.0,0.0,0.0,0.0,0.0,0.0,0.0,0.0,0.0,0.0,0.0,0.0,0.0,0.0,0.0,0.0,0.0,0.0,0.0,0.0,0.0,0.0,0.0,0.0,0.0,0.0,0.0,0.0,0.0,0.0,0.0,0.0,0.0,0.0,0.0,0.0,0.0,0.0,0.0,0.0,0.0,0.0,0.0,0.0,0.0,0.0,0.0,0.0,0.0,0.0,0.0,0.0,0.0,0.0,0.0,0.0,
0.0,0.0,0.0,0.0,0.0,0.0,0.0,0.0,0.0,0.0,0.0,0.0,0.0,0.0,0.0,0.0,0.0,0.0,0.0,0.0,0.0,0.0,0.0,0.0,0.0,0.0,0.0,0.0,0.0,0.0,0.0,0.0,0.0,0.0,0.0,0.0,0.0,0.0,0.0,0.0,0.0,0.0,0.0,0.0,0.0,0.0,0.0,0.0,0.0,0.0,0.0,0.0,0.0,0.0,0.0,0.0,0.0,0.0,0.0,0.0,0.0,0.0,0.0,0.0,0.0,0.0,0.0,0.0,0.0,0.0,0.0,0.0,0.0,0.0,0.0,0.0,0.0,0.0,0.0,0.0,0.0,0.0,0.0,0.0,0.0,0.0,0.0,0.0,0.0,0.0,0.0,0.0,0.0,0.0,0.0,0.0,0.0,0.0,0.0,0.0,
0.0,0.0,0.0,-0.041,-0.004,-0.043,-0.006,-0.043,-0.006,-0.043,-0.006,-0.043,-0.006,-0.043,-0.006,-0.043,-0.006,-0.043,-0.006,-0.043,-0.006,-0.043,-0.006,-0.043,-0.006,-0.043,-0.006,-0.043,-0.006,-0.043,-0.006,-0.043,-0.006,-0.043,-0.006,-0.043,-0.006,-0.043,-0.006,-0.043,-0.006,-0.043,-0.006,-0.043,-0.006,-0.043,-0.006,-0.043,-0.006,-0.043,-0.006,-0.043,-0.006,-0.043,-0.006,-0.043,-0.006,-0.043,-0.006,-0.043,-0.006,-0.043,-0.006,-0.043,-0.006,-0.043,-0.006,-0.043,-0.006,-0.043,-0.006,-0.043,-0.006,-0.043,-0.006,-0.043,-0.006,-0.043,-0.006,-0.043,-0.006,-0.043,-0.006,-0.043,-0.006,-0.043,-0.006,-0.043,-0.006,-0.043,-0.006,-0.043,-0.006,-0.043,-0.006,-0.043,-0.006,-0.043,-0.006,-0.043,
0.0,0.0,0.0,0.0,0.0,0.0,0.0,0.0,0.0,0.0,0.0,0.0,0.0,0.0,0.0,0.0,0.0,0.0,0.0,0.0,0.0,0.0,0.0,0.0,0.0,0.0,0.0,0.0,0.0,0.0,0.0,0.0,0.0,0.0,0.0,0.0,0.0,0.0,0.0,0.0,0.0,0.0,0.0,0.0,0.0,0.0,0.0,0.0,0.0,0.0,0.0,0.0,0.0,0.0,0.0,0.0,0.0,0.0,0.0,0.0,0.0,0.0,0.0,0.0,0.0,0.0,0.0,0.0,0.0,0.0,0.0,0.0,0.0,0.0,0.0,0.0,0.0,0.0,0.0,0.0,0.0,0.0,0.0,0.0,0.0,0.0,0.0,0.0,0.0,0.0,0.0,0.0,0.0,0.0,0.0,0.0,0.0,0.0,0.0,0.0,
0.0,0.0,0.0,0.0,0.0,0.0,0.0,0.0,0.0,0.0,0.0,0.0,0.0,0.0,0.0,0.0,0.0,0.0,0.0,0.0,0.0,0.0,0.0,0.0,0.0,0.0,0.0,0.0,0.0,0.0,0.0,0.0,0.0,0.0,0.0,0.0,0.0,0.0,0.0,0.0,0.0,0.0,0.0,0.0,0.0,0.0,0.0,0.0,0.0,0.0,0.0,0.0,0.0,0.0,0.0,0.0,0.0,0.0,0.0,0.0,0.0,0.0,0.0,0.0,0.0,0.0,0.0,0.0,0.0,0.0,0.0,0.0,0.0,0.0,0.0,0.0,0.0,0.0,0.0,0.0,0.0,0.0,0.0,0.0,0.0,0.0,0.0,0.0,0.0,0.0,0.0,0.0,0.0,0.0,0.0,0.0,0.0,0.0,0.0,0.0,
0.0,0.0,-0.105,-0.17,-0.179,-0.18,-0.18,-0.18,-0.18,-0.18,-0.18,-0.18,-0.18,-0.18,-0.18,-0.18,-0.18,-0.18,-0.18,-0.18,-0.18,-0.18,-0.18,-0.18,-0.18,-0.18,-0.18,-0.18,-0.18,-0.18,-0.18,-0.18,-0.18,-0.18,-0.18,-0.18,-0.18,-0.18,-0.18,-0.18,-0.18,-0.18,-0.18,-0.18,-0.18,-0.18,-0.18,-0.18,-0.18,-0.18,-0.18,-0.18,-0.18,-0.18,-0.18,-0.18,-0.18,-0.18,-0.18,-0.18,-0.18,-0.18,-0.18,-0.18,-0.18,-0.18,-0.18,-0.18,-0.18,-0.18,-0.18,-0.18,-0.18,-0.18,-0.18,-0.18,-0.18,-0.18,-0.18,-0.18,-0.18,-0.18,-0.18,-0.18,-0.18,-0.18,-0.18,-0.18,-0.18,-0.18,-0.18,-0.18,-0.18,-0.18,-0.18,-0.18,-0.18,-0.18,-0.18,-0.18,
0.0,0.0,0.0,0.0,0.0,0.0,0.0,0.0,0.0,0.0,0.0,0.0,0.0,0.0,0.0,0.0,0.0,0.0,0.0,0.0,0.0,0.0,0.0,0.0,0.0,0.0,0.0,0.0,0.0,0.0,0.0,0.0,0.0,0.0,0.0,0.0,0.0,0.0,0.0,0.0,0.0,0.0,0.0,0.0,0.0,0.0,0.0,0.0,0.0,0.0,0.0,0.0,0.0,0.0,0.0,0.0,0.0,0.0,0.0,0.0,0.0,0.0,0.0,0.0,0.0,0.0,0.0,0.0,0.0,0.0,0.0,0.0,0.0,0.0,0.0,0.0,0.0,0.0,0.0,0.0,0.0,0.0,0.0,0.0,0.0,0.0,0.0,0.0,0.0,0.0,0.0,0.0,0.0,0.0,0.0,0.0,0.0,0.0,0.0,0.0,
0.0,0.0,0.0,-0.136,-0.135,-0.097,-0.125,-0.139,-0.091,-0.106,-0.117,-0.138,-0.091,-0.106,-0.117,-0.138,-0.091,-0.106,-0.117,-0.138,-0.091,-0.106,-0.117,-0.138,-0.091,-0.106,-0.117,-0.138,-0.091,-0.106,-0.117,-0.138,-0.091,-0.106,-0.117,-0.138,-0.091,-0.106,-0.117,-0.138,-0.091,-0.106,-0.117,-0.138,-0.091,-0.106,-0.117,-0.138,-0.091,-0.106,-0.117,-0.138,-0.091,-0.106,-0.117,-0.138,-0.091,-0.106,-0.117,-0.138,-0.091,-0.106,-0.117,-0.138,-0.091,-0.106,-0.117,-0.138,-0.091,-0.106,-0.117,-0.138,-0.091,-0.106,-0.117,-0.138,-0.091,-0.106,-0.117,-0.138,-0.091,-0.106,-0.117,-0.138,-0.091,-0.106,-0.117,-0.138,-0.091,-0.106,-0.117,-0.138,-0.091,-0.106,-0.117,-0.138,-0.091,-0.106,-0.117,-0.138,
0.0,0.0,0.0,0.0,-0.035,-0.039,-0.04,-0.039,-0.04,-0.039,-0.04,-0.039,-0.04,-0.039,-0.04,-0.039,-0.04,-0.039,-0.04,-0.039,-0.04,-0.039,-0.04,-0.039,-0.04,-0.039,-0.04,-0.039,-0.04,-0.039,-0.04,-0.039,-0.04,-0.039,-0.04,-0.039,-0.04,-0.039,-0.04,-0.039,-0.04,-0.039,-0.04,-0.039,-0.04,-0.039,-0.04,-0.039,-0.04,-0.039,-0.04,-0.039,-0.04,-0.039,-0.04,-0.039,-0.04,-0.039,-0.04,-0.039,-0.04,-0.039,-0.04,-0.039,-0.04,-0.039,-0.04,-0.039,-0.04,-0.039,-0.04,-0.039,-0.04,-0.039,-0.04,-0.039,-0.04,-0.039,-0.04,-0.039,-0.04,-0.039,-0.04,-0.039,-0.04,-0.039,-0.04,-0.039,-0.04,-0.039,-0.04,-0.039,-0.04,-0.039,-0.04,-0.039,-0.04,-0.039,-0.04,-0.039,
0.0,0.0,0.0,0.0,0.0,0.0,0.0,0.0,0.0,0.0,0.0,0.0,0.0,0.0,0.0,0.0,0.0,0.0,0.0,0.0,0.0,0.0,0.0,0.0,0.0,0.0,0.0,0.0,0.0,0.0,0.0,0.0,0.0,0.0,0.0,0.0,0.0,0.0,0.0,0.0,0.0,0.0,0.0,0.0,0.0,0.0,0.0,0.0,0.0,0.0,0.0,0.0,0.0,0.0,0.0,0.0,0.0,0.0,0.0,0.0,0.0,0.0,0.0,0.0,0.0,0.0,0.0,0.0,0.0,0.0,0.0,0.0,0.0,0.0,0.0,0.0,0.0,0.0,0.0,0.0,0.0,0.0,0.0,0.0,0.0,0.0,0.0,0.0,0.0,0.0,0.0,0.0,0.0,0.0,0.0,0.0,0.0,0.0,0.0,0.0,
0.0,0.0,0.0,-0.028,-0.038,-0.068,-0.036,-0.044,-0.068,-0.036,-0.044,-0.068,-0.036,-0.044,-0.068,-0.036,-0.044,-0.068,-0.036,-0.044,-0.068,-0.036,-0.044,-0.068,-0.036,-0.044,-0.068,-0.036,-0.044,-0.068,-0.036,-0.044,-0.068,-0.036,-0.044,-0.068,-0.036,-0.044,-0.068,-0.036,-0.044,-0.068,-0.036,-0.044,-0.068,-0.036,-0.044,-0.068,-0.036,-0.044,-0.068,-0.036,-0.044,-0.068,-0.036,-0.044,-0.068,-0.036,-0.044,-0.068,-0.036,-0.044,-0.068,-0.036,-0.044,-0.068,-0.036,-0.044,-0.068,-0.036,-0.044,-0.068,-0.036,-0.044,-0.068,-0.036,-0.044,-0.068,-0.036,-0.044,-0.068,-0.036,-0.044,-0.068,-0.036,-0.044,-0.068,-0.036,-0.044,-0.068,-0.036,-0.044,-0.068,-0.036,-0.044,-0.068,-0.036,-0.044,-0.068,-0.036,
0.0,0.0,0.0,0.0,0.0,0.0,0.0,0.0,0.0,0.0,0.0,0.0,0.0,0.0,0.0,0.0,0.0,0.0,0.0,0.0,0.0,0.0,0.0,0.0,0.0,0.0,0.0,0.0,0.0,0.0,0.0,0.0,0.0,0.0,0.0,0.0,0.0,0.0,0.0,0.0,0.0,0.0,0.0,0.0,0.0,0.0,0.0,0.0,0.0,0.0,0.0,0.0,0.0,0.0,0.0,0.0,0.0,0.0,0.0,0.0,0.0,0.0,0.0,0.0,0.0,0.0,0.0,0.0,0.0,0.0,0.0,0.0,0.0,0.0,0.0,0.0,0.0,0.0,0.0,0.0,0.0,0.0,0.0,0.0,0.0,0.0,0.0,0.0,0.0,0.0,0.0,0.0,0.0,0.0,0.0,0.0,0.0,0.0,0.0,0.0,
0.0,0.0,0.0,0.0,0.0,0.0,0.0,0.0,0.0,0.0,0.0,0.0,0.0,0.0,0.0,0.0,0.0,0.0,0.0,0.0,0.0,0.0,0.0,0.0,0.0,0.0,0.0,0.0,0.0,0.0,0.0,0.0,0.0,0.0,0.0,0.0,0.0,0.0,0.0,0.0,0.0,0.0,0.0,0.0,0.0,0.0,0.0,0.0,0.0,0.0,0.0,0.0,0.0,0.0,0.0,0.0,0.0,0.0,0.0,0.0,0.0,0.0,0.0,0.0,0.0,0.0,0.0,0.0,0.0,0.0,0.0,0.0,0.0,0.0,0.0,0.0,0.0,0.0,0.0,0.0,0.0,0.0,0.0,0.0,0.0,0.0,0.0,0.0,0.0,0.0,0.0,0.0,0.0,0.0,0.0,0.0,0.0,0.0,0.0,0.0,
0.0,0.0,0.0,0.0,0.0,0.0,0.0,0.0,0.0,0.0,0.0,0.0,0.0,0.0,0.0,0.0,0.0,0.0,0.0,0.0,0.0,0.0,0.0,0.0,0.0,0.0,0.0,0.0,0.0,0.0,0.0,0.0,0.0,0.0,0.0,0.0,0.0,0.0,0.0,0.0,0.0,0.0,0.0,0.0,0.0,0.0,0.0,0.0,0.0,0.0,0.0,0.0,0.0,0.0,0.0,0.0,0.0,0.0,0.0,0.0,0.0,0.0,0.0,0.0,0.0,0.0,0.0,0.0,0.0,0.0,0.0,0.0,0.0,0.0,0.0,0.0,0.0,0.0,0.0,0.0,0.0,0.0,0.0,0.0,0.0,0.0,0.0,0.0,0.0,0.0,0.0,0.0,0.0,0.0,0.0,0.0,0.0,0.0,0.0,0.0,
0.0,0.0,0.0,0.0,0.0,0.0,0.0,0.0,0.0,0.0,0.0,0.0,0.0,0.0,0.0,0.0,0.0,0.0,0.0,0.0,0.0,0.0,0.0,0.0,0.0,0.0,0.0,0.0,0.0,0.0,0.0,0.0,0.0,0.0,0.0,0.0,0.0,0.0,0.0,0.0,0.0,0.0,0.0,0.0,0.0,0.0,0.0,0.0,0.0,0.0,0.0,0.0,0.0,0.0,0.0,0.0,0.0,0.0,0.0,0.0,0.0,0.0,0.0,0.0,0.0,0.0,0.0,0.0,0.0,0.0,0.0,0.0,0.0,0.0,0.0,0.0,0.0,0.0,0.0,0.0,0.0,0.0,0.0,0.0,0.0,0.0,0.0,0.0,0.0,0.0,0.0,0.0,0.0,0.0,0.0,0.0,0.0,0.0,0.0,0.0,
0.0,0.0,0.0,0.0,0.0,0.0,0.0,0.0,0.0,0.0,0.0,0.0,0.0,0.0,0.0,0.0,0.0,0.0,0.0,0.0,0.0,0.0,0.0,0.0,0.0,0.0,0.0,0.0,0.0,0.0,0.0,0.0,0.0,0.0,0.0,0.0,0.0,0.0,0.0,0.0,0.0,0.0,0.0,0.0,0.0,0.0,0.0,0.0,0.0,0.0,0.0,0.0,0.0,0.0,0.0,0.0,0.0,0.0,0.0,0.0,0.0,0.0,0.0,0.0,0.0,0.0,0.0,0.0,0.0,0.0,0.0,0.0,0.0,0.0,0.0,0.0,0.0,0.0,0.0,0.0,0.0,0.0,0.0,0.0,0.0,0.0,0.0,0.0,0.0,0.0,0.0,0.0,0.0,0.0,0.0,0.0,0.0,0.0,0.0,0.0,
0.0,0.0,0.0,0.0,0.0,0.0,0.0,0.0,0.0,0.0,0.0,0.0,0.0,0.0,0.0,0.0,0.0,0.0,0.0,0.0,0.0,0.0,0.0,0.0,0.0,0.0,0.0,0.0,0.0,0.0,0.0,0.0,0.0,0.0,0.0,0.0,0.0,0.0,0.0,0.0,0.0,0.0,0.0,0.0,0.0,0.0,0.0,0.0,0.0,0.0,0.0,0.0,0.0,0.0,0.0,0.0,0.0,0.0,0.0,0.0,0.0,0.0,0.0,0.0,0.0,0.0,0.0,0.0,0.0,0.0,0.0,0.0,0.0,0.0,0.0,0.0,0.0,0.0,0.0,0.0,0.0,0.0,0.0,0.0,0.0,0.0,0.0,0.0,0.0,0.0,0.0,0.0,0.0,0.0,0.0,0.0,0.0,0.0,0.0,0.0,
0.0,0.0,0.0,0.0,0.0,0.0,0.0,0.0,0.0,0.0,0.0,0.0,0.0,0.0,0.0,0.0,0.0,0.0,0.0,0.0,0.0,0.0,0.0,0.0,0.0,0.0,0.0,0.0,0.0,0.0,0.0,0.0,0.0,0.0,0.0,0.0,0.0,0.0,0.0,0.0,0.0,0.0,0.0,0.0,0.0,0.0,0.0,0.0,0.0,0.0,0.0,0.0,0.0,0.0,0.0,0.0,0.0,0.0,0.0,0.0,0.0,0.0,0.0,0.0,0.0,0.0,0.0,0.0,0.0,0.0,0.0,0.0,0.0,0.0,0.0,0.0,0.0,0.0,0.0,0.0,0.0,0.0,0.0,0.0,0.0,0.0,0.0,0.0,0.0,0.0,0.0,0.0,0.0,0.0,0.0,0.0,0.0,0.0,0.0,0.0,
0.0,0.0,-0.144,-0.12,-0.072,-0.127,-0.144,-0.048,-0.148,-0.148,-0.107,-0.138,-0.168,-0.085,-0.159,-0.148,-0.107,-0.138,-0.168,-0.085,-0.159,-0.148,-0.107,-0.138,-0.168,-0.085,-0.159,-0.148,-0.107,-0.138,-0.168,-0.085,-0.159,-0.148,-0.107,-0.138,-0.168,-0.085,-0.159,-0.148,-0.107,-0.138,-0.168,-0.085,-0.159,-0.148,-0.107,-0.138,-0.168,-0.085,-0.159,-0.148,-0.107,-0.138,-0.168,-0.085,-0.159,-0.148,-0.107,-0.138,-0.168,-0.085,-0.159,-0.148,-0.107,-0.138,-0.168,-0.085,-0.159,-0.148,-0.107,-0.138,-0.168,-0.085,-0.159,-0.148,-0.107,-0.138,-0.168,-0.085,-0.159,-0.148,-0.107,-0.138,-0.168,-0.085,-0.159,-0.148,-0.107,-0.138,-0.168,-0.085,-0.159,-0.148,-0.107,-0.138,-0.168,-0.085,-0.159,-0.148,
0.0,0.0,-0.172,-0.268,-0.278,-0.283,-0.278,-0.284,-0.278,-0.284,-0.278,-0.284,-0.278,-0.284,-0.278,-0.284,-0.278,-0.284,-0.278,-0.284,-0.278,-0.284,-0.278,-0.284,-0.278,-0.284,-0.278,-0.284,-0.278,-0.284,-0.278,-0.284,-0.278,-0.284,-0.278,-0.284,-0.278,-0.284,-0.278,-0.284,-0.278,-0.284,-0.278,-0.284,-0.278,-0.284,-0.278,-0.284,-0.278,-0.284,-0.278,-0.284,-0.278,-0.284,-0.278,-0.284,-0.278,-0.284,-0.278,-0.284,-0.278,-0.284,-0.278,-0.284,-0.278,-0.284,-0.278,-0.284,-0.278,-0.284,-0.278,-0.284,-0.278,-0.284,-0.278,-0.284,-0.278,-0.284,-0.278,-0.284,-0.278,-0.284,-0.278,-0.284,-0.278,-0.284,-0.278,-0.284,-0.278,-0.284,-0.278,-0.284,-0.278,-0.284,-0.278,-0.284,-0.278,-0.284,-0.278,-0.284,
0.0,0.0,0.0,0.0,0.0,0.0,0.0,0.0,0.0,0.0,0.0,0.0,0.0,0.0,0.0,0.0,0.0,0.0,0.0,0.0,0.0,0.0,0.0,0.0,0.0,0.0,0.0,0.0,0.0,0.0,0.0,0.0,0.0,0.0,0.0,0.0,0.0,0.0,0.0,0.0,0.0,0.0,0.0,0.0,0.0,0.0,0.0,0.0,0.0,0.0,0.0,0.0,0.0,0.0,0.0,0.0,0.0,0.0,0.0,0.0,0.0,0.0,0.0,0.0,0.0,0.0,0.0,0.0,0.0,0.0,0.0,0.0,0.0,0.0,0.0,0.0,0.0,0.0,0.0,0.0,0.0,0.0,0.0,0.0,0.0,0.0,0.0,0.0,0.0,0.0,0.0,0.0,0.0,0.0,0.0,0.0,0.0,0.0,0.0,0.0,
0.0,0.0,0.0,0.0,0.0,0.0,0.0,0.0,0.0,0.0,0.0,0.0,0.0,0.0,0.0,0.0,0.0,0.0,0.0,0.0,0.0,0.0,0.0,0.0,0.0,0.0,0.0,0.0,0.0,0.0,0.0,0.0,0.0,0.0,0.0,0.0,0.0,0.0,0.0,0.0,0.0,0.0,0.0,0.0,0.0,0.0,0.0,0.0,0.0,0.0,0.0,0.0,0.0,0.0,0.0,0.0,0.0,0.0,0.0,0.0,0.0,0.0,0.0,0.0,0.0,0.0,0.0,0.0,0.0,0.0,0.0,0.0,0.0,0.0,0.0,0.0,0.0,0.0,0.0,0.0,0.0,0.0,0.0,0.0,0.0,0.0,0.0,0.0,0.0,0.0,0.0,0.0,0.0,0.0,0.0,0.0,0.0,0.0,0.0,0.0,
0.0,0.0,0.0,0.0,0.0,0.0,0.0,0.0,0.0,0.0,0.0,0.0,0.0,0.0,0.0,0.0,0.0,0.0,0.0,0.0,0.0,0.0,0.0,0.0,0.0,0.0,0.0,0.0,0.0,0.0,0.0,0.0,0.0,0.0,0.0,0.0,0.0,0.0,0.0,0.0,0.0,0.0,0.0,0.0,0.0,0.0,0.0,0.0,0.0,0.0,0.0,0.0,0.0,0.0,0.0,0.0,0.0,0.0,0.0,0.0,0.0,0.0,0.0,0.0,0.0,0.0,0.0,0.0,0.0,0.0,0.0,0.0,0.0,0.0,0.0,0.0,0.0,0.0,0.0,0.0,0.0,0.0,0.0,0.0,0.0,0.0,0.0,0.0,0.0,0.0,0.0,0.0,0.0,0.0,0.0,0.0,0.0,0.0,0.0,0.0,
0.0,0.0,0.0,0.0,0.0,0.0,0.0,0.0,0.0,0.0,0.0,0.0,0.0,0.0,0.0,0.0,0.0,0.0,0.0,0.0,0.0,0.0,0.0,0.0,0.0,0.0,0.0,0.0,0.0,0.0,0.0,0.0,0.0,0.0,0.0,0.0,0.0,0.0,0.0,0.0,0.0,0.0,0.0,0.0,0.0,0.0,0.0,0.0,0.0,0.0,0.0,0.0,0.0,0.0,0.0,0.0,0.0,0.0,0.0,0.0,0.0,0.0,0.0,0.0,0.0,0.0,0.0,0.0,0.0,0.0,0.0,0.0,0.0,0.0,0.0,0.0,0.0,0.0,0.0,0.0,0.0,0.0,0.0,0.0,0.0,0.0,0.0,0.0,0.0,0.0,0.0,0.0,0.0,0.0,0.0,0.0,0.0,0.0,0.0,0.0,
0.0,0.0,0.0,0.0,0.0,0.0,0.0,0.0,0.0,0.0,0.0,0.0,0.0,0.0,0.0,0.0,0.0,0.0,0.0,0.0,0.0,0.0,0.0,0.0,0.0,0.0,0.0,0.0,0.0,0.0,0.0,0.0,0.0,0.0,0.0,0.0,0.0,0.0,0.0,0.0,0.0,0.0,0.0,0.0,0.0,0.0,0.0,0.0,0.0,0.0,0.0,0.0,0.0,0.0,0.0,0.0,0.0,0.0,0.0,0.0,0.0,0.0,0.0,0.0,0.0,0.0,0.0,0.0,0.0,0.0,0.0,0.0,0.0,0.0,0.0,0.0,0.0,0.0,0.0,0.0,0.0,0.0,0.0,0.0,0.0,0.0,0.0,0.0,0.0,0.0,0.0,0.0,0.0,0.0,0.0,0.0,0.0,0.0,0.0,0.0,
0.0,0.0,0.0,0.0,0.0,0.0,0.0,0.0,0.0,0.0,0.0,0.0,0.0,0.0,0.0,0.0,0.0,0.0,0.0,0.0,0.0,0.0,0.0,0.0,0.0,0.0,0.0,0.0,0.0,0.0,0.0,0.0,0.0,0.0,0.0,0.0,0.0,0.0,0.0,0.0,0.0,0.0,0.0,0.0,0.0,0.0,0.0,0.0,0.0,0.0,0.0,0.0,0.0,0.0,0.0,0.0,0.0,0.0,0.0,0.0,0.0,0.0,0.0,0.0,0.0,0.0,0.0,0.0,0.0,0.0,0.0,0.0,0.0,0.0,0.0,0.0,0.0,0.0,0.0,0.0,0.0,0.0,0.0,0.0,0.0,0.0,0.0,0.0,0.0,0.0,0.0,0.0,0.0,0.0,0.0,0.0,0.0,0.0,0.0,0.0,
0.0,0.0,0.0,0.0,0.0,0.0,0.0,0.0,0.0,0.0,0.0,0.0,0.0,0.0,0.0,0.0,0.0,0.0,0.0,0.0,0.0,0.0,0.0,0.0,0.0,0.0,0.0,0.0,0.0,0.0,0.0,0.0,0.0,0.0,0.0,0.0,0.0,0.0,0.0,0.0,0.0,0.0,0.0,0.0,0.0,0.0,0.0,0.0,0.0,0.0,0.0,0.0,0.0,0.0,0.0,0.0,0.0,0.0,0.0,0.0,0.0,0.0,0.0,0.0,0.0,0.0,0.0,0.0,0.0,0.0,0.0,0.0,0.0,0.0,0.0,0.0,0.0,0.0,0.0,0.0,0.0,0.0,0.0,0.0,0.0,0.0,0.0,0.0,0.0,0.0,0.0,0.0,0.0,0.0,0.0,0.0,0.0,0.0,0.0,0.0,
0.0,0.0,0.0,0.0,0.0,0.0,0.0,0.0,0.0,0.0,0.0,0.0,0.0,0.0,0.0,0.0,0.0,0.0,0.0,0.0,0.0,0.0,0.0,0.0,0.0,0.0,0.0,0.0,0.0,0.0,0.0,0.0,0.0,0.0,0.0,0.0,0.0,0.0,0.0,0.0,0.0,0.0,0.0,0.0,0.0,0.0,0.0,0.0,0.0,0.0,0.0,0.0,0.0,0.0,0.0,0.0,0.0,0.0,0.0,0.0,0.0,0.0,0.0,0.0,0.0,0.0,0.0,0.0,0.0,0.0,0.0,0.0,0.0,0.0,0.0,0.0,0.0,0.0,0.0,0.0,0.0,0.0,0.0,0.0,0.0,0.0,0.0,0.0,0.0,0.0,0.0,0.0,0.0,0.0,0.0,0.0,0.0,0.0,0.0,0.0,
0.0,0.0,0.0,0.0,0.0,0.0,0.0,0.0,0.0,0.0,0.0,0.0,0.0,0.0,0.0,0.0,0.0,0.0,0.0,0.0,0.0,0.0,0.0,0.0,0.0,0.0,0.0,0.0,0.0,0.0,0.0,0.0,0.0,0.0,0.0,0.0,0.0,0.0,0.0,0.0,0.0,0.0,0.0,0.0,0.0,0.0,0.0,0.0,0.0,0.0,0.0,0.0,0.0,0.0,0.0,0.0,0.0,0.0,0.0,0.0,0.0,0.0,0.0,0.0,0.0,0.0,0.0,0.0,0.0,0.0,0.0,0.0,0.0,0.0,0.0,0.0,0.0,0.0,0.0,0.0,0.0,0.0,0.0,0.0,0.0,0.0,0.0,0.0,0.0,0.0,0.0,0.0,0.0,0.0,0.0,0.0,0.0,0.0,0.0,0.0,
0.0,0.0,0.0,0.0,0.0,0.0,0.0,0.0,0.0,0.0,0.0,0.0,0.0,0.0,0.0,0.0,0.0,0.0,0.0,0.0,0.0,0.0,0.0,0.0,0.0,0.0,0.0,0.0,0.0,0.0,0.0,0.0,0.0,0.0,0.0,0.0,0.0,0.0,0.0,0.0,0.0,0.0,0.0,0.0,0.0,0.0,0.0,0.0,0.0,0.0,0.0,0.0,0.0,0.0,0.0,0.0,0.0,0.0,0.0,0.0,0.0,0.0,0.0,0.0,0.0,0.0,0.0,0.0,0.0,0.0,0.0,0.0,0.0,0.0,0.0,0.0,0.0,0.0,0.0,0.0,0.0,0.0,0.0,0.0,0.0,0.0,0.0,0.0,0.0,0.0,0.0,0.0,0.0,0.0,0.0,0.0,0.0,0.0,0.0,0.0,
0.0,0.0,0.0,0.0,0.0,0.0,0.0,0.0,0.0,0.0,0.0,0.0,0.0,0.0,0.0,0.0,0.0,0.0,0.0,0.0,0.0,0.0,0.0,0.0,0.0,0.0,0.0,0.0,0.0,0.0,0.0,0.0,0.0,0.0,0.0,0.0,0.0,0.0,0.0,0.0,0.0,0.0,0.0,0.0,0.0,0.0,0.0,0.0,0.0,0.0,0.0,0.0,0.0,0.0,0.0,0.0,0.0,0.0,0.0,0.0,0.0,0.0,0.0,0.0,0.0,0.0,0.0,0.0,0.0,0.0,0.0,0.0,0.0,0.0,0.0,0.0,0.0,0.0,0.0,0.0,0.0,0.0,0.0,0.0,0.0,0.0,0.0,0.0,0.0,0.0,0.0,0.0,0.0,0.0,0.0,0.0,0.0,0.0,0.0,0.0,
0.0,0.0,0.0,0.0,0.0,0.0,0.0,0.0,0.0,0.0,0.0,0.0,0.0,0.0,0.0,0.0,0.0,0.0,0.0,0.0,0.0,0.0,0.0,0.0,0.0,0.0,0.0,0.0,0.0,0.0,0.0,0.0,0.0,0.0,0.0,0.0,0.0,0.0,0.0,0.0,0.0,0.0,0.0,0.0,0.0,0.0,0.0,0.0,0.0,0.0,0.0,0.0,0.0,0.0,0.0,0.0,0.0,0.0,0.0,0.0,0.0,0.0,0.0,0.0,0.0,0.0,0.0,0.0,0.0,0.0,0.0,0.0,0.0,0.0,0.0,0.0,0.0,0.0,0.0,0.0,0.0,0.0,0.0,0.0,0.0,0.0,0.0,0.0,0.0,0.0,0.0,0.0,0.0,0.0,0.0,0.0,0.0,0.0,0.0,0.0,
0.0,0.0,0.0,0.0,0.0,0.0,0.0,0.0,0.0,0.0,0.0,0.0,0.0,0.0,0.0,0.0,0.0,0.0,0.0,0.0,0.0,0.0,0.0,0.0,0.0,0.0,0.0,0.0,0.0,0.0,0.0,0.0,0.0,0.0,0.0,0.0,0.0,0.0,0.0,0.0,0.0,0.0,0.0,0.0,0.0,0.0,0.0,0.0,0.0,0.0,0.0,0.0,0.0,0.0,0.0,0.0,0.0,0.0,0.0,0.0,0.0,0.0,0.0,0.0,0.0,0.0,0.0,0.0,0.0,0.0,0.0,0.0,0.0,0.0,0.0,0.0,0.0,0.0,0.0,0.0,0.0,0.0,0.0,0.0,0.0,0.0,0.0,0.0,0.0,0.0,0.0,0.0,0.0,0.0,0.0,0.0,0.0,0.0,0.0,0.0,
0.0,0.0,-0.11,-0.156,-0.171,-0.208,-0.184,-0.18,-0.21,-0.184,-0.18,-0.21,-0.184,-0.18,-0.21,-0.184,-0.18,-0.21,-0.184,-0.18,-0.21,-0.184,-0.18,-0.21,-0.184,-0.18,-0.21,-0.184,-0.18,-0.21,-0.184,-0.18,-0.21,-0.184,-0.18,-0.21,-0.184,-0.18,-0.21,-0.184,-0.18,-0.21,-0.184,-0.18,-0.21,-0.184,-0.18,-0.21,-0.184,-0.18,-0.21,-0.184,-0.18,-0.21,-0.184,-0.18,-0.21,-0.184,-0.18,-0.21,-0.184,-0.18,-0.21,-0.184,-0.18,-0.21,-0.184,-0.18,-0.21,-0.184,-0.18,-0.21,-0.184,-0.18,-0.21,-0.184,-0.18,-0.21,-0.184,-0.18,-0.21,-0.184,-0.18,-0.21,-0.184,-0.18,-0.21,-0.184,-0.18,-0.21,-0.184,-0.18,-0.21,-0.184,-0.18,-0.21,-0.184,-0.18,-0.21,-0.184,
0.0,0.0,0.0,0.0,0.0,0.0,0.0,0.0,0.0,0.0,0.0,0.0,0.0,0.0,0.0,0.0,0.0,0.0,0.0,0.0,0.0,0.0,0.0,0.0,0.0,0.0,0.0,0.0,0.0,0.0,0.0,0.0,0.0,0.0,0.0,0.0,0.0,0.0,0.0,0.0,0.0,0.0,0.0,0.0,0.0,0.0,0.0,0.0,0.0,0.0,0.0,0.0,0.0,0.0,0.0,0.0,0.0,0.0,0.0,0.0,0.0,0.0,0.0,0.0,0.0,0.0,0.0,0.0,0.0,0.0,0.0,0.0,0.0,0.0,0.0,0.0,0.0,0.0,0.0,0.0,0.0,0.0,0.0,0.0,0.0,0.0,0.0,0.0,0.0,0.0,0.0,0.0,0.0,0.0,0.0,0.0,0.0,0.0,0.0,0.0,
0.0,0.0,0.0,0.0,-0.027,-0.003,0.0,0.0,0.0,0.0,0.0,0.0,0.0,0.0,0.0,0.0,0.0,0.0,0.0,0.0,0.0,0.0,0.0,0.0,0.0,0.0,0.0,0.0,0.0,0.0,0.0,0.0,0.0,0.0,0.0,0.0,0.0,0.0,0.0,0.0,0.0,0.0,0.0,0.0,0.0,0.0,0.0,0.0,0.0,0.0,0.0,0.0,0.0,0.0,0.0,0.0,0.0,0.0,0.0,0.0,0.0,0.0,0.0,0.0,0.0,0.0,0.0,0.0,0.0,0.0,0.0,0.0,0.0,0.0,0.0,0.0,0.0,0.0,0.0,0.0,0.0,0.0,0.0,0.0,0.0,0.0,0.0,0.0,0.0,0.0,0.0,0.0,0.0,0.0,0.0,0.0,0.0,0.0,0.0,0.0,
0.0,0.0,0.0,0.0,0.0,0.0,0.0,0.0,0.0,0.0,0.0,0.0,0.0,0.0,0.0,0.0,0.0,0.0,0.0,0.0,0.0,0.0,0.0,0.0,0.0,0.0,0.0,0.0,0.0,0.0,0.0,0.0,0.0,0.0,0.0,0.0,0.0,0.0,0.0,0.0,0.0,0.0,0.0,0.0,0.0,0.0,0.0,0.0,0.0,0.0,0.0,0.0,0.0,0.0,0.0,0.0,0.0,0.0,0.0,0.0,0.0,0.0,0.0,0.0,0.0,0.0,0.0,0.0,0.0,0.0,0.0,0.0,0.0,0.0,0.0,0.0,0.0,0.0,0.0,0.0,0.0,0.0,0.0,0.0,0.0,0.0,0.0,0.0,0.0,0.0,0.0,0.0,0.0,0.0,0.0,0.0,0.0,0.0,0.0,0.0,
0.0,0.0,0.0,0.0,0.0,0.0,0.0,0.0,0.0,0.0,0.0,0.0,0.0,0.0,0.0,0.0,0.0,0.0,0.0,0.0,0.0,0.0,0.0,0.0,0.0,0.0,0.0,0.0,0.0,0.0,0.0,0.0,0.0,0.0,0.0,0.0,0.0,0.0,0.0,0.0,0.0,0.0,0.0,0.0,0.0,0.0,0.0,0.0,0.0,0.0,0.0,0.0,0.0,0.0,0.0,0.0,0.0,0.0,0.0,0.0,0.0,0.0,0.0,0.0,0.0,0.0,0.0,0.0,0.0,0.0,0.0,0.0,0.0,0.0,0.0,0.0,0.0,0.0,0.0,0.0,0.0,0.0,0.0,0.0,0.0,0.0,0.0,0.0,0.0,0.0,0.0,0.0,0.0,0.0,0.0,0.0,0.0,0.0,0.0,0.0,
0.0,0.0,-0.067,-0.036,-0.105,-0.125,-0.096,-0.115,-0.099,-0.118,-0.094,-0.12,-0.096,-0.115,-0.099,-0.118,-0.094,-0.12,-0.096,-0.115,-0.099,-0.118,-0.094,-0.12,-0.096,-0.115,-0.099,-0.118,-0.094,-0.12,-0.096,-0.115,-0.099,-0.118,-0.094,-0.12,-0.096,-0.115,-0.099,-0.118,-0.094,-0.12,-0.096,-0.115,-0.099,-0.118,-0.094,-0.12,-0.096,-0.115,-0.099,-0.118,-0.094,-0.12,-0.096,-0.115,-0.099,-0.118,-0.094,-0.12,-0.096,-0.115,-0.099,-0.118,-0.094,-0.12,-0.096,-0.115,-0.099,-0.118,-0.094,-0.12,-0.096,-0.115,-0.099,-0.118,-0.094,-0.12,-0.096,-0.115,-0.099,-0.118,-0.094,-0.12,-0.096,-0.115,-0.099,-0.118,-0.094,-0.12,-0.096,-0.115,-0.099,-0.118,-0.094,-0.12,-0.096,-0.115,-0.099,-0.118,
0.0,0.0,0.0,0.0,0.0,0.0,0.0,0.0,0.0,0.0,0.0,0.0,0.0,0.0,0.0,0.0,0.0,0.0,0.0,0.0,0.0,0.0,0.0,0.0,0.0,0.0,0.0,0.0,0.0,0.0,0.0,0.0,0.0,0.0,0.0,0.0,0.0,0.0,0.0,0.0,0.0,0.0,0.0,0.0,0.0,0.0,0.0,0.0,0.0,0.0,0.0,0.0,0.0,0.0,0.0,0.0,0.0,0.0,0.0,0.0,0.0,0.0,0.0,0.0,0.0,0.0,0.0,0.0,0.0,0.0,0.0,0.0,0.0,0.0,0.0,0.0,0.0,0.0,0.0,0.0,0.0,0.0,0.0,0.0,0.0,0.0,0.0,0.0,0.0,0.0,0.0,0.0,0.0,0.0,0.0,0.0,0.0,0.0,0.0,0.0,
0.0,0.0,0.0,0.0,0.0,0.0,0.0,0.0,0.0,0.0,0.0,0.0,0.0,0.0,0.0,0.0,0.0,0.0,0.0,0.0,0.0,0.0,0.0,0.0,0.0,0.0,0.0,0.0,0.0,0.0,0.0,0.0,0.0,0.0,0.0,0.0,0.0,0.0,0.0,0.0,0.0,0.0,0.0,0.0,0.0,0.0,0.0,0.0,0.0,0.0,0.0,0.0,0.0,0.0,0.0,0.0,0.0,0.0,0.0,0.0,0.0,0.0,0.0,0.0,0.0,0.0,0.0,0.0,0.0,0.0,0.0,0.0,0.0,0.0,0.0,0.0,0.0,0.0,0.0,0.0,0.0,0.0,0.0,0.0,0.0,0.0,0.0,0.0,0.0,0.0,0.0,0.0,0.0,0.0,0.0,0.0,0.0,0.0,0.0,0.0,
0.0,0.0,0.0,0.0,0.0,0.0,0.0,0.0,0.0,0.0,0.0,0.0,0.0,0.0,0.0,0.0,0.0,0.0,0.0,0.0,0.0,0.0,0.0,0.0,0.0,0.0,0.0,0.0,0.0,0.0,0.0,0.0,0.0,0.0,0.0,0.0,0.0,0.0,0.0,0.0,0.0,0.0,0.0,0.0,0.0,0.0,0.0,0.0,0.0,0.0,0.0,0.0,0.0,0.0,0.0,0.0,0.0,0.0,0.0,0.0,0.0,0.0,0.0,0.0,0.0,0.0,0.0,0.0,0.0,0.0,0.0,0.0,0.0,0.0,0.0,0.0,0.0,0.0,0.0,0.0,0.0,0.0,0.0,0.0,0.0,0.0,0.0,0.0,0.0,0.0,0.0,0.0,0.0,0.0,0.0,0.0,0.0,0.0,0.0,0.0,
0.0,0.0,-0.074,-0.141,-0.124,-0.105,-0.128,-0.112,-0.141,-0.117,-0.106,-0.127,-0.113,-0.14,-0.118,-0.105,-0.128,-0.112,-0.141,-0.117,-0.106,-0.127,-0.113,-0.14,-0.118,-0.105,-0.128,-0.112,-0.141,-0.117,-0.106,-0.127,-0.113,-0.14,-0.118,-0.105,-0.128,-0.112,-0.141,-0.117,-0.106,-0.127,-0.113,-0.14,-0.118,-0.105,-0.128,-0.112,-0.141,-0.117,-0.106,-0.127,-0.113,-0.14,-0.118,-0.105,-0.128,-0.112,-0.141,-0.117,-0.106,-0.127,-0.113,-0.14,-0.118,-0.105,-0.128,-0.112,-0.141,-0.117,-0.106,-0.127,-0.113,-0.14,-0.118,-0.105,-0.128,-0.112,-0.141,-0.117,-0.106,-0.127,-0.113,-0.14,-0.118,-0.105,-0.128,-0.112,-0.141,-0.117,-0.106,-0.127,-0.113,-0.14,-0.118,-0.105,-0.128,-0.112,-0.141,-0.117,
0.0,0.0,0.0,0.0,0.0,0.0,0.0,0.0,0.0,0.0,0.0,0.0,0.0,0.0,0.0,0.0,0.0,0.0,0.0,0.0,0.0,0.0,0.0,0.0,0.0,0.0,0.0,0.0,0.0,0.0,0.0,0.0,0.0,0.0,0.0,0.0,0.0,0.0,0.0,0.0,0.0,0.0,0.0,0.0,0.0,0.0,0.0,0.0,0.0,0.0,0.0,0.0,0.0,0.0,0.0,0.0,0.0,0.0,0.0,0.0,0.0,0.0,0.0,0.0,0.0,0.0,0.0,0.0,0.0,0.0,0.0,0.0,0.0,0.0,0.0,0.0,0.0,0.0,0.0,0.0,0.0,0.0,0.0,0.0,0.0,0.0,0.0,0.0,0.0,0.0,0.0,0.0,0.0,0.0,0.0,0.0,0.0,0.0,0.0,0.0,
0.0,0.0,0.0,0.0,0.0,0.0,0.0,0.0,0.0,0.0,0.0,0.0,0.0,0.0,0.0,0.0,0.0,0.0,0.0,0.0,0.0,0.0,0.0,0.0,0.0,0.0,0.0,0.0,0.0,0.0,0.0,0.0,0.0,0.0,0.0,0.0,0.0,0.0,0.0,0.0,0.0,0.0,0.0,0.0,0.0,0.0,0.0,0.0,0.0,0.0,0.0,0.0,0.0,0.0,0.0,0.0,0.0,0.0,0.0,0.0,0.0,0.0,0.0,0.0,0.0,0.0,0.0,0.0,0.0,0.0,0.0,0.0,0.0,0.0,0.0,0.0,0.0,0.0,0.0,0.0,0.0,0.0,0.0,0.0,0.0,0.0,0.0,0.0,0.0,0.0,0.0,0.0,0.0,0.0,0.0,0.0,0.0,0.0,0.0,0.0,
0.0,0.0,-0.051,-0.062,-0.102,-0.098,-0.071,-0.103,-0.098,-0.071,-0.103,-0.098,-0.071,-0.103,-0.098,-0.071,-0.103,-0.098,-0.071,-0.103,-0.098,-0.071,-0.103,-0.098,-0.071,-0.103,-0.098,-0.071,-0.103,-0.098,-0.071,-0.103,-0.098,-0.071,-0.103,-0.098,-0.071,-0.103,-0.098,-0.071,-0.103,-0.098,-0.071,-0.103,-0.098,-0.071,-0.103,-0.098,-0.071,-0.103,-0.098,-0.071,-0.103,-0.098,-0.071,-0.103,-0.098,-0.071,-0.103,-0.098,-0.071,-0.103,-0.098,-0.071,-0.103,-0.098,-0.071,-0.103,-0.098,-0.071,-0.103,-0.098,-0.071,-0.103,-0.098,-0.071,-0.103,-0.098,-0.071,-0.103,-0.098,-0.071,-0.103,-0.098,-0.071,-0.103,-0.098,-0.071,-0.103,-0.098,-0.071,-0.103,-0.098,-0.071,-0.103,-0.098,-0.071,-0.103,-0.098,-0.071,
0.0,0.0,0.0,0.0,0.0,0.0,0.0,0.0,0.0,0.0,0.0,0.0,0.0,0.0,0.0,0.0,0.0,0.0,0.0,0.0,0.0,0.0,0.0,0.0,0.0,0.0,0.0,0.0,0.0,0.0,0.0,0.0,0.0,0.0,0.0,0.0,0.0,0.0,0.0,0.0,0.0,0.0,0.0,0.0,0.0,0.0,0.0,0.0,0.0,0.0,0.0,0.0,0.0,0.0,0.0,0.0,0.0,0.0,0.0,0.0,0.0,0.0,0.0,0.0,0.0,0.0,0.0,0.0,0.0,0.0,0.0,0.0,0.0,0.0,0.0,0.0,0.0,0.0,0.0,0.0,0.0,0.0,0.0,0.0,0.0,0.0,0.0,0.0,0.0,0.0,0.0,0.0,0.0,0.0,0.0,0.0,0.0,0.0,0.0,0.0,
0.0,0.0,0.0,0.0,0.0,0.0,0.0,0.0,0.0,0.0,0.0,0.0,0.0,0.0,0.0,0.0,0.0,0.0,0.0,0.0,0.0,0.0,0.0,0.0,0.0,0.0,0.0,0.0,0.0,0.0,0.0,0.0,0.0,0.0,0.0,0.0,0.0,0.0,0.0,0.0,0.0,0.0,0.0,0.0,0.0,0.0,0.0,0.0,0.0,0.0,0.0,0.0,0.0,0.0,0.0,0.0,0.0,0.0,0.0,0.0,0.0,0.0,0.0,0.0,0.0,0.0,0.0,0.0,0.0,0.0,0.0,0.0,0.0,0.0,0.0,0.0,0.0,0.0,0.0,0.0,0.0,0.0,0.0,0.0,0.0,0.0,0.0,0.0,0.0,0.0,0.0,0.0,0.0,0.0,0.0,0.0,0.0,0.0,0.0,0.0,
0.0,0.0,0.0,0.0,0.0,0.0,0.0,0.0,0.0,0.0,0.0,0.0,0.0,0.0,0.0,0.0,0.0,0.0,0.0,0.0,0.0,0.0,0.0,0.0,0.0,0.0,0.0,0.0,0.0,0.0,0.0,0.0,0.0,0.0,0.0,0.0,0.0,0.0,0.0,0.0,0.0,0.0,0.0,0.0,0.0,0.0,0.0,0.0,0.0,0.0,0.0,0.0,0.0,0.0,0.0,0.0,0.0,0.0,0.0,0.0,0.0,0.0,0.0,0.0,0.0,0.0,0.0,0.0,0.0,0.0,0.0,0.0,0.0,0.0,0.0,0.0,0.0,0.0,0.0,0.0,0.0,0.0,0.0,0.0,0.0,0.0,0.0,0.0,0.0,0.0,0.0,0.0,0.0,0.0,0.0,0.0,0.0,0.0,0.0,0.0,
0.0,0.0,0.0,0.0,0.0,0.0,0.0,0.0,0.0,0.0,0.0,0.0,0.0,0.0,0.0,0.0,0.0,0.0,0.0,0.0,0.0,0.0,0.0,0.0,0.0,0.0,0.0,0.0,0.0,0.0,0.0,0.0,0.0,0.0,0.0,0.0,0.0,0.0,0.0,0.0,0.0,0.0,0.0,0.0,0.0,0.0,0.0,0.0,0.0,0.0,0.0,0.0,0.0,0.0,0.0,0.0,0.0,0.0,0.0,0.0,0.0,0.0,0.0,0.0,0.0,0.0,0.0,0.0,0.0,0.0,0.0,0.0,0.0,0.0,0.0,0.0,0.0,0.0,0.0,0.0,0.0,0.0,0.0,0.0,0.0,0.0,0.0,0.0,0.0,0.0,0.0,0.0,0.0,0.0,0.0,0.0,0.0,0.0,0.0,0.0,
0.0,0.0,0.0,0.0,0.0,0.0,0.0,0.0,0.0,0.0,0.0,0.0,0.0,0.0,0.0,0.0,0.0,0.0,0.0,0.0,0.0,0.0,0.0,0.0,0.0,0.0,0.0,0.0,0.0,0.0,0.0,0.0,0.0,0.0,0.0,0.0,0.0,0.0,0.0,0.0,0.0,0.0,0.0,0.0,0.0,0.0,0.0,0.0,0.0,0.0,0.0,0.0,0.0,0.0,0.0,0.0,0.0,0.0,0.0,0.0,0.0,0.0,0.0,0.0,0.0,0.0,0.0,0.0,0.0,0.0,0.0,0.0,0.0,0.0,0.0,0.0,0.0,0.0,0.0,0.0,0.0,0.0,0.0,0.0,0.0,0.0,0.0,0.0,0.0,0.0,0.0,0.0,0.0,0.0,0.0,0.0,0.0,0.0,0.0,0.0,
0.0,0.0,0.0,0.0,0.0,0.0,0.0,0.0,0.0,0.0,0.0,0.0,0.0,0.0,0.0,0.0,0.0,0.0,0.0,0.0,0.0,0.0,0.0,0.0,0.0,0.0,0.0,0.0,0.0,0.0,0.0,0.0,0.0,0.0,0.0,0.0,0.0,0.0,0.0,0.0,0.0,0.0,0.0,0.0,0.0,0.0,0.0,0.0,0.0,0.0,0.0,0.0,0.0,0.0,0.0,0.0,0.0,0.0,0.0,0.0,0.0,0.0,0.0,0.0,0.0,0.0,0.0,0.0,0.0,0.0,0.0,0.0,0.0,0.0,0.0,0.0,0.0,0.0,0.0,0.0,0.0,0.0,0.0,0.0,0.0,0.0,0.0,0.0,0.0,0.0,0.0,0.0,0.0,0.0,0.0,0.0,0.0,0.0,0.0,0.0,
0.0,0.0,0.0,0.0,0.0,0.0,0.0,0.0,0.0,0.0,0.0,0.0,0.0,0.0,0.0,0.0,0.0,0.0,0.0,0.0,0.0,0.0,0.0,0.0,0.0,0.0,0.0,0.0,0.0,0.0,0.0,0.0,0.0,0.0,0.0,0.0,0.0,0.0,0.0,0.0,0.0,0.0,0.0,0.0,0.0,0.0,0.0,0.0,0.0,0.0,0.0,0.0,0.0,0.0,0.0,0.0,0.0,0.0,0.0,0.0,0.0,0.0,0.0,0.0,0.0,0.0,0.0,0.0,0.0,0.0,0.0,0.0,0.0,0.0,0.0,0.0,0.0,0.0,0.0,0.0,0.0,0.0,0.0,0.0,0.0,0.0,0.0,0.0,0.0,0.0,0.0,0.0,0.0,0.0,0.0,0.0,0.0,0.0,0.0,0.0,
0.0,0.0,0.0,0.0,0.0,0.0,0.0,0.0,0.0,0.0,0.0,0.0,0.0,0.0,0.0,0.0,0.0,0.0,0.0,0.0,0.0,0.0,0.0,0.0,0.0,0.0,0.0,0.0,0.0,0.0,0.0,0.0,0.0,0.0,0.0,0.0,0.0,0.0,0.0,0.0,0.0,0.0,0.0,0.0,0.0,0.0,0.0,0.0,0.0,0.0,0.0,0.0,0.0,0.0,0.0,0.0,0.0,0.0,0.0,0.0,0.0,0.0,0.0,0.0,0.0,0.0,0.0,0.0,0.0,0.0,0.0,0.0,0.0,0.0,0.0,0.0,0.0,0.0,0.0,0.0,0.0,0.0,0.0,0.0,0.0,0.0,0.0,0.0,0.0,0.0,0.0,0.0,0.0,0.0,0.0,0.0,0.0,0.0,0.0,0.0,
0.0,0.0,0.0,0.0,0.0,0.0,0.0,0.0,0.0,0.0,0.0,0.0,0.0,0.0,0.0,0.0,0.0,0.0,0.0,0.0,0.0,0.0,0.0,0.0,0.0,0.0,0.0,0.0,0.0,0.0,0.0,0.0,0.0,0.0,0.0,0.0,0.0,0.0,0.0,0.0,0.0,0.0,0.0,0.0,0.0,0.0,0.0,0.0,0.0,0.0,0.0,0.0,0.0,0.0,0.0,0.0,0.0,0.0,0.0,0.0,0.0,0.0,0.0,0.0,0.0,0.0,0.0,0.0,0.0,0.0,0.0,0.0,0.0,0.0,0.0,0.0,0.0,0.0,0.0,0.0,0.0,0.0,0.0,0.0,0.0,0.0,0.0,0.0,0.0,0.0,0.0,0.0,0.0,0.0,0.0,0.0,0.0,0.0,0.0,0.0,
0.0,0.0,-0.018,-0.097,-0.047,-0.144,-0.153,-0.203,-0.218,-0.222,-0.224,-0.224,-0.224,-0.224,-0.224,-0.224,-0.224,-0.224,-0.224,-0.224,-0.224,-0.224,-0.224,-0.224,-0.224,-0.224,-0.224,-0.224,-0.224,-0.224,-0.224,-0.224,-0.224,-0.224,-0.224,-0.224,-0.224,-0.224,-0.224,-0.224,-0.224,-0.224,-0.224,-0.224,-0.224,-0.224,-0.224,-0.224,-0.224,-0.224,-0.224,-0.224,-0.224,-0.224,-0.224,-0.224,-0.224,-0.224,-0.224,-0.224,-0.224,-0.224,-0.224,-0.224,-0.224,-0.224,-0.224,-0.224,-0.224,-0.224,-0.224,-0.224,-0.224,-0.224,-0.224,-0.224,-0.224,-0.224,-0.224,-0.224,-0.224,-0.224,-0.224,-0.224,-0.224,-0.224,-0.224,-0.224,-0.224,-0.224,-0.224,-0.224,-0.224,-0.224,-0.224,-0.224,-0.224,-0.224,-0.224,-0.224,
0.0,0.0,0.0,0.0,0.0,0.0,0.0,0.0,0.0,0.0,0.0,0.0,0.0,0.0,0.0,0.0,0.0,0.0,0.0,0.0,0.0,0.0,0.0,0.0,0.0,0.0,0.0,0.0,0.0,0.0,0.0,0.0,0.0,0.0,0.0,0.0,0.0,0.0,0.0,0.0,0.0,0.0,0.0,0.0,0.0,0.0,0.0,0.0,0.0,0.0,0.0,0.0,0.0,0.0,0.0,0.0,0.0,0.0,0.0,0.0,0.0,0.0,0.0,0.0,0.0,0.0,0.0,0.0,0.0,0.0,0.0,0.0,0.0,0.0,0.0,0.0,0.0,0.0,0.0,0.0,0.0,0.0,0.0,0.0,0.0,0.0,0.0,0.0,0.0,0.0,0.0,0.0,0.0,0.0,0.0,0.0,0.0,0.0,0.0,0.0,
0.0,0.0,-0.129,-0.233,-0.254,-0.261,-0.256,-0.257,-0.253,-0.256,-0.253,-0.256,-0.253,-0.256,-0.253,-0.256,-0.253,-0.256,-0.253,-0.256,-0.253,-0.256,-0.253,-0.256,-0.253,-0.256,-0.253,-0.256,-0.253,-0.256,-0.253,-0.256,-0.253,-0.256,-0.253,-0.256,-0.253,-0.256,-0.253,-0.256,-0.253,-0.256,-0.253,-0.256,-0.253,-0.256,-0.253,-0.256,-0.253,-0.256,-0.253,-0.256,-0.253,-0.256,-0.253,-0.256,-0.253,-0.256,-0.253,-0.256,-0.253,-0.256,-0.253,-0.256,-0.253,-0.256,-0.253,-0.256,-0.253,-0.256,-0.253,-0.256,-0.253,-0.256,-0.253,-0.256,-0.253,-0.256,-0.253,-0.256,-0.253,-0.256,-0.253,-0.256,-0.253,-0.256,-0.253,-0.256,-0.253,-0.256,-0.253,-0.256,-0.253,-0.256,-0.253,-0.256,-0.253,-0.256,-0.253,-0.256,
0.0,0.0,0.0,0.0,0.0,0.0,0.0,0.0,0.0,0.0,0.0,0.0,0.0,0.0,0.0,0.0,0.0,0.0,0.0,0.0,0.0,0.0,0.0,0.0,0.0,0.0,0.0,0.0,0.0,0.0,0.0,0.0,0.0,0.0,0.0,0.0,0.0,0.0,0.0,0.0,0.0,0.0,0.0,0.0,0.0,0.0,0.0,0.0,0.0,0.0,0.0,0.0,0.0,0.0,0.0,0.0,0.0,0.0,0.0,0.0,0.0,0.0,0.0,0.0,0.0,0.0,0.0,0.0,0.0,0.0,0.0,0.0,0.0,0.0,0.0,0.0,0.0,0.0,0.0,0.0,0.0,0.0,0.0,0.0,0.0,0.0,0.0,0.0,0.0,0.0,0.0,0.0,0.0,0.0,0.0,0.0,0.0,0.0,0.0,0.0,
0.0,0.0,0.0,0.0,0.0,0.0,0.0,0.0,0.0,0.0,0.0,0.0,0.0,0.0,0.0,0.0,0.0,0.0,0.0,0.0,0.0,0.0,0.0,0.0,0.0,0.0,0.0,0.0,0.0,0.0,0.0,0.0,0.0,0.0,0.0,0.0,0.0,0.0,0.0,0.0,0.0,0.0,0.0,0.0,0.0,0.0,0.0,0.0,0.0,0.0,0.0,0.0,0.0,0.0,0.0,0.0,0.0,0.0,0.0,0.0,0.0,0.0,0.0,0.0,0.0,0.0,0.0,0.0,0.0,0.0,0.0,0.0,0.0,0.0,0.0,0.0,0.0,0.0,0.0,0.0,0.0,0.0,0.0,0.0,0.0,0.0,0.0,0.0,0.0,0.0,0.0,0.0,0.0,0.0,0.0,0.0,0.0,0.0,0.0,0.0,
0.0,0.0,0.0,0.0,0.0,0.0,0.0,0.0,0.0,0.0,0.0,0.0,0.0,0.0,0.0,0.0,0.0,0.0,0.0,0.0,0.0,0.0,0.0,0.0,0.0,0.0,0.0,0.0,0.0,0.0,0.0,0.0,0.0,0.0,0.0,0.0,0.0,0.0,0.0,0.0,0.0,0.0,0.0,0.0,0.0,0.0,0.0,0.0,0.0,0.0,0.0,0.0,0.0,0.0,0.0,0.0,0.0,0.0,0.0,0.0,0.0,0.0,0.0,0.0,0.0,0.0,0.0,0.0,0.0,0.0,0.0,0.0,0.0,0.0,0.0,0.0,0.0,0.0,0.0,0.0,0.0,0.0,0.0,0.0,0.0,0.0,0.0,0.0,0.0,0.0,0.0,0.0,0.0,0.0,0.0,0.0,0.0,0.0,0.0,0.0,
0.0,0.0,0.0,0.0,0.0,0.0,0.0,0.0,0.0,0.0,0.0,0.0,0.0,0.0,0.0,0.0,0.0,0.0,0.0,0.0,0.0,0.0,0.0,0.0,0.0,0.0,0.0,0.0,0.0,0.0,0.0,0.0,0.0,0.0,0.0,0.0,0.0,0.0,0.0,0.0,0.0,0.0,0.0,0.0,0.0,0.0,0.0,0.0,0.0,0.0,0.0,0.0,0.0,0.0,0.0,0.0,0.0,0.0,0.0,0.0,0.0,0.0,0.0,0.0,0.0,0.0,0.0,0.0,0.0,0.0,0.0,0.0,0.0,0.0,0.0,0.0,0.0,0.0,0.0,0.0,0.0,0.0,0.0,0.0,0.0,0.0,0.0,0.0,0.0,0.0,0.0,0.0,0.0,0.0,0.0,0.0,0.0,0.0,0.0,0.0,
0.0,0.0,0.0,0.0,0.0,0.0,0.0,0.0,0.0,0.0,0.0,0.0,0.0,0.0,0.0,0.0,0.0,0.0,0.0,0.0,0.0,0.0,0.0,0.0,0.0,0.0,0.0,0.0,0.0,0.0,0.0,0.0,0.0,0.0,0.0,0.0,0.0,0.0,0.0,0.0,0.0,0.0,0.0,0.0,0.0,0.0,0.0,0.0,0.0,0.0,0.0,0.0,0.0,0.0,0.0,0.0,0.0,0.0,0.0,0.0,0.0,0.0,0.0,0.0,0.0,0.0,0.0,0.0,0.0,0.0,0.0,0.0,0.0,0.0,0.0,0.0,0.0,0.0,0.0,0.0,0.0,0.0,0.0,0.0,0.0,0.0,0.0,0.0,0.0,0.0,0.0,0.0,0.0,0.0,0.0,0.0,0.0,0.0,0.0,0.0,
0.0,0.0,0.0,0.0,0.0,0.0,0.0,0.0,0.0,0.0,0.0,0.0,0.0,0.0,0.0,0.0,0.0,0.0,0.0,0.0,0.0,0.0,0.0,0.0,0.0,0.0,0.0,0.0,0.0,0.0,0.0,0.0,0.0,0.0,0.0,0.0,0.0,0.0,0.0,0.0,0.0,0.0,0.0,0.0,0.0,0.0,0.0,0.0,0.0,0.0,0.0,0.0,0.0,0.0,0.0,0.0,0.0,0.0,0.0,0.0,0.0,0.0,0.0,0.0,0.0,0.0,0.0,0.0,0.0,0.0,0.0,0.0,0.0,0.0,0.0,0.0,0.0,0.0,0.0,0.0,0.0,0.0,0.0,0.0,0.0,0.0,0.0,0.0,0.0,0.0,0.0,0.0,0.0,0.0,0.0,0.0,0.0,0.0,0.0,0.0,
0.0,0.0,0.0,0.0,0.0,0.0,0.0,0.0,0.0,0.0,0.0,0.0,0.0,0.0,0.0,0.0,0.0,0.0,0.0,0.0,0.0,0.0,0.0,0.0,0.0,0.0,0.0,0.0,0.0,0.0,0.0,0.0,0.0,0.0,0.0,0.0,0.0,0.0,0.0,0.0,0.0,0.0,0.0,0.0,0.0,0.0,0.0,0.0,0.0,0.0,0.0,0.0,0.0,0.0,0.0,0.0,0.0,0.0,0.0,0.0,0.0,0.0,0.0,0.0,0.0,0.0,0.0,0.0,0.0,0.0,0.0,0.0,0.0,0.0,0.0,0.0,0.0,0.0,0.0,0.0,0.0,0.0,0.0,0.0,0.0,0.0,0.0,0.0,0.0,0.0,0.0,0.0,0.0,0.0,0.0,0.0,0.0,0.0,0.0,0.0,
0.0,0.0,0.0,0.0,0.0,0.0,0.0,0.0,0.0,0.0,0.0,0.0,0.0,0.0,0.0,0.0,0.0,0.0,0.0,0.0,0.0,0.0,0.0,0.0,0.0,0.0,0.0,0.0,0.0,0.0,0.0,0.0,0.0,0.0,0.0,0.0,0.0,0.0,0.0,0.0,0.0,0.0,0.0,0.0,0.0,0.0,0.0,0.0,0.0,0.0,0.0,0.0,0.0,0.0,0.0,0.0,0.0,0.0,0.0,0.0,0.0,0.0,0.0,0.0,0.0,0.0,0.0,0.0,0.0,0.0,0.0,0.0,0.0,0.0,0.0,0.0,0.0,0.0,0.0,0.0,0.0,0.0,0.0,0.0,0.0,0.0,0.0,0.0,0.0,0.0,0.0,0.0,0.0,0.0,0.0,0.0,0.0,0.0,0.0,0.0,
0.0,0.0,0.0,0.0,0.0,0.0,0.0,0.0,0.0,0.0,0.0,0.0,0.0,0.0,0.0,0.0,0.0,0.0,0.0,0.0,0.0,0.0,0.0,0.0,0.0,0.0,0.0,0.0,0.0,0.0,0.0,0.0,0.0,0.0,0.0,0.0,0.0,0.0,0.0,0.0,0.0,0.0,0.0,0.0,0.0,0.0,0.0,0.0,0.0,0.0,0.0,0.0,0.0,0.0,0.0,0.0,0.0,0.0,0.0,0.0,0.0,0.0,0.0,0.0,0.0,0.0,0.0,0.0,0.0,0.0,0.0,0.0,0.0,0.0,0.0,0.0,0.0,0.0,0.0,0.0,0.0,0.0,0.0,0.0,0.0,0.0,0.0,0.0,0.0,0.0,0.0,0.0,0.0,0.0,0.0,0.0,0.0,0.0,0.0,0.0,
0.0,0.0,0.0,0.0,0.0,0.0,0.0,0.0,0.0,0.0,0.0,0.0,0.0,0.0,0.0,0.0,0.0,0.0,0.0,0.0,0.0,0.0,0.0,0.0,0.0,0.0,0.0,0.0,0.0,0.0,0.0,0.0,0.0,0.0,0.0,0.0,0.0,0.0,0.0,0.0,0.0,0.0,0.0,0.0,0.0,0.0,0.0,0.0,0.0,0.0,0.0,0.0,0.0,0.0,0.0,0.0,0.0,0.0,0.0,0.0,0.0,0.0,0.0,0.0,0.0,0.0,0.0,0.0,0.0,0.0,0.0,0.0,0.0,0.0,0.0,0.0,0.0,0.0,0.0,0.0,0.0,0.0,0.0,0.0,0.0,0.0,0.0,0.0,0.0,0.0,0.0,0.0,0.0,0.0,0.0,0.0,0.0,0.0,0.0,0.0,
0.0,0.0,0.0,0.0,0.0,0.0,0.0,0.0,0.0,0.0,0.0,0.0,0.0,0.0,0.0,0.0,0.0,0.0,0.0,0.0,0.0,0.0,0.0,0.0,0.0,0.0,0.0,0.0,0.0,0.0,0.0,0.0,0.0,0.0,0.0,0.0,0.0,0.0,0.0,0.0,0.0,0.0,0.0,0.0,0.0,0.0,0.0,0.0,0.0,0.0,0.0,0.0,0.0,0.0,0.0,0.0,0.0,0.0,0.0,0.0,0.0,0.0,0.0,0.0,0.0,0.0,0.0,0.0,0.0,0.0,0.0,0.0,0.0,0.0,0.0,0.0,0.0,0.0,0.0,0.0,0.0,0.0,0.0,0.0,0.0,0.0,0.0,0.0,0.0,0.0,0.0,0.0,0.0,0.0,0.0,0.0,0.0,0.0,0.0,0.0,
0.0,0.0,0.0,0.0,0.0,0.0,0.0,0.0,0.0,0.0,0.0,0.0,0.0,0.0,0.0,0.0,0.0,0.0,0.0,0.0,0.0,0.0,0.0,0.0,0.0,0.0,0.0,0.0,0.0,0.0,0.0,0.0,0.0,0.0,0.0,0.0,0.0,0.0,0.0,0.0,0.0,0.0,0.0,0.0,0.0,0.0,0.0,0.0,0.0,0.0,0.0,0.0,0.0,0.0,0.0,0.0,0.0,0.0,0.0,0.0,0.0,0.0,0.0,0.0,0.0,0.0,0.0,0.0,0.0,0.0,0.0,0.0,0.0,0.0,0.0,0.0,0.0,0.0,0.0,0.0,0.0,0.0,0.0,0.0,0.0,0.0,0.0,0.0,0.0,0.0,0.0,0.0,0.0,0.0,0.0,0.0,0.0,0.0,0.0,0.0,
0.0,0.0,-0.043,-0.073,-0.056,-0.099,-0.061,-0.101,-0.061,-0.101,-0.061,-0.101,-0.061,-0.101,-0.061,-0.101,-0.061,-0.101,-0.061,-0.101,-0.061,-0.101,-0.061,-0.101,-0.061,-0.101,-0.061,-0.101,-0.061,-0.101,-0.061,-0.101,-0.061,-0.101,-0.061,-0.101,-0.061,-0.101,-0.061,-0.101,-0.061,-0.101,-0.061,-0.101,-0.061,-0.101,-0.061,-0.101,-0.061,-0.101,-0.061,-0.101,-0.061,-0.101,-0.061,-0.101,-0.061,-0.101,-0.061,-0.101,-0.061,-0.101,-0.061,-0.101,-0.061,-0.101,-0.061,-0.101,-0.061,-0.101,-0.061,-0.101,-0.061,-0.101,-0.061,-0.101,-0.061,-0.101,-0.061,-0.101,-0.061,-0.101,-0.061,-0.101,-0.061,-0.101,-0.061,-0.101,-0.061,-0.101,-0.061,-0.101,-0.061,-0.101,-0.061,-0.101,-0.061,-0.101,-0.061,-0.101,
0.0,0.0,0.0,-0.085,0.031,-0.076,0.032,-0.076,0.032,-0.076,0.032,-0.076,0.032,-0.076,0.032,-0.076,0.032,-0.076,0.032,-0.076,0.032,-0.076,0.032,-0.076,0.032,-0.076,0.032,-0.076,0.032,-0.076,0.032,-0.076,0.032,-0.076,0.032,-0.076,0.032,-0.076,0.032,-0.076,0.032,-0.076,0.032,-0.076,0.032,-0.076,0.032,-0.076,0.032,-0.076,0.032,-0.076,0.032,-0.076,0.032,-0.076,0.032,-0.076,0.032,-0.076,0.032,-0.076,0.032,-0.076,0.032,-0.076,0.032,-0.076,0.032,-0.076,0.032,-0.076,0.032,-0.076,0.032,-0.076,0.032,-0.076,0.032,-0.076,0.032,-0.076,0.032,-0.076,0.032,-0.076,0.032,-0.076,0.032,-0.076,0.032,-0.076,0.032,-0.076,0.032,-0.076,0.032,-0.076,0.032,-0.076,
0.0,0.0,0.0,0.0,0.0,0.0,0.0,0.0,0.0,0.0,0.0,0.0,0.0,0.0,0.0,0.0,0.0,0.0,0.0,0.0,0.0,0.0,0.0,0.0,0.0,0.0,0.0,0.0,0.0,0.0,0.0,0.0,0.0,0.0,0.0,0.0,0.0,0.0,0.0,0.0,0.0,0.0,0.0,0.0,0.0,0.0,0.0,0.0,0.0,0.0,0.0,0.0,0.0,0.0,0.0,0.0,0.0,0.0,0.0,0.0,0.0,0.0,0.0,0.0,0.0,0.0,0.0,0.0,0.0,0.0,0.0,0.0,0.0,0.0,0.0,0.0,0.0,0.0,0.0,0.0,0.0,0.0,0.0,0.0,0.0,0.0,0.0,0.0,0.0,0.0,0.0,0.0,0.0,0.0,0.0,0.0,0.0,0.0,0.0,0.0,
0.0,0.0,0.0,0.0,0.0,0.0,0.0,0.0,0.0,0.0,0.0,0.0,0.0,0.0,0.0,0.0,0.0,0.0,0.0,0.0,0.0,0.0,0.0,0.0,0.0,0.0,0.0,0.0,0.0,0.0,0.0,0.0,0.0,0.0,0.0,0.0,0.0,0.0,0.0,0.0,0.0,0.0,0.0,0.0,0.0,0.0,0.0,0.0,0.0,0.0,0.0,0.0,0.0,0.0,0.0,0.0,0.0,0.0,0.0,0.0,0.0,0.0,0.0,0.0,0.0,0.0,0.0,0.0,0.0,0.0,0.0,0.0,0.0,0.0,0.0,0.0,0.0,0.0,0.0,0.0,0.0,0.0,0.0,0.0,0.0,0.0,0.0,0.0,0.0,0.0,0.0,0.0,0.0,0.0,0.0,0.0,0.0,0.0,0.0,0.0,
0.0,0.0,0.0,0.0,0.0,0.0,0.0,0.0,0.0,0.0,0.0,0.0,0.0,0.0,0.0,0.0,0.0,0.0,0.0,0.0,0.0,0.0,0.0,0.0,0.0,0.0,0.0,0.0,0.0,0.0,0.0,0.0,0.0,0.0,0.0,0.0,0.0,0.0,0.0,0.0,0.0,0.0,0.0,0.0,0.0,0.0,0.0,0.0,0.0,0.0,0.0,0.0,0.0,0.0,0.0,0.0,0.0,0.0,0.0,0.0,0.0,0.0,0.0,0.0,0.0,0.0,0.0,0.0,0.0,0.0,0.0,0.0,0.0,0.0,0.0,0.0,0.0,0.0,0.0,0.0,0.0,0.0,0.0,0.0,0.0,0.0,0.0,0.0,0.0,0.0,0.0,0.0,0.0,0.0,0.0,0.0,0.0,0.0,0.0,0.0,
0.0,0.0,0.0,-0.1,-0.156,-0.169,-0.183,-0.233,-0.237,-0.265,-0.246,-0.267,-0.248,-0.267,-0.248,-0.267,-0.248,-0.267,-0.248,-0.267,-0.248,-0.267,-0.248,-0.267,-0.248,-0.267,-0.248,-0.267,-0.248,-0.267,-0.248,-0.267,-0.248,-0.267,-0.248,-0.267,-0.248,-0.267,-0.248,-0.267,-0.248,-0.267,-0.248,-0.267,-0.248,-0.267,-0.248,-0.267,-0.248,-0.267,-0.248,-0.267,-0.248,-0.267,-0.248,-0.267,-0.248,-0.267,-0.248,-0.267,-0.248,-0.267,-0.248,-0.267,-0.248,-0.267,-0.248,-0.267,-0.248,-0.267,-0.248,-0.267,-0.248,-0.267,-0.248,-0.267,-0.248,-0.267,-0.248,-0.267,-0.248,-0.267,-0.248,-0.267,-0.248,-0.267,-0.248,-0.267,-0.248,-0.267,-0.248,-0.267,-0.248,-0.267,-0.248,-0.267,-0.248,-0.267,-0.248,-0.267,
0.0,0.0,0.0,0.0,0.0,0.0,0.0,0.0,0.0,0.0,0.0,0.0,0.0,0.0,0.0,0.0,0.0,0.0,0.0,0.0,0.0,0.0,0.0,0.0,0.0,0.0,0.0,0.0,0.0,0.0,0.0,0.0,0.0,0.0,0.0,0.0,0.0,0.0,0.0,0.0,0.0,0.0,0.0,0.0,0.0,0.0,0.0,0.0,0.0,0.0,0.0,0.0,0.0,0.0,0.0,0.0,0.0,0.0,0.0,0.0,0.0,0.0,0.0,0.0,0.0,0.0,0.0,0.0,0.0,0.0,0.0,0.0,0.0,0.0,0.0,0.0,0.0,0.0,0.0,0.0,0.0,0.0,0.0,0.0,0.0,0.0,0.0,0.0,0.0,0.0,0.0,0.0,0.0,0.0,0.0,0.0,0.0,0.0,0.0,0.0,
0.0,0.0,-0.126,-0.12,-0.204,-0.15,-0.121,-0.183,-0.139,-0.157,-0.179,-0.185,-0.121,-0.211,-0.15,-0.154,-0.176,-0.185,-0.121,-0.211,-0.15,-0.154,-0.176,-0.185,-0.121,-0.211,-0.15,-0.154,-0.176,-0.185,-0.121,-0.211,-0.15,-0.154,-0.176,-0.185,-0.121,-0.211,-0.15,-0.154,-0.176,-0.185,-0.121,-0.211,-0.15,-0.154,-0.176,-0.185,-0.121,-0.211,-0.15,-0.154,-0.176,-0.185,-0.121,-0.211,-0.15,-0.154,-0.176,-0.185,-0.121,-0.211,-0.15,-0.154,-0.176,-0.185,-0.121,-0.211,-0.15,-0.154,-0.176,-0.185,-0.121,-0.211,-0.15,-0.154,-0.176,-0.185,-0.121,-0.211,-0.15,-0.154,-0.176,-0.185,-0.121,-0.211,-0.15,-0.154,-0.176,-0.185,-0.121,-0.211,-0.15,-0.154,-0.176,-0.185,-0.121,-0.211,-0.15,-0.154,
0.0,0.0,0.0,0.0,0.0,0.0,0.0,0.0,0.0,0.0,0.0,0.0,0.0,0.0,0.0,0.0,0.0,0.0,0.0,0.0,0.0,0.0,0.0,0.0,0.0,0.0,0.0,0.0,0.0,0.0,0.0,0.0,0.0,0.0,0.0,0.0,0.0,0.0,0.0,0.0,0.0,0.0,0.0,0.0,0.0,0.0,0.0,0.0,0.0,0.0,0.0,0.0,0.0,0.0,0.0,0.0,0.0,0.0,0.0,0.0,0.0,0.0,0.0,0.0,0.0,0.0,0.0,0.0,0.0,0.0,0.0,0.0,0.0,0.0,0.0,0.0,0.0,0.0,0.0,0.0,0.0,0.0,0.0,0.0,0.0,0.0,0.0,0.0,0.0,0.0,0.0,0.0,0.0,0.0,0.0,0.0,0.0,0.0,0.0,0.0,
0.0,0.0,-0.038,-0.014,-0.065,-0.076,-0.115,-0.026,-0.065,-0.076,-0.115,-0.026,-0.065,-0.076,-0.115,-0.026,-0.065,-0.076,-0.115,-0.026,-0.065,-0.076,-0.115,-0.026,-0.065,-0.076,-0.115,-0.026,-0.065,-0.076,-0.115,-0.026,-0.065,-0.076,-0.115,-0.026,-0.065,-0.076,-0.115,-0.026,-0.065,-0.076,-0.115,-0.026,-0.065,-0.076,-0.115,-0.026,-0.065,-0.076,-0.115,-0.026,-0.065,-0.076,-0.115,-0.026,-0.065,-0.076,-0.115,-0.026,-0.065,-0.076,-0.115,-0.026,-0.065,-0.076,-0.115,-0.026,-0.065,-0.076,-0.115,-0.026,-0.065,-0.076,-0.115,-0.026,-0.065,-0.076,-0.115,-0.026,-0.065,-0.076,-0.115,-0.026,-0.065,-0.076,-0.115,-0.026,-0.065,-0.076,-0.115,-0.026,-0.065,-0.076,-0.115,-0.026,-0.065,-0.076,-0.115,-0.026,
0.0,0.0,0.0,0.0,0.0,0.0,0.0,0.0,0.0,0.0,0.0,0.0,0.0,0.0,0.0,0.0,0.0,0.0,0.0,0.0,0.0,0.0,0.0,0.0,0.0,0.0,0.0,0.0,0.0,0.0,0.0,0.0,0.0,0.0,0.0,0.0,0.0,0.0,0.0,0.0,0.0,0.0,0.0,0.0,0.0,0.0,0.0,0.0,0.0,0.0,0.0,0.0,0.0,0.0,0.0,0.0,0.0,0.0,0.0,0.0,0.0,0.0,0.0,0.0,0.0,0.0,0.0,0.0,0.0,0.0,0.0,0.0,0.0,0.0,0.0,0.0,0.0,0.0,0.0,0.0,0.0,0.0,0.0,0.0,0.0,0.0,0.0,0.0,0.0,0.0,0.0,0.0,0.0,0.0,0.0,0.0,0.0,0.0,0.0,0.0,
0.0,0.0,0.0,0.0,0.0,0.0,0.0,0.0,0.0,0.0,0.0,0.0,0.0,0.0,0.0,0.0,0.0,0.0,0.0,0.0,0.0,0.0,0.0,0.0,0.0,0.0,0.0,0.0,0.0,0.0,0.0,0.0,0.0,0.0,0.0,0.0,0.0,0.0,0.0,0.0,0.0,0.0,0.0,0.0,0.0,0.0,0.0,0.0,0.0,0.0,0.0,0.0,0.0,0.0,0.0,0.0,0.0,0.0,0.0,0.0,0.0,0.0,0.0,0.0,0.0,0.0,0.0,0.0,0.0,0.0,0.0,0.0,0.0,0.0,0.0,0.0,0.0,0.0,0.0,0.0,0.0,0.0,0.0,0.0,0.0,0.0,0.0,0.0,0.0,0.0,0.0,0.0,0.0,0.0,0.0,0.0,0.0,0.0,0.0,0.0,
0.0,0.0,0.0,0.0,0.0,0.0,0.0,0.0,0.0,0.0,0.0,0.0,0.0,0.0,0.0,0.0,0.0,0.0,0.0,0.0,0.0,0.0,0.0,0.0,0.0,0.0,0.0,0.0,0.0,0.0,0.0,0.0,0.0,0.0,0.0,0.0,0.0,0.0,0.0,0.0,0.0,0.0,0.0,0.0,0.0,0.0,0.0,0.0,0.0,0.0,0.0,0.0,0.0,0.0,0.0,0.0,0.0,0.0,0.0,0.0,0.0,0.0,0.0,0.0,0.0,0.0,0.0,0.0,0.0,0.0,0.0,0.0,0.0,0.0,0.0,0.0,0.0,0.0,0.0,0.0,0.0,0.0,0.0,0.0,0.0,0.0,0.0,0.0,0.0,0.0,0.0,0.0,0.0,0.0,0.0,0.0,0.0,0.0,0.0,0.0,
0.0,0.0,0.0,0.0,0.0,0.0,0.0,0.0,0.0,0.0,0.0,0.0,0.0,0.0,0.0,0.0,0.0,0.0,0.0,0.0,0.0,0.0,0.0,0.0,0.0,0.0,0.0,0.0,0.0,0.0,0.0,0.0,0.0,0.0,0.0,0.0,0.0,0.0,0.0,0.0,0.0,0.0,0.0,0.0,0.0,0.0,0.0,0.0,0.0,0.0,0.0,0.0,0.0,0.0,0.0,0.0,0.0,0.0,0.0,0.0,0.0,0.0,0.0,0.0,0.0,0.0,0.0,0.0,0.0,0.0,0.0,0.0,0.0,0.0,0.0,0.0,0.0,0.0,0.0,0.0,0.0,0.0,0.0,0.0,0.0,0.0,0.0,0.0,0.0,0.0,0.0,0.0,0.0,0.0,0.0,0.0,0.0,0.0,0.0,0.0,
0.0,0.0,0.0,-0.06,-0.122,-0.113,-0.161,-0.22,-0.161,-0.195,-0.23,-0.163,-0.195,-0.23,-0.163,-0.195,-0.23,-0.163,-0.195,-0.23,-0.163,-0.195,-0.23,-0.163,-0.195,-0.23,-0.163,-0.195,-0.23,-0.163,-0.195,-0.23,-0.163,-0.195,-0.23,-0.163,-0.195,-0.23,-0.163,-0.195,-0.23,-0.163,-0.195,-0.23,-0.163,-0.195,-0.23,-0.163,-0.195,-0.23,-0.163,-0.195,-0.23,-0.163,-0.195,-0.23,-0.163,-0.195,-0.23,-0.163,-0.195,-0.23,-0.163,-0.195,-0.23,-0.163,-0.195,-0.23,-0.163,-0.195,-0.23,-0.163,-0.195,-0.23,-0.163,-0.195,-0.23,-0.163,-0.195,-0.23,-0.163,-0.195,-0.23,-0.163,-0.195,-0.23,-0.163,-0.195,-0.23,-0.163,-0.195,-0.23,-0.163,-0.195,-0.23,-0.163,-0.195,-0.23,-0.163,-0.195,
0.0,0.0,0.0,0.0,0.0,0.0,0.0,0.0,0.0,0.0,0.0,0.0,0.0,0.0,0.0,0.0,0.0,0.0,0.0,0.0,0.0,0.0,0.0,0.0,0.0,0.0,0.0,0.0,0.0,0.0,0.0,0.0,0.0,0.0,0.0,0.0,0.0,0.0,0.0,0.0,0.0,0.0,0.0,0.0,0.0,0.0,0.0,0.0,0.0,0.0,0.0,0.0,0.0,0.0,0.0,0.0,0.0,0.0,0.0,0.0,0.0,0.0,0.0,0.0,0.0,0.0,0.0,0.0,0.0,0.0,0.0,0.0,0.0,0.0,0.0,0.0,0.0,0.0,0.0,0.0,0.0,0.0,0.0,0.0,0.0,0.0,0.0,0.0,0.0,0.0,0.0,0.0,0.0,0.0,0.0,0.0,0.0,0.0,0.0,0.0,
0.0,0.0,0.0,0.0,0.0,0.0,0.0,0.0,0.0,0.0,0.0,0.0,0.0,0.0,0.0,0.0,0.0,0.0,0.0,0.0,0.0,0.0,0.0,0.0,0.0,0.0,0.0,0.0,0.0,0.0,0.0,0.0,0.0,0.0,0.0,0.0,0.0,0.0,0.0,0.0,0.0,0.0,0.0,0.0,0.0,0.0,0.0,0.0,0.0,0.0,0.0,0.0,0.0,0.0,0.0,0.0,0.0,0.0,0.0,0.0,0.0,0.0,0.0,0.0,0.0,0.0,0.0,0.0,0.0,0.0,0.0,0.0,0.0,0.0,0.0,0.0,0.0,0.0,0.0,0.0,0.0,0.0,0.0,0.0,0.0,0.0,0.0,0.0,0.0,0.0,0.0,0.0,0.0,0.0,0.0,0.0,0.0,0.0,0.0,0.0,
0.0,0.0,0.0,0.0,0.0,0.0,0.0,0.0,0.0,0.0,0.0,0.0,0.0,0.0,0.0,0.0,0.0,0.0,0.0,0.0,0.0,0.0,0.0,0.0,0.0,0.0,0.0,0.0,0.0,0.0,0.0,0.0,0.0,0.0,0.0,0.0,0.0,0.0,0.0,0.0,0.0,0.0,0.0,0.0,0.0,0.0,0.0,0.0,0.0,0.0,0.0,0.0,0.0,0.0,0.0,0.0,0.0,0.0,0.0,0.0,0.0,0.0,0.0,0.0,0.0,0.0,0.0,0.0,0.0,0.0,0.0,0.0,0.0,0.0,0.0,0.0,0.0,0.0,0.0,0.0,0.0,0.0,0.0,0.0,0.0,0.0,0.0,0.0,0.0,0.0,0.0,0.0,0.0,0.0,0.0,0.0,0.0,0.0,0.0,0.0,
0.0,0.0,0.0,0.0,0.0,0.0,0.0,0.0,0.0,0.0,0.0,0.0,0.0,0.0,0.0,0.0,0.0,0.0,0.0,0.0,0.0,0.0,0.0,0.0,0.0,0.0,0.0,0.0,0.0,0.0,0.0,0.0,0.0,0.0,0.0,0.0,0.0,0.0,0.0,0.0,0.0,0.0,0.0,0.0,0.0,0.0,0.0,0.0,0.0,0.0,0.0,0.0,0.0,0.0,0.0,0.0,0.0,0.0,0.0,0.0,0.0,0.0,0.0,0.0,0.0,0.0,0.0,0.0,0.0,0.0,0.0,0.0,0.0,0.0,0.0,0.0,0.0,0.0,0.0,0.0,0.0,0.0,0.0,0.0,0.0,0.0,0.0,0.0,0.0,0.0,0.0,0.0,0.0,0.0,0.0,0.0,0.0,0.0,0.0,0.0,
0.0,0.0,0.0,0.0,0.0,0.0,0.0,0.0,0.0,0.0,0.0,0.0,0.0,0.0,0.0,0.0,0.0,0.0,0.0,0.0,0.0,0.0,0.0,0.0,0.0,0.0,0.0,0.0,0.0,0.0,0.0,0.0,0.0,0.0,0.0,0.0,0.0,0.0,0.0,0.0,0.0,0.0,0.0,0.0,0.0,0.0,0.0,0.0,0.0,0.0,0.0,0.0,0.0,0.0,0.0,0.0,0.0,0.0,0.0,0.0,0.0,0.0,0.0,0.0,0.0,0.0,0.0,0.0,0.0,0.0,0.0,0.0,0.0,0.0,0.0,0.0,0.0,0.0,0.0,0.0,0.0,0.0,0.0,0.0,0.0,0.0,0.0,0.0,0.0,0.0,0.0,0.0,0.0,0.0,0.0,0.0,0.0,0.0,0.0,0.0,
0.0,0.0,0.0,0.0,0.0,0.0,0.0,0.0,0.0,0.0,0.0,0.0,0.0,0.0,0.0,0.0,0.0,0.0,0.0,0.0,0.0,0.0,0.0,0.0,0.0,0.0,0.0,0.0,0.0,0.0,0.0,0.0,0.0,0.0,0.0,0.0,0.0,0.0,0.0,0.0,0.0,0.0,0.0,0.0,0.0,0.0,0.0,0.0,0.0,0.0,0.0,0.0,0.0,0.0,0.0,0.0,0.0,0.0,0.0,0.0,0.0,0.0,0.0,0.0,0.0,0.0,0.0,0.0,0.0,0.0,0.0,0.0,0.0,0.0,0.0,0.0,0.0,0.0,0.0,0.0,0.0,0.0,0.0,0.0,0.0,0.0,0.0,0.0,0.0,0.0,0.0,0.0,0.0,0.0,0.0,0.0,0.0,0.0,0.0,0.0,
0.0,0.0,0.0,0.0,0.0,0.0,0.0,0.0,0.0,0.0,0.0,0.0,0.0,0.0,0.0,0.0,0.0,0.0,0.0,0.0,0.0,0.0,0.0,0.0,0.0,0.0,0.0,0.0,0.0,0.0,0.0,0.0,0.0,0.0,0.0,0.0,0.0,0.0,0.0,0.0,0.0,0.0,0.0,0.0,0.0,0.0,0.0,0.0,0.0,0.0,0.0,0.0,0.0,0.0,0.0,0.0,0.0,0.0,0.0,0.0,0.0,0.0,0.0,0.0,0.0,0.0,0.0,0.0,0.0,0.0,0.0,0.0,0.0,0.0,0.0,0.0,0.0,0.0,0.0,0.0,0.0,0.0,0.0,0.0,0.0,0.0,0.0,0.0,0.0,0.0,0.0,0.0,0.0,0.0,0.0,0.0,0.0,0.0,0.0,0.0,
0.0,0.0,0.0,0.0,0.0,0.0,0.0,0.0,0.0,0.0,0.0,0.0,0.0,0.0,0.0,0.0,0.0,0.0,0.0,0.0,0.0,0.0,0.0,0.0,0.0,0.0,0.0,0.0,0.0,0.0,0.0,0.0,0.0,0.0,0.0,0.0,0.0,0.0,0.0,0.0,0.0,0.0,0.0,0.0,0.0,0.0,0.0,0.0,0.0,0.0,0.0,0.0,0.0,0.0,0.0,0.0,0.0,0.0,0.0,0.0,0.0,0.0,0.0,0.0,0.0,0.0,0.0,0.0,0.0,0.0,0.0,0.0,0.0,0.0,0.0,0.0,0.0,0.0,0.0,0.0,0.0,0.0,0.0,0.0,0.0,0.0,0.0,0.0,0.0,0.0,0.0,0.0,0.0,0.0,0.0,0.0,0.0,0.0,0.0,0.0,
0.0,0.0,0.0,0.0,-0.071,-0.047,-0.077,-0.049,-0.077,-0.049,-0.077,-0.049,-0.077,-0.049,-0.077,-0.049,-0.077,-0.049,-0.077,-0.049,-0.077,-0.049,-0.077,-0.049,-0.077,-0.049,-0.077,-0.049,-0.077,-0.049,-0.077,-0.049,-0.077,-0.049,-0.077,-0.049,-0.077,-0.049,-0.077,-0.049,-0.077,-0.049,-0.077,-0.049,-0.077,-0.049,-0.077,-0.049,-0.077,-0.049,-0.077,-0.049,-0.077,-0.049,-0.077,-0.049,-0.077,-0.049,-0.077,-0.049,-0.077,-0.049,-0.077,-0.049,-0.077,-0.049,-0.077,-0.049,-0.077,-0.049,-0.077,-0.049,-0.077,-0.049,-0.077,-0.049,-0.077,-0.049,-0.077,-0.049,-0.077,-0.049,-0.077,-0.049,-0.077,-0.049,-0.077,-0.049,-0.077,-0.049,-0.077,-0.049,-0.077,-0.049,-0.077,-0.049,-0.077,-0.049,-0.077,-0.049,
0.0,0.0,0.0,0.0,0.0,0.0,0.0,0.0,0.0,0.0,0.0,0.0,0.0,0.0,0.0,0.0,0.0,0.0,0.0,0.0,0.0,0.0,0.0,0.0,0.0,0.0,0.0,0.0,0.0,0.0,0.0,0.0,0.0,0.0,0.0,0.0,0.0,0.0,0.0,0.0,0.0,0.0,0.0,0.0,0.0,0.0,0.0,0.0,0.0,0.0,0.0,0.0,0.0,0.0,0.0,0.0,0.0,0.0,0.0,0.0,0.0,0.0,0.0,0.0,0.0,0.0,0.0,0.0,0.0,0.0,0.0,0.0,0.0,0.0,0.0,0.0,0.0,0.0,0.0,0.0,0.0,0.0,0.0,0.0,0.0,0.0,0.0,0.0,0.0,0.0,0.0,0.0,0.0,0.0,0.0,0.0,0.0,0.0,0.0,0.0,
0.0,0.0,0.0,0.0,0.0,0.0,0.0,0.0,0.0,0.0,0.0,0.0,0.0,0.0,0.0,0.0,0.0,0.0,0.0,0.0,0.0,0.0,0.0,0.0,0.0,0.0,0.0,0.0,0.0,0.0,0.0,0.0,0.0,0.0,0.0,0.0,0.0,0.0,0.0,0.0,0.0,0.0,0.0,0.0,0.0,0.0,0.0,0.0,0.0,0.0,0.0,0.0,0.0,0.0,0.0,0.0,0.0,0.0,0.0,0.0,0.0,0.0,0.0,0.0,0.0,0.0,0.0,0.0,0.0,0.0,0.0,0.0,0.0,0.0,0.0,0.0,0.0,0.0,0.0,0.0,0.0,0.0,0.0,0.0,0.0,0.0,0.0,0.0,0.0,0.0,0.0,0.0,0.0,0.0,0.0,0.0,0.0,0.0,0.0,0.0,
0.0,0.0,0.0,0.0,0.0,0.0,0.0,0.0,0.0,0.0,0.0,0.0,0.0,0.0,0.0,0.0,0.0,0.0,0.0,0.0,0.0,0.0,0.0,0.0,0.0,0.0,0.0,0.0,0.0,0.0,0.0,0.0,0.0,0.0,0.0,0.0,0.0,0.0,0.0,0.0,0.0,0.0,0.0,0.0,0.0,0.0,0.0,0.0,0.0,0.0,0.0,0.0,0.0,0.0,0.0,0.0,0.0,0.0,0.0,0.0,0.0,0.0,0.0,0.0,0.0,0.0,0.0,0.0,0.0,0.0,0.0,0.0,0.0,0.0,0.0,0.0,0.0,0.0,0.0,0.0,0.0,0.0,0.0,0.0,0.0,0.0,0.0,0.0,0.0,0.0,0.0,0.0,0.0,0.0,0.0,0.0,0.0,0.0,0.0,0.0,
0.0,0.0,0.0,0.0,0.0,0.0,0.0,0.0,0.0,0.0,0.0,0.0,0.0,0.0,0.0,0.0,0.0,0.0,0.0,0.0,0.0,0.0,0.0,0.0,0.0,0.0,0.0,0.0,0.0,0.0,0.0,0.0,0.0,0.0,0.0,0.0,0.0,0.0,0.0,0.0,0.0,0.0,0.0,0.0,0.0,0.0,0.0,0.0,0.0,0.0,0.0,0.0,0.0,0.0,0.0,0.0,0.0,0.0,0.0,0.0,0.0,0.0,0.0,0.0,0.0,0.0,0.0,0.0,0.0,0.0,0.0,0.0,0.0,0.0,0.0,0.0,0.0,0.0,0.0,0.0,0.0,0.0,0.0,0.0,0.0,0.0,0.0,0.0,0.0,0.0,0.0,0.0,0.0,0.0,0.0,0.0,0.0,0.0,0.0,0.0,
0.0,0.0,0.0,0.0,0.0,0.0,0.0,0.0,0.0,0.0,0.0,0.0,0.0,0.0,0.0,0.0,0.0,0.0,0.0,0.0,0.0,0.0,0.0,0.0,0.0,0.0,0.0,0.0,0.0,0.0,0.0,0.0,0.0,0.0,0.0,0.0,0.0,0.0,0.0,0.0,0.0,0.0,0.0,0.0,0.0,0.0,0.0,0.0,0.0,0.0,0.0,0.0,0.0,0.0,0.0,0.0,0.0,0.0,0.0,0.0,0.0,0.0,0.0,0.0,0.0,0.0,0.0,0.0,0.0,0.0,0.0,0.0,0.0,0.0,0.0,0.0,0.0,0.0,0.0,0.0,0.0,0.0,0.0,0.0,0.0,0.0,0.0,0.0,0.0,0.0,0.0,0.0,0.0,0.0,0.0,0.0,0.0,0.0,0.0,0.0,
0.0,0.0,-0.108,-0.123,-0.086,-0.157,-0.145,-0.159,-0.15,-0.146,-0.145,-0.142,-0.144,-0.142,-0.144,-0.142,-0.144,-0.142,-0.144,-0.142,-0.144,-0.142,-0.144,-0.142,-0.144,-0.142,-0.144,-0.142,-0.144,-0.142,-0.144,-0.142,-0.144,-0.142,-0.144,-0.142,-0.144,-0.142,-0.144,-0.142,-0.144,-0.142,-0.144,-0.142,-0.144,-0.142,-0.144,-0.142,-0.144,-0.142,-0.144,-0.142,-0.144,-0.142,-0.144,-0.142,-0.144,-0.142,-0.144,-0.142,-0.144,-0.142,-0.144,-0.142,-0.144,-0.142,-0.144,-0.142,-0.144,-0.142,-0.144,-0.142,-0.144,-0.142,-0.144,-0.142,-0.144,-0.142,-0.144,-0.142,-0.144,-0.142,-0.144,-0.142,-0.144,-0.142,-0.144,-0.142,-0.144,-0.142,-0.144,-0.142,-0.144,-0.142,-0.144,-0.142,-0.144,-0.142,-0.144,-0.142,
0.0,0.0,0.0,0.0,0.0,0.0,0.0,0.0,0.0,0.0,0.0,0.0,0.0,0.0,0.0,0.0,0.0,0.0,0.0,0.0,0.0,0.0,0.0,0.0,0.0,0.0,0.0,0.0,0.0,0.0,0.0,0.0,0.0,0.0,0.0,0.0,0.0,0.0,0.0,0.0,0.0,0.0,0.0,0.0,0.0,0.0,0.0,0.0,0.0,0.0,0.0,0.0,0.0,0.0,0.0,0.0,0.0,0.0,0.0,0.0,0.0,0.0,0.0,0.0,0.0,0.0,0.0,0.0,0.0,0.0,0.0,0.0,0.0,0.0,0.0,0.0,0.0,0.0,0.0,0.0,0.0,0.0,0.0,0.0,0.0,0.0,0.0,0.0,0.0,0.0,0.0,0.0,0.0,0.0,0.0,0.0,0.0,0.0,0.0,0.0,
0.0,0.0,0.0,0.0,0.0,0.0,0.0,0.0,0.0,0.0,0.0,0.0,0.0,0.0,0.0,0.0,0.0,0.0,0.0,0.0,0.0,0.0,0.0,0.0,0.0,0.0,0.0,0.0,0.0,0.0,0.0,0.0,0.0,0.0,0.0,0.0,0.0,0.0,0.0,0.0,0.0,0.0,0.0,0.0,0.0,0.0,0.0,0.0,0.0,0.0,0.0,0.0,0.0,0.0,0.0,0.0,0.0,0.0,0.0,0.0,0.0,0.0,0.0,0.0,0.0,0.0,0.0,0.0,0.0,0.0,0.0,0.0,0.0,0.0,0.0,0.0,0.0,0.0,0.0,0.0,0.0,0.0,0.0,0.0,0.0,0.0,0.0,0.0,0.0,0.0,0.0,0.0,0.0,0.0,0.0,0.0,0.0,0.0,0.0,0.0,
0.0,0.0,0.0,0.0,0.0,0.0,0.0,0.0,0.0,0.0,0.0,0.0,0.0,0.0,0.0,0.0,0.0,0.0,0.0,0.0,0.0,0.0,0.0,0.0,0.0,0.0,0.0,0.0,0.0,0.0,0.0,0.0,0.0,0.0,0.0,0.0,0.0,0.0,0.0,0.0,0.0,0.0,0.0,0.0,0.0,0.0,0.0,0.0,0.0,0.0,0.0,0.0,0.0,0.0,0.0,0.0,0.0,0.0,0.0,0.0,0.0,0.0,0.0,0.0,0.0,0.0,0.0,0.0,0.0,0.0,0.0,0.0,0.0,0.0,0.0,0.0,0.0,0.0,0.0,0.0,0.0,0.0,0.0,0.0,0.0,0.0,0.0,0.0,0.0,0.0,0.0,0.0,0.0,0.0,0.0,0.0,0.0,0.0,0.0,0.0,
0.0,0.0,0.0,0.0,0.0,0.0,0.0,0.0,0.0,0.0,0.0,0.0,0.0,0.0,0.0,0.0,0.0,0.0,0.0,0.0,0.0,0.0,0.0,0.0,0.0,0.0,0.0,0.0,0.0,0.0,0.0,0.0,0.0,0.0,0.0,0.0,0.0,0.0,0.0,0.0,0.0,0.0,0.0,0.0,0.0,0.0,0.0,0.0,0.0,0.0,0.0,0.0,0.0,0.0,0.0,0.0,0.0,0.0,0.0,0.0,0.0,0.0,0.0,0.0,0.0,0.0,0.0,0.0,0.0,0.0,0.0,0.0,0.0,0.0,0.0,0.0,0.0,0.0,0.0,0.0,0.0,0.0,0.0,0.0,0.0,0.0,0.0,0.0,0.0,0.0,0.0,0.0,0.0,0.0,0.0,0.0,0.0,0.0,0.0,0.0,
0.0,0.0,0.0,0.0,0.0,0.0,0.0,0.0,0.0,0.0,0.0,0.0,0.0,0.0,0.0,0.0,0.0,0.0,0.0,0.0,0.0,0.0,0.0,0.0,0.0,0.0,0.0,0.0,0.0,0.0,0.0,0.0,0.0,0.0,0.0,0.0,0.0,0.0,0.0,0.0,0.0,0.0,0.0,0.0,0.0,0.0,0.0,0.0,0.0,0.0,0.0,0.0,0.0,0.0,0.0,0.0,0.0,0.0,0.0,0.0,0.0,0.0,0.0,0.0,0.0,0.0,0.0,0.0,0.0,0.0,0.0,0.0,0.0,0.0,0.0,0.0,0.0,0.0,0.0,0.0,0.0,0.0,0.0,0.0,0.0,0.0,0.0,0.0,0.0,0.0,0.0,0.0,0.0,0.0,0.0,0.0,0.0,0.0,0.0,0.0,
0.0,0.0,0.0,0.0,0.0,0.0,0.0,0.0,0.0,0.0,0.0,0.0,0.0,0.0,0.0,0.0,0.0,0.0,0.0,0.0,0.0,0.0,0.0,0.0,0.0,0.0,0.0,0.0,0.0,0.0,0.0,0.0,0.0,0.0,0.0,0.0,0.0,0.0,0.0,0.0,0.0,0.0,0.0,0.0,0.0,0.0,0.0,0.0,0.0,0.0,0.0,0.0,0.0,0.0,0.0,0.0,0.0,0.0,0.0,0.0,0.0,0.0,0.0,0.0,0.0,0.0,0.0,0.0,0.0,0.0,0.0,0.0,0.0,0.0,0.0,0.0,0.0,0.0,0.0,0.0,0.0,0.0,0.0,0.0,0.0,0.0,0.0,0.0,0.0,0.0,0.0,0.0,0.0,0.0,0.0,0.0,0.0,0.0,0.0,0.0,
0.0,0.0,0.0,0.0,0.0,0.0,0.0,0.0,0.0,0.0,0.0,0.0,0.0,0.0,0.0,0.0,0.0,0.0,0.0,0.0,0.0,0.0,0.0,0.0,0.0,0.0,0.0,0.0,0.0,0.0,0.0,0.0,0.0,0.0,0.0,0.0,0.0,0.0,0.0,0.0,0.0,0.0,0.0,0.0,0.0,0.0,0.0,0.0,0.0,0.0,0.0,0.0,0.0,0.0,0.0,0.0,0.0,0.0,0.0,0.0,0.0,0.0,0.0,0.0,0.0,0.0,0.0,0.0,0.0,0.0,0.0,0.0,0.0,0.0,0.0,0.0,0.0,0.0,0.0,0.0,0.0,0.0,0.0,0.0,0.0,0.0,0.0,0.0,0.0,0.0,0.0,0.0,0.0,0.0,0.0,0.0,0.0,0.0,0.0,0.0,
0.0,0.0,0.0,0.0,0.0,0.0,0.0,0.0,0.0,0.0,0.0,0.0,0.0,0.0,0.0,0.0,0.0,0.0,0.0,0.0,0.0,0.0,0.0,0.0,0.0,0.0,0.0,0.0,0.0,0.0,0.0,0.0,0.0,0.0,0.0,0.0,0.0,0.0,0.0,0.0,0.0,0.0,0.0,0.0,0.0,0.0,0.0,0.0,0.0,0.0,0.0,0.0,0.0,0.0,0.0,0.0,0.0,0.0,0.0,0.0,0.0,0.0,0.0,0.0,0.0,0.0,0.0,0.0,0.0,0.0,0.0,0.0,0.0,0.0,0.0,0.0,0.0,0.0,0.0,0.0,0.0,0.0,0.0,0.0,0.0,0.0,0.0,0.0,0.0,0.0,0.0,0.0,0.0,0.0,0.0,0.0,0.0,0.0,0.0,0.0,
0.0,0.0,0.0,0.0,0.0,0.0,0.0,0.0,0.0,0.0,0.0,0.0,0.0,0.0,0.0,0.0,0.0,0.0,0.0,0.0,0.0,0.0,0.0,0.0,0.0,0.0,0.0,0.0,0.0,0.0,0.0,0.0,0.0,0.0,0.0,0.0,0.0,0.0,0.0,0.0,0.0,0.0,0.0,0.0,0.0,0.0,0.0,0.0,0.0,0.0,0.0,0.0,0.0,0.0,0.0,0.0,0.0,0.0,0.0,0.0,0.0,0.0,0.0,0.0,0.0,0.0,0.0,0.0,0.0,0.0,0.0,0.0,0.0,0.0,0.0,0.0,0.0,0.0,0.0,0.0,0.0,0.0,0.0,0.0,0.0,0.0,0.0,0.0,0.0,0.0,0.0,0.0,0.0,0.0,0.0,0.0,0.0,0.0,0.0,0.0,
0.0,0.0,0.0,0.0,0.0,0.0,0.0,0.0,0.0,0.0,0.0,0.0,0.0,0.0,0.0,0.0,0.0,0.0,0.0,0.0,0.0,0.0,0.0,0.0,0.0,0.0,0.0,0.0,0.0,0.0,0.0,0.0,0.0,0.0,0.0,0.0,0.0,0.0,0.0,0.0,0.0,0.0,0.0,0.0,0.0,0.0,0.0,0.0,0.0,0.0,0.0,0.0,0.0,0.0,0.0,0.0,0.0,0.0,0.0,0.0,0.0,0.0,0.0,0.0,0.0,0.0,0.0,0.0,0.0,0.0,0.0,0.0,0.0,0.0,0.0,0.0,0.0,0.0,0.0,0.0,0.0,0.0,0.0,0.0,0.0,0.0,0.0,0.0,0.0,0.0,0.0,0.0,0.0,0.0,0.0,0.0,0.0,0.0,0.0,0.0,
0.0,0.0,0.0,0.0,0.0,-0.061,-0.068,-0.075,-0.05,-0.065,-0.075,-0.05,-0.065,-0.075,-0.05,-0.065,-0.075,-0.05,-0.065,-0.075,-0.05,-0.065,-0.075,-0.05,-0.065,-0.075,-0.05,-0.065,-0.075,-0.05,-0.065,-0.075,-0.05,-0.065,-0.075,-0.05,-0.065,-0.075,-0.05,-0.065,-0.075,-0.05,-0.065,-0.075,-0.05,-0.065,-0.075,-0.05,-0.065,-0.075,-0.05,-0.065,-0.075,-0.05,-0.065,-0.075,-0.05,-0.065,-0.075,-0.05,-0.065,-0.075,-0.05,-0.065,-0.075,-0.05,-0.065,-0.075,-0.05,-0.065,-0.075,-0.05,-0.065,-0.075,-0.05,-0.065,-0.075,-0.05,-0.065,-0.075,-0.05,-0.065,-0.075,-0.05,-0.065,-0.075,-0.05,-0.065,-0.075,-0.05,-0.065,-0.075,-0.05,-0.065,-0.075,-0.05,-0.065,-0.075,-0.05,-0.065,
0.0,0.0,0.0,0.0,0.0,0.0,0.0,0.0,0.0,0.0,0.0,0.0,0.0,0.0,0.0,0.0,0.0,0.0,0.0,0.0,0.0,0.0,0.0,0.0,0.0,0.0,0.0,0.0,0.0,0.0,0.0,0.0,0.0,0.0,0.0,0.0,0.0,0.0,0.0,0.0,0.0,0.0,0.0,0.0,0.0,0.0,0.0,0.0,0.0,0.0,0.0,0.0,0.0,0.0,0.0,0.0,0.0,0.0,0.0,0.0,0.0,0.0,0.0,0.0,0.0,0.0,0.0,0.0,0.0,0.0,0.0,0.0,0.0,0.0,0.0,0.0,0.0,0.0,0.0,0.0,0.0,0.0,0.0,0.0,0.0,0.0,0.0,0.0,0.0,0.0,0.0,0.0,0.0,0.0,0.0,0.0,0.0,0.0,0.0,0.0,
0.0,0.0,-0.053,-0.059,-0.063,-0.06,-0.063,-0.06,-0.063,-0.06,-0.063,-0.06,-0.063,-0.06,-0.063,-0.06,-0.063,-0.06,-0.063,-0.06,-0.063,-0.06,-0.063,-0.06,-0.063,-0.06,-0.063,-0.06,-0.063,-0.06,-0.063,-0.06,-0.063,-0.06,-0.063,-0.06,-0.063,-0.06,-0.063,-0.06,-0.063,-0.06,-0.063,-0.06,-0.063,-0.06,-0.063,-0.06,-0.063,-0.06,-0.063,-0.06,-0.063,-0.06,-0.063,-0.06,-0.063,-0.06,-0.063,-0.06,-0.063,-0.06,-0.063,-0.06,-0.063,-0.06,-0.063,-0.06,-0.063,-0.06,-0.063,-0.06,-0.063,-0.06,-0.063,-0.06,-0.063,-0.06,-0.063,-0.06,-0.063,-0.06,-0.063,-0.06,-0.063,-0.06,-0.063,-0.06,-0.063,-0.06,-0.063,-0.06,-0.063,-0.06,-0.063,-0.06,-0.063,-0.06,-0.063,-0.06,
0.0,0.0,0.0,0.0,0.0,0.0,0.0,0.0,0.0,0.0,0.0,0.0,0.0,0.0,0.0,0.0,0.0,0.0,0.0,0.0,0.0,0.0,0.0,0.0,0.0,0.0,0.0,0.0,0.0,0.0,0.0,0.0,0.0,0.0,0.0,0.0,0.0,0.0,0.0,0.0,0.0,0.0,0.0,0.0,0.0,0.0,0.0,0.0,0.0,0.0,0.0,0.0,0.0,0.0,0.0,0.0,0.0,0.0,0.0,0.0,0.0,0.0,0.0,0.0,0.0,0.0,0.0,0.0,0.0,0.0,0.0,0.0,0.0,0.0,0.0,0.0,0.0,0.0,0.0,0.0,0.0,0.0,0.0,0.0,0.0,0.0,0.0,0.0,0.0,0.0,0.0,0.0,0.0,0.0,0.0,0.0,0.0,0.0,0.0,0.0,
0.0,0.0,0.0,-0.092,-0.109,-0.069,-0.081,-0.094,-0.076,-0.099,-0.111,-0.069,-0.081,-0.094,-0.076,-0.099,-0.111,-0.069,-0.081,-0.094,-0.076,-0.099,-0.111,-0.069,-0.081,-0.094,-0.076,-0.099,-0.111,-0.069,-0.081,-0.094,-0.076,-0.099,-0.111,-0.069,-0.081,-0.094,-0.076,-0.099,-0.111,-0.069,-0.081,-0.094,-0.076,-0.099,-0.111,-0.069,-0.081,-0.094,-0.076,-0.099,-0.111,-0.069,-0.081,-0.094,-0.076,-0.099,-0.111,-0.069,-0.081,-0.094,-0.076,-0.099,-0.111,-0.069,-0.081,-0.094,-0.076,-0.099,-0.111,-0.069,-0.081,-0.094,-0.076,-0.099,-0.111,-0.069,-0.081,-0.094,-0.076,-0.099,-0.111,-0.069,-0.081,-0.094,-0.076,-0.099,-0.111,-0.069,-0.081,-0.094,-0.076,-0.099,-0.111,-0.069,-0.081,-0.094,-0.076,-0.099,
0.0,0.0,0.0,0.0,0.0,0.0,0.0,0.0,0.0,0.0,0.0,0.0,0.0,0.0,0.0,0.0,0.0,0.0,0.0,0.0,0.0,0.0,0.0,0.0,0.0,0.0,0.0,0.0,0.0,0.0,0.0,0.0,0.0,0.0,0.0,0.0,0.0,0.0,0.0,0.0,0.0,0.0,0.0,0.0,0.0,0.0,0.0,0.0,0.0,0.0,0.0,0.0,0.0,0.0,0.0,0.0,0.0,0.0,0.0,0.0,0.0,0.0,0.0,0.0,0.0,0.0,0.0,0.0,0.0,0.0,0.0,0.0,0.0,0.0,0.0,0.0,0.0,0.0,0.0,0.0,0.0,0.0,0.0,0.0,0.0,0.0,0.0,0.0,0.0,0.0,0.0,0.0,0.0,0.0,0.0,0.0,0.0,0.0,0.0,0.0,
0.0,0.0,0.0,0.0,0.0,0.0,0.0,0.0,0.0,0.0,0.0,0.0,0.0,0.0,0.0,0.0,0.0,0.0,0.0,0.0,0.0,0.0,0.0,0.0,0.0,0.0,0.0,0.0,0.0,0.0,0.0,0.0,0.0,0.0,0.0,0.0,0.0,0.0,0.0,0.0,0.0,0.0,0.0,0.0,0.0,0.0,0.0,0.0,0.0,0.0,0.0,0.0,0.0,0.0,0.0,0.0,0.0,0.0,0.0,0.0,0.0,0.0,0.0,0.0,0.0,0.0,0.0,0.0,0.0,0.0,0.0,0.0,0.0,0.0,0.0,0.0,0.0,0.0,0.0,0.0,0.0,0.0,0.0,0.0,0.0,0.0,0.0,0.0,0.0,0.0,0.0,0.0,0.0,0.0,0.0,0.0,0.0,0.0,0.0,0.0,
0.0,0.0,0.0,0.0,0.0,0.0,0.0,0.0,0.0,0.0,0.0,0.0,0.0,0.0,0.0,0.0,0.0,0.0,0.0,0.0,0.0,0.0,0.0,0.0,0.0,0.0,0.0,0.0,0.0,0.0,0.0,0.0,0.0,0.0,0.0,0.0,0.0,0.0,0.0,0.0,0.0,0.0,0.0,0.0,0.0,0.0,0.0,0.0,0.0,0.0,0.0,0.0,0.0,0.0,0.0,0.0,0.0,0.0,0.0,0.0,0.0,0.0,0.0,0.0,0.0,0.0,0.0,0.0,0.0,0.0,0.0,0.0,0.0,0.0,0.0,0.0,0.0,0.0,0.0,0.0,0.0,0.0,0.0,0.0,0.0,0.0,0.0,0.0,0.0,0.0,0.0,0.0,0.0,0.0,0.0,0.0,0.0,0.0,0.0,0.0,
0.0,0.0,0.0,0.0,0.0,0.0,0.0,0.0,0.0,0.0,0.0,0.0,0.0,0.0,0.0,0.0,0.0,0.0,0.0,0.0,0.0,0.0,0.0,0.0,0.0,0.0,0.0,0.0,0.0,0.0,0.0,0.0,0.0,0.0,0.0,0.0,0.0,0.0,0.0,0.0,0.0,0.0,0.0,0.0,0.0,0.0,0.0,0.0,0.0,0.0,0.0,0.0,0.0,0.0,0.0,0.0,0.0,0.0,0.0,0.0,0.0,0.0,0.0,0.0,0.0,0.0,0.0,0.0,0.0,0.0,0.0,0.0,0.0,0.0,0.0,0.0,0.0,0.0,0.0,0.0,0.0,0.0,0.0,0.0,0.0,0.0,0.0,0.0,0.0,0.0,0.0,0.0,0.0,0.0,0.0,0.0,0.0,0.0,0.0,0.0,
0.0,0.0,0.0,0.0,0.0,0.0,0.0,0.0,0.0,0.0,0.0,0.0,0.0,0.0,0.0,0.0,0.0,0.0,0.0,0.0,0.0,0.0,0.0,0.0,0.0,0.0,0.0,0.0,0.0,0.0,0.0,0.0,0.0,0.0,0.0,0.0,0.0,0.0,0.0,0.0,0.0,0.0,0.0,0.0,0.0,0.0,0.0,0.0,0.0,0.0,0.0,0.0,0.0,0.0,0.0,0.0,0.0,0.0,0.0,0.0,0.0,0.0,0.0,0.0,0.0,0.0,0.0,0.0,0.0,0.0,0.0,0.0,0.0,0.0,0.0,0.0,0.0,0.0,0.0,0.0,0.0,0.0,0.0,0.0,0.0,0.0,0.0,0.0,0.0,0.0,0.0,0.0,0.0,0.0,0.0,0.0,0.0,0.0,0.0,0.0,
0.0,0.0,0.0,0.0,0.0,0.0,0.0,0.0,0.0,0.0,0.0,0.0,0.0,0.0,0.0,0.0,0.0,0.0,0.0,0.0,0.0,0.0,0.0,0.0,0.0,0.0,0.0,0.0,0.0,0.0,0.0,0.0,0.0,0.0,0.0,0.0,0.0,0.0,0.0,0.0,0.0,0.0,0.0,0.0,0.0,0.0,0.0,0.0,0.0,0.0,0.0,0.0,0.0,0.0,0.0,0.0,0.0,0.0,0.0,0.0,0.0,0.0,0.0,0.0,0.0,0.0,0.0,0.0,0.0,0.0,0.0,0.0,0.0,0.0,0.0,0.0,0.0,0.0,0.0,0.0,0.0,0.0,0.0,0.0,0.0,0.0,0.0,0.0,0.0,0.0,0.0,0.0,0.0,0.0,0.0,0.0,0.0,0.0,0.0,0.0,
0.0,0.0,0.0,0.0,0.0,0.0,0.0,0.0,0.0,0.0,0.0,0.0,0.0,0.0,0.0,0.0,0.0,0.0,0.0,0.0,0.0,0.0,0.0,0.0,0.0,0.0,0.0,0.0,0.0,0.0,0.0,0.0,0.0,0.0,0.0,0.0,0.0,0.0,0.0,0.0,0.0,0.0,0.0,0.0,0.0,0.0,0.0,0.0,0.0,0.0,0.0,0.0,0.0,0.0,0.0,0.0,0.0,0.0,0.0,0.0,0.0,0.0,0.0,0.0,0.0,0.0,0.0,0.0,0.0,0.0,0.0,0.0,0.0,0.0,0.0,0.0,0.0,0.0,0.0,0.0,0.0,0.0,0.0,0.0,0.0,0.0,0.0,0.0,0.0,0.0,0.0,0.0,0.0,0.0,0.0,0.0,0.0,0.0,0.0,0.0,
0.0,0.0,0.0,0.0,0.0,0.0,0.0,0.0,0.0,0.0,0.0,0.0,0.0,0.0,0.0,0.0,0.0,0.0,0.0,0.0,0.0,0.0,0.0,0.0,0.0,0.0,0.0,0.0,0.0,0.0,0.0,0.0,0.0,0.0,0.0,0.0,0.0,0.0,0.0,0.0,0.0,0.0,0.0,0.0,0.0,0.0,0.0,0.0,0.0,0.0,0.0,0.0,0.0,0.0,0.0,0.0,0.0,0.0,0.0,0.0,0.0,0.0,0.0,0.0,0.0,0.0,0.0,0.0,0.0,0.0,0.0,0.0,0.0,0.0,0.0,0.0,0.0,0.0,0.0,0.0,0.0,0.0,0.0,0.0,0.0,0.0,0.0,0.0,0.0,0.0,0.0,0.0,0.0,0.0,0.0,0.0,0.0,0.0,0.0,0.0,
0.0,0.0,0.0,0.0,0.0,0.0,0.0,0.0,0.0,0.0,0.0,0.0,0.0,0.0,0.0,0.0,0.0,0.0,0.0,0.0,0.0,0.0,0.0,0.0,0.0,0.0,0.0,0.0,0.0,0.0,0.0,0.0,0.0,0.0,0.0,0.0,0.0,0.0,0.0,0.0,0.0,0.0,0.0,0.0,0.0,0.0,0.0,0.0,0.0,0.0,0.0,0.0,0.0,0.0,0.0,0.0,0.0,0.0,0.0,0.0,0.0,0.0,0.0,0.0,0.0,0.0,0.0,0.0,0.0,0.0,0.0,0.0,0.0,0.0,0.0,0.0,0.0,0.0,0.0,0.0,0.0,0.0,0.0,0.0,0.0,0.0,0.0,0.0,0.0,0.0,0.0,0.0,0.0,0.0,0.0,0.0,0.0,0.0,0.0,0.0,
0.0,0.0,0.0,0.0,0.0,0.0,0.0,0.0,0.0,0.0,0.0,0.0,0.0,0.0,0.0,0.0,0.0,0.0,0.0,0.0,0.0,0.0,0.0,0.0,0.0,0.0,0.0,0.0,0.0,0.0,0.0,0.0,0.0,0.0,0.0,0.0,0.0,0.0,0.0,0.0,0.0,0.0,0.0,0.0,0.0,0.0,0.0,0.0,0.0,0.0,0.0,0.0,0.0,0.0,0.0,0.0,0.0,0.0,0.0,0.0,0.0,0.0,0.0,0.0,0.0,0.0,0.0,0.0,0.0,0.0,0.0,0.0,0.0,0.0,0.0,0.0,0.0,0.0,0.0,0.0,0.0,0.0,0.0,0.0,0.0,0.0,0.0,0.0,0.0,0.0,0.0,0.0,0.0,0.0,0.0,0.0,0.0,0.0,0.0,0.0,
0.0,0.0,0.0,0.0,0.0,0.0,0.0,0.0,0.0,0.0,0.0,0.0,0.0,0.0,0.0,0.0,0.0,0.0,0.0,0.0,0.0,0.0,0.0,0.0,0.0,0.0,0.0,0.0,0.0,0.0,0.0,0.0,0.0,0.0,0.0,0.0,0.0,0.0,0.0,0.0,0.0,0.0,0.0,0.0,0.0,0.0,0.0,0.0,0.0,0.0,0.0,0.0,0.0,0.0,0.0,0.0,0.0,0.0,0.0,0.0,0.0,0.0,0.0,0.0,0.0,0.0,0.0,0.0,0.0,0.0,0.0,0.0,0.0,0.0,0.0,0.0,0.0,0.0,0.0,0.0,0.0,0.0,0.0,0.0,0.0,0.0,0.0,0.0,0.0,0.0,0.0,0.0,0.0,0.0,0.0,0.0,0.0,0.0,0.0,0.0,
0.0,0.0,0.0,0.0,0.0,0.0,0.0,0.0,0.0,0.0,0.0,0.0,0.0,0.0,0.0,0.0,0.0,0.0,0.0,0.0,0.0,0.0,0.0,0.0,0.0,0.0,0.0,0.0,0.0,0.0,0.0,0.0,0.0,0.0,0.0,0.0,0.0,0.0,0.0,0.0,0.0,0.0,0.0,0.0,0.0,0.0,0.0,0.0,0.0,0.0,0.0,0.0,0.0,0.0,0.0,0.0,0.0,0.0,0.0,0.0,0.0,0.0,0.0,0.0,0.0,0.0,0.0,0.0,0.0,0.0,0.0,0.0,0.0,0.0,0.0,0.0,0.0,0.0,0.0,0.0,0.0,0.0,0.0,0.0,0.0,0.0,0.0,0.0,0.0,0.0,0.0,0.0,0.0,0.0,0.0,0.0,0.0,0.0,0.0,0.0,
0.0,0.0,0.0,-0.129,-0.136,-0.073,-0.135,-0.148,-0.09,-0.15,-0.147,-0.076,-0.153,-0.158,-0.074,-0.14,-0.161,-0.087,-0.138,-0.148,-0.09,-0.15,-0.147,-0.076,-0.153,-0.158,-0.074,-0.14,-0.161,-0.087,-0.138,-0.148,-0.09,-0.15,-0.147,-0.076,-0.153,-0.158,-0.074,-0.14,-0.161,-0.087,-0.138,-0.148,-0.09,-0.15,-0.147,-0.076,-0.153,-0.158,-0.074,-0.14,-0.161,-0.087,-0.138,-0.148,-0.09,-0.15,-0.147,-0.076,-0.153,-0.158,-0.074,-0.14,-0.161,-0.087,-0.138,-0.148,-0.09,-0.15,-0.147,-0.076,-0.153,-0.158,-0.074,-0.14,-0.161,-0.087,-0.138,-0.148,-0.09,-0.15,-0.147,-0.076,-0.153,-0.158,-0.074,-0.14,-0.161,-0.087,-0.138,-0.148,-0.09,-0.15,-0.147,-0.076,-0.153,-0.158,-0.074,-0.14,
0.0,0.0,0.0,0.0,0.0,0.0,0.0,0.0,0.0,0.0,0.0,0.0,0.0,0.0,0.0,0.0,0.0,0.0,0.0,0.0,0.0,0.0,0.0,0.0,0.0,0.0,0.0,0.0,0.0,0.0,0.0,0.0,0.0,0.0,0.0,0.0,0.0,0.0,0.0,0.0,0.0,0.0,0.0,0.0,0.0,0.0,0.0,0.0,0.0,0.0,0.0,0.0,0.0,0.0,0.0,0.0,0.0,0.0,0.0,0.0,0.0,0.0,0.0,0.0,0.0,0.0,0.0,0.0,0.0,0.0,0.0,0.0,0.0,0.0,0.0,0.0,0.0,0.0,0.0,0.0,0.0,0.0,0.0,0.0,0.0,0.0,0.0,0.0,0.0,0.0,0.0,0.0,0.0,0.0,0.0,0.0,0.0,0.0,0.0,0.0,
0.0,0.0,0.0,0.0,0.0,0.0,0.0,0.0,0.0,0.0,0.0,0.0,0.0,0.0,0.0,0.0,0.0,0.0,0.0,0.0,0.0,0.0,0.0,0.0,0.0,0.0,0.0,0.0,0.0,0.0,0.0,0.0,0.0,0.0,0.0,0.0,0.0,0.0,0.0,0.0,0.0,0.0,0.0,0.0,0.0,0.0,0.0,0.0,0.0,0.0,0.0,0.0,0.0,0.0,0.0,0.0,0.0,0.0,0.0,0.0,0.0,0.0,0.0,0.0,0.0,0.0,0.0,0.0,0.0,0.0,0.0,0.0,0.0,0.0,0.0,0.0,0.0,0.0,0.0,0.0,0.0,0.0,0.0,0.0,0.0,0.0,0.0,0.0,0.0,0.0,0.0,0.0,0.0,0.0,0.0,0.0,0.0,0.0,0.0,0.0,
0.0,0.0,0.0,0.0,0.0,0.0,0.0,0.0,0.0,0.0,0.0,0.0,0.0,0.0,0.0,0.0,0.0,0.0,0.0,0.0,0.0,0.0,0.0,0.0,0.0,0.0,0.0,0.0,0.0,0.0,0.0,0.0,0.0,0.0,0.0,0.0,0.0,0.0,0.0,0.0,0.0,0.0,0.0,0.0,0.0,0.0,0.0,0.0,0.0,0.0,0.0,0.0,0.0,0.0,0.0,0.0,0.0,0.0,0.0,0.0,0.0,0.0,0.0,0.0,0.0,0.0,0.0,0.0,0.0,0.0,0.0,0.0,0.0,0.0,0.0,0.0,0.0,0.0,0.0,0.0,0.0,0.0,0.0,0.0,0.0,0.0,0.0,0.0,0.0,0.0,0.0,0.0,0.0,0.0,0.0,0.0,0.0,0.0,0.0,0.0,
0.0,0.0,0.0,0.0,0.0,0.0,0.0,0.0,0.0,0.0,0.0,0.0,0.0,0.0,0.0,0.0,0.0,0.0,0.0,0.0,0.0,0.0,0.0,0.0,0.0,0.0,0.0,0.0,0.0,0.0,0.0,0.0,0.0,0.0,0.0,0.0,0.0,0.0,0.0,0.0,0.0,0.0,0.0,0.0,0.0,0.0,0.0,0.0,0.0,0.0,0.0,0.0,0.0,0.0,0.0,0.0,0.0,0.0,0.0,0.0,0.0,0.0,0.0,0.0,0.0,0.0,0.0,0.0,0.0,0.0,0.0,0.0,0.0,0.0,0.0,0.0,0.0,0.0,0.0,0.0,0.0,0.0,0.0,0.0,0.0,0.0,0.0,0.0,0.0,0.0,0.0,0.0,0.0,0.0,0.0,0.0,0.0,0.0,0.0,0.0,
0.0,0.0,0.0,0.0,0.0,0.0,0.0,0.0,0.0,0.0,0.0,0.0,0.0,0.0,0.0,0.0,0.0,0.0,0.0,0.0,0.0,0.0,0.0,0.0,0.0,0.0,0.0,0.0,0.0,0.0,0.0,0.0,0.0,0.0,0.0,0.0,0.0,0.0,0.0,0.0,0.0,0.0,0.0,0.0,0.0,0.0,0.0,0.0,0.0,0.0,0.0,0.0,0.0,0.0,0.0,0.0,0.0,0.0,0.0,0.0,0.0,0.0,0.0,0.0,0.0,0.0,0.0,0.0,0.0,0.0,0.0,0.0,0.0,0.0,0.0,0.0,0.0,0.0,0.0,0.0,0.0,0.0,0.0,0.0,0.0,0.0,0.0,0.0,0.0,0.0,0.0,0.0,0.0,0.0,0.0,0.0,0.0,0.0,0.0,0.0,
0.0,0.0,0.0,0.0,0.0,0.0,0.0,0.0,0.0,0.0,0.0,0.0,0.0,0.0,0.0,0.0,0.0,0.0,0.0,0.0,0.0,0.0,0.0,0.0,0.0,0.0,0.0,0.0,0.0,0.0,0.0,0.0,0.0,0.0,0.0,0.0,0.0,0.0,0.0,0.0,0.0,0.0,0.0,0.0,0.0,0.0,0.0,0.0,0.0,0.0,0.0,0.0,0.0,0.0,0.0,0.0,0.0,0.0,0.0,0.0,0.0,0.0,0.0,0.0,0.0,0.0,0.0,0.0,0.0,0.0,0.0,0.0,0.0,0.0,0.0,0.0,0.0,0.0,0.0,0.0,0.0,0.0,0.0,0.0,0.0,0.0,0.0,0.0,0.0,0.0,0.0,0.0,0.0,0.0,0.0,0.0,0.0,0.0,0.0,0.0,
0.0,0.0,0.0,0.0,0.0,0.0,0.0,0.0,0.0,0.0,0.0,0.0,0.0,0.0,0.0,0.0,0.0,0.0,0.0,0.0,0.0,0.0,0.0,0.0,0.0,0.0,0.0,0.0,0.0,0.0,0.0,0.0,0.0,0.0,0.0,0.0,0.0,0.0,0.0,0.0,0.0,0.0,0.0,0.0,0.0,0.0,0.0,0.0,0.0,0.0,0.0,0.0,0.0,0.0,0.0,0.0,0.0,0.0,0.0,0.0,0.0,0.0,0.0,0.0,0.0,0.0,0.0,0.0,0.0,0.0,0.0,0.0,0.0,0.0,0.0,0.0,0.0,0.0,0.0,0.0,0.0,0.0,0.0,0.0,0.0,0.0,0.0,0.0,0.0,0.0,0.0,0.0,0.0,0.0,0.0,0.0,0.0,0.0,0.0,0.0,
0.0,0.0,0.0,0.0,0.0,0.0,0.0,0.0,0.0,0.0,0.0,0.0,0.0,0.0,0.0,0.0,0.0,0.0,0.0,0.0,0.0,0.0,0.0,0.0,0.0,0.0,0.0,0.0,0.0,0.0,0.0,0.0,0.0,0.0,0.0,0.0,0.0,0.0,0.0,0.0,0.0,0.0,0.0,0.0,0.0,0.0,0.0,0.0,0.0,0.0,0.0,0.0,0.0,0.0,0.0,0.0,0.0,0.0,0.0,0.0,0.0,0.0,0.0,0.0,0.0,0.0,0.0,0.0,0.0,0.0,0.0,0.0,0.0,0.0,0.0,0.0,0.0,0.0,0.0,0.0,0.0,0.0,0.0,0.0,0.0,0.0,0.0,0.0,0.0,0.0,0.0,0.0,0.0,0.0,0.0,0.0,0.0,0.0,0.0,0.0,
0.0,0.0,0.0,0.0,0.0,0.0,0.0,0.0,0.0,0.0,0.0,0.0,0.0,0.0,0.0,0.0,0.0,0.0,0.0,0.0,0.0,0.0,0.0,0.0,0.0,0.0,0.0,0.0,0.0,0.0,0.0,0.0,0.0,0.0,0.0,0.0,0.0,0.0,0.0,0.0,0.0,0.0,0.0,0.0,0.0,0.0,0.0,0.0,0.0,0.0,0.0,0.0,0.0,0.0,0.0,0.0,0.0,0.0,0.0,0.0,0.0,0.0,0.0,0.0,0.0,0.0,0.0,0.0,0.0,0.0,0.0,0.0,0.0,0.0,0.0,0.0,0.0,0.0,0.0,0.0,0.0,0.0,0.0,0.0,0.0,0.0,0.0,0.0,0.0,0.0,0.0,0.0,0.0,0.0,0.0,0.0,0.0,0.0,0.0,0.0,
0.0,0.0,0.0,0.0,0.0,0.0,0.0,0.0,0.0,0.0,0.0,0.0,0.0,0.0,0.0,0.0,0.0,0.0,0.0,0.0,0.0,0.0,0.0,0.0,0.0,0.0,0.0,0.0,0.0,0.0,0.0,0.0,0.0,0.0,0.0,0.0,0.0,0.0,0.0,0.0,0.0,0.0,0.0,0.0,0.0,0.0,0.0,0.0,0.0,0.0,0.0,0.0,0.0,0.0,0.0,0.0,0.0,0.0,0.0,0.0,0.0,0.0,0.0,0.0,0.0,0.0,0.0,0.0,0.0,0.0,0.0,0.0,0.0,0.0,0.0,0.0,0.0,0.0,0.0,0.0,0.0,0.0,0.0,0.0,0.0,0.0,0.0,0.0,0.0,0.0,0.0,0.0,0.0,0.0,0.0,0.0,0.0,0.0,0.0,0.0,
0.0,0.0,0.0,0.0,-0.071,-0.099,-0.055,-0.096,-0.092,-0.066,-0.086,-0.102,-0.056,-0.096,-0.092,-0.066,-0.086,-0.102,-0.056,-0.096,-0.092,-0.066,-0.086,-0.102,-0.056,-0.096,-0.092,-0.066,-0.086,-0.102,-0.056,-0.096,-0.092,-0.066,-0.086,-0.102,-0.056,-0.096,-0.092,-0.066,-0.086,-0.102,-0.056,-0.096,-0.092,-0.066,-0.086,-0.102,-0.056,-0.096,-0.092,-0.066,-0.086,-0.102,-0.056,-0.096,-0.092,-0.066,-0.086,-0.102,-0.056,-0.096,-0.092,-0.066,-0.086,-0.102,-0.056,-0.096,-0.092,-0.066,-0.086,-0.102,-0.056,-0.096,-0.092,-0.066,-0.086,-0.102,-0.056,-0.096,-0.092,-0.066,-0.086,-0.102,-0.056,-0.096,-0.092,-0.066,-0.086,-0.102,-0.056,-0.096,-0.092,-0.066,-0.086,-0.102,-0.056,-0.096,-0.092,-0.066,
0.0,0.0,0.0,0.0,0.0,0.0,0.0,0.0,0.0,0.0,0.0,0.0,0.0,0.0,0.0,0.0,0.0,0.0,0.0,0.0,0.0,0.0,0.0,0.0,0.0,0.0,0.0,0.0,0.0,0.0,0.0,0.0,0.0,0.0,0.0,0.0,0.0,0.0,0.0,0.0,0.0,0.0,0.0,0.0,0.0,0.0,0.0,0.0,0.0,0.0,0.0,0.0,0.0,0.0,0.0,0.0,0.0,0.0,0.0,0.0,0.0,0.0,0.0,0.0,0.0,0.0,0.0,0.0,0.0,0.0,0.0,0.0,0.0,0.0,0.0,0.0,0.0,0.0,0.0,0.0,0.0,0.0,0.0,0.0,0.0,0.0,0.0,0.0,0.0,0.0,0.0,0.0,0.0,0.0,0.0,0.0,0.0,0.0,0.0,0.0,
0.0,0.0,0.0,0.0,0.0,0.0,0.0,0.0,0.0,0.0,0.0,0.0,0.0,0.0,0.0,0.0,0.0,0.0,0.0,0.0,0.0,0.0,0.0,0.0,0.0,0.0,0.0,0.0,0.0,0.0,0.0,0.0,0.0,0.0,0.0,0.0,0.0,0.0,0.0,0.0,0.0,0.0,0.0,0.0,0.0,0.0,0.0,0.0,0.0,0.0,0.0,0.0,0.0,0.0,0.0,0.0,0.0,0.0,0.0,0.0,0.0,0.0,0.0,0.0,0.0,0.0,0.0,0.0,0.0,0.0,0.0,0.0,0.0,0.0,0.0,0.0,0.0,0.0,0.0,0.0,0.0,0.0,0.0,0.0,0.0,0.0,0.0,0.0,0.0,0.0,0.0,0.0,0.0,0.0,0.0,0.0,0.0,0.0,0.0,0.0,
0.0,0.0,-0.12,-0.162,-0.171,-0.216,-0.186,-0.175,-0.172,-0.216,-0.186,-0.175,-0.172,-0.216,-0.186,-0.175,-0.172,-0.216,-0.186,-0.175,-0.172,-0.216,-0.186,-0.175,-0.172,-0.216,-0.186,-0.175,-0.172,-0.216,-0.186,-0.175,-0.172,-0.216,-0.186,-0.175,-0.172,-0.216,-0.186,-0.175,-0.172,-0.216,-0.186,-0.175,-0.172,-0.216,-0.186,-0.175,-0.172,-0.216,-0.186,-0.175,-0.172,-0.216,-0.186,-0.175,-0.172,-0.216,-0.186,-0.175,-0.172,-0.216,-0.186,-0.175,-0.172,-0.216,-0.186,-0.175,-0.172,-0.216,-0.186,-0.175,-0.172,-0.216,-0.186,-0.175,-0.172,-0.216,-0.186,-0.175,-0.172,-0.216,-0.186,-0.175,-0.172,-0.216,-0.186,-0.175,-0.172,-0.216,-0.186,-0.175,-0.172,-0.216,-0.186,-0.175,-0.172,-0.216,-0.186,-0.175,
0.0,0.0,0.0,0.0,0.0,0.0,0.0,0.0,0.0,0.0,0.0,0.0,0.0,0.0,0.0,0.0,0.0,0.0,0.0,0.0,0.0,0.0,0.0,0.0,0.0,0.0,0.0,0.0,0.0,0.0,0.0,0.0,0.0,0.0,0.0,0.0,0.0,0.0,0.0,0.0,0.0,0.0,0.0,0.0,0.0,0.0,0.0,0.0,0.0,0.0,0.0,0.0,0.0,0.0,0.0,0.0,0.0,0.0,0.0,0.0,0.0,0.0,0.0,0.0,0.0,0.0,0.0,0.0,0.0,0.0,0.0,0.0,0.0,0.0,0.0,0.0,0.0,0.0,0.0,0.0,0.0,0.0,0.0,0.0,0.0,0.0,0.0,0.0,0.0,0.0,0.0,0.0,0.0,0.0,0.0,0.0,0.0,0.0,0.0,0.0,
0.0,0.0,0.0,0.0,0.0,0.0,0.0,0.0,0.0,0.0,0.0,0.0,0.0,0.0,0.0,0.0,0.0,0.0,0.0,0.0,0.0,0.0,0.0,0.0,0.0,0.0,0.0,0.0,0.0,0.0,0.0,0.0,0.0,0.0,0.0,0.0,0.0,0.0,0.0,0.0,0.0,0.0,0.0,0.0,0.0,0.0,0.0,0.0,0.0,0.0,0.0,0.0,0.0,0.0,0.0,0.0,0.0,0.0,0.0,0.0,0.0,0.0,0.0,0.0,0.0,0.0,0.0,0.0,0.0,0.0,0.0,0.0,0.0,0.0,0.0,0.0,0.0,0.0,0.0,0.0,0.0,0.0,0.0,0.0,0.0,0.0,0.0,0.0,0.0,0.0,0.0,0.0,0.0,0.0,0.0,0.0,0.0,0.0,0.0,0.0,
0.0,0.0,0.0,0.0,0.0,0.0,0.0,0.0,0.0,0.0,0.0,0.0,0.0,0.0,0.0,0.0,0.0,0.0,0.0,0.0,0.0,0.0,0.0,0.0,0.0,0.0,0.0,0.0,0.0,0.0,0.0,0.0,0.0,0.0,0.0,0.0,0.0,0.0,0.0,0.0,0.0,0.0,0.0,0.0,0.0,0.0,0.0,0.0,0.0,0.0,0.0,0.0,0.0,0.0,0.0,0.0,0.0,0.0,0.0,0.0,0.0,0.0,0.0,0.0,0.0,0.0,0.0,0.0,0.0,0.0,0.0,0.0,0.0,0.0,0.0,0.0,0.0,0.0,0.0,0.0,0.0,0.0,0.0,0.0,0.0,0.0,0.0,0.0,0.0,0.0,0.0,0.0,0.0,0.0,0.0,0.0,0.0,0.0,0.0,0.0,
0.0,0.0,0.0,0.0,0.0,0.0,0.0,0.0,0.0,0.0,0.0,0.0,0.0,0.0,0.0,0.0,0.0,0.0,0.0,0.0,0.0,0.0,0.0,0.0,0.0,0.0,0.0,0.0,0.0,0.0,0.0,0.0,0.0,0.0,0.0,0.0,0.0,0.0,0.0,0.0,0.0,0.0,0.0,0.0,0.0,0.0,0.0,0.0,0.0,0.0,0.0,0.0,0.0,0.0,0.0,0.0,0.0,0.0,0.0,0.0,0.0,0.0,0.0,0.0,0.0,0.0,0.0,0.0,0.0,0.0,0.0,0.0,0.0,0.0,0.0,0.0,0.0,0.0,0.0,0.0,0.0,0.0,0.0,0.0,0.0,0.0,0.0,0.0,0.0,0.0,0.0,0.0,0.0,0.0,0.0,0.0,0.0,0.0,0.0,0.0,
0.0,0.0,0.0,0.0,0.0,0.0,0.0,0.0,0.0,0.0,0.0,0.0,0.0,0.0,0.0,0.0,0.0,0.0,0.0,0.0,0.0,0.0,0.0,0.0,0.0,0.0,0.0,0.0,0.0,0.0,0.0,0.0,0.0,0.0,0.0,0.0,0.0,0.0,0.0,0.0,0.0,0.0,0.0,0.0,0.0,0.0,0.0,0.0,0.0,0.0,0.0,0.0,0.0,0.0,0.0,0.0,0.0,0.0,0.0,0.0,0.0,0.0,0.0,0.0,0.0,0.0,0.0,0.0,0.0,0.0,0.0,0.0,0.0,0.0,0.0,0.0,0.0,0.0,0.0,0.0,0.0,0.0,0.0,0.0,0.0,0.0,0.0,0.0,0.0,0.0,0.0,0.0,0.0,0.0,0.0,0.0,0.0,0.0,0.0,0.0,
0.0,0.0,0.0,0.0,0.0,0.0,0.0,0.0,0.0,0.0,0.0,0.0,0.0,0.0,0.0,0.0,0.0,0.0,0.0,0.0,0.0,0.0,0.0,0.0,0.0,0.0,0.0,0.0,0.0,0.0,0.0,0.0,0.0,0.0,0.0,0.0,0.0,0.0,0.0,0.0,0.0,0.0,0.0,0.0,0.0,0.0,0.0,0.0,0.0,0.0,0.0,0.0,0.0,0.0,0.0,0.0,0.0,0.0,0.0,0.0,0.0,0.0,0.0,0.0,0.0,0.0,0.0,0.0,0.0,0.0,0.0,0.0,0.0,0.0,0.0,0.0,0.0,0.0,0.0,0.0,0.0,0.0,0.0,0.0,0.0,0.0,0.0,0.0,0.0,0.0,0.0,0.0,0.0,0.0,0.0,0.0,0.0,0.0,0.0,0.0,
0.0,0.0,-0.092,-0.137,-0.19,-0.205,-0.207,-0.207,-0.207,-0.207,-0.207,-0.207,-0.207,-0.207,-0.207,-0.207,-0.207,-0.207,-0.207,-0.207,-0.207,-0.207,-0.207,-0.207,-0.207,-0.207,-0.207,-0.207,-0.207,-0.207,-0.207,-0.207,-0.207,-0.207,-0.207,-0.207,-0.207,-0.207,-0.207,-0.207,-0.207,-0.207,-0.207,-0.207,-0.207,-0.207,-0.207,-0.207,-0.207,-0.207,-0.207,-0.207,-0.207,-0.207,-0.207,-0.207,-0.207,-0.207,-0.207,-0.207,-0.207,-0.207,-0.207,-0.207,-0.207,-0.207,-0.207,-0.207,-0.207,-0.207,-0.207,-0.207,-0.207,-0.207,-0.207,-0.207,-0.207,-0.207,-0.207,-0.207,-0.207,-0.207,-0.207,-0.207,-0.207,-0.207,-0.207,-0.207,-0.207,-0.207,-0.207,-0.207,-0.207,-0.207,-0.207,-0.207,-0.207,-0.207,-0.207,-0.207,
0.0,0.0,0.0,0.0,0.0,0.0,0.0,0.0,0.0,0.0,0.0,0.0,0.0,0.0,0.0,0.0,0.0,0.0,0.0,0.0,0.0,0.0,0.0,0.0,0.0,0.0,0.0,0.0,0.0,0.0,0.0,0.0,0.0,0.0,0.0,0.0,0.0,0.0,0.0,0.0,0.0,0.0,0.0,0.0,0.0,0.0,0.0,0.0,0.0,0.0,0.0,0.0,0.0,0.0,0.0,0.0,0.0,0.0,0.0,0.0,0.0,0.0,0.0,0.0,0.0,0.0,0.0,0.0,0.0,0.0,0.0,0.0,0.0,0.0,0.0,0.0,0.0,0.0,0.0,0.0,0.0,0.0,0.0,0.0,0.0,0.0,0.0,0.0,0.0,0.0,0.0,0.0,0.0,0.0,0.0,0.0,0.0,0.0,0.0,0.0,
0.0,0.0,-0.167,-0.156,-0.16,-0.086,-0.07,-0.069,-0.067,-0.069,-0.067,-0.069,-0.067,-0.069,-0.067,-0.069,-0.067,-0.069,-0.067,-0.069,-0.067,-0.069,-0.067,-0.069,-0.067,-0.069,-0.067,-0.069,-0.067,-0.069,-0.067,-0.069,-0.067,-0.069,-0.067,-0.069,-0.067,-0.069,-0.067,-0.069,-0.067,-0.069,-0.067,-0.069,-0.067,-0.069,-0.067,-0.069,-0.067,-0.069,-0.067,-0.069,-0.067,-0.069,-0.067,-0.069,-0.067,-0.069,-0.067,-0.069,-0.067,-0.069,-0.067,-0.069,-0.067,-0.069,-0.067,-0.069,-0.067,-0.069,-0.067,-0.069,-0.067,-0.069,-0.067,-0.069,-0.067,-0.069,-0.067,-0.069,-0.067,-0.069,-0.067,-0.069,-0.067,-0.069,-0.067,-0.069,-0.067,-0.069,-0.067,-0.069,-0.067,-0.069,-0.067,-0.069,-0.067,-0.069,-0.067,-0.069,
0.0,0.0,0.0,0.0,0.0,0.0,0.0,0.0,0.0,0.0,0.0,0.0,0.0,0.0,0.0,0.0,0.0,0.0,0.0,0.0,0.0,0.0,0.0,0.0,0.0,0.0,0.0,0.0,0.0,0.0,0.0,0.0,0.0,0.0,0.0,0.0,0.0,0.0,0.0,0.0,0.0,0.0,0.0,0.0,0.0,0.0,0.0,0.0,0.0,0.0,0.0,0.0,0.0,0.0,0.0,0.0,0.0,0.0,0.0,0.0,0.0,0.0,0.0,0.0,0.0,0.0,0.0,0.0,0.0,0.0,0.0,0.0,0.0,0.0,0.0,0.0,0.0,0.0,0.0,0.0,0.0,0.0,0.0,0.0,0.0,0.0,0.0,0.0,0.0,0.0,0.0,0.0,0.0,0.0,0.0,0.0,0.0,0.0,0.0,0.0,
0.0,0.0,0.0,0.0,0.0,0.0,0.0,0.0,0.0,0.0,0.0,0.0,0.0,0.0,0.0,0.0,0.0,0.0,0.0,0.0,0.0,0.0,0.0,0.0,0.0,0.0,0.0,0.0,0.0,0.0,0.0,0.0,0.0,0.0,0.0,0.0,0.0,0.0,0.0,0.0,0.0,0.0,0.0,0.0,0.0,0.0,0.0,0.0,0.0,0.0,0.0,0.0,0.0,0.0,0.0,0.0,0.0,0.0,0.0,0.0,0.0,0.0,0.0,0.0,0.0,0.0,0.0,0.0,0.0,0.0,0.0,0.0,0.0,0.0,0.0,0.0,0.0,0.0,0.0,0.0,0.0,0.0,0.0,0.0,0.0,0.0,0.0,0.0,0.0,0.0,0.0,0.0,0.0,0.0,0.0,0.0,0.0,0.0,0.0,0.0,
0.0,0.0,0.0,0.0,0.0,0.0,0.0,0.0,0.0,0.0,0.0,0.0,0.0,0.0,0.0,0.0,0.0,0.0,0.0,0.0,0.0,0.0,0.0,0.0,0.0,0.0,0.0,0.0,0.0,0.0,0.0,0.0,0.0,0.0,0.0,0.0,0.0,0.0,0.0,0.0,0.0,0.0,0.0,0.0,0.0,0.0,0.0,0.0,0.0,0.0,0.0,0.0,0.0,0.0,0.0,0.0,0.0,0.0,0.0,0.0,0.0,0.0,0.0,0.0,0.0,0.0,0.0,0.0,0.0,0.0,0.0,0.0,0.0,0.0,0.0,0.0,0.0,0.0,0.0,0.0,0.0,0.0,0.0,0.0,0.0,0.0,0.0,0.0,0.0,0.0,0.0,0.0,0.0,0.0,0.0,0.0,0.0,0.0,0.0,0.0,
0.0,0.0,-0.055,-0.106,-0.112,-0.129,-0.114,-0.129,-0.114,-0.129,-0.114,-0.129,-0.114,-0.129,-0.114,-0.129,-0.114,-0.129,-0.114,-0.129,-0.114,-0.129,-0.114,-0.129,-0.114,-0.129,-0.114,-0.129,-0.114,-0.129,-0.114,-0.129,-0.114,-0.129,-0.114,-0.129,-0.114,-0.129,-0.114,-0.129,-0.114,-0.129,-0.114,-0.129,-0.114,-0.129,-0.114,-0.129,-0.114,-0.129,-0.114,-0.129,-0.114,-0.129,-0.114,-0.129,-0.114,-0.129,-0.114,-0.129,-0.114,-0.129,-0.114,-0.129,-0.114,-0.129,-0.114,-0.129,-0.114,-0.129,-0.114,-0.129,-0.114,-0.129,-0.114,-0.129,-0.114,-0.129,-0.114,-0.129,-0.114,-0.129,-0.114,-0.129,-0.114,-0.129,-0.114,-0.129,-0.114,-0.129,-0.114,-0.129,-0.114,-0.129,-0.114,-0.129,-0.114,-0.129,-0.114,-0.129,
0.0,0.0,0.0,0.0,0.0,0.0,0.0,0.0,0.0,0.0,0.0,0.0,0.0,0.0,0.0,0.0,0.0,0.0,0.0,0.0,0.0,0.0,0.0,0.0,0.0,0.0,0.0,0.0,0.0,0.0,0.0,0.0,0.0,0.0,0.0,0.0,0.0,0.0,0.0,0.0,0.0,0.0,0.0,0.0,0.0,0.0,0.0,0.0,0.0,0.0,0.0,0.0,0.0,0.0,0.0,0.0,0.0,0.0,0.0,0.0,0.0,0.0,0.0,0.0,0.0,0.0,0.0,0.0,0.0,0.0,0.0,0.0,0.0,0.0,0.0,0.0,0.0,0.0,0.0,0.0,0.0,0.0,0.0,0.0,0.0,0.0,0.0,0.0,0.0,0.0,0.0,0.0,0.0,0.0,0.0,0.0,0.0,0.0,0.0,0.0,
0.0,0.0,0.0,0.0,0.0,0.0,0.0,0.0,0.0,0.0,0.0,0.0,0.0,0.0,0.0,0.0,0.0,0.0,0.0,0.0,0.0,0.0,0.0,0.0,0.0,0.0,0.0,0.0,0.0,0.0,0.0,0.0,0.0,0.0,0.0,0.0,0.0,0.0,0.0,0.0,0.0,0.0,0.0,0.0,0.0,0.0,0.0,0.0,0.0,0.0,0.0,0.0,0.0,0.0,0.0,0.0,0.0,0.0,0.0,0.0,0.0,0.0,0.0,0.0,0.0,0.0,0.0,0.0,0.0,0.0,0.0,0.0,0.0,0.0,0.0,0.0,0.0,0.0,0.0,0.0,0.0,0.0,0.0,0.0,0.0,0.0,0.0,0.0,0.0,0.0,0.0,0.0,0.0,0.0,0.0,0.0,0.0,0.0,0.0,0.0,
0.0,0.0,0.0,0.0,0.0,0.0,0.0,0.0,0.0,0.0,0.0,0.0,0.0,0.0,0.0,0.0,0.0,0.0,0.0,0.0,0.0,0.0,0.0,0.0,0.0,0.0,0.0,0.0,0.0,0.0,0.0,0.0,0.0,0.0,0.0,0.0,0.0,0.0,0.0,0.0,0.0,0.0,0.0,0.0,0.0,0.0,0.0,0.0,0.0,0.0,0.0,0.0,0.0,0.0,0.0,0.0,0.0,0.0,0.0,0.0,0.0,0.0,0.0,0.0,0.0,0.0,0.0,0.0,0.0,0.0,0.0,0.0,0.0,0.0,0.0,0.0,0.0,0.0,0.0,0.0,0.0,0.0,0.0,0.0,0.0,0.0,0.0,0.0,0.0,0.0,0.0,0.0,0.0,0.0,0.0,0.0,0.0,0.0,0.0,0.0,
0.0,0.0,0.0,0.0,0.0,0.0,0.0,0.0,0.0,0.0,0.0,0.0,0.0,0.0,0.0,0.0,0.0,0.0,0.0,0.0,0.0,0.0,0.0,0.0,0.0,0.0,0.0,0.0,0.0,0.0,0.0,0.0,0.0,0.0,0.0,0.0,0.0,0.0,0.0,0.0,0.0,0.0,0.0,0.0,0.0,0.0,0.0,0.0,0.0,0.0,0.0,0.0,0.0,0.0,0.0,0.0,0.0,0.0,0.0,0.0,0.0,0.0,0.0,0.0,0.0,0.0,0.0,0.0,0.0,0.0,0.0,0.0,0.0,0.0,0.0,0.0,0.0,0.0,0.0,0.0,0.0,0.0,0.0,0.0,0.0,0.0,0.0,0.0,0.0,0.0,0.0,0.0,0.0,0.0,0.0,0.0,0.0,0.0,0.0,0.0,
0.0,0.0,0.0,0.0,0.0,0.0,0.0,0.0,0.0,0.0,0.0,0.0,0.0,0.0,0.0,0.0,0.0,0.0,0.0,0.0,0.0,0.0,0.0,0.0,0.0,0.0,0.0,0.0,0.0,0.0,0.0,0.0,0.0,0.0,0.0,0.0,0.0,0.0,0.0,0.0,0.0,0.0,0.0,0.0,0.0,0.0,0.0,0.0,0.0,0.0,0.0,0.0,0.0,0.0,0.0,0.0,0.0,0.0,0.0,0.0,0.0,0.0,0.0,0.0,0.0,0.0,0.0,0.0,0.0,0.0,0.0,0.0,0.0,0.0,0.0,0.0,0.0,0.0,0.0,0.0,0.0,0.0,0.0,0.0,0.0,0.0,0.0,0.0,0.0,0.0,0.0,0.0,0.0,0.0,0.0,0.0,0.0,0.0,0.0,0.0,
0.0,0.0,0.0,0.0,0.0,0.0,0.0,0.0,0.0,0.0,0.0,0.0,0.0,0.0,0.0,0.0,0.0,0.0,0.0,0.0,0.0,0.0,0.0,0.0,0.0,0.0,0.0,0.0,0.0,0.0,0.0,0.0,0.0,0.0,0.0,0.0,0.0,0.0,0.0,0.0,0.0,0.0,0.0,0.0,0.0,0.0,0.0,0.0,0.0,0.0,0.0,0.0,0.0,0.0,0.0,0.0,0.0,0.0,0.0,0.0,0.0,0.0,0.0,0.0,0.0,0.0,0.0,0.0,0.0,0.0,0.0,0.0,0.0,0.0,0.0,0.0,0.0,0.0,0.0,0.0,0.0,0.0,0.0,0.0,0.0,0.0,0.0,0.0,0.0,0.0,0.0,0.0,0.0,0.0,0.0,0.0,0.0,0.0,0.0,0.0,
0.0,0.0,0.0,0.0,0.0,0.0,0.0,0.0,0.0,0.0,0.0,0.0,0.0,0.0,0.0,0.0,0.0,0.0,0.0,0.0,0.0,0.0,0.0,0.0,0.0,0.0,0.0,0.0,0.0,0.0,0.0,0.0,0.0,0.0,0.0,0.0,0.0,0.0,0.0,0.0,0.0,0.0,0.0,0.0,0.0,0.0,0.0,0.0,0.0,0.0,0.0,0.0,0.0,0.0,0.0,0.0,0.0,0.0,0.0,0.0,0.0,0.0,0.0,0.0,0.0,0.0,0.0,0.0,0.0,0.0,0.0,0.0,0.0,0.0,0.0,0.0,0.0,0.0,0.0,0.0,0.0,0.0,0.0,0.0,0.0,0.0,0.0,0.0,0.0,0.0,0.0,0.0,0.0,0.0,0.0,0.0,0.0,0.0,0.0,0.0,
0.0,0.0,-0.107,-0.142,-0.152,-0.158,-0.173,-0.22,-0.209,-0.187,-0.212,-0.164,-0.157,-0.122,-0.143,-0.153,-0.158,-0.173,-0.22,-0.209,-0.187,-0.212,-0.164,-0.157,-0.122,-0.143,-0.153,-0.158,-0.173,-0.22,-0.209,-0.187,-0.212,-0.164,-0.157,-0.122,-0.143,-0.153,-0.158,-0.173,-0.22,-0.209,-0.187,-0.212,-0.164,-0.157,-0.122,-0.143,-0.153,-0.158,-0.173,-0.22,-0.209,-0.187,-0.212,-0.164,-0.157,-0.122,-0.143,-0.153,-0.158,-0.173,-0.22,-0.209,-0.187,-0.212,-0.164,-0.157,-0.122,-0.143,-0.153,-0.158,-0.173,-0.22,-0.209,-0.187,-0.212,-0.164,-0.157,-0.122,-0.143,-0.153,-0.158,-0.173,-0.22,-0.209,-0.187,-0.212,-0.164,-0.157,-0.122,-0.143,-0.153,-0.158,-0.173,-0.22,-0.209,-0.187,-0.212,-0.164,
0.0,0.0,0.0,0.0,0.0,0.0,0.0,0.0,0.0,0.0,0.0,0.0,0.0,0.0,0.0,0.0,0.0,0.0,0.0,0.0,0.0,0.0,0.0,0.0,0.0,0.0,0.0,0.0,0.0,0.0,0.0,0.0,0.0,0.0,0.0,0.0,0.0,0.0,0.0,0.0,0.0,0.0,0.0,0.0,0.0,0.0,0.0,0.0,0.0,0.0,0.0,0.0,0.0,0.0,0.0,0.0,0.0,0.0,0.0,0.0,0.0,0.0,0.0,0.0,0.0,0.0,0.0,0.0,0.0,0.0,0.0,0.0,0.0,0.0,0.0,0.0,0.0,0.0,0.0,0.0,0.0,0.0,0.0,0.0,0.0,0.0,0.0,0.0,0.0,0.0,0.0,0.0,0.0,0.0,0.0,0.0,0.0,0.0,0.0,0.0,
0.0,0.0,0.0,0.0,0.0,0.0,0.0,0.0,0.0,0.0,0.0,0.0,0.0,0.0,0.0,0.0,0.0,0.0,0.0,0.0,0.0,0.0,0.0,0.0,0.0,0.0,0.0,0.0,0.0,0.0,0.0,0.0,0.0,0.0,0.0,0.0,0.0,0.0,0.0,0.0,0.0,0.0,0.0,0.0,0.0,0.0,0.0,0.0,0.0,0.0,0.0,0.0,0.0,0.0,0.0,0.0,0.0,0.0,0.0,0.0,0.0,0.0,0.0,0.0,0.0,0.0,0.0,0.0,0.0,0.0,0.0,0.0,0.0,0.0,0.0,0.0,0.0,0.0,0.0,0.0,0.0,0.0,0.0,0.0,0.0,0.0,0.0,0.0,0.0,0.0,0.0,0.0,0.0,0.0,0.0,0.0,0.0,0.0,0.0,0.0,
0.0,0.0,0.0,0.0,0.0,0.0,0.0,0.0,0.0,0.0,0.0,0.0,0.0,0.0,0.0,0.0,0.0,0.0,0.0,0.0,0.0,0.0,0.0,0.0,0.0,0.0,0.0,0.0,0.0,0.0,0.0,0.0,0.0,0.0,0.0,0.0,0.0,0.0,0.0,0.0,0.0,0.0,0.0,0.0,0.0,0.0,0.0,0.0,0.0,0.0,0.0,0.0,0.0,0.0,0.0,0.0,0.0,0.0,0.0,0.0,0.0,0.0,0.0,0.0,0.0,0.0,0.0,0.0,0.0,0.0,0.0,0.0,0.0,0.0,0.0,0.0,0.0,0.0,0.0,0.0,0.0,0.0,0.0,0.0,0.0,0.0,0.0,0.0,0.0,0.0,0.0,0.0,0.0,0.0,0.0,0.0,0.0,0.0,0.0,0.0,
0.0,0.0,0.0,0.0,0.0,0.0,0.0,0.0,0.0,0.0,0.0,0.0,0.0,0.0,0.0,0.0,0.0,0.0,0.0,0.0,0.0,0.0,0.0,0.0,0.0,0.0,0.0,0.0,0.0,0.0,0.0,0.0,0.0,0.0,0.0,0.0,0.0,0.0,0.0,0.0,0.0,0.0,0.0,0.0,0.0,0.0,0.0,0.0,0.0,0.0,0.0,0.0,0.0,0.0,0.0,0.0,0.0,0.0,0.0,0.0,0.0,0.0,0.0,0.0,0.0,0.0,0.0,0.0,0.0,0.0,0.0,0.0,0.0,0.0,0.0,0.0,0.0,0.0,0.0,0.0,0.0,0.0,0.0,0.0,0.0,0.0,0.0,0.0,0.0,0.0,0.0,0.0,0.0,0.0,0.0,0.0,0.0,0.0,0.0,0.0,
0.0,0.0,0.0,0.0,0.0,0.0,0.0,0.0,0.0,0.0,0.0,0.0,0.0,0.0,0.0,0.0,0.0,0.0,0.0,0.0,0.0,0.0,0.0,0.0,0.0,0.0,0.0,0.0,0.0,0.0,0.0,0.0,0.0,0.0,0.0,0.0,0.0,0.0,0.0,0.0,0.0,0.0,0.0,0.0,0.0,0.0,0.0,0.0,0.0,0.0,0.0,0.0,0.0,0.0,0.0,0.0,0.0,0.0,0.0,0.0,0.0,0.0,0.0,0.0,0.0,0.0,0.0,0.0,0.0,0.0,0.0,0.0,0.0,0.0,0.0,0.0,0.0,0.0,0.0,0.0,0.0,0.0,0.0,0.0,0.0,0.0,0.0,0.0,0.0,0.0,0.0,0.0,0.0,0.0,0.0,0.0,0.0,0.0,0.0,0.0,
0.0,0.0,0.0,0.0,0.0,0.0,0.0,0.0,0.0,0.0,0.0,0.0,0.0,0.0,0.0,0.0,0.0,0.0,0.0,0.0,0.0,0.0,0.0,0.0,0.0,0.0,0.0,0.0,0.0,0.0,0.0,0.0,0.0,0.0,0.0,0.0,0.0,0.0,0.0,0.0,0.0,0.0,0.0,0.0,0.0,0.0,0.0,0.0,0.0,0.0,0.0,0.0,0.0,0.0,0.0,0.0,0.0,0.0,0.0,0.0,0.0,0.0,0.0,0.0,0.0,0.0,0.0,0.0,0.0,0.0,0.0,0.0,0.0,0.0,0.0,0.0,0.0,0.0,0.0,0.0,0.0,0.0,0.0,0.0,0.0,0.0,0.0,0.0,0.0,0.0,0.0,0.0,0.0,0.0,0.0,0.0,0.0,0.0,0.0,0.0,
0.0,0.0,0.0,0.0,0.0,0.0,0.0,0.0,0.0,0.0,0.0,0.0,0.0,0.0,0.0,0.0,0.0,0.0,0.0,0.0,0.0,0.0,0.0,0.0,0.0,0.0,0.0,0.0,0.0,0.0,0.0,0.0,0.0,0.0,0.0,0.0,0.0,0.0,0.0,0.0,0.0,0.0,0.0,0.0,0.0,0.0,0.0,0.0,0.0,0.0,0.0,0.0,0.0,0.0,0.0,0.0,0.0,0.0,0.0,0.0,0.0,0.0,0.0,0.0,0.0,0.0,0.0,0.0,0.0,0.0,0.0,0.0,0.0,0.0,0.0,0.0,0.0,0.0,0.0,0.0,0.0,0.0,0.0,0.0,0.0,0.0,0.0,0.0,0.0,0.0,0.0,0.0,0.0,0.0,0.0,0.0,0.0,0.0,0.0,0.0,
0.0,0.0,0.0,0.0,0.0,0.0,0.0,0.0,0.0,0.0,0.0,0.0,0.0,0.0,0.0,0.0,0.0,0.0,0.0,0.0,0.0,0.0,0.0,0.0,0.0,0.0,0.0,0.0,0.0,0.0,0.0,0.0,0.0,0.0,0.0,0.0,0.0,0.0,0.0,0.0,0.0,0.0,0.0,0.0,0.0,0.0,0.0,0.0,0.0,0.0,0.0,0.0,0.0,0.0,0.0,0.0,0.0,0.0,0.0,0.0,0.0,0.0,0.0,0.0,0.0,0.0,0.0,0.0,0.0,0.0,0.0,0.0,0.0,0.0,0.0,0.0,0.0,0.0,0.0,0.0,0.0,0.0,0.0,0.0,0.0,0.0,0.0,0.0,0.0,0.0,0.0,0.0,0.0,0.0,0.0,0.0,0.0,0.0,0.0,0.0,
0.0,0.0,0.0,0.0,0.0,0.0,0.0,0.0,0.0,0.0,0.0,0.0,0.0,0.0,0.0,0.0,0.0,0.0,0.0,0.0,0.0,0.0,0.0,0.0,0.0,0.0,0.0,0.0,0.0,0.0,0.0,0.0,0.0,0.0,0.0,0.0,0.0,0.0,0.0,0.0,0.0,0.0,0.0,0.0,0.0,0.0,0.0,0.0,0.0,0.0,0.0,0.0,0.0,0.0,0.0,0.0,0.0,0.0,0.0,0.0,0.0,0.0,0.0,0.0,0.0,0.0,0.0,0.0,0.0,0.0,0.0,0.0,0.0,0.0,0.0,0.0,0.0,0.0,0.0,0.0,0.0,0.0,0.0,0.0,0.0,0.0,0.0,0.0,0.0,0.0,0.0,0.0,0.0,0.0,0.0,0.0,0.0,0.0,0.0,0.0,
0.0,0.0,0.0,0.0,0.0,0.0,0.0,0.0,0.0,0.0,0.0,0.0,0.0,0.0,0.0,0.0,0.0,0.0,0.0,0.0,0.0,0.0,0.0,0.0,0.0,0.0,0.0,0.0,0.0,0.0,0.0,0.0,0.0,0.0,0.0,0.0,0.0,0.0,0.0,0.0,0.0,0.0,0.0,0.0,0.0,0.0,0.0,0.0,0.0,0.0,0.0,0.0,0.0,0.0,0.0,0.0,0.0,0.0,0.0,0.0,0.0,0.0,0.0,0.0,0.0,0.0,0.0,0.0,0.0,0.0,0.0,0.0,0.0,0.0,0.0,0.0,0.0,0.0,0.0,0.0,0.0,0.0,0.0,0.0,0.0,0.0,0.0,0.0,0.0,0.0,0.0,0.0,0.0,0.0,0.0,0.0,0.0,0.0,0.0,0.0,
0.0,0.0,0.0,0.0,0.0,0.0,0.0,0.0,0.0,0.0,0.0,0.0,0.0,0.0,0.0,0.0,0.0,0.0,0.0,0.0,0.0,0.0,0.0,0.0,0.0,0.0,0.0,0.0,0.0,0.0,0.0,0.0,0.0,0.0,0.0,0.0,0.0,0.0,0.0,0.0,0.0,0.0,0.0,0.0,0.0,0.0,0.0,0.0,0.0,0.0,0.0,0.0,0.0,0.0,0.0,0.0,0.0,0.0,0.0,0.0,0.0,0.0,0.0,0.0,0.0,0.0,0.0,0.0,0.0,0.0,0.0,0.0,0.0,0.0,0.0,0.0,0.0,0.0,0.0,0.0,0.0,0.0,0.0,0.0,0.0,0.0,0.0,0.0,0.0,0.0,0.0,0.0,0.0,0.0,0.0,0.0,0.0,0.0,0.0,0.0,
0.0,0.0,0.0,0.0,0.0,0.0,0.0,0.0,0.0,0.0,0.0,0.0,0.0,0.0,0.0,0.0,0.0,0.0,0.0,0.0,0.0,0.0,0.0,0.0,0.0,0.0,0.0,0.0,0.0,0.0,0.0,0.0,0.0,0.0,0.0,0.0,0.0,0.0,0.0,0.0,0.0,0.0,0.0,0.0,0.0,0.0,0.0,0.0,0.0,0.0,0.0,0.0,0.0,0.0,0.0,0.0,0.0,0.0,0.0,0.0,0.0,0.0,0.0,0.0,0.0,0.0,0.0,0.0,0.0,0.0,0.0,0.0,0.0,0.0,0.0,0.0,0.0,0.0,0.0,0.0,0.0,0.0,0.0,0.0,0.0,0.0,0.0,0.0,0.0,0.0,0.0,0.0,0.0,0.0,0.0,0.0,0.0,0.0,0.0,0.0,
0.0,0.0,0.0,0.0,0.0,0.0,0.0,0.0,0.0,0.0,0.0,0.0,0.0,0.0,0.0,0.0,0.0,0.0,0.0,0.0,0.0,0.0,0.0,0.0,0.0,0.0,0.0,0.0,0.0,0.0,0.0,0.0,0.0,0.0,0.0,0.0,0.0,0.0,0.0,0.0,0.0,0.0,0.0,0.0,0.0,0.0,0.0,0.0,0.0,0.0,0.0,0.0,0.0,0.0,0.0,0.0,0.0,0.0,0.0,0.0,0.0,0.0,0.0,0.0,0.0,0.0,0.0,0.0,0.0,0.0,0.0,0.0,0.0,0.0,0.0,0.0,0.0,0.0,0.0,0.0,0.0,0.0,0.0,0.0,0.0,0.0,0.0,0.0,0.0,0.0,0.0,0.0,0.0,0.0,0.0,0.0,0.0,0.0,0.0,0.0,
0.0,0.0,0.0,0.0,0.0,0.0,0.0,0.0,0.0,0.0,0.0,0.0,0.0,0.0,0.0,0.0,0.0,0.0,0.0,0.0,0.0,0.0,0.0,0.0,0.0,0.0,0.0,0.0,0.0,0.0,0.0,0.0,0.0,0.0,0.0,0.0,0.0,0.0,0.0,0.0,0.0,0.0,0.0,0.0,0.0,0.0,0.0,0.0,0.0,0.0,0.0,0.0,0.0,0.0,0.0,0.0,0.0,0.0,0.0,0.0,0.0,0.0,0.0,0.0,0.0,0.0,0.0,0.0,0.0,0.0,0.0,0.0,0.0,0.0,0.0,0.0,0.0,0.0,0.0,0.0,0.0,0.0,0.0,0.0,0.0,0.0,0.0,0.0,0.0,0.0,0.0,0.0,0.0,0.0,0.0,0.0,0.0,0.0,0.0,0.0,
0.0,0.0,-0.102,-0.152,-0.178,-0.184,-0.185,-0.185,-0.185,-0.185,-0.185,-0.185,-0.185,-0.185,-0.185,-0.185,-0.185,-0.185,-0.185,-0.185,-0.185,-0.185,-0.185,-0.185,-0.185,-0.185,-0.185,-0.185,-0.185,-0.185,-0.185,-0.185,-0.185,-0.185,-0.185,-0.185,-0.185,-0.185,-0.185,-0.185,-0.185,-0.185,-0.185,-0.185,-0.185,-0.185,-0.185,-0.185,-0.185,-0.185,-0.185,-0.185,-0.185,-0.185,-0.185,-0.185,-0.185,-0.185,-0.185,-0.185,-0.185,-0.185,-0.185,-0.185,-0.185,-0.185,-0.185,-0.185,-0.185,-0.185,-0.185,-0.185,-0.185,-0.185,-0.185,-0.185,-0.185,-0.185,-0.185,-0.185,-0.185,-0.185,-0.185,-0.185,-0.185,-0.185,-0.185,-0.185,-0.185,-0.185,-0.185,-0.185,-0.185,-0.185,-0.185,-0.185,-0.185,-0.185,-0.185,-0.185,
0.0,0.0,0.0,0.0,0.0,0.0,0.0,0.0,0.0,0.0,0.0,0.0,0.0,0.0,0.0,0.0,0.0,0.0,0.0,0.0,0.0,0.0,0.0,0.0,0.0,0.0,0.0,0.0,0.0,0.0,0.0,0.0,0.0,0.0,0.0,0.0,0.0,0.0,0.0,0.0,0.0,0.0,0.0,0.0,0.0,0.0,0.0,0.0,0.0,0.0,0.0,0.0,0.0,0.0,0.0,0.0,0.0,0.0,0.0,0.0,0.0,0.0,0.0,0.0,0.0,0.0,0.0,0.0,0.0,0.0,0.0,0.0,0.0,0.0,0.0,0.0,0.0,0.0,0.0,0.0,0.0,0.0,0.0,0.0,0.0,0.0,0.0,0.0,0.0,0.0,0.0,0.0,0.0,0.0,0.0,0.0,0.0,0.0,0.0,0.0,
0.0,0.0,0.053,0.024,0.009,0.002,0.0,0.0,0.0,0.0,0.0,0.0,0.0,0.0,0.0,0.0,0.0,0.0,0.0,0.0,0.0,0.0,0.0,0.0,0.0,0.0,0.0,0.0,0.0,0.0,0.0,0.0,0.0,0.0,0.0,0.0,0.0,0.0,0.0,0.0,0.0,0.0,0.0,0.0,0.0,0.0,0.0,0.0,0.0,0.0,0.0,0.0,0.0,0.0,0.0,0.0,0.0,0.0,0.0,0.0,0.0,0.0,0.0,0.0,0.0,0.0,0.0,0.0,0.0,0.0,0.0,0.0,0.0,0.0,0.0,0.0,0.0,0.0,0.0,0.0,0.0,0.0,0.0,0.0,0.0,0.0,0.0,0.0,0.0,0.0,0.0,0.0,0.0,0.0,0.0,0.0,0.0,0.0,0.0,0.0,
0.0,0.0,0.0,0.0,0.0,0.0,0.0,0.0,0.0,0.0,0.0,0.0,0.0,0.0,0.0,0.0,0.0,0.0,0.0,0.0,0.0,0.0,0.0,0.0,0.0,0.0,0.0,0.0,0.0,0.0,0.0,0.0,0.0,0.0,0.0,0.0,0.0,0.0,0.0,0.0,0.0,0.0,0.0,0.0,0.0,0.0,0.0,0.0,0.0,0.0,0.0,0.0,0.0,0.0,0.0,0.0,0.0,0.0,0.0,0.0,0.0,0.0,0.0,0.0,0.0,0.0,0.0,0.0,0.0,0.0,0.0,0.0,0.0,0.0,0.0,0.0,0.0,0.0,0.0,0.0,0.0,0.0,0.0,0.0,0.0,0.0,0.0,0.0,0.0,0.0,0.0,0.0,0.0,0.0,0.0,0.0,0.0,0.0,0.0,0.0,
0.0,0.0,0.0,0.0,0.0,0.0,0.0,0.0,0.0,0.0,0.0,0.0,0.0,0.0,0.0,0.0,0.0,0.0,0.0,0.0,0.0,0.0,0.0,0.0,0.0,0.0,0.0,0.0,0.0,0.0,0.0,0.0,0.0,0.0,0.0,0.0,0.0,0.0,0.0,0.0,0.0,0.0,0.0,0.0,0.0,0.0,0.0,0.0,0.0,0.0,0.0,0.0,0.0,0.0,0.0,0.0,0.0,0.0,0.0,0.0,0.0,0.0,0.0,0.0,0.0,0.0,0.0,0.0,0.0,0.0,0.0,0.0,0.0,0.0,0.0,0.0,0.0,0.0,0.0,0.0,0.0,0.0,0.0,0.0,0.0,0.0,0.0,0.0,0.0,0.0,0.0,0.0,0.0,0.0,0.0,0.0,0.0,0.0,0.0,0.0,
0.0,0.0,0.0,0.0,0.0,0.0,0.0,0.0,0.0,0.0,0.0,0.0,0.0,0.0,0.0,0.0,0.0,0.0,0.0,0.0,0.0,0.0,0.0,0.0,0.0,0.0,0.0,0.0,0.0,0.0,0.0,0.0,0.0,0.0,0.0,0.0,0.0,0.0,0.0,0.0,0.0,0.0,0.0,0.0,0.0,0.0,0.0,0.0,0.0,0.0,0.0,0.0,0.0,0.0,0.0,0.0,0.0,0.0,0.0,0.0,0.0,0.0,0.0,0.0,0.0,0.0,0.0,0.0,0.0,0.0,0.0,0.0,0.0,0.0,0.0,0.0,0.0,0.0,0.0,0.0,0.0,0.0,0.0,0.0,0.0,0.0,0.0,0.0,0.0,0.0,0.0,0.0,0.0,0.0,0.0,0.0,0.0,0.0,0.0,0.0,
0.0,0.0,0.0,0.0,0.0,0.0,0.0,0.0,0.0,0.0,0.0,0.0,0.0,0.0,0.0,0.0,0.0,0.0,0.0,0.0,0.0,0.0,0.0,0.0,0.0,0.0,0.0,0.0,0.0,0.0,0.0,0.0,0.0,0.0,0.0,0.0,0.0,0.0,0.0,0.0,0.0,0.0,0.0,0.0,0.0,0.0,0.0,0.0,0.0,0.0,0.0,0.0,0.0,0.0,0.0,0.0,0.0,0.0,0.0,0.0,0.0,0.0,0.0,0.0,0.0,0.0,0.0,0.0,0.0,0.0,0.0,0.0,0.0,0.0,0.0,0.0,0.0,0.0,0.0,0.0,0.0,0.0,0.0,0.0,0.0,0.0,0.0,0.0,0.0,0.0,0.0,0.0,0.0,0.0,0.0,0.0,0.0,0.0,0.0,0.0,
0.0,0.0,0.0,0.0,0.0,-0.166,-0.18,-0.115,-0.108,-0.101,-0.27,-0.253,-0.214,-0.149,-0.111,-0.27,-0.253,-0.214,-0.149,-0.111,-0.27,-0.253,-0.214,-0.149,-0.111,-0.27,-0.253,-0.214,-0.149,-0.111,-0.27,-0.253,-0.214,-0.149,-0.111,-0.27,-0.253,-0.214,-0.149,-0.111,-0.27,-0.253,-0.214,-0.149,-0.111,-0.27,-0.253,-0.214,-0.149,-0.111,-0.27,-0.253,-0.214,-0.149,-0.111,-0.27,-0.253,-0.214,-0.149,-0.111,-0.27,-0.253,-0.214,-0.149,-0.111,-0.27,-0.253,-0.214,-0.149,-0.111,-0.27,-0.253,-0.214,-0.149,-0.111,-0.27,-0.253,-0.214,-0.149,-0.111,-0.27,-0.253,-0.214,-0.149,-0.111,-0.27,-0.253,-0.214,-0.149,-0.111,-0.27,-0.253,-0.214,-0.149,-0.111,-0.27,-0.253,-0.214,-0.149,-0.111,
0.0,0.0,0.0,0.0,0.0,0.0,0.0,0.0,0.0,0.0,0.0,0.0,0.0,0.0,0.0,0.0,0.0,0.0,0.0,0.0,0.0,0.0,0.0,0.0,0.0,0.0,0.0,0.0,0.0,0.0,0.0,0.0,0.0,0.0,0.0,0.0,0.0,0.0,0.0,0.0,0.0,0.0,0.0,0.0,0.0,0.0,0.0,0.0,0.0,0.0,0.0,0.0,0.0,0.0,0.0,0.0,0.0,0.0,0.0,0.0,0.0,0.0,0.0,0.0,0.0,0.0,0.0,0.0,0.0,0.0,0.0,0.0,0.0,0.0,0.0,0.0,0.0,0.0,0.0,0.0,0.0,0.0,0.0,0.0,0.0,0.0,0.0,0.0,0.0,0.0,0.0,0.0,0.0,0.0,0.0,0.0,0.0,0.0,0.0,0.0,
0.0,0.0,0.0,0.0,0.0,0.0,0.0,0.0,0.0,0.0,0.0,0.0,0.0,0.0,0.0,0.0,0.0,0.0,0.0,0.0,0.0,0.0,0.0,0.0,0.0,0.0,0.0,0.0,0.0,0.0,0.0,0.0,0.0,0.0,0.0,0.0,0.0,0.0,0.0,0.0,0.0,0.0,0.0,0.0,0.0,0.0,0.0,0.0,0.0,0.0,0.0,0.0,0.0,0.0,0.0,0.0,0.0,0.0,0.0,0.0,0.0,0.0,0.0,0.0,0.0,0.0,0.0,0.0,0.0,0.0,0.0,0.0,0.0,0.0,0.0,0.0,0.0,0.0,0.0,0.0,0.0,0.0,0.0,0.0,0.0,0.0,0.0,0.0,0.0,0.0,0.0,0.0,0.0,0.0,0.0,0.0,0.0,0.0,0.0,0.0,
0.0,0.0,0.0,0.0,0.0,0.0,0.0,0.0,0.0,0.0,0.0,0.0,0.0,0.0,0.0,0.0,0.0,0.0,0.0,0.0,0.0,0.0,0.0,0.0,0.0,0.0,0.0,0.0,0.0,0.0,0.0,0.0,0.0,0.0,0.0,0.0,0.0,0.0,0.0,0.0,0.0,0.0,0.0,0.0,0.0,0.0,0.0,0.0,0.0,0.0,0.0,0.0,0.0,0.0,0.0,0.0,0.0,0.0,0.0,0.0,0.0,0.0,0.0,0.0,0.0,0.0,0.0,0.0,0.0,0.0,0.0,0.0,0.0,0.0,0.0,0.0,0.0,0.0,0.0,0.0,0.0,0.0,0.0,0.0,0.0,0.0,0.0,0.0,0.0,0.0,0.0,0.0,0.0,0.0,0.0,0.0,0.0,0.0,0.0,0.0,
0.0,0.0,-0.154,-0.22,-0.247,-0.266,-0.237,-0.167,-0.134,-0.092,-0.09,-0.102,-0.143,-0.171,-0.142,-0.17,-0.138,-0.097,-0.103,-0.143,-0.171,-0.142,-0.17,-0.138,-0.097,-0.103,-0.143,-0.171,-0.142,-0.17,-0.138,-0.097,-0.103,-0.143,-0.171,-0.142,-0.17,-0.138,-0.097,-0.103,-0.143,-0.171,-0.142,-0.17,-0.138,-0.097,-0.103,-0.143,-0.171,-0.142,-0.17,-0.138,-0.097,-0.103,-0.143,-0.171,-0.142,-0.17,-0.138,-0.097,-0.103,-0.143,-0.171,-0.142,-0.17,-0.138,-0.097,-0.103,-0.143,-0.171,-0.142,-0.17,-0.138,-0.097,-0.103,-0.143,-0.171,-0.142,-0.17,-0.138,-0.097,-0.103,-0.143,-0.171,-0.142,-0.17,-0.138,-0.097,-0.103,-0.143,-0.171,-0.142,-0.17,-0.138,-0.097,-0.103,-0.143,-0.171,-0.142,-0.17,
0.0,0.0,0.0,0.0,0.0,0.0,0.0,0.0,0.0,0.0,0.0,0.0,0.0,0.0,0.0,0.0,0.0,0.0,0.0,0.0,0.0,0.0,0.0,0.0,0.0,0.0,0.0,0.0,0.0,0.0,0.0,0.0,0.0,0.0,0.0,0.0,0.0,0.0,0.0,0.0,0.0,0.0,0.0,0.0,0.0,0.0,0.0,0.0,0.0,0.0,0.0,0.0,0.0,0.0,0.0,0.0,0.0,0.0,0.0,0.0,0.0,0.0,0.0,0.0,0.0,0.0,0.0,0.0,0.0,0.0,0.0,0.0,0.0,0.0,0.0,0.0,0.0,0.0,0.0,0.0,0.0,0.0,0.0,0.0,0.0,0.0,0.0,0.0,0.0,0.0,0.0,0.0,0.0,0.0,0.0,0.0,0.0,0.0,0.0,0.0,
0.0,0.0,0.0,0.0,0.0,0.0,0.0,0.0,0.0,0.0,0.0,0.0,0.0,0.0,0.0,0.0,0.0,0.0,0.0,0.0,0.0,0.0,0.0,0.0,0.0,0.0,0.0,0.0,0.0,0.0,0.0,0.0,0.0,0.0,0.0,0.0,0.0,0.0,0.0,0.0,0.0,0.0,0.0,0.0,0.0,0.0,0.0,0.0,0.0,0.0,0.0,0.0,0.0,0.0,0.0,0.0,0.0,0.0,0.0,0.0,0.0,0.0,0.0,0.0,0.0,0.0,0.0,0.0,0.0,0.0,0.0,0.0,0.0,0.0,0.0,0.0,0.0,0.0,0.0,0.0,0.0,0.0,0.0,0.0,0.0,0.0,0.0,0.0,0.0,0.0,0.0,0.0,0.0,0.0,0.0,0.0,0.0,0.0,0.0,0.0,
0.0,0.0,-0.401,-0.391,-0.423,-0.346,-0.365,-0.325,-0.41,-0.387,-0.425,-0.39,-0.424,-0.391,-0.424,-0.39,-0.425,-0.39,-0.424,-0.391,-0.424,-0.39,-0.425,-0.39,-0.424,-0.391,-0.424,-0.39,-0.425,-0.39,-0.424,-0.391,-0.424,-0.39,-0.425,-0.39,-0.424,-0.391,-0.424,-0.39,-0.425,-0.39,-0.424,-0.391,-0.424,-0.39,-0.425,-0.39,-0.424,-0.391,-0.424,-0.39,-0.425,-0.39,-0.424,-0.391,-0.424,-0.39,-0.425,-0.39,-0.424,-0.391,-0.424,-0.39,-0.425,-0.39,-0.424,-0.391,-0.424,-0.39,-0.425,-0.39,-0.424,-0.391,-0.424,-0.39,-0.425,-0.39,-0.424,-0.391,-0.424,-0.39,-0.425,-0.39,-0.424,-0.391,-0.424,-0.39,-0.425,-0.39,-0.424,-0.391,-0.424,-0.39,-0.425,-0.39,-0.424,-0.391,-0.424,-0.39,
0.0,0.0,0.0,0.0,0.0,0.0,0.0,0.0,0.0,0.0,0.0,0.0,0.0,0.0,0.0,0.0,0.0,0.0,0.0,0.0,0.0,0.0,0.0,0.0,0.0,0.0,0.0,0.0,0.0,0.0,0.0,0.0,0.0,0.0,0.0,0.0,0.0,0.0,0.0,0.0,0.0,0.0,0.0,0.0,0.0,0.0,0.0,0.0,0.0,0.0,0.0,0.0,0.0,0.0,0.0,0.0,0.0,0.0,0.0,0.0,0.0,0.0,0.0,0.0,0.0,0.0,0.0,0.0,0.0,0.0,0.0,0.0,0.0,0.0,0.0,0.0,0.0,0.0,0.0,0.0,0.0,0.0,0.0,0.0,0.0,0.0,0.0,0.0,0.0,0.0,0.0,0.0,0.0,0.0,0.0,0.0,0.0,0.0,0.0,0.0,
0.0,0.0,0.0,0.0,0.0,0.0,0.0,0.0,0.0,0.0,0.0,0.0,0.0,0.0,0.0,0.0,0.0,0.0,0.0,0.0,0.0,0.0,0.0,0.0,0.0,0.0,0.0,0.0,0.0,0.0,0.0,0.0,0.0,0.0,0.0,0.0,0.0,0.0,0.0,0.0,0.0,0.0,0.0,0.0,0.0,0.0,0.0,0.0,0.0,0.0,0.0,0.0,0.0,0.0,0.0,0.0,0.0,0.0,0.0,0.0,0.0,0.0,0.0,0.0,0.0,0.0,0.0,0.0,0.0,0.0,0.0,0.0,0.0,0.0,0.0,0.0,0.0,0.0,0.0,0.0,0.0,0.0,0.0,0.0,0.0,0.0,0.0,0.0,0.0,0.0,0.0,0.0,0.0,0.0,0.0,0.0,0.0,0.0,0.0,0.0,
0.0,0.0,0.0,0.0,0.0,0.0,0.0,0.0,0.0,0.0,0.0,0.0,0.0,0.0,0.0,0.0,0.0,0.0,0.0,0.0,0.0,0.0,0.0,0.0,0.0,0.0,0.0,0.0,0.0,0.0,0.0,0.0,0.0,0.0,0.0,0.0,0.0,0.0,0.0,0.0,0.0,0.0,0.0,0.0,0.0,0.0,0.0,0.0,0.0,0.0,0.0,0.0,0.0,0.0,0.0,0.0,0.0,0.0,0.0,0.0,0.0,0.0,0.0,0.0,0.0,0.0,0.0,0.0,0.0,0.0,0.0,0.0,0.0,0.0,0.0,0.0,0.0,0.0,0.0,0.0,0.0,0.0,0.0,0.0,0.0,0.0,0.0,0.0,0.0,0.0,0.0,0.0,0.0,0.0,0.0,0.0,0.0,0.0,0.0,0.0,
0.0,0.0,0.0,0.0,0.0,0.0,0.0,0.0,0.0,0.0,0.0,0.0,0.0,0.0,0.0,0.0,0.0,0.0,0.0,0.0,0.0,0.0,0.0,0.0,0.0,0.0,0.0,0.0,0.0,0.0,0.0,0.0,0.0,0.0,0.0,0.0,0.0,0.0,0.0,0.0,0.0,0.0,0.0,0.0,0.0,0.0,0.0,0.0,0.0,0.0,0.0,0.0,0.0,0.0,0.0,0.0,0.0,0.0,0.0,0.0,0.0,0.0,0.0,0.0,0.0,0.0,0.0,0.0,0.0,0.0,0.0,0.0,0.0,0.0,0.0,0.0,0.0,0.0,0.0,0.0,0.0,0.0,0.0,0.0,0.0,0.0,0.0,0.0,0.0,0.0,0.0,0.0,0.0,0.0,0.0,0.0,0.0,0.0,0.0,0.0,
0.0,0.0,0.0,0.0,0.0,0.0,0.0,0.0,0.0,0.0,0.0,0.0,0.0,0.0,0.0,0.0,0.0,0.0,0.0,0.0,0.0,0.0,0.0,0.0,0.0,0.0,0.0,0.0,0.0,0.0,0.0,0.0,0.0,0.0,0.0,0.0,0.0,0.0,0.0,0.0,0.0,0.0,0.0,0.0,0.0,0.0,0.0,0.0,0.0,0.0,0.0,0.0,0.0,0.0,0.0,0.0,0.0,0.0,0.0,0.0,0.0,0.0,0.0,0.0,0.0,0.0,0.0,0.0,0.0,0.0,0.0,0.0,0.0,0.0,0.0,0.0,0.0,0.0,0.0,0.0,0.0,0.0,0.0,0.0,0.0,0.0,0.0,0.0,0.0,0.0,0.0,0.0,0.0,0.0,0.0,0.0,0.0,0.0,0.0,0.0,
0.0,0.0,0.0,0.0,0.0,0.0,0.0,0.0,0.0,0.0,0.0,0.0,0.0,0.0,0.0,0.0,0.0,0.0,0.0,0.0,0.0,0.0,0.0,0.0,0.0,0.0,0.0,0.0,0.0,0.0,0.0,0.0,0.0,0.0,0.0,0.0,0.0,0.0,0.0,0.0,0.0,0.0,0.0,0.0,0.0,0.0,0.0,0.0,0.0,0.0,0.0,0.0,0.0,0.0,0.0,0.0,0.0,0.0,0.0,0.0,0.0,0.0,0.0,0.0,0.0,0.0,0.0,0.0,0.0,0.0,0.0,0.0,0.0,0.0,0.0,0.0,0.0,0.0,0.0,0.0,0.0,0.0,0.0,0.0,0.0,0.0,0.0,0.0,0.0,0.0,0.0,0.0,0.0,0.0,0.0,0.0,0.0,0.0,0.0,0.0,
0.0,0.0,0.0,0.0,0.0,0.0,0.0,0.0,0.0,0.0,0.0,0.0,0.0,0.0,0.0,0.0,0.0,0.0,0.0,0.0,0.0,0.0,0.0,0.0,0.0,0.0,0.0,0.0,0.0,0.0,0.0,0.0,0.0,0.0,0.0,0.0,0.0,0.0,0.0,0.0,0.0,0.0,0.0,0.0,0.0,0.0,0.0,0.0,0.0,0.0,0.0,0.0,0.0,0.0,0.0,0.0,0.0,0.0,0.0,0.0,0.0,0.0,0.0,0.0,0.0,0.0,0.0,0.0,0.0,0.0,0.0,0.0,0.0,0.0,0.0,0.0,0.0,0.0,0.0,0.0,0.0,0.0,0.0,0.0,0.0,0.0,0.0,0.0,0.0,0.0,0.0,0.0,0.0,0.0,0.0,0.0,0.0,0.0,0.0,0.0,
0.0,0.0,0.0,0.0,0.0,0.0,0.0,0.0,0.0,0.0,0.0,0.0,0.0,0.0,0.0,0.0,0.0,0.0,0.0,0.0,0.0,0.0,0.0,0.0,0.0,0.0,0.0,0.0,0.0,0.0,0.0,0.0,0.0,0.0,0.0,0.0,0.0,0.0,0.0,0.0,0.0,0.0,0.0,0.0,0.0,0.0,0.0,0.0,0.0,0.0,0.0,0.0,0.0,0.0,0.0,0.0,0.0,0.0,0.0,0.0,0.0,0.0,0.0,0.0,0.0,0.0,0.0,0.0,0.0,0.0,0.0,0.0,0.0,0.0,0.0,0.0,0.0,0.0,0.0,0.0,0.0,0.0,0.0,0.0,0.0,0.0,0.0,0.0,0.0,0.0,0.0,0.0,0.0,0.0,0.0,0.0,0.0,0.0,0.0,0.0,
0.0,0.0,0.0,0.0,0.0,0.0,0.0,0.0,0.0,0.0,0.0,0.0,0.0,0.0,0.0,0.0,0.0,0.0,0.0,0.0,0.0,0.0,0.0,0.0,0.0,0.0,0.0,0.0,0.0,0.0,0.0,0.0,0.0,0.0,0.0,0.0,0.0,0.0,0.0,0.0,0.0,0.0,0.0,0.0,0.0,0.0,0.0,0.0,0.0,0.0,0.0,0.0,0.0,0.0,0.0,0.0,0.0,0.0,0.0,0.0,0.0,0.0,0.0,0.0,0.0,0.0,0.0,0.0,0.0,0.0,0.0,0.0,0.0,0.0,0.0,0.0,0.0,0.0,0.0,0.0,0.0,0.0,0.0,0.0,0.0,0.0,0.0,0.0,0.0,0.0,0.0,0.0,0.0,0.0,0.0,0.0,0.0,0.0,0.0,0.0,
0.0,0.0,0.0,0.0,0.0,0.0,0.0,0.0,0.0,0.0,0.0,0.0,0.0,0.0,0.0,0.0,0.0,0.0,0.0,0.0,0.0,0.0,0.0,0.0,0.0,0.0,0.0,0.0,0.0,0.0,0.0,0.0,0.0,0.0,0.0,0.0,0.0,0.0,0.0,0.0,0.0,0.0,0.0,0.0,0.0,0.0,0.0,0.0,0.0,0.0,0.0,0.0,0.0,0.0,0.0,0.0,0.0,0.0,0.0,0.0,0.0,0.0,0.0,0.0,0.0,0.0,0.0,0.0,0.0,0.0,0.0,0.0,0.0,0.0,0.0,0.0,0.0,0.0,0.0,0.0,0.0,0.0,0.0,0.0,0.0,0.0,0.0,0.0,0.0,0.0,0.0,0.0,0.0,0.0,0.0,0.0,0.0,0.0,0.0,0.0,
0.0,0.0,0.0,0.0,0.0,0.0,0.0,0.0,0.0,0.0,0.0,0.0,0.0,0.0,0.0,0.0,0.0,0.0,0.0,0.0,0.0,0.0,0.0,0.0,0.0,0.0,0.0,0.0,0.0,0.0,0.0,0.0,0.0,0.0,0.0,0.0,0.0,0.0,0.0,0.0,0.0,0.0,0.0,0.0,0.0,0.0,0.0,0.0,0.0,0.0,0.0,0.0,0.0,0.0,0.0,0.0,0.0,0.0,0.0,0.0,0.0,0.0,0.0,0.0,0.0,0.0,0.0,0.0,0.0,0.0,0.0,0.0,0.0,0.0,0.0,0.0,0.0,0.0,0.0,0.0,0.0,0.0,0.0,0.0,0.0,0.0,0.0,0.0,0.0,0.0,0.0,0.0,0.0,0.0,0.0,0.0,0.0,0.0,0.0,0.0,
0.0,0.0,0.0,0.0,0.0,0.0,0.0,0.0,0.0,0.0,0.0,0.0,0.0,0.0,0.0,0.0,0.0,0.0,0.0,0.0,0.0,0.0,0.0,0.0,0.0,0.0,0.0,0.0,0.0,0.0,0.0,0.0,0.0,0.0,0.0,0.0,0.0,0.0,0.0,0.0,0.0,0.0,0.0,0.0,0.0,0.0,0.0,0.0,0.0,0.0,0.0,0.0,0.0,0.0,0.0,0.0,0.0,0.0,0.0,0.0,0.0,0.0,0.0,0.0,0.0,0.0,0.0,0.0,0.0,0.0,0.0,0.0,0.0,0.0,0.0,0.0,0.0,0.0,0.0,0.0,0.0,0.0,0.0,0.0,0.0,0.0,0.0,0.0,0.0,0.0,0.0,0.0,0.0,0.0,0.0,0.0,0.0,0.0,0.0,0.0,
0.0,0.0,0.0,0.0,0.0,0.0,0.0,0.0,0.0,0.0,0.0,0.0,0.0,0.0,0.0,0.0,0.0,0.0,0.0,0.0,0.0,0.0,0.0,0.0,0.0,0.0,0.0,0.0,0.0,0.0,0.0,0.0,0.0,0.0,0.0,0.0,0.0,0.0,0.0,0.0,0.0,0.0,0.0,0.0,0.0,0.0,0.0,0.0,0.0,0.0,0.0,0.0,0.0,0.0,0.0,0.0,0.0,0.0,0.0,0.0,0.0,0.0,0.0,0.0,0.0,0.0,0.0,0.0,0.0,0.0,0.0,0.0,0.0,0.0,0.0,0.0,0.0,0.0,0.0,0.0,0.0,0.0,0.0,0.0,0.0,0.0,0.0,0.0,0.0,0.0,0.0,0.0,0.0,0.0,0.0,0.0,0.0,0.0,0.0,0.0,
0.0,0.0,0.0,0.0,0.0,0.0,0.0,0.0,0.0,0.0,0.0,0.0,0.0,0.0,0.0,0.0,0.0,0.0,0.0,0.0,0.0,0.0,0.0,0.0,0.0,0.0,0.0,0.0,0.0,0.0,0.0,0.0,0.0,0.0,0.0,0.0,0.0,0.0,0.0,0.0,0.0,0.0,0.0,0.0,0.0,0.0,0.0,0.0,0.0,0.0,0.0,0.0,0.0,0.0,0.0,0.0,0.0,0.0,0.0,0.0,0.0,0.0,0.0,0.0,0.0,0.0,0.0,0.0,0.0,0.0,0.0,0.0,0.0,0.0,0.0,0.0,0.0,0.0,0.0,0.0,0.0,0.0,0.0,0.0,0.0,0.0,0.0,0.0,0.0,0.0,0.0,0.0,0.0,0.0,0.0,0.0,0.0,0.0,0.0,0.0,
0.0,0.0,0.0,0.0,0.0,0.0,0.0,0.0,0.0,0.0,0.0,0.0,0.0,0.0,0.0,0.0,0.0,0.0,0.0,0.0,0.0,0.0,0.0,0.0,0.0,0.0,0.0,0.0,0.0,0.0,0.0,0.0,0.0,0.0,0.0,0.0,0.0,0.0,0.0,0.0,0.0,0.0,0.0,0.0,0.0,0.0,0.0,0.0,0.0,0.0,0.0,0.0,0.0,0.0,0.0,0.0,0.0,0.0,0.0,0.0,0.0,0.0,0.0,0.0,0.0,0.0,0.0,0.0,0.0,0.0,0.0,0.0,0.0,0.0,0.0,0.0,0.0,0.0,0.0,0.0,0.0,0.0,0.0,0.0,0.0,0.0,0.0,0.0,0.0,0.0,0.0,0.0,0.0,0.0,0.0,0.0,0.0,0.0,0.0,0.0,
0.0,0.0,0.0,0.0,0.0,0.0,0.0,0.0,0.0,0.0,0.0,0.0,0.0,0.0,0.0,0.0,0.0,0.0,0.0,0.0,0.0,0.0,0.0,0.0,0.0,0.0,0.0,0.0,0.0,0.0,0.0,0.0,0.0,0.0,0.0,0.0,0.0,0.0,0.0,0.0,0.0,0.0,0.0,0.0,0.0,0.0,0.0,0.0,0.0,0.0,0.0,0.0,0.0,0.0,0.0,0.0,0.0,0.0,0.0,0.0,0.0,0.0,0.0,0.0,0.0,0.0,0.0,0.0,0.0,0.0,0.0,0.0,0.0,0.0,0.0,0.0,0.0,0.0,0.0,0.0,0.0,0.0,0.0,0.0,0.0,0.0,0.0,0.0,0.0,0.0,0.0,0.0,0.0,0.0,0.0,0.0,0.0,0.0,0.0,0.0,
0.0,0.0,-0.141,-0.152,-0.239,-0.182,-0.242,-0.182,-0.242,-0.182,-0.242,-0.182,-0.242,-0.182,-0.242,-0.182,-0.242,-0.182,-0.242,-0.182,-0.242,-0.182,-0.242,-0.182,-0.242,-0.182,-0.242,-0.182,-0.242,-0.182,-0.242,-0.182,-0.242,-0.182,-0.242,-0.182,-0.242,-0.182,-0.242,-0.182,-0.242,-0.182,-0.242,-0.182,-0.242,-0.182,-0.242,-0.182,-0.242,-0.182,-0.242,-0.182,-0.242,-0.182,-0.242,-0.182,-0.242,-0.182,-0.242,-0.182,-0.242,-0.182,-0.242,-0.182,-0.242,-0.182,-0.242,-0.182,-0.242,-0.182,-0.242,-0.182,-0.242,-0.182,-0.242,-0.182,-0.242,-0.182,-0.242,-0.182,-0.242,-0.182,-0.242,-0.182,-0.242,-0.182,-0.242,-0.182,-0.242,-0.182,-0.242,-0.182,-0.242,-0.182,-0.242,-0.182,-0.242,-0.182,-0.242,-0.182,
0.0,0.0,0.0,0.0,0.0,0.0,0.0,0.0,0.0,0.0,0.0,0.0,0.0,0.0,0.0,0.0,0.0,0.0,0.0,0.0,0.0,0.0,0.0,0.0,0.0,0.0,0.0,0.0,0.0,0.0,0.0,0.0,0.0,0.0,0.0,0.0,0.0,0.0,0.0,0.0,0.0,0.0,0.0,0.0,0.0,0.0,0.0,0.0,0.0,0.0,0.0,0.0,0.0,0.0,0.0,0.0,0.0,0.0,0.0,0.0,0.0,0.0,0.0,0.0,0.0,0.0,0.0,0.0,0.0,0.0,0.0,0.0,0.0,0.0,0.0,0.0,0.0,0.0,0.0,0.0,0.0,0.0,0.0,0.0,0.0,0.0,0.0,0.0,0.0,0.0,0.0,0.0,0.0,0.0,0.0,0.0,0.0,0.0,0.0,0.0,
0.0,0.0,0.0,0.0,0.0,0.0,0.0,0.0,0.0,0.0,0.0,0.0,0.0,0.0,0.0,0.0,0.0,0.0,0.0,0.0,0.0,0.0,0.0,0.0,0.0,0.0,0.0,0.0,0.0,0.0,0.0,0.0,0.0,0.0,0.0,0.0,0.0,0.0,0.0,0.0,0.0,0.0,0.0,0.0,0.0,0.0,0.0,0.0,0.0,0.0,0.0,0.0,0.0,0.0,0.0,0.0,0.0,0.0,0.0,0.0,0.0,0.0,0.0,0.0,0.0,0.0,0.0,0.0,0.0,0.0,0.0,0.0,0.0,0.0,0.0,0.0,0.0,0.0,0.0,0.0,0.0,0.0,0.0,0.0,0.0,0.0,0.0,0.0,0.0,0.0,0.0,0.0,0.0,0.0,0.0,0.0,0.0,0.0,0.0,0.0,
0.0,0.0,0.0,0.0,0.0,0.0,0.0,0.0,0.0,0.0,0.0,0.0,0.0,0.0,0.0,0.0,0.0,0.0,0.0,0.0,0.0,0.0,0.0,0.0,0.0,0.0,0.0,0.0,0.0,0.0,0.0,0.0,0.0,0.0,0.0,0.0,0.0,0.0,0.0,0.0,0.0,0.0,0.0,0.0,0.0,0.0,0.0,0.0,0.0,0.0,0.0,0.0,0.0,0.0,0.0,0.0,0.0,0.0,0.0,0.0,0.0,0.0,0.0,0.0,0.0,0.0,0.0,0.0,0.0,0.0,0.0,0.0,0.0,0.0,0.0,0.0,0.0,0.0,0.0,0.0,0.0,0.0,0.0,0.0,0.0,0.0,0.0,0.0,0.0,0.0,0.0,0.0,0.0,0.0,0.0,0.0,0.0,0.0,0.0,0.0,
0.0,0.0,0.0,0.0,0.0,0.0,0.0,0.0,0.0,0.0,0.0,0.0,0.0,0.0,0.0,0.0,0.0,0.0,0.0,0.0,0.0,0.0,0.0,0.0,0.0,0.0,0.0,0.0,0.0,0.0,0.0,0.0,0.0,0.0,0.0,0.0,0.0,0.0,0.0,0.0,0.0,0.0,0.0,0.0,0.0,0.0,0.0,0.0,0.0,0.0,0.0,0.0,0.0,0.0,0.0,0.0,0.0,0.0,0.0,0.0,0.0,0.0,0.0,0.0,0.0,0.0,0.0,0.0,0.0,0.0,0.0,0.0,0.0,0.0,0.0,0.0,0.0,0.0,0.0,0.0,0.0,0.0,0.0,0.0,0.0,0.0,0.0,0.0,0.0,0.0,0.0,0.0,0.0,0.0,0.0,0.0,0.0,0.0,0.0,0.0,
0.0,0.0,0.0,0.0,0.0,0.0,0.0,0.0,0.0,0.0,0.0,0.0,0.0,0.0,0.0,0.0,0.0,0.0,0.0,0.0,0.0,0.0,0.0,0.0,0.0,0.0,0.0,0.0,0.0,0.0,0.0,0.0,0.0,0.0,0.0,0.0,0.0,0.0,0.0,0.0,0.0,0.0,0.0,0.0,0.0,0.0,0.0,0.0,0.0,0.0,0.0,0.0,0.0,0.0,0.0,0.0,0.0,0.0,0.0,0.0,0.0,0.0,0.0,0.0,0.0,0.0,0.0,0.0,0.0,0.0,0.0,0.0,0.0,0.0,0.0,0.0,0.0,0.0,0.0,0.0,0.0,0.0,0.0,0.0,0.0,0.0,0.0,0.0,0.0,0.0,0.0,0.0,0.0,0.0,0.0,0.0,0.0,0.0,0.0,0.0,
0.0,0.0,0.0,0.0,0.0,0.0,0.0,0.0,0.0,0.0,0.0,0.0,0.0,0.0,0.0,0.0,0.0,0.0,0.0,0.0,0.0,0.0,0.0,0.0,0.0,0.0,0.0,0.0,0.0,0.0,0.0,0.0,0.0,0.0,0.0,0.0,0.0,0.0,0.0,0.0,0.0,0.0,0.0,0.0,0.0,0.0,0.0,0.0,0.0,0.0,0.0,0.0,0.0,0.0,0.0,0.0,0.0,0.0,0.0,0.0,0.0,0.0,0.0,0.0,0.0,0.0,0.0,0.0,0.0,0.0,0.0,0.0,0.0,0.0,0.0,0.0,0.0,0.0,0.0,0.0,0.0,0.0,0.0,0.0,0.0,0.0,0.0,0.0,0.0,0.0,0.0,0.0,0.0,0.0,0.0,0.0,0.0,0.0,0.0,0.0,
0.0,0.0,0.0,0.0,0.0,0.0,0.0,0.0,0.0,0.0,0.0,0.0,0.0,0.0,0.0,0.0,0.0,0.0,0.0,0.0,0.0,0.0,0.0,0.0,0.0,0.0,0.0,0.0,0.0,0.0,0.0,0.0,0.0,0.0,0.0,0.0,0.0,0.0,0.0,0.0,0.0,0.0,0.0,0.0,0.0,0.0,0.0,0.0,0.0,0.0,0.0,0.0,0.0,0.0,0.0,0.0,0.0,0.0,0.0,0.0,0.0,0.0,0.0,0.0,0.0,0.0,0.0,0.0,0.0,0.0,0.0,0.0,0.0,0.0,0.0,0.0,0.0,0.0,0.0,0.0,0.0,0.0,0.0,0.0,0.0,0.0,0.0,0.0,0.0,0.0,0.0,0.0,0.0,0.0,0.0,0.0,0.0,0.0,0.0,0.0,
0.0,0.0,-0.127,-0.141,-0.115,-0.063,-0.053,-0.064,-0.053,-0.064,-0.053,-0.064,-0.053,-0.064,-0.053,-0.064,-0.053,-0.064,-0.053,-0.064,-0.053,-0.064,-0.053,-0.064,-0.053,-0.064,-0.053,-0.064,-0.053,-0.064,-0.053,-0.064,-0.053,-0.064,-0.053,-0.064,-0.053,-0.064,-0.053,-0.064,-0.053,-0.064,-0.053,-0.064,-0.053,-0.064,-0.053,-0.064,-0.053,-0.064,-0.053,-0.064,-0.053,-0.064,-0.053,-0.064,-0.053,-0.064,-0.053,-0.064,-0.053,-0.064,-0.053,-0.064,-0.053,-0.064,-0.053,-0.064,-0.053,-0.064,-0.053,-0.064,-0.053,-0.064,-0.053,-0.064,-0.053,-0.064,-0.053,-0.064,-0.053,-0.064,-0.053,-0.064,-0.053,-0.064,-0.053,-0.064,-0.053,-0.064,-0.053,-0.064,-0.053,-0.064,-0.053,-0.064,-0.053,-0.064,-0.053,-0.064,
0.0,0.0,0.0,0.0,0.0,0.0,0.0,0.0,0.0,0.0,0.0,0.0,0.0,0.0,0.0,0.0,0.0,0.0,0.0,0.0,0.0,0.0,0.0,0.0,0.0,0.0,0.0,0.0,0.0,0.0,0.0,0.0,0.0,0.0,0.0,0.0,0.0,0.0,0.0,0.0,0.0,0.0,0.0,0.0,0.0,0.0,0.0,0.0,0.0,0.0,0.0,0.0,0.0,0.0,0.0,0.0,0.0,0.0,0.0,0.0,0.0,0.0,0.0,0.0,0.0,0.0,0.0,0.0,0.0,0.0,0.0,0.0,0.0,0.0,0.0,0.0,0.0,0.0,0.0,0.0,0.0,0.0,0.0,0.0,0.0,0.0,0.0,0.0,0.0,0.0,0.0,0.0,0.0,0.0,0.0,0.0,0.0,0.0,0.0,0.0,
0.0,0.0,0.0,0.0,0.0,0.0,0.0,0.0,0.0,0.0,0.0,0.0,0.0,0.0,0.0,0.0,0.0,0.0,0.0,0.0,0.0,0.0,0.0,0.0,0.0,0.0,0.0,0.0,0.0,0.0,0.0,0.0,0.0,0.0,0.0,0.0,0.0,0.0,0.0,0.0,0.0,0.0,0.0,0.0,0.0,0.0,0.0,0.0,0.0,0.0,0.0,0.0,0.0,0.0,0.0,0.0,0.0,0.0,0.0,0.0,0.0,0.0,0.0,0.0,0.0,0.0,0.0,0.0,0.0,0.0,0.0,0.0,0.0,0.0,0.0,0.0,0.0,0.0,0.0,0.0,0.0,0.0,0.0,0.0,0.0,0.0,0.0,0.0,0.0,0.0,0.0,0.0,0.0,0.0,0.0,0.0,0.0,0.0,0.0,0.0,
0.0,0.0,0.0,0.0,0.0,0.0,0.0,0.0,0.0,0.0,0.0,0.0,0.0,0.0,0.0,0.0,0.0,0.0,0.0,0.0,0.0,0.0,0.0,0.0,0.0,0.0,0.0,0.0,0.0,0.0,0.0,0.0,0.0,0.0,0.0,0.0,0.0,0.0,0.0,0.0,0.0,0.0,0.0,0.0,0.0,0.0,0.0,0.0,0.0,0.0,0.0,0.0,0.0,0.0,0.0,0.0,0.0,0.0,0.0,0.0,0.0,0.0,0.0,0.0,0.0,0.0,0.0,0.0,0.0,0.0,0.0,0.0,0.0,0.0,0.0,0.0,0.0,0.0,0.0,0.0,0.0,0.0,0.0,0.0,0.0,0.0,0.0,0.0,0.0,0.0,0.0,0.0,0.0,0.0,0.0,0.0,0.0,0.0,0.0,0.0,
0.0,0.0,0.0,0.0,0.0,0.0,0.0,0.0,0.0,0.0,0.0,0.0,0.0,0.0,0.0,0.0,0.0,0.0,0.0,0.0,0.0,0.0,0.0,0.0,0.0,0.0,0.0,0.0,0.0,0.0,0.0,0.0,0.0,0.0,0.0,0.0,0.0,0.0,0.0,0.0,0.0,0.0,0.0,0.0,0.0,0.0,0.0,0.0,0.0,0.0,0.0,0.0,0.0,0.0,0.0,0.0,0.0,0.0,0.0,0.0,0.0,0.0,0.0,0.0,0.0,0.0,0.0,0.0,0.0,0.0,0.0,0.0,0.0,0.0,0.0,0.0,0.0,0.0,0.0,0.0,0.0,0.0,0.0,0.0,0.0,0.0,0.0,0.0,0.0,0.0,0.0,0.0,0.0,0.0,0.0,0.0,0.0,0.0,0.0,0.0,
0.0,0.0,0.0,0.0,0.0,0.0,0.0,0.0,0.0,0.0,0.0,0.0,0.0,0.0,0.0,0.0,0.0,0.0,0.0,0.0,0.0,0.0,0.0,0.0,0.0,0.0,0.0,0.0,0.0,0.0,0.0,0.0,0.0,0.0,0.0,0.0,0.0,0.0,0.0,0.0,0.0,0.0,0.0,0.0,0.0,0.0,0.0,0.0,0.0,0.0,0.0,0.0,0.0,0.0,0.0,0.0,0.0,0.0,0.0,0.0,0.0,0.0,0.0,0.0,0.0,0.0,0.0,0.0,0.0,0.0,0.0,0.0,0.0,0.0,0.0,0.0,0.0,0.0,0.0,0.0,0.0,0.0,0.0,0.0,0.0,0.0,0.0,0.0,0.0,0.0,0.0,0.0,0.0,0.0,0.0,0.0,0.0,0.0,0.0,0.0,
0.0,0.0,0.0,0.0,0.0,0.0,0.0,0.0,0.0,0.0,0.0,0.0,0.0,0.0,0.0,0.0,0.0,0.0,0.0,0.0,0.0,0.0,0.0,0.0,0.0,0.0,0.0,0.0,0.0,0.0,0.0,0.0,0.0,0.0,0.0,0.0,0.0,0.0,0.0,0.0,0.0,0.0,0.0,0.0,0.0,0.0,0.0,0.0,0.0,0.0,0.0,0.0,0.0,0.0,0.0,0.0,0.0,0.0,0.0,0.0,0.0,0.0,0.0,0.0,0.0,0.0,0.0,0.0,0.0,0.0,0.0,0.0,0.0,0.0,0.0,0.0,0.0,0.0,0.0,0.0,0.0,0.0,0.0,0.0,0.0,0.0,0.0,0.0,0.0,0.0,0.0,0.0,0.0,0.0,0.0,0.0,0.0,0.0,0.0,0.0,
0.0,0.0,0.0,-0.073,-0.011,-0.001,0.0,0.0,0.0,-0.074,-0.012,-0.001,0.0,0.0,0.0,-0.074,-0.012,-0.001,0.0,0.0,0.0,-0.074,-0.012,-0.001,0.0,0.0,0.0,-0.074,-0.012,-0.001,0.0,0.0,0.0,-0.074,-0.012,-0.001,0.0,0.0,0.0,-0.074,-0.012,-0.001,0.0,0.0,0.0,-0.074,-0.012,-0.001,0.0,0.0,0.0,-0.074,-0.012,-0.001,0.0,0.0,0.0,-0.074,-0.012,-0.001,0.0,0.0,0.0,-0.074,-0.012,-0.001,0.0,0.0,0.0,-0.074,-0.012,-0.001,0.0,0.0,0.0,-0.074,-0.012,-0.001,0.0,0.0,0.0,-0.074,-0.012,-0.001,0.0,0.0,0.0,-0.074,-0.012,-0.001,0.0,0.0,0.0,-0.074,-0.012,-0.001,0.0,0.0,0.0,-0.074,
0.0,0.0,0.0,0.0,0.0,0.0,0.0,0.0,0.0,0.0,0.0,0.0,0.0,0.0,0.0,0.0,0.0,0.0,0.0,0.0,0.0,0.0,0.0,0.0,0.0,0.0,0.0,0.0,0.0,0.0,0.0,0.0,0.0,0.0,0.0,0.0,0.0,0.0,0.0,0.0,0.0,0.0,0.0,0.0,0.0,0.0,0.0,0.0,0.0,0.0,0.0,0.0,0.0,0.0,0.0,0.0,0.0,0.0,0.0,0.0,0.0,0.0,0.0,0.0,0.0,0.0,0.0,0.0,0.0,0.0,0.0,0.0,0.0,0.0,0.0,0.0,0.0,0.0,0.0,0.0,0.0,0.0,0.0,0.0,0.0,0.0,0.0,0.0,0.0,0.0,0.0,0.0,0.0,0.0,0.0,0.0,0.0,0.0,0.0,0.0,
0.0,0.0,0.0,0.0,0.0,0.0,0.0,0.0,0.0,0.0,0.0,0.0,0.0,0.0,0.0,0.0,0.0,0.0,0.0,0.0,0.0,0.0,0.0,0.0,0.0,0.0,0.0,0.0,0.0,0.0,0.0,0.0,0.0,0.0,0.0,0.0,0.0,0.0,0.0,0.0,0.0,0.0,0.0,0.0,0.0,0.0,0.0,0.0,0.0,0.0,0.0,0.0,0.0,0.0,0.0,0.0,0.0,0.0,0.0,0.0,0.0,0.0,0.0,0.0,0.0,0.0,0.0,0.0,0.0,0.0,0.0,0.0,0.0,0.0,0.0,0.0,0.0,0.0,0.0,0.0,0.0,0.0,0.0,0.0,0.0,0.0,0.0,0.0,0.0,0.0,0.0,0.0,0.0,0.0,0.0,0.0,0.0,0.0,0.0,0.0,
0.0,0.0,0.0,0.0,0.0,0.0,0.0,0.0,0.0,0.0,0.0,0.0,0.0,0.0,0.0,0.0,0.0,0.0,0.0,0.0,0.0,0.0,0.0,0.0,0.0,0.0,0.0,0.0,0.0,0.0,0.0,0.0,0.0,0.0,0.0,0.0,0.0,0.0,0.0,0.0,0.0,0.0,0.0,0.0,0.0,0.0,0.0,0.0,0.0,0.0,0.0,0.0,0.0,0.0,0.0,0.0,0.0,0.0,0.0,0.0,0.0,0.0,0.0,0.0,0.0,0.0,0.0,0.0,0.0,0.0,0.0,0.0,0.0,0.0,0.0,0.0,0.0,0.0,0.0,0.0,0.0,0.0,0.0,0.0,0.0,0.0,0.0,0.0,0.0,0.0,0.0,0.0,0.0,0.0,0.0,0.0,0.0,0.0,0.0,0.0,
0.0,0.0,0.0,0.0,0.0,0.0,0.0,0.0,0.0,0.0,0.0,0.0,0.0,0.0,0.0,0.0,0.0,0.0,0.0,0.0,0.0,0.0,0.0,0.0,0.0,0.0,0.0,0.0,0.0,0.0,0.0,0.0,0.0,0.0,0.0,0.0,0.0,0.0,0.0,0.0,0.0,0.0,0.0,0.0,0.0,0.0,0.0,0.0,0.0,0.0,0.0,0.0,0.0,0.0,0.0,0.0,0.0,0.0,0.0,0.0,0.0,0.0,0.0,0.0,0.0,0.0,0.0,0.0,0.0,0.0,0.0,0.0,0.0,0.0,0.0,0.0,0.0,0.0,0.0,0.0,0.0,0.0,0.0,0.0,0.0,0.0,0.0,0.0,0.0,0.0,0.0,0.0,0.0,0.0,0.0,0.0,0.0,0.0,0.0,0.0,
0.0,0.0,-0.028,-0.097,-0.015,-0.117,-0.044,-0.097,-0.014,-0.117,-0.044,-0.097,-0.014,-0.117,-0.044,-0.097,-0.014,-0.117,-0.044,-0.097,-0.014,-0.117,-0.044,-0.097,-0.014,-0.117,-0.044,-0.097,-0.014,-0.117,-0.044,-0.097,-0.014,-0.117,-0.044,-0.097,-0.014,-0.117,-0.044,-0.097,-0.014,-0.117,-0.044,-0.097,-0.014,-0.117,-0.044,-0.097,-0.014,-0.117,-0.044,-0.097,-0.014,-0.117,-0.044,-0.097,-0.014,-0.117,-0.044,-0.097,-0.014,-0.117,-0.044,-0.097,-0.014,-0.117,-0.044,-0.097,-0.014,-0.117,-0.044,-0.097,-0.014,-0.117,-0.044,-0.097,-0.014,-0.117,-0.044,-0.097,-0.014,-0.117,-0.044,-0.097,-0.014,-0.117,-0.044,-0.097,-0.014,-0.117,-0.044,-0.097,-0.014,-0.117,-0.044,-0.097,-0.014,-0.117,-0.044,-0.097,
0.0,0.0,0.0,0.0,0.0,0.0,0.0,0.0,0.0,0.0,0.0,0.0,0.0,0.0,0.0,0.0,0.0,0.0,0.0,0.0,0.0,0.0,0.0,0.0,0.0,0.0,0.0,0.0,0.0,0.0,0.0,0.0,0.0,0.0,0.0,0.0,0.0,0.0,0.0,0.0,0.0,0.0,0.0,0.0,0.0,0.0,0.0,0.0,0.0,0.0,0.0,0.0,0.0,0.0,0.0,0.0,0.0,0.0,0.0,0.0,0.0,0.0,0.0,0.0,0.0,0.0,0.0,0.0,0.0,0.0,0.0,0.0,0.0,0.0,0.0,0.0,0.0,0.0,0.0,0.0,0.0,0.0,0.0,0.0,0.0,0.0,0.0,0.0,0.0,0.0,0.0,0.0,0.0,0.0,0.0,0.0,0.0,0.0,0.0,0.0,
0.0,0.0,0.0,-0.126,-0.097,-0.061,0.033,-0.154,-0.112,-0.055,-0.011,-0.091,-0.129,-0.069,-0.003,-0.131,-0.064,-0.087,-0.018,-0.124,-0.106,-0.019,-0.038,-0.137,-0.098,-0.063,0.033,-0.154,-0.112,-0.055,-0.011,-0.091,-0.129,-0.069,-0.003,-0.131,-0.064,-0.087,-0.018,-0.124,-0.106,-0.019,-0.038,-0.137,-0.098,-0.063,0.033,-0.154,-0.112,-0.055,-0.011,-0.091,-0.129,-0.069,-0.003,-0.131,-0.064,-0.087,-0.018,-0.124,-0.106,-0.019,-0.038,-0.137,-0.098,-0.063,0.033,-0.154,-0.112,-0.055,-0.011,-0.091,-0.129,-0.069,-0.003,-0.131,-0.064,-0.087,-0.018,-0.124,-0.106,-0.019,-0.038,-0.137,-0.098,-0.063,0.033,-0.154,-0.112,-0.055,-0.011,-0.091,-0.129,-0.069,-0.003,-0.131,-0.064,-0.087,-0.018,-0.124,
0.0,0.0,0.0,0.0,0.0,0.0,0.0,0.0,0.0,0.0,0.0,0.0,0.0,0.0,0.0,0.0,0.0,0.0,0.0,0.0,0.0,0.0,0.0,0.0,0.0,0.0,0.0,0.0,0.0,0.0,0.0,0.0,0.0,0.0,0.0,0.0,0.0,0.0,0.0,0.0,0.0,0.0,0.0,0.0,0.0,0.0,0.0,0.0,0.0,0.0,0.0,0.0,0.0,0.0,0.0,0.0,0.0,0.0,0.0,0.0,0.0,0.0,0.0,0.0,0.0,0.0,0.0,0.0,0.0,0.0,0.0,0.0,0.0,0.0,0.0,0.0,0.0,0.0,0.0,0.0,0.0,0.0,0.0,0.0,0.0,0.0,0.0,0.0,0.0,0.0,0.0,0.0,0.0,0.0,0.0,0.0,0.0,0.0,0.0,0.0,
0.0,0.0,0.0,0.0,0.0,0.0,0.0,0.0,0.0,0.0,0.0,0.0,0.0,0.0,0.0,0.0,0.0,0.0,0.0,0.0,0.0,0.0,0.0,0.0,0.0,0.0,0.0,0.0,0.0,0.0,0.0,0.0,0.0,0.0,0.0,0.0,0.0,0.0,0.0,0.0,0.0,0.0,0.0,0.0,0.0,0.0,0.0,0.0,0.0,0.0,0.0,0.0,0.0,0.0,0.0,0.0,0.0,0.0,0.0,0.0,0.0,0.0,0.0,0.0,0.0,0.0,0.0,0.0,0.0,0.0,0.0,0.0,0.0,0.0,0.0,0.0,0.0,0.0,0.0,0.0,0.0,0.0,0.0,0.0,0.0,0.0,0.0,0.0,0.0,0.0,0.0,0.0,0.0,0.0,0.0,0.0,0.0,0.0,0.0,0.0,
0.0,0.0,0.0,0.0,0.0,0.0,0.0,0.0,0.0,0.0,0.0,0.0,0.0,0.0,0.0,0.0,0.0,0.0,0.0,0.0,0.0,0.0,0.0,0.0,0.0,0.0,0.0,0.0,0.0,0.0,0.0,0.0,0.0,0.0,0.0,0.0,0.0,0.0,0.0,0.0,0.0,0.0,0.0,0.0,0.0,0.0,0.0,0.0,0.0,0.0,0.0,0.0,0.0,0.0,0.0,0.0,0.0,0.0,0.0,0.0,0.0,0.0,0.0,0.0,0.0,0.0,0.0,0.0,0.0,0.0,0.0,0.0,0.0,0.0,0.0,0.0,0.0,0.0,0.0,0.0,0.0,0.0,0.0,0.0,0.0,0.0,0.0,0.0,0.0,0.0,0.0,0.0,0.0,0.0,0.0,0.0,0.0,0.0,0.0,0.0,
0.0,0.0,0.0,0.0,0.0,0.0,0.0,0.0,0.0,0.0,0.0,0.0,0.0,0.0,0.0,0.0,0.0,0.0,0.0,0.0,0.0,0.0,0.0,0.0,0.0,0.0,0.0,0.0,0.0,0.0,0.0,0.0,0.0,0.0,0.0,0.0,0.0,0.0,0.0,0.0,0.0,0.0,0.0,0.0,0.0,0.0,0.0,0.0,0.0,0.0,0.0,0.0,0.0,0.0,0.0,0.0,0.0,0.0,0.0,0.0,0.0,0.0,0.0,0.0,0.0,0.0,0.0,0.0,0.0,0.0,0.0,0.0,0.0,0.0,0.0,0.0,0.0,0.0,0.0,0.0,0.0,0.0,0.0,0.0,0.0,0.0,0.0,0.0,0.0,0.0,0.0,0.0,0.0,0.0,0.0,0.0,0.0,0.0,0.0,0.0,
0.0,0.0,-0.051,-0.023,-0.004,0.0,-0.033,-0.064,-0.074,-0.041,0.002,0.005,0.002,-0.033,-0.064,-0.074,-0.009,0.018,0.005,0.002,-0.033,-0.064,-0.074,-0.009,0.018,0.005,0.002,-0.033,-0.064,-0.074,-0.009,0.018,0.005,0.002,-0.033,-0.064,-0.074,-0.009,0.018,0.005,0.002,-0.033,-0.064,-0.074,-0.009,0.018,0.005,0.002,-0.033,-0.064,-0.074,-0.009,0.018,0.005,0.002,-0.033,-0.064,-0.074,-0.009,0.018,0.005,0.002,-0.033,-0.064,-0.074,-0.009,0.018,0.005,0.002,-0.033,-0.064,-0.074,-0.009,0.018,0.005,0.002,-0.033,-0.064,-0.074,-0.009,0.018,0.005,0.002,-0.033,-0.064,-0.074,-0.009,0.018,0.005,0.002,-0.033,-0.064,-0.074,-0.009,0.018,0.005,0.002,-0.033,-0.064,-0.074,
0.0,0.0,0.0,0.0,0.0,0.0,0.0,0.0,0.0,0.0,0.0,0.0,0.0,0.0,0.0,0.0,0.0,0.0,0.0,0.0,0.0,0.0,0.0,0.0,0.0,0.0,0.0,0.0,0.0,0.0,0.0,0.0,0.0,0.0,0.0,0.0,0.0,0.0,0.0,0.0,0.0,0.0,0.0,0.0,0.0,0.0,0.0,0.0,0.0,0.0,0.0,0.0,0.0,0.0,0.0,0.0,0.0,0.0,0.0,0.0,0.0,0.0,0.0,0.0,0.0,0.0,0.0,0.0,0.0,0.0,0.0,0.0,0.0,0.0,0.0,0.0,0.0,0.0,0.0,0.0,0.0,0.0,0.0,0.0,0.0,0.0,0.0,0.0,0.0,0.0,0.0,0.0,0.0,0.0,0.0,0.0,0.0,0.0,0.0,0.0,
0.0,0.0,-0.041,-0.004,-0.042,-0.004,-0.071,-0.009,-0.042,-0.004,-0.071,-0.009,-0.042,-0.004,-0.071,-0.009,-0.042,-0.004,-0.071,-0.009,-0.042,-0.004,-0.071,-0.009,-0.042,-0.004,-0.071,-0.009,-0.042,-0.004,-0.071,-0.009,-0.042,-0.004,-0.071,-0.009,-0.042,-0.004,-0.071,-0.009,-0.042,-0.004,-0.071,-0.009,-0.042,-0.004,-0.071,-0.009,-0.042,-0.004,-0.071,-0.009,-0.042,-0.004,-0.071,-0.009,-0.042,-0.004,-0.071,-0.009,-0.042,-0.004,-0.071,-0.009,-0.042,-0.004,-0.071,-0.009,-0.042,-0.004,-0.071,-0.009,-0.042,-0.004,-0.071,-0.009,-0.042,-0.004,-0.071,-0.009,-0.042,-0.004,-0.071,-0.009,-0.042,-0.004,-0.071,-0.009,-0.042,-0.004,-0.071,-0.009,-0.042,-0.004,-0.071,-0.009,-0.042,-0.004,-0.071,-0.009,
0.0,0.0,0.0,0.0,0.0,0.0,0.0,0.0,0.0,0.0,0.0,0.0,0.0,0.0,0.0,0.0,0.0,0.0,0.0,0.0,0.0,0.0,0.0,0.0,0.0,0.0,0.0,0.0,0.0,0.0,0.0,0.0,0.0,0.0,0.0,0.0,0.0,0.0,0.0,0.0,0.0,0.0,0.0,0.0,0.0,0.0,0.0,0.0,0.0,0.0,0.0,0.0,0.0,0.0,0.0,0.0,0.0,0.0,0.0,0.0,0.0,0.0,0.0,0.0,0.0,0.0,0.0,0.0,0.0,0.0,0.0,0.0,0.0,0.0,0.0,0.0,0.0,0.0,0.0,0.0,0.0,0.0,0.0,0.0,0.0,0.0,0.0,0.0,0.0,0.0,0.0,0.0,0.0,0.0,0.0,0.0,0.0,0.0,0.0,0.0,
0.0,0.0,0.0,0.0,0.0,0.0,0.0,0.0,0.0,0.0,0.0,0.0,0.0,0.0,0.0,0.0,0.0,0.0,0.0,0.0,0.0,0.0,0.0,0.0,0.0,0.0,0.0,0.0,0.0,0.0,0.0,0.0,0.0,0.0,0.0,0.0,0.0,0.0,0.0,0.0,0.0,0.0,0.0,0.0,0.0,0.0,0.0,0.0,0.0,0.0,0.0,0.0,0.0,0.0,0.0,0.0,0.0,0.0,0.0,0.0,0.0,0.0,0.0,0.0,0.0,0.0,0.0,0.0,0.0,0.0,0.0,0.0,0.0,0.0,0.0,0.0,0.0,0.0,0.0,0.0,0.0,0.0,0.0,0.0,0.0,0.0,0.0,0.0,0.0,0.0,0.0,0.0,0.0,0.0,0.0,0.0,0.0,0.0,0.0,0.0,
0.0,0.0,0.0,0.0,0.0,0.0,0.0,0.0,0.0,0.0,0.0,0.0,0.0,0.0,0.0,0.0,0.0,0.0,0.0,0.0,0.0,0.0,0.0,0.0,0.0,0.0,0.0,0.0,0.0,0.0,0.0,0.0,0.0,0.0,0.0,0.0,0.0,0.0,0.0,0.0,0.0,0.0,0.0,0.0,0.0,0.0,0.0,0.0,0.0,0.0,0.0,0.0,0.0,0.0,0.0,0.0,0.0,0.0,0.0,0.0,0.0,0.0,0.0,0.0,0.0,0.0,0.0,0.0,0.0,0.0,0.0,0.0,0.0,0.0,0.0,0.0,0.0,0.0,0.0,0.0,0.0,0.0,0.0,0.0,0.0,0.0,0.0,0.0,0.0,0.0,0.0,0.0,0.0,0.0,0.0,0.0,0.0,0.0,0.0,0.0,
0.0,0.0,0.0,0.0,0.0,0.0,0.0,0.0,0.0,0.0,0.0,0.0,0.0,0.0,0.0,0.0,0.0,0.0,0.0,0.0,0.0,0.0,0.0,0.0,0.0,0.0,0.0,0.0,0.0,0.0,0.0,0.0,0.0,0.0,0.0,0.0,0.0,0.0,0.0,0.0,0.0,0.0,0.0,0.0,0.0,0.0,0.0,0.0,0.0,0.0,0.0,0.0,0.0,0.0,0.0,0.0,0.0,0.0,0.0,0.0,0.0,0.0,0.0,0.0,0.0,0.0,0.0,0.0,0.0,0.0,0.0,0.0,0.0,0.0,0.0,0.0,0.0,0.0,0.0,0.0,0.0,0.0,0.0,0.0,0.0,0.0,0.0,0.0,0.0,0.0,0.0,0.0,0.0,0.0,0.0,0.0,0.0,0.0,0.0,0.0,
0.0,0.0,0.0,0.0,0.0,0.0,0.0,0.0,0.0,0.0,0.0,0.0,0.0,0.0,0.0,0.0,0.0,0.0,0.0,0.0,0.0,0.0,0.0,0.0,0.0,0.0,0.0,0.0,0.0,0.0,0.0,0.0,0.0,0.0,0.0,0.0,0.0,0.0,0.0,0.0,0.0,0.0,0.0,0.0,0.0,0.0,0.0,0.0,0.0,0.0,0.0,0.0,0.0,0.0,0.0,0.0,0.0,0.0,0.0,0.0,0.0,0.0,0.0,0.0,0.0,0.0,0.0,0.0,0.0,0.0,0.0,0.0,0.0,0.0,0.0,0.0,0.0,0.0,0.0,0.0,0.0,0.0,0.0,0.0,0.0,0.0,0.0,0.0,0.0,0.0,0.0,0.0,0.0,0.0,0.0,0.0,0.0,0.0,0.0,0.0,
0.0,0.0,0.0,0.0,0.0,0.0,0.0,0.0,0.0,0.0,0.0,0.0,0.0,0.0,0.0,0.0,0.0,0.0,0.0,0.0,0.0,0.0,0.0,0.0,0.0,0.0,0.0,0.0,0.0,0.0,0.0,0.0,0.0,0.0,0.0,0.0,0.0,0.0,0.0,0.0,0.0,0.0,0.0,0.0,0.0,0.0,0.0,0.0,0.0,0.0,0.0,0.0,0.0,0.0,0.0,0.0,0.0,0.0,0.0,0.0,0.0,0.0,0.0,0.0,0.0,0.0,0.0,0.0,0.0,0.0,0.0,0.0,0.0,0.0,0.0,0.0,0.0,0.0,0.0,0.0,0.0,0.0,0.0,0.0,0.0,0.0,0.0,0.0,0.0,0.0,0.0,0.0,0.0,0.0,0.0,0.0,0.0,0.0,0.0,0.0,
0.0,0.0,0.0,0.0,0.0,0.0,0.0,0.0,0.0,0.0,0.0,0.0,0.0,0.0,0.0,0.0,0.0,0.0,0.0,0.0,0.0,0.0,0.0,0.0,0.0,0.0,0.0,0.0,0.0,0.0,0.0,0.0,0.0,0.0,0.0,0.0,0.0,0.0,0.0,0.0,0.0,0.0,0.0,0.0,0.0,0.0,0.0,0.0,0.0,0.0,0.0,0.0,0.0,0.0,0.0,0.0,0.0,0.0,0.0,0.0,0.0,0.0,0.0,0.0,0.0,0.0,0.0,0.0,0.0,0.0,0.0,0.0,0.0,0.0,0.0,0.0,0.0,0.0,0.0,0.0,0.0,0.0,0.0,0.0,0.0,0.0,0.0,0.0,0.0,0.0,0.0,0.0,0.0,0.0,0.0,0.0,0.0,0.0,0.0,0.0,
0.0,0.0,0.0,0.0,0.0,0.0,0.0,0.0,0.0,0.0,0.0,0.0,0.0,0.0,0.0,0.0,0.0,0.0,0.0,0.0,0.0,0.0,0.0,0.0,0.0,0.0,0.0,0.0,0.0,0.0,0.0,0.0,0.0,0.0,0.0,0.0,0.0,0.0,0.0,0.0,0.0,0.0,0.0,0.0,0.0,0.0,0.0,0.0,0.0,0.0,0.0,0.0,0.0,0.0,0.0,0.0,0.0,0.0,0.0,0.0,0.0,0.0,0.0,0.0,0.0,0.0,0.0,0.0,0.0,0.0,0.0,0.0,0.0,0.0,0.0,0.0,0.0,0.0,0.0,0.0,0.0,0.0,0.0,0.0,0.0,0.0,0.0,0.0,0.0,0.0,0.0,0.0,0.0,0.0,0.0,0.0,0.0,0.0,0.0,0.0,
0.0,0.0,0.0,0.0,0.0,0.0,0.0,0.0,0.0,0.0,0.0,0.0,0.0,0.0,0.0,0.0,0.0,0.0,0.0,0.0,0.0,0.0,0.0,0.0,0.0,0.0,0.0,0.0,0.0,0.0,0.0,0.0,0.0,0.0,0.0,0.0,0.0,0.0,0.0,0.0,0.0,0.0,0.0,0.0,0.0,0.0,0.0,0.0,0.0,0.0,0.0,0.0,0.0,0.0,0.0,0.0,0.0,0.0,0.0,0.0,0.0,0.0,0.0,0.0,0.0,0.0,0.0,0.0,0.0,0.0,0.0,0.0,0.0,0.0,0.0,0.0,0.0,0.0,0.0,0.0,0.0,0.0,0.0,0.0,0.0,0.0,0.0,0.0,0.0,0.0,0.0,0.0,0.0,0.0,0.0,0.0,0.0,0.0,0.0,0.0,
0.0,0.0,0.0,0.0,0.0,0.0,0.0,0.0,0.0,0.0,0.0,0.0,0.0,0.0,0.0,0.0,0.0,0.0,0.0,0.0,0.0,0.0,0.0,0.0,0.0,0.0,0.0,0.0,0.0,0.0,0.0,0.0,0.0,0.0,0.0,0.0,0.0,0.0,0.0,0.0,0.0,0.0,0.0,0.0,0.0,0.0,0.0,0.0,0.0,0.0,0.0,0.0,0.0,0.0,0.0,0.0,0.0,0.0,0.0,0.0,0.0,0.0,0.0,0.0,0.0,0.0,0.0,0.0,0.0,0.0,0.0,0.0,0.0,0.0,0.0,0.0,0.0,0.0,0.0,0.0,0.0,0.0,0.0,0.0,0.0,0.0,0.0,0.0,0.0,0.0,0.0,0.0,0.0,0.0,0.0,0.0,0.0,0.0,0.0,0.0,
0.0,0.0,0.0,0.0,0.0,0.0,0.0,0.0,0.0,0.0,0.0,0.0,0.0,0.0,0.0,0.0,0.0,0.0,0.0,0.0,0.0,0.0,0.0,0.0,0.0,0.0,0.0,0.0,0.0,0.0,0.0,0.0,0.0,0.0,0.0,0.0,0.0,0.0,0.0,0.0,0.0,0.0,0.0,0.0,0.0,0.0,0.0,0.0,0.0,0.0,0.0,0.0,0.0,0.0,0.0,0.0,0.0,0.0,0.0,0.0,0.0,0.0,0.0,0.0,0.0,0.0,0.0,0.0,0.0,0.0,0.0,0.0,0.0,0.0,0.0,0.0,0.0,0.0,0.0,0.0,0.0,0.0,0.0,0.0,0.0,0.0,0.0,0.0,0.0,0.0,0.0,0.0,0.0,0.0,0.0,0.0,0.0,0.0,0.0,0.0,
0.0,0.0,0.0,0.0,0.0,0.0,0.0,0.0,0.0,0.0,0.0,0.0,0.0,0.0,0.0,0.0,0.0,0.0,0.0,0.0,0.0,0.0,0.0,0.0,0.0,0.0,0.0,0.0,0.0,0.0,0.0,0.0,0.0,0.0,0.0,0.0,0.0,0.0,0.0,0.0,0.0,0.0,0.0,0.0,0.0,0.0,0.0,0.0,0.0,0.0,0.0,0.0,0.0,0.0,0.0,0.0,0.0,0.0,0.0,0.0,0.0,0.0,0.0,0.0,0.0,0.0,0.0,0.0,0.0,0.0,0.0,0.0,0.0,0.0,0.0,0.0,0.0,0.0,0.0,0.0,0.0,0.0,0.0,0.0,0.0,0.0,0.0,0.0,0.0,0.0,0.0,0.0,0.0,0.0,0.0,0.0,0.0,0.0,0.0,0.0,
0.0,0.0,0.0,0.0,0.0,0.0,0.0,0.0,0.0,0.0,0.0,0.0,0.0,0.0,0.0,0.0,0.0,0.0,0.0,0.0,0.0,0.0,0.0,0.0,0.0,0.0,0.0,0.0,0.0,0.0,0.0,0.0,0.0,0.0,0.0,0.0,0.0,0.0,0.0,0.0,0.0,0.0,0.0,0.0,0.0,0.0,0.0,0.0,0.0,0.0,0.0,0.0,0.0,0.0,0.0,0.0,0.0,0.0,0.0,0.0,0.0,0.0,0.0,0.0,0.0,0.0,0.0,0.0,0.0,0.0,0.0,0.0,0.0,0.0,0.0,0.0,0.0,0.0,0.0,0.0,0.0,0.0,0.0,0.0,0.0,0.0,0.0,0.0,0.0,0.0,0.0,0.0,0.0,0.0,0.0,0.0,0.0,0.0,0.0,0.0,
0.0,0.0,0.0,0.0,0.0,0.0,0.0,0.0,0.0,0.0,0.0,0.0,0.0,0.0,0.0,0.0,0.0,0.0,0.0,0.0,0.0,0.0,0.0,0.0,0.0,0.0,0.0,0.0,0.0,0.0,0.0,0.0,0.0,0.0,0.0,0.0,0.0,0.0,0.0,0.0,0.0,0.0,0.0,0.0,0.0,0.0,0.0,0.0,0.0,0.0,0.0,0.0,0.0,0.0,0.0,0.0,0.0,0.0,0.0,0.0,0.0,0.0,0.0,0.0,0.0,0.0,0.0,0.0,0.0,0.0,0.0,0.0,0.0,0.0,0.0,0.0,0.0,0.0,0.0,0.0,0.0,0.0,0.0,0.0,0.0,0.0,0.0,0.0,0.0,0.0,0.0,0.0,0.0,0.0,0.0,0.0,0.0,0.0,0.0,0.0,
0.0,0.0,0.0,0.0,0.0,0.0,0.0,0.0,0.0,0.0,0.0,0.0,0.0,0.0,0.0,0.0,0.0,0.0,0.0,0.0,0.0,0.0,0.0,0.0,0.0,0.0,0.0,0.0,0.0,0.0,0.0,0.0,0.0,0.0,0.0,0.0,0.0,0.0,0.0,0.0,0.0,0.0,0.0,0.0,0.0,0.0,0.0,0.0,0.0,0.0,0.0,0.0,0.0,0.0,0.0,0.0,0.0,0.0,0.0,0.0,0.0,0.0,0.0,0.0,0.0,0.0,0.0,0.0,0.0,0.0,0.0,0.0,0.0,0.0,0.0,0.0,0.0,0.0,0.0,0.0,0.0,0.0,0.0,0.0,0.0,0.0,0.0,0.0,0.0,0.0,0.0,0.0,0.0,0.0,0.0,0.0,0.0,0.0,0.0,0.0,
0.0,0.0,0.0,0.0,0.0,0.0,0.0,0.0,0.0,0.0,0.0,0.0,0.0,0.0,0.0,0.0,0.0,0.0,0.0,0.0,0.0,0.0,0.0,0.0,0.0,0.0,0.0,0.0,0.0,0.0,0.0,0.0,0.0,0.0,0.0,0.0,0.0,0.0,0.0,0.0,0.0,0.0,0.0,0.0,0.0,0.0,0.0,0.0,0.0,0.0,0.0,0.0,0.0,0.0,0.0,0.0,0.0,0.0,0.0,0.0,0.0,0.0,0.0,0.0,0.0,0.0,0.0,0.0,0.0,0.0,0.0,0.0,0.0,0.0,0.0,0.0,0.0,0.0,0.0,0.0,0.0,0.0,0.0,0.0,0.0,0.0,0.0,0.0,0.0,0.0,0.0,0.0,0.0,0.0,0.0,0.0,0.0,0.0,0.0,0.0,
0.0,0.0,0.0,0.0,0.0,0.0,0.0,0.0,0.0,0.0,0.0,0.0,0.0,0.0,0.0,0.0,0.0,0.0,0.0,0.0,0.0,0.0,0.0,0.0,0.0,0.0,0.0,0.0,0.0,0.0,0.0,0.0,0.0,0.0,0.0,0.0,0.0,0.0,0.0,0.0,0.0,0.0,0.0,0.0,0.0,0.0,0.0,0.0,0.0,0.0,0.0,0.0,0.0,0.0,0.0,0.0,0.0,0.0,0.0,0.0,0.0,0.0,0.0,0.0,0.0,0.0,0.0,0.0,0.0,0.0,0.0,0.0,0.0,0.0,0.0,0.0,0.0,0.0,0.0,0.0,0.0,0.0,0.0,0.0,0.0,0.0,0.0,0.0,0.0,0.0,0.0,0.0,0.0,0.0,0.0,0.0,0.0,0.0,0.0,0.0,
0.0,0.0,0.0,0.0,0.0,0.0,0.0,0.0,0.0,0.0,0.0,0.0,0.0,0.0,0.0,0.0,0.0,0.0,0.0,0.0,0.0,0.0,0.0,0.0,0.0,0.0,0.0,0.0,0.0,0.0,0.0,0.0,0.0,0.0,0.0,0.0,0.0,0.0,0.0,0.0,0.0,0.0,0.0,0.0,0.0,0.0,0.0,0.0,0.0,0.0,0.0,0.0,0.0,0.0,0.0,0.0,0.0,0.0,0.0,0.0,0.0,0.0,0.0,0.0,0.0,0.0,0.0,0.0,0.0,0.0,0.0,0.0,0.0,0.0,0.0,0.0,0.0,0.0,0.0,0.0,0.0,0.0,0.0,0.0,0.0,0.0,0.0,0.0,0.0,0.0,0.0,0.0,0.0,0.0,0.0,0.0,0.0,0.0,0.0,0.0,
0.0,0.0,0.0,0.0,0.0,0.0,0.0,0.0,0.0,0.0,0.0,0.0,0.0,0.0,0.0,0.0,0.0,0.0,0.0,0.0,0.0,0.0,0.0,0.0,0.0,0.0,0.0,0.0,0.0,0.0,0.0,0.0,0.0,0.0,0.0,0.0,0.0,0.0,0.0,0.0,0.0,0.0,0.0,0.0,0.0,0.0,0.0,0.0,0.0,0.0,0.0,0.0,0.0,0.0,0.0,0.0,0.0,0.0,0.0,0.0,0.0,0.0,0.0,0.0,0.0,0.0,0.0,0.0,0.0,0.0,0.0,0.0,0.0,0.0,0.0,0.0,0.0,0.0,0.0,0.0,0.0,0.0,0.0,0.0,0.0,0.0,0.0,0.0,0.0,0.0,0.0,0.0,0.0,0.0,0.0,0.0,0.0,0.0,0.0,0.0,
0.0,0.0,0.0,0.0,0.0,0.0,0.0,0.0,0.0,0.0,0.0,0.0,0.0,0.0,0.0,0.0,0.0,0.0,0.0,0.0,0.0,0.0,0.0,0.0,0.0,0.0,0.0,0.0,0.0,0.0,0.0,0.0,0.0,0.0,0.0,0.0,0.0,0.0,0.0,0.0,0.0,0.0,0.0,0.0,0.0,0.0,0.0,0.0,0.0,0.0,0.0,0.0,0.0,0.0,0.0,0.0,0.0,0.0,0.0,0.0,0.0,0.0,0.0,0.0,0.0,0.0,0.0,0.0,0.0,0.0,0.0,0.0,0.0,0.0,0.0,0.0,0.0,0.0,0.0,0.0,0.0,0.0,0.0,0.0,0.0,0.0,0.0,0.0,0.0,0.0,0.0,0.0,0.0,0.0,0.0,0.0,0.0,0.0,0.0,0.0,
0.0,0.0,0.0,0.0,-0.02,-0.002,-0.035,-0.051,-0.027,-0.056,-0.019,-0.044,-0.056,-0.015,-0.059,-0.058,-0.014,-0.028,-0.075,-0.027,-0.03,-0.073,0.005,-0.047,-0.086,0.003,-0.046,-0.056,-0.015,-0.059,-0.058,-0.014,-0.028,-0.075,-0.027,-0.03,-0.073,0.005,-0.047,-0.086,0.003,-0.046,-0.056,-0.015,-0.059,-0.058,-0.014,-0.028,-0.075,-0.027,-0.03,-0.073,0.005,-0.047,-0.086,0.003,-0.046,-0.056,-0.015,-0.059,-0.058,-0.014,-0.028,-0.075,-0.027,-0.03,-0.073,0.005,-0.047,-0.086,0.003,-0.046,-0.056,-0.015,-0.059,-0.058,-0.014,-0.028,-0.075,-0.027,-0.03,-0.073,0.005,-0.047,-0.086,0.003,-0.046,-0.056,-0.015,-0.059,-0.058,-0.014,-0.028,-0.075,-0.027,-0.03,-0.073,0.005,-0.047,-0.086,
0.0,0.0,0.0,0.0,0.0,0.0,0.0,0.0,0.0,0.0,0.0,0.0,0.0,0.0,0.0,0.0,0.0,0.0,0.0,0.0,0.0,0.0,0.0,0.0,0.0,0.0,0.0,0.0,0.0,0.0,0.0,0.0,0.0,0.0,0.0,0.0,0.0,0.0,0.0,0.0,0.0,0.0,0.0,0.0,0.0,0.0,0.0,0.0,0.0,0.0,0.0,0.0,0.0,0.0,0.0,0.0,0.0,0.0,0.0,0.0,0.0,0.0,0.0,0.0,0.0,0.0,0.0,0.0,0.0,0.0,0.0,0.0,0.0,0.0,0.0,0.0,0.0,0.0,0.0,0.0,0.0,0.0,0.0,0.0,0.0,0.0,0.0,0.0,0.0,0.0,0.0,0.0,0.0,0.0,0.0,0.0,0.0,0.0,0.0,0.0,
0.0,0.0,-0.05,-0.107,-0.012,-0.113,-0.094,-0.142,-0.106,-0.086,-0.014,-0.099,-0.065,-0.029,-0.115,-0.116,-0.128,-0.122,-0.07,-0.031,-0.083,-0.082,-0.012,-0.13,-0.101,-0.143,-0.106,-0.086,-0.014,-0.099,-0.065,-0.029,-0.115,-0.116,-0.128,-0.122,-0.07,-0.031,-0.083,-0.082,-0.012,-0.13,-0.101,-0.143,-0.106,-0.086,-0.014,-0.099,-0.065,-0.029,-0.115,-0.116,-0.128,-0.122,-0.07,-0.031,-0.083,-0.082,-0.012,-0.13,-0.101,-0.143,-0.106,-0.086,-0.014,-0.099,-0.065,-0.029,-0.115,-0.116,-0.128,-0.122,-0.07,-0.031,-0.083,-0.082,-0.012,-0.13,-0.101,-0.143,-0.106,-0.086,-0.014,-0.099,-0.065,-0.029,-0.115,-0.116,-0.128,-0.122,-0.07,-0.031,-0.083,-0.082,-0.012,-0.13,-0.101,-0.143,-0.106,-0.086,
0.0,0.0,0.0,-0.069,-0.075,-0.039,-0.114,-0.082,-0.089,-0.086,-0.015,-0.095,-0.081,-0.02,-0.071,-0.083,-0.014,-0.095,-0.081,-0.02,-0.071,-0.083,-0.014,-0.095,-0.081,-0.02,-0.071,-0.083,-0.014,-0.095,-0.081,-0.02,-0.071,-0.083,-0.014,-0.095,-0.081,-0.02,-0.071,-0.083,-0.014,-0.095,-0.081,-0.02,-0.071,-0.083,-0.014,-0.095,-0.081,-0.02,-0.071,-0.083,-0.014,-0.095,-0.081,-0.02,-0.071,-0.083,-0.014,-0.095,-0.081,-0.02,-0.071,-0.083,-0.014,-0.095,-0.081,-0.02,-0.071,-0.083,-0.014,-0.095,-0.081,-0.02,-0.071,-0.083,-0.014,-0.095,-0.081,-0.02,-0.071,-0.083,-0.014,-0.095,-0.081,-0.02,-0.071,-0.083,-0.014,-0.095,-0.081,-0.02,-0.071,-0.083,-0.014,-0.095,-0.081,-0.02,-0.071,-0.083,
0.0,0.0,0.0,-0.024,-0.16,-0.127,-0.057,-0.029,-0.111,-0.123,-0.084,-0.021,-0.024,-0.114,-0.136,-0.075,-0.031,-0.015,-0.123,-0.127,-0.084,-0.021,-0.024,-0.114,-0.136,-0.075,-0.031,-0.015,-0.123,-0.127,-0.084,-0.021,-0.024,-0.114,-0.136,-0.075,-0.031,-0.015,-0.123,-0.127,-0.084,-0.021,-0.024,-0.114,-0.136,-0.075,-0.031,-0.015,-0.123,-0.127,-0.084,-0.021,-0.024,-0.114,-0.136,-0.075,-0.031,-0.015,-0.123,-0.127,-0.084,-0.021,-0.024,-0.114,-0.136,-0.075,-0.031,-0.015,-0.123,-0.127,-0.084,-0.021,-0.024,-0.114,-0.136,-0.075,-0.031,-0.015,-0.123,-0.127,-0.084,-0.021,-0.024,-0.114,-0.136,-0.075,-0.031,-0.015,-0.123,-0.127,-0.084,-0.021,-0.024,-0.114,-0.136,-0.075,-0.031,-0.015,-0.123,-0.127,
0.0,0.0,-0.026,-0.069,-0.073,-0.05,-0.102,-0.063,-0.03,-0.04,-0.065,-0.061,-0.058,-0.054,-0.051,-0.098,-0.065,-0.028,-0.042,-0.063,-0.063,-0.056,-0.056,-0.049,-0.099,-0.063,-0.03,-0.04,-0.065,-0.061,-0.058,-0.054,-0.051,-0.098,-0.065,-0.028,-0.042,-0.063,-0.063,-0.056,-0.056,-0.049,-0.099,-0.063,-0.03,-0.04,-0.065,-0.061,-0.058,-0.054,-0.051,-0.098,-0.065,-0.028,-0.042,-0.063,-0.063,-0.056,-0.056,-0.049,-0.099,-0.063,-0.03,-0.04,-0.065,-0.061,-0.058,-0.054,-0.051,-0.098,-0.065,-0.028,-0.042,-0.063,-0.063,-0.056,-0.056,-0.049,-0.099,-0.063,-0.03,-0.04,-0.065,-0.061,-0.058,-0.054,-0.051,-0.098,-0.065,-0.028,-0.042,-0.063,-0.063,-0.056,-0.056,-0.049,-0.099,-0.063,-0.03,-0.04,
0.0,0.0,-0.082,-0.102,-0.087,-0.098,-0.208,-0.201,-0.156,-0.065,-0.108,-0.051,-0.109,-0.052,-0.109,-0.052,-0.109,-0.052,-0.109,-0.052,-0.109,-0.052,-0.109,-0.052,-0.109,-0.052,-0.109,-0.052,-0.109,-0.052,-0.109,-0.052,-0.109,-0.052,-0.109,-0.052,-0.109,-0.052,-0.109,-0.052,-0.109,-0.052,-0.109,-0.052,-0.109,-0.052,-0.109,-0.052,-0.109,-0.052,-0.109,-0.052,-0.109,-0.052,-0.109,-0.052,-0.109,-0.052,-0.109,-0.052,-0.109,-0.052,-0.109,-0.052,-0.109,-0.052,-0.109,-0.052,-0.109,-0.052,-0.109,-0.052,-0.109,-0.052,-0.109,-0.052,-0.109,-0.052,-0.109,-0.052,-0.109,-0.052,-0.109,-0.052,-0.109,-0.052,-0.109,-0.052,-0.109,-0.052,-0.109,-0.052,-0.109,-0.052,-0.109,-0.052,-0.109,-0.052,-0.109,-0.052,
0.0,0.0,0.0,0.0,0.0,0.0,0.0,0.0,0.0,0.0,0.0,0.0,0.0,0.0,0.0,0.0,0.0,0.0,0.0,0.0,0.0,0.0,0.0,0.0,0.0,0.0,0.0,0.0,0.0,0.0,0.0,0.0,0.0,0.0,0.0,0.0,0.0,0.0,0.0,0.0,0.0,0.0,0.0,0.0,0.0,0.0,0.0,0.0,0.0,0.0,0.0,0.0,0.0,0.0,0.0,0.0,0.0,0.0,0.0,0.0,0.0,0.0,0.0,0.0,0.0,0.0,0.0,0.0,0.0,0.0,0.0,0.0,0.0,0.0,0.0,0.0,0.0,0.0,0.0,0.0,0.0,0.0,0.0,0.0,0.0,0.0,0.0,0.0,0.0,0.0,0.0,0.0,0.0,0.0,0.0,0.0,0.0,0.0,0.0,0.0,
0.0,0.0,-0.025,-0.017,-0.017,0.014,0.035,0.04,0.016,0.005,0.021,0.029,0.027,0.006,0.022,0.029,0.027,0.006,0.022,0.029,0.027,0.006,0.022,0.029,0.027,0.006,0.022,0.029,0.027,0.006,0.022,0.029,0.027,0.006,0.022,0.029,0.027,0.006,0.022,0.029,0.027,0.006,0.022,0.029,0.027,0.006,0.022,0.029,0.027,0.006,0.022,0.029,0.027,0.006,0.022,0.029,0.027,0.006,0.022,0.029,0.027,0.006,0.022,0.029,0.027,0.006,0.022,0.029,0.027,0.006,0.022,0.029,0.027,0.006,0.022,0.029,0.027,0.006,0.022,0.029,0.027,0.006,0.022,0.029,0.027,0.006,0.022,0.029,0.027,0.006,0.022,0.029,0.027,0.006,0.022,0.029,0.027,0.006,0.022,0.029,
0.0,0.0,-0.151,-0.184,-0.18,-0.187,-0.194,-0.198,-0.197,-0.196,-0.196,-0.196,-0.196,-0.196,-0.196,-0.196,-0.196,-0.196,-0.196,-0.196,-0.196,-0.196,-0.196,-0.196,-0.196,-0.196,-0.196,-0.196,-0.196,-0.196,-0.196,-0.196,-0.196,-0.196,-0.196,-0.196,-0.196,-0.196,-0.196,-0.196,-0.196,-0.196,-0.196,-0.196,-0.196,-0.196,-0.196,-0.196,-0.196,-0.196,-0.196,-0.196,-0.196,-0.196,-0.196,-0.196,-0.196,-0.196,-0.196,-0.196,-0.196,-0.196,-0.196,-0.196,-0.196,-0.196,-0.196,-0.196,-0.196,-0.196,-0.196,-0.196,-0.196,-0.196,-0.196,-0.196,-0.196,-0.196,-0.196,-0.196,-0.196,-0.196,-0.196,-0.196,-0.196,-0.196,-0.196,-0.196,-0.196,-0.196,-0.196,-0.196,-0.196,-0.196,-0.196,-0.196,-0.196,-0.196,-0.196,-0.196,
0.0,0.0,0.0,-0.071,-0.042,0.017,-0.026,-0.077,0.009,-0.014,-0.048,-0.069,-0.037,-0.064,-0.002,-0.02,-0.02,-0.047,-0.083,-0.064,-0.052,-0.079,-0.104,-0.05,-0.083,-0.064,-0.052,-0.079,-0.104,-0.05,-0.083,-0.064,-0.052,-0.079,-0.104,-0.05,-0.083,-0.064,-0.052,-0.079,-0.104,-0.05,-0.083,-0.064,-0.052,-0.079,-0.104,-0.05,-0.083,-0.064,-0.052,-0.079,-0.104,-0.05,-0.083,-0.064,-0.052,-0.079,-0.104,-0.05,-0.083,-0.064,-0.052,-0.079,-0.104,-0.05,-0.083,-0.064,-0.052,-0.079,-0.104,-0.05,-0.083,-0.064,-0.052,-0.079,-0.104,-0.05,-0.083,-0.064,-0.052,-0.079,-0.104,-0.05,-0.083,-0.064,-0.052,-0.079,-0.104,-0.05,-0.083,-0.064,-0.052,-0.079,-0.104,-0.05,-0.083,-0.064,-0.052,-0.079,
0.0,0.0,-0.057,-0.059,-0.083,-0.084,-0.086,-0.101,-0.042,-0.024,-0.033,-0.062,-0.113,-0.122,-0.119,-0.062,-0.057,-0.11,-0.09,-0.125,-0.084,-0.093,-0.08,-0.054,-0.048,-0.075,-0.068,-0.096,-0.081,-0.069,-0.084,-0.089,-0.09,-0.066,-0.086,-0.077,-0.077,-0.084,-0.036,-0.023,-0.032,-0.062,-0.113,-0.122,-0.119,-0.062,-0.057,-0.11,-0.09,-0.125,-0.084,-0.093,-0.08,-0.054,-0.048,-0.075,-0.068,-0.096,-0.081,-0.069,-0.084,-0.089,-0.09,-0.066,-0.086,-0.077,-0.077,-0.084,-0.036,-0.023,-0.032,-0.062,-0.113,-0.122,-0.119,-0.062,-0.057,-0.11,-0.09,-0.125,-0.084,-0.093,-0.08,-0.054,-0.048,-0.075,-0.068,-0.096,-0.081,-0.069,-0.084,-0.089,-0.09,-0.066,-0.086,-0.077,-0.077,-0.084,-0.036,-0.023,
0.0,0.0,0.0,0.0,0.0,0.0,0.0,0.0,0.0,0.0,0.0,0.0,0.0,0.0,0.0,0.0,0.0,0.0,0.0,0.0,0.0,0.0,0.0,0.0,0.0,0.0,0.0,0.0,0.0,0.0,0.0,0.0,0.0,0.0,0.0,0.0,0.0,0.0,0.0,0.0,0.0,0.0,0.0,0.0,0.0,0.0,0.0,0.0,0.0,0.0,0.0,0.0,0.0,0.0,0.0,0.0,0.0,0.0,0.0,0.0,0.0,0.0,0.0,0.0,0.0,0.0,0.0,0.0,0.0,0.0,0.0,0.0,0.0,0.0,0.0,0.0,0.0,0.0,0.0,0.0,0.0,0.0,0.0,0.0,0.0,0.0,0.0,0.0,0.0,0.0,0.0,0.0,0.0,0.0,0.0,0.0,0.0,0.0,0.0,0.0,
0.0,0.0,-0.055,-0.074,-0.126,-0.123,-0.061,0.035,-0.054,-0.015,-0.057,0.028,-0.068,-0.015,-0.057,0.028,-0.068,-0.015,-0.057,0.028,-0.068,-0.015,-0.057,0.028,-0.068,-0.015,-0.057,0.028,-0.068,-0.015,-0.057,0.028,-0.068,-0.015,-0.057,0.028,-0.068,-0.015,-0.057,0.028,-0.068,-0.015,-0.057,0.028,-0.068,-0.015,-0.057,0.028,-0.068,-0.015,-0.057,0.028,-0.068,-0.015,-0.057,0.028,-0.068,-0.015,-0.057,0.028,-0.068,-0.015,-0.057,0.028,-0.068,-0.015,-0.057,0.028,-0.068,-0.015,-0.057,0.028,-0.068,-0.015,-0.057,0.028,-0.068,-0.015,-0.057,0.028,-0.068,-0.015,-0.057,0.028,-0.068,-0.015,-0.057,0.028,-0.068,-0.015,-0.057,0.028,-0.068,-0.015,-0.057,0.028,-0.068,-0.015,-0.057,0.028,
0.0,0.0,0.0,0.0,0.0,0.0,0.0,0.0,0.0,0.0,0.0,0.0,0.0,0.0,0.0,0.0,0.0,0.0,0.0,0.0,0.0,0.0,0.0,0.0,0.0,0.0,0.0,0.0,0.0,0.0,0.0,0.0,0.0,0.0,0.0,0.0,0.0,0.0,0.0,0.0,0.0,0.0,0.0,0.0,0.0,0.0,0.0,0.0,0.0,0.0,0.0,0.0,0.0,0.0,0.0,0.0,0.0,0.0,0.0,0.0,0.0,0.0,0.0,0.0,0.0,0.0,0.0,0.0,0.0,0.0,0.0,0.0,0.0,0.0,0.0,0.0,0.0,0.0,0.0,0.0,0.0,0.0,0.0,0.0,0.0,0.0,0.0,0.0,0.0,0.0,0.0,0.0,0.0,0.0,0.0,0.0,0.0,0.0,0.0,0.0,
0.0,0.0,-0.069,-0.096,-0.099,-0.092,-0.088,-0.084,-0.086,-0.084,-0.086,-0.084,-0.086,-0.084,-0.086,-0.084,-0.086,-0.084,-0.086,-0.084,-0.086,-0.084,-0.086,-0.084,-0.086,-0.084,-0.086,-0.084,-0.086,-0.084,-0.086,-0.084,-0.086,-0.084,-0.086,-0.084,-0.086,-0.084,-0.086,-0.084,-0.086,-0.084,-0.086,-0.084,-0.086,-0.084,-0.086,-0.084,-0.086,-0.084,-0.086,-0.084,-0.086,-0.084,-0.086,-0.084,-0.086,-0.084,-0.086,-0.084,-0.086,-0.084,-0.086,-0.084,-0.086,-0.084,-0.086,-0.084,-0.086,-0.084,-0.086,-0.084,-0.086,-0.084,-0.086,-0.084,-0.086,-0.084,-0.086,-0.084,-0.086,-0.084,-0.086,-0.084,-0.086,-0.084,-0.086,-0.084,-0.086,-0.084,-0.086,-0.084,-0.086,-0.084,-0.086,-0.084,-0.086,-0.084,-0.086,-0.084,
0.0,0.0,0.0,0.0,0.026,-0.014,-0.029,-0.015,-0.071,-0.054,-0.018,-0.054,-0.069,-0.035,-0.035,-0.023,-0.03,-0.015,-0.071,-0.054,-0.018,-0.054,-0.069,-0.035,-0.035,-0.023,-0.03,-0.015,-0.071,-0.054,-0.018,-0.054,-0.069,-0.035,-0.035,-0.023,-0.03,-0.015,-0.071,-0.054,-0.018,-0.054,-0.069,-0.035,-0.035,-0.023,-0.03,-0.015,-0.071,-0.054,-0.018,-0.054,-0.069,-0.035,-0.035,-0.023,-0.03,-0.015,-0.071,-0.054,-0.018,-0.054,-0.069,-0.035,-0.035,-0.023,-0.03,-0.015,-0.071,-0.054,-0.018,-0.054,-0.069,-0.035,-0.035,-0.023,-0.03,-0.015,-0.071,-0.054,-0.018,-0.054,-0.069,-0.035,-0.035,-0.023,-0.03,-0.015,-0.071,-0.054,-0.018,-0.054,-0.069,-0.035,-0.035,-0.023,-0.03,-0.015,-0.071,-0.054,
0.0,0.0,-0.144,-0.193,-0.206,-0.189,-0.203,-0.187,-0.203,-0.187,-0.203,-0.187,-0.203,-0.187,-0.203,-0.187,-0.203,-0.187,-0.203,-0.187,-0.203,-0.187,-0.203,-0.187,-0.203,-0.187,-0.203,-0.187,-0.203,-0.187,-0.203,-0.187,-0.203,-0.187,-0.203,-0.187,-0.203,-0.187,-0.203,-0.187,-0.203,-0.187,-0.203,-0.187,-0.203,-0.187,-0.203,-0.187,-0.203,-0.187,-0.203,-0.187,-0.203,-0.187,-0.203,-0.187,-0.203,-0.187,-0.203,-0.187,-0.203,-0.187,-0.203,-0.187,-0.203,-0.187,-0.203,-0.187,-0.203,-0.187,-0.203,-0.187,-0.203,-0.187,-0.203,-0.187,-0.203,-0.187,-0.203,-0.187,-0.203,-0.187,-0.203,-0.187,-0.203,-0.187,-0.203,-0.187,-0.203,-0.187,-0.203,-0.187,-0.203,-0.187,-0.203,-0.187,-0.203,-0.187,-0.203,-0.187,
0.0,0.0,-0.051,-0.131,-0.096,-0.042,-0.054,-0.117,-0.105,-0.077,-0.116,-0.152,-0.101,-0.108,-0.134,-0.122,-0.084,-0.092,-0.107,-0.134,-0.122,-0.084,-0.092,-0.107,-0.134,-0.122,-0.084,-0.092,-0.107,-0.134,-0.122,-0.084,-0.092,-0.107,-0.134,-0.122,-0.084,-0.092,-0.107,-0.134,-0.122,-0.084,-0.092,-0.107,-0.134,-0.122,-0.084,-0.092,-0.107,-0.134,-0.122,-0.084,-0.092,-0.107,-0.134,-0.122,-0.084,-0.092,-0.107,-0.134,-0.122,-0.084,-0.092,-0.107,-0.134,-0.122,-0.084,-0.092,-0.107,-0.134,-0.122,-0.084,-0.092,-0.107,-0.134,-0.122,-0.084,-0.092,-0.107,-0.134,-0.122,-0.084,-0.092,-0.107,-0.134,-0.122,-0.084,-0.092,-0.107,-0.134,-0.122,-0.084,-0.092,-0.107,-0.134,-0.122,-0.084,-0.092,-0.107,-0.134,
0.0,0.0,0.0,0.0,-0.078,-0.142,-0.069,-0.015,-0.084,-0.073,-0.016,0.016,-0.07,-0.07,-0.016,0.016,-0.07,-0.07,-0.016,0.016,-0.07,-0.07,-0.016,0.016,-0.07,-0.07,-0.016,0.016,-0.07,-0.07,-0.016,0.016,-0.07,-0.07,-0.016,0.016,-0.07,-0.07,-0.016,0.016,-0.07,-0.07,-0.016,0.016,-0.07,-0.07,-0.016,0.016,-0.07,-0.07,-0.016,0.016,-0.07,-0.07,-0.016,0.016,-0.07,-0.07,-0.016,0.016,-0.07,-0.07,-0.016,0.016,-0.07,-0.07,-0.016,0.016,-0.07,-0.07,-0.016,0.016,-0.07,-0.07,-0.016,0.016,-0.07,-0.07,-0.016,0.016,-0.07,-0.07,-0.016,0.016,-0.07,-0.07,-0.016,0.016,-0.07,-0.07,-0.016,0.016,-0.07,-0.07,-0.016,0.016,-0.07,-0.07,-0.016,0.016,
0.0,0.0,0.0,-0.026,-0.013,-0.061,-0.112,-0.069,-0.087,-0.093,-0.127,-0.159,-0.069,-0.037,-0.063,-0.114,-0.067,-0.088,-0.091,-0.129,-0.157,-0.07,-0.036,-0.064,-0.112,-0.069,-0.087,-0.093,-0.127,-0.159,-0.069,-0.037,-0.063,-0.114,-0.067,-0.088,-0.091,-0.129,-0.157,-0.07,-0.036,-0.064,-0.112,-0.069,-0.087,-0.093,-0.127,-0.159,-0.069,-0.037,-0.063,-0.114,-0.067,-0.088,-0.091,-0.129,-0.157,-0.07,-0.036,-0.064,-0.112,-0.069,-0.087,-0.093,-0.127,-0.159,-0.069,-0.037,-0.063,-0.114,-0.067,-0.088,-0.091,-0.129,-0.157,-0.07,-0.036,-0.064,-0.112,-0.069,-0.087,-0.093,-0.127,-0.159,-0.069,-0.037,-0.063,-0.114,-0.067,-0.088,-0.091,-0.129,-0.157,-0.07,-0.036,-0.064,-0.112,-0.069,-0.087,-0.093,
0.0,0.0,0.0,0.0,0.0,0.0,0.0,0.0,0.0,0.0,0.0,0.0,0.0,0.0,0.0,0.0,0.0,0.0,0.0,0.0,0.0,0.0,0.0,0.0,0.0,0.0,0.0,0.0,0.0,0.0,0.0,0.0,0.0,0.0,0.0,0.0,0.0,0.0,0.0,0.0,0.0,0.0,0.0,0.0,0.0,0.0,0.0,0.0,0.0,0.0,0.0,0.0,0.0,0.0,0.0,0.0,0.0,0.0,0.0,0.0,0.0,0.0,0.0,0.0,0.0,0.0,0.0,0.0,0.0,0.0,0.0,0.0,0.0,0.0,0.0,0.0,0.0,0.0,0.0,0.0,0.0,0.0,0.0,0.0,0.0,0.0,0.0,0.0,0.0,0.0,0.0,0.0,0.0,0.0,0.0,0.0,0.0,0.0,0.0,0.0,
0.0,0.0,0.0,0.0,0.0,0.0,0.0,0.0,0.0,0.0,0.0,0.0,0.0,0.0,0.0,0.0,0.0,0.0,0.0,0.0,0.0,0.0,0.0,0.0,0.0,0.0,0.0,0.0,0.0,0.0,0.0,0.0,0.0,0.0,0.0,0.0,0.0,0.0,0.0,0.0,0.0,0.0,0.0,0.0,0.0,0.0,0.0,0.0,0.0,0.0,0.0,0.0,0.0,0.0,0.0,0.0,0.0,0.0,0.0,0.0,0.0,0.0,0.0,0.0,0.0,0.0,0.0,0.0,0.0,0.0,0.0,0.0,0.0,0.0,0.0,0.0,0.0,0.0,0.0,0.0,0.0,0.0,0.0,0.0,0.0,0.0,0.0,0.0,0.0,0.0,0.0,0.0,0.0,0.0,0.0,0.0,0.0,0.0,0.0,0.0,
0.0,0.0,-0.081,-0.01,-0.019,0.051,0.007,-0.026,-0.085,-0.012,0.011,0.018,-0.036,-0.009,0.004,-0.026,-0.05,0.04,0.021,-0.033,-0.054,-0.002,0.007,0.016,-0.036,-0.009,0.004,-0.026,-0.05,0.04,0.021,-0.033,-0.054,-0.002,0.007,0.016,-0.036,-0.009,0.004,-0.026,-0.05,0.04,0.021,-0.033,-0.054,-0.002,0.007,0.016,-0.036,-0.009,0.004,-0.026,-0.05,0.04,0.021,-0.033,-0.054,-0.002,0.007,0.016,-0.036,-0.009,0.004,-0.026,-0.05,0.04,0.021,-0.033,-0.054,-0.002,0.007,0.016,-0.036,-0.009,0.004,-0.026,-0.05,0.04,0.021,-0.033,-0.054,-0.002,0.007,0.016,-0.036,-0.009,0.004,-0.026,-0.05,0.04,0.021,-0.033,-0.054,-0.002,0.007,0.016,-0.036,-0.009,0.004,-0.026,
0.0,0.0,0.0,-0.018,0.0,-0.003,0.003,-0.016,0.013,-0.014,0.0,-0.003,0.003,-0.016,0.013,-0.014,0.0,-0.003,0.003,-0.016,0.013,-0.014,0.0,-0.003,0.003,-0.016,0.013,-0.014,0.0,-0.003,0.003,-0.016,0.013,-0.014,0.0,-0.003,0.003,-0.016,0.013,-0.014,0.0,-0.003,0.003,-0.016,0.013,-0.014,0.0,-0.003,0.003,-0.016,0.013,-0.014,0.0,-0.003,0.003,-0.016,0.013,-0.014,0.0,-0.003,0.003,-0.016,0.013,-0.014,0.0,-0.003,0.003,-0.016,0.013,-0.014,0.0,-0.003,0.003,-0.016,0.013,-0.014,0.0,-0.003,0.003,-0.016,0.013,-0.014,0.0,-0.003,0.003,-0.016,0.013,-0.014,0.0,-0.003,0.003,-0.016,0.013,-0.014,0.0,-0.003,0.003,-0.016,0.013,-0.014,
0.0,0.0,-0.052,-0.055,-0.032,-0.038,-0.01,-0.003,0.017,-0.112,-0.033,-0.077,-0.051,-0.008,-0.026,-0.046,0.011,0.003,-0.006,-0.048,-0.022,-0.051,-0.05,-0.008,-0.026,-0.046,0.011,0.003,-0.006,-0.048,-0.022,-0.051,-0.05,-0.008,-0.026,-0.046,0.011,0.003,-0.006,-0.048,-0.022,-0.051,-0.05,-0.008,-0.026,-0.046,0.011,0.003,-0.006,-0.048,-0.022,-0.051,-0.05,-0.008,-0.026,-0.046,0.011,0.003,-0.006,-0.048,-0.022,-0.051,-0.05,-0.008,-0.026,-0.046,0.011,0.003,-0.006,-0.048,-0.022,-0.051,-0.05,-0.008,-0.026,-0.046,0.011,0.003,-0.006,-0.048,-0.022,-0.051,-0.05,-0.008,-0.026,-0.046,0.011,0.003,-0.006,-0.048,-0.022,-0.051,-0.05,-0.008,-0.026,-0.046,0.011,0.003,-0.006,-0.048,
0.0,0.0,0.0,0.0,0.0,0.0,0.0,0.0,0.0,0.0,0.0,0.0,0.0,0.0,0.0,0.0,0.0,0.0,0.0,0.0,0.0,0.0,0.0,0.0,0.0,0.0,0.0,0.0,0.0,0.0,0.0,0.0,0.0,0.0,0.0,0.0,0.0,0.0,0.0,0.0,0.0,0.0,0.0,0.0,0.0,0.0,0.0,0.0,0.0,0.0,0.0,0.0,0.0,0.0,0.0,0.0,0.0,0.0,0.0,0.0,0.0,0.0,0.0,0.0,0.0,0.0,0.0,0.0,0.0,0.0,0.0,0.0,0.0,0.0,0.0,0.0,0.0,0.0,0.0,0.0,0.0,0.0,0.0,0.0,0.0,0.0,0.0,0.0,0.0,0.0,0.0,0.0,0.0,0.0,0.0,0.0,0.0,0.0,0.0,0.0,
0.0,0.0,0.0,0.0,0.0,0.0,0.0,0.0,0.0,0.0,0.0,0.0,0.0,0.0,0.0,0.0,0.0,0.0,0.0,0.0,0.0,0.0,0.0,0.0,0.0,0.0,0.0,0.0,0.0,0.0,0.0,0.0,0.0,0.0,0.0,0.0,0.0,0.0,0.0,0.0,0.0,0.0,0.0,0.0,0.0,0.0,0.0,0.0,0.0,0.0,0.0,0.0,0.0,0.0,0.0,0.0,0.0,0.0,0.0,0.0,0.0,0.0,0.0,0.0,0.0,0.0,0.0,0.0,0.0,0.0,0.0,0.0,0.0,0.0,0.0,0.0,0.0,0.0,0.0,0.0,0.0,0.0,0.0,0.0,0.0,0.0,0.0,0.0,0.0,0.0,0.0,0.0,0.0,0.0,0.0,0.0,0.0,0.0,0.0,0.0,
0.0,0.0,-0.169,-0.113,-0.2,-0.119,-0.163,-0.162,-0.201,-0.157,-0.249,-0.219,-0.252,-0.162,-0.206,-0.202,-0.264,-0.206,-0.21,-0.157,-0.249,-0.219,-0.252,-0.162,-0.206,-0.202,-0.264,-0.206,-0.21,-0.157,-0.249,-0.219,-0.252,-0.162,-0.206,-0.202,-0.264,-0.206,-0.21,-0.157,-0.249,-0.219,-0.252,-0.162,-0.206,-0.202,-0.264,-0.206,-0.21,-0.157,-0.249,-0.219,-0.252,-0.162,-0.206,-0.202,-0.264,-0.206,-0.21,-0.157,-0.249,-0.219,-0.252,-0.162,-0.206,-0.202,-0.264,-0.206,-0.21,-0.157,-0.249,-0.219,-0.252,-0.162,-0.206,-0.202,-0.264,-0.206,-0.21,-0.157,-0.249,-0.219,-0.252,-0.162,-0.206,-0.202,-0.264,-0.206,-0.21,-0.157,-0.249,-0.219,-0.252,-0.162,-0.206,-0.202,-0.264,-0.206,-0.21,-0.157,
0.0,0.0,0.0,0.0,0.0,0.0,0.0,0.0,0.0,0.0,0.0,0.0,0.0,0.0,0.0,0.0,0.0,0.0,0.0,0.0,0.0,0.0,0.0,0.0,0.0,0.0,0.0,0.0,0.0,0.0,0.0,0.0,0.0,0.0,0.0,0.0,0.0,0.0,0.0,0.0,0.0,0.0,0.0,0.0,0.0,0.0,0.0,0.0,0.0,0.0,0.0,0.0,0.0,0.0,0.0,0.0,0.0,0.0,0.0,0.0,0.0,0.0,0.0,0.0,0.0,0.0,0.0,0.0,0.0,0.0,0.0,0.0,0.0,0.0,0.0,0.0,0.0,0.0,0.0,0.0,0.0,0.0,0.0,0.0,0.0,0.0,0.0,0.0,0.0,0.0,0.0,0.0,0.0,0.0,0.0,0.0,0.0,0.0,0.0,0.0,
0.0,0.0,0.0,0.0,0.0,0.0,0.0,0.0,0.0,0.0,0.0,0.0,0.0,0.0,0.0,0.0,0.0,0.0,0.0,0.0,0.0,0.0,0.0,0.0,0.0,0.0,0.0,0.0,0.0,0.0,0.0,0.0,0.0,0.0,0.0,0.0,0.0,0.0,0.0,0.0,0.0,0.0,0.0,0.0,0.0,0.0,0.0,0.0,0.0,0.0,0.0,0.0,0.0,0.0,0.0,0.0,0.0,0.0,0.0,0.0,0.0,0.0,0.0,0.0,0.0,0.0,0.0,0.0,0.0,0.0,0.0,0.0,0.0,0.0,0.0,0.0,0.0,0.0,0.0,0.0,0.0,0.0,0.0,0.0,0.0,0.0,0.0,0.0,0.0,0.0,0.0,0.0,0.0,0.0,0.0,0.0,0.0,0.0,0.0,0.0,
0.0,0.0,-0.026,-0.051,-0.024,-0.07,-0.034,-0.042,-0.133,-0.112,-0.135,-0.119,-0.116,-0.188,-0.187,-0.131,-0.217,-0.15,-0.105,-0.063,-0.078,-0.095,-0.061,-0.053,-0.086,-0.062,-0.072,-0.053,-0.053,-0.088,-0.061,-0.053,-0.086,-0.062,-0.072,-0.053,-0.053,-0.088,-0.061,-0.053,-0.086,-0.062,-0.072,-0.053,-0.053,-0.088,-0.061,-0.053,-0.086,-0.062,-0.072,-0.053,-0.053,-0.088,-0.061,-0.053,-0.086,-0.062,-0.072,-0.053,-0.053,-0.088,-0.061,-0.053,-0.086,-0.062,-0.072,-0.053,-0.053,-0.088,-0.061,-0.053,-0.086,-0.062,-0.072,-0.053,-0.053,-0.088,-0.061,-0.053,-0.086,-0.062,-0.072,-0.053,-0.053,-0.088,-0.061,-0.053,-0.086,-0.062,-0.072,-0.053,-0.053,-0.088,-0.061,-0.053,-0.086,-0.062,-0.072,-0.053,
0.0,0.0,0.0,0.0,0.0,0.0,0.0,0.0,0.0,0.0,0.0,0.0,0.0,0.0,0.0,0.0,0.0,0.0,0.0,0.0,0.0,0.0,0.0,0.0,0.0,0.0,0.0,0.0,0.0,0.0,0.0,0.0,0.0,0.0,0.0,0.0,0.0,0.0,0.0,0.0,0.0,0.0,0.0,0.0,0.0,0.0,0.0,0.0,0.0,0.0,0.0,0.0,0.0,0.0,0.0,0.0,0.0,0.0,0.0,0.0,0.0,0.0,0.0,0.0,0.0,0.0,0.0,0.0,0.0,0.0,0.0,0.0,0.0,0.0,0.0,0.0,0.0,0.0,0.0,0.0,0.0,0.0,0.0,0.0,0.0,0.0,0.0,0.0,0.0,0.0,0.0,0.0,0.0,0.0,0.0,0.0,0.0,0.0,0.0,0.0,
0.0,0.0,0.0,0.0,0.0,0.0,0.0,0.0,0.0,0.0,0.0,0.0,0.0,0.0,0.0,0.0,0.0,0.0,0.0,0.0,0.0,0.0,0.0,0.0,0.0,0.0,0.0,0.0,0.0,0.0,0.0,0.0,0.0,0.0,0.0,0.0,0.0,0.0,0.0,0.0,0.0,0.0,0.0,0.0,0.0,0.0,0.0,0.0,0.0,0.0,0.0,0.0,0.0,0.0,0.0,0.0,0.0,0.0,0.0,0.0,0.0,0.0,0.0,0.0,0.0,0.0,0.0,0.0,0.0,0.0,0.0,0.0,0.0,0.0,0.0,0.0,0.0,0.0,0.0,0.0,0.0,0.0,0.0,0.0,0.0,0.0,0.0,0.0,0.0,0.0,0.0,0.0,0.0,0.0,0.0,0.0,0.0,0.0,0.0,0.0,
0.0,0.0,0.0,0.0,0.0,0.0,0.0,0.0,0.0,0.0,0.0,0.0,0.0,0.0,0.0,0.0,0.0,0.0,0.0,0.0,0.0,0.0,0.0,0.0,0.0,0.0,0.0,0.0,0.0,0.0,0.0,0.0,0.0,0.0,0.0,0.0,0.0,0.0,0.0,0.0,0.0,0.0,0.0,0.0,0.0,0.0,0.0,0.0,0.0,0.0,0.0,0.0,0.0,0.0,0.0,0.0,0.0,0.0,0.0,0.0,0.0,0.0,0.0,0.0,0.0,0.0,0.0,0.0,0.0,0.0,0.0,0.0,0.0,0.0,0.0,0.0,0.0,0.0,0.0,0.0,0.0,0.0,0.0,0.0,0.0,0.0,0.0,0.0,0.0,0.0,0.0,0.0,0.0,0.0,0.0,0.0,0.0,0.0,0.0,0.0,
0.0,0.0,-0.125,-0.178,-0.12,-0.058,-0.078,-0.038,-0.066,-0.109,-0.078,-0.063,-0.106,-0.121,-0.203,-0.203,-0.227,-0.234,-0.207,-0.201,-0.192,-0.154,-0.211,-0.212,-0.23,-0.234,-0.207,-0.201,-0.192,-0.154,-0.211,-0.212,-0.23,-0.234,-0.207,-0.201,-0.192,-0.154,-0.211,-0.212,-0.23,-0.234,-0.207,-0.201,-0.192,-0.154,-0.211,-0.212,-0.23,-0.234,-0.207,-0.201,-0.192,-0.154,-0.211,-0.212,-0.23,-0.234,-0.207,-0.201,-0.192,-0.154,-0.211,-0.212,-0.23,-0.234,-0.207,-0.201,-0.192,-0.154,-0.211,-0.212,-0.23,-0.234,-0.207,-0.201,-0.192,-0.154,-0.211,-0.212,-0.23,-0.234,-0.207,-0.201,-0.192,-0.154,-0.211,-0.212,-0.23,-0.234,-0.207,-0.201,-0.192,-0.154,-0.211,-0.212,-0.23,-0.234,-0.207,-0.201,
0.0,0.0,-0.064,-0.185,-0.151,-0.118,-0.106,-0.187,-0.182,-0.203,-0.185,-0.205,-0.185,-0.205,-0.185,-0.205,-0.185,-0.205,-0.185,-0.205,-0.185,-0.205,-0.185,-0.205,-0.185,-0.205,-0.185,-0.205,-0.185,-0.205,-0.185,-0.205,-0.185,-0.205,-0.185,-0.205,-0.185,-0.205,-0.185,-0.205,-0.185,-0.205,-0.185,-0.205,-0.185,-0.205,-0.185,-0.205,-0.185,-0.205,-0.185,-0.205,-0.185,-0.205,-0.185,-0.205,-0.185,-0.205,-0.185,-0.205,-0.185,-0.205,-0.185,-0.205,-0.185,-0.205,-0.185,-0.205,-0.185,-0.205,-0.185,-0.205,-0.185,-0.205,-0.185,-0.205,-0.185,-0.205,-0.185,-0.205,-0.185,-0.205,-0.185,-0.205,-0.185,-0.205,-0.185,-0.205,-0.185,-0.205,-0.185,-0.205,-0.185,-0.205,-0.185,-0.205,-0.185,-0.205,-0.185,-0.205,
0.0,0.0,0.0,0.0,0.0,0.0,0.0,0.0,0.0,0.0,0.0,0.0,0.0,0.0,0.0,0.0,0.0,0.0,0.0,0.0,0.0,0.0,0.0,0.0,0.0,0.0,0.0,0.0,0.0,0.0,0.0,0.0,0.0,0.0,0.0,0.0,0.0,0.0,0.0,0.0,0.0,0.0,0.0,0.0,0.0,0.0,0.0,0.0,0.0,0.0,0.0,0.0,0.0,0.0,0.0,0.0,0.0,0.0,0.0,0.0,0.0,0.0,0.0,0.0,0.0,0.0,0.0,0.0,0.0,0.0,0.0,0.0,0.0,0.0,0.0,0.0,0.0,0.0,0.0,0.0,0.0,0.0,0.0,0.0,0.0,0.0,0.0,0.0,0.0,0.0,0.0,0.0,0.0,0.0,0.0,0.0,0.0,0.0,0.0,0.0,
0.0,0.0,0.0,-0.147,-0.25,-0.258,-0.308,-0.242,-0.272,-0.263,-0.288,-0.295,-0.294,-0.295,-0.294,-0.295,-0.294,-0.295,-0.294,-0.295,-0.294,-0.295,-0.294,-0.295,-0.294,-0.295,-0.294,-0.295,-0.294,-0.295,-0.294,-0.295,-0.294,-0.295,-0.294,-0.295,-0.294,-0.295,-0.294,-0.295,-0.294,-0.295,-0.294,-0.295,-0.294,-0.295,-0.294,-0.295,-0.294,-0.295,-0.294,-0.295,-0.294,-0.295,-0.294,-0.295,-0.294,-0.295,-0.294,-0.295,-0.294,-0.295,-0.294,-0.295,-0.294,-0.295,-0.294,-0.295,-0.294,-0.295,-0.294,-0.295,-0.294,-0.295,-0.294,-0.295,-0.294,-0.295,-0.294,-0.295,-0.294,-0.295,-0.294,-0.295,-0.294,-0.295,-0.294,-0.295,-0.294,-0.295,-0.294,-0.295,-0.294,-0.295,-0.294,-0.295,-0.294,-0.295,-0.294,-0.295,
0.0,0.0,0.0,0.0,0.0,0.0,0.0,0.0,0.0,0.0,0.0,0.0,0.0,0.0,0.0,0.0,0.0,0.0,0.0,0.0,0.0,0.0,0.0,0.0,0.0,0.0,0.0,0.0,0.0,0.0,0.0,0.0,0.0,0.0,0.0,0.0,0.0,0.0,0.0,0.0,0.0,0.0,0.0,0.0,0.0,0.0,0.0,0.0,0.0,0.0,0.0,0.0,0.0,0.0,0.0,0.0,0.0,0.0,0.0,0.0,0.0,0.0,0.0,0.0,0.0,0.0,0.0,0.0,0.0,0.0,0.0,0.0,0.0,0.0,0.0,0.0,0.0,0.0,0.0,0.0,0.0,0.0,0.0,0.0,0.0,0.0,0.0,0.0,0.0,0.0,0.0,0.0,0.0,0.0,0.0,0.0,0.0,0.0,0.0,0.0,
0.0,0.0,-0.071,-0.087,-0.095,-0.093,-0.114,-0.151,-0.153,-0.133,-0.153,-0.153,-0.133,-0.153,-0.153,-0.133,-0.153,-0.153,-0.133,-0.153,-0.153,-0.133,-0.153,-0.153,-0.133,-0.153,-0.153,-0.133,-0.153,-0.153,-0.133,-0.153,-0.153,-0.133,-0.153,-0.153,-0.133,-0.153,-0.153,-0.133,-0.153,-0.153,-0.133,-0.153,-0.153,-0.133,-0.153,-0.153,-0.133,-0.153,-0.153,-0.133,-0.153,-0.153,-0.133,-0.153,-0.153,-0.133,-0.153,-0.153,-0.133,-0.153,-0.153,-0.133,-0.153,-0.153,-0.133,-0.153,-0.153,-0.133,-0.153,-0.153,-0.133,-0.153,-0.153,-0.133,-0.153,-0.153,-0.133,-0.153,-0.153,-0.133,-0.153,-0.153,-0.133,-0.153,-0.153,-0.133,-0.153,-0.153,-0.133,-0.153,-0.153,-0.133,-0.153,-0.153,-0.133,-0.153,-0.153,-0.133,
0.0,0.0,0.0,0.0,0.0,0.0,0.0,0.0,0.0,0.0,0.0,0.0,0.0,0.0,0.0,0.0,0.0,0.0,0.0,0.0,0.0,0.0,0.0,0.0,0.0,0.0,0.0,0.0,0.0,0.0,0.0,0.0,0.0,0.0,0.0,0.0,0.0,0.0,0.0,0.0,0.0,0.0,0.0,0.0,0.0,0.0,0.0,0.0,0.0,0.0,0.0,0.0,0.0,0.0,0.0,0.0,0.0,0.0,0.0,0.0,0.0,0.0,0.0,0.0,0.0,0.0,0.0,0.0,0.0,0.0,0.0,0.0,0.0,0.0,0.0,0.0,0.0,0.0,0.0,0.0,0.0,0.0,0.0,0.0,0.0,0.0,0.0,0.0,0.0,0.0,0.0,0.0,0.0,0.0,0.0,0.0,0.0,0.0,0.0,0.0,
0.0,0.0,-0.054,-0.122,-0.121,-0.105,-0.062,-0.082,-0.054,-0.058,-0.059,-0.068,-0.101,-0.075,-0.083,-0.062,-0.078,-0.066,-0.06,-0.107,-0.069,-0.09,-0.056,-0.084,-0.06,-0.066,-0.101,-0.075,-0.083,-0.062,-0.078,-0.066,-0.06,-0.107,-0.069,-0.09,-0.056,-0.084,-0.06,-0.066,-0.101,-0.075,-0.083,-0.062,-0.078,-0.066,-0.06,-0.107,-0.069,-0.09,-0.056,-0.084,-0.06,-0.066,-0.101,-0.075,-0.083,-0.062,-0.078,-0.066,-0.06,-0.107,-0.069,-0.09,-0.056,-0.084,-0.06,-0.066,-0.101,-0.075,-0.083,-0.062,-0.078,-0.066,-0.06,-0.107,-0.069,-0.09,-0.056,-0.084,-0.06,-0.066,-0.101,-0.075,-0.083,-0.062,-0.078,-0.066,-0.06,-0.107,-0.069,-0.09,-0.056,-0.084,-0.06,-0.066,-0.101,-0.075,-0.083,-0.062,
0.0,0.0,-0.24,-0.294,-0.314,-0.308,-0.314,-0.308,-0.314,-0.308,-0.314,-0.308,-0.314,-0.308,-0.314,-0.308,-0.314,-0.308,-0.314,-0.308,-0.314,-0.308,-0.314,-0.308,-0.314,-0.308,-0.314,-0.308,-0.314,-0.308,-0.314,-0.308,-0.314,-0.308,-0.314,-0.308,-0.314,-0.308,-0.314,-0.308,-0.314,-0.308,-0.314,-0.308,-0.314,-0.308,-0.314,-0.308,-0.314,-0.308,-0.314,-0.308,-0.314,-0.308,-0.314,-0.308,-0.314,-0.308,-0.314,-0.308,-0.314,-0.308,-0.314,-0.308,-0.314,-0.308,-0.314,-0.308,-0.314,-0.308,-0.314,-0.308,-0.314,-0.308,-0.314,-0.308,-0.314,-0.308,-0.314,-0.308,-0.314,-0.308,-0.314,-0.308,-0.314,-0.308,-0.314,-0.308,-0.314,-0.308,-0.314,-0.308,-0.314,-0.308,-0.314,-0.308,-0.314,-0.308,-0.314,-0.308,
0.0,0.0,0.0,0.019,-0.082,-0.069,0.045,-0.074,-0.055,-0.081,-0.163,-0.162,-0.159,-0.158,-0.145,-0.106,-0.09,-0.056,-0.074,0.01,-0.016,-0.076,-0.034,-0.056,-0.045,-0.042,-0.077,-0.129,-0.166,-0.192,-0.169,-0.161,-0.159,-0.147,-0.106,-0.09,-0.056,-0.074,0.01,-0.016,-0.076,-0.034,-0.056,-0.045,-0.042,-0.077,-0.129,-0.166,-0.192,-0.169,-0.161,-0.159,-0.147,-0.106,-0.09,-0.056,-0.074,0.01,-0.016,-0.076,-0.034,-0.056,-0.045,-0.042,-0.077,-0.129,-0.166,-0.192,-0.169,-0.161,-0.159,-0.147,-0.106,-0.09,-0.056,-0.074,0.01,-0.016,-0.076,-0.034,-0.056,-0.045,-0.042,-0.077,-0.129,-0.166,-0.192,-0.169,-0.161,-0.159,-0.147,-0.106,-0.09,-0.056,-0.074,0.01,-0.016,-0.076,-0.034,-0.056,
0.0,0.0,-0.027,-0.035,-0.046,-0.062,-0.031,-0.026,-0.044,-0.028,-0.025,-0.044,-0.028,-0.025,-0.044,-0.028,-0.025,-0.044,-0.028,-0.025,-0.044,-0.028,-0.025,-0.044,-0.028,-0.025,-0.044,-0.028,-0.025,-0.044,-0.028,-0.025,-0.044,-0.028,-0.025,-0.044,-0.028,-0.025,-0.044,-0.028,-0.025,-0.044,-0.028,-0.025,-0.044,-0.028,-0.025,-0.044,-0.028,-0.025,-0.044,-0.028,-0.025,-0.044,-0.028,-0.025,-0.044,-0.028,-0.025,-0.044,-0.028,-0.025,-0.044,-0.028,-0.025,-0.044,-0.028,-0.025,-0.044,-0.028,-0.025,-0.044,-0.028,-0.025,-0.044,-0.028,-0.025,-0.044,-0.028,-0.025,-0.044,-0.028,-0.025,-0.044,-0.028,-0.025,-0.044,-0.028,-0.025,-0.044,-0.028,-0.025,-0.044,-0.028,-0.025,-0.044,-0.028,-0.025,-0.044,-0.028,
0.0,0.0,0.0,0.0,0.0,0.0,0.0,0.0,0.0,0.0,0.0,0.0,0.0,0.0,0.0,0.0,0.0,0.0,0.0,0.0,0.0,0.0,0.0,0.0,0.0,0.0,0.0,0.0,0.0,0.0,0.0,0.0,0.0,0.0,0.0,0.0,0.0,0.0,0.0,0.0,0.0,0.0,0.0,0.0,0.0,0.0,0.0,0.0,0.0,0.0,0.0,0.0,0.0,0.0,0.0,0.0,0.0,0.0,0.0,0.0,0.0,0.0,0.0,0.0,0.0,0.0,0.0,0.0,0.0,0.0,0.0,0.0,0.0,0.0,0.0,0.0,0.0,0.0,0.0,0.0,0.0,0.0,0.0,0.0,0.0,0.0,0.0,0.0,0.0,0.0,0.0,0.0,0.0,0.0,0.0,0.0,0.0,0.0,0.0,0.0,
0.0,0.0,-0.189,-0.246,-0.19,-0.225,-0.292,-0.239,-0.229,-0.259,-0.318,-0.336,-0.291,-0.213,-0.215,-0.295,-0.289,-0.31,-0.263,-0.25,-0.255,-0.275,-0.247,-0.279,-0.259,-0.278,-0.266,-0.245,-0.237,-0.242,-0.312,-0.277,-0.268,-0.228,-0.24,-0.272,-0.26,-0.302,-0.239,-0.264,-0.263,-0.259,-0.262,-0.221,-0.298,-0.274,-0.282,-0.253,-0.22,-0.257,-0.257,-0.315,-0.264,-0.244,-0.248,-0.255,-0.275,-0.247,-0.279,-0.259,-0.278,-0.266,-0.245,-0.237,-0.242,-0.312,-0.277,-0.268,-0.228,-0.24,-0.272,-0.26,-0.302,-0.239,-0.264,-0.263,-0.259,-0.262,-0.221,-0.298,-0.274,-0.282,-0.253,-0.22,-0.257,-0.257,-0.315,-0.264,-0.244,-0.248,-0.255,-0.275,-0.247,-0.279,-0.259,-0.278,-0.266,-0.245,-0.237,-0.242,
0.0,0.0,-0.127,-0.131,-0.188,-0.16,-0.171,-0.171,-0.152,-0.169,-0.171,-0.152,-0.169,-0.171,-0.152,-0.169,-0.171,-0.152,-0.169,-0.171,-0.152,-0.169,-0.171,-0.152,-0.169,-0.171,-0.152,-0.169,-0.171,-0.152,-0.169,-0.171,-0.152,-0.169,-0.171,-0.152,-0.169,-0.171,-0.152,-0.169,-0.171,-0.152,-0.169,-0.171,-0.152,-0.169,-0.171,-0.152,-0.169,-0.171,-0.152,-0.169,-0.171,-0.152,-0.169,-0.171,-0.152,-0.169,-0.171,-0.152,-0.169,-0.171,-0.152,-0.169,-0.171,-0.152,-0.169,-0.171,-0.152,-0.169,-0.171,-0.152,-0.169,-0.171,-0.152,-0.169,-0.171,-0.152,-0.169,-0.171,-0.152,-0.169,-0.171,-0.152,-0.169,-0.171,-0.152,-0.169,-0.171,-0.152,-0.169,-0.171,-0.152,-0.169,-0.171,-0.152,-0.169,-0.171,-0.152,-0.169,
0.0,0.0,0.0,0.0,0.0,0.0,0.0,0.0,0.0,0.0,0.0,0.0,0.0,0.0,0.0,0.0,0.0,0.0,0.0,0.0,0.0,0.0,0.0,0.0,0.0,0.0,0.0,0.0,0.0,0.0,0.0,0.0,0.0,0.0,0.0,0.0,0.0,0.0,0.0,0.0,0.0,0.0,0.0,0.0,0.0,0.0,0.0,0.0,0.0,0.0,0.0,0.0,0.0,0.0,0.0,0.0,0.0,0.0,0.0,0.0,0.0,0.0,0.0,0.0,0.0,0.0,0.0,0.0,0.0,0.0,0.0,0.0,0.0,0.0,0.0,0.0,0.0,0.0,0.0,0.0,0.0,0.0,0.0,0.0,0.0,0.0,0.0,0.0,0.0,0.0,0.0,0.0,0.0,0.0,0.0,0.0,0.0,0.0,0.0,0.0,
0.0,0.0,-0.115,-0.075,-0.184,-0.16,-0.13,-0.145,-0.142,-0.122,-0.142,-0.142,-0.122,-0.142,-0.142,-0.122,-0.142,-0.142,-0.122,-0.142,-0.142,-0.122,-0.142,-0.142,-0.122,-0.142,-0.142,-0.122,-0.142,-0.142,-0.122,-0.142,-0.142,-0.122,-0.142,-0.142,-0.122,-0.142,-0.142,-0.122,-0.142,-0.142,-0.122,-0.142,-0.142,-0.122,-0.142,-0.142,-0.122,-0.142,-0.142,-0.122,-0.142,-0.142,-0.122,-0.142,-0.142,-0.122,-0.142,-0.142,-0.122,-0.142,-0.142,-0.122,-0.142,-0.142,-0.122,-0.142,-0.142,-0.122,-0.142,-0.142,-0.122,-0.142,-0.142,-0.122,-0.142,-0.142,-0.122,-0.142,-0.142,-0.122,-0.142,-0.142,-0.122,-0.142,-0.142,-0.122,-0.142,-0.142,-0.122,-0.142,-0.142,-0.122,-0.142,-0.142,-0.122,-0.142,-0.142,-0.122,
0.0,0.0,-0.006,-0.048,-0.038,-0.043,-0.089,-0.043,-0.056,-0.078,-0.081,-0.057,-0.026,-0.045,-0.053,-0.048,-0.062,-0.1,-0.053,-0.038,-0.083,-0.063,-0.042,-0.09,-0.078,-0.018,-0.027,-0.056,-0.106,-0.106,-0.098,-0.115,-0.065,-0.042,-0.09,-0.078,-0.018,-0.027,-0.056,-0.106,-0.106,-0.098,-0.115,-0.065,-0.042,-0.09,-0.078,-0.018,-0.027,-0.056,-0.106,-0.106,-0.098,-0.115,-0.065,-0.042,-0.09,-0.078,-0.018,-0.027,-0.056,-0.106,-0.106,-0.098,-0.115,-0.065,-0.042,-0.09,-0.078,-0.018,-0.027,-0.056,-0.106,-0.106,-0.098,-0.115,-0.065,-0.042,-0.09,-0.078,-0.018,-0.027,-0.056,-0.106,-0.106,-0.098,-0.115,-0.065,-0.042,-0.09,-0.078,-0.018,-0.027,-0.056,-0.106,-0.106,-0.098,-0.115,-0.065,-0.042,
0.0,0.0,-0.051,-0.084,-0.08,-0.109,-0.157,-0.173,-0.181,-0.186,-0.184,-0.187,-0.184,-0.189,-0.184,-0.189,-0.184,-0.189,-0.184,-0.189,-0.184,-0.189,-0.184,-0.189,-0.184,-0.189,-0.184,-0.189,-0.184,-0.189,-0.184,-0.189,-0.184,-0.189,-0.184,-0.189,-0.184,-0.189,-0.184,-0.189,-0.184,-0.189,-0.184,-0.189,-0.184,-0.189,-0.184,-0.189,-0.184,-0.189,-0.184,-0.189,-0.184,-0.189,-0.184,-0.189,-0.184,-0.189,-0.184,-0.189,-0.184,-0.189,-0.184,-0.189,-0.184,-0.189,-0.184,-0.189,-0.184,-0.189,-0.184,-0.189,-0.184,-0.189,-0.184,-0.189,-0.184,-0.189,-0.184,-0.189,-0.184,-0.189,-0.184,-0.189,-0.184,-0.189,-0.184,-0.189,-0.184,-0.189,-0.184,-0.189,-0.184,-0.189,-0.184,-0.189,-0.184,-0.189,-0.184,-0.189,
0.0,0.0,0.0,-0.016,-0.001,-0.014,-0.006,0.002,0.0,-0.003,0.002,0.0,-0.003,0.002,0.0,-0.003,0.002,0.0,-0.003,0.002,0.0,-0.003,0.002,0.0,-0.003,0.002,0.0,-0.003,0.002,0.0,-0.003,0.002,0.0,-0.003,0.002,0.0,-0.003,0.002,0.0,-0.003,0.002,0.0,-0.003,0.002,0.0,-0.003,0.002,0.0,-0.003,0.002,0.0,-0.003,0.002,0.0,-0.003,0.002,0.0,-0.003,0.002,0.0,-0.003,0.002,0.0,-0.003,0.002,0.0,-0.003,0.002,0.0,-0.003,0.002,0.0,-0.003,0.002,0.0,-0.003,0.002,0.0,-0.003,0.002,0.0,-0.003,0.002,0.0,-0.003,0.002,0.0,-0.003,0.002,0.0,-0.003,0.002,0.0,-0.003,0.002,0.0,-0.003,0.002,0.0,-0.003,
0.0,0.0,0.0,0.0,-0.022,-0.03,-0.04,-0.027,0.005,-0.002,-0.017,-0.032,-0.006,-0.017,-0.006,-0.033,0.028,0.003,-0.049,-0.051,0.037,0.002,-0.015,-0.032,-0.006,-0.017,-0.006,-0.033,0.028,0.003,-0.049,-0.051,0.037,0.002,-0.015,-0.032,-0.006,-0.017,-0.006,-0.033,0.028,0.003,-0.049,-0.051,0.037,0.002,-0.015,-0.032,-0.006,-0.017,-0.006,-0.033,0.028,0.003,-0.049,-0.051,0.037,0.002,-0.015,-0.032,-0.006,-0.017,-0.006,-0.033,0.028,0.003,-0.049,-0.051,0.037,0.002,-0.015,-0.032,-0.006,-0.017,-0.006,-0.033,0.028,0.003,-0.049,-0.051,0.037,0.002,-0.015,-0.032,-0.006,-0.017,-0.006,-0.033,0.028,0.003,-0.049,-0.051,0.037,0.002,-0.015,-0.032,-0.006,-0.017,-0.006,-0.033,
0.0,0.0,0.0,-0.081,-0.089,-0.081,-0.078,-0.077,-0.077,-0.077,-0.077,-0.077,-0.077,-0.077,-0.077,-0.077,-0.077,-0.077,-0.077,-0.077,-0.077,-0.077,-0.077,-0.077,-0.077,-0.077,-0.077,-0.077,-0.077,-0.077,-0.077,-0.077,-0.077,-0.077,-0.077,-0.077,-0.077,-0.077,-0.077,-0.077,-0.077,-0.077,-0.077,-0.077,-0.077,-0.077,-0.077,-0.077,-0.077,-0.077,-0.077,-0.077,-0.077,-0.077,-0.077,-0.077,-0.077,-0.077,-0.077,-0.077,-0.077,-0.077,-0.077,-0.077,-0.077,-0.077,-0.077,-0.077,-0.077,-0.077,-0.077,-0.077,-0.077,-0.077,-0.077,-0.077,-0.077,-0.077,-0.077,-0.077,-0.077,-0.077,-0.077,-0.077,-0.077,-0.077,-0.077,-0.077,-0.077,-0.077,-0.077,-0.077,-0.077,-0.077,-0.077,-0.077,-0.077,-0.077,-0.077,-0.077,
0.0,0.0,-0.015,-0.057,-0.047,-0.13,-0.182,-0.226,-0.244,-0.247,-0.248,-0.248,-0.248,-0.248,-0.248,-0.248,-0.248,-0.248,-0.248,-0.248,-0.248,-0.248,-0.248,-0.248,-0.248,-0.248,-0.248,-0.248,-0.248,-0.248,-0.248,-0.248,-0.248,-0.248,-0.248,-0.248,-0.248,-0.248,-0.248,-0.248,-0.248,-0.248,-0.248,-0.248,-0.248,-0.248,-0.248,-0.248,-0.248,-0.248,-0.248,-0.248,-0.248,-0.248,-0.248,-0.248,-0.248,-0.248,-0.248,-0.248,-0.248,-0.248,-0.248,-0.248,-0.248,-0.248,-0.248,-0.248,-0.248,-0.248,-0.248,-0.248,-0.248,-0.248,-0.248,-0.248,-0.248,-0.248,-0.248,-0.248,-0.248,-0.248,-0.248,-0.248,-0.248,-0.248,-0.248,-0.248,-0.248,-0.248,-0.248,-0.248,-0.248,-0.248,-0.248,-0.248,-0.248,-0.248,-0.248,-0.248,
0.0,0.0,0.0,-0.031,-0.031,-0.013,-0.045,-0.015,-0.045,-0.015,-0.045,-0.015,-0.045,-0.015,-0.045,-0.015,-0.045,-0.015,-0.045,-0.015,-0.045,-0.015,-0.045,-0.015,-0.045,-0.015,-0.045,-0.015,-0.045,-0.015,-0.045,-0.015,-0.045,-0.015,-0.045,-0.015,-0.045,-0.015,-0.045,-0.015,-0.045,-0.015,-0.045,-0.015,-0.045,-0.015,-0.045,-0.015,-0.045,-0.015,-0.045,-0.015,-0.045,-0.015,-0.045,-0.015,-0.045,-0.015,-0.045,-0.015,-0.045,-0.015,-0.045,-0.015,-0.045,-0.015,-0.045,-0.015,-0.045,-0.015,-0.045,-0.015,-0.045,-0.015,-0.045,-0.015,-0.045,-0.015,-0.045,-0.015,-0.045,-0.015,-0.045,-0.015,-0.045,-0.015,-0.045,-0.015,-0.045,-0.015,-0.045,-0.015,-0.045,-0.015,-0.045,-0.015,-0.045,-0.015,-0.045,-0.015,
0.0,0.0,-0.081,-0.16,-0.157,-0.128,-0.172,-0.177,-0.208,-0.199,-0.224,-0.204,-0.225,-0.204,-0.225,-0.204,-0.225,-0.204,-0.225,-0.204,-0.225,-0.204,-0.225,-0.204,-0.225,-0.204,-0.225,-0.204,-0.225,-0.204,-0.225,-0.204,-0.225,-0.204,-0.225,-0.204,-0.225,-0.204,-0.225,-0.204,-0.225,-0.204,-0.225,-0.204,-0.225,-0.204,-0.225,-0.204,-0.225,-0.204,-0.225,-0.204,-0.225,-0.204,-0.225,-0.204,-0.225,-0.204,-0.225,-0.204,-0.225,-0.204,-0.225,-0.204,-0.225,-0.204,-0.225,-0.204,-0.225,-0.204,-0.225,-0.204,-0.225,-0.204,-0.225,-0.204,-0.225,-0.204,-0.225,-0.204,-0.225,-0.204,-0.225,-0.204,-0.225,-0.204,-0.225,-0.204,-0.225,-0.204,-0.225,-0.204,-0.225,-0.204,-0.225,-0.204,-0.225,-0.204,-0.225,-0.204,
0.0,0.0,-0.059,-0.148,-0.169,-0.133,-0.149,-0.155,-0.185,-0.147,-0.153,-0.155,-0.185,-0.147,-0.153,-0.155,-0.185,-0.147,-0.153,-0.155,-0.185,-0.147,-0.153,-0.155,-0.185,-0.147,-0.153,-0.155,-0.185,-0.147,-0.153,-0.155,-0.185,-0.147,-0.153,-0.155,-0.185,-0.147,-0.153,-0.155,-0.185,-0.147,-0.153,-0.155,-0.185,-0.147,-0.153,-0.155,-0.185,-0.147,-0.153,-0.155,-0.185,-0.147,-0.153,-0.155,-0.185,-0.147,-0.153,-0.155,-0.185,-0.147,-0.153,-0.155,-0.185,-0.147,-0.153,-0.155,-0.185,-0.147,-0.153,-0.155,-0.185,-0.147,-0.153,-0.155,-0.185,-0.147,-0.153,-0.155,-0.185,-0.147,-0.153,-0.155,-0.185,-0.147,-0.153,-0.155,-0.185,-0.147,-0.153,-0.155,-0.185,-0.147,-0.153,-0.155,-0.185,-0.147,-0.153,-0.155,
0.0,0.0,0.0,0.0,0.0,0.0,0.0,0.0,0.0,0.0,0.0,0.0,0.0,0.0,0.0,0.0,0.0,0.0,0.0,0.0,0.0,0.0,0.0,0.0,0.0,0.0,0.0,0.0,0.0,0.0,0.0,0.0,0.0,0.0,0.0,0.0,0.0,0.0,0.0,0.0,0.0,0.0,0.0,0.0,0.0,0.0,0.0,0.0,0.0,0.0,0.0,0.0,0.0,0.0,0.0,0.0,0.0,0.0,0.0,0.0,0.0,0.0,0.0,0.0,0.0,0.0,0.0,0.0,0.0,0.0,0.0,0.0,0.0,0.0,0.0,0.0,0.0,0.0,0.0,0.0,0.0,0.0,0.0,0.0,0.0,0.0,0.0,0.0,0.0,0.0,0.0,0.0,0.0,0.0,0.0,0.0,0.0,0.0,0.0,0.0,
0.0,0.0,-0.085,-0.092,-0.14,-0.098,-0.137,-0.1,-0.137,-0.1,-0.137,-0.1,-0.137,-0.1,-0.137,-0.1,-0.137,-0.1,-0.137,-0.1,-0.137,-0.1,-0.137,-0.1,-0.137,-0.1,-0.137,-0.1,-0.137,-0.1,-0.137,-0.1,-0.137,-0.1,-0.137,-0.1,-0.137,-0.1,-0.137,-0.1,-0.137,-0.1,-0.137,-0.1,-0.137,-0.1,-0.137,-0.1,-0.137,-0.1,-0.137,-0.1,-0.137,-0.1,-0.137,-0.1,-0.137,-0.1,-0.137,-0.1,-0.137,-0.1,-0.137,-0.1,-0.137,-0.1,-0.137,-0.1,-0.137,-0.1,-0.137,-0.1,-0.137,-0.1,-0.137,-0.1,-0.137,-0.1,-0.137,-0.1,-0.137,-0.1,-0.137,-0.1,-0.137,-0.1,-0.137,-0.1,-0.137,-0.1,-0.137,-0.1,-0.137,-0.1,-0.137,-0.1,-0.137,-0.1,-0.137,-0.1,
0.0,0.0,0.0,0.0,0.0,0.0,0.0,0.0,0.0,0.0,0.0,0.0,0.0,0.0,0.0,0.0,0.0,0.0,0.0,0.0,0.0,0.0,0.0,0.0,0.0,0.0,0.0,0.0,0.0,0.0,0.0,0.0,0.0,0.0,0.0,0.0,0.0,0.0,0.0,0.0,0.0,0.0,0.0,0.0,0.0,0.0,0.0,0.0,0.0,0.0,0.0,0.0,0.0,0.0,0.0,0.0,0.0,0.0,0.0,0.0,0.0,0.0,0.0,0.0,0.0,0.0,0.0,0.0,0.0,0.0,0.0,0.0,0.0,0.0,0.0,0.0,0.0,0.0,0.0,0.0,0.0,0.0,0.0,0.0,0.0,0.0,0.0,0.0,0.0,0.0,0.0,0.0,0.0,0.0,0.0,0.0,0.0,0.0,0.0,0.0,
0.0,0.0,0.0,-0.06,-0.042,-0.17,-0.183,-0.154,-0.214,-0.199,-0.089,-0.172,-0.125,-0.123,-0.142,-0.122,-0.102,-0.139,-0.166,-0.183,-0.156,-0.227,-0.151,-0.186,-0.184,-0.153,-0.098,-0.171,-0.086,-0.122,-0.169,-0.137,-0.153,-0.198,-0.101,-0.128,-0.17,-0.137,-0.153,-0.198,-0.101,-0.128,-0.17,-0.137,-0.153,-0.198,-0.101,-0.128,-0.17,-0.137,-0.153,-0.198,-0.101,-0.128,-0.17,-0.137,-0.153,-0.198,-0.101,-0.128,-0.17,-0.137,-0.153,-0.198,-0.101,-0.128,-0.17,-0.137,-0.153,-0.198,-0.101,-0.128,-0.17,-0.137,-0.153,-0.198,-0.101,-0.128,-0.17,-0.137,-0.153,-0.198,-0.101,-0.128,-0.17,-0.137,-0.153,-0.198,-0.101,-0.128,-0.17,-0.137,-0.153,-0.198,-0.101,-0.128,-0.17,-0.137,-0.153,-0.198,
0.0,0.0,0.0,0.0,0.0,0.0,0.0,0.0,0.0,0.0,0.0,0.0,0.0,0.0,0.0,0.0,0.0,0.0,0.0,0.0,0.0,0.0,0.0,0.0,0.0,0.0,0.0,0.0,0.0,0.0,0.0,0.0,0.0,0.0,0.0,0.0,0.0,0.0,0.0,0.0,0.0,0.0,0.0,0.0,0.0,0.0,0.0,0.0,0.0,0.0,0.0,0.0,0.0,0.0,0.0,0.0,0.0,0.0,0.0,0.0,0.0,0.0,0.0,0.0,0.0,0.0,0.0,0.0,0.0,0.0,0.0,0.0,0.0,0.0,0.0,0.0,0.0,0.0,0.0,0.0,0.0,0.0,0.0,0.0,0.0,0.0,0.0,0.0,0.0,0.0,0.0,0.0,0.0,0.0,0.0,0.0,0.0,0.0,0.0,0.0,
0.0,0.0,0.0,0.0,0.0,0.0,0.0,0.0,0.0,0.0,0.0,-0.079,-0.099,-0.026,-0.024,-0.017,-0.006,0.025,0.017,-0.013,0.014,0.039,-0.04,-0.098,-0.04,-0.061,-0.043,-0.028,0.008,0.011,0.013,0.031,0.026,-0.026,-0.062,0.0,-0.06,-0.057,-0.066,-0.018,-0.011,-0.005,0.025,0.051,-0.009,-0.074,0.014,-0.022,-0.017,-0.064,-0.033,-0.049,-0.03,0.003,0.034,-0.015,-0.05,0.031,-0.035,-0.003,-0.027,0.008,-0.048,-0.045,-0.035,0.008,-0.037,-0.066,0.025,-0.009,0.014,-0.039,0.022,-0.01,-0.005,-0.034,-0.007,-0.074,-0.09,0.003,-0.027,0.008,-0.014,0.039,-0.022,0.01,0.005,0.034,-0.073,-0.104,-0.035,-0.052,-0.014,-0.031,0.033,0.003,0.027,-0.008,0.048,-0.036,
0.0,0.0,-0.171,-0.243,-0.252,-0.228,-0.256,-0.257,-0.242,-0.257,-0.254,-0.229,-0.256,-0.257,-0.242,-0.257,-0.254,-0.229,-0.256,-0.257,-0.242,-0.257,-0.254,-0.229,-0.256,-0.257,-0.242,-0.257,-0.254,-0.229,-0.256,-0.257,-0.242,-0.257,-0.254,-0.229,-0.256,-0.257,-0.242,-0.257,-0.254,-0.229,-0.256,-0.257,-0.242,-0.257,-0.254,-0.229,-0.256,-0.257,-0.242,-0.257,-0.254,-0.229,-0.256,-0.257,-0.242,-0.257,-0.254,-0.229,-0.256,-0.257,-0.242,-0.257,-0.254,-0.229,-0.256,-0.257,-0.242,-0.257,-0.254,-0.229,-0.256,-0.257,-0.242,-0.257,-0.254,-0.229,-0.256,-0.257,-0.242,-0.257,-0.254,-0.229,-0.256,-0.257,-0.242,-0.257,-0.254,-0.229,-0.256,-0.257,-0.242,-0.257,-0.254,-0.229,-0.256,-0.257,-0.242,-0.257,
0.0,0.0,-0.046,-0.082,-0.032,-0.018,-0.024,-0.024,-0.018,-0.024,-0.024,-0.018,-0.024,-0.024,-0.018,-0.024,-0.024,-0.018,-0.024,-0.024,-0.018,-0.024,-0.024,-0.018,-0.024,-0.024,-0.018,-0.024,-0.024,-0.018,-0.024,-0.024,-0.018,-0.024,-0.024,-0.018,-0.024,-0.024,-0.018,-0.024,-0.024,-0.018,-0.024,-0.024,-0.018,-0.024,-0.024,-0.018,-0.024,-0.024,-0.018,-0.024,-0.024,-0.018,-0.024,-0.024,-0.018,-0.024,-0.024,-0.018,-0.024,-0.024,-0.018,-0.024,-0.024,-0.018,-0.024,-0.024,-0.018,-0.024,-0.024,-0.018,-0.024,-0.024,-0.018,-0.024,-0.024,-0.018,-0.024,-0.024,-0.018,-0.024,-0.024,-0.018,-0.024,-0.024,-0.018,-0.024,-0.024,-0.018,-0.024,-0.024,-0.018,-0.024,-0.024,-0.018,-0.024,-0.024,-0.018,-0.024,
0.0,0.0,-0.054,-0.201,-0.225,-0.225,-0.115,-0.168,-0.126,-0.198,-0.238,-0.263,-0.254,-0.264,-0.218,-0.237,-0.262,-0.242,-0.245,-0.263,-0.254,-0.264,-0.218,-0.237,-0.262,-0.242,-0.245,-0.263,-0.254,-0.264,-0.218,-0.237,-0.262,-0.242,-0.245,-0.263,-0.254,-0.264,-0.218,-0.237,-0.262,-0.242,-0.245,-0.263,-0.254,-0.264,-0.218,-0.237,-0.262,-0.242,-0.245,-0.263,-0.254,-0.264,-0.218,-0.237,-0.262,-0.242,-0.245,-0.263,-0.254,-0.264,-0.218,-0.237,-0.262,-0.242,-0.245,-0.263,-0.254,-0.264,-0.218,-0.237,-0.262,-0.242,-0.245,-0.263,-0.254,-0.264,-0.218,-0.237,-0.262,-0.242,-0.245,-0.263,-0.254,-0.264,-0.218,-0.237,-0.262,-0.242,-0.245,-0.263,-0.254,-0.264,-0.218,-0.237,-0.262,-0.242,-0.245,-0.263,
0.0,0.0,0.0,0.0,0.0,0.0,0.0,0.0,0.0,0.0,0.0,0.0,0.0,0.0,0.0,0.0,0.0,0.0,0.0,0.0,0.0,0.0,0.0,0.0,0.0,0.0,0.0,0.0,0.0,0.0,0.0,0.0,0.0,0.0,0.0,0.0,0.0,0.0,0.0,0.0,0.0,0.0,0.0,0.0,0.0,0.0,0.0,0.0,0.0,0.0,0.0,0.0,0.0,0.0,0.0,0.0,0.0,0.0,0.0,0.0,0.0,0.0,0.0,0.0,0.0,0.0,0.0,0.0,0.0,0.0,0.0,0.0,0.0,0.0,0.0,0.0,0.0,0.0,0.0,0.0,0.0,0.0,0.0,0.0,0.0,0.0,0.0,0.0,0.0,0.0,0.0,0.0,0.0,0.0,0.0,0.0,0.0,0.0,0.0,0.0,
0.0,0.0,-0.025,-0.03,-0.108,-0.175,-0.184,-0.173,-0.172,-0.173,-0.175,-0.175,-0.175,-0.175,-0.175,-0.175,-0.175,-0.175,-0.175,-0.175,-0.175,-0.175,-0.175,-0.175,-0.175,-0.175,-0.175,-0.175,-0.175,-0.175,-0.175,-0.175,-0.175,-0.175,-0.175,-0.175,-0.175,-0.175,-0.175,-0.175,-0.175,-0.175,-0.175,-0.175,-0.175,-0.175,-0.175,-0.175,-0.175,-0.175,-0.175,-0.175,-0.175,-0.175,-0.175,-0.175,-0.175,-0.175,-0.175,-0.175,-0.175,-0.175,-0.175,-0.175,-0.175,-0.175,-0.175,-0.175,-0.175,-0.175,-0.175,-0.175,-0.175,-0.175,-0.175,-0.175,-0.175,-0.175,-0.175,-0.175,-0.175,-0.175,-0.175,-0.175,-0.175,-0.175,-0.175,-0.175,-0.175,-0.175,-0.175,-0.175,-0.175,-0.175,-0.175,-0.175,-0.175,-0.175,-0.175,-0.175,
0.0,0.0,0.0,0.0,0.0,0.0,0.0,0.0,0.0,0.0,0.0,0.0,0.0,0.0,0.0,0.0,0.0,0.0,0.0,0.0,0.0,0.0,0.0,0.0,0.0,0.0,0.0,0.0,0.0,0.0,0.0,0.0,0.0,0.0,0.0,0.0,0.0,0.0,0.0,0.0,0.0,0.0,0.0,0.0,0.0,0.0,0.0,0.0,0.0,0.0,0.0,0.0,0.0,0.0,0.0,0.0,0.0,0.0,0.0,0.0,0.0,0.0,0.0,0.0,0.0,0.0,0.0,0.0,0.0,0.0,0.0,0.0,0.0,0.0,0.0,0.0,0.0,0.0,0.0,0.0,0.0,0.0,0.0,0.0,0.0,0.0,0.0,0.0,0.0,0.0,0.0,0.0,0.0,0.0,0.0,0.0,0.0,0.0,0.0,0.0,
0.0,0.0,-0.085,-0.155,-0.24,-0.255,-0.248,-0.247,-0.318,-0.331,-0.264,-0.319,-0.33,-0.282,-0.234,-0.315,-0.33,-0.282,-0.234,-0.315,-0.33,-0.282,-0.234,-0.315,-0.33,-0.282,-0.234,-0.315,-0.33,-0.282,-0.234,-0.315,-0.33,-0.282,-0.234,-0.315,-0.33,-0.282,-0.234,-0.315,-0.33,-0.282,-0.234,-0.315,-0.33,-0.282,-0.234,-0.315,-0.33,-0.282,-0.234,-0.315,-0.33,-0.282,-0.234,-0.315,-0.33,-0.282,-0.234,-0.315,-0.33,-0.282,-0.234,-0.315,-0.33,-0.282,-0.234,-0.315,-0.33,-0.282,-0.234,-0.315,-0.33,-0.282,-0.234,-0.315,-0.33,-0.282,-0.234,-0.315,-0.33,-0.282,-0.234,-0.315,-0.33,-0.282,-0.234,-0.315,-0.33,-0.282,-0.234,-0.315,-0.33,-0.282,-0.234,-0.315,-0.33,-0.282,-0.234,-0.315,
0.0,0.0,0.0,0.0,0.0,0.0,0.0,0.0,0.0,0.0,0.0,0.0,0.0,0.0,0.0,0.0,0.0,0.0,0.0,0.0,0.0,0.0,0.0,0.0,0.0,0.0,0.0,0.0,0.0,0.0,0.0,0.0,0.0,0.0,0.0,0.0,0.0,0.0,0.0,0.0,0.0,0.0,0.0,0.0,0.0,0.0,0.0,0.0,0.0,0.0,0.0,0.0,0.0,0.0,0.0,0.0,0.0,0.0,0.0,0.0,0.0,0.0,0.0,0.0,0.0,0.0,0.0,0.0,0.0,0.0,0.0,0.0,0.0,0.0,0.0,0.0,0.0,0.0,0.0,0.0,0.0,0.0,0.0,0.0,0.0,0.0,0.0,0.0,0.0,0.0,0.0,0.0,0.0,0.0,0.0,0.0,0.0,0.0,0.0,0.0,
0.0,0.0,-0.021,-0.055,-0.096,-0.1,-0.122,-0.078,-0.054,-0.065,-0.044,-0.014,-0.006,-0.056,-0.069,-0.031,-0.023,-0.048,-0.027,-0.022,-0.049,-0.065,-0.044,-0.014,-0.006,-0.056,-0.069,-0.031,-0.023,-0.048,-0.027,-0.022,-0.049,-0.065,-0.044,-0.014,-0.006,-0.056,-0.069,-0.031,-0.023,-0.048,-0.027,-0.022,-0.049,-0.065,-0.044,-0.014,-0.006,-0.056,-0.069,-0.031,-0.023,-0.048,-0.027,-0.022,-0.049,-0.065,-0.044,-0.014,-0.006,-0.056,-0.069,-0.031,-0.023,-0.048,-0.027,-0.022,-0.049,-0.065,-0.044,-0.014,-0.006,-0.056,-0.069,-0.031,-0.023,-0.048,-0.027,-0.022,-0.049,-0.065,-0.044,-0.014,-0.006,-0.056,-0.069,-0.031,-0.023,-0.048,-0.027,-0.022,-0.049,-0.065,-0.044,-0.014,-0.006,-0.056,-0.069,-0.031,
0.0,0.0,-0.068,-0.146,-0.144,-0.168,-0.173,-0.178,-0.173,-0.178,-0.173,-0.178,-0.173,-0.178,-0.173,-0.178,-0.173,-0.178,-0.173,-0.178,-0.173,-0.178,-0.173,-0.178,-0.173,-0.178,-0.173,-0.178,-0.173,-0.178,-0.173,-0.178,-0.173,-0.178,-0.173,-0.178,-0.173,-0.178,-0.173,-0.178,-0.173,-0.178,-0.173,-0.178,-0.173,-0.178,-0.173,-0.178,-0.173,-0.178,-0.173,-0.178,-0.173,-0.178,-0.173,-0.178,-0.173,-0.178,-0.173,-0.178,-0.173,-0.178,-0.173,-0.178,-0.173,-0.178,-0.173,-0.178,-0.173,-0.178,-0.173,-0.178,-0.173,-0.178,-0.173,-0.178,-0.173,-0.178,-0.173,-0.178,-0.173,-0.178,-0.173,-0.178,-0.173,-0.178,-0.173,-0.178,-0.173,-0.178,-0.173,-0.178,-0.173,-0.178,-0.173,-0.178,-0.173,-0.178,-0.173,-0.178,
0.0,0.0,0.0,0.0,0.0,0.0,0.0,0.0,0.0,0.0,0.0,0.0,0.0,0.0,0.0,0.0,0.0,0.0,0.0,0.0,0.0,0.0,0.0,0.0,0.0,0.0,0.0,0.0,0.0,0.0,0.0,0.0,0.0,0.0,0.0,0.0,0.0,0.0,0.0,0.0,0.0,0.0,0.0,0.0,0.0,0.0,0.0,0.0,0.0,0.0,0.0,0.0,0.0,0.0,0.0,0.0,0.0,0.0,0.0,0.0,0.0,0.0,0.0,0.0,0.0,0.0,0.0,0.0,0.0,0.0,0.0,0.0,0.0,0.0,0.0,0.0,0.0,0.0,0.0,0.0,0.0,0.0,0.0,0.0,0.0,0.0,0.0,0.0,0.0,0.0,0.0,0.0,0.0,0.0,0.0,0.0,0.0,0.0,0.0,0.0,
0.0,0.0,-0.07,-0.143,-0.229,-0.189,-0.166,-0.239,-0.21,-0.189,-0.16,-0.231,-0.256,-0.269,-0.247,-0.198,-0.165,-0.206,-0.263,-0.256,-0.222,-0.191,-0.162,-0.168,-0.179,-0.159,-0.231,-0.256,-0.269,-0.247,-0.198,-0.165,-0.206,-0.263,-0.256,-0.222,-0.191,-0.162,-0.168,-0.179,-0.159,-0.231,-0.256,-0.269,-0.247,-0.198,-0.165,-0.206,-0.263,-0.256,-0.222,-0.191,-0.162,-0.168,-0.179,-0.159,-0.231,-0.256,-0.269,-0.247,-0.198,-0.165,-0.206,-0.263,-0.256,-0.222,-0.191,-0.162,-0.168,-0.179,-0.159,-0.231,-0.256,-0.269,-0.247,-0.198,-0.165,-0.206,-0.263,-0.256,-0.222,-0.191,-0.162,-0.168,-0.179,-0.159,-0.231,-0.256,-0.269,-0.247,-0.198,-0.165,-0.206,-0.263,-0.256,-0.222,-0.191,-0.162,-0.168,-0.179,
0.0,0.0,0.0,-0.06,-0.066,-0.056,-0.023,-0.018,-0.02,-0.02,-0.02,-0.02,-0.02,-0.02,-0.02,-0.02,-0.02,-0.02,-0.02,-0.02,-0.02,-0.02,-0.02,-0.02,-0.02,-0.02,-0.02,-0.02,-0.02,-0.02,-0.02,-0.02,-0.02,-0.02,-0.02,-0.02,-0.02,-0.02,-0.02,-0.02,-0.02,-0.02,-0.02,-0.02,-0.02,-0.02,-0.02,-0.02,-0.02,-0.02,-0.02,-0.02,-0.02,-0.02,-0.02,-0.02,-0.02,-0.02,-0.02,-0.02,-0.02,-0.02,-0.02,-0.02,-0.02,-0.02,-0.02,-0.02,-0.02,-0.02,-0.02,-0.02,-0.02,-0.02,-0.02,-0.02,-0.02,-0.02,-0.02,-0.02,-0.02,-0.02,-0.02,-0.02,-0.02,-0.02,-0.02,-0.02,-0.02,-0.02,-0.02,-0.02,-0.02,-0.02,-0.02,-0.02,-0.02,-0.02,-0.02,-0.02,
0.0,0.0,0.0,0.0,0.0,0.0,0.0,0.0,0.0,0.0,0.0,0.0,-0.026,-0.006,0.025,-0.081,-0.041,-0.037,-0.044,0.019,-0.014,0.006,0.049,-0.065,-0.018,-0.012,-0.024,-0.018,-0.048,-0.031,0.005,-0.047,-0.006,0.0,0.0,0.0,-0.026,-0.006,0.025,-0.081,-0.041,-0.037,-0.044,0.019,-0.014,0.006,0.049,-0.065,-0.018,-0.012,-0.024,-0.018,-0.048,-0.031,0.005,-0.047,-0.006,0.0,0.0,0.0,-0.026,-0.006,0.025,-0.081,-0.041,-0.037,-0.044,0.019,-0.014,0.006,0.049,-0.065,-0.018,-0.012,-0.024,-0.018,-0.048,-0.031,0.005,-0.047,-0.006,0.0,0.0,0.0,-0.026,-0.006,0.025,-0.081,-0.041,-0.037,-0.044,0.019,-0.014,0.006,0.049,-0.065,-0.018,-0.012,-0.024,-0.018,
0.0,0.0,0.0,0.0,0.0,0.0,0.0,0.0,0.0,0.0,0.0,0.0,0.0,0.0,0.0,0.0,0.0,0.0,0.0,0.0,0.0,0.0,0.0,0.0,0.0,0.0,0.0,0.0,0.0,0.0,0.0,0.0,0.0,0.0,0.0,0.0,0.0,0.0,0.0,0.0,0.0,0.0,0.0,0.0,0.0,0.0,0.0,0.0,0.0,0.0,0.0,0.0,0.0,0.0,0.0,0.0,0.0,0.0,0.0,0.0,0.0,0.0,0.0,0.0,0.0,0.0,0.0,0.0,0.0,0.0,0.0,0.0,0.0,0.0,0.0,0.0,0.0,0.0,0.0,0.0,0.0,0.0,0.0,0.0,0.0,0.0,0.0,0.0,0.0,0.0,0.0,0.0,0.0,0.0,0.0,0.0,0.0,0.0,0.0,0.0,
0.0,0.0,-0.156,-0.173,-0.144,-0.094,-0.141,-0.143,-0.138,-0.139,-0.194,-0.122,-0.116,-0.119,-0.164,-0.116,-0.16,-0.174,-0.144,-0.094,-0.141,-0.143,-0.138,-0.139,-0.194,-0.122,-0.116,-0.119,-0.164,-0.116,-0.16,-0.174,-0.144,-0.094,-0.141,-0.143,-0.138,-0.139,-0.194,-0.122,-0.116,-0.119,-0.164,-0.116,-0.16,-0.174,-0.144,-0.094,-0.141,-0.143,-0.138,-0.139,-0.194,-0.122,-0.116,-0.119,-0.164,-0.116,-0.16,-0.174,-0.144,-0.094,-0.141,-0.143,-0.138,-0.139,-0.194,-0.122,-0.116,-0.119,-0.164,-0.116,-0.16,-0.174,-0.144,-0.094,-0.141,-0.143,-0.138,-0.139,-0.194,-0.122,-0.116,-0.119,-0.164,-0.116,-0.16,-0.174,-0.144,-0.094,-0.141,-0.143,-0.138,-0.139,-0.194,-0.122,-0.116,-0.119,-0.164,-0.116,
0.0,0.0,-0.092,-0.12,-0.103,-0.125,-0.136,-0.166,-0.194,-0.193,-0.187,-0.204,-0.196,-0.192,-0.189,-0.188,-0.188,-0.188,-0.188,-0.188,-0.188,-0.188,-0.188,-0.188,-0.188,-0.188,-0.188,-0.188,-0.188,-0.188,-0.188,-0.188,-0.188,-0.188,-0.188,-0.188,-0.188,-0.188,-0.188,-0.188,-0.188,-0.188,-0.188,-0.188,-0.188,-0.188,-0.188,-0.188,-0.188,-0.188,-0.188,-0.188,-0.188,-0.188,-0.188,-0.188,-0.188,-0.188,-0.188,-0.188,-0.188,-0.188,-0.188,-0.188,-0.188,-0.188,-0.188,-0.188,-0.188,-0.188,-0.188,-0.188,-0.188,-0.188,-0.188,-0.188,-0.188,-0.188,-0.188,-0.188,-0.188,-0.188,-0.188,-0.188,-0.188,-0.188,-0.188,-0.188,-0.188,-0.188,-0.188,-0.188,-0.188,-0.188,-0.188,-0.188,-0.188,-0.188,-0.188,-0.188,
0.0,0.0,-0.136,-0.161,-0.164,-0.237,-0.202,-0.188,-0.179,-0.204,-0.23,-0.156,-0.175,-0.204,-0.23,-0.156,-0.175,-0.204,-0.23,-0.156,-0.175,-0.204,-0.23,-0.156,-0.175,-0.204,-0.23,-0.156,-0.175,-0.204,-0.23,-0.156,-0.175,-0.204,-0.23,-0.156,-0.175,-0.204,-0.23,-0.156,-0.175,-0.204,-0.23,-0.156,-0.175,-0.204,-0.23,-0.156,-0.175,-0.204,-0.23,-0.156,-0.175,-0.204,-0.23,-0.156,-0.175,-0.204,-0.23,-0.156,-0.175,-0.204,-0.23,-0.156,-0.175,-0.204,-0.23,-0.156,-0.175,-0.204,-0.23,-0.156,-0.175,-0.204,-0.23,-0.156,-0.175,-0.204,-0.23,-0.156,-0.175,-0.204,-0.23,-0.156,-0.175,-0.204,-0.23,-0.156,-0.175,-0.204,-0.23,-0.156,-0.175,-0.204,-0.23,-0.156,-0.175,-0.204,-0.23,-0.156,
0.0,0.0,0.0,0.0,0.0,0.0,0.0,0.0,0.0,0.0,0.0,0.0,0.0,0.0,0.0,0.0,0.0,0.0,0.0,0.0,0.0,0.0,0.0,0.0,0.0,0.0,0.0,0.0,0.0,0.0,0.0,0.0,0.0,0.0,0.0,0.0,0.0,0.0,0.0,0.0,0.0,0.0,0.0,0.0,0.0,0.0,0.0,0.0,0.0,0.0,0.0,0.0,0.0,0.0,0.0,0.0,0.0,0.0,0.0,0.0,0.0,0.0,0.0,0.0,0.0,0.0,0.0,0.0,0.0,0.0,0.0,0.0,0.0,0.0,0.0,0.0,0.0,0.0,0.0,0.0,0.0,0.0,0.0,0.0,0.0,0.0,0.0,0.0,0.0,0.0,0.0,0.0,0.0,0.0,0.0,0.0,0.0,0.0,0.0,0.0,
0.0,0.0,0.0,-0.071,-0.038,-0.04,-0.037,-0.055,-0.154,-0.066,-0.069,-0.02,-0.036,-0.07,-0.081,-0.04,-0.063,-0.02,-0.036,-0.07,-0.081,-0.04,-0.063,-0.02,-0.036,-0.07,-0.081,-0.04,-0.063,-0.02,-0.036,-0.07,-0.081,-0.04,-0.063,-0.02,-0.036,-0.07,-0.081,-0.04,-0.063,-0.02,-0.036,-0.07,-0.081,-0.04,-0.063,-0.02,-0.036,-0.07,-0.081,-0.04,-0.063,-0.02,-0.036,-0.07,-0.081,-0.04,-0.063,-0.02,-0.036,-0.07,-0.081,-0.04,-0.063,-0.02,-0.036,-0.07,-0.081,-0.04,-0.063,-0.02,-0.036,-0.07,-0.081,-0.04,-0.063,-0.02,-0.036,-0.07,-0.081,-0.04,-0.063,-0.02,-0.036,-0.07,-0.081,-0.04,-0.063,-0.02,-0.036,-0.07,-0.081,-0.04,-0.063,-0.02,-0.036,-0.07,-0.081,-0.04,
0.0,0.0,0.0,0.008,-0.061,-0.023,0.038,-0.035,-0.056,-0.037,0.028,-0.048,-0.043,0.005,-0.009,-0.041,-0.003,-0.029,-0.015,-0.043,-0.014,-0.042,-0.002,-0.002,-0.05,-0.035,0.038,-0.035,-0.056,-0.037,0.028,-0.048,-0.043,0.005,-0.009,-0.041,-0.003,-0.029,-0.015,-0.043,-0.014,-0.042,-0.002,-0.002,-0.05,-0.035,0.038,-0.035,-0.056,-0.037,0.028,-0.048,-0.043,0.005,-0.009,-0.041,-0.003,-0.029,-0.015,-0.043,-0.014,-0.042,-0.002,-0.002,-0.05,-0.035,0.038,-0.035,-0.056,-0.037,0.028,-0.048,-0.043,0.005,-0.009,-0.041,-0.003,-0.029,-0.015,-0.043,-0.014,-0.042,-0.002,-0.002,-0.05,-0.035,0.038,-0.035,-0.056,-0.037,0.028,-0.048,-0.043,0.005,-0.009,-0.041,-0.003,-0.029,-0.015,-0.043,
0.0,0.0,0.0,-0.124,-0.123,-0.096,-0.132,-0.144,-0.118,-0.141,-0.146,-0.118,-0.141,-0.146,-0.118,-0.141,-0.146,-0.118,-0.141,-0.146,-0.118,-0.141,-0.146,-0.118,-0.141,-0.146,-0.118,-0.141,-0.146,-0.118,-0.141,-0.146,-0.118,-0.141,-0.146,-0.118,-0.141,-0.146,-0.118,-0.141,-0.146,-0.118,-0.141,-0.146,-0.118,-0.141,-0.146,-0.118,-0.141,-0.146,-0.118,-0.141,-0.146,-0.118,-0.141,-0.146,-0.118,-0.141,-0.146,-0.118,-0.141,-0.146,-0.118,-0.141,-0.146,-0.118,-0.141,-0.146,-0.118,-0.141,-0.146,-0.118,-0.141,-0.146,-0.118,-0.141,-0.146,-0.118,-0.141,-0.146,-0.118,-0.141,-0.146,-0.118,-0.141,-0.146,-0.118,-0.141,-0.146,-0.118,-0.141,-0.146,-0.118,-0.141,-0.146,-0.118,-0.141,-0.146,-0.118,-0.141,
0.0,0.0,0.0,0.0,0.0,0.0,0.0,0.0,0.0,0.0,0.0,0.0,0.0,0.0,0.0,0.0,0.0,0.0,0.0,0.0,0.0,0.0,0.0,0.0,0.0,0.0,0.0,0.0,0.0,0.0,0.0,0.0,0.0,0.0,0.0,0.0,0.0,0.0,0.0,0.0,0.0,0.0,0.0,0.0,0.0,0.0,0.0,0.0,0.0,0.0,0.0,0.0,0.0,0.0,0.0,0.0,0.0,0.0,0.0,0.0,0.0,0.0,0.0,0.0,0.0,0.0,0.0,0.0,0.0,0.0,0.0,0.0,0.0,0.0,0.0,0.0,0.0,0.0,0.0,0.0,0.0,0.0,0.0,0.0,0.0,0.0,0.0,0.0,0.0,0.0,0.0,0.0,0.0,0.0,0.0,0.0,0.0,0.0,0.0,0.0,
0.0,0.0,-0.064,-0.081,-0.093,-0.097,-0.098,-0.099,-0.098,-0.099,-0.098,-0.099,-0.098,-0.099,-0.098,-0.099,-0.098,-0.099,-0.098,-0.099,-0.098,-0.099,-0.098,-0.099,-0.098,-0.099,-0.098,-0.099,-0.098,-0.099,-0.098,-0.099,-0.098,-0.099,-0.098,-0.099,-0.098,-0.099,-0.098,-0.099,-0.098,-0.099,-0.098,-0.099,-0.098,-0.099,-0.098,-0.099,-0.098,-0.099,-0.098,-0.099,-0.098,-0.099,-0.098,-0.099,-0.098,-0.099,-0.098,-0.099,-0.098,-0.099,-0.098,-0.099,-0.098,-0.099,-0.098,-0.099,-0.098,-0.099,-0.098,-0.099,-0.098,-0.099,-0.098,-0.099,-0.098,-0.099,-0.098,-0.099,-0.098,-0.099,-0.098,-0.099,-0.098,-0.099,-0.098,-0.099,-0.098,-0.099,-0.098,-0.099,-0.098,-0.099,-0.098,-0.099,-0.098,-0.099,-0.098,-0.099,
0.0,0.0,0.0,0.006,0.042,0.026,0.015,0.014,0.035,0.006,-0.002,0.04,0.065,0.005,0.023,0.038,-0.012,0.035,0.031,0.019,0.011,0.011,0.023,0.069,0.017,0.006,0.043,0.0,0.019,0.035,0.031,-0.006,0.015,0.035,0.053,0.021,0.018,0.026,0.005,0.031,0.019,0.035,0.006,-0.002,0.04,0.065,0.005,0.023,0.038,-0.012,0.035,0.031,0.019,0.011,0.011,0.023,0.069,0.017,0.006,0.043,0.0,0.019,0.035,0.031,-0.006,0.015,0.035,0.053,0.021,0.018,0.026,0.005,0.031,0.019,0.035,0.006,-0.002,0.04,0.065,0.005,0.023,0.038,-0.012,0.035,0.031,0.019,0.011,0.011,0.023,0.069,0.017,0.006,0.043,0.0,0.019,0.035,0.031,-0.006,0.015,0.035,
0.0,0.0,0.0,0.0,0.0,0.0,0.0,0.0,0.0,0.0,0.0,0.0,0.0,0.0,0.0,0.0,0.0,0.0,0.0,0.0,0.0,0.0,0.0,0.0,0.0,0.0,0.0,0.0,0.0,0.0,0.0,0.0,0.0,0.0,0.0,0.0,0.0,0.0,0.0,0.0,0.0,0.0,0.0,0.0,0.0,0.0,0.0,0.0,0.0,0.0,0.0,0.0,0.0,0.0,0.0,0.0,0.0,0.0,0.0,0.0,0.0,0.0,0.0,0.0,0.0,0.0,0.0,0.0,0.0,0.0,0.0,0.0,0.0,0.0,0.0,0.0,0.0,0.0,0.0,0.0,0.0,0.0,0.0,0.0,0.0,0.0,0.0,0.0,0.0,0.0,0.0,0.0,0.0,0.0,0.0,0.0,0.0,0.0,0.0,0.0,
0.0,0.0,0.0,0.0,-0.035,-0.039,-0.005,-0.035,-0.041,-0.005,-0.035,-0.041,-0.005,-0.035,-0.041,-0.005,-0.035,-0.041,-0.005,-0.035,-0.041,-0.005,-0.035,-0.041,-0.005,-0.035,-0.041,-0.005,-0.035,-0.041,-0.005,-0.035,-0.041,-0.005,-0.035,-0.041,-0.005,-0.035,-0.041,-0.005,-0.035,-0.041,-0.005,-0.035,-0.041,-0.005,-0.035,-0.041,-0.005,-0.035,-0.041,-0.005,-0.035,-0.041,-0.005,-0.035,-0.041,-0.005,-0.035,-0.041,-0.005,-0.035,-0.041,-0.005,-0.035,-0.041,-0.005,-0.035,-0.041,-0.005,-0.035,-0.041,-0.005,-0.035,-0.041,-0.005,-0.035,-0.041,-0.005,-0.035,-0.041,-0.005,-0.035,-0.041,-0.005,-0.035,-0.041,-0.005,-0.035,-0.041,-0.005,-0.035,-0.041,-0.005,-0.035,-0.041,-0.005,-0.035,-0.041,-0.005,
0.0,0.0,-0.102,-0.18,-0.192,-0.082,-0.042,-0.128,-0.142,-0.093,-0.105,-0.099,-0.089,-0.085,-0.064,-0.134,-0.155,-0.083,-0.026,-0.128,-0.132,-0.092,-0.088,-0.126,-0.097,-0.086,-0.064,-0.134,-0.155,-0.083,-0.026,-0.128,-0.132,-0.092,-0.088,-0.126,-0.097,-0.086,-0.064,-0.134,-0.155,-0.083,-0.026,-0.128,-0.132,-0.092,-0.088,-0.126,-0.097,-0.086,-0.064,-0.134,-0.155,-0.083,-0.026,-0.128,-0.132,-0.092,-0.088,-0.126,-0.097,-0.086,-0.064,-0.134,-0.155,-0.083,-0.026,-0.128,-0.132,-0.092,-0.088,-0.126,-0.097,-0.086,-0.064,-0.134,-0.155,-0.083,-0.026,-0.128,-0.132,-0.092,-0.088,-0.126,-0.097,-0.086,-0.064,-0.134,-0.155,-0.083,-0.026,-0.128,-0.132,-0.092,-0.088,-0.126,-0.097,-0.086,-0.064,-0.134,
0.0,0.0,-0.053,-0.146,-0.184,-0.149,-0.149,-0.167,-0.193,-0.148,-0.149,-0.167,-0.193,-0.148,-0.149,-0.167,-0.193,-0.148,-0.149,-0.167,-0.193,-0.148,-0.149,-0.167,-0.193,-0.148,-0.149,-0.167,-0.193,-0.148,-0.149,-0.167,-0.193,-0.148,-0.149,-0.167,-0.193,-0.148,-0.149,-0.167,-0.193,-0.148,-0.149,-0.167,-0.193,-0.148,-0.149,-0.167,-0.193,-0.148,-0.149,-0.167,-0.193,-0.148,-0.149,-0.167,-0.193,-0.148,-0.149,-0.167,-0.193,-0.148,-0.149,-0.167,-0.193,-0.148,-0.149,-0.167,-0.193,-0.148,-0.149,-0.167,-0.193,-0.148,-0.149,-0.167,-0.193,-0.148,-0.149,-0.167,-0.193,-0.148,-0.149,-0.167,-0.193,-0.148,-0.149,-0.167,-0.193,-0.148,-0.149,-0.167,-0.193,-0.148,-0.149,-0.167,-0.193,-0.148,-0.149,-0.167,
0.0,0.0,0.0,0.0,0.0,0.0,0.0,0.0,0.0,0.0,0.0,0.0,0.0,0.0,0.0,0.0,0.0,0.0,0.0,0.0,0.0,0.0,0.0,0.0,0.0,0.0,0.0,0.0,0.0,0.0,0.0,0.0,0.0,0.0,0.0,0.0,0.0,0.0,0.0,0.0,0.0,0.0,0.0,0.0,0.0,0.0,0.0,0.0,0.0,0.0,0.0,0.0,0.0,0.0,0.0,0.0,0.0,0.0,0.0,0.0,0.0,0.0,0.0,0.0,0.0,0.0,0.0,0.0,0.0,0.0,0.0,0.0,0.0,0.0,0.0,0.0,0.0,0.0,0.0,0.0,0.0,0.0,0.0,0.0,0.0,0.0,0.0,0.0,0.0,0.0,0.0,0.0,0.0,0.0,0.0,0.0,0.0,0.0,0.0,0.0,
0.0,0.0,0.0,0.0,0.0,0.0,0.0,-0.042,-0.041,-0.009,0.017,-0.003,0.048,-0.012,-0.018,0.002,-0.016,0.047,0.037,-0.012,-0.023,-0.032,0.035,0.035,0.037,-0.017,-0.056,0.018,0.023,0.035,0.032,-0.05,-0.006,0.006,0.023,0.031,-0.002,0.0,-0.018,0.006,0.018,-0.003,0.048,-0.012,-0.018,0.002,-0.016,0.047,0.037,-0.012,-0.023,-0.032,0.035,0.035,0.037,-0.017,-0.056,0.018,0.023,0.035,0.032,-0.05,-0.006,0.006,0.023,0.031,-0.002,0.0,-0.018,0.006,0.018,-0.003,0.048,-0.012,-0.018,0.002,-0.016,0.047,0.037,-0.012,-0.023,-0.032,0.035,0.035,0.037,-0.017,-0.056,0.018,0.023,0.035,0.032,-0.05,-0.006,0.006,0.023,0.031,-0.002,0.0,-0.018,0.006,
0.0,0.0,-0.165,-0.142,-0.156,-0.156,-0.151,-0.149,-0.148,-0.148,-0.148,-0.148,-0.148,-0.148,-0.148,-0.148,-0.148,-0.148,-0.148,-0.148,-0.148,-0.148,-0.148,-0.148,-0.148,-0.148,-0.148,-0.148,-0.148,-0.148,-0.148,-0.148,-0.148,-0.148,-0.148,-0.148,-0.148,-0.148,-0.148,-0.148,-0.148,-0.148,-0.148,-0.148,-0.148,-0.148,-0.148,-0.148,-0.148,-0.148,-0.148,-0.148,-0.148,-0.148,-0.148,-0.148,-0.148,-0.148,-0.148,-0.148,-0.148,-0.148,-0.148,-0.148,-0.148,-0.148,-0.148,-0.148,-0.148,-0.148,-0.148,-0.148,-0.148,-0.148,-0.148,-0.148,-0.148,-0.148,-0.148,-0.148,-0.148,-0.148,-0.148,-0.148,-0.148,-0.148,-0.148,-0.148,-0.148,-0.148,-0.148,-0.148,-0.148,-0.148,-0.148,-0.148,-0.148,-0.148,-0.148,-0.148,
0.0,0.0,0.0,0.0,0.0,0.0,0.0,0.0,0.0,0.0,0.0,0.0,0.0,0.0,0.0,0.0,0.0,0.0,0.0,0.0,0.0,0.0,0.0,0.0,0.0,0.0,0.0,0.0,0.0,0.0,0.0,0.0,0.0,0.0,0.0,0.0,0.0,0.0,0.0,0.0,0.0,0.0,0.0,0.0,0.0,0.0,0.0,0.0,0.0,0.0,0.0,0.0,0.0,0.0,0.0,0.0,0.0,0.0,0.0,0.0,0.0,0.0,0.0,0.0,0.0,0.0,0.0,0.0,0.0,0.0,0.0,0.0,0.0,0.0,0.0,0.0,0.0,0.0,0.0,0.0,0.0,0.0,0.0,0.0,0.0,0.0,0.0,0.0,0.0,0.0,0.0,0.0,0.0,0.0,0.0,0.0,0.0,0.0,0.0,0.0,
0.0,0.0,0.0,0.0,0.0,0.0,0.0,0.0,0.0,0.0,0.0,0.0,0.0,0.0,0.0,0.0,0.0,0.0,0.0,0.0,0.0,0.0,0.0,0.0,0.0,0.0,0.0,0.0,0.0,0.0,0.0,0.0,0.0,0.0,0.0,0.0,0.0,0.0,0.0,0.0,0.0,0.0,0.0,0.0,0.0,0.0,0.0,0.0,0.0,0.0,0.0,0.0,0.0,0.0,0.0,0.0,0.0,0.0,0.0,0.0,0.0,0.0,0.0,0.0,0.0,0.0,0.0,0.0,0.0,0.0,0.0,0.0,0.0,0.0,0.0,0.0,0.0,0.0,0.0,0.0,0.0,0.0,0.0,0.0,0.0,0.0,0.0,0.0,0.0,0.0,0.0,0.0,0.0,0.0,0.0,0.0,0.0,0.0,0.0,0.0,
0.0,0.0,0.0,0.0,0.0,0.0,0.0,0.0,0.0,0.0,0.0,0.0,0.0,0.0,0.0,0.0,0.0,0.0,0.0,0.0,0.0,0.0,0.0,0.0,0.0,0.0,0.0,0.0,0.0,0.0,0.0,0.0,0.0,0.0,0.0,0.0,0.0,0.0,0.0,0.0,0.0,0.0,0.0,0.0,0.0,0.0,0.0,0.0,0.0,0.0,0.0,0.0,0.0,0.0,0.0,0.0,0.0,0.0,0.0,0.0,0.0,0.0,0.0,0.0,0.0,0.0,0.0,0.0,0.0,0.0,0.0,0.0,0.0,0.0,0.0,0.0,0.0,0.0,0.0,0.0,0.0,0.0,0.0,0.0,0.0,0.0,0.0,0.0,0.0,0.0,0.0,0.0,0.0,0.0,0.0,0.0,0.0,0.0,0.0,0.0,
0.0,0.0,0.0,0.0,-0.093,-0.138,-0.127,-0.069,-0.135,-0.14,-0.128,-0.074,-0.138,-0.161,-0.157,-0.111,-0.168,-0.177,-0.162,-0.113,-0.168,-0.177,-0.162,-0.113,-0.168,-0.177,-0.162,-0.113,-0.168,-0.177,-0.162,-0.113,-0.168,-0.177,-0.162,-0.113,-0.168,-0.177,-0.162,-0.113,-0.168,-0.177,-0.162,-0.113,-0.168,-0.177,-0.162,-0.113,-0.168,-0.177,-0.162,-0.113,-0.168,-0.177,-0.162,-0.113,-0.168,-0.177,-0.162,-0.113,-0.168,-0.177,-0.162,-0.113,-0.168,-0.177,-0.162,-0.113,-0.168,-0.177,-0.162,-0.113,-0.168,-0.177,-0.162,-0.113,-0.168,-0.177,-0.162,-0.113,-0.168,-0.177,-0.162,-0.113,-0.168,-0.177,-0.162,-0.113,-0.168,-0.177,-0.162,-0.113,-0.168,-0.177,-0.162,-0.113,-0.168,-0.177,-0.162,-0.113,
0.0,0.0,0.0,0.0,0.0,0.0,0.0,0.0,0.0,0.0,0.0,0.0,0.0,0.0,0.0,0.0,0.0,0.0,0.0,0.0,0.0,0.0,0.0,0.0,0.0,0.0,0.0,0.0,0.0,0.0,0.0,0.0,0.0,0.0,0.0,0.0,0.0,0.0,0.0,0.0,0.0,0.0,0.0,0.0,0.0,0.0,0.0,0.0,0.0,0.0,0.0,0.0,0.0,0.0,0.0,0.0,0.0,0.0,0.0,0.0,0.0,0.0,0.0,0.0,0.0,0.0,0.0,0.0,0.0,0.0,0.0,0.0,0.0,0.0,0.0,0.0,0.0,0.0,0.0,0.0,0.0,0.0,0.0,0.0,0.0,0.0,0.0,0.0,0.0,0.0,0.0,0.0,0.0,0.0,0.0,0.0,0.0,0.0,0.0,0.0,
0.0,0.0,0.0,0.0,0.0,0.0,0.0,0.0,0.0,0.0,0.0,0.0,0.0,0.0,0.0,0.0,0.0,0.0,0.0,0.0,0.0,0.0,0.0,0.0,0.0,0.0,0.0,0.0,0.0,0.0,0.0,0.0,0.0,0.0,0.0,0.0,0.0,0.0,0.0,0.0,0.0,0.0,0.0,0.0,0.0,0.0,0.0,0.0,0.0,0.0,0.0,0.0,0.0,0.0,0.0,0.0,0.0,0.0,0.0,0.0,0.0,0.0,0.0,0.0,0.0,0.0,0.0,0.0,0.0,0.0,0.0,0.0,0.0,0.0,0.0,0.0,0.0,0.0,0.0,0.0,0.0,0.0,0.0,0.0,0.0,0.0,0.0,0.0,0.0,0.0,0.0,0.0,0.0,0.0,0.0,0.0,0.0,0.0,0.0,0.0,
0.0,0.0,0.0,0.0,0.0,0.0,0.0,0.0,0.0,0.0,0.0,0.0,0.0,0.0,0.0,0.0,0.0,0.0,0.0,0.0,0.0,0.0,0.0,0.0,0.0,0.0,0.0,0.0,0.0,0.0,0.0,0.0,0.0,0.0,0.0,0.0,0.0,0.0,0.0,0.0,0.0,0.0,0.0,0.0,0.0,0.0,0.0,0.0,0.0,0.0,0.0,0.0,0.0,0.0,0.0,0.0,0.0,0.0,0.0,0.0,0.0,0.0,0.0,0.0,0.0,0.0,0.0,0.0,0.0,0.0,0.0,0.0,0.0,0.0,0.0,0.0,0.0,0.0,0.0,0.0,0.0,0.0,0.0,0.0,0.0,0.0,0.0,0.0,0.0,0.0,0.0,0.0,0.0,0.0,0.0,0.0,0.0,0.0,0.0,0.0,
0.0,0.0,0.0,-0.053,-0.051,-0.042,-0.054,-0.064,-0.016,-0.04,-0.022,-0.058,-0.033,-0.052,-0.004,-0.055,-0.015,-0.057,-0.015,-0.04,-0.016,-0.049,-0.031,-0.003,-0.055,-0.015,-0.057,-0.015,-0.04,-0.016,-0.049,-0.031,-0.003,-0.055,-0.015,-0.057,-0.015,-0.04,-0.016,-0.049,-0.031,-0.003,-0.055,-0.015,-0.057,-0.015,-0.04,-0.016,-0.049,-0.031,-0.003,-0.055,-0.015,-0.057,-0.015,-0.04,-0.016,-0.049,-0.031,-0.003,-0.055,-0.015,-0.057,-0.015,-0.04,-0.016,-0.049,-0.031,-0.003,-0.055,-0.015,-0.057,-0.015,-0.04,-0.016,-0.049,-0.031,-0.003,-0.055,-0.015,-0.057,-0.015,-0.04,-0.016,-0.049,-0.031,-0.003,-0.055,-0.015,-0.057,-0.015,-0.04,-0.016,-0.049,-0.031,-0.003,-0.055,-0.015,-0.057,-0.015,
0.0,0.0,-0.122,-0.085,-0.094,-0.07,-0.095,-0.071,-0.097,-0.071,-0.097,-0.071,-0.097,-0.071,-0.097,-0.071,-0.097,-0.071,-0.097,-0.071,-0.097,-0.071,-0.097,-0.071,-0.097,-0.071,-0.097,-0.071,-0.097,-0.071,-0.097,-0.071,-0.097,-0.071,-0.097,-0.071,-0.097,-0.071,-0.097,-0.071,-0.097,-0.071,-0.097,-0.071,-0.097,-0.071,-0.097,-0.071,-0.097,-0.071,-0.097,-0.071,-0.097,-0.071,-0.097,-0.071,-0.097,-0.071,-0.097,-0.071,-0.097,-0.071,-0.097,-0.071,-0.097,-0.071,-0.097,-0.071,-0.097,-0.071,-0.097,-0.071,-0.097,-0.071,-0.097,-0.071,-0.097,-0.071,-0.097,-0.071,-0.097,-0.071,-0.097,-0.071,-0.097,-0.071,-0.097,-0.071,-0.097,-0.071,-0.097,-0.071,-0.097,-0.071,-0.097,-0.071,-0.097,-0.071,-0.097,-0.071,
0.0,0.0,0.0,0.0,0.0,0.0,0.0,0.0,0.0,0.0,0.0,0.0,0.0,0.0,0.0,0.0,0.0,0.0,0.0,0.0,0.0,0.0,0.0,0.0,0.0,0.0,0.0,0.0,0.0,0.0,0.0,0.0,0.0,0.0,0.0,0.0,0.0,0.0,0.0,0.0,0.0,0.0,0.0,0.0,0.0,0.0,0.0,0.0,0.0,0.0,0.0,0.0,0.0,0.0,0.0,0.0,0.0,0.0,0.0,0.0,0.0,0.0,0.0,0.0,0.0,0.0,0.0,0.0,0.0,0.0,0.0,0.0,0.0,0.0,0.0,0.0,0.0,0.0,0.0,0.0,0.0,0.0,0.0,0.0,0.0,0.0,0.0,0.0,0.0,0.0,0.0,0.0,0.0,0.0,0.0,0.0,0.0,0.0,0.0,0.0,
0.0,0.0,-0.103,-0.084,-0.071,-0.125,-0.134,-0.111,-0.056,-0.122,-0.16,-0.155,-0.142,-0.172,-0.136,-0.128,-0.148,-0.142,-0.172,-0.136,-0.128,-0.148,-0.142,-0.172,-0.136,-0.128,-0.148,-0.142,-0.172,-0.136,-0.128,-0.148,-0.142,-0.172,-0.136,-0.128,-0.148,-0.142,-0.172,-0.136,-0.128,-0.148,-0.142,-0.172,-0.136,-0.128,-0.148,-0.142,-0.172,-0.136,-0.128,-0.148,-0.142,-0.172,-0.136,-0.128,-0.148,-0.142,-0.172,-0.136,-0.128,-0.148,-0.142,-0.172,-0.136,-0.128,-0.148,-0.142,-0.172,-0.136,-0.128,-0.148,-0.142,-0.172,-0.136,-0.128,-0.148,-0.142,-0.172,-0.136,-0.128,-0.148,-0.142,-0.172,-0.136,-0.128,-0.148,-0.142,-0.172,-0.136,-0.128,-0.148,-0.142,-0.172,-0.136,-0.128,-0.148,-0.142,-0.172,-0.136,
0.0,0.0,-0.114,-0.143,-0.177,-0.144,-0.168,-0.166,-0.14,-0.157,-0.188,-0.132,-0.153,-0.178,-0.155,-0.145,-0.174,-0.144,-0.168,-0.166,-0.14,-0.157,-0.188,-0.132,-0.153,-0.178,-0.155,-0.145,-0.174,-0.144,-0.168,-0.166,-0.14,-0.157,-0.188,-0.132,-0.153,-0.178,-0.155,-0.145,-0.174,-0.144,-0.168,-0.166,-0.14,-0.157,-0.188,-0.132,-0.153,-0.178,-0.155,-0.145,-0.174,-0.144,-0.168,-0.166,-0.14,-0.157,-0.188,-0.132,-0.153,-0.178,-0.155,-0.145,-0.174,-0.144,-0.168,-0.166,-0.14,-0.157,-0.188,-0.132,-0.153,-0.178,-0.155,-0.145,-0.174,-0.144,-0.168,-0.166,-0.14,-0.157,-0.188,-0.132,-0.153,-0.178,-0.155,-0.145,-0.174,-0.144,-0.168,-0.166,-0.14,-0.157,-0.188,-0.132,-0.153,-0.178,-0.155,-0.145,
0.0,0.0,0.0,-0.044,-0.086,-0.089,-0.103,-0.125,-0.104,-0.088,-0.124,-0.124,-0.134,-0.104,-0.104,-0.125,-0.104,-0.088,-0.124,-0.124,-0.134,-0.104,-0.104,-0.125,-0.104,-0.088,-0.124,-0.124,-0.134,-0.104,-0.104,-0.125,-0.104,-0.088,-0.124,-0.124,-0.134,-0.104,-0.104,-0.125,-0.104,-0.088,-0.124,-0.124,-0.134,-0.104,-0.104,-0.125,-0.104,-0.088,-0.124,-0.124,-0.134,-0.104,-0.104,-0.125,-0.104,-0.088,-0.124,-0.124,-0.134,-0.104,-0.104,-0.125,-0.104,-0.088,-0.124,-0.124,-0.134,-0.104,-0.104,-0.125,-0.104,-0.088,-0.124,-0.124,-0.134,-0.104,-0.104,-0.125,-0.104,-0.088,-0.124,-0.124,-0.134,-0.104,-0.104,-0.125,-0.104,-0.088,-0.124,-0.124,-0.134,-0.104,-0.104,-0.125,-0.104,-0.088,-0.124,-0.124,
0.0,0.0,-0.063,-0.071,-0.118,-0.079,-0.089,-0.083,-0.157,-0.147,-0.133,-0.13,-0.122,-0.094,-0.153,-0.136,-0.168,-0.159,-0.168,-0.157,-0.116,-0.125,-0.184,-0.164,-0.165,-0.137,-0.13,-0.12,-0.128,-0.093,-0.153,-0.136,-0.168,-0.159,-0.168,-0.157,-0.116,-0.125,-0.184,-0.164,-0.165,-0.137,-0.13,-0.12,-0.128,-0.093,-0.153,-0.136,-0.168,-0.159,-0.168,-0.157,-0.116,-0.125,-0.184,-0.164,-0.165,-0.137,-0.13,-0.12,-0.128,-0.093,-0.153,-0.136,-0.168,-0.159,-0.168,-0.157,-0.116,-0.125,-0.184,-0.164,-0.165,-0.137,-0.13,-0.12,-0.128,-0.093,-0.153,-0.136,-0.168,-0.159,-0.168,-0.157,-0.116,-0.125,-0.184,-0.164,-0.165,-0.137,-0.13,-0.12,-0.128,-0.093,-0.153,-0.136,-0.168,-0.159,-0.168,-0.157,
0.0,0.0,0.0,0.0,0.0,0.0,0.0,0.0,0.0,0.0,0.0,0.0,0.0,0.0,0.0,0.0,0.0,0.0,0.0,0.0,0.0,0.0,0.0,0.0,0.0,0.0,0.0,0.0,0.0,0.0,0.0,0.0,0.0,0.0,0.0,0.0,0.0,0.0,0.0,0.0,0.0,0.0,0.0,0.0,0.0,0.0,0.0,0.0,0.0,0.0,0.0,0.0,0.0,0.0,0.0,0.0,0.0,0.0,0.0,0.0,0.0,0.0,0.0,0.0,0.0,0.0,0.0,0.0,0.0,0.0,0.0,0.0,0.0,0.0,0.0,0.0,0.0,0.0,0.0,0.0,0.0,0.0,0.0,0.0,0.0,0.0,0.0,0.0,0.0,0.0,0.0,0.0,0.0,0.0,0.0,0.0,0.0,0.0,0.0,0.0,
0.0,0.0,-0.063,-0.181,-0.138,-0.191,-0.163,-0.184,-0.191,-0.192,-0.192,-0.193,-0.192,-0.193,-0.192,-0.193,-0.192,-0.193,-0.192,-0.193,-0.192,-0.193,-0.192,-0.193,-0.192,-0.193,-0.192,-0.193,-0.192,-0.193,-0.192,-0.193,-0.192,-0.193,-0.192,-0.193,-0.192,-0.193,-0.192,-0.193,-0.192,-0.193,-0.192,-0.193,-0.192,-0.193,-0.192,-0.193,-0.192,-0.193,-0.192,-0.193,-0.192,-0.193,-0.192,-0.193,-0.192,-0.193,-0.192,-0.193,-0.192,-0.193,-0.192,-0.193,-0.192,-0.193,-0.192,-0.193,-0.192,-0.193,-0.192,-0.193,-0.192,-0.193,-0.192,-0.193,-0.192,-0.193,-0.192,-0.193,-0.192,-0.193,-0.192,-0.193,-0.192,-0.193,-0.192,-0.193,-0.192,-0.193,-0.192,-0.193,-0.192,-0.193,-0.192,-0.193,-0.192,-0.193,-0.192,-0.193,
0.0,0.0,0.0,0.0,0.0,0.0,0.0,0.0,0.0,0.0,0.0,0.0,0.0,0.0,0.0,0.0,0.0,0.0,0.0,0.0,0.0,0.0,0.0,0.0,0.0,0.0,0.0,0.0,0.0,0.0,0.0,0.0,0.0,0.0,0.0,0.0,0.0,0.0,0.0,0.0,0.0,0.0,0.0,0.0,0.0,0.0,0.0,0.0,0.0,0.0,0.0,0.0,0.0,0.0,0.0,0.0,0.0,0.0,0.0,0.0,0.0,0.0,0.0,0.0,0.0,0.0,0.0,0.0,0.0,0.0,0.0,0.0,0.0,0.0,0.0,0.0,0.0,0.0,0.0,0.0,0.0,0.0,0.0,0.0,0.0,0.0,0.0,0.0,0.0,0.0,0.0,0.0,0.0,0.0,0.0,0.0,0.0,0.0,0.0,0.0,
0.0,0.0,0.0,0.0,0.0,0.0,0.0,0.0,0.0,0.0,0.0,0.0,0.0,0.0,0.0,0.0,0.0,0.0,0.0,0.0,0.0,0.0,0.0,0.0,0.0,0.0,0.0,0.0,0.0,0.0,0.0,0.0,0.0,0.0,0.0,0.0,0.0,0.0,0.0,0.0,0.0,0.0,0.0,0.0,0.0,0.0,0.0,0.0,0.0,0.0,0.0,0.0,0.0,0.0,0.0,0.0,0.0,0.0,0.0,0.0,0.0,0.0,0.0,0.0,0.0,0.0,0.0,0.0,0.0,0.0,0.0,0.0,0.0,0.0,0.0,0.0,0.0,0.0,0.0,0.0,0.0,0.0,0.0,0.0,0.0,0.0,0.0,0.0,0.0,0.0,0.0,0.0,0.0,0.0,0.0,0.0,0.0,0.0,0.0,0.0,
0.0,0.0,0.005,-0.03,-0.082,-0.185,-0.177,-0.128,-0.074,-0.194,-0.212,-0.24,-0.221,-0.242,-0.221,-0.242,-0.221,-0.242,-0.221,-0.242,-0.221,-0.242,-0.221,-0.242,-0.221,-0.242,-0.221,-0.242,-0.221,-0.242,-0.221,-0.242,-0.221,-0.242,-0.221,-0.242,-0.221,-0.242,-0.221,-0.242,-0.221,-0.242,-0.221,-0.242,-0.221,-0.242,-0.221,-0.242,-0.221,-0.242,-0.221,-0.242,-0.221,-0.242,-0.221,-0.242,-0.221,-0.242,-0.221,-0.242,-0.221,-0.242,-0.221,-0.242,-0.221,-0.242,-0.221,-0.242,-0.221,-0.242,-0.221,-0.242,-0.221,-0.242,-0.221,-0.242,-0.221,-0.242,-0.221,-0.242,-0.221,-0.242,-0.221,-0.242,-0.221,-0.242,-0.221,-0.242,-0.221,-0.242,-0.221,-0.242,-0.221,-0.242,-0.221,-0.242,-0.221,-0.242,-0.221,-0.242,
0.0,0.0,0.0,0.0,0.0,0.0,0.0,0.0,0.0,0.0,0.0,0.0,0.0,0.0,0.0,0.0,0.0,0.0,0.0,0.0,0.0,0.0,0.0,0.0,0.0,0.0,0.0,0.0,0.0,0.0,0.0,0.0,0.0,0.0,0.0,0.0,0.0,0.0,0.0,0.0,0.0,0.0,0.0,0.0,0.0,0.0,0.0,0.0,0.0,0.0,0.0,0.0,0.0,0.0,0.0,0.0,0.0,0.0,0.0,0.0,0.0,0.0,0.0,0.0,0.0,0.0,0.0,0.0,0.0,0.0,0.0,0.0,0.0,0.0,0.0,0.0,0.0,0.0,0.0,0.0,0.0,0.0,0.0,0.0,0.0,0.0,0.0,0.0,0.0,0.0,0.0,0.0,0.0,0.0,0.0,0.0,0.0,0.0,0.0,0.0,
0.0,0.0,-0.02,0.009,0.006,0.002,-0.095,0.0,-0.026,-0.09,-0.088,-0.066,-0.057,-0.004,-0.025,-0.048,-0.082,-0.059,-0.029,0.006,0.013,0.008,-0.059,-0.044,-0.063,-0.069,-0.002,-0.055,-0.086,-0.059,-0.021,0.008,-0.034,-0.004,-0.011,0.009,-0.034,-0.004,-0.011,0.009,-0.034,-0.004,-0.011,0.009,-0.034,-0.004,-0.011,0.009,-0.034,-0.004,-0.011,0.009,-0.034,-0.004,-0.011,0.009,-0.034,-0.004,-0.011,0.009,-0.034,-0.004,-0.011,0.009,-0.034,-0.004,-0.011,0.009,-0.034,-0.004,-0.011,0.009,-0.034,-0.004,-0.011,0.009,-0.034,-0.004,-0.011,0.009,-0.034,-0.004,-0.011,0.009,-0.034,-0.004,-0.011,0.009,-0.034,-0.004,-0.011,0.009,-0.034,-0.004,-0.011,0.009,-0.034,-0.004,-0.011,0.009,
0.0,0.0,-0.086,-0.063,-0.064,-0.128,-0.104,-0.071,-0.128,-0.104,-0.071,-0.128,-0.104,-0.071,-0.128,-0.104,-0.071,-0.128,-0.104,-0.071,-0.128,-0.104,-0.071,-0.128,-0.104,-0.071,-0.128,-0.104,-0.071,-0.128,-0.104,-0.071,-0.128,-0.104,-0.071,-0.128,-0.104,-0.071,-0.128,-0.104,-0.071,-0.128,-0.104,-0.071,-0.128,-0.104,-0.071,-0.128,-0.104,-0.071,-0.128,-0.104,-0.071,-0.128,-0.104,-0.071,-0.128,-0.104,-0.071,-0.128,-0.104,-0.071,-0.128,-0.104,-0.071,-0.128,-0.104,-0.071,-0.128,-0.104,-0.071,-0.128,-0.104,-0.071,-0.128,-0.104,-0.071,-0.128,-0.104,-0.071,-0.128,-0.104,-0.071,-0.128,-0.104,-0.071,-0.128,-0.104,-0.071,-0.128,-0.104,-0.071,-0.128,-0.104,-0.071,-0.128,-0.104,-0.071,-0.128,-0.104,
0.0,0.0,-0.168,-0.171,-0.172,-0.191,-0.17,-0.184,-0.182,-0.179,-0.175,-0.191,-0.17,-0.184,-0.182,-0.179,-0.175,-0.191,-0.17,-0.184,-0.182,-0.179,-0.175,-0.191,-0.17,-0.184,-0.182,-0.179,-0.175,-0.191,-0.17,-0.184,-0.182,-0.179,-0.175,-0.191,-0.17,-0.184,-0.182,-0.179,-0.175,-0.191,-0.17,-0.184,-0.182,-0.179,-0.175,-0.191,-0.17,-0.184,-0.182,-0.179,-0.175,-0.191,-0.17,-0.184,-0.182,-0.179,-0.175,-0.191,-0.17,-0.184,-0.182,-0.179,-0.175,-0.191,-0.17,-0.184,-0.182,-0.179,-0.175,-0.191,-0.17,-0.184,-0.182,-0.179,-0.175,-0.191,-0.17,-0.184,-0.182,-0.179,-0.175,-0.191,-0.17,-0.184,-0.182,-0.179,-0.175,-0.191,-0.17,-0.184,-0.182,-0.179,-0.175,-0.191,-0.17,-0.184,-0.182,-0.179,
0.0,0.0,-0.211,-0.242,-0.126,-0.202,-0.228,-0.076,-0.185,-0.226,-0.076,-0.185,-0.226,-0.076,-0.185,-0.226,-0.076,-0.185,-0.226,-0.076,-0.185,-0.226,-0.076,-0.185,-0.226,-0.076,-0.185,-0.226,-0.076,-0.185,-0.226,-0.076,-0.185,-0.226,-0.076,-0.185,-0.226,-0.076,-0.185,-0.226,-0.076,-0.185,-0.226,-0.076,-0.185,-0.226,-0.076,-0.185,-0.226,-0.076,-0.185,-0.226,-0.076,-0.185,-0.226,-0.076,-0.185,-0.226,-0.076,-0.185,-0.226,-0.076,-0.185,-0.226,-0.076,-0.185,-0.226,-0.076,-0.185,-0.226,-0.076,-0.185,-0.226,-0.076,-0.185,-0.226,-0.076,-0.185,-0.226,-0.076,-0.185,-0.226,-0.076,-0.185,-0.226,-0.076,-0.185,-0.226,-0.076,-0.185,-0.226,-0.076,-0.185,-0.226,-0.076,-0.185,-0.226,-0.076,-0.185,-0.226,
0.0,0.0,-0.092,-0.111,-0.074,0.012,-0.125,-0.072,-0.051,-0.135,-0.147,-0.049,-0.136,-0.075,-0.002,-0.114,-0.128,-0.013,-0.185,-0.127,-0.015,-0.117,-0.083,0.01,-0.167,-0.094,-0.071,-0.166,-0.095,0.007,-0.125,-0.072,-0.051,-0.135,-0.147,-0.049,-0.136,-0.075,-0.002,-0.114,-0.128,-0.013,-0.185,-0.127,-0.015,-0.117,-0.083,0.01,-0.167,-0.094,-0.071,-0.166,-0.095,0.007,-0.125,-0.072,-0.051,-0.135,-0.147,-0.049,-0.136,-0.075,-0.002,-0.114,-0.128,-0.013,-0.185,-0.127,-0.015,-0.117,-0.083,0.01,-0.167,-0.094,-0.071,-0.166,-0.095,0.007,-0.125,-0.072,-0.051,-0.135,-0.147,-0.049,-0.136,-0.075,-0.002,-0.114,-0.128,-0.013,-0.185,-0.127,-0.015,-0.117,-0.083,0.01,-0.167,-0.094,-0.071,-0.166,
0.0,0.0,0.0,0.0,0.0,0.0,0.0,0.0,0.0,0.0,0.0,0.0,0.0,0.0,0.0,0.0,0.0,0.0,0.0,0.0,0.0,0.0,0.0,0.0,0.0,0.0,0.0,0.0,0.0,0.0,0.0,0.0,0.0,0.0,0.0,0.0,0.0,0.0,0.0,0.0,0.0,0.0,0.0,0.0,0.0,0.0,0.0,0.0,0.0,0.0,0.0,0.0,0.0,0.0,0.0,0.0,0.0,0.0,0.0,0.0,0.0,0.0,0.0,0.0,0.0,0.0,0.0,0.0,0.0,0.0,0.0,0.0,0.0,0.0,0.0,0.0,0.0,0.0,0.0,0.0,0.0,0.0,0.0,0.0,0.0,0.0,0.0,0.0,0.0,0.0,0.0,0.0,0.0,0.0,0.0,0.0,0.0,0.0,0.0,0.0,
0.0,0.0,0.0,0.0,0.0,0.0,0.0,0.0,0.0,0.0,0.0,0.0,0.0,0.0,0.0,0.0,0.0,0.0,0.0,0.0,0.0,0.0,0.0,0.0,0.0,0.0,0.0,0.0,0.0,0.0,0.0,0.0,0.0,0.0,0.0,0.0,0.0,0.0,0.0,0.0,0.0,0.0,0.0,0.0,0.0,0.0,0.0,0.0,0.0,0.0,0.0,0.0,0.0,0.0,0.0,0.0,0.0,0.0,0.0,0.0,0.0,0.0,0.0,0.0,0.0,0.0,0.0,0.0,0.0,0.0,0.0,0.0,0.0,0.0,0.0,0.0,0.0,0.0,0.0,0.0,0.0,0.0,0.0,0.0,0.0,0.0,0.0,0.0,0.0,0.0,0.0,0.0,0.0,0.0,0.0,0.0,0.0,0.0,0.0,0.0,
0.0,0.0,-0.182,-0.165,-0.171,-0.177,-0.203,-0.165,-0.172,-0.18,-0.178,-0.162,-0.161,-0.173,-0.202,-0.165,-0.172,-0.18,-0.178,-0.162,-0.161,-0.173,-0.202,-0.165,-0.172,-0.18,-0.178,-0.162,-0.161,-0.173,-0.202,-0.165,-0.172,-0.18,-0.178,-0.162,-0.161,-0.173,-0.202,-0.165,-0.172,-0.18,-0.178,-0.162,-0.161,-0.173,-0.202,-0.165,-0.172,-0.18,-0.178,-0.162,-0.161,-0.173,-0.202,-0.165,-0.172,-0.18,-0.178,-0.162,-0.161,-0.173,-0.202,-0.165,-0.172,-0.18,-0.178,-0.162,-0.161,-0.173,-0.202,-0.165,-0.172,-0.18,-0.178,-0.162,-0.161,-0.173,-0.202,-0.165,-0.172,-0.18,-0.178,-0.162,-0.161,-0.173,-0.202,-0.165,-0.172,-0.18,-0.178,-0.162,-0.161,-0.173,-0.202,-0.165,-0.172,-0.18,-0.178,-0.162,
0.0,0.0,-0.051,-0.023,-0.021,-0.023,-0.051,-0.024,-0.021,-0.023,-0.021,-0.023,-0.021,-0.023,-0.021,-0.023,-0.021,-0.023,-0.021,-0.023,-0.021,-0.023,-0.021,-0.023,-0.021,-0.023,-0.021,-0.023,-0.021,-0.023,-0.021,-0.023,-0.021,-0.023,-0.021,-0.023,-0.021,-0.023,-0.021,-0.023,-0.021,-0.023,-0.021,-0.023,-0.021,-0.023,-0.021,-0.023,-0.021,-0.023,-0.021,-0.023,-0.021,-0.023,-0.021,-0.023,-0.021,-0.023,-0.021,-0.023,-0.021,-0.023,-0.021,-0.023,-0.021,-0.023,-0.021,-0.023,-0.021,-0.023,-0.021,-0.023,-0.021,-0.023,-0.021,-0.023,-0.021,-0.023,-0.021,-0.023,-0.021,-0.023,-0.021,-0.023,-0.021,-0.023,-0.021,-0.023,-0.021,-0.023,-0.021,-0.023,-0.021,-0.023,-0.021,-0.023,-0.021,-0.023,-0.021,-0.023,
0.0,0.0,-0.051,-0.066,-0.11,-0.131,-0.177,-0.091,-0.06,-0.095,-0.094,-0.073,-0.11,-0.131,-0.177,-0.091,-0.06,-0.095,-0.094,-0.073,-0.11,-0.131,-0.177,-0.091,-0.06,-0.095,-0.094,-0.073,-0.11,-0.131,-0.177,-0.091,-0.06,-0.095,-0.094,-0.073,-0.11,-0.131,-0.177,-0.091,-0.06,-0.095,-0.094,-0.073,-0.11,-0.131,-0.177,-0.091,-0.06,-0.095,-0.094,-0.073,-0.11,-0.131,-0.177,-0.091,-0.06,-0.095,-0.094,-0.073,-0.11,-0.131,-0.177,-0.091,-0.06,-0.095,-0.094,-0.073,-0.11,-0.131,-0.177,-0.091,-0.06,-0.095,-0.094,-0.073,-0.11,-0.131,-0.177,-0.091,-0.06,-0.095,-0.094,-0.073,-0.11,-0.131,-0.177,-0.091,-0.06,-0.095,-0.094,-0.073,-0.11,-0.131,-0.177,-0.091,-0.06,-0.095,-0.094,-0.073,
0.0,0.0,0.0,-0.048,-0.039,-0.023,-0.066,-0.074,-0.038,-0.041,-0.02,-0.06,-0.041,-0.023,-0.066,-0.074,-0.038,-0.041,-0.02,-0.06,-0.041,-0.023,-0.066,-0.074,-0.038,-0.041,-0.02,-0.06,-0.041,-0.023,-0.066,-0.074,-0.038,-0.041,-0.02,-0.06,-0.041,-0.023,-0.066,-0.074,-0.038,-0.041,-0.02,-0.06,-0.041,-0.023,-0.066,-0.074,-0.038,-0.041,-0.02,-0.06,-0.041,-0.023,-0.066,-0.074,-0.038,-0.041,-0.02,-0.06,-0.041,-0.023,-0.066,-0.074,-0.038,-0.041,-0.02,-0.06,-0.041,-0.023,-0.066,-0.074,-0.038,-0.041,-0.02,-0.06,-0.041,-0.023,-0.066,-0.074,-0.038,-0.041,-0.02,-0.06,-0.041,-0.023,-0.066,-0.074,-0.038,-0.041,-0.02,-0.06,-0.041,-0.023,-0.066,-0.074,-0.038,-0.041,-0.02,-0.06,
0.0,0.0,-0.067,-0.075,-0.165,-0.155,-0.143,-0.163,-0.182,-0.154,-0.197,-0.185,-0.163,-0.174,-0.185,-0.154,-0.182,-0.177,-0.161,-0.174,-0.185,-0.154,-0.182,-0.177,-0.161,-0.174,-0.185,-0.154,-0.182,-0.177,-0.161,-0.174,-0.185,-0.154,-0.182,-0.177,-0.161,-0.174,-0.185,-0.154,-0.182,-0.177,-0.161,-0.174,-0.185,-0.154,-0.182,-0.177,-0.161,-0.174,-0.185,-0.154,-0.182,-0.177,-0.161,-0.174,-0.185,-0.154,-0.182,-0.177,-0.161,-0.174,-0.185,-0.154,-0.182,-0.177,-0.161,-0.174,-0.185,-0.154,-0.182,-0.177,-0.161,-0.174,-0.185,-0.154,-0.182,-0.177,-0.161,-0.174,-0.185,-0.154,-0.182,-0.177,-0.161,-0.174,-0.185,-0.154,-0.182,-0.177,-0.161,-0.174,-0.185,-0.154,-0.182,-0.177,-0.161,-0.174,-0.185,-0.154,
0.0,0.0,0.0,0.0,0.0,0.0,0.0,0.0,0.0,0.0,0.0,0.0,-0.058,-0.05,-0.027,-0.025,-0.036,0.03,-0.058,0.063,0.036,-0.045,-0.086,-0.015,0.062,-0.073,-0.112,0.018,0.126,-0.037,-0.136,-0.012,0.092,-0.067,-0.112,0.018,0.126,-0.037,-0.136,-0.012,0.092,-0.067,-0.112,0.018,0.126,-0.037,-0.136,-0.012,0.092,-0.067,-0.112,0.018,0.126,-0.037,-0.136,-0.012,0.092,-0.067,-0.112,0.018,0.126,-0.037,-0.136,-0.012,0.092,-0.067,-0.112,0.018,0.126,-0.037,-0.136,-0.012,0.092,-0.067,-0.112,0.018,0.126,-0.037,-0.136,-0.012,0.092,-0.067,-0.112,0.018,0.126,-0.037,-0.136,-0.012,0.092,-0.067,-0.112,0.018,0.126,-0.037,-0.136,-0.012,0.092,-0.067,-0.112,0.018,
0.0,0.0,-0.038,-0.077,-0.062,-0.08,-0.064,-0.08,-0.064,-0.08,-0.064,-0.08,-0.064,-0.08,-0.064,-0.08,-0.064,-0.08,-0.064,-0.08,-0.064,-0.08,-0.064,-0.08,-0.064,-0.08,-0.064,-0.08,-0.064,-0.08,-0.064,-0.08,-0.064,-0.08,-0.064,-0.08,-0.064,-0.08,-0.064,-0.08,-0.064,-0.08,-0.064,-0.08,-0.064,-0.08,-0.064,-0.08,-0.064,-0.08,-0.064,-0.08,-0.064,-0.08,-0.064,-0.08,-0.064,-0.08,-0.064,-0.08,-0.064,-0.08,-0.064,-0.08,-0.064,-0.08,-0.064,-0.08,-0.064,-0.08,-0.064,-0.08,-0.064,-0.08,-0.064,-0.08,-0.064,-0.08,-0.064,-0.08,-0.064,-0.08,-0.064,-0.08,-0.064,-0.08,-0.064,-0.08,-0.064,-0.08,-0.064,-0.08,-0.064,-0.08,-0.064,-0.08,-0.064,-0.08,-0.064,-0.08,
0.0,0.0,-0.116,-0.22,-0.195,-0.187,-0.179,-0.185,-0.179,-0.185,-0.179,-0.185,-0.179,-0.185,-0.179,-0.185,-0.179,-0.185,-0.179,-0.185,-0.179,-0.185,-0.179,-0.185,-0.179,-0.185,-0.179,-0.185,-0.179,-0.185,-0.179,-0.185,-0.179,-0.185,-0.179,-0.185,-0.179,-0.185,-0.179,-0.185,-0.179,-0.185,-0.179,-0.185,-0.179,-0.185,-0.179,-0.185,-0.179,-0.185,-0.179,-0.185,-0.179,-0.185,-0.179,-0.185,-0.179,-0.185,-0.179,-0.185,-0.179,-0.185,-0.179,-0.185,-0.179,-0.185,-0.179,-0.185,-0.179,-0.185,-0.179,-0.185,-0.179,-0.185,-0.179,-0.185,-0.179,-0.185,-0.179,-0.185,-0.179,-0.185,-0.179,-0.185,-0.179,-0.185,-0.179,-0.185,-0.179,-0.185,-0.179,-0.185,-0.179,-0.185,-0.179,-0.185,-0.179,-0.185,-0.179,-0.185,
0.0,0.0,0.0,0.0,0.0,0.0,0.0,0.0,0.0,0.0,0.0,0.0,0.0,0.0,0.0,0.0,0.0,0.0,0.0,0.0,0.0,0.0,0.0,0.0,0.0,0.0,0.0,0.0,0.0,0.0,0.0,0.0,0.0,0.0,0.0,0.0,0.0,0.0,0.0,0.0,0.0,0.0,0.0,0.0,0.0,0.0,0.0,0.0,0.0,0.0,0.0,0.0,0.0,0.0,0.0,0.0,0.0,0.0,0.0,0.0,0.0,0.0,0.0,0.0,0.0,0.0,0.0,0.0,0.0,0.0,0.0,0.0,0.0,0.0,0.0,0.0,0.0,0.0,0.0,0.0,0.0,0.0,0.0,0.0,0.0,0.0,0.0,0.0,0.0,0.0,0.0,0.0,0.0,0.0,0.0,0.0,0.0,0.0,0.0,0.0,
0.0,0.0,0.0,0.0,0.0,0.0,0.0,0.0,0.0,0.0,0.0,0.0,0.0,0.0,0.0,0.0,0.0,0.0,0.0,0.0,0.0,0.0,0.0,0.0,0.0,0.0,0.0,0.0,0.0,0.0,0.0,0.0,0.0,0.0,0.0,0.0,0.0,0.0,0.0,0.0,0.0,0.0,0.0,0.0,0.0,0.0,0.0,0.0,0.0,0.0,0.0,0.0,0.0,0.0,0.0,0.0,0.0,0.0,0.0,0.0,0.0,0.0,0.0,0.0,0.0,0.0,0.0,0.0,0.0,0.0,0.0,0.0,0.0,0.0,0.0,0.0,0.0,0.0,0.0,0.0,0.0,0.0,0.0,0.0,0.0,0.0,0.0,0.0,0.0,0.0,0.0,0.0,0.0,0.0,0.0,0.0,0.0,0.0,0.0,0.0,
0.0,0.0,-0.04,-0.039,-0.057,-0.039,-0.057,-0.039,-0.057,-0.039,-0.057,-0.039,-0.057,-0.039,-0.057,-0.039,-0.057,-0.039,-0.057,-0.039,-0.057,-0.039,-0.057,-0.039,-0.057,-0.039,-0.057,-0.039,-0.057,-0.039,-0.057,-0.039,-0.057,-0.039,-0.057,-0.039,-0.057,-0.039,-0.057,-0.039,-0.057,-0.039,-0.057,-0.039,-0.057,-0.039,-0.057,-0.039,-0.057,-0.039,-0.057,-0.039,-0.057,-0.039,-0.057,-0.039,-0.057,-0.039,-0.057,-0.039,-0.057,-0.039,-0.057,-0.039,-0.057,-0.039,-0.057,-0.039,-0.057,-0.039,-0.057,-0.039,-0.057,-0.039,-0.057,-0.039,-0.057,-0.039,-0.057,-0.039,-0.057,-0.039,-0.057,-0.039,-0.057,-0.039,-0.057,-0.039,-0.057,-0.039,-0.057,-0.039,-0.057,-0.039,-0.057,-0.039,-0.057,-0.039,-0.057,-0.039,
0.0,0.0,-0.147,-0.115,-0.135,-0.11,-0.107,-0.1,-0.103,-0.086,-0.093,-0.115,-0.1,-0.075,-0.107,-0.111,-0.088,-0.09,-0.104,-0.1,-0.103,-0.086,-0.093,-0.115,-0.1,-0.075,-0.107,-0.111,-0.088,-0.09,-0.104,-0.1,-0.103,-0.086,-0.093,-0.115,-0.1,-0.075,-0.107,-0.111,-0.088,-0.09,-0.104,-0.1,-0.103,-0.086,-0.093,-0.115,-0.1,-0.075,-0.107,-0.111,-0.088,-0.09,-0.104,-0.1,-0.103,-0.086,-0.093,-0.115,-0.1,-0.075,-0.107,-0.111,-0.088,-0.09,-0.104,-0.1,-0.103,-0.086,-0.093,-0.115,-0.1,-0.075,-0.107,-0.111,-0.088,-0.09,-0.104,-0.1,-0.103,-0.086,-0.093,-0.115,-0.1,-0.075,-0.107,-0.111,-0.088,-0.09,-0.104,-0.1,-0.103,-0.086,-0.093,-0.115,-0.1,-0.075,-0.107,-0.111,
0.0,0.0,0.0,0.0,0.0,0.0,0.0,0.0,0.0,0.0,0.0,0.0,0.0,0.0,0.0,0.0,0.0,0.0,0.0,0.0,0.0,0.0,0.0,0.0,0.0,0.0,0.0,0.0,0.0,0.0,0.0,0.0,0.0,0.0,0.0,0.0,0.0,0.0,0.0,0.0,0.0,0.0,0.0,0.0,0.0,0.0,0.0,0.0,0.0,0.0,0.0,0.0,0.0,0.0,0.0,0.0,0.0,0.0,0.0,0.0,0.0,0.0,0.0,0.0,0.0,0.0,0.0,0.0,0.0,0.0,0.0,0.0,0.0,0.0,0.0,0.0,0.0,0.0,0.0,0.0,0.0,0.0,0.0,0.0,0.0,0.0,0.0,0.0,0.0,0.0,0.0,0.0,0.0,0.0,0.0,0.0,0.0,0.0,0.0,0.0,
0.0,0.0,0.0,-0.03,-0.001,-0.028,-0.001,-0.028,-0.001,-0.028,-0.001,-0.028,-0.001,-0.028,-0.001,-0.028,-0.001,-0.028,-0.001,-0.028,-0.001,-0.028,-0.001,-0.028,-0.001,-0.028,-0.001,-0.028,-0.001,-0.028,-0.001,-0.028,-0.001,-0.028,-0.001,-0.028,-0.001,-0.028,-0.001,-0.028,-0.001,-0.028,-0.001,-0.028,-0.001,-0.028,-0.001,-0.028,-0.001,-0.028,-0.001,-0.028,-0.001,-0.028,-0.001,-0.028,-0.001,-0.028,-0.001,-0.028,-0.001,-0.028,-0.001,-0.028,-0.001,-0.028,-0.001,-0.028,-0.001,-0.028,-0.001,-0.028,-0.001,-0.028,-0.001,-0.028,-0.001,-0.028,-0.001,-0.028,-0.001,-0.028,-0.001,-0.028,-0.001,-0.028,-0.001,-0.028,-0.001,-0.028,-0.001,-0.028,-0.001,-0.028,-0.001,-0.028,-0.001,-0.028,-0.001,-0.028,
0.0,0.0,-0.047,-0.047,-0.1,-0.115,-0.116,-0.117,-0.116,-0.117,-0.116,-0.117,-0.116,-0.117,-0.116,-0.117,-0.116,-0.117,-0.116,-0.117,-0.116,-0.117,-0.116,-0.117,-0.116,-0.117,-0.116,-0.117,-0.116,-0.117,-0.116,-0.117,-0.116,-0.117,-0.116,-0.117,-0.116,-0.117,-0.116,-0.117,-0.116,-0.117,-0.116,-0.117,-0.116,-0.117,-0.116,-0.117,-0.116,-0.117,-0.116,-0.117,-0.116,-0.117,-0.116,-0.117,-0.116,-0.117,-0.116,-0.117,-0.116,-0.117,-0.116,-0.117,-0.116,-0.117,-0.116,-0.117,-0.116,-0.117,-0.116,-0.117,-0.116,-0.117,-0.116,-0.117,-0.116,-0.117,-0.116,-0.117,-0.116,-0.117,-0.116,-0.117,-0.116,-0.117,-0.116,-0.117,-0.116,-0.117,-0.116,-0.117,-0.116,-0.117,-0.116,-0.117,-0.116,-0.117,-0.116,-0.117,
0.0,0.0,-0.042,-0.09,-0.135,-0.147,-0.176,-0.162,-0.123,-0.096,-0.14,-0.155,-0.161,-0.177,-0.152,-0.137,-0.153,-0.144,-0.123,-0.168,-0.156,-0.114,-0.107,-0.122,-0.14,-0.12,-0.108,-0.063,-0.071,-0.047,-0.054,-0.146,-0.123,-0.108,-0.063,-0.071,-0.047,-0.054,-0.146,-0.123,-0.108,-0.063,-0.071,-0.047,-0.054,-0.146,-0.123,-0.108,-0.063,-0.071,-0.047,-0.054,-0.146,-0.123,-0.108,-0.063,-0.071,-0.047,-0.054,-0.146,-0.123,-0.108,-0.063,-0.071,-0.047,-0.054,-0.146,-0.123,-0.108,-0.063,-0.071,-0.047,-0.054,-0.146,-0.123,-0.108,-0.063,-0.071,-0.047,-0.054,-0.146,-0.123,-0.108,-0.063,-0.071,-0.047,-0.054,-0.146,-0.123,-0.108,-0.063,-0.071,-0.047,-0.054,-0.146,-0.123,-0.108,-0.063,-0.071,-0.047,
0.0,0.0,-0.01,-0.053,0.0,-0.048,-0.053,-0.098,-0.108,-0.049,0.023,-0.04,-0.097,-0.126,-0.048,0.005,0.013,-0.09,-0.174,-0.052,-0.016,0.059,-0.082,-0.172,-0.072,-0.015,0.042,-0.031,-0.166,-0.122,-0.02,0.021,0.017,-0.158,-0.121,-0.04,0.022,-0.002,-0.112,-0.114,-0.092,0.018,-0.023,-0.068,-0.106,-0.091,-0.003,-0.021,-0.085,-0.057,-0.084,-0.057,-0.026,-0.105,-0.01,-0.075,-0.056,-0.046,-0.103,-0.028,-0.024,-0.049,-0.098,-0.108,-0.049,0.023,-0.04,-0.097,-0.126,-0.048,0.005,0.013,-0.09,-0.174,-0.052,-0.016,0.059,-0.082,-0.172,-0.072,-0.015,0.042,-0.031,-0.166,-0.122,-0.02,0.021,0.017,-0.158,-0.121,-0.04,0.022,-0.002,-0.112,-0.114,-0.092,0.018,-0.023,-0.068,-0.106,
0.0,0.0,-0.172,-0.202,-0.193,-0.189,-0.189,-0.189,-0.189,-0.189,-0.189,-0.189,-0.189,-0.189,-0.189,-0.189,-0.189,-0.189,-0.189,-0.189,-0.189,-0.189,-0.189,-0.189,-0.189,-0.189,-0.189,-0.189,-0.189,-0.189,-0.189,-0.189,-0.189,-0.189,-0.189,-0.189,-0.189,-0.189,-0.189,-0.189,-0.189,-0.189,-0.189,-0.189,-0.189,-0.189,-0.189,-0.189,-0.189,-0.189,-0.189,-0.189,-0.189,-0.189,-0.189,-0.189,-0.189,-0.189,-0.189,-0.189,-0.189,-0.189,-0.189,-0.189,-0.189,-0.189,-0.189,-0.189,-0.189,-0.189,-0.189,-0.189,-0.189,-0.189,-0.189,-0.189,-0.189,-0.189,-0.189,-0.189,-0.189,-0.189,-0.189,-0.189,-0.189,-0.189,-0.189,-0.189,-0.189,-0.189,-0.189,-0.189,-0.189,-0.189,-0.189,-0.189,-0.189,-0.189,-0.189,-0.189,
0.0,0.0,0.0,0.0,0.0,0.0,0.0,0.0,0.0,0.0,0.0,0.0,0.0,0.0,0.0,0.0,0.0,0.0,0.0,0.0,0.0,0.0,0.0,0.0,0.0,0.0,0.0,0.0,0.0,0.0,0.0,0.0,0.0,0.0,0.0,0.0,0.0,0.0,0.0,0.0,0.0,0.0,0.0,0.0,0.0,0.0,0.0,0.0,0.0,0.0,0.0,0.0,0.0,0.0,0.0,0.0,0.0,0.0,0.0,0.0,0.0,0.0,0.0,0.0,0.0,0.0,0.0,0.0,0.0,0.0,0.0,0.0,0.0,0.0,0.0,0.0,0.0,0.0,0.0,0.0,0.0,0.0,0.0,0.0,0.0,0.0,0.0,0.0,0.0,0.0,0.0,0.0,0.0,0.0,0.0,0.0,0.0,0.0,0.0,0.0,
0.0,0.0,-0.127,-0.102,-0.171,-0.26,-0.213,-0.199,-0.277,-0.288,-0.27,-0.281,-0.217,-0.201,-0.278,-0.288,-0.27,-0.281,-0.217,-0.201,-0.278,-0.288,-0.27,-0.281,-0.217,-0.201,-0.278,-0.288,-0.27,-0.281,-0.217,-0.201,-0.278,-0.288,-0.27,-0.281,-0.217,-0.201,-0.278,-0.288,-0.27,-0.281,-0.217,-0.201,-0.278,-0.288,-0.27,-0.281,-0.217,-0.201,-0.278,-0.288,-0.27,-0.281,-0.217,-0.201,-0.278,-0.288,-0.27,-0.281,-0.217,-0.201,-0.278,-0.288,-0.27,-0.281,-0.217,-0.201,-0.278,-0.288,-0.27,-0.281,-0.217,-0.201,-0.278,-0.288,-0.27,-0.281,-0.217,-0.201,-0.278,-0.288,-0.27,-0.281,-0.217,-0.201,-0.278,-0.288,-0.27,-0.281,-0.217,-0.201,-0.278,-0.288,-0.27,-0.281,-0.217,-0.201,-0.278,-0.288,
0.0,0.0,0.0,0.0,0.0,0.0,0.0,0.0,0.0,0.0,0.0,0.0,0.0,0.0,0.0,0.0,0.0,0.0,0.0,0.0,0.0,0.0,0.0,0.0,0.0,0.0,0.0,0.0,0.0,0.0,0.0,0.0,0.0,0.0,0.0,0.0,0.0,0.0,0.0,0.0,0.0,0.0,0.0,0.0,0.0,0.0,0.0,0.0,0.0,0.0,0.0,0.0,0.0,0.0,0.0,0.0,0.0,0.0,0.0,0.0,0.0,0.0,0.0,0.0,0.0,0.0,0.0,0.0,0.0,0.0,0.0,0.0,0.0,0.0,0.0,0.0,0.0,0.0,0.0,0.0,0.0,0.0,0.0,0.0,0.0,0.0,0.0,0.0,0.0,0.0,0.0,0.0,0.0,0.0,0.0,0.0,0.0,0.0,0.0,0.0,
0.0,0.0,-0.097,-0.038,-0.014,0.005,-0.017,0.046,-0.022,0.012,0.018,0.007,-0.017,0.046,-0.022,0.012,0.018,0.007,-0.017,0.046,-0.022,0.012,0.018,0.007,-0.017,0.046,-0.022,0.012,0.018,0.007,-0.017,0.046,-0.022,0.012,0.018,0.007,-0.017,0.046,-0.022,0.012,0.018,0.007,-0.017,0.046,-0.022,0.012,0.018,0.007,-0.017,0.046,-0.022,0.012,0.018,0.007,-0.017,0.046,-0.022,0.012,0.018,0.007,-0.017,0.046,-0.022,0.012,0.018,0.007,-0.017,0.046,-0.022,0.012,0.018,0.007,-0.017,0.046,-0.022,0.012,0.018,0.007,-0.017,0.046,-0.022,0.012,0.018,0.007,-0.017,0.046,-0.022,0.012,0.018,0.007,-0.017,0.046,-0.022,0.012,0.018,0.007,-0.017,0.046,-0.022,0.012,
0.0,0.0,-0.055,-0.07,-0.046,0.027,-0.019,-0.066,-0.069,-0.072,-0.069,-0.072,-0.069,-0.072,-0.069,-0.072,-0.069,-0.072,-0.069,-0.072,-0.069,-0.072,-0.069,-0.072,-0.069,-0.072,-0.069,-0.072,-0.069,-0.072,-0.069,-0.072,-0.069,-0.072,-0.069,-0.072,-0.069,-0.072,-0.069,-0.072,-0.069,-0.072,-0.069,-0.072,-0.069,-0.072,-0.069,-0.072,-0.069,-0.072,-0.069,-0.072,-0.069,-0.072,-0.069,-0.072,-0.069,-0.072,-0.069,-0.072,-0.069,-0.072,-0.069,-0.072,-0.069,-0.072,-0.069,-0.072,-0.069,-0.072,-0.069,-0.072,-0.069,-0.072,-0.069,-0.072,-0.069,-0.072,-0.069,-0.072,-0.069,-0.072,-0.069,-0.072,-0.069,-0.072,-0.069,-0.072,-0.069,-0.072,-0.069,-0.072,-0.069,-0.072,-0.069,-0.072,-0.069,-0.072,-0.069,-0.072,
0.0,0.0,-0.124,-0.082,-0.193,-0.186,-0.208,-0.182,-0.276,-0.216,-0.234,-0.204,-0.211,-0.181,-0.275,-0.216,-0.234,-0.204,-0.211,-0.181,-0.275,-0.216,-0.234,-0.204,-0.211,-0.181,-0.275,-0.216,-0.234,-0.204,-0.211,-0.181,-0.275,-0.216,-0.234,-0.204,-0.211,-0.181,-0.275,-0.216,-0.234,-0.204,-0.211,-0.181,-0.275,-0.216,-0.234,-0.204,-0.211,-0.181,-0.275,-0.216,-0.234,-0.204,-0.211,-0.181,-0.275,-0.216,-0.234,-0.204,-0.211,-0.181,-0.275,-0.216,-0.234,-0.204,-0.211,-0.181,-0.275,-0.216,-0.234,-0.204,-0.211,-0.181,-0.275,-0.216,-0.234,-0.204,-0.211,-0.181,-0.275,-0.216,-0.234,-0.204,-0.211,-0.181,-0.275,-0.216,-0.234,-0.204,-0.211,-0.181,-0.275,-0.216,-0.234,-0.204,-0.211,-0.181,-0.275,-0.216,
0.0,0.0,0.0,0.0,0.0,0.0,0.0,0.0,0.0,0.0,0.0,0.0,0.0,0.0,0.0,0.0,0.0,0.0,0.0,0.0,0.0,0.0,0.0,0.0,0.0,0.0,0.0,0.0,0.0,0.0,0.0,0.0,0.0,0.0,0.0,0.0,0.0,0.0,0.0,0.0,0.0,0.0,0.0,0.0,0.0,0.0,0.0,0.0,0.0,0.0,0.0,0.0,0.0,0.0,0.0,0.0,0.0,0.0,0.0,0.0,0.0,0.0,0.0,0.0,0.0,0.0,0.0,0.0,0.0,0.0,0.0,0.0,0.0,0.0,0.0,0.0,0.0,0.0,0.0,0.0,0.0,0.0,0.0,0.0,0.0,0.0,0.0,0.0,0.0,0.0,0.0,0.0,0.0,0.0,0.0,0.0,0.0,0.0,0.0,0.0,
0.0,0.0,-0.055,-0.188,-0.211,-0.18,-0.194,-0.212,-0.108,-0.08,-0.136,-0.122,-0.134,-0.16,-0.202,-0.196,-0.166,-0.113,-0.123,-0.125,-0.164,-0.172,-0.201,-0.169,-0.124,-0.123,-0.139,-0.118,-0.175,-0.188,-0.21,-0.151,-0.129,-0.107,-0.14,-0.149,-0.186,-0.186,-0.183,-0.109,-0.139,-0.123,-0.134,-0.16,-0.202,-0.196,-0.166,-0.113,-0.123,-0.125,-0.164,-0.172,-0.201,-0.169,-0.124,-0.123,-0.139,-0.118,-0.175,-0.188,-0.21,-0.151,-0.129,-0.107,-0.14,-0.149,-0.186,-0.186,-0.183,-0.109,-0.139,-0.123,-0.134,-0.16,-0.202,-0.196,-0.166,-0.113,-0.123,-0.125,-0.164,-0.172,-0.201,-0.169,-0.124,-0.123,-0.139,-0.118,-0.175,-0.188,-0.21,-0.151,-0.129,-0.107,-0.14,-0.149,-0.186,-0.186,-0.183,-0.109,
0.0,0.0,0.0,-0.037,-0.056,-0.081,-0.039,-0.056,-0.045,-0.077,-0.009,-0.053,-0.034,-0.077,-0.04,-0.054,-0.058,-0.081,-0.04,-0.056,-0.045,-0.077,-0.009,-0.053,-0.034,-0.077,-0.04,-0.054,-0.058,-0.081,-0.04,-0.056,-0.045,-0.077,-0.009,-0.053,-0.034,-0.077,-0.04,-0.054,-0.058,-0.081,-0.04,-0.056,-0.045,-0.077,-0.009,-0.053,-0.034,-0.077,-0.04,-0.054,-0.058,-0.081,-0.04,-0.056,-0.045,-0.077,-0.009,-0.053,-0.034,-0.077,-0.04,-0.054,-0.058,-0.081,-0.04,-0.056,-0.045,-0.077,-0.009,-0.053,-0.034,-0.077,-0.04,-0.054,-0.058,-0.081,-0.04,-0.056,-0.045,-0.077,-0.009,-0.053,-0.034,-0.077,-0.04,-0.054,-0.058,-0.081,-0.04,-0.056,-0.045,-0.077,-0.009,-0.053,-0.034,-0.077,-0.04,-0.054,
0.0,0.0,0.0,-0.03,-0.021,-0.005,0.002,-0.02,-0.018,-0.002,-0.02,-0.002,-0.018,0.017,-0.033,-0.005,-0.015,-0.006,-0.015,-0.005,0.003,-0.02,-0.018,-0.002,-0.02,-0.002,-0.018,0.017,-0.033,-0.005,-0.015,-0.006,-0.015,-0.005,0.003,-0.02,-0.018,-0.002,-0.02,-0.002,-0.018,0.017,-0.033,-0.005,-0.015,-0.006,-0.015,-0.005,0.003,-0.02,-0.018,-0.002,-0.02,-0.002,-0.018,0.017,-0.033,-0.005,-0.015,-0.006,-0.015,-0.005,0.003,-0.02,-0.018,-0.002,-0.02,-0.002,-0.018,0.017,-0.033,-0.005,-0.015,-0.006,-0.015,-0.005,0.003,-0.02,-0.018,-0.002,-0.02,-0.002,-0.018,0.017,-0.033,-0.005,-0.015,-0.006,-0.015,-0.005,0.003,-0.02,-0.018,-0.002,-0.02,-0.002,-0.018,0.017,-0.033,-0.005,
0.0,0.0,-0.036,-0.009,-0.064,-0.086,-0.056,-0.019,-0.027,-0.053,-0.042,-0.052,-0.022,-0.043,-0.034,-0.042,-0.055,-0.038,-0.024,-0.034,-0.045,-0.07,-0.019,-0.024,-0.037,-0.06,-0.052,-0.019,-0.027,-0.053,-0.042,-0.052,-0.022,-0.043,-0.034,-0.042,-0.055,-0.038,-0.024,-0.034,-0.045,-0.07,-0.019,-0.024,-0.037,-0.06,-0.052,-0.019,-0.027,-0.053,-0.042,-0.052,-0.022,-0.043,-0.034,-0.042,-0.055,-0.038,-0.024,-0.034,-0.045,-0.07,-0.019,-0.024,-0.037,-0.06,-0.052,-0.019,-0.027,-0.053,-0.042,-0.052,-0.022,-0.043,-0.034,-0.042,-0.055,-0.038,-0.024,-0.034,-0.045,-0.07,-0.019,-0.024,-0.037,-0.06,-0.052,-0.019,-0.027,-0.053,-0.042,-0.052,-0.022,-0.043,-0.034,-0.042,-0.055,-0.038,-0.024,-0.034,
0.0,0.0,-0.12,-0.197,-0.191,-0.186,-0.189,-0.185,-0.19,-0.188,-0.186,-0.187,-0.186,-0.188,-0.19,-0.185,-0.188,-0.185,-0.19,-0.188,-0.186,-0.187,-0.186,-0.188,-0.19,-0.185,-0.188,-0.185,-0.19,-0.188,-0.186,-0.187,-0.186,-0.188,-0.19,-0.185,-0.188,-0.185,-0.19,-0.188,-0.186,-0.187,-0.186,-0.188,-0.19,-0.185,-0.188,-0.185,-0.19,-0.188,-0.186,-0.187,-0.186,-0.188,-0.19,-0.185,-0.188,-0.185,-0.19,-0.188,-0.186,-0.187,-0.186,-0.188,-0.19,-0.185,-0.188,-0.185,-0.19,-0.188,-0.186,-0.187,-0.186,-0.188,-0.19,-0.185,-0.188,-0.185,-0.19,-0.188,-0.186,-0.187,-0.186,-0.188,-0.19,-0.185,-0.188,-0.185,-0.19,-0.188,-0.186,-0.187,-0.186,-0.188,-0.19,-0.185,-0.188,-0.185,-0.19,-0.188,
0.0,0.0,-0.114,-0.141,-0.096,-0.042,-0.075,-0.117,-0.118,-0.135,-0.125,-0.117,-0.119,-0.098,-0.09,-0.153,-0.118,-0.09,-0.077,-0.134,-0.158,-0.088,-0.069,-0.122,-0.14,-0.13,-0.067,-0.114,-0.127,-0.111,-0.11,-0.112,-0.119,-0.098,-0.09,-0.153,-0.118,-0.09,-0.077,-0.134,-0.158,-0.088,-0.069,-0.122,-0.14,-0.13,-0.067,-0.114,-0.127,-0.111,-0.11,-0.112,-0.119,-0.098,-0.09,-0.153,-0.118,-0.09,-0.077,-0.134,-0.158,-0.088,-0.069,-0.122,-0.14,-0.13,-0.067,-0.114,-0.127,-0.111,-0.11,-0.112,-0.119,-0.098,-0.09,-0.153,-0.118,-0.09,-0.077,-0.134,-0.158,-0.088,-0.069,-0.122,-0.14,-0.13,-0.067,-0.114,-0.127,-0.111,-0.11,-0.112,-0.119,-0.098,-0.09,-0.153,-0.118,-0.09,-0.077,-0.134,
0.0,0.0,-0.058,-0.048,-0.057,-0.054,-0.048,-0.069,-0.054,-0.069,-0.054,-0.069,-0.054,-0.069,-0.054,-0.069,-0.054,-0.069,-0.054,-0.069,-0.054,-0.069,-0.054,-0.069,-0.054,-0.069,-0.054,-0.069,-0.054,-0.069,-0.054,-0.069,-0.054,-0.069,-0.054,-0.069,-0.054,-0.069,-0.054,-0.069,-0.054,-0.069,-0.054,-0.069,-0.054,-0.069,-0.054,-0.069,-0.054,-0.069,-0.054,-0.069,-0.054,-0.069,-0.054,-0.069,-0.054,-0.069,-0.054,-0.069,-0.054,-0.069,-0.054,-0.069,-0.054,-0.069,-0.054,-0.069,-0.054,-0.069,-0.054,-0.069,-0.054,-0.069,-0.054,-0.069,-0.054,-0.069,-0.054,-0.069,-0.054,-0.069,-0.054,-0.069,-0.054,-0.069,-0.054,-0.069,-0.054,-0.069,-0.054,-0.069,-0.054,-0.069,-0.054,-0.069,-0.054,-0.069,-0.054,-0.069,
0.0,0.0,0.0,-0.069,-0.083,-0.073,-0.127,-0.063,-0.087,-0.137,-0.066,-0.105,-0.134,-0.051,-0.089,-0.13,-0.064,-0.087,-0.137,-0.066,-0.105,-0.134,-0.051,-0.089,-0.13,-0.064,-0.087,-0.137,-0.066,-0.105,-0.134,-0.051,-0.089,-0.13,-0.064,-0.087,-0.137,-0.066,-0.105,-0.134,-0.051,-0.089,-0.13,-0.064,-0.087,-0.137,-0.066,-0.105,-0.134,-0.051,-0.089,-0.13,-0.064,-0.087,-0.137,-0.066,-0.105,-0.134,-0.051,-0.089,-0.13,-0.064,-0.087,-0.137,-0.066,-0.105,-0.134,-0.051,-0.089,-0.13,-0.064,-0.087,-0.137,-0.066,-0.105,-0.134,-0.051,-0.089,-0.13,-0.064,-0.087,-0.137,-0.066,-0.105,-0.134,-0.051,-0.089,-0.13,-0.064,-0.087,-0.137,-0.066,-0.105,-0.134,-0.051,-0.089,-0.13,-0.064,-0.087,-0.137,
0.0,0.0,0.0,0.0,0.0,0.0,0.0,0.0,0.0,0.0,0.0,0.0,0.0,0.0,0.0,0.0,0.0,0.0,0.0,0.0,0.0,0.0,0.0,0.0,0.0,0.0,0.0,0.0,0.0,0.0,0.0,0.0,0.0,0.0,0.0,0.0,0.0,0.0,0.0,0.0,0.0,0.0,0.0,0.0,0.0,0.0,0.0,0.0,0.0,0.0,0.0,0.0,0.0,0.0,0.0,0.0,0.0,0.0,0.0,0.0,0.0,0.0,0.0,0.0,0.0,0.0,0.0,0.0,0.0,0.0,0.0,0.0,0.0,0.0,0.0,0.0,0.0,0.0,0.0,0.0,0.0,0.0,0.0,0.0,0.0,0.0,0.0,0.0,0.0,0.0,0.0,0.0,0.0,0.0,0.0,0.0,0.0,0.0,0.0,0.0,
0.0,0.0,-0.175,-0.093,-0.139,-0.136,-0.198,-0.098,-0.139,-0.136,-0.198,-0.098,-0.139,-0.136,-0.198,-0.098,-0.139,-0.136,-0.198,-0.098,-0.139,-0.136,-0.198,-0.098,-0.139,-0.136,-0.198,-0.098,-0.139,-0.136,-0.198,-0.098,-0.139,-0.136,-0.198,-0.098,-0.139,-0.136,-0.198,-0.098,-0.139,-0.136,-0.198,-0.098,-0.139,-0.136,-0.198,-0.098,-0.139,-0.136,-0.198,-0.098,-0.139,-0.136,-0.198,-0.098,-0.139,-0.136,-0.198,-0.098,-0.139,-0.136,-0.198,-0.098,-0.139,-0.136,-0.198,-0.098,-0.139,-0.136,-0.198,-0.098,-0.139,-0.136,-0.198,-0.098,-0.139,-0.136,-0.198,-0.098,-0.139,-0.136,-0.198,-0.098,-0.139,-0.136,-0.198,-0.098,-0.139,-0.136,-0.198,-0.098,-0.139,-0.136,-0.198,-0.098,-0.139,-0.136,-0.198,-0.098,
0.0,0.0,-0.03,-0.1,-0.183,-0.07,-0.105,-0.139,-0.073,-0.066,-0.109,-0.185,-0.07,-0.105,-0.139,-0.073,-0.066,-0.109,-0.185,-0.07,-0.105,-0.139,-0.073,-0.066,-0.109,-0.185,-0.07,-0.105,-0.139,-0.073,-0.066,-0.109,-0.185,-0.07,-0.105,-0.139,-0.073,-0.066,-0.109,-0.185,-0.07,-0.105,-0.139,-0.073,-0.066,-0.109,-0.185,-0.07,-0.105,-0.139,-0.073,-0.066,-0.109,-0.185,-0.07,-0.105,-0.139,-0.073,-0.066,-0.109,-0.185,-0.07,-0.105,-0.139,-0.073,-0.066,-0.109,-0.185,-0.07,-0.105,-0.139,-0.073,-0.066,-0.109,-0.185,-0.07,-0.105,-0.139,-0.073,-0.066,-0.109,-0.185,-0.07,-0.105,-0.139,-0.073,-0.066,-0.109,-0.185,-0.07,-0.105,-0.139,-0.073,-0.066,-0.109,-0.185,-0.07,-0.105,-0.139,-0.073,
0.0,0.0,0.0,0.0,0.0,0.0,0.0,0.0,0.0,0.0,0.0,0.0,0.0,0.0,0.0,0.0,0.0,0.0,0.0,0.0,0.0,0.0,0.0,0.0,0.0,0.0,0.0,0.0,0.0,0.0,0.0,0.0,0.0,0.0,0.0,0.0,0.0,0.0,0.0,0.0,0.0,0.0,0.0,0.0,0.0,0.0,0.0,0.0,0.0,0.0,0.0,0.0,0.0,0.0,0.0,0.0,0.0,0.0,0.0,0.0,0.0,0.0,0.0,0.0,0.0,0.0,0.0,0.0,0.0,0.0,0.0,0.0,0.0,0.0,0.0,0.0,0.0,0.0,0.0,0.0,0.0,0.0,0.0,0.0,0.0,0.0,0.0,0.0,0.0,0.0,0.0,0.0,0.0,0.0,0.0,0.0,0.0,0.0,0.0,0.0,
0.0,0.0,-0.026,-0.128,-0.162,-0.234,-0.233,-0.256,-0.213,-0.228,-0.21,-0.231,-0.21,-0.231,-0.21,-0.231,-0.21,-0.231,-0.21,-0.231,-0.21,-0.231,-0.21,-0.231,-0.21,-0.231,-0.21,-0.231,-0.21,-0.231,-0.21,-0.231,-0.21,-0.231,-0.21,-0.231,-0.21,-0.231,-0.21,-0.231,-0.21,-0.231,-0.21,-0.231,-0.21,-0.231,-0.21,-0.231,-0.21,-0.231,-0.21,-0.231,-0.21,-0.231,-0.21,-0.231,-0.21,-0.231,-0.21,-0.231,-0.21,-0.231,-0.21,-0.231,-0.21,-0.231,-0.21,-0.231,-0.21,-0.231,-0.21,-0.231,-0.21,-0.231,-0.21,-0.231,-0.21,-0.231,-0.21,-0.231,-0.21,-0.231,-0.21,-0.231,-0.21,-0.231,-0.21,-0.231,-0.21,-0.231,-0.21,-0.231,-0.21,-0.231,-0.21,-0.231,-0.21,-0.231,-0.21,-0.231,
0.0,0.0,-0.095,-0.011,0.002,-0.002,-0.004,-0.002,-0.004,-0.002,-0.004,-0.002,-0.004,-0.002,-0.004,-0.002,-0.004,-0.002,-0.004,-0.002,-0.004,-0.002,-0.004,-0.002,-0.004,-0.002,-0.004,-0.002,-0.004,-0.002,-0.004,-0.002,-0.004,-0.002,-0.004,-0.002,-0.004,-0.002,-0.004,-0.002,-0.004,-0.002,-0.004,-0.002,-0.004,-0.002,-0.004,-0.002,-0.004,-0.002,-0.004,-0.002,-0.004,-0.002,-0.004,-0.002,-0.004,-0.002,-0.004,-0.002,-0.004,-0.002,-0.004,-0.002,-0.004,-0.002,-0.004,-0.002,-0.004,-0.002,-0.004,-0.002,-0.004,-0.002,-0.004,-0.002,-0.004,-0.002,-0.004,-0.002,-0.004,-0.002,-0.004,-0.002,-0.004,-0.002,-0.004,-0.002,-0.004,-0.002,-0.004,-0.002,-0.004,-0.002,-0.004,-0.002,-0.004,-0.002,-0.004,-0.002,
0.0,0.0,0.0,0.0,-0.017,0.015,-0.011,-0.008,0.0,0.018,0.0,0.002,0.018,0.0,0.002,0.018,0.0,0.002,0.018,0.0,0.002,0.018,0.0,0.002,0.018,0.0,0.002,0.018,0.0,0.002,0.018,0.0,0.002,0.018,0.0,0.002,0.018,0.0,0.002,0.018,0.0,0.002,0.018,0.0,0.002,0.018,0.0,0.002,0.018,0.0,0.002,0.018,0.0,0.002,0.018,0.0,0.002,0.018,0.0,0.002,0.018,0.0,0.002,0.018,0.0,0.002,0.018,0.0,0.002,0.018,0.0,0.002,0.018,0.0,0.002,0.018,0.0,0.002,0.018,0.0,0.002,0.018,0.0,0.002,0.018,0.0,0.002,0.018,0.0,0.002,0.018,0.0,0.002,0.018,0.0,0.002,0.018,0.0,0.002,0.018,
0.0,0.0,-0.05,-0.098,-0.149,-0.191,-0.196,-0.227,-0.211,-0.197,-0.224,-0.2,-0.211,-0.205,-0.228,-0.203,-0.211,-0.202,-0.231,-0.203,-0.207,-0.205,-0.231,-0.2,-0.211,-0.205,-0.228,-0.203,-0.211,-0.202,-0.231,-0.203,-0.207,-0.205,-0.231,-0.2,-0.211,-0.205,-0.228,-0.203,-0.211,-0.202,-0.231,-0.203,-0.207,-0.205,-0.231,-0.2,-0.211,-0.205,-0.228,-0.203,-0.211,-0.202,-0.231,-0.203,-0.207,-0.205,-0.231,-0.2,-0.211,-0.205,-0.228,-0.203,-0.211,-0.202,-0.231,-0.203,-0.207,-0.205,-0.231,-0.2,-0.211,-0.205,-0.228,-0.203,-0.211,-0.202,-0.231,-0.203,-0.207,-0.205,-0.231,-0.2,-0.211,-0.205,-0.228,-0.203,-0.211,-0.202,-0.231,-0.203,-0.207,-0.205,-0.231,-0.2,-0.211,-0.205,-0.228,-0.203,
0.0,0.0,0.0,0.0,0.0,-0.132,-0.126,0.003,-0.048,0.066,0.015,0.009,0.002,-0.027,0.024,0.017,-0.026,-0.121,-0.07,-0.017,-0.003,-0.013,-0.026,0.005,0.0,-0.027,0.024,0.017,-0.026,-0.121,-0.07,-0.017,-0.003,-0.013,-0.026,0.005,0.0,-0.027,0.024,0.017,-0.026,-0.121,-0.07,-0.017,-0.003,-0.013,-0.026,0.005,0.0,-0.027,0.024,0.017,-0.026,-0.121,-0.07,-0.017,-0.003,-0.013,-0.026,0.005,0.0,-0.027,0.024,0.017,-0.026,-0.121,-0.07,-0.017,-0.003,-0.013,-0.026,0.005,0.0,-0.027,0.024,0.017,-0.026,-0.121,-0.07,-0.017,-0.003,-0.013,-0.026,0.005,0.0,-0.027,0.024,0.017,-0.026,-0.121,-0.07,-0.017,-0.003,-0.013,-0.026,0.005,0.0,-0.027,0.024,0.017,
0.0,0.0,0.0,0.0,0.0,0.0,0.0,0.0,0.0,0.0,0.0,0.0,0.0,0.0,0.0,0.0,0.0,0.0,0.0,0.0,0.0,0.0,0.0,0.0,0.0,0.0,0.0,0.0,0.0,0.0,0.0,0.0,0.0,0.0,0.0,0.0,0.0,0.0,0.0,0.0,0.0,0.0,0.0,0.0,0.0,0.0,0.0,0.0,0.0,0.0,0.0,0.0,0.0,0.0,0.0,0.0,0.0,0.0,0.0,0.0,0.0,0.0,0.0,0.0,0.0,0.0,0.0,0.0,0.0,0.0,0.0,0.0,0.0,0.0,0.0,0.0,0.0,0.0,0.0,0.0,0.0,0.0,0.0,0.0,0.0,0.0,0.0,0.0,0.0,0.0,0.0,0.0,0.0,0.0,0.0,0.0,0.0,0.0,0.0,0.0,
0.0,0.0,0.0,0.0,0.0,0.0,0.0,0.0,0.0,0.0,0.0,0.0,0.0,0.0,0.0,0.0,0.0,0.0,0.0,0.0,0.0,0.0,0.0,0.0,0.0,0.0,0.0,0.0,0.0,0.0,0.0,0.0,0.0,0.0,0.0,0.0,0.0,0.0,0.0,0.0,0.0,0.0,0.0,0.0,0.0,0.0,0.0,0.0,0.0,0.0,0.0,0.0,0.0,0.0,0.0,0.0,0.0,0.0,0.0,0.0,0.0,0.0,0.0,0.0,0.0,0.0,0.0,0.0,0.0,0.0,0.0,0.0,0.0,0.0,0.0,0.0,0.0,0.0,0.0,0.0,0.0,0.0,0.0,0.0,0.0,0.0,0.0,0.0,0.0,0.0,0.0,0.0,0.0,0.0,0.0,0.0,0.0,0.0,0.0,0.0,
0.0,0.0,-0.071,-0.072,-0.021,-0.05,-0.1,-0.086,-0.096,-0.058,-0.085,-0.121,-0.196,-0.207,-0.178,-0.156,-0.18,-0.183,-0.225,-0.216,-0.18,-0.156,-0.18,-0.183,-0.225,-0.216,-0.18,-0.156,-0.18,-0.183,-0.225,-0.216,-0.18,-0.156,-0.18,-0.183,-0.225,-0.216,-0.18,-0.156,-0.18,-0.183,-0.225,-0.216,-0.18,-0.156,-0.18,-0.183,-0.225,-0.216,-0.18,-0.156,-0.18,-0.183,-0.225,-0.216,-0.18,-0.156,-0.18,-0.183,-0.225,-0.216,-0.18,-0.156,-0.18,-0.183,-0.225,-0.216,-0.18,-0.156,-0.18,-0.183,-0.225,-0.216,-0.18,-0.156,-0.18,-0.183,-0.225,-0.216,-0.18,-0.156,-0.18,-0.183,-0.225,-0.216,-0.18,-0.156,-0.18,-0.183,-0.225,-0.216,-0.18,-0.156,-0.18,-0.183,-0.225,-0.216,-0.18,-0.156,
0.0,0.0,0.0,0.0,0.0,0.0,0.0,0.0,0.0,0.0,0.0,0.0,0.0,0.0,0.0,0.0,0.0,0.0,0.0,0.0,0.0,0.0,0.0,0.0,0.0,0.0,0.0,0.0,0.0,0.0,0.0,0.0,0.0,0.0,0.0,0.0,0.0,0.0,0.0,0.0,0.0,0.0,0.0,0.0,0.0,0.0,0.0,0.0,0.0,0.0,0.0,0.0,0.0,0.0,0.0,0.0,0.0,0.0,0.0,0.0,0.0,0.0,0.0,0.0,0.0,0.0,0.0,0.0,0.0,0.0,0.0,0.0,0.0,0.0,0.0,0.0,0.0,0.0,0.0,0.0,0.0,0.0,0.0,0.0,0.0,0.0,0.0,0.0,0.0,0.0,0.0,0.0,0.0,0.0,0.0,0.0,0.0,0.0,0.0,0.0,
0.0,0.0,-0.021,-0.087,-0.042,-0.036,-0.117,-0.152,-0.138,-0.193,-0.131,-0.092,-0.177,-0.178,-0.089,-0.173,-0.145,-0.105,-0.162,-0.139,-0.128,-0.19,-0.131,-0.123,-0.156,-0.145,-0.11,-0.15,-0.169,-0.141,-0.142,-0.162,-0.103,-0.156,-0.152,-0.098,-0.179,-0.18,-0.089,-0.173,-0.145,-0.105,-0.162,-0.139,-0.128,-0.19,-0.131,-0.123,-0.156,-0.145,-0.11,-0.15,-0.169,-0.141,-0.142,-0.162,-0.103,-0.156,-0.152,-0.098,-0.179,-0.18,-0.089,-0.173,-0.145,-0.105,-0.162,-0.139,-0.128,-0.19,-0.131,-0.123,-0.156,-0.145,-0.11,-0.15,-0.169,-0.141,-0.142,-0.162,-0.103,-0.156,-0.152,-0.098,-0.179,-0.18,-0.089,-0.173,-0.145,-0.105,-0.162,-0.139,-0.128,-0.19,-0.131,-0.123,-0.156,-0.145,-0.11,-0.15,
0.0,0.0,0.0,0.0,0.0,0.0,0.0,0.0,0.0,0.0,0.0,0.0,0.0,0.0,0.0,0.0,0.0,0.0,0.0,0.0,0.0,0.0,0.0,0.0,0.0,0.0,0.0,0.0,0.0,0.0,0.0,0.0,0.0,0.0,0.0,0.0,0.0,0.0,0.0,0.0,0.0,0.0,0.0,0.0,0.0,0.0,0.0,0.0,0.0,0.0,0.0,0.0,0.0,0.0,0.0,0.0,0.0,0.0,0.0,0.0,0.0,0.0,0.0,0.0,0.0,0.0,0.0,0.0,0.0,0.0,0.0,0.0,0.0,0.0,0.0,0.0,0.0,0.0,0.0,0.0,0.0,0.0,0.0,0.0,0.0,0.0,0.0,0.0,0.0,0.0,0.0,0.0,0.0,0.0,0.0,0.0,0.0,0.0,0.0,0.0,
0.0,0.0,0.0,0.0,0.0,0.0,0.0,0.0,0.0,0.0,0.0,0.0,0.0,0.0,0.0,0.0,0.0,0.0,0.0,0.0,0.0,0.0,0.0,0.0,0.0,0.0,0.0,0.0,0.0,0.0,0.0,0.0,0.0,0.0,0.0,0.0,0.0,0.0,0.0,0.0,0.0,0.0,0.0,0.0,0.0,0.0,0.0,0.0,0.0,0.0,0.0,0.0,0.0,0.0,0.0,0.0,0.0,0.0,0.0,0.0,0.0,0.0,0.0,0.0,0.0,0.0,0.0,0.0,0.0,0.0,0.0,0.0,0.0,0.0,0.0,0.0,0.0,0.0,0.0,0.0,0.0,0.0,0.0,0.0,0.0,0.0,0.0,0.0,0.0,0.0,0.0,0.0,0.0,0.0,0.0,0.0,0.0,0.0,0.0,0.0,
0.0,0.0,-0.126,-0.108,-0.143,-0.147,-0.146,-0.164,-0.24,-0.225,-0.178,-0.146,-0.234,-0.255,-0.243,-0.209,-0.251,-0.257,-0.243,-0.209,-0.251,-0.257,-0.243,-0.209,-0.251,-0.257,-0.243,-0.209,-0.251,-0.257,-0.243,-0.209,-0.251,-0.257,-0.243,-0.209,-0.251,-0.257,-0.243,-0.209,-0.251,-0.257,-0.243,-0.209,-0.251,-0.257,-0.243,-0.209,-0.251,-0.257,-0.243,-0.209,-0.251,-0.257,-0.243,-0.209,-0.251,-0.257,-0.243,-0.209,-0.251,-0.257,-0.243,-0.209,-0.251,-0.257,-0.243,-0.209,-0.251,-0.257,-0.243,-0.209,-0.251,-0.257,-0.243,-0.209,-0.251,-0.257,-0.243,-0.209,-0.251,-0.257,-0.243,-0.209,-0.251,-0.257,-0.243,-0.209,-0.251,-0.257,-0.243,-0.209,-0.251,-0.257,-0.243,-0.209,-0.251,-0.257,-0.243,-0.209,
0.0,0.0,-0.204,-0.195,-0.127,-0.253,-0.253,-0.133,-0.254,-0.253,-0.133,-0.254,-0.253,-0.133,-0.254,-0.253,-0.133,-0.254,-0.253,-0.133,-0.254,-0.253,-0.133,-0.254,-0.253,-0.133,-0.254,-0.253,-0.133,-0.254,-0.253,-0.133,-0.254,-0.253,-0.133,-0.254,-0.253,-0.133,-0.254,-0.253,-0.133,-0.254,-0.253,-0.133,-0.254,-0.253,-0.133,-0.254,-0.253,-0.133,-0.254,-0.253,-0.133,-0.254,-0.253,-0.133,-0.254,-0.253,-0.133,-0.254,-0.253,-0.133,-0.254,-0.253,-0.133,-0.254,-0.253,-0.133,-0.254,-0.253,-0.133,-0.254,-0.253,-0.133,-0.254,-0.253,-0.133,-0.254,-0.253,-0.133,-0.254,-0.253,-0.133,-0.254,-0.253,-0.133,-0.254,-0.253,-0.133,-0.254,-0.253,-0.133,-0.254,-0.253,-0.133,-0.254,-0.253,-0.133,-0.254,-0.253,
0.0,0.0,0.0,0.0,0.0,0.0,0.0,0.0,0.0,0.0,0.0,0.0,0.0,0.0,0.0,0.0,0.0,0.0,0.0,0.0,0.0,0.0,0.0,0.0,0.0,0.0,0.0,0.0,0.0,0.0,0.0,0.0,0.0,0.0,0.0,0.0,0.0,0.0,0.0,0.0,0.0,0.0,0.0,0.0,0.0,0.0,0.0,0.0,0.0,0.0,0.0,0.0,0.0,0.0,0.0,0.0,0.0,0.0,0.0,0.0,0.0,0.0,0.0,0.0,0.0,0.0,0.0,0.0,0.0,0.0,0.0,0.0,0.0,0.0,0.0,0.0,0.0,0.0,0.0,0.0,0.0,0.0,0.0,0.0,0.0,0.0,0.0,0.0,0.0,0.0,0.0,0.0,0.0,0.0,0.0,0.0,0.0,0.0,0.0,0.0,
0.0,0.0,0.0,-0.019,-0.033,-0.057,-0.036,-0.057,-0.036,-0.057,-0.036,-0.057,-0.036,-0.057,-0.036,-0.057,-0.036,-0.057,-0.036,-0.057,-0.036,-0.057,-0.036,-0.057,-0.036,-0.057,-0.036,-0.057,-0.036,-0.057,-0.036,-0.057,-0.036,-0.057,-0.036,-0.057,-0.036,-0.057,-0.036,-0.057,-0.036,-0.057,-0.036,-0.057,-0.036,-0.057,-0.036,-0.057,-0.036,-0.057,-0.036,-0.057,-0.036,-0.057,-0.036,-0.057,-0.036,-0.057,-0.036,-0.057,-0.036,-0.057,-0.036,-0.057,-0.036,-0.057,-0.036,-0.057,-0.036,-0.057,-0.036,-0.057,-0.036,-0.057,-0.036,-0.057,-0.036,-0.057,-0.036,-0.057,-0.036,-0.057,-0.036,-0.057,-0.036,-0.057,-0.036,-0.057,-0.036,-0.057,-0.036,-0.057,-0.036,-0.057,-0.036,-0.057,-0.036,-0.057,-0.036,-0.057,
0.0,0.0,0.0,0.0,0.0,0.0,0.0,-0.016,-0.003,-0.011,0.015,0.048,0.003,0.032,-0.011,0.029,-0.04,0.029,-0.057,0.038,0.018,0.034,0.002,0.02,-0.002,-0.009,-0.002,-0.027,0.008,0.048,0.003,0.032,-0.011,0.029,-0.04,0.029,-0.057,0.038,0.018,0.034,0.002,0.02,-0.002,-0.009,-0.002,-0.027,0.008,0.048,0.003,0.032,-0.011,0.029,-0.04,0.029,-0.057,0.038,0.018,0.034,0.002,0.02,-0.002,-0.009,-0.002,-0.027,0.008,0.048,0.003,0.032,-0.011,0.029,-0.04,0.029,-0.057,0.038,0.018,0.034,0.002,0.02,-0.002,-0.009,-0.002,-0.027,0.008,0.048,0.003,0.032,-0.011,0.029,-0.04,0.029,-0.057,0.038,0.018,0.034,0.002,0.02,-0.002,-0.009,-0.002,-0.027,
0.0,0.0,-0.022,-0.041,-0.003,-0.07,-0.138,-0.158,-0.077,-0.034,-0.059,-0.048,-0.049,-0.061,-0.125,-0.147,-0.097,-0.072,-0.123,-0.146,-0.097,-0.072,-0.123,-0.146,-0.097,-0.072,-0.123,-0.146,-0.097,-0.072,-0.123,-0.146,-0.097,-0.072,-0.123,-0.146,-0.097,-0.072,-0.123,-0.146,-0.097,-0.072,-0.123,-0.146,-0.097,-0.072,-0.123,-0.146,-0.097,-0.072,-0.123,-0.146,-0.097,-0.072,-0.123,-0.146,-0.097,-0.072,-0.123,-0.146,-0.097,-0.072,-0.123,-0.146,-0.097,-0.072,-0.123,-0.146,-0.097,-0.072,-0.123,-0.146,-0.097,-0.072,-0.123,-0.146,-0.097,-0.072,-0.123,-0.146,-0.097,-0.072,-0.123,-0.146,-0.097,-0.072,-0.123,-0.146,-0.097,-0.072,-0.123,-0.146,-0.097,-0.072,-0.123,-0.146,-0.097,-0.072,-0.123,-0.146,
0.0,0.0,0.0,-0.017,-0.002,-0.034,-0.011,0.0,0.018,-0.012,0.0,-0.034,-0.011,0.0,0.018,-0.012,0.0,-0.034,-0.011,0.0,0.018,-0.012,0.0,-0.034,-0.011,0.0,0.018,-0.012,0.0,-0.034,-0.011,0.0,0.018,-0.012,0.0,-0.034,-0.011,0.0,0.018,-0.012,0.0,-0.034,-0.011,0.0,0.018,-0.012,0.0,-0.034,-0.011,0.0,0.018,-0.012,0.0,-0.034,-0.011,0.0,0.018,-0.012,0.0,-0.034,-0.011,0.0,0.018,-0.012,0.0,-0.034,-0.011,0.0,0.018,-0.012,0.0,-0.034,-0.011,0.0,0.018,-0.012,0.0,-0.034,-0.011,0.0,0.018,-0.012,0.0,-0.034,-0.011,0.0,0.018,-0.012,0.0,-0.034,-0.011,0.0,0.018,-0.012,0.0,-0.034,-0.011,0.0,0.018,-0.012,
0.0,0.0,0.0,0.0,0.0,0.0,0.0,0.0,0.0,0.0,0.0,0.0,0.0,0.0,0.0,0.0,0.0,0.0,0.0,0.0,0.0,0.0,0.0,0.0,0.0,0.0,0.0,0.0,0.0,0.0,0.0,0.0,0.0,0.0,0.0,0.0,0.0,0.0,0.0,0.0,0.0,0.0,0.0,0.0,0.0,0.0,0.0,0.0,0.0,0.0,0.0,0.0,0.0,0.0,0.0,0.0,0.0,0.0,0.0,0.0,0.0,0.0,0.0,0.0,0.0,0.0,0.0,0.0,0.0,0.0,0.0,0.0,0.0,0.0,0.0,0.0,0.0,0.0,0.0,0.0,0.0,0.0,0.0,0.0,0.0,0.0,0.0,0.0,0.0,0.0,0.0,0.0,0.0,0.0,0.0,0.0,0.0,0.0,0.0,0.0,
0.0,0.0,-0.11,-0.186,-0.15,-0.205,-0.213,-0.26,-0.229,-0.262,-0.229,-0.262,-0.229,-0.262,-0.229,-0.262,-0.229,-0.262,-0.229,-0.262,-0.229,-0.262,-0.229,-0.262,-0.229,-0.262,-0.229,-0.262,-0.229,-0.262,-0.229,-0.262,-0.229,-0.262,-0.229,-0.262,-0.229,-0.262,-0.229,-0.262,-0.229,-0.262,-0.229,-0.262,-0.229,-0.262,-0.229,-0.262,-0.229,-0.262,-0.229,-0.262,-0.229,-0.262,-0.229,-0.262,-0.229,-0.262,-0.229,-0.262,-0.229,-0.262,-0.229,-0.262,-0.229,-0.262,-0.229,-0.262,-0.229,-0.262,-0.229,-0.262,-0.229,-0.262,-0.229,-0.262,-0.229,-0.262,-0.229,-0.262,-0.229,-0.262,-0.229,-0.262,-0.229,-0.262,-0.229,-0.262,-0.229,-0.262,-0.229,-0.262,-0.229,-0.262,-0.229,-0.262,-0.229,-0.262,-0.229,-0.262,
0.0,0.0,-0.102,-0.149,-0.169,-0.202,-0.154,-0.211,-0.201,-0.208,-0.209,-0.22,-0.201,-0.208,-0.209,-0.22,-0.201,-0.208,-0.209,-0.22,-0.201,-0.208,-0.209,-0.22,-0.201,-0.208,-0.209,-0.22,-0.201,-0.208,-0.209,-0.22,-0.201,-0.208,-0.209,-0.22,-0.201,-0.208,-0.209,-0.22,-0.201,-0.208,-0.209,-0.22,-0.201,-0.208,-0.209,-0.22,-0.201,-0.208,-0.209,-0.22,-0.201,-0.208,-0.209,-0.22,-0.201,-0.208,-0.209,-0.22,-0.201,-0.208,-0.209,-0.22,-0.201,-0.208,-0.209,-0.22,-0.201,-0.208,-0.209,-0.22,-0.201,-0.208,-0.209,-0.22,-0.201,-0.208,-0.209,-0.22,-0.201,-0.208,-0.209,-0.22,-0.201,-0.208,-0.209,-0.22,-0.201,-0.208,-0.209,-0.22,-0.201,-0.208,-0.209,-0.22,-0.201,-0.208,-0.209,-0.22,
0.0,0.0,0.0,0.0,0.0,0.0,0.0,0.0,0.0,0.0,0.0,0.0,0.0,0.0,0.0,0.0,0.0,0.0,0.0,0.0,0.0,0.0,0.0,0.0,0.0,0.0,0.0,0.0,0.0,0.0,0.0,0.0,0.0,0.0,0.0,0.0,0.0,0.0,0.0,0.0,0.0,0.0,0.0,0.0,0.0,0.0,0.0,0.0,0.0,0.0,0.0,0.0,0.0,0.0,0.0,0.0,0.0,0.0,0.0,0.0,0.0,0.0,0.0,0.0,0.0,0.0,0.0,0.0,0.0,0.0,0.0,0.0,0.0,0.0,0.0,0.0,0.0,0.0,0.0,0.0,0.0,0.0,0.0,0.0,0.0,0.0,0.0,0.0,0.0,0.0,0.0,0.0,0.0,0.0,0.0,0.0,0.0,0.0,0.0,0.0,
0.0,0.0,0.0,0.0,0.0,0.0,0.0,0.0,0.0,0.0,0.0,0.0,0.0,0.0,0.0,0.0,0.0,0.0,0.0,0.0,0.0,0.0,0.0,0.0,0.0,0.0,0.0,0.0,0.0,0.0,0.0,0.0,0.0,0.0,0.0,0.0,0.0,0.0,0.0,0.0,0.0,0.0,0.0,0.0,0.0,0.0,0.0,0.0,0.0,0.0,0.0,0.0,0.0,0.0,0.0,0.0,0.0,0.0,0.0,0.0,0.0,0.0,0.0,0.0,0.0,0.0,0.0,0.0,0.0,0.0,0.0,0.0,0.0,0.0,0.0,0.0,0.0,0.0,0.0,0.0,0.0,0.0,0.0,0.0,0.0,0.0,0.0,0.0,0.0,0.0,0.0,0.0,0.0,0.0,0.0,0.0,0.0,0.0,0.0,0.0,
0.0,0.0,0.0,-0.094,-0.136,-0.106,-0.062,-0.062,-0.101,-0.167,-0.222,-0.217,-0.178,-0.094,-0.034,-0.097,-0.12,-0.156,-0.206,-0.195,-0.209,-0.114,-0.022,-0.079,-0.095,-0.188,-0.223,-0.185,-0.193,-0.089,-0.059,-0.098,-0.084,-0.172,-0.201,-0.215,-0.211,-0.077,-0.04,-0.073,-0.118,-0.189,-0.191,-0.2,-0.188,-0.112,-0.061,-0.062,-0.101,-0.167,-0.222,-0.217,-0.178,-0.094,-0.034,-0.097,-0.12,-0.156,-0.206,-0.195,-0.209,-0.114,-0.022,-0.079,-0.095,-0.188,-0.223,-0.185,-0.193,-0.089,-0.059,-0.098,-0.084,-0.172,-0.201,-0.215,-0.211,-0.077,-0.04,-0.073,-0.118,-0.189,-0.191,-0.2,-0.188,-0.112,-0.061,-0.062,-0.101,-0.167,-0.222,-0.217,-0.178,-0.094,-0.034,-0.097,-0.12,-0.156,-0.206,-0.195,
0.0,0.0,0.0,0.0,0.0,0.0,0.0,0.0,0.0,0.0,0.0,0.0,0.0,0.0,0.0,0.0,0.0,0.0,0.0,0.0,0.0,0.0,0.0,0.0,0.0,0.0,0.0,0.0,0.0,0.0,0.0,0.0,0.0,0.0,0.0,0.0,0.0,0.0,0.0,0.0,0.0,0.0,0.0,0.0,0.0,0.0,0.0,0.0,0.0,0.0,0.0,0.0,0.0,0.0,0.0,0.0,0.0,0.0,0.0,0.0,0.0,0.0,0.0,0.0,0.0,0.0,0.0,0.0,0.0,0.0,0.0,0.0,0.0,0.0,0.0,0.0,0.0,0.0,0.0,0.0,0.0,0.0,0.0,0.0,0.0,0.0,0.0,0.0,0.0,0.0,0.0,0.0,0.0,0.0,0.0,0.0,0.0,0.0,0.0,0.0,
0.0,0.0,-0.065,-0.075,-0.002,-0.07,-0.134,-0.147,-0.191,-0.197,-0.166,-0.194,-0.198,-0.166,-0.194,-0.198,-0.166,-0.194,-0.198,-0.166,-0.194,-0.198,-0.166,-0.194,-0.198,-0.166,-0.194,-0.198,-0.166,-0.194,-0.198,-0.166,-0.194,-0.198,-0.166,-0.194,-0.198,-0.166,-0.194,-0.198,-0.166,-0.194,-0.198,-0.166,-0.194,-0.198,-0.166,-0.194,-0.198,-0.166,-0.194,-0.198,-0.166,-0.194,-0.198,-0.166,-0.194,-0.198,-0.166,-0.194,-0.198,-0.166,-0.194,-0.198,-0.166,-0.194,-0.198,-0.166,-0.194,-0.198,-0.166,-0.194,-0.198,-0.166,-0.194,-0.198,-0.166,-0.194,-0.198,-0.166,-0.194,-0.198,-0.166,-0.194,-0.198,-0.166,-0.194,-0.198,-0.166,-0.194,-0.198,-0.166,-0.194,-0.198,-0.166,-0.194,-0.198,-0.166,-0.194,-0.198,
0.0,0.0,0.0,0.0,0.0,0.0,0.0,0.0,0.0,0.0,0.0,0.0,0.0,0.0,0.0,0.0,0.0,0.0,0.0,0.0,0.0,0.0,0.0,0.0,0.0,0.0,0.0,0.0,0.0,0.0,0.0,0.0,0.0,0.0,0.0,0.0,0.0,0.0,0.0,0.0,0.0,0.0,0.0,0.0,0.0,0.0,0.0,0.0,0.0,0.0,0.0,0.0,0.0,0.0,0.0,0.0,0.0,0.0,0.0,0.0,0.0,0.0,0.0,0.0,0.0,0.0,0.0,0.0,0.0,0.0,0.0,0.0,0.0,0.0,0.0,0.0,0.0,0.0,0.0,0.0,0.0,0.0,0.0,0.0,0.0,0.0,0.0,0.0,0.0,0.0,0.0,0.0,0.0,0.0,0.0,0.0,0.0,0.0,0.0,0.0,
0.0,0.0,-0.113,-0.183,-0.196,-0.206,-0.216,-0.219,-0.221,-0.225,-0.22,-0.223,-0.225,-0.22,-0.223,-0.225,-0.22,-0.223,-0.225,-0.22,-0.223,-0.225,-0.22,-0.223,-0.225,-0.22,-0.223,-0.225,-0.22,-0.223,-0.225,-0.22,-0.223,-0.225,-0.22,-0.223,-0.225,-0.22,-0.223,-0.225,-0.22,-0.223,-0.225,-0.22,-0.223,-0.225,-0.22,-0.223,-0.225,-0.22,-0.223,-0.225,-0.22,-0.223,-0.225,-0.22,-0.223,-0.225,-0.22,-0.223,-0.225,-0.22,-0.223,-0.225,-0.22,-0.223,-0.225,-0.22,-0.223,-0.225,-0.22,-0.223,-0.225,-0.22,-0.223,-0.225,-0.22,-0.223,-0.225,-0.22,-0.223,-0.225,-0.22,-0.223,-0.225,-0.22,-0.223,-0.225,-0.22,-0.223,-0.225,-0.22,-0.223,-0.225,-0.22,-0.223,-0.225,-0.22,-0.223,-0.225,
0.0,0.0,0.0,0.0,0.0,0.0,0.0,0.0,0.0,0.0,0.0,0.0,0.0,0.0,0.0,0.0,0.0,0.0,0.0,0.0,0.0,0.0,0.0,0.0,0.0,0.0,0.0,0.0,0.0,0.0,0.0,0.0,0.0,0.0,0.0,0.0,0.0,0.0,0.0,0.0,0.0,0.0,0.0,0.0,0.0,0.0,0.0,0.0,0.0,0.0,0.0,0.0,0.0,0.0,0.0,0.0,0.0,0.0,0.0,0.0,0.0,0.0,0.0,0.0,0.0,0.0,0.0,0.0,0.0,0.0,0.0,0.0,0.0,0.0,0.0,0.0,0.0,0.0,0.0,0.0,0.0,0.0,0.0,0.0,0.0,0.0,0.0,0.0,0.0,0.0,0.0,0.0,0.0,0.0,0.0,0.0,0.0,0.0,0.0,0.0,
0.0,0.0,0.0,0.0,0.0,0.0,0.0,0.0,0.0,0.0,0.0,0.0,0.0,0.0,0.0,0.0,0.0,0.0,0.0,0.0,0.0,0.0,0.0,0.0,0.0,0.0,0.0,0.0,0.0,0.0,0.0,0.0,0.0,0.0,0.0,0.0,0.0,0.0,0.0,0.0,0.0,0.0,0.0,0.0,0.0,0.0,0.0,0.0,0.0,0.0,0.0,0.0,0.0,0.0,0.0,0.0,0.0,0.0,0.0,0.0,0.0,0.0,0.0,0.0,0.0,0.0,0.0,0.0,0.0,0.0,0.0,0.0,0.0,0.0,0.0,0.0,0.0,0.0,0.0,0.0,0.0,0.0,0.0,0.0,0.0,0.0,0.0,0.0,0.0,0.0,0.0,0.0,0.0,0.0,0.0,0.0,0.0,0.0,0.0,0.0,
0.0,0.0,0.0,0.0,0.0,0.0,0.0,0.0,0.0,0.0,0.0,0.0,0.0,0.0,0.0,0.0,0.0,0.0,0.0,0.0,0.0,0.0,0.0,0.0,0.0,0.0,0.0,0.0,0.0,0.0,0.0,0.0,0.0,0.0,0.0,0.0,0.0,0.0,0.0,0.0,0.0,0.0,0.0,0.0,0.0,0.0,0.0,0.0,0.0,0.0,0.0,0.0,0.0,0.0,0.0,0.0,0.0,0.0,0.0,0.0,0.0,0.0,0.0,0.0,0.0,0.0,0.0,0.0,0.0,0.0,0.0,0.0,0.0,0.0,0.0,0.0,0.0,0.0,0.0,0.0,0.0,0.0,0.0,0.0,0.0,0.0,0.0,0.0,0.0,0.0,0.0,0.0,0.0,0.0,0.0,0.0,0.0,0.0,0.0,0.0,
0.0,0.0,0.0,0.0,0.0,0.0,0.0,0.0,0.0,0.0,0.0,0.0,0.0,0.0,0.0,0.0,0.0,0.0,0.0,0.0,0.0,0.0,0.0,0.0,0.0,0.0,0.0,0.0,0.0,0.0,0.0,0.0,0.0,0.0,0.0,0.0,0.0,0.0,0.0,0.0,0.0,0.0,0.0,0.0,0.0,0.0,0.0,0.0,0.0,0.0,0.0,0.0,0.0,0.0,0.0,0.0,0.0,0.0,0.0,0.0,0.0,0.0,0.0,0.0,0.0,0.0,0.0,0.0,0.0,0.0,0.0,0.0,0.0,0.0,0.0,0.0,0.0,0.0,0.0,0.0,0.0,0.0,0.0,0.0,0.0,0.0,0.0,0.0,0.0,0.0,0.0,0.0,0.0,0.0,0.0,0.0,0.0,0.0,0.0,0.0,
0.0,0.0,0.0,0.0,0.0,0.0,0.0,0.0,0.0,0.0,0.0,0.0,0.0,0.0,0.0,0.0,0.0,0.0,0.0,0.0,0.0,0.0,0.0,0.0,0.0,0.0,0.0,0.0,0.0,0.0,0.0,0.0,0.0,0.0,0.0,0.0,0.0,0.0,0.0,0.0,0.0,0.0,0.0,0.0,0.0,0.0,0.0,0.0,0.0,0.0,0.0,0.0,0.0,0.0,0.0,0.0,0.0,0.0,0.0,0.0,0.0,0.0,0.0,0.0,0.0,0.0,0.0,0.0,0.0,0.0,0.0,0.0,0.0,0.0,0.0,0.0,0.0,0.0,0.0,0.0,0.0,0.0,0.0,0.0,0.0,0.0,0.0,0.0,0.0,0.0,0.0,0.0,0.0,0.0,0.0,0.0,0.0,0.0,0.0,0.0,
0.0,0.0,0.0,0.0,0.0,0.0,0.0,0.0,0.0,0.0,0.0,0.0,0.0,0.0,0.0,0.0,0.0,0.0,0.0,0.0,0.0,0.0,0.0,0.0,0.0,0.0,0.0,0.0,0.0,0.0,0.0,0.0,0.0,0.0,0.0,0.0,0.0,0.0,0.0,0.0,0.0,0.0,0.0,0.0,0.0,0.0,0.0,0.0,0.0,0.0,0.0,0.0,0.0,0.0,0.0,0.0,0.0,0.0,0.0,0.0,0.0,0.0,0.0,0.0,0.0,0.0,0.0,0.0,0.0,0.0,0.0,0.0,0.0,0.0,0.0,0.0,0.0,0.0,0.0,0.0,0.0,0.0,0.0,0.0,0.0,0.0,0.0,0.0,0.0,0.0,0.0,0.0,0.0,0.0,0.0,0.0,0.0,0.0,0.0,0.0,
0.0,0.0,0.0,0.0,0.0,0.0,0.0,0.0,0.0,0.0,0.0,0.0,0.0,0.0,0.0,0.0,0.0,0.0,0.0,0.0,0.0,0.0,0.0,0.0,0.0,0.0,0.0,0.0,0.0,0.0,0.0,0.0,0.0,0.0,0.0,0.0,0.0,0.0,0.0,0.0,0.0,0.0,0.0,0.0,0.0,0.0,0.0,0.0,0.0,0.0,0.0,0.0,0.0,0.0,0.0,0.0,0.0,0.0,0.0,0.0,0.0,0.0,0.0,0.0,0.0,0.0,0.0,0.0,0.0,0.0,0.0,0.0,0.0,0.0,0.0,0.0,0.0,0.0,0.0,0.0,0.0,0.0,0.0,0.0,0.0,0.0,0.0,0.0,0.0,0.0,0.0,0.0,0.0,0.0,0.0,0.0,0.0,0.0,0.0,0.0,
0.0,0.0,0.0,0.0,0.0,0.0,0.0,0.0,0.0,0.0,0.0,0.0,0.0,0.0,0.0,0.0,0.0,0.0,0.0,0.0,0.0,0.0,0.0,0.0,0.0,0.0,0.0,0.0,0.0,0.0,0.0,0.0,0.0,0.0,0.0,0.0,0.0,0.0,0.0,0.0,0.0,0.0,0.0,0.0,0.0,0.0,0.0,0.0,0.0,0.0,0.0,0.0,0.0,0.0,0.0,0.0,0.0,0.0,0.0,0.0,0.0,0.0,0.0,0.0,0.0,0.0,0.0,0.0,0.0,0.0,0.0,0.0,0.0,0.0,0.0,0.0,0.0,0.0,0.0,0.0,0.0,0.0,0.0,0.0,0.0,0.0,0.0,0.0,0.0,0.0,0.0,0.0,0.0,0.0,0.0,0.0,0.0,0.0,0.0,0.0,
0.0,0.0,-0.085,-0.178,-0.111,-0.178,-0.109,-0.178,-0.109,-0.178,-0.109,-0.178,-0.109,-0.178,-0.109,-0.178,-0.109,-0.178,-0.109,-0.178,-0.109,-0.178,-0.109,-0.178,-0.109,-0.178,-0.109,-0.178,-0.109,-0.178,-0.109,-0.178,-0.109,-0.178,-0.109,-0.178,-0.109,-0.178,-0.109,-0.178,-0.109,-0.178,-0.109,-0.178,-0.109,-0.178,-0.109,-0.178,-0.109,-0.178,-0.109,-0.178,-0.109,-0.178,-0.109,-0.178,-0.109,-0.178,-0.109,-0.178,-0.109,-0.178,-0.109,-0.178,-0.109,-0.178,-0.109,-0.178,-0.109,-0.178,-0.109,-0.178,-0.109,-0.178,-0.109,-0.178,-0.109,-0.178,-0.109,-0.178,-0.109,-0.178,-0.109,-0.178,-0.109,-0.178,-0.109,-0.178,-0.109,-0.178,-0.109,-0.178,-0.109,-0.178,-0.109,-0.178,-0.109,-0.178,-0.109,-0.178,
0.0,0.0,0.0,0.0,0.0,0.0,0.0,0.0,0.0,0.0,0.0,0.0,0.0,0.0,0.0,0.0,0.0,0.0,0.0,0.0,0.0,0.0,0.0,0.0,0.0,0.0,0.0,0.0,0.0,0.0,0.0,0.0,0.0,0.0,0.0,0.0,0.0,0.0,0.0,0.0,0.0,0.0,0.0,0.0,0.0,0.0,0.0,0.0,0.0,0.0,0.0,0.0,0.0,0.0,0.0,0.0,0.0,0.0,0.0,0.0,0.0,0.0,0.0,0.0,0.0,0.0,0.0,0.0,0.0,0.0,0.0,0.0,0.0,0.0,0.0,0.0,0.0,0.0,0.0,0.0,0.0,0.0,0.0,0.0,0.0,0.0,0.0,0.0,0.0,0.0,0.0,0.0,0.0,0.0,0.0,0.0,0.0,0.0,0.0,0.0,
0.0,0.0,0.0,0.0,0.0,0.0,0.0,0.0,0.0,0.0,0.0,0.0,0.0,0.0,0.0,0.0,0.0,0.0,0.0,0.0,0.0,0.0,0.0,0.0,0.0,0.0,0.0,0.0,0.0,0.0,0.0,0.0,0.0,0.0,0.0,0.0,0.0,0.0,0.0,0.0,0.0,0.0,0.0,0.0,0.0,0.0,0.0,0.0,0.0,0.0,0.0,0.0,0.0,0.0,0.0,0.0,0.0,0.0,0.0,0.0,0.0,0.0,0.0,0.0,0.0,0.0,0.0,0.0,0.0,0.0,0.0,0.0,0.0,0.0,0.0,0.0,0.0,0.0,0.0,0.0,0.0,0.0,0.0,0.0,0.0,0.0,0.0,0.0,0.0,0.0,0.0,0.0,0.0,0.0,0.0,0.0,0.0,0.0,0.0,0.0,
0.0,0.0,0.0,0.0,0.0,0.0,0.0,0.0,0.0,0.0,0.0,0.0,0.0,0.0,0.0,0.0,0.0,0.0,0.0,0.0,0.0,0.0,0.0,0.0,0.0,0.0,0.0,0.0,0.0,0.0,0.0,0.0,0.0,0.0,0.0,0.0,0.0,0.0,0.0,0.0,0.0,0.0,0.0,0.0,0.0,0.0,0.0,0.0,0.0,0.0,0.0,0.0,0.0,0.0,0.0,0.0,0.0,0.0,0.0,0.0,0.0,0.0,0.0,0.0,0.0,0.0,0.0,0.0,0.0,0.0,0.0,0.0,0.0,0.0,0.0,0.0,0.0,0.0,0.0,0.0,0.0,0.0,0.0,0.0,0.0,0.0,0.0,0.0,0.0,0.0,0.0,0.0,0.0,0.0,0.0,0.0,0.0,0.0,0.0,0.0,
0.0,0.0,0.0,0.0,0.0,0.0,0.0,0.0,0.0,0.0,0.0,0.0,0.0,0.0,0.0,0.0,0.0,0.0,0.0,0.0,0.0,0.0,0.0,0.0,0.0,0.0,0.0,0.0,0.0,0.0,0.0,0.0,0.0,0.0,0.0,0.0,0.0,0.0,0.0,0.0,0.0,0.0,0.0,0.0,0.0,0.0,0.0,0.0,0.0,0.0,0.0,0.0,0.0,0.0,0.0,0.0,0.0,0.0,0.0,0.0,0.0,0.0,0.0,0.0,0.0,0.0,0.0,0.0,0.0,0.0,0.0,0.0,0.0,0.0,0.0,0.0,0.0,0.0,0.0,0.0,0.0,0.0,0.0,0.0,0.0,0.0,0.0,0.0,0.0,0.0,0.0,0.0,0.0,0.0,0.0,0.0,0.0,0.0,0.0,0.0,
0.0,0.0,0.0,0.0,0.0,0.0,0.0,0.0,0.0,0.0,0.0,0.0,0.0,0.0,0.0,0.0,0.0,0.0,0.0,0.0,0.0,0.0,0.0,0.0,0.0,0.0,0.0,0.0,0.0,0.0,0.0,0.0,0.0,0.0,0.0,0.0,0.0,0.0,0.0,0.0,0.0,0.0,0.0,0.0,0.0,0.0,0.0,0.0,0.0,0.0,0.0,0.0,0.0,0.0,0.0,0.0,0.0,0.0,0.0,0.0,0.0,0.0,0.0,0.0,0.0,0.0,0.0,0.0,0.0,0.0,0.0,0.0,0.0,0.0,0.0,0.0,0.0,0.0,0.0,0.0,0.0,0.0,0.0,0.0,0.0,0.0,0.0,0.0,0.0,0.0,0.0,0.0,0.0,0.0,0.0,0.0,0.0,0.0,0.0,0.0,
0.0,0.0,0.0,0.0,0.0,0.0,0.0,0.0,0.0,0.0,0.0,0.0,0.0,0.0,0.0,0.0,0.0,0.0,0.0,0.0,0.0,0.0,0.0,0.0,0.0,0.0,0.0,0.0,0.0,0.0,0.0,0.0,0.0,0.0,0.0,0.0,0.0,0.0,0.0,0.0,0.0,0.0,0.0,0.0,0.0,0.0,0.0,0.0,0.0,0.0,0.0,0.0,0.0,0.0,0.0,0.0,0.0,0.0,0.0,0.0,0.0,0.0,0.0,0.0,0.0,0.0,0.0,0.0,0.0,0.0,0.0,0.0,0.0,0.0,0.0,0.0,0.0,0.0,0.0,0.0,0.0,0.0,0.0,0.0,0.0,0.0,0.0,0.0,0.0,0.0,0.0,0.0,0.0,0.0,0.0,0.0,0.0,0.0,0.0,0.0,
0.0,0.0,0.0,0.0,0.0,-0.084,-0.096,-0.041,-0.057,-0.036,-0.054,-0.078,-0.054,-0.043,-0.05,-0.04,-0.092,-0.04,-0.057,-0.036,-0.054,-0.078,-0.054,-0.043,-0.05,-0.04,-0.092,-0.04,-0.057,-0.036,-0.054,-0.078,-0.054,-0.043,-0.05,-0.04,-0.092,-0.04,-0.057,-0.036,-0.054,-0.078,-0.054,-0.043,-0.05,-0.04,-0.092,-0.04,-0.057,-0.036,-0.054,-0.078,-0.054,-0.043,-0.05,-0.04,-0.092,-0.04,-0.057,-0.036,-0.054,-0.078,-0.054,-0.043,-0.05,-0.04,-0.092,-0.04,-0.057,-0.036,-0.054,-0.078,-0.054,-0.043,-0.05,-0.04,-0.092,-0.04,-0.057,-0.036,-0.054,-0.078,-0.054,-0.043,-0.05,-0.04,-0.092,-0.04,-0.057,-0.036,-0.054,-0.078,-0.054,-0.043,-0.05,-0.04,-0.092,-0.04,-0.057,-0.036,
0.0,0.0,-0.062,-0.09,-0.093,-0.085,-0.057,-0.104,-0.096,-0.113,-0.031,-0.085,-0.093,-0.111,-0.097,-0.047,-0.069,-0.109,-0.096,-0.113,-0.031,-0.085,-0.093,-0.111,-0.097,-0.047,-0.069,-0.109,-0.096,-0.113,-0.031,-0.085,-0.093,-0.111,-0.097,-0.047,-0.069,-0.109,-0.096,-0.113,-0.031,-0.085,-0.093,-0.111,-0.097,-0.047,-0.069,-0.109,-0.096,-0.113,-0.031,-0.085,-0.093,-0.111,-0.097,-0.047,-0.069,-0.109,-0.096,-0.113,-0.031,-0.085,-0.093,-0.111,-0.097,-0.047,-0.069,-0.109,-0.096,-0.113,-0.031,-0.085,-0.093,-0.111,-0.097,-0.047,-0.069,-0.109,-0.096,-0.113,-0.031,-0.085,-0.093,-0.111,-0.097,-0.047,-0.069,-0.109,-0.096,-0.113,-0.031,-0.085,-0.093,-0.111,-0.097,-0.047,-0.069,-0.109,-0.096,-0.113,
0.0,0.0,0.0,0.0,0.0,0.0,0.0,0.0,0.0,0.0,0.0,0.0,0.0,0.0,0.0,0.0,0.0,0.0,0.0,0.0,0.0,0.0,0.0,0.0,0.0,0.0,0.0,0.0,0.0,0.0,0.0,0.0,0.0,0.0,0.0,0.0,0.0,0.0,0.0,0.0,0.0,0.0,0.0,0.0,0.0,0.0,0.0,0.0,0.0,0.0,0.0,0.0,0.0,0.0,0.0,0.0,0.0,0.0,0.0,0.0,0.0,0.0,0.0,0.0,0.0,0.0,0.0,0.0,0.0,0.0,0.0,0.0,0.0,0.0,0.0,0.0,0.0,0.0,0.0,0.0,0.0,0.0,0.0,0.0,0.0,0.0,0.0,0.0,0.0,0.0,0.0,0.0,0.0,0.0,0.0,0.0,0.0,0.0,0.0,0.0,
0.0,0.0,-0.12,-0.156,-0.173,-0.077,-0.068,-0.1,-0.13,-0.157,-0.073,-0.066,-0.101,-0.129,-0.159,-0.071,-0.068,-0.1,-0.13,-0.157,-0.073,-0.066,-0.101,-0.129,-0.159,-0.071,-0.068,-0.1,-0.13,-0.157,-0.073,-0.066,-0.101,-0.129,-0.159,-0.071,-0.068,-0.1,-0.13,-0.157,-0.073,-0.066,-0.101,-0.129,-0.159,-0.071,-0.068,-0.1,-0.13,-0.157,-0.073,-0.066,-0.101,-0.129,-0.159,-0.071,-0.068,-0.1,-0.13,-0.157,-0.073,-0.066,-0.101,-0.129,-0.159,-0.071,-0.068,-0.1,-0.13,-0.157,-0.073,-0.066,-0.101,-0.129,-0.159,-0.071,-0.068,-0.1,-0.13,-0.157,-0.073,-0.066,-0.101,-0.129,-0.159,-0.071,-0.068,-0.1,-0.13,-0.157,-0.073,-0.066,-0.101,-0.129,-0.159,-0.071,-0.068,-0.1,-0.13,-0.157,
0.0,0.0,0.0,0.0,0.0,0.0,0.0,0.0,0.0,0.0,0.0,0.0,0.0,0.0,0.0,0.0,0.0,0.0,0.0,0.0,0.0,0.0,0.0,0.0,0.0,0.0,0.0,0.0,0.0,0.0,0.0,0.0,0.0,0.0,0.0,0.0,0.0,0.0,0.0,0.0,0.0,0.0,0.0,0.0,0.0,0.0,0.0,0.0,0.0,0.0,0.0,0.0,0.0,0.0,0.0,0.0,0.0,0.0,0.0,0.0,0.0,0.0,0.0,0.0,0.0,0.0,0.0,0.0,0.0,0.0,0.0,0.0,0.0,0.0,0.0,0.0,0.0,0.0,0.0,0.0,0.0,0.0,0.0,0.0,0.0,0.0,0.0,0.0,0.0,0.0,0.0,0.0,0.0,0.0,0.0,0.0,0.0,0.0,0.0,0.0,
0.0,0.0,0.0,0.0,0.0,0.0,0.0,0.0,0.0,0.0,0.0,0.0,0.0,0.0,0.0,0.0,0.0,0.0,0.0,0.0,0.0,0.0,0.0,0.0,0.0,0.0,0.0,0.0,0.0,0.0,0.0,0.0,0.0,0.0,0.0,0.0,0.0,0.0,0.0,0.0,0.0,0.0,0.0,0.0,0.0,0.0,0.0,0.0,0.0,0.0,0.0,0.0,0.0,0.0,0.0,0.0,0.0,0.0,0.0,0.0,0.0,0.0,0.0,0.0,0.0,0.0,0.0,0.0,0.0,0.0,0.0,0.0,0.0,0.0,0.0,0.0,0.0,0.0,0.0,0.0,0.0,0.0,0.0,0.0,0.0,0.0,0.0,0.0,0.0,0.0,0.0,0.0,0.0,0.0,0.0,0.0,0.0,0.0,0.0,0.0,
0.0,0.0,0.0,0.0,0.0,0.0,0.0,0.0,0.0,0.0,0.0,0.0,0.0,0.0,0.0,0.0,0.0,0.0,0.0,0.0,0.0,0.0,0.0,0.0,0.0,0.0,0.0,0.0,0.0,0.0,0.0,0.0,0.0,0.0,0.0,0.0,0.0,0.0,0.0,0.0,0.0,0.0,0.0,0.0,0.0,0.0,0.0,0.0,0.0,0.0,0.0,0.0,0.0,0.0,0.0,0.0,0.0,0.0,0.0,0.0,0.0,0.0,0.0,0.0,0.0,0.0,0.0,0.0,0.0,0.0,0.0,0.0,0.0,0.0,0.0,0.0,0.0,0.0,0.0,0.0,0.0,0.0,0.0,0.0,0.0,0.0,0.0,0.0,0.0,0.0,0.0,0.0,0.0,0.0,0.0,0.0,0.0,0.0,0.0,0.0,
0.0,0.0,0.0,0.0,0.0,0.0,0.0,0.0,0.0,0.0,0.0,0.0,0.0,0.0,0.0,0.0,0.0,0.0,0.0,0.0,0.0,0.0,0.0,0.0,0.0,0.0,0.0,0.0,0.0,0.0,0.0,0.0,0.0,0.0,0.0,0.0,0.0,0.0,0.0,0.0,0.0,0.0,0.0,0.0,0.0,0.0,0.0,0.0,0.0,0.0,0.0,0.0,0.0,0.0,0.0,0.0,0.0,0.0,0.0,0.0,0.0,0.0,0.0,0.0,0.0,0.0,0.0,0.0,0.0,0.0,0.0,0.0,0.0,0.0,0.0,0.0,0.0,0.0,0.0,0.0,0.0,0.0,0.0,0.0,0.0,0.0,0.0,0.0,0.0,0.0,0.0,0.0,0.0,0.0,0.0,0.0,0.0,0.0,0.0,0.0,
0.0,0.0,0.0,-0.091,-0.101,-0.176,-0.137,-0.132,-0.115,-0.178,-0.137,-0.132,-0.115,-0.178,-0.137,-0.132,-0.115,-0.178,-0.137,-0.132,-0.115,-0.178,-0.137,-0.132,-0.115,-0.178,-0.137,-0.132,-0.115,-0.178,-0.137,-0.132,-0.115,-0.178,-0.137,-0.132,-0.115,-0.178,-0.137,-0.132,-0.115,-0.178,-0.137,-0.132,-0.115,-0.178,-0.137,-0.132,-0.115,-0.178,-0.137,-0.132,-0.115,-0.178,-0.137,-0.132,-0.115,-0.178,-0.137,-0.132,-0.115,-0.178,-0.137,-0.132,-0.115,-0.178,-0.137,-0.132,-0.115,-0.178,-0.137,-0.132,-0.115,-0.178,-0.137,-0.132,-0.115,-0.178,-0.137,-0.132,-0.115,-0.178,-0.137,-0.132,-0.115,-0.178,-0.137,-0.132,-0.115,-0.178,-0.137,-0.132,-0.115,-0.178,-0.137,-0.132,-0.115,-0.178,-0.137,-0.132,
0.0,0.0,0.0,0.0,0.0,0.0,0.0,0.0,0.0,0.0,0.0,0.0,0.0,0.0,0.0,0.0,0.0,0.0,0.0,0.0,0.0,0.0,0.0,0.0,0.0,0.0,0.0,0.0,0.0,0.0,0.0,0.0,0.0,0.0,0.0,0.0,0.0,0.0,0.0,0.0,0.0,0.0,0.0,0.0,0.0,0.0,0.0,0.0,0.0,0.0,0.0,0.0,0.0,0.0,0.0,0.0,0.0,0.0,0.0,0.0,0.0,0.0,0.0,0.0,0.0,0.0,0.0,0.0,0.0,0.0,0.0,0.0,0.0,0.0,0.0,0.0,0.0,0.0,0.0,0.0,0.0,0.0,0.0,0.0,0.0,0.0,0.0,0.0,0.0,0.0,0.0,0.0,0.0,0.0,0.0,0.0,0.0,0.0,0.0,0.0,
0.0,0.0,0.0,0.0,0.0,0.0,0.0,0.0,0.0,0.0,0.0,0.0,0.0,0.0,0.0,0.0,0.0,0.0,0.0,0.0,0.0,0.0,0.0,0.0,0.0,0.0,0.0,0.0,0.0,0.0,0.0,0.0,0.0,0.0,0.0,0.0,0.0,0.0,0.0,0.0,0.0,0.0,0.0,0.0,0.0,0.0,0.0,0.0,0.0,0.0,0.0,0.0,0.0,0.0,0.0,0.0,0.0,0.0,0.0,0.0,0.0,0.0,0.0,0.0,0.0,0.0,0.0,0.0,0.0,0.0,0.0,0.0,0.0,0.0,0.0,0.0,0.0,0.0,0.0,0.0,0.0,0.0,0.0,0.0,0.0,0.0,0.0,0.0,0.0,0.0,0.0,0.0,0.0,0.0,0.0,0.0,0.0,0.0,0.0,0.0,
0.0,0.0,0.0,0.0,0.0,0.0,0.0,0.0,0.0,0.0,0.0,0.0,0.0,0.0,0.0,0.0,0.0,0.0,0.0,0.0,0.0,0.0,0.0,0.0,0.0,0.0,0.0,0.0,0.0,0.0,0.0,0.0,0.0,0.0,0.0,0.0,0.0,0.0,0.0,0.0,0.0,0.0,0.0,0.0,0.0,0.0,0.0,0.0,0.0,0.0,0.0,0.0,0.0,0.0,0.0,0.0,0.0,0.0,0.0,0.0,0.0,0.0,0.0,0.0,0.0,0.0,0.0,0.0,0.0,0.0,0.0,0.0,0.0,0.0,0.0,0.0,0.0,0.0,0.0,0.0,0.0,0.0,0.0,0.0,0.0,0.0,0.0,0.0,0.0,0.0,0.0,0.0,0.0,0.0,0.0,0.0,0.0,0.0,0.0,0.0,
0.0,0.0,0.0,0.0,0.0,0.0,0.0,0.0,0.0,0.0,0.0,0.0,0.0,0.0,0.0,0.0,0.0,0.0,0.0,0.0,0.0,0.0,0.0,0.0,0.0,0.0,0.0,0.0,0.0,0.0,0.0,0.0,0.0,0.0,0.0,0.0,0.0,0.0,0.0,0.0,0.0,0.0,0.0,0.0,0.0,0.0,0.0,0.0,0.0,0.0,0.0,0.0,0.0,0.0,0.0,0.0,0.0,0.0,0.0,0.0,0.0,0.0,0.0,0.0,0.0,0.0,0.0,0.0,0.0,0.0,0.0,0.0,0.0,0.0,0.0,0.0,0.0,0.0,0.0,0.0,0.0,0.0,0.0,0.0,0.0,0.0,0.0,0.0,0.0,0.0,0.0,0.0,0.0,0.0,0.0,0.0,0.0,0.0,0.0,0.0,
0.0,0.0,0.0,0.0,0.0,0.0,0.0,0.0,0.0,0.0,0.0,0.0,0.0,0.0,0.0,0.0,0.0,0.0,0.0,0.0,0.0,0.0,0.0,0.0,0.0,0.0,0.0,0.0,0.0,0.0,0.0,0.0,0.0,0.0,0.0,0.0,0.0,0.0,0.0,0.0,0.0,0.0,0.0,0.0,0.0,0.0,0.0,0.0,0.0,0.0,0.0,0.0,0.0,0.0,0.0,0.0,0.0,0.0,0.0,0.0,0.0,0.0,0.0,0.0,0.0,0.0,0.0,0.0,0.0,0.0,0.0,0.0,0.0,0.0,0.0,0.0,0.0,0.0,0.0,0.0,0.0,0.0,0.0,0.0,0.0,0.0,0.0,0.0,0.0,0.0,0.0,0.0,0.0,0.0,0.0,0.0,0.0,0.0,0.0,0.0,
0.0,0.0,-0.066,-0.129,-0.153,-0.167,-0.238,-0.257,-0.259,-0.267,-0.274,-0.266,-0.26,-0.268,-0.274,-0.266,-0.26,-0.268,-0.274,-0.266,-0.26,-0.268,-0.274,-0.266,-0.26,-0.268,-0.274,-0.266,-0.26,-0.268,-0.274,-0.266,-0.26,-0.268,-0.274,-0.266,-0.26,-0.268,-0.274,-0.266,-0.26,-0.268,-0.274,-0.266,-0.26,-0.268,-0.274,-0.266,-0.26,-0.268,-0.274,-0.266,-0.26,-0.268,-0.274,-0.266,-0.26,-0.268,-0.274,-0.266,-0.26,-0.268,-0.274,-0.266,-0.26,-0.268,-0.274,-0.266,-0.26,-0.268,-0.274,-0.266,-0.26,-0.268,-0.274,-0.266,-0.26,-0.268,-0.274,-0.266,-0.26,-0.268,-0.274,-0.266,-0.26,-0.268,-0.274,-0.266,-0.26,-0.268,-0.274,-0.266,-0.26,-0.268,-0.274,-0.266,-0.26,-0.268,-0.274,-0.266,
0.0,0.0,0.0,0.0,-0.123,-0.155,-0.098,-0.117,-0.06,-0.11,-0.059,-0.11,-0.059,-0.11,-0.059,-0.11,-0.059,-0.11,-0.059,-0.11,-0.059,-0.11,-0.059,-0.11,-0.059,-0.11,-0.059,-0.11,-0.059,-0.11,-0.059,-0.11,-0.059,-0.11,-0.059,-0.11,-0.059,-0.11,-0.059,-0.11,-0.059,-0.11,-0.059,-0.11,-0.059,-0.11,-0.059,-0.11,-0.059,-0.11,-0.059,-0.11,-0.059,-0.11,-0.059,-0.11,-0.059,-0.11,-0.059,-0.11,-0.059,-0.11,-0.059,-0.11,-0.059,-0.11,-0.059,-0.11,-0.059,-0.11,-0.059,-0.11,-0.059,-0.11,-0.059,-0.11,-0.059,-0.11,-0.059,-0.11,-0.059,-0.11,-0.059,-0.11,-0.059,-0.11,-0.059,-0.11,-0.059,-0.11,-0.059,-0.11,-0.059,-0.11,-0.059,-0.11,-0.059,-0.11,-0.059,-0.11,
0.0,0.0,0.0,0.0,0.0,0.0,0.0,0.0,0.0,0.0,0.0,0.0,0.0,0.0,0.0,0.0,0.0,0.0,0.0,0.0,0.0,0.0,0.0,0.0,0.0,0.0,0.0,0.0,0.0,0.0,0.0,0.0,0.0,0.0,0.0,0.0,0.0,0.0,0.0,0.0,0.0,0.0,0.0,0.0,0.0,0.0,0.0,0.0,0.0,0.0,0.0,0.0,0.0,0.0,0.0,0.0,0.0,0.0,0.0,0.0,0.0,0.0,0.0,0.0,0.0,0.0,0.0,0.0,0.0,0.0,0.0,0.0,0.0,0.0,0.0,0.0,0.0,0.0,0.0,0.0,0.0,0.0,0.0,0.0,0.0,0.0,0.0,0.0,0.0,0.0,0.0,0.0,0.0,0.0,0.0,0.0,0.0,0.0,0.0,0.0,
0.0,0.0,0.0,0.0,-0.038,-0.03,-0.024,0.009,-0.014,-0.005,-0.027,-0.019,-0.003,0.009,-0.051,-0.008,0.011,-0.016,-0.041,0.006,-0.014,-0.005,-0.027,-0.019,-0.003,0.009,-0.051,-0.008,0.011,-0.016,-0.041,0.006,-0.014,-0.005,-0.027,-0.019,-0.003,0.009,-0.051,-0.008,0.011,-0.016,-0.041,0.006,-0.014,-0.005,-0.027,-0.019,-0.003,0.009,-0.051,-0.008,0.011,-0.016,-0.041,0.006,-0.014,-0.005,-0.027,-0.019,-0.003,0.009,-0.051,-0.008,0.011,-0.016,-0.041,0.006,-0.014,-0.005,-0.027,-0.019,-0.003,0.009,-0.051,-0.008,0.011,-0.016,-0.041,0.006,-0.014,-0.005,-0.027,-0.019,-0.003,0.009,-0.051,-0.008,0.011,-0.016,-0.041,0.006,-0.014,-0.005,-0.027,-0.019,-0.003,0.009,-0.051,-0.008,
0.0,0.0,-0.019,-0.093,-0.117,-0.101,-0.075,-0.075,-0.026,-0.06,-0.096,-0.134,-0.099,-0.131,-0.145,-0.152,-0.157,-0.176,-0.179,-0.164,-0.154,-0.161,-0.16,-0.176,-0.179,-0.164,-0.154,-0.161,-0.16,-0.176,-0.179,-0.164,-0.154,-0.161,-0.16,-0.176,-0.179,-0.164,-0.154,-0.161,-0.16,-0.176,-0.179,-0.164,-0.154,-0.161,-0.16,-0.176,-0.179,-0.164,-0.154,-0.161,-0.16,-0.176,-0.179,-0.164,-0.154,-0.161,-0.16,-0.176,-0.179,-0.164,-0.154,-0.161,-0.16,-0.176,-0.179,-0.164,-0.154,-0.161,-0.16,-0.176,-0.179,-0.164,-0.154,-0.161,-0.16,-0.176,-0.179,-0.164,-0.154,-0.161,-0.16,-0.176,-0.179,-0.164,-0.154,-0.161,-0.16,-0.176,-0.179,-0.164,-0.154,-0.161,-0.16,-0.176,-0.179,-0.164,-0.154,-0.161,
0.0,0.0,0.0,0.0,0.0,0.0,0.0,0.0,0.0,0.0,0.0,0.0,0.0,0.0,0.0,0.0,0.0,0.0,0.0,0.0,0.0,0.0,0.0,0.0,0.0,0.0,0.0,0.0,0.0,0.0,0.0,0.0,0.0,0.0,0.0,0.0,0.0,0.0,0.0,0.0,0.0,0.0,0.0,0.0,0.0,0.0,0.0,0.0,0.0,0.0,0.0,0.0,0.0,0.0,0.0,0.0,0.0,0.0,0.0,0.0,0.0,0.0,0.0,0.0,0.0,0.0,0.0,0.0,0.0,0.0,0.0,0.0,0.0,0.0,0.0,0.0,0.0,0.0,0.0,0.0,0.0,0.0,0.0,0.0,0.0,0.0,0.0,0.0,0.0,0.0,0.0,0.0,0.0,0.0,0.0,0.0,0.0,0.0,0.0,0.0,
0.0,0.0,-0.051,-0.089,-0.04,-0.018,-0.152,-0.134,-0.182,-0.161,-0.182,-0.159,-0.168,-0.171,-0.182,-0.178,-0.188,-0.155,-0.189,-0.152,-0.162,-0.166,-0.172,-0.153,-0.185,-0.167,-0.192,-0.174,-0.169,-0.175,-0.166,-0.147,-0.18,-0.158,-0.168,-0.171,-0.182,-0.178,-0.188,-0.155,-0.189,-0.152,-0.162,-0.166,-0.172,-0.153,-0.185,-0.167,-0.192,-0.174,-0.169,-0.175,-0.166,-0.147,-0.18,-0.158,-0.168,-0.171,-0.182,-0.178,-0.188,-0.155,-0.189,-0.152,-0.162,-0.166,-0.172,-0.153,-0.185,-0.167,-0.192,-0.174,-0.169,-0.175,-0.166,-0.147,-0.18,-0.158,-0.168,-0.171,-0.182,-0.178,-0.188,-0.155,-0.189,-0.152,-0.162,-0.166,-0.172,-0.153,-0.185,-0.167,-0.192,-0.174,-0.169,-0.175,-0.166,-0.147,-0.18,-0.158,
0.0,0.0,0.0,0.0,0.0,0.0,0.0,0.0,0.0,0.0,0.0,0.0,0.0,0.0,0.0,0.0,0.0,0.0,0.0,0.0,0.0,0.0,0.0,0.0,0.0,0.0,0.0,0.0,0.0,0.0,0.0,0.0,0.0,0.0,0.0,0.0,0.0,0.0,0.0,0.0,0.0,0.0,0.0,0.0,0.0,0.0,0.0,0.0,0.0,0.0,0.0,0.0,0.0,0.0,0.0,0.0,0.0,0.0,0.0,0.0,0.0,0.0,0.0,0.0,0.0,0.0,0.0,0.0,0.0,0.0,0.0,0.0,0.0,0.0,0.0,0.0,0.0,0.0,0.0,0.0,0.0,0.0,0.0,0.0,0.0,0.0,0.0,0.0,0.0,0.0,0.0,0.0,0.0,0.0,0.0,0.0,0.0,0.0,0.0,0.0,
0.0,0.0,-0.055,-0.123,-0.12,-0.157,-0.115,-0.131,-0.065,-0.05,-0.123,-0.167,-0.135,-0.157,-0.113,-0.138,-0.138,-0.134,-0.112,-0.085,-0.03,-0.141,-0.149,-0.153,-0.138,-0.132,-0.12,-0.157,-0.115,-0.131,-0.065,-0.05,-0.123,-0.167,-0.135,-0.157,-0.113,-0.138,-0.138,-0.134,-0.112,-0.085,-0.03,-0.141,-0.149,-0.153,-0.138,-0.132,-0.12,-0.157,-0.115,-0.131,-0.065,-0.05,-0.123,-0.167,-0.135,-0.157,-0.113,-0.138,-0.138,-0.134,-0.112,-0.085,-0.03,-0.141,-0.149,-0.153,-0.138,-0.132,-0.12,-0.157,-0.115,-0.131,-0.065,-0.05,-0.123,-0.167,-0.135,-0.157,-0.113,-0.138,-0.138,-0.134,-0.112,-0.085,-0.03,-0.141,-0.149,-0.153,-0.138,-0.132,-0.12,-0.157,-0.115,-0.131,-0.065,-0.05,-0.123,-0.167,
0.0,0.0,-0.095,-0.132,-0.182,-0.184,-0.153,-0.191,-0.178,-0.159,-0.184,-0.184,-0.153,-0.191,-0.178,-0.159,-0.184,-0.184,-0.153,-0.191,-0.178,-0.159,-0.184,-0.184,-0.153,-0.191,-0.178,-0.159,-0.184,-0.184,-0.153,-0.191,-0.178,-0.159,-0.184,-0.184,-0.153,-0.191,-0.178,-0.159,-0.184,-0.184,-0.153,-0.191,-0.178,-0.159,-0.184,-0.184,-0.153,-0.191,-0.178,-0.159,-0.184,-0.184,-0.153,-0.191,-0.178,-0.159,-0.184,-0.184,-0.153,-0.191,-0.178,-0.159,-0.184,-0.184,-0.153,-0.191,-0.178,-0.159,-0.184,-0.184,-0.153,-0.191,-0.178,-0.159,-0.184,-0.184,-0.153,-0.191,-0.178,-0.159,-0.184,-0.184,-0.153,-0.191,-0.178,-0.159,-0.184,-0.184,-0.153,-0.191,-0.178,-0.159,-0.184,-0.184,-0.153,-0.191,-0.178,-0.159,
0.0,0.0,0.0,0.0,0.0,0.0,0.0,0.0,0.0,0.0,0.0,0.0,0.0,0.0,0.0,0.0,0.0,0.0,0.0,0.0,0.0,0.0,0.0,0.0,0.0,0.0,0.0,0.0,0.0,0.0,0.0,0.0,0.0,0.0,0.0,0.0,0.0,0.0,0.0,0.0,0.0,0.0,0.0,0.0,0.0,0.0,0.0,0.0,0.0,0.0,0.0,0.0,0.0,0.0,0.0,0.0,0.0,0.0,0.0,0.0,0.0,0.0,0.0,0.0,0.0,0.0,0.0,0.0,0.0,0.0,0.0,0.0,0.0,0.0,0.0,0.0,0.0,0.0,0.0,0.0,0.0,0.0,0.0,0.0,0.0,0.0,0.0,0.0,0.0,0.0,0.0,0.0,0.0,0.0,0.0,0.0,0.0,0.0,0.0,0.0,


