1.0,0.593,0.464,0.472,0.453,0.395,0.385,0.392,0.389,0.42,
1.0,0.576,0.546,0.564,0.477,0.476,0.462,0.525,0.475,0.471,
0.847,0.462,0.486,0.408,0.393,0.382,0.384,0.359,0.39,0.391,
1.0,0.702,0.643,0.553,0.6,0.557,0.572,0.535,0.583,0.57,
1.0,0.546,0.647,0.488,0.444,0.469,0.47,0.49,0.47,0.462,
0.88,0.498,0.434,0.435,0.381,0.394,0.389,0.357,0.395,0.386,
0.814,0.56,0.41,0.381,0.362,0.378,0.368,0.369,0.38,0.377,
1.0,0.708,0.488,0.474,0.517,0.436,0.477,0.456,0.456,0.452,
0.969,0.624,0.606,0.547,0.509,0.537,0.532,0.512,0.53,0.506,
1.0,0.488,0.549,0.493,0.452,0.432,0.438,0.423,0.416,0.477,
0.861,0.486,0.377,0.347,0.384,0.36,0.361,0.387,0.362,0.353,
0.883,0.543,0.533,0.465,0.41,0.442,0.458,0.451,0.433,0.443,
1.0,0.656,0.592,0.495,0.537,0.518,0.485,0.538,0.52,0.5,
1.0,0.472,0.476,0.454,0.421,0.436,0.405,0.426,0.403,0.434,
1.0,0.558,0.518,0.497,0.468,0.469,0.478,0.496,0.443,0.459,
1.0,0.684,0.529,0.505,0.519,0.48,0.506,0.48,0.499,0.515,
1.0,0.743,0.523,0.524,0.573,0.52,0.491,0.499,0.494,0.497,
1.0,0.589,0.474,0.459,0.51,0.451,0.472,0.455,0.468,0.433,
0.789,0.493,0.437,0.448,0.475,0.42,0.417,0.395,0.408,0.381,
0.779,0.493,0.49,0.394,0.406,0.39,0.373,0.39,0.391,0.375,
1.0,0.691,0.577,0.55,0.522,0.553,0.524,0.537,0.51,0.522,
1.0,0.526,0.489,0.45,0.428,0.48,0.419,0.426,0.418,0.451,
0.837,0.517,0.473,0.425,0.423,0.395,0.392,0.429,0.396,0.38,
1.0,0.583,0.521,0.564,0.515,0.504,0.473,0.491,0.536,0.494,
1.0,0.558,0.586,0.468,0.439,0.438,0.434,0.455,0.453,0.489,
1.0,0.658,0.592,0.493,0.488,0.49,0.51,0.463,0.524,0.489,
1.0,0.596,0.479,0.471,0.482,0.452,0.454,0.483,0.504,0.473,
1.0,0.485,0.542,0.423,0.405,0.45,0.408,0.413,0.413,0.413,
0.75,0.413,0.436,0.345,0.346,0.326,0.337,0.337,0.336,0.324,
0.918,0.6,0.537,0.485,0.515,0.499,0.491,0.491,0.488,0.461,
1.0,0.498,0.454,0.477,0.369,0.387,0.433,0.387,0.385,0.402,
1.0,0.463,0.494,0.473,0.384,0.381,0.384,0.378,0.417,0.387,
0.823,0.489,0.438,0.443,0.336,0.374,0.356,0.358,0.395,0.377,
1.0,0.626,0.508,0.475,0.514,0.468,0.49,0.501,0.461,0.504,
1.0,0.662,0.667,0.568,0.606,0.602,0.581,0.554,0.567,0.576,
0.925,0.542,0.484,0.47,0.424,0.435,0.418,0.437,0.416,0.42,
0.841,0.464,0.545,0.472,0.391,0.38,0.357,0.375,0.385,0.394,
1.0,0.618,0.572,0.553,0.583,0.539,0.543,0.537,0.52,0.537,
1.0,0.521,0.515,0.451,0.434,0.447,0.407,0.418,0.414,0.424,
1.0,0.459,0.41,0.376,0.375,0.354,0.34,0.317,0.32,0.331,
0.853,0.492,0.407,0.411,0.355,0.376,0.386,0.352,0.35,0.356,
0.813,0.548,0.457,0.413,0.383,0.396,0.404,0.401,0.433,0.396,
0.877,0.498,0.508,0.395,0.41,0.397,0.394,0.385,0.391,0.395,
0.939,0.631,0.534,0.531,0.511,0.494,0.473,0.476,0.485,0.487,
1.0,0.531,0.524,0.412,0.424,0.422,0.395,0.403,0.413,0.387,
0.815,0.473,0.469,0.395,0.365,0.379,0.363,0.391,0.367,0.382,
1.0,0.62,0.501,0.459,0.494,0.457,0.496,0.469,0.457,0.463,
1.0,0.687,0.607,0.507,0.518,0.485,0.505,0.492,0.487,0.483,
0.748,0.596,0.406,0.416,0.402,0.399,0.392,0.404,0.384,0.382,
0.9,0.546,0.482,0.522,0.431,0.402,0.422,0.427,0.428,0.436,
1.0,0.692,0.544,0.509,0.5,0.53,0.505,0.564,0.489,0.519,
1.0,0.598,0.555,0.526,0.477,0.481,0.523,0.493,0.559,0.502,
0.796,0.503,0.425,0.391,0.418,0.388,0.373,0.384,0.376,0.345,
1.0,0.598,0.52,0.541,0.461,0.508,0.49,0.506,0.459,0.478,
1.0,0.664,0.573,0.54,0.555,0.549,0.51,0.545,0.542,0.544,
1.0,0.513,0.476,0.399,0.398,0.396,0.392,0.426,0.419,0.41,
1.0,0.738,0.593,0.579,0.557,0.58,0.615,0.577,0.534,0.553,
1.0,0.468,0.385,0.398,0.405,0.381,0.355,0.378,0.384,0.343,
1.0,0.536,0.51,0.438,0.401,0.465,0.398,0.387,0.422,0.406,
1.0,0.575,0.597,0.459,0.457,0.449,0.495,0.427,0.462,0.477,
0.989,0.756,0.528,0.522,0.564,0.555,0.54,0.53,0.505,0.527,
1.0,0.532,0.387,0.452,0.382,0.366,0.368,0.374,0.376,0.374,
1.0,0.556,0.436,0.384,0.378,0.426,0.411,0.405,0.384,0.396,
0.858,0.492,0.442,0.432,0.397,0.439,0.399,0.374,0.389,0.365,
1.0,0.671,0.547,0.505,0.517,0.534,0.5,0.504,0.498,0.496,
1.0,0.524,0.432,0.503,0.501,0.49,0.442,0.451,0.441,0.433,
0.874,0.515,0.47,0.456,0.422,0.429,0.408,0.394,0.415,0.433,
0.985,0.509,0.497,0.444,0.429,0.516,0.427,0.424,0.436,0.418,
1.0,0.592,0.581,0.602,0.487,0.458,0.525,0.527,0.52,0.521,
1.0,0.546,0.473,0.418,0.444,0.438,0.378,0.39,0.425,0.418,
1.0,0.55,0.518,0.45,0.433,0.454,0.427,0.429,0.457,0.429,
1.0,0.645,0.522,0.501,0.483,0.518,0.47,0.462,0.521,0.496,
0.897,0.587,0.531,0.475,0.459,0.475,0.453,0.455,0.454,0.483,
1.0,0.666,0.497,0.521,0.472,0.495,0.466,0.475,0.488,0.507,
1.0,0.622,0.524,0.493,0.48,0.516,0.472,0.472,0.444,0.47,
0.863,0.534,0.421,0.404,0.391,0.396,0.391,0.393,0.383,0.406,
1.0,0.71,0.589,0.534,0.611,0.523,0.502,0.506,0.549,0.557,
0.852,0.683,0.561,0.519,0.515,0.511,0.488,0.486,0.493,0.537,
1.0,0.562,0.473,0.423,0.474,0.423,0.395,0.409,0.409,0.406,
0.807,0.496,0.42,0.448,0.415,0.395,0.393,0.378,0.369,0.383,
0.815,0.508,0.483,0.412,0.389,0.395,0.401,0.392,0.41,0.379,
1.0,0.625,0.506,0.452,0.452,0.447,0.446,0.515,0.481,0.438,
1.0,0.511,0.435,0.388,0.384,0.433,0.393,0.37,0.355,0.384,
0.75,0.378,0.444,0.386,0.404,0.42,0.438,0.397,0.39,0.392,
0.988,0.672,0.559,0.577,0.517,0.494,0.524,0.541,0.503,0.502,
1.0,0.649,0.572,0.542,0.54,0.518,0.496,0.506,0.541,0.501,
1.0,0.536,0.418,0.42,0.446,0.401,0.378,0.423,0.381,0.379,
0.867,0.492,0.512,0.415,0.404,0.407,0.398,0.367,0.421,0.406,
1.0,0.568,0.458,0.437,0.405,0.403,0.384,0.413,0.414,0.386,
1.0,0.574,0.474,0.421,0.426,0.443,0.411,0.437,0.414,0.401,
1.0,0.678,0.613,0.567,0.51,0.53,0.554,0.533,0.524,0.542,
1.0,0.615,0.564,0.489,0.531,0.49,0.52,0.49,0.507,0.483,
1.0,0.636,0.531,0.449,0.482,0.451,0.452,0.438,0.472,0.466,
0.857,0.537,0.408,0.375,0.439,0.394,0.381,0.362,0.354,0.382,
0.936,0.63,0.541,0.528,0.602,0.506,0.503,0.485,0.547,0.509,
1.0,0.498,0.441,0.502,0.412,0.365,0.392,0.393,0.42,0.42,
0.765,0.587,0.449,0.422,0.427,0.384,0.455,0.422,0.402,0.386,
0.78,0.442,0.488,0.485,0.382,0.398,0.396,0.423,0.39,0.381,
1.0,0.55,0.558,0.497,0.517,0.475,0.472,0.49,0.502,0.484,
1.0,0.654,0.495,0.453,0.467,0.456,0.428,0.441,0.441,0.435,
1.0,0.584,0.538,0.461,0.515,0.486,0.47,0.446,0.45,0.454,
0.896,0.511,0.516,0.43,0.437,0.398,0.375,0.396,0.387,0.399,
1.0,0.65,0.539,0.535,0.544,0.488,0.469,0.477,0.493,0.502,
1.0,0.427,0.544,0.415,0.388,0.398,0.393,0.377,0.41,0.396,
1.0,0.6,0.572,0.468,0.549,0.487,0.488,0.467,0.483,0.514,
0.786,0.568,0.339,0.428,0.399,0.398,0.395,0.391,0.4,0.391,
0.855,0.442,0.539,0.432,0.421,0.395,0.375,0.359,0.385,0.387,
0.852,0.53,0.549,0.442,0.431,0.415,0.399,0.418,0.423,0.444,
1.0,0.654,0.598,0.534,0.581,0.597,0.56,0.519,0.577,0.532,
1.0,0.489,0.491,0.441,0.418,0.393,0.417,0.432,0.417,0.443,
0.804,0.568,0.446,0.386,0.378,0.362,0.379,0.394,0.361,0.38,
1.0,0.621,0.522,0.506,0.478,0.464,0.461,0.455,0.486,0.462,
1.0,0.535,0.429,0.426,0.433,0.421,0.386,0.376,0.382,0.435,
0.8,0.437,0.449,0.463,0.374,0.409,0.372,0.412,0.389,0.398,
1.0,0.635,0.641,0.501,0.529,0.531,0.518,0.516,0.519,0.522,
1.0,0.659,0.565,0.553,0.511,0.542,0.469,0.536,0.528,0.54,
1.0,0.431,0.452,0.365,0.405,0.405,0.363,0.372,0.362,0.37,
0.849,0.521,0.481,0.454,0.41,0.459,0.426,0.416,0.433,0.429,
0.808,0.495,0.457,0.387,0.38,0.39,0.381,0.381,0.375,0.373,
1.0,0.578,0.509,0.486,0.451,0.497,0.443,0.462,0.438,0.458,
1.0,0.593,0.572,0.548,0.492,0.5,0.492,0.48,0.466,0.465,
1.0,0.631,0.487,0.442,0.44,0.461,0.472,0.455,0.41,0.512,
1.0,0.664,0.565,0.495,0.563,0.491,0.5,0.47,0.506,0.488,
1.0,0.614,0.424,0.401,0.428,0.408,0.431,0.406,0.413,0.407,
0.81,0.576,0.522,0.421,0.421,0.425,0.452,0.409,0.423,0.422,
1.0,0.601,0.629,0.543,0.486,0.497,0.524,0.49,0.524,0.514,
1.0,0.492,0.507,0.407,0.402,0.394,0.388,0.395,0.394,0.394,
1.0,0.607,0.543,0.453,0.469,0.469,0.448,0.429,0.444,0.436,
0.821,0.482,0.43,0.381,0.373,0.375,0.367,0.351,0.357,0.337,
0.944,0.68,0.572,0.543,0.527,0.525,0.484,0.521,0.536,0.53,
1.0,0.639,0.51,0.472,0.461,0.489,0.459,0.453,0.501,0.481,
0.835,0.53,0.468,0.404,0.375,0.371,0.386,0.366,0.449,0.387,
0.953,0.648,0.515,0.481,0.487,0.557,0.475,0.471,0.482,0.478,
1.0,0.597,0.473,0.416,0.451,0.405,0.417,0.417,0.412,0.41,
1.0,0.444,0.406,0.379,0.368,0.324,0.341,0.328,0.344,0.341,
1.0,0.554,0.441,0.439,0.448,0.417,0.406,0.457,0.439,0.418,
0.828,0.533,0.486,0.433,0.41,0.422,0.363,0.397,0.4,0.431,
0.753,0.441,0.441,0.399,0.372,0.407,0.371,0.387,0.373,0.365,
1.0,0.59,0.475,0.555,0.459,0.458,0.467,0.482,0.483,0.462,
1.0,0.569,0.506,0.436,0.482,0.434,0.44,0.431,0.421,0.426,
0.872,0.506,0.475,0.398,0.389,0.379,0.392,0.375,0.387,0.367,
1.0,0.62,0.52,0.478,0.465,0.471,0.513,0.481,0.461,0.47,
1.0,0.565,0.505,0.493,0.44,0.499,0.445,0.488,0.482,0.455,
1.0,0.548,0.548,0.424,0.426,0.408,0.42,0.412,0.416,0.416,
0.881,0.616,0.499,0.432,0.42,0.416,0.446,0.433,0.423,0.434,
0.787,0.548,0.481,0.412,0.392,0.401,0.449,0.406,0.392,0.404,
1.0,0.587,0.488,0.486,0.505,0.453,0.469,0.46,0.485,0.506,
1.0,0.543,0.5,0.412,0.443,0.473,0.44,0.405,0.456,0.438,
0.775,0.389,0.394,0.365,0.381,0.358,0.346,0.378,0.357,0.35,
0.997,0.626,0.585,0.483,0.544,0.505,0.48,0.527,0.518,0.543,
1.0,0.513,0.521,0.466,0.448,0.416,0.429,0.435,0.466,0.478,
1.0,0.499,0.444,0.415,0.363,0.424,0.392,0.372,0.377,0.383,
1.0,0.596,0.469,0.403,0.392,0.435,0.376,0.382,0.403,0.368,
1.0,0.476,0.385,0.345,0.339,0.378,0.349,0.384,0.369,0.35,
1.0,0.62,0.482,0.451,0.516,0.475,0.461,0.459,0.447,0.442,
0.831,0.493,0.422,0.445,0.393,0.354,0.409,0.384,0.355,0.398,
1.0,0.661,0.523,0.487,0.496,0.466,0.452,0.48,0.478,0.454,
0.831,0.502,0.378,0.419,0.369,0.373,0.388,0.367,0.378,0.391,
0.835,0.504,0.445,0.445,0.422,0.382,0.41,0.377,0.411,0.382,
0.82,0.511,0.441,0.401,0.347,0.36,0.374,0.35,0.393,0.335,
1.0,0.53,0.502,0.454,0.425,0.425,0.397,0.425,0.436,0.413,
1.0,0.568,0.477,0.448,0.43,0.429,0.404,0.419,0.419,0.42,
0.822,0.442,0.462,0.407,0.37,0.353,0.383,0.32,0.353,0.382,
1.0,0.662,0.56,0.534,0.515,0.487,0.516,0.516,0.529,0.519,
1.0,0.485,0.454,0.398,0.378,0.399,0.383,0.382,0.374,0.41,
0.92,0.541,0.398,0.437,0.409,0.385,0.408,0.429,0.411,0.406,
0.828,0.54,0.436,0.396,0.38,0.425,0.402,0.393,0.392,0.388,
1.0,0.648,0.579,0.579,0.537,0.533,0.489,0.474,0.551,0.486,
1.0,0.625,0.453,0.51,0.515,0.455,0.471,0.469,0.463,0.455,
1.0,0.695,0.576,0.537,0.536,0.499,0.515,0.531,0.558,0.513,
0.828,0.441,0.466,0.356,0.399,0.364,0.327,0.361,0.376,0.37,
0.842,0.499,0.484,0.373,0.373,0.366,0.379,0.378,0.414,0.38,
1.0,0.645,0.457,0.477,0.484,0.466,0.456,0.485,0.46,0.429,
1.0,0.551,0.406,0.413,0.434,0.433,0.4,0.412,0.401,0.406,
1.0,0.547,0.448,0.513,0.424,0.402,0.397,0.413,0.426,0.413,
0.759,0.585,0.458,0.441,0.401,0.4,0.428,0.412,0.415,0.397,
1.0,0.677,0.567,0.527,0.551,0.516,0.504,0.524,0.529,0.495,
1.0,0.614,0.532,0.558,0.521,0.534,0.535,0.485,0.499,0.488,
1.0,0.608,0.478,0.424,0.396,0.452,0.438,0.408,0.439,0.43,
0.956,0.566,0.487,0.528,0.403,0.417,0.405,0.408,0.412,0.408,
0.957,0.568,0.553,0.501,0.53,0.476,0.487,0.512,0.46,0.492,
1.0,0.541,0.483,0.407,0.425,0.463,0.443,0.448,0.436,0.408,
0.833,0.502,0.48,0.442,0.452,0.414,0.404,0.425,0.447,0.454,
1.0,0.648,0.521,0.55,0.519,0.533,0.513,0.51,0.576,0.51,
1.0,0.574,0.487,0.403,0.477,0.446,0.433,0.436,0.427,0.481,
0.881,0.533,0.441,0.387,0.39,0.392,0.395,0.382,0.391,0.349,
1.0,0.57,0.515,0.513,0.509,0.472,0.44,0.484,0.461,0.469,
1.0,0.606,0.502,0.509,0.543,0.477,0.473,0.467,0.458,0.474,
0.832,0.524,0.457,0.46,0.39,0.411,0.4,0.428,0.377,0.374,
0.86,0.438,0.492,0.456,0.453,0.421,0.412,0.414,0.413,0.414,
0.99,0.674,0.551,0.529,0.493,0.505,0.464,0.522,0.582,0.492,
0.921,0.718,0.542,0.477,0.511,0.482,0.495,0.512,0.514,0.458,
1.0,0.509,0.451,0.368,0.409,0.393,0.44,0.391,0.402,0.4,
0.938,0.618,0.562,0.486,0.494,0.486,0.479,0.495,0.477,0.493,
0.98,0.63,0.615,0.548,0.552,0.54,0.5,0.514,0.471,0.525,
1.0,0.568,0.47,0.395,0.425,0.416,0.393,0.381,0.4,0.372,
0.84,0.531,0.442,0.402,0.394,0.377,0.418,0.383,0.387,0.386,
0.872,0.525,0.42,0.456,0.383,0.395,0.381,0.381,0.374,0.382,
1.0,0.726,0.502,0.521,0.498,0.485,0.501,0.508,0.505,0.488,
1.0,0.454,0.398,0.409,0.407,0.36,0.367,0.364,0.361,0.397,
1.0,0.716,0.528,0.577,0.506,0.512,0.482,0.531,0.587,0.551,
0.822,0.516,0.41,0.428,0.378,0.376,0.361,0.358,0.351,0.323,
0.816,0.444,0.399,0.379,0.376,0.344,0.339,0.326,0.345,0.351,
1.0,0.641,0.533,0.548,0.532,0.497,0.471,0.507,0.484,0.508,
1.0,0.554,0.509,0.469,0.453,0.491,0.436,0.445,0.45,0.445,
0.852,0.597,0.497,0.432,0.459,0.436,0.433,0.419,0.43,0.43,
0.965,0.583,0.634,0.503,0.49,0.468,0.507,0.502,0.513,0.502,
0.984,0.744,0.543,0.565,0.592,0.543,0.525,0.525,0.554,0.56,
1.0,0.659,0.544,0.497,0.521,0.468,0.469,0.467,0.48,0.45,
0.786,0.473,0.414,0.4,0.398,0.389,0.368,0.37,0.397,0.388,
0.808,0.457,0.475,0.424,0.449,0.426,0.395,0.405,0.384,0.405,
1.0,0.666,0.548,0.488,0.504,0.493,0.481,0.485,0.534,0.516,
1.0,0.574,0.499,0.422,0.525,0.466,0.468,0.451,0.439,0.43,
0.82,0.582,0.408,0.391,0.4,0.377,0.387,0.388,0.372,0.392,
0.999,0.632,0.611,0.525,0.509,0.483,0.486,0.516,0.488,0.507,
1.0,0.735,0.585,0.565,0.557,0.528,0.527,0.551,0.582,0.567,
1.0,0.531,0.55,0.472,0.477,0.45,0.462,0.479,0.465,0.44,
1.0,0.524,0.516,0.41,0.419,0.451,0.453,0.418,0.409,0.412,
1.0,0.531,0.503,0.397,0.382,0.389,0.394,0.394,0.423,0.408,
1.0,0.727,0.553,0.512,0.537,0.487,0.499,0.513,0.505,0.541,
0.794,0.538,0.49,0.511,0.488,0.434,0.453,0.441,0.449,0.45,
1.0,0.56,0.575,0.526,0.496,0.493,0.471,0.49,0.45,0.449,
1.0,0.521,0.532,0.424,0.444,0.411,0.401,0.375,0.407,0.406,
0.832,0.475,0.446,0.422,0.383,0.403,0.392,0.371,0.377,0.383,
1.0,0.653,0.537,0.558,0.475,0.473,0.504,0.509,0.532,0.482,
1.0,0.54,0.488,0.407,0.465,0.411,0.366,0.463,0.41,0.389,
0.876,0.548,0.455,0.417,0.421,0.394,0.406,0.435,0.382,0.384,
0.858,0.486,0.571,0.448,0.444,0.422,0.428,0.432,0.429,0.43,
1.0,0.634,0.612,0.547,0.521,0.491,0.506,0.53,0.532,0.512,
1.0,0.618,0.51,0.483,0.448,0.458,0.453,0.465,0.458,0.44,
1.0,0.521,0.486,0.442,0.445,0.409,0.414,0.41,0.429,0.401,
0.796,0.485,0.413,0.413,0.464,0.386,0.367,0.4,0.371,0.421,
0.918,0.523,0.472,0.43,0.395,0.37,0.415,0.38,0.39,0.357,
1.0,0.679,0.517,0.482,0.49,0.518,0.457,0.476,0.5,0.522,
0.953,0.683,0.534,0.5,0.493,0.507,0.498,0.527,0.564,0.489,
0.82,0.492,0.395,0.413,0.37,0.395,0.412,0.363,0.395,0.382,
0.865,0.519,0.465,0.453,0.428,0.377,0.431,0.427,0.429,0.409,
1.0,0.678,0.553,0.5,0.5,0.502,0.53,0.496,0.468,0.582,
0.93,0.685,0.528,0.478,0.475,0.51,0.499,0.472,0.512,0.465,
1.0,0.596,0.436,0.387,0.473,0.385,0.423,0.454,0.426,0.394,
0.873,0.498,0.518,0.46,0.406,0.415,0.415,0.404,0.418,0.416,
0.909,0.693,0.58,0.543,0.498,0.525,0.508,0.53,0.539,0.489,
1.0,0.505,0.529,0.506,0.495,0.488,0.44,0.44,0.483,0.433,
1.0,0.485,0.491,0.456,0.46,0.43,0.422,0.451,0.435,0.445,
1.0,0.575,0.576,0.492,0.457,0.491,0.508,0.496,0.462,0.452,
1.0,0.691,0.546,0.503,0.491,0.508,0.502,0.534,0.496,0.53,
0.981,0.573,0.581,0.516,0.507,0.484,0.473,0.485,0.481,0.519,
0.94,0.541,0.507,0.426,0.415,0.396,0.415,0.415,0.423,0.383,
1.0,0.667,0.502,0.472,0.455,0.458,0.446,0.458,0.459,0.491,
1.0,0.571,0.432,0.418,0.411,0.381,0.38,0.398,0.405,0.398,
1.0,0.663,0.56,0.491,0.484,0.48,0.472,0.498,0.483,0.459,
0.981,0.658,0.556,0.56,0.526,0.497,0.562,0.498,0.541,0.507,
1.0,0.577,0.538,0.428,0.41,0.419,0.427,0.453,0.421,0.429,
0.838,0.492,0.464,0.384,0.41,0.361,0.435,0.373,0.406,0.4,
0.833,0.495,0.409,0.451,0.41,0.422,0.407,0.406,0.374,0.389,
0.957,0.554,0.554,0.501,0.467,0.459,0.481,0.476,0.445,0.454,
1.0,0.525,0.453,0.467,0.467,0.517,0.438,0.436,0.452,0.441,
1.0,0.459,0.488,0.359,0.411,0.357,0.354,0.351,0.353,0.359,
0.829,0.471,0.515,0.412,0.418,0.378,0.389,0.39,0.391,0.402,
1.0,0.587,0.547,0.521,0.515,0.468,0.468,0.511,0.511,0.477,
1.0,0.542,0.466,0.467,0.399,0.397,0.404,0.441,0.392,0.391,
0.837,0.616,0.432,0.401,0.394,0.378,0.387,0.399,0.407,0.402,
1.0,0.733,0.56,0.532,0.541,0.512,0.519,0.526,0.525,0.576,
1.0,0.605,0.413,0.395,0.373,0.422,0.38,0.384,0.403,0.38,
1.0,0.584,0.594,0.53,0.554,0.497,0.509,0.484,0.474,0.468,
1.0,0.545,0.429,0.429,0.427,0.382,0.397,0.401,0.404,0.469,
0.862,0.534,0.486,0.486,0.421,0.404,0.407,0.414,0.414,0.433,
0.851,0.501,0.448,0.401,0.382,0.424,0.401,0.369,0.375,0.391,
0.957,0.615,0.6,0.496,0.493,0.505,0.5,0.56,0.527,0.489,
1.0,0.57,0.464,0.394,0.378,0.424,0.393,0.384,0.368,0.378,
0.863,0.601,0.416,0.417,0.421,0.453,0.398,0.401,0.396,0.395,
0.999,0.659,0.622,0.546,0.568,0.517,0.524,0.52,0.522,0.517,
1.0,0.514,0.55,0.4,0.422,0.405,0.421,0.409,0.412,0.474,
1.0,0.505,0.463,0.484,0.43,0.412,0.424,0.411,0.473,0.423,
0.928,0.479,0.471,0.444,0.446,0.397,0.395,0.387,0.392,0.427,
0.843,0.536,0.515,0.453,0.432,0.447,0.422,0.446,0.433,0.421,
1.0,0.573,0.546,0.524,0.494,0.477,0.444,0.468,0.477,0.523,
1.0,0.595,0.389,0.406,0.386,0.396,0.388,0.408,0.385,0.409,
0.871,0.561,0.45,0.401,0.387,0.388,0.367,0.369,0.378,0.406,
0.984,0.667,0.565,0.548,0.557,0.498,0.501,0.51,0.533,0.496,
0.799,0.513,0.481,0.436,0.414,0.388,0.435,0.403,0.469,0.419,
0.757,0.55,0.418,0.447,0.391,0.402,0.395,0.373,0.376,0.39,
1.0,0.486,0.472,0.398,0.461,0.404,0.387,0.384,0.416,0.472,
1.0,0.529,0.397,0.428,0.399,0.439,0.409,0.368,0.387,0.399,
0.804,0.507,0.406,0.417,0.348,0.394,0.408,0.364,0.357,0.342,
0.939,0.682,0.594,0.527,0.551,0.588,0.527,0.517,0.509,0.515,
0.958,0.646,0.608,0.542,0.541,0.551,0.511,0.519,0.533,0.521,
1.0,0.559,0.416,0.516,0.436,0.44,0.464,0.413,0.409,0.419,
0.764,0.413,0.46,0.407,0.401,0.393,0.374,0.36,0.357,0.376,
0.926,0.534,0.507,0.459,0.464,0.44,0.423,0.43,0.433,0.441,
1.0,0.613,0.586,0.555,0.516,0.525,0.506,0.532,0.523,0.529,
1.0,0.686,0.467,0.464,0.464,0.486,0.444,0.455,0.443,0.457,
0.848,0.485,0.465,0.379,0.414,0.371,0.396,0.373,0.356,0.374,
1.0,0.661,0.533,0.557,0.497,0.489,0.494,0.497,0.497,0.557,
1.0,0.587,0.521,0.425,0.448,0.417,0.405,0.382,0.419,0.394,
0.871,0.594,0.433,0.467,0.409,0.449,0.426,0.417,0.416,0.399,
1.0,0.568,0.486,0.429,0.483,0.435,0.458,0.444,0.425,0.439,
0.855,0.503,0.45,0.415,0.378,0.365,0.388,0.377,0.371,0.394,
1.0,0.68,0.581,0.578,0.604,0.532,0.54,0.551,0.588,0.526,
1.0,0.572,0.641,0.505,0.492,0.471,0.537,0.494,0.508,0.483,
1.0,0.485,0.452,0.451,0.393,0.372,0.349,0.363,0.371,0.402,
0.85,0.494,0.442,0.367,0.358,0.363,0.353,0.364,0.37,0.344,
1.0,0.623,0.447,0.494,0.459,0.429,0.442,0.468,0.443,0.443,
1.0,0.554,0.503,0.532,0.443,0.487,0.456,0.439,0.482,0.44,
0.851,0.586,0.419,0.395,0.415,0.398,0.385,0.379,0.38,0.401,
0.826,0.482,0.494,0.39,0.403,0.371,0.367,0.385,0.392,0.393,
1.0,0.651,0.548,0.521,0.58,0.532,0.514,0.497,0.515,0.464,
1.0,0.657,0.52,0.511,0.514,0.486,0.478,0.479,0.467,0.469,
1.0,0.551,0.47,0.414,0.457,0.428,0.393,0.445,0.415,0.434,
0.806,0.452,0.46,0.389,0.374,0.42,0.377,0.357,0.37,0.371,
0.971,0.683,0.595,0.498,0.572,0.503,0.536,0.5,0.501,0.496,
1.0,0.527,0.447,0.479,0.415,0.416,0.484,0.41,0.431,0.426,
1.0,0.682,0.563,0.521,0.527,0.492,0.487,0.517,0.476,0.51,
1.0,0.581,0.461,0.47,0.447,0.407,0.435,0.448,0.436,0.423,
1.0,0.519,0.494,0.398,0.394,0.399,0.397,0.402,0.394,0.432,
0.858,0.62,0.457,0.403,0.412,0.392,0.425,0.378,0.382,0.413,
1.0,0.658,0.556,0.503,0.498,0.512,0.499,0.523,0.512,0.511,
1.0,0.593,0.522,0.421,0.471,0.43,0.431,0.413,0.44,0.415,
0.822,0.486,0.441,0.403,0.406,0.397,0.4,0.398,0.406,0.396,
0.913,0.579,0.408,0.408,0.415,0.385,0.375,0.382,0.362,0.397,
1.0,0.642,0.578,0.543,0.568,0.553,0.544,0.564,0.503,0.515,
1.0,0.603,0.487,0.468,0.482,0.448,0.465,0.536,0.456,0.449,
1.0,0.513,0.449,0.392,0.409,0.373,0.408,0.369,0.35,0.379,
1.0,0.611,0.535,0.515,0.491,0.482,0.47,0.505,0.467,0.497,
1.0,0.689,0.585,0.585,0.573,0.508,0.52,0.577,0.534,0.576,
0.947,0.626,0.437,0.405,0.441,0.447,0.451,0.429,0.392,0.425,
0.878,0.574,0.468,0.477,0.444,0.42,0.454,0.412,0.463,0.409,
0.821,0.461,0.438,0.393,0.353,0.376,0.351,0.356,0.366,0.363,
0.958,0.599,0.526,0.468,0.477,0.447,0.465,0.507,0.487,0.449,
1.0,0.591,0.507,0.468,0.488,0.438,0.432,0.453,0.438,0.467,
1.0,0.639,0.525,0.56,0.523,0.458,0.503,0.478,0.561,0.493,
1.0,0.521,0.427,0.419,0.432,0.39,0.385,0.382,0.386,0.381,
0.906,0.623,0.491,0.432,0.436,0.424,0.434,0.433,0.419,0.439,
1.0,0.627,0.52,0.464,0.529,0.498,0.466,0.478,0.483,0.466,
1.0,0.523,0.38,0.397,0.407,0.359,0.406,0.367,0.374,0.372,
1.0,0.501,0.48,0.525,0.454,0.434,0.439,0.435,0.418,0.441,
0.976,0.7,0.594,0.518,0.534,0.514,0.513,0.585,0.51,0.511,
0.981,0.567,0.593,0.545,0.523,0.491,0.54,0.531,0.51,0.479,
1.0,0.561,0.423,0.467,0.411,0.445,0.402,0.388,0.374,0.413,
0.86,0.482,0.417,0.407,0.408,0.374,0.402,0.376,0.363,0.377,
0.879,0.612,0.59,0.506,0.521,0.525,0.543,0.533,0.508,0.53,
1.0,0.553,0.52,0.467,0.459,0.443,0.42,0.445,0.422,0.43,
1.0,0.484,0.417,0.414,0.379,0.396,0.396,0.374,0.382,0.389,
0.781,0.455,0.38,0.379,0.356,0.373,0.353,0.353,0.356,0.355,
1.0,0.512,0.425,0.392,0.446,0.379,0.379,0.38,0.388,0.429,
0.863,0.575,0.484,0.415,0.42,0.392,0.402,0.404,0.405,0.418,
0.9,0.527,0.459,0.394,0.423,0.369,0.383,0.38,0.403,0.405,
1.0,0.719,0.496,0.458,0.484,0.463,0.476,0.545,0.449,0.439,
1.0,0.462,0.499,0.424,0.426,0.384,0.424,0.406,0.368,0.401,
0.853,0.604,0.532,0.452,0.479,0.448,0.458,0.464,0.447,0.518,
0.825,0.518,0.538,0.393,0.364,0.378,0.413,0.392,0.376,0.391,
0.988,0.656,0.527,0.569,0.558,0.529,0.51,0.505,0.493,0.543,
1.0,0.599,0.427,0.463,0.48,0.436,0.406,0.414,0.396,0.398,
0.853,0.557,0.413,0.414,0.404,0.407,0.407,0.404,0.405,0.406,
0.898,0.695,0.574,0.502,0.517,0.515,0.537,0.485,0.5,0.487,
1.0,0.635,0.468,0.407,0.45,0.432,0.417,0.404,0.428,0.452,
0.846,0.499,0.358,0.352,0.361,0.349,0.323,0.325,0.347,0.323,
0.83,0.477,0.491,0.428,0.39,0.398,0.42,0.383,0.389,0.394,
0.788,0.499,0.396,0.378,0.38,0.351,0.402,0.371,0.372,0.361,
1.0,0.579,0.51,0.498,0.446,0.491,0.439,0.473,0.453,0.465,
1.0,0.59,0.551,0.539,0.552,0.524,0.494,0.492,0.535,0.56,
1.0,0.521,0.503,0.429,0.419,0.406,0.399,0.409,0.382,0.389,
0.843,0.494,0.367,0.383,0.389,0.371,0.359,0.344,0.333,0.369,
0.998,0.67,0.556,0.507,0.646,0.506,0.496,0.492,0.499,0.551,
1.0,0.458,0.497,0.434,0.371,0.429,0.399,0.4,0.387,0.399,
1.0,0.486,0.418,0.463,0.398,0.404,0.381,0.419,0.404,0.392,
0.806,0.454,0.442,0.426,0.415,0.39,0.396,0.391,0.419,0.405,
1.0,0.601,0.553,0.536,0.478,0.5,0.511,0.518,0.533,0.475,
0.983,0.691,0.574,0.559,0.566,0.558,0.533,0.552,0.523,0.528,
0.967,0.514,0.413,0.55,0.486,0.483,0.464,0.421,0.465,0.472,
0.841,0.575,0.419,0.418,0.376,0.397,0.418,0.437,0.402,0.393,
1.0,0.649,0.569,0.488,0.508,0.5,0.527,0.506,0.478,0.487,
1.0,0.455,0.497,0.412,0.436,0.408,0.416,0.394,0.397,0.385,
1.0,0.563,0.462,0.466,0.468,0.407,0.422,0.459,0.426,0.492,
1.0,0.6,0.539,0.534,0.512,0.497,0.502,0.48,0.487,0.467,
1.0,0.647,0.584,0.55,0.522,0.548,0.515,0.528,0.537,0.533,
0.834,0.54,0.413,0.472,0.395,0.38,0.382,0.358,0.405,0.415,
1.0,0.618,0.612,0.529,0.527,0.531,0.501,0.522,0.554,0.502,
1.0,0.572,0.527,0.436,0.437,0.462,0.461,0.46,0.446,0.446,
1.0,0.528,0.505,0.492,0.418,0.429,0.417,0.436,0.409,0.408,
0.811,0.446,0.426,0.468,0.393,0.362,0.379,0.355,0.356,0.36,
1.0,0.61,0.526,0.521,0.491,0.508,0.466,0.475,0.462,0.486,
1.0,0.503,0.456,0.427,0.382,0.379,0.373,0.376,0.372,0.388,
0.81,0.486,0.49,0.48,0.402,0.39,0.391,0.407,0.392,0.409,
1.0,0.611,0.518,0.545,0.51,0.471,0.474,0.467,0.533,0.463,
1.0,0.727,0.551,0.505,0.538,0.551,0.536,0.523,0.503,0.494,
1.0,0.56,0.499,0.453,0.429,0.432,0.419,0.415,0.415,0.42,
1.0,0.64,0.487,0.47,0.52,0.495,0.513,0.501,0.466,0.44,
0.887,0.576,0.462,0.418,0.448,0.411,0.444,0.435,0.42,0.408,
1.0,0.572,0.544,0.524,0.461,0.467,0.462,0.489,0.462,0.458,
1.0,0.644,0.528,0.465,0.482,0.446,0.457,0.478,0.491,0.452,
0.862,0.459,0.465,0.416,0.423,0.396,0.408,0.396,0.408,0.411,
0.825,0.526,0.46,0.425,0.414,0.378,0.399,0.402,0.391,0.4,
1.0,0.599,0.602,0.49,0.485,0.5,0.475,0.494,0.529,0.477,
1.0,0.67,0.542,0.507,0.56,0.53,0.526,0.489,0.485,0.508,
1.0,0.624,0.577,0.499,0.51,0.512,0.547,0.502,0.487,0.499,
0.81,0.578,0.423,0.403,0.398,0.393,0.415,0.413,0.426,0.414,
0.879,0.588,0.424,0.414,0.395,0.398,0.432,0.384,0.401,0.406,
1.0,0.64,0.554,0.485,0.528,0.471,0.486,0.489,0.473,0.463,
1.0,0.495,0.388,0.365,0.421,0.426,0.469,0.393,0.395,0.372,
0.837,0.567,0.414,0.453,0.418,0.403,0.443,0.409,0.417,0.413,
0.885,0.651,0.555,0.582,0.546,0.532,0.503,0.536,0.496,0.549,
1.0,0.552,0.469,0.482,0.44,0.433,0.43,0.43,0.406,0.446,
1.0,0.515,0.44,0.387,0.383,0.378,0.389,0.376,0.369,0.381,
0.813,0.488,0.409,0.404,0.385,0.362,0.359,0.388,0.345,0.35,
1.0,0.594,0.589,0.501,0.465,0.468,0.488,0.472,0.466,0.469,
0.974,0.771,0.609,0.542,0.573,0.582,0.544,0.556,0.552,0.605,
1.0,0.417,0.461,0.427,0.379,0.357,0.361,0.381,0.359,0.361,
1.0,0.63,0.548,0.477,0.5,0.495,0.488,0.51,0.486,0.508,
1.0,0.575,0.518,0.489,0.461,0.434,0.451,0.448,0.415,0.474,
0.852,0.484,0.476,0.408,0.396,0.405,0.397,0.41,0.395,0.38,
0.736,0.477,0.44,0.418,0.386,0.377,0.367,0.367,0.38,0.354,
1.0,0.579,0.61,0.544,0.544,0.492,0.504,0.529,0.507,0.487,
1.0,0.699,0.502,0.495,0.542,0.457,0.5,0.495,0.482,0.49,
0.785,0.492,0.43,0.408,0.375,0.368,0.367,0.382,0.377,0.377,
1.0,0.63,0.53,0.47,0.507,0.472,0.455,0.467,0.486,0.458,
1.0,0.494,0.51,0.483,0.484,0.473,0.436,0.499,0.441,0.475,
0.958,0.485,0.53,0.4,0.379,0.412,0.407,0.404,0.414,0.398,
0.755,0.514,0.401,0.411,0.387,0.408,0.376,0.38,0.35,0.393,
0.854,0.534,0.459,0.429,0.415,0.408,0.46,0.413,0.424,0.424,
1.0,0.63,0.504,0.513,0.474,0.48,0.513,0.497,0.483,0.478,
1.0,0.63,0.423,0.483,0.418,0.418,0.437,0.429,0.428,0.419,
0.917,0.57,0.504,0.487,0.455,0.483,0.443,0.457,0.464,0.474,
1.0,0.665,0.558,0.502,0.519,0.533,0.516,0.499,0.513,0.482,
1.0,0.664,0.571,0.504,0.523,0.478,0.507,0.497,0.521,0.5,
1.0,0.551,0.465,0.442,0.416,0.421,0.428,0.406,0.411,0.458,
1.0,0.566,0.435,0.384,0.463,0.408,0.386,0.404,0.382,0.42,
0.804,0.507,0.41,0.404,0.412,0.375,0.39,0.388,0.372,0.387,
1.0,0.628,0.536,0.586,0.521,0.5,0.484,0.509,0.528,0.477,
0.998,0.674,0.57,0.497,0.538,0.536,0.497,0.543,0.512,0.53,
1.0,0.546,0.391,0.472,0.399,0.381,0.423,0.466,0.477,0.403,
0.845,0.51,0.469,0.383,0.4,0.39,0.382,0.38,0.406,0.374,
1.0,0.598,0.517,0.431,0.414,0.471,0.445,0.436,0.455,0.45,
1.0,0.577,0.52,0.435,0.44,0.422,0.468,0.45,0.428,0.401,
0.84,0.556,0.45,0.416,0.442,0.368,0.371,0.36,0.349,0.363,
0.91,0.493,0.466,0.424,0.404,0.395,0.377,0.396,0.367,0.396,
1.0,0.521,0.554,0.439,0.428,0.418,0.43,0.416,0.463,0.431,
1.0,0.519,0.451,0.465,0.395,0.41,0.4,0.393,0.391,0.403,
1.0,0.589,0.465,0.458,0.475,0.384,0.464,0.434,0.394,0.453,
0.87,0.517,0.473,0.394,0.421,0.392,0.375,0.392,0.393,0.406,
0.853,0.517,0.422,0.458,0.412,0.389,0.396,0.411,0.401,0.376,
0.819,0.546,0.393,0.457,0.398,0.37,0.369,0.425,0.389,0.377,
0.873,0.507,0.374,0.408,0.4,0.399,0.381,0.37,0.369,0.37,
1.0,0.562,0.47,0.453,0.429,0.402,0.463,0.437,0.404,0.414,
1.0,0.561,0.51,0.452,0.421,0.441,0.424,0.431,0.432,0.439,
1.0,0.582,0.592,0.496,0.511,0.469,0.487,0.487,0.491,0.493,
0.982,0.619,0.539,0.518,0.544,0.55,0.512,0.518,0.512,0.513,
1.0,0.574,0.535,0.419,0.403,0.454,0.426,0.422,0.434,0.422,
0.798,0.492,0.414,0.349,0.361,0.331,0.413,0.371,0.383,0.387,
0.889,0.593,0.455,0.475,0.394,0.407,0.429,0.422,0.428,0.416,
1.0,0.651,0.598,0.536,0.567,0.514,0.519,0.531,0.523,0.516,
1.0,0.522,0.532,0.496,0.442,0.426,0.452,0.444,0.436,0.451,
0.857,0.505,0.467,0.415,0.375,0.384,0.381,0.366,0.374,0.377,
1.0,0.634,0.637,0.572,0.576,0.507,0.534,0.507,0.53,0.528,
1.0,0.654,0.568,0.496,0.577,0.487,0.501,0.48,0.487,0.466,
1.0,0.555,0.416,0.408,0.417,0.416,0.405,0.405,0.462,0.378,
1.0,0.481,0.447,0.371,0.348,0.438,0.376,0.362,0.361,0.359,
1.0,0.578,0.534,0.497,0.457,0.436,0.442,0.49,0.464,0.453,
0.964,0.659,0.532,0.526,0.498,0.466,0.554,0.463,0.517,0.482,
1.0,0.596,0.546,0.582,0.56,0.537,0.509,0.54,0.496,0.512,
1.0,0.457,0.467,0.417,0.372,0.414,0.379,0.369,0.367,0.4,
0.776,0.45,0.406,0.394,0.35,0.338,0.39,0.343,0.353,0.327,
0.805,0.574,0.495,0.42,0.411,0.424,0.394,0.419,0.412,0.394,
1.0,0.662,0.678,0.529,0.601,0.592,0.554,0.522,0.535,0.577,
1.0,0.546,0.528,0.461,0.448,0.473,0.488,0.443,0.442,0.442,
1.0,0.471,0.428,0.397,0.406,0.403,0.379,0.384,0.384,0.384,
1.0,0.63,0.533,0.509,0.503,0.495,0.487,0.477,0.501,0.523,
1.0,0.713,0.597,0.587,0.546,0.591,0.553,0.54,0.503,0.551,
1.0,0.476,0.387,0.422,0.404,0.376,0.355,0.364,0.373,0.364,
0.888,0.433,0.416,0.442,0.358,0.376,0.345,0.383,0.355,0.347,
0.985,0.622,0.563,0.541,0.565,0.487,0.492,0.532,0.474,0.473,
1.0,0.512,0.484,0.426,0.461,0.414,0.412,0.401,0.393,0.394,
0.867,0.5,0.542,0.485,0.393,0.431,0.438,0.451,0.391,0.417,
1.0,0.61,0.555,0.502,0.49,0.53,0.564,0.535,0.523,0.498,
1.0,0.557,0.499,0.477,0.473,0.432,0.413,0.437,0.416,0.49,
0.816,0.553,0.41,0.407,0.406,0.354,0.42,0.363,0.38,0.391,
1.0,0.588,0.628,0.573,0.526,0.562,0.55,0.504,0.496,0.496,
1.0,0.693,0.527,0.489,0.537,0.513,0.512,0.483,0.497,0.473,
1.0,0.582,0.472,0.398,0.419,0.383,0.404,0.405,0.418,0.385,
0.784,0.48,0.541,0.423,0.389,0.41,0.417,0.406,0.453,0.401,
0.817,0.425,0.479,0.389,0.431,0.41,0.37,0.433,0.395,0.378,
1.0,0.509,0.438,0.407,0.362,0.367,0.353,0.364,0.36,0.388,
1.0,0.579,0.514,0.422,0.476,0.407,0.459,0.466,0.446,0.412,
0.861,0.63,0.461,0.445,0.415,0.418,0.416,0.43,0.42,0.395,
1.0,0.701,0.574,0.633,0.58,0.534,0.544,0.568,0.558,0.531,
0.954,0.741,0.527,0.499,0.494,0.513,0.479,0.575,0.515,0.491,
0.889,0.522,0.506,0.435,0.456,0.424,0.412,0.407,0.382,0.44,
0.823,0.484,0.441,0.507,0.411,0.382,0.401,0.396,0.401,0.397,
0.775,0.523,0.428,0.385,0.347,0.356,0.361,0.351,0.359,0.379,
1.0,0.557,0.613,0.53,0.512,0.488,0.47,0.479,0.476,0.513,
1.0,0.626,0.668,0.555,0.598,0.564,0.579,0.53,0.536,0.539,
1.0,0.615,0.447,0.373,0.391,0.379,0.368,0.374,0.365,0.384,
0.74,0.504,0.452,0.426,0.431,0.404,0.39,0.402,0.399,0.395,
1.0,0.622,0.549,0.524,0.495,0.541,0.512,0.476,0.486,0.492,
1.0,0.633,0.435,0.405,0.426,0.405,0.454,0.399,0.411,0.392,
1.0,0.576,0.461,0.436,0.503,0.447,0.432,0.442,0.43,0.477,
0.824,0.471,0.373,0.372,0.41,0.37,0.353,0.37,0.377,0.362,
1.0,0.615,0.496,0.534,0.519,0.482,0.554,0.469,0.475,0.513,
1.0,0.561,0.598,0.553,0.494,0.481,0.538,0.509,0.512,0.461,
0.787,0.525,0.405,0.481,0.415,0.424,0.36,0.409,0.394,0.411,
0.835,0.412,0.358,0.359,0.431,0.432,0.378,0.343,0.346,0.362,
1.0,0.571,0.495,0.445,0.421,0.399,0.417,0.435,0.396,0.458,
1.0,0.606,0.514,0.529,0.467,0.441,0.462,0.459,0.461,0.494,
1.0,0.569,0.445,0.454,0.439,0.459,0.444,0.444,0.43,0.437,
1.0,0.483,0.493,0.476,0.413,0.403,0.395,0.434,0.431,0.433,
0.811,0.482,0.398,0.368,0.424,0.343,0.37,0.369,0.385,0.366,
0.867,0.538,0.425,0.442,0.388,0.383,0.393,0.416,0.391,0.396,
0.9,0.593,0.512,0.437,0.432,0.396,0.433,0.422,0.43,0.437,
1.0,0.599,0.515,0.479,0.475,0.492,0.447,0.433,0.453,0.45,
1.0,0.515,0.548,0.459,0.486,0.428,0.435,0.427,0.42,0.395,
0.904,0.447,0.5,0.449,0.389,0.367,0.372,0.35,0.363,0.364,
1.0,0.643,0.549,0.516,0.5,0.469,0.485,0.53,0.51,0.484,
1.0,0.556,0.439,0.435,0.442,0.424,0.393,0.428,0.389,0.392,
0.91,0.451,0.499,0.364,0.353,0.385,0.349,0.348,0.384,0.349,
1.0,0.605,0.558,0.56,0.501,0.52,0.489,0.492,0.482,0.487,
0.949,0.661,0.625,0.538,0.54,0.565,0.515,0.519,0.588,0.563,
1.0,0.506,0.508,0.416,0.418,0.399,0.376,0.392,0.411,0.395,
0.834,0.477,0.498,0.368,0.381,0.381,0.409,0.402,0.392,0.384,
0.891,0.587,0.481,0.406,0.418,0.43,0.408,0.422,0.41,0.431,
0.962,0.705,0.554,0.518,0.542,0.55,0.529,0.521,0.489,0.487,
1.0,0.613,0.56,0.482,0.496,0.458,0.44,0.453,0.456,0.503,
1.0,0.594,0.478,0.438,0.446,0.424,0.441,0.425,0.444,0.422,
1.0,0.435,0.424,0.476,0.384,0.373,0.366,0.389,0.375,0.374,
1.0,0.69,0.588,0.519,0.528,0.523,0.536,0.511,0.497,0.482,
0.965,0.677,0.6,0.624,0.541,0.566,0.536,0.594,0.552,0.523,
1.0,0.609,0.504,0.576,0.499,0.524,0.496,0.491,0.467,0.487,
1.0,0.576,0.476,0.405,0.392,0.401,0.402,0.481,0.407,0.384,
0.801,0.45,0.424,0.403,0.384,0.359,0.37,0.367,0.377,0.381,
1.0,0.597,0.594,0.553,0.501,0.511,0.495,0.493,0.486,0.494,
1.0,0.446,0.465,0.454,0.399,0.399,0.4,0.439,0.408,0.4,
0.978,0.589,0.544,0.49,0.439,0.462,0.452,0.463,0.477,0.447,
0.973,0.714,0.647,0.573,0.6,0.55,0.565,0.578,0.574,0.56,
1.0,0.56,0.462,0.458,0.402,0.436,0.452,0.414,0.417,0.405,
1.0,0.535,0.458,0.487,0.414,0.437,0.401,0.41,0.405,0.402,
0.852,0.554,0.441,0.425,0.426,0.388,0.422,0.398,0.383,0.403,
0.945,0.708,0.567,0.538,0.548,0.55,0.587,0.506,0.54,0.533,
0.855,0.482,0.395,0.403,0.376,0.344,0.348,0.36,0.342,0.352,
0.878,0.488,0.456,0.378,0.406,0.4,0.371,0.345,0.368,0.357,
1.0,0.62,0.567,0.542,0.483,0.469,0.41,0.444,0.445,0.427,
1.0,0.631,0.413,0.404,0.452,0.417,0.459,0.4,0.443,0.405,
0.823,0.546,0.385,0.418,0.395,0.345,0.366,0.357,0.317,0.319,
1.0,0.63,0.481,0.469,0.469,0.462,0.459,0.462,0.474,0.462,
1.0,0.622,0.505,0.471,0.468,0.453,0.461,0.487,0.489,0.45,
0.771,0.484,0.488,0.388,0.382,0.393,0.351,0.392,0.393,0.378,
1.0,0.673,0.499,0.498,0.483,0.458,0.513,0.446,0.424,0.444,
1.0,0.649,0.624,0.48,0.501,0.498,0.491,0.467,0.477,0.516,
1.0,0.544,0.556,0.509,0.551,0.506,0.504,0.459,0.484,0.477,
1.0,0.503,0.432,0.37,0.341,0.356,0.348,0.341,0.33,0.369,
0.836,0.478,0.432,0.435,0.447,0.407,0.382,0.404,0.391,0.392,
1.0,0.577,0.487,0.484,0.471,0.462,0.476,0.458,0.45,0.429,
1.0,0.588,0.475,0.44,0.426,0.495,0.434,0.481,0.452,0.437,
0.884,0.544,0.457,0.398,0.397,0.375,0.406,0.384,0.411,0.377,
1.0,0.57,0.451,0.412,0.427,0.403,0.404,0.387,0.411,0.398,
1.0,0.607,0.605,0.543,0.532,0.582,0.516,0.495,0.499,0.482,
0.986,0.695,0.582,0.601,0.565,0.527,0.553,0.539,0.519,0.553,
0.969,0.689,0.637,0.528,0.548,0.537,0.526,0.513,0.561,0.536,
1.0,0.508,0.478,0.463,0.444,0.414,0.41,0.403,0.396,0.389,
0.842,0.539,0.381,0.397,0.479,0.439,0.419,0.427,0.389,0.425,
1.0,0.612,0.639,0.52,0.515,0.487,0.503,0.494,0.472,0.503,
1.0,0.551,0.417,0.467,0.416,0.403,0.409,0.376,0.443,0.377,
0.833,0.464,0.432,0.43,0.389,0.403,0.402,0.404,0.398,0.384,
0.822,0.529,0.413,0.385,0.393,0.382,0.386,0.364,0.382,0.384,
0.998,0.771,0.574,0.595,0.522,0.471,0.541,0.502,0.474,0.55,
1.0,0.65,0.54,0.484,0.549,0.516,0.485,0.496,0.475,0.495,
1.0,0.532,0.483,0.432,0.389,0.407,0.4,0.4,0.383,0.404,
1.0,0.683,0.533,0.465,0.456,0.476,0.471,0.448,0.467,0.473,
0.969,0.721,0.515,0.533,0.489,0.516,0.528,0.463,0.49,0.498,
1.0,0.549,0.593,0.476,0.496,0.483,0.495,0.445,0.483,0.479,
0.954,0.702,0.553,0.495,0.498,0.505,0.489,0.503,0.521,0.527,
1.0,0.574,0.439,0.4,0.405,0.38,0.408,0.403,0.409,0.399,
1.0,0.534,0.501,0.544,0.493,0.498,0.498,0.457,0.472,0.474,
0.796,0.527,0.399,0.387,0.342,0.39,0.365,0.335,0.351,0.357,
0.99,0.685,0.54,0.495,0.462,0.444,0.464,0.434,0.456,0.463,
1.0,0.493,0.441,0.457,0.414,0.371,0.39,0.402,0.363,0.386,
0.887,0.474,0.456,0.403,0.39,0.366,0.374,0.373,0.365,0.375,
0.804,0.522,0.454,0.429,0.397,0.37,0.394,0.389,0.412,0.398,
1.0,0.566,0.514,0.513,0.514,0.461,0.45,0.456,0.495,0.504,
1.0,0.584,0.6,0.433,0.465,0.418,0.468,0.442,0.457,0.45,
0.778,0.488,0.388,0.36,0.365,0.366,0.313,0.348,0.345,0.364,
1.0,0.672,0.624,0.484,0.495,0.488,0.476,0.478,0.469,0.521,
1.0,0.586,0.537,0.485,0.474,0.394,0.458,0.442,0.428,0.479,
1.0,0.499,0.519,0.504,0.425,0.43,0.409,0.414,0.383,0.398,
0.84,0.487,0.358,0.35,0.389,0.397,0.363,0.384,0.364,0.364,
0.859,0.579,0.49,0.43,0.399,0.414,0.4,0.435,0.385,0.417,
0.961,0.605,0.544,0.513,0.496,0.531,0.486,0.493,0.495,0.503,
1.0,0.698,0.493,0.467,0.484,0.474,0.479,0.488,0.484,0.44,
1.0,0.561,0.435,0.438,0.398,0.371,0.39,0.387,0.39,0.392,
0.867,0.434,0.455,0.417,0.5,0.379,0.405,0.397,0.365,0.373,
1.0,0.571,0.467,0.57,0.504,0.443,0.42,0.552,0.429,0.44,
1.0,0.661,0.581,0.479,0.482,0.466,0.486,0.452,0.457,0.484,
1.0,0.625,0.55,0.455,0.466,0.449,0.449,0.46,0.458,0.465,
1.0,0.384,0.463,0.445,0.408,0.383,0.344,0.365,0.382,0.38,
1.0,0.646,0.519,0.518,0.508,0.461,0.508,0.476,0.505,0.477,
1.0,0.665,0.508,0.533,0.502,0.487,0.479,0.455,0.469,0.485,
1.0,0.547,0.522,0.459,0.505,0.457,0.452,0.515,0.445,0.449,
0.773,0.518,0.422,0.372,0.363,0.401,0.348,0.36,0.347,0.373,
1.0,0.661,0.603,0.504,0.491,0.476,0.473,0.449,0.473,0.484,
1.0,0.607,0.402,0.442,0.39,0.418,0.456,0.389,0.375,0.384,
0.831,0.49,0.426,0.405,0.371,0.346,0.377,0.345,0.361,0.363,
0.831,0.59,0.427,0.377,0.402,0.391,0.39,0.37,0.378,0.398,
1.0,0.512,0.524,0.428,0.42,0.424,0.428,0.438,0.416,0.403,
0.872,0.506,0.491,0.441,0.443,0.417,0.407,0.402,0.405,0.405,
1.0,0.574,0.531,0.49,0.43,0.445,0.483,0.456,0.446,0.399,
1.0,0.566,0.456,0.45,0.456,0.434,0.447,0.423,0.396,0.415,
0.83,0.524,0.504,0.435,0.436,0.439,0.432,0.422,0.459,0.42,
0.865,0.494,0.48,0.408,0.405,0.363,0.376,0.368,0.338,0.375,
0.886,0.483,0.457,0.39,0.365,0.371,0.359,0.367,0.35,0.367,
1.0,0.635,0.6,0.462,0.473,0.471,0.48,0.476,0.542,0.477,
1.0,0.557,0.483,0.448,0.462,0.426,0.409,0.419,0.405,0.434,
0.996,0.624,0.542,0.566,0.493,0.475,0.531,0.471,0.463,0.484,
0.989,0.571,0.514,0.482,0.485,0.477,0.438,0.436,0.459,0.448,
1.0,0.586,0.593,0.532,0.477,0.466,0.526,0.494,0.464,0.473,
0.808,0.505,0.416,0.372,0.374,0.414,0.359,0.372,0.356,0.378,
0.915,0.532,0.475,0.421,0.394,0.401,0.381,0.381,0.378,0.378,
0.992,0.608,0.599,0.504,0.497,0.5,0.489,0.463,0.479,0.482,
1.0,0.458,0.487,0.505,0.421,0.384,0.414,0.381,0.407,0.386,
0.985,0.602,0.569,0.525,0.502,0.491,0.476,0.497,0.494,0.507,
1.0,0.556,0.527,0.4,0.432,0.391,0.451,0.389,0.403,0.418,
0.915,0.555,0.439,0.407,0.39,0.381,0.37,0.37,0.346,0.376,
1.0,0.719,0.537,0.498,0.511,0.538,0.51,0.524,0.514,0.509,
1.0,0.486,0.487,0.49,0.465,0.413,0.425,0.4,0.414,0.395,
1.0,0.547,0.444,0.388,0.366,0.367,0.357,0.369,0.313,0.372,
1.0,0.674,0.542,0.523,0.495,0.483,0.477,0.489,0.494,0.495,
1.0,0.642,0.514,0.466,0.456,0.444,0.467,0.464,0.45,0.452,
1.0,0.637,0.598,0.548,0.516,0.537,0.491,0.519,0.518,0.492,
0.879,0.557,0.455,0.461,0.409,0.401,0.412,0.454,0.386,0.385,
0.757,0.462,0.416,0.376,0.377,0.325,0.357,0.331,0.313,0.359,
1.0,0.624,0.549,0.542,0.51,0.484,0.502,0.501,0.489,0.491,
1.0,0.594,0.472,0.477,0.438,0.437,0.443,0.429,0.437,0.421,
0.87,0.548,0.541,0.424,0.425,0.407,0.421,0.409,0.423,0.418,
0.886,0.581,0.423,0.374,0.356,0.343,0.4,0.356,0.363,0.348,
0.94,0.581,0.549,0.495,0.463,0.476,0.482,0.433,0.464,0.438,
0.845,0.491,0.51,0.418,0.401,0.391,0.402,0.41,0.417,0.376,
0.942,0.669,0.568,0.517,0.579,0.517,0.547,0.513,0.526,0.537,
1.0,0.504,0.499,0.439,0.434,0.423,0.42,0.424,0.419,0.418,
1.0,0.463,0.365,0.396,0.338,0.368,0.379,0.339,0.334,0.335,
0.877,0.469,0.491,0.459,0.403,0.421,0.427,0.387,0.371,0.411,
0.947,0.651,0.552,0.506,0.473,0.499,0.482,0.488,0.483,0.476,
1.0,0.54,0.529,0.462,0.422,0.41,0.427,0.443,0.428,0.428,
0.847,0.45,0.434,0.367,0.416,0.34,0.376,0.341,0.339,0.361,
1.0,0.647,0.578,0.534,0.515,0.492,0.503,0.524,0.507,0.534,
1.0,0.668,0.52,0.54,0.481,0.514,0.502,0.487,0.525,0.468,
1.0,0.514,0.575,0.527,0.454,0.45,0.433,0.455,0.434,0.45,
0.892,0.535,0.494,0.416,0.388,0.402,0.398,0.38,0.388,0.398,
0.869,0.538,0.493,0.391,0.382,0.366,0.38,0.406,0.386,0.398,
1.0,0.535,0.452,0.413,0.399,0.391,0.393,0.382,0.381,0.383,
1.0,0.582,0.516,0.512,0.472,0.504,0.448,0.422,0.425,0.449,
0.818,0.467,0.508,0.391,0.411,0.402,0.381,0.353,0.377,0.353,
0.883,0.479,0.517,0.396,0.388,0.414,0.397,0.404,0.394,0.41,
1.0,0.636,0.529,0.532,0.502,0.438,0.503,0.513,0.48,0.462,
1.0,0.708,0.531,0.501,0.468,0.461,0.463,0.475,0.478,0.476,
1.0,0.465,0.432,0.378,0.367,0.38,0.355,0.34,0.36,0.373,
1.0,0.494,0.511,0.47,0.417,0.422,0.389,0.366,0.401,0.39,
0.992,0.662,0.49,0.456,0.445,0.445,0.522,0.462,0.454,0.413,
1.0,0.605,0.595,0.532,0.497,0.481,0.49,0.479,0.525,0.477,
1.0,0.588,0.557,0.429,0.463,0.437,0.444,0.44,0.433,0.431,
0.858,0.48,0.443,0.363,0.379,0.386,0.353,0.406,0.372,0.347,
1.0,0.642,0.6,0.498,0.495,0.491,0.532,0.523,0.499,0.486,
1.0,0.502,0.546,0.447,0.438,0.396,0.405,0.411,0.421,0.415,
1.0,0.732,0.505,0.439,0.453,0.454,0.496,0.476,0.486,0.471,
0.812,0.518,0.444,0.377,0.399,0.402,0.402,0.371,0.372,0.366,
1.0,0.564,0.518,0.47,0.436,0.449,0.46,0.435,0.399,0.432,
1.0,0.536,0.549,0.514,0.496,0.456,0.471,0.514,0.454,0.455,
0.855,0.484,0.373,0.346,0.388,0.332,0.336,0.362,0.362,0.357,
0.962,0.617,0.555,0.486,0.503,0.47,0.48,0.467,0.478,0.468,
0.817,0.516,0.399,0.41,0.503,0.409,0.41,0.405,0.408,0.407,
0.83,0.598,0.419,0.42,0.394,0.397,0.406,0.397,0.4,0.413,
0.823,0.493,0.366,0.472,0.388,0.373,0.383,0.389,0.375,0.381,
1.0,0.586,0.528,0.564,0.493,0.465,0.459,0.472,0.463,0.476,
1.0,0.516,0.416,0.381,0.344,0.362,0.329,0.343,0.332,0.338,
0.828,0.462,0.499,0.422,0.404,0.368,0.357,0.373,0.394,0.362,
1.0,0.578,0.513,0.482,0.538,0.495,0.468,0.506,0.461,0.48,
1.0,0.618,0.54,0.469,0.499,0.479,0.426,0.437,0.461,0.479,
1.0,0.628,0.439,0.485,0.458,0.478,0.448,0.416,0.433,0.418,
0.842,0.562,0.416,0.372,0.384,0.366,0.375,0.38,0.365,0.394,
1.0,0.661,0.552,0.499,0.503,0.487,0.469,0.472,0.481,0.473,
1.0,0.582,0.524,0.548,0.489,0.47,0.467,0.466,0.485,0.484,
0.826,0.46,0.492,0.442,0.394,0.427,0.388,0.392,0.411,0.4,
0.895,0.511,0.393,0.402,0.41,0.328,0.346,0.38,0.36,0.367,
1.0,0.662,0.576,0.549,0.485,0.494,0.518,0.475,0.473,0.511,
0.934,0.678,0.542,0.493,0.472,0.442,0.446,0.459,0.453,0.475,
1.0,0.521,0.522,0.5,0.423,0.364,0.434,0.423,0.432,0.421,
1.0,0.555,0.463,0.469,0.436,0.428,0.405,0.414,0.423,0.428,
0.812,0.507,0.402,0.41,0.395,0.398,0.383,0.371,0.356,0.41,
1.0,0.712,0.558,0.535,0.445,0.527,0.442,0.514,0.512,0.491,
1.0,0.551,0.519,0.486,0.442,0.476,0.457,0.473,0.434,0.462,
1.0,0.554,0.523,0.453,0.484,0.452,0.44,0.429,0.465,0.426,
0.935,0.57,0.511,0.461,0.385,0.433,0.402,0.395,0.375,0.423,
1.0,0.663,0.631,0.51,0.512,0.493,0.505,0.493,0.509,0.503,
1.0,0.588,0.518,0.526,0.438,0.442,0.444,0.481,0.429,0.458,
0.906,0.51,0.481,0.421,0.408,0.384,0.392,0.371,0.373,0.367,
0.861,0.513,0.525,0.406,0.43,0.399,0.408,0.402,0.336,0.367,
1.0,0.629,0.538,0.536,0.466,0.464,0.465,0.469,0.48,0.482,
1.0,0.437,0.489,0.505,0.422,0.417,0.402,0.442,0.412,0.426,
1.0,0.464,0.393,0.436,0.456,0.373,0.386,0.39,0.392,0.419,
1.0,0.636,0.55,0.548,0.546,0.495,0.493,0.492,0.506,0.488,
0.952,0.535,0.509,0.432,0.429,0.439,0.426,0.387,0.369,0.405,
0.909,0.505,0.429,0.42,0.448,0.403,0.424,0.396,0.4,0.383,
1.0,0.658,0.533,0.59,0.52,0.506,0.49,0.515,0.475,0.507,
1.0,0.464,0.501,0.479,0.444,0.436,0.413,0.397,0.418,0.398,
0.866,0.512,0.443,0.42,0.451,0.411,0.411,0.365,0.38,0.405,
0.965,0.675,0.55,0.531,0.62,0.523,0.528,0.527,0.539,0.528,
0.95,0.722,0.62,0.532,0.502,0.506,0.511,0.513,0.503,0.568,
1.0,0.677,0.575,0.52,0.514,0.522,0.492,0.471,0.504,0.498,
0.889,0.532,0.44,0.409,0.394,0.402,0.421,0.388,0.385,0.408,
0.902,0.489,0.417,0.374,0.366,0.332,0.378,0.367,0.421,0.396,
0.988,0.616,0.643,0.577,0.507,0.554,0.53,0.508,0.52,0.507,
1.0,0.664,0.528,0.539,0.492,0.49,0.488,0.476,0.472,0.469,
0.852,0.532,0.455,0.368,0.365,0.392,0.367,0.395,0.38,0.389,
1.0,0.61,0.539,0.494,0.455,0.468,0.464,0.481,0.451,0.425,
1.0,0.673,0.513,0.547,0.512,0.495,0.488,0.507,0.489,0.506,
1.0,0.58,0.566,0.496,0.582,0.492,0.486,0.486,0.509,0.499,
1.0,0.519,0.421,0.428,0.464,0.443,0.446,0.413,0.361,0.393,
1.0,0.45,0.441,0.415,0.473,0.4,0.381,0.389,0.386,0.402,
1.0,0.659,0.533,0.493,0.491,0.476,0.484,0.527,0.505,0.497,
1.0,0.79,0.668,0.617,0.577,0.623,0.582,0.593,0.559,0.601,
1.0,0.502,0.434,0.453,0.394,0.397,0.383,0.386,0.378,0.377,
0.868,0.587,0.434,0.374,0.364,0.432,0.402,0.394,0.385,0.389,
1.0,0.552,0.534,0.565,0.494,0.498,0.496,0.525,0.502,0.468,
1.0,0.608,0.461,0.504,0.434,0.443,0.436,0.4,0.443,0.444,
0.764,0.472,0.443,0.381,0.363,0.42,0.407,0.398,0.389,0.372,
0.846,0.49,0.409,0.415,0.342,0.376,0.382,0.319,0.349,0.343,
0.823,0.495,0.452,0.346,0.4,0.35,0.364,0.353,0.356,0.346,
1.0,0.581,0.545,0.59,0.524,0.489,0.467,0.474,0.497,0.536,
1.0,0.486,0.432,0.428,0.415,0.363,0.401,0.36,0.459,0.387,
0.879,0.526,0.454,0.375,0.375,0.397,0.389,0.399,0.367,0.388,
0.979,0.663,0.523,0.453,0.461,0.458,0.472,0.463,0.47,0.452,
1.0,0.617,0.468,0.485,0.438,0.433,0.444,0.412,0.442,0.428,
0.825,0.466,0.443,0.388,0.403,0.378,0.368,0.376,0.354,0.379,
1.0,0.667,0.605,0.584,0.532,0.528,0.516,0.514,0.518,0.501,
1.0,0.489,0.416,0.425,0.388,0.368,0.331,0.376,0.379,0.375,
0.872,0.524,0.428,0.406,0.43,0.389,0.386,0.362,0.382,0.357,
1.0,0.633,0.602,0.51,0.507,0.463,0.506,0.492,0.473,0.475,
1.0,0.637,0.49,0.483,0.48,0.462,0.464,0.464,0.47,0.463,
0.83,0.551,0.443,0.392,0.376,0.415,0.386,0.374,0.362,0.394,
0.888,0.461,0.465,0.425,0.404,0.362,0.363,0.41,0.399,0.405,
1.0,0.611,0.515,0.568,0.463,0.49,0.456,0.507,0.473,0.465,
1.0,0.558,0.544,0.523,0.412,0.488,0.45,0.462,0.422,0.45,
1.0,0.577,0.537,0.459,0.43,0.448,0.436,0.479,0.444,0.43,
0.877,0.548,0.441,0.422,0.402,0.383,0.394,0.392,0.396,0.407,
1.0,0.719,0.529,0.524,0.482,0.479,0.473,0.447,0.508,0.486,
1.0,0.684,0.471,0.424,0.44,0.439,0.437,0.436,0.431,0.475,
1.0,0.556,0.459,0.453,0.418,0.415,0.435,0.425,0.386,0.386,
0.856,0.547,0.4,0.481,0.449,0.393,0.403,0.393,0.448,0.412,
0.873,0.53,0.472,0.426,0.438,0.386,0.389,0.394,0.354,0.39,
1.0,0.621,0.573,0.53,0.524,0.488,0.494,0.495,0.506,0.507,
0.907,0.632,0.667,0.569,0.528,0.541,0.545,0.507,0.529,0.528,
1.0,0.568,0.509,0.464,0.444,0.496,0.445,0.432,0.441,0.444,
0.839,0.517,0.398,0.444,0.383,0.379,0.398,0.379,0.39,0.375,
0.968,0.604,0.56,0.554,0.477,0.49,0.482,0.481,0.502,0.48,
1.0,0.544,0.441,0.496,0.413,0.419,0.418,0.444,0.416,0.4,
1.0,0.558,0.456,0.513,0.419,0.413,0.41,0.421,0.413,0.422,
0.872,0.607,0.403,0.375,0.379,0.38,0.403,0.402,0.404,0.389,
0.986,0.637,0.63,0.512,0.537,0.544,0.508,0.554,0.523,0.527,
1.0,0.539,0.544,0.498,0.45,0.47,0.407,0.404,0.464,0.464,
0.8,0.476,0.44,0.389,0.415,0.391,0.361,0.376,0.385,0.381,
0.991,0.655,0.571,0.593,0.554,0.532,0.548,0.516,0.513,0.562,
1.0,0.542,0.56,0.456,0.45,0.472,0.487,0.455,0.455,0.448,
1.0,0.658,0.478,0.459,0.446,0.472,0.484,0.463,0.463,0.44,
1.0,0.609,0.567,0.44,0.498,0.472,0.432,0.47,0.473,0.439,
1.0,0.495,0.395,0.441,0.415,0.379,0.383,0.387,0.344,0.387,
0.866,0.498,0.422,0.44,0.476,0.404,0.401,0.419,0.418,0.416,
0.881,0.474,0.432,0.338,0.347,0.385,0.389,0.313,0.312,0.352,
1.0,0.554,0.654,0.557,0.522,0.477,0.484,0.488,0.532,0.498,
1.0,0.614,0.551,0.497,0.5,0.475,0.526,0.473,0.491,0.516,
0.792,0.556,0.399,0.423,0.349,0.367,0.354,0.356,0.379,0.363,
0.85,0.528,0.437,0.402,0.386,0.388,0.385,0.371,0.376,0.395,
1.0,0.598,0.567,0.541,0.517,0.591,0.547,0.502,0.497,0.532,
1.0,0.518,0.491,0.366,0.427,0.386,0.423,0.367,0.404,0.411,
0.766,0.453,0.456,0.377,0.385,0.363,0.398,0.364,0.364,0.373,
1.0,0.554,0.589,0.506,0.485,0.492,0.464,0.481,0.473,0.467,
1.0,0.659,0.54,0.484,0.491,0.455,0.453,0.472,0.441,0.463,
1.0,0.567,0.503,0.497,0.459,0.454,0.464,0.403,0.426,0.422,
0.823,0.432,0.413,0.371,0.39,0.347,0.342,0.355,0.349,0.332,
0.799,0.512,0.517,0.411,0.409,0.399,0.413,0.375,0.398,0.389,
1.0,0.481,0.435,0.413,0.362,0.424,0.362,0.37,0.382,0.38,
1.0,0.638,0.523,0.503,0.496,0.475,0.496,0.478,0.496,0.52,
1.0,0.609,0.565,0.453,0.468,0.461,0.45,0.452,0.446,0.504,
0.817,0.505,0.435,0.446,0.433,0.389,0.372,0.394,0.395,0.368,
0.92,0.723,0.548,0.503,0.513,0.474,0.471,0.492,0.506,0.487,
1.0,0.529,0.525,0.448,0.455,0.42,0.438,0.422,0.415,0.426,
1.0,0.555,0.562,0.461,0.448,0.422,0.435,0.442,0.46,0.442,
1.0,0.573,0.424,0.402,0.407,0.394,0.395,0.407,0.389,0.394,
1.0,0.542,0.524,0.468,0.491,0.442,0.468,0.451,0.453,0.433,
1.0,0.584,0.512,0.534,0.447,0.461,0.474,0.459,0.448,0.46,
0.853,0.501,0.44,0.437,0.408,0.379,0.382,0.385,0.379,0.378,
0.803,0.537,0.371,0.379,0.358,0.368,0.365,0.335,0.374,0.34,
0.83,0.498,0.345,0.333,0.318,0.323,0.326,0.335,0.333,0.332,
1.0,0.422,0.47,0.361,0.396,0.343,0.369,0.368,0.345,0.369,
1.0,0.525,0.501,0.464,0.428,0.434,0.447,0.43,0.433,0.401,
0.74,0.559,0.45,0.432,0.412,0.41,0.404,0.411,0.413,0.412,
0.991,0.741,0.588,0.547,0.509,0.52,0.527,0.535,0.537,0.546,
0.806,0.449,0.456,0.484,0.434,0.381,0.395,0.382,0.374,0.392,
1.0,0.653,0.541,0.515,0.483,0.483,0.494,0.452,0.483,0.48,
0.971,0.642,0.588,0.498,0.494,0.526,0.452,0.474,0.468,0.485,
1.0,0.552,0.596,0.476,0.488,0.454,0.472,0.49,0.456,0.487,
0.848,0.499,0.474,0.432,0.373,0.35,0.358,0.379,0.389,0.379,
1.0,0.592,0.552,0.534,0.495,0.473,0.498,0.507,0.493,0.491,
1.0,0.622,0.55,0.44,0.466,0.514,0.466,0.454,0.472,0.468,
1.0,0.409,0.514,0.491,0.395,0.384,0.359,0.393,0.387,0.396,
0.829,0.492,0.43,0.377,0.353,0.347,0.338,0.364,0.329,0.368,
0.998,0.701,0.55,0.586,0.516,0.521,0.513,0.527,0.512,0.483,
1.0,0.49,0.393,0.427,0.354,0.411,0.426,0.414,0.401,0.39,
1.0,0.522,0.414,0.49,0.431,0.44,0.454,0.404,0.418,0.405,
0.946,0.575,0.424,0.468,0.388,0.411,0.418,0.389,0.4,0.404,
1.0,0.618,0.455,0.499,0.491,0.443,0.49,0.442,0.446,0.471,
0.98,0.716,0.593,0.563,0.602,0.595,0.602,0.582,0.562,0.525,
0.843,0.507,0.503,0.408,0.406,0.379,0.365,0.418,0.399,0.399,
1.0,0.512,0.419,0.332,0.431,0.346,0.405,0.397,0.392,0.407,
0.979,0.511,0.556,0.408,0.415,0.4,0.396,0.394,0.393,0.368,
0.962,0.652,0.671,0.497,0.484,0.485,0.509,0.495,0.503,0.493,
1.0,0.521,0.506,0.383,0.41,0.397,0.382,0.383,0.385,0.383,
0.877,0.475,0.469,0.386,0.39,0.356,0.372,0.355,0.378,0.377,
0.776,0.513,0.409,0.343,0.326,0.327,0.351,0.355,0.348,0.35,
0.928,0.541,0.629,0.481,0.504,0.475,0.483,0.434,0.464,0.459,
1.0,0.455,0.643,0.417,0.393,0.416,0.419,0.432,0.409,0.428,
1.0,0.436,0.484,0.451,0.367,0.38,0.382,0.371,0.388,0.376,
1.0,0.668,0.556,0.532,0.484,0.508,0.469,0.489,0.483,0.458,
1.0,0.682,0.515,0.492,0.494,0.462,0.458,0.419,0.431,0.463,
1.0,0.578,0.466,0.43,0.41,0.419,0.431,0.419,0.405,0.412,
0.794,0.51,0.405,0.377,0.375,0.405,0.374,0.375,0.38,0.428,
0.844,0.479,0.482,0.363,0.405,0.354,0.354,0.343,0.338,0.359,
1.0,0.666,0.582,0.517,0.541,0.486,0.483,0.505,0.498,0.49,
1.0,0.612,0.482,0.459,0.434,0.427,0.436,0.432,0.431,0.433,
0.972,0.607,0.649,0.536,0.523,0.538,0.546,0.532,0.479,0.531,
1.0,0.669,0.64,0.525,0.468,0.521,0.501,0.503,0.508,0.499,
0.939,0.503,0.506,0.393,0.357,0.426,0.414,0.418,0.388,0.338,
0.776,0.487,0.374,0.41,0.355,0.332,0.358,0.337,0.335,0.323,
0.977,0.656,0.562,0.492,0.47,0.467,0.446,0.486,0.487,0.467,
1.0,0.555,0.534,0.52,0.55,0.465,0.518,0.463,0.447,0.461,
0.933,0.561,0.46,0.425,0.41,0.412,0.381,0.37,0.376,0.376,
1.0,0.638,0.572,0.569,0.48,0.495,0.512,0.496,0.493,0.492,
1.0,0.537,0.476,0.422,0.442,0.417,0.409,0.384,0.405,0.399,
1.0,0.552,0.487,0.509,0.412,0.467,0.459,0.435,0.445,0.449,
1.0,0.555,0.434,0.442,0.363,0.374,0.357,0.377,0.384,0.374,
0.812,0.508,0.433,0.413,0.401,0.374,0.364,0.375,0.357,0.389,
0.973,0.575,0.562,0.504,0.477,0.469,0.462,0.476,0.479,0.47,
1.0,0.547,0.458,0.43,0.427,0.409,0.457,0.398,0.403,0.402,
0.868,0.646,0.42,0.404,0.398,0.415,0.421,0.394,0.389,0.417,
1.0,0.582,0.534,0.541,0.458,0.494,0.496,0.451,0.472,0.457,
0.873,0.559,0.395,0.385,0.376,0.416,0.362,0.372,0.353,0.384,
1.0,0.675,0.461,0.464,0.431,0.437,0.457,0.443,0.452,0.426,
1.0,0.516,0.62,0.521,0.464,0.455,0.431,0.499,0.469,0.443,
1.0,0.512,0.418,0.376,0.443,0.408,0.39,0.391,0.356,0.388,
0.808,0.505,0.46,0.41,0.391,0.358,0.41,0.389,0.382,0.393,
0.936,0.751,0.512,0.497,0.495,0.495,0.483,0.492,0.49,0.466,
1.0,0.494,0.519,0.468,0.579,0.472,0.424,0.448,0.476,0.468,
0.92,0.538,0.47,0.496,0.439,0.463,0.403,0.442,0.43,0.445,
1.0,0.661,0.61,0.545,0.561,0.505,0.545,0.484,0.459,0.513,
1.0,0.671,0.545,0.489,0.502,0.473,0.484,0.489,0.459,0.465,
1.0,0.594,0.464,0.401,0.38,0.422,0.394,0.366,0.4,0.38,
0.885,0.582,0.541,0.426,0.457,0.454,0.458,0.479,0.443,0.442,
1.0,0.695,0.551,0.567,0.585,0.571,0.502,0.501,0.548,0.538,
1.0,0.503,0.506,0.629,0.44,0.401,0.426,0.446,0.453,0.483,
1.0,0.547,0.474,0.405,0.449,0.391,0.402,0.381,0.4,0.414,
0.812,0.489,0.421,0.384,0.399,0.414,0.369,0.356,0.357,0.359,
0.769,0.486,0.403,0.434,0.405,0.382,0.382,0.385,0.34,0.397,
0.846,0.574,0.421,0.417,0.381,0.384,0.421,0.383,0.396,0.385,
0.869,0.522,0.418,0.395,0.378,0.398,0.389,0.34,0.416,0.391,
1.0,0.636,0.605,0.515,0.501,0.502,0.497,0.499,0.519,0.497,
1.0,0.454,0.42,0.438,0.386,0.371,0.367,0.385,0.386,0.378,
0.886,0.484,0.427,0.386,0.376,0.345,0.332,0.344,0.332,0.338,
1.0,0.564,0.527,0.521,0.526,0.461,0.467,0.479,0.481,0.48,
1.0,0.544,0.548,0.514,0.517,0.52,0.488,0.488,0.492,0.498,
1.0,0.573,0.468,0.403,0.413,0.405,0.362,0.398,0.406,0.445,
0.885,0.533,0.43,0.366,0.331,0.352,0.357,0.35,0.355,0.347,
1.0,0.584,0.487,0.455,0.478,0.443,0.431,0.422,0.469,0.491,
1.0,0.463,0.595,0.386,0.424,0.384,0.448,0.419,0.389,0.415,
0.879,0.515,0.506,0.488,0.433,0.448,0.422,0.434,0.401,0.457,
0.974,0.674,0.521,0.488,0.522,0.485,0.505,0.484,0.491,0.442,
1.0,0.529,0.485,0.541,0.461,0.469,0.42,0.439,0.447,0.441,
1.0,0.62,0.55,0.504,0.46,0.457,0.456,0.452,0.46,0.485,
1.0,0.407,0.467,0.33,0.41,0.394,0.42,0.342,0.352,0.379,
1.0,0.504,0.525,0.502,0.417,0.378,0.42,0.438,0.405,0.433,
0.797,0.501,0.371,0.4,0.363,0.327,0.329,0.365,0.346,0.342,
1.0,0.592,0.508,0.46,0.434,0.476,0.44,0.441,0.466,0.452,
1.0,0.593,0.497,0.458,0.394,0.439,0.437,0.422,0.411,0.424,
0.86,0.528,0.403,0.372,0.372,0.339,0.371,0.355,0.355,0.367,
0.844,0.555,0.482,0.429,0.447,0.407,0.407,0.422,0.409,0.424,
0.806,0.434,0.459,0.412,0.369,0.37,0.325,0.338,0.353,0.351,
1.0,0.432,0.438,0.364,0.408,0.347,0.35,0.344,0.351,0.358,
1.0,0.553,0.423,0.385,0.398,0.403,0.392,0.392,0.385,0.385,
0.896,0.482,0.499,0.41,0.411,0.387,0.371,0.403,0.401,0.373,
1.0,0.607,0.563,0.504,0.508,0.499,0.527,0.503,0.509,0.547,
1.0,0.486,0.472,0.381,0.416,0.394,0.364,0.42,0.388,0.377,
0.842,0.609,0.478,0.41,0.425,0.419,0.422,0.41,0.397,0.413,
1.0,0.643,0.604,0.566,0.464,0.493,0.488,0.501,0.495,0.491,
1.0,0.616,0.478,0.523,0.454,0.455,0.455,0.455,0.446,0.454,
0.885,0.609,0.481,0.418,0.431,0.403,0.423,0.421,0.397,0.405,
1.0,0.548,0.494,0.536,0.489,0.486,0.451,0.424,0.467,0.478,
1.0,0.552,0.525,0.531,0.52,0.45,0.483,0.45,0.461,0.445,
0.857,0.555,0.465,0.401,0.364,0.37,0.411,0.41,0.389,0.386,
1.0,0.555,0.554,0.484,0.459,0.474,0.461,0.484,0.434,0.457,
1.0,0.658,0.472,0.493,0.453,0.446,0.434,0.431,0.437,0.42,
1.0,0.639,0.51,0.519,0.493,0.437,0.454,0.468,0.479,0.462,
0.853,0.5,0.484,0.408,0.425,0.373,0.373,0.385,0.366,0.398,
0.948,0.586,0.454,0.457,0.449,0.428,0.403,0.391,0.408,0.4,
1.0,0.554,0.508,0.372,0.366,0.405,0.425,0.399,0.41,0.377,
1.0,0.491,0.53,0.438,0.365,0.397,0.401,0.414,0.386,0.395,
0.957,0.58,0.457,0.433,0.459,0.406,0.434,0.47,0.42,0.424,
1.0,0.656,0.574,0.549,0.5,0.48,0.471,0.497,0.53,0.496,
0.973,0.614,0.577,0.522,0.484,0.489,0.444,0.441,0.466,0.469,
1.0,0.589,0.457,0.514,0.495,0.455,0.457,0.46,0.466,0.48,
0.952,0.64,0.44,0.433,0.425,0.415,0.43,0.424,0.41,0.434,
1.0,0.473,0.415,0.415,0.414,0.362,0.344,0.37,0.363,0.339,
0.832,0.588,0.484,0.395,0.426,0.405,0.415,0.405,0.405,0.4,
1.0,0.668,0.481,0.466,0.443,0.453,0.466,0.447,0.482,0.456,
1.0,0.528,0.434,0.452,0.419,0.449,0.409,0.42,0.396,0.411,
0.755,0.425,0.551,0.388,0.383,0.379,0.38,0.371,0.367,0.388,
0.915,0.504,0.407,0.437,0.466,0.405,0.388,0.395,0.396,0.359,
1.0,0.499,0.439,0.43,0.401,0.435,0.392,0.394,0.393,0.386,
1.0,0.694,0.498,0.447,0.433,0.433,0.431,0.473,0.444,0.447,
0.802,0.542,0.438,0.361,0.377,0.387,0.328,0.336,0.367,0.374,
1.0,0.682,0.514,0.493,0.482,0.474,0.473,0.475,0.466,0.458,
1.0,0.571,0.596,0.503,0.507,0.472,0.447,0.476,0.469,0.462,
0.928,0.516,0.569,0.423,0.446,0.41,0.441,0.389,0.41,0.434,
0.821,0.454,0.395,0.41,0.335,0.345,0.359,0.374,0.337,0.361,
0.945,0.637,0.51,0.464,0.501,0.472,0.462,0.465,0.424,0.469,
1.0,0.549,0.467,0.422,0.386,0.382,0.455,0.35,0.387,0.394,
1.0,0.625,0.454,0.404,0.448,0.457,0.449,0.489,0.508,0.501,
1.0,0.678,0.572,0.612,0.572,0.525,0.553,0.544,0.548,0.508,
1.0,0.471,0.457,0.366,0.364,0.332,0.363,0.39,0.374,0.364,
0.799,0.564,0.445,0.346,0.374,0.399,0.41,0.406,0.385,0.388,
1.0,0.731,0.563,0.546,0.581,0.517,0.537,0.539,0.56,0.511,
1.0,0.569,0.454,0.562,0.485,0.441,0.451,0.451,0.477,0.457,
1.0,0.648,0.452,0.476,0.448,0.484,0.449,0.431,0.442,0.45,
0.891,0.545,0.43,0.432,0.442,0.397,0.412,0.401,0.415,0.417,
1.0,0.679,0.577,0.541,0.56,0.554,0.505,0.514,0.534,0.512,
1.0,0.578,0.518,0.505,0.478,0.462,0.458,0.478,0.462,0.489,
0.804,0.552,0.406,0.419,0.405,0.393,0.401,0.398,0.389,0.403,
0.802,0.494,0.451,0.472,0.386,0.408,0.373,0.408,0.409,0.414,
1.0,0.646,0.658,0.53,0.541,0.559,0.5,0.505,0.515,0.536,
1.0,0.552,0.563,0.459,0.47,0.468,0.461,0.468,0.461,0.538,
1.0,0.518,0.397,0.397,0.389,0.345,0.364,0.347,0.352,0.363,
0.794,0.467,0.376,0.426,0.382,0.366,0.384,0.369,0.364,0.372,
1.0,0.65,0.634,0.571,0.627,0.578,0.571,0.546,0.55,0.542,
0.845,0.511,0.5,0.438,0.411,0.421,0.432,0.438,0.395,0.407,
1.0,0.511,0.392,0.454,0.382,0.348,0.356,0.361,0.362,0.368,
1.0,0.539,0.457,0.37,0.396,0.371,0.365,0.364,0.385,0.389,
0.82,0.457,0.439,0.392,0.406,0.374,0.362,0.377,0.372,0.376,
1.0,0.625,0.564,0.491,0.51,0.48,0.494,0.496,0.538,0.493,
1.0,0.668,0.561,0.522,0.507,0.541,0.498,0.516,0.512,0.541,
0.898,0.561,0.499,0.454,0.444,0.411,0.413,0.433,0.435,0.423,
0.842,0.465,0.437,0.335,0.378,0.422,0.327,0.343,0.336,0.372,
0.944,0.582,0.569,0.552,0.521,0.554,0.493,0.55,0.519,0.544,
1.0,0.525,0.523,0.457,0.427,0.424,0.425,0.433,0.42,0.396,
1.0,0.46,0.527,0.424,0.426,0.394,0.39,0.434,0.431,0.425,
1.0,0.628,0.491,0.513,0.511,0.496,0.472,0.521,0.514,0.473,
1.0,0.741,0.563,0.527,0.546,0.557,0.499,0.516,0.511,0.554,
1.0,0.607,0.48,0.45,0.504,0.433,0.408,0.421,0.414,0.436,
0.879,0.56,0.407,0.427,0.443,0.411,0.398,0.421,0.434,0.407,
0.84,0.59,0.485,0.42,0.411,0.403,0.4,0.35,0.376,0.431,
1.0,0.591,0.438,0.394,0.425,0.397,0.408,0.411,0.41,0.408,
1.0,0.648,0.577,0.556,0.486,0.483,0.518,0.507,0.497,0.466,
0.957,0.673,0.526,0.486,0.519,0.472,0.484,0.481,0.477,0.55,
1.0,0.661,0.496,0.474,0.449,0.47,0.472,0.45,0.447,0.451,
1.0,0.496,0.572,0.486,0.447,0.398,0.457,0.51,0.404,0.411,
0.83,0.507,0.441,0.463,0.423,0.356,0.414,0.384,0.425,0.409,
1.0,0.675,0.589,0.478,0.493,0.479,0.518,0.441,0.484,0.495,
1.0,0.635,0.447,0.472,0.498,0.439,0.453,0.477,0.445,0.454,
0.729,0.471,0.456,0.403,0.369,0.342,0.387,0.368,0.363,0.348,
1.0,0.676,0.523,0.475,0.559,0.52,0.536,0.501,0.485,0.469,
1.0,0.628,0.513,0.496,0.465,0.441,0.433,0.438,0.446,0.419,
1.0,0.474,0.432,0.431,0.347,0.402,0.353,0.365,0.392,0.353,
0.865,0.455,0.462,0.418,0.366,0.376,0.358,0.384,0.393,0.396,
1.0,0.643,0.579,0.526,0.514,0.511,0.531,0.515,0.525,0.516,
0.996,0.672,0.555,0.562,0.515,0.472,0.513,0.493,0.519,0.526,
1.0,0.585,0.508,0.511,0.448,0.418,0.466,0.442,0.443,0.431,
1.0,0.521,0.523,0.446,0.41,0.416,0.426,0.428,0.439,0.394,
0.88,0.476,0.48,0.454,0.459,0.464,0.426,0.439,0.376,0.415,
0.878,0.537,0.424,0.431,0.41,0.393,0.412,0.361,0.368,0.372,
1.0,0.553,0.461,0.476,0.472,0.474,0.481,0.462,0.406,0.442,
1.0,0.591,0.54,0.423,0.438,0.459,0.438,0.459,0.43,0.439,
0.791,0.531,0.421,0.395,0.339,0.376,0.336,0.357,0.356,0.374,
0.975,0.562,0.547,0.405,0.372,0.373,0.38,0.346,0.401,0.398,
1.0,0.665,0.531,0.491,0.568,0.527,0.496,0.497,0.48,0.499,
1.0,0.576,0.418,0.415,0.395,0.457,0.427,0.409,0.453,0.444,
0.836,0.427,0.453,0.354,0.35,0.355,0.337,0.345,0.332,0.359,
1.0,0.642,0.562,0.509,0.463,0.474,0.476,0.488,0.494,0.47,
0.939,0.614,0.556,0.545,0.5,0.539,0.466,0.488,0.492,0.488,
0.902,0.475,0.528,0.395,0.391,0.461,0.38,0.382,0.38,0.357,
0.901,0.439,0.387,0.405,0.435,0.385,0.371,0.37,0.372,0.364,
0.833,0.537,0.456,0.444,0.419,0.406,0.416,0.413,0.418,0.381,
1.0,0.566,0.504,0.484,0.466,0.483,0.456,0.477,0.454,0.461,
1.0,0.617,0.492,0.475,0.456,0.469,0.474,0.466,0.473,0.472,
1.0,0.586,0.534,0.577,0.524,0.477,0.509,0.494,0.552,0.517,
1.0,0.587,0.493,0.474,0.484,0.465,0.466,0.444,0.442,0.434,
0.83,0.475,0.495,0.409,0.391,0.379,0.389,0.375,0.385,0.372,
0.981,0.621,0.572,0.517,0.465,0.499,0.494,0.475,0.483,0.513,
0.998,0.632,0.605,0.478,0.481,0.46,0.482,0.477,0.469,0.49,
1.0,0.522,0.429,0.406,0.398,0.37,0.347,0.384,0.364,0.367,
0.925,0.533,0.43,0.448,0.433,0.393,0.394,0.399,0.406,0.381,
1.0,0.684,0.533,0.549,0.52,0.512,0.494,0.503,0.5,0.511,
1.0,0.682,0.563,0.522,0.551,0.54,0.506,0.508,0.482,0.515,
1.0,0.586,0.506,0.409,0.42,0.429,0.432,0.404,0.432,0.408,
0.838,0.461,0.467,0.478,0.404,0.425,0.401,0.39,0.375,0.383,
1.0,0.598,0.529,0.507,0.456,0.442,0.424,0.44,0.438,0.464,
1.0,0.561,0.415,0.453,0.441,0.412,0.407,0.396,0.406,0.408,
0.855,0.597,0.437,0.409,0.417,0.414,0.396,0.371,0.407,0.384,
0.821,0.52,0.455,0.399,0.412,0.376,0.344,0.38,0.37,0.392,

0.827,0.492,0.451,0.422,0.421,0.426,0.414,0.418,0.425,0.413,
0.875,0.512,0.48,0.47,0.466,0.464,0.463,0.463,0.463,0.463,
1.0,0.476,0.427,0.341,0.325,0.383,0.335,0.324,0.383,0.335,
0.999,0.378,0.385,0.311,0.341,0.3,0.291,0.319,0.296,0.317,
0.846,0.488,0.445,0.443,0.456,0.44,0.442,0.456,0.44,0.442,
1.0,0.459,0.409,0.4,0.399,0.399,0.399,0.399,0.399,0.399,
1.0,0.505,0.472,0.478,0.461,0.467,0.463,0.458,0.456,0.455,
0.927,0.489,0.439,0.436,0.443,0.437,0.434,0.434,0.423,0.419,
1.0,0.409,0.33,0.31,0.298,0.305,0.297,0.304,0.312,0.305,
0.865,0.475,0.429,0.386,0.412,0.418,0.385,0.413,0.378,0.402,
1.0,0.38,0.356,0.356,0.355,0.355,0.355,0.354,0.354,0.354,
1.0,0.489,0.453,0.455,0.44,0.435,0.434,0.434,0.433,0.433,
0.969,0.435,0.337,0.39,0.326,0.324,0.32,0.341,0.321,0.307,
0.836,0.473,0.43,0.422,0.429,0.434,0.463,0.442,0.438,0.441,
0.795,0.517,0.438,0.406,0.397,0.394,0.392,0.392,0.392,0.392,
0.935,0.367,0.308,0.297,0.295,0.294,0.294,0.294,0.294,0.294,
0.986,0.381,0.303,0.282,0.277,0.276,0.275,0.275,0.275,0.275,
0.863,0.512,0.468,0.448,0.443,0.441,0.44,0.44,0.44,0.439,
1.0,0.419,0.364,0.345,0.324,0.342,0.339,0.323,0.341,0.339,
1.0,0.434,0.389,0.353,0.365,0.343,0.347,0.332,0.348,0.332,
0.961,0.366,0.302,0.307,0.288,0.284,0.283,0.283,0.283,0.283,
0.847,0.517,0.468,0.459,0.457,0.457,0.457,0.457,0.457,0.457,
1.0,0.478,0.436,0.43,0.429,0.428,0.428,0.428,0.428,0.428,
0.973,0.347,0.311,0.292,0.288,0.287,0.287,0.287,0.287,0.287,
0.839,0.538,0.502,0.492,0.489,0.488,0.487,0.487,0.487,0.487,
0.929,0.376,0.284,0.265,0.252,0.252,0.257,0.272,0.262,0.259,
0.902,0.311,0.27,0.251,0.243,0.241,0.24,0.24,0.24,0.24,
0.723,0.498,0.46,0.445,0.439,0.436,0.435,0.435,0.435,0.435,
1.0,0.391,0.352,0.301,0.302,0.303,0.294,0.301,0.303,0.294,
1.0,0.358,0.294,0.273,0.265,0.262,0.261,0.26,0.26,0.26,
0.773,0.451,0.405,0.372,0.361,0.359,0.358,0.358,0.358,0.358,
0.849,0.504,0.465,0.464,0.461,0.462,0.462,0.462,0.462,0.462,
1.0,0.42,0.37,0.369,0.353,0.354,0.355,0.356,0.356,0.357,
0.969,0.341,0.296,0.301,0.272,0.257,0.254,0.253,0.252,0.252,
0.916,0.381,0.392,0.383,0.375,0.351,0.345,0.342,0.34,0.34,
1.0,0.488,0.421,0.392,0.366,0.398,0.368,0.389,0.363,0.401,
1.0,0.474,0.421,0.345,0.336,0.34,0.341,0.34,0.34,0.34,
0.952,0.411,0.348,0.339,0.313,0.307,0.304,0.304,0.304,0.304,
0.847,0.514,0.506,0.491,0.488,0.489,0.487,0.489,0.487,0.489,
0.776,0.428,0.389,0.373,0.37,0.366,0.367,0.365,0.367,0.365,
1.0,0.465,0.385,0.381,0.344,0.369,0.357,0.379,0.363,0.38,
1.0,0.426,0.373,0.367,0.367,0.367,0.367,0.367,0.367,0.367,
1.0,0.463,0.415,0.411,0.41,0.41,0.41,0.41,0.41,0.41,
1.0,0.381,0.293,0.273,0.268,0.267,0.266,0.266,0.266,0.266,
0.807,0.491,0.458,0.453,0.453,0.453,0.454,0.454,0.454,0.454,
1.0,0.419,0.405,0.404,0.402,0.401,0.401,0.4,0.4,0.4,
0.889,0.351,0.293,0.28,0.277,0.276,0.275,0.275,0.275,0.275,
0.965,0.378,0.32,0.299,0.298,0.299,0.299,0.299,0.3,0.3,
1.0,0.412,0.357,0.344,0.34,0.338,0.337,0.337,0.337,0.337,
1.0,0.545,0.509,0.446,0.439,0.419,0.428,0.422,0.43,0.423,
0.995,0.343,0.282,0.258,0.253,0.252,0.252,0.252,0.252,0.252,
0.885,0.505,0.453,0.438,0.434,0.432,0.431,0.431,0.431,0.431,
1.0,0.432,0.361,0.342,0.338,0.337,0.336,0.336,0.336,0.336,
0.88,0.369,0.3,0.279,0.273,0.272,0.272,0.272,0.272,0.272,
0.961,0.362,0.3,0.291,0.289,0.288,0.288,0.288,0.288,0.288,
0.765,0.434,0.411,0.408,0.406,0.404,0.403,0.403,0.403,0.403,
0.992,0.385,0.324,0.324,0.329,0.332,0.332,0.333,0.333,0.333,
0.795,0.452,0.426,0.428,0.426,0.425,0.425,0.425,0.425,0.425,
0.858,0.508,0.473,0.473,0.474,0.474,0.471,0.471,0.471,0.471,
0.921,0.318,0.248,0.235,0.233,0.233,0.233,0.233,0.233,0.233,
1.0,0.394,0.33,0.305,0.299,0.296,0.295,0.295,0.294,0.294,
0.825,0.459,0.447,0.446,0.443,0.442,0.442,0.441,0.441,0.441,
0.779,0.45,0.413,0.383,0.373,0.37,0.368,0.368,0.368,0.368,
1.0,0.476,0.403,0.384,0.366,0.369,0.372,0.382,0.386,0.387,
0.899,0.327,0.256,0.237,0.233,0.232,0.232,0.232,0.232,0.232,
0.79,0.461,0.423,0.409,0.404,0.402,0.401,0.401,0.4,0.4,
1.0,0.507,0.447,0.425,0.422,0.421,0.421,0.42,0.42,0.42,
1.0,0.415,0.332,0.312,0.306,0.303,0.302,0.302,0.302,0.302,
0.93,0.647,0.613,0.594,0.585,0.581,0.579,0.578,0.577,0.577,
0.815,0.44,0.38,0.375,0.393,0.378,0.375,0.374,0.373,0.373,
0.847,0.469,0.446,0.438,0.443,0.441,0.44,0.44,0.439,0.439,
0.984,0.384,0.301,0.279,0.278,0.278,0.278,0.278,0.279,0.279,
1.0,0.508,0.453,0.441,0.437,0.435,0.435,0.434,0.434,0.434,
0.923,0.361,0.321,0.312,0.31,0.311,0.309,0.311,0.299,0.296,
0.89,0.508,0.465,0.453,0.449,0.447,0.446,0.446,0.446,0.446,
1.0,0.42,0.374,0.371,0.363,0.362,0.361,0.361,0.361,0.361,
0.98,0.376,0.295,0.279,0.275,0.274,0.274,0.273,0.273,0.273,
1.0,0.374,0.327,0.305,0.303,0.306,0.307,0.307,0.307,0.307,
0.838,0.514,0.478,0.467,0.463,0.461,0.46,0.46,0.46,0.46,
1.0,0.407,0.366,0.355,0.35,0.349,0.349,0.349,0.348,0.348,
1.0,0.43,0.371,0.334,0.327,0.325,0.324,0.324,0.323,0.323,
0.75,0.453,0.382,0.367,0.352,0.356,0.348,0.355,0.347,0.354,
0.859,0.46,0.403,0.401,0.396,0.399,0.401,0.402,0.403,0.403,
1.0,0.406,0.314,0.294,0.313,0.295,0.288,0.295,0.293,0.287,
1.0,0.334,0.262,0.245,0.241,0.241,0.24,0.24,0.24,0.24,
0.959,0.397,0.325,0.318,0.316,0.314,0.314,0.314,0.314,0.314,
0.775,0.422,0.387,0.386,0.394,0.388,0.395,0.389,0.396,0.386,
1.0,0.464,0.386,0.384,0.342,0.347,0.36,0.333,0.345,0.36,
0.846,0.533,0.508,0.498,0.496,0.496,0.496,0.496,0.496,0.496,
0.814,0.468,0.434,0.426,0.424,0.423,0.423,0.423,0.423,0.423,
0.941,0.386,0.311,0.314,0.284,0.281,0.277,0.274,0.278,0.276,
0.977,0.336,0.259,0.243,0.24,0.24,0.24,0.24,0.24,0.24,
0.841,0.499,0.447,0.433,0.421,0.436,0.426,0.438,0.427,0.438,
1.0,0.447,0.388,0.36,0.353,0.35,0.349,0.349,0.349,0.349,
1.0,0.385,0.293,0.28,0.267,0.263,0.268,0.268,0.271,0.263,
0.821,0.478,0.408,0.394,0.391,0.389,0.388,0.387,0.387,0.387,
1.0,0.438,0.382,0.377,0.371,0.364,0.371,0.369,0.364,0.371,
1.0,0.441,0.376,0.362,0.365,0.365,0.365,0.365,0.365,0.365,
0.915,0.354,0.274,0.275,0.262,0.242,0.248,0.258,0.246,0.252,
0.947,0.393,0.348,0.329,0.303,0.292,0.29,0.289,0.289,0.289,
0.83,0.52,0.5,0.464,0.426,0.445,0.419,0.44,0.413,0.439,
1.0,0.489,0.415,0.405,0.405,0.405,0.405,0.405,0.405,0.405,
0.98,0.364,0.332,0.277,0.265,0.262,0.261,0.261,0.261,0.261,
0.779,0.424,0.39,0.378,0.375,0.409,0.418,0.409,0.397,0.386,
0.91,0.38,0.291,0.269,0.266,0.265,0.265,0.265,0.265,0.264,
1.0,0.432,0.322,0.309,0.3,0.303,0.298,0.302,0.298,0.302,
1.0,0.483,0.434,0.426,0.423,0.422,0.422,0.422,0.422,0.422,
1.0,0.516,0.452,0.439,0.436,0.435,0.435,0.435,0.435,0.435,
0.903,0.384,0.339,0.303,0.295,0.294,0.294,0.294,0.294,0.294,
0.829,0.455,0.429,0.423,0.422,0.421,0.421,0.421,0.421,0.421,
1.0,0.507,0.462,0.43,0.387,0.407,0.403,0.388,0.381,0.378,
0.901,0.359,0.317,0.298,0.296,0.297,0.297,0.297,0.297,0.297,
0.783,0.5,0.465,0.461,0.46,0.456,0.453,0.452,0.451,0.451,
1.0,0.431,0.351,0.336,0.332,0.331,0.33,0.33,0.33,0.33,
0.981,0.377,0.305,0.281,0.277,0.278,0.276,0.276,0.276,0.276,
0.955,0.36,0.299,0.267,0.257,0.255,0.255,0.254,0.254,0.254,
0.823,0.476,0.451,0.434,0.428,0.426,0.425,0.425,0.425,0.425,
1.0,0.463,0.408,0.396,0.392,0.391,0.39,0.39,0.39,0.39,
1.0,0.456,0.43,0.38,0.367,0.365,0.364,0.364,0.364,0.364,
0.917,0.371,0.301,0.299,0.284,0.278,0.268,0.266,0.266,0.266,
0.935,0.372,0.315,0.285,0.277,0.274,0.274,0.273,0.273,0.273,
0.933,0.397,0.332,0.319,0.317,0.316,0.316,0.315,0.315,0.315,
0.889,0.343,0.294,0.288,0.289,0.29,0.29,0.29,0.29,0.29,
0.815,0.491,0.437,0.433,0.433,0.431,0.43,0.43,0.43,0.43,
1.0,0.5,0.474,0.454,0.459,0.462,0.464,0.464,0.465,0.465,
0.943,0.371,0.334,0.328,0.326,0.325,0.325,0.325,0.325,0.325,
0.948,0.444,0.415,0.402,0.399,0.397,0.396,0.396,0.395,0.395,
0.801,0.472,0.47,0.467,0.464,0.464,0.464,0.464,0.464,0.464,
1.0,0.426,0.43,0.362,0.419,0.359,0.404,0.355,0.419,0.359,
1.0,0.379,0.296,0.27,0.261,0.259,0.256,0.256,0.256,0.256,
0.863,0.523,0.52,0.516,0.514,0.513,0.512,0.512,0.512,0.512,
1.0,0.512,0.471,0.451,0.447,0.446,0.446,0.446,0.446,0.446,
1.0,0.337,0.274,0.262,0.26,0.26,0.26,0.26,0.26,0.26,
0.805,0.425,0.414,0.383,0.369,0.367,0.365,0.364,0.364,0.364,
0.735,0.414,0.4,0.364,0.351,0.346,0.345,0.359,0.362,0.393,
0.754,0.456,0.433,0.431,0.431,0.431,0.431,0.431,0.431,0.431,
1.0,0.452,0.391,0.38,0.39,0.393,0.393,0.393,0.393,0.393,
1.0,0.453,0.391,0.373,0.368,0.365,0.365,0.364,0.364,0.364,
0.898,0.371,0.305,0.291,0.285,0.285,0.267,0.274,0.262,0.285,
0.87,0.453,0.411,0.393,0.388,0.387,0.386,0.386,0.386,0.386,
1.0,0.435,0.372,0.346,0.339,0.337,0.336,0.336,0.336,0.336,
0.904,0.315,0.291,0.289,0.288,0.288,0.288,0.288,0.288,0.288,
0.909,0.298,0.251,0.224,0.22,0.219,0.219,0.219,0.219,0.219,
0.88,0.499,0.469,0.455,0.454,0.454,0.455,0.455,0.455,0.455,
1.0,0.51,0.414,0.405,0.392,0.389,0.388,0.388,0.388,0.388,
1.0,0.466,0.399,0.358,0.35,0.368,0.386,0.377,0.372,0.369,
0.942,0.381,0.3,0.301,0.282,0.28,0.281,0.281,0.282,0.282,
0.894,0.515,0.452,0.429,0.422,0.419,0.418,0.417,0.417,0.417,
1.0,0.479,0.405,0.377,0.368,0.365,0.364,0.364,0.364,0.363,
1.0,0.36,0.301,0.286,0.281,0.281,0.281,0.282,0.282,0.282,
0.887,0.475,0.444,0.432,0.429,0.424,0.422,0.421,0.421,0.421,
0.74,0.403,0.42,0.408,0.404,0.403,0.402,0.402,0.402,0.402,
0.811,0.494,0.45,0.436,0.432,0.43,0.429,0.429,0.429,0.428,
0.72,0.465,0.45,0.421,0.413,0.412,0.412,0.412,0.412,0.412,
0.886,0.549,0.506,0.493,0.488,0.485,0.484,0.483,0.483,0.483,
1.0,0.429,0.36,0.346,0.333,0.331,0.33,0.33,0.329,0.329,
0.969,0.351,0.282,0.263,0.26,0.26,0.26,0.26,0.26,0.26,
1.0,0.428,0.386,0.38,0.379,0.378,0.378,0.378,0.378,0.378,
1.0,0.491,0.41,0.345,0.368,0.335,0.366,0.334,0.366,0.334,
1.0,0.503,0.362,0.338,0.326,0.329,0.324,0.328,0.324,0.328,
0.793,0.463,0.427,0.408,0.405,0.405,0.404,0.404,0.404,0.404,
0.753,0.489,0.466,0.46,0.458,0.456,0.454,0.454,0.461,0.457,
1.0,0.413,0.366,0.355,0.354,0.354,0.354,0.354,0.354,0.354,
0.877,0.369,0.317,0.309,0.308,0.307,0.307,0.307,0.307,0.307,
0.806,0.449,0.416,0.409,0.406,0.405,0.404,0.404,0.404,0.404,
1.0,0.485,0.365,0.349,0.348,0.34,0.336,0.336,0.336,0.336,
1.0,0.422,0.392,0.426,0.428,0.431,0.433,0.434,0.434,0.436,
0.954,0.393,0.32,0.303,0.298,0.296,0.296,0.295,0.295,0.295,
0.923,0.33,0.282,0.272,0.269,0.268,0.268,0.268,0.267,0.267,
0.98,0.382,0.318,0.302,0.299,0.298,0.298,0.298,0.298,0.298,
1.0,0.373,0.321,0.31,0.308,0.308,0.308,0.307,0.307,0.307,
1.0,0.468,0.415,0.375,0.359,0.353,0.369,0.36,0.354,0.351,
0.945,0.356,0.279,0.259,0.258,0.258,0.258,0.258,0.258,0.258,
0.818,0.518,0.475,0.464,0.46,0.459,0.458,0.458,0.458,0.458,
0.78,0.459,0.436,0.416,0.41,0.407,0.406,0.406,0.406,0.406,
1.0,0.484,0.433,0.442,0.442,0.441,0.441,0.452,0.438,0.434,
0.946,0.371,0.332,0.322,0.32,0.319,0.319,0.318,0.318,0.318,
0.91,0.389,0.329,0.308,0.302,0.299,0.299,0.298,0.298,0.298,
0.727,0.471,0.43,0.421,0.422,0.422,0.423,0.423,0.424,0.424,
1.0,0.545,0.503,0.481,0.513,0.488,0.514,0.488,0.514,0.489,
1.0,0.35,0.299,0.29,0.289,0.289,0.289,0.289,0.289,0.289,
0.82,0.509,0.474,0.462,0.458,0.457,0.456,0.455,0.455,0.455,
1.0,0.482,0.437,0.422,0.417,0.437,0.441,0.44,0.439,0.439,
0.912,0.37,0.297,0.281,0.276,0.275,0.274,0.274,0.274,0.273,
0.773,0.446,0.397,0.384,0.38,0.38,0.38,0.379,0.379,0.379,
1.0,0.459,0.373,0.358,0.354,0.359,0.359,0.359,0.359,0.359,
0.981,0.37,0.296,0.278,0.275,0.275,0.275,0.275,0.275,0.275,
0.951,0.557,0.515,0.481,0.472,0.47,0.469,0.468,0.468,0.468,
1.0,0.505,0.437,0.429,0.428,0.428,0.428,0.428,0.428,0.428,
1.0,0.478,0.415,0.404,0.402,0.401,0.401,0.401,0.401,0.401,
1.0,0.373,0.294,0.285,0.266,0.279,0.266,0.279,0.265,0.279,
1.0,0.538,0.48,0.456,0.449,0.446,0.445,0.445,0.445,0.445,
0.801,0.441,0.406,0.406,0.411,0.41,0.41,0.41,0.41,0.41,
1.0,0.343,0.275,0.248,0.242,0.24,0.239,0.239,0.239,0.239,
1.0,0.357,0.285,0.267,0.263,0.261,0.261,0.261,0.261,0.261,
0.834,0.507,0.459,0.441,0.484,0.458,0.45,0.45,0.449,0.449,
1.0,0.443,0.414,0.385,0.378,0.377,0.377,0.377,0.377,0.377,
1.0,0.429,0.381,0.372,0.367,0.362,0.362,0.361,0.362,0.361,
0.97,0.348,0.251,0.237,0.234,0.234,0.234,0.233,0.233,0.233,
0.733,0.436,0.405,0.393,0.394,0.383,0.381,0.38,0.38,0.38,
0.96,0.374,0.322,0.295,0.288,0.286,0.286,0.286,0.286,0.286,
1.0,0.42,0.326,0.324,0.352,0.349,0.32,0.312,0.309,0.309,
1.0,0.441,0.421,0.417,0.416,0.416,0.416,0.416,0.416,0.416,
0.968,0.419,0.338,0.32,0.313,0.323,0.41,0.321,0.315,0.329,
0.825,0.516,0.473,0.458,0.454,0.453,0.453,0.453,0.453,0.453,
1.0,0.468,0.431,0.425,0.422,0.421,0.421,0.421,0.421,0.421,
1.0,0.394,0.326,0.298,0.291,0.289,0.289,0.288,0.288,0.288,
1.0,0.356,0.282,0.268,0.266,0.266,0.266,0.266,0.266,0.266,
0.894,0.521,0.469,0.445,0.437,0.434,0.433,0.432,0.432,0.432,
1.0,0.426,0.37,0.355,0.353,0.343,0.344,0.345,0.345,0.345,
1.0,0.46,0.402,0.396,0.403,0.401,0.401,0.401,0.401,0.401,
0.795,0.482,0.444,0.43,0.425,0.424,0.423,0.422,0.422,0.422,
0.803,0.489,0.487,0.463,0.463,0.464,0.464,0.465,0.465,0.465,
1.0,0.482,0.393,0.364,0.355,0.352,0.351,0.35,0.35,0.35,
1.0,0.389,0.325,0.297,0.29,0.289,0.288,0.288,0.288,0.288,
0.983,0.36,0.3,0.287,0.284,0.284,0.284,0.284,0.284,0.284,
0.903,0.376,0.31,0.294,0.29,0.289,0.289,0.289,0.289,0.289,
0.803,0.461,0.462,0.458,0.457,0.458,0.457,0.456,0.456,0.456,
0.813,0.501,0.479,0.484,0.468,0.473,0.47,0.465,0.463,0.462,
0.875,0.534,0.469,0.429,0.423,0.431,0.418,0.419,0.43,0.418,
1.0,0.423,0.367,0.344,0.337,0.335,0.334,0.334,0.334,0.334,
0.932,0.327,0.288,0.276,0.273,0.272,0.272,0.271,0.271,0.271,
0.79,0.502,0.443,0.417,0.411,0.41,0.41,0.41,0.41,0.41,
1.0,0.462,0.389,0.366,0.362,0.361,0.361,0.361,0.361,0.361,
0.95,0.379,0.299,0.284,0.28,0.279,0.279,0.278,0.278,0.278,
0.871,0.508,0.468,0.457,0.452,0.45,0.449,0.449,0.449,0.449,
1.0,0.472,0.399,0.42,0.378,0.371,0.399,0.392,0.388,0.384,
1.0,0.56,0.442,0.406,0.397,0.394,0.393,0.393,0.393,0.393,
0.92,0.402,0.343,0.316,0.313,0.312,0.312,0.312,0.312,0.312,
0.944,0.493,0.454,0.45,0.448,0.447,0.446,0.446,0.445,0.445,
0.811,0.431,0.408,0.402,0.391,0.388,0.387,0.386,0.386,0.386,
1.0,0.522,0.41,0.417,0.394,0.341,0.383,0.379,0.398,0.388,
1.0,0.465,0.399,0.383,0.38,0.38,0.38,0.38,0.38,0.38,
0.925,0.366,0.313,0.289,0.271,0.277,0.268,0.276,0.267,0.276,
1.0,0.335,0.28,0.256,0.25,0.249,0.248,0.248,0.248,0.248,
1.0,0.43,0.434,0.421,0.416,0.415,0.414,0.414,0.414,0.414,
1.0,0.511,0.417,0.384,0.373,0.369,0.367,0.367,0.367,0.367,
0.925,0.352,0.3,0.296,0.297,0.297,0.297,0.297,0.297,0.297,
1.0,0.358,0.285,0.268,0.264,0.262,0.262,0.262,0.262,0.262,
0.859,0.475,0.439,0.425,0.421,0.419,0.419,0.418,0.418,0.418,
1.0,0.5,0.478,0.448,0.437,0.434,0.433,0.432,0.432,0.432,
1.0,0.402,0.308,0.283,0.277,0.276,0.275,0.275,0.275,0.275,
0.863,0.491,0.453,0.445,0.444,0.444,0.444,0.444,0.444,0.444,
0.745,0.436,0.428,0.422,0.429,0.43,0.43,0.429,0.429,0.429,
0.903,0.331,0.266,0.248,0.244,0.242,0.242,0.242,0.242,0.242,
0.982,0.409,0.332,0.317,0.283,0.275,0.274,0.274,0.273,0.273,
1.0,0.376,0.324,0.282,0.282,0.279,0.27,0.271,0.27,0.27,
1.0,0.447,0.407,0.436,0.452,0.457,0.459,0.461,0.461,0.461,
0.901,0.478,0.432,0.441,0.44,0.44,0.44,0.44,0.44,0.44,
0.713,0.434,0.408,0.398,0.394,0.393,0.393,0.393,0.393,0.393,
0.927,0.358,0.305,0.27,0.29,0.288,0.282,0.277,0.276,0.285,
1.0,0.392,0.332,0.344,0.323,0.333,0.323,0.338,0.326,0.326,
0.824,0.502,0.475,0.469,0.467,0.466,0.465,0.465,0.465,0.465,
1.0,0.477,0.47,0.432,0.406,0.418,0.426,0.427,0.427,0.427,
1.0,0.493,0.423,0.358,0.357,0.358,0.358,0.358,0.358,0.358,
1.0,0.373,0.302,0.287,0.285,0.285,0.285,0.285,0.285,0.285,
0.831,0.515,0.465,0.449,0.443,0.44,0.439,0.439,0.475,0.447,
0.819,0.472,0.423,0.415,0.416,0.411,0.408,0.407,0.406,0.406,
1.0,0.591,0.545,0.534,0.527,0.524,0.523,0.523,0.523,0.523,
0.931,0.352,0.256,0.24,0.237,0.236,0.236,0.236,0.236,0.236,
0.777,0.483,0.461,0.455,0.452,0.451,0.451,0.451,0.451,0.451,
1.0,0.462,0.419,0.398,0.408,0.395,0.407,0.395,0.407,0.395,
0.864,0.371,0.317,0.282,0.273,0.262,0.267,0.271,0.273,0.273,
0.833,0.477,0.454,0.455,0.452,0.451,0.451,0.451,0.451,0.451,
0.974,0.351,0.302,0.263,0.253,0.25,0.249,0.249,0.249,0.249,
0.774,0.448,0.432,0.419,0.415,0.414,0.414,0.413,0.413,0.413,
1.0,0.455,0.422,0.428,0.425,0.409,0.401,0.398,0.397,0.396,
1.0,0.522,0.492,0.478,0.474,0.473,0.473,0.473,0.473,0.473,
1.0,0.374,0.301,0.28,0.275,0.273,0.273,0.273,0.273,0.273,
0.859,0.469,0.4,0.385,0.383,0.382,0.382,0.382,0.382,0.382,
1.0,0.459,0.407,0.379,0.369,0.365,0.363,0.362,0.362,0.362,
1.0,0.411,0.398,0.38,0.356,0.351,0.341,0.318,0.338,0.331,
0.801,0.481,0.423,0.404,0.401,0.397,0.399,0.396,0.398,0.395,
0.765,0.455,0.432,0.426,0.424,0.424,0.423,0.423,0.423,0.423,
1.0,0.499,0.455,0.442,0.438,0.437,0.436,0.436,0.436,0.436,
1.0,0.463,0.449,0.418,0.412,0.409,0.408,0.408,0.408,0.408,
0.888,0.335,0.274,0.263,0.261,0.26,0.26,0.26,0.26,0.26,
0.82,0.488,0.449,0.452,0.453,0.453,0.453,0.453,0.453,0.453,
1.0,0.469,0.415,0.405,0.404,0.403,0.403,0.403,0.403,0.403,
1.0,0.372,0.311,0.302,0.304,0.304,0.304,0.304,0.304,0.304,
1.0,0.473,0.413,0.404,0.404,0.404,0.404,0.404,0.404,0.404,
1.0,0.469,0.402,0.385,0.379,0.377,0.376,0.375,0.375,0.375,
0.816,0.469,0.427,0.422,0.416,0.419,0.418,0.42,0.418,0.421,
0.787,0.483,0.449,0.438,0.435,0.434,0.434,0.434,0.434,0.434,
1.0,0.448,0.365,0.322,0.332,0.362,0.405,0.392,0.389,0.388,
1.0,0.395,0.334,0.32,0.315,0.315,0.319,0.317,0.316,0.319,
1.0,0.372,0.314,0.269,0.261,0.263,0.257,0.258,0.262,0.257,
0.811,0.459,0.419,0.412,0.415,0.407,0.408,0.413,0.407,0.408,
1.0,0.48,0.451,0.449,0.44,0.435,0.434,0.433,0.433,0.433,
1.0,0.488,0.444,0.428,0.396,0.415,0.41,0.4,0.395,0.396,
0.937,0.413,0.355,0.338,0.332,0.331,0.322,0.329,0.32,0.328,
0.78,0.492,0.475,0.48,0.465,0.472,0.462,0.474,0.472,0.478,
1.0,0.475,0.436,0.428,0.426,0.425,0.425,0.425,0.425,0.425,
0.906,0.362,0.317,0.28,0.276,0.272,0.272,0.272,0.272,0.272,
0.883,0.462,0.434,0.428,0.427,0.426,0.426,0.426,0.426,0.426,
1.0,0.497,0.413,0.395,0.392,0.391,0.391,0.39,0.39,0.39,
0.846,0.471,0.434,0.423,0.42,0.419,0.419,0.419,0.419,0.419,
1.0,0.444,0.382,0.354,0.34,0.362,0.372,0.374,0.374,0.374,
0.956,0.414,0.352,0.335,0.325,0.341,0.313,0.329,0.325,0.312,
0.989,0.373,0.308,0.296,0.29,0.288,0.287,0.287,0.287,0.287,
0.657,0.402,0.359,0.347,0.344,0.343,0.343,0.343,0.343,0.343,
1.0,0.453,0.394,0.368,0.37,0.372,0.373,0.373,0.373,0.373,
0.924,0.349,0.287,0.291,0.302,0.287,0.285,0.285,0.285,0.285,
0.854,0.49,0.441,0.423,0.415,0.412,0.411,0.41,0.41,0.41,
1.0,0.485,0.401,0.388,0.387,0.387,0.386,0.386,0.386,0.386,
1.0,0.419,0.376,0.349,0.341,0.343,0.34,0.34,0.339,0.339,
0.907,0.407,0.335,0.315,0.302,0.31,0.292,0.291,0.295,0.298,
0.964,0.343,0.278,0.264,0.258,0.254,0.277,0.25,0.24,0.237,
0.78,0.462,0.448,0.431,0.424,0.436,0.431,0.424,0.415,0.428,
1.0,0.446,0.374,0.346,0.339,0.337,0.336,0.336,0.336,0.336,
1.0,0.403,0.317,0.279,0.28,0.286,0.272,0.278,0.285,0.271,
0.903,0.514,0.445,0.463,0.486,0.49,0.49,0.489,0.489,0.489,
0.969,0.386,0.363,0.344,0.311,0.301,0.302,0.303,0.304,0.304,
0.982,0.501,0.474,0.48,0.483,0.485,0.486,0.486,0.487,0.487,
0.823,0.417,0.374,0.367,0.364,0.364,0.364,0.364,0.364,0.364,
1.0,0.468,0.403,0.387,0.383,0.382,0.381,0.381,0.381,0.381,
0.97,0.363,0.293,0.281,0.278,0.278,0.277,0.277,0.277,0.277,
0.876,0.517,0.455,0.445,0.451,0.462,0.452,0.456,0.461,0.454,
1.0,0.451,0.447,0.407,0.426,0.427,0.425,0.423,0.416,0.408,
1.0,0.478,0.418,0.393,0.387,0.385,0.385,0.384,0.384,0.384,
0.941,0.348,0.248,0.232,0.278,0.268,0.285,0.289,0.266,0.258,
0.835,0.511,0.462,0.459,0.452,0.451,0.451,0.451,0.451,0.451,
0.77,0.43,0.393,0.385,0.383,0.382,0.382,0.381,0.381,0.381,
0.935,0.394,0.34,0.327,0.326,0.325,0.325,0.324,0.325,0.324,
1.0,0.38,0.322,0.287,0.273,0.27,0.269,0.269,0.269,0.269,
1.0,0.585,0.528,0.514,0.491,0.502,0.487,0.5,0.486,0.5,
1.0,0.438,0.4,0.422,0.373,0.362,0.36,0.359,0.359,0.359,
1.0,0.433,0.383,0.364,0.357,0.355,0.354,0.354,0.354,0.354,
1.0,0.374,0.27,0.263,0.247,0.256,0.242,0.255,0.241,0.255,
0.838,0.327,0.286,0.275,0.284,0.258,0.255,0.26,0.257,0.258,
0.853,0.386,0.321,0.31,0.309,0.309,0.309,0.309,0.309,0.309,
0.828,0.475,0.44,0.427,0.421,0.419,0.418,0.418,0.418,0.418,
1.0,0.465,0.479,0.397,0.429,0.388,0.377,0.374,0.374,0.374,
0.912,0.523,0.479,0.454,0.47,0.455,0.458,0.452,0.457,0.451,
0.76,0.435,0.397,0.385,0.381,0.38,0.38,0.379,0.379,0.379,
0.817,0.505,0.483,0.464,0.454,0.451,0.45,0.449,0.449,0.449,
1.0,0.447,0.354,0.309,0.337,0.322,0.3,0.312,0.302,0.311,
1.0,0.416,0.34,0.313,0.317,0.322,0.324,0.326,0.326,0.327,
0.834,0.507,0.473,0.438,0.434,0.412,0.413,0.418,0.41,0.417,
1.0,0.458,0.401,0.396,0.396,0.396,0.396,0.396,0.396,0.396,
1.0,0.396,0.34,0.317,0.313,0.312,0.312,0.312,0.312,0.312,
0.854,0.474,0.437,0.426,0.421,0.419,0.419,0.418,0.418,0.418,
0.786,0.461,0.428,0.421,0.418,0.418,0.417,0.417,0.417,0.417,
1.0,0.4,0.352,0.34,0.336,0.334,0.333,0.333,0.332,0.332,
0.826,0.473,0.444,0.428,0.422,0.419,0.418,0.418,0.418,0.417,
1.0,0.493,0.389,0.39,0.392,0.392,0.375,0.366,0.383,0.39,
1.0,0.466,0.401,0.381,0.375,0.372,0.371,0.371,0.371,0.371,
0.895,0.528,0.475,0.458,0.453,0.451,0.45,0.45,0.45,0.45,
0.791,0.466,0.425,0.415,0.413,0.413,0.412,0.412,0.412,0.412,
1.0,0.539,0.503,0.486,0.482,0.495,0.498,0.498,0.498,0.498,
1.0,0.43,0.415,0.418,0.378,0.411,0.383,0.381,0.392,0.39,
1.0,0.383,0.315,0.296,0.29,0.287,0.286,0.286,0.286,0.286,
0.814,0.435,0.405,0.423,0.395,0.392,0.385,0.383,0.382,0.382,
1.0,0.487,0.44,0.432,0.427,0.425,0.425,0.425,0.424,0.424,
1.0,0.366,0.336,0.317,0.294,0.29,0.287,0.286,0.286,0.285,
0.816,0.476,0.428,0.402,0.393,0.39,0.389,0.388,0.388,0.388,
1.0,0.459,0.373,0.35,0.318,0.32,0.34,0.316,0.32,0.34,
1.0,0.442,0.392,0.357,0.349,0.347,0.347,0.346,0.346,0.346,
1.0,0.458,0.404,0.383,0.359,0.38,0.385,0.349,0.356,0.337,
0.839,0.517,0.49,0.484,0.478,0.478,0.478,0.478,0.478,0.478,
0.998,0.378,0.291,0.269,0.266,0.265,0.265,0.265,0.265,0.265,
0.805,0.46,0.412,0.399,0.396,0.395,0.395,0.395,0.395,0.395,
1.0,0.403,0.324,0.314,0.296,0.293,0.295,0.299,0.293,0.292,
1.0,0.385,0.296,0.274,0.268,0.267,0.266,0.266,0.266,0.266,
0.836,0.507,0.481,0.471,0.467,0.466,0.465,0.465,0.464,0.464,
0.869,0.432,0.421,0.418,0.417,0.417,0.417,0.417,0.417,0.417,
1.0,0.41,0.344,0.339,0.337,0.335,0.321,0.317,0.332,0.334,
1.0,0.357,0.31,0.287,0.283,0.282,0.282,0.282,0.282,0.282,
1.0,0.4,0.331,0.311,0.299,0.295,0.294,0.294,0.293,0.293,
1.0,0.478,0.43,0.419,0.417,0.416,0.416,0.416,0.416,0.416,
1.0,0.477,0.415,0.406,0.405,0.391,0.394,0.404,0.391,0.394,
0.844,0.357,0.309,0.296,0.292,0.291,0.291,0.29,0.29,0.29,
0.802,0.425,0.418,0.422,0.412,0.414,0.422,0.413,0.414,0.422,
0.865,0.461,0.451,0.439,0.441,0.442,0.439,0.437,0.436,0.436,
0.888,0.393,0.328,0.278,0.295,0.281,0.274,0.272,0.271,0.271,
0.994,0.402,0.33,0.311,0.307,0.305,0.305,0.305,0.305,0.305,
1.0,0.472,0.396,0.381,0.378,0.377,0.377,0.377,0.376,0.376,
0.979,0.391,0.304,0.285,0.282,0.281,0.281,0.281,0.281,0.281,
0.848,0.502,0.456,0.441,0.435,0.433,0.425,0.421,0.419,0.419,
0.859,0.538,0.516,0.508,0.506,0.505,0.505,0.505,0.505,0.505,
1.0,0.506,0.465,0.454,0.451,0.45,0.449,0.449,0.449,0.449,
0.868,0.339,0.309,0.3,0.289,0.284,0.282,0.282,0.282,0.282,
0.78,0.431,0.409,0.383,0.373,0.369,0.368,0.368,0.367,0.367,
1.0,0.474,0.404,0.383,0.375,0.372,0.371,0.371,0.371,0.37,
0.886,0.377,0.339,0.325,0.322,0.322,0.322,0.322,0.322,0.322,
0.991,0.357,0.279,0.262,0.259,0.258,0.258,0.257,0.257,0.257,
0.801,0.529,0.475,0.488,0.491,0.489,0.491,0.493,0.49,0.492,
0.895,0.554,0.505,0.498,0.504,0.503,0.504,0.503,0.503,0.503,
1.0,0.503,0.453,0.437,0.415,0.418,0.419,0.42,0.42,0.42,
0.986,0.358,0.319,0.287,0.278,0.275,0.274,0.274,0.274,0.274,
0.906,0.508,0.472,0.475,0.46,0.455,0.453,0.453,0.452,0.452,
1.0,0.477,0.477,0.424,0.455,0.423,0.424,0.413,0.409,0.408,
1.0,0.47,0.428,0.39,0.397,0.377,0.371,0.372,0.37,0.365,
0.951,0.388,0.307,0.282,0.275,0.273,0.273,0.272,0.272,0.272,
0.91,0.339,0.301,0.291,0.29,0.289,0.289,0.289,0.289,0.289,
0.935,0.339,0.261,0.243,0.239,0.238,0.238,0.238,0.238,0.238,
1.0,0.423,0.379,0.365,0.361,0.359,0.358,0.358,0.358,0.358,
1.0,0.49,0.442,0.428,0.42,0.416,0.402,0.406,0.397,0.397,
0.959,0.377,0.296,0.292,0.288,0.3,0.279,0.276,0.276,0.276,
0.794,0.447,0.41,0.403,0.39,0.384,0.381,0.38,0.38,0.38,
1.0,0.472,0.376,0.397,0.36,0.393,0.359,0.393,0.359,0.393,
1.0,0.437,0.343,0.328,0.327,0.327,0.327,0.327,0.327,0.327,
0.823,0.455,0.404,0.389,0.384,0.382,0.381,0.381,0.381,0.381,
0.802,0.441,0.403,0.397,0.381,0.377,0.379,0.381,0.373,0.379,
1.0,0.391,0.349,0.349,0.35,0.35,0.35,0.35,0.35,0.35,
0.924,0.332,0.279,0.262,0.258,0.256,0.256,0.256,0.256,0.256,
1.0,0.428,0.378,0.365,0.35,0.347,0.346,0.346,0.346,0.346,
0.758,0.414,0.374,0.359,0.376,0.379,0.379,0.378,0.378,0.378,
0.937,0.372,0.305,0.292,0.289,0.289,0.288,0.288,0.288,0.288,
0.873,0.538,0.479,0.465,0.464,0.442,0.434,0.432,0.431,0.431,
1.0,0.509,0.471,0.461,0.469,0.471,0.469,0.469,0.468,0.468,
1.0,0.471,0.423,0.414,0.412,0.411,0.411,0.411,0.41,0.41,
0.911,0.371,0.27,0.248,0.243,0.242,0.242,0.242,0.242,0.242,
0.842,0.513,0.483,0.465,0.463,0.462,0.462,0.462,0.462,0.462,
1.0,0.442,0.409,0.403,0.397,0.4,0.397,0.397,0.397,0.397,
0.872,0.353,0.299,0.285,0.28,0.279,0.279,0.278,0.278,0.278,
0.915,0.525,0.478,0.462,0.457,0.456,0.455,0.455,0.455,0.455,
1.0,0.475,0.424,0.407,0.404,0.404,0.404,0.404,0.404,0.404,
1.0,0.48,0.344,0.311,0.362,0.336,0.307,0.343,0.304,0.31,
1.0,0.486,0.417,0.382,0.409,0.369,0.396,0.418,0.428,0.431,
0.957,0.38,0.309,0.284,0.277,0.27,0.278,0.275,0.284,0.266,
0.815,0.478,0.445,0.433,0.431,0.431,0.431,0.431,0.431,0.431,
1.0,0.578,0.499,0.485,0.447,0.443,0.444,0.446,0.447,0.447,
0.954,0.367,0.313,0.299,0.297,0.297,0.296,0.296,0.296,0.296,
0.96,0.352,0.279,0.261,0.256,0.251,0.252,0.252,0.252,0.252,
0.808,0.471,0.422,0.395,0.392,0.401,0.406,0.407,0.408,0.408,
0.79,0.474,0.432,0.418,0.415,0.414,0.414,0.414,0.414,0.414,
1.0,0.421,0.362,0.348,0.343,0.361,0.353,0.345,0.343,0.342,
0.966,0.385,0.309,0.287,0.287,0.284,0.286,0.284,0.286,0.284,
1.0,0.382,0.328,0.324,0.326,0.327,0.327,0.327,0.327,0.327,
0.82,0.483,0.448,0.449,0.423,0.413,0.409,0.407,0.406,0.406,
1.0,0.472,0.41,0.396,0.393,0.393,0.394,0.389,0.386,0.386,
0.857,0.373,0.299,0.287,0.286,0.287,0.287,0.287,0.288,0.288,
0.859,0.491,0.461,0.448,0.455,0.45,0.444,0.437,0.439,0.44,
1.0,0.398,0.381,0.354,0.348,0.347,0.347,0.347,0.347,0.347,
1.0,0.447,0.385,0.378,0.404,0.382,0.365,0.358,0.378,0.373,
0.835,0.505,0.484,0.484,0.484,0.484,0.484,0.484,0.484,0.484,
0.779,0.51,0.431,0.422,0.423,0.424,0.425,0.425,0.425,0.425,
0.876,0.512,0.476,0.489,0.494,0.499,0.49,0.496,0.495,0.495,
1.0,0.467,0.378,0.377,0.352,0.368,0.348,0.366,0.348,0.366,
1.0,0.471,0.432,0.443,0.46,0.458,0.457,0.457,0.457,0.457,
1.0,0.489,0.422,0.414,0.413,0.412,0.412,0.412,0.412,0.412,
1.0,0.456,0.395,0.371,0.364,0.361,0.359,0.359,0.358,0.358,
0.862,0.469,0.427,0.415,0.407,0.404,0.403,0.402,0.402,0.402,
0.885,0.493,0.456,0.443,0.438,0.437,0.436,0.436,0.436,0.436,
0.986,0.371,0.314,0.328,0.323,0.295,0.303,0.306,0.307,0.308,
1.0,0.418,0.34,0.295,0.286,0.286,0.291,0.272,0.27,0.283,
0.889,0.499,0.471,0.46,0.444,0.439,0.438,0.438,0.438,0.438,
1.0,0.458,0.385,0.358,0.351,0.349,0.348,0.347,0.347,0.347,
1.0,0.454,0.418,0.409,0.406,0.404,0.404,0.404,0.403,0.403,
0.926,0.432,0.343,0.321,0.317,0.315,0.315,0.315,0.315,0.315,
0.807,0.489,0.434,0.408,0.396,0.392,0.389,0.389,0.388,0.388,
1.0,0.459,0.425,0.407,0.402,0.403,0.402,0.401,0.401,0.401,
0.967,0.358,0.341,0.301,0.293,0.292,0.292,0.292,0.292,0.292,
0.95,0.35,0.268,0.252,0.249,0.248,0.248,0.248,0.248,0.248,
0.758,0.418,0.409,0.387,0.388,0.382,0.366,0.385,0.388,0.391,
0.709,0.469,0.434,0.422,0.417,0.415,0.414,0.414,0.413,0.413,
0.885,0.548,0.497,0.484,0.48,0.478,0.478,0.477,0.477,0.477,
1.0,0.385,0.336,0.323,0.32,0.319,0.318,0.318,0.318,0.318,
0.88,0.361,0.329,0.314,0.306,0.304,0.302,0.302,0.302,0.302,
0.761,0.481,0.462,0.456,0.453,0.452,0.451,0.451,0.451,0.451,
1.0,0.36,0.305,0.299,0.291,0.293,0.289,0.289,0.288,0.288,
1.0,0.433,0.415,0.36,0.349,0.36,0.367,0.368,0.368,0.368,
0.954,0.429,0.358,0.338,0.333,0.331,0.331,0.331,0.331,0.331,
0.851,0.521,0.49,0.483,0.482,0.481,0.481,0.483,0.479,0.478,
0.765,0.435,0.404,0.407,0.409,0.408,0.408,0.408,0.408,0.408,
0.888,0.36,0.319,0.323,0.305,0.293,0.274,0.27,0.27,0.27,
0.997,0.375,0.33,0.321,0.305,0.302,0.302,0.301,0.301,0.301,
0.773,0.44,0.399,0.381,0.405,0.369,0.363,0.362,0.369,0.364,
1.0,0.426,0.372,0.367,0.336,0.349,0.343,0.346,0.347,0.348,
1.0,0.381,0.309,0.285,0.28,0.279,0.279,0.279,0.279,0.279,
0.783,0.463,0.402,0.381,0.382,0.383,0.383,0.383,0.383,0.384,
1.0,0.534,0.424,0.454,0.399,0.445,0.394,0.443,0.394,0.443,
0.903,0.366,0.308,0.317,0.362,0.326,0.33,0.321,0.314,0.296,
0.782,0.499,0.437,0.422,0.426,0.428,0.428,0.428,0.428,0.428,
1.0,0.43,0.402,0.361,0.345,0.34,0.337,0.336,0.336,0.335,
0.98,0.366,0.296,0.271,0.269,0.265,0.268,0.264,0.267,0.264,
0.929,0.395,0.342,0.326,0.323,0.322,0.322,0.322,0.322,0.322,
0.797,0.455,0.418,0.397,0.391,0.389,0.388,0.388,0.388,0.388,
1.0,0.477,0.435,0.425,0.379,0.387,0.407,0.415,0.375,0.385,
1.0,0.484,0.434,0.421,0.417,0.416,0.416,0.416,0.416,0.416,
0.804,0.48,0.432,0.411,0.411,0.4,0.393,0.389,0.387,0.386,
0.748,0.468,0.444,0.438,0.437,0.432,0.433,0.436,0.432,0.433,
1.0,0.453,0.41,0.395,0.391,0.39,0.389,0.389,0.389,0.389,
0.934,0.436,0.371,0.347,0.349,0.35,0.337,0.333,0.335,0.333,
1.0,0.376,0.294,0.276,0.272,0.271,0.27,0.27,0.27,0.27,
1.0,0.481,0.376,0.344,0.332,0.328,0.327,0.326,0.327,0.326,
1.0,0.511,0.419,0.391,0.38,0.377,0.376,0.376,0.375,0.375,
1.0,0.448,0.409,0.361,0.363,0.362,0.361,0.361,0.361,0.361,
0.943,0.367,0.304,0.291,0.287,0.285,0.285,0.285,0.285,0.285,
0.967,0.438,0.337,0.278,0.266,0.267,0.261,0.262,0.266,0.261,
0.851,0.479,0.439,0.438,0.457,0.452,0.449,0.457,0.459,0.459,
1.0,0.485,0.466,0.464,0.463,0.463,0.463,0.463,0.463,0.463,
0.906,0.436,0.327,0.306,0.321,0.331,0.307,0.295,0.278,0.274,
0.927,0.578,0.544,0.534,0.529,0.549,0.53,0.546,0.528,0.545,
0.928,0.508,0.449,0.433,0.43,0.43,0.43,0.43,0.43,0.43,
1.0,0.391,0.333,0.325,0.336,0.325,0.321,0.329,0.336,0.325,
0.938,0.382,0.3,0.283,0.281,0.281,0.281,0.281,0.281,0.281,
0.918,0.386,0.341,0.304,0.292,0.29,0.29,0.29,0.29,0.29,
1.0,0.49,0.486,0.442,0.424,0.416,0.413,0.411,0.41,0.41,
1.0,0.473,0.428,0.419,0.417,0.416,0.416,0.416,0.416,0.416,
0.876,0.535,0.507,0.501,0.498,0.497,0.497,0.496,0.496,0.496,
0.869,0.522,0.464,0.451,0.444,0.444,0.441,0.442,0.44,0.442,
0.818,0.473,0.424,0.412,0.409,0.408,0.408,0.408,0.408,0.408,
0.808,0.413,0.413,0.406,0.404,0.403,0.402,0.402,0.402,0.402,
1.0,0.42,0.35,0.368,0.324,0.345,0.318,0.344,0.318,0.344,
1.0,0.389,0.317,0.298,0.293,0.292,0.291,0.291,0.291,0.291,
1.0,0.411,0.417,0.366,0.397,0.34,0.368,0.322,0.307,0.345,
0.753,0.473,0.458,0.448,0.43,0.423,0.425,0.432,0.425,0.421,
0.849,0.497,0.452,0.439,0.435,0.434,0.434,0.434,0.434,0.434,
1.0,0.445,0.362,0.342,0.338,0.337,0.336,0.336,0.336,0.336,
0.957,0.377,0.317,0.302,0.297,0.295,0.295,0.295,0.295,0.295,
0.744,0.428,0.381,0.369,0.365,0.365,0.364,0.364,0.364,0.364,
1.0,0.407,0.339,0.342,0.323,0.32,0.32,0.32,0.32,0.32,
0.934,0.368,0.319,0.301,0.296,0.294,0.293,0.292,0.292,0.292,
1.0,0.368,0.302,0.309,0.29,0.301,0.288,0.3,0.288,0.3,
0.803,0.478,0.462,0.434,0.431,0.431,0.431,0.431,0.431,0.431,
1.0,0.435,0.392,0.375,0.369,0.374,0.369,0.374,0.369,0.374,
1.0,0.451,0.42,0.43,0.359,0.363,0.418,0.357,0.363,0.418,
1.0,0.415,0.358,0.348,0.344,0.343,0.343,0.342,0.342,0.342,
0.865,0.347,0.295,0.302,0.292,0.288,0.287,0.286,0.286,0.286,
0.81,0.469,0.407,0.39,0.386,0.384,0.384,0.383,0.383,0.383,
0.832,0.466,0.444,0.426,0.43,0.433,0.433,0.433,0.433,0.433,
0.985,0.372,0.327,0.286,0.269,0.261,0.26,0.259,0.259,0.259,
1.0,0.374,0.304,0.288,0.284,0.282,0.282,0.282,0.282,0.282,
0.884,0.492,0.468,0.438,0.43,0.428,0.427,0.427,0.427,0.427,
0.87,0.507,0.452,0.415,0.403,0.426,0.404,0.399,0.424,0.403,
1.0,0.463,0.433,0.448,0.427,0.427,0.406,0.421,0.405,0.421,
0.985,0.375,0.29,0.271,0.268,0.267,0.267,0.267,0.267,0.267,
0.839,0.435,0.403,0.392,0.388,0.386,0.386,0.385,0.385,0.385,
1.0,0.51,0.478,0.478,0.48,0.481,0.481,0.481,0.481,0.481,
1.0,0.391,0.336,0.324,0.321,0.32,0.32,0.32,0.319,0.319,
0.811,0.474,0.436,0.406,0.387,0.382,0.38,0.379,0.379,0.379,
0.801,0.481,0.451,0.432,0.434,0.429,0.427,0.426,0.426,0.426,
1.0,0.455,0.374,0.347,0.339,0.337,0.336,0.336,0.336,0.336,
1.0,0.411,0.337,0.315,0.309,0.307,0.306,0.306,0.306,0.306,
1.0,0.397,0.358,0.327,0.299,0.294,0.293,0.293,0.293,0.293,
1.0,0.464,0.382,0.363,0.357,0.356,0.355,0.356,0.354,0.356,
0.82,0.456,0.401,0.397,0.399,0.4,0.4,0.4,0.4,0.4,
0.778,0.451,0.413,0.406,0.405,0.405,0.405,0.405,0.405,0.405,
1.0,0.454,0.343,0.328,0.362,0.333,0.328,0.327,0.327,0.327,
0.955,0.33,0.233,0.24,0.223,0.222,0.222,0.222,0.222,0.222,
0.983,0.338,0.258,0.236,0.234,0.234,0.234,0.234,0.234,0.234,
1.0,0.428,0.382,0.371,0.369,0.369,0.369,0.369,0.369,0.369,
0.973,0.327,0.25,0.242,0.241,0.241,0.241,0.241,0.241,0.241,
0.957,0.326,0.239,0.23,0.23,0.23,0.23,0.23,0.23,0.23,
0.925,0.362,0.28,0.267,0.264,0.263,0.263,0.263,0.263,0.263,
0.783,0.419,0.346,0.337,0.325,0.323,0.322,0.322,0.322,0.322,
1.0,0.416,0.333,0.313,0.31,0.309,0.309,0.309,0.309,0.309,
0.9,0.293,0.223,0.214,0.213,0.213,0.213,0.213,0.213,0.213,
0.882,0.494,0.408,0.384,0.376,0.374,0.374,0.373,0.373,0.373,
1.0,0.395,0.351,0.363,0.368,0.369,0.369,0.369,0.369,0.369,
0.841,0.479,0.376,0.356,0.352,0.351,0.351,0.351,0.351,0.351,
1.0,0.385,0.305,0.274,0.27,0.269,0.269,0.269,0.269,0.269,
1.0,0.44,0.317,0.279,0.272,0.271,0.27,0.27,0.27,0.27,
1.0,0.382,0.281,0.257,0.255,0.255,0.255,0.255,0.255,0.255,
0.802,0.443,0.393,0.389,0.38,0.378,0.377,0.377,0.377,0.377,
1.0,0.383,0.339,0.295,0.326,0.294,0.325,0.294,0.325,0.294,
0.893,0.355,0.276,0.265,0.264,0.264,0.264,0.264,0.264,0.264,
0.774,0.457,0.393,0.38,0.374,0.372,0.371,0.37,0.37,0.37,
1.0,0.456,0.376,0.369,0.368,0.368,0.368,0.368,0.368,0.368,
1.0,0.433,0.363,0.351,0.348,0.346,0.346,0.345,0.345,0.345,
1.0,0.4,0.307,0.359,0.307,0.299,0.298,0.298,0.298,0.298,
0.927,0.485,0.417,0.403,0.399,0.398,0.397,0.397,0.397,0.397,
0.792,0.46,0.38,0.359,0.354,0.352,0.352,0.352,0.352,0.352,
0.94,0.317,0.265,0.225,0.216,0.217,0.217,0.217,0.217,0.217,
1.0,0.359,0.266,0.241,0.238,0.238,0.238,0.238,0.238,0.238,
0.841,0.481,0.429,0.42,0.419,0.418,0.418,0.418,0.418,0.418,
1.0,0.352,0.266,0.253,0.251,0.251,0.251,0.251,0.251,0.251,
0.828,0.435,0.403,0.371,0.367,0.365,0.365,0.365,0.365,0.365,
0.916,0.483,0.428,0.378,0.4,0.367,0.36,0.358,0.358,0.358,
1.0,0.414,0.32,0.276,0.275,0.275,0.275,0.275,0.275,0.275,
1.0,0.336,0.247,0.238,0.238,0.238,0.238,0.238,0.238,0.238,
0.821,0.428,0.356,0.344,0.342,0.342,0.342,0.342,0.342,0.342,
1.0,0.437,0.398,0.325,0.311,0.31,0.31,0.309,0.309,0.309,
1.0,0.39,0.313,0.292,0.29,0.29,0.29,0.29,0.29,0.29,
0.895,0.345,0.263,0.251,0.249,0.249,0.249,0.249,0.249,0.249,
0.906,0.549,0.493,0.476,0.473,0.472,0.471,0.471,0.471,0.471,
1.0,0.369,0.319,0.287,0.282,0.281,0.281,0.281,0.281,0.281,
0.917,0.381,0.324,0.272,0.262,0.261,0.261,0.261,0.261,0.261,
0.883,0.458,0.375,0.355,0.351,0.35,0.35,0.35,0.35,0.35,
0.822,0.405,0.337,0.328,0.327,0.327,0.327,0.327,0.327,0.327,
1.0,0.436,0.371,0.365,0.364,0.363,0.363,0.363,0.363,0.363,
1.0,0.437,0.353,0.34,0.337,0.336,0.336,0.335,0.335,0.335,
1.0,0.363,0.279,0.248,0.256,0.258,0.259,0.259,0.259,0.259,
0.864,0.315,0.24,0.229,0.228,0.227,0.227,0.227,0.227,0.227,
0.813,0.408,0.364,0.347,0.343,0.342,0.342,0.342,0.341,0.341,
1.0,0.448,0.391,0.381,0.38,0.379,0.379,0.379,0.379,0.379,
0.864,0.345,0.261,0.248,0.245,0.245,0.245,0.245,0.245,0.245,
0.857,0.55,0.496,0.469,0.467,0.467,0.467,0.467,0.467,0.467,
0.852,0.487,0.406,0.39,0.386,0.385,0.385,0.384,0.384,0.384,
0.705,0.454,0.371,0.356,0.353,0.352,0.351,0.351,0.351,0.351,
0.897,0.358,0.262,0.255,0.27,0.261,0.259,0.259,0.259,0.259,
0.968,0.339,0.252,0.243,0.242,0.242,0.242,0.242,0.242,0.242,
0.96,0.489,0.395,0.373,0.368,0.366,0.366,0.366,0.366,0.366,
1.0,0.442,0.346,0.324,0.312,0.309,0.309,0.309,0.309,0.309,
0.97,0.362,0.264,0.276,0.239,0.236,0.236,0.236,0.236,0.236,
0.709,0.443,0.399,0.383,0.38,0.38,0.379,0.379,0.379,0.379,
1.0,0.369,0.284,0.277,0.276,0.276,0.276,0.276,0.276,0.276,
1.0,0.397,0.325,0.313,0.313,0.311,0.313,0.311,0.313,0.311,
0.802,0.478,0.423,0.412,0.407,0.396,0.395,0.395,0.395,0.395,
1.0,0.454,0.359,0.338,0.334,0.333,0.332,0.332,0.332,0.332,
0.924,0.361,0.287,0.28,0.27,0.268,0.267,0.267,0.267,0.267,
0.895,0.512,0.426,0.405,0.397,0.395,0.394,0.394,0.393,0.393,
1.0,0.46,0.372,0.35,0.344,0.343,0.342,0.342,0.342,0.342,
1.0,0.427,0.343,0.327,0.32,0.31,0.309,0.309,0.309,0.309,
1.0,0.415,0.337,0.314,0.31,0.31,0.31,0.31,0.31,0.31,
0.95,0.466,0.397,0.385,0.382,0.38,0.38,0.379,0.379,0.379,
0.921,0.524,0.478,0.466,0.462,0.46,0.459,0.459,0.459,0.459,
1.0,0.386,0.302,0.265,0.26,0.26,0.26,0.26,0.26,0.26,
1.0,0.315,0.23,0.221,0.22,0.22,0.22,0.22,0.22,0.22,
0.936,0.337,0.266,0.24,0.238,0.238,0.238,0.238,0.238,0.238,
1.0,0.424,0.383,0.367,0.345,0.341,0.337,0.336,0.336,0.336,
1.0,0.47,0.409,0.37,0.351,0.344,0.344,0.345,0.345,0.345,
1.0,0.389,0.293,0.264,0.264,0.264,0.265,0.265,0.265,0.265,
0.792,0.466,0.403,0.385,0.379,0.377,0.376,0.375,0.375,0.375,
1.0,0.39,0.277,0.263,0.259,0.259,0.259,0.259,0.259,0.259,
0.77,0.429,0.38,0.367,0.363,0.362,0.361,0.361,0.361,0.361,
1.0,0.461,0.402,0.357,0.337,0.332,0.331,0.33,0.33,0.33,
0.916,0.371,0.281,0.318,0.261,0.255,0.255,0.255,0.255,0.255,
0.8,0.416,0.353,0.395,0.366,0.341,0.393,0.365,0.341,0.393,
0.753,0.415,0.369,0.357,0.354,0.353,0.352,0.352,0.352,0.352,
0.955,0.371,0.297,0.268,0.262,0.26,0.26,0.26,0.26,0.26,
0.863,0.328,0.258,0.239,0.237,0.237,0.237,0.237,0.237,0.237,
0.935,0.492,0.434,0.421,0.395,0.39,0.389,0.388,0.388,0.388,
1.0,0.354,0.281,0.271,0.268,0.268,0.267,0.267,0.267,0.267,
1.0,0.446,0.353,0.334,0.329,0.327,0.326,0.326,0.326,0.326,
0.969,0.379,0.278,0.315,0.276,0.263,0.262,0.262,0.262,0.262,
0.816,0.456,0.366,0.342,0.336,0.334,0.333,0.333,0.333,0.333,
1.0,0.44,0.311,0.298,0.297,0.297,0.297,0.297,0.297,0.297,
1.0,0.45,0.399,0.373,0.363,0.358,0.359,0.357,0.36,0.357,
1.0,0.352,0.273,0.263,0.261,0.261,0.261,0.261,0.261,0.261,
1.0,0.464,0.401,0.375,0.368,0.367,0.367,0.366,0.366,0.366,
1.0,0.355,0.289,0.267,0.258,0.257,0.256,0.256,0.256,0.256,
0.895,0.471,0.42,0.403,0.398,0.396,0.395,0.394,0.394,0.394,
0.851,0.442,0.407,0.395,0.4,0.393,0.41,0.393,0.407,0.397,
1.0,0.497,0.423,0.412,0.409,0.408,0.408,0.408,0.408,0.408,
1.0,0.35,0.278,0.292,0.27,0.251,0.233,0.25,0.253,0.254,
0.866,0.495,0.453,0.424,0.414,0.41,0.409,0.409,0.409,0.409,
1.0,0.405,0.314,0.302,0.3,0.3,0.3,0.3,0.3,0.3,
0.983,0.358,0.28,0.259,0.256,0.256,0.256,0.256,0.256,0.256,
0.915,0.335,0.264,0.246,0.245,0.244,0.244,0.244,0.244,0.244,
0.91,0.483,0.419,0.4,0.395,0.395,0.382,0.38,0.38,0.38,
1.0,0.414,0.336,0.336,0.318,0.33,0.316,0.329,0.316,0.329,
1.0,0.393,0.314,0.31,0.301,0.3,0.3,0.3,0.3,0.3,
0.759,0.441,0.371,0.352,0.347,0.346,0.345,0.345,0.345,0.345,
0.929,0.537,0.448,0.421,0.416,0.413,0.408,0.412,0.406,0.411,
1.0,0.445,0.364,0.35,0.347,0.345,0.345,0.345,0.345,0.345,
1.0,0.528,0.399,0.377,0.375,0.375,0.375,0.375,0.375,0.375,
0.861,0.328,0.24,0.231,0.23,0.23,0.23,0.23,0.23,0.23,
0.885,0.368,0.306,0.296,0.293,0.282,0.28,0.279,0.279,0.279,
0.82,0.417,0.351,0.337,0.334,0.334,0.333,0.333,0.333,0.333,
0.761,0.475,0.431,0.42,0.417,0.416,0.416,0.415,0.415,0.415,
1.0,0.338,0.25,0.239,0.238,0.238,0.238,0.238,0.238,0.238,
0.876,0.347,0.27,0.259,0.257,0.257,0.257,0.257,0.257,0.257,
0.853,0.477,0.385,0.353,0.341,0.339,0.338,0.338,0.338,0.338,
1.0,0.486,0.456,0.45,0.448,0.447,0.447,0.447,0.447,0.447,
0.924,0.362,0.298,0.268,0.26,0.291,0.27,0.261,0.261,0.261,
0.871,0.498,0.425,0.413,0.41,0.409,0.408,0.408,0.408,0.408,
0.963,0.518,0.414,0.391,0.391,0.396,0.398,0.399,0.4,0.4,
1.0,0.414,0.329,0.317,0.316,0.315,0.315,0.315,0.315,0.315,
0.922,0.347,0.253,0.243,0.24,0.24,0.24,0.24,0.24,0.24,
0.983,0.385,0.297,0.279,0.268,0.283,0.27,0.28,0.27,0.28,
1.0,0.372,0.34,0.31,0.277,0.269,0.268,0.268,0.268,0.268,
1.0,0.352,0.278,0.252,0.248,0.246,0.246,0.246,0.246,0.246,
1.0,0.433,0.404,0.397,0.367,0.37,0.359,0.368,0.378,0.366,
1.0,0.412,0.348,0.331,0.33,0.331,0.332,0.332,0.332,0.332,
1.0,0.427,0.364,0.367,0.332,0.323,0.322,0.322,0.322,0.322,
0.925,0.368,0.248,0.234,0.232,0.232,0.232,0.232,0.232,0.232,
0.759,0.431,0.345,0.342,0.343,0.346,0.331,0.337,0.341,0.346,
1.0,0.42,0.336,0.362,0.338,0.322,0.314,0.313,0.312,0.312,
0.948,0.328,0.255,0.246,0.244,0.243,0.243,0.243,0.243,0.243,
0.864,0.476,0.426,0.413,0.408,0.406,0.405,0.404,0.404,0.404,
0.851,0.493,0.411,0.398,0.396,0.396,0.396,0.396,0.396,0.396,
1.0,0.472,0.38,0.369,0.368,0.369,0.369,0.369,0.369,0.369,
0.952,0.375,0.317,0.242,0.233,0.243,0.231,0.231,0.231,0.231,
0.911,0.38,0.279,0.267,0.267,0.266,0.266,0.266,0.266,0.266,
1.0,0.429,0.353,0.322,0.314,0.313,0.312,0.312,0.312,0.312,
1.0,0.412,0.303,0.31,0.286,0.305,0.285,0.305,0.285,0.305,
0.929,0.327,0.247,0.232,0.23,0.23,0.23,0.23,0.23,0.23,
1.0,0.337,0.257,0.234,0.232,0.232,0.232,0.232,0.232,0.232,
0.865,0.47,0.437,0.434,0.437,0.439,0.44,0.441,0.441,0.441,
0.822,0.412,0.339,0.323,0.32,0.319,0.319,0.318,0.318,0.318,
1.0,0.428,0.388,0.36,0.352,0.338,0.335,0.335,0.334,0.334,
0.957,0.391,0.261,0.249,0.248,0.248,0.248,0.248,0.248,0.248,
0.928,0.5,0.422,0.406,0.4,0.398,0.397,0.397,0.397,0.397,
0.855,0.463,0.409,0.399,0.395,0.394,0.394,0.394,0.393,0.393,
1.0,0.481,0.389,0.377,0.376,0.376,0.375,0.375,0.375,0.375,
0.965,0.378,0.314,0.29,0.286,0.285,0.285,0.285,0.285,0.285,
0.92,0.432,0.405,0.354,0.349,0.348,0.348,0.347,0.348,0.347,
1.0,0.489,0.383,0.364,0.359,0.357,0.357,0.357,0.356,0.356,
1.0,0.424,0.346,0.319,0.317,0.317,0.318,0.318,0.318,0.318,
0.949,0.401,0.289,0.273,0.27,0.269,0.269,0.269,0.269,0.269,
0.823,0.536,0.477,0.467,0.469,0.469,0.469,0.469,0.469,0.469,
0.774,0.42,0.345,0.328,0.323,0.324,0.327,0.318,0.318,0.318,
0.932,0.348,0.251,0.241,0.24,0.24,0.24,0.24,0.24,0.24,
1.0,0.533,0.444,0.417,0.404,0.402,0.402,0.402,0.402,0.402,
1.0,0.483,0.385,0.387,0.368,0.364,0.364,0.366,0.364,0.367,
0.996,0.387,0.313,0.28,0.245,0.259,0.242,0.24,0.24,0.24,
0.861,0.476,0.408,0.388,0.383,0.38,0.38,0.379,0.379,0.379,
1.0,0.411,0.337,0.323,0.281,0.279,0.279,0.279,0.278,0.278,
1.0,0.362,0.299,0.314,0.278,0.276,0.28,0.277,0.277,0.277,
1.0,0.378,0.298,0.283,0.28,0.28,0.28,0.28,0.28,0.28,
0.874,0.316,0.249,0.236,0.234,0.233,0.233,0.233,0.233,0.233,
1.0,0.435,0.378,0.346,0.339,0.336,0.336,0.335,0.335,0.335,
1.0,0.454,0.377,0.359,0.354,0.353,0.353,0.353,0.353,0.353,
1.0,0.366,0.286,0.272,0.27,0.269,0.269,0.269,0.269,0.269,
0.899,0.532,0.445,0.422,0.417,0.417,0.416,0.416,0.416,0.416,
1.0,0.393,0.3,0.287,0.285,0.285,0.285,0.285,0.285,0.285,
0.961,0.376,0.284,0.268,0.258,0.261,0.262,0.263,0.263,0.263,
0.809,0.511,0.455,0.439,0.438,0.436,0.438,0.436,0.438,0.436,
0.873,0.506,0.472,0.463,0.46,0.458,0.458,0.458,0.457,0.457,
0.815,0.468,0.37,0.362,0.333,0.325,0.324,0.323,0.323,0.323,
0.807,0.438,0.395,0.361,0.346,0.392,0.387,0.383,0.391,0.367,
0.993,0.381,0.278,0.266,0.265,0.265,0.265,0.265,0.265,0.265,
0.992,0.478,0.362,0.344,0.34,0.339,0.339,0.339,0.338,0.338,
0.904,0.452,0.388,0.37,0.366,0.365,0.365,0.365,0.365,0.365,
1.0,0.423,0.314,0.307,0.348,0.335,0.331,0.331,0.331,0.331,
0.937,0.387,0.293,0.277,0.268,0.277,0.268,0.277,0.268,0.277,
0.897,0.462,0.437,0.397,0.403,0.392,0.398,0.392,0.397,0.392,
1.0,0.523,0.408,0.382,0.376,0.374,0.373,0.373,0.373,0.373,
1.0,0.423,0.343,0.318,0.315,0.315,0.315,0.315,0.315,0.315,
1.0,0.363,0.3,0.279,0.287,0.274,0.282,0.273,0.282,0.273,
0.98,0.384,0.293,0.276,0.277,0.277,0.278,0.278,0.278,0.278,
0.814,0.418,0.366,0.373,0.35,0.332,0.327,0.324,0.323,0.323,
1.0,0.376,0.384,0.367,0.331,0.373,0.364,0.31,0.353,0.309,
1.0,0.348,0.283,0.256,0.253,0.252,0.252,0.252,0.252,0.251,
0.778,0.514,0.496,0.487,0.487,0.487,0.485,0.485,0.486,0.498,
1.0,0.411,0.323,0.308,0.306,0.306,0.306,0.306,0.306,0.306,
0.986,0.374,0.293,0.271,0.253,0.261,0.252,0.261,0.252,0.261,
0.774,0.442,0.378,0.345,0.337,0.335,0.334,0.334,0.334,0.334,
1.0,0.433,0.343,0.325,0.32,0.319,0.319,0.319,0.319,0.319,
0.969,0.354,0.257,0.245,0.253,0.244,0.244,0.244,0.244,0.244,
0.935,0.324,0.243,0.234,0.233,0.232,0.232,0.232,0.232,0.232,
1.0,0.457,0.37,0.332,0.322,0.303,0.326,0.321,0.303,0.326,
1.0,0.404,0.354,0.347,0.329,0.326,0.343,0.321,0.326,0.319,
0.9,0.35,0.264,0.262,0.254,0.241,0.24,0.24,0.24,0.24,
0.9,0.477,0.402,0.381,0.375,0.374,0.373,0.373,0.373,0.373,
0.823,0.476,0.446,0.416,0.401,0.406,0.401,0.399,0.399,0.399,
1.0,0.453,0.362,0.331,0.333,0.322,0.331,0.321,0.331,0.321,
0.962,0.356,0.272,0.26,0.254,0.249,0.248,0.248,0.248,0.248,
0.86,0.416,0.348,0.33,0.325,0.323,0.323,0.322,0.322,0.322,
0.838,0.426,0.35,0.335,0.332,0.33,0.33,0.33,0.33,0.33,
1.0,0.476,0.401,0.372,0.364,0.362,0.361,0.361,0.361,0.361,
1.0,0.427,0.384,0.343,0.332,0.314,0.305,0.304,0.304,0.304,
1.0,0.335,0.251,0.237,0.236,0.236,0.236,0.236,0.236,0.236,
1.0,0.41,0.322,0.281,0.262,0.256,0.256,0.256,0.256,0.256,
0.926,0.439,0.365,0.349,0.345,0.344,0.343,0.343,0.343,0.343,
1.0,0.432,0.301,0.29,0.289,0.289,0.289,0.289,0.289,0.289,
1.0,0.372,0.294,0.282,0.28,0.28,0.28,0.279,0.279,0.279,
0.776,0.43,0.396,0.364,0.354,0.351,0.35,0.35,0.35,0.35,
0.798,0.451,0.404,0.393,0.39,0.388,0.388,0.387,0.387,0.387,
1.0,0.434,0.362,0.382,0.391,0.373,0.372,0.387,0.379,0.369,
1.0,0.405,0.307,0.271,0.267,0.267,0.266,0.266,0.266,0.266,
0.797,0.46,0.395,0.385,0.383,0.383,0.383,0.383,0.383,0.383,
1.0,0.408,0.324,0.309,0.304,0.303,0.302,0.302,0.302,0.302,
1.0,0.377,0.286,0.273,0.272,0.271,0.271,0.271,0.271,0.271,
0.9,0.341,0.261,0.249,0.24,0.24,0.24,0.24,0.24,0.24,
0.887,0.417,0.376,0.376,0.368,0.365,0.363,0.363,0.362,0.362,
0.855,0.493,0.436,0.423,0.419,0.418,0.418,0.418,0.418,0.418,
0.818,0.404,0.376,0.334,0.313,0.306,0.303,0.302,0.302,0.301,
1.0,0.454,0.344,0.338,0.326,0.335,0.325,0.335,0.325,0.335,
1.0,0.446,0.326,0.307,0.304,0.304,0.304,0.304,0.304,0.304,
0.965,0.346,0.285,0.259,0.261,0.266,0.267,0.268,0.268,0.268,
0.943,0.367,0.279,0.255,0.251,0.251,0.251,0.251,0.251,0.251,
1.0,0.413,0.331,0.317,0.309,0.308,0.308,0.307,0.307,0.307,
1.0,0.472,0.318,0.285,0.282,0.282,0.282,0.282,0.282,0.282,
0.99,0.372,0.259,0.281,0.268,0.238,0.242,0.247,0.24,0.24,
0.854,0.49,0.437,0.408,0.4,0.397,0.397,0.396,0.396,0.396,
1.0,0.442,0.36,0.338,0.331,0.328,0.327,0.326,0.326,0.326,
0.952,0.335,0.265,0.258,0.257,0.257,0.257,0.257,0.257,0.257,
0.868,0.332,0.249,0.233,0.231,0.231,0.231,0.231,0.231,0.231,
0.819,0.482,0.41,0.396,0.392,0.39,0.389,0.389,0.389,0.389,
1.0,0.391,0.409,0.33,0.361,0.307,0.31,0.318,0.322,0.306,
1.0,0.427,0.349,0.342,0.341,0.341,0.341,0.341,0.341,0.341,
0.771,0.433,0.403,0.387,0.382,0.381,0.381,0.38,0.38,0.38,
0.926,0.391,0.298,0.281,0.276,0.275,0.275,0.275,0.275,0.275,
0.865,0.467,0.424,0.365,0.353,0.351,0.35,0.35,0.35,0.35,
1.0,0.502,0.42,0.408,0.408,0.412,0.414,0.415,0.416,0.416,
1.0,0.329,0.243,0.235,0.234,0.234,0.234,0.234,0.234,0.234,
0.838,0.42,0.368,0.358,0.355,0.353,0.352,0.352,0.352,0.352,
0.891,0.441,0.363,0.348,0.345,0.343,0.343,0.343,0.343,0.343,
0.734,0.452,0.397,0.387,0.373,0.368,0.366,0.365,0.364,0.364,
0.926,0.353,0.271,0.259,0.256,0.255,0.254,0.254,0.254,0.254,
0.937,0.416,0.313,0.285,0.281,0.28,0.28,0.28,0.28,0.28,
1.0,0.431,0.32,0.303,0.3,0.3,0.3,0.3,0.3,0.3,
1.0,0.375,0.316,0.322,0.328,0.33,0.331,0.331,0.331,0.331,
1.0,0.364,0.295,0.281,0.308,0.273,0.271,0.271,0.271,0.271,
0.907,0.461,0.357,0.342,0.34,0.339,0.339,0.339,0.339,0.339,
0.813,0.473,0.381,0.356,0.353,0.352,0.352,0.352,0.352,0.352,
1.0,0.472,0.368,0.364,0.36,0.366,0.356,0.364,0.356,0.364,
1.0,0.455,0.302,0.268,0.263,0.262,0.262,0.262,0.262,0.262,
1.0,0.42,0.315,0.297,0.295,0.294,0.294,0.294,0.294,0.294,
0.946,0.298,0.218,0.211,0.211,0.211,0.211,0.211,0.211,0.211,
1.0,0.31,0.235,0.231,0.222,0.221,0.221,0.221,0.221,0.221,
0.805,0.474,0.399,0.381,0.378,0.377,0.377,0.377,0.377,0.377,
1.0,0.436,0.361,0.348,0.346,0.346,0.346,0.346,0.346,0.346,
0.991,0.354,0.279,0.258,0.256,0.256,0.256,0.256,0.256,0.256,
0.911,0.354,0.3,0.274,0.27,0.269,0.269,0.269,0.269,0.269,
0.781,0.41,0.374,0.364,0.361,0.36,0.36,0.359,0.359,0.359,
1.0,0.371,0.304,0.291,0.288,0.287,0.287,0.287,0.287,0.287,
1.0,0.366,0.283,0.269,0.267,0.267,0.267,0.267,0.267,0.267,
0.795,0.419,0.365,0.35,0.345,0.343,0.342,0.341,0.341,0.341,
0.781,0.45,0.372,0.36,0.359,0.359,0.359,0.359,0.359,0.359,
1.0,0.444,0.359,0.328,0.324,0.323,0.323,0.323,0.323,0.323,
0.9,0.314,0.244,0.263,0.237,0.252,0.248,0.247,0.247,0.247,
1.0,0.394,0.307,0.279,0.273,0.272,0.272,0.272,0.272,0.272,
1.0,0.495,0.411,0.408,0.395,0.391,0.387,0.389,0.386,0.389,
0.747,0.417,0.356,0.34,0.336,0.334,0.333,0.333,0.333,0.333,
1.0,0.43,0.357,0.353,0.338,0.32,0.341,0.319,0.341,0.319,
1.0,0.372,0.272,0.259,0.258,0.258,0.258,0.258,0.258,0.258,
0.807,0.477,0.43,0.399,0.39,0.389,0.388,0.388,0.388,0.388,
1.0,0.419,0.305,0.317,0.29,0.312,0.33,0.331,0.329,0.332,
1.0,0.421,0.323,0.311,0.307,0.307,0.306,0.306,0.306,0.306,
1.0,0.498,0.41,0.394,0.39,0.389,0.389,0.388,0.388,0.388,
0.835,0.484,0.421,0.412,0.41,0.41,0.41,0.41,0.41,0.41,
0.815,0.471,0.409,0.384,0.378,0.377,0.376,0.376,0.376,0.376,
0.912,0.343,0.263,0.245,0.249,0.252,0.253,0.251,0.243,0.249,
0.872,0.354,0.27,0.26,0.259,0.259,0.259,0.259,0.259,0.259,
0.831,0.466,0.379,0.391,0.375,0.363,0.368,0.371,0.362,0.368,
1.0,0.401,0.326,0.285,0.366,0.299,0.337,0.328,0.321,0.315,
1.0,0.37,0.288,0.297,0.276,0.291,0.283,0.292,0.289,0.337,
0.999,0.373,0.276,0.258,0.25,0.25,0.25,0.25,0.25,0.25,
0.724,0.49,0.441,0.425,0.419,0.416,0.415,0.414,0.414,0.414,
1.0,0.387,0.266,0.255,0.254,0.254,0.254,0.254,0.254,0.254,
0.939,0.391,0.289,0.279,0.267,0.265,0.265,0.265,0.265,0.265,
1.0,0.427,0.319,0.308,0.299,0.305,0.299,0.305,0.299,0.305,
1.0,0.373,0.298,0.29,0.311,0.282,0.279,0.278,0.278,0.278,
1.0,0.385,0.312,0.278,0.273,0.272,0.272,0.272,0.272,0.272,
0.761,0.444,0.385,0.371,0.366,0.364,0.363,0.363,0.362,0.362,
1.0,0.409,0.358,0.32,0.31,0.309,0.309,0.309,0.309,0.309,
0.939,0.341,0.268,0.257,0.255,0.255,0.255,0.255,0.255,0.255,
0.952,0.501,0.447,0.431,0.428,0.427,0.427,0.426,0.426,0.426,
0.877,0.476,0.388,0.366,0.361,0.359,0.359,0.359,0.359,0.359,
0.745,0.385,0.333,0.302,0.294,0.292,0.292,0.292,0.292,0.292,
1.0,0.481,0.447,0.389,0.41,0.36,0.351,0.333,0.309,0.292,
1.0,0.348,0.259,0.249,0.247,0.247,0.247,0.247,0.247,0.247,
0.837,0.435,0.36,0.341,0.337,0.336,0.335,0.335,0.335,0.335,
1.0,0.54,0.43,0.414,0.409,0.407,0.41,0.408,0.41,0.409,
0.923,0.359,0.272,0.292,0.264,0.279,0.254,0.251,0.251,0.251,
1.0,0.409,0.362,0.33,0.336,0.34,0.341,0.341,0.342,0.342,
0.918,0.523,0.5,0.493,0.49,0.489,0.488,0.488,0.488,0.488,
0.793,0.44,0.384,0.369,0.364,0.363,0.362,0.362,0.362,0.362,
0.841,0.449,0.368,0.345,0.339,0.338,0.338,0.338,0.338,0.338,
1.0,0.449,0.372,0.356,0.352,0.35,0.35,0.349,0.349,0.349,
1.0,0.365,0.27,0.258,0.256,0.256,0.256,0.256,0.256,0.256,
0.895,0.474,0.399,0.38,0.375,0.373,0.373,0.373,0.372,0.372,
1.0,0.505,0.437,0.41,0.4,0.394,0.398,0.395,0.393,0.398,
0.985,0.357,0.298,0.28,0.278,0.277,0.276,0.278,0.277,0.276,
0.914,0.384,0.291,0.273,0.275,0.26,0.267,0.248,0.246,0.246,
0.803,0.468,0.427,0.421,0.42,0.419,0.419,0.419,0.419,0.419,
1.0,0.502,0.463,0.418,0.402,0.399,0.398,0.398,0.398,0.398,
0.891,0.391,0.291,0.278,0.277,0.277,0.277,0.277,0.277,0.277,
0.838,0.493,0.43,0.408,0.401,0.398,0.397,0.397,0.397,0.397,
0.826,0.433,0.356,0.358,0.327,0.319,0.318,0.318,0.318,0.318,
1.0,0.333,0.268,0.276,0.274,0.274,0.274,0.274,0.274,0.274,
1.0,0.419,0.346,0.331,0.328,0.327,0.327,0.327,0.326,0.326,
1.0,0.449,0.41,0.424,0.378,0.371,0.369,0.369,0.369,0.369,
1.0,0.442,0.375,0.361,0.357,0.356,0.355,0.355,0.355,0.355,
0.962,0.315,0.286,0.284,0.263,0.263,0.264,0.265,0.265,0.265,
0.808,0.411,0.381,0.357,0.35,0.346,0.347,0.344,0.347,0.344,
1.0,0.37,0.317,0.299,0.291,0.293,0.281,0.292,0.281,0.292,
0.863,0.34,0.262,0.248,0.246,0.246,0.246,0.246,0.246,0.246,
0.971,0.359,0.275,0.26,0.258,0.258,0.258,0.258,0.258,0.258,
0.77,0.448,0.389,0.376,0.372,0.37,0.37,0.37,0.37,0.37,
1.0,0.488,0.376,0.332,0.337,0.344,0.327,0.336,0.343,0.327,
0.919,0.341,0.249,0.235,0.232,0.232,0.232,0.232,0.232,0.232,
0.926,0.46,0.383,0.364,0.359,0.357,0.356,0.355,0.355,0.355,
1.0,0.475,0.396,0.366,0.36,0.358,0.357,0.356,0.356,0.356,
1.0,0.35,0.27,0.258,0.256,0.255,0.255,0.255,0.255,0.255,
0.944,0.348,0.232,0.219,0.219,0.219,0.219,0.219,0.219,0.219,
0.915,0.33,0.274,0.26,0.259,0.258,0.258,0.258,0.258,0.258,
0.801,0.428,0.362,0.351,0.348,0.342,0.343,0.343,0.343,0.342,
0.855,0.417,0.349,0.336,0.332,0.331,0.33,0.33,0.33,0.33,
1.0,0.426,0.354,0.341,0.338,0.337,0.337,0.337,0.337,0.337,
0.945,0.328,0.246,0.237,0.235,0.235,0.234,0.234,0.234,0.234,
0.85,0.458,0.402,0.372,0.364,0.365,0.366,0.364,0.365,0.366,
1.0,0.446,0.345,0.323,0.322,0.322,0.323,0.323,0.323,0.323,
1.0,0.491,0.377,0.366,0.358,0.356,0.355,0.355,0.355,0.355,
1.0,0.398,0.319,0.306,0.304,0.303,0.303,0.303,0.303,0.303,
0.741,0.399,0.364,0.355,0.351,0.349,0.349,0.348,0.348,0.348,
0.81,0.474,0.428,0.411,0.404,0.402,0.402,0.401,0.401,0.401,
1.0,0.444,0.356,0.336,0.331,0.33,0.33,0.33,0.33,0.33,
0.999,0.381,0.282,0.268,0.265,0.265,0.265,0.265,0.265,0.265,
0.839,0.464,0.39,0.373,0.352,0.351,0.352,0.352,0.352,0.352,
1.0,0.505,0.363,0.329,0.321,0.318,0.317,0.316,0.316,0.316,
0.927,0.368,0.287,0.274,0.267,0.266,0.266,0.266,0.266,0.266,
0.939,0.311,0.231,0.218,0.217,0.216,0.216,0.216,0.216,0.216,
1.0,0.408,0.348,0.34,0.339,0.339,0.339,0.339,0.339,0.339,
0.944,0.296,0.221,0.215,0.214,0.214,0.214,0.214,0.214,0.214,
0.881,0.457,0.398,0.38,0.369,0.367,0.367,0.367,0.367,0.367,
1.0,0.387,0.31,0.337,0.298,0.334,0.297,0.334,0.297,0.334,
0.932,0.354,0.27,0.254,0.25,0.249,0.248,0.248,0.248,0.248,
0.981,0.34,0.251,0.238,0.236,0.236,0.236,0.236,0.236,0.236,
0.872,0.317,0.241,0.231,0.228,0.227,0.227,0.227,0.227,0.227,
1.0,0.465,0.42,0.376,0.371,0.371,0.37,0.37,0.37,0.37,
1.0,0.479,0.398,0.358,0.352,0.351,0.351,0.351,0.351,0.351,
0.759,0.45,0.405,0.375,0.366,0.363,0.363,0.362,0.362,0.362,
0.758,0.453,0.389,0.375,0.371,0.37,0.37,0.37,0.369,0.369,
1.0,0.451,0.337,0.312,0.311,0.312,0.312,0.312,0.312,0.312,
0.975,0.381,0.284,0.273,0.271,0.271,0.271,0.271,0.271,0.271,
1.0,0.348,0.273,0.26,0.257,0.256,0.256,0.256,0.256,0.256,
0.798,0.483,0.422,0.394,0.391,0.391,0.391,0.391,0.391,0.391,
1.0,0.44,0.368,0.359,0.358,0.359,0.359,0.359,0.359,0.359,
0.731,0.451,0.397,0.383,0.379,0.377,0.377,0.376,0.376,0.376,
1.0,0.431,0.371,0.354,0.359,0.354,0.351,0.351,0.351,0.351,
0.913,0.375,0.276,0.258,0.256,0.256,0.256,0.256,0.256,0.256,
0.934,0.507,0.444,0.385,0.371,0.369,0.368,0.368,0.367,0.367,
1.0,0.316,0.263,0.243,0.241,0.241,0.241,0.241,0.241,0.241,
1.0,0.486,0.398,0.4,0.361,0.373,0.377,0.379,0.38,0.381,
0.872,0.448,0.389,0.376,0.372,0.37,0.369,0.369,0.368,0.368,
0.926,0.48,0.422,0.419,0.419,0.42,0.42,0.42,0.42,0.42,
1.0,0.357,0.344,0.338,0.286,0.335,0.272,0.331,0.272,0.33,
0.97,0.379,0.282,0.265,0.262,0.262,0.268,0.262,0.266,0.262,
0.986,0.381,0.276,0.263,0.261,0.26,0.26,0.26,0.26,0.26,
1.0,0.548,0.463,0.427,0.423,0.422,0.422,0.422,0.422,0.422,
1.0,0.426,0.317,0.299,0.304,0.301,0.301,0.301,0.301,0.301,
1.0,0.346,0.254,0.241,0.239,0.239,0.239,0.239,0.239,0.239,
0.785,0.436,0.388,0.377,0.373,0.371,0.371,0.371,0.37,0.37,
0.839,0.464,0.419,0.407,0.402,0.4,0.399,0.398,0.398,0.398,
0.98,0.403,0.318,0.297,0.286,0.287,0.283,0.282,0.286,0.283,
0.732,0.434,0.422,0.414,0.411,0.411,0.41,0.41,0.41,0.41,
1.0,0.389,0.32,0.301,0.303,0.297,0.301,0.296,0.301,0.296,
0.947,0.389,0.335,0.319,0.315,0.315,0.315,0.315,0.315,0.315,
0.845,0.5,0.486,0.449,0.449,0.459,0.464,0.468,0.469,0.47,
0.826,0.508,0.468,0.458,0.457,0.457,0.458,0.458,0.458,0.458,
1.0,0.488,0.424,0.408,0.405,0.404,0.404,0.404,0.404,0.404,
0.93,0.398,0.316,0.297,0.301,0.306,0.309,0.31,0.311,0.311,
0.883,0.356,0.325,0.318,0.316,0.315,0.315,0.315,0.315,0.315,
1.0,0.5,0.461,0.465,0.449,0.447,0.447,0.447,0.447,0.447,
1.0,0.468,0.441,0.376,0.359,0.354,0.353,0.352,0.352,0.352,
0.821,0.381,0.306,0.291,0.289,0.288,0.288,0.288,0.288,0.288,
0.92,0.525,0.506,0.507,0.504,0.502,0.502,0.501,0.501,0.501,
0.787,0.446,0.415,0.403,0.398,0.393,0.392,0.392,0.392,0.392,
1.0,0.458,0.38,0.346,0.341,0.34,0.34,0.34,0.34,0.34,
0.988,0.398,0.347,0.313,0.311,0.324,0.306,0.305,0.304,0.304,
1.0,0.489,0.417,0.399,0.395,0.394,0.394,0.394,0.394,0.394,
0.747,0.42,0.41,0.404,0.403,0.409,0.409,0.409,0.409,0.409,
0.769,0.472,0.467,0.436,0.431,0.429,0.429,0.429,0.429,0.429,
1.0,0.414,0.369,0.358,0.356,0.356,0.356,0.356,0.356,0.356,
0.962,0.344,0.284,0.269,0.26,0.251,0.246,0.253,0.253,0.249,
0.921,0.375,0.325,0.286,0.275,0.273,0.288,0.292,0.272,0.267,
1.0,0.468,0.422,0.415,0.413,0.412,0.412,0.412,0.412,0.412,
1.0,0.476,0.448,0.431,0.425,0.424,0.423,0.423,0.423,0.423,
1.0,0.38,0.311,0.296,0.291,0.29,0.29,0.29,0.29,0.29,
0.823,0.5,0.443,0.423,0.417,0.418,0.42,0.419,0.416,0.415,
0.819,0.48,0.486,0.48,0.487,0.467,0.449,0.445,0.445,0.446,
0.917,0.345,0.302,0.289,0.286,0.285,0.285,0.285,0.285,0.285,
0.943,0.332,0.271,0.251,0.248,0.247,0.246,0.246,0.246,0.246,
0.775,0.511,0.481,0.475,0.474,0.474,0.474,0.474,0.474,0.474,
1.0,0.489,0.402,0.391,0.378,0.38,0.385,0.376,0.379,0.385,
1.0,0.488,0.425,0.407,0.4,0.398,0.397,0.396,0.396,0.396,
0.809,0.453,0.394,0.377,0.371,0.369,0.368,0.367,0.367,0.367,
0.959,0.373,0.278,0.265,0.261,0.261,0.261,0.261,0.261,0.261,
1.0,0.377,0.314,0.299,0.294,0.293,0.292,0.292,0.292,0.292,
0.899,0.336,0.291,0.249,0.251,0.249,0.249,0.25,0.25,0.25,
0.97,0.463,0.372,0.386,0.352,0.354,0.354,0.355,0.348,0.345,
1.0,0.446,0.363,0.354,0.307,0.316,0.321,0.305,0.316,0.321,
0.947,0.328,0.262,0.248,0.246,0.245,0.245,0.245,0.245,0.245,
0.952,0.512,0.408,0.384,0.378,0.376,0.376,0.376,0.376,0.376,
1.0,0.453,0.339,0.318,0.31,0.31,0.309,0.31,0.308,0.31,
0.989,0.348,0.272,0.256,0.253,0.252,0.252,0.252,0.252,0.252,
0.935,0.376,0.273,0.26,0.259,0.258,0.258,0.258,0.258,0.258,
0.769,0.442,0.379,0.364,0.36,0.36,0.359,0.359,0.359,0.359,
1.0,0.404,0.333,0.32,0.318,0.317,0.317,0.317,0.317,0.317,
0.983,0.371,0.258,0.244,0.242,0.241,0.241,0.241,0.241,0.241,
1.0,0.355,0.272,0.264,0.263,0.263,0.263,0.263,0.263,0.263,
0.798,0.434,0.375,0.36,0.358,0.358,0.358,0.358,0.358,0.358,
0.917,0.514,0.465,0.451,0.443,0.439,0.437,0.436,0.436,0.436,
1.0,0.494,0.362,0.357,0.358,0.357,0.357,0.357,0.357,0.357,
1.0,0.439,0.38,0.371,0.368,0.367,0.367,0.367,0.367,0.367,
0.893,0.51,0.447,0.439,0.427,0.433,0.425,0.432,0.425,0.432,
0.873,0.487,0.427,0.41,0.406,0.405,0.405,0.405,0.405,0.405,
1.0,0.369,0.311,0.298,0.294,0.292,0.292,0.291,0.291,0.291,
1.0,0.44,0.4,0.392,0.389,0.347,0.367,0.346,0.367,0.345,
0.957,0.41,0.358,0.34,0.333,0.331,0.33,0.329,0.329,0.329,
0.825,0.466,0.43,0.423,0.421,0.421,0.421,0.421,0.421,0.421,
1.0,0.417,0.352,0.316,0.3,0.298,0.297,0.297,0.297,0.297,
0.877,0.379,0.288,0.265,0.262,0.26,0.259,0.259,0.259,0.259,
1.0,0.411,0.352,0.333,0.327,0.325,0.325,0.324,0.324,0.324,
1.0,0.503,0.453,0.451,0.464,0.431,0.432,0.422,0.429,0.421,
1.0,0.454,0.393,0.381,0.377,0.376,0.406,0.38,0.382,0.46,
1.0,0.438,0.378,0.361,0.355,0.353,0.352,0.351,0.351,0.351,
0.977,0.494,0.454,0.447,0.446,0.445,0.445,0.445,0.445,0.445,
0.881,0.291,0.221,0.214,0.212,0.212,0.212,0.212,0.212,0.212,
0.938,0.376,0.286,0.27,0.266,0.266,0.266,0.266,0.266,0.266,
0.877,0.508,0.452,0.427,0.425,0.425,0.426,0.426,0.426,0.426,
1.0,0.405,0.34,0.323,0.294,0.306,0.318,0.293,0.306,0.318,
1.0,0.374,0.289,0.265,0.258,0.258,0.258,0.258,0.258,0.258,
1.0,0.529,0.427,0.399,0.391,0.389,0.388,0.388,0.388,0.388,
0.716,0.417,0.364,0.352,0.35,0.35,0.35,0.35,0.35,0.35,
1.0,0.463,0.379,0.359,0.353,0.352,0.351,0.351,0.351,0.351,
0.922,0.39,0.311,0.269,0.266,0.253,0.251,0.251,0.251,0.251,
0.884,0.363,0.259,0.289,0.257,0.252,0.249,0.251,0.249,0.251,
0.768,0.45,0.39,0.424,0.392,0.364,0.354,0.352,0.353,0.352,
1.0,0.442,0.384,0.37,0.362,0.334,0.33,0.329,0.329,0.329,
0.931,0.326,0.239,0.229,0.228,0.228,0.228,0.228,0.228,0.228,
0.842,0.45,0.38,0.366,0.36,0.357,0.356,0.356,0.355,0.355,
1.0,0.471,0.336,0.317,0.315,0.315,0.315,0.315,0.315,0.315,
1.0,0.393,0.31,0.298,0.297,0.296,0.296,0.296,0.296,0.296,


