1.0,0.649,0.635,0.635,0.674,0.653,0.636,0.6,0.59,0.613,
1.0,0.718,0.682,0.664,0.694,0.695,0.725,0.721,0.69,0.701,
0.847,0.553,0.606,0.56,0.558,0.521,0.52,0.511,0.532,0.473,
1.0,0.865,0.864,0.85,0.794,0.797,0.832,0.847,0.881,0.886,
1.0,0.621,0.684,0.749,0.715,0.737,0.721,0.655,0.723,0.676,
0.88,0.587,0.535,0.552,0.517,0.534,0.468,0.479,0.531,0.556,
0.814,0.558,0.521,0.507,0.506,0.557,0.541,0.523,0.493,0.56,
1.0,0.708,0.65,0.686,0.663,0.603,0.605,0.692,0.637,0.62,
0.969,0.809,0.777,0.78,0.813,0.781,0.784,0.747,0.736,0.773,
1.0,0.647,0.594,0.622,0.647,0.638,0.613,0.647,0.674,0.64,
0.861,0.547,0.509,0.456,0.527,0.47,0.524,0.51,0.488,0.491,
0.883,0.645,0.628,0.593,0.621,0.633,0.619,0.664,0.639,0.621,
1.0,0.797,0.796,0.78,0.797,0.793,0.758,0.746,0.778,0.732,
1.0,0.649,0.596,0.599,0.607,0.619,0.608,0.629,0.638,0.607,
1.0,0.656,0.659,0.689,0.689,0.699,0.714,0.616,0.648,0.663,
1.0,0.725,0.754,0.751,0.753,0.755,0.727,0.724,0.756,0.774,
1.0,0.737,0.759,0.792,0.76,0.734,0.758,0.745,0.798,0.746,
1.0,0.687,0.71,0.723,0.651,0.702,0.67,0.649,0.703,0.667,
0.789,0.642,0.618,0.558,0.585,0.6,0.6,0.576,0.601,0.586,
0.779,0.572,0.5,0.526,0.544,0.543,0.553,0.53,0.567,0.535,
1.0,0.825,0.776,0.779,0.824,0.797,0.806,0.786,0.824,0.797,
1.0,0.646,0.589,0.622,0.643,0.594,0.554,0.588,0.62,0.65,
0.837,0.623,0.552,0.61,0.559,0.502,0.565,0.555,0.55,0.535,
1.0,0.732,0.728,0.685,0.763,0.741,0.703,0.749,0.761,0.761,
1.0,0.708,0.708,0.627,0.682,0.649,0.623,0.695,0.662,0.665,
1.0,0.765,0.779,0.738,0.686,0.735,0.759,0.735,0.75,0.739,
1.0,0.7,0.718,0.677,0.697,0.653,0.704,0.722,0.69,0.714,
1.0,0.621,0.672,0.607,0.651,0.574,0.609,0.627,0.58,0.614,
0.75,0.481,0.541,0.445,0.433,0.438,0.45,0.493,0.466,0.449,
0.918,0.745,0.693,0.737,0.75,0.688,0.65,0.67,0.732,0.738,
1.0,0.58,0.538,0.531,0.586,0.593,0.592,0.568,0.547,0.601,
1.0,0.579,0.557,0.563,0.549,0.616,0.592,0.593,0.574,0.554,
0.823,0.546,0.515,0.52,0.502,0.54,0.519,0.519,0.549,0.512,
1.0,0.725,0.722,0.697,0.692,0.708,0.706,0.738,0.701,0.728,
1.0,0.834,0.883,0.87,0.868,0.834,0.847,0.82,0.874,0.801,
0.925,0.615,0.626,0.561,0.644,0.549,0.595,0.615,0.605,0.574,
0.841,0.549,0.55,0.535,0.511,0.559,0.539,0.519,0.48,0.64,
1.0,0.799,0.812,0.78,0.83,0.832,0.811,0.812,0.817,0.811,
1.0,0.658,0.658,0.649,0.635,0.655,0.645,0.649,0.621,0.645,
1.0,0.549,0.542,0.47,0.493,0.514,0.489,0.482,0.451,0.478,
0.853,0.521,0.51,0.508,0.508,0.475,0.474,0.473,0.516,0.497,
0.813,0.616,0.587,0.532,0.54,0.589,0.591,0.596,0.587,0.596,
0.877,0.589,0.548,0.507,0.531,0.526,0.534,0.558,0.525,0.578,
0.939,0.759,0.737,0.73,0.742,0.728,0.728,0.713,0.703,0.76,
1.0,0.642,0.585,0.622,0.607,0.604,0.622,0.609,0.608,0.642,
0.815,0.545,0.56,0.543,0.537,0.53,0.532,0.492,0.482,0.504,
1.0,0.725,0.697,0.706,0.719,0.72,0.671,0.702,0.705,0.695,
1.0,0.792,0.754,0.767,0.747,0.793,0.752,0.772,0.772,0.78,
0.748,0.622,0.582,0.595,0.539,0.575,0.544,0.555,0.537,0.551,
0.9,0.632,0.633,0.606,0.606,0.625,0.572,0.623,0.607,0.599,
1.0,0.732,0.74,0.707,0.723,0.739,0.771,0.72,0.761,0.745,
1.0,0.719,0.735,0.703,0.724,0.739,0.705,0.647,0.686,0.727,
0.796,0.557,0.575,0.543,0.532,0.554,0.581,0.587,0.581,0.559,
1.0,0.669,0.718,0.697,0.735,0.711,0.705,0.738,0.736,0.701,
1.0,0.797,0.74,0.779,0.784,0.728,0.811,0.779,0.772,0.776,
1.0,0.557,0.592,0.581,0.581,0.559,0.574,0.546,0.507,0.569,
1.0,0.827,0.785,0.881,0.84,0.802,0.81,0.817,0.829,0.781,
1.0,0.567,0.528,0.564,0.502,0.547,0.574,0.533,0.533,0.521,
1.0,0.653,0.639,0.587,0.622,0.571,0.618,0.632,0.581,0.557,
1.0,0.677,0.667,0.717,0.681,0.709,0.698,0.721,0.736,0.721,
0.989,0.83,0.806,0.751,0.753,0.753,0.811,0.744,0.838,0.79,
1.0,0.591,0.592,0.553,0.517,0.522,0.547,0.559,0.524,0.511,
1.0,0.645,0.64,0.626,0.572,0.522,0.533,0.551,0.557,0.59,
0.858,0.588,0.587,0.523,0.53,0.577,0.551,0.524,0.496,0.517,
1.0,0.732,0.809,0.8,0.774,0.732,0.802,0.764,0.741,0.727,
1.0,0.67,0.687,0.629,0.607,0.592,0.623,0.605,0.62,0.659,
0.874,0.615,0.558,0.53,0.549,0.568,0.624,0.573,0.53,0.56,
0.985,0.599,0.632,0.633,0.573,0.565,0.603,0.64,0.653,0.62,
1.0,0.705,0.764,0.717,0.704,0.731,0.697,0.718,0.732,0.759,
1.0,0.644,0.618,0.628,0.614,0.594,0.619,0.625,0.602,0.578,
1.0,0.685,0.628,0.662,0.682,0.629,0.67,0.626,0.651,0.62,
1.0,0.774,0.702,0.723,0.693,0.677,0.73,0.754,0.738,0.734,
0.897,0.671,0.68,0.636,0.647,0.649,0.638,0.675,0.622,0.62,
1.0,0.762,0.786,0.741,0.733,0.721,0.756,0.721,0.759,0.708,
1.0,0.766,0.723,0.674,0.727,0.712,0.687,0.712,0.684,0.668,
0.863,0.614,0.567,0.58,0.558,0.566,0.562,0.572,0.562,0.559,
1.0,0.816,0.795,0.804,0.823,0.757,0.797,0.821,0.805,0.807,
0.852,0.756,0.748,0.693,0.776,0.788,0.731,0.756,0.741,0.808,
1.0,0.656,0.623,0.539,0.587,0.599,0.602,0.588,0.588,0.58,
0.807,0.566,0.541,0.485,0.518,0.555,0.547,0.614,0.54,0.58,
0.815,0.612,0.586,0.561,0.535,0.529,0.517,0.518,0.569,0.553,
1.0,0.63,0.654,0.645,0.668,0.619,0.611,0.704,0.633,0.584,
1.0,0.589,0.558,0.6,0.548,0.55,0.541,0.586,0.546,0.553,
0.75,0.562,0.55,0.559,0.579,0.582,0.549,0.598,0.565,0.593,
0.988,0.783,0.79,0.756,0.766,0.755,0.782,0.791,0.743,0.745,
1.0,0.75,0.745,0.776,0.759,0.787,0.783,0.77,0.788,0.739,
1.0,0.592,0.561,0.588,0.536,0.553,0.555,0.588,0.534,0.576,
0.867,0.595,0.539,0.524,0.537,0.551,0.575,0.558,0.53,0.557,
1.0,0.649,0.578,0.607,0.61,0.619,0.548,0.576,0.576,0.58,
1.0,0.652,0.618,0.606,0.616,0.594,0.592,0.593,0.587,0.516,
1.0,0.806,0.785,0.786,0.801,0.772,0.811,0.795,0.787,0.795,
1.0,0.741,0.702,0.707,0.731,0.759,0.718,0.713,0.712,0.703,
1.0,0.71,0.648,0.637,0.669,0.675,0.665,0.638,0.598,0.624,
0.857,0.596,0.526,0.559,0.564,0.523,0.53,0.571,0.535,0.509,
0.936,0.727,0.724,0.728,0.77,0.748,0.753,0.746,0.699,0.775,
1.0,0.604,0.593,0.594,0.602,0.572,0.585,0.584,0.584,0.599,
0.765,0.621,0.537,0.591,0.583,0.546,0.548,0.528,0.599,0.59,
0.78,0.527,0.543,0.548,0.547,0.584,0.539,0.542,0.52,0.535,
1.0,0.757,0.688,0.684,0.757,0.72,0.714,0.695,0.662,0.693,
1.0,0.682,0.666,0.676,0.645,0.639,0.68,0.694,0.648,0.705,
1.0,0.699,0.649,0.683,0.686,0.709,0.699,0.635,0.649,0.639,
0.896,0.595,0.544,0.573,0.551,0.518,0.583,0.561,0.559,0.529,
1.0,0.763,0.785,0.776,0.786,0.779,0.73,0.765,0.759,0.808,
1.0,0.553,0.602,0.568,0.541,0.574,0.572,0.531,0.587,0.537,
1.0,0.759,0.761,0.768,0.716,0.691,0.706,0.647,0.744,0.729,
0.786,0.465,0.515,0.565,0.591,0.536,0.553,0.572,0.542,0.469,
0.855,0.564,0.544,0.569,0.571,0.53,0.56,0.556,0.522,0.532,
0.852,0.607,0.525,0.571,0.575,0.583,0.596,0.529,0.585,0.607,
1.0,0.792,0.845,0.788,0.78,0.797,0.821,0.812,0.78,0.805,
1.0,0.647,0.572,0.591,0.532,0.61,0.606,0.599,0.586,0.577,
0.804,0.623,0.573,0.536,0.559,0.55,0.56,0.556,0.598,0.529,
1.0,0.681,0.715,0.719,0.73,0.707,0.73,0.712,0.706,0.715,
1.0,0.591,0.582,0.54,0.567,0.578,0.555,0.562,0.546,0.523,
0.8,0.53,0.521,0.554,0.521,0.587,0.526,0.545,0.517,0.566,
1.0,0.77,0.809,0.723,0.702,0.711,0.703,0.747,0.771,0.758,
1.0,0.794,0.741,0.766,0.772,0.754,0.783,0.727,0.783,0.802,
1.0,0.538,0.567,0.539,0.549,0.508,0.543,0.511,0.576,0.549,
0.848,0.633,0.608,0.621,0.598,0.608,0.593,0.594,0.579,0.569,
0.808,0.561,0.553,0.548,0.557,0.509,0.506,0.542,0.501,0.539,
1.0,0.667,0.691,0.664,0.713,0.667,0.657,0.679,0.656,0.678,
1.0,0.742,0.722,0.744,0.736,0.75,0.714,0.752,0.712,0.745,
1.0,0.718,0.719,0.683,0.704,0.641,0.666,0.67,0.655,0.692,
1.0,0.712,0.735,0.707,0.761,0.742,0.777,0.742,0.764,0.714,
1.0,0.598,0.617,0.584,0.595,0.582,0.606,0.585,0.541,0.539,
0.811,0.596,0.575,0.561,0.535,0.562,0.591,0.581,0.588,0.618,
1.0,0.749,0.753,0.743,0.771,0.755,0.724,0.766,0.769,0.763,
1.0,0.627,0.584,0.596,0.545,0.57,0.509,0.571,0.549,0.55,
1.0,0.698,0.665,0.617,0.658,0.655,0.64,0.638,0.642,0.648,
0.821,0.548,0.517,0.484,0.491,0.507,0.482,0.518,0.517,0.486,
0.944,0.834,0.816,0.779,0.789,0.786,0.788,0.811,0.73,0.783,
1.0,0.723,0.666,0.685,0.653,0.623,0.711,0.634,0.62,0.674,
0.835,0.568,0.536,0.538,0.576,0.517,0.579,0.549,0.524,0.505,
0.953,0.735,0.752,0.718,0.705,0.711,0.711,0.718,0.728,0.727,
1.0,0.63,0.613,0.603,0.614,0.626,0.58,0.608,0.609,0.6,
1.0,0.511,0.458,0.458,0.485,0.442,0.487,0.475,0.502,0.466,
1.0,0.633,0.589,0.57,0.633,0.632,0.625,0.553,0.593,0.607,
0.828,0.628,0.601,0.596,0.613,0.541,0.593,0.601,0.565,0.571,
0.753,0.507,0.554,0.521,0.506,0.528,0.514,0.524,0.526,0.535,
1.0,0.696,0.728,0.755,0.688,0.706,0.699,0.699,0.725,0.694,
1.0,0.656,0.606,0.559,0.625,0.637,0.642,0.637,0.634,0.628,
0.872,0.585,0.585,0.554,0.515,0.512,0.5,0.537,0.536,0.502,
1.0,0.744,0.754,0.715,0.75,0.773,0.799,0.723,0.723,0.733,
1.0,0.679,0.681,0.692,0.693,0.679,0.658,0.652,0.702,0.64,
1.0,0.64,0.618,0.619,0.575,0.661,0.559,0.641,0.627,0.651,
0.881,0.669,0.608,0.593,0.607,0.624,0.603,0.627,0.61,0.591,
0.787,0.618,0.576,0.608,0.587,0.547,0.567,0.579,0.603,0.532,
1.0,0.691,0.687,0.661,0.673,0.726,0.72,0.679,0.677,0.691,
1.0,0.656,0.603,0.624,0.614,0.633,0.588,0.586,0.59,0.643,
0.775,0.503,0.486,0.487,0.503,0.449,0.506,0.481,0.489,0.494,
0.997,0.737,0.77,0.728,0.705,0.759,0.727,0.76,0.799,0.762,
1.0,0.636,0.616,0.606,0.623,0.627,0.598,0.653,0.636,0.615,
1.0,0.573,0.602,0.553,0.539,0.594,0.547,0.526,0.519,0.517,
1.0,0.6,0.548,0.569,0.612,0.514,0.506,0.53,0.528,0.571,
1.0,0.574,0.573,0.537,0.496,0.51,0.522,0.505,0.511,0.507,
1.0,0.674,0.719,0.68,0.67,0.618,0.689,0.624,0.638,0.589,
0.831,0.565,0.496,0.573,0.47,0.586,0.462,0.516,0.476,0.495,
1.0,0.758,0.735,0.713,0.686,0.701,0.718,0.712,0.713,0.672,
0.831,0.552,0.499,0.481,0.5,0.535,0.537,0.536,0.535,0.515,
0.835,0.602,0.545,0.556,0.555,0.55,0.553,0.577,0.509,0.593,
0.82,0.63,0.554,0.479,0.566,0.536,0.571,0.485,0.538,0.506,
1.0,0.642,0.639,0.643,0.587,0.579,0.612,0.646,0.603,0.637,
1.0,0.623,0.628,0.617,0.606,0.617,0.598,0.571,0.592,0.585,
0.822,0.511,0.518,0.479,0.52,0.54,0.527,0.44,0.558,0.568,
1.0,0.777,0.75,0.794,0.81,0.732,0.731,0.756,0.753,0.747,
1.0,0.584,0.572,0.536,0.478,0.478,0.546,0.486,0.563,0.556,
0.92,0.629,0.536,0.584,0.521,0.553,0.477,0.537,0.533,0.516,
0.828,0.622,0.549,0.576,0.56,0.566,0.465,0.507,0.524,0.506,
1.0,0.758,0.762,0.724,0.737,0.771,0.761,0.75,0.805,0.74,
1.0,0.678,0.665,0.667,0.715,0.657,0.692,0.69,0.677,0.62,
1.0,0.808,0.765,0.787,0.781,0.823,0.753,0.809,0.805,0.759,
0.828,0.527,0.542,0.533,0.512,0.484,0.535,0.522,0.515,0.504,
0.842,0.574,0.546,0.534,0.511,0.517,0.491,0.48,0.526,0.507,
1.0,0.667,0.673,0.688,0.762,0.713,0.672,0.628,0.659,0.673,
1.0,0.642,0.569,0.613,0.569,0.543,0.573,0.554,0.58,0.571,
1.0,0.646,0.611,0.587,0.615,0.589,0.611,0.58,0.569,0.606,
0.759,0.598,0.609,0.581,0.601,0.628,0.596,0.571,0.572,0.584,
1.0,0.802,0.773,0.762,0.81,0.773,0.793,0.776,0.748,0.739,
1.0,0.664,0.801,0.728,0.728,0.778,0.751,0.773,0.749,0.794,
1.0,0.685,0.665,0.616,0.583,0.638,0.581,0.673,0.564,0.632,
0.956,0.566,0.573,0.577,0.579,0.587,0.57,0.603,0.611,0.638,
0.957,0.733,0.763,0.719,0.717,0.721,0.701,0.756,0.809,0.737,
1.0,0.65,0.641,0.62,0.631,0.595,0.601,0.586,0.574,0.579,
0.832,0.564,0.526,0.597,0.543,0.548,0.555,0.631,0.58,0.556,
1.0,0.771,0.782,0.816,0.798,0.775,0.756,0.762,0.779,0.793,
1.0,0.638,0.637,0.597,0.627,0.625,0.57,0.637,0.624,0.654,
0.881,0.576,0.517,0.546,0.569,0.54,0.541,0.557,0.571,0.53,
1.0,0.698,0.673,0.733,0.732,0.711,0.722,0.751,0.747,0.74,
1.0,0.721,0.635,0.717,0.748,0.761,0.722,0.713,0.729,0.629,
0.833,0.616,0.605,0.564,0.599,0.58,0.584,0.56,0.559,0.569,
0.86,0.576,0.613,0.603,0.571,0.549,0.567,0.541,0.545,0.524,
0.99,0.76,0.72,0.761,0.772,0.763,0.741,0.693,0.75,0.726,
0.921,0.771,0.733,0.763,0.717,0.715,0.712,0.727,0.758,0.745,
1.0,0.615,0.628,0.56,0.552,0.554,0.547,0.54,0.565,0.535,
0.938,0.737,0.718,0.747,0.72,0.707,0.718,0.724,0.701,0.771,
0.98,0.763,0.748,0.728,0.764,0.758,0.741,0.788,0.74,0.765,
1.0,0.57,0.631,0.561,0.592,0.555,0.604,0.562,0.582,0.581,
0.84,0.573,0.531,0.527,0.572,0.537,0.528,0.558,0.548,0.555,
0.872,0.604,0.551,0.512,0.52,0.565,0.565,0.569,0.537,0.522,
1.0,0.777,0.717,0.706,0.718,0.76,0.751,0.73,0.783,0.774,
1.0,0.525,0.552,0.522,0.522,0.534,0.552,0.53,0.523,0.499,
1.0,0.777,0.816,0.808,0.751,0.737,0.787,0.756,0.752,0.808,
0.822,0.635,0.568,0.529,0.556,0.534,0.512,0.51,0.502,0.565,
0.816,0.596,0.525,0.453,0.496,0.481,0.457,0.458,0.449,0.485,
1.0,0.719,0.758,0.74,0.718,0.771,0.748,0.766,0.693,0.699,
1.0,0.645,0.629,0.612,0.636,0.619,0.669,0.638,0.642,0.618,
0.852,0.679,0.652,0.609,0.698,0.677,0.594,0.547,0.685,0.634,
0.965,0.732,0.742,0.771,0.744,0.756,0.761,0.782,0.723,0.727,
0.984,0.863,0.792,0.86,0.774,0.84,0.802,0.796,0.784,0.789,
1.0,0.741,0.769,0.702,0.724,0.718,0.737,0.679,0.677,0.694,
0.786,0.556,0.567,0.543,0.556,0.517,0.554,0.517,0.557,0.526,
0.809,0.59,0.565,0.571,0.54,0.535,0.57,0.538,0.593,0.542,
1.0,0.739,0.704,0.709,0.729,0.729,0.695,0.658,0.668,0.676,
1.0,0.679,0.624,0.629,0.611,0.668,0.642,0.592,0.665,0.625,
0.82,0.605,0.531,0.553,0.537,0.535,0.566,0.577,0.53,0.521,
0.999,0.748,0.783,0.757,0.757,0.759,0.7,0.726,0.776,0.74,
1.0,0.797,0.784,0.825,0.809,0.765,0.828,0.781,0.829,0.721,
1.0,0.713,0.695,0.687,0.659,0.689,0.696,0.661,0.687,0.688,
1.0,0.642,0.689,0.625,0.646,0.622,0.629,0.616,0.623,0.551,
1.0,0.669,0.542,0.545,0.588,0.574,0.553,0.575,0.554,0.555,
1.0,0.801,0.779,0.779,0.785,0.783,0.816,0.842,0.804,0.738,
0.794,0.62,0.569,0.553,0.654,0.619,0.629,0.589,0.627,0.583,
1.0,0.693,0.736,0.743,0.741,0.732,0.677,0.736,0.757,0.746,
1.0,0.62,0.573,0.55,0.538,0.536,0.582,0.542,0.583,0.612,
0.832,0.551,0.546,0.472,0.542,0.544,0.521,0.537,0.545,0.531,
1.0,0.779,0.734,0.757,0.761,0.77,0.717,0.769,0.743,0.781,
1.0,0.632,0.588,0.594,0.578,0.576,0.581,0.595,0.579,0.56,
0.876,0.626,0.642,0.558,0.556,0.576,0.588,0.583,0.531,0.559,
0.858,0.642,0.611,0.621,0.594,0.585,0.613,0.632,0.598,0.587,
1.0,0.776,0.766,0.741,0.699,0.788,0.757,0.76,0.739,0.754,
1.0,0.67,0.652,0.62,0.609,0.604,0.612,0.593,0.665,0.653,
1.0,0.612,0.611,0.579,0.545,0.593,0.628,0.596,0.647,0.647,
0.796,0.623,0.529,0.603,0.574,0.574,0.565,0.555,0.5,0.533,
0.918,0.559,0.569,0.537,0.584,0.529,0.6,0.588,0.532,0.576,
1.0,0.785,0.75,0.717,0.743,0.759,0.764,0.718,0.751,0.732,
0.953,0.723,0.748,0.721,0.727,0.759,0.778,0.745,0.725,0.733,
0.82,0.553,0.53,0.526,0.552,0.544,0.547,0.505,0.535,0.505,
0.865,0.599,0.575,0.575,0.563,0.567,0.548,0.533,0.598,0.569,
1.0,0.765,0.784,0.761,0.752,0.759,0.773,0.752,0.766,0.768,
0.93,0.758,0.751,0.749,0.697,0.784,0.711,0.785,0.701,0.745,
1.0,0.646,0.632,0.591,0.593,0.547,0.554,0.59,0.576,0.589,
0.873,0.605,0.557,0.556,0.59,0.542,0.613,0.553,0.568,0.588,
0.909,0.768,0.776,0.805,0.756,0.716,0.761,0.762,0.802,0.766,
1.0,0.679,0.716,0.683,0.685,0.658,0.665,0.634,0.605,0.659,
1.0,0.609,0.669,0.676,0.626,0.692,0.646,0.626,0.673,0.639,
1.0,0.708,0.692,0.699,0.755,0.69,0.716,0.731,0.698,0.696,
1.0,0.746,0.745,0.773,0.73,0.762,0.722,0.743,0.752,0.739,
0.981,0.766,0.734,0.686,0.742,0.744,0.738,0.723,0.737,0.725,
0.94,0.626,0.629,0.584,0.582,0.553,0.565,0.524,0.567,0.568,
1.0,0.732,0.673,0.669,0.701,0.726,0.658,0.609,0.672,0.679,
1.0,0.63,0.613,0.566,0.581,0.559,0.53,0.574,0.596,0.578,
1.0,0.75,0.695,0.711,0.73,0.712,0.745,0.712,0.677,0.726,
0.981,0.769,0.737,0.715,0.752,0.759,0.757,0.739,0.747,0.731,
1.0,0.661,0.599,0.613,0.6,0.623,0.6,0.577,0.604,0.65,
0.838,0.577,0.545,0.506,0.545,0.563,0.554,0.527,0.552,0.566,
0.833,0.563,0.549,0.586,0.55,0.53,0.529,0.571,0.537,0.581,
0.957,0.689,0.67,0.669,0.666,0.696,0.708,0.681,0.682,0.673,
1.0,0.654,0.639,0.68,0.611,0.611,0.65,0.612,0.611,0.609,
1.0,0.539,0.541,0.528,0.534,0.481,0.537,0.491,0.535,0.502,
0.829,0.618,0.579,0.523,0.515,0.559,0.546,0.537,0.529,0.532,
1.0,0.708,0.719,0.705,0.707,0.715,0.709,0.707,0.702,0.709,
1.0,0.601,0.578,0.559,0.559,0.529,0.547,0.595,0.572,0.573,
0.837,0.622,0.589,0.554,0.535,0.548,0.564,0.576,0.572,0.579,
1.0,0.803,0.784,0.774,0.767,0.789,0.778,0.803,0.788,0.76,
1.0,0.604,0.585,0.526,0.585,0.552,0.565,0.545,0.599,0.58,
1.0,0.698,0.742,0.716,0.719,0.755,0.728,0.739,0.721,0.672,
1.0,0.618,0.624,0.598,0.579,0.592,0.56,0.553,0.589,0.562,
0.862,0.592,0.557,0.607,0.586,0.544,0.601,0.539,0.558,0.557,
0.851,0.601,0.529,0.554,0.539,0.581,0.544,0.536,0.515,0.515,
0.957,0.769,0.696,0.755,0.756,0.73,0.737,0.743,0.677,0.777,
1.0,0.636,0.618,0.585,0.545,0.589,0.607,0.584,0.592,0.577,
0.863,0.586,0.587,0.581,0.563,0.611,0.605,0.62,0.618,0.567,
0.999,0.728,0.77,0.758,0.777,0.746,0.763,0.765,0.78,0.731,
1.0,0.64,0.6,0.631,0.596,0.583,0.568,0.55,0.594,0.628,
1.0,0.621,0.599,0.586,0.578,0.678,0.618,0.573,0.597,0.631,
0.928,0.606,0.584,0.539,0.609,0.571,0.554,0.558,0.573,0.562,
0.843,0.639,0.627,0.639,0.596,0.605,0.585,0.592,0.572,0.566,
1.0,0.74,0.74,0.748,0.715,0.723,0.71,0.71,0.739,0.708,
1.0,0.617,0.598,0.537,0.55,0.595,0.57,0.538,0.571,0.493,
0.871,0.574,0.498,0.522,0.54,0.554,0.538,0.533,0.537,0.541,
0.984,0.779,0.76,0.735,0.767,0.789,0.779,0.811,0.757,0.797,
0.799,0.569,0.541,0.603,0.566,0.527,0.576,0.551,0.545,0.565,
0.757,0.583,0.583,0.546,0.594,0.571,0.536,0.543,0.534,0.539,
1.0,0.609,0.576,0.542,0.503,0.592,0.555,0.586,0.553,0.554,
1.0,0.655,0.586,0.545,0.608,0.574,0.56,0.565,0.555,0.552,
0.804,0.51,0.528,0.499,0.497,0.504,0.499,0.497,0.454,0.491,
0.939,0.825,0.852,0.815,0.814,0.8,0.764,0.765,0.83,0.814,
0.958,0.807,0.801,0.789,0.81,0.754,0.762,0.795,0.789,0.796,
1.0,0.659,0.558,0.585,0.568,0.578,0.646,0.576,0.627,0.65,
0.764,0.527,0.531,0.507,0.513,0.518,0.501,0.506,0.547,0.506,
0.926,0.636,0.637,0.606,0.618,0.59,0.608,0.587,0.589,0.571,
1.0,0.796,0.856,0.805,0.769,0.778,0.783,0.798,0.773,0.794,
1.0,0.687,0.711,0.68,0.687,0.691,0.666,0.632,0.659,0.655,
0.848,0.55,0.507,0.561,0.509,0.515,0.533,0.52,0.516,0.53,
1.0,0.731,0.689,0.678,0.694,0.726,0.713,0.702,0.727,0.759,
1.0,0.687,0.672,0.686,0.592,0.602,0.615,0.612,0.579,0.663,
0.871,0.652,0.651,0.595,0.571,0.613,0.591,0.599,0.618,0.609,
1.0,0.637,0.611,0.584,0.598,0.592,0.576,0.624,0.679,0.641,
0.855,0.562,0.514,0.505,0.512,0.507,0.562,0.534,0.557,0.523,
1.0,0.819,0.811,0.774,0.815,0.819,0.831,0.825,0.832,0.798,
1.0,0.754,0.745,0.746,0.717,0.712,0.758,0.746,0.741,0.777,
1.0,0.616,0.554,0.563,0.538,0.548,0.514,0.541,0.547,0.539,
0.85,0.518,0.502,0.492,0.44,0.528,0.532,0.458,0.423,0.526,
1.0,0.676,0.655,0.65,0.615,0.669,0.652,0.651,0.661,0.639,
1.0,0.693,0.616,0.634,0.597,0.616,0.659,0.655,0.653,0.63,
0.851,0.596,0.538,0.583,0.56,0.564,0.564,0.534,0.557,0.524,
0.826,0.573,0.571,0.54,0.539,0.541,0.525,0.541,0.52,0.537,
1.0,0.773,0.73,0.726,0.756,0.774,0.745,0.703,0.717,0.744,
1.0,0.718,0.716,0.734,0.743,0.725,0.703,0.713,0.756,0.747,
1.0,0.576,0.57,0.538,0.536,0.622,0.575,0.588,0.557,0.636,
0.806,0.54,0.51,0.518,0.542,0.541,0.532,0.511,0.522,0.503,
0.971,0.806,0.79,0.793,0.797,0.81,0.781,0.768,0.737,0.774,
1.0,0.608,0.658,0.577,0.617,0.606,0.6,0.621,0.632,0.59,
1.0,0.763,0.731,0.799,0.778,0.761,0.81,0.819,0.819,0.763,
1.0,0.66,0.54,0.667,0.593,0.6,0.604,0.633,0.627,0.643,
1.0,0.601,0.61,0.596,0.591,0.563,0.604,0.55,0.576,0.593,
0.859,0.641,0.575,0.543,0.557,0.57,0.556,0.583,0.568,0.575,
1.0,0.737,0.734,0.747,0.749,0.727,0.74,0.718,0.738,0.733,
1.0,0.684,0.678,0.63,0.608,0.608,0.624,0.638,0.645,0.647,
0.822,0.576,0.569,0.519,0.511,0.519,0.526,0.523,0.528,0.548,
0.913,0.567,0.541,0.587,0.566,0.513,0.549,0.56,0.544,0.591,
1.0,0.784,0.758,0.758,0.808,0.787,0.758,0.751,0.772,0.78,
1.0,0.687,0.655,0.62,0.651,0.655,0.698,0.685,0.654,0.633,
1.0,0.591,0.62,0.597,0.591,0.629,0.591,0.593,0.591,0.603,
1.0,0.768,0.738,0.756,0.739,0.727,0.701,0.745,0.697,0.697,
1.0,0.808,0.809,0.805,0.744,0.752,0.845,0.793,0.842,0.767,
0.947,0.662,0.579,0.555,0.58,0.558,0.612,0.619,0.612,0.587,
0.878,0.626,0.599,0.594,0.559,0.591,0.596,0.55,0.588,0.59,
0.821,0.541,0.505,0.482,0.482,0.502,0.476,0.457,0.495,0.458,
0.958,0.675,0.749,0.717,0.695,0.741,0.746,0.738,0.712,0.724,
1.0,0.659,0.697,0.659,0.675,0.696,0.644,0.682,0.709,0.714,
1.0,0.749,0.761,0.767,0.752,0.749,0.772,0.793,0.772,0.778,
1.0,0.598,0.549,0.566,0.563,0.543,0.519,0.522,0.5,0.501,
0.906,0.71,0.62,0.661,0.559,0.626,0.56,0.557,0.553,0.573,
1.0,0.717,0.661,0.658,0.623,0.651,0.671,0.649,0.652,0.659,
1.0,0.578,0.577,0.545,0.559,0.519,0.54,0.553,0.569,0.542,
1.0,0.698,0.628,0.597,0.628,0.645,0.607,0.586,0.61,0.591,
0.976,0.795,0.768,0.759,0.766,0.821,0.784,0.781,0.729,0.764,
0.981,0.753,0.74,0.725,0.776,0.749,0.724,0.705,0.699,0.707,
1.0,0.596,0.63,0.611,0.602,0.59,0.607,0.571,0.562,0.578,
0.86,0.543,0.53,0.472,0.506,0.523,0.498,0.508,0.506,0.482,
0.879,0.787,0.737,0.781,0.79,0.727,0.77,0.806,0.802,0.759,
1.0,0.675,0.61,0.612,0.648,0.628,0.613,0.6,0.632,0.617,
1.0,0.571,0.583,0.546,0.542,0.557,0.531,0.557,0.551,0.587,
0.781,0.525,0.485,0.474,0.455,0.465,0.465,0.456,0.468,0.47,
1.0,0.574,0.608,0.566,0.568,0.514,0.584,0.548,0.515,0.575,
0.863,0.619,0.576,0.568,0.574,0.566,0.513,0.591,0.565,0.573,
0.9,0.612,0.549,0.536,0.595,0.56,0.558,0.562,0.539,0.554,
1.0,0.743,0.724,0.638,0.639,0.674,0.684,0.701,0.669,0.679,
1.0,0.545,0.558,0.569,0.567,0.579,0.585,0.623,0.599,0.623,
0.853,0.688,0.62,0.668,0.648,0.617,0.635,0.691,0.658,0.691,
0.825,0.555,0.532,0.567,0.572,0.534,0.512,0.552,0.56,0.56,
0.988,0.804,0.78,0.793,0.8,0.758,0.714,0.73,0.772,0.806,
1.0,0.663,0.614,0.63,0.613,0.608,0.557,0.592,0.617,0.625,
0.853,0.617,0.48,0.626,0.537,0.613,0.615,0.564,0.602,0.566,
0.898,0.795,0.784,0.775,0.773,0.733,0.772,0.781,0.741,0.782,
1.0,0.691,0.659,0.624,0.617,0.616,0.661,0.62,0.607,0.612,
0.846,0.51,0.481,0.441,0.431,0.478,0.495,0.493,0.435,0.461,
0.83,0.6,0.536,0.568,0.547,0.542,0.542,0.539,0.525,0.531,
0.788,0.558,0.523,0.55,0.538,0.478,0.518,0.51,0.522,0.504,
1.0,0.684,0.678,0.665,0.622,0.687,0.659,0.713,0.682,0.677,
1.0,0.819,0.776,0.756,0.752,0.75,0.764,0.741,0.727,0.785,
1.0,0.602,0.622,0.575,0.576,0.593,0.615,0.635,0.577,0.588,
0.843,0.547,0.486,0.463,0.478,0.506,0.494,0.472,0.493,0.499,
0.998,0.791,0.772,0.792,0.778,0.75,0.748,0.739,0.758,0.742,
1.0,0.595,0.59,0.594,0.593,0.576,0.595,0.596,0.551,0.542,
1.0,0.654,0.535,0.559,0.573,0.566,0.564,0.588,0.56,0.502,
0.806,0.557,0.566,0.539,0.55,0.519,0.517,0.554,0.514,0.55,
1.0,0.746,0.702,0.699,0.755,0.737,0.749,0.718,0.73,0.701,
0.984,0.799,0.822,0.804,0.789,0.765,0.781,0.737,0.815,0.769,
0.967,0.554,0.616,0.594,0.664,0.693,0.624,0.685,0.609,0.69,
0.841,0.619,0.526,0.542,0.562,0.542,0.607,0.521,0.557,0.552,
1.0,0.71,0.725,0.741,0.694,0.734,0.747,0.721,0.746,0.699,
1.0,0.587,0.559,0.533,0.54,0.528,0.563,0.506,0.613,0.555,
1.0,0.694,0.605,0.622,0.63,0.611,0.644,0.632,0.609,0.631,
1.0,0.729,0.767,0.7,0.707,0.761,0.742,0.749,0.766,0.712,
1.0,0.745,0.788,0.825,0.779,0.797,0.777,0.782,0.789,0.779,
0.834,0.597,0.604,0.553,0.56,0.589,0.535,0.556,0.495,0.541,
1.0,0.786,0.784,0.805,0.752,0.776,0.762,0.785,0.747,0.755,
1.0,0.651,0.624,0.656,0.626,0.666,0.636,0.615,0.616,0.641,
1.0,0.664,0.618,0.587,0.61,0.61,0.635,0.594,0.562,0.63,
0.811,0.523,0.496,0.463,0.52,0.513,0.538,0.496,0.517,0.509,
1.0,0.667,0.732,0.679,0.711,0.709,0.678,0.668,0.769,0.72,
1.0,0.605,0.611,0.596,0.586,0.59,0.535,0.531,0.528,0.571,
0.81,0.568,0.601,0.554,0.607,0.592,0.576,0.549,0.583,0.502,
1.0,0.731,0.695,0.732,0.703,0.693,0.687,0.679,0.701,0.678,
1.0,0.792,0.758,0.716,0.751,0.743,0.753,0.831,0.761,0.771,
1.0,0.695,0.61,0.611,0.626,0.628,0.596,0.603,0.629,0.603,
1.0,0.751,0.697,0.637,0.68,0.692,0.671,0.667,0.643,0.652,
0.887,0.67,0.593,0.602,0.621,0.602,0.64,0.59,0.657,0.616,
1.0,0.648,0.659,0.661,0.707,0.71,0.684,0.624,0.673,0.718,
1.0,0.725,0.701,0.684,0.65,0.646,0.668,0.638,0.704,0.692,
0.862,0.6,0.519,0.55,0.566,0.602,0.538,0.545,0.547,0.575,
0.825,0.602,0.589,0.547,0.552,0.55,0.557,0.546,0.531,0.521,
1.0,0.734,0.732,0.708,0.725,0.735,0.749,0.739,0.728,0.74,
1.0,0.718,0.812,0.807,0.778,0.804,0.799,0.798,0.769,0.797,
1.0,0.674,0.775,0.751,0.767,0.762,0.716,0.766,0.744,0.731,
0.81,0.566,0.556,0.552,0.571,0.52,0.583,0.544,0.605,0.536,
0.879,0.622,0.59,0.559,0.537,0.508,0.569,0.552,0.538,0.568,
1.0,0.746,0.683,0.666,0.682,0.658,0.674,0.714,0.709,0.698,
1.0,0.609,0.561,0.521,0.566,0.542,0.585,0.588,0.584,0.589,
0.837,0.611,0.583,0.59,0.569,0.59,0.557,0.518,0.586,0.562,
0.885,0.763,0.709,0.749,0.784,0.767,0.775,0.736,0.716,0.759,
1.0,0.638,0.683,0.597,0.575,0.595,0.602,0.598,0.598,0.57,
1.0,0.598,0.564,0.528,0.552,0.549,0.504,0.579,0.568,0.554,
0.813,0.54,0.546,0.524,0.507,0.533,0.525,0.487,0.507,0.524,
1.0,0.703,0.745,0.743,0.71,0.713,0.722,0.72,0.72,0.7,
0.974,0.838,0.846,0.822,0.8,0.813,0.845,0.793,0.844,0.829,
1.0,0.666,0.52,0.493,0.528,0.522,0.5,0.5,0.539,0.52,
1.0,0.694,0.701,0.725,0.713,0.762,0.72,0.713,0.721,0.718,
1.0,0.657,0.649,0.679,0.628,0.672,0.672,0.648,0.693,0.633,
0.852,0.567,0.551,0.529,0.537,0.535,0.55,0.536,0.566,0.503,
0.736,0.557,0.529,0.534,0.547,0.5,0.552,0.501,0.472,0.504,
1.0,0.71,0.8,0.793,0.79,0.772,0.807,0.799,0.758,0.824,
1.0,0.746,0.687,0.726,0.728,0.745,0.677,0.733,0.778,0.697,
0.785,0.597,0.552,0.562,0.535,0.546,0.521,0.499,0.543,0.528,
1.0,0.716,0.689,0.71,0.677,0.684,0.652,0.729,0.727,0.696,
1.0,0.645,0.676,0.597,0.653,0.637,0.645,0.622,0.628,0.644,
0.958,0.591,0.57,0.553,0.53,0.553,0.529,0.589,0.545,0.582,
0.755,0.566,0.543,0.57,0.53,0.53,0.535,0.542,0.529,0.544,
0.854,0.588,0.578,0.596,0.586,0.568,0.615,0.588,0.568,0.535,
1.0,0.767,0.723,0.716,0.75,0.722,0.679,0.649,0.725,0.747,
1.0,0.632,0.648,0.648,0.626,0.565,0.616,0.638,0.62,0.654,
0.917,0.682,0.666,0.63,0.617,0.665,0.628,0.645,0.624,0.629,
1.0,0.742,0.73,0.738,0.714,0.749,0.816,0.759,0.739,0.723,
1.0,0.712,0.761,0.73,0.697,0.732,0.725,0.756,0.725,0.759,
1.0,0.607,0.603,0.605,0.575,0.544,0.596,0.623,0.59,0.552,
1.0,0.621,0.589,0.558,0.518,0.563,0.562,0.587,0.563,0.51,
0.804,0.521,0.487,0.574,0.547,0.554,0.523,0.526,0.546,0.551,
1.0,0.764,0.75,0.735,0.745,0.759,0.76,0.75,0.767,0.765,
0.998,0.77,0.78,0.754,0.829,0.758,0.817,0.757,0.772,0.834,
1.0,0.639,0.578,0.552,0.601,0.56,0.585,0.594,0.627,0.621,
0.845,0.561,0.537,0.535,0.523,0.504,0.487,0.548,0.528,0.558,
1.0,0.633,0.646,0.659,0.642,0.677,0.687,0.675,0.693,0.649,
1.0,0.701,0.601,0.611,0.558,0.59,0.626,0.641,0.665,0.633,
0.84,0.581,0.542,0.545,0.506,0.501,0.57,0.495,0.51,0.554,
0.91,0.55,0.547,0.533,0.542,0.521,0.531,0.556,0.51,0.54,
1.0,0.613,0.651,0.597,0.55,0.608,0.618,0.638,0.617,0.628,
1.0,0.599,0.561,0.524,0.539,0.563,0.547,0.583,0.533,0.553,
1.0,0.667,0.619,0.632,0.573,0.577,0.62,0.627,0.616,0.604,
0.87,0.633,0.525,0.516,0.553,0.538,0.556,0.549,0.565,0.534,
0.853,0.589,0.548,0.564,0.547,0.518,0.586,0.542,0.533,0.552,
0.82,0.559,0.545,0.533,0.545,0.532,0.592,0.568,0.555,0.519,
0.873,0.573,0.551,0.523,0.534,0.539,0.495,0.467,0.486,0.56,
1.0,0.622,0.601,0.635,0.616,0.589,0.681,0.561,0.593,0.634,
1.0,0.689,0.627,0.616,0.622,0.634,0.607,0.624,0.623,0.685,
1.0,0.71,0.764,0.782,0.745,0.712,0.735,0.769,0.716,0.729,
0.982,0.799,0.763,0.825,0.808,0.739,0.806,0.752,0.813,0.737,
1.0,0.68,0.624,0.628,0.585,0.606,0.606,0.6,0.589,0.587,
0.798,0.568,0.517,0.498,0.508,0.538,0.503,0.518,0.511,0.471,
0.889,0.652,0.622,0.603,0.561,0.617,0.558,0.572,0.645,0.554,
1.0,0.835,0.796,0.767,0.788,0.808,0.824,0.798,0.773,0.788,
1.0,0.659,0.641,0.587,0.636,0.658,0.652,0.655,0.635,0.666,
0.857,0.549,0.537,0.495,0.502,0.553,0.502,0.548,0.515,0.544,
1.0,0.766,0.781,0.753,0.809,0.807,0.78,0.787,0.834,0.808,
1.0,0.759,0.768,0.731,0.668,0.738,0.738,0.694,0.712,0.761,
1.0,0.588,0.663,0.589,0.595,0.575,0.59,0.589,0.586,0.523,
1.0,0.589,0.571,0.575,0.544,0.562,0.556,0.509,0.565,0.559,
1.0,0.677,0.694,0.698,0.641,0.626,0.678,0.625,0.687,0.682,
0.964,0.727,0.778,0.736,0.765,0.761,0.737,0.709,0.723,0.77,
1.0,0.727,0.723,0.811,0.802,0.786,0.801,0.755,0.751,0.807,
1.0,0.569,0.594,0.569,0.533,0.528,0.559,0.518,0.501,0.52,
0.776,0.516,0.474,0.5,0.456,0.505,0.49,0.479,0.452,0.466,
0.805,0.602,0.595,0.6,0.568,0.603,0.557,0.626,0.618,0.629,
1.0,0.811,0.794,0.793,0.787,0.813,0.827,0.822,0.798,0.786,
1.0,0.678,0.665,0.641,0.596,0.597,0.597,0.668,0.622,0.618,
1.0,0.589,0.568,0.549,0.543,0.546,0.541,0.572,0.54,0.536,
1.0,0.73,0.757,0.711,0.714,0.739,0.706,0.701,0.788,0.766,
1.0,0.869,0.813,0.789,0.822,0.88,0.802,0.834,0.811,0.774,
1.0,0.559,0.513,0.551,0.526,0.555,0.531,0.489,0.521,0.536,
0.888,0.539,0.485,0.51,0.512,0.473,0.484,0.504,0.51,0.507,
0.985,0.787,0.742,0.763,0.75,0.759,0.715,0.724,0.767,0.771,
1.0,0.617,0.621,0.589,0.599,0.607,0.576,0.61,0.577,0.597,
0.867,0.61,0.622,0.549,0.571,0.634,0.537,0.558,0.546,0.622,
1.0,0.786,0.786,0.771,0.716,0.755,0.731,0.747,0.755,0.76,
1.0,0.661,0.704,0.683,0.684,0.722,0.611,0.63,0.657,0.623,
0.816,0.538,0.585,0.563,0.48,0.537,0.486,0.498,0.503,0.506,
1.0,0.694,0.81,0.802,0.821,0.768,0.76,0.771,0.761,0.795,
1.0,0.731,0.742,0.762,0.747,0.77,0.745,0.737,0.728,0.785,
1.0,0.616,0.581,0.569,0.587,0.575,0.582,0.624,0.575,0.575,
0.784,0.615,0.649,0.549,0.596,0.594,0.556,0.556,0.603,0.567,
0.817,0.559,0.606,0.554,0.588,0.57,0.522,0.524,0.571,0.562,
1.0,0.562,0.515,0.576,0.574,0.564,0.577,0.567,0.525,0.568,
1.0,0.683,0.632,0.654,0.573,0.65,0.597,0.606,0.587,0.622,
0.861,0.62,0.592,0.625,0.579,0.586,0.598,0.561,0.585,0.601,
1.0,0.786,0.817,0.809,0.801,0.777,0.803,0.813,0.799,0.847,
0.954,0.783,0.73,0.764,0.786,0.757,0.78,0.801,0.727,0.721,
0.889,0.612,0.62,0.618,0.59,0.623,0.587,0.597,0.558,0.605,
0.823,0.598,0.558,0.553,0.559,0.568,0.583,0.589,0.57,0.592,
0.775,0.572,0.526,0.52,0.519,0.496,0.506,0.487,0.546,0.521,
1.0,0.721,0.743,0.725,0.727,0.684,0.716,0.733,0.749,0.728,
1.0,0.79,0.821,0.794,0.82,0.82,0.811,0.839,0.84,0.839,
1.0,0.595,0.525,0.576,0.536,0.541,0.561,0.554,0.52,0.544,
0.74,0.579,0.575,0.57,0.592,0.574,0.581,0.594,0.575,0.573,
1.0,0.72,0.753,0.77,0.752,0.77,0.772,0.786,0.731,0.78,
1.0,0.661,0.627,0.631,0.625,0.593,0.631,0.599,0.6,0.607,
1.0,0.676,0.606,0.608,0.658,0.638,0.628,0.631,0.647,0.582,
0.824,0.557,0.513,0.51,0.516,0.483,0.532,0.518,0.487,0.487,
1.0,0.7,0.75,0.767,0.78,0.699,0.74,0.778,0.726,0.745,
1.0,0.757,0.724,0.77,0.803,0.78,0.753,0.777,0.723,0.718,
0.787,0.602,0.513,0.51,0.543,0.509,0.534,0.541,0.561,0.524,
0.835,0.517,0.503,0.459,0.497,0.438,0.555,0.476,0.419,0.557,
1.0,0.582,0.641,0.587,0.646,0.595,0.677,0.573,0.614,0.642,
1.0,0.644,0.709,0.642,0.7,0.661,0.648,0.618,0.709,0.686,
1.0,0.665,0.593,0.647,0.689,0.63,0.669,0.694,0.62,0.659,
1.0,0.54,0.615,0.575,0.564,0.565,0.6,0.549,0.574,0.524,
0.811,0.543,0.517,0.565,0.503,0.505,0.465,0.481,0.512,0.52,
0.867,0.596,0.599,0.597,0.552,0.621,0.55,0.519,0.591,0.542,
0.9,0.64,0.672,0.63,0.601,0.601,0.621,0.598,0.572,0.594,
1.0,0.697,0.657,0.68,0.652,0.694,0.648,0.648,0.729,0.684,
1.0,0.632,0.624,0.569,0.633,0.624,0.677,0.63,0.586,0.665,
0.904,0.559,0.556,0.501,0.545,0.574,0.492,0.597,0.499,0.539,
1.0,0.723,0.734,0.735,0.762,0.767,0.743,0.707,0.738,0.781,
1.0,0.63,0.625,0.621,0.608,0.581,0.629,0.566,0.606,0.621,
0.91,0.559,0.507,0.538,0.475,0.492,0.503,0.466,0.488,0.54,
1.0,0.751,0.764,0.762,0.766,0.773,0.732,0.715,0.761,0.732,
0.949,0.829,0.776,0.822,0.851,0.789,0.849,0.805,0.798,0.804,
1.0,0.605,0.604,0.591,0.577,0.58,0.568,0.585,0.592,0.576,
0.834,0.559,0.577,0.562,0.511,0.569,0.538,0.511,0.57,0.499,
0.891,0.592,0.633,0.564,0.568,0.597,0.634,0.616,0.585,0.559,
0.962,0.778,0.744,0.749,0.773,0.798,0.779,0.793,0.797,0.76,
1.0,0.694,0.717,0.682,0.725,0.71,0.667,0.709,0.729,0.704,
1.0,0.636,0.662,0.678,0.613,0.638,0.639,0.608,0.608,0.612,
1.0,0.585,0.552,0.568,0.549,0.562,0.556,0.557,0.565,0.553,
1.0,0.789,0.779,0.761,0.74,0.733,0.75,0.796,0.776,0.763,
0.965,0.876,0.824,0.839,0.812,0.823,0.821,0.787,0.84,0.782,
1.0,0.738,0.746,0.682,0.699,0.728,0.718,0.679,0.732,0.699,
1.0,0.643,0.605,0.582,0.559,0.56,0.525,0.56,0.545,0.617,
0.801,0.552,0.534,0.514,0.572,0.554,0.546,0.475,0.502,0.548,
1.0,0.725,0.789,0.787,0.732,0.734,0.745,0.695,0.744,0.8,
1.0,0.573,0.604,0.598,0.531,0.59,0.601,0.523,0.607,0.586,
0.978,0.678,0.58,0.647,0.671,0.712,0.632,0.6,0.59,0.646,
0.973,0.853,0.869,0.826,0.835,0.818,0.836,0.849,0.855,0.846,
1.0,0.662,0.613,0.565,0.607,0.61,0.6,0.588,0.609,0.643,
1.0,0.624,0.627,0.576,0.633,0.589,0.595,0.625,0.58,0.623,
0.852,0.617,0.565,0.589,0.577,0.554,0.596,0.59,0.567,0.555,
0.945,0.815,0.807,0.784,0.743,0.794,0.784,0.856,0.795,0.74,
0.855,0.517,0.518,0.495,0.496,0.496,0.459,0.44,0.481,0.476,
0.878,0.529,0.549,0.463,0.476,0.487,0.48,0.491,0.409,0.507,
1.0,0.671,0.616,0.673,0.634,0.635,0.597,0.638,0.662,0.673,
1.0,0.647,0.56,0.562,0.593,0.535,0.559,0.539,0.539,0.603,
0.823,0.489,0.501,0.464,0.44,0.457,0.428,0.406,0.469,0.499,
1.0,0.704,0.657,0.657,0.635,0.689,0.66,0.683,0.651,0.653,
1.0,0.705,0.657,0.633,0.642,0.629,0.622,0.708,0.685,0.607,
0.771,0.54,0.518,0.571,0.494,0.513,0.488,0.538,0.533,0.578,
1.0,0.679,0.716,0.682,0.651,0.648,0.696,0.722,0.712,0.633,
1.0,0.685,0.678,0.695,0.696,0.68,0.704,0.67,0.663,0.746,
1.0,0.732,0.706,0.725,0.673,0.669,0.684,0.66,0.679,0.671,
1.0,0.496,0.505,0.516,0.494,0.452,0.516,0.442,0.506,0.473,
0.836,0.548,0.52,0.574,0.49,0.548,0.521,0.474,0.554,0.536,
1.0,0.665,0.667,0.651,0.634,0.642,0.659,0.633,0.623,0.634,
1.0,0.674,0.647,0.593,0.635,0.622,0.639,0.608,0.622,0.606,
0.884,0.62,0.498,0.46,0.478,0.556,0.555,0.52,0.49,0.502,
1.0,0.6,0.544,0.567,0.526,0.54,0.539,0.548,0.537,0.527,
1.0,0.743,0.732,0.682,0.746,0.714,0.727,0.664,0.739,0.678,
0.986,0.799,0.755,0.761,0.788,0.762,0.752,0.744,0.803,0.778,
0.969,0.811,0.798,0.767,0.793,0.816,0.772,0.758,0.746,0.765,
1.0,0.608,0.529,0.558,0.524,0.563,0.535,0.572,0.585,0.573,
0.842,0.603,0.536,0.519,0.524,0.585,0.58,0.556,0.538,0.53,
1.0,0.742,0.66,0.723,0.689,0.713,0.743,0.716,0.683,0.711,
1.0,0.558,0.555,0.554,0.6,0.538,0.524,0.526,0.594,0.537,
0.833,0.541,0.531,0.521,0.529,0.498,0.539,0.501,0.49,0.496,
0.822,0.512,0.556,0.514,0.549,0.524,0.473,0.534,0.484,0.499,
0.998,0.742,0.787,0.765,0.754,0.786,0.776,0.751,0.746,0.751,
1.0,0.735,0.63,0.661,0.717,0.652,0.673,0.616,0.676,0.698,
1.0,0.543,0.546,0.548,0.512,0.527,0.578,0.517,0.536,0.559,
1.0,0.737,0.696,0.671,0.665,0.66,0.715,0.651,0.689,0.661,
0.969,0.754,0.724,0.73,0.752,0.718,0.782,0.726,0.757,0.713,
1.0,0.637,0.645,0.669,0.732,0.646,0.667,0.678,0.654,0.602,
0.954,0.72,0.774,0.728,0.76,0.716,0.707,0.712,0.722,0.718,
1.0,0.545,0.57,0.517,0.506,0.498,0.568,0.516,0.533,0.53,
1.0,0.67,0.7,0.604,0.642,0.651,0.647,0.678,0.652,0.665,
0.796,0.522,0.473,0.491,0.467,0.509,0.471,0.511,0.462,0.47,
0.99,0.709,0.696,0.675,0.633,0.604,0.739,0.677,0.661,0.643,
1.0,0.58,0.553,0.548,0.541,0.501,0.536,0.551,0.542,0.501,
0.887,0.542,0.515,0.458,0.462,0.526,0.502,0.479,0.489,0.461,
0.804,0.56,0.524,0.562,0.466,0.541,0.462,0.465,0.512,0.479,
1.0,0.684,0.7,0.635,0.637,0.624,0.673,0.668,0.655,0.696,
1.0,0.692,0.649,0.642,0.64,0.638,0.632,0.583,0.581,0.589,
0.778,0.499,0.482,0.472,0.412,0.455,0.475,0.429,0.476,0.447,
1.0,0.718,0.713,0.762,0.69,0.671,0.71,0.765,0.678,0.774,
1.0,0.651,0.623,0.555,0.61,0.644,0.606,0.588,0.582,0.589,
1.0,0.623,0.615,0.561,0.509,0.627,0.587,0.548,0.585,0.571,
0.84,0.536,0.469,0.524,0.484,0.47,0.466,0.471,0.449,0.532,
0.859,0.621,0.528,0.55,0.581,0.484,0.499,0.534,0.497,0.543,
0.961,0.761,0.75,0.727,0.696,0.753,0.724,0.729,0.723,0.668,
1.0,0.712,0.702,0.702,0.636,0.671,0.681,0.679,0.663,0.628,
1.0,0.617,0.549,0.515,0.534,0.555,0.519,0.521,0.55,0.548,
0.867,0.505,0.574,0.571,0.491,0.523,0.534,0.505,0.529,0.497,
1.0,0.703,0.649,0.658,0.672,0.649,0.695,0.68,0.643,0.662,
1.0,0.712,0.641,0.669,0.633,0.68,0.647,0.613,0.623,0.643,
1.0,0.633,0.68,0.598,0.57,0.629,0.607,0.614,0.605,0.652,
1.0,0.532,0.544,0.513,0.478,0.493,0.509,0.524,0.482,0.487,
1.0,0.693,0.697,0.698,0.689,0.747,0.684,0.685,0.683,0.671,
1.0,0.774,0.713,0.709,0.697,0.737,0.721,0.711,0.716,0.707,
1.0,0.687,0.691,0.641,0.636,0.597,0.723,0.608,0.688,0.618,
0.773,0.546,0.489,0.45,0.526,0.464,0.476,0.532,0.484,0.502,
1.0,0.68,0.697,0.67,0.692,0.713,0.632,0.693,0.689,0.664,
1.0,0.647,0.569,0.586,0.58,0.631,0.584,0.519,0.463,0.586,
0.831,0.507,0.498,0.469,0.502,0.444,0.417,0.506,0.48,0.484,
0.831,0.62,0.551,0.535,0.529,0.519,0.492,0.48,0.515,0.566,
1.0,0.63,0.569,0.547,0.587,0.614,0.57,0.583,0.511,0.451,
0.872,0.559,0.501,0.591,0.534,0.506,0.533,0.562,0.579,0.516,
1.0,0.649,0.666,0.656,0.681,0.698,0.648,0.67,0.639,0.647,
1.0,0.635,0.575,0.567,0.573,0.603,0.59,0.544,0.602,0.535,
0.83,0.584,0.613,0.571,0.538,0.614,0.57,0.573,0.605,0.561,
0.865,0.538,0.568,0.467,0.457,0.477,0.486,0.49,0.488,0.465,
0.886,0.555,0.461,0.534,0.498,0.493,0.452,0.429,0.509,0.456,
1.0,0.704,0.704,0.662,0.677,0.663,0.612,0.563,0.565,0.603,
1.0,0.675,0.574,0.603,0.594,0.536,0.595,0.622,0.597,0.583,
0.996,0.759,0.754,0.699,0.73,0.594,0.673,0.68,0.644,0.628,
0.989,0.624,0.684,0.655,0.643,0.63,0.645,0.621,0.616,0.631,
1.0,0.717,0.743,0.716,0.697,0.707,0.708,0.661,0.676,0.708,
0.808,0.546,0.504,0.521,0.437,0.526,0.486,0.481,0.474,0.483,
0.915,0.593,0.517,0.476,0.48,0.505,0.539,0.525,0.473,0.504,
0.992,0.715,0.706,0.723,0.721,0.712,0.726,0.686,0.674,0.749,
1.0,0.575,0.607,0.543,0.551,0.541,0.546,0.518,0.524,0.522,
0.985,0.75,0.768,0.706,0.715,0.683,0.673,0.662,0.687,0.689,
1.0,0.626,0.586,0.572,0.632,0.573,0.56,0.584,0.546,0.587,
0.914,0.574,0.518,0.535,0.488,0.472,0.486,0.483,0.522,0.47,
1.0,0.719,0.698,0.718,0.685,0.706,0.675,0.683,0.703,0.704,
1.0,0.575,0.602,0.584,0.553,0.499,0.557,0.53,0.59,0.527,
1.0,0.58,0.543,0.565,0.519,0.542,0.531,0.523,0.476,0.504,
1.0,0.73,0.688,0.679,0.651,0.695,0.698,0.667,0.671,0.684,
1.0,0.647,0.644,0.68,0.64,0.681,0.662,0.678,0.648,0.604,
1.0,0.746,0.761,0.711,0.704,0.664,0.649,0.701,0.726,0.741,
0.879,0.617,0.608,0.589,0.513,0.527,0.544,0.486,0.53,0.568,
0.757,0.47,0.512,0.5,0.49,0.429,0.435,0.512,0.441,0.48,
1.0,0.701,0.684,0.705,0.685,0.701,0.732,0.714,0.71,0.711,
1.0,0.674,0.589,0.633,0.631,0.617,0.57,0.592,0.573,0.556,
0.87,0.592,0.536,0.52,0.568,0.559,0.547,0.552,0.599,0.579,
0.886,0.568,0.5,0.483,0.528,0.455,0.459,0.469,0.519,0.461,
0.94,0.713,0.686,0.669,0.675,0.649,0.624,0.627,0.648,0.678,
0.845,0.532,0.55,0.533,0.501,0.564,0.474,0.5,0.566,0.522,
0.942,0.751,0.724,0.701,0.704,0.777,0.736,0.703,0.736,0.734,
1.0,0.603,0.572,0.554,0.569,0.602,0.506,0.582,0.569,0.565,
1.0,0.596,0.542,0.436,0.508,0.503,0.452,0.499,0.506,0.49,
0.877,0.524,0.573,0.531,0.465,0.512,0.527,0.546,0.532,0.517,
0.947,0.745,0.701,0.664,0.657,0.715,0.696,0.673,0.703,0.704,
1.0,0.626,0.584,0.594,0.649,0.591,0.543,0.622,0.592,0.599,
0.847,0.485,0.486,0.44,0.446,0.456,0.494,0.495,0.457,0.448,
1.0,0.757,0.738,0.759,0.737,0.716,0.747,0.746,0.726,0.732,
1.0,0.688,0.742,0.698,0.745,0.696,0.708,0.772,0.727,0.707,
1.0,0.676,0.664,0.599,0.599,0.6,0.664,0.594,0.646,0.622,
0.892,0.507,0.589,0.539,0.49,0.549,0.513,0.523,0.53,0.486,
0.869,0.528,0.563,0.47,0.491,0.475,0.542,0.493,0.471,0.539,
1.0,0.6,0.555,0.554,0.51,0.559,0.545,0.51,0.473,0.54,
1.0,0.666,0.648,0.651,0.596,0.614,0.585,0.654,0.656,0.593,
0.818,0.531,0.513,0.473,0.492,0.505,0.452,0.525,0.551,0.466,
0.883,0.536,0.493,0.529,0.512,0.489,0.558,0.514,0.518,0.531,
1.0,0.739,0.684,0.673,0.682,0.664,0.65,0.654,0.686,0.685,
1.0,0.722,0.768,0.699,0.755,0.759,0.64,0.733,0.72,0.711,
1.0,0.533,0.542,0.486,0.506,0.473,0.466,0.454,0.467,0.484,
1.0,0.583,0.577,0.545,0.613,0.522,0.512,0.572,0.566,0.557,
0.992,0.666,0.68,0.654,0.69,0.682,0.685,0.618,0.616,0.62,
1.0,0.741,0.715,0.728,0.674,0.698,0.652,0.733,0.719,0.731,
1.0,0.652,0.6,0.633,0.613,0.633,0.584,0.629,0.614,0.614,
0.858,0.523,0.472,0.552,0.502,0.487,0.529,0.493,0.485,0.533,
1.0,0.732,0.759,0.699,0.764,0.699,0.708,0.67,0.648,0.745,
1.0,0.619,0.558,0.565,0.548,0.583,0.519,0.612,0.575,0.642,
1.0,0.748,0.739,0.676,0.666,0.689,0.668,0.664,0.627,0.612,
0.812,0.534,0.533,0.482,0.474,0.51,0.472,0.49,0.452,0.499,
1.0,0.69,0.677,0.657,0.6,0.646,0.584,0.593,0.642,0.655,
1.0,0.68,0.652,0.685,0.668,0.648,0.71,0.651,0.617,0.69,
0.855,0.493,0.541,0.449,0.435,0.449,0.396,0.512,0.424,0.425,
0.962,0.743,0.679,0.686,0.688,0.701,0.693,0.685,0.677,0.693,
0.817,0.605,0.561,0.532,0.556,0.566,0.527,0.578,0.581,0.57,
0.83,0.613,0.498,0.563,0.473,0.567,0.526,0.555,0.531,0.489,
0.823,0.56,0.5,0.438,0.482,0.499,0.508,0.528,0.46,0.439,
1.0,0.705,0.709,0.69,0.669,0.63,0.615,0.681,0.685,0.727,
1.0,0.577,0.514,0.47,0.518,0.463,0.434,0.468,0.463,0.486,
0.828,0.582,0.54,0.425,0.535,0.528,0.518,0.464,0.44,0.485,
1.0,0.732,0.709,0.668,0.7,0.698,0.629,0.676,0.692,0.64,
1.0,0.723,0.662,0.615,0.595,0.673,0.644,0.682,0.65,0.636,
1.0,0.713,0.627,0.543,0.597,0.604,0.613,0.603,0.576,0.562,
0.842,0.609,0.53,0.515,0.556,0.529,0.473,0.528,0.473,0.46,
1.0,0.734,0.695,0.651,0.677,0.706,0.677,0.694,0.659,0.695,
1.0,0.697,0.725,0.714,0.699,0.64,0.695,0.7,0.692,0.688,
0.826,0.593,0.539,0.534,0.554,0.53,0.508,0.531,0.51,0.52,
0.895,0.548,0.458,0.5,0.461,0.445,0.455,0.497,0.476,0.451,
1.0,0.681,0.756,0.724,0.71,0.711,0.749,0.724,0.716,0.712,
0.934,0.65,0.625,0.7,0.681,0.664,0.684,0.645,0.635,0.64,
1.0,0.582,0.63,0.579,0.611,0.566,0.546,0.644,0.603,0.589,
1.0,0.615,0.592,0.564,0.559,0.584,0.585,0.558,0.61,0.567,
0.812,0.547,0.55,0.545,0.52,0.574,0.508,0.568,0.455,0.515,
1.0,0.735,0.686,0.677,0.693,0.752,0.713,0.701,0.692,0.684,
1.0,0.696,0.598,0.611,0.612,0.582,0.64,0.609,0.613,0.609,
1.0,0.676,0.652,0.585,0.645,0.628,0.616,0.631,0.607,0.569,
0.935,0.554,0.59,0.541,0.538,0.529,0.559,0.598,0.579,0.539,
1.0,0.756,0.768,0.753,0.718,0.735,0.698,0.659,0.725,0.689,
1.0,0.651,0.62,0.677,0.642,0.636,0.633,0.59,0.679,0.64,
0.906,0.542,0.559,0.553,0.519,0.536,0.528,0.52,0.491,0.496,
0.861,0.571,0.568,0.545,0.535,0.55,0.471,0.537,0.446,0.557,
1.0,0.704,0.674,0.668,0.746,0.631,0.676,0.672,0.665,0.662,
1.0,0.566,0.626,0.564,0.576,0.582,0.507,0.544,0.583,0.575,
1.0,0.526,0.592,0.546,0.525,0.499,0.59,0.512,0.49,0.503,
1.0,0.702,0.723,0.712,0.695,0.704,0.71,0.713,0.68,0.709,
0.952,0.666,0.566,0.533,0.577,0.517,0.558,0.581,0.507,0.53,
0.909,0.606,0.506,0.567,0.553,0.544,0.551,0.495,0.523,0.532,
1.0,0.702,0.727,0.715,0.755,0.769,0.708,0.735,0.741,0.673,
1.0,0.589,0.594,0.607,0.58,0.565,0.551,0.603,0.545,0.55,
0.866,0.602,0.554,0.522,0.534,0.523,0.557,0.53,0.499,0.571,
0.965,0.814,0.757,0.754,0.713,0.753,0.737,0.783,0.775,0.713,
0.95,0.757,0.718,0.765,0.722,0.729,0.792,0.785,0.744,0.773,
1.0,0.688,0.694,0.698,0.735,0.715,0.785,0.786,0.739,0.719,
0.889,0.576,0.537,0.545,0.55,0.519,0.544,0.508,0.533,0.525,
0.902,0.529,0.473,0.529,0.5,0.496,0.466,0.49,0.484,0.429,
0.988,0.746,0.805,0.77,0.742,0.724,0.782,0.733,0.688,0.728,
1.0,0.71,0.661,0.69,0.691,0.657,0.664,0.642,0.659,0.688,
0.852,0.562,0.468,0.559,0.472,0.518,0.507,0.498,0.464,0.459,
1.0,0.658,0.649,0.677,0.674,0.633,0.681,0.658,0.656,0.641,
1.0,0.659,0.763,0.672,0.641,0.693,0.65,0.713,0.669,0.745,
1.0,0.749,0.688,0.749,0.748,0.694,0.723,0.685,0.727,0.74,
1.0,0.629,0.59,0.575,0.549,0.559,0.568,0.601,0.575,0.588,
1.0,0.574,0.519,0.566,0.522,0.518,0.509,0.509,0.518,0.488,
1.0,0.722,0.743,0.678,0.698,0.688,0.724,0.708,0.735,0.723,
1.0,0.893,0.891,0.885,0.876,0.819,0.818,0.838,0.803,0.84,
1.0,0.577,0.546,0.506,0.527,0.547,0.518,0.539,0.511,0.523,
0.868,0.592,0.515,0.48,0.527,0.528,0.576,0.517,0.507,0.481,
1.0,0.711,0.696,0.707,0.679,0.667,0.715,0.75,0.693,0.692,
1.0,0.622,0.553,0.581,0.572,0.634,0.599,0.622,0.593,0.573,
0.764,0.525,0.464,0.494,0.492,0.49,0.526,0.523,0.44,0.457,
0.846,0.6,0.483,0.541,0.487,0.548,0.442,0.489,0.446,0.444,
0.823,0.543,0.462,0.503,0.468,0.441,0.46,0.48,0.482,0.503,
1.0,0.71,0.687,0.702,0.718,0.701,0.749,0.709,0.705,0.708,
1.0,0.603,0.566,0.527,0.563,0.552,0.51,0.511,0.554,0.558,
0.879,0.53,0.529,0.448,0.568,0.531,0.486,0.482,0.49,0.538,
0.979,0.713,0.706,0.681,0.682,0.647,0.663,0.671,0.66,0.639,
1.0,0.616,0.593,0.565,0.565,0.58,0.629,0.608,0.576,0.602,
0.825,0.529,0.515,0.509,0.499,0.521,0.501,0.518,0.501,0.497,
1.0,0.771,0.755,0.746,0.758,0.757,0.793,0.773,0.759,0.707,
1.0,0.525,0.512,0.487,0.503,0.477,0.515,0.471,0.464,0.496,
0.872,0.569,0.511,0.53,0.524,0.491,0.517,0.45,0.499,0.469,
1.0,0.696,0.679,0.69,0.724,0.657,0.715,0.701,0.698,0.728,
1.0,0.672,0.695,0.653,0.642,0.654,0.682,0.684,0.663,0.687,
0.83,0.571,0.57,0.529,0.483,0.526,0.483,0.514,0.534,0.481,
0.888,0.573,0.534,0.569,0.462,0.518,0.558,0.518,0.565,0.495,
1.0,0.711,0.69,0.635,0.678,0.693,0.684,0.656,0.677,0.648,
1.0,0.629,0.609,0.664,0.651,0.659,0.601,0.679,0.618,0.66,
1.0,0.667,0.647,0.647,0.586,0.617,0.598,0.54,0.603,0.616,
0.877,0.613,0.548,0.533,0.521,0.528,0.508,0.559,0.491,0.516,
1.0,0.769,0.707,0.671,0.673,0.702,0.697,0.705,0.745,0.724,
1.0,0.62,0.642,0.624,0.626,0.586,0.636,0.547,0.58,0.643,
1.0,0.611,0.55,0.557,0.585,0.56,0.574,0.602,0.604,0.522,
0.856,0.629,0.522,0.571,0.545,0.583,0.582,0.573,0.573,0.573,
0.873,0.582,0.527,0.482,0.525,0.513,0.49,0.524,0.53,0.518,
1.0,0.73,0.72,0.715,0.684,0.692,0.651,0.658,0.672,0.694,
0.907,0.713,0.79,0.793,0.796,0.819,0.763,0.756,0.792,0.78,
1.0,0.63,0.638,0.583,0.586,0.614,0.563,0.608,0.604,0.596,
0.839,0.567,0.559,0.515,0.517,0.519,0.507,0.527,0.515,0.521,
0.968,0.746,0.729,0.706,0.728,0.697,0.692,0.651,0.726,0.722,
1.0,0.615,0.577,0.55,0.604,0.547,0.595,0.533,0.523,0.552,
1.0,0.585,0.582,0.588,0.612,0.608,0.565,0.616,0.585,0.568,
0.872,0.613,0.488,0.525,0.548,0.547,0.582,0.532,0.505,0.516,
0.986,0.79,0.778,0.781,0.741,0.752,0.761,0.756,0.761,0.756,
1.0,0.657,0.611,0.58,0.605,0.554,0.569,0.605,0.615,0.629,
0.8,0.57,0.504,0.48,0.536,0.488,0.533,0.523,0.514,0.497,
0.991,0.736,0.795,0.775,0.778,0.773,0.756,0.786,0.773,0.741,
1.0,0.651,0.641,0.62,0.646,0.63,0.61,0.666,0.613,0.624,
1.0,0.716,0.616,0.612,0.632,0.63,0.609,0.63,0.609,0.59,
1.0,0.701,0.669,0.636,0.62,0.599,0.63,0.604,0.667,0.65,
1.0,0.579,0.533,0.528,0.512,0.528,0.497,0.488,0.51,0.463,
0.866,0.553,0.529,0.557,0.57,0.515,0.547,0.546,0.54,0.555,
0.881,0.579,0.468,0.475,0.489,0.458,0.454,0.532,0.488,0.523,
1.0,0.688,0.703,0.732,0.698,0.715,0.746,0.696,0.727,0.674,
1.0,0.692,0.688,0.656,0.715,0.703,0.709,0.7,0.674,0.718,
0.792,0.543,0.508,0.511,0.448,0.429,0.538,0.484,0.441,0.497,
0.85,0.578,0.536,0.525,0.546,0.505,0.505,0.537,0.516,0.512,
1.0,0.705,0.645,0.693,0.708,0.732,0.725,0.728,0.723,0.735,
1.0,0.538,0.562,0.612,0.511,0.498,0.5,0.522,0.575,0.533,
0.766,0.513,0.472,0.54,0.503,0.479,0.49,0.482,0.52,0.478,
1.0,0.702,0.69,0.676,0.696,0.694,0.64,0.659,0.681,0.694,
1.0,0.705,0.725,0.655,0.674,0.67,0.646,0.679,0.648,0.697,
1.0,0.631,0.608,0.608,0.562,0.583,0.523,0.536,0.628,0.596,
0.824,0.518,0.45,0.443,0.451,0.431,0.447,0.492,0.462,0.429,
0.799,0.501,0.521,0.505,0.505,0.498,0.463,0.506,0.516,0.494,
1.0,0.549,0.565,0.485,0.477,0.483,0.515,0.496,0.514,0.49,
1.0,0.703,0.691,0.686,0.68,0.652,0.632,0.699,0.646,0.703,
1.0,0.669,0.616,0.627,0.577,0.583,0.617,0.627,0.629,0.617,
0.817,0.62,0.496,0.522,0.545,0.504,0.534,0.522,0.536,0.509,
0.92,0.736,0.714,0.722,0.702,0.698,0.696,0.7,0.667,0.695,
1.0,0.585,0.63,0.605,0.601,0.591,0.65,0.594,0.587,0.645,
1.0,0.681,0.646,0.629,0.646,0.607,0.632,0.581,0.559,0.553,
1.0,0.616,0.612,0.554,0.522,0.493,0.529,0.539,0.531,0.457,
1.0,0.662,0.597,0.624,0.661,0.642,0.577,0.622,0.611,0.652,
1.0,0.697,0.63,0.663,0.644,0.656,0.625,0.617,0.634,0.612,
0.853,0.557,0.552,0.535,0.484,0.513,0.488,0.526,0.523,0.478,
0.803,0.541,0.465,0.474,0.47,0.454,0.459,0.487,0.463,0.463,
0.83,0.445,0.435,0.43,0.448,0.45,0.417,0.382,0.412,0.422,
1.0,0.551,0.492,0.466,0.505,0.452,0.469,0.482,0.519,0.495,
1.0,0.592,0.575,0.602,0.569,0.61,0.583,0.586,0.53,0.542,
0.74,0.603,0.533,0.534,0.542,0.516,0.538,0.545,0.559,0.507,
0.991,0.808,0.765,0.758,0.763,0.733,0.788,0.76,0.763,0.766,
0.806,0.572,0.544,0.486,0.525,0.526,0.493,0.519,0.514,0.499,
1.0,0.706,0.717,0.717,0.674,0.65,0.667,0.68,0.677,0.739,
0.971,0.656,0.706,0.708,0.658,0.65,0.676,0.702,0.72,0.758,
1.0,0.75,0.67,0.633,0.602,0.611,0.626,0.536,0.661,0.598,
0.848,0.554,0.53,0.507,0.5,0.489,0.465,0.502,0.502,0.493,
1.0,0.675,0.735,0.74,0.685,0.694,0.679,0.689,0.667,0.651,
1.0,0.629,0.656,0.591,0.641,0.661,0.628,0.65,0.642,0.675,
1.0,0.591,0.562,0.587,0.56,0.523,0.522,0.556,0.583,0.548,
0.829,0.519,0.469,0.51,0.419,0.479,0.471,0.479,0.477,0.492,
0.998,0.793,0.773,0.748,0.702,0.746,0.738,0.746,0.725,0.72,
1.0,0.587,0.568,0.504,0.479,0.547,0.523,0.584,0.564,0.502,
1.0,0.645,0.595,0.52,0.535,0.514,0.569,0.591,0.578,0.57,
0.946,0.547,0.524,0.481,0.49,0.496,0.506,0.481,0.521,0.505,
1.0,0.653,0.684,0.708,0.648,0.664,0.667,0.626,0.691,0.653,
0.98,0.888,0.832,0.763,0.828,0.836,0.781,0.853,0.859,0.829,
0.843,0.569,0.522,0.531,0.527,0.503,0.563,0.548,0.512,0.551,
1.0,0.556,0.511,0.516,0.445,0.559,0.487,0.453,0.567,0.467,
0.979,0.585,0.531,0.56,0.553,0.515,0.487,0.593,0.516,0.525,
0.962,0.748,0.69,0.662,0.674,0.651,0.696,0.675,0.663,0.652,
1.0,0.561,0.536,0.528,0.502,0.525,0.545,0.525,0.5,0.524,
0.877,0.603,0.489,0.501,0.519,0.527,0.475,0.497,0.482,0.463,
0.776,0.54,0.503,0.512,0.482,0.475,0.514,0.48,0.492,0.477,
0.928,0.659,0.683,0.617,0.674,0.634,0.646,0.637,0.625,0.591,
1.0,0.641,0.552,0.565,0.558,0.6,0.583,0.526,0.53,0.566,
1.0,0.523,0.526,0.531,0.513,0.499,0.494,0.508,0.473,0.508,
1.0,0.702,0.724,0.678,0.67,0.694,0.727,0.639,0.695,0.718,
1.0,0.727,0.669,0.659,0.683,0.652,0.719,0.689,0.67,0.678,
1.0,0.631,0.556,0.508,0.6,0.561,0.553,0.582,0.558,0.537,
0.794,0.567,0.495,0.525,0.54,0.506,0.549,0.548,0.505,0.539,
0.844,0.522,0.566,0.505,0.548,0.473,0.484,0.519,0.436,0.489,
1.0,0.78,0.757,0.709,0.786,0.725,0.752,0.695,0.706,0.697,
1.0,0.577,0.605,0.578,0.553,0.608,0.595,0.64,0.554,0.607,
0.972,0.747,0.722,0.726,0.705,0.76,0.753,0.728,0.736,0.743,
1.0,0.746,0.753,0.727,0.745,0.73,0.707,0.743,0.749,0.748,
0.939,0.599,0.585,0.507,0.471,0.581,0.464,0.439,0.457,0.472,
0.776,0.549,0.529,0.49,0.463,0.513,0.512,0.478,0.489,0.453,
0.977,0.753,0.669,0.662,0.663,0.689,0.683,0.657,0.645,0.662,
1.0,0.627,0.671,0.65,0.668,0.6,0.589,0.645,0.628,0.672,
0.933,0.551,0.608,0.455,0.559,0.533,0.5,0.512,0.545,0.485,
1.0,0.763,0.757,0.726,0.759,0.709,0.725,0.727,0.695,0.722,
1.0,0.591,0.54,0.52,0.598,0.564,0.57,0.586,0.581,0.559,
1.0,0.65,0.583,0.572,0.587,0.651,0.59,0.649,0.589,0.646,
1.0,0.574,0.535,0.523,0.512,0.511,0.469,0.508,0.507,0.501,
0.812,0.53,0.548,0.505,0.525,0.48,0.511,0.479,0.465,0.522,
0.973,0.705,0.701,0.704,0.697,0.647,0.707,0.681,0.667,0.669,
1.0,0.613,0.585,0.612,0.521,0.592,0.51,0.535,0.56,0.548,
0.868,0.609,0.548,0.56,0.577,0.579,0.546,0.567,0.534,0.517,
1.0,0.651,0.672,0.639,0.65,0.606,0.616,0.7,0.636,0.657,
0.873,0.562,0.461,0.508,0.516,0.49,0.568,0.464,0.466,0.474,
1.0,0.673,0.661,0.626,0.564,0.595,0.591,0.595,0.586,0.64,
1.0,0.721,0.684,0.643,0.639,0.702,0.637,0.661,0.652,0.683,
1.0,0.527,0.52,0.522,0.516,0.523,0.504,0.517,0.465,0.477,
0.814,0.543,0.491,0.513,0.524,0.488,0.532,0.555,0.493,0.481,
0.936,0.731,0.706,0.671,0.69,0.67,0.721,0.691,0.636,0.685,
1.0,0.69,0.682,0.66,0.646,0.616,0.673,0.673,0.674,0.629,
0.921,0.667,0.618,0.528,0.532,0.581,0.571,0.577,0.586,0.517,
1.0,0.77,0.767,0.774,0.709,0.755,0.77,0.766,0.744,0.744,
1.0,0.732,0.69,0.685,0.678,0.648,0.655,0.705,0.72,0.717,
1.0,0.609,0.579,0.536,0.506,0.598,0.539,0.544,0.569,0.549,
0.885,0.606,0.568,0.656,0.567,0.589,0.605,0.592,0.558,0.549,
1.0,0.825,0.769,0.8,0.856,0.806,0.837,0.851,0.735,0.816,
1.0,0.637,0.665,0.583,0.589,0.642,0.599,0.624,0.626,0.675,
1.0,0.605,0.549,0.552,0.498,0.491,0.534,0.548,0.544,0.561,
0.812,0.525,0.541,0.491,0.474,0.481,0.479,0.458,0.534,0.46,
0.769,0.56,0.564,0.534,0.512,0.507,0.527,0.495,0.515,0.464,
0.846,0.591,0.514,0.475,0.516,0.502,0.535,0.48,0.533,0.584,
0.869,0.562,0.471,0.527,0.502,0.502,0.488,0.513,0.469,0.48,
1.0,0.67,0.717,0.704,0.73,0.719,0.671,0.697,0.718,0.719,
1.0,0.553,0.501,0.505,0.474,0.513,0.538,0.523,0.512,0.49,
0.886,0.525,0.488,0.462,0.436,0.456,0.438,0.476,0.439,0.429,
1.0,0.672,0.691,0.672,0.664,0.618,0.671,0.651,0.734,0.708,
1.0,0.626,0.674,0.712,0.656,0.716,0.706,0.722,0.748,0.758,
1.0,0.605,0.584,0.604,0.528,0.587,0.549,0.571,0.512,0.569,
0.885,0.532,0.483,0.473,0.489,0.468,0.46,0.476,0.456,0.506,
1.0,0.644,0.635,0.618,0.649,0.675,0.641,0.631,0.619,0.647,
1.0,0.561,0.597,0.533,0.501,0.56,0.554,0.549,0.516,0.528,
0.879,0.614,0.582,0.533,0.488,0.56,0.553,0.574,0.555,0.541,
0.974,0.729,0.673,0.701,0.663,0.714,0.627,0.643,0.69,0.674,
1.0,0.676,0.616,0.576,0.666,0.65,0.624,0.641,0.605,0.672,
1.0,0.69,0.713,0.631,0.618,0.665,0.664,0.658,0.619,0.622,
1.0,0.525,0.508,0.47,0.491,0.477,0.518,0.527,0.527,0.508,
1.0,0.655,0.608,0.529,0.588,0.627,0.552,0.581,0.584,0.55,
0.797,0.511,0.487,0.455,0.471,0.455,0.451,0.467,0.455,0.421,
1.0,0.685,0.65,0.654,0.65,0.704,0.655,0.639,0.651,0.681,
1.0,0.661,0.654,0.564,0.606,0.586,0.596,0.607,0.622,0.578,
0.86,0.543,0.49,0.478,0.459,0.434,0.461,0.461,0.463,0.486,
0.844,0.572,0.512,0.571,0.522,0.527,0.564,0.556,0.562,0.503,
0.806,0.473,0.511,0.459,0.463,0.438,0.467,0.48,0.465,0.462,
1.0,0.493,0.494,0.473,0.461,0.478,0.509,0.438,0.506,0.501,
1.0,0.596,0.532,0.505,0.525,0.503,0.503,0.515,0.541,0.539,
0.896,0.555,0.536,0.507,0.448,0.513,0.508,0.518,0.517,0.539,
1.0,0.744,0.71,0.636,0.731,0.658,0.754,0.749,0.734,0.71,
1.0,0.544,0.527,0.534,0.478,0.513,0.501,0.481,0.481,0.524,
0.842,0.618,0.603,0.586,0.528,0.533,0.542,0.531,0.536,0.518,
1.0,0.773,0.734,0.739,0.719,0.7,0.688,0.737,0.672,0.705,
1.0,0.654,0.617,0.676,0.633,0.649,0.615,0.652,0.628,0.607,
0.885,0.614,0.517,0.565,0.588,0.552,0.555,0.466,0.575,0.558,
1.0,0.672,0.68,0.693,0.659,0.689,0.652,0.667,0.723,0.672,
1.0,0.667,0.621,0.631,0.67,0.646,0.63,0.658,0.611,0.632,
0.857,0.608,0.551,0.516,0.521,0.553,0.529,0.532,0.542,0.553,
1.0,0.676,0.686,0.655,0.666,0.667,0.633,0.639,0.654,0.663,
1.0,0.626,0.668,0.628,0.63,0.602,0.628,0.643,0.642,0.649,
1.0,0.715,0.669,0.642,0.686,0.67,0.648,0.682,0.643,0.619,
0.853,0.573,0.565,0.491,0.522,0.535,0.502,0.516,0.495,0.544,
0.948,0.634,0.518,0.54,0.53,0.55,0.48,0.542,0.614,0.581,
1.0,0.645,0.579,0.525,0.535,0.519,0.577,0.546,0.57,0.548,
1.0,0.59,0.583,0.568,0.586,0.569,0.533,0.575,0.537,0.483,
0.957,0.612,0.547,0.515,0.584,0.524,0.542,0.552,0.602,0.557,
1.0,0.769,0.802,0.787,0.743,0.716,0.748,0.746,0.716,0.694,
0.973,0.655,0.673,0.676,0.706,0.731,0.68,0.647,0.694,0.661,
1.0,0.659,0.653,0.679,0.608,0.62,0.554,0.578,0.595,0.57,
0.952,0.67,0.543,0.526,0.606,0.575,0.559,0.566,0.632,0.565,
1.0,0.562,0.556,0.509,0.521,0.473,0.501,0.54,0.509,0.52,
0.832,0.624,0.538,0.538,0.567,0.527,0.56,0.539,0.552,0.52,
1.0,0.671,0.674,0.626,0.622,0.655,0.647,0.672,0.654,0.654,
1.0,0.601,0.522,0.519,0.535,0.594,0.564,0.575,0.576,0.61,
0.755,0.527,0.515,0.461,0.516,0.541,0.467,0.511,0.504,0.508,
0.915,0.543,0.505,0.523,0.492,0.493,0.491,0.525,0.51,0.504,
1.0,0.543,0.605,0.576,0.51,0.554,0.521,0.565,0.529,0.58,
1.0,0.74,0.687,0.654,0.626,0.601,0.649,0.598,0.648,0.641,
0.802,0.56,0.483,0.458,0.487,0.489,0.438,0.531,0.494,0.515,
1.0,0.674,0.664,0.699,0.677,0.665,0.654,0.676,0.66,0.669,
1.0,0.735,0.722,0.693,0.718,0.659,0.708,0.663,0.707,0.657,
0.928,0.604,0.599,0.606,0.567,0.5,0.58,0.521,0.591,0.582,
0.821,0.476,0.547,0.462,0.44,0.451,0.427,0.428,0.483,0.48,
0.945,0.661,0.707,0.656,0.667,0.641,0.721,0.69,0.628,0.673,
1.0,0.594,0.637,0.556,0.53,0.547,0.541,0.533,0.546,0.592,
1.0,0.685,0.687,0.634,0.638,0.64,0.671,0.605,0.624,0.619,
1.0,0.832,0.792,0.77,0.765,0.781,0.86,0.841,0.831,0.805,
1.0,0.568,0.52,0.533,0.544,0.49,0.536,0.505,0.498,0.51,
0.799,0.603,0.583,0.521,0.589,0.483,0.549,0.557,0.5,0.546,
1.0,0.828,0.777,0.811,0.782,0.817,0.822,0.795,0.809,0.787,
1.0,0.673,0.663,0.664,0.715,0.678,0.641,0.7,0.733,0.706,
1.0,0.679,0.705,0.649,0.651,0.668,0.628,0.624,0.664,0.655,
0.891,0.562,0.584,0.539,0.574,0.529,0.563,0.584,0.56,0.54,
1.0,0.731,0.812,0.758,0.838,0.739,0.797,0.741,0.762,0.777,
1.0,0.722,0.732,0.676,0.693,0.731,0.66,0.682,0.724,0.668,
0.804,0.614,0.508,0.52,0.503,0.542,0.577,0.584,0.567,0.535,
0.802,0.579,0.579,0.564,0.548,0.586,0.554,0.564,0.538,0.532,
1.0,0.764,0.747,0.774,0.793,0.734,0.828,0.755,0.777,0.713,
1.0,0.653,0.692,0.673,0.693,0.655,0.672,0.626,0.676,0.693,
1.0,0.56,0.565,0.533,0.547,0.511,0.549,0.512,0.521,0.472,
0.794,0.556,0.508,0.502,0.544,0.518,0.498,0.501,0.497,0.546,
1.0,0.804,0.85,0.819,0.797,0.741,0.752,0.831,0.824,0.843,
0.845,0.641,0.616,0.577,0.601,0.575,0.559,0.581,0.613,0.591,
1.0,0.61,0.581,0.555,0.566,0.532,0.523,0.526,0.51,0.522,
1.0,0.533,0.55,0.506,0.584,0.536,0.499,0.473,0.528,0.553,
0.82,0.557,0.562,0.544,0.561,0.559,0.484,0.466,0.522,0.517,
1.0,0.721,0.777,0.748,0.764,0.728,0.76,0.695,0.698,0.697,
1.0,0.777,0.781,0.79,0.747,0.785,0.742,0.755,0.734,0.792,
0.898,0.63,0.603,0.611,0.62,0.608,0.571,0.612,0.59,0.627,
0.842,0.534,0.484,0.528,0.492,0.513,0.503,0.503,0.48,0.472,
0.944,0.721,0.715,0.758,0.761,0.72,0.763,0.767,0.771,0.776,
1.0,0.657,0.585,0.621,0.599,0.594,0.557,0.584,0.619,0.584,
1.0,0.613,0.634,0.586,0.602,0.575,0.611,0.659,0.623,0.596,
1.0,0.735,0.758,0.721,0.749,0.744,0.763,0.795,0.762,0.665,
1.0,0.812,0.789,0.734,0.769,0.777,0.831,0.853,0.837,0.811,
1.0,0.673,0.624,0.609,0.672,0.627,0.673,0.634,0.607,0.584,
0.879,0.58,0.531,0.538,0.537,0.588,0.56,0.584,0.562,0.575,
0.84,0.655,0.604,0.593,0.621,0.588,0.586,0.603,0.591,0.59,
1.0,0.633,0.537,0.503,0.569,0.518,0.533,0.483,0.499,0.499,
1.0,0.748,0.729,0.66,0.694,0.748,0.743,0.664,0.725,0.703,
0.957,0.755,0.688,0.687,0.756,0.763,0.699,0.739,0.708,0.718,
1.0,0.648,0.669,0.65,0.671,0.66,0.689,0.683,0.629,0.665,
1.0,0.609,0.672,0.614,0.568,0.563,0.578,0.582,0.557,0.633,
0.83,0.61,0.551,0.565,0.547,0.546,0.554,0.542,0.526,0.52,
1.0,0.727,0.738,0.722,0.676,0.688,0.74,0.699,0.69,0.706,
1.0,0.685,0.595,0.564,0.597,0.625,0.627,0.597,0.568,0.6,
0.729,0.542,0.52,0.536,0.492,0.442,0.472,0.493,0.515,0.502,
1.0,0.753,0.742,0.75,0.763,0.744,0.713,0.75,0.731,0.706,
1.0,0.605,0.688,0.62,0.601,0.64,0.614,0.616,0.63,0.605,
1.0,0.533,0.503,0.466,0.506,0.481,0.509,0.507,0.527,0.478,
0.865,0.549,0.535,0.537,0.499,0.498,0.484,0.522,0.501,0.496,
1.0,0.738,0.725,0.728,0.728,0.722,0.758,0.739,0.793,0.689,
0.996,0.722,0.711,0.732,0.775,0.764,0.681,0.717,0.696,0.716,
1.0,0.654,0.543,0.642,0.577,0.642,0.595,0.55,0.605,0.56,
1.0,0.657,0.632,0.59,0.599,0.626,0.563,0.577,0.594,0.598,
0.88,0.582,0.615,0.547,0.577,0.574,0.622,0.531,0.572,0.588,
0.878,0.578,0.489,0.51,0.553,0.549,0.587,0.56,0.515,0.551,
1.0,0.686,0.646,0.61,0.598,0.604,0.685,0.662,0.641,0.624,
1.0,0.645,0.705,0.592,0.618,0.583,0.686,0.647,0.646,0.623,
0.791,0.597,0.562,0.505,0.537,0.518,0.585,0.561,0.563,0.541,
0.975,0.616,0.573,0.514,0.548,0.543,0.56,0.537,0.594,0.556,
1.0,0.733,0.759,0.756,0.704,0.739,0.723,0.673,0.735,0.775,
1.0,0.639,0.599,0.586,0.611,0.638,0.596,0.601,0.618,0.641,
0.836,0.485,0.436,0.486,0.48,0.47,0.449,0.505,0.473,0.484,
1.0,0.732,0.739,0.681,0.714,0.72,0.724,0.752,0.725,0.739,
0.939,0.783,0.773,0.741,0.712,0.708,0.732,0.696,0.72,0.705,
0.902,0.564,0.478,0.497,0.553,0.595,0.617,0.522,0.563,0.542,
0.901,0.532,0.565,0.526,0.47,0.451,0.523,0.511,0.513,0.518,
0.834,0.583,0.598,0.599,0.587,0.564,0.538,0.555,0.603,0.575,
1.0,0.679,0.686,0.631,0.585,0.666,0.649,0.667,0.685,0.617,
1.0,0.675,0.648,0.656,0.673,0.629,0.603,0.668,0.672,0.663,
1.0,0.729,0.741,0.697,0.701,0.73,0.733,0.71,0.698,0.739,
1.0,0.674,0.644,0.651,0.565,0.636,0.603,0.627,0.624,0.621,
0.83,0.566,0.508,0.511,0.535,0.491,0.463,0.497,0.512,0.502,
0.981,0.708,0.72,0.707,0.676,0.719,0.705,0.72,0.668,0.728,
0.998,0.704,0.661,0.7,0.635,0.665,0.641,0.574,0.641,0.679,
1.0,0.591,0.583,0.541,0.559,0.506,0.51,0.516,0.523,0.506,
0.925,0.554,0.527,0.522,0.507,0.585,0.525,0.489,0.547,0.499,
1.0,0.758,0.708,0.738,0.753,0.726,0.751,0.695,0.679,0.696,
1.0,0.738,0.764,0.744,0.716,0.784,0.754,0.681,0.721,0.728,
1.0,0.639,0.655,0.577,0.646,0.548,0.572,0.552,0.562,0.578,
0.838,0.537,0.497,0.532,0.519,0.516,0.504,0.468,0.57,0.581,
1.0,0.66,0.626,0.664,0.668,0.662,0.682,0.629,0.646,0.65,
1.0,0.625,0.569,0.598,0.484,0.588,0.564,0.516,0.527,0.518,
0.855,0.605,0.521,0.541,0.52,0.536,0.542,0.554,0.48,0.551,
0.821,0.582,0.487,0.496,0.52,0.479,0.551,0.489,0.479,0.45,

0.827,0.696,0.663,0.634,0.628,0.627,0.626,0.626,0.626,0.626,
0.875,0.707,0.689,0.688,0.684,0.68,0.679,0.679,0.679,0.678,
1.0,0.619,0.553,0.535,0.533,0.532,0.532,0.532,0.532,0.532,
0.999,0.507,0.432,0.42,0.425,0.439,0.434,0.427,0.431,0.441,
0.846,0.654,0.619,0.618,0.615,0.618,0.615,0.618,0.615,0.618,
1.0,0.594,0.534,0.502,0.506,0.515,0.523,0.533,0.534,0.534,
1.0,0.707,0.657,0.688,0.638,0.659,0.634,0.658,0.633,0.644,
0.927,0.655,0.627,0.607,0.592,0.588,0.587,0.587,0.587,0.587,
1.0,0.525,0.491,0.485,0.477,0.475,0.474,0.474,0.474,0.474,
0.865,0.639,0.572,0.558,0.592,0.583,0.595,0.583,0.595,0.583,
1.0,0.63,0.553,0.541,0.482,0.528,0.543,0.507,0.544,0.508,
1.0,0.674,0.644,0.611,0.622,0.611,0.582,0.559,0.567,0.582,
0.969,0.554,0.492,0.457,0.444,0.445,0.439,0.444,0.436,0.434,
0.836,0.637,0.581,0.57,0.568,0.568,0.564,0.594,0.564,0.588,
0.795,0.61,0.577,0.557,0.567,0.555,0.567,0.553,0.548,0.547,
0.935,0.506,0.464,0.427,0.419,0.417,0.417,0.417,0.411,0.401,
0.986,0.48,0.424,0.409,0.408,0.424,0.422,0.416,0.405,0.403,
0.863,0.693,0.651,0.641,0.636,0.628,0.633,0.627,0.633,0.627,
1.0,0.558,0.521,0.514,0.512,0.512,0.511,0.511,0.511,0.511,
1.0,0.554,0.536,0.506,0.492,0.485,0.479,0.478,0.48,0.48,
0.962,0.543,0.472,0.44,0.438,0.447,0.445,0.446,0.439,0.446,
0.847,0.685,0.658,0.659,0.643,0.635,0.631,0.63,0.626,0.612,
1.0,0.625,0.63,0.595,0.582,0.58,0.58,0.58,0.58,0.58,
0.973,0.506,0.454,0.431,0.425,0.41,0.401,0.4,0.4,0.399,
0.839,0.72,0.671,0.662,0.657,0.658,0.655,0.654,0.652,0.653,
0.929,0.498,0.396,0.349,0.332,0.342,0.343,0.343,0.33,0.341,
0.901,0.453,0.365,0.347,0.345,0.336,0.334,0.333,0.333,0.333,
0.723,0.495,0.587,0.612,0.628,0.616,0.609,0.608,0.608,0.612,
1.0,0.549,0.499,0.477,0.472,0.461,0.457,0.454,0.453,0.452,
1.0,0.482,0.394,0.381,0.379,0.378,0.378,0.378,0.378,0.378,
0.773,0.582,0.583,0.558,0.499,0.517,0.521,0.529,0.523,0.522,
0.849,0.71,0.686,0.669,0.665,0.664,0.664,0.664,0.664,0.664,
1.0,0.64,0.553,0.535,0.53,0.53,0.53,0.53,0.53,0.53,
0.969,0.496,0.417,0.399,0.377,0.374,0.387,0.389,0.366,0.379,
0.916,0.544,0.542,0.52,0.521,0.517,0.507,0.499,0.498,0.497,
1.0,0.613,0.608,0.618,0.62,0.608,0.578,0.565,0.561,0.56,
1.0,0.567,0.541,0.506,0.508,0.507,0.507,0.507,0.507,0.507,
0.952,0.579,0.502,0.462,0.469,0.467,0.467,0.47,0.465,0.465,
0.847,0.68,0.654,0.646,0.644,0.643,0.643,0.643,0.643,0.643,
0.776,0.467,0.522,0.54,0.552,0.552,0.552,0.552,0.552,0.552,
1.0,0.605,0.551,0.533,0.531,0.53,0.53,0.53,0.53,0.53,
1.0,0.575,0.552,0.604,0.505,0.497,0.491,0.489,0.489,0.51,
1.0,0.619,0.607,0.593,0.582,0.522,0.508,0.512,0.496,0.497,
1.0,0.528,0.437,0.414,0.425,0.413,0.425,0.424,0.417,0.425,
0.807,0.699,0.655,0.647,0.635,0.635,0.625,0.613,0.61,0.609,
1.0,0.583,0.556,0.597,0.58,0.606,0.633,0.589,0.609,0.584,
0.889,0.46,0.402,0.378,0.375,0.371,0.37,0.37,0.37,0.37,
0.965,0.479,0.441,0.391,0.363,0.391,0.381,0.396,0.393,0.403,
1.0,0.568,0.45,0.475,0.425,0.463,0.423,0.457,0.414,0.451,
1.0,0.701,0.622,0.603,0.597,0.596,0.595,0.595,0.595,0.595,
0.995,0.487,0.4,0.385,0.373,0.363,0.369,0.374,0.384,0.358,
0.885,0.668,0.658,0.658,0.644,0.64,0.639,0.639,0.639,0.639,
1.0,0.533,0.455,0.46,0.481,0.484,0.461,0.445,0.435,0.455,
0.88,0.491,0.443,0.412,0.403,0.402,0.401,0.401,0.401,0.401,
0.961,0.503,0.446,0.432,0.419,0.427,0.42,0.427,0.418,0.427,
0.765,0.595,0.527,0.526,0.515,0.518,0.524,0.525,0.523,0.523,
0.992,0.567,0.482,0.472,0.453,0.456,0.446,0.444,0.443,0.443,
0.795,0.587,0.566,0.561,0.546,0.541,0.54,0.54,0.54,0.54,
0.858,0.706,0.665,0.636,0.631,0.63,0.629,0.629,0.629,0.629,
0.921,0.465,0.384,0.366,0.354,0.36,0.366,0.356,0.354,0.366,
1.0,0.538,0.449,0.424,0.418,0.422,0.443,0.426,0.422,0.421,
0.825,0.622,0.604,0.573,0.577,0.579,0.58,0.58,0.58,0.58,
0.779,0.594,0.549,0.565,0.559,0.547,0.542,0.541,0.54,0.54,
1.0,0.614,0.588,0.591,0.583,0.577,0.576,0.575,0.575,0.575,
0.899,0.477,0.391,0.362,0.356,0.358,0.359,0.363,0.359,0.356,
0.79,0.64,0.603,0.59,0.591,0.586,0.59,0.585,0.59,0.586,
1.0,0.677,0.599,0.597,0.632,0.602,0.569,0.572,0.61,0.573,
1.0,0.553,0.477,0.467,0.465,0.465,0.465,0.465,0.465,0.465,
0.93,0.825,0.776,0.824,0.861,0.804,0.795,0.788,0.776,0.759,
0.815,0.615,0.612,0.592,0.588,0.587,0.587,0.574,0.586,0.574,
0.847,0.611,0.624,0.606,0.596,0.609,0.608,0.608,0.607,0.608,
0.984,0.518,0.45,0.428,0.424,0.434,0.449,0.459,0.44,0.435,
1.0,0.686,0.661,0.612,0.593,0.589,0.597,0.6,0.601,0.602,
0.923,0.489,0.44,0.415,0.403,0.393,0.391,0.393,0.398,0.401,
0.89,0.714,0.692,0.678,0.675,0.668,0.666,0.665,0.665,0.665,
1.0,0.576,0.554,0.553,0.538,0.539,0.53,0.527,0.527,0.527,
0.98,0.518,0.427,0.407,0.383,0.377,0.375,0.374,0.374,0.374,
1.0,0.501,0.44,0.423,0.415,0.403,0.4,0.4,0.4,0.4,
0.838,0.714,0.698,0.697,0.685,0.678,0.677,0.677,0.677,0.677,
1.0,0.538,0.525,0.477,0.451,0.444,0.436,0.435,0.435,0.435,
1.0,0.588,0.516,0.495,0.499,0.492,0.498,0.492,0.498,0.492,
0.75,0.608,0.569,0.548,0.565,0.589,0.548,0.53,0.518,0.566,
0.859,0.635,0.589,0.605,0.572,0.564,0.563,0.59,0.56,0.558,
1.0,0.555,0.53,0.496,0.489,0.487,0.487,0.487,0.487,0.487,
1.0,0.465,0.385,0.353,0.357,0.351,0.349,0.345,0.345,0.344,
0.959,0.536,0.453,0.413,0.442,0.422,0.426,0.408,0.408,0.409,
0.775,0.575,0.551,0.539,0.535,0.547,0.556,0.54,0.538,0.536,
1.0,0.695,0.611,0.602,0.583,0.56,0.554,0.553,0.553,0.553,
0.846,0.723,0.694,0.686,0.685,0.685,0.685,0.685,0.685,0.685,
0.814,0.663,0.633,0.613,0.61,0.608,0.608,0.608,0.608,0.608,
0.941,0.524,0.44,0.415,0.435,0.416,0.425,0.414,0.424,0.414,
0.962,0.463,0.396,0.366,0.36,0.362,0.362,0.36,0.361,0.36,
0.841,0.639,0.619,0.595,0.6,0.619,0.618,0.611,0.594,0.592,
1.0,0.632,0.559,0.528,0.515,0.512,0.512,0.511,0.511,0.511,
1.0,0.523,0.462,0.422,0.413,0.408,0.403,0.409,0.411,0.413,
0.821,0.636,0.59,0.595,0.594,0.593,0.593,0.575,0.566,0.563,
1.0,0.593,0.55,0.554,0.557,0.53,0.552,0.511,0.492,0.488,
1.0,0.555,0.512,0.455,0.489,0.495,0.497,0.496,0.495,0.495,
0.915,0.484,0.407,0.376,0.376,0.367,0.373,0.367,0.373,0.367,
0.947,0.523,0.444,0.421,0.405,0.368,0.355,0.353,0.352,0.352,
0.83,0.676,0.618,0.583,0.6,0.607,0.598,0.608,0.595,0.589,
1.0,0.65,0.617,0.623,0.58,0.567,0.565,0.565,0.565,0.565,
0.98,0.53,0.441,0.416,0.423,0.418,0.421,0.409,0.407,0.393,
0.779,0.593,0.563,0.544,0.54,0.539,0.539,0.539,0.539,0.539,
0.91,0.531,0.445,0.442,0.423,0.416,0.415,0.414,0.415,0.414,
1.0,0.545,0.441,0.41,0.393,0.38,0.414,0.395,0.389,0.405,
1.0,0.719,0.645,0.623,0.612,0.616,0.615,0.61,0.609,0.612,
1.0,0.699,0.602,0.578,0.572,0.579,0.556,0.575,0.554,0.587,
0.903,0.524,0.465,0.429,0.429,0.423,0.421,0.42,0.42,0.42,
0.829,0.641,0.597,0.575,0.568,0.566,0.55,0.547,0.546,0.546,
1.0,0.686,0.611,0.549,0.59,0.539,0.583,0.576,0.563,0.52,
0.901,0.506,0.456,0.423,0.394,0.389,0.391,0.387,0.387,0.386,
0.783,0.63,0.646,0.638,0.637,0.635,0.616,0.611,0.61,0.61,
1.0,0.628,0.557,0.492,0.458,0.449,0.463,0.45,0.447,0.446,
0.981,0.527,0.477,0.464,0.46,0.459,0.459,0.459,0.462,0.461,
0.955,0.477,0.394,0.369,0.363,0.362,0.362,0.362,0.362,0.362,
0.823,0.627,0.626,0.609,0.608,0.608,0.608,0.612,0.611,0.612,
1.0,0.665,0.54,0.549,0.511,0.53,0.508,0.525,0.506,0.525,
1.0,0.616,0.536,0.535,0.522,0.516,0.514,0.514,0.514,0.514,
0.917,0.533,0.444,0.399,0.409,0.4,0.406,0.401,0.4,0.395,
0.935,0.474,0.44,0.439,0.429,0.413,0.406,0.409,0.408,0.405,
0.933,0.549,0.473,0.453,0.451,0.449,0.448,0.448,0.45,0.446,
0.889,0.501,0.428,0.387,0.373,0.389,0.38,0.378,0.366,0.363,
0.815,0.662,0.603,0.582,0.578,0.577,0.577,0.577,0.577,0.577,
1.0,0.728,0.632,0.646,0.64,0.63,0.622,0.621,0.621,0.621,
0.943,0.518,0.462,0.42,0.397,0.391,0.389,0.388,0.395,0.39,
0.948,0.638,0.606,0.544,0.531,0.528,0.527,0.527,0.527,0.527,
0.802,0.679,0.669,0.661,0.647,0.652,0.634,0.628,0.608,0.603,
1.0,0.577,0.517,0.512,0.491,0.482,0.478,0.477,0.476,0.476,
1.0,0.521,0.459,0.445,0.416,0.386,0.383,0.381,0.381,0.381,
0.863,0.741,0.719,0.702,0.692,0.7,0.691,0.714,0.716,0.716,
1.0,0.706,0.617,0.591,0.603,0.608,0.601,0.609,0.61,0.603,
1.0,0.469,0.397,0.389,0.383,0.381,0.381,0.381,0.381,0.381,
0.805,0.593,0.58,0.574,0.57,0.572,0.57,0.572,0.57,0.572,
0.735,0.564,0.593,0.541,0.534,0.523,0.515,0.52,0.508,0.522,
0.754,0.588,0.569,0.544,0.54,0.545,0.542,0.541,0.541,0.541,
1.0,0.584,0.538,0.537,0.539,0.539,0.529,0.533,0.528,0.525,
1.0,0.65,0.566,0.567,0.475,0.516,0.524,0.524,0.524,0.524,
0.898,0.5,0.434,0.402,0.412,0.423,0.441,0.424,0.42,0.42,
0.87,0.639,0.593,0.578,0.571,0.569,0.57,0.568,0.569,0.568,
1.0,0.578,0.515,0.512,0.495,0.487,0.449,0.454,0.483,0.476,
0.942,0.46,0.411,0.384,0.374,0.372,0.389,0.381,0.375,0.369,
0.909,0.443,0.372,0.322,0.324,0.306,0.3,0.298,0.298,0.298,
0.88,0.683,0.632,0.62,0.618,0.617,0.617,0.617,0.617,0.617,
1.0,0.686,0.641,0.626,0.633,0.618,0.609,0.607,0.607,0.607,
1.0,0.597,0.603,0.574,0.57,0.569,0.553,0.568,0.552,0.547,
0.942,0.502,0.43,0.409,0.406,0.412,0.441,0.435,0.417,0.397,
0.894,0.713,0.64,0.622,0.617,0.616,0.615,0.615,0.615,0.615,
1.0,0.655,0.606,0.585,0.554,0.547,0.546,0.545,0.545,0.545,
1.0,0.495,0.404,0.399,0.395,0.394,0.394,0.394,0.394,0.394,
0.887,0.647,0.596,0.575,0.573,0.572,0.57,0.57,0.57,0.57,
0.74,0.395,0.488,0.514,0.532,0.534,0.534,0.534,0.534,0.534,
0.811,0.672,0.605,0.59,0.577,0.59,0.585,0.582,0.57,0.577,
0.72,0.523,0.599,0.561,0.574,0.591,0.575,0.572,0.571,0.571,
0.886,0.725,0.7,0.705,0.676,0.697,0.67,0.688,0.659,0.645,
1.0,0.61,0.539,0.479,0.454,0.495,0.52,0.471,0.452,0.495,
0.969,0.495,0.414,0.384,0.371,0.372,0.379,0.377,0.379,0.388,
1.0,0.6,0.504,0.519,0.513,0.494,0.49,0.489,0.489,0.489,
1.0,0.689,0.6,0.611,0.597,0.565,0.552,0.552,0.547,0.546,
1.0,0.641,0.564,0.522,0.509,0.524,0.5,0.495,0.493,0.493,
0.793,0.623,0.59,0.577,0.572,0.571,0.571,0.571,0.571,0.571,
0.753,0.652,0.648,0.647,0.646,0.646,0.646,0.646,0.646,0.646,
1.0,0.57,0.503,0.491,0.489,0.493,0.478,0.473,0.472,0.472,
0.877,0.542,0.458,0.424,0.416,0.397,0.398,0.388,0.383,0.382,
0.806,0.613,0.583,0.554,0.548,0.547,0.547,0.553,0.548,0.547,
1.0,0.588,0.556,0.501,0.554,0.502,0.541,0.497,0.552,0.495,
1.0,0.65,0.605,0.584,0.58,0.567,0.561,0.56,0.56,0.56,
0.954,0.537,0.451,0.441,0.42,0.423,0.421,0.429,0.434,0.433,
0.923,0.469,0.389,0.37,0.374,0.369,0.365,0.362,0.361,0.364,
0.98,0.523,0.445,0.419,0.415,0.412,0.412,0.412,0.412,0.412,
1.0,0.539,0.469,0.445,0.441,0.44,0.439,0.439,0.439,0.439,
1.0,0.714,0.666,0.612,0.59,0.573,0.574,0.568,0.57,0.567,
0.944,0.492,0.415,0.397,0.393,0.39,0.39,0.39,0.39,0.39,
0.818,0.656,0.635,0.625,0.622,0.641,0.641,0.642,0.641,0.642,
0.78,0.615,0.556,0.581,0.584,0.584,0.584,0.584,0.589,0.596,
1.0,0.659,0.605,0.503,0.504,0.506,0.511,0.506,0.505,0.504,
0.946,0.499,0.44,0.414,0.396,0.387,0.385,0.384,0.384,0.384,
0.91,0.492,0.435,0.432,0.436,0.464,0.456,0.426,0.434,0.422,
0.727,0.644,0.62,0.624,0.615,0.613,0.613,0.613,0.613,0.613,
1.0,0.791,0.704,0.682,0.69,0.662,0.654,0.653,0.652,0.652,
1.0,0.491,0.401,0.384,0.375,0.378,0.376,0.375,0.375,0.374,
0.82,0.673,0.664,0.657,0.644,0.649,0.649,0.648,0.648,0.648,
1.0,0.594,0.562,0.563,0.584,0.584,0.588,0.585,0.584,0.584,
0.913,0.471,0.406,0.405,0.403,0.396,0.411,0.401,0.397,0.397,
0.773,0.594,0.552,0.532,0.53,0.526,0.525,0.525,0.525,0.525,
1.0,0.627,0.529,0.485,0.484,0.476,0.475,0.475,0.475,0.475,
0.981,0.559,0.464,0.42,0.417,0.409,0.4,0.39,0.387,0.386,
0.951,0.729,0.694,0.682,0.669,0.665,0.664,0.664,0.664,0.664,
1.0,0.721,0.613,0.583,0.578,0.577,0.576,0.576,0.576,0.576,
1.0,0.67,0.582,0.554,0.555,0.558,0.559,0.559,0.559,0.559,
1.0,0.502,0.406,0.393,0.392,0.391,0.391,0.391,0.391,0.391,
1.0,0.774,0.708,0.686,0.679,0.678,0.677,0.677,0.677,0.677,
0.801,0.49,0.505,0.536,0.549,0.55,0.568,0.562,0.551,0.547,
1.0,0.469,0.424,0.391,0.393,0.395,0.382,0.391,0.395,0.394,
1.0,0.497,0.416,0.393,0.382,0.38,0.397,0.397,0.397,0.384,
0.834,0.675,0.629,0.608,0.597,0.595,0.594,0.587,0.585,0.594,
1.0,0.619,0.547,0.532,0.529,0.528,0.528,0.536,0.532,0.531,
1.0,0.612,0.536,0.536,0.536,0.531,0.517,0.513,0.512,0.512,
0.97,0.47,0.37,0.332,0.323,0.327,0.308,0.303,0.302,0.302,
0.733,0.615,0.598,0.58,0.565,0.557,0.555,0.555,0.555,0.555,
0.96,0.515,0.441,0.408,0.404,0.392,0.397,0.402,0.378,0.359,
1.0,0.568,0.505,0.467,0.456,0.454,0.453,0.453,0.453,0.453,
1.0,0.58,0.537,0.527,0.522,0.521,0.521,0.521,0.521,0.521,
0.968,0.581,0.479,0.459,0.452,0.444,0.443,0.442,0.442,0.442,
0.825,0.681,0.662,0.654,0.652,0.615,0.634,0.622,0.614,0.608,
1.0,0.622,0.614,0.578,0.596,0.574,0.564,0.563,0.582,0.575,
1.0,0.567,0.471,0.444,0.419,0.408,0.417,0.421,0.413,0.437,
1.0,0.476,0.445,0.409,0.43,0.404,0.42,0.398,0.392,0.391,
0.894,0.731,0.72,0.716,0.708,0.684,0.672,0.67,0.669,0.669,
1.0,0.587,0.595,0.56,0.543,0.54,0.54,0.54,0.54,0.54,
1.0,0.606,0.552,0.532,0.532,0.53,0.531,0.528,0.528,0.527,
0.795,0.662,0.651,0.642,0.625,0.641,0.626,0.619,0.617,0.617,
0.803,0.63,0.631,0.622,0.621,0.621,0.621,0.621,0.621,0.621,
1.0,0.658,0.599,0.565,0.56,0.559,0.559,0.559,0.559,0.559,
1.0,0.554,0.469,0.446,0.433,0.43,0.435,0.43,0.429,0.429,
0.983,0.492,0.419,0.395,0.378,0.375,0.374,0.374,0.374,0.374,
0.903,0.5,0.436,0.406,0.409,0.406,0.407,0.401,0.406,0.401,
0.803,0.596,0.624,0.617,0.62,0.608,0.612,0.613,0.615,0.615,
0.813,0.667,0.638,0.63,0.628,0.628,0.628,0.628,0.628,0.628,
0.875,0.642,0.637,0.638,0.626,0.626,0.627,0.627,0.627,0.627,
1.0,0.54,0.517,0.502,0.5,0.485,0.48,0.473,0.47,0.469,
0.932,0.507,0.396,0.37,0.357,0.37,0.377,0.375,0.381,0.374,
0.79,0.64,0.63,0.625,0.599,0.612,0.599,0.612,0.599,0.612,
1.0,0.63,0.597,0.559,0.528,0.506,0.5,0.498,0.498,0.498,
0.95,0.497,0.445,0.412,0.404,0.411,0.406,0.408,0.401,0.401,
0.871,0.665,0.625,0.621,0.631,0.632,0.627,0.626,0.626,0.625,
1.0,0.659,0.554,0.528,0.528,0.524,0.538,0.537,0.55,0.537,
1.0,0.632,0.568,0.621,0.573,0.572,0.566,0.565,0.564,0.564,
0.92,0.537,0.471,0.455,0.455,0.453,0.443,0.451,0.45,0.45,
0.944,0.66,0.608,0.592,0.6,0.567,0.58,0.561,0.579,0.56,
0.811,0.606,0.562,0.545,0.542,0.541,0.541,0.541,0.541,0.541,
1.0,0.704,0.597,0.62,0.635,0.601,0.613,0.611,0.591,0.61,
1.0,0.626,0.605,0.569,0.554,0.554,0.546,0.527,0.541,0.526,
0.925,0.494,0.44,0.437,0.394,0.386,0.385,0.384,0.384,0.384,
1.0,0.496,0.411,0.389,0.382,0.381,0.381,0.381,0.381,0.381,
1.0,0.575,0.558,0.528,0.51,0.529,0.533,0.533,0.528,0.534,
1.0,0.636,0.589,0.58,0.57,0.569,0.569,0.569,0.569,0.569,
0.925,0.49,0.436,0.408,0.396,0.406,0.4,0.413,0.409,0.403,
1.0,0.485,0.386,0.368,0.354,0.35,0.35,0.35,0.35,0.35,
0.859,0.608,0.591,0.563,0.567,0.56,0.566,0.559,0.566,0.559,
1.0,0.673,0.62,0.582,0.567,0.567,0.567,0.511,0.552,0.555,
1.0,0.576,0.466,0.472,0.45,0.457,0.446,0.455,0.449,0.447,
0.863,0.674,0.624,0.614,0.612,0.611,0.611,0.611,0.611,0.611,
0.745,0.61,0.555,0.535,0.532,0.53,0.53,0.53,0.53,0.53,
0.903,0.448,0.385,0.37,0.357,0.354,0.35,0.339,0.341,0.338,
0.982,0.533,0.478,0.441,0.47,0.448,0.451,0.473,0.477,0.477,
1.0,0.516,0.474,0.441,0.431,0.432,0.428,0.431,0.428,0.431,
1.0,0.672,0.643,0.616,0.609,0.604,0.604,0.604,0.603,0.603,
0.901,0.688,0.669,0.667,0.614,0.609,0.607,0.607,0.607,0.607,
0.713,0.574,0.555,0.515,0.521,0.524,0.506,0.54,0.534,0.512,
0.928,0.482,0.445,0.401,0.415,0.392,0.381,0.381,0.366,0.368,
1.0,0.492,0.457,0.433,0.421,0.422,0.424,0.424,0.425,0.425,
0.824,0.666,0.639,0.624,0.621,0.62,0.617,0.631,0.622,0.618,
1.0,0.576,0.522,0.486,0.471,0.467,0.466,0.466,0.466,0.466,
1.0,0.618,0.579,0.519,0.515,0.48,0.498,0.492,0.493,0.494,
1.0,0.484,0.426,0.416,0.41,0.429,0.432,0.432,0.422,0.415,
0.831,0.71,0.663,0.653,0.651,0.651,0.651,0.651,0.651,0.651,
0.819,0.694,0.645,0.627,0.629,0.617,0.614,0.614,0.614,0.613,
1.0,0.785,0.756,0.756,0.744,0.741,0.741,0.741,0.741,0.741,
0.931,0.459,0.386,0.36,0.336,0.342,0.333,0.338,0.343,0.34,
0.777,0.662,0.637,0.639,0.643,0.638,0.636,0.636,0.636,0.636,
1.0,0.632,0.599,0.597,0.583,0.548,0.554,0.541,0.552,0.54,
0.864,0.505,0.455,0.418,0.427,0.422,0.421,0.421,0.421,0.421,
0.833,0.596,0.703,0.668,0.683,0.666,0.645,0.652,0.68,0.671,
0.974,0.467,0.389,0.373,0.376,0.372,0.368,0.375,0.376,0.373,
0.774,0.621,0.585,0.571,0.568,0.567,0.567,0.567,0.567,0.567,
1.0,0.704,0.641,0.618,0.602,0.605,0.599,0.604,0.599,0.604,
1.0,0.723,0.65,0.637,0.634,0.633,0.633,0.633,0.633,0.633,
1.0,0.534,0.455,0.437,0.426,0.428,0.415,0.409,0.407,0.407,
0.859,0.461,0.527,0.525,0.518,0.517,0.517,0.517,0.517,0.517,
1.0,0.625,0.578,0.575,0.555,0.553,0.546,0.543,0.541,0.54,
1.0,0.586,0.514,0.496,0.481,0.473,0.479,0.484,0.471,0.441,
0.801,0.622,0.592,0.591,0.589,0.588,0.588,0.588,0.588,0.588,
0.765,0.628,0.595,0.587,0.585,0.585,0.585,0.585,0.585,0.585,
1.0,0.667,0.579,0.557,0.619,0.588,0.603,0.574,0.59,0.564,
1.0,0.614,0.562,0.538,0.535,0.535,0.534,0.534,0.534,0.534,
0.888,0.447,0.369,0.374,0.373,0.368,0.358,0.355,0.348,0.346,
0.82,0.524,0.563,0.577,0.575,0.574,0.574,0.574,0.574,0.574,
1.0,0.641,0.568,0.552,0.538,0.538,0.534,0.537,0.534,0.536,
1.0,0.504,0.446,0.427,0.422,0.401,0.43,0.423,0.403,0.397,
1.0,0.633,0.584,0.574,0.574,0.574,0.574,0.574,0.574,0.574,
1.0,0.645,0.582,0.501,0.485,0.481,0.481,0.48,0.48,0.48,
0.816,0.638,0.595,0.587,0.585,0.585,0.584,0.585,0.584,0.585,
0.787,0.654,0.622,0.618,0.615,0.61,0.609,0.609,0.609,0.609,
1.0,0.684,0.522,0.517,0.48,0.489,0.475,0.516,0.474,0.516,
1.0,0.5,0.449,0.421,0.421,0.415,0.417,0.414,0.413,0.413,
1.0,0.508,0.42,0.406,0.391,0.384,0.386,0.384,0.385,0.398,
0.811,0.665,0.623,0.603,0.605,0.594,0.592,0.592,0.592,0.592,
1.0,0.739,0.597,0.646,0.597,0.572,0.567,0.567,0.567,0.567,
1.0,0.702,0.595,0.57,0.564,0.563,0.563,0.563,0.563,0.563,
0.937,0.555,0.471,0.453,0.447,0.436,0.434,0.434,0.434,0.434,
0.78,0.654,0.642,0.65,0.621,0.615,0.614,0.613,0.613,0.613,
1.0,0.623,0.596,0.567,0.557,0.555,0.554,0.554,0.554,0.554,
0.906,0.486,0.422,0.449,0.449,0.42,0.406,0.409,0.437,0.438,
0.883,0.638,0.593,0.565,0.535,0.536,0.529,0.526,0.527,0.532,
1.0,0.678,0.603,0.576,0.555,0.551,0.55,0.55,0.55,0.55,
0.846,0.623,0.59,0.57,0.569,0.56,0.562,0.568,0.567,0.564,
1.0,0.649,0.509,0.53,0.482,0.525,0.481,0.525,0.481,0.525,
0.956,0.559,0.502,0.478,0.464,0.469,0.459,0.456,0.446,0.437,
0.989,0.515,0.464,0.434,0.426,0.425,0.413,0.405,0.404,0.404,
0.657,0.461,0.481,0.481,0.463,0.465,0.469,0.463,0.462,0.462,
1.0,0.598,0.514,0.503,0.511,0.504,0.509,0.493,0.543,0.521,
0.924,0.465,0.402,0.381,0.374,0.372,0.372,0.372,0.372,0.372,
0.854,0.692,0.653,0.646,0.622,0.63,0.607,0.606,0.606,0.606,
1.0,0.663,0.541,0.523,0.52,0.506,0.502,0.501,0.5,0.5,
1.0,0.58,0.552,0.537,0.531,0.536,0.529,0.536,0.529,0.534,
0.907,0.544,0.491,0.484,0.414,0.444,0.501,0.476,0.46,0.46,
0.964,0.464,0.395,0.389,0.392,0.387,0.355,0.346,0.352,0.393,
0.78,0.633,0.595,0.581,0.563,0.571,0.59,0.598,0.569,0.597,
1.0,0.645,0.553,0.576,0.493,0.53,0.556,0.582,0.61,0.62,
1.0,0.558,0.464,0.439,0.431,0.441,0.445,0.44,0.435,0.431,
0.903,0.704,0.645,0.635,0.631,0.587,0.579,0.596,0.584,0.597,
0.969,0.587,0.503,0.464,0.464,0.463,0.46,0.462,0.477,0.432,
0.982,0.687,0.663,0.657,0.648,0.625,0.62,0.619,0.619,0.619,
0.823,0.567,0.575,0.56,0.559,0.559,0.559,0.559,0.559,0.559,
1.0,0.643,0.599,0.55,0.56,0.552,0.546,0.54,0.542,0.539,
0.97,0.529,0.424,0.383,0.382,0.378,0.389,0.377,0.379,0.373,
0.876,0.711,0.64,0.613,0.608,0.6,0.579,0.572,0.571,0.571,
1.0,0.591,0.599,0.612,0.537,0.567,0.541,0.596,0.577,0.527,
1.0,0.637,0.566,0.535,0.545,0.548,0.548,0.548,0.548,0.548,
0.941,0.473,0.398,0.441,0.454,0.403,0.355,0.395,0.387,0.405,
0.835,0.651,0.626,0.635,0.636,0.619,0.614,0.612,0.62,0.633,
0.77,0.462,0.541,0.555,0.555,0.555,0.555,0.555,0.555,0.555,
0.935,0.55,0.481,0.464,0.455,0.454,0.453,0.453,0.453,0.453,
1.0,0.528,0.482,0.436,0.423,0.422,0.413,0.405,0.396,0.394,
1.0,0.717,0.668,0.673,0.68,0.681,0.679,0.672,0.677,0.672,
1.0,0.657,0.531,0.537,0.518,0.559,0.481,0.52,0.476,0.519,
1.0,0.613,0.546,0.531,0.516,0.513,0.493,0.477,0.472,0.471,
1.0,0.533,0.472,0.381,0.355,0.345,0.341,0.34,0.339,0.339,
0.838,0.493,0.441,0.417,0.409,0.408,0.408,0.404,0.394,0.391,
0.853,0.523,0.462,0.419,0.408,0.407,0.407,0.407,0.403,0.414,
0.828,0.611,0.6,0.593,0.592,0.591,0.591,0.591,0.591,0.591,
1.0,0.744,0.738,0.719,0.714,0.712,0.712,0.712,0.712,0.712,
0.912,0.733,0.686,0.67,0.642,0.644,0.643,0.643,0.643,0.643,
0.76,0.622,0.595,0.59,0.589,0.589,0.589,0.589,0.589,0.589,
0.817,0.708,0.694,0.687,0.687,0.686,0.686,0.686,0.686,0.686,
1.0,0.615,0.529,0.521,0.493,0.486,0.49,0.482,0.473,0.467,
1.0,0.587,0.483,0.449,0.452,0.445,0.443,0.443,0.443,0.443,
0.834,0.658,0.641,0.647,0.649,0.649,0.649,0.649,0.649,0.649,
1.0,0.578,0.484,0.459,0.455,0.454,0.454,0.454,0.454,0.454,
1.0,0.542,0.482,0.463,0.457,0.456,0.454,0.447,0.444,0.444,
0.854,0.653,0.63,0.613,0.611,0.63,0.613,0.61,0.61,0.61,
0.786,0.63,0.623,0.571,0.579,0.55,0.56,0.546,0.559,0.546,
1.0,0.479,0.523,0.48,0.474,0.473,0.473,0.473,0.473,0.473,
0.826,0.637,0.607,0.595,0.577,0.574,0.573,0.573,0.573,0.573,
1.0,0.642,0.576,0.57,0.556,0.565,0.555,0.565,0.555,0.565,
1.0,0.662,0.603,0.534,0.504,0.497,0.495,0.495,0.495,0.495,
0.895,0.722,0.674,0.653,0.639,0.637,0.636,0.636,0.636,0.636,
0.791,0.638,0.605,0.601,0.587,0.583,0.582,0.582,0.582,0.582,
1.0,0.727,0.711,0.665,0.654,0.654,0.65,0.652,0.65,0.652,
1.0,0.627,0.57,0.578,0.525,0.573,0.504,0.555,0.507,0.569,
1.0,0.538,0.452,0.432,0.433,0.421,0.429,0.418,0.429,0.418,
0.814,0.579,0.567,0.558,0.549,0.543,0.537,0.544,0.542,0.522,
1.0,0.68,0.638,0.598,0.587,0.57,0.575,0.568,0.575,0.538,
1.0,0.507,0.454,0.433,0.397,0.388,0.383,0.381,0.381,0.381,
0.816,0.627,0.575,0.587,0.587,0.588,0.587,0.588,0.587,0.588,
1.0,0.579,0.495,0.492,0.477,0.474,0.474,0.474,0.474,0.474,
1.0,0.622,0.56,0.515,0.507,0.521,0.518,0.506,0.505,0.52,
1.0,0.696,0.575,0.565,0.534,0.527,0.526,0.525,0.525,0.525,
0.839,0.681,0.664,0.668,0.655,0.652,0.652,0.652,0.652,0.652,
0.998,0.494,0.399,0.36,0.371,0.367,0.359,0.36,0.35,0.346,
0.805,0.612,0.565,0.536,0.528,0.544,0.531,0.528,0.526,0.526,
1.0,0.52,0.491,0.464,0.445,0.449,0.46,0.446,0.438,0.436,
1.0,0.512,0.415,0.406,0.399,0.386,0.395,0.385,0.395,0.385,
0.836,0.699,0.675,0.67,0.67,0.67,0.67,0.67,0.67,0.67,
0.869,0.595,0.572,0.544,0.53,0.539,0.529,0.527,0.531,0.54,
1.0,0.557,0.554,0.515,0.504,0.515,0.503,0.501,0.501,0.501,
1.0,0.537,0.427,0.398,0.386,0.384,0.384,0.384,0.383,0.383,
1.0,0.547,0.484,0.447,0.445,0.464,0.46,0.447,0.431,0.431,
1.0,0.667,0.595,0.587,0.587,0.587,0.587,0.587,0.587,0.587,
1.0,0.671,0.612,0.58,0.569,0.56,0.559,0.558,0.571,0.572,
0.844,0.461,0.411,0.418,0.42,0.425,0.409,0.404,0.403,0.403,
0.802,0.61,0.574,0.568,0.566,0.566,0.566,0.566,0.566,0.566,
0.865,0.664,0.634,0.628,0.627,0.626,0.626,0.626,0.626,0.626,
0.888,0.537,0.495,0.474,0.46,0.398,0.377,0.376,0.374,0.41,
0.994,0.566,0.482,0.466,0.45,0.436,0.433,0.433,0.432,0.433,
1.0,0.688,0.62,0.594,0.588,0.587,0.587,0.586,0.586,0.586,
0.978,0.531,0.475,0.47,0.427,0.411,0.408,0.406,0.406,0.406,
0.848,0.663,0.617,0.604,0.601,0.6,0.6,0.6,0.6,0.6,
0.859,0.736,0.713,0.696,0.687,0.684,0.683,0.682,0.682,0.682,
1.0,0.689,0.608,0.639,0.613,0.651,0.629,0.646,0.634,0.646,
0.868,0.438,0.389,0.373,0.364,0.363,0.363,0.363,0.363,0.363,
0.78,0.574,0.528,0.518,0.516,0.516,0.516,0.516,0.516,0.516,
1.0,0.697,0.598,0.558,0.535,0.53,0.528,0.529,0.528,0.529,
0.886,0.548,0.455,0.434,0.412,0.407,0.406,0.406,0.406,0.406,
0.991,0.5,0.427,0.385,0.376,0.374,0.374,0.373,0.373,0.373,
0.801,0.688,0.674,0.678,0.663,0.659,0.658,0.658,0.658,0.658,
0.895,0.73,0.73,0.745,0.739,0.728,0.705,0.699,0.698,0.697,
1.0,0.702,0.618,0.6,0.594,0.593,0.6,0.597,0.593,0.593,
0.986,0.505,0.436,0.424,0.409,0.406,0.406,0.403,0.403,0.403,
0.906,0.699,0.677,0.658,0.656,0.651,0.656,0.64,0.648,0.65,
1.0,0.638,0.576,0.574,0.566,0.558,0.573,0.56,0.555,0.553,
1.0,0.717,0.602,0.561,0.575,0.567,0.553,0.555,0.554,0.543,
0.951,0.515,0.436,0.417,0.41,0.407,0.407,0.407,0.407,0.407,
0.933,0.517,0.464,0.416,0.401,0.398,0.397,0.397,0.397,0.397,
0.935,0.491,0.396,0.364,0.35,0.362,0.365,0.365,0.365,0.365,
1.0,0.555,0.558,0.495,0.498,0.502,0.502,0.502,0.502,0.502,
1.0,0.674,0.592,0.58,0.553,0.576,0.577,0.552,0.576,0.577,
0.959,0.493,0.433,0.422,0.415,0.404,0.415,0.408,0.416,0.408,
0.794,0.619,0.565,0.561,0.547,0.556,0.546,0.556,0.546,0.556,
1.0,0.66,0.6,0.519,0.538,0.579,0.585,0.587,0.587,0.587,
1.0,0.574,0.488,0.468,0.474,0.458,0.454,0.431,0.43,0.444,
0.823,0.648,0.614,0.608,0.59,0.585,0.584,0.583,0.583,0.583,
0.802,0.603,0.561,0.562,0.561,0.561,0.561,0.561,0.561,0.561,
1.0,0.552,0.489,0.45,0.438,0.435,0.435,0.435,0.435,0.435,
0.924,0.509,0.411,0.383,0.357,0.361,0.352,0.354,0.364,0.367,
1.0,0.598,0.515,0.505,0.485,0.484,0.481,0.483,0.47,0.476,
0.758,0.452,0.524,0.514,0.514,0.514,0.514,0.514,0.514,0.514,
0.937,0.517,0.45,0.421,0.403,0.405,0.401,0.404,0.401,0.404,
0.873,0.74,0.682,0.699,0.695,0.699,0.674,0.698,0.674,0.698,
1.0,0.773,0.671,0.642,0.636,0.634,0.634,0.634,0.634,0.634,
1.0,0.652,0.631,0.596,0.557,0.548,0.546,0.545,0.545,0.545,
0.911,0.493,0.455,0.393,0.365,0.4,0.396,0.393,0.379,0.375,
0.842,0.721,0.691,0.673,0.663,0.66,0.66,0.659,0.659,0.659,
1.0,0.573,0.558,0.521,0.521,0.513,0.512,0.512,0.512,0.511,
0.871,0.457,0.414,0.4,0.398,0.398,0.398,0.397,0.395,0.392,
0.915,0.725,0.668,0.643,0.634,0.635,0.632,0.635,0.632,0.635,
1.0,0.666,0.641,0.593,0.583,0.581,0.58,0.58,0.58,0.58,
1.0,0.624,0.472,0.511,0.544,0.526,0.528,0.544,0.45,0.521,
1.0,0.657,0.583,0.569,0.563,0.565,0.562,0.564,0.562,0.564,
0.957,0.511,0.463,0.428,0.421,0.416,0.389,0.393,0.389,0.394,
0.815,0.618,0.602,0.585,0.579,0.578,0.578,0.578,0.578,0.578,
1.0,0.707,0.639,0.617,0.613,0.612,0.614,0.645,0.606,0.616,
0.954,0.515,0.431,0.4,0.392,0.407,0.396,0.397,0.382,0.395,
0.96,0.477,0.401,0.383,0.37,0.365,0.371,0.375,0.375,0.377,
0.808,0.653,0.57,0.538,0.531,0.529,0.529,0.529,0.529,0.529,
0.79,0.585,0.568,0.562,0.541,0.535,0.534,0.546,0.536,0.533,
1.0,0.591,0.557,0.546,0.545,0.545,0.552,0.542,0.541,0.541,
0.966,0.513,0.454,0.433,0.444,0.465,0.447,0.447,0.443,0.443,
1.0,0.507,0.461,0.453,0.435,0.433,0.433,0.433,0.433,0.433,
0.82,0.633,0.608,0.578,0.583,0.589,0.575,0.57,0.568,0.568,
1.0,0.65,0.669,0.613,0.619,0.599,0.617,0.6,0.615,0.596,
0.857,0.489,0.431,0.42,0.41,0.406,0.405,0.405,0.405,0.405,
0.859,0.664,0.637,0.616,0.611,0.61,0.61,0.61,0.61,0.61,
1.0,0.604,0.511,0.491,0.487,0.486,0.486,0.486,0.486,0.486,
1.0,0.651,0.561,0.528,0.518,0.516,0.516,0.515,0.528,0.517,
0.835,0.688,0.66,0.622,0.609,0.643,0.63,0.612,0.608,0.635,
0.779,0.68,0.653,0.636,0.608,0.608,0.585,0.616,0.601,0.591,
0.876,0.711,0.672,0.663,0.683,0.678,0.676,0.676,0.676,0.676,
1.0,0.528,0.467,0.476,0.515,0.468,0.47,0.473,0.474,0.474,
1.0,0.724,0.646,0.62,0.608,0.596,0.596,0.595,0.594,0.596,
1.0,0.583,0.616,0.571,0.544,0.54,0.533,0.531,0.53,0.536,
1.0,0.602,0.609,0.567,0.56,0.558,0.539,0.542,0.54,0.537,
0.862,0.646,0.6,0.62,0.593,0.618,0.592,0.618,0.592,0.618,
0.885,0.687,0.647,0.637,0.636,0.636,0.636,0.636,0.636,0.636,
0.986,0.523,0.444,0.439,0.442,0.43,0.425,0.431,0.427,0.421,
1.0,0.52,0.444,0.46,0.43,0.414,0.411,0.42,0.411,0.409,
0.889,0.732,0.66,0.646,0.635,0.624,0.621,0.621,0.621,0.621,
1.0,0.613,0.55,0.539,0.538,0.537,0.537,0.537,0.537,0.537,
1.0,0.634,0.596,0.574,0.568,0.572,0.569,0.566,0.568,0.566,
0.926,0.525,0.474,0.451,0.452,0.462,0.499,0.444,0.479,0.482,
0.807,0.639,0.601,0.572,0.566,0.564,0.563,0.563,0.563,0.563,
1.0,0.619,0.54,0.512,0.517,0.509,0.501,0.499,0.497,0.494,
0.967,0.497,0.443,0.427,0.442,0.43,0.42,0.413,0.411,0.411,
0.95,0.484,0.401,0.383,0.397,0.383,0.376,0.354,0.356,0.348,
0.758,0.492,0.541,0.513,0.566,0.544,0.571,0.592,0.595,0.599,
0.709,0.587,0.584,0.596,0.594,0.585,0.576,0.579,0.574,0.578,
0.885,0.734,0.712,0.707,0.703,0.702,0.69,0.692,0.685,0.683,
1.0,0.505,0.453,0.445,0.451,0.442,0.438,0.438,0.437,0.438,
0.88,0.513,0.444,0.43,0.422,0.42,0.419,0.419,0.419,0.419,
0.761,0.661,0.65,0.64,0.637,0.641,0.637,0.621,0.626,0.611,
1.0,0.49,0.442,0.435,0.428,0.445,0.392,0.399,0.408,0.416,
1.0,0.596,0.549,0.528,0.513,0.508,0.51,0.508,0.509,0.508,
0.954,0.626,0.549,0.52,0.528,0.513,0.501,0.494,0.486,0.489,
0.851,0.708,0.653,0.639,0.637,0.636,0.636,0.636,0.636,0.636,
0.765,0.56,0.524,0.505,0.5,0.504,0.496,0.506,0.525,0.518,
0.888,0.515,0.454,0.431,0.423,0.417,0.411,0.415,0.411,0.414,
0.997,0.5,0.455,0.445,0.453,0.452,0.452,0.452,0.452,0.452,
0.773,0.592,0.562,0.532,0.539,0.526,0.518,0.515,0.515,0.514,
1.0,0.572,0.555,0.54,0.536,0.535,0.535,0.535,0.535,0.535,
1.0,0.512,0.455,0.42,0.41,0.408,0.403,0.416,0.412,0.415,
0.783,0.598,0.559,0.564,0.563,0.563,0.563,0.563,0.563,0.563,
1.0,0.621,0.679,0.698,0.701,0.702,0.702,0.702,0.702,0.702,
0.903,0.516,0.485,0.461,0.422,0.468,0.464,0.427,0.451,0.455,
0.782,0.66,0.62,0.594,0.589,0.588,0.588,0.595,0.6,0.593,
1.0,0.617,0.56,0.53,0.503,0.483,0.492,0.484,0.492,0.483,
0.98,0.519,0.448,0.439,0.413,0.389,0.395,0.389,0.384,0.385,
0.929,0.515,0.435,0.411,0.396,0.416,0.414,0.414,0.414,0.414,
0.797,0.626,0.572,0.564,0.56,0.561,0.56,0.561,0.56,0.561,
1.0,0.681,0.626,0.612,0.63,0.615,0.612,0.616,0.608,0.603,
1.0,0.67,0.618,0.598,0.592,0.588,0.587,0.587,0.587,0.587,
0.804,0.645,0.623,0.625,0.619,0.636,0.62,0.62,0.635,0.622,
0.748,0.631,0.598,0.581,0.577,0.576,0.576,0.576,0.576,0.576,
1.0,0.627,0.57,0.542,0.545,0.553,0.539,0.535,0.533,0.541,
0.934,0.576,0.496,0.467,0.456,0.444,0.442,0.442,0.442,0.442,
1.0,0.527,0.436,0.409,0.404,0.403,0.404,0.394,0.391,0.391,
1.0,0.644,0.567,0.578,0.531,0.513,0.508,0.507,0.518,0.502,
1.0,0.569,0.503,0.497,0.497,0.497,0.497,0.497,0.497,0.497,
1.0,0.516,0.557,0.538,0.538,0.552,0.539,0.526,0.506,0.515,
0.943,0.52,0.426,0.427,0.441,0.415,0.413,0.419,0.404,0.395,
0.967,0.538,0.427,0.382,0.367,0.372,0.439,0.407,0.382,0.392,
0.851,0.639,0.634,0.608,0.583,0.576,0.574,0.576,0.592,0.583,
1.0,0.626,0.621,0.591,0.56,0.548,0.543,0.542,0.542,0.542,
0.906,0.528,0.468,0.418,0.46,0.444,0.46,0.462,0.434,0.437,
0.927,0.774,0.776,0.775,0.777,0.775,0.775,0.775,0.775,0.775,
0.928,0.727,0.653,0.631,0.619,0.585,0.595,0.583,0.594,0.583,
1.0,0.528,0.525,0.52,0.518,0.518,0.518,0.519,0.519,0.519,
0.938,0.512,0.445,0.43,0.425,0.424,0.424,0.424,0.424,0.424,
0.918,0.488,0.443,0.462,0.456,0.447,0.468,0.459,0.444,0.468,
1.0,0.671,0.616,0.614,0.59,0.613,0.591,0.596,0.59,0.596,
1.0,0.657,0.595,0.574,0.567,0.566,0.574,0.568,0.564,0.56,
0.876,0.728,0.707,0.703,0.703,0.703,0.703,0.703,0.703,0.703,
0.869,0.701,0.677,0.663,0.66,0.659,0.659,0.659,0.659,0.659,
0.818,0.614,0.563,0.544,0.54,0.539,0.539,0.539,0.539,0.539,
0.808,0.497,0.481,0.519,0.5,0.493,0.492,0.492,0.492,0.492,
1.0,0.589,0.494,0.492,0.525,0.546,0.457,0.498,0.542,0.455,
1.0,0.571,0.497,0.454,0.443,0.441,0.441,0.441,0.441,0.441,
1.0,0.64,0.539,0.611,0.589,0.587,0.583,0.582,0.579,0.583,
0.753,0.629,0.622,0.609,0.596,0.592,0.591,0.59,0.598,0.592,
0.849,0.644,0.63,0.629,0.629,0.629,0.629,0.629,0.619,0.608,
1.0,0.562,0.537,0.537,0.497,0.482,0.477,0.476,0.476,0.476,
0.957,0.538,0.462,0.456,0.454,0.434,0.433,0.425,0.421,0.421,
0.744,0.581,0.548,0.521,0.527,0.515,0.512,0.512,0.512,0.512,
1.0,0.535,0.457,0.441,0.438,0.452,0.437,0.433,0.431,0.431,
0.933,0.495,0.419,0.401,0.406,0.397,0.387,0.375,0.371,0.402,
1.0,0.5,0.442,0.413,0.411,0.403,0.402,0.402,0.402,0.402,
0.803,0.651,0.598,0.567,0.559,0.558,0.556,0.557,0.556,0.557,
1.0,0.617,0.538,0.497,0.472,0.486,0.486,0.47,0.485,0.486,
1.0,0.653,0.536,0.57,0.464,0.514,0.521,0.543,0.542,0.545,
1.0,0.571,0.471,0.49,0.49,0.481,0.477,0.475,0.476,0.47,
0.865,0.457,0.401,0.389,0.394,0.396,0.388,0.378,0.376,0.38,
0.811,0.626,0.622,0.601,0.581,0.576,0.575,0.575,0.575,0.575,
0.832,0.637,0.588,0.561,0.553,0.551,0.55,0.55,0.55,0.55,
0.984,0.521,0.442,0.437,0.409,0.422,0.415,0.408,0.415,0.406,
1.0,0.497,0.457,0.438,0.453,0.441,0.436,0.435,0.435,0.435,
0.885,0.654,0.622,0.591,0.583,0.585,0.587,0.582,0.573,0.562,
0.87,0.681,0.636,0.626,0.608,0.604,0.603,0.603,0.603,0.603,
1.0,0.648,0.607,0.591,0.577,0.573,0.574,0.571,0.571,0.571,
0.985,0.552,0.477,0.448,0.438,0.426,0.422,0.421,0.42,0.435,
0.839,0.594,0.572,0.553,0.533,0.569,0.565,0.564,0.563,0.562,
1.0,0.692,0.657,0.652,0.647,0.645,0.644,0.644,0.644,0.644,
1.0,0.538,0.498,0.465,0.441,0.437,0.436,0.435,0.442,0.445,
0.811,0.613,0.579,0.592,0.576,0.591,0.576,0.591,0.577,0.572,
0.801,0.631,0.616,0.58,0.56,0.56,0.552,0.559,0.552,0.559,
1.0,0.667,0.571,0.548,0.528,0.524,0.54,0.53,0.522,0.527,
1.0,0.596,0.498,0.491,0.461,0.449,0.447,0.446,0.446,0.446,
1.0,0.583,0.533,0.49,0.469,0.471,0.483,0.468,0.471,0.483,
1.0,0.553,0.498,0.441,0.46,0.434,0.413,0.446,0.407,0.456,
0.82,0.603,0.583,0.559,0.554,0.552,0.552,0.552,0.552,0.552,
0.778,0.592,0.542,0.536,0.512,0.524,0.533,0.537,0.538,0.539,
1.0,0.595,0.492,0.455,0.446,0.444,0.457,0.452,0.444,0.457,
0.955,0.402,0.322,0.302,0.3,0.295,0.294,0.294,0.294,0.294,
0.983,0.41,0.336,0.308,0.302,0.301,0.301,0.301,0.301,0.301,
1.0,0.568,0.517,0.54,0.53,0.494,0.421,0.446,0.477,0.494,
0.973,0.459,0.38,0.35,0.374,0.367,0.37,0.362,0.367,0.361,
0.957,0.431,0.346,0.314,0.308,0.307,0.306,0.306,0.306,0.306,
0.925,0.465,0.397,0.377,0.373,0.376,0.366,0.356,0.352,0.352,
0.783,0.406,0.462,0.465,0.465,0.466,0.466,0.466,0.466,0.466,
1.0,0.517,0.449,0.45,0.471,0.493,0.485,0.482,0.482,0.481,
0.9,0.392,0.318,0.283,0.276,0.275,0.274,0.274,0.274,0.274,
0.882,0.632,0.571,0.559,0.557,0.556,0.556,0.556,0.556,0.556,
1.0,0.554,0.482,0.47,0.468,0.468,0.468,0.468,0.468,0.468,
0.841,0.604,0.546,0.515,0.514,0.536,0.534,0.515,0.531,0.516,
1.0,0.506,0.397,0.36,0.352,0.35,0.35,0.35,0.35,0.35,
1.0,0.551,0.452,0.404,0.394,0.417,0.404,0.415,0.394,0.377,
1.0,0.462,0.382,0.351,0.345,0.343,0.343,0.343,0.343,0.343,
0.802,0.569,0.547,0.519,0.511,0.509,0.509,0.509,0.505,0.504,
1.0,0.554,0.488,0.47,0.434,0.45,0.429,0.449,0.429,0.449,
0.893,0.46,0.394,0.384,0.372,0.371,0.355,0.365,0.332,0.346,
0.774,0.575,0.543,0.539,0.539,0.539,0.539,0.539,0.539,0.539,
1.0,0.631,0.537,0.517,0.513,0.512,0.512,0.512,0.512,0.512,
1.0,0.57,0.537,0.49,0.48,0.464,0.467,0.461,0.46,0.46,
1.0,0.521,0.458,0.423,0.416,0.415,0.415,0.414,0.414,0.414,
0.927,0.636,0.576,0.544,0.537,0.536,0.535,0.535,0.535,0.535,
0.792,0.584,0.529,0.52,0.519,0.519,0.519,0.519,0.519,0.519,
0.94,0.387,0.338,0.317,0.301,0.298,0.297,0.297,0.297,0.297,
1.0,0.479,0.364,0.336,0.331,0.33,0.33,0.33,0.33,0.33,
0.841,0.62,0.575,0.587,0.584,0.593,0.616,0.611,0.582,0.563,
1.0,0.499,0.397,0.355,0.346,0.345,0.345,0.345,0.345,0.345,
0.828,0.566,0.522,0.512,0.507,0.506,0.505,0.505,0.505,0.505,
0.916,0.606,0.563,0.548,0.52,0.511,0.509,0.508,0.508,0.508,
1.0,0.522,0.455,0.404,0.398,0.384,0.379,0.378,0.377,0.377,
1.0,0.434,0.355,0.323,0.314,0.325,0.314,0.312,0.312,0.312,
0.821,0.444,0.438,0.475,0.445,0.437,0.435,0.435,0.435,0.435,
1.0,0.572,0.53,0.531,0.481,0.452,0.43,0.46,0.436,0.462,
1.0,0.497,0.433,0.4,0.393,0.391,0.391,0.391,0.391,0.391,
0.895,0.444,0.398,0.371,0.367,0.361,0.36,0.36,0.36,0.36,
0.906,0.704,0.657,0.645,0.63,0.628,0.627,0.625,0.625,0.625,
1.0,0.495,0.414,0.382,0.362,0.355,0.354,0.353,0.353,0.353,
0.917,0.462,0.423,0.388,0.369,0.365,0.356,0.361,0.361,0.357,
0.883,0.646,0.588,0.565,0.561,0.56,0.559,0.559,0.559,0.559,
0.822,0.567,0.481,0.446,0.446,0.428,0.424,0.423,0.423,0.423,
1.0,0.613,0.568,0.558,0.549,0.544,0.543,0.543,0.543,0.543,
1.0,0.583,0.507,0.449,0.476,0.454,0.44,0.466,0.439,0.465,
1.0,0.538,0.398,0.349,0.355,0.353,0.342,0.327,0.324,0.324,
0.864,0.433,0.352,0.327,0.331,0.334,0.335,0.336,0.336,0.336,
0.813,0.557,0.518,0.519,0.494,0.488,0.486,0.486,0.486,0.486,
1.0,0.588,0.504,0.487,0.485,0.485,0.484,0.484,0.484,0.484,
0.864,0.436,0.366,0.322,0.317,0.319,0.321,0.321,0.321,0.321,
0.857,0.645,0.626,0.66,0.591,0.626,0.62,0.603,0.601,0.633,
0.852,0.646,0.591,0.605,0.566,0.565,0.582,0.569,0.571,0.582,
0.705,0.433,0.477,0.482,0.519,0.501,0.521,0.503,0.52,0.531,
0.897,0.464,0.384,0.367,0.389,0.37,0.349,0.342,0.341,0.34,
0.968,0.462,0.385,0.344,0.327,0.326,0.327,0.327,0.327,0.327,
0.96,0.656,0.608,0.582,0.569,0.551,0.55,0.545,0.55,0.545,
1.0,0.524,0.491,0.465,0.449,0.444,0.444,0.442,0.436,0.441,
0.97,0.461,0.393,0.345,0.324,0.321,0.32,0.32,0.32,0.32,
0.709,0.556,0.559,0.559,0.559,0.559,0.559,0.559,0.559,0.559,
1.0,0.473,0.401,0.383,0.369,0.365,0.364,0.364,0.364,0.364,
1.0,0.565,0.466,0.456,0.456,0.462,0.444,0.439,0.438,0.438,
0.802,0.621,0.599,0.59,0.583,0.594,0.597,0.588,0.577,0.553,
1.0,0.607,0.573,0.487,0.495,0.477,0.468,0.466,0.466,0.466,
0.95,0.493,0.415,0.396,0.374,0.375,0.385,0.367,0.361,0.36,
0.895,0.628,0.574,0.559,0.531,0.524,0.522,0.521,0.521,0.521,
1.0,0.56,0.477,0.463,0.465,0.449,0.463,0.449,0.463,0.449,
1.0,0.6,0.521,0.528,0.521,0.523,0.522,0.513,0.511,0.506,
1.0,0.53,0.479,0.468,0.466,0.433,0.421,0.417,0.417,0.416,
0.95,0.58,0.532,0.522,0.521,0.52,0.52,0.52,0.52,0.52,
0.92,0.709,0.635,0.641,0.639,0.627,0.63,0.652,0.619,0.59,
1.0,0.482,0.415,0.387,0.362,0.348,0.345,0.344,0.344,0.344,
1.0,0.405,0.335,0.317,0.314,0.313,0.313,0.313,0.313,0.313,
0.936,0.475,0.39,0.371,0.365,0.356,0.364,0.355,0.361,0.34,
1.0,0.573,0.476,0.476,0.513,0.494,0.494,0.491,0.474,0.468,
1.0,0.591,0.521,0.505,0.514,0.519,0.497,0.5,0.49,0.501,
1.0,0.481,0.399,0.38,0.367,0.356,0.353,0.353,0.353,0.353,
0.792,0.619,0.538,0.537,0.529,0.525,0.524,0.524,0.524,0.524,
1.0,0.504,0.408,0.378,0.394,0.377,0.38,0.366,0.367,0.379,
0.77,0.567,0.5,0.514,0.493,0.487,0.487,0.488,0.488,0.488,
1.0,0.566,0.487,0.46,0.45,0.448,0.447,0.447,0.447,0.447,
0.916,0.469,0.38,0.346,0.337,0.343,0.332,0.335,0.392,0.36,
0.8,0.522,0.485,0.472,0.459,0.455,0.454,0.454,0.454,0.454,
0.753,0.411,0.485,0.49,0.473,0.473,0.484,0.498,0.501,0.501,
0.955,0.481,0.385,0.347,0.339,0.337,0.336,0.336,0.336,0.336,
0.863,0.434,0.352,0.332,0.322,0.32,0.319,0.319,0.319,0.319,
0.935,0.708,0.623,0.566,0.551,0.545,0.544,0.543,0.543,0.543,
1.0,0.457,0.398,0.366,0.361,0.36,0.36,0.36,0.36,0.36,
1.0,0.483,0.483,0.453,0.439,0.38,0.402,0.432,0.442,0.377,
0.969,0.475,0.393,0.376,0.352,0.348,0.347,0.347,0.347,0.347,
0.816,0.597,0.549,0.538,0.535,0.524,0.532,0.534,0.523,0.532,
1.0,0.471,0.456,0.416,0.406,0.403,0.403,0.403,0.403,0.403,
1.0,0.612,0.549,0.542,0.537,0.51,0.504,0.501,0.5,0.5,
1.0,0.515,0.405,0.395,0.384,0.382,0.376,0.373,0.373,0.374,
1.0,0.512,0.496,0.465,0.447,0.442,0.441,0.441,0.44,0.44,
1.0,0.471,0.398,0.374,0.37,0.351,0.345,0.343,0.343,0.343,
0.895,0.631,0.553,0.515,0.563,0.528,0.551,0.533,0.55,0.522,
0.851,0.53,0.551,0.528,0.54,0.543,0.545,0.524,0.539,0.523,
1.0,0.508,0.475,0.397,0.378,0.439,0.389,0.377,0.439,0.389,
1.0,0.462,0.414,0.405,0.376,0.348,0.342,0.342,0.342,0.342,
0.866,0.621,0.561,0.533,0.549,0.532,0.512,0.521,0.512,0.511,
1.0,0.542,0.456,0.449,0.433,0.425,0.423,0.422,0.422,0.422,
0.983,0.429,0.373,0.346,0.341,0.341,0.341,0.341,0.341,0.341,
0.915,0.449,0.383,0.342,0.348,0.343,0.342,0.34,0.348,0.343,
0.91,0.608,0.559,0.549,0.547,0.53,0.526,0.526,0.542,0.546,
1.0,0.532,0.439,0.424,0.422,0.421,0.422,0.422,0.422,0.422,
1.0,0.497,0.419,0.397,0.396,0.392,0.395,0.392,0.395,0.392,
0.759,0.554,0.523,0.513,0.511,0.511,0.531,0.532,0.532,0.516,
0.929,0.687,0.633,0.583,0.585,0.587,0.575,0.571,0.582,0.586,
1.0,0.584,0.516,0.506,0.512,0.469,0.46,0.458,0.458,0.458,
1.0,0.598,0.567,0.552,0.498,0.511,0.515,0.536,0.537,0.537,
0.861,0.418,0.352,0.312,0.303,0.301,0.301,0.3,0.3,0.3,
0.918,0.483,0.41,0.396,0.392,0.391,0.396,0.393,0.393,0.392,
0.82,0.545,0.527,0.51,0.495,0.504,0.502,0.505,0.502,0.497,
0.761,0.622,0.598,0.575,0.569,0.567,0.567,0.567,0.567,0.567,
1.0,0.435,0.383,0.334,0.329,0.335,0.342,0.308,0.332,0.309,
0.876,0.463,0.389,0.354,0.345,0.343,0.343,0.343,0.343,0.343,
0.853,0.608,0.596,0.565,0.554,0.549,0.548,0.547,0.547,0.547,
1.0,0.635,0.556,0.555,0.566,0.566,0.566,0.566,0.566,0.566,
0.924,0.461,0.399,0.379,0.377,0.364,0.361,0.361,0.361,0.361,
0.871,0.65,0.575,0.559,0.556,0.555,0.555,0.555,0.555,0.555,
0.963,0.708,0.62,0.601,0.597,0.596,0.595,0.595,0.595,0.595,
1.0,0.537,0.449,0.422,0.417,0.416,0.434,0.42,0.417,0.416,
0.922,0.462,0.37,0.336,0.337,0.327,0.331,0.326,0.331,0.326,
0.983,0.524,0.431,0.39,0.388,0.402,0.389,0.401,0.393,0.383,
1.0,0.503,0.413,0.456,0.448,0.421,0.439,0.406,0.435,0.399,
1.0,0.493,0.392,0.382,0.349,0.345,0.345,0.345,0.345,0.345,
1.0,0.59,0.548,0.509,0.501,0.499,0.499,0.499,0.499,0.499,
1.0,0.589,0.512,0.497,0.461,0.482,0.437,0.437,0.423,0.431,
1.0,0.563,0.486,0.488,0.493,0.496,0.465,0.452,0.454,0.453,
0.925,0.427,0.355,0.326,0.316,0.317,0.316,0.317,0.317,0.317,
0.759,0.484,0.491,0.501,0.469,0.489,0.502,0.522,0.45,0.463,
1.0,0.637,0.479,0.451,0.445,0.448,0.452,0.455,0.455,0.456,
0.948,0.432,0.36,0.343,0.341,0.34,0.34,0.34,0.34,0.34,
0.864,0.632,0.594,0.592,0.58,0.569,0.563,0.562,0.561,0.57,
0.851,0.641,0.592,0.582,0.582,0.583,0.57,0.571,0.571,0.565,
1.0,0.597,0.504,0.48,0.478,0.486,0.49,0.476,0.472,0.48,
0.952,0.458,0.364,0.369,0.361,0.344,0.331,0.325,0.379,0.352,
0.911,0.499,0.416,0.427,0.404,0.378,0.378,0.373,0.371,0.371,
1.0,0.582,0.525,0.537,0.443,0.482,0.451,0.458,0.433,0.456,
1.0,0.579,0.442,0.41,0.401,0.4,0.44,0.518,0.53,0.534,
0.929,0.387,0.332,0.339,0.32,0.29,0.287,0.283,0.283,0.283,
1.0,0.455,0.367,0.325,0.311,0.308,0.307,0.307,0.307,0.307,
0.865,0.648,0.587,0.558,0.551,0.55,0.549,0.567,0.553,0.55,
0.822,0.548,0.552,0.531,0.527,0.526,0.525,0.525,0.525,0.525,
1.0,0.568,0.536,0.499,0.485,0.485,0.475,0.433,0.454,0.461,
0.957,0.442,0.37,0.356,0.349,0.348,0.34,0.338,0.338,0.337,
0.928,0.642,0.583,0.572,0.57,0.569,0.569,0.569,0.569,0.569,
0.855,0.608,0.552,0.56,0.536,0.532,0.531,0.527,0.526,0.526,
1.0,0.634,0.582,0.554,0.547,0.545,0.548,0.545,0.545,0.548,
0.965,0.523,0.454,0.433,0.428,0.428,0.428,0.428,0.428,0.428,
0.92,0.53,0.491,0.503,0.476,0.47,0.467,0.466,0.466,0.466,
1.0,0.612,0.556,0.525,0.52,0.519,0.519,0.519,0.519,0.529,
1.0,0.588,0.512,0.467,0.462,0.427,0.432,0.443,0.422,0.43,
0.949,0.466,0.39,0.368,0.374,0.371,0.356,0.353,0.352,0.352,
0.823,0.699,0.672,0.657,0.657,0.641,0.635,0.634,0.634,0.633,
0.774,0.587,0.539,0.518,0.521,0.508,0.517,0.514,0.51,0.518,
0.932,0.429,0.355,0.327,0.326,0.316,0.315,0.315,0.315,0.315,
1.0,0.674,0.581,0.569,0.525,0.522,0.538,0.531,0.513,0.51,
1.0,0.64,0.57,0.531,0.522,0.49,0.488,0.477,0.479,0.469,
0.996,0.494,0.38,0.349,0.373,0.338,0.339,0.327,0.323,0.323,
0.862,0.634,0.612,0.586,0.629,0.625,0.59,0.584,0.583,0.583,
1.0,0.565,0.526,0.505,0.472,0.469,0.468,0.468,0.468,0.468,
1.0,0.447,0.358,0.33,0.336,0.322,0.32,0.32,0.32,0.32,
1.0,0.508,0.405,0.401,0.36,0.364,0.369,0.371,0.372,0.372,
0.874,0.428,0.37,0.336,0.328,0.327,0.326,0.326,0.326,0.326,
1.0,0.582,0.513,0.465,0.494,0.462,0.463,0.448,0.459,0.447,
1.0,0.628,0.563,0.542,0.538,0.537,0.537,0.537,0.537,0.537,
1.0,0.464,0.389,0.363,0.356,0.354,0.354,0.354,0.354,0.354,
0.899,0.696,0.637,0.622,0.65,0.64,0.641,0.622,0.643,0.644,
1.0,0.515,0.497,0.475,0.439,0.462,0.472,0.473,0.423,0.444,
0.961,0.444,0.41,0.383,0.372,0.355,0.35,0.349,0.348,0.348,
0.809,0.677,0.658,0.624,0.629,0.625,0.624,0.623,0.623,0.623,
0.873,0.646,0.629,0.621,0.619,0.617,0.616,0.616,0.616,0.616,
0.815,0.586,0.553,0.516,0.493,0.504,0.494,0.493,0.492,0.489,
0.807,0.589,0.527,0.512,0.502,0.504,0.492,0.508,0.494,0.507,
0.993,0.469,0.384,0.367,0.37,0.382,0.371,0.353,0.349,0.358,
0.992,0.603,0.516,0.481,0.467,0.464,0.464,0.464,0.464,0.464,
0.904,0.567,0.526,0.502,0.496,0.495,0.494,0.494,0.494,0.494,
1.0,0.567,0.479,0.517,0.48,0.459,0.438,0.465,0.406,0.464,
0.937,0.508,0.45,0.41,0.398,0.391,0.387,0.386,0.386,0.386,
0.897,0.6,0.512,0.501,0.541,0.532,0.504,0.502,0.512,0.559,
1.0,0.629,0.631,0.518,0.562,0.557,0.53,0.548,0.496,0.563,
1.0,0.601,0.502,0.523,0.483,0.521,0.474,0.52,0.473,0.519,
1.0,0.443,0.414,0.379,0.372,0.359,0.363,0.362,0.366,0.368,
0.98,0.509,0.402,0.378,0.381,0.36,0.369,0.379,0.36,0.369,
0.814,0.522,0.503,0.467,0.46,0.457,0.456,0.456,0.456,0.456,
1.0,0.63,0.519,0.454,0.439,0.43,0.427,0.426,0.425,0.425,
1.0,0.447,0.366,0.349,0.339,0.328,0.326,0.325,0.325,0.325,
0.778,0.654,0.601,0.616,0.588,0.601,0.567,0.595,0.566,0.591,
1.0,0.467,0.47,0.461,0.459,0.443,0.438,0.437,0.437,0.437,
0.986,0.494,0.415,0.372,0.36,0.36,0.375,0.377,0.377,0.377,
0.774,0.613,0.554,0.507,0.497,0.494,0.494,0.493,0.493,0.493,
1.0,0.495,0.451,0.428,0.424,0.422,0.422,0.422,0.422,0.422,
0.969,0.46,0.382,0.373,0.343,0.335,0.333,0.332,0.332,0.332,
0.935,0.452,0.375,0.323,0.316,0.311,0.31,0.31,0.31,0.31,
1.0,0.549,0.492,0.49,0.49,0.491,0.526,0.531,0.53,0.531,
1.0,0.553,0.506,0.465,0.478,0.469,0.483,0.488,0.507,0.514,
0.9,0.432,0.369,0.326,0.317,0.316,0.315,0.315,0.315,0.315,
0.9,0.631,0.564,0.552,0.55,0.549,0.549,0.549,0.549,0.549,
0.823,0.606,0.553,0.543,0.541,0.541,0.541,0.541,0.541,0.541,
1.0,0.529,0.498,0.473,0.51,0.488,0.463,0.451,0.457,0.445,
0.962,0.446,0.376,0.365,0.357,0.361,0.336,0.33,0.325,0.324,
0.86,0.541,0.478,0.471,0.469,0.469,0.469,0.469,0.469,0.469,
0.838,0.535,0.487,0.478,0.481,0.477,0.473,0.469,0.467,0.468,
1.0,0.638,0.59,0.566,0.551,0.571,0.579,0.562,0.555,0.548,
1.0,0.581,0.441,0.41,0.409,0.412,0.421,0.426,0.424,0.426,
1.0,0.465,0.344,0.314,0.311,0.312,0.311,0.311,0.311,0.311,
1.0,0.448,0.416,0.387,0.357,0.399,0.356,0.34,0.342,0.349,
0.926,0.646,0.548,0.521,0.513,0.501,0.521,0.503,0.52,0.498,
1.0,0.563,0.522,0.538,0.526,0.52,0.52,0.519,0.519,0.519,
1.0,0.503,0.414,0.39,0.387,0.387,0.387,0.387,0.388,0.388,
0.776,0.551,0.501,0.489,0.486,0.486,0.486,0.486,0.486,0.486,
0.798,0.566,0.532,0.547,0.54,0.539,0.539,0.539,0.539,0.539,
1.0,0.61,0.532,0.49,0.497,0.47,0.489,0.468,0.489,0.468,
1.0,0.541,0.442,0.395,0.382,0.379,0.379,0.378,0.378,0.378,
0.797,0.574,0.573,0.574,0.549,0.542,0.541,0.547,0.559,0.556,
1.0,0.513,0.475,0.444,0.424,0.419,0.417,0.417,0.416,0.417,
1.0,0.503,0.397,0.356,0.352,0.352,0.352,0.352,0.352,0.352,
0.9,0.467,0.387,0.352,0.354,0.362,0.345,0.34,0.339,0.338,
0.887,0.522,0.471,0.445,0.438,0.437,0.437,0.436,0.436,0.436,
0.855,0.65,0.597,0.586,0.576,0.574,0.573,0.555,0.55,0.548,
0.818,0.549,0.492,0.458,0.441,0.441,0.422,0.43,0.42,0.43,
1.0,0.608,0.569,0.561,0.55,0.547,0.545,0.546,0.545,0.546,
1.0,0.554,0.524,0.458,0.434,0.428,0.427,0.427,0.427,0.427,
0.965,0.486,0.378,0.379,0.355,0.371,0.354,0.371,0.354,0.362,
0.943,0.473,0.389,0.354,0.347,0.323,0.326,0.321,0.325,0.321,
1.0,0.588,0.497,0.442,0.421,0.415,0.414,0.414,0.414,0.414,
1.0,0.503,0.416,0.382,0.374,0.372,0.372,0.372,0.372,0.372,
0.99,0.475,0.361,0.32,0.32,0.317,0.319,0.323,0.317,0.315,
0.854,0.652,0.613,0.588,0.596,0.596,0.584,0.595,0.596,0.584,
1.0,0.566,0.496,0.451,0.459,0.459,0.445,0.46,0.447,0.459,
0.952,0.43,0.373,0.359,0.347,0.326,0.331,0.322,0.33,0.322,
0.885,0.389,0.366,0.367,0.339,0.322,0.346,0.34,0.334,0.325,
0.819,0.626,0.555,0.543,0.507,0.545,0.53,0.525,0.545,0.539,
1.0,0.496,0.453,0.42,0.409,0.457,0.464,0.427,0.446,0.421,
1.0,0.589,0.499,0.452,0.458,0.463,0.463,0.483,0.472,0.457,
0.771,0.588,0.539,0.523,0.51,0.515,0.511,0.506,0.505,0.505,
0.926,0.485,0.412,0.371,0.36,0.352,0.35,0.35,0.35,0.35,
0.865,0.598,0.551,0.553,0.536,0.553,0.546,0.538,0.543,0.538,
1.0,0.675,0.605,0.588,0.547,0.449,0.504,0.51,0.528,0.528,
1.0,0.425,0.353,0.319,0.316,0.31,0.309,0.308,0.308,0.308,
0.838,0.577,0.521,0.507,0.514,0.515,0.537,0.502,0.493,0.489,
0.891,0.646,0.571,0.571,0.567,0.565,0.565,0.565,0.565,0.565,
0.734,0.565,0.523,0.512,0.517,0.51,0.51,0.505,0.496,0.495,
0.926,0.459,0.374,0.356,0.368,0.371,0.361,0.359,0.359,0.358,
0.937,0.475,0.45,0.394,0.37,0.365,0.364,0.364,0.364,0.364,
1.0,0.563,0.445,0.422,0.418,0.417,0.417,0.417,0.417,0.417,
1.0,0.542,0.423,0.392,0.378,0.375,0.43,0.397,0.385,0.379,
1.0,0.47,0.473,0.435,0.399,0.417,0.366,0.377,0.4,0.37,
0.907,0.641,0.598,0.572,0.583,0.583,0.583,0.567,0.557,0.544,
0.814,0.616,0.549,0.543,0.533,0.522,0.518,0.52,0.518,0.519,
1.0,0.613,0.553,0.539,0.534,0.536,0.533,0.532,0.526,0.528,
1.0,0.465,0.4,0.381,0.438,0.391,0.371,0.368,0.367,0.366,
1.0,0.551,0.489,0.483,0.455,0.468,0.437,0.452,0.433,0.451,
0.946,0.402,0.322,0.285,0.273,0.271,0.27,0.27,0.27,0.27,
1.0,0.421,0.332,0.34,0.305,0.299,0.307,0.296,0.297,0.303,
0.804,0.588,0.576,0.573,0.561,0.558,0.558,0.558,0.558,0.558,
1.0,0.536,0.486,0.482,0.479,0.439,0.473,0.478,0.484,0.41,
0.991,0.477,0.391,0.367,0.357,0.354,0.343,0.347,0.342,0.347,
0.911,0.448,0.354,0.333,0.329,0.328,0.328,0.327,0.327,0.327,
0.781,0.537,0.556,0.553,0.548,0.549,0.546,0.544,0.544,0.544,
1.0,0.52,0.405,0.384,0.368,0.377,0.366,0.377,0.366,0.377,
1.0,0.477,0.411,0.37,0.358,0.355,0.355,0.355,0.355,0.355,
0.795,0.541,0.514,0.499,0.492,0.49,0.49,0.49,0.49,0.49,
0.781,0.574,0.536,0.514,0.508,0.509,0.507,0.509,0.507,0.509,
1.0,0.613,0.497,0.464,0.447,0.441,0.439,0.438,0.438,0.438,
0.9,0.42,0.382,0.343,0.346,0.355,0.312,0.307,0.306,0.306,
1.0,0.471,0.421,0.423,0.419,0.418,0.398,0.392,0.39,0.39,
1.0,0.724,0.627,0.615,0.606,0.611,0.605,0.611,0.605,0.611,
0.747,0.519,0.488,0.473,0.466,0.467,0.465,0.467,0.465,0.467,
1.0,0.608,0.472,0.462,0.476,0.438,0.45,0.424,0.443,0.455,
1.0,0.5,0.36,0.343,0.347,0.341,0.342,0.348,0.332,0.338,
0.807,0.641,0.623,0.611,0.601,0.598,0.598,0.597,0.597,0.597,
1.0,0.576,0.493,0.506,0.452,0.482,0.447,0.481,0.446,0.481,
1.0,0.554,0.462,0.441,0.434,0.439,0.444,0.429,0.412,0.412,
1.0,0.621,0.525,0.544,0.522,0.539,0.521,0.539,0.521,0.539,
0.835,0.65,0.591,0.578,0.579,0.575,0.574,0.573,0.573,0.573,
0.815,0.619,0.596,0.56,0.57,0.555,0.569,0.554,0.569,0.554,
0.912,0.443,0.374,0.335,0.328,0.326,0.326,0.326,0.326,0.326,
0.872,0.486,0.43,0.392,0.373,0.366,0.365,0.365,0.365,0.365,
0.831,0.634,0.556,0.513,0.503,0.501,0.5,0.5,0.5,0.5,
1.0,0.505,0.497,0.436,0.456,0.438,0.404,0.441,0.42,0.432,
1.0,0.472,0.393,0.391,0.39,0.391,0.391,0.391,0.391,0.391,
0.999,0.474,0.388,0.402,0.4,0.369,0.353,0.336,0.331,0.37,
0.724,0.599,0.588,0.58,0.584,0.574,0.571,0.571,0.57,0.57,
1.0,0.461,0.397,0.409,0.366,0.35,0.347,0.346,0.346,0.346,
0.939,0.487,0.387,0.376,0.374,0.374,0.374,0.374,0.374,0.374,
1.0,0.576,0.517,0.468,0.441,0.44,0.438,0.438,0.438,0.438,
1.0,0.479,0.455,0.434,0.421,0.433,0.424,0.414,0.434,0.423,
1.0,0.53,0.431,0.39,0.387,0.382,0.381,0.381,0.381,0.381,
0.761,0.586,0.548,0.526,0.518,0.516,0.515,0.515,0.515,0.515,
1.0,0.583,0.508,0.507,0.511,0.51,0.501,0.492,0.494,0.489,
0.939,0.475,0.385,0.344,0.338,0.334,0.333,0.333,0.333,0.333,
0.952,0.683,0.613,0.577,0.541,0.581,0.537,0.511,0.506,0.506,
0.877,0.657,0.593,0.567,0.54,0.529,0.532,0.534,0.537,0.525,
0.745,0.495,0.445,0.427,0.42,0.419,0.419,0.419,0.419,0.419,
1.0,0.609,0.534,0.499,0.461,0.438,0.432,0.431,0.43,0.43,
1.0,0.461,0.411,0.363,0.341,0.38,0.361,0.398,0.355,0.379,
0.837,0.58,0.524,0.506,0.501,0.5,0.5,0.5,0.5,0.5,
1.0,0.694,0.643,0.602,0.586,0.585,0.577,0.575,0.547,0.537,
0.923,0.483,0.418,0.401,0.343,0.316,0.319,0.33,0.313,0.318,
1.0,0.553,0.452,0.472,0.48,0.464,0.459,0.457,0.457,0.457,
0.918,0.673,0.664,0.639,0.655,0.639,0.654,0.639,0.654,0.637,
0.793,0.614,0.569,0.572,0.521,0.531,0.52,0.527,0.519,0.527,
0.841,0.614,0.55,0.525,0.518,0.516,0.516,0.515,0.515,0.515,
1.0,0.578,0.558,0.492,0.476,0.474,0.473,0.473,0.472,0.472,
1.0,0.485,0.38,0.35,0.343,0.342,0.341,0.341,0.341,0.341,
0.895,0.629,0.587,0.571,0.559,0.558,0.569,0.562,0.557,0.558,
1.0,0.646,0.598,0.59,0.571,0.589,0.57,0.586,0.57,0.585,
0.985,0.466,0.389,0.355,0.361,0.364,0.357,0.35,0.349,0.349,
0.914,0.455,0.371,0.361,0.382,0.357,0.346,0.388,0.378,0.374,
0.803,0.603,0.571,0.537,0.528,0.527,0.525,0.527,0.525,0.527,
1.0,0.675,0.633,0.594,0.587,0.58,0.579,0.578,0.578,0.602,
0.891,0.453,0.413,0.394,0.388,0.368,0.364,0.363,0.362,0.362,
0.838,0.635,0.613,0.588,0.58,0.579,0.579,0.579,0.579,0.579,
0.826,0.598,0.522,0.5,0.508,0.514,0.514,0.514,0.514,0.514,
1.0,0.468,0.396,0.365,0.365,0.363,0.363,0.363,0.363,0.363,
1.0,0.595,0.523,0.487,0.469,0.464,0.463,0.46,0.473,0.47,
1.0,0.559,0.507,0.541,0.526,0.54,0.531,0.529,0.529,0.528,
1.0,0.603,0.527,0.511,0.513,0.49,0.471,0.467,0.466,0.465,
0.962,0.425,0.368,0.36,0.356,0.351,0.35,0.35,0.35,0.35,
0.808,0.533,0.484,0.473,0.469,0.463,0.468,0.464,0.446,0.44,
1.0,0.484,0.403,0.405,0.399,0.399,0.399,0.4,0.4,0.4,
0.863,0.436,0.36,0.337,0.332,0.332,0.332,0.332,0.332,0.332,
0.971,0.47,0.375,0.353,0.337,0.34,0.336,0.335,0.335,0.335,
0.77,0.586,0.508,0.499,0.492,0.497,0.492,0.497,0.492,0.497,
1.0,0.593,0.553,0.512,0.502,0.5,0.5,0.499,0.499,0.499,
0.919,0.429,0.395,0.362,0.357,0.349,0.332,0.34,0.334,0.33,
0.926,0.583,0.589,0.554,0.564,0.548,0.569,0.545,0.56,0.529,
1.0,0.618,0.495,0.48,0.464,0.459,0.458,0.458,0.458,0.458,
1.0,0.465,0.373,0.359,0.351,0.344,0.334,0.331,0.331,0.33,
0.944,0.459,0.361,0.323,0.317,0.316,0.316,0.316,0.316,0.316,
0.915,0.427,0.358,0.341,0.312,0.307,0.305,0.304,0.304,0.304,
0.801,0.563,0.506,0.502,0.485,0.488,0.5,0.494,0.469,0.496,
0.855,0.569,0.509,0.495,0.492,0.492,0.492,0.503,0.494,0.492,
1.0,0.496,0.503,0.449,0.419,0.414,0.412,0.412,0.412,0.412,
0.945,0.424,0.344,0.316,0.31,0.309,0.309,0.309,0.309,0.309,
0.85,0.605,0.548,0.511,0.53,0.517,0.526,0.508,0.53,0.503,
1.0,0.562,0.473,0.435,0.479,0.487,0.467,0.467,0.463,0.463,
1.0,0.654,0.551,0.525,0.522,0.521,0.521,0.521,0.508,0.533,
1.0,0.538,0.471,0.469,0.444,0.438,0.461,0.443,0.463,0.444,
0.741,0.456,0.485,0.479,0.478,0.478,0.478,0.478,0.478,0.478,
0.81,0.628,0.601,0.588,0.585,0.583,0.584,0.584,0.584,0.573,
1.0,0.595,0.553,0.509,0.483,0.466,0.463,0.462,0.462,0.461,
0.999,0.521,0.402,0.383,0.388,0.363,0.356,0.355,0.354,0.354,
0.839,0.621,0.604,0.588,0.584,0.584,0.583,0.583,0.536,0.501,
1.0,0.549,0.455,0.435,0.432,0.431,0.431,0.431,0.431,0.431,
0.927,0.487,0.405,0.355,0.34,0.335,0.334,0.334,0.334,0.334,
0.939,0.389,0.316,0.294,0.29,0.289,0.289,0.289,0.289,0.289,
1.0,0.552,0.478,0.477,0.481,0.48,0.48,0.468,0.456,0.454,
0.944,0.399,0.293,0.275,0.272,0.272,0.272,0.272,0.272,0.272,
0.881,0.596,0.545,0.554,0.533,0.539,0.541,0.541,0.531,0.526,
1.0,0.521,0.506,0.419,0.452,0.415,0.447,0.413,0.447,0.413,
0.932,0.448,0.365,0.347,0.34,0.325,0.321,0.32,0.32,0.32,
0.981,0.453,0.371,0.333,0.321,0.318,0.317,0.317,0.317,0.317,
0.872,0.416,0.331,0.306,0.294,0.291,0.291,0.291,0.291,0.291,
1.0,0.59,0.503,0.478,0.479,0.481,0.482,0.458,0.471,0.464,
1.0,0.625,0.549,0.537,0.523,0.509,0.507,0.507,0.507,0.507,
0.759,0.578,0.56,0.557,0.556,0.556,0.556,0.556,0.556,0.556,
0.758,0.591,0.523,0.508,0.506,0.505,0.505,0.505,0.505,0.505,
1.0,0.563,0.496,0.486,0.459,0.446,0.426,0.421,0.435,0.422,
0.975,0.533,0.456,0.422,0.413,0.414,0.391,0.403,0.387,0.402,
1.0,0.441,0.366,0.362,0.356,0.356,0.355,0.356,0.355,0.356,
0.798,0.636,0.597,0.565,0.554,0.552,0.552,0.552,0.552,0.552,
1.0,0.612,0.525,0.482,0.503,0.513,0.512,0.516,0.513,0.516,
0.731,0.477,0.502,0.505,0.493,0.502,0.529,0.529,0.529,0.53,
1.0,0.605,0.546,0.531,0.524,0.462,0.454,0.449,0.448,0.448,
0.913,0.456,0.407,0.383,0.378,0.378,0.373,0.366,0.363,0.362,
0.934,0.633,0.575,0.553,0.549,0.548,0.548,0.548,0.548,0.548,
1.0,0.427,0.447,0.571,0.573,0.567,0.566,0.569,0.346,0.319,
1.0,0.62,0.558,0.514,0.519,0.522,0.523,0.523,0.523,0.523,
0.872,0.608,0.562,0.545,0.542,0.541,0.541,0.541,0.522,0.53,
0.926,0.622,0.572,0.57,0.573,0.572,0.565,0.569,0.557,0.556,
1.0,0.626,0.418,0.448,0.481,0.52,0.524,0.52,0.525,0.52,
0.97,0.495,0.416,0.38,0.372,0.373,0.366,0.367,0.372,0.366,
0.986,0.457,0.389,0.385,0.394,0.364,0.373,0.364,0.361,0.376,
1.0,0.691,0.538,0.546,0.541,0.538,0.54,0.538,0.54,0.538,
1.0,0.59,0.477,0.409,0.413,0.417,0.393,0.408,0.415,0.393,
1.0,0.448,0.37,0.327,0.317,0.315,0.314,0.314,0.314,0.314,
0.785,0.572,0.515,0.503,0.511,0.504,0.506,0.496,0.503,0.495,
0.839,0.616,0.583,0.551,0.541,0.538,0.537,0.537,0.537,0.537,
0.98,0.559,0.488,0.448,0.431,0.422,0.427,0.426,0.426,0.426,
0.732,0.592,0.551,0.531,0.521,0.519,0.519,0.519,0.519,0.519,
1.0,0.595,0.501,0.441,0.458,0.405,0.407,0.406,0.418,0.415,
0.947,0.516,0.455,0.427,0.42,0.421,0.418,0.415,0.413,0.412,
0.845,0.69,0.662,0.654,0.653,0.652,0.652,0.652,0.652,0.652,
0.826,0.702,0.667,0.66,0.658,0.658,0.658,0.658,0.658,0.658,
1.0,0.694,0.618,0.605,0.603,0.604,0.601,0.602,0.604,0.601,
0.93,0.458,0.405,0.386,0.372,0.391,0.399,0.402,0.37,0.396,
0.883,0.553,0.484,0.469,0.434,0.424,0.422,0.421,0.421,0.421,
1.0,0.701,0.643,0.618,0.614,0.601,0.608,0.606,0.605,0.605,
1.0,0.635,0.587,0.553,0.529,0.534,0.528,0.523,0.522,0.522,
0.821,0.52,0.492,0.479,0.471,0.473,0.47,0.473,0.473,0.46,
0.92,0.66,0.722,0.673,0.678,0.654,0.674,0.654,0.674,0.654,
0.787,0.488,0.52,0.583,0.559,0.554,0.552,0.552,0.552,0.552,
1.0,0.632,0.556,0.534,0.53,0.527,0.527,0.527,0.527,0.527,
0.988,0.535,0.487,0.428,0.434,0.44,0.442,0.494,0.476,0.455,
1.0,0.661,0.618,0.493,0.561,0.473,0.548,0.457,0.545,0.457,
0.747,0.525,0.534,0.529,0.528,0.528,0.528,0.528,0.528,0.528,
0.769,0.628,0.596,0.623,0.59,0.603,0.602,0.597,0.58,0.572,
1.0,0.571,0.506,0.5,0.472,0.494,0.472,0.488,0.474,0.494,
0.962,0.475,0.393,0.395,0.364,0.354,0.374,0.361,0.352,0.35,
0.921,0.498,0.434,0.408,0.427,0.399,0.411,0.421,0.418,0.413,
1.0,0.67,0.627,0.587,0.577,0.575,0.574,0.574,0.574,0.574,
1.0,0.629,0.562,0.534,0.509,0.501,0.499,0.499,0.499,0.499,
1.0,0.534,0.452,0.437,0.432,0.431,0.43,0.43,0.43,0.43,
0.823,0.684,0.637,0.627,0.624,0.623,0.623,0.623,0.619,0.627,
0.819,0.682,0.648,0.653,0.643,0.641,0.64,0.64,0.64,0.639,
0.917,0.488,0.468,0.424,0.398,0.393,0.392,0.392,0.392,0.392,
0.943,0.445,0.38,0.371,0.357,0.349,0.346,0.346,0.345,0.345,
0.775,0.679,0.648,0.632,0.624,0.623,0.623,0.623,0.623,0.623,
1.0,0.689,0.622,0.585,0.564,0.585,0.557,0.575,0.592,0.558,
1.0,0.642,0.595,0.597,0.607,0.586,0.595,0.571,0.586,0.606,
0.809,0.57,0.52,0.499,0.495,0.509,0.499,0.495,0.494,0.494,
0.959,0.456,0.385,0.37,0.367,0.366,0.366,0.366,0.366,0.366,
1.0,0.558,0.434,0.416,0.404,0.391,0.392,0.394,0.395,0.395,
0.899,0.458,0.396,0.38,0.364,0.351,0.346,0.33,0.351,0.329,
0.97,0.645,0.523,0.488,0.479,0.478,0.477,0.478,0.476,0.477,
1.0,0.56,0.473,0.441,0.437,0.436,0.435,0.435,0.435,0.435,
0.947,0.43,0.361,0.335,0.321,0.318,0.317,0.317,0.317,0.317,
0.952,0.664,0.603,0.586,0.582,0.581,0.58,0.58,0.58,0.58,
1.0,0.519,0.456,0.431,0.426,0.43,0.427,0.426,0.426,0.426,
0.989,0.469,0.412,0.371,0.359,0.357,0.354,0.347,0.344,0.344,
0.935,0.482,0.402,0.379,0.374,0.366,0.37,0.372,0.365,0.37,
0.769,0.575,0.531,0.521,0.519,0.531,0.523,0.531,0.533,0.532,
1.0,0.511,0.487,0.471,0.466,0.465,0.465,0.465,0.465,0.465,
0.983,0.448,0.397,0.355,0.341,0.336,0.334,0.334,0.333,0.334,
1.0,0.474,0.394,0.365,0.366,0.368,0.356,0.356,0.356,0.356,
0.798,0.592,0.585,0.561,0.546,0.541,0.527,0.52,0.518,0.518,
0.917,0.724,0.637,0.614,0.616,0.607,0.605,0.605,0.605,0.605,
1.0,0.577,0.536,0.51,0.523,0.514,0.508,0.507,0.507,0.507,
1.0,0.584,0.561,0.513,0.489,0.49,0.514,0.501,0.544,0.529,
0.893,0.69,0.645,0.636,0.634,0.634,0.634,0.634,0.634,0.634,
0.873,0.685,0.658,0.681,0.669,0.636,0.641,0.639,0.628,0.638,
1.0,0.479,0.444,0.431,0.433,0.434,0.423,0.433,0.432,0.432,
1.0,0.586,0.559,0.529,0.522,0.521,0.52,0.52,0.52,0.52,
0.957,0.543,0.476,0.454,0.447,0.45,0.445,0.431,0.442,0.432,
0.825,0.629,0.582,0.561,0.567,0.564,0.566,0.564,0.566,0.564,
1.0,0.569,0.451,0.425,0.433,0.416,0.415,0.417,0.417,0.417,
0.877,0.491,0.445,0.422,0.406,0.422,0.413,0.404,0.391,0.387,
1.0,0.575,0.449,0.47,0.474,0.452,0.445,0.445,0.443,0.443,
1.0,0.605,0.553,0.521,0.513,0.512,0.511,0.511,0.511,0.511,
1.0,0.601,0.55,0.579,0.576,0.593,0.602,0.601,0.601,0.601,
1.0,0.607,0.578,0.578,0.575,0.577,0.561,0.575,0.56,0.574,
0.978,0.609,0.659,0.598,0.594,0.601,0.622,0.592,0.592,0.596,
0.881,0.383,0.309,0.29,0.283,0.279,0.278,0.278,0.278,0.278,
0.939,0.446,0.392,0.343,0.349,0.351,0.352,0.352,0.353,0.353,
0.877,0.666,0.632,0.568,0.617,0.585,0.599,0.598,0.59,0.62,
1.0,0.593,0.507,0.445,0.402,0.402,0.382,0.398,0.381,0.398,
1.0,0.476,0.391,0.373,0.353,0.344,0.342,0.342,0.342,0.342,
1.0,0.684,0.61,0.595,0.592,0.591,0.591,0.591,0.591,0.591,
0.716,0.41,0.459,0.458,0.476,0.476,0.476,0.477,0.477,0.477,
1.0,0.597,0.553,0.516,0.507,0.505,0.505,0.504,0.504,0.504,
0.922,0.473,0.39,0.361,0.343,0.34,0.348,0.35,0.341,0.338,
0.884,0.482,0.432,0.37,0.345,0.338,0.336,0.335,0.335,0.335,
0.768,0.612,0.568,0.542,0.565,0.545,0.541,0.54,0.54,0.523,
1.0,0.611,0.568,0.565,0.49,0.499,0.507,0.511,0.521,0.522,
0.931,0.429,0.368,0.341,0.337,0.337,0.331,0.335,0.336,0.326,
0.842,0.593,0.534,0.511,0.5,0.497,0.513,0.513,0.513,0.513,
1.0,0.548,0.507,0.467,0.466,0.482,0.463,0.457,0.456,0.456,
1.0,0.493,0.46,0.455,0.425,0.42,0.407,0.41,0.412,0.412,


