1.0,0.566,0.555,0.5,0.505,0.543,0.503,0.486,0.494,0.485,
1.0,0.607,0.609,0.546,0.558,0.548,0.485,0.548,0.487,0.539,
0.939,0.588,0.535,0.478,0.538,0.483,0.484,0.532,0.496,0.506,
1.0,0.668,0.53,0.72,0.534,0.56,0.581,0.508,0.517,0.559,
1.0,0.585,0.587,0.48,0.49,0.577,0.521,0.496,0.48,0.524,
0.945,0.681,0.52,0.537,0.515,0.508,0.485,0.558,0.498,0.465,
0.912,0.533,0.541,0.508,0.471,0.487,0.453,0.484,0.484,0.501,
1.0,0.665,0.526,0.558,0.509,0.548,0.518,0.492,0.514,0.581,
0.99,0.715,0.523,0.574,0.569,0.55,0.563,0.543,0.523,0.553,
1.0,0.635,0.538,0.604,0.534,0.479,0.481,0.521,0.477,0.5,
0.946,0.599,0.524,0.489,0.455,0.522,0.454,0.47,0.542,0.445,
0.949,0.659,0.483,0.561,0.496,0.469,0.55,0.469,0.477,0.483,
1.0,0.612,0.586,0.581,0.538,0.534,0.533,0.514,0.531,0.543,
1.0,0.652,0.515,0.501,0.513,0.581,0.543,0.488,0.519,0.539,
1.0,0.654,0.515,0.588,0.58,0.499,0.522,0.587,0.592,0.501,
1.0,0.624,0.56,0.582,0.551,0.565,0.574,0.547,0.559,0.585,
1.0,0.648,0.598,0.577,0.55,0.55,0.529,0.613,0.538,0.552,
1.0,0.618,0.554,0.544,0.545,0.514,0.502,0.501,0.541,0.482,
0.93,0.675,0.501,0.556,0.52,0.507,0.51,0.511,0.48,0.511,
0.919,0.59,0.473,0.5,0.532,0.469,0.467,0.489,0.449,0.471,
1.0,0.604,0.64,0.585,0.556,0.571,0.595,0.545,0.514,0.534,
1.0,0.62,0.538,0.517,0.475,0.556,0.475,0.455,0.468,0.464,
0.912,0.552,0.523,0.496,0.509,0.463,0.473,0.47,0.518,0.5,
1.0,0.597,0.621,0.575,0.494,0.49,0.571,0.548,0.524,0.534,
1.0,0.615,0.531,0.537,0.504,0.506,0.502,0.517,0.469,0.492,
1.0,0.641,0.567,0.576,0.648,0.54,0.513,0.536,0.545,0.542,
1.0,0.663,0.544,0.587,0.571,0.551,0.525,0.546,0.502,0.523,
1.0,0.526,0.588,0.54,0.521,0.454,0.469,0.493,0.525,0.467,
0.915,0.571,0.469,0.516,0.465,0.528,0.449,0.465,0.446,0.492,
0.982,0.556,0.574,0.563,0.539,0.52,0.57,0.508,0.539,0.523,
1.0,0.581,0.565,0.5,0.503,0.47,0.45,0.462,0.508,0.506,
1.0,0.612,0.548,0.558,0.475,0.498,0.493,0.456,0.451,0.452,
0.952,0.627,0.544,0.536,0.484,0.541,0.456,0.477,0.515,0.503,
1.0,0.65,0.514,0.545,0.572,0.488,0.564,0.533,0.489,0.545,
1.0,0.709,0.592,0.552,0.614,0.592,0.567,0.617,0.552,0.584,
0.931,0.574,0.589,0.471,0.514,0.474,0.51,0.497,0.532,0.557,
0.939,0.583,0.535,0.552,0.485,0.481,0.556,0.521,0.459,0.462,
1.0,0.611,0.554,0.553,0.578,0.581,0.557,0.572,0.557,0.571,
1.0,0.558,0.58,0.579,0.498,0.5,0.504,0.474,0.551,0.527,
1.0,0.54,0.485,0.529,0.474,0.431,0.456,0.465,0.458,0.455,
0.933,0.583,0.501,0.556,0.468,0.508,0.486,0.459,0.459,0.472,
0.91,0.642,0.518,0.565,0.522,0.485,0.485,0.519,0.462,0.497,
0.94,0.569,0.535,0.54,0.457,0.475,0.498,0.525,0.527,0.46,
0.972,0.618,0.591,0.504,0.545,0.512,0.514,0.526,0.523,0.537,
1.0,0.602,0.511,0.545,0.532,0.5,0.474,0.492,0.469,0.479,
0.912,0.603,0.515,0.505,0.523,0.492,0.49,0.449,0.452,0.445,
1.0,0.649,0.558,0.578,0.544,0.519,0.481,0.545,0.572,0.5,
1.0,0.65,0.662,0.558,0.609,0.552,0.55,0.559,0.563,0.582,
0.962,0.602,0.55,0.486,0.484,0.556,0.489,0.483,0.499,0.528,
0.953,0.588,0.546,0.566,0.52,0.502,0.523,0.511,0.493,0.482,
1.0,0.66,0.581,0.592,0.534,0.566,0.552,0.548,0.581,0.547,
1.0,0.657,0.516,0.511,0.482,0.49,0.472,0.537,0.487,0.531,
0.923,0.607,0.5,0.487,0.508,0.461,0.465,0.493,0.487,0.461,
1.0,0.61,0.571,0.556,0.534,0.519,0.486,0.53,0.54,0.521,
1.0,0.731,0.562,0.602,0.559,0.549,0.592,0.528,0.544,0.565,
1.0,0.629,0.547,0.547,0.514,0.522,0.522,0.468,0.488,0.524,
1.0,0.687,0.643,0.565,0.542,0.542,0.582,0.55,0.551,0.596,
1.0,0.514,0.523,0.505,0.486,0.456,0.474,0.526,0.455,0.444,
1.0,0.61,0.551,0.512,0.489,0.462,0.514,0.522,0.474,0.543,
1.0,0.714,0.551,0.574,0.523,0.52,0.528,0.489,0.547,0.575,
0.995,0.653,0.594,0.585,0.593,0.582,0.551,0.56,0.577,0.592,
1.0,0.527,0.502,0.455,0.484,0.51,0.44,0.457,0.473,0.452,
1.0,0.563,0.52,0.548,0.494,0.567,0.494,0.5,0.5,0.454,
0.939,0.577,0.513,0.487,0.477,0.518,0.483,0.476,0.48,0.465,
1.0,0.63,0.602,0.514,0.543,0.563,0.527,0.522,0.559,0.575,
1.0,0.667,0.555,0.53,0.534,0.546,0.488,0.491,0.503,0.473,
0.943,0.596,0.563,0.474,0.477,0.503,0.523,0.469,0.49,0.512,
0.972,0.616,0.551,0.487,0.497,0.485,0.514,0.497,0.479,0.502,
1.0,0.636,0.571,0.527,0.509,0.536,0.537,0.571,0.562,0.526,
1.0,0.519,0.544,0.534,0.536,0.53,0.464,0.586,0.518,0.48,
1.0,0.603,0.561,0.576,0.473,0.527,0.476,0.475,0.486,0.518,
1.0,0.567,0.563,0.61,0.546,0.578,0.575,0.595,0.519,0.53,
0.913,0.603,0.505,0.522,0.494,0.516,0.528,0.535,0.471,0.471,
1.0,0.655,0.572,0.555,0.558,0.531,0.543,0.524,0.567,0.572,
1.0,0.635,0.553,0.511,0.549,0.585,0.548,0.531,0.492,0.563,
0.953,0.616,0.529,0.549,0.51,0.51,0.49,0.491,0.48,0.534,
1.0,0.647,0.596,0.615,0.558,0.525,0.572,0.52,0.563,0.575,
0.967,0.664,0.55,0.612,0.537,0.587,0.567,0.599,0.594,0.576,
1.0,0.608,0.529,0.555,0.466,0.463,0.464,0.47,0.512,0.465,
0.917,0.586,0.542,0.46,0.485,0.487,0.471,0.517,0.48,0.469,
0.92,0.567,0.535,0.538,0.484,0.481,0.474,0.49,0.514,0.533,
1.0,0.681,0.528,0.594,0.475,0.51,0.502,0.486,0.532,0.498,
1.0,0.585,0.512,0.579,0.468,0.448,0.489,0.482,0.446,0.489,
0.903,0.61,0.571,0.49,0.495,0.491,0.484,0.45,0.444,0.501,
0.983,0.582,0.544,0.6,0.577,0.561,0.558,0.559,0.541,0.539,
1.0,0.661,0.595,0.517,0.629,0.577,0.557,0.544,0.557,0.617,
1.0,0.622,0.487,0.477,0.507,0.535,0.464,0.498,0.547,0.49,
0.943,0.638,0.501,0.492,0.483,0.506,0.476,0.471,0.526,0.5,
1.0,0.644,0.528,0.496,0.458,0.468,0.472,0.477,0.458,0.481,
1.0,0.644,0.498,0.491,0.505,0.508,0.564,0.493,0.46,0.484,
1.0,0.694,0.551,0.615,0.574,0.616,0.524,0.579,0.527,0.536,
1.0,0.649,0.56,0.523,0.561,0.58,0.568,0.557,0.522,0.51,
1.0,0.599,0.529,0.538,0.528,0.502,0.513,0.492,0.532,0.531,
0.949,0.617,0.538,0.512,0.471,0.521,0.479,0.474,0.506,0.475,
1.0,0.646,0.562,0.56,0.616,0.492,0.615,0.57,0.51,0.558,
1.0,0.586,0.505,0.505,0.515,0.532,0.488,0.451,0.505,0.469,
0.914,0.592,0.513,0.505,0.487,0.453,0.569,0.46,0.441,0.454,
0.899,0.613,0.49,0.544,0.503,0.481,0.538,0.456,0.506,0.499,
1.0,0.62,0.56,0.54,0.546,0.562,0.491,0.541,0.517,0.528,
1.0,0.589,0.619,0.555,0.517,0.525,0.525,0.528,0.516,0.486,
1.0,0.612,0.55,0.538,0.488,0.561,0.595,0.516,0.503,0.612,
0.965,0.612,0.56,0.553,0.476,0.497,0.541,0.488,0.495,0.503,
1.0,0.63,0.594,0.549,0.542,0.533,0.585,0.553,0.535,0.564,
1.0,0.568,0.53,0.559,0.474,0.486,0.471,0.51,0.481,0.451,
1.0,0.619,0.559,0.624,0.562,0.56,0.52,0.55,0.566,0.505,
0.94,0.568,0.537,0.495,0.512,0.494,0.493,0.499,0.512,0.452,
0.935,0.641,0.519,0.503,0.515,0.475,0.496,0.53,0.531,0.491,
0.939,0.635,0.567,0.504,0.495,0.499,0.481,0.5,0.519,0.514,
1.0,0.693,0.58,0.589,0.572,0.581,0.595,0.556,0.553,0.545,
1.0,0.617,0.488,0.476,0.505,0.522,0.474,0.469,0.461,0.476,
0.958,0.596,0.579,0.552,0.49,0.514,0.503,0.49,0.484,0.477,
1.0,0.607,0.558,0.6,0.528,0.534,0.54,0.519,0.542,0.509,
1.0,0.601,0.525,0.584,0.523,0.453,0.521,0.511,0.493,0.497,
0.922,0.66,0.488,0.546,0.467,0.471,0.499,0.514,0.481,0.463,
1.0,0.673,0.562,0.594,0.564,0.568,0.534,0.53,0.549,0.519,
1.0,0.682,0.579,0.575,0.574,0.519,0.55,0.498,0.534,0.578,
1.0,0.539,0.535,0.506,0.508,0.466,0.509,0.5,0.469,0.479,
0.943,0.669,0.52,0.516,0.501,0.549,0.53,0.503,0.465,0.531,
0.928,0.643,0.487,0.491,0.519,0.516,0.453,0.474,0.47,0.487,
1.0,0.564,0.579,0.558,0.496,0.508,0.489,0.501,0.519,0.495,
1.0,0.606,0.596,0.522,0.589,0.547,0.544,0.592,0.534,0.606,
1.0,0.652,0.54,0.537,0.556,0.58,0.526,0.494,0.528,0.508,
1.0,0.663,0.539,0.562,0.592,0.505,0.559,0.543,0.604,0.546,
1.0,0.646,0.503,0.469,0.573,0.497,0.489,0.537,0.497,0.519,
0.904,0.602,0.554,0.538,0.498,0.512,0.517,0.574,0.476,0.514,
1.0,0.658,0.568,0.541,0.607,0.555,0.543,0.579,0.536,0.56,
1.0,0.503,0.633,0.53,0.456,0.5,0.469,0.493,0.486,0.531,
1.0,0.617,0.573,0.593,0.491,0.519,0.549,0.597,0.509,0.524,
0.933,0.562,0.525,0.503,0.496,0.452,0.5,0.542,0.491,0.504,
0.972,0.654,0.583,0.596,0.589,0.594,0.56,0.527,0.526,0.528,
1.0,0.758,0.483,0.624,0.498,0.482,0.538,0.482,0.492,0.575,
0.945,0.601,0.494,0.572,0.501,0.49,0.477,0.534,0.494,0.457,
0.987,0.637,0.567,0.546,0.579,0.509,0.546,0.524,0.512,0.518,
1.0,0.543,0.608,0.517,0.522,0.472,0.469,0.534,0.488,0.456,
1.0,0.529,0.539,0.463,0.437,0.458,0.483,0.449,0.462,0.48,
1.0,0.699,0.537,0.511,0.498,0.497,0.556,0.511,0.508,0.531,
0.918,0.55,0.561,0.538,0.459,0.453,0.491,0.524,0.512,0.521,
0.924,0.614,0.52,0.512,0.459,0.463,0.526,0.478,0.48,0.509,
1.0,0.596,0.528,0.613,0.519,0.579,0.577,0.512,0.56,0.509,
1.0,0.615,0.508,0.548,0.521,0.464,0.459,0.493,0.505,0.523,
0.943,0.679,0.485,0.495,0.501,0.461,0.483,0.535,0.53,0.497,
1.0,0.644,0.604,0.522,0.515,0.539,0.494,0.483,0.521,0.529,
1.0,0.661,0.53,0.505,0.59,0.52,0.522,0.503,0.489,0.491,
1.0,0.596,0.601,0.535,0.525,0.504,0.522,0.567,0.502,0.488,
0.961,0.557,0.582,0.468,0.496,0.584,0.508,0.485,0.499,0.473,
0.936,0.609,0.552,0.489,0.538,0.473,0.495,0.529,0.504,0.477,
1.0,0.652,0.564,0.519,0.555,0.534,0.512,0.5,0.48,0.508,
1.0,0.644,0.5,0.53,0.494,0.5,0.498,0.497,0.509,0.525,
0.915,0.564,0.476,0.457,0.491,0.518,0.447,0.492,0.489,0.495,
1.0,0.622,0.585,0.565,0.568,0.557,0.518,0.498,0.549,0.52,
1.0,0.6,0.573,0.501,0.528,0.511,0.542,0.524,0.486,0.494,
1.0,0.57,0.484,0.532,0.468,0.478,0.447,0.508,0.524,0.503,
1.0,0.635,0.505,0.56,0.525,0.528,0.488,0.461,0.528,0.523,
1.0,0.568,0.483,0.512,0.448,0.545,0.479,0.461,0.449,0.476,
1.0,0.638,0.565,0.495,0.562,0.499,0.595,0.521,0.495,0.485,
0.957,0.588,0.493,0.486,0.526,0.462,0.478,0.474,0.471,0.478,
1.0,0.594,0.604,0.545,0.575,0.524,0.554,0.553,0.523,0.507,
0.915,0.603,0.49,0.484,0.475,0.442,0.472,0.437,0.477,0.47,
0.944,0.581,0.53,0.55,0.506,0.491,0.458,0.468,0.471,0.523,
0.917,0.591,0.481,0.494,0.445,0.523,0.469,0.502,0.517,0.441,
1.0,0.647,0.522,0.523,0.497,0.517,0.465,0.47,0.49,0.492,
1.0,0.674,0.53,0.539,0.513,0.521,0.519,0.53,0.495,0.498,
0.974,0.684,0.477,0.516,0.495,0.511,0.531,0.465,0.516,0.497,
1.0,0.63,0.546,0.554,0.582,0.602,0.564,0.541,0.522,0.572,
1.0,0.561,0.536,0.494,0.513,0.517,0.47,0.503,0.507,0.492,
0.962,0.638,0.566,0.473,0.48,0.469,0.491,0.483,0.478,0.51,
0.963,0.569,0.564,0.511,0.501,0.496,0.49,0.515,0.476,0.49,
1.0,0.636,0.586,0.573,0.599,0.538,0.552,0.533,0.558,0.542,
1.0,0.63,0.515,0.533,0.549,0.487,0.523,0.48,0.511,0.491,
1.0,0.643,0.575,0.552,0.572,0.587,0.54,0.533,0.557,0.506,
0.924,0.625,0.514,0.469,0.489,0.485,0.517,0.504,0.482,0.502,
0.955,0.619,0.5,0.519,0.507,0.512,0.473,0.546,0.491,0.509,
1.0,0.609,0.549,0.522,0.498,0.515,0.505,0.503,0.518,0.511,
1.0,0.654,0.538,0.469,0.548,0.488,0.497,0.514,0.488,0.494,
1.0,0.623,0.618,0.475,0.539,0.567,0.487,0.504,0.528,0.48,
0.937,0.562,0.581,0.514,0.524,0.494,0.493,0.516,0.486,0.499,
1.0,0.63,0.575,0.569,0.533,0.567,0.545,0.52,0.557,0.572,
1.0,0.586,0.542,0.581,0.572,0.561,0.539,0.514,0.576,0.543,
1.0,0.594,0.606,0.533,0.533,0.546,0.512,0.54,0.512,0.476,
0.983,0.679,0.516,0.524,0.505,0.499,0.522,0.513,0.517,0.504,
0.989,0.714,0.506,0.57,0.56,0.538,0.532,0.566,0.561,0.555,
1.0,0.618,0.543,0.522,0.473,0.505,0.526,0.536,0.48,0.466,
0.929,0.632,0.471,0.581,0.483,0.491,0.506,0.488,0.509,0.554,
1.0,0.662,0.576,0.546,0.574,0.576,0.557,0.546,0.574,0.527,
1.0,0.563,0.567,0.477,0.486,0.554,0.474,0.475,0.506,0.517,
0.953,0.587,0.505,0.513,0.486,0.471,0.485,0.506,0.472,0.539,
1.0,0.64,0.584,0.564,0.566,0.555,0.492,0.527,0.536,0.493,
1.0,0.57,0.563,0.555,0.556,0.484,0.526,0.509,0.534,0.493,
0.935,0.665,0.516,0.493,0.46,0.524,0.482,0.503,0.492,0.505,
0.954,0.653,0.534,0.522,0.481,0.531,0.474,0.506,0.501,0.473,
0.986,0.648,0.543,0.565,0.509,0.522,0.531,0.52,0.539,0.539,
1.0,0.683,0.556,0.598,0.514,0.494,0.516,0.491,0.539,0.53,
1.0,0.607,0.543,0.493,0.572,0.51,0.513,0.481,0.506,0.48,
0.999,0.669,0.593,0.587,0.563,0.57,0.565,0.57,0.519,0.584,
1.0,0.683,0.534,0.54,0.563,0.537,0.535,0.537,0.573,0.511,
1.0,0.615,0.532,0.524,0.474,0.494,0.516,0.479,0.492,0.47,
0.958,0.576,0.593,0.479,0.489,0.549,0.483,0.46,0.472,0.486,
0.952,0.583,0.518,0.533,0.49,0.532,0.533,0.515,0.515,0.48,
1.0,0.624,0.57,0.632,0.547,0.557,0.586,0.509,0.585,0.518,
1.0,0.62,0.526,0.487,0.483,0.507,0.453,0.482,0.489,0.478,
1.0,0.672,0.541,0.54,0.611,0.566,0.543,0.548,0.563,0.589,
0.936,0.576,0.627,0.458,0.502,0.487,0.501,0.469,0.533,0.506,
0.92,0.651,0.491,0.483,0.482,0.462,0.452,0.485,0.495,0.49,
1.0,0.667,0.534,0.633,0.54,0.557,0.598,0.51,0.558,0.531,
1.0,0.568,0.583,0.567,0.497,0.54,0.496,0.558,0.496,0.469,
0.967,0.632,0.508,0.53,0.548,0.492,0.509,0.482,0.477,0.574,
0.978,0.652,0.525,0.586,0.558,0.545,0.574,0.54,0.583,0.52,
1.0,0.684,0.558,0.596,0.552,0.521,0.611,0.536,0.537,0.584,
1.0,0.57,0.56,0.538,0.512,0.486,0.529,0.492,0.491,0.492,
0.934,0.592,0.509,0.554,0.491,0.477,0.459,0.483,0.486,0.511,
0.941,0.675,0.527,0.503,0.537,0.484,0.492,0.471,0.46,0.478,
1.0,0.589,0.625,0.541,0.518,0.561,0.517,0.493,0.561,0.516,
1.0,0.629,0.538,0.583,0.486,0.548,0.546,0.521,0.496,0.5,
0.924,0.594,0.526,0.473,0.501,0.492,0.466,0.482,0.463,0.475,
0.99,0.624,0.555,0.589,0.516,0.512,0.6,0.556,0.534,0.521,
1.0,0.577,0.579,0.551,0.575,0.575,0.568,0.545,0.565,0.544,
1.0,0.588,0.576,0.557,0.531,0.538,0.523,0.563,0.566,0.57,
1.0,0.586,0.614,0.498,0.523,0.497,0.513,0.466,0.527,0.502,
1.0,0.604,0.497,0.551,0.485,0.511,0.49,0.459,0.525,0.473,
1.0,0.665,0.566,0.655,0.509,0.543,0.534,0.537,0.525,0.534,
0.892,0.617,0.506,0.574,0.541,0.474,0.479,0.497,0.505,0.471,
1.0,0.663,0.555,0.545,0.559,0.547,0.525,0.515,0.532,0.536,
1.0,0.601,0.536,0.537,0.469,0.468,0.508,0.478,0.501,0.454,
0.95,0.599,0.549,0.538,0.485,0.524,0.457,0.456,0.492,0.487,
1.0,0.641,0.596,0.581,0.58,0.528,0.569,0.515,0.519,0.568,
1.0,0.643,0.531,0.535,0.495,0.552,0.488,0.501,0.526,0.476,
0.948,0.619,0.514,0.522,0.458,0.469,0.495,0.515,0.463,0.475,
0.939,0.577,0.527,0.614,0.47,0.47,0.499,0.5,0.499,0.556,
1.0,0.618,0.608,0.508,0.551,0.526,0.538,0.576,0.562,0.533,
1.0,0.671,0.591,0.483,0.524,0.485,0.5,0.533,0.489,0.483,
1.0,0.59,0.527,0.537,0.515,0.499,0.546,0.474,0.479,0.508,
0.921,0.609,0.552,0.493,0.513,0.468,0.489,0.496,0.468,0.499,
0.954,0.629,0.534,0.478,0.467,0.487,0.459,0.477,0.481,0.458,
1.0,0.634,0.58,0.495,0.513,0.548,0.525,0.576,0.571,0.55,
0.972,0.647,0.607,0.54,0.569,0.572,0.529,0.547,0.549,0.512,
0.938,0.597,0.492,0.476,0.484,0.472,0.515,0.537,0.484,0.479,
0.951,0.587,0.554,0.489,0.495,0.522,0.477,0.477,0.521,0.471,
1.0,0.669,0.546,0.489,0.583,0.575,0.527,0.545,0.519,0.556,
0.979,0.66,0.57,0.526,0.634,0.526,0.524,0.501,0.52,0.566,
1.0,0.677,0.479,0.532,0.579,0.49,0.486,0.528,0.508,0.463,
0.958,0.634,0.55,0.507,0.487,0.487,0.508,0.492,0.518,0.505,
0.967,0.669,0.544,0.626,0.572,0.568,0.519,0.524,0.543,0.548,
1.0,0.677,0.523,0.541,0.561,0.532,0.529,0.478,0.559,0.511,
1.0,0.635,0.551,0.474,0.557,0.489,0.516,0.485,0.501,0.47,
1.0,0.648,0.534,0.533,0.523,0.545,0.587,0.526,0.571,0.534,
1.0,0.621,0.602,0.588,0.517,0.587,0.533,0.53,0.54,0.565,
0.997,0.665,0.599,0.531,0.515,0.556,0.587,0.509,0.505,0.513,
0.958,0.579,0.533,0.507,0.51,0.538,0.489,0.486,0.502,0.514,
1.0,0.654,0.547,0.567,0.521,0.504,0.551,0.49,0.507,0.495,
1.0,0.581,0.503,0.581,0.505,0.518,0.489,0.468,0.476,0.485,
1.0,0.662,0.576,0.514,0.536,0.504,0.626,0.539,0.56,0.495,
1.0,0.589,0.623,0.578,0.575,0.558,0.564,0.562,0.509,0.561,
1.0,0.595,0.566,0.516,0.539,0.527,0.49,0.479,0.495,0.471,
0.939,0.627,0.545,0.468,0.456,0.459,0.483,0.555,0.525,0.445,
0.931,0.624,0.557,0.481,0.5,0.504,0.493,0.466,0.458,0.57,
0.995,0.611,0.533,0.55,0.511,0.55,0.516,0.541,0.504,0.521,
1.0,0.576,0.545,0.541,0.514,0.479,0.516,0.548,0.473,0.494,
1.0,0.608,0.464,0.565,0.459,0.435,0.504,0.461,0.45,0.471,
0.947,0.666,0.496,0.507,0.532,0.506,0.474,0.483,0.484,0.512,
1.0,0.646,0.523,0.557,0.539,0.518,0.541,0.562,0.55,0.539,
1.0,0.607,0.527,0.541,0.495,0.463,0.489,0.521,0.476,0.452,
0.946,0.646,0.51,0.493,0.461,0.506,0.515,0.465,0.516,0.486,
1.0,0.655,0.618,0.554,0.552,0.527,0.541,0.564,0.523,0.544,
1.0,0.628,0.522,0.52,0.477,0.48,0.465,0.491,0.476,0.463,
1.0,0.687,0.536,0.645,0.539,0.577,0.616,0.548,0.573,0.568,
1.0,0.591,0.574,0.517,0.521,0.529,0.465,0.489,0.491,0.508,
0.956,0.611,0.503,0.505,0.513,0.488,0.491,0.553,0.466,0.499,
0.966,0.644,0.53,0.516,0.494,0.528,0.479,0.561,0.533,0.476,
0.988,0.607,0.564,0.553,0.588,0.511,0.534,0.569,0.505,0.567,
1.0,0.598,0.511,0.535,0.509,0.455,0.506,0.524,0.456,0.512,
0.948,0.615,0.542,0.517,0.526,0.466,0.492,0.475,0.547,0.556,
1.0,0.656,0.573,0.559,0.624,0.515,0.523,0.552,0.56,0.527,
1.0,0.562,0.587,0.473,0.498,0.506,0.489,0.481,0.517,0.471,
1.0,0.645,0.539,0.506,0.517,0.547,0.468,0.498,0.505,0.508,
0.97,0.527,0.515,0.583,0.498,0.52,0.497,0.547,0.488,0.513,
0.933,0.66,0.525,0.49,0.528,0.512,0.506,0.49,0.461,0.536,
1.0,0.662,0.572,0.527,0.554,0.485,0.564,0.511,0.485,0.57,
1.0,0.657,0.455,0.568,0.487,0.488,0.474,0.509,0.459,0.443,
0.948,0.582,0.532,0.513,0.545,0.484,0.522,0.48,0.487,0.476,
0.964,0.648,0.565,0.535,0.585,0.597,0.609,0.591,0.531,0.571,
0.921,0.58,0.462,0.576,0.494,0.513,0.476,0.483,0.55,0.474,
0.904,0.628,0.481,0.488,0.482,0.493,0.531,0.488,0.465,0.522,
1.0,0.647,0.527,0.514,0.536,0.465,0.517,0.494,0.468,0.479,
1.0,0.587,0.49,0.573,0.502,0.507,0.563,0.505,0.523,0.498,
0.945,0.584,0.585,0.447,0.476,0.487,0.469,0.469,0.492,0.541,
0.985,0.727,0.55,0.593,0.533,0.562,0.592,0.573,0.568,0.592,
1.0,0.627,0.615,0.584,0.577,0.572,0.567,0.582,0.589,0.551,
1.0,0.612,0.534,0.485,0.46,0.482,0.466,0.549,0.474,0.495,
0.928,0.613,0.566,0.498,0.463,0.513,0.478,0.472,0.474,0.485,
0.972,0.627,0.541,0.495,0.519,0.489,0.545,0.582,0.49,0.485,
0.992,0.622,0.593,0.553,0.65,0.55,0.62,0.553,0.551,0.518,
1.0,0.571,0.525,0.545,0.545,0.485,0.499,0.526,0.512,0.56,
0.947,0.619,0.52,0.529,0.457,0.479,0.463,0.448,0.446,0.471,
1.0,0.636,0.594,0.569,0.504,0.555,0.55,0.509,0.541,0.569,
1.0,0.588,0.536,0.519,0.464,0.501,0.556,0.48,0.508,0.475,
0.954,0.606,0.525,0.563,0.498,0.508,0.523,0.47,0.533,0.484,
1.0,0.663,0.528,0.512,0.506,0.542,0.504,0.475,0.467,0.52,
0.954,0.625,0.5,0.487,0.516,0.49,0.53,0.496,0.482,0.499,
1.0,0.664,0.559,0.564,0.62,0.568,0.61,0.587,0.561,0.611,
0.993,0.651,0.555,0.518,0.561,0.561,0.531,0.549,0.551,0.505,
1.0,0.564,0.515,0.525,0.46,0.498,0.514,0.471,0.445,0.478,
0.969,0.559,0.558,0.546,0.496,0.452,0.454,0.523,0.504,0.466,
1.0,0.659,0.506,0.58,0.523,0.484,0.557,0.501,0.475,0.535,
1.0,0.618,0.561,0.541,0.55,0.522,0.49,0.501,0.532,0.517,
0.94,0.614,0.543,0.54,0.523,0.473,0.515,0.472,0.475,0.507,
0.927,0.558,0.554,0.501,0.482,0.47,0.471,0.496,0.498,0.472,
1.0,0.614,0.556,0.525,0.608,0.531,0.52,0.538,0.506,0.588,
1.0,0.635,0.545,0.548,0.565,0.547,0.529,0.556,0.523,0.551,
1.0,0.566,0.542,0.549,0.456,0.539,0.534,0.476,0.493,0.472,
0.95,0.609,0.536,0.511,0.465,0.547,0.478,0.484,0.467,0.502,
0.988,0.62,0.663,0.558,0.558,0.572,0.522,0.557,0.56,0.574,
1.0,0.606,0.524,0.486,0.549,0.51,0.516,0.511,0.482,0.477,
0.997,0.633,0.575,0.594,0.514,0.595,0.59,0.556,0.523,0.532,
0.994,0.672,0.502,0.579,0.553,0.527,0.552,0.483,0.496,0.491,
1.0,0.571,0.569,0.526,0.506,0.455,0.48,0.539,0.484,0.479,
0.936,0.601,0.557,0.501,0.49,0.531,0.495,0.502,0.521,0.534,
1.0,0.632,0.526,0.635,0.572,0.594,0.599,0.603,0.515,0.611,
1.0,0.625,0.494,0.554,0.489,0.46,0.493,0.533,0.473,0.483,
0.928,0.587,0.513,0.498,0.484,0.473,0.529,0.473,0.461,0.5,
0.971,0.646,0.46,0.55,0.46,0.506,0.521,0.482,0.48,0.534,
1.0,0.629,0.586,0.58,0.585,0.502,0.568,0.582,0.5,0.559,
1.0,0.592,0.575,0.519,0.552,0.494,0.529,0.479,0.511,0.496,
1.0,0.596,0.543,0.509,0.455,0.481,0.483,0.469,0.539,0.475,
1.0,0.61,0.56,0.566,0.559,0.532,0.617,0.509,0.547,0.558,
0.989,0.622,0.559,0.597,0.575,0.597,0.564,0.52,0.535,0.573,
0.977,0.682,0.507,0.5,0.537,0.494,0.512,0.523,0.535,0.508,
0.943,0.663,0.578,0.538,0.534,0.476,0.497,0.516,0.497,0.499,
0.936,0.541,0.544,0.544,0.464,0.47,0.507,0.504,0.446,0.486,
0.992,0.591,0.628,0.535,0.562,0.595,0.537,0.554,0.545,0.537,
1.0,0.633,0.559,0.557,0.529,0.539,0.553,0.505,0.487,0.511,
1.0,0.647,0.545,0.603,0.506,0.543,0.567,0.541,0.535,0.532,
1.0,0.612,0.558,0.504,0.481,0.467,0.493,0.464,0.517,0.48,
0.968,0.542,0.571,0.539,0.514,0.497,0.525,0.491,0.507,0.501,
1.0,0.588,0.561,0.541,0.551,0.515,0.495,0.526,0.488,0.524,
1.0,0.615,0.473,0.532,0.485,0.463,0.452,0.49,0.454,0.499,
1.0,0.607,0.597,0.515,0.507,0.534,0.498,0.498,0.539,0.492,
0.992,0.639,0.606,0.546,0.506,0.534,0.606,0.541,0.529,0.59,
1.0,0.681,0.542,0.563,0.588,0.525,0.624,0.583,0.517,0.595,
1.0,0.61,0.532,0.538,0.491,0.52,0.514,0.474,0.491,0.491,
0.936,0.585,0.496,0.532,0.467,0.503,0.45,0.508,0.486,0.465,
0.981,0.618,0.6,0.579,0.595,0.65,0.538,0.576,0.584,0.563,
1.0,0.627,0.59,0.576,0.502,0.509,0.501,0.499,0.507,0.49,
1.0,0.568,0.552,0.49,0.494,0.515,0.508,0.471,0.477,0.451,
0.909,0.582,0.509,0.494,0.438,0.491,0.511,0.449,0.448,0.479,
1.0,0.536,0.503,0.529,0.458,0.481,0.498,0.482,0.503,0.465,
0.92,0.562,0.499,0.536,0.476,0.507,0.464,0.513,0.482,0.545,
0.947,0.587,0.586,0.51,0.494,0.501,0.515,0.498,0.502,0.501,
1.0,0.619,0.546,0.514,0.53,0.588,0.488,0.537,0.593,0.554,
1.0,0.535,0.601,0.513,0.507,0.485,0.563,0.465,0.469,0.483,
0.945,0.619,0.569,0.527,0.566,0.503,0.582,0.508,0.493,0.515,
0.967,0.582,0.577,0.484,0.516,0.503,0.526,0.503,0.519,0.523,
0.996,0.668,0.58,0.55,0.548,0.568,0.517,0.504,0.555,0.527,
1.0,0.537,0.543,0.526,0.48,0.462,0.477,0.489,0.462,0.45,
0.938,0.601,0.507,0.551,0.508,0.471,0.477,0.518,0.503,0.511,
0.969,0.63,0.548,0.571,0.601,0.53,0.565,0.562,0.529,0.513,
1.0,0.603,0.555,0.593,0.524,0.538,0.507,0.525,0.489,0.469,
0.941,0.616,0.492,0.483,0.501,0.46,0.452,0.489,0.507,0.47,
0.961,0.638,0.511,0.516,0.515,0.528,0.486,0.489,0.488,0.486,
0.911,0.555,0.535,0.484,0.483,0.487,0.47,0.484,0.472,0.465,
1.0,0.632,0.587,0.56,0.484,0.5,0.577,0.527,0.507,0.496,
0.985,0.556,0.671,0.54,0.561,0.54,0.539,0.507,0.551,0.528,
1.0,0.645,0.551,0.535,0.511,0.461,0.484,0.489,0.523,0.461,
0.929,0.565,0.457,0.551,0.49,0.465,0.484,0.467,0.493,0.459,
1.0,0.707,0.546,0.619,0.569,0.586,0.576,0.512,0.568,0.581,
1.0,0.539,0.549,0.444,0.541,0.466,0.52,0.488,0.452,0.443,
1.0,0.548,0.556,0.436,0.514,0.454,0.459,0.435,0.465,0.548,
0.927,0.626,0.517,0.494,0.466,0.451,0.524,0.468,0.452,0.469,
0.983,0.615,0.545,0.527,0.542,0.487,0.491,0.558,0.5,0.499,
0.997,0.688,0.603,0.564,0.568,0.528,0.593,0.595,0.55,0.575,
0.933,0.57,0.55,0.502,0.469,0.488,0.457,0.47,0.47,0.522,
0.934,0.61,0.51,0.53,0.49,0.472,0.493,0.47,0.48,0.507,
1.0,0.644,0.538,0.526,0.561,0.569,0.536,0.534,0.556,0.532,
1.0,0.541,0.593,0.519,0.494,0.486,0.556,0.462,0.481,0.523,
1.0,0.662,0.549,0.542,0.541,0.512,0.542,0.504,0.536,0.495,
1.0,0.603,0.566,0.573,0.567,0.562,0.491,0.5,0.53,0.527,
1.0,0.667,0.622,0.574,0.616,0.548,0.543,0.507,0.533,0.564,
0.958,0.686,0.51,0.531,0.514,0.553,0.467,0.506,0.524,0.468,
1.0,0.636,0.574,0.616,0.544,0.541,0.577,0.555,0.512,0.511,
1.0,0.612,0.513,0.566,0.53,0.476,0.47,0.486,0.458,0.475,
1.0,0.651,0.537,0.53,0.536,0.478,0.501,0.488,0.491,0.556,
0.923,0.58,0.521,0.564,0.474,0.449,0.45,0.554,0.489,0.483,
1.0,0.588,0.628,0.508,0.524,0.562,0.509,0.526,0.544,0.59,
1.0,0.608,0.546,0.498,0.476,0.506,0.492,0.498,0.484,0.551,
0.922,0.6,0.558,0.49,0.48,0.593,0.483,0.473,0.528,0.48,
1.0,0.616,0.57,0.512,0.533,0.504,0.52,0.509,0.506,0.511,
1.0,0.616,0.557,0.546,0.588,0.522,0.562,0.571,0.542,0.588,
1.0,0.6,0.551,0.519,0.503,0.494,0.481,0.483,0.485,0.484,
1.0,0.554,0.577,0.541,0.495,0.526,0.529,0.473,0.54,0.51,
0.956,0.669,0.505,0.551,0.515,0.488,0.498,0.52,0.474,0.518,
0.993,0.619,0.535,0.559,0.53,0.547,0.528,0.482,0.524,0.524,
1.0,0.615,0.585,0.508,0.536,0.492,0.467,0.508,0.475,0.528,
0.942,0.623,0.478,0.478,0.564,0.494,0.463,0.563,0.495,0.471,
0.928,0.597,0.557,0.511,0.494,0.479,0.47,0.472,0.452,0.488,
1.0,0.645,0.547,0.569,0.566,0.567,0.515,0.507,0.535,0.538,
1.0,0.66,0.551,0.539,0.582,0.543,0.54,0.556,0.592,0.581,
1.0,0.69,0.56,0.632,0.617,0.507,0.531,0.552,0.604,0.551,
0.934,0.609,0.53,0.493,0.491,0.478,0.476,0.58,0.511,0.459,
0.967,0.537,0.6,0.546,0.467,0.517,0.52,0.488,0.474,0.467,
1.0,0.661,0.528,0.541,0.629,0.53,0.534,0.559,0.509,0.523,
1.0,0.584,0.529,0.537,0.487,0.469,0.487,0.499,0.445,0.49,
0.931,0.563,0.549,0.533,0.469,0.477,0.486,0.514,0.508,0.47,
1.0,0.607,0.655,0.581,0.542,0.635,0.503,0.556,0.566,0.577,
1.0,0.602,0.575,0.523,0.556,0.481,0.496,0.474,0.52,0.507,
1.0,0.531,0.525,0.529,0.529,0.488,0.468,0.474,0.469,0.478,
0.93,0.564,0.542,0.462,0.501,0.453,0.465,0.462,0.478,0.488,
1.0,0.569,0.558,0.563,0.605,0.537,0.549,0.526,0.538,0.488,
0.991,0.65,0.615,0.65,0.622,0.557,0.566,0.621,0.587,0.623,
1.0,0.633,0.502,0.491,0.515,0.457,0.466,0.494,0.467,0.457,
1.0,0.674,0.528,0.525,0.58,0.522,0.527,0.564,0.542,0.52,
1.0,0.575,0.546,0.497,0.479,0.509,0.514,0.481,0.477,0.525,
0.937,0.627,0.518,0.463,0.489,0.51,0.467,0.472,0.452,0.439,
0.902,0.604,0.499,0.55,0.487,0.497,0.471,0.456,0.488,0.482,
1.0,0.687,0.591,0.573,0.533,0.618,0.534,0.559,0.582,0.542,
1.0,0.665,0.5,0.524,0.525,0.568,0.499,0.488,0.488,0.521,
0.909,0.586,0.571,0.522,0.515,0.48,0.472,0.495,0.514,0.488,
1.0,0.601,0.593,0.535,0.5,0.494,0.488,0.505,0.52,0.567,
1.0,0.701,0.499,0.549,0.499,0.471,0.501,0.504,0.496,0.485,
0.983,0.608,0.537,0.537,0.524,0.502,0.492,0.51,0.471,0.48,
0.932,0.609,0.544,0.481,0.532,0.554,0.509,0.475,0.495,0.501,
0.944,0.589,0.568,0.516,0.497,0.523,0.469,0.513,0.515,0.56,
1.0,0.639,0.532,0.547,0.555,0.516,0.494,0.543,0.557,0.52,
1.0,0.591,0.524,0.489,0.545,0.502,0.468,0.503,0.486,0.466,
0.971,0.673,0.56,0.492,0.49,0.522,0.488,0.597,0.539,0.512,
1.0,0.612,0.591,0.535,0.543,0.603,0.552,0.539,0.516,0.544,
1.0,0.647,0.552,0.607,0.574,0.546,0.546,0.529,0.518,0.55,
1.0,0.578,0.555,0.489,0.503,0.462,0.457,0.493,0.484,0.5,
1.0,0.614,0.547,0.492,0.497,0.505,0.511,0.52,0.487,0.475,
0.938,0.601,0.574,0.496,0.499,0.455,0.489,0.535,0.48,0.528,
1.0,0.648,0.555,0.58,0.584,0.583,0.541,0.6,0.525,0.522,
1.0,0.624,0.647,0.545,0.558,0.581,0.54,0.553,0.559,0.543,
1.0,0.62,0.561,0.5,0.467,0.481,0.473,0.517,0.469,0.49,
0.944,0.692,0.477,0.524,0.467,0.541,0.508,0.533,0.463,0.539,
1.0,0.597,0.557,0.574,0.526,0.515,0.547,0.497,0.519,0.511,
1.0,0.661,0.538,0.472,0.493,0.553,0.478,0.515,0.47,0.492,
0.959,0.645,0.516,0.514,0.505,0.501,0.508,0.503,0.487,0.518,
0.955,0.662,0.525,0.521,0.462,0.517,0.473,0.466,0.52,0.53,
1.0,0.601,0.532,0.56,0.485,0.465,0.522,0.505,0.51,0.521,
1.0,0.596,0.56,0.529,0.508,0.455,0.486,0.46,0.488,0.486,
1.0,0.617,0.526,0.604,0.54,0.489,0.492,0.51,0.475,0.538,
0.954,0.651,0.504,0.496,0.524,0.477,0.478,0.459,0.466,0.447,
0.947,0.511,0.537,0.548,0.483,0.559,0.532,0.476,0.501,0.463,
0.932,0.595,0.485,0.501,0.482,0.56,0.526,0.488,0.473,0.457,
0.965,0.613,0.525,0.478,0.53,0.517,0.543,0.463,0.465,0.483,
1.0,0.599,0.608,0.453,0.473,0.457,0.507,0.463,0.529,0.492,
1.0,0.625,0.594,0.492,0.51,0.555,0.521,0.497,0.472,0.521,
1.0,0.555,0.558,0.537,0.58,0.535,0.519,0.521,0.529,0.536,
1.0,0.662,0.573,0.557,0.54,0.539,0.532,0.509,0.541,0.506,
1.0,0.627,0.584,0.54,0.473,0.537,0.471,0.533,0.499,0.486,
0.925,0.594,0.493,0.471,0.511,0.487,0.457,0.503,0.466,0.456,
0.94,0.642,0.499,0.504,0.554,0.496,0.523,0.478,0.49,0.5,
1.0,0.666,0.619,0.537,0.578,0.628,0.586,0.559,0.542,0.541,
1.0,0.672,0.498,0.573,0.498,0.475,0.563,0.5,0.58,0.528,
0.943,0.598,0.489,0.479,0.502,0.514,0.479,0.45,0.484,0.495,
1.0,0.693,0.551,0.611,0.541,0.591,0.527,0.562,0.516,0.63,
1.0,0.645,0.545,0.541,0.569,0.515,0.516,0.613,0.505,0.542,
1.0,0.607,0.564,0.561,0.528,0.529,0.466,0.509,0.504,0.486,
1.0,0.528,0.521,0.526,0.492,0.451,0.494,0.558,0.498,0.465,
1.0,0.586,0.577,0.532,0.507,0.535,0.514,0.481,0.48,0.509,
0.978,0.611,0.6,0.534,0.556,0.526,0.523,0.552,0.544,0.517,
1.0,0.646,0.588,0.557,0.591,0.559,0.564,0.564,0.508,0.577,
1.0,0.607,0.527,0.498,0.449,0.453,0.512,0.477,0.449,0.478,
0.905,0.558,0.559,0.484,0.457,0.477,0.475,0.458,0.482,0.445,
0.937,0.588,0.553,0.495,0.528,0.513,0.46,0.505,0.505,0.487,
1.0,0.668,0.66,0.517,0.559,0.511,0.556,0.592,0.576,0.544,
1.0,0.613,0.597,0.517,0.523,0.509,0.529,0.511,0.47,0.495,
1.0,0.608,0.515,0.469,0.443,0.479,0.498,0.474,0.467,0.482,
1.0,0.661,0.557,0.538,0.553,0.54,0.51,0.573,0.486,0.542,
1.0,0.664,0.557,0.564,0.586,0.517,0.527,0.566,0.533,0.587,
1.0,0.545,0.511,0.527,0.44,0.461,0.487,0.468,0.443,0.453,
0.934,0.56,0.546,0.475,0.452,0.446,0.474,0.495,0.538,0.48,
0.987,0.64,0.555,0.57,0.586,0.578,0.581,0.511,0.551,0.519,
1.0,0.635,0.502,0.543,0.555,0.458,0.487,0.455,0.503,0.517,
0.946,0.658,0.482,0.534,0.511,0.476,0.513,0.472,0.486,0.531,
1.0,0.674,0.543,0.531,0.568,0.56,0.513,0.51,0.511,0.5,
1.0,0.581,0.595,0.526,0.501,0.519,0.5,0.535,0.564,0.509,
0.958,0.578,0.502,0.546,0.501,0.521,0.485,0.49,0.511,0.47,
1.0,0.688,0.558,0.578,0.571,0.537,0.586,0.529,0.545,0.522,
1.0,0.663,0.548,0.594,0.524,0.574,0.583,0.54,0.558,0.587,
1.0,0.551,0.551,0.537,0.515,0.485,0.478,0.474,0.533,0.519,
0.928,0.659,0.526,0.467,0.538,0.471,0.491,0.54,0.499,0.496,
0.934,0.565,0.55,0.544,0.467,0.473,0.488,0.517,0.536,0.463,
1.0,0.638,0.541,0.485,0.553,0.484,0.51,0.555,0.477,0.528,
1.0,0.67,0.546,0.491,0.58,0.492,0.485,0.506,0.495,0.496,
0.957,0.545,0.557,0.513,0.462,0.564,0.47,0.503,0.531,0.505,
1.0,0.665,0.646,0.582,0.596,0.635,0.565,0.629,0.606,0.622,
0.983,0.628,0.53,0.603,0.557,0.552,0.559,0.54,0.485,0.527,
0.966,0.571,0.631,0.515,0.482,0.52,0.504,0.492,0.52,0.51,
0.923,0.569,0.566,0.515,0.476,0.476,0.497,0.501,0.502,0.475,
0.906,0.618,0.527,0.463,0.479,0.476,0.47,0.522,0.475,0.531,
1.0,0.624,0.578,0.6,0.525,0.541,0.552,0.566,0.535,0.556,
0.985,0.648,0.653,0.569,0.563,0.549,0.569,0.599,0.567,0.538,
1.0,0.549,0.536,0.541,0.473,0.449,0.53,0.491,0.506,0.488,
0.917,0.523,0.556,0.526,0.506,0.526,0.508,0.552,0.477,0.503,
1.0,0.598,0.582,0.56,0.582,0.521,0.538,0.528,0.533,0.581,
1.0,0.599,0.532,0.561,0.497,0.463,0.469,0.494,0.478,0.493,
1.0,0.6,0.481,0.539,0.514,0.53,0.485,0.492,0.499,0.526,
0.939,0.581,0.487,0.524,0.508,0.458,0.47,0.498,0.469,0.458,
1.0,0.593,0.591,0.561,0.505,0.521,0.596,0.551,0.504,0.548,
1.0,0.657,0.567,0.576,0.579,0.576,0.562,0.529,0.521,0.555,
0.927,0.555,0.58,0.519,0.491,0.501,0.506,0.477,0.46,0.473,
0.924,0.584,0.539,0.48,0.46,0.528,0.476,0.468,0.453,0.467,
1.0,0.549,0.554,0.582,0.484,0.479,0.491,0.489,0.496,0.47,
1.0,0.548,0.563,0.498,0.486,0.503,0.555,0.494,0.518,0.484,
1.0,0.608,0.537,0.479,0.508,0.467,0.495,0.569,0.505,0.502,
1.0,0.664,0.53,0.485,0.499,0.516,0.49,0.466,0.533,0.52,
0.941,0.627,0.551,0.473,0.489,0.474,0.482,0.479,0.562,0.453,
0.937,0.596,0.61,0.525,0.485,0.481,0.499,0.483,0.497,0.555,
0.954,0.586,0.563,0.493,0.497,0.522,0.512,0.5,0.514,0.509,
1.0,0.66,0.532,0.526,0.499,0.512,0.552,0.505,0.518,0.484,
1.0,0.572,0.544,0.544,0.464,0.525,0.522,0.463,0.506,0.461,
0.94,0.626,0.488,0.497,0.487,0.547,0.477,0.486,0.472,0.45,
1.0,0.715,0.531,0.534,0.567,0.521,0.538,0.535,0.529,0.52,
1.0,0.606,0.558,0.496,0.461,0.453,0.502,0.497,0.477,0.466,
0.947,0.57,0.504,0.54,0.514,0.486,0.449,0.453,0.543,0.481,
1.0,0.679,0.554,0.548,0.494,0.518,0.545,0.527,0.523,0.544,
0.979,0.701,0.527,0.613,0.55,0.539,0.533,0.568,0.527,0.6,
1.0,0.601,0.566,0.477,0.486,0.461,0.574,0.479,0.488,0.519,
0.986,0.639,0.53,0.508,0.49,0.505,0.482,0.499,0.457,0.538,
0.966,0.618,0.556,0.474,0.502,0.544,0.5,0.497,0.528,0.469,
0.984,0.659,0.58,0.541,0.584,0.549,0.529,0.545,0.509,0.551,
1.0,0.647,0.556,0.568,0.52,0.513,0.512,0.558,0.543,0.512,
1.0,0.61,0.547,0.539,0.476,0.515,0.523,0.49,0.476,0.512,
1.0,0.625,0.505,0.474,0.467,0.448,0.487,0.527,0.439,0.436,
1.0,0.691,0.59,0.542,0.549,0.599,0.543,0.553,0.576,0.556,
0.989,0.627,0.603,0.573,0.587,0.62,0.548,0.598,0.563,0.58,
1.0,0.721,0.567,0.543,0.529,0.548,0.504,0.569,0.553,0.517,
1.0,0.635,0.582,0.53,0.474,0.488,0.51,0.494,0.485,0.497,
0.924,0.545,0.59,0.513,0.516,0.476,0.485,0.54,0.486,0.473,
1.0,0.672,0.605,0.59,0.515,0.568,0.541,0.516,0.511,0.556,
1.0,0.631,0.494,0.488,0.492,0.475,0.464,0.516,0.477,0.509,
0.981,0.627,0.52,0.506,0.515,0.537,0.499,0.558,0.531,0.545,
0.989,0.707,0.593,0.568,0.552,0.56,0.686,0.597,0.568,0.608,
1.0,0.692,0.526,0.57,0.486,0.482,0.547,0.525,0.478,0.466,
1.0,0.656,0.551,0.589,0.482,0.495,0.49,0.539,0.501,0.578,
0.946,0.584,0.553,0.539,0.481,0.508,0.465,0.577,0.514,0.516,
0.987,0.66,0.551,0.642,0.576,0.519,0.578,0.573,0.613,0.59,
0.943,0.608,0.534,0.467,0.443,0.44,0.471,0.457,0.469,0.445,
0.943,0.604,0.525,0.476,0.471,0.468,0.45,0.468,0.437,0.473,
1.0,0.667,0.53,0.5,0.494,0.511,0.47,0.588,0.532,0.466,
1.0,0.578,0.499,0.504,0.484,0.53,0.449,0.482,0.46,0.439,
0.924,0.572,0.534,0.464,0.435,0.434,0.494,0.445,0.435,0.451,
1.0,0.645,0.574,0.504,0.526,0.512,0.49,0.491,0.534,0.536,
1.0,0.663,0.575,0.51,0.504,0.493,0.499,0.579,0.482,0.475,
0.914,0.605,0.486,0.435,0.474,0.478,0.431,0.466,0.469,0.462,
1.0,0.642,0.587,0.492,0.516,0.482,0.481,0.479,0.525,0.535,
1.0,0.66,0.565,0.525,0.489,0.569,0.498,0.511,0.512,0.514,
1.0,0.618,0.562,0.534,0.53,0.5,0.486,0.526,0.478,0.494,
1.0,0.573,0.479,0.451,0.465,0.463,0.446,0.458,0.433,0.443,
0.938,0.557,0.524,0.517,0.476,0.465,0.455,0.477,0.464,0.457,
1.0,0.613,0.559,0.529,0.509,0.537,0.479,0.484,0.503,0.505,
1.0,0.62,0.547,0.504,0.501,0.485,0.539,0.475,0.475,0.453,
0.974,0.588,0.539,0.479,0.526,0.45,0.45,0.491,0.452,0.473,
1.0,0.675,0.501,0.458,0.461,0.478,0.492,0.479,0.465,0.45,
1.0,0.659,0.581,0.532,0.534,0.519,0.505,0.513,0.529,0.515,
0.98,0.762,0.532,0.558,0.545,0.577,0.514,0.528,0.516,0.506,
1.0,0.708,0.521,0.586,0.584,0.508,0.538,0.52,0.524,0.542,
1.0,0.587,0.501,0.478,0.5,0.439,0.447,0.459,0.421,0.473,
0.93,0.673,0.485,0.443,0.46,0.473,0.45,0.457,0.457,0.44,
1.0,0.616,0.616,0.569,0.512,0.536,0.566,0.538,0.526,0.521,
1.0,0.641,0.549,0.51,0.496,0.475,0.499,0.46,0.533,0.462,
0.94,0.549,0.555,0.499,0.485,0.451,0.495,0.489,0.484,0.496,
0.92,0.602,0.553,0.435,0.454,0.457,0.485,0.423,0.436,0.446,
1.0,0.622,0.564,0.572,0.535,0.507,0.538,0.524,0.503,0.519,
1.0,0.592,0.663,0.537,0.535,0.495,0.551,0.511,0.496,0.524,
1.0,0.577,0.535,0.501,0.487,0.459,0.458,0.456,0.445,0.443,
1.0,0.642,0.545,0.577,0.503,0.501,0.506,0.515,0.512,0.486,
0.997,0.664,0.531,0.553,0.54,0.521,0.516,0.508,0.564,0.505,
0.998,0.683,0.595,0.559,0.575,0.516,0.518,0.517,0.495,0.52,
0.967,0.609,0.602,0.555,0.545,0.496,0.535,0.509,0.537,0.498,
1.0,0.605,0.51,0.506,0.481,0.45,0.473,0.477,0.475,0.464,
1.0,0.713,0.52,0.522,0.481,0.475,0.468,0.496,0.484,0.488,
0.952,0.55,0.476,0.57,0.479,0.438,0.453,0.434,0.478,0.465,
0.988,0.64,0.543,0.534,0.511,0.537,0.5,0.498,0.507,0.492,
1.0,0.64,0.524,0.479,0.52,0.458,0.451,0.453,0.469,0.474,
0.947,0.624,0.511,0.466,0.457,0.462,0.454,0.439,0.466,0.487,
0.928,0.59,0.523,0.517,0.488,0.483,0.51,0.505,0.46,0.478,
1.0,0.693,0.521,0.469,0.618,0.51,0.465,0.495,0.483,0.514,
1.0,0.578,0.583,0.502,0.502,0.499,0.452,0.499,0.459,0.478,
0.928,0.587,0.494,0.44,0.491,0.416,0.487,0.433,0.453,0.447,
1.0,0.677,0.523,0.511,0.529,0.545,0.534,0.534,0.515,0.524,
1.0,0.618,0.561,0.531,0.511,0.49,0.496,0.483,0.495,0.524,
1.0,0.674,0.543,0.485,0.48,0.459,0.457,0.473,0.457,0.492,
0.938,0.652,0.471,0.446,0.448,0.475,0.451,0.456,0.451,0.454,
0.936,0.626,0.469,0.469,0.547,0.499,0.445,0.494,0.487,0.474,
0.983,0.638,0.576,0.534,0.489,0.515,0.486,0.527,0.49,0.504,
1.0,0.668,0.514,0.527,0.567,0.506,0.483,0.481,0.474,0.478,
1.0,0.633,0.525,0.513,0.477,0.456,0.443,0.475,0.452,0.449,
0.921,0.549,0.524,0.521,0.459,0.449,0.465,0.44,0.46,0.459,
1.0,0.666,0.539,0.512,0.491,0.5,0.524,0.503,0.463,0.487,
1.0,0.691,0.475,0.488,0.613,0.481,0.46,0.467,0.497,0.504,
1.0,0.65,0.526,0.54,0.517,0.516,0.488,0.479,0.514,0.488,
1.0,0.615,0.535,0.453,0.486,0.459,0.436,0.434,0.516,0.486,
1.0,0.635,0.531,0.558,0.546,0.517,0.522,0.514,0.486,0.491,
1.0,0.643,0.547,0.566,0.525,0.531,0.536,0.518,0.514,0.492,
1.0,0.597,0.547,0.561,0.476,0.519,0.481,0.481,0.491,0.46,
0.901,0.617,0.497,0.467,0.479,0.444,0.456,0.464,0.457,0.426,
1.0,0.656,0.606,0.523,0.502,0.52,0.494,0.5,0.533,0.502,
1.0,0.656,0.477,0.526,0.484,0.458,0.441,0.47,0.473,0.463,
0.943,0.567,0.485,0.526,0.453,0.487,0.459,0.465,0.443,0.461,
0.916,0.526,0.52,0.523,0.507,0.454,0.458,0.451,0.454,0.467,
1.0,0.641,0.521,0.486,0.484,0.465,0.459,0.476,0.452,0.438,
0.948,0.598,0.521,0.486,0.494,0.511,0.472,0.482,0.468,0.447,
1.0,0.622,0.559,0.532,0.492,0.51,0.477,0.472,0.463,0.508,
1.0,0.571,0.501,0.532,0.495,0.476,0.491,0.46,0.446,0.451,
0.935,0.682,0.556,0.472,0.474,0.474,0.495,0.513,0.477,0.467,
0.946,0.548,0.535,0.527,0.451,0.454,0.489,0.451,0.445,0.434,
0.962,0.554,0.564,0.511,0.463,0.453,0.469,0.466,0.437,0.43,
1.0,0.662,0.486,0.587,0.532,0.51,0.489,0.506,0.534,0.554,
1.0,0.574,0.482,0.607,0.533,0.454,0.47,0.452,0.532,0.502,
0.991,0.687,0.547,0.517,0.547,0.491,0.49,0.508,0.509,0.487,
0.995,0.62,0.533,0.546,0.559,0.483,0.524,0.463,0.504,0.496,
1.0,0.631,0.552,0.507,0.511,0.504,0.487,0.504,0.534,0.503,
0.917,0.57,0.536,0.47,0.472,0.448,0.449,0.465,0.437,0.463,
0.97,0.567,0.545,0.529,0.44,0.441,0.49,0.467,0.477,0.463,
1.0,0.597,0.545,0.606,0.538,0.518,0.548,0.488,0.49,0.542,
1.0,0.645,0.568,0.464,0.464,0.472,0.48,0.486,0.472,0.485,
0.997,0.625,0.6,0.535,0.533,0.525,0.5,0.504,0.479,0.499,
1.0,0.481,0.635,0.518,0.449,0.467,0.479,0.481,0.52,0.482,
0.966,0.597,0.481,0.515,0.451,0.461,0.473,0.466,0.456,0.433,
1.0,0.63,0.56,0.558,0.524,0.505,0.469,0.539,0.494,0.532,
1.0,0.635,0.555,0.504,0.466,0.505,0.506,0.491,0.456,0.45,
1.0,0.556,0.568,0.466,0.476,0.477,0.453,0.438,0.477,0.479,
1.0,0.653,0.567,0.524,0.486,0.515,0.487,0.514,0.51,0.506,
1.0,0.628,0.543,0.511,0.525,0.482,0.47,0.488,0.456,0.499,
1.0,0.632,0.571,0.527,0.557,0.497,0.5,0.521,0.526,0.512,
0.955,0.589,0.59,0.502,0.463,0.44,0.456,0.477,0.47,0.466,
0.931,0.547,0.545,0.487,0.47,0.436,0.504,0.454,0.448,0.471,
1.0,0.635,0.588,0.511,0.55,0.524,0.494,0.507,0.513,0.491,
1.0,0.642,0.542,0.487,0.485,0.461,0.509,0.481,0.507,0.496,
0.941,0.559,0.572,0.516,0.459,0.498,0.449,0.482,0.456,0.5,
0.956,0.564,0.474,0.468,0.497,0.482,0.461,0.495,0.447,0.451,
0.979,0.622,0.551,0.531,0.494,0.504,0.512,0.511,0.492,0.517,
0.977,0.584,0.53,0.564,0.493,0.457,0.507,0.513,0.485,0.478,
0.98,0.625,0.588,0.598,0.592,0.537,0.527,0.579,0.546,0.511,
1.0,0.664,0.513,0.492,0.467,0.479,0.504,0.503,0.478,0.472,
1.0,0.608,0.546,0.448,0.427,0.45,0.423,0.467,0.447,0.48,
0.962,0.585,0.518,0.495,0.481,0.478,0.474,0.502,0.481,0.473,
1.0,0.581,0.582,0.553,0.513,0.502,0.507,0.492,0.5,0.51,
1.0,0.559,0.562,0.51,0.492,0.463,0.47,0.455,0.451,0.486,
0.921,0.556,0.494,0.487,0.473,0.488,0.438,0.468,0.442,0.458,
1.0,0.609,0.588,0.538,0.543,0.536,0.539,0.52,0.558,0.538,
1.0,0.688,0.554,0.561,0.506,0.514,0.502,0.521,0.56,0.509,
1.0,0.741,0.498,0.524,0.483,0.479,0.543,0.578,0.472,0.486,
0.967,0.598,0.539,0.507,0.47,0.465,0.465,0.458,0.465,0.503,
0.922,0.576,0.494,0.471,0.514,0.427,0.437,0.466,0.471,0.441,
1.0,0.565,0.552,0.466,0.551,0.516,0.469,0.472,0.46,0.476,
1.0,0.648,0.51,0.512,0.484,0.471,0.543,0.464,0.499,0.485,
0.923,0.567,0.522,0.511,0.498,0.45,0.457,0.476,0.453,0.452,
0.932,0.594,0.522,0.482,0.501,0.463,0.461,0.469,0.479,0.5,
1.0,0.608,0.595,0.577,0.565,0.503,0.478,0.51,0.513,0.524,
1.0,0.629,0.591,0.527,0.522,0.504,0.516,0.488,0.505,0.485,
1.0,0.588,0.493,0.509,0.461,0.426,0.447,0.475,0.434,0.439,
1.0,0.623,0.515,0.484,0.515,0.478,0.474,0.457,0.441,0.466,
0.989,0.58,0.624,0.51,0.477,0.498,0.476,0.482,0.479,0.488,
1.0,0.603,0.619,0.527,0.513,0.505,0.472,0.492,0.494,0.491,
1.0,0.682,0.551,0.482,0.5,0.466,0.465,0.458,0.489,0.469,
0.944,0.582,0.566,0.47,0.446,0.452,0.467,0.467,0.439,0.461,
1.0,0.695,0.538,0.526,0.517,0.494,0.523,0.508,0.524,0.559,
1.0,0.633,0.568,0.475,0.508,0.467,0.494,0.472,0.474,0.469,
1.0,0.582,0.568,0.545,0.483,0.501,0.503,0.481,0.493,0.519,
0.958,0.555,0.513,0.498,0.45,0.46,0.468,0.441,0.486,0.457,
1.0,0.641,0.567,0.493,0.522,0.483,0.475,0.466,0.479,0.473,
1.0,0.677,0.515,0.538,0.517,0.496,0.532,0.494,0.517,0.485,
0.946,0.578,0.533,0.436,0.48,0.481,0.47,0.459,0.44,0.437,
1.0,0.637,0.614,0.524,0.528,0.505,0.548,0.516,0.526,0.489,
0.893,0.602,0.467,0.505,0.522,0.473,0.5,0.467,0.456,0.466,
0.929,0.601,0.517,0.456,0.537,0.477,0.483,0.468,0.476,0.482,
0.954,0.584,0.502,0.502,0.49,0.441,0.464,0.442,0.457,0.473,
1.0,0.637,0.551,0.523,0.5,0.5,0.479,0.478,0.506,0.482,
1.0,0.585,0.48,0.438,0.451,0.476,0.46,0.464,0.45,0.46,
0.927,0.592,0.488,0.498,0.43,0.465,0.46,0.48,0.481,0.429,
1.0,0.664,0.555,0.522,0.522,0.499,0.532,0.502,0.49,0.518,
1.0,0.605,0.566,0.531,0.483,0.537,0.487,0.467,0.479,0.506,
1.0,0.556,0.625,0.5,0.481,0.473,0.501,0.497,0.503,0.48,
0.952,0.593,0.554,0.458,0.445,0.484,0.45,0.467,0.496,0.471,
1.0,0.654,0.557,0.563,0.523,0.507,0.532,0.513,0.495,0.487,
1.0,0.621,0.606,0.512,0.498,0.524,0.496,0.499,0.506,0.49,
0.938,0.616,0.536,0.504,0.475,0.464,0.474,0.458,0.445,0.464,
0.973,0.6,0.571,0.477,0.514,0.455,0.448,0.473,0.474,0.514,
1.0,0.689,0.551,0.523,0.586,0.521,0.508,0.556,0.544,0.5,
0.99,0.584,0.604,0.536,0.494,0.516,0.546,0.553,0.502,0.485,
1.0,0.602,0.527,0.507,0.462,0.475,0.486,0.457,0.455,0.465,
1.0,0.678,0.492,0.5,0.517,0.477,0.494,0.466,0.473,0.46,
0.95,0.588,0.538,0.516,0.477,0.487,0.473,0.464,0.441,0.464,
1.0,0.583,0.559,0.602,0.492,0.507,0.484,0.531,0.535,0.497,
1.0,0.692,0.478,0.45,0.472,0.481,0.51,0.479,0.461,0.515,
1.0,0.585,0.54,0.562,0.547,0.491,0.458,0.52,0.477,0.462,
0.981,0.619,0.535,0.474,0.496,0.492,0.509,0.464,0.477,0.438,
1.0,0.599,0.649,0.563,0.522,0.549,0.517,0.504,0.51,0.513,
1.0,0.583,0.537,0.51,0.504,0.532,0.549,0.468,0.493,0.476,
0.943,0.599,0.515,0.512,0.449,0.436,0.46,0.448,0.419,0.457,
0.925,0.569,0.521,0.531,0.447,0.496,0.489,0.465,0.46,0.516,
1.0,0.677,0.548,0.53,0.547,0.507,0.484,0.483,0.491,0.491,
1.0,0.557,0.582,0.538,0.469,0.451,0.499,0.477,0.465,0.462,
1.0,0.626,0.539,0.462,0.48,0.452,0.44,0.463,0.475,0.46,
1.0,0.645,0.533,0.523,0.561,0.537,0.494,0.524,0.484,0.556,
0.99,0.587,0.539,0.513,0.472,0.519,0.49,0.47,0.48,0.487,
0.964,0.64,0.564,0.448,0.484,0.466,0.487,0.497,0.457,0.468,
0.976,0.616,0.589,0.54,0.586,0.529,0.505,0.536,0.513,0.494,
1.0,0.658,0.541,0.457,0.47,0.466,0.466,0.482,0.466,0.488,
0.945,0.609,0.532,0.483,0.455,0.462,0.461,0.45,0.456,0.448,
0.993,0.68,0.618,0.533,0.553,0.526,0.553,0.539,0.535,0.516,
1.0,0.654,0.516,0.562,0.589,0.548,0.509,0.516,0.532,0.531,
1.0,0.665,0.618,0.495,0.534,0.502,0.516,0.493,0.565,0.515,
0.95,0.59,0.5,0.507,0.479,0.444,0.44,0.436,0.458,0.455,
0.944,0.619,0.505,0.474,0.479,0.446,0.452,0.438,0.456,0.454,
0.991,0.687,0.562,0.514,0.548,0.574,0.515,0.578,0.534,0.517,
1.0,0.754,0.509,0.499,0.606,0.523,0.489,0.502,0.519,0.52,
0.941,0.572,0.484,0.475,0.493,0.477,0.459,0.488,0.452,0.464,
1.0,0.639,0.508,0.538,0.504,0.474,0.474,0.488,0.459,0.5,
1.0,0.606,0.594,0.579,0.546,0.52,0.503,0.518,0.511,0.53,
1.0,0.672,0.499,0.521,0.548,0.527,0.494,0.527,0.581,0.556,
1.0,0.666,0.534,0.473,0.489,0.477,0.523,0.49,0.483,0.48,
1.0,0.641,0.506,0.486,0.509,0.46,0.508,0.477,0.44,0.498,
0.994,0.598,0.553,0.577,0.546,0.484,0.519,0.523,0.498,0.505,
0.969,0.662,0.582,0.595,0.542,0.557,0.523,0.521,0.528,0.497,
1.0,0.65,0.517,0.445,0.468,0.496,0.425,0.476,0.443,0.432,
0.944,0.561,0.57,0.495,0.479,0.442,0.471,0.491,0.47,0.47,
1.0,0.645,0.549,0.532,0.523,0.521,0.526,0.528,0.513,0.533,
1.0,0.584,0.621,0.484,0.525,0.497,0.473,0.475,0.474,0.454,
0.915,0.577,0.528,0.488,0.448,0.448,0.451,0.49,0.451,0.454,
0.923,0.641,0.537,0.449,0.463,0.437,0.448,0.47,0.438,0.45,
0.933,0.548,0.545,0.441,0.515,0.437,0.451,0.443,0.445,0.447,
1.0,0.617,0.609,0.541,0.542,0.494,0.496,0.497,0.508,0.49,
1.0,0.68,0.517,0.455,0.485,0.457,0.468,0.467,0.47,0.43,
0.949,0.574,0.553,0.497,0.475,0.47,0.441,0.454,0.442,0.485,
0.991,0.678,0.559,0.502,0.521,0.505,0.511,0.499,0.493,0.495,
1.0,0.65,0.549,0.477,0.467,0.498,0.471,0.471,0.495,0.499,
0.921,0.564,0.578,0.462,0.439,0.455,0.456,0.491,0.451,0.451,
1.0,0.675,0.532,0.558,0.528,0.548,0.484,0.505,0.512,0.485,
1.0,0.575,0.489,0.445,0.489,0.453,0.452,0.439,0.442,0.427,
0.966,0.579,0.529,0.507,0.498,0.454,0.489,0.493,0.469,0.468,
1.0,0.649,0.528,0.486,0.558,0.524,0.507,0.512,0.527,0.497,
1.0,0.584,0.625,0.514,0.496,0.494,0.496,0.526,0.496,0.542,
0.95,0.596,0.559,0.509,0.469,0.48,0.459,0.472,0.463,0.458,
0.94,0.541,0.544,0.493,0.519,0.454,0.472,0.433,0.453,0.451,
1.0,0.63,0.531,0.5,0.557,0.549,0.479,0.49,0.531,0.477,
1.0,0.631,0.522,0.56,0.478,0.491,0.483,0.505,0.475,0.485,
1.0,0.639,0.57,0.477,0.483,0.543,0.495,0.468,0.478,0.483,
0.946,0.567,0.496,0.512,0.5,0.477,0.503,0.457,0.467,0.469,
1.0,0.573,0.619,0.548,0.542,0.547,0.499,0.503,0.534,0.513,
1.0,0.657,0.505,0.523,0.5,0.468,0.507,0.525,0.47,0.487,
1.0,0.631,0.521,0.51,0.5,0.464,0.471,0.525,0.466,0.475,
0.94,0.618,0.562,0.491,0.461,0.466,0.502,0.474,0.497,0.422,
0.95,0.641,0.522,0.51,0.486,0.48,0.473,0.45,0.534,0.489,
0.99,0.627,0.573,0.536,0.516,0.495,0.489,0.501,0.516,0.54,
0.965,0.634,0.605,0.533,0.548,0.545,0.534,0.518,0.517,0.51,
1.0,0.664,0.524,0.476,0.501,0.471,0.466,0.508,0.457,0.49,
0.944,0.656,0.517,0.474,0.448,0.468,0.458,0.48,0.456,0.46,
0.986,0.697,0.53,0.529,0.534,0.517,0.485,0.5,0.507,0.503,
1.0,0.615,0.479,0.524,0.463,0.44,0.512,0.501,0.532,0.474,
1.0,0.625,0.544,0.5,0.473,0.489,0.484,0.514,0.466,0.497,
0.947,0.595,0.532,0.499,0.5,0.477,0.45,0.453,0.468,0.464,
1.0,0.672,0.563,0.581,0.528,0.54,0.532,0.512,0.504,0.521,
1.0,0.665,0.523,0.449,0.478,0.459,0.482,0.488,0.548,0.467,
0.92,0.596,0.494,0.471,0.473,0.453,0.469,0.483,0.452,0.427,
1.0,0.658,0.605,0.581,0.562,0.544,0.506,0.54,0.502,0.499,
1.0,0.652,0.552,0.505,0.528,0.483,0.499,0.49,0.479,0.48,
1.0,0.597,0.516,0.495,0.539,0.474,0.431,0.476,0.48,0.506,
1.0,0.619,0.597,0.523,0.514,0.478,0.489,0.494,0.508,0.493,
1.0,0.552,0.507,0.537,0.49,0.455,0.442,0.438,0.442,0.449,
0.928,0.669,0.488,0.483,0.449,0.473,0.46,0.451,0.463,0.441,
0.969,0.586,0.535,0.528,0.462,0.447,0.486,0.454,0.462,0.465,
1.0,0.603,0.592,0.555,0.486,0.554,0.512,0.498,0.5,0.548,
1.0,0.62,0.53,0.514,0.527,0.565,0.521,0.538,0.497,0.566,
0.908,0.609,0.487,0.493,0.459,0.462,0.457,0.453,0.461,0.451,
0.952,0.599,0.538,0.483,0.468,0.505,0.491,0.471,0.469,0.466,
0.992,0.689,0.546,0.537,0.514,0.573,0.544,0.495,0.497,0.511,
1.0,0.604,0.497,0.528,0.452,0.446,0.475,0.442,0.429,0.43,
0.949,0.587,0.487,0.531,0.466,0.464,0.466,0.471,0.446,0.452,
1.0,0.594,0.59,0.52,0.549,0.503,0.521,0.514,0.542,0.49,
1.0,0.617,0.498,0.586,0.522,0.501,0.502,0.496,0.481,0.501,
1.0,0.622,0.607,0.476,0.455,0.527,0.495,0.497,0.468,0.466,
0.928,0.59,0.478,0.533,0.451,0.456,0.459,0.426,0.443,0.436,
0.931,0.571,0.552,0.477,0.497,0.521,0.504,0.486,0.465,0.466,
1.0,0.669,0.454,0.477,0.535,0.493,0.449,0.496,0.447,0.445,
1.0,0.69,0.544,0.527,0.544,0.531,0.494,0.499,0.482,0.498,
1.0,0.647,0.542,0.541,0.492,0.52,0.478,0.507,0.486,0.597,
0.93,0.657,0.521,0.463,0.48,0.456,0.455,0.479,0.499,0.492,
0.976,0.716,0.549,0.52,0.495,0.55,0.491,0.533,0.494,0.514,
1.0,0.641,0.477,0.494,0.471,0.468,0.474,0.451,0.47,0.458,
1.0,0.619,0.604,0.539,0.513,0.448,0.487,0.516,0.495,0.515,
1.0,0.621,0.5,0.526,0.479,0.482,0.494,0.452,0.442,0.452,
1.0,0.639,0.548,0.492,0.501,0.483,0.48,0.475,0.475,0.525,
1.0,0.588,0.591,0.542,0.543,0.496,0.531,0.514,0.537,0.515,
0.955,0.579,0.565,0.548,0.489,0.471,0.506,0.464,0.467,0.478,
0.906,0.598,0.472,0.47,0.456,0.471,0.438,0.46,0.436,0.43,
0.925,0.548,0.551,0.459,0.429,0.445,0.428,0.414,0.447,0.406,
1.0,0.614,0.513,0.468,0.434,0.441,0.458,0.44,0.441,0.456,
1.0,0.573,0.57,0.503,0.47,0.495,0.515,0.49,0.449,0.474,
0.932,0.637,0.527,0.508,0.475,0.488,0.46,0.438,0.496,0.489,
0.994,0.673,0.557,0.53,0.577,0.524,0.511,0.524,0.509,0.508,
0.926,0.596,0.517,0.507,0.469,0.46,0.477,0.448,0.452,0.452,
1.0,0.578,0.619,0.524,0.497,0.485,0.479,0.491,0.497,0.523,
0.987,0.633,0.585,0.503,0.49,0.499,0.508,0.519,0.538,0.507,
1.0,0.679,0.503,0.512,0.48,0.499,0.532,0.494,0.524,0.48,
0.942,0.592,0.54,0.489,0.481,0.481,0.459,0.458,0.485,0.468,
1.0,0.693,0.566,0.496,0.545,0.557,0.532,0.501,0.534,0.527,
1.0,0.595,0.6,0.531,0.55,0.497,0.505,0.497,0.54,0.497,
1.0,0.582,0.505,0.472,0.488,0.442,0.436,0.465,0.466,0.439,
0.927,0.614,0.54,0.452,0.459,0.433,0.429,0.499,0.462,0.433,
0.998,0.667,0.566,0.542,0.544,0.509,0.529,0.543,0.52,0.505,
1.0,0.627,0.444,0.452,0.467,0.46,0.431,0.469,0.466,0.445,
1.0,0.575,0.584,0.489,0.485,0.496,0.478,0.457,0.485,0.46,
0.937,0.585,0.539,0.462,0.498,0.437,0.445,0.434,0.445,0.453,
1.0,0.641,0.575,0.5,0.491,0.509,0.484,0.497,0.48,0.501,
1.0,0.634,0.562,0.576,0.586,0.519,0.514,0.585,0.523,0.529,
0.917,0.565,0.599,0.503,0.469,0.469,0.477,0.498,0.486,0.456,
1.0,0.562,0.548,0.506,0.475,0.479,0.454,0.492,0.465,0.494,
0.969,0.608,0.573,0.447,0.516,0.428,0.442,0.436,0.433,0.455,
0.978,0.605,0.593,0.569,0.499,0.514,0.507,0.493,0.498,0.49,
1.0,0.575,0.501,0.488,0.517,0.504,0.437,0.499,0.452,0.465,
0.939,0.595,0.498,0.522,0.48,0.444,0.449,0.437,0.484,0.476,
0.911,0.589,0.506,0.494,0.468,0.453,0.468,0.464,0.461,0.447,
0.94,0.631,0.561,0.509,0.517,0.487,0.494,0.475,0.486,0.511,
1.0,0.616,0.534,0.481,0.454,0.492,0.524,0.48,0.464,0.499,
1.0,0.578,0.492,0.52,0.488,0.451,0.436,0.463,0.451,0.479,
1.0,0.594,0.548,0.599,0.55,0.507,0.509,0.511,0.493,0.503,
1.0,0.677,0.57,0.519,0.516,0.483,0.498,0.533,0.491,0.526,
1.0,0.617,0.466,0.529,0.482,0.461,0.449,0.458,0.455,0.475,
0.945,0.641,0.541,0.48,0.469,0.442,0.46,0.435,0.452,0.487,
0.945,0.612,0.503,0.469,0.478,0.438,0.45,0.501,0.438,0.449,
1.0,0.677,0.567,0.504,0.497,0.485,0.486,0.489,0.534,0.514,
1.0,0.51,0.591,0.47,0.462,0.487,0.493,0.467,0.452,0.462,
0.988,0.623,0.596,0.583,0.539,0.508,0.517,0.531,0.506,0.563,
1.0,0.623,0.598,0.528,0.506,0.511,0.526,0.518,0.497,0.508,
0.978,0.609,0.554,0.467,0.529,0.483,0.467,0.447,0.49,0.443,
0.901,0.598,0.47,0.479,0.464,0.468,0.439,0.423,0.414,0.47,
0.974,0.688,0.536,0.55,0.505,0.497,0.479,0.51,0.525,0.472,
1.0,0.643,0.518,0.496,0.479,0.48,0.523,0.5,0.466,0.491,
0.959,0.595,0.453,0.523,0.474,0.471,0.495,0.46,0.471,0.443,
1.0,0.664,0.531,0.526,0.565,0.517,0.493,0.527,0.5,0.482,
1.0,0.637,0.539,0.454,0.505,0.449,0.462,0.457,0.451,0.483,
1.0,0.642,0.468,0.557,0.492,0.47,0.503,0.48,0.504,0.472,
1.0,0.575,0.527,0.467,0.434,0.467,0.437,0.427,0.41,0.451,
0.919,0.63,0.507,0.486,0.459,0.452,0.485,0.493,0.412,0.488,
0.991,0.578,0.551,0.534,0.571,0.504,0.528,0.479,0.494,0.474,
1.0,0.591,0.555,0.515,0.47,0.456,0.467,0.467,0.461,0.474,
0.954,0.602,0.523,0.51,0.518,0.469,0.452,0.491,0.48,0.461,
1.0,0.586,0.528,0.577,0.55,0.482,0.484,0.508,0.489,0.546,
0.946,0.603,0.523,0.487,0.458,0.459,0.506,0.436,0.444,0.444,
1.0,0.541,0.642,0.532,0.479,0.502,0.492,0.504,0.492,0.452,
1.0,0.691,0.523,0.509,0.553,0.55,0.492,0.496,0.499,0.499,
1.0,0.547,0.504,0.46,0.531,0.442,0.459,0.497,0.444,0.435,
0.921,0.575,0.511,0.499,0.503,0.488,0.44,0.466,0.457,0.458,
0.974,0.638,0.581,0.565,0.517,0.533,0.535,0.518,0.517,0.499,
1.0,0.614,0.577,0.558,0.519,0.528,0.487,0.498,0.499,0.49,
0.958,0.677,0.54,0.479,0.538,0.479,0.481,0.476,0.529,0.476,
1.0,0.682,0.543,0.553,0.542,0.496,0.479,0.566,0.532,0.553,
1.0,0.63,0.55,0.554,0.557,0.526,0.49,0.479,0.493,0.491,
1.0,0.62,0.569,0.445,0.433,0.499,0.478,0.467,0.42,0.486,
0.928,0.593,0.538,0.5,0.484,0.494,0.492,0.495,0.474,0.466,
0.998,0.673,0.569,0.518,0.545,0.507,0.515,0.548,0.512,0.528,
1.0,0.614,0.517,0.567,0.543,0.479,0.484,0.504,0.485,0.49,
1.0,0.573,0.533,0.5,0.475,0.443,0.473,0.448,0.469,0.419,
0.941,0.591,0.53,0.471,0.463,0.484,0.49,0.458,0.448,0.447,
0.92,0.589,0.498,0.461,0.507,0.468,0.451,0.459,0.504,0.481,
0.94,0.604,0.568,0.465,0.439,0.461,0.509,0.457,0.466,0.47,
0.951,0.676,0.498,0.454,0.475,0.467,0.439,0.458,0.46,0.457,
1.0,0.664,0.539,0.51,0.53,0.522,0.526,0.493,0.491,0.493,
1.0,0.591,0.518,0.53,0.447,0.454,0.454,0.454,0.454,0.454,
0.931,0.574,0.523,0.499,0.466,0.45,0.439,0.484,0.449,0.454,
1.0,0.641,0.605,0.508,0.494,0.511,0.494,0.499,0.488,0.508,
1.0,0.568,0.598,0.536,0.53,0.497,0.509,0.485,0.501,0.478,
1.0,0.56,0.567,0.465,0.493,0.523,0.502,0.474,0.473,0.482,
0.943,0.628,0.555,0.448,0.462,0.427,0.453,0.423,0.448,0.454,
1.0,0.609,0.565,0.517,0.503,0.481,0.562,0.516,0.518,0.482,
1.0,0.674,0.465,0.497,0.48,0.491,0.466,0.447,0.542,0.471,
0.92,0.596,0.538,0.482,0.453,0.462,0.482,0.453,0.445,0.455,
0.984,0.602,0.594,0.517,0.522,0.587,0.489,0.499,0.488,0.547,
1.0,0.614,0.556,0.516,0.479,0.468,0.483,0.539,0.492,0.462,
1.0,0.696,0.518,0.536,0.488,0.513,0.507,0.506,0.484,0.504,
1.0,0.61,0.457,0.449,0.452,0.472,0.437,0.44,0.459,0.461,
1.0,0.537,0.531,0.54,0.457,0.469,0.453,0.446,0.457,0.459,
0.932,0.61,0.502,0.442,0.464,0.483,0.47,0.432,0.427,0.439,
1.0,0.665,0.518,0.555,0.49,0.492,0.511,0.488,0.516,0.528,
1.0,0.701,0.514,0.473,0.481,0.492,0.494,0.485,0.491,0.481,
0.939,0.586,0.532,0.493,0.457,0.466,0.45,0.443,0.437,0.452,
0.938,0.632,0.513,0.5,0.469,0.484,0.559,0.477,0.451,0.491,
0.933,0.516,0.55,0.462,0.466,0.451,0.508,0.443,0.461,0.472,
1.0,0.658,0.486,0.443,0.443,0.53,0.449,0.445,0.451,0.44,
1.0,0.608,0.465,0.486,0.496,0.444,0.448,0.45,0.5,0.449,
0.965,0.61,0.527,0.497,0.451,0.436,0.476,0.483,0.444,0.454,
0.995,0.674,0.564,0.541,0.504,0.526,0.554,0.525,0.506,0.501,
1.0,0.656,0.455,0.514,0.505,0.434,0.448,0.468,0.49,0.498,
0.944,0.565,0.61,0.473,0.461,0.473,0.467,0.463,0.426,0.442,
1.0,0.672,0.584,0.565,0.504,0.514,0.512,0.528,0.521,0.504,
1.0,0.598,0.55,0.503,0.486,0.545,0.481,0.474,0.499,0.476,
0.98,0.66,0.496,0.524,0.494,0.503,0.463,0.461,0.474,0.521,
1.0,0.571,0.611,0.522,0.502,0.555,0.493,0.492,0.481,0.493,
1.0,0.607,0.578,0.556,0.48,0.523,0.487,0.506,0.483,0.486,
0.941,0.634,0.493,0.482,0.492,0.463,0.474,0.449,0.439,0.437,
1.0,0.643,0.494,0.524,0.505,0.514,0.516,0.506,0.476,0.476,
1.0,0.639,0.504,0.49,0.595,0.485,0.477,0.492,0.511,0.477,
1.0,0.563,0.526,0.553,0.539,0.524,0.5,0.478,0.476,0.518,
0.956,0.617,0.511,0.504,0.517,0.466,0.466,0.475,0.467,0.454,
0.989,0.663,0.518,0.474,0.478,0.487,0.513,0.503,0.48,0.462,
1.0,0.659,0.534,0.473,0.471,0.452,0.459,0.535,0.494,0.467,
1.0,0.602,0.517,0.509,0.467,0.485,0.454,0.455,0.468,0.461,
0.977,0.635,0.502,0.495,0.476,0.519,0.461,0.461,0.467,0.474,
1.0,0.662,0.594,0.53,0.502,0.579,0.491,0.478,0.531,0.52,
0.989,0.641,0.586,0.571,0.494,0.521,0.502,0.535,0.497,0.524,
1.0,0.605,0.527,0.506,0.509,0.512,0.52,0.468,0.466,0.519,
0.979,0.627,0.515,0.524,0.501,0.487,0.452,0.448,0.478,0.474,
1.0,0.625,0.492,0.483,0.444,0.463,0.46,0.433,0.419,0.493,
0.941,0.651,0.507,0.482,0.467,0.466,0.447,0.504,0.486,0.466,
1.0,0.639,0.529,0.519,0.501,0.513,0.478,0.47,0.5,0.501,
1.0,0.607,0.566,0.519,0.475,0.472,0.446,0.489,0.508,0.484,
0.899,0.566,0.495,0.504,0.513,0.479,0.436,0.43,0.434,0.471,
0.954,0.599,0.545,0.491,0.45,0.444,0.447,0.46,0.456,0.467,
1.0,0.614,0.457,0.497,0.436,0.5,0.511,0.47,0.46,0.451,
1.0,0.627,0.609,0.514,0.583,0.489,0.515,0.496,0.479,0.522,
0.928,0.612,0.519,0.468,0.463,0.459,0.481,0.477,0.46,0.44,
1.0,0.636,0.545,0.532,0.498,0.51,0.506,0.513,0.528,0.521,
0.991,0.722,0.518,0.513,0.527,0.508,0.5,0.509,0.549,0.52,
0.98,0.689,0.538,0.475,0.494,0.479,0.5,0.528,0.483,0.502,
0.921,0.609,0.525,0.455,0.462,0.446,0.458,0.439,0.44,0.456,
0.987,0.623,0.586,0.513,0.546,0.523,0.493,0.505,0.519,0.497,
1.0,0.565,0.61,0.516,0.489,0.47,0.483,0.477,0.477,0.528,
1.0,0.66,0.569,0.563,0.546,0.499,0.548,0.491,0.495,0.538,
1.0,0.665,0.6,0.572,0.568,0.55,0.618,0.578,0.533,0.591,
1.0,0.537,0.518,0.491,0.465,0.473,0.439,0.459,0.49,0.456,
0.928,0.605,0.48,0.488,0.505,0.503,0.484,0.477,0.493,0.466,
1.0,0.637,0.603,0.563,0.564,0.567,0.586,0.535,0.597,0.586,
1.0,0.75,0.527,0.546,0.537,0.506,0.582,0.526,0.496,0.522,
1.0,0.622,0.566,0.538,0.496,0.526,0.47,0.514,0.487,0.527,
0.958,0.63,0.549,0.529,0.488,0.489,0.468,0.487,0.462,0.457,
1.0,0.646,0.572,0.665,0.545,0.533,0.617,0.514,0.567,0.515,
1.0,0.616,0.602,0.546,0.554,0.545,0.565,0.524,0.542,0.519,
0.938,0.569,0.467,0.529,0.545,0.522,0.497,0.487,0.482,0.499,
0.925,0.585,0.55,0.482,0.462,0.509,0.52,0.49,0.507,0.503,
1.0,0.673,0.588,0.543,0.577,0.623,0.54,0.549,0.576,0.537,
1.0,0.64,0.564,0.529,0.515,0.521,0.484,0.512,0.479,0.497,
1.0,0.56,0.53,0.526,0.501,0.449,0.454,0.466,0.495,0.469,
0.908,0.591,0.531,0.497,0.488,0.533,0.457,0.469,0.49,0.48,
1.0,0.673,0.612,0.574,0.635,0.574,0.591,0.581,0.632,0.561,
0.936,0.539,0.528,0.485,0.492,0.499,0.509,0.481,0.467,0.45,
1.0,0.499,0.572,0.587,0.48,0.485,0.51,0.487,0.467,0.501,
1.0,0.654,0.515,0.474,0.47,0.443,0.556,0.466,0.449,0.492,
0.925,0.575,0.533,0.489,0.482,0.487,0.436,0.444,0.522,0.447,
1.0,0.653,0.564,0.573,0.582,0.549,0.552,0.568,0.513,0.589,
1.0,0.651,0.596,0.594,0.56,0.568,0.561,0.621,0.537,0.553,
0.96,0.619,0.547,0.55,0.5,0.474,0.512,0.468,0.471,0.471,
0.937,0.633,0.474,0.561,0.45,0.465,0.467,0.451,0.451,0.486,
0.98,0.629,0.637,0.569,0.546,0.556,0.619,0.561,0.557,0.524,
1.0,0.685,0.542,0.515,0.503,0.509,0.516,0.542,0.467,0.497,
1.0,0.726,0.569,0.55,0.512,0.611,0.551,0.514,0.551,0.499,
1.0,0.669,0.612,0.519,0.519,0.506,0.546,0.553,0.607,0.542,
1.0,0.679,0.621,0.565,0.619,0.544,0.582,0.569,0.576,0.501,
1.0,0.609,0.556,0.517,0.557,0.53,0.499,0.495,0.57,0.511,
0.953,0.587,0.523,0.503,0.521,0.509,0.47,0.563,0.468,0.473,
0.955,0.618,0.558,0.496,0.512,0.481,0.497,0.513,0.497,0.471,
1.0,0.617,0.559,0.483,0.507,0.474,0.451,0.463,0.479,0.453,
1.0,0.637,0.583,0.521,0.495,0.52,0.499,0.494,0.486,0.502,
0.981,0.601,0.592,0.586,0.546,0.569,0.502,0.577,0.505,0.49,
1.0,0.619,0.544,0.519,0.502,0.521,0.481,0.494,0.479,0.5,
1.0,0.614,0.537,0.462,0.519,0.523,0.479,0.492,0.505,0.473,
0.946,0.583,0.523,0.48,0.462,0.503,0.486,0.458,0.456,0.463,
1.0,0.648,0.553,0.576,0.515,0.509,0.504,0.511,0.499,0.504,
1.0,0.639,0.602,0.519,0.515,0.484,0.477,0.489,0.506,0.484,
0.932,0.628,0.466,0.482,0.461,0.47,0.442,0.449,0.447,0.478,
1.0,0.606,0.572,0.556,0.515,0.51,0.503,0.523,0.563,0.546,
1.0,0.659,0.562,0.517,0.521,0.512,0.491,0.515,0.486,0.522,
1.0,0.562,0.489,0.487,0.437,0.459,0.459,0.507,0.441,0.439,
0.954,0.597,0.501,0.469,0.486,0.461,0.438,0.513,0.499,0.466,
1.0,0.654,0.563,0.575,0.503,0.548,0.517,0.515,0.526,0.517,
1.0,0.657,0.596,0.536,0.514,0.528,0.512,0.495,0.537,0.545,
1.0,0.621,0.63,0.477,0.485,0.482,0.511,0.482,0.473,0.482,
1.0,0.604,0.567,0.491,0.497,0.492,0.499,0.547,0.513,0.511,
0.953,0.572,0.597,0.525,0.504,0.504,0.522,0.472,0.504,0.5,
0.954,0.603,0.556,0.518,0.477,0.515,0.474,0.499,0.481,0.491,
1.0,0.655,0.561,0.512,0.598,0.519,0.497,0.523,0.52,0.529,
1.0,0.639,0.576,0.563,0.518,0.524,0.535,0.51,0.5,0.518,
0.907,0.579,0.533,0.499,0.473,0.445,0.447,0.504,0.46,0.488,
0.973,0.611,0.512,0.499,0.472,0.499,0.507,0.478,0.503,0.551,
1.0,0.596,0.691,0.501,0.563,0.566,0.548,0.524,0.585,0.503,
1.0,0.59,0.531,0.523,0.505,0.498,0.524,0.546,0.474,0.469,
0.893,0.629,0.48,0.459,0.423,0.437,0.516,0.48,0.459,0.441,
1.0,0.663,0.551,0.565,0.585,0.563,0.511,0.564,0.522,0.524,
0.998,0.674,0.586,0.587,0.537,0.588,0.552,0.54,0.549,0.536,
0.979,0.568,0.617,0.561,0.514,0.511,0.517,0.484,0.563,0.516,
0.94,0.553,0.535,0.512,0.493,0.501,0.445,0.492,0.478,0.464,
0.928,0.514,0.511,0.508,0.526,0.504,0.484,0.467,0.512,0.483,
1.0,0.592,0.594,0.509,0.55,0.485,0.519,0.517,0.492,0.469,
1.0,0.63,0.578,0.51,0.496,0.491,0.479,0.479,0.484,0.523,
1.0,0.65,0.563,0.552,0.52,0.539,0.527,0.572,0.508,0.501,
1.0,0.668,0.585,0.522,0.529,0.509,0.493,0.505,0.525,0.499,
0.942,0.602,0.459,0.497,0.487,0.459,0.468,0.49,0.464,0.461,
0.992,0.581,0.607,0.537,0.545,0.523,0.557,0.491,0.498,0.546,
1.0,0.693,0.502,0.505,0.522,0.48,0.549,0.565,0.56,0.504,
1.0,0.516,0.524,0.454,0.561,0.452,0.446,0.471,0.446,0.425,
0.974,0.602,0.499,0.502,0.466,0.465,0.462,0.439,0.492,0.466,
1.0,0.603,0.557,0.506,0.539,0.497,0.517,0.485,0.532,0.473,
1.0,0.612,0.59,0.54,0.512,0.538,0.503,0.491,0.534,0.538,
1.0,0.641,0.514,0.461,0.474,0.515,0.489,0.473,0.459,0.469,
0.953,0.58,0.524,0.505,0.47,0.547,0.492,0.488,0.483,0.451,
1.0,0.614,0.55,0.493,0.496,0.522,0.519,0.545,0.491,0.495,
1.0,0.554,0.51,0.454,0.465,0.461,0.505,0.493,0.441,0.485,
0.961,0.556,0.561,0.462,0.502,0.479,0.526,0.509,0.489,0.456,
0.932,0.581,0.505,0.509,0.468,0.451,0.514,0.458,0.45,0.49,

0.923,0.503,0.484,0.47,0.464,0.462,0.46,0.46,0.46,0.459,
0.929,0.509,0.48,0.471,0.476,0.476,0.475,0.475,0.474,0.474,
1.0,0.498,0.451,0.448,0.447,0.458,0.456,0.456,0.456,0.455,
0.986,0.459,0.416,0.406,0.413,0.41,0.409,0.408,0.408,0.408,
0.922,0.499,0.48,0.466,0.471,0.47,0.469,0.469,0.469,0.469,
1.0,0.493,0.446,0.443,0.442,0.44,0.44,0.44,0.441,0.439,
1.0,0.49,0.486,0.474,0.469,0.468,0.465,0.468,0.464,0.466,
0.973,0.518,0.494,0.488,0.487,0.486,0.485,0.486,0.486,0.484,
1.0,0.46,0.423,0.415,0.413,0.412,0.412,0.412,0.412,0.412,
0.937,0.481,0.462,0.458,0.456,0.456,0.455,0.456,0.453,0.455,
1.0,0.477,0.445,0.448,0.447,0.447,0.447,0.447,0.447,0.447,
1.0,0.51,0.472,0.473,0.471,0.469,0.468,0.467,0.467,0.467,
0.986,0.461,0.428,0.426,0.414,0.409,0.406,0.413,0.409,0.412,
0.961,0.534,0.518,0.511,0.5,0.505,0.498,0.495,0.502,0.497,
0.922,0.504,0.482,0.47,0.466,0.464,0.463,0.462,0.462,0.462,
0.987,0.443,0.418,0.417,0.413,0.41,0.408,0.408,0.407,0.407,
0.997,0.453,0.427,0.416,0.412,0.411,0.411,0.41,0.41,0.41,
0.93,0.521,0.493,0.496,0.492,0.484,0.476,0.473,0.472,0.471,
1.0,0.499,0.46,0.463,0.457,0.471,0.452,0.456,0.487,0.478,
1.0,0.482,0.447,0.435,0.43,0.428,0.428,0.427,0.427,0.427,
0.98,0.463,0.441,0.433,0.432,0.431,0.431,0.431,0.431,0.431,
0.919,0.509,0.484,0.482,0.485,0.483,0.485,0.483,0.486,0.485,
1.0,0.468,0.45,0.43,0.43,0.43,0.43,0.43,0.43,0.43,
0.997,0.448,0.412,0.41,0.404,0.402,0.401,0.401,0.401,0.401,
0.913,0.515,0.494,0.493,0.491,0.491,0.49,0.49,0.49,0.49,
0.976,0.433,0.394,0.392,0.377,0.374,0.374,0.374,0.374,0.374,
0.952,0.421,0.392,0.387,0.374,0.371,0.37,0.37,0.37,0.37,
0.871,0.501,0.493,0.485,0.49,0.474,0.473,0.472,0.472,0.472,
1.0,0.456,0.437,0.43,0.424,0.426,0.427,0.428,0.428,0.424,
1.0,0.443,0.41,0.407,0.407,0.406,0.406,0.406,0.406,0.406,
0.912,0.487,0.471,0.465,0.465,0.464,0.465,0.464,0.465,0.464,
0.943,0.52,0.494,0.486,0.481,0.48,0.481,0.48,0.48,0.481,
1.0,0.49,0.46,0.452,0.45,0.45,0.449,0.449,0.449,0.449,
0.984,0.444,0.414,0.396,0.403,0.393,0.399,0.391,0.398,0.391,
0.941,0.472,0.447,0.449,0.447,0.446,0.446,0.446,0.445,0.445,
1.0,0.53,0.509,0.492,0.498,0.492,0.488,0.486,0.485,0.485,
1.0,0.49,0.451,0.445,0.446,0.447,0.446,0.446,0.446,0.446,
0.969,0.46,0.436,0.431,0.431,0.44,0.438,0.437,0.436,0.436,
0.96,0.534,0.518,0.51,0.518,0.518,0.523,0.52,0.513,0.51,
0.879,0.47,0.445,0.439,0.438,0.438,0.437,0.437,0.437,0.437,
1.0,0.481,0.447,0.435,0.432,0.431,0.43,0.43,0.43,0.43,
1.0,0.474,0.445,0.435,0.435,0.483,0.493,0.458,0.448,0.436,
1.0,0.481,0.441,0.436,0.427,0.433,0.426,0.432,0.426,0.432,
1.0,0.451,0.416,0.404,0.399,0.398,0.397,0.397,0.397,0.397,
0.917,0.51,0.485,0.484,0.482,0.482,0.479,0.478,0.478,0.477,
1.0,0.501,0.472,0.461,0.458,0.465,0.461,0.464,0.461,0.464,
0.95,0.434,0.417,0.402,0.399,0.398,0.397,0.397,0.397,0.397,
0.945,0.444,0.423,0.417,0.413,0.411,0.413,0.414,0.413,0.412,
1.0,0.475,0.451,0.447,0.447,0.447,0.447,0.447,0.447,0.447,
1.0,0.509,0.478,0.467,0.462,0.46,0.46,0.46,0.46,0.46,
1.0,0.429,0.397,0.388,0.386,0.385,0.384,0.384,0.384,0.384,
0.919,0.49,0.473,0.469,0.465,0.463,0.462,0.462,0.462,0.462,
1.0,0.471,0.462,0.433,0.428,0.426,0.44,0.426,0.422,0.421,
0.941,0.442,0.409,0.406,0.406,0.403,0.405,0.404,0.404,0.404,
0.984,0.467,0.43,0.418,0.415,0.414,0.413,0.413,0.413,0.413,
0.97,0.516,0.496,0.479,0.481,0.489,0.49,0.491,0.491,0.491,
0.993,0.468,0.436,0.422,0.418,0.416,0.415,0.415,0.415,0.415,
0.914,0.495,0.459,0.459,0.455,0.452,0.457,0.459,0.457,0.454,
0.927,0.506,0.476,0.474,0.464,0.467,0.483,0.501,0.488,0.506,
0.974,0.433,0.401,0.396,0.393,0.392,0.392,0.391,0.391,0.391,
1.0,0.463,0.428,0.415,0.41,0.408,0.411,0.407,0.405,0.405,
0.917,0.493,0.476,0.469,0.466,0.465,0.465,0.464,0.464,0.464,
0.903,0.489,0.466,0.456,0.452,0.45,0.449,0.448,0.448,0.448,
1.0,0.48,0.445,0.43,0.433,0.435,0.435,0.438,0.432,0.435,
0.99,0.431,0.405,0.392,0.394,0.393,0.392,0.392,0.392,0.392,
0.89,0.493,0.467,0.463,0.46,0.462,0.46,0.462,0.46,0.462,
1.0,0.516,0.473,0.469,0.468,0.472,0.469,0.468,0.467,0.467,
1.0,0.466,0.427,0.414,0.41,0.409,0.408,0.408,0.408,0.408,
0.964,0.563,0.544,0.537,0.544,0.537,0.535,0.544,0.531,0.529,
0.91,0.485,0.488,0.477,0.483,0.477,0.479,0.478,0.473,0.469,
0.926,0.485,0.47,0.466,0.466,0.463,0.461,0.464,0.468,0.467,
0.992,0.45,0.416,0.422,0.42,0.41,0.407,0.406,0.405,0.405,
1.0,0.5,0.473,0.462,0.452,0.455,0.453,0.458,0.452,0.457,
0.962,0.447,0.419,0.414,0.411,0.41,0.41,0.409,0.409,0.41,
0.978,0.524,0.498,0.498,0.492,0.492,0.497,0.498,0.498,0.498,
1.0,0.503,0.467,0.458,0.446,0.455,0.445,0.454,0.445,0.454,
0.995,0.452,0.417,0.441,0.408,0.4,0.395,0.393,0.393,0.392,
1.0,0.46,0.43,0.424,0.423,0.431,0.419,0.416,0.415,0.415,
0.897,0.498,0.488,0.485,0.485,0.485,0.485,0.485,0.485,0.485,
1.0,0.459,0.443,0.426,0.417,0.413,0.412,0.411,0.411,0.411,
1.0,0.473,0.442,0.441,0.436,0.434,0.434,0.433,0.433,0.433,
0.888,0.485,0.464,0.456,0.452,0.451,0.451,0.455,0.453,0.453,
0.938,0.503,0.488,0.481,0.475,0.477,0.484,0.474,0.479,0.483,
1.0,0.471,0.428,0.419,0.413,0.41,0.409,0.409,0.409,0.409,
1.0,0.434,0.4,0.389,0.387,0.385,0.385,0.385,0.384,0.385,
0.966,0.463,0.426,0.415,0.412,0.42,0.42,0.421,0.422,0.422,
0.901,0.493,0.468,0.458,0.448,0.456,0.448,0.456,0.458,0.46,
1.0,0.484,0.466,0.457,0.453,0.449,0.456,0.441,0.436,0.449,
0.923,0.513,0.482,0.474,0.471,0.47,0.473,0.472,0.472,0.472,
0.922,0.511,0.493,0.482,0.478,0.476,0.475,0.474,0.474,0.474,
0.972,0.455,0.415,0.413,0.404,0.403,0.402,0.402,0.401,0.401,
0.989,0.439,0.405,0.392,0.388,0.387,0.386,0.386,0.386,0.386,
0.922,0.51,0.488,0.487,0.488,0.486,0.486,0.486,0.485,0.485,
1.0,0.483,0.459,0.441,0.437,0.44,0.439,0.44,0.441,0.441,
0.996,0.442,0.421,0.41,0.403,0.401,0.4,0.399,0.399,0.399,
0.901,0.486,0.461,0.46,0.458,0.454,0.452,0.443,0.447,0.449,
1.0,0.485,0.465,0.456,0.452,0.451,0.451,0.45,0.45,0.45,
1.0,0.476,0.453,0.448,0.446,0.446,0.439,0.441,0.454,0.444,
0.961,0.435,0.402,0.388,0.392,0.393,0.394,0.394,0.394,0.394,
0.963,0.45,0.43,0.42,0.417,0.416,0.416,0.416,0.416,0.416,
0.945,0.521,0.485,0.479,0.474,0.471,0.47,0.469,0.469,0.469,
1.0,0.494,0.458,0.462,0.465,0.463,0.462,0.463,0.464,0.465,
0.979,0.444,0.415,0.426,0.402,0.406,0.4,0.396,0.395,0.395,
0.912,0.494,0.467,0.46,0.458,0.457,0.457,0.457,0.457,0.457,
0.98,0.461,0.426,0.426,0.416,0.417,0.415,0.414,0.414,0.414,
1.0,0.456,0.444,0.456,0.449,0.45,0.448,0.423,0.43,0.438,
1.0,0.509,0.479,0.472,0.464,0.46,0.459,0.458,0.458,0.458,
1.0,0.514,0.469,0.456,0.465,0.463,0.462,0.461,0.461,0.461,
0.992,0.452,0.428,0.419,0.418,0.415,0.412,0.41,0.409,0.408,
0.891,0.492,0.47,0.47,0.468,0.468,0.468,0.468,0.468,0.468,
1.0,0.502,0.461,0.456,0.456,0.461,0.46,0.459,0.459,0.459,
0.956,0.437,0.409,0.402,0.402,0.401,0.401,0.401,0.4,0.4,
0.913,0.513,0.491,0.491,0.491,0.491,0.491,0.491,0.491,0.491,
1.0,0.476,0.445,0.435,0.43,0.428,0.427,0.427,0.426,0.426,
0.995,0.452,0.426,0.418,0.419,0.416,0.417,0.415,0.417,0.415,
0.984,0.437,0.413,0.414,0.411,0.414,0.414,0.414,0.414,0.413,
0.942,0.508,0.488,0.483,0.478,0.476,0.475,0.475,0.475,0.475,
1.0,0.493,0.472,0.463,0.459,0.458,0.458,0.457,0.457,0.457,
1.0,0.497,0.471,0.463,0.468,0.469,0.467,0.467,0.467,0.467,
0.966,0.453,0.412,0.406,0.415,0.41,0.408,0.406,0.405,0.406,
0.971,0.45,0.415,0.41,0.401,0.398,0.397,0.396,0.396,0.396,
0.966,0.448,0.421,0.409,0.416,0.416,0.416,0.416,0.416,0.416,
0.973,0.431,0.4,0.405,0.405,0.404,0.404,0.404,0.403,0.403,
0.918,0.51,0.488,0.484,0.479,0.477,0.476,0.475,0.475,0.475,
1.0,0.503,0.47,0.471,0.469,0.469,0.469,0.469,0.469,0.469,
0.989,0.447,0.414,0.405,0.401,0.4,0.4,0.4,0.4,0.4,
0.942,0.494,0.465,0.47,0.465,0.474,0.474,0.469,0.454,0.453,
0.93,0.507,0.484,0.48,0.478,0.477,0.477,0.477,0.477,0.477,
1.0,0.48,0.443,0.432,0.428,0.427,0.427,0.427,0.427,0.427,
1.0,0.444,0.411,0.404,0.402,0.402,0.401,0.401,0.401,0.401,
0.945,0.53,0.504,0.494,0.487,0.497,0.494,0.496,0.493,0.496,
1.0,0.532,0.496,0.49,0.488,0.487,0.487,0.487,0.487,0.486,
1.0,0.441,0.402,0.398,0.39,0.388,0.386,0.386,0.386,0.386,
0.903,0.478,0.452,0.449,0.446,0.447,0.438,0.436,0.435,0.435,
0.881,0.487,0.455,0.446,0.455,0.445,0.445,0.443,0.445,0.443,
0.925,0.514,0.49,0.483,0.48,0.48,0.478,0.476,0.47,0.479,
1.0,0.473,0.457,0.45,0.447,0.446,0.445,0.445,0.445,0.445,
1.0,0.504,0.458,0.452,0.442,0.459,0.445,0.461,0.446,0.461,
0.972,0.436,0.463,0.421,0.414,0.402,0.399,0.395,0.393,0.394,
0.928,0.488,0.463,0.458,0.458,0.456,0.456,0.459,0.448,0.446,
1.0,0.473,0.441,0.429,0.424,0.423,0.422,0.422,0.422,0.422,
0.975,0.427,0.391,0.383,0.387,0.386,0.386,0.387,0.387,0.387,
0.964,0.436,0.391,0.387,0.383,0.378,0.376,0.4,0.382,0.378,
0.96,0.532,0.488,0.48,0.475,0.475,0.474,0.468,0.474,0.474,
1.0,0.524,0.478,0.465,0.47,0.469,0.469,0.469,0.469,0.469,
1.0,0.498,0.479,0.479,0.476,0.474,0.471,0.47,0.47,0.47,
0.969,0.442,0.413,0.409,0.407,0.405,0.405,0.405,0.405,0.405,
0.957,0.51,0.496,0.495,0.491,0.489,0.488,0.487,0.486,0.486,
1.0,0.47,0.465,0.471,0.469,0.457,0.43,0.422,0.418,0.417,
0.996,0.441,0.415,0.406,0.403,0.403,0.402,0.402,0.402,0.402,
0.954,0.509,0.472,0.474,0.463,0.47,0.47,0.47,0.47,0.47,
0.905,0.485,0.453,0.454,0.441,0.445,0.442,0.441,0.441,0.441,
0.926,0.508,0.485,0.482,0.48,0.479,0.479,0.479,0.479,0.479,
0.896,0.495,0.465,0.465,0.463,0.462,0.461,0.461,0.461,0.46,
0.969,0.527,0.504,0.496,0.493,0.492,0.491,0.491,0.491,0.491,
1.0,0.496,0.461,0.455,0.458,0.458,0.457,0.457,0.457,0.457,
0.991,0.437,0.406,0.397,0.396,0.395,0.395,0.395,0.395,0.395,
1.0,0.471,0.438,0.437,0.437,0.436,0.436,0.435,0.435,0.435,
1.0,0.509,0.477,0.463,0.457,0.455,0.453,0.453,0.453,0.453,
1.0,0.513,0.465,0.45,0.445,0.443,0.442,0.442,0.441,0.441,
0.911,0.528,0.472,0.46,0.458,0.458,0.467,0.46,0.467,0.459,
0.938,0.538,0.493,0.48,0.48,0.479,0.473,0.47,0.47,0.474,
1.0,0.506,0.469,0.453,0.454,0.457,0.455,0.455,0.455,0.455,
0.977,0.448,0.408,0.406,0.402,0.4,0.4,0.4,0.4,0.4,
0.937,0.506,0.477,0.468,0.466,0.465,0.465,0.464,0.464,0.464,
1.0,0.484,0.451,0.446,0.453,0.457,0.457,0.457,0.457,0.457,
1.0,0.508,0.48,0.488,0.449,0.47,0.452,0.479,0.451,0.479,
0.95,0.46,0.43,0.424,0.423,0.422,0.422,0.422,0.422,0.422,
0.947,0.431,0.4,0.395,0.393,0.392,0.392,0.392,0.392,0.392,
0.991,0.454,0.437,0.42,0.415,0.414,0.413,0.413,0.413,0.413,
1.0,0.448,0.427,0.427,0.42,0.416,0.415,0.415,0.414,0.414,
1.0,0.501,0.461,0.455,0.455,0.451,0.454,0.454,0.448,0.453,
0.949,0.436,0.406,0.397,0.396,0.396,0.396,0.396,0.396,0.396,
0.932,0.518,0.5,0.488,0.484,0.483,0.482,0.482,0.482,0.482,
0.927,0.514,0.492,0.482,0.477,0.476,0.475,0.475,0.475,0.475,
1.0,0.514,0.467,0.454,0.458,0.455,0.456,0.457,0.456,0.455,
0.975,0.446,0.421,0.409,0.405,0.404,0.404,0.403,0.403,0.403,
0.957,0.457,0.431,0.425,0.425,0.424,0.424,0.424,0.424,0.424,
0.899,0.516,0.487,0.475,0.481,0.484,0.485,0.486,0.486,0.486,
1.0,0.525,0.496,0.49,0.488,0.501,0.501,0.498,0.5,0.5,
1.0,0.434,0.427,0.416,0.402,0.399,0.403,0.413,0.41,0.41,
0.921,0.503,0.477,0.491,0.486,0.491,0.49,0.49,0.491,0.49,
1.0,0.502,0.49,0.483,0.483,0.449,0.475,0.485,0.438,0.484,
0.958,0.447,0.413,0.401,0.396,0.394,0.394,0.393,0.393,0.393,
0.895,0.478,0.46,0.468,0.474,0.477,0.476,0.476,0.476,0.476,
1.0,0.489,0.456,0.445,0.441,0.44,0.439,0.439,0.439,0.439,
0.971,0.454,0.414,0.403,0.397,0.396,0.407,0.404,0.401,0.4,
0.962,0.532,0.489,0.476,0.471,0.47,0.474,0.474,0.47,0.474,
1.0,0.513,0.477,0.474,0.462,0.466,0.458,0.464,0.457,0.463,
1.0,0.536,0.496,0.489,0.484,0.486,0.483,0.485,0.483,0.485,
1.0,0.447,0.419,0.413,0.412,0.411,0.411,0.411,0.411,0.411,
0.963,0.518,0.478,0.471,0.47,0.468,0.468,0.473,0.477,0.474,
0.9,0.483,0.469,0.464,0.465,0.462,0.46,0.459,0.459,0.459,
1.0,0.439,0.419,0.402,0.396,0.394,0.394,0.393,0.393,0.393,
0.984,0.44,0.406,0.388,0.387,0.381,0.378,0.377,0.377,0.377,
0.918,0.507,0.492,0.491,0.489,0.489,0.489,0.489,0.489,0.489,
1.0,0.481,0.458,0.454,0.453,0.453,0.453,0.453,0.453,0.453,
1.0,0.479,0.449,0.444,0.443,0.443,0.443,0.443,0.443,0.443,
0.988,0.457,0.397,0.387,0.388,0.383,0.384,0.377,0.374,0.372,
0.899,0.495,0.48,0.472,0.469,0.467,0.467,0.466,0.466,0.466,
0.957,0.452,0.414,0.399,0.397,0.393,0.392,0.391,0.391,0.391,
1.0,0.477,0.441,0.435,0.422,0.419,0.415,0.412,0.412,0.411,
1.0,0.484,0.454,0.444,0.442,0.441,0.441,0.442,0.437,0.434,
0.984,0.497,0.511,0.476,0.452,0.444,0.441,0.44,0.439,0.439,
0.925,0.513,0.481,0.467,0.462,0.472,0.469,0.472,0.469,0.472,
1.0,0.493,0.477,0.463,0.458,0.457,0.456,0.456,0.456,0.456,
1.0,0.463,0.438,0.457,0.43,0.425,0.416,0.411,0.409,0.408,
0.976,0.439,0.401,0.389,0.392,0.387,0.384,0.384,0.384,0.39,
0.901,0.497,0.476,0.471,0.464,0.461,0.46,0.46,0.46,0.46,
1.0,0.473,0.436,0.429,0.428,0.439,0.439,0.441,0.442,0.43,
1.0,0.491,0.463,0.458,0.454,0.448,0.452,0.452,0.444,0.449,
0.913,0.505,0.476,0.469,0.47,0.467,0.466,0.476,0.477,0.477,
0.941,0.504,0.487,0.488,0.488,0.482,0.477,0.475,0.484,0.487,
1.0,0.495,0.47,0.455,0.446,0.443,0.442,0.441,0.445,0.446,
1.0,0.457,0.425,0.411,0.406,0.404,0.404,0.403,0.403,0.403,
0.988,0.442,0.412,0.404,0.402,0.402,0.402,0.402,0.402,0.402,
0.951,0.455,0.418,0.406,0.402,0.401,0.4,0.4,0.4,0.4,
0.915,0.509,0.491,0.488,0.48,0.491,0.486,0.481,0.477,0.481,
0.924,0.509,0.475,0.469,0.464,0.461,0.463,0.465,0.465,0.465,
0.951,0.52,0.498,0.488,0.484,0.483,0.483,0.482,0.482,0.482,
1.0,0.489,0.431,0.416,0.41,0.43,0.449,0.427,0.417,0.422,
0.948,0.437,0.419,0.404,0.4,0.392,0.39,0.389,0.389,0.389,
0.873,0.473,0.449,0.458,0.457,0.456,0.456,0.456,0.456,0.456,
1.0,0.498,0.455,0.447,0.443,0.442,0.442,0.442,0.442,0.442,
0.978,0.46,0.423,0.411,0.41,0.411,0.411,0.411,0.411,0.411,
0.976,0.525,0.509,0.494,0.49,0.491,0.504,0.504,0.502,0.504,
1.0,0.498,0.458,0.444,0.439,0.437,0.436,0.435,0.435,0.435,
1.0,0.519,0.463,0.464,0.463,0.461,0.461,0.461,0.461,0.461,
0.95,0.445,0.415,0.407,0.405,0.404,0.404,0.404,0.404,0.404,
0.954,0.496,0.474,0.469,0.468,0.461,0.467,0.467,0.467,0.467,
0.935,0.498,0.472,0.464,0.461,0.474,0.474,0.474,0.474,0.474,
1.0,0.506,0.478,0.459,0.452,0.451,0.45,0.45,0.45,0.45,
1.0,0.461,0.422,0.42,0.434,0.42,0.42,0.42,0.42,0.42,
0.968,0.435,0.405,0.397,0.409,0.396,0.394,0.393,0.393,0.393,
1.0,0.437,0.405,0.397,0.394,0.393,0.393,0.393,0.393,0.393,
1.0,0.513,0.451,0.461,0.459,0.427,0.419,0.416,0.415,0.414,
1.0,0.545,0.485,0.471,0.467,0.465,0.464,0.464,0.464,0.464,
0.952,0.444,0.409,0.4,0.399,0.398,0.398,0.398,0.397,0.397,
1.0,0.454,0.421,0.41,0.397,0.396,0.396,0.396,0.396,0.396,
0.924,0.497,0.457,0.45,0.454,0.443,0.446,0.438,0.449,0.446,
1.0,0.511,0.471,0.471,0.469,0.469,0.468,0.468,0.468,0.468,
1.0,0.465,0.439,0.43,0.426,0.425,0.425,0.424,0.424,0.424,
0.928,0.511,0.478,0.482,0.481,0.475,0.481,0.491,0.491,0.491,
0.879,0.473,0.456,0.46,0.458,0.457,0.448,0.447,0.452,0.457,
0.968,0.429,0.408,0.399,0.395,0.394,0.393,0.393,0.393,0.393,
0.981,0.452,0.412,0.404,0.402,0.402,0.402,0.402,0.402,0.402,
1.0,0.441,0.41,0.41,0.408,0.407,0.406,0.405,0.415,0.418,
1.0,0.474,0.443,0.442,0.442,0.442,0.442,0.442,0.442,0.442,
0.917,0.475,0.457,0.458,0.458,0.457,0.457,0.453,0.457,0.452,
0.888,0.502,0.483,0.483,0.483,0.483,0.483,0.483,0.483,0.483,
0.97,0.438,0.412,0.416,0.413,0.411,0.411,0.412,0.412,0.412,
0.977,0.45,0.419,0.407,0.4,0.399,0.397,0.396,0.395,0.395,
0.928,0.516,0.501,0.497,0.497,0.505,0.506,0.506,0.506,0.505,
1.0,0.495,0.469,0.453,0.464,0.454,0.462,0.47,0.466,0.459,
1.0,0.497,0.452,0.438,0.431,0.441,0.436,0.434,0.433,0.433,
1.0,0.443,0.4,0.392,0.389,0.388,0.387,0.387,0.387,0.387,
0.927,0.541,0.5,0.493,0.489,0.487,0.486,0.485,0.485,0.485,
0.922,0.5,0.473,0.479,0.471,0.471,0.488,0.49,0.49,0.49,
1.0,0.543,0.517,0.503,0.497,0.494,0.493,0.493,0.493,0.493,
0.996,0.462,0.41,0.399,0.395,0.394,0.393,0.393,0.393,0.393,
0.899,0.506,0.492,0.49,0.486,0.484,0.484,0.484,0.484,0.484,
1.0,0.524,0.493,0.478,0.483,0.476,0.479,0.476,0.475,0.474,
0.943,0.451,0.411,0.4,0.403,0.405,0.4,0.397,0.396,0.395,
0.917,0.492,0.473,0.464,0.46,0.463,0.465,0.491,0.469,0.467,
0.989,0.434,0.393,0.394,0.392,0.391,0.393,0.393,0.393,0.393,
0.924,0.498,0.466,0.463,0.463,0.466,0.463,0.463,0.463,0.462,
1.0,0.499,0.473,0.468,0.468,0.467,0.466,0.466,0.466,0.466,
1.0,0.524,0.5,0.486,0.48,0.477,0.476,0.475,0.475,0.475,
1.0,0.45,0.418,0.415,0.413,0.408,0.41,0.404,0.417,0.417,
0.933,0.483,0.441,0.441,0.435,0.435,0.433,0.435,0.434,0.436,
1.0,0.51,0.462,0.489,0.452,0.457,0.438,0.424,0.418,0.416,
0.967,0.46,0.418,0.412,0.409,0.407,0.406,0.405,0.405,0.405,
0.931,0.508,0.483,0.481,0.472,0.468,0.477,0.471,0.467,0.477,
0.9,0.494,0.472,0.467,0.466,0.464,0.464,0.464,0.464,0.464,
1.0,0.516,0.488,0.48,0.477,0.476,0.485,0.475,0.454,0.45,
1.0,0.498,0.462,0.449,0.446,0.447,0.445,0.447,0.445,0.447,
0.942,0.431,0.409,0.404,0.403,0.402,0.402,0.402,0.402,0.402,
0.93,0.466,0.46,0.455,0.456,0.464,0.462,0.46,0.46,0.459,
1.0,0.503,0.467,0.454,0.457,0.456,0.456,0.456,0.456,0.456,
1.0,0.442,0.407,0.388,0.396,0.393,0.392,0.391,0.391,0.391,
1.0,0.483,0.451,0.438,0.438,0.438,0.438,0.438,0.438,0.438,
1.0,0.504,0.457,0.446,0.442,0.443,0.438,0.479,0.456,0.445,
0.92,0.504,0.475,0.473,0.47,0.469,0.469,0.469,0.469,0.469,
0.932,0.513,0.493,0.492,0.487,0.478,0.5,0.509,0.508,0.507,
1.0,0.502,0.472,0.462,0.461,0.459,0.458,0.458,0.458,0.458,
1.0,0.451,0.421,0.416,0.416,0.416,0.416,0.416,0.416,0.416,
0.996,0.453,0.424,0.412,0.41,0.413,0.411,0.41,0.41,0.41,
0.924,0.504,0.474,0.464,0.461,0.462,0.461,0.46,0.461,0.461,
1.0,0.532,0.511,0.504,0.502,0.482,0.464,0.485,0.494,0.498,
1.0,0.507,0.439,0.456,0.437,0.432,0.432,0.433,0.433,0.433,
1.0,0.456,0.422,0.413,0.421,0.419,0.414,0.416,0.418,0.414,
0.934,0.506,0.483,0.484,0.484,0.482,0.48,0.484,0.484,0.484,
1.0,0.484,0.451,0.445,0.454,0.46,0.46,0.46,0.459,0.48,
0.969,0.453,0.414,0.409,0.401,0.403,0.405,0.405,0.405,0.405,
0.942,0.502,0.479,0.471,0.469,0.467,0.468,0.467,0.465,0.467,
1.0,0.49,0.457,0.447,0.444,0.442,0.442,0.441,0.441,0.441,
0.931,0.506,0.471,0.458,0.456,0.454,0.452,0.451,0.451,0.45,
1.0,0.487,0.455,0.441,0.436,0.434,0.45,0.446,0.445,0.444,
0.981,0.467,0.432,0.42,0.42,0.422,0.423,0.423,0.423,0.423,
1.0,0.454,0.406,0.431,0.414,0.406,0.404,0.411,0.413,0.413,
0.844,0.467,0.457,0.446,0.45,0.448,0.447,0.447,0.447,0.446,
1.0,0.485,0.481,0.456,0.446,0.444,0.444,0.444,0.444,0.444,
0.966,0.433,0.405,0.39,0.392,0.391,0.391,0.391,0.391,0.391,
0.947,0.513,0.486,0.48,0.484,0.483,0.484,0.484,0.484,0.484,
1.0,0.506,0.474,0.469,0.465,0.464,0.463,0.463,0.463,0.463,
1.0,0.469,0.428,0.417,0.411,0.408,0.408,0.407,0.407,0.407,
0.97,0.461,0.432,0.429,0.426,0.425,0.425,0.424,0.424,0.424,
0.998,0.444,0.413,0.434,0.402,0.404,0.402,0.398,0.396,0.396,
0.906,0.501,0.486,0.49,0.485,0.483,0.483,0.483,0.483,0.483,
1.0,0.509,0.479,0.465,0.467,0.466,0.466,0.466,0.466,0.466,
1.0,0.462,0.428,0.418,0.41,0.404,0.404,0.41,0.418,0.416,
0.967,0.515,0.497,0.499,0.497,0.482,0.473,0.47,0.482,0.484,
1.0,0.468,0.431,0.419,0.427,0.423,0.416,0.423,0.414,0.423,
1.0,0.512,0.502,0.498,0.496,0.495,0.496,0.492,0.491,0.491,
0.908,0.47,0.442,0.445,0.444,0.444,0.449,0.451,0.46,0.46,
1.0,0.484,0.468,0.454,0.449,0.446,0.449,0.439,0.437,0.436,
0.987,0.438,0.416,0.406,0.4,0.398,0.397,0.397,0.397,0.397,
0.897,0.498,0.474,0.464,0.458,0.45,0.453,0.448,0.453,0.449,
1.0,0.502,0.472,0.474,0.468,0.465,0.464,0.464,0.464,0.464,
1.0,0.498,0.47,0.452,0.451,0.454,0.452,0.452,0.452,0.451,
0.982,0.434,0.433,0.418,0.413,0.396,0.394,0.393,0.393,0.393,
0.93,0.518,0.485,0.476,0.485,0.485,0.483,0.484,0.483,0.484,
0.899,0.478,0.451,0.436,0.458,0.455,0.445,0.457,0.456,0.456,
0.995,0.462,0.438,0.424,0.422,0.421,0.424,0.423,0.422,0.421,
1.0,0.467,0.422,0.419,0.417,0.416,0.416,0.416,0.416,0.416,
1.0,0.53,0.508,0.51,0.509,0.514,0.513,0.512,0.505,0.521,
1.0,0.482,0.449,0.44,0.436,0.435,0.434,0.434,0.434,0.434,
1.0,0.487,0.454,0.438,0.431,0.429,0.428,0.428,0.428,0.429,
1.0,0.451,0.41,0.398,0.394,0.394,0.393,0.393,0.393,0.393,
0.926,0.435,0.41,0.41,0.408,0.407,0.406,0.406,0.408,0.401,
0.94,0.442,0.414,0.408,0.407,0.4,0.401,0.406,0.407,0.407,
0.916,0.5,0.48,0.475,0.474,0.474,0.474,0.474,0.474,0.474,
1.0,0.505,0.475,0.471,0.478,0.481,0.483,0.482,0.481,0.481,
0.966,0.519,0.495,0.486,0.483,0.482,0.481,0.481,0.481,0.481,
0.907,0.484,0.47,0.464,0.465,0.465,0.465,0.464,0.464,0.464,
0.937,0.523,0.508,0.496,0.497,0.504,0.494,0.497,0.496,0.495,
1.0,0.469,0.464,0.435,0.438,0.435,0.428,0.425,0.424,0.423,
0.996,0.463,0.424,0.424,0.414,0.415,0.412,0.422,0.418,0.417,
0.934,0.51,0.481,0.47,0.467,0.465,0.465,0.465,0.464,0.464,
1.0,0.478,0.445,0.434,0.43,0.429,0.428,0.428,0.428,0.428,
1.0,0.455,0.443,0.431,0.427,0.428,0.429,0.423,0.421,0.42,
0.962,0.521,0.489,0.479,0.475,0.48,0.484,0.484,0.475,0.472,
0.907,0.506,0.471,0.464,0.456,0.452,0.454,0.452,0.448,0.454,
1.0,0.462,0.429,0.429,0.423,0.416,0.411,0.415,0.411,0.414,
0.924,0.499,0.48,0.478,0.477,0.471,0.47,0.47,0.467,0.465,
1.0,0.477,0.449,0.443,0.442,0.441,0.441,0.441,0.441,0.441,
1.0,0.52,0.496,0.488,0.482,0.489,0.489,0.489,0.489,0.489,
0.957,0.53,0.507,0.503,0.495,0.506,0.505,0.505,0.505,0.505,
0.901,0.493,0.472,0.473,0.471,0.469,0.467,0.474,0.466,0.463,
1.0,0.526,0.518,0.509,0.505,0.503,0.502,0.502,0.502,0.502,
1.0,0.518,0.493,0.492,0.485,0.488,0.489,0.488,0.488,0.487,
1.0,0.457,0.421,0.404,0.397,0.395,0.394,0.394,0.394,0.394,
0.889,0.485,0.449,0.438,0.448,0.439,0.444,0.443,0.453,0.451,
1.0,0.504,0.498,0.48,0.474,0.476,0.474,0.474,0.474,0.474,
1.0,0.448,0.414,0.403,0.4,0.399,0.398,0.398,0.398,0.398,
0.924,0.499,0.469,0.461,0.459,0.456,0.463,0.462,0.456,0.463,
1.0,0.484,0.449,0.443,0.441,0.441,0.441,0.441,0.441,0.441,
1.0,0.513,0.491,0.475,0.47,0.468,0.468,0.468,0.468,0.468,
1.0,0.48,0.427,0.427,0.453,0.432,0.446,0.428,0.446,0.442,
0.953,0.537,0.508,0.51,0.499,0.494,0.506,0.497,0.493,0.505,
1.0,0.444,0.404,0.389,0.384,0.383,0.382,0.382,0.382,0.382,
0.931,0.495,0.47,0.461,0.457,0.461,0.458,0.457,0.456,0.456,
1.0,0.468,0.438,0.42,0.417,0.415,0.414,0.414,0.414,0.414,
0.988,0.449,0.421,0.412,0.409,0.409,0.408,0.408,0.408,0.408,
0.906,0.509,0.485,0.477,0.484,0.479,0.477,0.489,0.482,0.478,
0.92,0.481,0.465,0.458,0.468,0.467,0.467,0.466,0.466,0.466,
1.0,0.49,0.461,0.45,0.447,0.447,0.446,0.446,0.446,0.446,
1.0,0.432,0.404,0.389,0.381,0.379,0.378,0.378,0.378,0.378,
1.0,0.456,0.423,0.412,0.408,0.407,0.407,0.406,0.406,0.406,
1.0,0.467,0.441,0.457,0.455,0.454,0.452,0.452,0.452,0.452,
1.0,0.515,0.481,0.472,0.469,0.468,0.465,0.465,0.465,0.465,
0.942,0.448,0.42,0.414,0.413,0.412,0.412,0.412,0.412,0.412,
0.912,0.487,0.46,0.451,0.45,0.45,0.45,0.447,0.449,0.45,
0.964,0.506,0.485,0.486,0.476,0.475,0.473,0.477,0.475,0.475,
0.946,0.455,0.423,0.419,0.418,0.417,0.417,0.416,0.416,0.416,
0.997,0.459,0.431,0.427,0.425,0.424,0.424,0.424,0.424,0.424,
1.0,0.503,0.474,0.465,0.461,0.458,0.457,0.457,0.457,0.456,
0.987,0.453,0.414,0.407,0.405,0.405,0.405,0.405,0.405,0.405,
0.903,0.492,0.46,0.446,0.444,0.443,0.445,0.447,0.443,0.447,
0.974,0.542,0.51,0.501,0.495,0.496,0.493,0.495,0.493,0.495,
1.0,0.526,0.491,0.482,0.493,0.488,0.486,0.474,0.491,0.487,
0.939,0.428,0.41,0.4,0.386,0.383,0.386,0.385,0.397,0.393,
0.907,0.486,0.461,0.449,0.447,0.449,0.455,0.455,0.45,0.455,
1.0,0.502,0.468,0.459,0.456,0.456,0.455,0.455,0.455,0.455,
0.971,0.449,0.415,0.408,0.407,0.418,0.418,0.419,0.419,0.419,
0.991,0.457,0.419,0.406,0.402,0.401,0.4,0.4,0.4,0.4,
0.895,0.501,0.484,0.48,0.48,0.483,0.482,0.481,0.481,0.48,
0.921,0.529,0.5,0.495,0.494,0.5,0.482,0.517,0.492,0.489,
1.0,0.509,0.486,0.471,0.47,0.465,0.462,0.461,0.461,0.461,
1.0,0.447,0.418,0.409,0.406,0.405,0.405,0.404,0.404,0.405,
0.942,0.493,0.472,0.466,0.463,0.47,0.469,0.465,0.463,0.47,
1.0,0.506,0.474,0.463,0.46,0.46,0.459,0.459,0.459,0.459,
1.0,0.511,0.47,0.464,0.459,0.466,0.467,0.512,0.473,0.471,
0.989,0.443,0.404,0.399,0.402,0.402,0.402,0.402,0.402,0.402,
0.96,0.443,0.412,0.398,0.398,0.39,0.387,0.385,0.385,0.385,
0.97,0.429,0.392,0.379,0.401,0.383,0.374,0.378,0.373,0.371,
1.0,0.484,0.452,0.448,0.447,0.447,0.446,0.443,0.441,0.44,
1.0,0.51,0.467,0.461,0.457,0.459,0.459,0.46,0.46,0.46,
0.974,0.454,0.422,0.414,0.413,0.411,0.409,0.409,0.408,0.408,
0.893,0.485,0.456,0.452,0.448,0.447,0.446,0.446,0.446,0.446,
1.0,0.489,0.463,0.454,0.451,0.443,0.448,0.448,0.448,0.448,
0.999,0.457,0.425,0.469,0.438,0.434,0.427,0.423,0.422,0.422,
0.934,0.495,0.468,0.459,0.468,0.465,0.46,0.459,0.458,0.457,
0.905,0.49,0.466,0.463,0.463,0.462,0.462,0.462,0.462,0.462,
1.0,0.458,0.418,0.403,0.398,0.396,0.396,0.395,0.395,0.395,
0.957,0.425,0.387,0.372,0.374,0.373,0.373,0.373,0.373,0.373,
1.0,0.47,0.445,0.441,0.442,0.442,0.442,0.442,0.442,0.442,
0.909,0.484,0.457,0.449,0.447,0.447,0.451,0.452,0.45,0.451,
0.974,0.437,0.42,0.417,0.417,0.416,0.416,0.416,0.416,0.416,
0.915,0.509,0.499,0.494,0.49,0.489,0.489,0.488,0.488,0.488,
1.0,0.522,0.497,0.487,0.489,0.485,0.483,0.482,0.482,0.482,
1.0,0.519,0.479,0.462,0.461,0.459,0.458,0.458,0.458,0.458,
0.962,0.435,0.408,0.406,0.406,0.406,0.406,0.406,0.406,0.406,
0.899,0.504,0.482,0.477,0.474,0.473,0.473,0.473,0.473,0.473,
1.0,0.524,0.498,0.492,0.478,0.475,0.492,0.486,0.485,0.485,
0.958,0.439,0.415,0.406,0.409,0.406,0.404,0.403,0.403,0.403,
0.966,0.522,0.506,0.497,0.497,0.495,0.496,0.493,0.49,0.498,
1.0,0.514,0.497,0.482,0.481,0.48,0.48,0.48,0.48,0.48,
1.0,0.511,0.487,0.481,0.479,0.474,0.475,0.472,0.473,0.468,
1.0,0.502,0.463,0.45,0.446,0.445,0.444,0.444,0.444,0.444,
0.963,0.443,0.413,0.403,0.4,0.399,0.399,0.399,0.399,0.398,
0.905,0.487,0.469,0.458,0.458,0.458,0.45,0.457,0.46,0.458,
1.0,0.54,0.497,0.487,0.483,0.482,0.481,0.481,0.481,0.481,
0.959,0.447,0.414,0.409,0.391,0.389,0.388,0.388,0.388,0.388,
0.983,0.443,0.411,0.395,0.398,0.388,0.386,0.385,0.384,0.384,
0.876,0.502,0.474,0.467,0.467,0.467,0.466,0.466,0.466,0.466,
0.926,0.499,0.478,0.47,0.472,0.469,0.473,0.47,0.469,0.463,
1.0,0.468,0.449,0.445,0.445,0.445,0.445,0.445,0.445,0.445,
0.966,0.45,0.42,0.406,0.406,0.403,0.401,0.4,0.4,0.4,
0.992,0.46,0.427,0.418,0.414,0.412,0.412,0.412,0.412,0.412,
0.893,0.486,0.458,0.457,0.456,0.453,0.454,0.454,0.454,0.454,
1.0,0.504,0.471,0.461,0.458,0.457,0.457,0.457,0.456,0.456,
0.944,0.435,0.412,0.404,0.402,0.401,0.401,0.401,0.401,0.401,
0.91,0.506,0.49,0.475,0.473,0.472,0.472,0.472,0.472,0.472,
1.0,0.497,0.486,0.492,0.453,0.463,0.443,0.442,0.442,0.442,
1.0,0.462,0.448,0.447,0.447,0.446,0.452,0.456,0.457,0.457,
0.934,0.505,0.473,0.47,0.465,0.467,0.464,0.467,0.464,0.467,
0.908,0.537,0.489,0.481,0.478,0.477,0.477,0.477,0.477,0.477,
0.958,0.528,0.497,0.498,0.503,0.505,0.505,0.503,0.502,0.503,
1.0,0.496,0.464,0.458,0.453,0.45,0.449,0.448,0.448,0.448,
1.0,0.521,0.484,0.477,0.479,0.48,0.48,0.474,0.474,0.471,
1.0,0.491,0.472,0.468,0.468,0.467,0.467,0.467,0.467,0.467,
1.0,0.474,0.443,0.435,0.444,0.437,0.435,0.434,0.433,0.433,
0.907,0.482,0.46,0.452,0.455,0.455,0.454,0.454,0.454,0.454,
0.96,0.51,0.485,0.482,0.483,0.485,0.484,0.484,0.484,0.483,
0.983,0.441,0.41,0.404,0.394,0.397,0.4,0.4,0.396,0.395,
0.975,0.463,0.422,0.41,0.404,0.403,0.403,0.402,0.402,0.402,
0.958,0.532,0.516,0.512,0.511,0.511,0.511,0.511,0.511,0.511,
1.0,0.49,0.465,0.462,0.46,0.46,0.46,0.461,0.46,0.461,
1.0,0.516,0.483,0.465,0.457,0.454,0.453,0.452,0.452,0.452,
0.98,0.468,0.434,0.411,0.409,0.404,0.402,0.401,0.425,0.424,
0.915,0.506,0.48,0.477,0.483,0.481,0.48,0.48,0.479,0.479,
1.0,0.487,0.454,0.44,0.458,0.462,0.462,0.462,0.462,0.462,
0.986,0.454,0.423,0.418,0.417,0.416,0.416,0.415,0.415,0.415,
0.965,0.431,0.401,0.393,0.389,0.388,0.388,0.388,0.388,0.388,
0.868,0.471,0.43,0.423,0.424,0.425,0.425,0.425,0.425,0.425,
0.898,0.498,0.486,0.475,0.474,0.472,0.468,0.467,0.472,0.473,
0.926,0.513,0.489,0.48,0.476,0.477,0.476,0.476,0.476,0.475,
1.0,0.453,0.427,0.425,0.422,0.42,0.422,0.423,0.423,0.423,
0.957,0.469,0.431,0.422,0.413,0.408,0.406,0.405,0.405,0.405,
0.898,0.506,0.482,0.474,0.471,0.47,0.469,0.469,0.469,0.469,
1.0,0.452,0.405,0.398,0.393,0.391,0.391,0.39,0.39,0.39,
1.0,0.511,0.487,0.487,0.483,0.482,0.481,0.481,0.48,0.48,
0.993,0.478,0.462,0.445,0.446,0.449,0.446,0.445,0.445,0.445,
0.928,0.514,0.485,0.481,0.487,0.485,0.488,0.486,0.481,0.479,
0.899,0.49,0.474,0.466,0.461,0.453,0.456,0.456,0.456,0.456,
0.973,0.452,0.417,0.405,0.404,0.408,0.408,0.408,0.408,0.408,
0.998,0.459,0.438,0.421,0.424,0.432,0.425,0.422,0.42,0.42,
0.885,0.499,0.451,0.439,0.437,0.435,0.441,0.441,0.441,0.441,
1.0,0.491,0.445,0.437,0.427,0.424,0.423,0.423,0.423,0.423,
1.0,0.456,0.415,0.405,0.404,0.407,0.408,0.403,0.401,0.401,
0.917,0.514,0.486,0.475,0.471,0.47,0.469,0.469,0.468,0.468,
1.0,0.54,0.521,0.506,0.499,0.498,0.497,0.496,0.496,0.496,
0.949,0.458,0.429,0.421,0.418,0.417,0.417,0.417,0.417,0.417,
0.919,0.51,0.467,0.452,0.46,0.462,0.461,0.461,0.46,0.461,
1.0,0.53,0.462,0.453,0.45,0.449,0.448,0.448,0.448,0.448,
0.988,0.447,0.414,0.405,0.399,0.397,0.397,0.397,0.397,0.397,
0.97,0.457,0.428,0.414,0.414,0.413,0.413,0.413,0.413,0.413,
0.912,0.501,0.479,0.476,0.461,0.467,0.458,0.465,0.457,0.465,
1.0,0.499,0.471,0.466,0.471,0.472,0.467,0.471,0.472,0.467,
1.0,0.506,0.478,0.467,0.462,0.459,0.459,0.459,0.458,0.458,
0.953,0.525,0.484,0.482,0.489,0.483,0.49,0.493,0.492,0.483,
0.894,0.511,0.491,0.485,0.478,0.479,0.481,0.473,0.469,0.469,
1.0,0.505,0.473,0.474,0.471,0.47,0.47,0.47,0.47,0.47,
0.998,0.486,0.46,0.449,0.442,0.444,0.456,0.45,0.45,0.449,
1.0,0.467,0.412,0.402,0.398,0.396,0.396,0.395,0.395,0.395,
1.0,0.492,0.453,0.458,0.446,0.438,0.435,0.434,0.434,0.434,
1.0,0.485,0.451,0.456,0.449,0.453,0.438,0.442,0.449,0.451,
1.0,0.471,0.448,0.426,0.423,0.422,0.422,0.422,0.422,0.422,
0.975,0.439,0.418,0.412,0.409,0.413,0.398,0.395,0.395,0.395,
1.0,0.491,0.437,0.423,0.422,0.42,0.42,0.419,0.419,0.419,
0.914,0.511,0.476,0.485,0.47,0.468,0.466,0.464,0.464,0.463,
1.0,0.508,0.484,0.48,0.472,0.466,0.476,0.471,0.466,0.476,
0.951,0.456,0.424,0.411,0.409,0.406,0.404,0.404,0.404,0.404,
0.959,0.525,0.488,0.481,0.481,0.481,0.48,0.482,0.481,0.478,
0.937,0.503,0.465,0.459,0.452,0.453,0.465,0.466,0.467,0.467,
1.0,0.484,0.454,0.435,0.43,0.428,0.428,0.427,0.427,0.427,
0.968,0.452,0.416,0.402,0.394,0.396,0.392,0.395,0.392,0.395,
0.949,0.45,0.419,0.415,0.414,0.414,0.414,0.414,0.413,0.413,
1.0,0.51,0.478,0.463,0.46,0.456,0.459,0.459,0.458,0.459,
1.0,0.487,0.453,0.453,0.452,0.452,0.452,0.452,0.452,0.451,
0.958,0.531,0.497,0.507,0.503,0.497,0.503,0.497,0.503,0.497,
0.93,0.535,0.499,0.484,0.485,0.471,0.478,0.484,0.484,0.484,
0.922,0.501,0.479,0.473,0.472,0.471,0.471,0.471,0.471,0.471,
0.929,0.488,0.461,0.465,0.463,0.458,0.462,0.463,0.458,0.454,
1.0,0.506,0.462,0.467,0.463,0.458,0.457,0.456,0.456,0.456,
1.0,0.473,0.437,0.425,0.42,0.417,0.416,0.416,0.416,0.416,
1.0,0.489,0.47,0.457,0.451,0.448,0.447,0.447,0.447,0.447,
0.91,0.51,0.48,0.452,0.46,0.459,0.461,0.461,0.461,0.461,
0.911,0.5,0.478,0.477,0.476,0.476,0.476,0.476,0.476,0.476,
1.0,0.472,0.438,0.425,0.432,0.43,0.429,0.428,0.428,0.428,
0.985,0.442,0.415,0.404,0.402,0.402,0.402,0.402,0.402,0.402,
0.886,0.49,0.47,0.466,0.463,0.461,0.461,0.46,0.46,0.46,
1.0,0.478,0.435,0.429,0.426,0.446,0.428,0.438,0.442,0.432,
0.961,0.431,0.41,0.403,0.401,0.4,0.4,0.4,0.4,0.4,
1.0,0.447,0.417,0.413,0.409,0.408,0.408,0.407,0.407,0.407,
0.912,0.501,0.461,0.46,0.459,0.458,0.458,0.458,0.458,0.458,
1.0,0.487,0.46,0.45,0.447,0.445,0.445,0.444,0.444,0.444,
1.0,0.5,0.48,0.475,0.472,0.471,0.47,0.47,0.47,0.47,
1.0,0.466,0.437,0.426,0.421,0.419,0.418,0.418,0.418,0.418,
0.923,0.433,0.405,0.394,0.4,0.4,0.4,0.4,0.4,0.4,
0.926,0.497,0.464,0.455,0.467,0.475,0.477,0.472,0.477,0.473,
0.913,0.474,0.455,0.449,0.447,0.446,0.446,0.441,0.446,0.438,
0.991,0.448,0.425,0.416,0.413,0.414,0.413,0.412,0.412,0.412,
1.0,0.447,0.428,0.42,0.417,0.416,0.416,0.416,0.416,0.416,
0.972,0.514,0.495,0.479,0.468,0.476,0.474,0.474,0.474,0.474,
0.978,0.519,0.484,0.487,0.481,0.479,0.479,0.486,0.485,0.485,
1.0,0.483,0.456,0.445,0.442,0.451,0.451,0.451,0.451,0.451,
0.984,0.448,0.408,0.405,0.405,0.406,0.406,0.406,0.406,0.406,
0.913,0.49,0.448,0.439,0.437,0.437,0.436,0.436,0.436,0.436,
1.0,0.522,0.479,0.472,0.469,0.469,0.468,0.468,0.468,0.468,
1.0,0.463,0.472,0.442,0.426,0.421,0.419,0.419,0.418,0.418,
0.918,0.489,0.457,0.447,0.45,0.451,0.45,0.45,0.45,0.45,
0.936,0.511,0.489,0.484,0.475,0.478,0.483,0.484,0.484,0.484,
1.0,0.493,0.47,0.458,0.453,0.451,0.451,0.45,0.45,0.45,
1.0,0.47,0.437,0.428,0.426,0.425,0.424,0.424,0.424,0.424,
1.0,0.473,0.415,0.392,0.397,0.379,0.367,0.365,0.371,0.393,
1.0,0.479,0.403,0.433,0.388,0.377,0.383,0.355,0.367,0.352,
0.909,0.5,0.439,0.432,0.428,0.425,0.425,0.424,0.424,0.424,
0.918,0.502,0.475,0.455,0.434,0.429,0.426,0.425,0.425,0.425,
1.0,0.481,0.391,0.383,0.385,0.4,0.371,0.358,0.363,0.36,
0.999,0.439,0.357,0.331,0.323,0.321,0.32,0.319,0.319,0.319,
0.986,0.438,0.36,0.326,0.313,0.308,0.307,0.306,0.306,0.306,
1.0,0.477,0.408,0.382,0.375,0.386,0.392,0.393,0.394,0.394,
0.995,0.427,0.36,0.348,0.329,0.323,0.321,0.321,0.32,0.32,
0.979,0.42,0.385,0.368,0.335,0.325,0.321,0.32,0.32,0.319,
0.955,0.42,0.347,0.319,0.312,0.314,0.317,0.319,0.332,0.316,
0.89,0.462,0.43,0.409,0.403,0.402,0.401,0.401,0.401,0.401,
1.0,0.473,0.4,0.383,0.379,0.378,0.377,0.377,0.377,0.377,
0.962,0.422,0.367,0.34,0.327,0.321,0.32,0.319,0.311,0.317,
0.946,0.505,0.464,0.436,0.437,0.431,0.429,0.428,0.427,0.427,
1.0,0.478,0.435,0.412,0.407,0.402,0.405,0.414,0.401,0.391,
0.934,0.499,0.435,0.408,0.408,0.402,0.407,0.401,0.407,0.401,
0.979,0.448,0.396,0.371,0.357,0.353,0.352,0.352,0.352,0.352,
1.0,0.467,0.391,0.368,0.36,0.358,0.357,0.356,0.356,0.356,
1.0,0.455,0.382,0.344,0.33,0.338,0.338,0.33,0.326,0.324,
0.908,0.485,0.439,0.429,0.427,0.426,0.426,0.426,0.426,0.426,
1.0,0.483,0.423,0.418,0.397,0.391,0.389,0.388,0.388,0.388,
0.977,0.458,0.379,0.355,0.347,0.346,0.345,0.345,0.345,0.345,
0.925,0.491,0.455,0.449,0.446,0.444,0.443,0.443,0.443,0.443,
1.0,0.485,0.418,0.395,0.388,0.387,0.388,0.388,0.389,0.389,
1.0,0.469,0.419,0.405,0.401,0.401,0.38,0.39,0.402,0.404,
0.983,0.459,0.408,0.38,0.373,0.371,0.369,0.369,0.368,0.368,
0.989,0.543,0.485,0.471,0.467,0.464,0.461,0.46,0.46,0.46,
0.914,0.489,0.464,0.437,0.417,0.402,0.398,0.397,0.397,0.397,
0.972,0.426,0.365,0.348,0.332,0.329,0.328,0.329,0.328,0.329,
1.0,0.444,0.373,0.352,0.345,0.343,0.342,0.342,0.342,0.342,
1.0,0.542,0.493,0.475,0.467,0.464,0.463,0.463,0.462,0.462,
1.0,0.429,0.373,0.353,0.347,0.345,0.345,0.345,0.345,0.345,
0.928,0.49,0.44,0.433,0.422,0.42,0.419,0.418,0.418,0.418,
0.966,0.499,0.435,0.418,0.412,0.41,0.41,0.41,0.41,0.41,
1.0,0.46,0.416,0.387,0.373,0.371,0.367,0.37,0.367,0.37,
1.0,0.426,0.376,0.346,0.337,0.337,0.35,0.343,0.342,0.341,
0.934,0.484,0.436,0.423,0.419,0.419,0.418,0.418,0.418,0.418,
1.0,0.474,0.409,0.405,0.384,0.411,0.399,0.39,0.412,0.388,
1.0,0.47,0.418,0.409,0.387,0.381,0.379,0.378,0.378,0.378,
0.942,0.425,0.376,0.36,0.356,0.355,0.354,0.354,0.354,0.354,
0.922,0.526,0.469,0.452,0.447,0.444,0.443,0.443,0.443,0.443,
1.0,0.443,0.383,0.369,0.366,0.365,0.364,0.364,0.364,0.364,
0.978,0.426,0.381,0.357,0.339,0.335,0.334,0.334,0.334,0.334,
0.957,0.524,0.464,0.448,0.447,0.445,0.446,0.445,0.446,0.445,
0.937,0.485,0.449,0.437,0.435,0.435,0.435,0.434,0.434,0.434,
1.0,0.509,0.435,0.418,0.415,0.413,0.413,0.413,0.413,0.412,
1.0,0.478,0.425,0.411,0.405,0.403,0.402,0.402,0.402,0.402,
1.0,0.451,0.39,0.366,0.359,0.357,0.356,0.356,0.356,0.356,
0.971,0.411,0.354,0.333,0.326,0.317,0.321,0.315,0.32,0.315,
0.926,0.476,0.44,0.43,0.417,0.414,0.413,0.413,0.413,0.413,
1.0,0.489,0.427,0.406,0.399,0.397,0.397,0.396,0.396,0.396,
0.968,0.44,0.375,0.352,0.332,0.319,0.314,0.313,0.313,0.313,
0.917,0.504,0.444,0.42,0.412,0.41,0.409,0.409,0.409,0.409,
0.948,0.513,0.448,0.43,0.426,0.424,0.424,0.424,0.424,0.424,
0.868,0.481,0.433,0.396,0.399,0.4,0.408,0.392,0.397,0.4,
0.955,0.452,0.378,0.364,0.387,0.361,0.351,0.347,0.345,0.345,
0.99,0.434,0.377,0.365,0.362,0.361,0.361,0.36,0.36,0.36,
0.981,0.519,0.444,0.425,0.407,0.41,0.401,0.408,0.4,0.408,
1.0,0.463,0.382,0.362,0.357,0.356,0.355,0.355,0.355,0.355,
0.977,0.432,0.364,0.36,0.345,0.335,0.333,0.332,0.331,0.331,
0.926,0.503,0.444,0.421,0.421,0.421,0.412,0.436,0.433,0.424,
1.0,0.483,0.397,0.376,0.37,0.368,0.368,0.368,0.368,0.368,
1.0,0.479,0.405,0.393,0.379,0.384,0.394,0.386,0.378,0.382,
0.918,0.509,0.466,0.444,0.437,0.435,0.434,0.433,0.433,0.433,
1.0,0.471,0.427,0.415,0.411,0.41,0.409,0.409,0.409,0.409,
0.961,0.431,0.382,0.364,0.359,0.35,0.348,0.348,0.348,0.348,
0.923,0.487,0.436,0.43,0.415,0.405,0.402,0.401,0.4,0.4,
1.0,0.505,0.444,0.413,0.404,0.401,0.4,0.4,0.4,0.4,
1.0,0.492,0.439,0.439,0.438,0.438,0.437,0.437,0.437,0.437,
1.0,0.472,0.405,0.392,0.39,0.389,0.388,0.388,0.388,0.388,
0.964,0.496,0.448,0.433,0.428,0.427,0.445,0.432,0.427,0.425,
0.967,0.525,0.464,0.452,0.446,0.443,0.442,0.442,0.442,0.442,
1.0,0.45,0.381,0.355,0.341,0.336,0.335,0.334,0.334,0.334,
1.0,0.41,0.345,0.336,0.332,0.331,0.33,0.33,0.33,0.33,
0.98,0.438,0.373,0.356,0.351,0.35,0.349,0.349,0.349,0.349,
1.0,0.484,0.403,0.374,0.364,0.361,0.359,0.359,0.358,0.358,
1.0,0.487,0.435,0.408,0.399,0.395,0.394,0.39,0.388,0.388,
0.968,0.455,0.384,0.367,0.362,0.36,0.36,0.36,0.359,0.359,
0.904,0.499,0.437,0.418,0.412,0.41,0.409,0.408,0.408,0.408,
1.0,0.463,0.38,0.364,0.384,0.364,0.361,0.345,0.333,0.33,
0.889,0.471,0.418,0.413,0.403,0.407,0.4,0.406,0.4,0.406,
1.0,0.469,0.401,0.397,0.389,0.397,0.389,0.397,0.389,0.397,
0.949,0.452,0.387,0.366,0.36,0.358,0.357,0.357,0.357,0.357,
0.924,0.481,0.439,0.439,0.42,0.413,0.41,0.409,0.408,0.408,
0.899,0.468,0.423,0.421,0.418,0.42,0.419,0.419,0.419,0.419,
0.962,0.428,0.359,0.339,0.333,0.331,0.33,0.33,0.33,0.33,
0.943,0.432,0.368,0.352,0.347,0.345,0.344,0.344,0.344,0.344,
0.976,0.511,0.438,0.417,0.411,0.409,0.408,0.408,0.408,0.408,
1.0,0.452,0.377,0.355,0.348,0.346,0.345,0.345,0.345,0.345,
1.0,0.489,0.419,0.401,0.394,0.393,0.391,0.391,0.391,0.39,
0.977,0.437,0.349,0.32,0.311,0.309,0.308,0.308,0.308,0.308,
0.933,0.525,0.452,0.423,0.413,0.409,0.408,0.407,0.407,0.407,
1.0,0.45,0.398,0.392,0.387,0.383,0.381,0.381,0.38,0.38,
1.0,0.492,0.432,0.41,0.4,0.406,0.403,0.402,0.402,0.402,
1.0,0.447,0.378,0.358,0.353,0.352,0.352,0.352,0.352,0.352,
1.0,0.521,0.459,0.424,0.412,0.409,0.407,0.403,0.407,0.406,
1.0,0.448,0.388,0.364,0.358,0.359,0.359,0.36,0.36,0.36,
0.96,0.496,0.45,0.442,0.44,0.439,0.439,0.439,0.439,0.439,
0.888,0.486,0.445,0.427,0.42,0.417,0.416,0.421,0.423,0.424,
1.0,0.497,0.444,0.433,0.432,0.432,0.432,0.432,0.432,0.432,
0.989,0.436,0.382,0.367,0.361,0.381,0.356,0.346,0.343,0.342,
0.926,0.505,0.438,0.431,0.422,0.421,0.425,0.427,0.421,0.421,
1.0,0.464,0.394,0.374,0.367,0.365,0.364,0.363,0.363,0.363,
0.995,0.452,0.375,0.353,0.346,0.344,0.344,0.344,0.344,0.343,
0.969,0.431,0.385,0.367,0.365,0.364,0.364,0.363,0.364,0.363,
0.973,0.516,0.462,0.439,0.436,0.434,0.433,0.433,0.433,0.433,
1.0,0.473,0.411,0.408,0.389,0.393,0.394,0.382,0.389,0.393,
1.0,0.469,0.394,0.374,0.37,0.369,0.368,0.368,0.368,0.368,
0.92,0.483,0.437,0.411,0.397,0.39,0.388,0.387,0.386,0.386,
0.947,0.518,0.459,0.44,0.461,0.479,0.462,0.481,0.439,0.422,
1.0,0.485,0.423,0.402,0.398,0.394,0.395,0.392,0.394,0.392,
1.0,0.485,0.431,0.417,0.413,0.411,0.41,0.41,0.41,0.41,
0.96,0.433,0.353,0.327,0.319,0.315,0.314,0.314,0.314,0.314,
0.944,0.441,0.389,0.375,0.369,0.367,0.365,0.365,0.365,0.365,
0.927,0.486,0.436,0.407,0.414,0.399,0.411,0.405,0.41,0.395,
0.885,0.494,0.454,0.432,0.426,0.425,0.424,0.424,0.424,0.423,
1.0,0.426,0.371,0.349,0.366,0.353,0.348,0.347,0.346,0.346,
0.961,0.439,0.395,0.358,0.345,0.342,0.34,0.341,0.34,0.34,
0.941,0.508,0.444,0.423,0.413,0.41,0.408,0.408,0.407,0.408,
1.0,0.497,0.461,0.446,0.439,0.439,0.439,0.439,0.439,0.439,
0.946,0.43,0.367,0.34,0.333,0.331,0.331,0.331,0.33,0.33,
0.947,0.504,0.466,0.435,0.424,0.417,0.418,0.419,0.419,0.42,
0.955,0.518,0.457,0.432,0.424,0.418,0.418,0.416,0.417,0.415,
1.0,0.472,0.428,0.428,0.416,0.413,0.414,0.414,0.414,0.414,
0.95,0.425,0.365,0.338,0.338,0.341,0.339,0.335,0.333,0.332,
0.99,0.445,0.397,0.386,0.383,0.382,0.382,0.382,0.382,0.382,
1.0,0.464,0.405,0.389,0.382,0.379,0.378,0.378,0.378,0.378,
0.99,0.445,0.379,0.361,0.356,0.354,0.354,0.353,0.353,0.353,
1.0,0.49,0.447,0.438,0.436,0.436,0.436,0.436,0.439,0.429,
1.0,0.48,0.412,0.379,0.371,0.368,0.367,0.366,0.366,0.366,
1.0,0.486,0.409,0.398,0.4,0.397,0.401,0.404,0.397,0.401,
0.974,0.432,0.362,0.349,0.347,0.347,0.347,0.347,0.347,0.347,
0.889,0.477,0.452,0.432,0.421,0.43,0.427,0.424,0.423,0.422,
1.0,0.487,0.406,0.377,0.372,0.371,0.371,0.371,0.372,0.372,
0.975,0.436,0.377,0.384,0.368,0.365,0.364,0.364,0.364,0.364,
0.927,0.498,0.451,0.431,0.424,0.422,0.421,0.42,0.42,0.42,
0.937,0.512,0.46,0.452,0.445,0.445,0.442,0.441,0.441,0.441,
1.0,0.487,0.411,0.392,0.387,0.386,0.386,0.385,0.385,0.385,
0.978,0.438,0.366,0.366,0.342,0.333,0.331,0.331,0.331,0.33,
0.961,0.443,0.383,0.368,0.363,0.362,0.361,0.356,0.358,0.359,
1.0,0.474,0.452,0.426,0.416,0.413,0.411,0.411,0.411,0.411,
1.0,0.486,0.426,0.415,0.413,0.413,0.413,0.413,0.413,0.413,
1.0,0.443,0.349,0.322,0.316,0.314,0.314,0.314,0.313,0.313,
1.0,0.45,0.393,0.362,0.352,0.352,0.354,0.354,0.354,0.354,
0.942,0.502,0.477,0.47,0.457,0.447,0.444,0.444,0.443,0.443,
0.936,0.48,0.426,0.416,0.414,0.414,0.414,0.414,0.414,0.414,
1.0,0.483,0.427,0.41,0.406,0.405,0.405,0.404,0.404,0.404,
0.942,0.439,0.393,0.367,0.345,0.337,0.334,0.333,0.332,0.332,
0.946,0.516,0.448,0.427,0.421,0.421,0.421,0.421,0.421,0.421,
0.937,0.502,0.442,0.437,0.431,0.428,0.428,0.427,0.427,0.427,
1.0,0.511,0.441,0.431,0.428,0.426,0.426,0.426,0.426,0.426,
0.997,0.45,0.394,0.38,0.377,0.376,0.376,0.376,0.376,0.376,
0.961,0.481,0.421,0.396,0.388,0.385,0.384,0.383,0.383,0.383,
1.0,0.481,0.426,0.41,0.405,0.403,0.402,0.402,0.402,0.402,
1.0,0.472,0.414,0.388,0.389,0.398,0.391,0.394,0.395,0.39,
0.956,0.442,0.366,0.342,0.335,0.333,0.332,0.331,0.331,0.331,
0.922,0.517,0.474,0.457,0.452,0.45,0.45,0.453,0.449,0.447,
0.903,0.485,0.425,0.403,0.395,0.392,0.39,0.39,0.389,0.389,
0.972,0.429,0.384,0.354,0.347,0.344,0.342,0.341,0.34,0.34,
1.0,0.525,0.462,0.427,0.411,0.397,0.392,0.391,0.391,0.391,
1.0,0.514,0.435,0.385,0.386,0.394,0.374,0.396,0.395,0.379,
1.0,0.453,0.361,0.336,0.329,0.326,0.326,0.325,0.326,0.325,
0.941,0.511,0.455,0.442,0.44,0.438,0.438,0.437,0.437,0.437,
1.0,0.475,0.402,0.379,0.372,0.37,0.369,0.368,0.368,0.368,
1.0,0.462,0.383,0.347,0.335,0.331,0.33,0.329,0.329,0.329,
0.998,0.458,0.409,0.375,0.365,0.356,0.356,0.356,0.357,0.357,
0.938,0.419,0.349,0.329,0.328,0.328,0.329,0.329,0.329,0.329,
1.0,0.485,0.434,0.422,0.43,0.417,0.417,0.418,0.418,0.418,
1.0,0.478,0.449,0.398,0.38,0.369,0.407,0.407,0.39,0.37,
1.0,0.454,0.384,0.368,0.363,0.362,0.361,0.361,0.361,0.361,
0.978,0.546,0.481,0.456,0.464,0.45,0.447,0.448,0.453,0.459,
1.0,0.464,0.407,0.376,0.366,0.363,0.362,0.361,0.361,0.361,
0.972,0.426,0.364,0.336,0.347,0.328,0.321,0.318,0.318,0.317,
0.941,0.549,0.489,0.457,0.449,0.444,0.442,0.442,0.441,0.441,
0.917,0.508,0.459,0.438,0.43,0.426,0.425,0.425,0.425,0.424,
0.935,0.498,0.46,0.447,0.442,0.439,0.438,0.438,0.438,0.437,
0.914,0.494,0.432,0.411,0.402,0.398,0.397,0.396,0.396,0.395,
1.0,0.443,0.369,0.346,0.34,0.338,0.338,0.337,0.337,0.337,
1.0,0.472,0.403,0.381,0.375,0.372,0.371,0.371,0.371,0.371,
0.951,0.482,0.435,0.422,0.418,0.416,0.416,0.416,0.416,0.416,
1.0,0.504,0.437,0.401,0.401,0.386,0.38,0.378,0.376,0.376,
0.992,0.462,0.415,0.391,0.4,0.376,0.356,0.35,0.35,0.35,
0.959,0.508,0.455,0.421,0.413,0.411,0.411,0.411,0.41,0.41,
1.0,0.49,0.47,0.415,0.415,0.429,0.415,0.409,0.406,0.406,
1.0,0.498,0.415,0.391,0.385,0.382,0.386,0.387,0.387,0.387,
1.0,0.433,0.411,0.4,0.412,0.411,0.382,0.375,0.372,0.371,
0.995,0.447,0.362,0.346,0.343,0.335,0.331,0.337,0.341,0.334,
0.936,0.484,0.424,0.408,0.397,0.397,0.397,0.39,0.383,0.384,
1.0,0.47,0.417,0.403,0.404,0.404,0.403,0.403,0.403,0.403,
1.0,0.438,0.365,0.347,0.343,0.341,0.341,0.341,0.34,0.34,
0.905,0.501,0.481,0.466,0.464,0.466,0.468,0.468,0.468,0.468,
1.0,0.487,0.409,0.391,0.379,0.376,0.369,0.367,0.366,0.366,
0.955,0.44,0.381,0.35,0.339,0.335,0.333,0.332,0.332,0.332,
0.89,0.472,0.423,0.41,0.405,0.404,0.403,0.403,0.403,0.403,
1.0,0.465,0.39,0.375,0.373,0.373,0.373,0.373,0.373,0.373,
0.987,0.428,0.38,0.364,0.362,0.361,0.361,0.361,0.361,0.361,
0.973,0.426,0.362,0.344,0.336,0.334,0.334,0.338,0.335,0.338,
1.0,0.494,0.432,0.415,0.389,0.374,0.369,0.371,0.366,0.366,
1.0,0.448,0.392,0.382,0.38,0.38,0.38,0.38,0.38,0.38,
0.955,0.429,0.351,0.326,0.32,0.319,0.318,0.318,0.318,0.318,
0.951,0.499,0.445,0.428,0.423,0.421,0.421,0.421,0.42,0.42,
0.94,0.502,0.444,0.432,0.414,0.418,0.418,0.418,0.433,0.427,
1.0,0.475,0.408,0.393,0.391,0.39,0.39,0.39,0.39,0.39,
0.996,0.441,0.37,0.347,0.342,0.336,0.335,0.335,0.335,0.335,
0.951,0.505,0.443,0.424,0.418,0.415,0.414,0.414,0.413,0.413,
0.938,0.477,0.455,0.426,0.43,0.421,0.428,0.421,0.428,0.422,
1.0,0.482,0.446,0.421,0.405,0.404,0.396,0.393,0.399,0.394,
1.0,0.476,0.473,0.413,0.381,0.367,0.363,0.361,0.361,0.361,
1.0,0.426,0.347,0.327,0.322,0.321,0.321,0.321,0.321,0.321,
1.0,0.481,0.39,0.372,0.374,0.351,0.362,0.352,0.351,0.358,
0.951,0.499,0.449,0.427,0.426,0.42,0.423,0.419,0.423,0.419,
1.0,0.492,0.414,0.389,0.428,0.409,0.402,0.393,0.389,0.388,
1.0,0.453,0.391,0.379,0.377,0.377,0.377,0.377,0.377,0.377,
0.927,0.492,0.437,0.422,0.403,0.402,0.401,0.396,0.399,0.4,
0.913,0.486,0.435,0.405,0.393,0.389,0.388,0.387,0.387,0.387,
1.0,0.48,0.424,0.423,0.407,0.403,0.401,0.397,0.395,0.397,
0.997,0.457,0.388,0.359,0.351,0.348,0.347,0.347,0.347,0.347,
0.915,0.502,0.434,0.413,0.405,0.402,0.401,0.4,0.4,0.4,
1.0,0.485,0.401,0.383,0.389,0.379,0.376,0.375,0.374,0.374,
0.999,0.454,0.383,0.362,0.358,0.355,0.357,0.357,0.354,0.357,
0.982,0.423,0.362,0.331,0.32,0.316,0.315,0.314,0.314,0.314,
0.963,0.479,0.428,0.411,0.405,0.403,0.403,0.402,0.402,0.402,
0.936,0.503,0.448,0.435,0.43,0.429,0.428,0.428,0.428,0.428,
0.933,0.465,0.418,0.416,0.412,0.411,0.41,0.41,0.41,0.41,
1.0,0.497,0.409,0.376,0.365,0.365,0.364,0.369,0.367,0.364,
1.0,0.472,0.398,0.381,0.376,0.375,0.374,0.374,0.374,0.374,
0.982,0.431,0.371,0.357,0.347,0.34,0.341,0.348,0.353,0.349,
0.949,0.438,0.377,0.358,0.353,0.346,0.346,0.346,0.346,0.346,
1.0,0.469,0.395,0.372,0.364,0.362,0.361,0.361,0.36,0.36,
1.0,0.47,0.391,0.372,0.368,0.367,0.367,0.367,0.366,0.366,
1.0,0.466,0.375,0.344,0.357,0.342,0.334,0.334,0.324,0.333,
0.912,0.494,0.461,0.427,0.424,0.423,0.425,0.426,0.426,0.426,
1.0,0.526,0.443,0.43,0.427,0.425,0.425,0.424,0.424,0.424,
0.962,0.43,0.381,0.367,0.366,0.365,0.365,0.365,0.365,0.365,
0.928,0.426,0.373,0.361,0.357,0.356,0.356,0.355,0.355,0.355,
0.93,0.507,0.439,0.415,0.409,0.407,0.407,0.406,0.406,0.406,
1.0,0.456,0.404,0.366,0.358,0.356,0.355,0.355,0.355,0.355,
1.0,0.493,0.41,0.386,0.379,0.373,0.366,0.366,0.368,0.365,
0.914,0.477,0.431,0.429,0.42,0.416,0.414,0.413,0.413,0.413,
0.967,0.45,0.378,0.359,0.359,0.347,0.342,0.34,0.34,0.34,
0.951,0.51,0.441,0.419,0.411,0.408,0.407,0.406,0.406,0.406,
1.0,0.471,0.412,0.421,0.418,0.418,0.419,0.404,0.367,0.357,
1.0,0.426,0.358,0.343,0.337,0.326,0.356,0.362,0.336,0.329,
0.93,0.498,0.423,0.406,0.402,0.402,0.402,0.402,0.402,0.402,
0.956,0.502,0.46,0.463,0.44,0.427,0.422,0.42,0.419,0.419,
0.906,0.51,0.46,0.434,0.468,0.444,0.421,0.417,0.416,0.416,
0.968,0.433,0.381,0.359,0.354,0.352,0.352,0.351,0.351,0.351,
0.973,0.458,0.41,0.421,0.37,0.345,0.337,0.335,0.335,0.335,
1.0,0.49,0.414,0.399,0.396,0.395,0.395,0.395,0.395,0.395,
1.0,0.475,0.386,0.359,0.349,0.356,0.35,0.345,0.355,0.365,
1.0,0.454,0.409,0.415,0.376,0.36,0.359,0.359,0.36,0.36,
0.961,0.498,0.449,0.429,0.423,0.421,0.42,0.42,0.42,0.42,
0.927,0.52,0.452,0.422,0.413,0.411,0.41,0.409,0.409,0.409,
1.0,0.54,0.445,0.385,0.365,0.359,0.357,0.356,0.356,0.356,
1.0,0.453,0.383,0.371,0.374,0.353,0.348,0.351,0.367,0.34,
1.0,0.481,0.408,0.384,0.377,0.377,0.377,0.377,0.377,0.378,
0.961,0.408,0.34,0.325,0.323,0.321,0.322,0.321,0.322,0.321,
1.0,0.446,0.37,0.342,0.355,0.336,0.325,0.319,0.318,0.315,
0.906,0.497,0.461,0.439,0.436,0.435,0.435,0.435,0.435,0.436,
1.0,0.47,0.43,0.427,0.426,0.426,0.426,0.426,0.426,0.426,
0.971,0.446,0.376,0.353,0.347,0.345,0.344,0.344,0.344,0.344,
0.959,0.436,0.358,0.347,0.334,0.329,0.327,0.326,0.326,0.326,
0.899,0.472,0.434,0.419,0.439,0.438,0.409,0.405,0.404,0.404,
1.0,0.443,0.388,0.359,0.352,0.346,0.345,0.345,0.345,0.345,
1.0,0.456,0.398,0.371,0.37,0.365,0.363,0.362,0.361,0.361,
0.894,0.467,0.42,0.403,0.398,0.396,0.396,0.395,0.395,0.395,
0.912,0.504,0.451,0.435,0.428,0.424,0.422,0.422,0.421,0.421,
1.0,0.467,0.4,0.367,0.355,0.343,0.341,0.343,0.345,0.346,
0.952,0.435,0.402,0.361,0.343,0.338,0.336,0.335,0.334,0.334,
0.999,0.455,0.373,0.336,0.324,0.32,0.319,0.318,0.318,0.318,
1.0,0.509,0.453,0.434,0.427,0.422,0.421,0.42,0.42,0.42,
0.907,0.476,0.417,0.398,0.388,0.389,0.385,0.388,0.385,0.388,
1.0,0.498,0.429,0.407,0.4,0.398,0.397,0.397,0.397,0.397,
1.0,0.447,0.374,0.353,0.348,0.346,0.346,0.345,0.345,0.345,
0.943,0.51,0.472,0.458,0.453,0.451,0.45,0.45,0.45,0.45,
1.0,0.457,0.415,0.374,0.356,0.35,0.349,0.348,0.348,0.348,
1.0,0.473,0.406,0.386,0.381,0.379,0.378,0.378,0.378,0.378,
1.0,0.511,0.434,0.411,0.407,0.4,0.403,0.398,0.402,0.398,
0.929,0.509,0.445,0.418,0.408,0.404,0.403,0.402,0.402,0.402,
0.916,0.51,0.466,0.453,0.441,0.441,0.436,0.435,0.435,0.434,
0.937,0.434,0.359,0.335,0.328,0.327,0.326,0.326,0.326,0.326,
0.962,0.437,0.371,0.363,0.36,0.358,0.357,0.356,0.356,0.356,
0.931,0.531,0.455,0.422,0.414,0.413,0.412,0.412,0.412,0.412,
1.0,0.484,0.421,0.378,0.368,0.372,0.385,0.367,0.36,0.374,
1.0,0.456,0.403,0.377,0.374,0.371,0.369,0.369,0.368,0.368,
0.983,0.446,0.392,0.394,0.36,0.349,0.367,0.358,0.363,0.347,
0.908,0.488,0.452,0.436,0.429,0.427,0.426,0.425,0.425,0.425,
1.0,0.455,0.365,0.338,0.33,0.328,0.328,0.327,0.327,0.327,
0.944,0.476,0.376,0.344,0.333,0.331,0.327,0.326,0.329,0.33,
1.0,0.487,0.428,0.378,0.369,0.362,0.361,0.36,0.364,0.365,
1.0,0.447,0.392,0.375,0.369,0.367,0.366,0.366,0.366,0.366,
1.0,0.452,0.394,0.397,0.379,0.374,0.372,0.372,0.372,0.372,
0.879,0.488,0.448,0.443,0.42,0.415,0.414,0.414,0.414,0.414,
1.0,0.482,0.418,0.412,0.413,0.414,0.414,0.414,0.414,0.414,
0.974,0.429,0.381,0.369,0.375,0.389,0.386,0.386,0.385,0.385,
0.963,0.499,0.45,0.437,0.433,0.431,0.431,0.431,0.431,0.431,
0.946,0.509,0.441,0.418,0.409,0.406,0.405,0.405,0.404,0.404,
0.893,0.461,0.411,0.404,0.403,0.403,0.403,0.403,0.403,0.403,
1.0,0.48,0.403,0.378,0.37,0.367,0.366,0.366,0.366,0.365,
1.0,0.472,0.405,0.367,0.356,0.354,0.353,0.353,0.353,0.353,
0.929,0.496,0.431,0.409,0.402,0.399,0.398,0.398,0.398,0.398,
1.0,0.508,0.442,0.428,0.425,0.424,0.424,0.424,0.424,0.424,
0.965,0.442,0.384,0.36,0.348,0.346,0.345,0.345,0.345,0.345,
1.0,0.465,0.398,0.372,0.361,0.356,0.355,0.354,0.354,0.354,
0.986,0.515,0.487,0.486,0.485,0.484,0.484,0.484,0.484,0.484,
0.93,0.503,0.457,0.448,0.448,0.441,0.44,0.435,0.434,0.433,
0.93,0.495,0.434,0.412,0.42,0.421,0.425,0.422,0.42,0.419,
1.0,0.481,0.419,0.413,0.391,0.381,0.382,0.379,0.382,0.379,
1.0,0.441,0.375,0.362,0.359,0.358,0.358,0.358,0.358,0.358,
0.973,0.52,0.453,0.431,0.424,0.422,0.422,0.421,0.421,0.421,
1.0,0.529,0.452,0.434,0.43,0.428,0.428,0.428,0.428,0.428,
0.983,0.435,0.384,0.35,0.342,0.34,0.339,0.339,0.339,0.339,
0.938,0.463,0.43,0.392,0.383,0.356,0.36,0.357,0.352,0.343,
0.915,0.495,0.451,0.44,0.437,0.437,0.437,0.437,0.437,0.437,
1.0,0.493,0.446,0.448,0.417,0.393,0.389,0.388,0.388,0.388,
1.0,0.45,0.386,0.373,0.368,0.364,0.363,0.362,0.362,0.362,
0.922,0.501,0.441,0.421,0.413,0.418,0.417,0.417,0.418,0.418,
0.901,0.477,0.429,0.414,0.409,0.407,0.407,0.406,0.406,0.406,
1.0,0.453,0.373,0.346,0.344,0.345,0.345,0.345,0.345,0.345,
1.0,0.473,0.422,0.41,0.406,0.405,0.404,0.404,0.404,0.404,
1.0,0.502,0.434,0.415,0.41,0.408,0.408,0.408,0.407,0.407,
1.0,0.489,0.46,0.434,0.431,0.43,0.43,0.43,0.43,0.43,
0.967,0.425,0.367,0.355,0.353,0.352,0.352,0.352,0.352,0.352,
0.92,0.478,0.431,0.408,0.393,0.393,0.422,0.414,0.407,0.404,
1.0,0.444,0.388,0.422,0.387,0.377,0.373,0.371,0.37,0.37,
0.935,0.43,0.386,0.377,0.375,0.374,0.374,0.374,0.374,0.374,
0.993,0.428,0.359,0.342,0.338,0.338,0.338,0.338,0.338,0.338,
0.909,0.495,0.439,0.427,0.416,0.413,0.412,0.411,0.411,0.411,
1.0,0.486,0.409,0.39,0.391,0.382,0.39,0.382,0.39,0.382,
0.976,0.435,0.4,0.365,0.349,0.334,0.345,0.336,0.334,0.333,
0.943,0.487,0.439,0.427,0.423,0.422,0.422,0.422,0.422,0.422,
1.0,0.454,0.401,0.39,0.387,0.387,0.39,0.386,0.384,0.384,
1.0,0.437,0.357,0.332,0.325,0.323,0.322,0.322,0.322,0.322,
0.974,0.427,0.351,0.333,0.329,0.328,0.327,0.327,0.327,0.327,
0.98,0.435,0.375,0.352,0.344,0.351,0.36,0.352,0.351,0.351,
0.899,0.468,0.417,0.394,0.391,0.391,0.391,0.391,0.391,0.391,
0.913,0.486,0.412,0.398,0.391,0.389,0.388,0.387,0.387,0.387,
1.0,0.469,0.397,0.375,0.368,0.366,0.365,0.365,0.365,0.365,
0.975,0.423,0.366,0.342,0.323,0.315,0.313,0.312,0.312,0.311,
0.942,0.507,0.437,0.417,0.411,0.408,0.407,0.407,0.407,0.407,
1.0,0.461,0.401,0.387,0.376,0.373,0.372,0.373,0.373,0.373,
1.0,0.551,0.453,0.45,0.428,0.418,0.417,0.415,0.416,0.414,
1.0,0.494,0.416,0.389,0.406,0.4,0.399,0.395,0.394,0.394,
0.888,0.466,0.433,0.418,0.415,0.415,0.415,0.415,0.415,0.415,
0.918,0.501,0.46,0.452,0.45,0.45,0.449,0.449,0.449,0.449,
1.0,0.486,0.405,0.394,0.381,0.378,0.372,0.366,0.362,0.36,
1.0,0.448,0.369,0.341,0.333,0.331,0.33,0.329,0.329,0.329,
0.935,0.494,0.455,0.443,0.44,0.439,0.439,0.438,0.438,0.438,
1.0,0.492,0.396,0.371,0.364,0.361,0.36,0.36,0.36,0.36,
0.968,0.45,0.372,0.35,0.344,0.342,0.342,0.341,0.341,0.341,
0.976,0.424,0.35,0.33,0.324,0.324,0.324,0.325,0.325,0.325,
1.0,0.48,0.416,0.387,0.374,0.37,0.368,0.368,0.367,0.367,
0.979,0.412,0.341,0.313,0.302,0.298,0.297,0.297,0.297,0.297,
0.948,0.506,0.432,0.409,0.402,0.4,0.399,0.399,0.399,0.399,
1.0,0.46,0.417,0.4,0.402,0.395,0.4,0.394,0.4,0.394,
0.97,0.432,0.36,0.345,0.341,0.34,0.34,0.34,0.34,0.34,
0.991,0.419,0.363,0.345,0.34,0.339,0.338,0.338,0.338,0.338,
0.949,0.428,0.345,0.321,0.315,0.313,0.313,0.313,0.313,0.313,
1.0,0.481,0.42,0.411,0.409,0.409,0.408,0.408,0.408,0.408,
1.0,0.514,0.502,0.427,0.402,0.395,0.393,0.393,0.392,0.392,
0.908,0.499,0.446,0.433,0.417,0.414,0.424,0.412,0.412,0.423,
0.895,0.495,0.444,0.427,0.42,0.417,0.416,0.415,0.415,0.415,
1.0,0.49,0.429,0.399,0.387,0.382,0.381,0.381,0.381,0.381,
0.998,0.45,0.371,0.342,0.332,0.329,0.328,0.327,0.327,0.327,
1.0,0.431,0.376,0.367,0.359,0.364,0.364,0.362,0.364,0.364,
0.919,0.507,0.451,0.428,0.418,0.415,0.415,0.414,0.414,0.414,
1.0,0.524,0.428,0.387,0.368,0.365,0.366,0.367,0.369,0.364,
0.898,0.502,0.441,0.425,0.421,0.419,0.419,0.419,0.419,0.419,
1.0,0.485,0.437,0.416,0.414,0.407,0.408,0.413,0.413,0.406,
0.969,0.449,0.395,0.365,0.364,0.347,0.341,0.339,0.338,0.338,
0.966,0.496,0.46,0.448,0.438,0.437,0.437,0.436,0.436,0.436,
1.0,0.491,0.396,0.416,0.343,0.36,0.328,0.326,0.326,0.326,
1.0,0.501,0.445,0.406,0.399,0.4,0.403,0.39,0.37,0.359,
0.928,0.48,0.435,0.423,0.419,0.418,0.418,0.418,0.418,0.418,
0.989,0.531,0.459,0.451,0.439,0.435,0.433,0.433,0.433,0.433,
1.0,0.465,0.428,0.42,0.425,0.424,0.424,0.425,0.425,0.425,
0.973,0.437,0.402,0.381,0.371,0.357,0.359,0.352,0.349,0.348,
1.0,0.45,0.376,0.362,0.357,0.356,0.355,0.355,0.354,0.354,
1.0,0.532,0.461,0.454,0.444,0.441,0.44,0.44,0.44,0.439,
1.0,0.446,0.371,0.349,0.343,0.34,0.34,0.339,0.339,0.339,
1.0,0.438,0.373,0.348,0.341,0.338,0.337,0.337,0.337,0.337,
0.928,0.488,0.442,0.427,0.423,0.422,0.421,0.421,0.421,0.421,
0.962,0.515,0.454,0.436,0.428,0.425,0.424,0.424,0.424,0.424,
0.958,0.456,0.422,0.417,0.415,0.413,0.413,0.413,0.412,0.412,
0.886,0.501,0.489,0.485,0.492,0.471,0.479,0.477,0.473,0.472,
1.0,0.458,0.426,0.417,0.414,0.413,0.413,0.413,0.413,0.413,
0.974,0.453,0.419,0.406,0.413,0.412,0.412,0.412,0.412,0.412,
0.973,0.528,0.502,0.495,0.491,0.482,0.49,0.482,0.49,0.482,
0.917,0.508,0.481,0.486,0.476,0.475,0.472,0.471,0.474,0.475,
1.0,0.517,0.478,0.467,0.458,0.461,0.461,0.462,0.462,0.462,
0.981,0.468,0.423,0.417,0.421,0.42,0.419,0.418,0.418,0.418,
0.944,0.437,0.41,0.403,0.4,0.401,0.402,0.4,0.401,0.402,
1.0,0.515,0.469,0.482,0.475,0.479,0.479,0.478,0.478,0.478,
1.0,0.491,0.473,0.467,0.455,0.458,0.452,0.454,0.453,0.452,
0.949,0.464,0.428,0.437,0.422,0.415,0.413,0.411,0.411,0.411,
0.947,0.519,0.489,0.514,0.513,0.498,0.503,0.502,0.504,0.515,
0.905,0.495,0.472,0.462,0.459,0.457,0.456,0.456,0.456,0.456,
1.0,0.473,0.434,0.426,0.441,0.431,0.432,0.432,0.432,0.432,
0.995,0.464,0.428,0.416,0.412,0.41,0.408,0.407,0.406,0.406,
1.0,0.497,0.464,0.456,0.467,0.463,0.456,0.456,0.454,0.455,
0.925,0.49,0.461,0.471,0.47,0.479,0.477,0.479,0.478,0.478,
0.894,0.493,0.467,0.462,0.456,0.457,0.458,0.458,0.458,0.458,
1.0,0.488,0.447,0.439,0.434,0.431,0.43,0.43,0.43,0.43,
0.988,0.432,0.4,0.381,0.375,0.373,0.372,0.371,0.371,0.371,
0.972,0.454,0.418,0.408,0.405,0.405,0.404,0.404,0.404,0.404,
1.0,0.504,0.485,0.468,0.461,0.458,0.457,0.457,0.457,0.457,
1.0,0.526,0.488,0.462,0.455,0.448,0.446,0.445,0.444,0.444,
1.0,0.445,0.412,0.407,0.404,0.403,0.402,0.402,0.402,0.402,
0.929,0.513,0.485,0.475,0.484,0.476,0.478,0.474,0.484,0.485,
0.96,0.542,0.512,0.5,0.505,0.5,0.494,0.502,0.499,0.493,
0.975,0.434,0.403,0.405,0.401,0.4,0.399,0.399,0.399,0.399,
0.954,0.431,0.406,0.398,0.396,0.395,0.398,0.392,0.391,0.39,
0.906,0.513,0.477,0.475,0.469,0.467,0.466,0.466,0.465,0.465,
1.0,0.505,0.468,0.461,0.455,0.451,0.449,0.449,0.448,0.448,
1.0,0.504,0.48,0.464,0.469,0.468,0.467,0.467,0.467,0.465,
0.936,0.505,0.445,0.424,0.407,0.412,0.407,0.407,0.408,0.409,
0.945,0.422,0.37,0.364,0.367,0.359,0.35,0.363,0.347,0.345,
1.0,0.456,0.422,0.417,0.418,0.425,0.425,0.425,0.425,0.425,
0.931,0.423,0.365,0.349,0.343,0.34,0.339,0.343,0.342,0.342,
0.977,0.502,0.437,0.41,0.423,0.417,0.415,0.414,0.414,0.414,
1.0,0.487,0.406,0.382,0.374,0.372,0.371,0.37,0.37,0.37,
0.988,0.434,0.363,0.347,0.332,0.329,0.328,0.328,0.328,0.328,
0.992,0.509,0.457,0.442,0.444,0.438,0.443,0.438,0.443,0.438,
1.0,0.464,0.416,0.405,0.411,0.41,0.41,0.41,0.41,0.41,
0.974,0.451,0.376,0.353,0.344,0.341,0.34,0.34,0.34,0.34,
0.992,0.451,0.369,0.34,0.336,0.337,0.337,0.338,0.338,0.338,
0.897,0.481,0.447,0.439,0.439,0.439,0.439,0.439,0.439,0.439,
1.0,0.482,0.403,0.379,0.377,0.365,0.364,0.363,0.363,0.364,
0.995,0.455,0.372,0.325,0.31,0.306,0.305,0.305,0.305,0.305,
0.994,0.433,0.354,0.329,0.322,0.32,0.32,0.319,0.319,0.319,
0.926,0.503,0.465,0.441,0.421,0.435,0.446,0.427,0.441,0.424,
0.962,0.526,0.512,0.501,0.506,0.502,0.497,0.502,0.499,0.497,
1.0,0.476,0.443,0.43,0.426,0.426,0.424,0.423,0.423,0.423,
1.0,0.486,0.456,0.442,0.436,0.433,0.432,0.432,0.431,0.431,
0.956,0.53,0.493,0.48,0.482,0.478,0.481,0.475,0.471,0.468,
0.927,0.531,0.494,0.484,0.495,0.485,0.492,0.492,0.49,0.491,
1.0,0.452,0.439,0.438,0.438,0.438,0.438,0.439,0.439,0.439,
1.0,0.472,0.444,0.433,0.437,0.438,0.437,0.437,0.437,0.437,
0.983,0.464,0.431,0.424,0.419,0.423,0.421,0.42,0.419,0.422,
0.93,0.503,0.466,0.469,0.464,0.463,0.462,0.462,0.462,0.462,
1.0,0.458,0.421,0.41,0.407,0.406,0.406,0.405,0.405,0.405,
0.953,0.447,0.424,0.417,0.415,0.415,0.415,0.415,0.415,0.415,
1.0,0.47,0.443,0.433,0.431,0.43,0.43,0.43,0.43,0.43,
1.0,0.502,0.477,0.478,0.477,0.472,0.473,0.474,0.474,0.474,
1.0,0.483,0.439,0.437,0.435,0.434,0.434,0.434,0.434,0.433,
1.0,0.467,0.443,0.437,0.434,0.434,0.431,0.43,0.429,0.429,
0.937,0.498,0.453,0.449,0.451,0.458,0.459,0.459,0.461,0.459,
0.955,0.415,0.34,0.324,0.32,0.319,0.319,0.318,0.318,0.318,
0.972,0.459,0.384,0.362,0.358,0.357,0.357,0.357,0.357,0.357,
0.972,0.528,0.475,0.464,0.461,0.46,0.46,0.46,0.46,0.46,
1.0,0.488,0.42,0.424,0.403,0.392,0.39,0.389,0.389,0.389,
1.0,0.453,0.371,0.358,0.353,0.352,0.352,0.352,0.352,0.351,
0.999,0.522,0.48,0.469,0.465,0.445,0.437,0.434,0.433,0.433,
0.894,0.48,0.436,0.419,0.411,0.42,0.417,0.415,0.415,0.414,
1.0,0.506,0.43,0.407,0.405,0.405,0.406,0.406,0.406,0.406,
0.94,0.441,0.356,0.34,0.317,0.309,0.307,0.306,0.306,0.306,
0.955,0.44,0.377,0.363,0.359,0.358,0.358,0.357,0.357,0.357,
0.897,0.501,0.428,0.399,0.389,0.385,0.384,0.383,0.383,0.383,
1.0,0.472,0.423,0.408,0.403,0.405,0.402,0.401,0.4,0.4,
0.976,0.426,0.355,0.335,0.327,0.325,0.326,0.324,0.324,0.324,
0.926,0.487,0.488,0.44,0.426,0.422,0.421,0.42,0.42,0.42,
1.0,0.504,0.429,0.409,0.404,0.402,0.401,0.401,0.401,0.401,
1.0,0.468,0.393,0.377,0.374,0.373,0.373,0.373,0.373,0.373,


