0.982,0.982,0.982,0.982,0.982,0.982,0.982,0.982,0.982,0.982,0.982,0.982,0.982,0.982,0.982,0.982,0.982,0.982,0.982,0.982,0.982,0.982,0.982,0.982,0.982,0.982,0.982,0.982,0.982,0.982,0.982,0.982,0.982,0.982,0.982,0.982,0.982,0.982,0.982,0.982,0.982,0.982,0.982,0.982,0.982,0.982,0.982,0.982,0.982,0.982,0.982,0.982,0.982,0.982,0.982,0.982,0.982,0.982,0.982,0.982,0.982,0.982,0.982,0.982,0.982,0.982,0.982,0.982,0.982,0.982,0.982,0.982,0.982,0.982,0.982,0.982,0.982,0.982,0.982,0.982,0.982,0.982,0.982,0.982,0.982,0.982,0.982,0.982,0.982,0.982,0.982,0.982,0.982,0.982,0.982,0.982,0.982,0.982,0.982,0.969,
0.838,0.914,0.98,0.95,0.998,0.98,0.95,0.998,0.98,0.95,0.998,0.98,0.95,0.998,0.98,0.95,0.998,0.98,0.95,0.998,0.98,0.95,0.998,0.98,0.95,0.998,0.98,0.95,0.998,0.98,0.95,0.998,0.98,0.95,0.998,0.98,0.95,0.998,0.98,0.95,0.998,0.98,0.95,0.998,0.98,0.95,0.998,0.98,0.95,0.998,0.98,0.95,0.998,0.98,0.95,0.998,0.98,0.95,0.998,0.98,0.95,0.998,0.98,0.95,0.998,0.98,0.95,0.998,0.98,0.95,0.998,0.98,0.95,0.998,0.98,0.95,0.998,0.98,0.95,0.998,0.98,0.95,0.998,0.98,0.95,0.998,0.98,0.95,0.998,0.98,0.95,0.998,0.98,0.95,0.998,0.98,0.95,0.998,0.98,0.877,
0.795,0.959,0.774,0.874,0.934,0.921,0.915,0.918,0.915,0.918,0.915,0.918,0.915,0.918,0.915,0.918,0.915,0.918,0.915,0.918,0.915,0.918,0.915,0.918,0.915,0.918,0.915,0.918,0.915,0.918,0.915,0.918,0.915,0.918,0.915,0.918,0.915,0.918,0.915,0.918,0.915,0.918,0.915,0.918,0.915,0.918,0.915,0.918,0.915,0.918,0.915,0.918,0.915,0.918,0.915,0.918,0.915,0.918,0.915,0.918,0.915,0.918,0.915,0.918,0.915,0.918,0.915,0.918,0.915,0.918,0.915,0.918,0.915,0.918,0.915,0.918,0.915,0.918,0.915,0.918,0.915,0.918,0.915,0.918,0.915,0.918,0.915,0.918,0.915,0.918,0.915,0.918,0.915,0.918,0.915,0.918,0.915,0.918,0.915,0.824,
0.861,0.917,0.915,0.917,0.915,0.917,0.915,0.917,0.915,0.917,0.915,0.917,0.915,0.917,0.915,0.917,0.915,0.917,0.915,0.917,0.915,0.917,0.915,0.917,0.915,0.917,0.915,0.917,0.915,0.917,0.915,0.917,0.915,0.917,0.915,0.917,0.915,0.917,0.915,0.917,0.915,0.917,0.915,0.917,0.915,0.917,0.915,0.917,0.915,0.917,0.915,0.917,0.915,0.917,0.915,0.917,0.915,0.917,0.915,0.917,0.915,0.917,0.915,0.917,0.915,0.917,0.915,0.917,0.915,0.917,0.915,0.917,0.915,0.917,0.915,0.917,0.915,0.917,0.915,0.917,0.915,0.917,0.915,0.917,0.915,0.917,0.915,0.917,0.915,0.917,0.915,0.917,0.915,0.917,0.915,0.917,0.915,0.917,0.915,0.801,
0.944,0.917,0.896,0.944,0.917,0.896,0.944,0.917,0.896,0.944,0.917,0.896,0.944,0.917,0.896,0.944,0.917,0.896,0.944,0.917,0.896,0.944,0.917,0.896,0.944,0.917,0.896,0.944,0.917,0.896,0.944,0.917,0.896,0.944,0.917,0.896,0.944,0.917,0.896,0.944,0.917,0.896,0.944,0.917,0.896,0.944,0.917,0.896,0.944,0.917,0.896,0.944,0.917,0.896,0.944,0.917,0.896,0.944,0.917,0.896,0.944,0.917,0.896,0.944,0.917,0.896,0.944,0.917,0.896,0.944,0.917,0.896,0.944,0.917,0.896,0.944,0.917,0.896,0.944,0.917,0.896,0.944,0.917,0.896,0.944,0.917,0.896,0.944,0.917,0.896,0.944,0.917,0.896,0.944,0.917,0.896,0.944,0.917,0.896,0.944,
0.978,0.989,0.999,0.985,0.999,0.985,0.999,0.985,0.999,0.985,0.999,0.985,0.999,0.985,0.999,0.985,0.999,0.985,0.999,0.985,0.999,0.985,0.999,0.985,0.999,0.985,0.999,0.985,0.999,0.985,0.999,0.985,0.999,0.985,0.999,0.985,0.999,0.985,0.999,0.985,0.999,0.985,0.999,0.985,0.999,0.985,0.999,0.985,0.999,0.985,0.999,0.985,0.999,0.985,0.999,0.985,0.999,0.985,0.999,0.985,0.999,0.985,0.999,0.985,0.999,0.985,0.999,0.985,0.999,0.985,0.999,0.985,0.999,0.985,0.999,0.985,0.999,0.985,0.999,0.985,0.999,0.985,0.999,0.985,0.999,0.985,0.999,0.985,0.999,0.985,0.999,0.985,0.999,0.985,0.999,0.985,0.999,0.985,0.999,0.985,
0.981,0.981,0.981,0.981,0.981,0.981,0.981,0.981,0.981,0.981,0.981,0.981,0.981,0.981,0.981,0.981,0.981,0.981,0.981,0.981,0.981,0.981,0.981,0.981,0.981,0.981,0.981,0.981,0.981,0.981,0.981,0.981,0.981,0.981,0.981,0.981,0.981,0.981,0.981,0.981,0.981,0.981,0.981,0.981,0.981,0.981,0.981,0.981,0.981,0.981,0.981,0.981,0.981,0.981,0.981,0.981,0.981,0.981,0.981,0.981,0.981,0.981,0.981,0.981,0.981,0.981,0.981,0.981,0.981,0.981,0.981,0.981,0.981,0.981,0.981,0.981,0.981,0.981,0.981,0.981,0.981,0.981,0.981,0.981,0.981,0.981,0.981,0.981,0.981,0.981,0.981,0.981,0.981,0.981,0.981,0.981,0.981,0.981,0.981,0.981,
1.0,0.992,0.988,1.0,0.992,0.988,1.0,0.992,0.988,1.0,0.992,0.988,1.0,0.992,0.988,1.0,0.992,0.988,1.0,0.992,0.988,1.0,0.992,0.988,1.0,0.992,0.988,1.0,0.992,0.988,1.0,0.992,0.988,1.0,0.992,0.988,1.0,0.992,0.988,1.0,0.992,0.988,1.0,0.992,0.988,1.0,0.992,0.988,1.0,0.992,0.988,1.0,0.992,0.988,1.0,0.992,0.988,1.0,0.992,0.988,1.0,0.992,0.988,1.0,0.992,0.988,1.0,0.992,0.988,1.0,0.992,0.988,1.0,0.992,0.988,1.0,0.992,0.988,1.0,0.992,0.988,1.0,0.992,0.988,1.0,0.992,0.988,1.0,0.992,0.988,1.0,0.992,0.988,1.0,0.992,0.988,1.0,0.992,0.988,1.0,
0.923,1.0,0.983,0.983,0.983,0.983,0.983,0.983,0.983,0.983,0.983,0.983,0.983,0.983,0.983,0.983,0.983,0.983,0.983,0.983,0.983,0.983,0.983,0.983,0.983,0.983,0.983,0.983,0.983,0.983,0.983,0.983,0.983,0.983,0.983,0.983,0.983,0.983,0.983,0.983,0.983,0.983,0.983,0.983,0.983,0.983,0.983,0.983,0.983,0.983,0.983,0.983,0.983,0.983,0.983,0.983,0.983,0.983,0.983,0.983,0.983,0.983,0.983,0.983,0.983,0.983,0.983,0.983,0.983,0.983,0.983,0.983,0.983,0.983,0.983,0.983,0.983,0.983,0.983,0.983,0.983,0.983,0.983,0.983,0.983,0.983,0.983,0.983,0.983,0.983,0.983,0.983,0.983,0.983,0.983,0.983,0.983,0.983,0.983,0.94,
0.873,0.884,0.852,0.88,0.857,0.859,0.857,0.859,0.857,0.859,0.857,0.859,0.857,0.859,0.857,0.859,0.857,0.859,0.857,0.859,0.857,0.859,0.857,0.859,0.857,0.859,0.857,0.859,0.857,0.859,0.857,0.859,0.857,0.859,0.857,0.859,0.857,0.859,0.857,0.859,0.857,0.859,0.857,0.859,0.857,0.859,0.857,0.859,0.857,0.859,0.857,0.859,0.857,0.859,0.857,0.859,0.857,0.859,0.857,0.859,0.857,0.859,0.857,0.859,0.857,0.859,0.857,0.859,0.857,0.859,0.857,0.859,0.857,0.859,0.857,0.859,0.857,0.859,0.857,0.859,0.857,0.859,0.857,0.859,0.857,0.859,0.857,0.859,0.857,0.859,0.857,0.859,0.857,0.859,0.857,0.859,0.857,0.859,0.857,0.859,
0.877,0.937,0.944,0.928,0.947,0.992,0.941,0.947,0.986,0.937,0.995,0.927,0.947,0.928,0.985,0.928,0.939,0.989,0.941,0.947,0.986,0.937,0.995,0.927,0.947,0.928,0.985,0.928,0.939,0.989,0.941,0.947,0.986,0.937,0.995,0.927,0.947,0.928,0.985,0.928,0.939,0.989,0.941,0.947,0.986,0.937,0.995,0.927,0.947,0.928,0.985,0.928,0.939,0.989,0.941,0.947,0.986,0.937,0.995,0.927,0.947,0.928,0.985,0.928,0.939,0.989,0.941,0.947,0.986,0.937,0.995,0.927,0.947,0.928,0.985,0.928,0.939,0.989,0.941,0.947,0.986,0.937,0.995,0.927,0.947,0.928,0.985,0.928,0.939,0.989,0.941,0.947,0.986,0.937,0.995,0.927,0.947,0.928,0.985,0.872,
0.828,0.833,0.876,0.945,0.814,0.92,0.813,0.843,0.848,0.915,0.914,0.916,0.927,0.941,0.899,0.917,0.947,0.97,0.945,0.778,0.946,0.813,0.842,0.843,0.874,0.877,0.943,0.934,0.846,0.91,0.917,0.916,0.927,0.941,0.899,0.917,0.947,0.97,0.945,0.778,0.946,0.813,0.842,0.843,0.874,0.877,0.943,0.934,0.846,0.91,0.917,0.916,0.927,0.941,0.899,0.917,0.947,0.97,0.945,0.778,0.946,0.813,0.842,0.843,0.874,0.877,0.943,0.934,0.846,0.91,0.917,0.916,0.927,0.941,0.899,0.917,0.947,0.97,0.945,0.778,0.946,0.813,0.842,0.843,0.874,0.877,0.943,0.934,0.846,0.91,0.917,0.916,0.927,0.941,0.899,0.917,0.947,0.97,0.945,0.759,
0.957,0.957,0.957,0.957,0.957,0.957,0.957,0.957,0.957,0.957,0.957,0.957,0.957,0.957,0.957,0.957,0.957,0.957,0.957,0.957,0.957,0.957,0.957,0.957,0.957,0.957,0.957,0.957,0.957,0.957,0.957,0.957,0.957,0.957,0.957,0.957,0.957,0.957,0.957,0.957,0.957,0.957,0.957,0.957,0.957,0.957,0.957,0.957,0.957,0.957,0.957,0.957,0.957,0.957,0.957,0.957,0.957,0.957,0.957,0.957,0.957,0.957,0.957,0.957,0.957,0.957,0.957,0.957,0.957,0.957,0.957,0.957,0.957,0.957,0.957,0.957,0.957,0.957,0.957,0.957,0.957,0.957,0.957,0.957,0.957,0.957,0.957,0.957,0.957,0.957,0.957,0.957,0.957,0.957,0.957,0.957,0.957,0.957,0.957,0.934,
1.0,0.986,0.914,0.891,0.934,0.986,0.914,0.892,0.934,0.986,0.914,0.892,0.934,0.986,0.914,0.892,0.934,0.986,0.914,0.892,0.934,0.986,0.914,0.892,0.934,0.986,0.914,0.892,0.934,0.986,0.914,0.892,0.934,0.986,0.914,0.892,0.934,0.986,0.914,0.892,0.934,0.986,0.914,0.892,0.934,0.986,0.914,0.892,0.934,0.986,0.914,0.892,0.934,0.986,0.914,0.892,0.934,0.986,0.914,0.892,0.934,0.986,0.914,0.892,0.934,0.986,0.914,0.892,0.934,0.986,0.914,0.892,0.934,0.986,0.914,0.892,0.934,0.986,0.914,0.892,0.934,0.986,0.914,0.892,0.934,0.986,0.914,0.892,0.934,0.986,0.914,0.892,0.934,0.986,0.914,0.892,0.934,0.986,0.914,0.881,
0.817,0.833,0.845,0.847,0.842,0.856,0.856,0.865,0.875,0.875,0.875,0.875,0.875,0.875,0.875,0.875,0.875,0.875,0.875,0.875,0.875,0.875,0.875,0.875,0.875,0.875,0.875,0.875,0.875,0.875,0.875,0.875,0.875,0.875,0.875,0.875,0.875,0.875,0.875,0.875,0.875,0.875,0.875,0.875,0.875,0.875,0.875,0.875,0.875,0.875,0.875,0.875,0.875,0.875,0.875,0.875,0.875,0.875,0.875,0.875,0.875,0.875,0.875,0.875,0.875,0.875,0.875,0.875,0.875,0.875,0.875,0.875,0.875,0.875,0.875,0.875,0.875,0.875,0.875,0.875,0.875,0.875,0.875,0.875,0.875,0.875,0.875,0.875,0.875,0.875,0.875,0.875,0.875,0.875,0.875,0.875,0.875,0.875,0.875,0.854,
0.996,0.998,0.999,1.0,1.0,1.0,1.0,1.0,1.0,1.0,1.0,1.0,1.0,1.0,1.0,1.0,1.0,1.0,1.0,1.0,1.0,1.0,1.0,1.0,1.0,1.0,1.0,1.0,1.0,1.0,1.0,1.0,1.0,1.0,1.0,1.0,1.0,1.0,1.0,1.0,1.0,1.0,1.0,1.0,1.0,1.0,1.0,1.0,1.0,1.0,1.0,1.0,1.0,1.0,1.0,1.0,1.0,1.0,1.0,1.0,1.0,1.0,1.0,1.0,1.0,1.0,1.0,1.0,1.0,1.0,1.0,1.0,1.0,1.0,1.0,1.0,1.0,1.0,1.0,1.0,1.0,1.0,1.0,1.0,1.0,1.0,1.0,1.0,1.0,1.0,1.0,1.0,1.0,1.0,1.0,1.0,1.0,1.0,1.0,1.0,
0.979,0.933,0.976,0.925,0.863,0.897,0.818,0.976,0.92,0.872,0.897,0.839,0.972,0.92,0.895,0.954,0.821,0.971,0.921,0.895,0.954,0.822,0.971,0.921,0.895,0.954,0.822,0.971,0.921,0.895,0.954,0.822,0.971,0.921,0.895,0.954,0.822,0.971,0.921,0.895,0.954,0.822,0.971,0.921,0.895,0.954,0.822,0.971,0.921,0.895,0.954,0.822,0.971,0.921,0.895,0.954,0.822,0.971,0.921,0.895,0.954,0.822,0.971,0.921,0.895,0.954,0.822,0.971,0.921,0.895,0.954,0.822,0.971,0.921,0.895,0.954,0.822,0.971,0.921,0.895,0.954,0.822,0.971,0.921,0.895,0.954,0.822,0.971,0.921,0.895,0.954,0.822,0.971,0.921,0.895,0.954,0.822,0.971,0.921,0.895,
1.0,1.0,1.0,1.0,1.0,1.0,1.0,1.0,1.0,1.0,1.0,1.0,1.0,1.0,1.0,1.0,1.0,1.0,1.0,1.0,1.0,1.0,1.0,1.0,1.0,1.0,1.0,1.0,1.0,1.0,1.0,1.0,1.0,1.0,1.0,1.0,1.0,1.0,1.0,1.0,1.0,1.0,1.0,1.0,1.0,1.0,1.0,1.0,1.0,1.0,1.0,1.0,1.0,1.0,1.0,1.0,1.0,1.0,1.0,1.0,1.0,1.0,1.0,1.0,1.0,1.0,1.0,1.0,1.0,1.0,1.0,1.0,1.0,1.0,1.0,1.0,1.0,1.0,1.0,1.0,1.0,1.0,1.0,1.0,1.0,1.0,1.0,1.0,1.0,1.0,1.0,1.0,1.0,1.0,1.0,1.0,1.0,1.0,1.0,1.0,
0.961,0.946,0.788,0.909,0.772,0.908,0.816,0.908,0.816,0.908,0.816,0.908,0.816,0.908,0.816,0.908,0.816,0.908,0.816,0.908,0.816,0.908,0.816,0.908,0.816,0.908,0.816,0.908,0.816,0.908,0.816,0.908,0.816,0.908,0.816,0.908,0.816,0.908,0.816,0.908,0.816,0.908,0.816,0.908,0.816,0.908,0.816,0.908,0.816,0.908,0.816,0.908,0.816,0.908,0.816,0.908,0.816,0.908,0.816,0.908,0.816,0.908,0.816,0.908,0.816,0.908,0.816,0.908,0.816,0.908,0.816,0.908,0.816,0.908,0.816,0.908,0.816,0.908,0.816,0.908,0.816,0.908,0.816,0.908,0.816,0.908,0.816,0.908,0.816,0.908,0.816,0.908,0.816,0.908,0.816,0.908,0.816,0.908,0.816,0.871,
0.86,0.836,0.885,0.907,0.963,0.913,0.898,0.963,0.901,0.964,0.911,0.962,0.917,0.963,0.917,0.963,0.917,0.963,0.917,0.963,0.917,0.963,0.917,0.963,0.917,0.963,0.917,0.963,0.917,0.963,0.917,0.963,0.917,0.963,0.917,0.963,0.917,0.963,0.917,0.963,0.917,0.963,0.917,0.963,0.917,0.963,0.917,0.963,0.917,0.963,0.917,0.963,0.917,0.963,0.917,0.963,0.917,0.963,0.917,0.963,0.917,0.963,0.917,0.963,0.917,0.963,0.917,0.963,0.917,0.963,0.917,0.963,0.917,0.963,0.917,0.963,0.917,0.963,0.917,0.963,0.917,0.963,0.917,0.963,0.917,0.963,0.917,0.963,0.917,0.963,0.917,0.963,0.917,0.963,0.917,0.963,0.917,0.963,0.917,0.789,
0.923,0.882,0.909,0.933,0.882,0.909,0.933,0.882,0.909,0.933,0.882,0.909,0.933,0.882,0.909,0.933,0.882,0.909,0.933,0.882,0.909,0.933,0.882,0.909,0.933,0.882,0.909,0.933,0.882,0.909,0.933,0.882,0.909,0.933,0.882,0.909,0.933,0.882,0.909,0.933,0.882,0.909,0.933,0.882,0.909,0.933,0.882,0.909,0.933,0.882,0.909,0.933,0.882,0.909,0.933,0.882,0.909,0.933,0.882,0.909,0.933,0.882,0.909,0.933,0.882,0.909,0.933,0.882,0.909,0.933,0.882,0.909,0.933,0.882,0.909,0.933,0.882,0.909,0.933,0.882,0.909,0.933,0.882,0.909,0.933,0.882,0.909,0.933,0.882,0.909,0.933,0.882,0.909,0.933,0.882,0.909,0.933,0.882,0.909,0.928,
0.83,0.791,0.875,0.845,0.876,0.876,0.898,0.864,0.876,0.93,0.868,0.876,0.899,0.864,0.876,0.93,0.868,0.876,0.899,0.864,0.876,0.93,0.868,0.876,0.899,0.864,0.876,0.93,0.868,0.876,0.899,0.864,0.876,0.93,0.868,0.876,0.899,0.864,0.876,0.93,0.868,0.876,0.899,0.864,0.876,0.93,0.868,0.876,0.899,0.864,0.876,0.93,0.868,0.876,0.899,0.864,0.876,0.93,0.868,0.876,0.899,0.864,0.876,0.93,0.868,0.876,0.899,0.864,0.876,0.93,0.868,0.876,0.899,0.864,0.876,0.93,0.868,0.876,0.899,0.864,0.876,0.93,0.868,0.876,0.899,0.864,0.876,0.93,0.868,0.876,0.899,0.864,0.876,0.93,0.868,0.876,0.899,0.864,0.876,0.857,
1.0,0.993,0.913,0.974,0.971,0.974,0.971,0.974,0.987,0.974,0.987,0.974,0.987,0.974,0.987,0.974,0.987,0.974,0.987,0.974,0.987,0.974,0.987,0.974,0.987,0.974,0.987,0.974,0.987,0.974,0.987,0.974,0.987,0.974,0.987,0.974,0.987,0.974,0.987,0.974,0.987,0.974,0.987,0.974,0.987,0.974,0.987,0.974,0.987,0.974,0.987,0.974,0.987,0.974,0.987,0.974,0.987,0.974,0.987,0.974,0.987,0.974,0.987,0.974,0.987,0.974,0.987,0.974,0.987,0.974,0.987,0.974,0.987,0.974,0.987,0.974,0.987,0.974,0.987,0.974,0.987,0.974,0.987,0.974,0.987,0.974,0.987,0.974,0.987,0.974,0.987,0.974,0.987,0.974,0.987,0.974,0.987,0.974,0.987,0.974,
0.822,0.96,0.901,0.946,0.974,0.98,0.981,0.981,0.981,0.981,0.981,0.981,0.981,0.981,0.981,0.981,0.981,0.981,0.981,0.981,0.981,0.981,0.981,0.981,0.981,0.981,0.981,0.981,0.981,0.981,0.981,0.981,0.981,0.981,0.981,0.981,0.981,0.981,0.981,0.981,0.981,0.981,0.981,0.981,0.981,0.981,0.981,0.981,0.981,0.981,0.981,0.981,0.981,0.981,0.981,0.981,0.981,0.981,0.981,0.981,0.981,0.981,0.981,0.981,0.981,0.981,0.981,0.981,0.981,0.981,0.981,0.981,0.981,0.981,0.981,0.981,0.981,0.981,0.981,0.981,0.981,0.981,0.981,0.981,0.981,0.981,0.981,0.981,0.981,0.981,0.981,0.981,0.981,0.981,0.981,0.981,0.981,0.981,0.981,0.891,
0.995,0.995,0.995,0.995,0.995,0.995,0.995,0.995,0.995,0.995,0.995,0.995,0.995,0.995,0.995,0.995,0.995,0.995,0.995,0.995,0.995,0.995,0.995,0.995,0.995,0.995,0.995,0.995,0.995,0.995,0.995,0.995,0.995,0.995,0.995,0.995,0.995,0.995,0.995,0.995,0.995,0.995,0.995,0.995,0.995,0.995,0.995,0.995,0.995,0.995,0.995,0.995,0.995,0.995,0.995,0.995,0.995,0.995,0.995,0.995,0.995,0.995,0.995,0.995,0.995,0.995,0.995,0.995,0.995,0.995,0.995,0.995,0.995,0.995,0.995,0.995,0.995,0.995,0.995,0.995,0.995,0.995,0.995,0.995,0.995,0.995,0.995,0.995,0.995,0.995,0.995,0.995,0.995,0.995,0.995,0.995,0.995,0.995,0.995,0.995,
0.874,0.925,0.924,0.924,0.924,0.924,0.924,0.924,0.924,0.924,0.924,0.924,0.924,0.924,0.924,0.924,0.924,0.924,0.924,0.924,0.924,0.924,0.924,0.924,0.924,0.924,0.924,0.924,0.924,0.924,0.924,0.924,0.924,0.924,0.924,0.924,0.924,0.924,0.924,0.924,0.924,0.924,0.924,0.924,0.924,0.924,0.924,0.924,0.924,0.924,0.924,0.924,0.924,0.924,0.924,0.924,0.924,0.924,0.924,0.924,0.924,0.924,0.924,0.924,0.924,0.924,0.924,0.924,0.924,0.924,0.924,0.924,0.924,0.924,0.924,0.924,0.924,0.924,0.924,0.924,0.924,0.924,0.924,0.924,0.924,0.924,0.924,0.924,0.924,0.924,0.924,0.924,0.924,0.924,0.924,0.924,0.924,0.924,0.924,0.879,
0.885,0.927,0.927,0.927,0.927,0.927,0.927,0.927,0.927,0.927,0.927,0.927,0.927,0.927,0.927,0.927,0.927,0.927,0.927,0.927,0.927,0.927,0.927,0.927,0.927,0.927,0.927,0.927,0.927,0.927,0.927,0.927,0.927,0.927,0.927,0.927,0.927,0.927,0.927,0.927,0.927,0.927,0.927,0.927,0.927,0.927,0.927,0.927,0.927,0.927,0.927,0.927,0.927,0.927,0.927,0.927,0.927,0.927,0.927,0.927,0.927,0.927,0.927,0.927,0.927,0.927,0.927,0.927,0.927,0.927,0.927,0.927,0.927,0.927,0.927,0.927,0.927,0.927,0.927,0.927,0.927,0.927,0.927,0.927,0.927,0.927,0.927,0.927,0.927,0.927,0.927,0.927,0.927,0.927,0.927,0.927,0.927,0.927,0.927,0.857,
0.837,0.926,0.949,0.949,0.949,0.949,0.949,0.949,0.949,0.949,0.949,0.949,0.949,0.949,0.949,0.949,0.949,0.949,0.949,0.949,0.949,0.949,0.949,0.949,0.949,0.949,0.949,0.949,0.949,0.949,0.949,0.949,0.949,0.949,0.949,0.949,0.949,0.949,0.949,0.949,0.949,0.949,0.949,0.949,0.949,0.949,0.949,0.949,0.949,0.949,0.949,0.949,0.949,0.949,0.949,0.949,0.949,0.949,0.949,0.949,0.949,0.949,0.949,0.949,0.949,0.949,0.949,0.949,0.949,0.949,0.949,0.949,0.949,0.949,0.949,0.949,0.949,0.949,0.949,0.949,0.949,0.949,0.949,0.949,0.949,0.949,0.949,0.949,0.949,0.949,0.949,0.949,0.949,0.949,0.949,0.949,0.949,0.949,0.949,0.869,
0.839,0.918,0.942,0.942,0.942,0.942,0.942,0.942,0.942,0.942,0.942,0.942,0.942,0.942,0.942,0.942,0.942,0.942,0.942,0.942,0.942,0.942,0.942,0.942,0.942,0.942,0.942,0.942,0.942,0.942,0.942,0.942,0.942,0.942,0.942,0.942,0.942,0.942,0.942,0.942,0.942,0.942,0.942,0.942,0.942,0.942,0.942,0.942,0.942,0.942,0.942,0.942,0.942,0.942,0.942,0.942,0.942,0.942,0.942,0.942,0.942,0.942,0.942,0.942,0.942,0.942,0.942,0.942,0.942,0.942,0.942,0.942,0.942,0.942,0.942,0.942,0.942,0.942,0.942,0.942,0.942,0.942,0.942,0.942,0.942,0.942,0.942,0.942,0.942,0.942,0.942,0.942,0.942,0.942,0.942,0.942,0.942,0.942,0.942,0.85,
0.971,0.877,0.974,0.886,0.975,0.886,0.975,0.886,0.975,0.886,0.975,0.886,0.975,0.886,0.975,0.886,0.975,0.886,0.975,0.886,0.975,0.886,0.975,0.886,0.975,0.886,0.975,0.886,0.975,0.886,0.975,0.886,0.975,0.886,0.975,0.886,0.975,0.886,0.975,0.886,0.975,0.886,0.975,0.886,0.975,0.886,0.975,0.886,0.975,0.886,0.975,0.886,0.975,0.886,0.975,0.886,0.975,0.886,0.975,0.886,0.975,0.886,0.975,0.886,0.975,0.886,0.975,0.886,0.975,0.886,0.975,0.886,0.975,0.886,0.975,0.886,0.975,0.886,0.975,0.886,0.975,0.886,0.975,0.886,0.975,0.886,0.975,0.886,0.975,0.886,0.975,0.886,0.975,0.886,0.975,0.886,0.975,0.886,0.975,0.795,
1.0,0.758,0.98,0.719,0.98,0.762,0.896,0.828,0.814,0.864,0.796,0.837,0.835,0.836,0.835,0.836,0.816,0.847,0.833,0.836,0.841,0.842,0.835,0.836,0.841,0.842,0.835,0.836,0.841,0.842,0.835,0.836,0.841,0.842,0.835,0.836,0.841,0.842,0.835,0.836,0.841,0.842,0.835,0.836,0.841,0.842,0.835,0.836,0.841,0.842,0.835,0.836,0.841,0.842,0.835,0.836,0.841,0.842,0.835,0.836,0.841,0.842,0.835,0.836,0.841,0.842,0.835,0.836,0.841,0.842,0.835,0.836,0.841,0.842,0.835,0.836,0.841,0.842,0.835,0.836,0.841,0.842,0.835,0.836,0.841,0.842,0.835,0.836,0.841,0.842,0.835,0.836,0.841,0.842,0.835,0.836,0.841,0.842,0.835,0.814,
0.997,1.0,1.0,1.0,1.0,1.0,1.0,1.0,1.0,1.0,1.0,1.0,1.0,1.0,1.0,1.0,1.0,1.0,1.0,1.0,1.0,1.0,1.0,1.0,1.0,1.0,1.0,1.0,1.0,1.0,1.0,1.0,1.0,1.0,1.0,1.0,1.0,1.0,1.0,1.0,1.0,1.0,1.0,1.0,1.0,1.0,1.0,1.0,1.0,1.0,1.0,1.0,1.0,1.0,1.0,1.0,1.0,1.0,1.0,1.0,1.0,1.0,1.0,1.0,1.0,1.0,1.0,1.0,1.0,1.0,1.0,1.0,1.0,1.0,1.0,1.0,1.0,1.0,1.0,1.0,1.0,1.0,1.0,1.0,1.0,1.0,1.0,1.0,1.0,1.0,1.0,1.0,1.0,1.0,1.0,1.0,1.0,1.0,1.0,1.0,
0.943,1.0,1.0,1.0,1.0,1.0,1.0,1.0,1.0,1.0,1.0,1.0,1.0,1.0,1.0,1.0,1.0,1.0,1.0,1.0,1.0,1.0,1.0,1.0,1.0,1.0,1.0,1.0,1.0,1.0,1.0,1.0,1.0,1.0,1.0,1.0,1.0,1.0,1.0,1.0,1.0,1.0,1.0,1.0,1.0,1.0,1.0,1.0,1.0,1.0,1.0,1.0,1.0,1.0,1.0,1.0,1.0,1.0,1.0,1.0,1.0,1.0,1.0,1.0,1.0,1.0,1.0,1.0,1.0,1.0,1.0,1.0,1.0,1.0,1.0,1.0,1.0,1.0,1.0,1.0,1.0,1.0,1.0,1.0,1.0,1.0,1.0,1.0,1.0,1.0,1.0,1.0,1.0,1.0,1.0,1.0,1.0,1.0,1.0,1.0,
0.837,0.897,0.919,0.928,0.919,0.983,0.979,0.953,0.985,0.953,0.919,0.928,0.919,0.983,0.979,0.953,0.985,0.953,0.919,0.928,0.919,0.983,0.979,0.953,0.985,0.953,0.919,0.928,0.919,0.983,0.979,0.953,0.985,0.953,0.919,0.928,0.919,0.983,0.979,0.953,0.985,0.953,0.919,0.928,0.919,0.983,0.979,0.953,0.985,0.953,0.919,0.928,0.919,0.983,0.979,0.953,0.985,0.953,0.919,0.928,0.919,0.983,0.979,0.953,0.985,0.953,0.919,0.928,0.919,0.983,0.979,0.953,0.985,0.953,0.919,0.928,0.919,0.983,0.979,0.953,0.985,0.953,0.919,0.928,0.919,0.983,0.979,0.953,0.985,0.953,0.919,0.928,0.919,0.983,0.979,0.953,0.985,0.953,0.919,0.911,
0.852,0.857,0.862,0.867,0.867,0.867,0.867,0.867,0.867,0.867,0.867,0.867,0.867,0.867,0.867,0.867,0.867,0.867,0.867,0.867,0.867,0.867,0.867,0.867,0.867,0.867,0.867,0.867,0.867,0.867,0.867,0.867,0.867,0.867,0.867,0.867,0.867,0.867,0.867,0.867,0.867,0.867,0.867,0.867,0.867,0.867,0.867,0.867,0.867,0.867,0.867,0.867,0.867,0.867,0.867,0.867,0.867,0.867,0.867,0.867,0.867,0.867,0.867,0.867,0.867,0.867,0.867,0.867,0.867,0.867,0.867,0.867,0.867,0.867,0.867,0.867,0.867,0.867,0.867,0.867,0.867,0.867,0.867,0.867,0.867,0.867,0.867,0.867,0.867,0.867,0.867,0.867,0.867,0.867,0.867,0.867,0.867,0.867,0.867,0.842,
0.857,0.857,0.857,0.857,0.857,0.857,0.857,0.857,0.857,0.857,0.857,0.857,0.857,0.857,0.857,0.857,0.857,0.857,0.857,0.857,0.857,0.857,0.857,0.857,0.857,0.857,0.857,0.857,0.857,0.857,0.857,0.857,0.857,0.857,0.857,0.857,0.857,0.857,0.857,0.857,0.857,0.857,0.857,0.857,0.857,0.857,0.857,0.857,0.857,0.857,0.857,0.857,0.857,0.857,0.857,0.857,0.857,0.857,0.857,0.857,0.857,0.857,0.857,0.857,0.857,0.857,0.857,0.857,0.857,0.857,0.857,0.857,0.857,0.857,0.857,0.857,0.857,0.857,0.857,0.857,0.857,0.857,0.857,0.857,0.857,0.857,0.857,0.857,0.857,0.857,0.857,0.857,0.857,0.857,0.857,0.857,0.857,0.857,0.857,0.848,
0.941,0.991,0.918,0.991,0.918,0.991,0.918,0.991,0.918,0.991,0.918,0.991,0.918,0.991,0.918,0.991,0.918,0.991,0.918,0.991,0.918,0.991,0.918,0.991,0.918,0.991,0.918,0.991,0.918,0.991,0.918,0.991,0.918,0.991,0.918,0.991,0.918,0.991,0.918,0.991,0.918,0.991,0.918,0.991,0.918,0.991,0.918,0.991,0.918,0.991,0.918,0.991,0.918,0.991,0.918,0.991,0.918,0.991,0.918,0.991,0.918,0.991,0.918,0.991,0.918,0.991,0.918,0.991,0.918,0.991,0.918,0.991,0.918,0.991,0.918,0.991,0.918,0.991,0.918,0.991,0.918,0.991,0.918,0.991,0.918,0.991,0.918,0.991,0.918,0.991,0.918,0.991,0.918,0.991,0.918,0.991,0.918,0.991,0.918,0.978,
0.959,0.986,0.985,0.983,0.982,0.982,0.981,0.981,0.981,0.981,0.981,0.981,0.981,0.981,0.981,0.981,0.981,0.981,0.981,0.981,0.981,0.981,0.981,0.981,0.981,0.981,0.981,0.981,0.981,0.981,0.981,0.981,0.981,0.981,0.981,0.981,0.981,0.981,0.981,0.981,0.981,0.981,0.981,0.981,0.981,0.981,0.981,0.981,0.981,0.981,0.981,0.981,0.981,0.981,0.981,0.981,0.981,0.981,0.981,0.981,0.981,0.981,0.981,0.981,0.981,0.981,0.981,0.981,0.981,0.981,0.981,0.981,0.981,0.981,0.981,0.981,0.981,0.981,0.981,0.981,0.981,0.981,0.981,0.981,0.981,0.981,0.981,0.981,0.981,0.981,0.981,0.981,0.981,0.981,0.981,0.981,0.981,0.981,0.981,0.917,
0.994,0.999,0.999,0.999,1.0,1.0,1.0,1.0,1.0,1.0,1.0,1.0,1.0,1.0,1.0,1.0,1.0,1.0,1.0,1.0,1.0,1.0,1.0,1.0,1.0,1.0,1.0,1.0,1.0,1.0,1.0,1.0,1.0,1.0,1.0,1.0,1.0,1.0,1.0,1.0,1.0,1.0,1.0,1.0,1.0,1.0,1.0,1.0,1.0,1.0,1.0,1.0,1.0,1.0,1.0,1.0,1.0,1.0,1.0,1.0,1.0,1.0,1.0,1.0,1.0,1.0,1.0,1.0,1.0,1.0,1.0,1.0,1.0,1.0,1.0,1.0,1.0,1.0,1.0,1.0,1.0,1.0,1.0,1.0,1.0,1.0,1.0,1.0,1.0,1.0,1.0,1.0,1.0,1.0,1.0,1.0,1.0,1.0,1.0,1.0,
0.864,0.893,0.903,0.903,0.903,0.903,0.903,0.903,0.903,0.903,0.903,0.903,0.903,0.903,0.903,0.903,0.903,0.903,0.903,0.903,0.903,0.903,0.903,0.903,0.903,0.903,0.903,0.903,0.903,0.903,0.903,0.903,0.903,0.903,0.903,0.903,0.903,0.903,0.903,0.903,0.903,0.903,0.903,0.903,0.903,0.903,0.903,0.903,0.903,0.903,0.903,0.903,0.903,0.903,0.903,0.903,0.903,0.903,0.903,0.903,0.903,0.903,0.903,0.903,0.903,0.903,0.903,0.903,0.903,0.903,0.903,0.903,0.903,0.903,0.903,0.903,0.903,0.903,0.903,0.903,0.903,0.903,0.903,0.903,0.903,0.903,0.903,0.903,0.903,0.903,0.903,0.903,0.903,0.903,0.903,0.903,0.903,0.903,0.903,0.876,
0.957,0.99,0.982,0.99,0.982,0.99,0.982,0.99,0.982,0.99,0.982,0.99,0.982,0.99,0.982,0.99,0.982,0.99,0.982,0.99,0.982,0.99,0.982,0.99,0.982,0.99,0.982,0.99,0.982,0.99,0.982,0.99,0.982,0.99,0.982,0.99,0.982,0.99,0.982,0.99,0.982,0.99,0.982,0.99,0.982,0.99,0.982,0.99,0.982,0.99,0.982,0.99,0.982,0.99,0.982,0.99,0.982,0.99,0.982,0.99,0.982,0.99,0.982,0.99,0.982,0.99,0.982,0.99,0.982,0.99,0.982,0.99,0.982,0.99,0.982,0.99,0.982,0.99,0.982,0.99,0.982,0.99,0.982,0.99,0.982,0.99,0.982,0.99,0.982,0.99,0.982,0.99,0.982,0.99,0.982,0.99,0.982,0.99,0.982,0.975,
1.0,0.941,0.936,0.936,0.936,0.936,0.936,0.936,0.936,0.936,0.936,0.936,0.936,0.936,0.936,0.936,0.936,0.936,0.936,0.936,0.936,0.936,0.936,0.936,0.936,0.936,0.936,0.936,0.936,0.936,0.936,0.936,0.936,0.936,0.936,0.936,0.936,0.936,0.936,0.936,0.936,0.936,0.936,0.936,0.936,0.936,0.936,0.936,0.936,0.936,0.936,0.936,0.936,0.936,0.936,0.936,0.936,0.936,0.936,0.936,0.936,0.936,0.936,0.936,0.936,0.936,0.936,0.936,0.936,0.936,0.936,0.936,0.936,0.936,0.936,0.936,0.936,0.936,0.936,0.936,0.936,0.936,0.936,0.936,0.936,0.936,0.936,0.936,0.936,0.936,0.936,0.936,0.936,0.936,0.936,0.936,0.936,0.936,0.936,0.936,
0.923,0.913,0.996,0.935,0.971,0.954,0.95,0.968,0.95,0.968,0.95,0.968,0.95,0.968,0.95,0.968,0.95,0.968,0.95,0.968,0.95,0.968,0.95,0.968,0.95,0.968,0.95,0.968,0.95,0.968,0.95,0.968,0.95,0.968,0.95,0.968,0.95,0.968,0.95,0.968,0.95,0.968,0.95,0.968,0.95,0.968,0.95,0.968,0.95,0.968,0.95,0.968,0.95,0.968,0.95,0.968,0.95,0.968,0.95,0.968,0.95,0.968,0.95,0.968,0.95,0.968,0.95,0.968,0.95,0.968,0.95,0.968,0.95,0.968,0.95,0.968,0.95,0.968,0.95,0.968,0.95,0.968,0.95,0.968,0.95,0.968,0.95,0.968,0.95,0.968,0.95,0.968,0.95,0.968,0.95,0.968,0.95,0.968,0.95,0.946,
1.0,0.958,0.934,0.977,0.964,0.958,0.962,0.958,0.964,0.958,0.962,0.958,0.964,0.958,0.962,0.958,0.964,0.958,0.962,0.958,0.964,0.958,0.962,0.958,0.964,0.958,0.962,0.958,0.964,0.958,0.962,0.958,0.964,0.958,0.962,0.958,0.964,0.958,0.962,0.958,0.964,0.958,0.962,0.958,0.964,0.958,0.962,0.958,0.964,0.958,0.962,0.958,0.964,0.958,0.962,0.958,0.964,0.958,0.962,0.958,0.964,0.958,0.962,0.958,0.964,0.958,0.962,0.958,0.964,0.958,0.962,0.958,0.964,0.958,0.962,0.958,0.964,0.958,0.962,0.958,0.964,0.958,0.962,0.958,0.964,0.958,0.962,0.958,0.964,0.958,0.962,0.958,0.964,0.958,0.962,0.958,0.964,0.958,0.962,0.958,
0.968,0.798,0.905,0.986,0.784,0.979,0.782,0.979,0.848,0.998,0.874,1.0,0.914,0.988,0.815,0.982,0.779,0.979,0.781,0.979,0.809,0.982,0.779,0.979,0.839,0.998,0.874,1.0,0.914,0.988,0.815,0.982,0.779,0.979,0.781,0.979,0.809,0.982,0.779,0.979,0.839,0.998,0.874,1.0,0.914,0.988,0.815,0.982,0.779,0.979,0.781,0.979,0.809,0.982,0.779,0.979,0.839,0.998,0.874,1.0,0.914,0.988,0.815,0.982,0.779,0.979,0.781,0.979,0.809,0.982,0.779,0.979,0.839,0.998,0.874,1.0,0.914,0.988,0.815,0.982,0.779,0.979,0.781,0.979,0.809,0.982,0.779,0.979,0.839,0.998,0.874,1.0,0.914,0.988,0.815,0.982,0.779,0.979,0.781,0.932,
0.916,0.925,0.957,0.925,0.957,0.925,0.957,0.925,0.957,0.925,0.957,0.925,0.957,0.925,0.957,0.925,0.957,0.925,0.957,0.925,0.957,0.925,0.957,0.925,0.957,0.925,0.957,0.925,0.957,0.925,0.957,0.925,0.957,0.925,0.957,0.925,0.957,0.925,0.957,0.925,0.957,0.925,0.957,0.925,0.957,0.925,0.957,0.925,0.957,0.925,0.957,0.925,0.957,0.925,0.957,0.925,0.957,0.925,0.957,0.925,0.957,0.925,0.957,0.925,0.957,0.925,0.957,0.925,0.957,0.925,0.957,0.925,0.957,0.925,0.957,0.925,0.957,0.925,0.957,0.925,0.957,0.925,0.957,0.925,0.957,0.925,0.957,0.925,0.957,0.925,0.957,0.925,0.957,0.925,0.957,0.925,0.957,0.925,0.957,0.903,
0.853,0.992,0.99,0.995,0.99,0.995,0.99,0.995,0.99,0.995,0.99,0.995,0.99,0.995,0.99,0.995,0.99,0.995,0.99,0.995,0.99,0.995,0.99,0.995,0.99,0.995,0.99,0.995,0.99,0.995,0.99,0.995,0.99,0.995,0.99,0.995,0.99,0.995,0.99,0.995,0.99,0.995,0.99,0.995,0.99,0.995,0.99,0.995,0.99,0.995,0.99,0.995,0.99,0.995,0.99,0.995,0.99,0.995,0.99,0.995,0.99,0.995,0.99,0.995,0.99,0.995,0.99,0.995,0.99,0.995,0.99,0.995,0.99,0.995,0.99,0.995,0.99,0.995,0.99,0.995,0.99,0.995,0.99,0.995,0.99,0.995,0.99,0.995,0.99,0.995,0.99,0.995,0.99,0.995,0.99,0.995,0.99,0.995,0.99,0.894,
0.835,0.81,0.823,0.84,0.835,0.835,0.835,0.835,0.835,0.835,0.835,0.835,0.835,0.835,0.835,0.835,0.835,0.835,0.835,0.835,0.835,0.835,0.835,0.835,0.835,0.835,0.835,0.835,0.835,0.835,0.835,0.835,0.835,0.835,0.835,0.835,0.835,0.835,0.835,0.835,0.835,0.835,0.835,0.835,0.835,0.835,0.835,0.835,0.835,0.835,0.835,0.835,0.835,0.835,0.835,0.835,0.835,0.835,0.835,0.835,0.835,0.835,0.835,0.835,0.835,0.835,0.835,0.835,0.835,0.835,0.835,0.835,0.835,0.835,0.835,0.835,0.835,0.835,0.835,0.835,0.835,0.835,0.835,0.835,0.835,0.835,0.835,0.835,0.835,0.835,0.835,0.835,0.835,0.835,0.835,0.835,0.835,0.835,0.835,0.835,
0.912,0.929,0.971,0.971,0.971,0.971,0.971,0.971,0.971,0.971,0.971,0.971,0.971,0.971,0.971,0.971,0.971,0.971,0.971,0.971,0.971,0.971,0.971,0.971,0.971,0.971,0.971,0.971,0.971,0.971,0.971,0.971,0.971,0.971,0.971,0.971,0.971,0.971,0.971,0.971,0.971,0.971,0.971,0.971,0.971,0.971,0.971,0.971,0.971,0.971,0.971,0.971,0.971,0.971,0.971,0.971,0.971,0.971,0.971,0.971,0.971,0.971,0.971,0.971,0.971,0.971,0.971,0.971,0.971,0.971,0.971,0.971,0.971,0.971,0.971,0.971,0.971,0.971,0.971,0.971,0.971,0.971,0.971,0.971,0.971,0.971,0.971,0.971,0.971,0.971,0.971,0.971,0.971,0.971,0.971,0.971,0.971,0.971,0.971,0.908,
0.942,0.76,0.923,0.837,0.878,0.836,0.877,0.837,0.877,0.837,0.877,0.837,0.877,0.837,0.877,0.837,0.877,0.837,0.877,0.837,0.877,0.837,0.877,0.837,0.877,0.837,0.877,0.837,0.877,0.837,0.877,0.837,0.877,0.837,0.877,0.837,0.877,0.837,0.877,0.837,0.877,0.837,0.877,0.837,0.877,0.837,0.877,0.837,0.877,0.837,0.877,0.837,0.877,0.837,0.877,0.837,0.877,0.837,0.877,0.837,0.877,0.837,0.877,0.837,0.877,0.837,0.877,0.837,0.877,0.837,0.877,0.837,0.877,0.837,0.877,0.837,0.877,0.837,0.877,0.837,0.877,0.837,0.877,0.837,0.877,0.837,0.877,0.837,0.877,0.837,0.877,0.837,0.877,0.837,0.877,0.837,0.877,0.837,0.877,0.775,
0.92,0.818,0.962,0.975,0.952,0.982,0.942,0.99,0.942,0.99,0.942,0.99,0.942,0.99,0.942,0.99,0.942,0.99,0.942,0.99,0.942,0.99,0.942,0.99,0.942,0.99,0.942,0.99,0.942,0.99,0.942,0.99,0.942,0.99,0.942,0.99,0.942,0.99,0.942,0.99,0.942,0.99,0.942,0.99,0.942,0.99,0.942,0.99,0.942,0.99,0.942,0.99,0.942,0.99,0.942,0.99,0.942,0.99,0.942,0.99,0.942,0.99,0.942,0.99,0.942,0.99,0.942,0.99,0.942,0.99,0.942,0.99,0.942,0.99,0.942,0.99,0.942,0.99,0.942,0.99,0.942,0.99,0.942,0.99,0.942,0.99,0.942,0.99,0.942,0.99,0.942,0.99,0.942,0.99,0.942,0.99,0.942,0.99,0.942,0.852,
0.981,0.992,0.993,0.993,0.993,0.993,0.993,0.993,0.993,0.993,0.993,0.993,0.993,0.993,0.993,0.993,0.993,0.993,0.993,0.993,0.993,0.993,0.993,0.993,0.993,0.993,0.993,0.993,0.993,0.993,0.993,0.993,0.993,0.993,0.993,0.993,0.993,0.993,0.993,0.993,0.993,0.993,0.993,0.993,0.993,0.993,0.993,0.993,0.993,0.993,0.993,0.993,0.993,0.993,0.993,0.993,0.993,0.993,0.993,0.993,0.993,0.993,0.993,0.993,0.993,0.993,0.993,0.993,0.993,0.993,0.993,0.993,0.993,0.993,0.993,0.993,0.993,0.993,0.993,0.993,0.993,0.993,0.993,0.993,0.993,0.993,0.993,0.993,0.993,0.993,0.993,0.993,0.993,0.993,0.993,0.993,0.993,0.993,0.993,0.993,
0.894,0.905,0.909,0.911,0.895,0.905,0.909,0.911,0.895,0.905,0.909,0.911,0.895,0.905,0.909,0.911,0.895,0.905,0.909,0.911,0.895,0.905,0.909,0.911,0.895,0.905,0.909,0.911,0.895,0.905,0.909,0.911,0.895,0.905,0.909,0.911,0.895,0.905,0.909,0.911,0.895,0.905,0.909,0.911,0.895,0.905,0.909,0.911,0.895,0.905,0.909,0.911,0.895,0.905,0.909,0.911,0.895,0.905,0.909,0.911,0.895,0.905,0.909,0.911,0.895,0.905,0.909,0.911,0.895,0.905,0.909,0.911,0.895,0.905,0.909,0.911,0.895,0.905,0.909,0.911,0.895,0.905,0.909,0.911,0.895,0.905,0.909,0.911,0.895,0.905,0.909,0.911,0.895,0.905,0.909,0.911,0.895,0.905,0.909,0.911,
0.946,0.724,0.931,0.672,0.931,0.69,0.931,0.694,0.93,0.676,0.851,0.682,0.832,0.905,0.868,0.642,0.788,0.937,0.785,0.768,0.851,0.679,0.816,0.904,0.865,0.679,0.816,0.904,0.865,0.679,0.816,0.904,0.865,0.679,0.816,0.904,0.865,0.679,0.816,0.904,0.865,0.679,0.816,0.904,0.865,0.679,0.816,0.904,0.865,0.679,0.816,0.904,0.865,0.679,0.816,0.904,0.865,0.679,0.816,0.904,0.865,0.679,0.816,0.904,0.865,0.679,0.816,0.904,0.865,0.679,0.816,0.904,0.865,0.679,0.816,0.904,0.865,0.679,0.816,0.904,0.865,0.679,0.816,0.904,0.865,0.679,0.816,0.904,0.865,0.679,0.816,0.904,0.865,0.679,0.816,0.904,0.865,0.679,0.816,0.839,
0.875,0.875,0.875,0.875,0.875,0.875,0.875,0.875,0.875,0.875,0.875,0.875,0.875,0.875,0.875,0.875,0.875,0.875,0.875,0.875,0.875,0.875,0.875,0.875,0.875,0.875,0.875,0.875,0.875,0.875,0.875,0.875,0.875,0.875,0.875,0.875,0.875,0.875,0.875,0.875,0.875,0.875,0.875,0.875,0.875,0.875,0.875,0.875,0.875,0.875,0.875,0.875,0.875,0.875,0.875,0.875,0.875,0.875,0.875,0.875,0.875,0.875,0.875,0.875,0.875,0.875,0.875,0.875,0.875,0.875,0.875,0.875,0.875,0.875,0.875,0.875,0.875,0.875,0.875,0.875,0.875,0.875,0.875,0.875,0.875,0.875,0.875,0.875,0.875,0.875,0.875,0.875,0.875,0.875,0.875,0.875,0.875,0.875,0.875,0.85,
0.881,0.841,0.804,0.863,0.857,0.866,0.833,0.839,0.849,0.839,0.86,0.816,0.783,0.833,0.839,0.842,0.816,0.828,0.847,0.831,0.85,0.849,0.839,0.832,0.836,0.828,0.847,0.831,0.85,0.849,0.839,0.86,0.816,0.783,0.833,0.839,0.842,0.816,0.828,0.847,0.831,0.85,0.849,0.839,0.832,0.836,0.828,0.847,0.831,0.85,0.849,0.839,0.86,0.816,0.783,0.833,0.839,0.842,0.816,0.828,0.847,0.831,0.85,0.849,0.839,0.832,0.836,0.828,0.847,0.831,0.85,0.849,0.839,0.86,0.816,0.783,0.833,0.839,0.842,0.816,0.828,0.847,0.831,0.85,0.849,0.839,0.832,0.836,0.828,0.847,0.831,0.85,0.849,0.839,0.86,0.816,0.783,0.833,0.839,0.796,
0.925,0.874,0.854,0.872,0.841,0.84,0.836,0.839,0.836,0.839,0.836,0.839,0.836,0.839,0.836,0.839,0.836,0.839,0.836,0.839,0.836,0.839,0.836,0.839,0.836,0.839,0.836,0.839,0.836,0.839,0.836,0.839,0.836,0.839,0.836,0.839,0.836,0.839,0.836,0.839,0.836,0.839,0.836,0.839,0.836,0.839,0.836,0.839,0.836,0.839,0.836,0.839,0.836,0.839,0.836,0.839,0.836,0.839,0.836,0.839,0.836,0.839,0.836,0.839,0.836,0.839,0.836,0.839,0.836,0.839,0.836,0.839,0.836,0.839,0.836,0.839,0.836,0.839,0.836,0.839,0.836,0.839,0.836,0.839,0.836,0.839,0.836,0.839,0.836,0.839,0.836,0.839,0.836,0.839,0.836,0.839,0.836,0.839,0.836,0.839,
0.961,0.961,0.961,0.961,0.961,0.961,0.961,0.961,0.961,0.961,0.961,0.961,0.961,0.961,0.961,0.961,0.961,0.961,0.961,0.961,0.961,0.961,0.961,0.961,0.961,0.961,0.961,0.961,0.961,0.961,0.961,0.961,0.961,0.961,0.961,0.961,0.961,0.961,0.961,0.961,0.961,0.961,0.961,0.961,0.961,0.961,0.961,0.961,0.961,0.961,0.961,0.961,0.961,0.961,0.961,0.961,0.961,0.961,0.961,0.961,0.961,0.961,0.961,0.961,0.961,0.961,0.961,0.961,0.961,0.961,0.961,0.961,0.961,0.961,0.961,0.961,0.961,0.961,0.961,0.961,0.961,0.961,0.961,0.961,0.961,0.961,0.961,0.961,0.961,0.961,0.961,0.961,0.961,0.961,0.961,0.961,0.961,0.961,0.961,0.961,
0.9,0.957,0.957,0.957,0.957,0.957,0.957,0.957,0.957,0.957,0.957,0.957,0.957,0.957,0.957,0.957,0.957,0.957,0.957,0.957,0.957,0.957,0.957,0.957,0.957,0.957,0.957,0.957,0.957,0.957,0.957,0.957,0.957,0.957,0.957,0.957,0.957,0.957,0.957,0.957,0.957,0.957,0.957,0.957,0.957,0.957,0.957,0.957,0.957,0.957,0.957,0.957,0.957,0.957,0.957,0.957,0.957,0.957,0.957,0.957,0.957,0.957,0.957,0.957,0.957,0.957,0.957,0.957,0.957,0.957,0.957,0.957,0.957,0.957,0.957,0.957,0.957,0.957,0.957,0.957,0.957,0.957,0.957,0.957,0.957,0.957,0.957,0.957,0.957,0.957,0.957,0.957,0.957,0.957,0.957,0.957,0.957,0.957,0.957,0.883,
0.919,0.931,0.972,0.972,0.972,0.972,0.972,0.972,0.972,0.972,0.972,0.972,0.972,0.972,0.972,0.972,0.972,0.972,0.972,0.972,0.972,0.972,0.972,0.972,0.972,0.972,0.972,0.972,0.972,0.972,0.972,0.972,0.972,0.972,0.972,0.972,0.972,0.972,0.972,0.972,0.972,0.972,0.972,0.972,0.972,0.972,0.972,0.972,0.972,0.972,0.972,0.972,0.972,0.972,0.972,0.972,0.972,0.972,0.972,0.972,0.972,0.972,0.972,0.972,0.972,0.972,0.972,0.972,0.972,0.972,0.972,0.972,0.972,0.972,0.972,0.972,0.972,0.972,0.972,0.972,0.972,0.972,0.972,0.972,0.972,0.972,0.972,0.972,0.972,0.972,0.972,0.972,0.972,0.972,0.972,0.972,0.972,0.972,0.972,0.912,
0.802,0.859,0.863,0.865,0.92,0.927,0.943,0.947,0.947,0.947,0.947,0.947,0.947,0.947,0.947,0.947,0.947,0.947,0.947,0.947,0.947,0.947,0.947,0.947,0.947,0.947,0.947,0.947,0.947,0.947,0.947,0.947,0.947,0.947,0.947,0.947,0.947,0.947,0.947,0.947,0.947,0.947,0.947,0.947,0.947,0.947,0.947,0.947,0.947,0.947,0.947,0.947,0.947,0.947,0.947,0.947,0.947,0.947,0.947,0.947,0.947,0.947,0.947,0.947,0.947,0.947,0.947,0.947,0.947,0.947,0.947,0.947,0.947,0.947,0.947,0.947,0.947,0.947,0.947,0.947,0.947,0.947,0.947,0.947,0.947,0.947,0.947,0.947,0.947,0.947,0.947,0.947,0.947,0.947,0.947,0.947,0.947,0.947,0.947,0.849,
0.883,0.945,0.901,0.901,0.901,0.901,0.901,0.901,0.901,0.901,0.901,0.901,0.901,0.901,0.901,0.901,0.901,0.901,0.901,0.901,0.901,0.901,0.901,0.901,0.901,0.901,0.901,0.901,0.901,0.901,0.901,0.901,0.901,0.901,0.901,0.901,0.901,0.901,0.901,0.901,0.901,0.901,0.901,0.901,0.901,0.901,0.901,0.901,0.901,0.901,0.901,0.901,0.901,0.901,0.901,0.901,0.901,0.901,0.901,0.901,0.901,0.901,0.901,0.901,0.901,0.901,0.901,0.901,0.901,0.901,0.901,0.901,0.901,0.901,0.901,0.901,0.901,0.901,0.901,0.901,0.901,0.901,0.901,0.901,0.901,0.901,0.901,0.901,0.901,0.901,0.901,0.901,0.901,0.901,0.901,0.901,0.901,0.901,0.901,0.85,
0.95,0.963,0.965,0.966,0.961,0.965,0.965,0.966,0.961,0.965,0.965,0.966,0.961,0.965,0.965,0.966,0.961,0.965,0.965,0.966,0.961,0.965,0.965,0.966,0.961,0.965,0.965,0.966,0.961,0.965,0.965,0.966,0.961,0.965,0.965,0.966,0.961,0.965,0.965,0.966,0.961,0.965,0.965,0.966,0.961,0.965,0.965,0.966,0.961,0.965,0.965,0.966,0.961,0.965,0.965,0.966,0.961,0.965,0.965,0.966,0.961,0.965,0.965,0.966,0.961,0.965,0.965,0.966,0.961,0.965,0.965,0.966,0.961,0.965,0.965,0.966,0.961,0.965,0.965,0.966,0.961,0.965,0.965,0.966,0.961,0.965,0.965,0.966,0.961,0.965,0.965,0.966,0.961,0.965,0.965,0.966,0.961,0.965,0.965,0.944,
0.919,0.919,0.919,0.919,0.919,0.919,0.919,0.919,0.919,0.919,0.919,0.919,0.919,0.919,0.919,0.919,0.919,0.919,0.919,0.919,0.919,0.919,0.919,0.919,0.919,0.919,0.919,0.919,0.919,0.919,0.919,0.919,0.919,0.919,0.919,0.919,0.919,0.919,0.919,0.919,0.919,0.919,0.919,0.919,0.919,0.919,0.919,0.919,0.919,0.919,0.919,0.919,0.919,0.919,0.919,0.919,0.919,0.919,0.919,0.919,0.919,0.919,0.919,0.919,0.919,0.919,0.919,0.919,0.919,0.919,0.919,0.919,0.919,0.919,0.919,0.919,0.919,0.919,0.919,0.919,0.919,0.919,0.919,0.919,0.919,0.919,0.919,0.919,0.919,0.919,0.919,0.919,0.919,0.919,0.919,0.919,0.919,0.919,0.919,0.896,
1.0,1.0,1.0,1.0,1.0,1.0,1.0,1.0,1.0,1.0,1.0,1.0,1.0,1.0,1.0,1.0,1.0,1.0,1.0,1.0,1.0,1.0,1.0,1.0,1.0,1.0,1.0,1.0,1.0,1.0,1.0,1.0,1.0,1.0,1.0,1.0,1.0,1.0,1.0,1.0,1.0,1.0,1.0,1.0,1.0,1.0,1.0,1.0,1.0,1.0,1.0,1.0,1.0,1.0,1.0,1.0,1.0,1.0,1.0,1.0,1.0,1.0,1.0,1.0,1.0,1.0,1.0,1.0,1.0,1.0,1.0,1.0,1.0,1.0,1.0,1.0,1.0,1.0,1.0,1.0,1.0,1.0,1.0,1.0,1.0,1.0,1.0,1.0,1.0,1.0,1.0,1.0,1.0,1.0,1.0,1.0,1.0,1.0,1.0,0.986,
0.965,0.961,1.0,1.0,1.0,1.0,1.0,1.0,1.0,1.0,1.0,1.0,1.0,1.0,1.0,1.0,1.0,1.0,1.0,1.0,1.0,1.0,1.0,1.0,1.0,1.0,1.0,1.0,1.0,1.0,1.0,1.0,1.0,1.0,1.0,1.0,1.0,1.0,1.0,1.0,1.0,1.0,1.0,1.0,1.0,1.0,1.0,1.0,1.0,1.0,1.0,1.0,1.0,1.0,1.0,1.0,1.0,1.0,1.0,1.0,1.0,1.0,1.0,1.0,1.0,1.0,1.0,1.0,1.0,1.0,1.0,1.0,1.0,1.0,1.0,1.0,1.0,1.0,1.0,1.0,1.0,1.0,1.0,1.0,1.0,1.0,1.0,1.0,1.0,1.0,1.0,1.0,1.0,1.0,1.0,1.0,1.0,1.0,1.0,0.986,
0.971,0.68,0.98,0.682,0.98,0.682,0.98,0.682,0.98,0.682,0.98,0.682,0.98,0.682,0.98,0.682,0.98,0.682,0.98,0.682,0.98,0.682,0.98,0.682,0.98,0.682,0.98,0.682,0.98,0.682,0.98,0.682,0.98,0.682,0.98,0.682,0.98,0.682,0.98,0.682,0.98,0.682,0.98,0.682,0.98,0.682,0.98,0.682,0.98,0.682,0.98,0.682,0.98,0.682,0.98,0.682,0.98,0.682,0.98,0.682,0.98,0.682,0.98,0.682,0.98,0.682,0.98,0.682,0.98,0.682,0.98,0.682,0.98,0.682,0.98,0.682,0.98,0.682,0.98,0.682,0.98,0.682,0.98,0.682,0.98,0.682,0.98,0.682,0.98,0.682,0.98,0.682,0.98,0.682,0.98,0.682,0.98,0.682,0.98,0.682,
0.774,0.831,0.84,0.84,0.84,0.84,0.84,0.84,0.84,0.84,0.84,0.84,0.84,0.84,0.84,0.84,0.84,0.84,0.84,0.84,0.84,0.84,0.84,0.84,0.84,0.84,0.84,0.84,0.84,0.84,0.84,0.84,0.84,0.84,0.84,0.84,0.84,0.84,0.84,0.84,0.84,0.84,0.84,0.84,0.84,0.84,0.84,0.84,0.84,0.84,0.84,0.84,0.84,0.84,0.84,0.84,0.84,0.84,0.84,0.84,0.84,0.84,0.84,0.84,0.84,0.84,0.84,0.84,0.84,0.84,0.84,0.84,0.84,0.84,0.84,0.84,0.84,0.84,0.84,0.84,0.84,0.84,0.84,0.84,0.84,0.84,0.84,0.84,0.84,0.84,0.84,0.84,0.84,0.84,0.84,0.84,0.84,0.84,0.84,0.827,
1.0,0.729,0.977,0.737,0.983,0.739,0.983,0.739,0.983,0.739,0.983,0.739,0.983,0.739,0.983,0.739,0.983,0.739,0.983,0.739,0.983,0.739,0.983,0.739,0.983,0.739,0.983,0.739,0.983,0.739,0.983,0.739,0.983,0.739,0.983,0.739,0.983,0.739,0.983,0.739,0.983,0.739,0.983,0.739,0.983,0.739,0.983,0.739,0.983,0.739,0.983,0.739,0.983,0.739,0.983,0.739,0.983,0.739,0.983,0.739,0.983,0.739,0.983,0.739,0.983,0.739,0.983,0.739,0.983,0.739,0.983,0.739,0.983,0.739,0.983,0.739,0.983,0.739,0.983,0.739,0.983,0.739,0.983,0.739,0.983,0.739,0.983,0.739,0.983,0.739,0.983,0.739,0.983,0.739,0.983,0.739,0.983,0.739,0.983,0.712,
0.722,0.63,0.76,0.683,0.769,0.691,0.77,0.705,0.772,0.695,0.809,0.688,0.749,0.733,0.765,0.735,0.815,0.69,0.76,0.727,0.7,0.751,0.736,0.825,0.684,0.834,0.687,0.746,0.727,0.825,0.688,0.834,0.687,0.746,0.727,0.825,0.688,0.834,0.687,0.746,0.727,0.825,0.688,0.834,0.687,0.746,0.727,0.825,0.688,0.834,0.687,0.746,0.727,0.825,0.688,0.834,0.687,0.746,0.727,0.825,0.688,0.834,0.687,0.746,0.727,0.825,0.688,0.834,0.687,0.746,0.727,0.825,0.688,0.834,0.687,0.746,0.727,0.825,0.688,0.834,0.687,0.746,0.727,0.825,0.688,0.834,0.687,0.746,0.727,0.825,0.688,0.834,0.687,0.746,0.727,0.825,0.688,0.834,0.687,0.715,
0.768,0.858,0.836,0.936,0.843,0.9,0.848,0.915,0.865,0.906,0.883,0.942,0.862,0.944,0.853,0.942,0.882,0.925,0.851,0.9,0.866,0.94,0.982,0.856,0.889,0.893,0.946,0.858,0.928,0.984,0.946,0.984,0.946,0.984,0.946,0.984,0.946,0.984,0.946,0.984,0.946,0.984,0.946,0.984,0.946,0.984,0.946,0.984,0.946,0.984,0.946,0.984,0.946,0.984,0.946,0.984,0.946,0.984,0.946,0.984,0.946,0.984,0.946,0.984,0.946,0.984,0.946,0.984,0.946,0.984,0.946,0.984,0.946,0.984,0.946,0.984,0.946,0.984,0.946,0.984,0.946,0.984,0.946,0.984,0.946,0.984,0.946,0.984,0.946,0.984,0.946,0.984,0.946,0.984,0.946,0.984,0.946,0.984,0.946,0.862,
0.854,0.872,0.854,0.854,0.872,0.854,0.854,0.94,0.94,0.94,0.94,0.94,0.94,0.94,0.94,0.94,0.94,0.94,0.94,0.94,0.94,0.94,0.94,0.94,0.94,0.94,0.94,0.94,0.94,0.94,0.94,0.94,0.94,0.94,0.94,0.94,0.94,0.94,0.94,0.94,0.94,0.94,0.94,0.94,0.94,0.94,0.94,0.94,0.94,0.94,0.94,0.94,0.94,0.94,0.94,0.94,0.94,0.94,0.94,0.94,0.94,0.94,0.94,0.94,0.94,0.94,0.94,0.94,0.94,0.94,0.94,0.94,0.94,0.94,0.94,0.94,0.94,0.94,0.94,0.94,0.94,0.94,0.94,0.94,0.94,0.94,0.94,0.94,0.94,0.94,0.94,0.94,0.94,0.94,0.94,0.94,0.94,0.94,0.94,0.884,
0.856,0.928,0.95,0.928,0.928,0.943,0.949,0.928,0.928,0.943,0.949,0.928,0.928,0.943,0.949,0.928,0.928,0.943,0.949,0.928,0.928,0.943,0.949,0.928,0.928,0.943,0.949,0.928,0.928,0.943,0.949,0.928,0.928,0.943,0.949,0.928,0.928,0.943,0.949,0.928,0.928,0.943,0.949,0.928,0.928,0.943,0.949,0.928,0.928,0.943,0.949,0.928,0.928,0.943,0.949,0.928,0.928,0.943,0.949,0.928,0.928,0.943,0.949,0.928,0.928,0.943,0.949,0.928,0.928,0.943,0.949,0.928,0.928,0.943,0.949,0.928,0.928,0.943,0.949,0.928,0.928,0.943,0.949,0.928,0.928,0.943,0.949,0.928,0.928,0.943,0.949,0.928,0.928,0.943,0.949,0.928,0.928,0.943,0.949,0.912,
0.903,0.963,0.963,0.963,0.963,0.963,0.963,0.963,0.963,0.963,0.963,0.963,0.963,0.963,0.963,0.963,0.963,0.963,0.963,0.963,0.963,0.963,0.963,0.963,0.963,0.963,0.963,0.963,0.963,0.963,0.963,0.963,0.963,0.963,0.963,0.963,0.963,0.963,0.963,0.963,0.963,0.963,0.963,0.963,0.963,0.963,0.963,0.963,0.963,0.963,0.963,0.963,0.963,0.963,0.963,0.963,0.963,0.963,0.963,0.963,0.963,0.963,0.963,0.963,0.963,0.963,0.963,0.963,0.963,0.963,0.963,0.963,0.963,0.963,0.963,0.963,0.963,0.963,0.963,0.963,0.963,0.963,0.963,0.963,0.963,0.963,0.963,0.963,0.963,0.963,0.963,0.963,0.963,0.963,0.963,0.963,0.963,0.963,0.963,0.925,
0.857,0.851,0.918,0.952,0.93,0.861,0.915,0.952,0.899,0.952,0.932,0.861,0.915,0.952,0.899,0.952,0.932,0.861,0.915,0.952,0.899,0.952,0.932,0.861,0.915,0.952,0.899,0.952,0.932,0.861,0.915,0.952,0.899,0.952,0.932,0.861,0.915,0.952,0.899,0.952,0.932,0.861,0.915,0.952,0.899,0.952,0.932,0.861,0.915,0.952,0.899,0.952,0.932,0.861,0.915,0.952,0.899,0.952,0.932,0.861,0.915,0.952,0.899,0.952,0.932,0.861,0.915,0.952,0.899,0.952,0.932,0.861,0.915,0.952,0.899,0.952,0.932,0.861,0.915,0.952,0.899,0.952,0.932,0.861,0.915,0.952,0.899,0.952,0.932,0.861,0.915,0.952,0.899,0.952,0.932,0.861,0.915,0.952,0.899,0.808,
0.789,0.789,0.789,0.789,0.789,0.789,0.789,0.789,0.789,0.789,0.789,0.789,0.789,0.789,0.789,0.789,0.789,0.789,0.789,0.789,0.789,0.789,0.789,0.789,0.789,0.789,0.789,0.789,0.789,0.789,0.789,0.789,0.789,0.789,0.789,0.789,0.789,0.789,0.789,0.789,0.789,0.789,0.789,0.789,0.789,0.789,0.789,0.789,0.789,0.789,0.789,0.789,0.789,0.789,0.789,0.789,0.789,0.789,0.789,0.789,0.789,0.789,0.789,0.789,0.789,0.789,0.789,0.789,0.789,0.789,0.789,0.789,0.789,0.789,0.789,0.789,0.789,0.789,0.789,0.789,0.789,0.789,0.789,0.789,0.789,0.789,0.789,0.789,0.789,0.789,0.789,0.789,0.789,0.789,0.789,0.789,0.789,0.789,0.789,0.789,
1.0,1.0,1.0,1.0,1.0,1.0,1.0,1.0,1.0,1.0,1.0,1.0,1.0,1.0,1.0,1.0,1.0,1.0,1.0,1.0,1.0,1.0,1.0,1.0,1.0,1.0,1.0,1.0,1.0,1.0,1.0,1.0,1.0,1.0,1.0,1.0,1.0,1.0,1.0,1.0,1.0,1.0,1.0,1.0,1.0,1.0,1.0,1.0,1.0,1.0,1.0,1.0,1.0,1.0,1.0,1.0,1.0,1.0,1.0,1.0,1.0,1.0,1.0,1.0,1.0,1.0,1.0,1.0,1.0,1.0,1.0,1.0,1.0,1.0,1.0,1.0,1.0,1.0,1.0,1.0,1.0,1.0,1.0,1.0,1.0,1.0,1.0,1.0,1.0,1.0,1.0,1.0,1.0,1.0,1.0,1.0,1.0,1.0,1.0,1.0,
0.89,0.939,0.942,0.939,0.933,0.933,0.933,0.933,0.933,0.933,0.933,0.933,0.933,0.933,0.933,0.933,0.933,0.933,0.933,0.933,0.933,0.933,0.933,0.933,0.933,0.933,0.933,0.933,0.933,0.933,0.933,0.933,0.933,0.933,0.933,0.933,0.933,0.933,0.933,0.933,0.933,0.933,0.933,0.933,0.933,0.933,0.933,0.933,0.933,0.933,0.933,0.933,0.933,0.933,0.933,0.933,0.933,0.933,0.933,0.933,0.933,0.933,0.933,0.933,0.933,0.933,0.933,0.933,0.933,0.933,0.933,0.933,0.933,0.933,0.933,0.933,0.933,0.933,0.933,0.933,0.933,0.933,0.933,0.933,0.933,0.933,0.933,0.933,0.933,0.933,0.933,0.933,0.933,0.933,0.933,0.933,0.933,0.933,0.933,0.874,
0.837,0.837,0.837,0.837,0.837,0.837,0.837,0.837,0.837,0.837,0.837,0.837,0.837,0.837,0.837,0.837,0.837,0.837,0.837,0.837,0.837,0.837,0.837,0.837,0.837,0.837,0.837,0.837,0.837,0.837,0.837,0.837,0.837,0.837,0.837,0.837,0.837,0.837,0.837,0.837,0.837,0.837,0.837,0.837,0.837,0.837,0.837,0.837,0.837,0.837,0.837,0.837,0.837,0.837,0.837,0.837,0.837,0.837,0.837,0.837,0.837,0.837,0.837,0.837,0.837,0.837,0.837,0.837,0.837,0.837,0.837,0.837,0.837,0.837,0.837,0.837,0.837,0.837,0.837,0.837,0.837,0.837,0.837,0.837,0.837,0.837,0.837,0.837,0.837,0.837,0.837,0.837,0.837,0.837,0.837,0.837,0.837,0.837,0.837,0.836,
0.765,0.763,0.888,0.765,0.888,0.888,0.765,0.888,0.888,0.765,0.888,0.888,0.765,0.888,0.888,0.765,0.888,0.888,0.765,0.888,0.888,0.765,0.888,0.888,0.765,0.888,0.888,0.765,0.888,0.888,0.765,0.888,0.888,0.765,0.888,0.888,0.765,0.888,0.888,0.765,0.888,0.888,0.765,0.888,0.888,0.765,0.888,0.888,0.765,0.888,0.888,0.765,0.888,0.888,0.765,0.888,0.888,0.765,0.888,0.888,0.765,0.888,0.888,0.765,0.888,0.888,0.765,0.888,0.888,0.765,0.888,0.888,0.765,0.888,0.888,0.765,0.888,0.888,0.765,0.888,0.888,0.765,0.888,0.888,0.765,0.888,0.888,0.765,0.888,0.888,0.765,0.888,0.888,0.765,0.888,0.888,0.765,0.888,0.888,0.765,
1.0,1.0,1.0,1.0,1.0,1.0,1.0,1.0,1.0,1.0,1.0,1.0,1.0,1.0,1.0,1.0,1.0,1.0,1.0,1.0,1.0,1.0,1.0,1.0,1.0,1.0,1.0,1.0,1.0,1.0,1.0,1.0,1.0,1.0,1.0,1.0,1.0,1.0,1.0,1.0,1.0,1.0,1.0,1.0,1.0,1.0,1.0,1.0,1.0,1.0,1.0,1.0,1.0,1.0,1.0,1.0,1.0,1.0,1.0,1.0,1.0,1.0,1.0,1.0,1.0,1.0,1.0,1.0,1.0,1.0,1.0,1.0,1.0,1.0,1.0,1.0,1.0,1.0,1.0,1.0,1.0,1.0,1.0,1.0,1.0,1.0,1.0,1.0,1.0,1.0,1.0,1.0,1.0,1.0,1.0,1.0,1.0,1.0,1.0,0.985,
0.943,0.734,0.85,0.77,0.851,0.78,0.851,0.777,0.851,0.777,0.851,0.777,0.851,0.777,0.851,0.777,0.851,0.777,0.851,0.777,0.851,0.777,0.851,0.777,0.851,0.777,0.851,0.777,0.851,0.777,0.851,0.777,0.851,0.777,0.851,0.777,0.851,0.777,0.851,0.777,0.851,0.777,0.851,0.777,0.851,0.777,0.851,0.777,0.851,0.777,0.851,0.777,0.851,0.777,0.851,0.777,0.851,0.777,0.851,0.777,0.851,0.777,0.851,0.777,0.851,0.777,0.851,0.777,0.851,0.777,0.851,0.777,0.851,0.777,0.851,0.777,0.851,0.777,0.851,0.777,0.851,0.777,0.851,0.777,0.851,0.777,0.851,0.777,0.851,0.777,0.851,0.777,0.851,0.777,0.851,0.777,0.851,0.777,0.851,0.772,
1.0,0.924,1.0,0.917,1.0,0.917,1.0,0.917,1.0,0.917,1.0,0.917,1.0,0.917,1.0,0.917,1.0,0.917,1.0,0.917,1.0,0.917,1.0,0.917,1.0,0.917,1.0,0.917,1.0,0.917,1.0,0.917,1.0,0.917,1.0,0.917,1.0,0.917,1.0,0.917,1.0,0.917,1.0,0.917,1.0,0.917,1.0,0.917,1.0,0.917,1.0,0.917,1.0,0.917,1.0,0.917,1.0,0.917,1.0,0.917,1.0,0.917,1.0,0.917,1.0,0.917,1.0,0.917,1.0,0.917,1.0,0.917,1.0,0.917,1.0,0.917,1.0,0.917,1.0,0.917,1.0,0.917,1.0,0.917,1.0,0.917,1.0,0.917,1.0,0.917,1.0,0.917,1.0,0.917,1.0,0.917,1.0,0.917,1.0,0.911,
0.98,1.0,1.0,1.0,0.999,0.998,0.997,0.995,0.994,0.987,0.998,0.997,0.996,0.994,0.987,0.998,0.997,0.996,0.994,0.987,0.998,0.997,0.996,0.994,0.987,0.998,0.997,0.996,0.994,0.987,0.998,0.997,0.996,0.994,0.987,0.998,0.997,0.996,0.994,0.987,0.998,0.997,0.996,0.994,0.987,0.998,0.997,0.996,0.994,0.987,0.998,0.997,0.996,0.994,0.987,0.998,0.997,0.996,0.994,0.987,0.998,0.997,0.996,0.994,0.987,0.998,0.997,0.996,0.994,0.987,0.998,0.997,0.996,0.994,0.987,0.998,0.997,0.996,0.994,0.987,0.998,0.997,0.996,0.994,0.987,0.998,0.997,0.996,0.994,0.987,0.998,0.997,0.996,0.994,0.987,0.998,0.997,0.996,0.994,0.98,
0.882,0.873,0.907,0.907,0.869,0.902,0.868,0.902,0.868,0.902,0.868,0.902,0.868,0.902,0.868,0.902,0.868,0.902,0.868,0.902,0.868,0.902,0.868,0.902,0.868,0.902,0.868,0.902,0.868,0.902,0.868,0.902,0.868,0.902,0.868,0.902,0.868,0.902,0.868,0.902,0.868,0.902,0.868,0.902,0.868,0.902,0.868,0.902,0.868,0.902,0.868,0.902,0.868,0.902,0.868,0.902,0.868,0.902,0.868,0.902,0.868,0.902,0.868,0.902,0.868,0.902,0.868,0.902,0.868,0.902,0.868,0.902,0.868,0.902,0.868,0.902,0.868,0.902,0.868,0.902,0.868,0.902,0.868,0.902,0.868,0.902,0.868,0.902,0.868,0.902,0.868,0.902,0.868,0.902,0.868,0.902,0.868,0.902,0.868,0.883,
0.905,0.908,0.924,0.924,0.924,0.924,0.924,0.924,0.924,0.924,0.924,0.924,0.924,0.924,0.924,0.924,0.924,0.924,0.924,0.924,0.924,0.924,0.924,0.924,0.924,0.924,0.924,0.924,0.924,0.924,0.924,0.924,0.924,0.924,0.924,0.924,0.924,0.924,0.924,0.924,0.924,0.924,0.924,0.924,0.924,0.924,0.924,0.924,0.924,0.924,0.924,0.924,0.924,0.924,0.924,0.924,0.924,0.924,0.924,0.924,0.924,0.924,0.924,0.924,0.924,0.924,0.924,0.924,0.924,0.924,0.924,0.924,0.924,0.924,0.924,0.924,0.924,0.924,0.924,0.924,0.924,0.924,0.924,0.924,0.924,0.924,0.924,0.924,0.924,0.924,0.924,0.924,0.924,0.924,0.924,0.924,0.924,0.924,0.924,0.884,
1.0,1.0,0.956,0.947,0.964,0.947,0.964,0.947,0.964,0.947,0.964,0.947,0.964,0.947,0.964,0.947,0.964,0.947,0.964,0.947,0.964,0.947,0.964,0.947,0.964,0.947,0.964,0.947,0.964,0.947,0.964,0.947,0.964,0.947,0.964,0.947,0.964,0.947,0.964,0.947,0.964,0.947,0.964,0.947,0.964,0.947,0.964,0.947,0.964,0.947,0.964,0.947,0.964,0.947,0.964,0.947,0.964,0.947,0.964,0.947,0.964,0.947,0.964,0.947,0.964,0.947,0.964,0.947,0.964,0.947,0.964,0.947,0.964,0.947,0.964,0.947,0.964,0.947,0.964,0.947,0.964,0.947,0.964,0.947,0.964,0.947,0.964,0.947,0.964,0.947,0.964,0.947,0.964,0.947,0.964,0.947,0.964,0.947,0.964,0.947,
0.874,0.91,0.95,0.91,0.95,0.924,0.95,0.926,0.952,0.927,0.953,0.927,0.953,0.927,0.953,0.927,0.953,0.927,0.953,0.927,0.953,0.927,0.953,0.927,0.953,0.927,0.953,0.927,0.953,0.927,0.953,0.927,0.953,0.927,0.953,0.927,0.953,0.927,0.953,0.927,0.953,0.927,0.953,0.927,0.953,0.927,0.953,0.927,0.953,0.927,0.953,0.927,0.953,0.927,0.953,0.927,0.953,0.927,0.953,0.927,0.953,0.927,0.953,0.927,0.953,0.927,0.953,0.927,0.953,0.927,0.953,0.927,0.953,0.927,0.953,0.927,0.953,0.927,0.953,0.927,0.953,0.927,0.953,0.927,0.953,0.927,0.953,0.927,0.953,0.927,0.953,0.927,0.953,0.927,0.953,0.927,0.953,0.927,0.953,0.909,
0.995,0.73,0.959,0.821,0.877,0.795,0.817,0.804,0.815,0.806,0.961,0.748,0.919,0.835,0.814,0.958,0.749,0.919,0.835,0.814,0.958,0.749,0.919,0.835,0.814,0.958,0.749,0.919,0.835,0.814,0.958,0.749,0.919,0.835,0.814,0.958,0.749,0.919,0.835,0.814,0.958,0.749,0.919,0.835,0.814,0.958,0.749,0.919,0.835,0.814,0.958,0.749,0.919,0.835,0.814,0.958,0.749,0.919,0.835,0.814,0.958,0.749,0.919,0.835,0.814,0.958,0.749,0.919,0.835,0.814,0.958,0.749,0.919,0.835,0.814,0.958,0.749,0.919,0.835,0.814,0.958,0.749,0.919,0.835,0.814,0.958,0.749,0.919,0.835,0.814,0.958,0.749,0.919,0.835,0.814,0.958,0.749,0.919,0.835,0.711,
0.752,0.836,0.706,0.834,0.688,0.821,0.685,0.821,0.684,0.821,0.684,0.821,0.684,0.821,0.684,0.821,0.684,0.821,0.684,0.821,0.684,0.821,0.684,0.821,0.684,0.821,0.684,0.821,0.684,0.821,0.684,0.821,0.684,0.821,0.684,0.821,0.684,0.821,0.684,0.821,0.684,0.821,0.684,0.821,0.684,0.821,0.684,0.821,0.684,0.821,0.684,0.821,0.684,0.821,0.684,0.821,0.684,0.821,0.684,0.821,0.684,0.821,0.684,0.821,0.684,0.821,0.684,0.821,0.684,0.821,0.684,0.821,0.684,0.821,0.684,0.821,0.684,0.821,0.684,0.821,0.684,0.821,0.684,0.821,0.684,0.821,0.684,0.821,0.684,0.821,0.684,0.821,0.684,0.821,0.684,0.821,0.684,0.821,0.684,0.788,
0.906,0.817,0.851,0.834,0.847,0.825,0.844,0.832,0.844,0.832,0.844,0.832,0.844,0.832,0.844,0.832,0.844,0.832,0.844,0.832,0.844,0.832,0.844,0.832,0.844,0.832,0.844,0.832,0.844,0.832,0.844,0.832,0.844,0.832,0.844,0.832,0.844,0.832,0.844,0.832,0.844,0.832,0.844,0.832,0.844,0.832,0.844,0.832,0.844,0.832,0.844,0.832,0.844,0.832,0.844,0.832,0.844,0.832,0.844,0.832,0.844,0.832,0.844,0.832,0.844,0.832,0.844,0.832,0.844,0.832,0.844,0.832,0.844,0.832,0.844,0.832,0.844,0.832,0.844,0.832,0.844,0.832,0.844,0.832,0.844,0.832,0.844,0.832,0.844,0.832,0.844,0.832,0.844,0.832,0.844,0.832,0.844,0.832,0.844,0.775,
0.998,0.984,0.996,0.984,0.996,0.984,0.996,0.984,0.996,0.984,0.996,0.984,0.996,0.984,0.996,0.984,0.996,0.984,0.996,0.984,0.996,0.984,0.996,0.984,0.996,0.984,0.996,0.984,0.996,0.984,0.996,0.984,0.996,0.984,0.996,0.984,0.996,0.984,0.996,0.984,0.996,0.984,0.996,0.984,0.996,0.984,0.996,0.984,0.996,0.984,0.996,0.984,0.996,0.984,0.996,0.984,0.996,0.984,0.996,0.984,0.996,0.984,0.996,0.984,0.996,0.984,0.996,0.984,0.996,0.984,0.996,0.984,0.996,0.984,0.996,0.984,0.996,0.984,0.996,0.984,0.996,0.984,0.996,0.984,0.996,0.984,0.996,0.984,0.996,0.984,0.996,0.984,0.996,0.984,0.996,0.984,0.996,0.984,0.996,0.984,
1.0,0.998,0.998,0.998,0.998,0.998,0.998,0.998,0.998,0.998,0.998,0.998,0.998,0.998,0.998,0.998,0.998,0.998,0.998,0.998,0.998,0.998,0.998,0.998,0.998,0.998,0.998,0.998,0.998,0.998,0.998,0.998,0.998,0.998,0.998,0.998,0.998,0.998,0.998,0.998,0.998,0.998,0.998,0.998,0.998,0.998,0.998,0.998,0.998,0.998,0.998,0.998,0.998,0.998,0.998,0.998,0.998,0.998,0.998,0.998,0.998,0.998,0.998,0.998,0.998,0.998,0.998,0.998,0.998,0.998,0.998,0.998,0.998,0.998,0.998,0.998,0.998,0.998,0.998,0.998,0.998,0.998,0.998,0.998,0.998,0.998,0.998,0.998,0.998,0.998,0.998,0.998,0.998,0.998,0.998,0.998,0.998,0.998,0.998,0.995,
0.784,0.862,0.91,0.853,0.91,0.834,0.855,0.91,0.834,0.855,0.91,0.834,0.855,0.91,0.834,0.855,0.91,0.834,0.855,0.91,0.834,0.855,0.91,0.834,0.855,0.91,0.834,0.855,0.91,0.834,0.855,0.91,0.834,0.855,0.91,0.834,0.855,0.91,0.834,0.855,0.91,0.834,0.855,0.91,0.834,0.855,0.91,0.834,0.855,0.91,0.834,0.855,0.91,0.834,0.855,0.91,0.834,0.855,0.91,0.834,0.855,0.91,0.834,0.855,0.91,0.834,0.855,0.91,0.834,0.855,0.91,0.834,0.855,0.91,0.834,0.855,0.91,0.834,0.855,0.91,0.834,0.855,0.91,0.834,0.855,0.91,0.834,0.855,0.91,0.834,0.855,0.91,0.834,0.855,0.91,0.834,0.855,0.91,0.834,0.774,
1.0,0.725,0.933,0.689,0.927,0.654,0.927,0.691,0.927,0.688,0.898,0.731,0.896,0.731,0.896,0.731,0.896,0.731,0.896,0.731,0.896,0.731,0.896,0.731,0.896,0.731,0.896,0.731,0.896,0.731,0.896,0.731,0.896,0.731,0.896,0.731,0.896,0.731,0.896,0.731,0.896,0.731,0.896,0.731,0.896,0.731,0.896,0.731,0.896,0.731,0.896,0.731,0.896,0.731,0.896,0.731,0.896,0.731,0.896,0.731,0.896,0.731,0.896,0.731,0.896,0.731,0.896,0.731,0.896,0.731,0.896,0.731,0.896,0.731,0.896,0.731,0.896,0.731,0.896,0.731,0.896,0.731,0.896,0.731,0.896,0.731,0.896,0.731,0.896,0.731,0.896,0.731,0.896,0.731,0.896,0.731,0.896,0.731,0.896,0.73,
1.0,0.796,0.859,0.953,0.782,0.954,0.792,0.961,0.792,0.961,0.792,0.961,0.792,0.961,0.792,0.961,0.792,0.961,0.792,0.961,0.792,0.961,0.792,0.961,0.792,0.961,0.792,0.961,0.792,0.961,0.792,0.961,0.792,0.961,0.792,0.961,0.792,0.961,0.792,0.961,0.792,0.961,0.792,0.961,0.792,0.961,0.792,0.961,0.792,0.961,0.792,0.961,0.792,0.961,0.792,0.961,0.792,0.961,0.792,0.961,0.792,0.961,0.792,0.961,0.792,0.961,0.792,0.961,0.792,0.961,0.792,0.961,0.792,0.961,0.792,0.961,0.792,0.961,0.792,0.961,0.792,0.961,0.792,0.961,0.792,0.961,0.792,0.961,0.792,0.961,0.792,0.961,0.792,0.961,0.792,0.961,0.792,0.961,0.792,0.924,
0.936,0.948,0.948,0.948,0.978,0.978,0.948,0.978,0.978,0.948,0.978,0.978,0.948,0.978,0.978,0.948,0.978,0.978,0.948,0.978,0.978,0.948,0.978,0.978,0.948,0.978,0.978,0.948,0.978,0.978,0.948,0.978,0.978,0.948,0.978,0.978,0.948,0.978,0.978,0.948,0.978,0.978,0.948,0.978,0.978,0.948,0.978,0.978,0.948,0.978,0.978,0.948,0.978,0.978,0.948,0.978,0.978,0.948,0.978,0.978,0.948,0.978,0.978,0.948,0.978,0.978,0.948,0.978,0.978,0.948,0.978,0.978,0.948,0.978,0.978,0.948,0.978,0.978,0.948,0.978,0.978,0.948,0.978,0.978,0.948,0.978,0.978,0.948,0.978,0.978,0.948,0.978,0.978,0.948,0.978,0.978,0.948,0.978,0.978,0.929,
0.888,0.888,0.888,0.888,0.909,0.909,0.903,0.912,0.906,0.903,0.912,0.906,0.903,0.912,0.906,0.903,0.912,0.906,0.903,0.912,0.906,0.903,0.912,0.906,0.903,0.912,0.906,0.903,0.912,0.906,0.903,0.912,0.906,0.903,0.912,0.906,0.903,0.912,0.906,0.903,0.912,0.906,0.903,0.912,0.906,0.903,0.912,0.906,0.903,0.912,0.906,0.903,0.912,0.906,0.903,0.912,0.906,0.903,0.912,0.906,0.903,0.912,0.906,0.903,0.912,0.906,0.903,0.912,0.906,0.903,0.912,0.906,0.903,0.912,0.906,0.903,0.912,0.906,0.903,0.912,0.906,0.903,0.912,0.906,0.903,0.912,0.906,0.903,0.912,0.906,0.903,0.912,0.906,0.903,0.912,0.906,0.903,0.912,0.906,0.895,
0.821,0.915,0.918,0.927,0.889,0.896,0.92,0.926,0.889,0.896,0.92,0.926,0.889,0.896,0.92,0.926,0.889,0.896,0.92,0.926,0.889,0.896,0.92,0.926,0.889,0.896,0.92,0.926,0.889,0.896,0.92,0.926,0.889,0.896,0.92,0.926,0.889,0.896,0.92,0.926,0.889,0.896,0.92,0.926,0.889,0.896,0.92,0.926,0.889,0.896,0.92,0.926,0.889,0.896,0.92,0.926,0.889,0.896,0.92,0.926,0.889,0.896,0.92,0.926,0.889,0.896,0.92,0.926,0.889,0.896,0.92,0.926,0.889,0.896,0.92,0.926,0.889,0.896,0.92,0.926,0.889,0.896,0.92,0.926,0.889,0.896,0.92,0.926,0.889,0.896,0.92,0.926,0.889,0.896,0.92,0.926,0.889,0.896,0.92,0.852,
0.723,0.754,0.811,0.884,0.904,0.944,0.878,0.94,0.734,0.808,0.861,0.873,0.904,0.944,0.878,0.94,0.734,0.808,0.861,0.873,0.904,0.944,0.878,0.94,0.734,0.808,0.861,0.873,0.904,0.944,0.878,0.94,0.734,0.808,0.861,0.873,0.904,0.944,0.878,0.94,0.734,0.808,0.861,0.873,0.904,0.944,0.878,0.94,0.734,0.808,0.861,0.873,0.904,0.944,0.878,0.94,0.734,0.808,0.861,0.873,0.904,0.944,0.878,0.94,0.734,0.808,0.861,0.873,0.904,0.944,0.878,0.94,0.734,0.808,0.861,0.873,0.904,0.944,0.878,0.94,0.734,0.808,0.861,0.873,0.904,0.944,0.878,0.94,0.734,0.808,0.861,0.873,0.904,0.944,0.878,0.94,0.734,0.808,0.861,0.829,
0.986,0.986,0.986,0.986,0.986,0.986,0.986,0.986,0.986,0.986,0.986,0.986,0.986,0.986,0.986,0.986,0.986,0.986,0.986,0.986,0.986,0.986,0.986,0.986,0.986,0.986,0.986,0.986,0.986,0.986,0.986,0.986,0.986,0.986,0.986,0.986,0.986,0.986,0.986,0.986,0.986,0.986,0.986,0.986,0.986,0.986,0.986,0.986,0.986,0.986,0.986,0.986,0.986,0.986,0.986,0.986,0.986,0.986,0.986,0.986,0.986,0.986,0.986,0.986,0.986,0.986,0.986,0.986,0.986,0.986,0.986,0.986,0.986,0.986,0.986,0.986,0.986,0.986,0.986,0.986,0.986,0.986,0.986,0.986,0.986,0.986,0.986,0.986,0.986,0.986,0.986,0.986,0.986,0.986,0.986,0.986,0.986,0.986,0.986,0.92,
0.944,0.989,0.989,0.989,0.989,0.989,0.989,0.989,0.989,0.989,0.989,0.989,0.989,0.989,0.989,0.989,0.989,0.989,0.989,0.989,0.989,0.989,0.989,0.989,0.989,0.989,0.989,0.989,0.989,0.989,0.989,0.989,0.989,0.989,0.989,0.989,0.989,0.989,0.989,0.989,0.989,0.989,0.989,0.989,0.989,0.989,0.989,0.989,0.989,0.989,0.989,0.989,0.989,0.989,0.989,0.989,0.989,0.989,0.989,0.989,0.989,0.989,0.989,0.989,0.989,0.989,0.989,0.989,0.989,0.989,0.989,0.989,0.989,0.989,0.989,0.989,0.989,0.989,0.989,0.989,0.989,0.989,0.989,0.989,0.989,0.989,0.989,0.989,0.989,0.989,0.989,0.989,0.989,0.989,0.989,0.989,0.989,0.989,0.989,0.982,
0.878,0.944,0.9,0.944,0.899,0.944,0.899,0.944,0.899,0.944,0.899,0.944,0.899,0.944,0.899,0.944,0.899,0.944,0.899,0.944,0.899,0.944,0.899,0.944,0.899,0.944,0.899,0.944,0.899,0.944,0.899,0.944,0.899,0.944,0.899,0.944,0.899,0.944,0.899,0.944,0.899,0.944,0.899,0.944,0.899,0.944,0.899,0.944,0.899,0.944,0.899,0.944,0.899,0.944,0.899,0.944,0.899,0.944,0.899,0.944,0.899,0.944,0.899,0.944,0.899,0.944,0.899,0.944,0.899,0.944,0.899,0.944,0.899,0.944,0.899,0.944,0.899,0.944,0.899,0.944,0.899,0.944,0.899,0.944,0.899,0.944,0.899,0.944,0.899,0.944,0.899,0.944,0.899,0.944,0.899,0.944,0.899,0.944,0.899,0.932,
0.917,0.933,0.917,0.917,0.917,0.917,0.917,0.917,0.917,0.917,0.917,0.917,0.917,0.917,0.917,0.917,0.917,0.917,0.917,0.917,0.917,0.917,0.917,0.917,0.917,0.917,0.917,0.917,0.917,0.917,0.917,0.917,0.917,0.917,0.917,0.917,0.917,0.917,0.917,0.917,0.917,0.917,0.917,0.917,0.917,0.917,0.917,0.917,0.917,0.917,0.917,0.917,0.917,0.917,0.917,0.917,0.917,0.917,0.917,0.917,0.917,0.917,0.917,0.917,0.917,0.917,0.917,0.917,0.917,0.917,0.917,0.917,0.917,0.917,0.917,0.917,0.917,0.917,0.917,0.917,0.917,0.917,0.917,0.917,0.917,0.917,0.917,0.917,0.917,0.917,0.917,0.917,0.917,0.917,0.917,0.917,0.917,0.917,0.917,0.876,
0.952,0.922,0.957,0.998,0.957,1.0,0.957,1.0,0.957,1.0,0.957,1.0,0.957,1.0,0.957,1.0,0.957,1.0,0.957,1.0,0.957,1.0,0.957,1.0,0.957,1.0,0.957,1.0,0.957,1.0,0.957,1.0,0.957,1.0,0.957,1.0,0.957,1.0,0.957,1.0,0.957,1.0,0.957,1.0,0.957,1.0,0.957,1.0,0.957,1.0,0.957,1.0,0.957,1.0,0.957,1.0,0.957,1.0,0.957,1.0,0.957,1.0,0.957,1.0,0.957,1.0,0.957,1.0,0.957,1.0,0.957,1.0,0.957,1.0,0.957,1.0,0.957,1.0,0.957,1.0,0.957,1.0,0.957,1.0,0.957,1.0,0.957,1.0,0.957,1.0,0.957,1.0,0.957,1.0,0.957,1.0,0.957,1.0,0.957,0.971,
0.888,0.876,0.91,0.822,0.902,0.917,0.819,0.902,0.917,0.819,0.902,0.917,0.819,0.902,0.917,0.819,0.902,0.917,0.819,0.902,0.917,0.819,0.902,0.917,0.819,0.902,0.917,0.819,0.902,0.917,0.819,0.902,0.917,0.819,0.902,0.917,0.819,0.902,0.917,0.819,0.902,0.917,0.819,0.902,0.917,0.819,0.902,0.917,0.819,0.902,0.917,0.819,0.902,0.917,0.819,0.902,0.917,0.819,0.902,0.917,0.819,0.902,0.917,0.819,0.902,0.917,0.819,0.902,0.917,0.819,0.902,0.917,0.819,0.902,0.917,0.819,0.902,0.917,0.819,0.902,0.917,0.819,0.902,0.917,0.819,0.902,0.917,0.819,0.902,0.917,0.819,0.902,0.917,0.819,0.902,0.917,0.819,0.902,0.917,0.781,
0.925,0.925,0.925,0.925,0.925,0.925,0.925,0.925,0.925,0.925,0.925,0.925,0.925,0.925,0.925,0.925,0.925,0.925,0.925,0.925,0.925,0.925,0.925,0.925,0.925,0.925,0.925,0.925,0.925,0.925,0.925,0.925,0.925,0.925,0.925,0.925,0.925,0.925,0.925,0.925,0.925,0.925,0.925,0.925,0.925,0.925,0.925,0.925,0.925,0.925,0.925,0.925,0.925,0.925,0.925,0.925,0.925,0.925,0.925,0.925,0.925,0.925,0.925,0.925,0.925,0.925,0.925,0.925,0.925,0.925,0.925,0.925,0.925,0.925,0.925,0.925,0.925,0.925,0.925,0.925,0.925,0.925,0.925,0.925,0.925,0.925,0.925,0.925,0.925,0.925,0.925,0.925,0.925,0.925,0.925,0.925,0.925,0.925,0.925,0.864,
1.0,1.0,1.0,1.0,1.0,1.0,1.0,1.0,1.0,1.0,1.0,1.0,1.0,1.0,1.0,1.0,1.0,1.0,1.0,1.0,1.0,1.0,1.0,1.0,1.0,1.0,1.0,1.0,1.0,1.0,1.0,1.0,1.0,1.0,1.0,1.0,1.0,1.0,1.0,1.0,1.0,1.0,1.0,1.0,1.0,1.0,1.0,1.0,1.0,1.0,1.0,1.0,1.0,1.0,1.0,1.0,1.0,1.0,1.0,1.0,1.0,1.0,1.0,1.0,1.0,1.0,1.0,1.0,1.0,1.0,1.0,1.0,1.0,1.0,1.0,1.0,1.0,1.0,1.0,1.0,1.0,1.0,1.0,1.0,1.0,1.0,1.0,1.0,1.0,1.0,1.0,1.0,1.0,1.0,1.0,1.0,1.0,1.0,1.0,0.958,
0.998,0.825,0.796,0.82,0.796,0.82,0.796,0.82,0.796,0.82,0.796,0.82,0.796,0.82,0.796,0.82,0.796,0.82,0.796,0.82,0.796,0.82,0.796,0.82,0.796,0.82,0.796,0.82,0.796,0.82,0.796,0.82,0.796,0.82,0.796,0.82,0.796,0.82,0.796,0.82,0.796,0.82,0.796,0.82,0.796,0.82,0.796,0.82,0.796,0.82,0.796,0.82,0.796,0.82,0.796,0.82,0.796,0.82,0.796,0.82,0.796,0.82,0.796,0.82,0.796,0.82,0.796,0.82,0.796,0.82,0.796,0.82,0.796,0.82,0.796,0.82,0.796,0.82,0.796,0.82,0.796,0.82,0.796,0.82,0.796,0.82,0.796,0.82,0.796,0.82,0.796,0.82,0.796,0.82,0.796,0.82,0.796,0.82,0.796,0.82,
0.919,0.963,0.919,0.963,0.919,0.963,0.919,0.963,0.919,0.963,0.919,0.963,0.919,0.963,0.919,0.963,0.919,0.963,0.919,0.963,0.919,0.963,0.919,0.963,0.919,0.963,0.919,0.963,0.919,0.963,0.919,0.963,0.919,0.963,0.919,0.963,0.919,0.963,0.919,0.963,0.919,0.963,0.919,0.963,0.919,0.963,0.919,0.963,0.919,0.963,0.919,0.963,0.919,0.963,0.919,0.963,0.919,0.963,0.919,0.963,0.919,0.963,0.919,0.963,0.919,0.963,0.919,0.963,0.919,0.963,0.919,0.963,0.919,0.963,0.919,0.963,0.919,0.963,0.919,0.963,0.919,0.963,0.919,0.963,0.919,0.963,0.919,0.963,0.919,0.963,0.919,0.963,0.919,0.963,0.919,0.963,0.919,0.963,0.919,0.923,
1.0,0.745,0.961,0.807,0.84,0.849,0.807,0.85,0.804,0.892,0.786,0.9,0.793,0.895,0.796,0.786,0.833,0.807,0.856,0.805,0.898,0.786,0.9,0.793,0.895,0.796,0.786,0.833,0.807,0.856,0.805,0.898,0.786,0.9,0.793,0.895,0.796,0.786,0.833,0.807,0.856,0.805,0.898,0.786,0.9,0.793,0.895,0.796,0.786,0.833,0.807,0.856,0.805,0.898,0.786,0.9,0.793,0.895,0.796,0.786,0.833,0.807,0.856,0.805,0.898,0.786,0.9,0.793,0.895,0.796,0.786,0.833,0.807,0.856,0.805,0.898,0.786,0.9,0.793,0.895,0.796,0.786,0.833,0.807,0.856,0.805,0.898,0.786,0.9,0.793,0.895,0.796,0.786,0.833,0.807,0.856,0.805,0.898,0.786,0.772,
0.837,0.811,0.915,0.795,0.843,0.779,0.889,0.795,0.843,0.801,0.817,0.795,0.911,0.795,0.843,0.811,0.908,0.795,0.843,0.801,0.817,0.795,0.911,0.795,0.843,0.811,0.908,0.795,0.843,0.801,0.817,0.795,0.911,0.795,0.843,0.811,0.908,0.795,0.843,0.801,0.817,0.795,0.911,0.795,0.843,0.811,0.908,0.795,0.843,0.801,0.817,0.795,0.911,0.795,0.843,0.811,0.908,0.795,0.843,0.801,0.817,0.795,0.911,0.795,0.843,0.811,0.908,0.795,0.843,0.801,0.817,0.795,0.911,0.795,0.843,0.811,0.908,0.795,0.843,0.801,0.817,0.795,0.911,0.795,0.843,0.811,0.908,0.795,0.843,0.801,0.817,0.795,0.911,0.795,0.843,0.811,0.908,0.795,0.843,0.779,
0.996,0.996,0.996,0.996,0.996,0.996,0.996,0.996,0.996,0.996,0.996,0.996,0.996,0.996,0.996,0.996,0.996,0.996,0.996,0.996,0.996,0.996,0.996,0.996,0.996,0.996,0.996,0.996,0.996,0.996,0.996,0.996,0.996,0.996,0.996,0.996,0.996,0.996,0.996,0.996,0.996,0.996,0.996,0.996,0.996,0.996,0.996,0.996,0.996,0.996,0.996,0.996,0.996,0.996,0.996,0.996,0.996,0.996,0.996,0.996,0.996,0.996,0.996,0.996,0.996,0.996,0.996,0.996,0.996,0.996,0.996,0.996,0.996,0.996,0.996,0.996,0.996,0.996,0.996,0.996,0.996,0.996,0.996,0.996,0.996,0.996,0.996,0.996,0.996,0.996,0.996,0.996,0.996,0.996,0.996,0.996,0.996,0.996,0.996,0.996,
1.0,0.897,0.958,0.962,0.962,0.962,0.962,0.962,0.962,0.962,0.962,0.962,0.962,0.962,0.962,0.962,0.962,0.962,0.962,0.962,0.962,0.962,0.962,0.962,0.962,0.962,0.962,0.962,0.962,0.962,0.962,0.962,0.962,0.962,0.962,0.962,0.962,0.962,0.962,0.962,0.962,0.962,0.962,0.962,0.962,0.962,0.962,0.962,0.962,0.962,0.962,0.962,0.962,0.962,0.962,0.962,0.962,0.962,0.962,0.962,0.962,0.962,0.962,0.962,0.962,0.962,0.962,0.962,0.962,0.962,0.962,0.962,0.962,0.962,0.962,0.962,0.962,0.962,0.962,0.962,0.962,0.962,0.962,0.962,0.962,0.962,0.962,0.962,0.962,0.962,0.962,0.962,0.962,0.962,0.962,0.962,0.962,0.962,0.962,0.962,
1.0,0.925,0.946,0.95,0.95,0.95,0.95,0.95,0.95,0.95,0.95,0.95,0.95,0.95,0.95,0.95,0.95,0.95,0.95,0.95,0.95,0.95,0.95,0.95,0.95,0.95,0.95,0.95,0.95,0.95,0.95,0.95,0.95,0.95,0.95,0.95,0.95,0.95,0.95,0.95,0.95,0.95,0.95,0.95,0.95,0.95,0.95,0.95,0.95,0.95,0.95,0.95,0.95,0.95,0.95,0.95,0.95,0.95,0.95,0.95,0.95,0.95,0.95,0.95,0.95,0.95,0.95,0.95,0.95,0.95,0.95,0.95,0.95,0.95,0.95,0.95,0.95,0.95,0.95,0.95,0.95,0.95,0.95,0.95,0.95,0.95,0.95,0.95,0.95,0.95,0.95,0.95,0.95,0.95,0.95,0.95,0.95,0.95,0.95,0.95,
0.936,0.938,0.938,0.939,0.94,0.941,0.941,0.941,0.941,0.941,0.941,0.941,0.941,0.941,0.941,0.941,0.941,0.941,0.941,0.941,0.941,0.941,0.941,0.941,0.941,0.941,0.941,0.941,0.941,0.941,0.941,0.941,0.941,0.941,0.941,0.941,0.941,0.941,0.941,0.941,0.941,0.941,0.941,0.941,0.941,0.941,0.941,0.941,0.941,0.941,0.941,0.941,0.941,0.941,0.941,0.941,0.941,0.941,0.941,0.941,0.941,0.941,0.941,0.941,0.941,0.941,0.941,0.941,0.941,0.941,0.941,0.941,0.941,0.941,0.941,0.941,0.941,0.941,0.941,0.941,0.941,0.941,0.941,0.941,0.941,0.941,0.941,0.941,0.941,0.941,0.941,0.941,0.941,0.941,0.941,0.941,0.941,0.941,0.941,0.941,
0.765,0.887,0.951,0.689,0.765,0.913,0.943,0.915,0.765,0.913,0.943,0.915,0.765,0.913,0.943,0.915,0.765,0.913,0.943,0.915,0.765,0.913,0.943,0.915,0.765,0.913,0.943,0.915,0.765,0.913,0.943,0.915,0.765,0.913,0.943,0.915,0.765,0.913,0.943,0.915,0.765,0.913,0.943,0.915,0.765,0.913,0.943,0.915,0.765,0.913,0.943,0.915,0.765,0.913,0.943,0.915,0.765,0.913,0.943,0.915,0.765,0.913,0.943,0.915,0.765,0.913,0.943,0.915,0.765,0.913,0.943,0.915,0.765,0.913,0.943,0.915,0.765,0.913,0.943,0.915,0.765,0.913,0.943,0.915,0.765,0.913,0.943,0.915,0.765,0.913,0.943,0.915,0.765,0.913,0.943,0.915,0.765,0.913,0.943,0.879,
0.802,0.862,0.862,0.862,0.862,0.862,0.862,0.862,0.862,0.862,0.862,0.862,0.862,0.862,0.862,0.862,0.862,0.862,0.862,0.862,0.862,0.862,0.862,0.862,0.862,0.862,0.862,0.862,0.862,0.862,0.862,0.862,0.862,0.862,0.862,0.862,0.862,0.862,0.862,0.862,0.862,0.862,0.862,0.862,0.862,0.862,0.862,0.862,0.862,0.862,0.862,0.862,0.862,0.862,0.862,0.862,0.862,0.862,0.862,0.862,0.862,0.862,0.862,0.862,0.862,0.862,0.862,0.862,0.862,0.862,0.862,0.862,0.862,0.862,0.862,0.862,0.862,0.862,0.862,0.862,0.862,0.862,0.862,0.862,0.862,0.862,0.862,0.862,0.862,0.862,0.862,0.862,0.862,0.862,0.862,0.862,0.862,0.862,0.862,0.828,
1.0,1.0,1.0,1.0,1.0,1.0,1.0,1.0,1.0,1.0,1.0,1.0,1.0,1.0,1.0,1.0,1.0,1.0,1.0,1.0,1.0,1.0,1.0,1.0,1.0,1.0,1.0,1.0,1.0,1.0,1.0,1.0,1.0,1.0,1.0,1.0,1.0,1.0,1.0,1.0,1.0,1.0,1.0,1.0,1.0,1.0,1.0,1.0,1.0,1.0,1.0,1.0,1.0,1.0,1.0,1.0,1.0,1.0,1.0,1.0,1.0,1.0,1.0,1.0,1.0,1.0,1.0,1.0,1.0,1.0,1.0,1.0,1.0,1.0,1.0,1.0,1.0,1.0,1.0,1.0,1.0,1.0,1.0,1.0,1.0,1.0,1.0,1.0,1.0,1.0,1.0,1.0,1.0,1.0,1.0,1.0,1.0,1.0,1.0,0.989,
0.852,0.881,0.902,0.914,0.945,0.913,0.945,0.913,0.945,0.913,0.945,0.913,0.945,0.913,0.945,0.913,0.945,0.913,0.945,0.913,0.945,0.913,0.945,0.913,0.945,0.913,0.945,0.913,0.945,0.913,0.945,0.913,0.945,0.913,0.945,0.913,0.945,0.913,0.945,0.913,0.945,0.913,0.945,0.913,0.945,0.913,0.945,0.913,0.945,0.913,0.945,0.913,0.945,0.913,0.945,0.913,0.945,0.913,0.945,0.913,0.945,0.913,0.945,0.913,0.945,0.913,0.945,0.913,0.945,0.913,0.945,0.913,0.945,0.913,0.945,0.913,0.945,0.913,0.945,0.913,0.945,0.913,0.945,0.913,0.945,0.913,0.945,0.913,0.945,0.913,0.945,0.913,0.945,0.913,0.945,0.913,0.945,0.913,0.945,0.883,
0.95,0.948,0.971,0.971,0.971,0.998,0.971,0.971,0.998,0.971,0.971,0.998,0.971,0.971,0.998,0.971,0.971,0.998,0.971,0.971,0.998,0.971,0.971,0.998,0.971,0.971,0.998,0.971,0.971,0.998,0.971,0.971,0.998,0.971,0.971,0.998,0.971,0.971,0.998,0.971,0.971,0.998,0.971,0.971,0.998,0.971,0.971,0.998,0.971,0.971,0.998,0.971,0.971,0.998,0.971,0.971,0.998,0.971,0.971,0.998,0.971,0.971,0.998,0.971,0.971,0.998,0.971,0.971,0.998,0.971,0.971,0.998,0.971,0.971,0.998,0.971,0.971,0.998,0.971,0.971,0.998,0.971,0.971,0.998,0.971,0.971,0.998,0.971,0.971,0.998,0.971,0.971,0.998,0.971,0.971,0.998,0.971,0.971,0.998,0.866,
0.927,0.897,0.883,0.927,0.916,0.964,0.937,0.964,0.937,0.964,0.937,0.964,0.937,0.964,0.937,0.964,0.937,0.964,0.937,0.964,0.937,0.964,0.937,0.964,0.937,0.964,0.937,0.964,0.937,0.964,0.964,0.937,0.964,0.937,0.964,0.937,0.964,0.937,0.964,0.937,0.964,0.964,0.937,0.964,0.937,0.964,0.937,0.964,0.937,0.964,0.937,0.964,0.964,0.937,0.964,0.937,0.964,0.937,0.964,0.937,0.964,0.937,0.964,0.964,0.937,0.964,0.937,0.964,0.937,0.964,0.937,0.964,0.937,0.964,0.964,0.937,0.964,0.937,0.964,0.937,0.964,0.937,0.964,0.937,0.964,0.964,0.937,0.964,0.937,0.964,0.937,0.964,0.937,0.964,0.937,0.964,0.964,0.937,0.964,0.874,
0.863,0.895,0.895,0.895,0.851,0.895,0.895,0.804,0.895,0.895,0.807,0.895,0.895,0.804,0.895,0.895,0.807,0.895,0.895,0.804,0.895,0.895,0.807,0.895,0.895,0.804,0.895,0.895,0.807,0.895,0.895,0.804,0.895,0.895,0.807,0.895,0.895,0.804,0.895,0.895,0.807,0.895,0.895,0.804,0.895,0.895,0.807,0.895,0.895,0.804,0.895,0.895,0.807,0.895,0.895,0.804,0.895,0.895,0.807,0.895,0.895,0.804,0.895,0.895,0.807,0.895,0.895,0.804,0.895,0.895,0.807,0.895,0.895,0.804,0.895,0.895,0.807,0.895,0.895,0.804,0.895,0.895,0.807,0.895,0.895,0.804,0.895,0.895,0.807,0.895,0.895,0.804,0.895,0.895,0.807,0.895,0.895,0.804,0.895,0.883,
0.853,0.826,0.853,0.826,0.853,0.826,0.853,0.826,0.853,0.826,0.853,0.826,0.853,0.826,0.853,0.826,0.853,0.826,0.853,0.826,0.853,0.826,0.853,0.826,0.853,0.826,0.853,0.826,0.853,0.826,0.853,0.826,0.853,0.826,0.853,0.826,0.853,0.826,0.853,0.826,0.853,0.826,0.853,0.826,0.853,0.826,0.853,0.826,0.853,0.826,0.853,0.826,0.853,0.826,0.853,0.826,0.853,0.826,0.853,0.826,0.853,0.826,0.853,0.826,0.853,0.826,0.853,0.826,0.853,0.826,0.853,0.826,0.853,0.826,0.853,0.826,0.853,0.826,0.853,0.826,0.853,0.826,0.853,0.826,0.853,0.826,0.853,0.826,0.853,0.826,0.853,0.826,0.853,0.826,0.853,0.826,0.853,0.826,0.853,0.798,
0.874,0.906,0.963,0.859,0.921,0.937,0.965,0.859,0.921,0.937,0.965,0.859,0.921,0.937,0.965,0.859,0.921,0.937,0.965,0.859,0.921,0.937,0.965,0.859,0.921,0.937,0.965,0.859,0.921,0.937,0.965,0.859,0.921,0.937,0.965,0.859,0.921,0.937,0.965,0.859,0.921,0.937,0.965,0.859,0.921,0.937,0.965,0.859,0.921,0.937,0.965,0.859,0.921,0.937,0.965,0.859,0.921,0.937,0.965,0.859,0.921,0.937,0.965,0.859,0.921,0.937,0.965,0.859,0.921,0.937,0.965,0.859,0.921,0.937,0.965,0.859,0.921,0.937,0.965,0.859,0.921,0.937,0.965,0.859,0.921,0.937,0.965,0.859,0.921,0.937,0.965,0.859,0.921,0.937,0.965,0.859,0.921,0.937,0.965,0.81,
0.832,0.953,0.729,0.957,0.694,0.902,0.61,0.832,0.953,0.741,0.991,0.706,0.956,0.719,0.957,0.694,0.902,0.667,0.881,0.682,0.902,0.675,0.884,0.682,0.902,0.675,0.884,0.682,0.902,0.675,0.884,0.682,0.902,0.675,0.884,0.682,0.902,0.675,0.884,0.682,0.902,0.675,0.884,0.682,0.902,0.675,0.884,0.682,0.902,0.675,0.884,0.682,0.902,0.675,0.884,0.682,0.902,0.675,0.884,0.682,0.902,0.675,0.884,0.682,0.902,0.675,0.884,0.682,0.902,0.675,0.884,0.682,0.902,0.675,0.884,0.682,0.902,0.675,0.884,0.682,0.902,0.675,0.884,0.682,0.902,0.675,0.884,0.682,0.902,0.675,0.884,0.682,0.902,0.675,0.884,0.682,0.902,0.675,0.884,0.638,
0.79,0.934,0.934,0.934,0.985,0.985,0.985,0.985,0.985,0.985,0.985,0.985,0.985,0.985,0.985,0.985,0.985,0.985,0.985,0.985,0.985,0.985,0.985,0.985,0.985,0.985,0.985,0.985,0.985,0.985,0.985,0.985,0.985,0.985,0.985,0.985,0.985,0.985,0.985,0.985,0.985,0.985,0.985,0.985,0.985,0.985,0.985,0.985,0.985,0.985,0.985,0.985,0.985,0.985,0.985,0.985,0.985,0.985,0.985,0.985,0.985,0.985,0.985,0.985,0.985,0.985,0.985,0.985,0.985,0.985,0.985,0.985,0.985,0.985,0.985,0.985,0.985,0.985,0.985,0.985,0.985,0.985,0.985,0.985,0.985,0.985,0.985,0.985,0.985,0.985,0.985,0.985,0.985,0.985,0.985,0.985,0.985,0.985,0.985,0.937,
0.883,0.914,0.963,0.96,0.923,0.932,0.934,0.934,0.934,0.934,0.934,0.934,0.934,0.934,0.934,0.934,0.934,0.934,0.934,0.934,0.934,0.934,0.934,0.934,0.934,0.934,0.934,0.934,0.934,0.934,0.934,0.934,0.934,0.934,0.934,0.934,0.934,0.934,0.934,0.934,0.934,0.934,0.934,0.934,0.934,0.934,0.934,0.934,0.934,0.934,0.934,0.934,0.934,0.934,0.934,0.934,0.934,0.934,0.934,0.934,0.934,0.934,0.934,0.934,0.934,0.934,0.934,0.934,0.934,0.934,0.934,0.934,0.934,0.934,0.934,0.934,0.934,0.934,0.934,0.934,0.934,0.934,0.934,0.934,0.934,0.934,0.934,0.934,0.934,0.934,0.934,0.934,0.934,0.934,0.934,0.934,0.934,0.934,0.934,0.922,
0.821,0.828,0.84,0.864,0.89,0.889,0.902,0.828,0.84,0.864,0.89,0.889,0.902,0.828,0.84,0.864,0.89,0.889,0.902,0.828,0.84,0.864,0.89,0.889,0.902,0.828,0.84,0.864,0.89,0.889,0.902,0.828,0.84,0.864,0.89,0.889,0.902,0.828,0.84,0.864,0.89,0.889,0.902,0.828,0.84,0.864,0.89,0.889,0.902,0.828,0.84,0.864,0.89,0.889,0.902,0.828,0.84,0.864,0.89,0.889,0.902,0.828,0.84,0.864,0.89,0.889,0.902,0.828,0.84,0.864,0.89,0.889,0.902,0.828,0.84,0.864,0.89,0.889,0.902,0.828,0.84,0.864,0.89,0.889,0.902,0.828,0.84,0.864,0.89,0.889,0.902,0.828,0.84,0.864,0.89,0.889,0.902,0.828,0.84,0.864,
0.887,0.911,0.911,0.874,0.948,0.983,0.983,0.983,0.983,0.983,0.983,0.983,0.983,0.983,0.983,0.983,0.983,0.983,0.983,0.983,0.983,0.983,0.983,0.983,0.983,0.983,0.983,0.983,0.983,0.983,0.983,0.983,0.983,0.983,0.983,0.983,0.983,0.983,0.983,0.983,0.983,0.983,0.983,0.983,0.983,0.983,0.983,0.983,0.983,0.983,0.983,0.983,0.983,0.983,0.983,0.983,0.983,0.983,0.983,0.983,0.983,0.983,0.983,0.983,0.983,0.983,0.983,0.983,0.983,0.983,0.983,0.983,0.983,0.983,0.983,0.983,0.983,0.983,0.983,0.983,0.983,0.983,0.983,0.983,0.983,0.983,0.983,0.983,0.983,0.983,0.983,0.983,0.983,0.983,0.983,0.983,0.983,0.983,0.983,0.97,
0.778,0.77,0.802,0.898,0.918,0.918,0.918,0.918,0.918,0.918,0.918,0.918,0.918,0.918,0.918,0.918,0.918,0.918,0.918,0.918,0.918,0.918,0.918,0.918,0.918,0.918,0.918,0.918,0.918,0.918,0.918,0.918,0.918,0.918,0.918,0.918,0.918,0.918,0.918,0.918,0.918,0.918,0.918,0.918,0.918,0.918,0.918,0.918,0.918,0.918,0.918,0.918,0.918,0.918,0.918,0.918,0.918,0.918,0.918,0.918,0.918,0.918,0.918,0.918,0.918,0.918,0.918,0.918,0.918,0.918,0.918,0.918,0.918,0.918,0.918,0.918,0.918,0.918,0.918,0.918,0.918,0.918,0.918,0.918,0.918,0.918,0.918,0.918,0.918,0.918,0.918,0.918,0.918,0.918,0.918,0.918,0.918,0.918,0.918,0.816,
0.919,0.741,0.919,0.794,0.818,0.919,0.875,0.886,0.805,0.749,0.919,0.794,0.811,0.919,0.795,0.797,0.788,0.919,0.736,0.919,0.74,0.919,0.74,0.919,0.74,0.919,0.74,0.919,0.74,0.919,0.74,0.919,0.74,0.919,0.74,0.919,0.74,0.919,0.74,0.919,0.74,0.919,0.74,0.919,0.74,0.919,0.74,0.919,0.74,0.919,0.74,0.919,0.74,0.919,0.74,0.919,0.74,0.919,0.74,0.919,0.74,0.919,0.74,0.919,0.74,0.919,0.74,0.919,0.74,0.919,0.74,0.919,0.74,0.919,0.74,0.919,0.74,0.919,0.74,0.919,0.74,0.919,0.74,0.919,0.74,0.919,0.74,0.919,0.74,0.919,0.74,0.919,0.74,0.919,0.74,0.919,0.74,0.919,0.74,0.864,
0.9,0.845,0.845,0.845,0.845,0.845,0.845,0.845,0.845,0.845,0.845,0.845,0.845,0.845,0.845,0.845,0.845,0.845,0.845,0.845,0.845,0.845,0.845,0.845,0.845,0.845,0.845,0.845,0.845,0.845,0.845,0.845,0.845,0.845,0.845,0.845,0.845,0.845,0.845,0.845,0.845,0.845,0.845,0.845,0.845,0.845,0.845,0.845,0.845,0.845,0.845,0.845,0.845,0.845,0.845,0.845,0.845,0.845,0.845,0.845,0.845,0.845,0.845,0.845,0.845,0.845,0.845,0.845,0.845,0.845,0.845,0.845,0.845,0.845,0.845,0.845,0.845,0.845,0.845,0.845,0.845,0.845,0.845,0.845,0.845,0.845,0.845,0.845,0.845,0.845,0.845,0.845,0.845,0.845,0.845,0.845,0.845,0.845,0.845,0.845,
1.0,1.0,1.0,1.0,1.0,1.0,1.0,1.0,1.0,1.0,1.0,1.0,1.0,1.0,1.0,1.0,1.0,1.0,1.0,1.0,1.0,1.0,1.0,1.0,1.0,1.0,1.0,1.0,1.0,1.0,1.0,1.0,1.0,1.0,1.0,1.0,1.0,1.0,1.0,1.0,1.0,1.0,1.0,1.0,1.0,1.0,1.0,1.0,1.0,1.0,1.0,1.0,1.0,1.0,1.0,1.0,1.0,1.0,1.0,1.0,1.0,1.0,1.0,1.0,1.0,1.0,1.0,1.0,1.0,1.0,1.0,1.0,1.0,1.0,1.0,1.0,1.0,1.0,1.0,1.0,1.0,1.0,1.0,1.0,1.0,1.0,1.0,1.0,1.0,1.0,1.0,1.0,1.0,1.0,1.0,1.0,1.0,1.0,1.0,0.991,
1.0,1.0,1.0,1.0,1.0,1.0,1.0,1.0,1.0,1.0,1.0,1.0,1.0,1.0,1.0,1.0,1.0,1.0,1.0,1.0,1.0,1.0,1.0,1.0,1.0,1.0,1.0,1.0,1.0,1.0,1.0,1.0,1.0,1.0,1.0,1.0,1.0,1.0,1.0,1.0,1.0,1.0,1.0,1.0,1.0,1.0,1.0,1.0,1.0,1.0,1.0,1.0,1.0,1.0,1.0,1.0,1.0,1.0,1.0,1.0,1.0,1.0,1.0,1.0,1.0,1.0,1.0,1.0,1.0,1.0,1.0,1.0,1.0,1.0,1.0,1.0,1.0,1.0,1.0,1.0,1.0,1.0,1.0,1.0,1.0,1.0,1.0,1.0,1.0,1.0,1.0,1.0,1.0,1.0,1.0,1.0,1.0,1.0,1.0,1.0,
0.987,0.982,0.982,0.982,0.982,0.982,0.982,0.982,0.982,0.982,0.982,0.982,0.982,0.982,0.982,0.982,0.982,0.982,0.982,0.982,0.982,0.982,0.982,0.982,0.982,0.982,0.982,0.982,0.982,0.982,0.982,0.982,0.982,0.982,0.982,0.982,0.982,0.982,0.982,0.982,0.982,0.982,0.982,0.982,0.982,0.982,0.982,0.982,0.982,0.982,0.982,0.982,0.982,0.982,0.982,0.982,0.982,0.982,0.982,0.982,0.982,0.982,0.982,0.982,0.982,0.982,0.982,0.982,0.982,0.982,0.982,0.982,0.982,0.982,0.982,0.982,0.982,0.982,0.982,0.982,0.982,0.982,0.982,0.982,0.982,0.982,0.982,0.982,0.982,0.982,0.982,0.982,0.982,0.982,0.982,0.982,0.982,0.982,0.982,0.982,
0.888,0.933,0.933,0.933,0.933,0.933,0.933,0.933,0.933,0.933,0.933,0.933,0.933,0.933,0.933,0.933,0.933,0.933,0.933,0.933,0.933,0.933,0.933,0.933,0.933,0.933,0.933,0.933,0.933,0.933,0.933,0.933,0.933,0.933,0.933,0.933,0.933,0.933,0.933,0.933,0.933,0.933,0.933,0.933,0.933,0.933,0.933,0.933,0.933,0.933,0.933,0.933,0.933,0.933,0.933,0.933,0.933,0.933,0.933,0.933,0.933,0.933,0.933,0.933,0.933,0.933,0.933,0.933,0.933,0.933,0.933,0.933,0.933,0.933,0.933,0.933,0.933,0.933,0.933,0.933,0.933,0.933,0.933,0.933,0.933,0.933,0.933,0.933,0.933,0.933,0.933,0.933,0.933,0.933,0.933,0.933,0.933,0.933,0.933,0.901,
0.859,0.882,0.88,0.872,0.88,0.872,0.88,0.872,0.88,0.872,0.88,0.872,0.88,0.872,0.88,0.872,0.88,0.872,0.88,0.872,0.88,0.872,0.88,0.872,0.88,0.872,0.88,0.872,0.88,0.872,0.88,0.872,0.88,0.872,0.88,0.872,0.88,0.872,0.88,0.872,0.88,0.872,0.88,0.872,0.88,0.872,0.88,0.872,0.88,0.872,0.88,0.872,0.88,0.872,0.88,0.872,0.88,0.872,0.88,0.872,0.88,0.872,0.88,0.872,0.88,0.872,0.88,0.872,0.88,0.872,0.88,0.872,0.88,0.872,0.88,0.872,0.88,0.872,0.88,0.872,0.88,0.872,0.88,0.872,0.88,0.872,0.88,0.872,0.88,0.872,0.88,0.872,0.88,0.872,0.88,0.872,0.88,0.872,0.88,0.872,
0.943,0.883,0.883,0.767,0.905,0.722,0.803,0.937,0.803,0.829,0.785,0.965,0.779,0.838,0.797,0.965,0.779,0.838,0.797,0.965,0.779,0.838,0.797,0.965,0.779,0.838,0.797,0.965,0.779,0.838,0.797,0.965,0.779,0.838,0.797,0.965,0.779,0.838,0.797,0.965,0.779,0.838,0.797,0.965,0.779,0.838,0.797,0.965,0.779,0.838,0.797,0.965,0.779,0.838,0.797,0.965,0.779,0.838,0.797,0.965,0.779,0.838,0.797,0.965,0.779,0.838,0.797,0.965,0.779,0.838,0.797,0.965,0.779,0.838,0.797,0.965,0.779,0.838,0.797,0.965,0.779,0.838,0.797,0.965,0.779,0.838,0.797,0.965,0.779,0.838,0.797,0.965,0.779,0.838,0.797,0.965,0.779,0.838,0.797,0.863,
0.848,0.921,0.95,0.95,0.95,0.95,0.95,0.95,0.95,0.95,0.95,0.95,0.95,0.95,0.95,0.95,0.95,0.95,0.95,0.95,0.95,0.95,0.95,0.95,0.95,0.95,0.95,0.95,0.95,0.95,0.95,0.95,0.95,0.95,0.95,0.95,0.95,0.95,0.95,0.95,0.95,0.95,0.95,0.95,0.95,0.95,0.95,0.95,0.95,0.95,0.95,0.95,0.95,0.95,0.95,0.95,0.95,0.95,0.95,0.95,0.95,0.95,0.95,0.95,0.95,0.95,0.95,0.95,0.95,0.95,0.95,0.95,0.95,0.95,0.95,0.95,0.95,0.95,0.95,0.95,0.95,0.95,0.95,0.95,0.95,0.95,0.95,0.95,0.95,0.95,0.95,0.95,0.95,0.95,0.95,0.95,0.95,0.95,0.95,0.838,
0.868,0.88,0.888,0.88,0.889,0.88,0.888,0.884,0.888,0.885,0.889,0.886,0.889,0.886,0.889,0.886,0.889,0.886,0.889,0.886,0.889,0.886,0.889,0.886,0.889,0.886,0.889,0.886,0.889,0.886,0.889,0.886,0.889,0.886,0.889,0.886,0.889,0.886,0.889,0.886,0.889,0.886,0.889,0.886,0.889,0.886,0.889,0.886,0.889,0.886,0.889,0.886,0.889,0.886,0.889,0.886,0.889,0.886,0.889,0.886,0.889,0.886,0.889,0.886,0.889,0.886,0.889,0.886,0.889,0.886,0.889,0.886,0.889,0.886,0.889,0.886,0.889,0.886,0.889,0.886,0.889,0.886,0.889,0.886,0.889,0.886,0.889,0.886,0.889,0.886,0.889,0.886,0.889,0.886,0.889,0.886,0.889,0.886,0.889,0.821,
0.872,0.948,0.877,0.948,0.877,0.948,0.877,0.948,0.877,0.948,0.877,0.948,0.877,0.948,0.877,0.948,0.877,0.948,0.877,0.948,0.877,0.948,0.877,0.948,0.877,0.948,0.877,0.948,0.877,0.948,0.877,0.948,0.877,0.948,0.877,0.948,0.877,0.948,0.877,0.948,0.877,0.948,0.877,0.948,0.877,0.948,0.877,0.948,0.877,0.948,0.877,0.948,0.877,0.948,0.877,0.948,0.877,0.948,0.877,0.948,0.877,0.948,0.877,0.948,0.877,0.948,0.877,0.948,0.877,0.948,0.877,0.948,0.877,0.948,0.877,0.948,0.877,0.948,0.877,0.948,0.877,0.948,0.877,0.948,0.877,0.948,0.877,0.948,0.877,0.948,0.877,0.948,0.877,0.948,0.877,0.948,0.877,0.948,0.877,0.888,
0.968,0.968,0.965,0.965,0.965,0.965,0.965,0.965,0.965,0.965,0.965,0.965,0.965,0.965,0.965,0.965,0.965,0.965,0.965,0.965,0.965,0.965,0.965,0.965,0.965,0.965,0.965,0.965,0.965,0.965,0.965,0.965,0.965,0.965,0.965,0.965,0.965,0.965,0.965,0.965,0.965,0.965,0.965,0.965,0.965,0.965,0.965,0.965,0.965,0.965,0.965,0.965,0.965,0.965,0.965,0.965,0.965,0.965,0.965,0.965,0.965,0.965,0.965,0.965,0.965,0.965,0.965,0.965,0.965,0.965,0.965,0.965,0.965,0.965,0.965,0.965,0.965,0.965,0.965,0.965,0.965,0.965,0.965,0.965,0.965,0.965,0.965,0.965,0.965,0.965,0.965,0.965,0.965,0.965,0.965,0.965,0.965,0.965,0.965,0.964,
0.876,0.923,0.971,0.971,0.969,0.969,0.969,0.969,0.969,0.969,0.969,0.969,0.969,0.969,0.969,0.969,0.969,0.969,0.969,0.969,0.969,0.969,0.969,0.969,0.969,0.969,0.969,0.969,0.969,0.969,0.969,0.969,0.969,0.969,0.969,0.969,0.969,0.969,0.969,0.969,0.969,0.969,0.969,0.969,0.969,0.969,0.969,0.969,0.969,0.969,0.969,0.969,0.969,0.969,0.969,0.969,0.969,0.969,0.969,0.969,0.969,0.969,0.969,0.969,0.969,0.969,0.969,0.969,0.969,0.969,0.969,0.969,0.969,0.969,0.969,0.969,0.969,0.969,0.969,0.969,0.969,0.969,0.969,0.969,0.969,0.969,0.969,0.969,0.969,0.969,0.969,0.969,0.969,0.969,0.969,0.969,0.969,0.969,0.969,0.848,
0.901,0.923,0.96,0.96,0.96,0.937,0.96,0.949,0.969,0.949,0.969,0.949,0.969,0.949,0.969,0.949,0.969,0.949,0.969,0.949,0.969,0.949,0.969,0.949,0.969,0.949,0.969,0.949,0.969,0.949,0.969,0.949,0.969,0.949,0.969,0.949,0.969,0.949,0.969,0.949,0.969,0.949,0.969,0.949,0.969,0.949,0.969,0.949,0.969,0.949,0.969,0.949,0.969,0.949,0.969,0.949,0.969,0.949,0.969,0.949,0.969,0.949,0.969,0.949,0.969,0.949,0.969,0.949,0.969,0.949,0.969,0.949,0.969,0.949,0.969,0.949,0.969,0.949,0.969,0.949,0.969,0.949,0.969,0.949,0.969,0.949,0.969,0.949,0.969,0.949,0.969,0.949,0.969,0.949,0.969,0.949,0.969,0.949,0.969,0.835,
0.847,0.887,0.881,0.881,0.881,0.881,0.881,0.881,0.881,0.881,0.881,0.881,0.881,0.881,0.881,0.881,0.881,0.881,0.881,0.881,0.881,0.881,0.881,0.881,0.881,0.881,0.881,0.881,0.881,0.881,0.881,0.881,0.881,0.881,0.881,0.881,0.881,0.881,0.881,0.881,0.881,0.881,0.881,0.881,0.881,0.881,0.881,0.881,0.881,0.881,0.881,0.881,0.881,0.881,0.881,0.881,0.881,0.881,0.881,0.881,0.881,0.881,0.881,0.881,0.881,0.881,0.881,0.881,0.881,0.881,0.881,0.881,0.881,0.881,0.881,0.881,0.881,0.881,0.881,0.881,0.881,0.881,0.881,0.881,0.881,0.881,0.881,0.881,0.881,0.881,0.881,0.881,0.881,0.881,0.881,0.881,0.881,0.881,0.881,0.881,
0.961,0.954,0.978,0.978,0.97,0.974,0.967,0.978,0.978,0.97,0.974,0.967,0.978,0.978,0.97,0.974,0.967,0.978,0.978,0.97,0.974,0.967,0.978,0.978,0.97,0.974,0.967,0.978,0.978,0.97,0.974,0.967,0.978,0.978,0.97,0.974,0.967,0.978,0.978,0.97,0.974,0.967,0.978,0.978,0.97,0.974,0.967,0.978,0.978,0.97,0.974,0.967,0.978,0.978,0.97,0.974,0.967,0.978,0.978,0.97,0.974,0.967,0.978,0.978,0.97,0.974,0.967,0.978,0.978,0.97,0.974,0.967,0.978,0.978,0.97,0.974,0.967,0.978,0.978,0.97,0.974,0.967,0.978,0.978,0.97,0.974,0.967,0.978,0.978,0.97,0.974,0.967,0.978,0.978,0.97,0.974,0.967,0.978,0.978,0.97,
0.817,0.908,0.854,0.908,0.854,0.908,0.854,0.908,0.854,0.908,0.854,0.908,0.854,0.908,0.854,0.908,0.854,0.908,0.854,0.908,0.854,0.908,0.854,0.908,0.854,0.908,0.854,0.908,0.854,0.908,0.854,0.908,0.854,0.908,0.854,0.908,0.854,0.908,0.854,0.908,0.854,0.908,0.854,0.908,0.854,0.908,0.854,0.908,0.854,0.908,0.854,0.908,0.854,0.908,0.854,0.908,0.854,0.908,0.854,0.908,0.854,0.908,0.854,0.908,0.854,0.908,0.854,0.908,0.854,0.908,0.854,0.908,0.854,0.908,0.854,0.908,0.854,0.908,0.854,0.908,0.854,0.908,0.854,0.908,0.854,0.908,0.854,0.908,0.854,0.908,0.854,0.908,0.854,0.908,0.854,0.908,0.854,0.908,0.854,0.885,
0.791,0.897,0.939,0.942,0.935,0.944,0.964,0.944,0.964,0.944,0.964,0.944,0.964,0.944,0.964,0.944,0.964,0.944,0.964,0.944,0.964,0.944,0.964,0.944,0.964,0.944,0.964,0.944,0.964,0.944,0.964,0.944,0.964,0.944,0.964,0.944,0.964,0.944,0.964,0.944,0.964,0.944,0.964,0.944,0.964,0.944,0.964,0.944,0.964,0.944,0.964,0.944,0.964,0.944,0.964,0.944,0.964,0.944,0.964,0.944,0.964,0.944,0.964,0.944,0.964,0.944,0.964,0.944,0.964,0.944,0.964,0.944,0.964,0.944,0.964,0.944,0.964,0.944,0.964,0.944,0.964,0.944,0.964,0.944,0.964,0.944,0.964,0.944,0.964,0.944,0.964,0.944,0.964,0.944,0.964,0.944,0.964,0.944,0.964,0.892,
0.831,0.788,0.887,0.753,0.833,0.777,0.883,0.749,0.833,0.777,0.883,0.749,0.833,0.777,0.883,0.749,0.833,0.777,0.883,0.749,0.833,0.777,0.883,0.749,0.833,0.777,0.883,0.749,0.833,0.777,0.883,0.749,0.833,0.777,0.883,0.749,0.833,0.777,0.883,0.749,0.833,0.777,0.883,0.749,0.833,0.777,0.883,0.749,0.833,0.777,0.883,0.749,0.833,0.777,0.883,0.749,0.833,0.777,0.883,0.749,0.833,0.777,0.883,0.749,0.833,0.777,0.883,0.749,0.833,0.777,0.883,0.749,0.833,0.777,0.883,0.749,0.833,0.777,0.883,0.749,0.833,0.777,0.883,0.749,0.833,0.777,0.883,0.749,0.833,0.777,0.883,0.749,0.833,0.777,0.883,0.749,0.833,0.777,0.883,0.739,
0.95,0.961,0.973,0.976,0.976,0.976,0.976,0.976,0.976,0.976,0.976,0.976,0.976,0.976,0.976,0.976,0.976,0.976,0.976,0.976,0.976,0.976,0.976,0.976,0.976,0.976,0.976,0.976,0.976,0.976,0.976,0.976,0.976,0.976,0.976,0.976,0.976,0.976,0.976,0.976,0.976,0.976,0.976,0.976,0.976,0.976,0.976,0.976,0.976,0.976,0.976,0.976,0.976,0.976,0.976,0.976,0.976,0.976,0.976,0.976,0.976,0.976,0.976,0.976,0.976,0.976,0.976,0.976,0.976,0.976,0.976,0.976,0.976,0.976,0.976,0.976,0.976,0.976,0.976,0.976,0.976,0.976,0.976,0.976,0.976,0.976,0.976,0.976,0.976,0.976,0.976,0.976,0.976,0.976,0.976,0.976,0.976,0.976,0.976,0.96,
0.911,0.977,0.977,0.978,0.979,0.976,0.977,0.977,0.977,0.977,0.977,0.977,0.977,0.977,0.977,0.977,0.977,0.977,0.977,0.977,0.977,0.977,0.977,0.977,0.977,0.977,0.977,0.977,0.977,0.977,0.977,0.977,0.977,0.977,0.977,0.977,0.977,0.977,0.977,0.977,0.977,0.977,0.977,0.977,0.977,0.977,0.977,0.977,0.977,0.977,0.977,0.977,0.977,0.977,0.977,0.977,0.977,0.977,0.977,0.977,0.977,0.977,0.977,0.977,0.977,0.977,0.977,0.977,0.977,0.977,0.977,0.977,0.977,0.977,0.977,0.977,0.977,0.977,0.977,0.977,0.977,0.977,0.977,0.977,0.977,0.977,0.977,0.977,0.977,0.977,0.977,0.977,0.977,0.977,0.977,0.977,0.977,0.977,0.977,0.923,
0.93,0.879,0.822,0.901,0.815,0.866,0.812,0.906,0.8,0.895,0.799,0.864,0.812,0.906,0.8,0.906,0.8,0.906,0.8,0.906,0.8,0.906,0.8,0.906,0.8,0.906,0.8,0.906,0.8,0.906,0.8,0.906,0.8,0.906,0.8,0.906,0.8,0.906,0.8,0.906,0.8,0.906,0.8,0.906,0.8,0.906,0.8,0.906,0.8,0.906,0.8,0.906,0.8,0.906,0.8,0.906,0.8,0.906,0.8,0.906,0.8,0.906,0.8,0.906,0.8,0.906,0.8,0.906,0.8,0.906,0.8,0.906,0.8,0.906,0.8,0.906,0.8,0.906,0.8,0.906,0.8,0.906,0.8,0.906,0.8,0.906,0.8,0.906,0.8,0.906,0.8,0.906,0.8,0.906,0.8,0.906,0.8,0.906,0.8,0.83,
0.929,0.947,0.988,0.968,0.978,0.964,0.997,1.0,0.997,1.0,0.997,1.0,0.997,1.0,0.997,1.0,0.997,1.0,0.997,1.0,0.997,1.0,0.997,1.0,0.997,1.0,0.997,1.0,0.997,1.0,0.997,1.0,0.997,1.0,0.997,1.0,0.997,1.0,0.997,1.0,0.997,1.0,0.997,1.0,0.997,1.0,0.997,1.0,0.997,1.0,0.997,1.0,0.997,1.0,0.997,1.0,0.997,1.0,0.997,1.0,0.997,1.0,0.997,1.0,0.997,1.0,0.997,1.0,0.997,1.0,0.997,1.0,0.997,1.0,0.997,1.0,0.997,1.0,0.997,1.0,0.997,1.0,0.997,1.0,0.997,1.0,0.997,1.0,0.997,1.0,0.997,1.0,0.997,1.0,0.997,1.0,0.997,1.0,0.997,1.0,
0.987,0.994,1.0,0.994,1.0,0.994,1.0,0.994,1.0,0.994,1.0,0.994,1.0,0.994,1.0,0.994,1.0,0.994,1.0,0.994,1.0,0.994,1.0,0.994,1.0,0.994,1.0,0.994,1.0,0.994,1.0,0.994,1.0,0.994,1.0,0.994,1.0,0.994,1.0,0.994,1.0,0.994,1.0,0.994,1.0,0.994,1.0,0.994,1.0,0.994,1.0,0.994,1.0,0.994,1.0,0.994,1.0,0.994,1.0,0.994,1.0,0.994,1.0,0.994,1.0,0.994,1.0,0.994,1.0,0.994,1.0,0.994,1.0,0.994,1.0,0.994,1.0,0.994,1.0,0.994,1.0,0.994,1.0,0.994,1.0,0.994,1.0,0.994,1.0,0.994,1.0,0.994,1.0,0.994,1.0,0.994,1.0,0.994,1.0,0.994,
0.809,0.777,0.809,0.78,0.858,0.83,0.781,0.809,0.809,0.905,0.768,0.809,0.781,0.809,0.809,0.905,0.767,0.809,0.781,0.809,0.809,0.858,0.858,0.936,0.767,0.809,0.781,0.809,0.809,0.905,0.767,0.809,0.781,0.809,0.809,0.858,0.858,0.936,0.767,0.809,0.781,0.809,0.809,0.905,0.767,0.809,0.781,0.809,0.809,0.858,0.858,0.936,0.767,0.809,0.781,0.809,0.809,0.905,0.767,0.809,0.781,0.809,0.809,0.858,0.858,0.936,0.767,0.809,0.781,0.809,0.809,0.905,0.767,0.809,0.781,0.809,0.809,0.858,0.858,0.936,0.767,0.809,0.781,0.809,0.809,0.905,0.767,0.809,0.781,0.809,0.809,0.858,0.858,0.936,0.767,0.809,0.781,0.809,0.809,0.776,
0.881,0.885,0.885,0.885,0.885,0.885,0.886,0.887,0.887,0.887,0.9,0.9,0.9,0.9,0.9,0.9,0.9,0.9,0.9,0.9,0.9,0.9,0.9,0.9,0.9,0.9,0.9,0.9,0.9,0.9,0.9,0.9,0.9,0.9,0.9,0.9,0.9,0.9,0.9,0.9,0.9,0.9,0.9,0.9,0.9,0.9,0.9,0.9,0.9,0.9,0.9,0.9,0.9,0.9,0.9,0.9,0.9,0.9,0.9,0.9,0.9,0.9,0.9,0.9,0.9,0.9,0.9,0.9,0.9,0.9,0.9,0.9,0.9,0.9,0.9,0.9,0.9,0.9,0.9,0.9,0.9,0.9,0.9,0.9,0.9,0.9,0.9,0.9,0.9,0.9,0.9,0.9,0.9,0.9,0.9,0.9,0.9,0.9,0.9,0.891,
0.781,0.871,0.91,0.864,0.87,0.933,0.877,0.9,0.934,0.874,0.902,0.931,0.917,0.897,0.914,0.883,0.909,0.877,0.923,0.94,0.825,0.889,0.899,0.905,0.881,0.929,0.916,0.883,0.909,0.877,0.923,0.94,0.825,0.889,0.899,0.905,0.881,0.929,0.916,0.883,0.909,0.877,0.923,0.94,0.825,0.889,0.899,0.905,0.881,0.929,0.916,0.883,0.909,0.877,0.923,0.94,0.825,0.889,0.899,0.905,0.881,0.929,0.916,0.883,0.909,0.877,0.923,0.94,0.825,0.889,0.899,0.905,0.881,0.929,0.916,0.883,0.909,0.877,0.923,0.94,0.825,0.889,0.899,0.905,0.881,0.929,0.916,0.883,0.909,0.877,0.923,0.94,0.825,0.889,0.899,0.905,0.881,0.929,0.916,0.822,
1.0,1.0,1.0,1.0,1.0,1.0,1.0,1.0,1.0,1.0,1.0,1.0,1.0,1.0,1.0,1.0,1.0,1.0,1.0,1.0,1.0,1.0,1.0,1.0,1.0,1.0,1.0,1.0,1.0,1.0,1.0,1.0,1.0,1.0,1.0,1.0,1.0,1.0,1.0,1.0,1.0,1.0,1.0,1.0,1.0,1.0,1.0,1.0,1.0,1.0,1.0,1.0,1.0,1.0,1.0,1.0,1.0,1.0,1.0,1.0,1.0,1.0,1.0,1.0,1.0,1.0,1.0,1.0,1.0,1.0,1.0,1.0,1.0,1.0,1.0,1.0,1.0,1.0,1.0,1.0,1.0,1.0,1.0,1.0,1.0,1.0,1.0,1.0,1.0,1.0,1.0,1.0,1.0,1.0,1.0,1.0,1.0,1.0,1.0,1.0,
0.976,0.626,0.916,0.716,0.855,0.772,0.836,0.763,0.817,0.777,0.887,0.786,0.785,0.906,0.749,0.819,0.777,0.8,0.777,0.887,0.786,0.785,0.906,0.749,0.819,0.777,0.8,0.777,0.887,0.786,0.785,0.906,0.749,0.819,0.777,0.8,0.777,0.887,0.786,0.785,0.906,0.749,0.819,0.777,0.8,0.777,0.887,0.786,0.785,0.906,0.749,0.819,0.777,0.8,0.777,0.8,0.777,0.887,0.786,0.785,0.906,0.75,0.819,0.777,0.823,0.788,0.835,0.78,0.848,0.772,0.911,0.724,0.861,0.771,0.836,0.771,0.836,0.806,0.836,0.78,0.848,0.772,0.911,0.724,0.861,0.771,0.836,0.771,0.836,0.806,0.836,0.78,0.848,0.772,0.911,0.724,0.861,0.771,0.836,0.749,
0.947,0.947,0.947,0.947,0.947,0.947,0.947,0.947,0.947,0.947,0.947,0.947,0.947,0.947,0.947,0.947,0.947,0.947,0.947,0.947,0.947,0.947,0.947,0.947,0.947,0.947,0.947,0.947,0.947,0.947,0.947,0.947,0.947,0.947,0.947,0.947,0.947,0.947,0.947,0.947,0.947,0.947,0.947,0.947,0.947,0.947,0.947,0.947,0.947,0.947,0.947,0.947,0.947,0.947,0.947,0.947,0.947,0.947,0.947,0.947,0.947,0.947,0.947,0.947,0.947,0.947,0.947,0.947,0.947,0.947,0.947,0.947,0.947,0.947,0.947,0.947,0.947,0.947,0.947,0.947,0.947,0.947,0.947,0.947,0.947,0.947,0.947,0.947,0.947,0.947,0.947,0.947,0.947,0.947,0.947,0.947,0.947,0.947,0.947,0.947,
0.965,0.735,0.969,0.739,0.969,0.739,0.969,0.739,0.969,0.739,0.969,0.739,0.969,0.739,0.969,0.739,0.969,0.739,0.969,0.739,0.969,0.739,0.969,0.739,0.969,0.739,0.969,0.739,0.969,0.739,0.969,0.739,0.969,0.739,0.969,0.739,0.969,0.739,0.969,0.739,0.969,0.739,0.969,0.739,0.969,0.739,0.969,0.739,0.969,0.739,0.969,0.739,0.969,0.739,0.969,0.739,0.969,0.739,0.969,0.739,0.969,0.739,0.969,0.739,0.969,0.739,0.969,0.739,0.969,0.739,0.969,0.739,0.969,0.739,0.969,0.739,0.969,0.739,0.969,0.739,0.969,0.739,0.969,0.739,0.969,0.739,0.969,0.739,0.969,0.739,0.969,0.739,0.969,0.739,0.969,0.739,0.969,0.739,0.969,0.739,
0.911,0.998,0.933,0.971,0.931,0.971,0.924,0.92,0.923,0.934,0.971,0.924,0.92,0.923,0.934,0.971,0.924,0.92,0.923,0.934,0.971,0.924,0.92,0.923,0.934,0.971,0.924,0.92,0.923,0.934,0.971,0.924,0.92,0.923,0.934,0.971,0.924,0.92,0.923,0.934,0.971,0.924,0.92,0.923,0.934,0.971,0.924,0.92,0.923,0.934,0.971,0.924,0.92,0.923,0.934,0.971,0.924,0.92,0.923,0.934,0.971,0.924,0.92,0.923,0.934,0.971,0.924,0.92,0.923,0.934,0.971,0.924,0.92,0.923,0.934,0.971,0.924,0.92,0.923,0.934,0.971,0.924,0.92,0.923,0.934,0.971,0.924,0.92,0.923,0.934,0.971,0.924,0.92,0.923,0.934,0.971,0.924,0.92,0.923,0.904,
0.918,0.923,0.938,0.943,0.947,0.934,0.936,0.932,0.936,0.932,0.936,0.932,0.936,0.932,0.936,0.932,0.936,0.932,0.936,0.932,0.936,0.932,0.936,0.932,0.936,0.932,0.936,0.932,0.936,0.932,0.936,0.932,0.936,0.932,0.936,0.932,0.936,0.932,0.936,0.932,0.936,0.932,0.936,0.932,0.936,0.932,0.936,0.932,0.936,0.932,0.936,0.932,0.936,0.932,0.936,0.932,0.936,0.932,0.936,0.932,0.936,0.932,0.936,0.932,0.936,0.932,0.936,0.932,0.936,0.932,0.936,0.932,0.936,0.932,0.936,0.932,0.936,0.932,0.936,0.932,0.936,0.932,0.936,0.932,0.936,0.932,0.936,0.932,0.936,0.932,0.936,0.932,0.936,0.932,0.936,0.932,0.936,0.932,0.936,0.877,
0.846,0.895,0.867,0.891,0.867,0.925,0.842,0.895,0.843,0.89,0.843,0.937,0.816,0.927,0.842,0.924,0.787,0.89,0.819,0.937,0.816,0.925,0.842,0.923,0.816,0.895,0.842,0.89,0.843,0.937,0.816,0.927,0.842,0.924,0.787,0.89,0.819,0.937,0.816,0.925,0.842,0.923,0.816,0.895,0.842,0.89,0.843,0.937,0.816,0.927,0.842,0.924,0.787,0.89,0.819,0.937,0.816,0.925,0.842,0.923,0.816,0.895,0.842,0.89,0.843,0.937,0.816,0.927,0.842,0.924,0.787,0.89,0.819,0.937,0.816,0.925,0.842,0.923,0.816,0.895,0.842,0.89,0.843,0.937,0.816,0.927,0.842,0.924,0.787,0.89,0.819,0.937,0.816,0.925,0.842,0.923,0.816,0.895,0.842,0.857,
0.937,0.787,0.93,0.758,0.948,0.784,0.928,0.941,0.863,0.936,0.803,0.932,0.757,0.948,0.784,0.928,0.941,0.863,0.936,0.803,0.932,0.757,0.948,0.784,0.928,0.941,0.863,0.936,0.803,0.932,0.757,0.948,0.784,0.928,0.941,0.863,0.936,0.803,0.932,0.757,0.948,0.784,0.928,0.941,0.863,0.936,0.803,0.932,0.757,0.948,0.784,0.928,0.941,0.863,0.936,0.803,0.932,0.757,0.948,0.784,0.928,0.941,0.863,0.936,0.803,0.932,0.757,0.948,0.784,0.928,0.941,0.863,0.936,0.803,0.932,0.757,0.948,0.784,0.928,0.941,0.863,0.936,0.803,0.932,0.757,0.948,0.784,0.928,0.941,0.863,0.936,0.803,0.932,0.757,0.948,0.784,0.928,0.941,0.863,0.895,
0.919,0.987,0.99,0.99,0.99,0.99,0.99,0.99,0.99,0.99,0.99,0.99,0.99,0.99,0.99,0.99,0.99,0.99,0.99,0.99,0.99,0.99,0.99,0.99,0.99,0.99,0.99,0.99,0.99,0.99,0.99,0.99,0.99,0.99,0.99,0.99,0.99,0.99,0.99,0.99,0.99,0.99,0.99,0.99,0.99,0.99,0.99,0.99,0.99,0.99,0.99,0.99,0.99,0.99,0.99,0.99,0.99,0.99,0.99,0.99,0.99,0.99,0.99,0.99,0.99,0.99,0.99,0.99,0.99,0.99,0.99,0.99,0.99,0.99,0.99,0.99,0.99,0.99,0.99,0.99,0.99,0.99,0.99,0.99,0.99,0.99,0.99,0.99,0.99,0.99,0.99,0.99,0.99,0.99,0.99,0.99,0.99,0.99,0.99,0.919,
1.0,1.0,1.0,1.0,1.0,1.0,1.0,1.0,1.0,1.0,1.0,1.0,1.0,1.0,1.0,1.0,1.0,1.0,1.0,1.0,1.0,1.0,1.0,1.0,1.0,1.0,1.0,1.0,1.0,1.0,1.0,1.0,1.0,1.0,1.0,1.0,1.0,1.0,1.0,1.0,1.0,1.0,1.0,1.0,1.0,1.0,1.0,1.0,1.0,1.0,1.0,1.0,1.0,1.0,1.0,1.0,1.0,1.0,1.0,1.0,1.0,1.0,1.0,1.0,1.0,1.0,1.0,1.0,1.0,1.0,1.0,1.0,1.0,1.0,1.0,1.0,1.0,1.0,1.0,1.0,1.0,1.0,1.0,1.0,1.0,1.0,1.0,1.0,1.0,1.0,1.0,1.0,1.0,1.0,1.0,1.0,1.0,1.0,1.0,1.0,
1.0,0.891,0.99,0.888,0.987,0.872,0.96,0.899,0.96,0.899,0.96,0.899,0.96,0.899,0.96,0.899,0.96,0.899,0.96,0.899,0.96,0.899,0.96,0.899,0.96,0.899,0.96,0.899,0.96,0.899,0.96,0.899,0.96,0.899,0.96,0.899,0.96,0.899,0.96,0.899,0.96,0.899,0.96,0.899,0.96,0.899,0.96,0.899,0.96,0.899,0.96,0.899,0.96,0.899,0.96,0.899,0.96,0.899,0.96,0.899,0.96,0.899,0.96,0.899,0.96,0.899,0.96,0.899,0.96,0.899,0.96,0.899,0.96,0.899,0.96,0.899,0.96,0.899,0.96,0.899,0.96,0.899,0.96,0.899,0.96,0.899,0.96,0.899,0.96,0.899,0.96,0.899,0.96,0.899,0.96,0.899,0.96,0.899,0.96,0.879,
0.885,0.926,0.914,0.914,0.926,0.926,0.914,0.914,0.926,0.926,0.914,0.914,0.926,0.926,0.914,0.914,0.926,0.926,0.914,0.914,0.926,0.926,0.914,0.914,0.926,0.926,0.914,0.914,0.926,0.926,0.914,0.914,0.926,0.926,0.914,0.914,0.926,0.926,0.914,0.914,0.926,0.926,0.914,0.914,0.926,0.926,0.914,0.914,0.926,0.926,0.914,0.914,0.926,0.926,0.914,0.914,0.926,0.926,0.914,0.914,0.926,0.926,0.914,0.914,0.926,0.926,0.914,0.914,0.926,0.926,0.914,0.914,0.926,0.926,0.914,0.914,0.926,0.926,0.914,0.914,0.926,0.926,0.914,0.914,0.926,0.926,0.914,0.914,0.926,0.926,0.914,0.914,0.926,0.926,0.914,0.914,0.926,0.926,0.914,0.913,
0.864,0.879,0.88,0.88,0.88,0.88,0.88,0.88,0.88,0.88,0.88,0.88,0.88,0.88,0.88,0.88,0.88,0.88,0.88,0.88,0.88,0.88,0.88,0.88,0.88,0.88,0.88,0.88,0.88,0.88,0.88,0.88,0.88,0.88,0.88,0.88,0.88,0.88,0.88,0.88,0.88,0.88,0.88,0.88,0.88,0.88,0.88,0.88,0.88,0.88,0.88,0.88,0.88,0.88,0.88,0.88,0.88,0.88,0.88,0.88,0.88,0.88,0.88,0.88,0.88,0.88,0.88,0.88,0.88,0.88,0.88,0.88,0.88,0.88,0.88,0.88,0.88,0.88,0.88,0.88,0.88,0.88,0.88,0.88,0.88,0.88,0.88,0.88,0.88,0.88,0.88,0.88,0.88,0.88,0.88,0.88,0.88,0.88,0.88,0.88,
0.991,0.988,0.986,0.998,0.968,0.959,0.991,0.988,0.986,0.998,0.968,0.959,0.991,0.988,0.986,0.998,0.968,0.959,0.991,0.988,0.986,0.998,0.968,0.959,0.991,0.988,0.986,0.998,0.968,0.959,0.991,0.988,0.986,0.998,0.968,0.959,0.991,0.988,0.986,0.998,0.968,0.959,0.991,0.988,0.986,0.998,0.968,0.959,0.991,0.988,0.986,0.998,0.968,0.959,0.991,0.988,0.986,0.998,0.968,0.959,0.991,0.988,0.986,0.998,0.968,0.959,0.991,0.988,0.986,0.998,0.968,0.959,0.991,0.988,0.986,0.998,0.968,0.959,0.991,0.988,0.986,0.998,0.968,0.959,0.991,0.988,0.986,0.998,0.968,0.959,0.991,0.988,0.986,0.998,0.968,0.959,0.991,0.988,0.986,0.998,
0.997,0.997,0.997,0.997,0.997,0.997,0.997,0.997,0.997,0.997,0.997,0.997,0.997,0.997,0.997,0.997,0.997,0.997,0.997,0.997,0.997,0.997,0.997,0.997,0.997,0.997,0.997,0.997,0.997,0.997,0.997,0.997,0.997,0.997,0.997,0.997,0.997,0.997,0.997,0.997,0.997,0.997,0.997,0.997,0.997,0.997,0.997,0.997,0.997,0.997,0.997,0.997,0.997,0.997,0.997,0.997,0.997,0.997,0.997,0.997,0.997,0.997,0.997,0.997,0.997,0.997,0.997,0.997,0.997,0.997,0.997,0.997,0.997,0.997,0.997,0.997,0.997,0.997,0.997,0.997,0.997,0.997,0.997,0.997,0.997,0.997,0.997,0.997,0.997,0.997,0.997,0.997,0.997,0.997,0.997,0.997,0.997,0.997,0.997,0.922,
0.826,0.731,0.814,0.726,0.788,0.73,0.788,0.73,0.788,0.73,0.788,0.73,0.809,0.731,0.809,0.731,0.809,0.731,0.809,0.731,0.788,0.73,0.809,0.731,0.788,0.73,0.809,0.731,0.788,0.73,0.809,0.731,0.788,0.73,0.809,0.731,0.788,0.73,0.809,0.731,0.788,0.73,0.809,0.731,0.788,0.73,0.788,0.73,0.788,0.73,0.788,0.73,0.809,0.731,0.788,0.73,0.809,0.731,0.788,0.73,0.809,0.731,0.788,0.73,0.809,0.731,0.788,0.73,0.809,0.731,0.788,0.73,0.809,0.731,0.788,0.73,0.809,0.731,0.788,0.73,0.809,0.731,0.788,0.73,0.809,0.731,0.788,0.73,0.788,0.73,0.788,0.73,0.788,0.73,0.809,0.731,0.788,0.73,0.809,0.712,
0.886,0.88,0.887,0.882,0.887,0.882,0.887,0.882,0.887,0.882,0.887,0.882,0.887,0.882,0.887,0.882,0.887,0.882,0.887,0.882,0.887,0.882,0.887,0.882,0.887,0.882,0.887,0.882,0.887,0.882,0.887,0.882,0.887,0.882,0.887,0.882,0.887,0.882,0.887,0.882,0.887,0.882,0.887,0.882,0.887,0.882,0.887,0.882,0.887,0.882,0.887,0.882,0.887,0.882,0.887,0.882,0.887,0.882,0.887,0.882,0.887,0.882,0.887,0.882,0.887,0.882,0.887,0.882,0.887,0.882,0.887,0.882,0.887,0.882,0.887,0.882,0.887,0.882,0.887,0.882,0.887,0.882,0.887,0.882,0.887,0.882,0.887,0.882,0.887,0.882,0.887,0.882,0.887,0.882,0.887,0.882,0.887,0.882,0.887,0.882,
0.946,0.946,0.811,0.893,0.943,0.893,0.946,0.8,0.893,0.943,0.893,0.946,0.8,0.893,0.943,0.893,0.946,0.8,0.893,0.943,0.893,0.946,0.8,0.893,0.943,0.893,0.946,0.8,0.893,0.943,0.893,0.946,0.8,0.893,0.943,0.893,0.946,0.8,0.893,0.943,0.893,0.946,0.8,0.893,0.943,0.893,0.946,0.8,0.893,0.943,0.893,0.946,0.8,0.893,0.943,0.893,0.946,0.8,0.893,0.943,0.893,0.946,0.8,0.893,0.943,0.893,0.946,0.8,0.893,0.943,0.893,0.946,0.8,0.893,0.943,0.893,0.946,0.8,0.893,0.943,0.893,0.946,0.8,0.893,0.943,0.893,0.946,0.8,0.893,0.943,0.893,0.946,0.8,0.893,0.943,0.893,0.946,0.8,0.893,0.899,
0.995,0.965,1.0,0.97,1.0,0.97,1.0,0.97,1.0,0.97,1.0,0.97,1.0,0.97,1.0,0.97,1.0,0.97,1.0,0.97,1.0,0.97,1.0,0.97,1.0,0.97,1.0,0.97,1.0,0.97,1.0,0.97,1.0,0.97,1.0,0.97,1.0,0.97,1.0,0.97,1.0,0.97,1.0,0.97,1.0,0.97,1.0,0.97,1.0,0.97,1.0,0.97,1.0,0.97,1.0,0.97,1.0,0.97,1.0,0.97,1.0,0.97,1.0,0.97,1.0,0.97,1.0,0.97,1.0,0.97,1.0,0.97,1.0,0.97,1.0,0.97,1.0,0.97,1.0,0.97,1.0,0.97,1.0,0.97,1.0,0.97,1.0,0.97,1.0,0.97,1.0,0.97,1.0,0.97,1.0,0.97,1.0,0.97,1.0,0.97,
0.972,1.0,1.0,1.0,1.0,1.0,1.0,1.0,1.0,1.0,1.0,1.0,1.0,1.0,1.0,1.0,1.0,1.0,1.0,1.0,1.0,1.0,1.0,1.0,1.0,1.0,1.0,1.0,1.0,1.0,1.0,1.0,1.0,1.0,1.0,1.0,1.0,1.0,1.0,1.0,1.0,1.0,1.0,1.0,1.0,1.0,1.0,1.0,1.0,1.0,1.0,1.0,1.0,1.0,1.0,1.0,1.0,1.0,1.0,1.0,1.0,1.0,1.0,1.0,1.0,1.0,1.0,1.0,1.0,1.0,1.0,1.0,1.0,1.0,1.0,1.0,1.0,1.0,1.0,1.0,1.0,1.0,1.0,1.0,1.0,1.0,1.0,1.0,1.0,1.0,1.0,1.0,1.0,1.0,1.0,1.0,1.0,1.0,1.0,0.995,
0.809,0.809,0.809,0.809,0.809,0.809,0.809,0.809,0.809,0.809,0.809,0.809,0.809,0.809,0.809,0.809,0.809,0.809,0.809,0.809,0.809,0.809,0.809,0.809,0.809,0.809,0.809,0.809,0.809,0.809,0.809,0.809,0.809,0.809,0.809,0.809,0.809,0.809,0.809,0.809,0.809,0.809,0.809,0.809,0.809,0.809,0.809,0.809,0.809,0.809,0.809,0.809,0.809,0.809,0.809,0.809,0.809,0.809,0.809,0.809,0.809,0.809,0.809,0.809,0.809,0.809,0.809,0.809,0.809,0.809,0.809,0.809,0.809,0.809,0.809,0.809,0.809,0.809,0.809,0.809,0.809,0.809,0.809,0.809,0.809,0.809,0.809,0.809,0.809,0.809,0.809,0.809,0.809,0.809,0.809,0.809,0.809,0.809,0.809,0.78,
0.808,0.848,0.889,0.947,0.939,0.938,0.947,0.939,0.938,0.947,0.939,0.938,0.947,0.939,0.938,0.947,0.939,0.938,0.947,0.939,0.938,0.947,0.939,0.938,0.947,0.939,0.938,0.947,0.939,0.938,0.947,0.939,0.938,0.947,0.939,0.938,0.947,0.939,0.938,0.947,0.939,0.938,0.947,0.939,0.938,0.947,0.939,0.938,0.947,0.939,0.938,0.947,0.939,0.938,0.947,0.939,0.938,0.947,0.939,0.938,0.947,0.939,0.938,0.947,0.939,0.938,0.947,0.939,0.938,0.947,0.939,0.938,0.947,0.939,0.938,0.947,0.939,0.938,0.947,0.939,0.938,0.947,0.939,0.938,0.947,0.939,0.938,0.947,0.939,0.938,0.947,0.939,0.938,0.947,0.939,0.938,0.947,0.939,0.938,0.775,
0.956,0.942,0.948,0.898,0.884,0.867,0.929,0.869,0.984,0.91,0.947,0.915,0.89,0.909,0.944,0.882,0.855,0.85,0.945,0.884,0.855,0.85,0.945,0.884,0.855,0.85,0.945,0.884,0.855,0.85,0.945,0.884,0.855,0.85,0.945,0.884,0.855,0.85,0.945,0.884,0.855,0.85,0.945,0.884,0.855,0.85,0.945,0.884,0.855,0.85,0.945,0.884,0.855,0.85,0.945,0.884,0.855,0.85,0.945,0.884,0.855,0.85,0.945,0.884,0.855,0.85,0.945,0.884,0.855,0.85,0.945,0.884,0.855,0.85,0.945,0.884,0.855,0.85,0.945,0.884,0.855,0.85,0.945,0.884,0.855,0.85,0.945,0.884,0.855,0.85,0.945,0.884,0.855,0.85,0.945,0.884,0.855,0.85,0.945,0.884,
0.826,0.848,0.871,0.954,0.869,0.876,0.914,0.876,0.914,0.869,0.876,0.912,0.876,0.914,0.876,0.914,0.869,0.876,0.912,0.876,0.914,0.876,0.914,0.869,0.876,0.912,0.876,0.914,0.876,0.914,0.869,0.876,0.912,0.876,0.914,0.876,0.914,0.869,0.876,0.912,0.876,0.914,0.876,0.914,0.869,0.876,0.912,0.876,0.914,0.876,0.914,0.869,0.876,0.912,0.876,0.914,0.876,0.914,0.869,0.876,0.912,0.876,0.914,0.876,0.914,0.869,0.876,0.912,0.876,0.914,0.876,0.914,0.869,0.876,0.912,0.876,0.914,0.876,0.914,0.869,0.876,0.912,0.876,0.914,0.876,0.914,0.869,0.876,0.912,0.876,0.914,0.876,0.914,0.869,0.876,0.912,0.876,0.914,0.876,0.841,
0.92,0.92,0.953,0.953,0.953,0.953,0.953,0.953,0.953,0.953,0.953,0.953,0.953,0.953,0.953,0.953,0.953,0.953,0.953,0.953,0.953,0.953,0.953,0.953,0.953,0.953,0.953,0.953,0.953,0.953,0.953,0.953,0.953,0.953,0.953,0.953,0.953,0.953,0.953,0.953,0.953,0.953,0.953,0.953,0.953,0.953,0.953,0.953,0.953,0.953,0.953,0.953,0.953,0.953,0.953,0.953,0.953,0.953,0.953,0.953,0.953,0.953,0.953,0.953,0.953,0.953,0.953,0.953,0.953,0.953,0.953,0.953,0.953,0.953,0.953,0.953,0.953,0.953,0.953,0.953,0.953,0.953,0.953,0.953,0.953,0.953,0.953,0.953,0.953,0.953,0.953,0.953,0.953,0.953,0.953,0.953,0.953,0.953,0.953,0.924,
0.958,0.983,0.948,0.973,0.948,0.973,0.948,0.973,0.948,0.973,0.948,0.973,0.948,0.973,0.948,0.973,0.948,0.973,0.948,0.973,0.948,0.973,0.948,0.973,0.948,0.973,0.948,0.973,0.948,0.973,0.948,0.973,0.948,0.973,0.948,0.973,0.948,0.973,0.948,0.973,0.948,0.973,0.948,0.973,0.948,0.973,0.948,0.973,0.948,0.973,0.948,0.973,0.948,0.973,0.948,0.973,0.948,0.973,0.948,0.973,0.948,0.973,0.948,0.973,0.948,0.973,0.948,0.973,0.948,0.973,0.948,0.973,0.948,0.973,0.948,0.973,0.948,0.973,0.948,0.973,0.948,0.973,0.948,0.973,0.948,0.973,0.948,0.973,0.948,0.973,0.948,0.973,0.948,0.973,0.948,0.973,0.948,0.973,0.948,0.973,
0.815,0.848,0.815,0.815,0.815,0.815,0.815,0.848,0.765,0.782,0.815,0.815,0.815,0.815,0.848,0.765,0.782,0.815,0.815,0.815,0.815,0.848,0.765,0.782,0.815,0.815,0.815,0.815,0.848,0.765,0.782,0.815,0.815,0.815,0.815,0.848,0.765,0.782,0.815,0.815,0.815,0.815,0.848,0.765,0.782,0.815,0.815,0.815,0.815,0.848,0.765,0.782,0.815,0.815,0.815,0.815,0.848,0.765,0.782,0.815,0.815,0.815,0.815,0.848,0.765,0.782,0.815,0.815,0.815,0.815,0.848,0.765,0.782,0.815,0.815,0.815,0.815,0.848,0.765,0.782,0.815,0.815,0.815,0.815,0.848,0.765,0.782,0.815,0.815,0.815,0.815,0.848,0.765,0.782,0.815,0.815,0.815,0.815,0.848,0.765,
0.942,0.942,0.942,0.942,0.942,0.986,0.942,0.942,0.942,0.942,0.942,0.942,0.942,0.986,0.942,0.942,0.942,0.942,0.942,0.942,0.942,0.986,0.942,0.942,0.942,0.942,0.942,0.942,0.942,0.986,0.942,0.942,0.942,0.942,0.942,0.942,0.942,0.986,0.942,0.942,0.942,0.942,0.942,0.942,0.942,0.986,0.942,0.942,0.942,0.942,0.942,0.942,0.942,0.986,0.942,0.942,0.942,0.942,0.942,0.942,0.942,0.986,0.942,0.942,0.942,0.942,0.942,0.942,0.942,0.986,0.942,0.942,0.942,0.942,0.942,0.942,0.942,0.986,0.942,0.942,0.942,0.942,0.942,0.942,0.942,0.986,0.942,0.942,0.942,0.942,0.942,0.942,0.942,0.986,0.942,0.942,0.942,0.942,0.942,0.935,
0.867,0.969,0.944,0.944,0.946,0.956,0.944,0.945,0.955,0.944,0.945,0.955,0.944,0.945,0.955,0.944,0.945,0.955,0.944,0.945,0.955,0.944,0.945,0.955,0.944,0.945,0.955,0.944,0.945,0.955,0.944,0.945,0.955,0.944,0.945,0.955,0.944,0.945,0.955,0.944,0.945,0.955,0.944,0.945,0.955,0.944,0.945,0.955,0.944,0.945,0.955,0.944,0.945,0.955,0.944,0.945,0.955,0.944,0.945,0.955,0.944,0.945,0.955,0.944,0.945,0.955,0.944,0.945,0.955,0.944,0.945,0.955,0.944,0.945,0.955,0.944,0.945,0.955,0.944,0.945,0.955,0.944,0.945,0.955,0.944,0.945,0.955,0.944,0.945,0.955,0.944,0.945,0.955,0.944,0.945,0.955,0.944,0.945,0.955,0.887,
0.82,0.875,0.852,0.875,0.875,0.922,0.866,0.922,0.793,0.855,0.872,0.922,0.866,0.922,0.793,0.855,0.872,0.922,0.866,0.922,0.793,0.855,0.872,0.922,0.866,0.922,0.793,0.855,0.872,0.922,0.866,0.922,0.793,0.855,0.872,0.922,0.866,0.922,0.793,0.855,0.872,0.922,0.866,0.922,0.793,0.855,0.872,0.922,0.866,0.922,0.793,0.855,0.872,0.922,0.866,0.922,0.793,0.855,0.872,0.922,0.866,0.922,0.793,0.855,0.872,0.922,0.866,0.922,0.793,0.855,0.872,0.922,0.866,0.922,0.793,0.855,0.872,0.922,0.866,0.922,0.793,0.855,0.872,0.922,0.866,0.922,0.793,0.855,0.872,0.922,0.866,0.922,0.793,0.855,0.872,0.922,0.866,0.922,0.793,0.827,
1.0,0.756,0.909,0.819,0.904,0.823,0.904,0.824,0.904,0.824,0.904,0.824,0.904,0.824,0.904,0.824,0.904,0.824,0.904,0.824,0.904,0.824,0.904,0.824,0.904,0.824,0.904,0.824,0.904,0.824,0.904,0.824,0.904,0.824,0.904,0.824,0.904,0.824,0.904,0.824,0.904,0.824,0.904,0.824,0.904,0.824,0.904,0.824,0.904,0.824,0.904,0.824,0.904,0.824,0.904,0.824,0.904,0.824,0.904,0.824,0.904,0.824,0.904,0.824,0.904,0.824,0.904,0.824,0.904,0.824,0.904,0.824,0.904,0.824,0.904,0.824,0.904,0.824,0.904,0.824,0.904,0.824,0.904,0.824,0.904,0.824,0.904,0.824,0.904,0.824,0.904,0.824,0.904,0.824,0.904,0.824,0.904,0.824,0.904,0.819,
0.901,0.904,0.904,0.895,0.904,0.904,0.895,0.904,0.904,0.895,0.904,0.904,0.895,0.904,0.904,0.895,0.904,0.904,0.895,0.904,0.904,0.895,0.904,0.904,0.895,0.904,0.904,0.895,0.904,0.904,0.895,0.904,0.904,0.895,0.904,0.904,0.895,0.904,0.904,0.895,0.904,0.904,0.895,0.904,0.904,0.895,0.904,0.904,0.895,0.904,0.904,0.895,0.904,0.904,0.895,0.904,0.904,0.895,0.904,0.904,0.895,0.904,0.904,0.895,0.904,0.904,0.895,0.904,0.904,0.895,0.904,0.904,0.895,0.904,0.904,0.895,0.904,0.904,0.895,0.904,0.904,0.895,0.904,0.904,0.895,0.904,0.904,0.895,0.904,0.904,0.895,0.904,0.904,0.895,0.904,0.904,0.895,0.904,0.904,0.869,
1.0,0.821,1.0,0.827,1.0,0.826,1.0,0.826,1.0,0.826,1.0,0.826,1.0,0.826,1.0,0.826,1.0,0.826,1.0,0.826,1.0,0.826,1.0,0.826,1.0,0.826,1.0,0.826,1.0,0.826,1.0,0.826,1.0,0.826,1.0,0.826,1.0,0.826,1.0,0.826,1.0,0.826,1.0,0.826,1.0,0.826,1.0,0.826,1.0,0.826,1.0,0.826,1.0,0.826,1.0,0.826,1.0,0.826,1.0,0.826,1.0,0.826,1.0,0.826,1.0,0.826,1.0,0.826,1.0,0.826,1.0,0.826,1.0,0.826,1.0,0.826,1.0,0.826,1.0,0.826,1.0,0.826,1.0,0.826,1.0,0.826,1.0,0.826,1.0,0.826,1.0,0.826,1.0,0.826,1.0,0.826,1.0,0.826,1.0,0.74,
0.881,0.881,0.881,0.881,0.881,0.881,0.881,0.881,0.881,0.881,0.881,0.881,0.881,0.881,0.881,0.881,0.881,0.881,0.881,0.881,0.881,0.881,0.881,0.881,0.881,0.881,0.881,0.881,0.881,0.881,0.881,0.881,0.881,0.881,0.881,0.881,0.881,0.881,0.881,0.881,0.881,0.881,0.881,0.881,0.881,0.881,0.881,0.881,0.881,0.881,0.881,0.881,0.881,0.881,0.881,0.881,0.881,0.881,0.881,0.881,0.881,0.881,0.881,0.881,0.881,0.881,0.881,0.881,0.881,0.881,0.881,0.881,0.881,0.881,0.881,0.881,0.881,0.881,0.881,0.881,0.881,0.881,0.881,0.881,0.881,0.881,0.881,0.881,0.881,0.881,0.881,0.881,0.881,0.881,0.881,0.881,0.881,0.881,0.881,0.871,
0.984,0.992,0.995,0.997,0.999,1.0,1.0,1.0,1.0,1.0,1.0,1.0,1.0,1.0,1.0,1.0,1.0,1.0,1.0,1.0,1.0,1.0,1.0,1.0,1.0,1.0,1.0,1.0,1.0,1.0,1.0,1.0,1.0,1.0,1.0,1.0,1.0,1.0,1.0,1.0,1.0,1.0,1.0,1.0,1.0,1.0,1.0,1.0,1.0,1.0,1.0,1.0,1.0,1.0,1.0,1.0,1.0,1.0,1.0,1.0,1.0,1.0,1.0,1.0,1.0,1.0,1.0,1.0,1.0,1.0,1.0,1.0,1.0,1.0,1.0,1.0,1.0,1.0,1.0,1.0,1.0,1.0,1.0,1.0,1.0,1.0,1.0,1.0,1.0,1.0,1.0,1.0,1.0,1.0,1.0,1.0,1.0,1.0,1.0,1.0,
0.749,0.92,0.94,0.93,0.986,0.918,0.951,0.93,0.977,0.93,0.978,0.93,0.978,0.93,0.978,0.93,0.978,0.93,0.978,0.93,0.978,0.93,0.978,0.93,0.978,0.93,0.978,0.93,0.978,0.93,0.978,0.93,0.978,0.93,0.978,0.93,0.978,0.93,0.978,0.93,0.978,0.93,0.978,0.93,0.978,0.93,0.978,0.93,0.978,0.93,0.978,0.93,0.978,0.93,0.978,0.93,0.978,0.93,0.978,0.93,0.978,0.93,0.978,0.93,0.978,0.93,0.978,0.93,0.978,0.93,0.978,0.93,0.978,0.93,0.978,0.93,0.978,0.93,0.978,0.93,0.978,0.93,0.978,0.93,0.978,0.93,0.978,0.93,0.978,0.93,0.978,0.93,0.978,0.93,0.978,0.93,0.978,0.93,0.978,0.854,
0.832,0.894,0.833,0.907,0.831,1.0,0.835,0.83,0.907,0.842,0.907,0.833,0.894,0.833,0.907,0.831,1.0,0.835,0.83,0.907,0.842,0.907,0.833,0.894,0.833,0.907,0.831,1.0,0.835,0.83,0.907,0.842,0.907,0.833,0.894,0.833,0.907,0.831,1.0,0.835,0.83,0.907,0.842,0.907,0.833,0.894,0.833,0.907,0.831,1.0,0.835,0.83,0.907,0.842,0.907,0.833,0.894,0.833,0.907,0.831,1.0,0.835,0.83,0.907,0.842,0.907,0.833,0.894,0.833,0.907,0.831,1.0,0.835,0.83,0.907,0.842,0.907,0.833,0.894,0.833,0.907,0.831,1.0,0.835,0.83,0.907,0.842,0.907,0.833,0.894,0.833,0.907,0.831,1.0,0.835,0.83,0.907,0.842,0.907,0.833,
1.0,0.806,0.988,0.822,0.843,0.841,0.844,0.942,0.842,0.861,0.867,0.836,0.864,0.831,0.864,0.831,0.793,0.871,0.831,0.793,0.871,0.831,0.793,0.871,0.831,0.793,0.871,0.831,0.793,0.871,0.831,0.793,0.871,0.831,0.793,0.871,0.831,0.793,0.871,0.831,0.793,0.871,0.831,0.793,0.871,0.831,0.793,0.871,0.831,0.793,0.871,0.831,0.793,0.871,0.831,0.793,0.871,0.831,0.793,0.871,0.831,0.793,0.871,0.831,0.793,0.871,0.831,0.793,0.871,0.831,0.793,0.871,0.831,0.793,0.871,0.831,0.793,0.871,0.831,0.793,0.871,0.831,0.793,0.871,0.831,0.793,0.871,0.831,0.793,0.871,0.831,0.793,0.871,0.831,0.793,0.871,0.831,0.793,0.871,0.806,
1.0,1.0,1.0,1.0,1.0,1.0,1.0,1.0,1.0,1.0,1.0,1.0,1.0,1.0,1.0,1.0,1.0,1.0,1.0,1.0,1.0,1.0,1.0,1.0,1.0,1.0,1.0,1.0,1.0,1.0,1.0,1.0,1.0,1.0,1.0,1.0,1.0,1.0,1.0,1.0,1.0,1.0,1.0,1.0,1.0,1.0,1.0,1.0,1.0,1.0,1.0,1.0,1.0,1.0,1.0,1.0,1.0,1.0,1.0,1.0,1.0,1.0,1.0,1.0,1.0,1.0,1.0,1.0,1.0,1.0,1.0,1.0,1.0,1.0,1.0,1.0,1.0,1.0,1.0,1.0,1.0,1.0,1.0,1.0,1.0,1.0,1.0,1.0,1.0,1.0,1.0,1.0,1.0,1.0,1.0,1.0,1.0,1.0,1.0,1.0,
0.969,0.977,0.979,0.978,0.975,0.979,0.978,0.975,0.979,0.978,0.975,0.979,0.978,0.975,0.979,0.978,0.975,0.979,0.978,0.975,0.979,0.978,0.975,0.979,0.978,0.975,0.979,0.978,0.975,0.979,0.978,0.975,0.979,0.978,0.975,0.979,0.978,0.975,0.979,0.978,0.975,0.979,0.978,0.975,0.979,0.978,0.975,0.979,0.978,0.975,0.979,0.978,0.975,0.979,0.978,0.975,0.979,0.978,0.975,0.979,0.978,0.975,0.979,0.978,0.975,0.979,0.978,0.975,0.979,0.978,0.975,0.979,0.978,0.975,0.979,0.978,0.975,0.979,0.978,0.975,0.979,0.978,0.975,0.979,0.978,0.975,0.979,0.978,0.975,0.979,0.978,0.975,0.979,0.978,0.975,0.979,0.978,0.975,0.979,0.942,
0.995,0.995,0.995,0.995,0.995,0.995,0.995,0.995,0.995,0.995,0.995,0.995,0.995,0.995,0.995,0.995,0.995,0.995,0.995,0.995,0.995,0.995,0.995,0.995,0.995,0.995,0.995,0.995,0.995,0.995,0.995,0.995,0.995,0.995,0.995,0.995,0.995,0.995,0.995,0.995,0.995,0.995,0.995,0.995,0.995,0.995,0.995,0.995,0.995,0.995,0.995,0.995,0.995,0.995,0.995,0.995,0.995,0.995,0.995,0.995,0.995,0.995,0.995,0.995,0.995,0.995,0.995,0.995,0.995,0.995,0.995,0.995,0.995,0.995,0.995,0.995,0.995,0.995,0.995,0.995,0.995,0.995,0.995,0.995,0.995,0.995,0.995,0.995,0.995,0.995,0.995,0.995,0.995,0.995,0.995,0.995,0.995,0.995,0.995,0.995,
1.0,0.778,0.974,0.892,0.823,0.846,0.9,0.846,0.9,0.846,0.846,0.9,0.845,0.9,0.846,0.9,0.846,0.847,0.9,0.846,0.9,0.846,0.9,0.846,0.9,0.846,0.846,0.9,0.845,0.9,0.846,0.9,0.846,0.847,0.9,0.846,0.9,0.846,0.9,0.846,0.9,0.846,0.846,0.9,0.845,0.9,0.846,0.9,0.846,0.847,0.9,0.846,0.9,0.846,0.9,0.846,0.9,0.846,0.846,0.9,0.845,0.9,0.846,0.9,0.846,0.847,0.9,0.846,0.9,0.846,0.9,0.846,0.9,0.846,0.846,0.9,0.845,0.9,0.846,0.9,0.846,0.847,0.9,0.846,0.9,0.846,0.9,0.846,0.9,0.846,0.846,0.9,0.845,0.9,0.846,0.9,0.846,0.847,0.9,0.814,
0.891,0.917,0.931,0.921,0.931,0.921,0.931,0.921,0.931,0.921,0.931,0.921,0.931,0.921,0.931,0.921,0.931,0.921,0.931,0.921,0.931,0.921,0.931,0.921,0.931,0.921,0.931,0.921,0.931,0.921,0.931,0.921,0.931,0.921,0.931,0.921,0.931,0.921,0.931,0.921,0.931,0.921,0.931,0.921,0.931,0.921,0.931,0.921,0.931,0.921,0.931,0.921,0.931,0.921,0.931,0.921,0.931,0.921,0.931,0.921,0.931,0.921,0.931,0.921,0.931,0.921,0.931,0.921,0.931,0.921,0.931,0.921,0.931,0.921,0.931,0.921,0.931,0.921,0.931,0.921,0.931,0.921,0.931,0.921,0.931,0.921,0.931,0.921,0.931,0.921,0.931,0.921,0.931,0.921,0.931,0.921,0.931,0.921,0.931,0.848,
0.968,0.968,0.968,0.968,0.968,0.968,0.968,0.968,0.968,0.968,0.968,0.968,0.968,0.968,0.968,0.968,0.968,0.968,0.968,0.968,0.968,0.968,0.968,0.968,0.968,0.968,0.968,0.968,0.968,0.968,0.968,0.968,0.968,0.968,0.968,0.968,0.968,0.968,0.968,0.968,0.968,0.968,0.968,0.968,0.968,0.968,0.968,0.968,0.968,0.968,0.968,0.968,0.968,0.968,0.968,0.968,0.968,0.968,0.968,0.968,0.968,0.968,0.968,0.968,0.968,0.968,0.968,0.968,0.968,0.968,0.968,0.968,0.968,0.968,0.968,0.968,0.968,0.968,0.968,0.968,0.968,0.968,0.968,0.968,0.968,0.968,0.968,0.968,0.968,0.968,0.968,0.968,0.968,0.968,0.968,0.968,0.968,0.968,0.968,0.925,
1.0,0.921,0.794,0.832,0.709,0.835,0.785,0.8,0.792,0.762,0.794,0.795,0.793,0.82,0.787,0.819,0.739,0.821,0.772,0.815,0.799,0.792,0.807,0.795,0.74,0.822,0.793,0.792,0.82,0.787,0.819,0.739,0.821,0.793,0.792,0.82,0.774,0.749,0.786,0.789,0.728,0.792,0.799,0.793,0.82,0.774,0.816,0.799,0.78,0.815,0.799,0.735,0.749,0.786,0.799,0.792,0.82,0.739,0.821,0.772,0.815,0.799,0.735,0.749,0.786,0.799,0.792,0.82,0.739,0.821,0.772,0.815,0.799,0.792,0.747,0.794,0.794,0.793,0.82,0.787,0.819,0.739,0.821,0.793,0.792,0.82,0.774,0.749,0.786,0.789,0.728,0.792,0.799,0.793,0.82,0.787,0.819,0.739,0.821,0.77,
0.917,0.966,0.917,0.966,0.917,0.966,0.917,0.966,0.917,0.966,0.917,0.966,0.917,0.966,0.917,0.966,0.917,0.966,0.917,0.966,0.917,0.966,0.917,0.966,0.917,0.966,0.917,0.966,0.917,0.966,0.917,0.966,0.917,0.966,0.917,0.966,0.917,0.966,0.917,0.966,0.917,0.966,0.917,0.966,0.917,0.966,0.917,0.966,0.917,0.966,0.917,0.966,0.917,0.966,0.917,0.966,0.917,0.966,0.917,0.966,0.917,0.966,0.917,0.966,0.917,0.966,0.917,0.966,0.917,0.966,0.917,0.966,0.917,0.966,0.917,0.966,0.917,0.966,0.917,0.966,0.917,0.966,0.917,0.966,0.917,0.966,0.917,0.966,0.917,0.966,0.917,0.966,0.917,0.966,0.917,0.966,0.917,0.966,0.917,0.949,
0.908,0.942,0.935,0.94,0.94,0.94,0.939,0.939,0.939,0.939,0.939,0.938,0.938,0.938,0.941,0.936,0.94,0.94,0.94,0.939,0.939,0.939,0.939,0.939,0.938,0.938,0.938,0.941,0.936,0.94,0.94,0.94,0.939,0.939,0.939,0.939,0.939,0.938,0.938,0.938,0.941,0.936,0.94,0.94,0.94,0.939,0.939,0.939,0.939,0.939,0.938,0.938,0.938,0.941,0.936,0.94,0.94,0.94,0.939,0.939,0.939,0.939,0.939,0.938,0.938,0.938,0.941,0.936,0.94,0.94,0.94,0.939,0.939,0.939,0.939,0.939,0.938,0.938,0.938,0.941,0.936,0.94,0.94,0.94,0.939,0.939,0.939,0.939,0.939,0.938,0.938,0.938,0.941,0.936,0.94,0.94,0.94,0.939,0.939,0.915,
0.996,1.0,0.996,1.0,0.996,1.0,0.996,1.0,0.996,1.0,0.996,1.0,0.996,1.0,0.996,1.0,0.996,1.0,0.996,1.0,0.996,1.0,0.996,1.0,0.996,1.0,0.996,1.0,0.996,1.0,0.996,1.0,0.996,1.0,0.996,1.0,0.996,1.0,0.996,1.0,0.996,1.0,0.996,1.0,0.996,1.0,0.996,1.0,0.996,1.0,0.996,1.0,0.996,1.0,0.996,1.0,0.996,1.0,0.996,1.0,0.996,1.0,0.996,1.0,0.996,1.0,0.996,1.0,0.996,1.0,0.996,1.0,0.996,1.0,0.996,1.0,0.996,1.0,0.996,1.0,0.996,1.0,0.996,1.0,0.996,1.0,0.996,1.0,0.996,1.0,0.996,1.0,0.996,1.0,0.996,1.0,0.996,1.0,0.996,1.0,
0.805,0.844,0.894,0.866,0.95,0.874,0.869,0.95,0.874,0.869,0.95,0.874,0.869,0.95,0.874,0.869,0.95,0.874,0.869,0.95,0.874,0.869,0.95,0.874,0.869,0.95,0.874,0.869,0.95,0.874,0.869,0.95,0.874,0.869,0.95,0.874,0.869,0.95,0.874,0.869,0.95,0.874,0.869,0.95,0.874,0.869,0.95,0.874,0.869,0.95,0.874,0.869,0.95,0.874,0.869,0.95,0.874,0.869,0.95,0.874,0.869,0.95,0.874,0.869,0.95,0.874,0.869,0.95,0.874,0.869,0.95,0.874,0.869,0.95,0.874,0.869,0.95,0.874,0.869,0.95,0.874,0.869,0.95,0.874,0.869,0.95,0.874,0.869,0.95,0.874,0.869,0.95,0.874,0.869,0.95,0.874,0.869,0.95,0.874,0.869,
0.932,0.946,0.982,0.989,0.996,0.991,1.0,0.997,0.991,1.0,0.997,0.991,1.0,0.997,0.991,1.0,0.997,0.991,1.0,0.997,0.991,1.0,0.997,0.991,1.0,0.997,0.991,1.0,0.997,0.991,1.0,0.997,0.991,1.0,0.997,0.991,1.0,0.997,0.991,1.0,0.997,0.991,1.0,0.997,0.991,1.0,0.997,0.991,1.0,0.997,0.991,1.0,0.997,0.991,1.0,0.997,0.991,1.0,0.997,0.991,1.0,0.997,0.991,1.0,0.997,0.991,1.0,0.997,0.991,1.0,0.997,0.991,1.0,0.997,0.991,1.0,0.997,0.991,1.0,0.997,0.991,1.0,0.997,0.991,1.0,0.997,0.991,1.0,0.997,0.991,1.0,0.997,0.991,1.0,0.997,0.991,1.0,0.997,0.991,0.921,
0.896,0.955,0.968,0.97,0.97,0.97,0.97,0.97,0.97,0.97,0.97,0.97,0.97,0.97,0.97,0.97,0.97,0.97,0.97,0.97,0.97,0.97,0.97,0.97,0.97,0.97,0.97,0.97,0.97,0.97,0.97,0.97,0.97,0.97,0.97,0.97,0.97,0.97,0.97,0.97,0.97,0.97,0.97,0.97,0.97,0.97,0.97,0.97,0.97,0.97,0.97,0.97,0.97,0.97,0.97,0.97,0.97,0.97,0.97,0.97,0.97,0.97,0.97,0.97,0.97,0.97,0.97,0.97,0.97,0.97,0.97,0.97,0.97,0.97,0.97,0.97,0.97,0.97,0.97,0.97,0.97,0.97,0.97,0.97,0.97,0.97,0.97,0.97,0.97,0.97,0.97,0.97,0.97,0.97,0.97,0.97,0.97,0.97,0.97,0.865,
0.995,1.0,0.995,0.999,0.995,0.999,0.995,0.999,0.995,0.999,0.995,0.999,0.995,0.999,0.995,0.999,0.995,0.999,0.995,0.999,0.995,0.999,0.995,0.999,0.995,0.999,0.995,0.999,0.995,0.999,0.995,0.999,0.995,0.999,0.995,0.999,0.995,0.999,0.995,0.999,0.995,0.999,0.995,0.999,0.995,0.999,0.995,0.999,0.995,0.999,0.995,0.999,0.995,0.999,0.995,0.999,0.995,0.999,0.995,0.999,0.995,0.999,0.995,0.999,0.995,0.999,0.995,0.999,0.995,0.999,0.995,0.999,0.995,0.999,0.995,0.999,0.995,0.999,0.995,0.999,0.995,0.999,0.995,0.999,0.995,0.999,0.995,0.999,0.995,0.999,0.995,0.999,0.995,0.999,0.995,0.999,0.995,0.999,0.995,0.979,
0.974,1.0,1.0,1.0,1.0,1.0,1.0,1.0,1.0,1.0,1.0,1.0,1.0,1.0,1.0,1.0,1.0,1.0,1.0,1.0,1.0,1.0,1.0,1.0,1.0,1.0,1.0,1.0,1.0,1.0,1.0,1.0,1.0,1.0,1.0,1.0,1.0,1.0,1.0,1.0,1.0,1.0,1.0,1.0,1.0,1.0,1.0,1.0,1.0,1.0,1.0,1.0,1.0,1.0,1.0,1.0,1.0,1.0,1.0,1.0,1.0,1.0,1.0,1.0,1.0,1.0,1.0,1.0,1.0,1.0,1.0,1.0,1.0,1.0,1.0,1.0,1.0,1.0,1.0,1.0,1.0,1.0,1.0,1.0,1.0,1.0,1.0,1.0,1.0,1.0,1.0,1.0,1.0,1.0,1.0,1.0,1.0,1.0,1.0,0.976,
0.893,0.893,0.921,0.921,0.921,0.922,0.922,0.922,0.922,0.922,0.922,0.922,0.922,0.922,0.922,0.922,0.922,0.922,0.922,0.922,0.922,0.922,0.922,0.922,0.922,0.922,0.922,0.922,0.922,0.922,0.922,0.922,0.922,0.922,0.922,0.922,0.922,0.922,0.922,0.922,0.922,0.922,0.922,0.922,0.922,0.922,0.922,0.922,0.922,0.922,0.922,0.922,0.922,0.922,0.922,0.922,0.922,0.922,0.922,0.922,0.922,0.922,0.922,0.922,0.922,0.922,0.922,0.922,0.922,0.922,0.922,0.922,0.922,0.922,0.922,0.922,0.922,0.922,0.922,0.922,0.922,0.922,0.922,0.922,0.922,0.922,0.922,0.922,0.922,0.922,0.922,0.922,0.922,0.922,0.922,0.922,0.922,0.922,0.922,0.885,
0.946,0.953,0.953,0.979,0.98,0.98,0.98,0.98,0.98,0.98,0.98,0.98,0.98,0.98,0.98,0.98,0.98,0.98,0.98,0.98,0.98,0.98,0.98,0.98,0.98,0.98,0.98,0.98,0.98,0.98,0.98,0.98,0.98,0.98,0.98,0.98,0.98,0.98,0.98,0.98,0.98,0.98,0.98,0.98,0.98,0.98,0.98,0.98,0.98,0.98,0.98,0.98,0.98,0.98,0.98,0.98,0.98,0.98,0.98,0.98,0.98,0.98,0.98,0.98,0.98,0.98,0.98,0.98,0.98,0.98,0.98,0.98,0.98,0.98,0.98,0.98,0.98,0.98,0.98,0.98,0.98,0.98,0.98,0.98,0.98,0.98,0.98,0.98,0.98,0.98,0.98,0.98,0.98,0.98,0.98,0.98,0.98,0.98,0.98,0.914,
0.978,1.0,0.978,1.0,0.978,1.0,0.978,1.0,0.978,1.0,0.978,1.0,0.978,1.0,0.978,1.0,0.978,1.0,0.978,1.0,0.978,1.0,0.978,1.0,0.978,1.0,0.978,1.0,0.978,1.0,0.978,1.0,0.978,1.0,0.978,1.0,0.978,1.0,0.978,1.0,0.978,1.0,0.978,1.0,0.978,1.0,0.978,1.0,0.978,1.0,0.978,1.0,0.978,1.0,0.978,1.0,0.978,1.0,0.978,1.0,0.978,1.0,0.978,1.0,0.978,1.0,0.978,1.0,0.978,1.0,0.978,1.0,0.978,1.0,0.978,1.0,0.978,1.0,0.978,1.0,0.978,1.0,0.978,1.0,0.978,1.0,0.978,1.0,0.978,1.0,0.978,1.0,0.978,1.0,0.978,1.0,0.978,1.0,0.978,0.993,
0.944,0.938,0.932,0.929,0.927,0.927,0.927,0.927,0.927,0.927,0.927,0.927,0.927,0.927,0.927,0.927,0.927,0.927,0.927,0.927,0.927,0.927,0.927,0.927,0.927,0.927,0.927,0.927,0.927,0.927,0.927,0.927,0.927,0.927,0.927,0.927,0.927,0.927,0.927,0.927,0.927,0.927,0.927,0.927,0.927,0.927,0.927,0.927,0.927,0.927,0.927,0.927,0.927,0.927,0.927,0.927,0.927,0.927,0.927,0.927,0.927,0.927,0.927,0.927,0.927,0.927,0.927,0.927,0.927,0.927,0.927,0.927,0.927,0.927,0.927,0.927,0.927,0.927,0.927,0.927,0.927,0.927,0.927,0.927,0.927,0.927,0.927,0.927,0.927,0.927,0.927,0.927,0.927,0.927,0.927,0.927,0.927,0.927,0.927,0.913,
0.861,0.849,0.901,0.863,0.851,0.847,0.826,0.853,0.843,0.826,0.853,0.843,0.826,0.853,0.843,0.826,0.853,0.843,0.826,0.853,0.843,0.826,0.853,0.843,0.826,0.853,0.843,0.826,0.853,0.843,0.826,0.853,0.843,0.826,0.853,0.843,0.826,0.853,0.843,0.826,0.853,0.843,0.826,0.853,0.843,0.826,0.853,0.843,0.826,0.853,0.843,0.826,0.853,0.843,0.826,0.853,0.843,0.826,0.853,0.843,0.826,0.853,0.843,0.826,0.853,0.843,0.826,0.853,0.843,0.826,0.853,0.843,0.826,0.853,0.843,0.826,0.853,0.843,0.826,0.853,0.843,0.826,0.853,0.843,0.826,0.853,0.843,0.826,0.853,0.843,0.826,0.853,0.843,0.826,0.853,0.843,0.826,0.853,0.843,0.826,
0.848,0.868,0.868,0.868,0.868,0.868,0.868,0.868,0.868,0.868,0.868,0.868,0.868,0.868,0.868,0.868,0.868,0.868,0.868,0.868,0.868,0.868,0.868,0.868,0.868,0.868,0.868,0.868,0.868,0.868,0.868,0.868,0.868,0.868,0.868,0.868,0.868,0.868,0.868,0.868,0.868,0.868,0.868,0.868,0.868,0.868,0.868,0.868,0.868,0.868,0.868,0.868,0.868,0.868,0.868,0.868,0.868,0.868,0.868,0.868,0.868,0.868,0.868,0.868,0.868,0.868,0.868,0.868,0.868,0.868,0.868,0.868,0.868,0.868,0.868,0.868,0.868,0.868,0.868,0.868,0.868,0.868,0.868,0.868,0.868,0.868,0.868,0.868,0.868,0.868,0.868,0.868,0.868,0.868,0.868,0.868,0.868,0.868,0.868,0.866,
0.985,0.889,0.982,0.925,0.982,0.925,0.982,0.925,0.982,0.925,0.982,0.925,0.982,0.925,0.982,0.925,0.982,0.925,0.982,0.925,0.982,0.925,0.982,0.925,0.982,0.925,0.982,0.925,0.982,0.925,0.982,0.925,0.982,0.925,0.982,0.925,0.982,0.925,0.982,0.925,0.982,0.925,0.982,0.925,0.982,0.925,0.982,0.925,0.982,0.925,0.982,0.925,0.982,0.925,0.982,0.925,0.982,0.925,0.982,0.925,0.982,0.925,0.982,0.925,0.982,0.925,0.982,0.925,0.982,0.925,0.982,0.925,0.982,0.925,0.982,0.925,0.982,0.925,0.982,0.925,0.982,0.925,0.982,0.925,0.982,0.925,0.982,0.925,0.982,0.925,0.982,0.925,0.982,0.925,0.982,0.925,0.982,0.925,0.982,0.809,
0.938,0.924,0.958,0.966,0.998,0.931,0.964,0.968,1.0,0.931,0.964,0.968,1.0,0.931,0.964,0.968,1.0,0.931,0.964,0.968,1.0,0.931,0.964,0.968,1.0,0.931,0.964,0.968,1.0,0.931,0.964,0.968,1.0,0.931,0.964,0.968,1.0,0.931,0.964,0.968,1.0,0.931,0.964,0.968,1.0,0.931,0.964,0.968,1.0,0.931,0.964,0.968,1.0,0.931,0.964,0.968,1.0,0.931,0.964,0.968,1.0,0.931,0.964,0.968,1.0,0.931,0.964,0.968,1.0,0.931,0.964,0.968,1.0,0.931,0.964,0.968,1.0,0.931,0.964,0.968,1.0,0.931,0.964,0.968,1.0,0.931,0.964,0.968,1.0,0.931,0.964,0.968,1.0,0.931,0.964,0.968,1.0,0.931,0.964,0.928,
0.914,0.776,0.855,0.652,0.873,0.708,0.996,0.708,0.914,0.698,0.977,0.636,0.914,0.692,0.938,0.709,0.997,0.709,0.914,0.653,0.874,0.66,0.874,0.732,0.997,0.709,0.914,0.699,0.977,0.689,0.977,0.635,0.914,0.692,0.938,0.709,0.997,0.709,0.914,0.699,0.977,0.636,0.914,0.692,0.938,0.709,0.997,0.709,0.914,0.653,0.874,0.732,0.997,0.709,0.914,0.699,0.977,0.636,0.914,0.692,0.938,0.709,0.997,0.709,0.914,0.653,0.874,0.66,0.874,0.732,0.997,0.709,0.914,0.699,0.977,0.689,0.977,0.635,0.914,0.637,0.878,0.689,0.935,0.681,0.886,0.723,0.996,0.708,0.914,0.653,0.874,0.66,0.874,0.732,0.997,0.709,0.914,0.699,0.977,0.636,
0.917,0.917,0.938,0.938,0.938,0.938,0.938,0.938,0.938,0.938,0.938,0.938,0.938,0.938,0.938,0.938,0.938,0.938,0.938,0.938,0.938,0.938,0.938,0.938,0.938,0.938,0.938,0.938,0.938,0.938,0.938,0.938,0.938,0.938,0.938,0.938,0.938,0.938,0.938,0.938,0.938,0.938,0.938,0.938,0.938,0.938,0.938,0.938,0.938,0.938,0.938,0.938,0.938,0.938,0.938,0.938,0.938,0.938,0.938,0.938,0.938,0.938,0.938,0.938,0.938,0.938,0.938,0.938,0.938,0.938,0.938,0.938,0.938,0.938,0.938,0.938,0.938,0.938,0.938,0.938,0.938,0.938,0.938,0.938,0.938,0.938,0.938,0.938,0.938,0.938,0.938,0.938,0.938,0.938,0.938,0.938,0.938,0.938,0.938,0.92,
0.924,0.995,0.986,0.986,0.986,0.986,0.986,0.986,0.986,0.986,0.986,0.986,0.986,0.986,0.986,0.986,0.986,0.986,0.986,0.986,0.986,0.986,0.986,0.986,0.986,0.986,0.986,0.986,0.986,0.986,0.986,0.986,0.986,0.986,0.986,0.986,0.986,0.986,0.986,0.986,0.986,0.986,0.986,0.986,0.986,0.986,0.986,0.986,0.986,0.986,0.986,0.986,0.986,0.986,0.986,0.986,0.986,0.986,0.986,0.986,0.986,0.986,0.986,0.986,0.986,0.986,0.986,0.986,0.986,0.986,0.986,0.986,0.986,0.986,0.986,0.986,0.986,0.986,0.986,0.986,0.986,0.986,0.986,0.986,0.986,0.986,0.986,0.986,0.986,0.986,0.986,0.986,0.986,0.986,0.986,0.986,0.986,0.986,0.986,0.927,
0.949,0.828,0.922,0.899,0.911,0.896,0.922,0.922,0.922,0.922,0.922,0.922,0.922,0.922,0.922,0.922,0.922,0.922,0.922,0.922,0.922,0.922,0.922,0.922,0.922,0.922,0.922,0.922,0.922,0.922,0.922,0.922,0.922,0.922,0.922,0.922,0.922,0.922,0.922,0.922,0.922,0.922,0.922,0.922,0.922,0.922,0.922,0.922,0.922,0.922,0.922,0.922,0.922,0.922,0.922,0.922,0.922,0.922,0.922,0.922,0.922,0.922,0.922,0.922,0.922,0.922,0.922,0.922,0.922,0.922,0.922,0.922,0.922,0.922,0.922,0.922,0.922,0.922,0.922,0.922,0.922,0.922,0.922,0.922,0.922,0.922,0.922,0.922,0.922,0.922,0.922,0.922,0.922,0.922,0.922,0.922,0.922,0.922,0.922,0.9,
0.852,0.941,0.964,0.968,0.968,0.968,0.968,0.968,0.968,0.968,0.968,0.968,0.968,0.968,0.968,0.968,0.968,0.968,0.968,0.968,0.968,0.968,0.968,0.968,0.968,0.968,0.968,0.968,0.968,0.968,0.968,0.968,0.968,0.968,0.968,0.968,0.968,0.968,0.968,0.968,0.968,0.968,0.968,0.968,0.968,0.968,0.968,0.968,0.968,0.968,0.968,0.968,0.968,0.968,0.968,0.968,0.968,0.968,0.968,0.968,0.968,0.968,0.968,0.968,0.968,0.968,0.968,0.968,0.968,0.968,0.968,0.968,0.968,0.968,0.968,0.968,0.968,0.968,0.968,0.968,0.968,0.968,0.968,0.968,0.968,0.968,0.968,0.968,0.968,0.968,0.968,0.968,0.968,0.968,0.968,0.968,0.968,0.968,0.968,0.844,
0.983,0.989,1.0,1.0,1.0,1.0,1.0,1.0,1.0,1.0,1.0,1.0,1.0,1.0,1.0,1.0,1.0,1.0,1.0,1.0,1.0,1.0,1.0,1.0,1.0,1.0,1.0,1.0,1.0,1.0,1.0,1.0,1.0,1.0,1.0,1.0,1.0,1.0,1.0,1.0,1.0,1.0,1.0,1.0,1.0,1.0,1.0,1.0,1.0,1.0,1.0,1.0,1.0,1.0,1.0,1.0,1.0,1.0,1.0,1.0,1.0,1.0,1.0,1.0,1.0,1.0,1.0,1.0,1.0,1.0,1.0,1.0,1.0,1.0,1.0,1.0,1.0,1.0,1.0,1.0,1.0,1.0,1.0,1.0,1.0,1.0,1.0,1.0,1.0,1.0,1.0,1.0,1.0,1.0,1.0,1.0,1.0,1.0,1.0,1.0,
0.863,0.944,0.971,0.971,0.971,0.971,0.971,0.971,0.971,0.971,0.971,0.971,0.971,0.971,0.971,0.971,0.971,0.971,0.971,0.971,0.971,0.971,0.971,0.971,0.971,0.971,0.971,0.971,0.971,0.971,0.971,0.971,0.971,0.971,0.971,0.971,0.971,0.971,0.971,0.971,0.971,0.971,0.971,0.971,0.971,0.971,0.971,0.971,0.971,0.971,0.971,0.971,0.971,0.971,0.971,0.971,0.971,0.971,0.971,0.971,0.971,0.971,0.971,0.971,0.971,0.971,0.971,0.971,0.971,0.971,0.971,0.971,0.971,0.971,0.971,0.971,0.971,0.971,0.971,0.971,0.971,0.971,0.971,0.971,0.971,0.971,0.971,0.971,0.971,0.971,0.971,0.971,0.971,0.971,0.971,0.971,0.971,0.971,0.971,0.933,
1.0,1.0,1.0,1.0,1.0,1.0,1.0,1.0,1.0,1.0,1.0,1.0,1.0,1.0,1.0,1.0,1.0,1.0,1.0,1.0,1.0,1.0,1.0,1.0,1.0,1.0,1.0,1.0,1.0,1.0,1.0,1.0,1.0,1.0,1.0,1.0,1.0,1.0,1.0,1.0,1.0,1.0,1.0,1.0,1.0,1.0,1.0,1.0,1.0,1.0,1.0,1.0,1.0,1.0,1.0,1.0,1.0,1.0,1.0,1.0,1.0,1.0,1.0,1.0,1.0,1.0,1.0,1.0,1.0,1.0,1.0,1.0,1.0,1.0,1.0,1.0,1.0,1.0,1.0,1.0,1.0,1.0,1.0,1.0,1.0,1.0,1.0,1.0,1.0,1.0,1.0,1.0,1.0,1.0,1.0,1.0,1.0,1.0,1.0,1.0,
1.0,0.962,0.935,0.929,0.962,0.929,0.962,0.929,0.962,0.929,0.962,0.929,0.962,0.929,0.962,0.929,0.962,0.929,0.962,0.929,0.962,0.929,0.962,0.929,0.962,0.929,0.962,0.929,0.962,0.929,0.962,0.929,0.962,0.929,0.962,0.929,0.962,0.929,0.962,0.929,0.962,0.929,0.962,0.929,0.962,0.929,0.962,0.929,0.962,0.929,0.962,0.929,0.962,0.929,0.962,0.929,0.962,0.929,0.962,0.929,0.962,0.929,0.962,0.929,0.962,0.929,0.962,0.929,0.962,0.929,0.962,0.929,0.962,0.929,0.962,0.929,0.962,0.929,0.962,0.929,0.962,0.929,0.962,0.929,0.962,0.929,0.962,0.929,0.962,0.929,0.962,0.929,0.962,0.929,0.962,0.929,0.962,0.929,0.962,0.929,
0.878,0.899,0.902,0.908,0.912,0.912,0.912,0.912,0.922,0.949,0.959,0.949,0.959,0.949,0.959,0.949,0.959,0.949,0.959,0.949,0.959,0.949,0.959,0.949,0.959,0.949,0.959,0.949,0.959,0.949,0.959,0.949,0.959,0.949,0.959,0.949,0.959,0.949,0.959,0.949,0.959,0.949,0.959,0.949,0.959,0.949,0.959,0.949,0.959,0.949,0.959,0.949,0.959,0.949,0.959,0.949,0.959,0.949,0.959,0.949,0.959,0.949,0.959,0.949,0.959,0.949,0.959,0.949,0.959,0.949,0.959,0.949,0.959,0.949,0.959,0.949,0.959,0.949,0.959,0.949,0.959,0.949,0.959,0.949,0.959,0.949,0.959,0.949,0.959,0.949,0.959,0.949,0.959,0.949,0.959,0.949,0.959,0.949,0.959,0.86,
1.0,0.992,0.992,0.992,0.992,0.992,0.992,0.992,0.992,0.992,0.992,0.992,0.992,0.992,0.992,0.992,0.992,0.992,0.992,0.992,0.992,0.992,0.992,0.992,0.992,0.992,0.992,0.992,0.992,0.992,0.992,0.992,0.992,0.992,0.992,0.992,0.992,0.992,0.992,0.992,0.992,0.992,0.992,0.992,0.992,0.992,0.992,0.992,0.992,0.992,0.992,0.992,0.992,0.992,0.992,0.992,0.992,0.992,0.992,0.992,0.992,0.992,0.992,0.992,0.992,0.992,0.992,0.992,0.992,0.992,0.992,0.992,0.992,0.992,0.992,0.992,0.992,0.992,0.992,0.992,0.992,0.992,0.992,0.992,0.992,0.992,0.992,0.992,0.992,0.992,0.992,0.992,0.992,0.992,0.992,0.992,0.992,0.992,0.992,0.963,
0.826,0.906,0.906,0.906,0.907,0.907,0.907,0.907,0.907,0.907,0.907,0.907,0.907,0.907,0.907,0.907,0.907,0.907,0.907,0.907,0.907,0.907,0.907,0.907,0.907,0.907,0.907,0.907,0.907,0.907,0.907,0.907,0.907,0.907,0.907,0.907,0.907,0.907,0.907,0.907,0.907,0.907,0.907,0.907,0.907,0.907,0.907,0.907,0.907,0.907,0.907,0.907,0.907,0.907,0.907,0.907,0.907,0.907,0.907,0.907,0.907,0.907,0.907,0.907,0.907,0.907,0.907,0.907,0.907,0.907,0.907,0.907,0.907,0.907,0.907,0.907,0.907,0.907,0.907,0.907,0.907,0.907,0.907,0.907,0.907,0.907,0.907,0.907,0.907,0.907,0.907,0.907,0.907,0.907,0.907,0.907,0.907,0.907,0.907,0.853,
0.856,0.845,0.849,0.853,0.857,0.861,0.865,0.841,0.849,0.853,0.857,0.861,0.865,0.869,0.853,0.857,0.861,0.865,0.869,0.841,0.849,0.853,0.857,0.861,0.865,0.869,0.853,0.857,0.861,0.865,0.869,0.841,0.849,0.853,0.857,0.861,0.865,0.869,0.853,0.857,0.861,0.865,0.869,0.841,0.849,0.853,0.857,0.861,0.865,0.869,0.853,0.857,0.861,0.865,0.869,0.841,0.849,0.853,0.857,0.861,0.865,0.869,0.853,0.857,0.861,0.865,0.869,0.841,0.849,0.853,0.857,0.861,0.865,0.869,0.853,0.857,0.861,0.865,0.869,0.841,0.849,0.853,0.857,0.861,0.865,0.869,0.853,0.857,0.861,0.865,0.869,0.841,0.849,0.853,0.857,0.861,0.865,0.869,0.853,0.857,
0.923,0.958,0.958,0.958,0.958,0.958,0.958,0.958,0.958,0.958,0.958,0.958,0.958,0.958,0.958,0.958,0.958,0.958,0.958,0.958,0.958,0.958,0.958,0.958,0.958,0.958,0.958,0.958,0.958,0.958,0.958,0.958,0.958,0.958,0.958,0.958,0.958,0.958,0.958,0.958,0.958,0.958,0.958,0.958,0.958,0.958,0.958,0.958,0.958,0.958,0.958,0.958,0.958,0.958,0.958,0.958,0.958,0.958,0.958,0.958,0.958,0.958,0.958,0.958,0.958,0.958,0.958,0.958,0.958,0.958,0.958,0.958,0.958,0.958,0.958,0.958,0.958,0.958,0.958,0.958,0.958,0.958,0.958,0.958,0.958,0.958,0.958,0.958,0.958,0.958,0.958,0.958,0.958,0.958,0.958,0.958,0.958,0.958,0.958,0.915,
0.875,0.917,0.917,0.917,0.917,0.917,0.917,0.917,0.917,0.917,0.917,0.917,0.917,0.917,0.917,0.917,0.917,0.917,0.917,0.917,0.917,0.917,0.917,0.917,0.917,0.917,0.917,0.917,0.917,0.917,0.917,0.917,0.917,0.917,0.917,0.917,0.917,0.917,0.917,0.917,0.917,0.917,0.917,0.917,0.917,0.917,0.917,0.917,0.917,0.917,0.917,0.917,0.917,0.917,0.917,0.917,0.917,0.917,0.917,0.917,0.917,0.917,0.917,0.917,0.917,0.917,0.917,0.917,0.917,0.917,0.917,0.917,0.917,0.917,0.917,0.917,0.917,0.917,0.917,0.917,0.917,0.917,0.917,0.917,0.917,0.917,0.917,0.917,0.917,0.917,0.917,0.917,0.917,0.917,0.917,0.917,0.917,0.917,0.917,0.893,
0.95,1.0,0.918,0.987,0.915,0.987,0.913,0.987,0.914,0.987,0.913,0.987,0.914,0.987,0.913,0.987,0.914,0.987,0.913,0.987,0.914,0.987,0.913,0.987,0.914,0.987,0.913,0.987,0.914,0.987,0.913,0.987,0.914,0.987,0.913,0.987,0.914,0.987,0.913,0.987,0.914,0.987,0.913,0.987,0.914,0.987,0.913,0.987,0.914,0.987,0.913,0.987,0.914,0.987,0.913,0.987,0.914,0.987,0.913,0.987,0.914,0.987,0.913,0.987,0.914,0.987,0.913,0.987,0.914,0.987,0.913,0.987,0.914,0.987,0.913,0.987,0.914,0.987,0.913,0.987,0.914,0.987,0.913,0.987,0.914,0.987,0.913,0.987,0.914,0.987,0.913,0.987,0.914,0.987,0.913,0.987,0.914,0.987,0.913,0.987,
0.844,0.916,0.916,0.916,0.916,0.916,0.916,0.916,0.916,0.916,0.916,0.916,0.916,0.916,0.916,0.916,0.916,0.916,0.916,0.916,0.916,0.916,0.916,0.916,0.916,0.916,0.916,0.916,0.916,0.916,0.916,0.916,0.916,0.916,0.916,0.916,0.916,0.916,0.916,0.916,0.916,0.916,0.916,0.916,0.916,0.916,0.916,0.916,0.916,0.916,0.916,0.916,0.916,0.916,0.916,0.916,0.916,0.916,0.916,0.916,0.916,0.916,0.916,0.916,0.916,0.916,0.916,0.916,0.916,0.916,0.916,0.916,0.916,0.916,0.916,0.916,0.916,0.916,0.916,0.916,0.916,0.916,0.916,0.916,0.916,0.916,0.916,0.916,0.916,0.916,0.916,0.916,0.916,0.916,0.916,0.916,0.916,0.916,0.916,0.866,
0.916,1.0,0.916,0.999,0.916,1.0,0.916,0.999,0.916,1.0,0.916,0.999,0.916,1.0,0.916,0.999,0.916,1.0,0.916,0.999,0.916,1.0,0.916,0.999,0.916,1.0,0.916,0.999,0.916,1.0,0.916,0.999,0.916,1.0,0.916,0.999,0.916,1.0,0.916,0.999,0.916,1.0,0.916,0.999,0.916,1.0,0.916,0.999,0.916,1.0,0.916,0.999,0.916,1.0,0.916,0.999,0.916,1.0,0.916,0.999,0.916,1.0,0.916,0.999,0.916,1.0,0.916,0.999,0.916,1.0,0.916,0.999,0.916,1.0,0.916,0.999,0.916,1.0,0.916,0.999,0.916,1.0,0.916,0.999,0.916,1.0,0.916,0.999,0.916,1.0,0.916,0.999,0.916,1.0,0.916,0.999,0.916,1.0,0.916,0.983,
0.798,0.807,0.865,0.798,0.807,0.807,0.869,0.884,0.883,0.896,0.882,0.904,0.906,0.906,0.906,0.906,0.906,0.906,0.906,0.906,0.906,0.906,0.906,0.906,0.906,0.906,0.906,0.906,0.906,0.906,0.906,0.906,0.906,0.906,0.906,0.906,0.906,0.906,0.906,0.906,0.906,0.906,0.906,0.906,0.906,0.906,0.906,0.906,0.906,0.906,0.906,0.906,0.906,0.906,0.906,0.906,0.906,0.906,0.906,0.906,0.906,0.906,0.906,0.906,0.906,0.906,0.906,0.906,0.906,0.906,0.906,0.906,0.906,0.906,0.906,0.906,0.906,0.906,0.906,0.906,0.906,0.906,0.906,0.906,0.906,0.906,0.906,0.906,0.906,0.906,0.906,0.906,0.906,0.906,0.906,0.906,0.906,0.906,0.906,0.852,
0.996,0.996,0.996,0.996,0.996,0.996,0.996,0.996,0.996,0.996,0.996,0.996,0.996,0.996,0.996,0.996,0.996,0.996,0.996,0.996,0.996,0.996,0.996,0.996,0.996,0.996,0.996,0.996,0.996,0.996,0.996,0.996,0.996,0.996,0.996,0.996,0.996,0.996,0.996,0.996,0.996,0.996,0.996,0.996,0.996,0.996,0.996,0.996,0.996,0.996,0.996,0.996,0.996,0.996,0.996,0.996,0.996,0.996,0.996,0.996,0.996,0.996,0.996,0.996,0.996,0.996,0.996,0.996,0.996,0.996,0.996,0.996,0.996,0.996,0.996,0.996,0.996,0.996,0.996,0.996,0.996,0.996,0.996,0.996,0.996,0.996,0.996,0.996,0.996,0.996,0.996,0.996,0.996,0.996,0.996,0.996,0.996,0.996,0.996,0.996,
0.997,0.936,0.95,0.913,0.855,0.912,0.847,0.911,0.84,0.914,0.842,0.915,0.843,0.915,0.843,0.915,0.843,0.915,0.843,0.915,0.843,0.915,0.843,0.915,0.843,0.915,0.843,0.915,0.843,0.915,0.843,0.915,0.843,0.915,0.843,0.915,0.843,0.915,0.843,0.915,0.843,0.915,0.843,0.915,0.843,0.915,0.843,0.915,0.843,0.915,0.843,0.915,0.843,0.915,0.843,0.915,0.843,0.915,0.843,0.915,0.843,0.915,0.843,0.915,0.843,0.915,0.843,0.915,0.843,0.915,0.843,0.915,0.843,0.915,0.843,0.915,0.843,0.915,0.843,0.915,0.843,0.915,0.843,0.915,0.843,0.915,0.843,0.915,0.843,0.915,0.843,0.915,0.843,0.915,0.843,0.915,0.843,0.915,0.843,0.868,
0.827,0.933,0.899,0.901,0.901,0.901,0.901,0.901,0.901,0.901,0.901,0.901,0.901,0.901,0.901,0.901,0.901,0.901,0.901,0.901,0.901,0.901,0.901,0.901,0.901,0.901,0.901,0.901,0.901,0.901,0.901,0.901,0.901,0.901,0.901,0.901,0.901,0.901,0.901,0.901,0.901,0.901,0.901,0.901,0.901,0.901,0.901,0.901,0.901,0.901,0.901,0.901,0.901,0.901,0.901,0.901,0.901,0.901,0.901,0.901,0.901,0.901,0.901,0.901,0.901,0.901,0.901,0.901,0.901,0.901,0.901,0.901,0.901,0.901,0.901,0.901,0.901,0.901,0.901,0.901,0.901,0.901,0.901,0.901,0.901,0.901,0.901,0.901,0.901,0.901,0.901,0.901,0.901,0.901,0.901,0.901,0.901,0.901,0.901,0.847,
0.789,0.787,0.787,0.787,0.787,0.77,0.787,0.771,0.787,0.771,0.787,0.771,0.787,0.771,0.787,0.771,0.787,0.771,0.787,0.771,0.787,0.771,0.787,0.771,0.787,0.771,0.787,0.771,0.787,0.771,0.787,0.771,0.787,0.771,0.787,0.771,0.787,0.771,0.787,0.771,0.787,0.771,0.787,0.771,0.787,0.771,0.787,0.771,0.787,0.771,0.787,0.771,0.787,0.771,0.787,0.771,0.787,0.771,0.787,0.771,0.787,0.771,0.787,0.771,0.787,0.771,0.787,0.771,0.787,0.771,0.787,0.771,0.787,0.771,0.787,0.771,0.787,0.771,0.787,0.771,0.787,0.771,0.787,0.771,0.787,0.771,0.787,0.771,0.787,0.771,0.787,0.771,0.787,0.771,0.787,0.771,0.787,0.771,0.787,0.771,
0.889,0.872,0.891,0.871,0.886,0.872,0.882,0.882,0.887,0.872,0.882,0.882,0.887,0.872,0.882,0.882,0.887,0.872,0.882,0.882,0.887,0.872,0.882,0.882,0.887,0.872,0.882,0.882,0.887,0.872,0.882,0.882,0.887,0.872,0.882,0.882,0.887,0.872,0.882,0.882,0.887,0.872,0.882,0.882,0.887,0.872,0.882,0.882,0.887,0.872,0.882,0.882,0.887,0.872,0.882,0.882,0.887,0.872,0.882,0.882,0.887,0.872,0.882,0.882,0.887,0.872,0.882,0.882,0.887,0.872,0.882,0.882,0.887,0.872,0.882,0.882,0.887,0.872,0.882,0.882,0.887,0.872,0.882,0.882,0.887,0.872,0.882,0.882,0.887,0.872,0.882,0.882,0.887,0.872,0.882,0.882,0.887,0.872,0.882,0.87,
0.89,0.932,0.937,0.928,0.937,0.928,0.937,0.928,0.937,0.928,0.937,0.928,0.937,0.928,0.937,0.928,0.937,0.928,0.937,0.928,0.937,0.928,0.937,0.928,0.937,0.928,0.937,0.928,0.937,0.928,0.937,0.928,0.937,0.928,0.937,0.928,0.937,0.928,0.937,0.928,0.937,0.928,0.937,0.928,0.937,0.928,0.937,0.928,0.937,0.928,0.937,0.928,0.937,0.928,0.937,0.928,0.937,0.928,0.937,0.928,0.937,0.928,0.937,0.928,0.937,0.928,0.937,0.928,0.937,0.928,0.937,0.928,0.937,0.928,0.937,0.928,0.937,0.928,0.937,0.928,0.937,0.928,0.937,0.928,0.937,0.928,0.937,0.928,0.937,0.928,0.937,0.928,0.937,0.928,0.937,0.928,0.937,0.928,0.937,0.914,
0.871,0.964,0.935,0.964,0.935,0.963,0.949,0.949,0.948,0.949,0.967,0.981,1.0,0.967,0.971,0.967,0.972,0.94,0.949,0.949,0.948,0.949,0.967,0.981,1.0,0.967,0.971,0.967,0.972,0.94,0.949,0.949,0.948,0.949,0.967,0.981,1.0,0.967,0.971,0.967,0.972,0.94,0.949,0.949,0.948,0.949,0.967,0.981,1.0,0.967,0.971,0.967,0.972,0.94,0.949,0.949,0.948,0.949,0.967,0.981,1.0,0.967,0.971,0.967,0.972,0.94,0.949,0.949,0.948,0.949,0.967,0.981,1.0,0.967,0.971,0.967,0.972,0.94,0.949,0.949,0.948,0.949,0.967,0.981,1.0,0.967,0.971,0.967,0.972,0.94,0.949,0.949,0.948,0.949,0.967,0.981,1.0,0.967,0.971,0.854,
0.876,0.962,1.0,1.0,1.0,1.0,1.0,1.0,1.0,1.0,1.0,1.0,1.0,1.0,1.0,1.0,1.0,1.0,1.0,1.0,1.0,1.0,1.0,1.0,1.0,1.0,1.0,1.0,1.0,1.0,1.0,1.0,1.0,1.0,1.0,1.0,1.0,1.0,1.0,1.0,1.0,1.0,1.0,1.0,1.0,1.0,1.0,1.0,1.0,1.0,1.0,1.0,1.0,1.0,1.0,1.0,1.0,1.0,1.0,1.0,1.0,1.0,1.0,1.0,1.0,1.0,1.0,1.0,1.0,1.0,1.0,1.0,1.0,1.0,1.0,1.0,1.0,1.0,1.0,1.0,1.0,1.0,1.0,1.0,1.0,1.0,1.0,1.0,1.0,1.0,1.0,1.0,1.0,1.0,1.0,1.0,1.0,1.0,1.0,0.981,
0.973,0.677,0.768,0.691,0.763,0.691,0.74,0.689,0.737,0.679,0.763,0.679,0.763,0.691,0.776,0.689,0.74,0.679,0.749,0.689,0.826,0.633,0.734,0.681,0.861,0.82,0.868,0.82,0.868,0.82,0.868,0.82,0.868,0.82,0.868,0.82,0.868,0.82,0.868,0.82,0.868,0.82,0.868,0.82,0.868,0.82,0.868,0.82,0.868,0.82,0.868,0.82,0.868,0.82,0.868,0.82,0.868,0.82,0.868,0.82,0.868,0.82,0.868,0.82,0.868,0.82,0.868,0.82,0.868,0.82,0.868,0.82,0.868,0.82,0.868,0.82,0.868,0.82,0.868,0.82,0.868,0.82,0.868,0.82,0.868,0.82,0.868,0.82,0.868,0.82,0.868,0.82,0.868,0.82,0.868,0.82,0.868,0.82,0.868,0.803,
0.986,0.986,0.986,0.986,0.986,0.986,0.986,0.986,0.986,0.986,0.986,0.986,0.986,0.986,0.986,0.986,0.986,0.986,0.986,0.986,0.986,0.986,0.986,0.986,0.986,0.986,0.986,0.986,0.986,0.986,0.986,0.986,0.986,0.986,0.986,0.986,0.986,0.986,0.986,0.986,0.986,0.986,0.986,0.986,0.986,0.986,0.986,0.986,0.986,0.986,0.986,0.986,0.986,0.986,0.986,0.986,0.986,0.986,0.986,0.986,0.986,0.986,0.986,0.986,0.986,0.986,0.986,0.986,0.986,0.986,0.986,0.986,0.986,0.986,0.986,0.986,0.986,0.986,0.986,0.986,0.986,0.986,0.986,0.986,0.986,0.986,0.986,0.986,0.986,0.986,0.986,0.986,0.986,0.986,0.986,0.986,0.986,0.986,0.986,0.986,
0.937,0.984,0.962,0.998,0.961,0.998,0.961,0.998,0.961,0.998,0.961,0.998,0.961,0.998,0.961,0.998,0.961,0.998,0.961,0.998,0.961,0.998,0.961,0.998,0.961,0.998,0.961,0.998,0.961,0.998,0.961,0.998,0.961,0.998,0.961,0.998,0.961,0.998,0.961,0.998,0.961,0.998,0.961,0.998,0.961,0.998,0.961,0.998,0.961,0.998,0.961,0.998,0.961,0.998,0.961,0.998,0.961,0.998,0.961,0.998,0.961,0.998,0.961,0.998,0.961,0.998,0.961,0.998,0.961,0.998,0.961,0.998,0.961,0.998,0.961,0.998,0.961,0.998,0.961,0.998,0.961,0.998,0.961,0.998,0.961,0.998,0.961,0.998,0.961,0.998,0.961,0.998,0.961,0.998,0.961,0.998,0.961,0.998,0.961,0.93,
0.961,0.961,0.961,0.961,0.961,0.961,0.961,0.961,0.961,0.961,0.961,0.961,0.961,0.961,0.961,0.961,0.961,0.961,0.961,0.961,0.961,0.961,0.961,0.961,0.961,0.961,0.961,0.961,0.961,0.961,0.961,0.961,0.961,0.961,0.961,0.961,0.961,0.961,0.961,0.961,0.961,0.961,0.961,0.961,0.961,0.961,0.961,0.961,0.961,0.961,0.961,0.961,0.961,0.961,0.961,0.961,0.961,0.961,0.961,0.961,0.961,0.961,0.961,0.961,0.961,0.961,0.961,0.961,0.961,0.961,0.961,0.961,0.961,0.961,0.961,0.961,0.961,0.961,0.961,0.961,0.961,0.961,0.961,0.961,0.961,0.961,0.961,0.961,0.961,0.961,0.961,0.961,0.961,0.961,0.961,0.961,0.961,0.961,0.961,0.902,
0.902,0.902,0.927,0.902,0.964,0.855,0.927,0.902,0.964,0.855,0.927,0.902,0.964,0.855,0.927,0.902,0.964,0.855,0.927,0.902,0.964,0.855,0.927,0.902,0.964,0.855,0.927,0.902,0.964,0.855,0.927,0.902,0.964,0.855,0.927,0.902,0.964,0.855,0.927,0.902,0.964,0.855,0.927,0.902,0.964,0.855,0.927,0.902,0.964,0.855,0.927,0.902,0.964,0.855,0.927,0.902,0.964,0.855,0.927,0.902,0.964,0.855,0.927,0.902,0.964,0.855,0.927,0.902,0.964,0.855,0.927,0.902,0.964,0.855,0.927,0.902,0.964,0.855,0.927,0.902,0.964,0.855,0.927,0.902,0.964,0.855,0.927,0.902,0.964,0.855,0.927,0.902,0.964,0.855,0.927,0.902,0.964,0.855,0.927,0.836,
0.844,0.844,0.844,0.844,0.844,0.844,0.844,0.844,0.844,0.844,0.844,0.844,0.844,0.844,0.844,0.844,0.844,0.844,0.844,0.844,0.844,0.844,0.844,0.844,0.844,0.844,0.844,0.844,0.844,0.844,0.844,0.844,0.844,0.844,0.844,0.844,0.844,0.844,0.844,0.844,0.844,0.844,0.844,0.844,0.844,0.844,0.844,0.844,0.844,0.844,0.844,0.844,0.844,0.844,0.844,0.844,0.844,0.844,0.844,0.844,0.844,0.844,0.844,0.844,0.844,0.844,0.844,0.844,0.844,0.844,0.844,0.844,0.844,0.844,0.844,0.844,0.844,0.844,0.844,0.844,0.844,0.844,0.844,0.844,0.844,0.844,0.844,0.844,0.844,0.844,0.844,0.844,0.844,0.844,0.844,0.844,0.844,0.844,0.844,0.835,
0.882,0.846,0.891,0.856,0.867,0.88,0.891,0.891,0.891,0.891,0.891,0.891,0.891,0.891,0.891,0.891,0.891,0.891,0.891,0.891,0.891,0.891,0.891,0.891,0.891,0.891,0.891,0.891,0.891,0.891,0.891,0.891,0.891,0.891,0.891,0.891,0.891,0.891,0.891,0.891,0.891,0.891,0.891,0.891,0.891,0.891,0.891,0.891,0.891,0.891,0.891,0.891,0.891,0.891,0.891,0.891,0.891,0.891,0.891,0.891,0.891,0.891,0.891,0.891,0.891,0.891,0.891,0.891,0.891,0.891,0.891,0.891,0.891,0.891,0.891,0.891,0.891,0.891,0.891,0.891,0.891,0.891,0.891,0.891,0.891,0.891,0.891,0.891,0.891,0.891,0.891,0.891,0.891,0.891,0.891,0.891,0.891,0.891,0.891,0.855,
0.945,0.969,0.969,0.969,0.969,0.969,0.969,0.969,0.969,0.969,0.969,0.969,0.969,0.969,0.969,0.969,0.969,0.969,0.969,0.969,0.969,0.969,0.969,0.969,0.969,0.969,0.969,0.969,0.969,0.969,0.969,0.969,0.969,0.969,0.969,0.969,0.969,0.969,0.969,0.969,0.969,0.969,0.969,0.969,0.969,0.969,0.969,0.969,0.969,0.969,0.969,0.969,0.969,0.969,0.969,0.969,0.969,0.969,0.969,0.969,0.969,0.969,0.969,0.969,0.969,0.969,0.969,0.969,0.969,0.969,0.969,0.969,0.969,0.969,0.969,0.969,0.969,0.969,0.969,0.969,0.969,0.969,0.969,0.969,0.969,0.969,0.969,0.969,0.969,0.969,0.969,0.969,0.969,0.969,0.969,0.969,0.969,0.969,0.969,0.969,
0.951,0.955,0.987,0.988,0.991,0.991,0.991,0.991,0.991,0.991,0.991,0.991,0.991,0.991,0.991,0.991,0.991,0.991,0.991,0.991,0.991,0.991,0.991,0.991,0.991,0.991,0.991,0.991,0.991,0.991,0.991,0.991,0.991,0.991,0.991,0.991,0.991,0.991,0.991,0.991,0.991,0.991,0.991,0.991,0.991,0.991,0.991,0.991,0.991,0.991,0.991,0.991,0.991,0.991,0.991,0.991,0.991,0.991,0.991,0.991,0.991,0.991,0.991,0.991,0.991,0.991,0.991,0.991,0.991,0.991,0.991,0.991,0.991,0.991,0.991,0.991,0.991,0.991,0.991,0.991,0.991,0.991,0.991,0.991,0.991,0.991,0.991,0.991,0.991,0.991,0.991,0.991,0.991,0.991,0.991,0.991,0.991,0.991,0.991,0.964,
0.953,0.944,1.0,0.953,1.0,0.953,1.0,0.953,1.0,0.953,1.0,0.953,1.0,0.953,1.0,0.953,1.0,0.953,1.0,0.953,1.0,0.953,1.0,0.953,1.0,0.953,1.0,0.953,1.0,0.953,1.0,0.953,1.0,0.953,1.0,0.953,1.0,0.953,1.0,0.953,1.0,0.953,1.0,0.953,1.0,0.953,1.0,0.953,1.0,0.953,1.0,0.953,1.0,0.953,1.0,0.953,1.0,0.953,1.0,0.953,1.0,0.953,1.0,0.953,1.0,0.953,1.0,0.953,1.0,0.953,1.0,0.953,1.0,0.953,1.0,0.953,1.0,0.953,1.0,0.953,1.0,0.953,1.0,0.953,1.0,0.953,1.0,0.953,1.0,0.953,1.0,0.953,1.0,0.953,1.0,0.953,1.0,0.953,1.0,0.846,
0.892,0.833,0.934,0.92,0.923,0.942,0.934,0.94,0.94,0.94,0.94,0.94,0.94,0.94,0.94,0.94,0.94,0.94,0.94,0.94,0.94,0.94,0.94,0.94,0.94,0.94,0.94,0.94,0.94,0.94,0.94,0.94,0.94,0.94,0.94,0.94,0.94,0.94,0.94,0.94,0.94,0.94,0.94,0.94,0.94,0.94,0.94,0.94,0.94,0.94,0.94,0.94,0.94,0.94,0.94,0.94,0.94,0.94,0.94,0.94,0.94,0.94,0.94,0.94,0.94,0.94,0.94,0.94,0.94,0.94,0.94,0.94,0.94,0.94,0.94,0.94,0.94,0.94,0.94,0.94,0.94,0.94,0.94,0.94,0.94,0.94,0.94,0.94,0.94,0.94,0.94,0.94,0.94,0.94,0.94,0.94,0.94,0.94,0.94,0.886,
1.0,1.0,1.0,1.0,1.0,1.0,1.0,1.0,1.0,1.0,1.0,1.0,1.0,1.0,1.0,1.0,1.0,1.0,1.0,1.0,1.0,1.0,1.0,1.0,1.0,1.0,1.0,1.0,1.0,1.0,1.0,1.0,1.0,1.0,1.0,1.0,1.0,1.0,1.0,1.0,1.0,1.0,1.0,1.0,1.0,1.0,1.0,1.0,1.0,1.0,1.0,1.0,1.0,1.0,1.0,1.0,1.0,1.0,1.0,1.0,1.0,1.0,1.0,1.0,1.0,1.0,1.0,1.0,1.0,1.0,1.0,1.0,1.0,1.0,1.0,1.0,1.0,1.0,1.0,1.0,1.0,1.0,1.0,1.0,1.0,1.0,1.0,1.0,1.0,1.0,1.0,1.0,1.0,1.0,1.0,1.0,1.0,1.0,1.0,1.0,
0.946,0.987,1.0,0.992,0.926,0.98,1.0,0.993,0.992,0.926,0.98,1.0,0.993,0.992,0.926,0.98,1.0,0.993,0.992,0.926,0.98,1.0,0.993,0.992,0.926,0.98,1.0,0.993,0.992,0.926,0.98,1.0,0.993,0.992,0.926,0.98,1.0,0.993,0.992,0.926,0.98,1.0,0.993,0.992,0.926,0.98,1.0,0.993,0.992,0.926,0.98,1.0,0.993,0.992,0.926,0.98,1.0,0.993,0.992,0.926,0.98,1.0,0.993,0.992,0.926,0.98,1.0,0.993,0.992,0.926,0.98,1.0,0.993,0.992,0.926,0.98,1.0,0.993,0.992,0.926,0.98,1.0,0.993,0.992,0.926,0.98,1.0,0.993,0.992,0.926,0.98,1.0,0.993,0.992,0.926,0.98,1.0,0.993,0.992,0.842,
0.939,0.995,1.0,0.995,1.0,0.995,1.0,0.995,1.0,0.995,1.0,0.995,1.0,0.995,1.0,0.995,1.0,0.995,1.0,0.995,1.0,0.995,1.0,0.995,1.0,0.995,1.0,0.995,1.0,0.995,1.0,0.995,1.0,0.995,1.0,0.995,1.0,0.995,1.0,0.995,1.0,0.995,1.0,0.995,1.0,0.995,1.0,0.995,1.0,0.995,1.0,0.995,1.0,0.995,1.0,0.995,1.0,0.995,1.0,0.995,1.0,0.995,1.0,0.995,1.0,0.995,1.0,0.995,1.0,0.995,1.0,0.995,1.0,0.995,1.0,0.995,1.0,0.995,1.0,0.995,1.0,0.995,1.0,0.995,1.0,0.995,1.0,0.995,1.0,0.995,1.0,0.995,1.0,0.995,1.0,0.995,1.0,0.995,1.0,0.965,
0.761,0.795,0.894,0.817,0.884,0.898,0.898,0.898,0.898,0.898,0.898,0.898,0.898,0.898,0.898,0.898,0.898,0.898,0.898,0.898,0.898,0.898,0.898,0.898,0.898,0.898,0.898,0.898,0.898,0.898,0.898,0.898,0.898,0.898,0.898,0.898,0.898,0.898,0.898,0.898,0.898,0.898,0.898,0.898,0.898,0.898,0.898,0.898,0.898,0.898,0.898,0.898,0.898,0.898,0.898,0.898,0.898,0.898,0.898,0.898,0.898,0.898,0.898,0.898,0.898,0.898,0.898,0.898,0.898,0.898,0.898,0.898,0.898,0.898,0.898,0.898,0.898,0.898,0.898,0.898,0.898,0.898,0.898,0.898,0.898,0.898,0.898,0.898,0.898,0.898,0.898,0.898,0.898,0.898,0.898,0.898,0.898,0.898,0.898,0.83,
0.847,0.902,0.913,0.847,0.902,0.913,0.847,0.902,0.913,0.847,0.902,0.913,0.847,0.902,0.913,0.847,0.902,0.913,0.847,0.902,0.913,0.847,0.902,0.913,0.847,0.902,0.913,0.847,0.902,0.913,0.847,0.902,0.913,0.847,0.902,0.913,0.847,0.902,0.913,0.847,0.902,0.913,0.847,0.902,0.913,0.847,0.902,0.913,0.847,0.902,0.913,0.847,0.902,0.913,0.847,0.902,0.913,0.847,0.902,0.913,0.847,0.902,0.913,0.847,0.902,0.913,0.847,0.902,0.913,0.847,0.902,0.913,0.847,0.902,0.913,0.847,0.902,0.913,0.847,0.902,0.913,0.847,0.902,0.913,0.847,0.902,0.913,0.847,0.902,0.913,0.847,0.902,0.913,0.847,0.902,0.913,0.847,0.902,0.913,0.837,
0.813,0.97,0.881,0.904,0.911,0.97,0.836,0.892,0.985,0.979,0.876,0.9,0.985,0.98,0.896,0.911,0.97,0.881,0.904,0.911,0.97,0.881,0.904,0.911,0.97,0.881,0.904,0.911,0.97,0.881,0.904,0.911,0.97,0.881,0.904,0.911,0.97,0.881,0.904,0.911,0.97,0.881,0.904,0.911,0.97,0.881,0.904,0.911,0.97,0.881,0.904,0.911,0.97,0.881,0.904,0.911,0.97,0.881,0.904,0.911,0.97,0.881,0.904,0.911,0.97,0.881,0.904,0.911,0.97,0.881,0.904,0.911,0.97,0.881,0.904,0.911,0.97,0.881,0.904,0.911,0.97,0.881,0.904,0.911,0.97,0.881,0.904,0.911,0.97,0.881,0.904,0.911,0.97,0.881,0.904,0.911,0.97,0.881,0.904,0.911,
0.861,0.89,0.906,0.929,0.944,0.944,0.943,0.943,0.943,0.943,0.943,0.943,0.943,0.943,0.943,0.943,0.943,0.943,0.943,0.943,0.943,0.943,0.943,0.943,0.943,0.943,0.943,0.943,0.943,0.943,0.943,0.943,0.943,0.943,0.943,0.943,0.943,0.943,0.943,0.943,0.943,0.943,0.943,0.943,0.943,0.943,0.943,0.943,0.943,0.943,0.943,0.943,0.943,0.943,0.943,0.943,0.943,0.943,0.943,0.943,0.943,0.943,0.943,0.943,0.943,0.943,0.943,0.943,0.943,0.943,0.943,0.943,0.943,0.943,0.943,0.943,0.943,0.943,0.943,0.943,0.943,0.943,0.943,0.943,0.943,0.943,0.943,0.943,0.943,0.943,0.943,0.943,0.943,0.943,0.943,0.943,0.943,0.943,0.943,0.822,
0.825,0.902,0.902,0.902,0.902,0.902,0.902,0.902,0.902,0.902,0.902,0.902,0.902,0.902,0.902,0.902,0.902,0.902,0.902,0.902,0.902,0.902,0.902,0.902,0.902,0.902,0.902,0.902,0.902,0.902,0.902,0.902,0.902,0.902,0.902,0.902,0.902,0.902,0.902,0.902,0.902,0.902,0.902,0.902,0.902,0.902,0.902,0.902,0.902,0.902,0.902,0.902,0.902,0.902,0.902,0.902,0.902,0.902,0.902,0.902,0.902,0.902,0.902,0.902,0.902,0.902,0.902,0.902,0.902,0.902,0.902,0.902,0.902,0.902,0.902,0.902,0.902,0.902,0.902,0.902,0.902,0.902,0.902,0.902,0.902,0.902,0.902,0.902,0.902,0.902,0.902,0.902,0.902,0.902,0.902,0.902,0.902,0.902,0.902,0.869,
0.998,0.796,0.998,0.796,0.998,0.796,0.998,0.796,0.998,0.796,0.998,0.796,0.998,0.796,0.998,0.796,0.998,0.796,0.998,0.796,0.998,0.796,0.998,0.796,0.998,0.796,0.998,0.796,0.998,0.796,0.998,0.796,0.998,0.796,0.998,0.796,0.998,0.796,0.998,0.796,0.998,0.796,0.998,0.796,0.998,0.796,0.998,0.796,0.998,0.796,0.998,0.796,0.998,0.796,0.998,0.796,0.998,0.796,0.998,0.796,0.998,0.796,0.998,0.796,0.998,0.796,0.998,0.796,0.998,0.796,0.998,0.796,0.998,0.796,0.998,0.796,0.998,0.796,0.998,0.796,0.998,0.796,0.998,0.796,0.998,0.796,0.998,0.796,0.998,0.796,0.998,0.796,0.998,0.796,0.998,0.796,0.998,0.796,0.998,0.796,
0.784,0.798,0.811,0.839,0.792,0.816,0.825,0.794,0.918,0.812,0.918,0.834,0.895,0.891,0.863,0.917,0.885,0.896,0.911,0.924,0.884,0.896,0.91,0.924,0.883,0.896,0.91,0.924,0.883,0.896,0.91,0.924,0.883,0.896,0.91,0.924,0.883,0.896,0.91,0.924,0.883,0.896,0.91,0.924,0.883,0.896,0.91,0.924,0.883,0.896,0.91,0.924,0.883,0.896,0.91,0.924,0.883,0.896,0.91,0.924,0.883,0.896,0.91,0.924,0.883,0.896,0.91,0.924,0.883,0.896,0.91,0.924,0.883,0.896,0.91,0.924,0.883,0.896,0.91,0.924,0.883,0.896,0.91,0.924,0.883,0.896,0.91,0.924,0.883,0.896,0.91,0.924,0.883,0.896,0.91,0.924,0.883,0.896,0.91,0.834,
0.829,0.849,0.916,0.907,0.943,0.926,0.948,0.926,0.948,0.926,0.948,0.926,0.948,0.926,0.948,0.926,0.948,0.926,0.948,0.926,0.948,0.926,0.948,0.926,0.948,0.926,0.948,0.926,0.948,0.926,0.948,0.926,0.948,0.926,0.948,0.926,0.948,0.926,0.948,0.926,0.948,0.926,0.948,0.926,0.948,0.926,0.948,0.926,0.948,0.926,0.948,0.926,0.948,0.926,0.948,0.926,0.948,0.926,0.948,0.926,0.948,0.926,0.948,0.926,0.948,0.926,0.948,0.926,0.948,0.926,0.948,0.926,0.948,0.926,0.948,0.926,0.948,0.926,0.948,0.926,0.948,0.926,0.948,0.926,0.948,0.926,0.948,0.926,0.948,0.926,0.948,0.926,0.948,0.926,0.948,0.926,0.948,0.926,0.948,0.834,
0.846,0.741,0.66,0.591,0.591,0.59,0.59,0.589,0.59,0.589,0.59,0.589,0.59,0.589,0.59,0.589,0.59,0.589,0.59,0.589,0.59,0.589,0.59,0.589,0.59,0.589,0.59,0.589,0.59,0.589,0.59,0.589,0.59,0.589,0.59,0.589,0.59,0.589,0.59,0.589,0.59,0.589,0.59,0.589,0.59,0.589,0.59,0.589,0.59,0.589,0.59,0.589,0.59,0.589,0.59,0.589,0.59,0.589,0.59,0.589,0.59,0.589,0.59,0.589,0.59,0.589,0.59,0.589,0.59,0.589,0.59,0.589,0.59,0.589,0.59,0.589,0.59,0.589,0.59,0.589,0.59,0.589,0.59,0.589,0.59,0.589,0.59,0.589,0.59,0.589,0.59,0.589,0.59,0.589,0.59,0.589,0.59,0.589,0.59,0.589,
1.0,0.854,0.841,0.788,0.796,0.791,0.791,0.791,0.791,0.791,0.791,0.791,0.791,0.791,0.791,0.791,0.791,0.791,0.791,0.791,0.791,0.791,0.791,0.791,0.791,0.791,0.791,0.791,0.791,0.791,0.791,0.791,0.791,0.791,0.791,0.791,0.791,0.791,0.791,0.791,0.791,0.791,0.791,0.791,0.791,0.791,0.791,0.791,0.791,0.791,0.791,0.791,0.791,0.791,0.791,0.791,0.791,0.791,0.791,0.791,0.791,0.791,0.791,0.791,0.791,0.791,0.791,0.791,0.791,0.791,0.791,0.791,0.791,0.791,0.791,0.791,0.791,0.791,0.791,0.791,0.791,0.791,0.791,0.791,0.791,0.791,0.791,0.791,0.791,0.791,0.791,0.791,0.791,0.791,0.791,0.791,0.791,0.791,0.791,0.791,
0.918,0.781,0.721,0.711,0.709,0.708,0.708,0.708,0.708,0.708,0.708,0.708,0.708,0.708,0.708,0.708,0.708,0.708,0.708,0.708,0.708,0.708,0.708,0.708,0.708,0.708,0.708,0.708,0.708,0.708,0.708,0.708,0.708,0.708,0.708,0.708,0.708,0.708,0.708,0.708,0.708,0.708,0.708,0.708,0.708,0.708,0.708,0.708,0.708,0.708,0.708,0.708,0.708,0.708,0.708,0.708,0.708,0.708,0.708,0.708,0.708,0.708,0.708,0.708,0.708,0.708,0.708,0.708,0.708,0.708,0.708,0.708,0.708,0.708,0.708,0.708,0.708,0.708,0.708,0.708,0.708,0.708,0.708,0.708,0.708,0.708,0.708,0.708,0.708,0.708,0.708,0.708,0.708,0.708,0.708,0.708,0.708,0.708,0.708,0.708,
0.917,0.726,0.713,0.695,0.693,0.693,0.693,0.693,0.693,0.693,0.693,0.693,0.693,0.693,0.693,0.693,0.693,0.693,0.693,0.693,0.693,0.693,0.693,0.693,0.693,0.693,0.693,0.693,0.693,0.693,0.693,0.693,0.693,0.693,0.693,0.693,0.693,0.693,0.693,0.693,0.693,0.693,0.693,0.693,0.693,0.693,0.693,0.693,0.693,0.693,0.693,0.693,0.693,0.693,0.693,0.693,0.693,0.693,0.693,0.693,0.693,0.693,0.693,0.693,0.693,0.693,0.693,0.693,0.693,0.693,0.693,0.693,0.693,0.693,0.693,0.693,0.693,0.693,0.693,0.693,0.693,0.693,0.693,0.693,0.693,0.693,0.693,0.693,0.693,0.693,0.693,0.693,0.693,0.693,0.693,0.693,0.693,0.693,0.693,0.693,
1.0,0.9,0.825,0.849,0.854,0.851,0.851,0.851,0.851,0.851,0.851,0.851,0.851,0.851,0.851,0.851,0.851,0.851,0.851,0.851,0.851,0.851,0.851,0.851,0.851,0.851,0.851,0.851,0.851,0.851,0.851,0.851,0.851,0.851,0.851,0.851,0.851,0.851,0.851,0.851,0.851,0.851,0.851,0.851,0.851,0.851,0.851,0.851,0.851,0.851,0.851,0.851,0.851,0.851,0.851,0.851,0.851,0.851,0.851,0.851,0.851,0.851,0.851,0.851,0.851,0.851,0.851,0.851,0.851,0.851,0.851,0.851,0.851,0.851,0.851,0.851,0.851,0.851,0.851,0.851,0.851,0.851,0.851,0.851,0.851,0.851,0.851,0.851,0.851,0.851,0.851,0.851,0.851,0.851,0.851,0.851,0.851,0.851,0.851,0.851,
0.933,0.823,0.738,0.736,0.737,0.734,0.736,0.735,0.735,0.735,0.735,0.735,0.735,0.735,0.735,0.735,0.735,0.735,0.735,0.735,0.735,0.735,0.735,0.735,0.735,0.735,0.735,0.735,0.735,0.735,0.735,0.735,0.735,0.735,0.735,0.735,0.735,0.735,0.735,0.735,0.735,0.735,0.735,0.735,0.735,0.735,0.735,0.735,0.735,0.735,0.735,0.735,0.735,0.735,0.735,0.735,0.735,0.735,0.735,0.735,0.735,0.735,0.735,0.735,0.735,0.735,0.735,0.735,0.735,0.735,0.735,0.735,0.735,0.735,0.735,0.735,0.735,0.735,0.735,0.735,0.735,0.735,0.735,0.735,0.735,0.735,0.735,0.735,0.735,0.735,0.735,0.735,0.735,0.735,0.735,0.735,0.735,0.735,0.735,0.735,
1.0,0.825,0.798,0.884,0.749,0.867,0.784,0.899,0.723,0.857,0.783,0.889,0.763,0.891,0.721,0.857,0.784,0.897,0.721,0.857,0.783,0.889,0.763,0.891,0.724,0.857,0.784,0.899,0.723,0.857,0.783,0.889,0.763,0.891,0.724,0.857,0.783,0.889,0.763,0.891,0.721,0.857,0.784,0.897,0.721,0.857,0.783,0.889,0.763,0.891,0.721,0.857,0.784,0.897,0.721,0.857,0.783,0.893,0.719,0.856,0.784,0.897,0.761,0.891,0.721,0.857,0.784,0.897,0.721,0.857,0.783,0.893,0.719,0.856,0.784,0.897,0.761,0.891,0.721,0.857,0.784,0.897,0.721,0.857,0.783,0.893,0.719,0.856,0.784,0.897,0.761,0.891,0.721,0.857,0.784,0.897,0.721,0.857,0.783,0.879,
0.886,0.71,0.653,0.65,0.646,0.648,0.646,0.648,0.646,0.648,0.646,0.648,0.646,0.648,0.646,0.648,0.646,0.648,0.646,0.648,0.646,0.648,0.646,0.648,0.646,0.648,0.646,0.648,0.646,0.648,0.646,0.648,0.646,0.648,0.646,0.648,0.646,0.648,0.646,0.648,0.646,0.648,0.646,0.648,0.646,0.648,0.646,0.648,0.646,0.648,0.646,0.648,0.646,0.648,0.646,0.648,0.646,0.648,0.646,0.648,0.646,0.648,0.646,0.648,0.646,0.648,0.646,0.648,0.646,0.648,0.646,0.648,0.646,0.648,0.646,0.648,0.646,0.648,0.646,0.648,0.646,0.648,0.646,0.648,0.646,0.648,0.646,0.648,0.646,0.648,0.646,0.648,0.646,0.648,0.646,0.648,0.646,0.648,0.646,0.648,
1.0,0.875,0.794,0.784,0.782,0.781,0.781,0.781,0.781,0.781,0.781,0.781,0.781,0.781,0.781,0.781,0.781,0.781,0.781,0.781,0.781,0.781,0.781,0.781,0.781,0.781,0.781,0.781,0.781,0.781,0.781,0.781,0.781,0.781,0.781,0.781,0.781,0.781,0.781,0.781,0.781,0.781,0.781,0.781,0.781,0.781,0.781,0.781,0.781,0.781,0.781,0.781,0.781,0.781,0.781,0.781,0.781,0.781,0.781,0.781,0.781,0.781,0.781,0.781,0.781,0.781,0.781,0.781,0.781,0.781,0.781,0.781,0.781,0.781,0.781,0.781,0.781,0.781,0.781,0.781,0.781,0.781,0.781,0.781,0.781,0.781,0.781,0.781,0.781,0.781,0.781,0.781,0.781,0.781,0.781,0.781,0.781,0.781,0.781,0.781,
0.894,0.779,0.726,0.727,0.679,0.771,0.687,0.729,0.682,0.771,0.687,0.729,0.682,0.771,0.687,0.729,0.682,0.771,0.687,0.729,0.682,0.771,0.687,0.729,0.682,0.771,0.687,0.729,0.682,0.771,0.687,0.729,0.682,0.771,0.687,0.729,0.682,0.771,0.687,0.729,0.682,0.771,0.687,0.729,0.682,0.771,0.687,0.729,0.682,0.771,0.687,0.729,0.682,0.771,0.687,0.729,0.682,0.771,0.687,0.729,0.682,0.771,0.687,0.729,0.682,0.771,0.687,0.729,0.682,0.771,0.687,0.729,0.682,0.771,0.687,0.729,0.682,0.771,0.687,0.729,0.682,0.771,0.687,0.729,0.682,0.771,0.687,0.729,0.682,0.771,0.687,0.729,0.682,0.771,0.687,0.729,0.682,0.771,0.687,0.721,
1.0,0.878,0.757,0.737,0.738,0.741,0.741,0.741,0.741,0.741,0.741,0.741,0.741,0.741,0.741,0.741,0.741,0.741,0.741,0.741,0.741,0.741,0.741,0.741,0.741,0.741,0.741,0.741,0.741,0.741,0.741,0.741,0.741,0.741,0.741,0.741,0.741,0.741,0.741,0.741,0.741,0.741,0.741,0.741,0.741,0.741,0.741,0.741,0.741,0.741,0.741,0.741,0.741,0.741,0.741,0.741,0.741,0.741,0.741,0.741,0.741,0.741,0.741,0.741,0.741,0.741,0.741,0.741,0.741,0.741,0.741,0.741,0.741,0.741,0.741,0.741,0.741,0.741,0.741,0.741,0.741,0.741,0.741,0.741,0.741,0.741,0.741,0.741,0.741,0.741,0.741,0.741,0.741,0.741,0.741,0.741,0.741,0.741,0.741,0.741,
1.0,0.872,0.783,0.761,0.759,0.759,0.758,0.759,0.758,0.759,0.758,0.759,0.758,0.759,0.758,0.759,0.758,0.759,0.758,0.759,0.758,0.759,0.758,0.759,0.758,0.759,0.758,0.759,0.758,0.759,0.758,0.759,0.758,0.759,0.758,0.759,0.758,0.759,0.758,0.759,0.758,0.759,0.758,0.759,0.758,0.759,0.758,0.759,0.758,0.759,0.758,0.759,0.758,0.759,0.758,0.759,0.758,0.759,0.758,0.759,0.758,0.759,0.758,0.759,0.758,0.759,0.758,0.759,0.758,0.759,0.758,0.759,0.758,0.759,0.758,0.759,0.758,0.759,0.758,0.759,0.758,0.759,0.758,0.759,0.758,0.759,0.758,0.759,0.758,0.759,0.758,0.759,0.758,0.759,0.758,0.759,0.758,0.759,0.758,0.759,
1.0,0.798,0.778,0.766,0.764,0.764,0.764,0.764,0.764,0.764,0.764,0.764,0.764,0.764,0.764,0.764,0.764,0.764,0.764,0.764,0.764,0.764,0.764,0.764,0.764,0.764,0.764,0.764,0.764,0.764,0.764,0.764,0.764,0.764,0.764,0.764,0.764,0.764,0.764,0.764,0.764,0.764,0.764,0.764,0.764,0.764,0.764,0.764,0.764,0.764,0.764,0.764,0.764,0.764,0.764,0.764,0.764,0.764,0.764,0.764,0.764,0.764,0.764,0.764,0.764,0.764,0.764,0.764,0.764,0.764,0.764,0.764,0.764,0.764,0.764,0.764,0.764,0.764,0.764,0.764,0.764,0.764,0.764,0.764,0.764,0.764,0.764,0.764,0.764,0.764,0.764,0.764,0.764,0.764,0.764,0.764,0.764,0.764,0.764,0.764,
0.903,0.869,0.731,0.692,0.689,0.688,0.688,0.688,0.688,0.688,0.688,0.688,0.688,0.688,0.688,0.688,0.688,0.688,0.688,0.688,0.688,0.688,0.688,0.688,0.688,0.688,0.688,0.688,0.688,0.688,0.688,0.688,0.688,0.688,0.688,0.688,0.688,0.688,0.688,0.688,0.688,0.688,0.688,0.688,0.688,0.688,0.688,0.688,0.688,0.688,0.688,0.688,0.688,0.688,0.688,0.688,0.688,0.688,0.688,0.688,0.688,0.688,0.688,0.688,0.688,0.688,0.688,0.688,0.688,0.688,0.688,0.688,0.688,0.688,0.688,0.688,0.688,0.688,0.688,0.688,0.688,0.688,0.688,0.688,0.688,0.688,0.688,0.688,0.688,0.688,0.688,0.688,0.688,0.688,0.688,0.688,0.688,0.688,0.688,0.688,
1.0,0.934,0.832,0.792,0.791,0.789,0.789,0.789,0.789,0.789,0.789,0.789,0.789,0.789,0.789,0.789,0.789,0.789,0.789,0.789,0.789,0.789,0.789,0.789,0.789,0.789,0.789,0.789,0.789,0.789,0.789,0.789,0.789,0.789,0.789,0.789,0.789,0.789,0.789,0.789,0.789,0.789,0.789,0.789,0.789,0.789,0.789,0.789,0.789,0.789,0.789,0.789,0.789,0.789,0.789,0.789,0.789,0.789,0.789,0.789,0.789,0.789,0.789,0.789,0.789,0.789,0.789,0.789,0.789,0.789,0.789,0.789,0.789,0.789,0.789,0.789,0.789,0.789,0.789,0.789,0.789,0.789,0.789,0.789,0.789,0.789,0.789,0.789,0.789,0.789,0.789,0.789,0.789,0.789,0.789,0.789,0.789,0.789,0.789,0.789,
1.0,0.836,0.804,0.787,0.787,0.787,0.786,0.787,0.786,0.787,0.786,0.787,0.786,0.787,0.786,0.787,0.786,0.787,0.786,0.787,0.786,0.787,0.786,0.787,0.786,0.787,0.786,0.787,0.786,0.787,0.786,0.787,0.786,0.787,0.786,0.787,0.786,0.787,0.786,0.787,0.786,0.787,0.786,0.787,0.786,0.787,0.786,0.787,0.786,0.787,0.786,0.787,0.786,0.787,0.786,0.787,0.786,0.787,0.786,0.787,0.786,0.787,0.786,0.787,0.786,0.787,0.786,0.787,0.786,0.787,0.786,0.787,0.786,0.787,0.786,0.787,0.786,0.787,0.786,0.787,0.786,0.787,0.786,0.787,0.786,0.787,0.786,0.787,0.786,0.787,0.786,0.787,0.786,0.787,0.786,0.787,0.786,0.787,0.786,0.787,
0.937,0.715,0.725,0.699,0.702,0.702,0.702,0.702,0.702,0.702,0.702,0.702,0.702,0.702,0.702,0.702,0.702,0.702,0.702,0.702,0.702,0.702,0.702,0.702,0.702,0.702,0.702,0.702,0.702,0.702,0.702,0.702,0.702,0.702,0.702,0.702,0.702,0.702,0.702,0.702,0.702,0.702,0.702,0.702,0.702,0.702,0.702,0.702,0.702,0.702,0.702,0.702,0.702,0.702,0.702,0.702,0.702,0.702,0.702,0.702,0.702,0.702,0.702,0.702,0.702,0.702,0.702,0.702,0.702,0.702,0.702,0.702,0.702,0.702,0.702,0.702,0.702,0.702,0.702,0.702,0.702,0.702,0.702,0.702,0.702,0.702,0.702,0.702,0.702,0.702,0.702,0.702,0.702,0.702,0.702,0.702,0.702,0.702,0.702,0.698,
1.0,0.818,0.772,0.764,0.759,0.762,0.758,0.762,0.758,0.762,0.758,0.762,0.758,0.762,0.758,0.762,0.758,0.762,0.758,0.762,0.758,0.762,0.758,0.762,0.758,0.762,0.758,0.762,0.758,0.762,0.758,0.762,0.758,0.762,0.758,0.762,0.758,0.762,0.758,0.762,0.758,0.762,0.758,0.762,0.758,0.762,0.758,0.762,0.758,0.762,0.758,0.762,0.758,0.762,0.758,0.762,0.758,0.762,0.758,0.762,0.758,0.762,0.758,0.762,0.758,0.762,0.758,0.762,0.758,0.762,0.758,0.762,0.758,0.762,0.758,0.762,0.758,0.762,0.758,0.762,0.758,0.762,0.758,0.762,0.758,0.762,0.758,0.762,0.758,0.762,0.758,0.762,0.758,0.762,0.758,0.762,0.758,0.762,0.758,0.762,
1.0,0.731,0.79,0.741,0.784,0.718,0.716,0.723,0.755,0.771,0.772,0.753,0.742,0.787,0.77,0.777,0.772,0.773,0.772,0.772,0.772,0.772,0.772,0.772,0.772,0.772,0.772,0.772,0.772,0.772,0.772,0.772,0.772,0.772,0.772,0.772,0.772,0.772,0.772,0.772,0.772,0.772,0.772,0.772,0.772,0.772,0.772,0.772,0.772,0.772,0.772,0.772,0.772,0.772,0.772,0.772,0.772,0.772,0.772,0.772,0.772,0.772,0.772,0.772,0.772,0.772,0.772,0.772,0.772,0.772,0.772,0.772,0.772,0.772,0.772,0.772,0.772,0.772,0.772,0.772,0.772,0.772,0.772,0.772,0.772,0.772,0.772,0.772,0.772,0.772,0.772,0.772,0.772,0.772,0.772,0.772,0.772,0.772,0.772,0.749,
0.869,0.723,0.652,0.65,0.649,0.649,0.649,0.649,0.649,0.649,0.649,0.649,0.649,0.649,0.649,0.649,0.649,0.649,0.649,0.649,0.649,0.649,0.649,0.649,0.649,0.649,0.649,0.649,0.649,0.649,0.649,0.649,0.649,0.649,0.649,0.649,0.649,0.649,0.649,0.649,0.649,0.649,0.649,0.649,0.649,0.649,0.649,0.649,0.649,0.649,0.649,0.649,0.649,0.649,0.649,0.649,0.649,0.649,0.649,0.649,0.649,0.649,0.649,0.649,0.649,0.649,0.649,0.649,0.649,0.649,0.649,0.649,0.649,0.649,0.649,0.649,0.649,0.649,0.649,0.649,0.649,0.649,0.649,0.649,0.649,0.649,0.649,0.649,0.649,0.649,0.649,0.649,0.649,0.649,0.649,0.649,0.649,0.649,0.649,0.649,
0.958,0.789,0.749,0.721,0.722,0.72,0.72,0.72,0.72,0.72,0.72,0.72,0.72,0.72,0.72,0.72,0.72,0.72,0.72,0.72,0.72,0.72,0.72,0.72,0.72,0.72,0.72,0.72,0.72,0.72,0.72,0.72,0.72,0.72,0.72,0.72,0.72,0.72,0.72,0.72,0.72,0.72,0.72,0.72,0.72,0.72,0.72,0.72,0.72,0.72,0.72,0.72,0.72,0.72,0.72,0.72,0.72,0.72,0.72,0.72,0.72,0.72,0.72,0.72,0.72,0.72,0.72,0.72,0.72,0.72,0.72,0.72,0.72,0.72,0.72,0.72,0.72,0.72,0.72,0.72,0.72,0.72,0.72,0.72,0.72,0.72,0.72,0.72,0.72,0.72,0.72,0.72,0.72,0.72,0.72,0.72,0.72,0.72,0.72,0.72,
0.909,0.803,0.734,0.756,0.754,0.734,0.756,0.753,0.734,0.756,0.753,0.734,0.756,0.753,0.734,0.756,0.753,0.734,0.756,0.753,0.734,0.756,0.753,0.734,0.756,0.753,0.734,0.756,0.753,0.734,0.756,0.753,0.734,0.756,0.753,0.734,0.756,0.753,0.734,0.756,0.753,0.734,0.756,0.753,0.734,0.756,0.753,0.734,0.756,0.753,0.734,0.756,0.753,0.734,0.756,0.753,0.734,0.756,0.753,0.734,0.756,0.753,0.734,0.756,0.753,0.734,0.756,0.753,0.734,0.756,0.753,0.734,0.756,0.753,0.734,0.756,0.753,0.734,0.756,0.753,0.734,0.756,0.753,0.734,0.756,0.753,0.734,0.756,0.753,0.734,0.756,0.753,0.734,0.756,0.753,0.734,0.756,0.753,0.734,0.746,
1.0,0.892,0.803,0.807,0.805,0.79,0.79,0.79,0.79,0.79,0.79,0.79,0.79,0.79,0.79,0.79,0.79,0.79,0.79,0.79,0.79,0.79,0.79,0.79,0.79,0.79,0.79,0.79,0.79,0.79,0.79,0.79,0.79,0.79,0.79,0.79,0.79,0.79,0.79,0.79,0.79,0.79,0.79,0.79,0.79,0.79,0.79,0.79,0.79,0.79,0.79,0.79,0.79,0.79,0.79,0.79,0.79,0.79,0.79,0.79,0.79,0.79,0.79,0.79,0.79,0.79,0.79,0.79,0.79,0.79,0.79,0.79,0.79,0.79,0.79,0.79,0.79,0.79,0.79,0.79,0.79,0.79,0.79,0.79,0.79,0.79,0.79,0.79,0.79,0.79,0.79,0.79,0.79,0.79,0.79,0.79,0.79,0.79,0.79,0.79,
1.0,0.883,0.767,0.743,0.739,0.739,0.738,0.738,0.738,0.738,0.738,0.738,0.738,0.738,0.738,0.738,0.738,0.738,0.738,0.738,0.738,0.738,0.738,0.738,0.738,0.738,0.738,0.738,0.738,0.738,0.738,0.738,0.738,0.738,0.738,0.738,0.738,0.738,0.738,0.738,0.738,0.738,0.738,0.738,0.738,0.738,0.738,0.738,0.738,0.738,0.738,0.738,0.738,0.738,0.738,0.738,0.738,0.738,0.738,0.738,0.738,0.738,0.738,0.738,0.738,0.738,0.738,0.738,0.738,0.738,0.738,0.738,0.738,0.738,0.738,0.738,0.738,0.738,0.738,0.738,0.738,0.738,0.738,0.738,0.738,0.738,0.738,0.738,0.738,0.738,0.738,0.738,0.738,0.738,0.738,0.738,0.738,0.738,0.738,0.738,
0.83,0.659,0.621,0.614,0.614,0.614,0.614,0.614,0.614,0.614,0.614,0.614,0.614,0.614,0.614,0.614,0.614,0.614,0.614,0.614,0.614,0.614,0.614,0.614,0.614,0.614,0.614,0.614,0.614,0.614,0.614,0.614,0.614,0.614,0.614,0.614,0.614,0.614,0.614,0.614,0.614,0.614,0.614,0.614,0.614,0.614,0.614,0.614,0.614,0.614,0.614,0.614,0.614,0.614,0.614,0.614,0.614,0.614,0.614,0.614,0.614,0.614,0.614,0.614,0.614,0.614,0.614,0.614,0.614,0.614,0.614,0.614,0.614,0.614,0.614,0.614,0.614,0.614,0.614,0.614,0.614,0.614,0.614,0.614,0.614,0.614,0.614,0.614,0.614,0.614,0.614,0.614,0.614,0.614,0.614,0.614,0.614,0.614,0.614,0.614,
0.968,0.811,0.761,0.743,0.741,0.741,0.741,0.741,0.741,0.741,0.741,0.741,0.741,0.741,0.741,0.741,0.741,0.741,0.741,0.741,0.741,0.741,0.741,0.741,0.741,0.741,0.741,0.741,0.741,0.741,0.741,0.741,0.741,0.741,0.741,0.741,0.741,0.741,0.741,0.741,0.741,0.741,0.741,0.741,0.741,0.741,0.741,0.741,0.741,0.741,0.741,0.741,0.741,0.741,0.741,0.741,0.741,0.741,0.741,0.741,0.741,0.741,0.741,0.741,0.741,0.741,0.741,0.741,0.741,0.741,0.741,0.741,0.741,0.741,0.741,0.741,0.741,0.741,0.741,0.741,0.741,0.741,0.741,0.741,0.741,0.741,0.741,0.741,0.741,0.741,0.741,0.741,0.741,0.741,0.741,0.741,0.741,0.741,0.741,0.741,
0.91,0.737,0.696,0.679,0.681,0.677,0.68,0.677,0.68,0.677,0.68,0.677,0.68,0.677,0.68,0.677,0.68,0.677,0.68,0.677,0.68,0.677,0.68,0.677,0.68,0.677,0.68,0.677,0.68,0.677,0.68,0.677,0.68,0.677,0.68,0.677,0.68,0.677,0.68,0.677,0.68,0.677,0.68,0.677,0.68,0.677,0.68,0.677,0.68,0.677,0.68,0.677,0.68,0.677,0.68,0.677,0.68,0.677,0.68,0.677,0.68,0.677,0.68,0.677,0.68,0.677,0.68,0.677,0.68,0.677,0.68,0.677,0.68,0.677,0.68,0.677,0.68,0.677,0.68,0.677,0.68,0.677,0.68,0.677,0.68,0.677,0.68,0.677,0.68,0.677,0.68,0.677,0.68,0.677,0.68,0.677,0.68,0.677,0.68,0.677,
0.829,0.706,0.637,0.63,0.63,0.63,0.63,0.63,0.63,0.63,0.63,0.63,0.63,0.63,0.63,0.63,0.63,0.63,0.63,0.63,0.63,0.63,0.63,0.63,0.63,0.63,0.63,0.63,0.63,0.63,0.63,0.63,0.63,0.63,0.63,0.63,0.63,0.63,0.63,0.63,0.63,0.63,0.63,0.63,0.63,0.63,0.63,0.63,0.63,0.63,0.63,0.63,0.63,0.63,0.63,0.63,0.63,0.63,0.63,0.63,0.63,0.63,0.63,0.63,0.63,0.63,0.63,0.63,0.63,0.63,0.63,0.63,0.63,0.63,0.63,0.63,0.63,0.63,0.63,0.63,0.63,0.63,0.63,0.63,0.63,0.63,0.63,0.63,0.63,0.63,0.63,0.63,0.63,0.63,0.63,0.63,0.63,0.63,0.63,0.63,
1.0,0.807,0.817,0.771,0.813,0.773,0.813,0.773,0.813,0.773,0.813,0.773,0.813,0.773,0.813,0.773,0.813,0.773,0.813,0.773,0.813,0.773,0.813,0.773,0.813,0.773,0.813,0.773,0.813,0.773,0.813,0.773,0.813,0.773,0.813,0.773,0.813,0.773,0.813,0.773,0.813,0.773,0.813,0.773,0.813,0.773,0.813,0.773,0.813,0.773,0.813,0.773,0.813,0.773,0.813,0.773,0.813,0.773,0.813,0.773,0.813,0.773,0.813,0.773,0.813,0.773,0.813,0.773,0.813,0.773,0.813,0.773,0.813,0.773,0.813,0.773,0.813,0.773,0.813,0.773,0.813,0.773,0.813,0.773,0.813,0.773,0.813,0.773,0.813,0.773,0.813,0.773,0.813,0.773,0.813,0.773,0.813,0.773,0.813,0.773,
1.0,0.797,0.774,0.77,0.77,0.776,0.768,0.774,0.77,0.776,0.768,0.775,0.768,0.775,0.768,0.775,0.768,0.775,0.767,0.772,0.77,0.774,0.77,0.776,0.768,0.774,0.77,0.776,0.768,0.775,0.768,0.775,0.768,0.775,0.768,0.775,0.767,0.772,0.77,0.774,0.77,0.776,0.768,0.774,0.77,0.776,0.768,0.775,0.768,0.775,0.768,0.775,0.768,0.775,0.767,0.772,0.77,0.774,0.77,0.776,0.768,0.774,0.77,0.776,0.768,0.775,0.768,0.775,0.768,0.775,0.768,0.775,0.767,0.772,0.77,0.774,0.77,0.776,0.768,0.774,0.77,0.776,0.768,0.775,0.768,0.775,0.768,0.775,0.768,0.775,0.767,0.772,0.77,0.774,0.77,0.776,0.768,0.774,0.77,0.776,
0.937,0.832,0.751,0.739,0.729,0.724,0.726,0.726,0.726,0.726,0.726,0.726,0.726,0.726,0.726,0.726,0.726,0.726,0.726,0.726,0.726,0.726,0.726,0.726,0.726,0.726,0.726,0.726,0.726,0.726,0.726,0.726,0.726,0.726,0.726,0.726,0.726,0.726,0.726,0.726,0.726,0.726,0.726,0.726,0.726,0.726,0.726,0.726,0.726,0.726,0.726,0.726,0.726,0.726,0.726,0.726,0.726,0.726,0.726,0.726,0.726,0.726,0.726,0.726,0.726,0.726,0.726,0.726,0.726,0.726,0.726,0.726,0.726,0.726,0.726,0.726,0.726,0.726,0.726,0.726,0.726,0.726,0.726,0.726,0.726,0.726,0.726,0.726,0.726,0.726,0.726,0.726,0.726,0.726,0.726,0.726,0.726,0.726,0.726,0.726,
1.0,0.826,0.772,0.749,0.748,0.748,0.748,0.748,0.748,0.748,0.748,0.748,0.748,0.748,0.748,0.748,0.748,0.748,0.748,0.748,0.748,0.748,0.748,0.748,0.748,0.748,0.748,0.748,0.748,0.748,0.748,0.748,0.748,0.748,0.748,0.748,0.748,0.748,0.748,0.748,0.748,0.748,0.748,0.748,0.748,0.748,0.748,0.748,0.748,0.748,0.748,0.748,0.748,0.748,0.748,0.748,0.748,0.748,0.748,0.748,0.748,0.748,0.748,0.748,0.748,0.748,0.748,0.748,0.748,0.748,0.748,0.748,0.748,0.748,0.748,0.748,0.748,0.748,0.748,0.748,0.748,0.748,0.748,0.748,0.748,0.748,0.748,0.748,0.748,0.748,0.748,0.748,0.748,0.748,0.748,0.748,0.748,0.748,0.748,0.748,
1.0,0.841,0.806,0.762,0.762,0.762,0.761,0.761,0.761,0.761,0.761,0.761,0.761,0.761,0.761,0.761,0.761,0.761,0.761,0.761,0.761,0.761,0.761,0.761,0.761,0.761,0.761,0.761,0.761,0.761,0.761,0.761,0.761,0.761,0.761,0.761,0.761,0.761,0.761,0.761,0.761,0.761,0.761,0.761,0.761,0.761,0.761,0.761,0.761,0.761,0.761,0.761,0.761,0.761,0.761,0.761,0.761,0.761,0.761,0.761,0.761,0.761,0.761,0.761,0.761,0.761,0.761,0.761,0.761,0.761,0.761,0.761,0.761,0.761,0.761,0.761,0.761,0.761,0.761,0.761,0.761,0.761,0.761,0.761,0.761,0.761,0.761,0.761,0.761,0.761,0.761,0.761,0.761,0.761,0.761,0.761,0.761,0.761,0.761,0.761,
1.0,0.965,0.832,0.782,0.786,0.785,0.785,0.785,0.785,0.785,0.785,0.785,0.785,0.785,0.785,0.785,0.785,0.785,0.785,0.785,0.785,0.785,0.785,0.785,0.785,0.785,0.785,0.785,0.785,0.785,0.785,0.785,0.785,0.785,0.785,0.785,0.785,0.785,0.785,0.785,0.785,0.785,0.785,0.785,0.785,0.785,0.785,0.785,0.785,0.785,0.785,0.785,0.785,0.785,0.785,0.785,0.785,0.785,0.785,0.785,0.785,0.785,0.785,0.785,0.785,0.785,0.785,0.785,0.785,0.785,0.785,0.785,0.785,0.785,0.785,0.785,0.785,0.785,0.785,0.785,0.785,0.785,0.785,0.785,0.785,0.785,0.785,0.785,0.785,0.785,0.785,0.785,0.785,0.785,0.785,0.785,0.785,0.785,0.785,0.785,
0.892,0.772,0.705,0.697,0.697,0.696,0.696,0.696,0.696,0.696,0.696,0.696,0.696,0.696,0.696,0.696,0.696,0.696,0.696,0.696,0.696,0.696,0.696,0.696,0.696,0.696,0.696,0.696,0.696,0.696,0.696,0.696,0.696,0.696,0.696,0.696,0.696,0.696,0.696,0.696,0.696,0.696,0.696,0.696,0.696,0.696,0.696,0.696,0.696,0.696,0.696,0.696,0.696,0.696,0.696,0.696,0.696,0.696,0.696,0.696,0.696,0.696,0.696,0.696,0.696,0.696,0.696,0.696,0.696,0.696,0.696,0.696,0.696,0.696,0.696,0.696,0.696,0.696,0.696,0.696,0.696,0.696,0.696,0.696,0.696,0.696,0.696,0.696,0.696,0.696,0.696,0.696,0.696,0.696,0.696,0.696,0.696,0.696,0.696,0.696,
1.0,0.865,0.818,0.806,0.805,0.805,0.805,0.805,0.805,0.805,0.805,0.805,0.805,0.805,0.805,0.805,0.805,0.805,0.805,0.805,0.805,0.805,0.805,0.805,0.805,0.805,0.805,0.805,0.805,0.805,0.805,0.805,0.805,0.805,0.805,0.805,0.805,0.805,0.805,0.805,0.805,0.805,0.805,0.805,0.805,0.805,0.805,0.805,0.805,0.805,0.805,0.805,0.805,0.805,0.805,0.805,0.805,0.805,0.805,0.805,0.805,0.805,0.805,0.805,0.805,0.805,0.805,0.805,0.805,0.805,0.805,0.805,0.805,0.805,0.805,0.805,0.805,0.805,0.805,0.805,0.805,0.805,0.805,0.805,0.805,0.805,0.805,0.805,0.805,0.805,0.805,0.805,0.805,0.805,0.805,0.805,0.805,0.805,0.805,0.805,
0.909,0.788,0.778,0.69,0.68,0.675,0.679,0.675,0.679,0.675,0.679,0.675,0.679,0.675,0.679,0.675,0.679,0.675,0.679,0.675,0.679,0.675,0.679,0.675,0.679,0.675,0.679,0.675,0.679,0.675,0.679,0.675,0.679,0.675,0.679,0.675,0.679,0.675,0.679,0.675,0.679,0.675,0.679,0.675,0.679,0.675,0.679,0.675,0.679,0.675,0.679,0.675,0.679,0.675,0.679,0.675,0.679,0.675,0.679,0.675,0.679,0.675,0.679,0.675,0.679,0.675,0.679,0.675,0.679,0.675,0.679,0.675,0.679,0.675,0.679,0.675,0.679,0.675,0.679,0.675,0.679,0.675,0.679,0.675,0.679,0.675,0.679,0.675,0.679,0.675,0.679,0.675,0.679,0.675,0.679,0.675,0.679,0.675,0.679,0.675,
1.0,0.807,0.771,0.779,0.775,0.776,0.776,0.776,0.776,0.776,0.776,0.776,0.776,0.776,0.776,0.776,0.776,0.776,0.776,0.776,0.776,0.776,0.776,0.776,0.776,0.776,0.776,0.776,0.776,0.776,0.776,0.776,0.776,0.776,0.776,0.776,0.776,0.776,0.776,0.776,0.776,0.776,0.776,0.776,0.776,0.776,0.776,0.776,0.776,0.776,0.776,0.776,0.776,0.776,0.776,0.776,0.776,0.776,0.776,0.776,0.776,0.776,0.776,0.776,0.776,0.776,0.776,0.776,0.776,0.776,0.776,0.776,0.776,0.776,0.776,0.776,0.776,0.776,0.776,0.776,0.776,0.776,0.776,0.776,0.776,0.776,0.776,0.776,0.776,0.776,0.776,0.776,0.776,0.776,0.776,0.776,0.776,0.776,0.776,0.776,
1.0,0.832,0.768,0.754,0.754,0.753,0.753,0.753,0.753,0.753,0.753,0.753,0.753,0.753,0.753,0.753,0.753,0.753,0.753,0.753,0.753,0.753,0.753,0.753,0.753,0.753,0.753,0.753,0.753,0.753,0.753,0.753,0.753,0.753,0.753,0.753,0.753,0.753,0.753,0.753,0.753,0.753,0.753,0.753,0.753,0.753,0.753,0.753,0.753,0.753,0.753,0.753,0.753,0.753,0.753,0.753,0.753,0.753,0.753,0.753,0.753,0.753,0.753,0.753,0.753,0.753,0.753,0.753,0.753,0.753,0.753,0.753,0.753,0.753,0.753,0.753,0.753,0.753,0.753,0.753,0.753,0.753,0.753,0.753,0.753,0.753,0.753,0.753,0.753,0.753,0.753,0.753,0.753,0.753,0.753,0.753,0.753,0.753,0.753,0.753,
0.962,0.722,0.696,0.679,0.695,0.672,0.696,0.674,0.696,0.674,0.696,0.674,0.696,0.674,0.696,0.674,0.696,0.674,0.696,0.674,0.696,0.674,0.696,0.674,0.696,0.674,0.696,0.674,0.696,0.674,0.696,0.674,0.696,0.674,0.696,0.674,0.696,0.674,0.696,0.674,0.696,0.674,0.696,0.674,0.696,0.674,0.696,0.674,0.696,0.674,0.696,0.674,0.696,0.674,0.696,0.674,0.696,0.674,0.696,0.674,0.696,0.674,0.696,0.674,0.696,0.674,0.696,0.674,0.696,0.674,0.696,0.674,0.696,0.674,0.696,0.674,0.696,0.674,0.696,0.674,0.696,0.674,0.696,0.674,0.696,0.674,0.696,0.674,0.696,0.674,0.696,0.674,0.696,0.674,0.696,0.674,0.696,0.674,0.696,0.674,
0.896,0.768,0.716,0.71,0.71,0.71,0.71,0.71,0.71,0.71,0.71,0.71,0.71,0.71,0.71,0.71,0.71,0.71,0.71,0.71,0.71,0.71,0.71,0.71,0.71,0.71,0.71,0.71,0.71,0.71,0.71,0.71,0.71,0.71,0.71,0.71,0.71,0.71,0.71,0.71,0.71,0.71,0.71,0.71,0.71,0.71,0.71,0.71,0.71,0.71,0.71,0.71,0.71,0.71,0.71,0.71,0.71,0.71,0.71,0.71,0.71,0.71,0.71,0.71,0.71,0.71,0.71,0.71,0.71,0.71,0.71,0.71,0.71,0.71,0.71,0.71,0.71,0.71,0.71,0.71,0.71,0.71,0.71,0.71,0.71,0.71,0.71,0.71,0.71,0.71,0.71,0.71,0.71,0.71,0.71,0.71,0.71,0.71,0.71,0.71,
1.0,0.729,0.768,0.767,0.766,0.764,0.765,0.763,0.764,0.763,0.764,0.762,0.763,0.762,0.763,0.763,0.762,0.763,0.761,0.762,0.763,0.762,0.763,0.764,0.762,0.763,0.761,0.762,0.763,0.762,0.763,0.764,0.762,0.763,0.761,0.762,0.763,0.762,0.763,0.764,0.762,0.763,0.761,0.762,0.763,0.762,0.763,0.764,0.762,0.763,0.761,0.762,0.763,0.762,0.763,0.764,0.762,0.763,0.761,0.762,0.763,0.762,0.763,0.764,0.762,0.763,0.761,0.762,0.763,0.762,0.763,0.764,0.762,0.763,0.761,0.762,0.763,0.762,0.763,0.761,0.762,0.763,0.762,0.763,0.764,0.762,0.763,0.761,0.762,0.763,0.762,0.763,0.761,0.762,0.763,0.762,0.763,0.764,0.762,0.762,
0.993,0.882,0.795,0.762,0.761,0.761,0.76,0.761,0.76,0.761,0.76,0.761,0.76,0.761,0.76,0.761,0.76,0.761,0.76,0.761,0.76,0.761,0.76,0.761,0.76,0.761,0.76,0.761,0.76,0.761,0.76,0.761,0.76,0.761,0.76,0.761,0.76,0.761,0.76,0.761,0.76,0.761,0.76,0.761,0.76,0.761,0.76,0.761,0.76,0.761,0.76,0.761,0.76,0.761,0.76,0.761,0.76,0.761,0.76,0.761,0.76,0.761,0.76,0.761,0.76,0.761,0.76,0.761,0.76,0.761,0.76,0.761,0.76,0.761,0.76,0.761,0.76,0.761,0.76,0.761,0.76,0.761,0.76,0.761,0.76,0.761,0.76,0.761,0.76,0.761,0.76,0.761,0.76,0.761,0.76,0.761,0.76,0.761,0.76,0.761,
0.941,0.719,0.777,0.775,0.776,0.774,0.774,0.774,0.774,0.774,0.774,0.774,0.774,0.774,0.774,0.774,0.774,0.774,0.774,0.774,0.774,0.774,0.774,0.774,0.774,0.774,0.774,0.774,0.774,0.774,0.774,0.774,0.774,0.774,0.774,0.774,0.774,0.774,0.774,0.774,0.774,0.774,0.774,0.774,0.774,0.774,0.774,0.774,0.774,0.774,0.774,0.774,0.774,0.774,0.774,0.774,0.774,0.774,0.774,0.774,0.774,0.774,0.774,0.774,0.774,0.774,0.774,0.774,0.774,0.774,0.774,0.774,0.774,0.774,0.774,0.774,0.774,0.774,0.774,0.774,0.774,0.774,0.774,0.774,0.774,0.774,0.774,0.774,0.774,0.774,0.774,0.774,0.774,0.774,0.774,0.774,0.774,0.774,0.774,0.733,
1.0,0.798,0.777,0.763,0.763,0.763,0.763,0.753,0.751,0.762,0.762,0.763,0.763,0.763,0.763,0.763,0.763,0.763,0.763,0.763,0.763,0.763,0.763,0.763,0.763,0.763,0.763,0.763,0.763,0.763,0.763,0.763,0.763,0.763,0.763,0.763,0.763,0.763,0.763,0.763,0.763,0.763,0.763,0.763,0.763,0.763,0.763,0.763,0.763,0.763,0.763,0.763,0.763,0.763,0.763,0.763,0.763,0.763,0.763,0.763,0.763,0.763,0.763,0.763,0.763,0.763,0.763,0.763,0.763,0.763,0.763,0.763,0.763,0.763,0.763,0.763,0.763,0.763,0.763,0.763,0.763,0.763,0.763,0.763,0.763,0.763,0.763,0.763,0.763,0.763,0.763,0.763,0.763,0.763,0.763,0.763,0.763,0.763,0.763,0.763,
0.922,0.69,0.684,0.67,0.67,0.67,0.67,0.67,0.67,0.67,0.67,0.67,0.67,0.67,0.67,0.67,0.67,0.67,0.67,0.67,0.67,0.67,0.67,0.67,0.67,0.67,0.67,0.67,0.67,0.67,0.67,0.67,0.67,0.67,0.67,0.67,0.67,0.67,0.67,0.67,0.67,0.67,0.67,0.67,0.67,0.67,0.67,0.67,0.67,0.67,0.67,0.67,0.67,0.67,0.67,0.67,0.67,0.67,0.67,0.67,0.67,0.67,0.67,0.67,0.67,0.67,0.67,0.67,0.67,0.67,0.67,0.67,0.67,0.67,0.67,0.67,0.67,0.67,0.67,0.67,0.67,0.67,0.67,0.67,0.67,0.67,0.67,0.67,0.67,0.67,0.67,0.67,0.67,0.67,0.67,0.67,0.67,0.67,0.67,0.67,
0.842,0.697,0.647,0.644,0.643,0.643,0.643,0.643,0.643,0.643,0.643,0.643,0.643,0.643,0.643,0.643,0.643,0.643,0.643,0.643,0.643,0.643,0.643,0.643,0.643,0.643,0.643,0.643,0.643,0.643,0.643,0.643,0.643,0.643,0.643,0.643,0.643,0.643,0.643,0.643,0.643,0.643,0.643,0.643,0.643,0.643,0.643,0.643,0.643,0.643,0.643,0.643,0.643,0.643,0.643,0.643,0.643,0.643,0.643,0.643,0.643,0.643,0.643,0.643,0.643,0.643,0.643,0.643,0.643,0.643,0.643,0.643,0.643,0.643,0.643,0.643,0.643,0.643,0.643,0.643,0.643,0.643,0.643,0.643,0.643,0.643,0.643,0.643,0.643,0.643,0.643,0.643,0.643,0.643,0.643,0.643,0.643,0.643,0.643,0.643,
1.0,0.838,0.771,0.758,0.758,0.758,0.758,0.758,0.758,0.758,0.758,0.758,0.758,0.758,0.758,0.758,0.758,0.758,0.758,0.758,0.758,0.758,0.758,0.758,0.758,0.758,0.758,0.758,0.758,0.758,0.758,0.758,0.758,0.758,0.758,0.758,0.758,0.758,0.758,0.758,0.758,0.758,0.758,0.758,0.758,0.758,0.758,0.758,0.758,0.758,0.758,0.758,0.758,0.758,0.758,0.758,0.758,0.758,0.758,0.758,0.758,0.758,0.758,0.758,0.758,0.758,0.758,0.758,0.758,0.758,0.758,0.758,0.758,0.758,0.758,0.758,0.758,0.758,0.758,0.758,0.758,0.758,0.758,0.758,0.758,0.758,0.758,0.758,0.758,0.758,0.758,0.758,0.758,0.758,0.758,0.758,0.758,0.758,0.758,0.758,
1.0,0.816,0.719,0.726,0.722,0.723,0.723,0.722,0.723,0.722,0.723,0.722,0.723,0.722,0.723,0.722,0.723,0.722,0.723,0.722,0.723,0.722,0.723,0.722,0.723,0.722,0.723,0.722,0.723,0.722,0.723,0.722,0.723,0.722,0.723,0.722,0.723,0.722,0.723,0.722,0.723,0.722,0.723,0.722,0.723,0.722,0.723,0.722,0.723,0.722,0.723,0.722,0.723,0.722,0.723,0.722,0.723,0.722,0.723,0.722,0.723,0.722,0.723,0.722,0.723,0.722,0.723,0.722,0.723,0.722,0.723,0.722,0.723,0.722,0.723,0.722,0.723,0.722,0.723,0.722,0.723,0.722,0.723,0.722,0.723,0.722,0.723,0.722,0.723,0.722,0.723,0.722,0.723,0.722,0.723,0.722,0.723,0.722,0.723,0.722,
1.0,0.842,0.779,0.768,0.764,0.764,0.764,0.764,0.764,0.764,0.764,0.764,0.764,0.764,0.764,0.764,0.764,0.764,0.764,0.764,0.764,0.764,0.764,0.764,0.764,0.764,0.764,0.764,0.764,0.764,0.764,0.764,0.764,0.764,0.764,0.764,0.764,0.764,0.764,0.764,0.764,0.764,0.764,0.764,0.764,0.764,0.764,0.764,0.764,0.764,0.764,0.764,0.764,0.764,0.764,0.764,0.764,0.764,0.764,0.764,0.764,0.764,0.764,0.764,0.764,0.764,0.764,0.764,0.764,0.764,0.764,0.764,0.764,0.764,0.764,0.764,0.764,0.764,0.764,0.764,0.764,0.764,0.764,0.764,0.764,0.764,0.764,0.764,0.764,0.764,0.764,0.764,0.764,0.764,0.764,0.764,0.764,0.764,0.764,0.764,
1.0,0.892,0.826,0.811,0.809,0.804,0.808,0.804,0.804,0.804,0.804,0.804,0.804,0.804,0.804,0.804,0.804,0.804,0.804,0.804,0.804,0.804,0.804,0.804,0.804,0.804,0.804,0.804,0.804,0.804,0.804,0.804,0.804,0.804,0.804,0.804,0.804,0.804,0.804,0.804,0.804,0.804,0.804,0.804,0.804,0.804,0.804,0.804,0.804,0.804,0.804,0.804,0.804,0.804,0.804,0.804,0.804,0.804,0.804,0.804,0.804,0.804,0.804,0.804,0.804,0.804,0.804,0.804,0.804,0.804,0.804,0.804,0.804,0.804,0.804,0.804,0.804,0.804,0.804,0.804,0.804,0.804,0.804,0.804,0.804,0.804,0.804,0.804,0.804,0.804,0.804,0.804,0.804,0.804,0.804,0.804,0.804,0.804,0.804,0.804,
0.951,0.702,0.654,0.659,0.658,0.658,0.658,0.658,0.658,0.658,0.658,0.658,0.658,0.658,0.658,0.658,0.658,0.658,0.658,0.658,0.658,0.658,0.658,0.658,0.658,0.658,0.658,0.658,0.658,0.658,0.658,0.658,0.658,0.658,0.658,0.658,0.658,0.658,0.658,0.658,0.658,0.658,0.658,0.658,0.658,0.658,0.658,0.658,0.658,0.658,0.658,0.658,0.658,0.658,0.658,0.658,0.658,0.658,0.658,0.658,0.658,0.658,0.658,0.658,0.658,0.658,0.658,0.658,0.658,0.658,0.658,0.658,0.658,0.658,0.658,0.658,0.658,0.658,0.658,0.658,0.658,0.658,0.658,0.658,0.658,0.658,0.658,0.658,0.658,0.658,0.658,0.658,0.658,0.658,0.658,0.658,0.658,0.658,0.658,0.658,
0.875,0.743,0.667,0.658,0.657,0.657,0.657,0.657,0.657,0.657,0.657,0.657,0.657,0.657,0.657,0.657,0.657,0.657,0.657,0.657,0.657,0.657,0.657,0.657,0.657,0.657,0.657,0.657,0.657,0.657,0.657,0.657,0.657,0.657,0.657,0.657,0.657,0.657,0.657,0.657,0.657,0.657,0.657,0.657,0.657,0.657,0.657,0.657,0.657,0.657,0.657,0.657,0.657,0.657,0.657,0.657,0.657,0.657,0.657,0.657,0.657,0.657,0.657,0.657,0.657,0.657,0.657,0.657,0.657,0.657,0.657,0.657,0.657,0.657,0.657,0.657,0.657,0.657,0.657,0.657,0.657,0.657,0.657,0.657,0.657,0.657,0.657,0.657,0.657,0.657,0.657,0.657,0.657,0.657,0.657,0.657,0.657,0.657,0.657,0.657,
0.753,0.639,0.624,0.612,0.614,0.614,0.614,0.614,0.614,0.614,0.614,0.614,0.614,0.614,0.614,0.614,0.614,0.614,0.614,0.614,0.614,0.614,0.614,0.614,0.614,0.614,0.614,0.614,0.614,0.614,0.614,0.614,0.614,0.614,0.614,0.614,0.614,0.614,0.614,0.614,0.614,0.614,0.614,0.614,0.614,0.614,0.614,0.614,0.614,0.614,0.614,0.614,0.614,0.614,0.614,0.614,0.614,0.614,0.614,0.614,0.614,0.614,0.614,0.614,0.614,0.614,0.614,0.614,0.614,0.614,0.614,0.614,0.614,0.614,0.614,0.614,0.614,0.614,0.614,0.614,0.614,0.614,0.614,0.614,0.614,0.614,0.614,0.614,0.614,0.614,0.614,0.614,0.614,0.614,0.614,0.614,0.614,0.614,0.614,0.614,
0.876,0.73,0.684,0.661,0.661,0.661,0.661,0.661,0.661,0.661,0.661,0.661,0.661,0.661,0.661,0.661,0.661,0.661,0.661,0.661,0.661,0.661,0.661,0.661,0.661,0.661,0.661,0.661,0.661,0.661,0.661,0.661,0.661,0.661,0.661,0.661,0.661,0.661,0.661,0.661,0.661,0.661,0.661,0.661,0.661,0.661,0.661,0.661,0.661,0.661,0.661,0.661,0.661,0.661,0.661,0.661,0.661,0.661,0.661,0.661,0.661,0.661,0.661,0.661,0.661,0.661,0.661,0.661,0.661,0.661,0.661,0.661,0.661,0.661,0.661,0.661,0.661,0.661,0.661,0.661,0.661,0.661,0.661,0.661,0.661,0.661,0.661,0.661,0.661,0.661,0.661,0.661,0.661,0.661,0.661,0.661,0.661,0.661,0.661,0.661,
0.969,0.781,0.765,0.752,0.753,0.751,0.752,0.75,0.751,0.751,0.751,0.751,0.751,0.751,0.751,0.751,0.751,0.751,0.751,0.751,0.751,0.751,0.751,0.751,0.751,0.751,0.751,0.751,0.751,0.751,0.751,0.751,0.751,0.751,0.751,0.751,0.751,0.751,0.751,0.751,0.751,0.751,0.751,0.751,0.751,0.751,0.751,0.751,0.751,0.751,0.751,0.751,0.751,0.751,0.751,0.751,0.751,0.751,0.751,0.751,0.751,0.751,0.751,0.751,0.751,0.751,0.751,0.751,0.751,0.751,0.751,0.751,0.751,0.751,0.751,0.751,0.751,0.751,0.751,0.751,0.751,0.751,0.751,0.751,0.751,0.751,0.751,0.751,0.751,0.751,0.751,0.751,0.751,0.751,0.751,0.751,0.751,0.751,0.751,0.75,
0.993,0.758,0.747,0.733,0.727,0.728,0.727,0.727,0.727,0.727,0.727,0.727,0.727,0.727,0.727,0.727,0.727,0.727,0.727,0.727,0.727,0.727,0.727,0.727,0.727,0.727,0.727,0.727,0.727,0.727,0.727,0.727,0.727,0.727,0.727,0.727,0.727,0.727,0.727,0.727,0.727,0.727,0.727,0.727,0.727,0.727,0.727,0.727,0.727,0.727,0.727,0.727,0.727,0.727,0.727,0.727,0.727,0.727,0.727,0.727,0.727,0.727,0.727,0.727,0.727,0.727,0.727,0.727,0.727,0.727,0.727,0.727,0.727,0.727,0.727,0.727,0.727,0.727,0.727,0.727,0.727,0.727,0.727,0.727,0.727,0.727,0.727,0.727,0.727,0.727,0.727,0.727,0.727,0.727,0.727,0.727,0.727,0.727,0.727,0.727,
1.0,0.875,0.808,0.789,0.788,0.787,0.787,0.787,0.787,0.787,0.787,0.787,0.787,0.787,0.787,0.787,0.787,0.787,0.787,0.787,0.787,0.787,0.787,0.787,0.787,0.787,0.787,0.787,0.787,0.787,0.787,0.787,0.787,0.787,0.787,0.787,0.787,0.787,0.787,0.787,0.787,0.787,0.787,0.787,0.787,0.787,0.787,0.787,0.787,0.787,0.787,0.787,0.787,0.787,0.787,0.787,0.787,0.787,0.787,0.787,0.787,0.787,0.787,0.787,0.787,0.787,0.787,0.787,0.787,0.787,0.787,0.787,0.787,0.787,0.787,0.787,0.787,0.787,0.787,0.787,0.787,0.787,0.787,0.787,0.787,0.787,0.787,0.787,0.787,0.787,0.787,0.787,0.787,0.787,0.787,0.787,0.787,0.787,0.787,0.787,
0.919,0.723,0.71,0.697,0.699,0.698,0.698,0.698,0.698,0.698,0.698,0.698,0.698,0.698,0.698,0.698,0.698,0.698,0.698,0.698,0.698,0.698,0.698,0.698,0.698,0.698,0.698,0.698,0.698,0.698,0.698,0.698,0.698,0.698,0.698,0.698,0.698,0.698,0.698,0.698,0.698,0.698,0.698,0.698,0.698,0.698,0.698,0.698,0.698,0.698,0.698,0.698,0.698,0.698,0.698,0.698,0.698,0.698,0.698,0.698,0.698,0.698,0.698,0.698,0.698,0.698,0.698,0.698,0.698,0.698,0.698,0.698,0.698,0.698,0.698,0.698,0.698,0.698,0.698,0.698,0.698,0.698,0.698,0.698,0.698,0.698,0.698,0.698,0.698,0.698,0.698,0.698,0.698,0.698,0.698,0.698,0.698,0.698,0.698,0.698,
0.819,0.7,0.632,0.603,0.599,0.601,0.598,0.601,0.598,0.601,0.598,0.601,0.598,0.601,0.598,0.601,0.598,0.601,0.598,0.601,0.598,0.601,0.598,0.601,0.598,0.601,0.598,0.601,0.598,0.601,0.598,0.601,0.598,0.601,0.598,0.601,0.598,0.601,0.598,0.601,0.598,0.601,0.598,0.601,0.598,0.601,0.598,0.601,0.598,0.601,0.598,0.601,0.598,0.601,0.598,0.601,0.598,0.601,0.598,0.601,0.598,0.601,0.598,0.601,0.598,0.601,0.598,0.601,0.598,0.601,0.598,0.601,0.598,0.601,0.598,0.601,0.598,0.601,0.598,0.601,0.598,0.601,0.598,0.601,0.598,0.601,0.598,0.601,0.598,0.601,0.598,0.601,0.598,0.601,0.598,0.601,0.598,0.601,0.598,0.601,
0.898,0.751,0.693,0.686,0.682,0.681,0.681,0.681,0.681,0.681,0.681,0.681,0.681,0.681,0.681,0.681,0.681,0.681,0.681,0.681,0.681,0.681,0.681,0.681,0.681,0.681,0.681,0.681,0.681,0.681,0.681,0.681,0.681,0.681,0.681,0.681,0.681,0.681,0.681,0.681,0.681,0.681,0.681,0.681,0.681,0.681,0.681,0.681,0.681,0.681,0.681,0.681,0.681,0.681,0.681,0.681,0.681,0.681,0.681,0.681,0.681,0.681,0.681,0.681,0.681,0.681,0.681,0.681,0.681,0.681,0.681,0.681,0.681,0.681,0.681,0.681,0.681,0.681,0.681,0.681,0.681,0.681,0.681,0.681,0.681,0.681,0.681,0.681,0.681,0.681,0.681,0.681,0.681,0.681,0.681,0.681,0.681,0.681,0.681,0.681,
1.0,0.853,0.758,0.703,0.701,0.7,0.7,0.7,0.7,0.7,0.7,0.7,0.7,0.7,0.7,0.7,0.7,0.7,0.7,0.7,0.7,0.7,0.7,0.7,0.7,0.7,0.7,0.7,0.7,0.7,0.7,0.7,0.7,0.7,0.7,0.7,0.7,0.7,0.7,0.7,0.7,0.7,0.7,0.7,0.7,0.7,0.7,0.7,0.7,0.7,0.7,0.7,0.7,0.7,0.7,0.7,0.7,0.7,0.7,0.7,0.7,0.7,0.7,0.7,0.7,0.7,0.7,0.7,0.7,0.7,0.7,0.7,0.7,0.7,0.7,0.7,0.7,0.7,0.7,0.7,0.7,0.7,0.7,0.7,0.7,0.7,0.7,0.7,0.7,0.7,0.7,0.7,0.7,0.7,0.7,0.7,0.7,0.7,0.7,0.7,
1.0,0.761,0.773,0.754,0.753,0.753,0.753,0.753,0.753,0.753,0.753,0.753,0.753,0.753,0.753,0.753,0.753,0.753,0.753,0.753,0.753,0.753,0.753,0.753,0.753,0.753,0.753,0.753,0.753,0.753,0.753,0.753,0.753,0.753,0.753,0.753,0.753,0.753,0.753,0.753,0.753,0.753,0.753,0.753,0.753,0.753,0.753,0.753,0.753,0.753,0.753,0.753,0.753,0.753,0.753,0.753,0.753,0.753,0.753,0.753,0.753,0.753,0.753,0.753,0.753,0.753,0.753,0.753,0.753,0.753,0.753,0.753,0.753,0.753,0.753,0.753,0.753,0.753,0.753,0.753,0.753,0.753,0.753,0.753,0.753,0.753,0.753,0.753,0.753,0.753,0.753,0.753,0.753,0.753,0.753,0.753,0.753,0.753,0.753,0.753,
0.87,0.728,0.679,0.671,0.669,0.669,0.669,0.669,0.669,0.669,0.669,0.669,0.669,0.669,0.669,0.669,0.669,0.669,0.669,0.669,0.669,0.669,0.669,0.669,0.669,0.669,0.669,0.669,0.669,0.669,0.669,0.669,0.669,0.669,0.669,0.669,0.669,0.669,0.669,0.669,0.669,0.669,0.669,0.669,0.669,0.669,0.669,0.669,0.669,0.669,0.669,0.669,0.669,0.669,0.669,0.669,0.669,0.669,0.669,0.669,0.669,0.669,0.669,0.669,0.669,0.669,0.669,0.669,0.669,0.669,0.669,0.669,0.669,0.669,0.669,0.669,0.669,0.669,0.669,0.669,0.669,0.669,0.669,0.669,0.669,0.669,0.669,0.669,0.669,0.669,0.669,0.669,0.669,0.669,0.669,0.669,0.669,0.669,0.669,0.669,
1.0,0.778,0.788,0.772,0.77,0.771,0.769,0.772,0.769,0.772,0.769,0.772,0.769,0.772,0.769,0.772,0.769,0.772,0.769,0.772,0.769,0.772,0.769,0.772,0.769,0.772,0.769,0.772,0.769,0.772,0.769,0.772,0.769,0.772,0.769,0.772,0.769,0.772,0.769,0.772,0.769,0.772,0.769,0.772,0.769,0.772,0.769,0.772,0.769,0.772,0.769,0.772,0.769,0.772,0.769,0.772,0.769,0.772,0.769,0.772,0.769,0.772,0.769,0.772,0.769,0.772,0.769,0.772,0.769,0.772,0.769,0.772,0.769,0.772,0.769,0.772,0.769,0.772,0.769,0.772,0.769,0.772,0.769,0.772,0.769,0.772,0.769,0.772,0.769,0.772,0.769,0.772,0.769,0.772,0.769,0.772,0.769,0.772,0.769,0.772,
0.902,0.742,0.715,0.702,0.7,0.7,0.7,0.7,0.7,0.7,0.7,0.7,0.7,0.7,0.7,0.7,0.7,0.7,0.7,0.7,0.7,0.7,0.7,0.7,0.7,0.7,0.7,0.7,0.7,0.7,0.7,0.7,0.7,0.7,0.7,0.7,0.7,0.7,0.7,0.7,0.7,0.7,0.7,0.7,0.7,0.7,0.7,0.7,0.7,0.7,0.7,0.7,0.7,0.7,0.7,0.7,0.7,0.7,0.7,0.7,0.7,0.7,0.7,0.7,0.7,0.7,0.7,0.7,0.7,0.7,0.7,0.7,0.7,0.7,0.7,0.7,0.7,0.7,0.7,0.7,0.7,0.7,0.7,0.7,0.7,0.7,0.7,0.7,0.7,0.7,0.7,0.7,0.7,0.7,0.7,0.7,0.7,0.7,0.7,0.7,
0.925,0.838,0.736,0.743,0.737,0.738,0.738,0.738,0.738,0.738,0.738,0.738,0.738,0.738,0.738,0.738,0.738,0.738,0.738,0.738,0.738,0.738,0.738,0.738,0.738,0.738,0.738,0.738,0.738,0.738,0.738,0.738,0.738,0.738,0.738,0.738,0.738,0.738,0.738,0.738,0.738,0.738,0.738,0.738,0.738,0.738,0.738,0.738,0.738,0.738,0.738,0.738,0.738,0.738,0.738,0.738,0.738,0.738,0.738,0.738,0.738,0.738,0.738,0.738,0.738,0.738,0.738,0.738,0.738,0.738,0.738,0.738,0.738,0.738,0.738,0.738,0.738,0.738,0.738,0.738,0.738,0.738,0.738,0.738,0.738,0.738,0.738,0.738,0.738,0.738,0.738,0.738,0.738,0.738,0.738,0.738,0.738,0.738,0.738,0.738,
0.906,0.698,0.702,0.632,0.681,0.681,0.681,0.681,0.681,0.681,0.681,0.681,0.681,0.681,0.681,0.681,0.681,0.681,0.681,0.681,0.681,0.681,0.681,0.681,0.681,0.681,0.681,0.681,0.681,0.681,0.681,0.681,0.681,0.681,0.681,0.681,0.681,0.681,0.681,0.681,0.681,0.681,0.681,0.681,0.681,0.681,0.681,0.681,0.681,0.681,0.681,0.681,0.681,0.681,0.681,0.681,0.681,0.681,0.681,0.681,0.681,0.681,0.681,0.681,0.681,0.681,0.681,0.681,0.681,0.681,0.681,0.681,0.681,0.681,0.681,0.681,0.681,0.681,0.681,0.681,0.681,0.681,0.681,0.681,0.681,0.681,0.681,0.681,0.681,0.681,0.681,0.681,0.681,0.681,0.681,0.681,0.681,0.681,0.681,0.681,
0.967,0.866,0.785,0.74,0.741,0.741,0.741,0.741,0.741,0.741,0.741,0.741,0.741,0.741,0.741,0.741,0.741,0.741,0.741,0.741,0.741,0.741,0.741,0.741,0.741,0.741,0.741,0.741,0.741,0.741,0.741,0.741,0.741,0.741,0.741,0.741,0.741,0.741,0.741,0.741,0.741,0.741,0.741,0.741,0.741,0.741,0.741,0.741,0.741,0.741,0.741,0.741,0.741,0.741,0.741,0.741,0.741,0.741,0.741,0.741,0.741,0.741,0.741,0.741,0.741,0.741,0.741,0.741,0.741,0.741,0.741,0.741,0.741,0.741,0.741,0.741,0.741,0.741,0.741,0.741,0.741,0.741,0.741,0.741,0.741,0.741,0.741,0.741,0.741,0.741,0.741,0.741,0.741,0.741,0.741,0.741,0.741,0.741,0.741,0.721,
1.0,0.806,0.816,0.809,0.809,0.807,0.807,0.808,0.808,0.808,0.807,0.807,0.808,0.808,0.808,0.807,0.807,0.807,0.808,0.808,0.807,0.807,0.808,0.808,0.808,0.807,0.807,0.807,0.808,0.808,0.807,0.807,0.808,0.808,0.808,0.807,0.807,0.807,0.808,0.808,0.807,0.807,0.808,0.808,0.808,0.807,0.807,0.807,0.808,0.808,0.807,0.807,0.808,0.808,0.808,0.807,0.807,0.807,0.808,0.808,0.807,0.807,0.808,0.808,0.808,0.807,0.807,0.807,0.808,0.808,0.807,0.807,0.808,0.808,0.808,0.807,0.807,0.807,0.808,0.808,0.807,0.807,0.808,0.808,0.808,0.807,0.807,0.807,0.808,0.808,0.807,0.807,0.808,0.808,0.808,0.807,0.807,0.807,0.808,0.806,
1.0,0.896,0.798,0.775,0.772,0.77,0.771,0.77,0.771,0.77,0.771,0.77,0.771,0.77,0.771,0.77,0.771,0.77,0.771,0.77,0.771,0.77,0.771,0.77,0.771,0.77,0.771,0.77,0.771,0.77,0.771,0.77,0.771,0.77,0.771,0.77,0.771,0.77,0.771,0.77,0.771,0.77,0.771,0.77,0.771,0.77,0.771,0.77,0.771,0.77,0.771,0.77,0.771,0.77,0.771,0.77,0.771,0.77,0.771,0.77,0.771,0.77,0.771,0.77,0.771,0.77,0.771,0.77,0.771,0.77,0.771,0.77,0.771,0.77,0.771,0.77,0.771,0.77,0.771,0.77,0.771,0.77,0.771,0.77,0.771,0.77,0.771,0.77,0.771,0.77,0.771,0.77,0.771,0.77,0.771,0.77,0.771,0.77,0.771,0.77,
1.0,0.822,0.668,0.736,0.736,0.736,0.736,0.736,0.736,0.736,0.736,0.736,0.736,0.736,0.736,0.736,0.736,0.736,0.736,0.736,0.736,0.736,0.736,0.736,0.736,0.736,0.736,0.736,0.736,0.736,0.736,0.736,0.736,0.736,0.736,0.736,0.736,0.736,0.736,0.736,0.736,0.736,0.736,0.736,0.736,0.736,0.736,0.736,0.736,0.736,0.736,0.736,0.736,0.736,0.736,0.736,0.736,0.736,0.736,0.736,0.736,0.736,0.736,0.736,0.736,0.736,0.736,0.736,0.736,0.736,0.736,0.736,0.736,0.736,0.736,0.736,0.736,0.736,0.736,0.736,0.736,0.736,0.736,0.736,0.736,0.736,0.736,0.736,0.736,0.736,0.736,0.736,0.736,0.736,0.736,0.736,0.736,0.736,0.736,0.736,
0.871,0.723,0.671,0.665,0.664,0.664,0.664,0.664,0.664,0.664,0.664,0.664,0.664,0.664,0.664,0.664,0.664,0.664,0.664,0.664,0.664,0.664,0.664,0.664,0.664,0.664,0.664,0.664,0.664,0.664,0.664,0.664,0.664,0.664,0.664,0.664,0.664,0.664,0.664,0.664,0.664,0.664,0.664,0.664,0.664,0.664,0.664,0.664,0.664,0.664,0.664,0.664,0.664,0.664,0.664,0.664,0.664,0.664,0.664,0.664,0.664,0.664,0.664,0.664,0.664,0.664,0.664,0.664,0.664,0.664,0.664,0.664,0.664,0.664,0.664,0.664,0.664,0.664,0.664,0.664,0.664,0.664,0.664,0.664,0.664,0.664,0.664,0.664,0.664,0.664,0.664,0.664,0.664,0.664,0.664,0.664,0.664,0.664,0.664,0.664,
1.0,0.665,0.748,0.724,0.726,0.738,0.731,0.738,0.73,0.743,0.729,0.738,0.731,0.738,0.73,0.743,0.728,0.742,0.727,0.738,0.73,0.742,0.727,0.733,0.73,0.729,0.738,0.738,0.731,0.738,0.733,0.732,0.728,0.738,0.73,0.742,0.725,0.741,0.725,0.741,0.727,0.718,0.727,0.732,0.73,0.738,0.726,0.738,0.729,0.738,0.731,0.738,0.731,0.738,0.73,0.743,0.728,0.742,0.727,0.718,0.727,0.736,0.727,0.743,0.725,0.738,0.731,0.732,0.727,0.743,0.725,0.738,0.727,0.741,0.727,0.738,0.73,0.742,0.727,0.738,0.731,0.738,0.731,0.738,0.73,0.743,0.728,0.742,0.727,0.718,0.727,0.736,0.727,0.743,0.725,0.738,0.729,0.738,0.73,0.742,
1.0,0.828,0.769,0.758,0.755,0.754,0.754,0.754,0.754,0.754,0.754,0.754,0.754,0.754,0.754,0.754,0.754,0.754,0.754,0.754,0.754,0.754,0.754,0.754,0.754,0.754,0.754,0.754,0.754,0.754,0.754,0.754,0.754,0.754,0.754,0.754,0.754,0.754,0.754,0.754,0.754,0.754,0.754,0.754,0.754,0.754,0.754,0.754,0.754,0.754,0.754,0.754,0.754,0.754,0.754,0.754,0.754,0.754,0.754,0.754,0.754,0.754,0.754,0.754,0.754,0.754,0.754,0.754,0.754,0.754,0.754,0.754,0.754,0.754,0.754,0.754,0.754,0.754,0.754,0.754,0.754,0.754,0.754,0.754,0.754,0.754,0.754,0.754,0.754,0.754,0.754,0.754,0.754,0.754,0.754,0.754,0.754,0.754,0.754,0.754,
0.902,0.773,0.717,0.702,0.691,0.693,0.697,0.701,0.689,0.692,0.695,0.698,0.701,0.69,0.692,0.696,0.699,0.703,0.691,0.694,0.697,0.7,0.689,0.691,0.695,0.698,0.701,0.689,0.692,0.695,0.699,0.702,0.69,0.693,0.696,0.701,0.689,0.692,0.695,0.698,0.701,0.69,0.692,0.696,0.699,0.703,0.691,0.694,0.697,0.7,0.689,0.691,0.695,0.698,0.701,0.689,0.692,0.695,0.699,0.702,0.69,0.693,0.696,0.701,0.689,0.692,0.695,0.698,0.701,0.69,0.692,0.696,0.699,0.703,0.691,0.694,0.697,0.7,0.689,0.691,0.695,0.698,0.701,0.689,0.692,0.695,0.699,0.702,0.69,0.693,0.696,0.701,0.689,0.692,0.695,0.698,0.701,0.69,0.692,0.696,
1.0,0.789,0.738,0.733,0.728,0.735,0.725,0.724,0.735,0.728,0.732,0.725,0.735,0.728,0.734,0.728,0.734,0.728,0.734,0.728,0.734,0.728,0.734,0.728,0.734,0.728,0.734,0.728,0.734,0.728,0.734,0.728,0.734,0.728,0.734,0.728,0.734,0.728,0.734,0.728,0.734,0.728,0.734,0.728,0.734,0.728,0.734,0.728,0.734,0.728,0.734,0.728,0.734,0.728,0.734,0.728,0.734,0.728,0.734,0.728,0.734,0.728,0.734,0.728,0.734,0.728,0.734,0.728,0.734,0.728,0.734,0.728,0.734,0.728,0.734,0.728,0.734,0.728,0.734,0.728,0.734,0.728,0.734,0.728,0.734,0.728,0.734,0.728,0.734,0.728,0.734,0.728,0.734,0.728,0.734,0.728,0.734,0.728,0.734,0.728,
0.881,0.723,0.685,0.678,0.676,0.677,0.676,0.677,0.676,0.677,0.676,0.677,0.676,0.677,0.676,0.677,0.676,0.677,0.676,0.677,0.676,0.677,0.676,0.677,0.676,0.677,0.676,0.677,0.676,0.677,0.676,0.677,0.676,0.677,0.676,0.677,0.676,0.677,0.676,0.677,0.676,0.677,0.676,0.677,0.676,0.677,0.676,0.677,0.676,0.677,0.676,0.677,0.676,0.677,0.676,0.677,0.676,0.677,0.676,0.677,0.676,0.677,0.676,0.677,0.676,0.677,0.676,0.677,0.676,0.677,0.676,0.677,0.676,0.677,0.676,0.677,0.676,0.677,0.676,0.677,0.676,0.677,0.676,0.677,0.676,0.677,0.676,0.677,0.676,0.677,0.676,0.677,0.676,0.677,0.676,0.677,0.676,0.677,0.676,0.677,
0.968,0.74,0.719,0.704,0.703,0.703,0.703,0.703,0.703,0.703,0.703,0.703,0.703,0.703,0.703,0.703,0.703,0.703,0.703,0.703,0.703,0.703,0.703,0.703,0.703,0.703,0.703,0.703,0.703,0.703,0.703,0.703,0.703,0.703,0.703,0.703,0.703,0.703,0.703,0.703,0.703,0.703,0.703,0.703,0.703,0.703,0.703,0.703,0.703,0.703,0.703,0.703,0.703,0.703,0.703,0.703,0.703,0.703,0.703,0.703,0.703,0.703,0.703,0.703,0.703,0.703,0.703,0.703,0.703,0.703,0.703,0.703,0.703,0.703,0.703,0.703,0.703,0.703,0.703,0.703,0.703,0.703,0.703,0.703,0.703,0.703,0.703,0.703,0.703,0.703,0.703,0.703,0.703,0.703,0.703,0.703,0.703,0.703,0.703,0.703,
1.0,0.877,0.757,0.776,0.776,0.776,0.776,0.776,0.776,0.776,0.776,0.776,0.776,0.776,0.776,0.776,0.776,0.776,0.776,0.776,0.776,0.776,0.776,0.776,0.776,0.776,0.776,0.776,0.776,0.776,0.776,0.776,0.776,0.776,0.776,0.776,0.776,0.776,0.776,0.776,0.776,0.776,0.776,0.776,0.776,0.776,0.776,0.776,0.776,0.776,0.776,0.776,0.776,0.776,0.776,0.776,0.776,0.776,0.776,0.776,0.776,0.776,0.776,0.776,0.776,0.776,0.776,0.776,0.776,0.776,0.776,0.776,0.776,0.776,0.776,0.776,0.776,0.776,0.776,0.776,0.776,0.776,0.776,0.776,0.776,0.776,0.776,0.776,0.776,0.776,0.776,0.776,0.776,0.776,0.776,0.776,0.776,0.776,0.776,0.776,
0.961,0.78,0.748,0.744,0.737,0.737,0.735,0.737,0.735,0.737,0.735,0.737,0.735,0.737,0.735,0.737,0.735,0.737,0.735,0.737,0.735,0.737,0.735,0.737,0.735,0.737,0.735,0.737,0.735,0.737,0.735,0.737,0.735,0.737,0.735,0.737,0.735,0.737,0.735,0.737,0.735,0.737,0.735,0.737,0.735,0.737,0.735,0.737,0.735,0.737,0.735,0.737,0.735,0.737,0.735,0.737,0.735,0.737,0.735,0.737,0.735,0.737,0.735,0.737,0.735,0.737,0.735,0.737,0.735,0.737,0.735,0.737,0.735,0.737,0.735,0.737,0.735,0.737,0.735,0.737,0.735,0.737,0.735,0.737,0.735,0.737,0.735,0.737,0.735,0.737,0.735,0.737,0.735,0.737,0.735,0.737,0.735,0.737,0.735,0.737,
1.0,0.895,0.821,0.845,0.839,0.839,0.839,0.839,0.839,0.839,0.839,0.839,0.839,0.839,0.839,0.839,0.839,0.839,0.839,0.839,0.839,0.839,0.839,0.839,0.839,0.839,0.839,0.839,0.839,0.839,0.839,0.839,0.839,0.839,0.839,0.839,0.839,0.839,0.839,0.839,0.839,0.839,0.839,0.839,0.839,0.839,0.839,0.839,0.839,0.839,0.839,0.839,0.839,0.839,0.839,0.839,0.839,0.839,0.839,0.839,0.839,0.839,0.839,0.839,0.839,0.839,0.839,0.839,0.839,0.839,0.839,0.839,0.839,0.839,0.839,0.839,0.839,0.839,0.839,0.839,0.839,0.839,0.839,0.839,0.839,0.839,0.839,0.839,0.839,0.839,0.839,0.839,0.839,0.839,0.839,0.839,0.839,0.839,0.839,0.839,
0.987,0.786,0.678,0.678,0.673,0.672,0.627,0.664,0.67,0.674,0.675,0.672,0.67,0.67,0.672,0.675,0.673,0.669,0.666,0.664,0.672,0.673,0.675,0.673,0.672,0.627,0.661,0.669,0.674,0.673,0.672,0.672,0.669,0.666,0.664,0.672,0.673,0.675,0.673,0.672,0.675,0.673,0.67,0.672,0.673,0.672,0.627,0.664,0.67,0.673,0.627,0.664,0.67,0.672,0.67,0.672,0.672,0.669,0.666,0.664,0.672,0.673,0.675,0.673,0.672,0.627,0.664,0.67,0.674,0.673,0.671,0.672,0.672,0.669,0.666,0.664,0.672,0.673,0.675,0.673,0.672,0.675,0.673,0.67,0.672,0.673,0.672,0.627,0.664,0.67,0.673,0.627,0.664,0.67,0.673,0.627,0.661,0.669,0.674,0.672,
1.0,0.781,0.737,0.726,0.724,0.724,0.724,0.724,0.723,0.72,0.723,0.724,0.724,0.724,0.724,0.724,0.724,0.724,0.724,0.724,0.724,0.724,0.724,0.724,0.724,0.724,0.724,0.724,0.724,0.724,0.724,0.724,0.724,0.724,0.724,0.724,0.724,0.724,0.724,0.724,0.724,0.724,0.724,0.724,0.724,0.724,0.724,0.724,0.724,0.724,0.724,0.724,0.724,0.724,0.724,0.724,0.724,0.724,0.724,0.724,0.724,0.724,0.724,0.724,0.724,0.724,0.724,0.724,0.724,0.724,0.724,0.724,0.724,0.724,0.724,0.724,0.724,0.724,0.724,0.724,0.724,0.724,0.724,0.724,0.724,0.724,0.724,0.724,0.724,0.724,0.724,0.724,0.724,0.724,0.724,0.724,0.724,0.724,0.724,0.724,
1.0,0.797,0.766,0.745,0.744,0.744,0.744,0.744,0.744,0.744,0.744,0.744,0.744,0.744,0.744,0.744,0.744,0.744,0.744,0.744,0.744,0.744,0.744,0.744,0.744,0.744,0.744,0.744,0.744,0.744,0.744,0.744,0.744,0.744,0.744,0.744,0.744,0.744,0.744,0.744,0.744,0.744,0.744,0.744,0.744,0.744,0.744,0.744,0.744,0.744,0.744,0.744,0.744,0.744,0.744,0.744,0.744,0.744,0.744,0.744,0.744,0.744,0.744,0.744,0.744,0.744,0.744,0.744,0.744,0.744,0.744,0.744,0.744,0.744,0.744,0.744,0.744,0.744,0.744,0.744,0.744,0.744,0.744,0.744,0.744,0.744,0.744,0.744,0.744,0.744,0.744,0.744,0.744,0.744,0.744,0.744,0.744,0.744,0.744,0.744,
1.0,0.86,0.804,0.8,0.798,0.797,0.797,0.797,0.797,0.797,0.797,0.797,0.797,0.797,0.797,0.797,0.797,0.797,0.797,0.797,0.797,0.797,0.797,0.797,0.797,0.797,0.797,0.797,0.797,0.797,0.797,0.797,0.797,0.797,0.797,0.797,0.797,0.797,0.797,0.797,0.797,0.797,0.797,0.797,0.797,0.797,0.797,0.797,0.797,0.797,0.797,0.797,0.797,0.797,0.797,0.797,0.797,0.797,0.797,0.797,0.797,0.797,0.797,0.797,0.797,0.797,0.797,0.797,0.797,0.797,0.797,0.797,0.797,0.797,0.797,0.797,0.797,0.797,0.797,0.797,0.797,0.797,0.797,0.797,0.797,0.797,0.797,0.797,0.797,0.797,0.797,0.797,0.797,0.797,0.797,0.797,0.797,0.797,0.797,0.797,
1.0,0.833,0.761,0.753,0.752,0.75,0.754,0.75,0.754,0.75,0.754,0.75,0.754,0.75,0.754,0.75,0.754,0.75,0.754,0.75,0.754,0.75,0.754,0.75,0.754,0.75,0.754,0.75,0.754,0.75,0.754,0.75,0.754,0.75,0.754,0.75,0.754,0.75,0.754,0.75,0.754,0.75,0.754,0.75,0.754,0.75,0.754,0.75,0.754,0.75,0.754,0.75,0.754,0.75,0.754,0.75,0.754,0.75,0.754,0.75,0.754,0.75,0.754,0.75,0.754,0.75,0.754,0.75,0.754,0.75,0.754,0.75,0.754,0.75,0.754,0.75,0.754,0.75,0.754,0.75,0.754,0.75,0.754,0.75,0.754,0.75,0.754,0.75,0.754,0.75,0.754,0.75,0.754,0.75,0.754,0.75,0.754,0.75,0.754,0.75,
0.913,0.724,0.698,0.687,0.675,0.686,0.686,0.686,0.674,0.686,0.686,0.686,0.674,0.686,0.686,0.686,0.674,0.686,0.686,0.686,0.674,0.686,0.686,0.686,0.674,0.686,0.686,0.686,0.674,0.686,0.686,0.686,0.674,0.686,0.686,0.686,0.674,0.686,0.686,0.686,0.674,0.686,0.686,0.686,0.674,0.686,0.686,0.686,0.674,0.686,0.686,0.686,0.674,0.686,0.686,0.686,0.674,0.686,0.686,0.686,0.674,0.686,0.686,0.686,0.674,0.686,0.686,0.686,0.674,0.686,0.686,0.686,0.674,0.686,0.686,0.686,0.674,0.686,0.686,0.686,0.674,0.686,0.686,0.686,0.674,0.686,0.686,0.686,0.674,0.686,0.686,0.686,0.674,0.686,0.686,0.686,0.674,0.686,0.686,0.674,
0.995,0.7,0.711,0.697,0.696,0.696,0.696,0.696,0.696,0.696,0.696,0.696,0.696,0.696,0.696,0.696,0.696,0.696,0.696,0.696,0.696,0.696,0.696,0.696,0.696,0.696,0.696,0.696,0.696,0.696,0.696,0.696,0.696,0.696,0.696,0.696,0.696,0.696,0.696,0.696,0.696,0.696,0.696,0.696,0.696,0.696,0.696,0.696,0.696,0.696,0.696,0.696,0.696,0.696,0.696,0.696,0.696,0.696,0.696,0.696,0.696,0.696,0.696,0.696,0.696,0.696,0.696,0.696,0.696,0.696,0.696,0.696,0.696,0.696,0.696,0.696,0.696,0.696,0.696,0.696,0.696,0.696,0.696,0.696,0.696,0.696,0.696,0.696,0.696,0.696,0.696,0.696,0.696,0.696,0.696,0.696,0.696,0.696,0.696,0.696,
1.0,0.832,0.771,0.765,0.76,0.76,0.76,0.76,0.76,0.76,0.76,0.76,0.76,0.76,0.76,0.76,0.76,0.76,0.76,0.76,0.76,0.76,0.76,0.76,0.76,0.76,0.76,0.76,0.76,0.76,0.76,0.76,0.76,0.76,0.76,0.76,0.76,0.76,0.76,0.76,0.76,0.76,0.76,0.76,0.76,0.76,0.76,0.76,0.76,0.76,0.76,0.76,0.76,0.76,0.76,0.76,0.76,0.76,0.76,0.76,0.76,0.76,0.76,0.76,0.76,0.76,0.76,0.76,0.76,0.76,0.76,0.76,0.76,0.76,0.76,0.76,0.76,0.76,0.76,0.76,0.76,0.76,0.76,0.76,0.76,0.76,0.76,0.76,0.76,0.76,0.76,0.76,0.76,0.76,0.76,0.76,0.76,0.76,0.76,0.76,
1.0,0.802,0.788,0.767,0.773,0.772,0.772,0.772,0.772,0.772,0.772,0.772,0.772,0.772,0.772,0.772,0.772,0.772,0.772,0.772,0.772,0.772,0.772,0.772,0.772,0.772,0.772,0.772,0.772,0.772,0.772,0.772,0.772,0.772,0.772,0.772,0.772,0.772,0.772,0.772,0.772,0.772,0.772,0.772,0.772,0.772,0.772,0.772,0.772,0.772,0.772,0.772,0.772,0.772,0.772,0.772,0.772,0.772,0.772,0.772,0.772,0.772,0.772,0.772,0.772,0.772,0.772,0.772,0.772,0.772,0.772,0.772,0.772,0.772,0.772,0.772,0.772,0.772,0.772,0.772,0.772,0.772,0.772,0.772,0.772,0.772,0.772,0.772,0.772,0.772,0.772,0.772,0.772,0.772,0.772,0.772,0.772,0.772,0.772,0.772,
0.885,0.744,0.719,0.7,0.703,0.699,0.701,0.7,0.7,0.7,0.7,0.7,0.7,0.7,0.7,0.7,0.7,0.7,0.7,0.7,0.7,0.7,0.7,0.7,0.7,0.7,0.7,0.7,0.7,0.7,0.7,0.7,0.7,0.7,0.7,0.7,0.7,0.7,0.7,0.7,0.7,0.7,0.7,0.7,0.7,0.7,0.7,0.7,0.7,0.7,0.7,0.7,0.7,0.7,0.7,0.7,0.7,0.7,0.7,0.7,0.7,0.7,0.7,0.7,0.7,0.7,0.7,0.7,0.7,0.7,0.7,0.7,0.7,0.7,0.7,0.7,0.7,0.7,0.7,0.7,0.7,0.7,0.7,0.7,0.7,0.7,0.7,0.7,0.7,0.7,0.7,0.7,0.7,0.7,0.7,0.7,0.7,0.7,0.7,0.7,
0.917,0.793,0.725,0.713,0.712,0.712,0.712,0.712,0.712,0.712,0.712,0.712,0.712,0.712,0.712,0.712,0.712,0.712,0.712,0.712,0.712,0.712,0.712,0.712,0.712,0.712,0.712,0.712,0.712,0.712,0.712,0.712,0.712,0.712,0.712,0.712,0.712,0.712,0.712,0.712,0.712,0.712,0.712,0.712,0.712,0.712,0.712,0.712,0.712,0.712,0.712,0.712,0.712,0.712,0.712,0.712,0.712,0.712,0.712,0.712,0.712,0.712,0.712,0.712,0.712,0.712,0.712,0.712,0.712,0.712,0.712,0.712,0.712,0.712,0.712,0.712,0.712,0.712,0.712,0.712,0.712,0.712,0.712,0.712,0.712,0.712,0.712,0.712,0.712,0.712,0.712,0.712,0.712,0.712,0.712,0.712,0.712,0.712,0.712,0.712,
0.937,0.742,0.717,0.703,0.701,0.701,0.701,0.701,0.701,0.701,0.701,0.701,0.701,0.701,0.701,0.701,0.701,0.701,0.701,0.701,0.701,0.701,0.701,0.701,0.701,0.701,0.701,0.701,0.701,0.701,0.701,0.701,0.701,0.701,0.701,0.701,0.701,0.701,0.701,0.701,0.701,0.701,0.701,0.701,0.701,0.701,0.701,0.701,0.701,0.701,0.701,0.701,0.701,0.701,0.701,0.701,0.701,0.701,0.701,0.701,0.701,0.701,0.701,0.701,0.701,0.701,0.701,0.701,0.701,0.701,0.701,0.701,0.701,0.701,0.701,0.701,0.701,0.701,0.701,0.701,0.701,0.701,0.701,0.701,0.701,0.701,0.701,0.701,0.701,0.701,0.701,0.701,0.701,0.701,0.701,0.701,0.701,0.701,0.701,0.701,
0.97,0.779,0.772,0.774,0.764,0.764,0.764,0.764,0.764,0.764,0.764,0.764,0.764,0.764,0.764,0.764,0.764,0.764,0.764,0.764,0.764,0.764,0.764,0.764,0.764,0.764,0.764,0.764,0.764,0.764,0.764,0.764,0.764,0.764,0.764,0.764,0.764,0.764,0.764,0.764,0.764,0.764,0.764,0.764,0.764,0.764,0.764,0.764,0.764,0.764,0.764,0.764,0.764,0.764,0.764,0.764,0.764,0.764,0.764,0.764,0.764,0.764,0.764,0.764,0.764,0.764,0.764,0.764,0.764,0.764,0.764,0.764,0.764,0.764,0.764,0.764,0.764,0.764,0.764,0.764,0.764,0.764,0.764,0.764,0.764,0.764,0.764,0.764,0.764,0.764,0.764,0.764,0.764,0.764,0.764,0.764,0.764,0.764,0.764,0.763,
1.0,0.826,0.783,0.793,0.791,0.792,0.791,0.792,0.791,0.792,0.791,0.792,0.791,0.792,0.791,0.792,0.791,0.792,0.791,0.792,0.791,0.792,0.791,0.792,0.791,0.792,0.791,0.792,0.791,0.792,0.791,0.792,0.791,0.792,0.791,0.792,0.791,0.792,0.791,0.792,0.791,0.792,0.791,0.792,0.791,0.792,0.791,0.792,0.791,0.792,0.791,0.792,0.791,0.792,0.791,0.792,0.791,0.792,0.791,0.792,0.791,0.792,0.791,0.792,0.791,0.792,0.791,0.792,0.791,0.792,0.791,0.792,0.791,0.792,0.791,0.792,0.791,0.792,0.791,0.792,0.791,0.792,0.791,0.792,0.791,0.792,0.791,0.792,0.791,0.792,0.791,0.792,0.791,0.792,0.791,0.792,0.791,0.792,0.791,0.792,
1.0,0.929,0.861,0.825,0.826,0.825,0.825,0.825,0.825,0.825,0.825,0.825,0.825,0.825,0.825,0.825,0.825,0.825,0.825,0.825,0.825,0.825,0.825,0.825,0.825,0.825,0.825,0.825,0.825,0.825,0.825,0.825,0.825,0.825,0.825,0.825,0.825,0.825,0.825,0.825,0.825,0.825,0.825,0.825,0.825,0.825,0.825,0.825,0.825,0.825,0.825,0.825,0.825,0.825,0.825,0.825,0.825,0.825,0.825,0.825,0.825,0.825,0.825,0.825,0.825,0.825,0.825,0.825,0.825,0.825,0.825,0.825,0.825,0.825,0.825,0.825,0.825,0.825,0.825,0.825,0.825,0.825,0.825,0.825,0.825,0.825,0.825,0.825,0.825,0.825,0.825,0.825,0.825,0.825,0.825,0.825,0.825,0.825,0.825,0.825,
0.939,0.771,0.737,0.735,0.732,0.732,0.732,0.732,0.732,0.732,0.732,0.732,0.732,0.732,0.732,0.732,0.732,0.732,0.732,0.732,0.732,0.732,0.732,0.732,0.732,0.732,0.732,0.732,0.732,0.732,0.732,0.732,0.732,0.732,0.732,0.732,0.732,0.732,0.732,0.732,0.732,0.732,0.732,0.732,0.732,0.732,0.732,0.732,0.732,0.732,0.732,0.732,0.732,0.732,0.732,0.732,0.732,0.732,0.732,0.732,0.732,0.732,0.732,0.732,0.732,0.732,0.732,0.732,0.732,0.732,0.732,0.732,0.732,0.732,0.732,0.732,0.732,0.732,0.732,0.732,0.732,0.732,0.732,0.732,0.732,0.732,0.732,0.732,0.732,0.732,0.732,0.732,0.732,0.732,0.732,0.732,0.732,0.732,0.732,0.732,
1.0,0.776,0.789,0.758,0.759,0.759,0.759,0.759,0.759,0.759,0.759,0.759,0.759,0.759,0.759,0.759,0.759,0.759,0.759,0.759,0.759,0.759,0.759,0.759,0.759,0.759,0.759,0.759,0.759,0.759,0.759,0.759,0.759,0.759,0.759,0.759,0.759,0.759,0.759,0.759,0.759,0.759,0.759,0.759,0.759,0.759,0.759,0.759,0.759,0.759,0.759,0.759,0.759,0.759,0.759,0.759,0.759,0.759,0.759,0.759,0.759,0.759,0.759,0.759,0.759,0.759,0.759,0.759,0.759,0.759,0.759,0.759,0.759,0.759,0.759,0.759,0.759,0.759,0.759,0.759,0.759,0.759,0.759,0.759,0.759,0.759,0.759,0.759,0.759,0.759,0.759,0.759,0.759,0.759,0.759,0.759,0.759,0.759,0.759,0.759,
0.951,0.797,0.763,0.75,0.715,0.76,0.76,0.69,0.734,0.76,0.761,0.761,0.761,0.761,0.75,0.714,0.76,0.76,0.69,0.734,0.76,0.759,0.69,0.734,0.76,0.761,0.761,0.761,0.761,0.761,0.761,0.75,0.714,0.76,0.76,0.69,0.734,0.76,0.759,0.69,0.734,0.76,0.761,0.761,0.761,0.761,0.761,0.761,0.75,0.714,0.76,0.76,0.69,0.734,0.76,0.759,0.69,0.734,0.76,0.761,0.761,0.761,0.761,0.761,0.761,0.75,0.714,0.76,0.76,0.69,0.734,0.76,0.759,0.69,0.734,0.76,0.761,0.761,0.761,0.761,0.761,0.761,0.75,0.714,0.76,0.76,0.69,0.734,0.76,0.761,0.761,0.761,0.761,0.75,0.714,0.76,0.76,0.69,0.734,0.738,
1.0,0.863,0.817,0.805,0.803,0.803,0.803,0.803,0.803,0.803,0.803,0.803,0.803,0.803,0.803,0.803,0.803,0.803,0.803,0.803,0.803,0.803,0.803,0.803,0.803,0.803,0.803,0.803,0.803,0.803,0.803,0.803,0.803,0.803,0.803,0.803,0.803,0.803,0.803,0.803,0.803,0.803,0.803,0.803,0.803,0.803,0.803,0.803,0.803,0.803,0.803,0.803,0.803,0.803,0.803,0.803,0.803,0.803,0.803,0.803,0.803,0.803,0.803,0.803,0.803,0.803,0.803,0.803,0.803,0.803,0.803,0.803,0.803,0.803,0.803,0.803,0.803,0.803,0.803,0.803,0.803,0.803,0.803,0.803,0.803,0.803,0.803,0.803,0.803,0.803,0.803,0.803,0.803,0.803,0.803,0.803,0.803,0.803,0.803,0.803,
1.0,0.869,0.787,0.774,0.773,0.772,0.772,0.772,0.772,0.772,0.772,0.772,0.772,0.772,0.772,0.772,0.772,0.772,0.772,0.772,0.772,0.772,0.772,0.772,0.772,0.772,0.772,0.772,0.772,0.772,0.772,0.772,0.772,0.772,0.772,0.772,0.772,0.772,0.772,0.772,0.772,0.772,0.772,0.772,0.772,0.772,0.772,0.772,0.772,0.772,0.772,0.772,0.772,0.772,0.772,0.772,0.772,0.772,0.772,0.772,0.772,0.772,0.772,0.772,0.772,0.772,0.772,0.772,0.772,0.772,0.772,0.772,0.772,0.772,0.772,0.772,0.772,0.772,0.772,0.772,0.772,0.772,0.772,0.772,0.772,0.772,0.772,0.772,0.772,0.772,0.772,0.772,0.772,0.772,0.772,0.772,0.772,0.772,0.772,0.772,
0.907,0.736,0.692,0.69,0.675,0.693,0.678,0.682,0.692,0.677,0.682,0.692,0.677,0.682,0.692,0.677,0.682,0.692,0.677,0.682,0.692,0.677,0.682,0.692,0.677,0.682,0.692,0.677,0.682,0.692,0.677,0.682,0.692,0.677,0.682,0.692,0.677,0.682,0.692,0.677,0.682,0.692,0.677,0.682,0.692,0.677,0.682,0.692,0.677,0.682,0.692,0.677,0.682,0.692,0.677,0.682,0.692,0.677,0.682,0.692,0.677,0.682,0.692,0.677,0.682,0.692,0.677,0.682,0.692,0.677,0.682,0.692,0.677,0.682,0.692,0.677,0.682,0.692,0.677,0.682,0.692,0.677,0.682,0.692,0.677,0.682,0.692,0.677,0.682,0.692,0.677,0.682,0.692,0.677,0.682,0.692,0.677,0.682,0.692,0.677,
0.933,0.756,0.726,0.718,0.717,0.717,0.717,0.717,0.717,0.717,0.717,0.717,0.717,0.717,0.717,0.717,0.717,0.717,0.717,0.717,0.717,0.717,0.717,0.717,0.717,0.717,0.717,0.717,0.717,0.717,0.717,0.717,0.717,0.717,0.717,0.717,0.717,0.717,0.717,0.717,0.717,0.717,0.717,0.717,0.717,0.717,0.717,0.717,0.717,0.717,0.717,0.717,0.717,0.717,0.717,0.717,0.717,0.717,0.717,0.717,0.717,0.717,0.717,0.717,0.717,0.717,0.717,0.717,0.717,0.717,0.717,0.717,0.717,0.717,0.717,0.717,0.717,0.717,0.717,0.717,0.717,0.717,0.717,0.717,0.717,0.717,0.717,0.717,0.717,0.717,0.717,0.717,0.717,0.717,0.717,0.717,0.717,0.717,0.717,0.717,
1.0,0.875,0.771,0.77,0.767,0.767,0.767,0.767,0.767,0.767,0.767,0.767,0.767,0.767,0.767,0.767,0.767,0.767,0.767,0.767,0.767,0.767,0.767,0.767,0.767,0.767,0.767,0.767,0.767,0.767,0.767,0.767,0.767,0.767,0.767,0.767,0.767,0.767,0.767,0.767,0.767,0.767,0.767,0.767,0.767,0.767,0.767,0.767,0.767,0.767,0.767,0.767,0.767,0.767,0.767,0.767,0.767,0.767,0.767,0.767,0.767,0.767,0.767,0.767,0.767,0.767,0.767,0.767,0.767,0.767,0.767,0.767,0.767,0.767,0.767,0.767,0.767,0.767,0.767,0.767,0.767,0.767,0.767,0.767,0.767,0.767,0.767,0.767,0.767,0.767,0.767,0.767,0.767,0.767,0.767,0.767,0.767,0.767,0.767,0.767,
0.915,0.792,0.746,0.73,0.729,0.729,0.729,0.729,0.729,0.729,0.729,0.729,0.729,0.729,0.729,0.729,0.729,0.729,0.729,0.729,0.729,0.729,0.729,0.729,0.729,0.729,0.729,0.729,0.729,0.729,0.729,0.729,0.729,0.729,0.729,0.729,0.729,0.729,0.729,0.729,0.729,0.729,0.729,0.729,0.729,0.729,0.729,0.729,0.729,0.729,0.729,0.729,0.729,0.729,0.729,0.729,0.729,0.729,0.729,0.729,0.729,0.729,0.729,0.729,0.729,0.729,0.729,0.729,0.729,0.729,0.729,0.729,0.729,0.729,0.729,0.729,0.729,0.729,0.729,0.729,0.729,0.729,0.729,0.729,0.729,0.729,0.729,0.729,0.729,0.729,0.729,0.729,0.729,0.729,0.729,0.729,0.729,0.729,0.729,0.729,
1.0,0.95,0.818,0.817,0.812,0.812,0.812,0.812,0.812,0.812,0.812,0.812,0.812,0.812,0.812,0.812,0.812,0.812,0.812,0.812,0.812,0.812,0.812,0.812,0.812,0.812,0.812,0.812,0.812,0.812,0.812,0.812,0.812,0.812,0.812,0.812,0.812,0.812,0.812,0.812,0.812,0.812,0.812,0.812,0.812,0.812,0.812,0.812,0.812,0.812,0.812,0.812,0.812,0.812,0.812,0.812,0.812,0.812,0.812,0.812,0.812,0.812,0.812,0.812,0.812,0.812,0.812,0.812,0.812,0.812,0.812,0.812,0.812,0.812,0.812,0.812,0.812,0.812,0.812,0.812,0.812,0.812,0.812,0.812,0.812,0.812,0.812,0.812,0.812,0.812,0.812,0.812,0.812,0.812,0.812,0.812,0.812,0.812,0.812,0.812,
0.994,0.786,0.752,0.776,0.736,0.757,0.774,0.778,0.748,0.774,0.742,0.758,0.777,0.745,0.761,0.777,0.745,0.761,0.777,0.745,0.761,0.777,0.745,0.761,0.777,0.745,0.761,0.777,0.745,0.761,0.777,0.745,0.761,0.777,0.745,0.761,0.777,0.745,0.761,0.777,0.745,0.761,0.777,0.745,0.761,0.777,0.745,0.761,0.777,0.745,0.761,0.777,0.745,0.761,0.777,0.745,0.761,0.777,0.745,0.761,0.777,0.745,0.761,0.777,0.745,0.761,0.777,0.745,0.761,0.777,0.745,0.761,0.777,0.745,0.761,0.777,0.745,0.761,0.777,0.745,0.761,0.777,0.745,0.761,0.777,0.745,0.761,0.777,0.745,0.761,0.777,0.745,0.761,0.777,0.745,0.761,0.777,0.745,0.761,0.776,
1.0,0.847,0.8,0.781,0.796,0.776,0.776,0.777,0.776,0.777,0.776,0.777,0.776,0.777,0.776,0.777,0.776,0.777,0.776,0.777,0.776,0.777,0.776,0.777,0.776,0.777,0.776,0.777,0.776,0.777,0.776,0.777,0.776,0.777,0.776,0.777,0.776,0.777,0.776,0.777,0.776,0.777,0.776,0.777,0.776,0.777,0.776,0.777,0.776,0.777,0.776,0.777,0.776,0.777,0.776,0.777,0.776,0.777,0.776,0.777,0.776,0.777,0.776,0.777,0.776,0.777,0.776,0.777,0.776,0.777,0.776,0.777,0.776,0.777,0.776,0.777,0.776,0.777,0.776,0.777,0.776,0.777,0.776,0.777,0.776,0.777,0.776,0.777,0.776,0.777,0.776,0.777,0.776,0.777,0.776,0.777,0.776,0.777,0.776,0.777,
0.953,0.705,0.704,0.69,0.688,0.688,0.688,0.688,0.688,0.688,0.688,0.688,0.688,0.688,0.688,0.688,0.688,0.688,0.688,0.688,0.688,0.688,0.688,0.688,0.688,0.688,0.688,0.688,0.688,0.688,0.688,0.688,0.688,0.688,0.688,0.688,0.688,0.688,0.688,0.688,0.688,0.688,0.688,0.688,0.688,0.688,0.688,0.688,0.688,0.688,0.688,0.688,0.688,0.688,0.688,0.688,0.688,0.688,0.688,0.688,0.688,0.688,0.688,0.688,0.688,0.688,0.688,0.688,0.688,0.688,0.688,0.688,0.688,0.688,0.688,0.688,0.688,0.688,0.688,0.688,0.688,0.688,0.688,0.688,0.688,0.688,0.688,0.688,0.688,0.688,0.688,0.688,0.688,0.688,0.688,0.688,0.688,0.688,0.688,0.688,
0.974,0.771,0.757,0.755,0.757,0.757,0.757,0.757,0.757,0.757,0.757,0.757,0.757,0.757,0.757,0.757,0.757,0.757,0.757,0.757,0.757,0.757,0.757,0.757,0.757,0.757,0.757,0.757,0.757,0.757,0.757,0.757,0.757,0.757,0.757,0.757,0.757,0.757,0.757,0.757,0.757,0.757,0.757,0.757,0.757,0.757,0.757,0.757,0.757,0.757,0.757,0.757,0.757,0.757,0.757,0.757,0.757,0.757,0.757,0.757,0.757,0.757,0.757,0.757,0.757,0.757,0.757,0.757,0.757,0.757,0.757,0.757,0.757,0.757,0.757,0.757,0.757,0.757,0.757,0.757,0.757,0.757,0.757,0.757,0.757,0.757,0.757,0.757,0.757,0.757,0.757,0.757,0.757,0.757,0.757,0.757,0.757,0.757,0.757,0.721,
0.971,0.778,0.715,0.708,0.707,0.707,0.707,0.707,0.707,0.707,0.707,0.707,0.707,0.707,0.707,0.707,0.707,0.707,0.707,0.707,0.707,0.707,0.707,0.707,0.707,0.707,0.707,0.707,0.707,0.707,0.707,0.707,0.707,0.707,0.707,0.707,0.707,0.707,0.707,0.707,0.707,0.707,0.707,0.707,0.707,0.707,0.707,0.707,0.707,0.707,0.707,0.707,0.707,0.707,0.707,0.707,0.707,0.707,0.707,0.707,0.707,0.707,0.707,0.707,0.707,0.707,0.707,0.707,0.707,0.707,0.707,0.707,0.707,0.707,0.707,0.707,0.707,0.707,0.707,0.707,0.707,0.707,0.707,0.707,0.707,0.707,0.707,0.707,0.707,0.707,0.707,0.707,0.707,0.707,0.707,0.707,0.707,0.707,0.707,0.707,
0.853,0.759,0.655,0.654,0.65,0.651,0.65,0.651,0.65,0.651,0.65,0.651,0.65,0.651,0.65,0.651,0.65,0.651,0.65,0.651,0.65,0.651,0.65,0.651,0.65,0.651,0.65,0.651,0.65,0.651,0.65,0.651,0.65,0.651,0.65,0.651,0.65,0.651,0.65,0.651,0.65,0.651,0.65,0.651,0.65,0.651,0.65,0.651,0.65,0.651,0.65,0.651,0.65,0.651,0.65,0.651,0.65,0.651,0.65,0.651,0.65,0.651,0.65,0.651,0.65,0.651,0.65,0.651,0.65,0.651,0.65,0.651,0.65,0.651,0.65,0.651,0.65,0.651,0.65,0.651,0.65,0.651,0.65,0.651,0.65,0.651,0.65,0.651,0.65,0.651,0.65,0.651,0.65,0.651,0.65,0.651,0.65,0.651,0.65,0.651,
0.838,0.704,0.635,0.627,0.627,0.626,0.626,0.626,0.626,0.626,0.626,0.626,0.626,0.626,0.626,0.626,0.626,0.626,0.626,0.626,0.626,0.626,0.626,0.626,0.626,0.626,0.626,0.626,0.626,0.626,0.626,0.626,0.626,0.626,0.626,0.626,0.626,0.626,0.626,0.626,0.626,0.626,0.626,0.626,0.626,0.626,0.626,0.626,0.626,0.626,0.626,0.626,0.626,0.626,0.626,0.626,0.626,0.626,0.626,0.626,0.626,0.626,0.626,0.626,0.626,0.626,0.626,0.626,0.626,0.626,0.626,0.626,0.626,0.626,0.626,0.626,0.626,0.626,0.626,0.626,0.626,0.626,0.626,0.626,0.626,0.626,0.626,0.626,0.626,0.626,0.626,0.626,0.626,0.626,0.626,0.626,0.626,0.626,0.626,0.626,
0.953,0.723,0.739,0.723,0.721,0.722,0.72,0.721,0.72,0.721,0.72,0.721,0.72,0.721,0.72,0.721,0.72,0.721,0.72,0.721,0.72,0.721,0.72,0.721,0.72,0.721,0.72,0.721,0.72,0.721,0.72,0.721,0.72,0.721,0.72,0.721,0.72,0.721,0.72,0.721,0.72,0.721,0.72,0.721,0.72,0.721,0.72,0.721,0.72,0.721,0.72,0.721,0.72,0.721,0.72,0.721,0.72,0.721,0.72,0.721,0.72,0.721,0.72,0.721,0.72,0.721,0.72,0.721,0.72,0.721,0.72,0.721,0.72,0.721,0.72,0.721,0.72,0.721,0.72,0.721,0.72,0.721,0.72,0.721,0.72,0.721,0.72,0.721,0.72,0.721,0.72,0.721,0.72,0.721,0.72,0.721,0.72,0.721,0.72,0.721,
0.928,0.768,0.675,0.664,0.662,0.662,0.661,0.662,0.661,0.662,0.661,0.662,0.661,0.662,0.661,0.662,0.661,0.662,0.661,0.662,0.661,0.662,0.661,0.662,0.661,0.662,0.661,0.662,0.661,0.662,0.661,0.662,0.661,0.662,0.661,0.662,0.661,0.662,0.661,0.662,0.661,0.662,0.661,0.662,0.661,0.662,0.661,0.662,0.661,0.662,0.661,0.662,0.661,0.662,0.661,0.662,0.661,0.662,0.661,0.662,0.661,0.662,0.661,0.662,0.661,0.662,0.661,0.662,0.661,0.662,0.661,0.662,0.661,0.662,0.661,0.662,0.661,0.662,0.661,0.662,0.661,0.662,0.661,0.662,0.661,0.662,0.661,0.662,0.661,0.662,0.661,0.662,0.661,0.662,0.661,0.662,0.661,0.662,0.661,0.662,
1.0,0.815,0.716,0.772,0.767,0.767,0.767,0.767,0.767,0.767,0.767,0.767,0.767,0.767,0.767,0.767,0.767,0.767,0.767,0.767,0.767,0.767,0.767,0.767,0.767,0.767,0.767,0.767,0.767,0.767,0.767,0.767,0.767,0.767,0.767,0.767,0.767,0.767,0.767,0.767,0.767,0.767,0.767,0.767,0.767,0.767,0.767,0.767,0.767,0.767,0.767,0.767,0.767,0.767,0.767,0.767,0.767,0.767,0.767,0.767,0.767,0.767,0.767,0.767,0.767,0.767,0.767,0.767,0.767,0.767,0.767,0.767,0.767,0.767,0.767,0.767,0.767,0.767,0.767,0.767,0.767,0.767,0.767,0.767,0.767,0.767,0.767,0.767,0.767,0.767,0.767,0.767,0.767,0.767,0.767,0.767,0.767,0.767,0.767,0.767,
0.911,0.683,0.709,0.687,0.69,0.69,0.689,0.69,0.689,0.69,0.689,0.69,0.689,0.69,0.689,0.69,0.689,0.69,0.689,0.69,0.689,0.69,0.689,0.69,0.689,0.69,0.689,0.69,0.689,0.69,0.689,0.69,0.689,0.69,0.689,0.69,0.689,0.69,0.689,0.69,0.689,0.69,0.689,0.69,0.689,0.69,0.689,0.69,0.689,0.69,0.689,0.69,0.689,0.69,0.689,0.69,0.689,0.69,0.689,0.69,0.689,0.69,0.689,0.69,0.689,0.69,0.689,0.69,0.689,0.69,0.689,0.69,0.689,0.69,0.689,0.69,0.689,0.69,0.689,0.69,0.689,0.69,0.689,0.69,0.689,0.69,0.689,0.69,0.689,0.69,0.689,0.69,0.689,0.69,0.689,0.69,0.689,0.69,0.689,0.69,
0.828,0.772,0.631,0.617,0.616,0.616,0.616,0.616,0.616,0.616,0.616,0.616,0.616,0.616,0.616,0.616,0.616,0.616,0.616,0.616,0.616,0.616,0.616,0.616,0.616,0.616,0.616,0.616,0.616,0.616,0.616,0.616,0.616,0.616,0.616,0.616,0.616,0.616,0.616,0.616,0.616,0.616,0.616,0.616,0.616,0.616,0.616,0.616,0.616,0.616,0.616,0.616,0.616,0.616,0.616,0.616,0.616,0.616,0.616,0.616,0.616,0.616,0.616,0.616,0.616,0.616,0.616,0.616,0.616,0.616,0.616,0.616,0.616,0.616,0.616,0.616,0.616,0.616,0.616,0.616,0.616,0.616,0.616,0.616,0.616,0.616,0.616,0.616,0.616,0.616,0.616,0.616,0.616,0.616,0.616,0.616,0.616,0.616,0.616,0.616,
0.952,0.727,0.673,0.665,0.664,0.664,0.664,0.664,0.664,0.664,0.664,0.664,0.664,0.664,0.664,0.664,0.664,0.664,0.664,0.664,0.664,0.664,0.664,0.664,0.664,0.664,0.664,0.664,0.664,0.664,0.664,0.664,0.664,0.664,0.664,0.664,0.664,0.664,0.664,0.664,0.664,0.664,0.664,0.664,0.664,0.664,0.664,0.664,0.664,0.664,0.664,0.664,0.664,0.664,0.664,0.664,0.664,0.664,0.664,0.664,0.664,0.664,0.664,0.664,0.664,0.664,0.664,0.664,0.664,0.664,0.664,0.664,0.664,0.664,0.664,0.664,0.664,0.664,0.664,0.664,0.664,0.664,0.664,0.664,0.664,0.664,0.664,0.664,0.664,0.664,0.664,0.664,0.664,0.664,0.664,0.664,0.664,0.664,0.664,0.664,
0.92,0.704,0.696,0.708,0.736,0.705,0.692,0.692,0.692,0.692,0.692,0.692,0.692,0.692,0.692,0.692,0.692,0.692,0.692,0.692,0.692,0.692,0.692,0.692,0.692,0.692,0.692,0.692,0.692,0.692,0.692,0.692,0.692,0.692,0.692,0.692,0.692,0.692,0.692,0.692,0.692,0.692,0.692,0.692,0.692,0.692,0.692,0.692,0.692,0.692,0.692,0.692,0.692,0.692,0.692,0.692,0.692,0.692,0.692,0.692,0.692,0.692,0.692,0.692,0.692,0.692,0.692,0.692,0.692,0.692,0.692,0.692,0.692,0.692,0.692,0.692,0.692,0.692,0.692,0.692,0.692,0.692,0.692,0.692,0.692,0.692,0.692,0.692,0.692,0.692,0.692,0.692,0.692,0.692,0.692,0.692,0.692,0.692,0.692,0.686,
0.943,0.731,0.775,0.723,0.756,0.71,0.754,0.717,0.753,0.748,0.719,0.753,0.748,0.751,0.751,0.719,0.751,0.68,0.705,0.728,0.715,0.72,0.75,0.718,0.753,0.751,0.72,0.751,0.681,0.707,0.73,0.715,0.72,0.713,0.743,0.737,0.751,0.751,0.719,0.749,0.74,0.752,0.718,0.753,0.751,0.745,0.75,0.746,0.75,0.745,0.75,0.745,0.75,0.745,0.75,0.745,0.75,0.714,0.754,0.751,0.713,0.754,0.717,0.753,0.748,0.713,0.754,0.717,0.753,0.748,0.713,0.754,0.717,0.753,0.748,0.713,0.754,0.717,0.753,0.748,0.713,0.754,0.717,0.753,0.748,0.713,0.754,0.717,0.753,0.748,0.713,0.754,0.717,0.753,0.748,0.713,0.754,0.717,0.753,0.748,
1.0,0.729,0.648,0.649,0.61,0.577,0.635,0.644,0.649,0.649,0.657,0.61,0.577,0.64,0.642,0.655,0.609,0.577,0.572,0.645,0.608,0.577,0.635,0.644,0.649,0.649,0.657,0.61,0.577,0.64,0.642,0.648,0.649,0.649,0.649,0.654,0.646,0.609,0.572,0.633,0.654,0.639,0.644,0.657,0.61,0.647,0.639,0.65,0.651,0.651,0.641,0.656,0.61,0.647,0.64,0.642,0.649,0.649,0.641,0.644,0.651,0.649,0.649,0.657,0.61,0.647,0.638,0.648,0.649,0.657,0.61,0.577,0.64,0.642,0.648,0.649,0.649,0.649,0.654,0.646,0.609,0.653,0.609,0.647,0.638,0.656,0.61,0.647,0.639,0.65,0.651,0.651,0.641,0.656,0.61,0.647,0.64,0.642,0.649,0.649,
0.889,0.652,0.676,0.653,0.657,0.655,0.655,0.655,0.655,0.655,0.655,0.655,0.655,0.655,0.655,0.655,0.655,0.655,0.655,0.655,0.655,0.655,0.655,0.655,0.655,0.655,0.655,0.655,0.655,0.655,0.655,0.655,0.655,0.655,0.655,0.655,0.655,0.655,0.655,0.655,0.655,0.655,0.655,0.655,0.655,0.655,0.655,0.655,0.655,0.655,0.655,0.655,0.655,0.655,0.655,0.655,0.655,0.655,0.655,0.655,0.655,0.655,0.655,0.655,0.655,0.655,0.655,0.655,0.655,0.655,0.655,0.655,0.655,0.655,0.655,0.655,0.655,0.655,0.655,0.655,0.655,0.655,0.655,0.655,0.655,0.655,0.655,0.655,0.655,0.655,0.655,0.655,0.655,0.655,0.655,0.655,0.655,0.655,0.655,0.655,
0.881,0.763,0.702,0.697,0.683,0.683,0.683,0.683,0.683,0.683,0.683,0.683,0.683,0.683,0.683,0.683,0.683,0.683,0.683,0.683,0.683,0.683,0.683,0.683,0.683,0.683,0.683,0.683,0.683,0.683,0.683,0.683,0.683,0.683,0.683,0.683,0.683,0.683,0.683,0.683,0.683,0.683,0.683,0.683,0.683,0.683,0.683,0.683,0.683,0.683,0.683,0.683,0.683,0.683,0.683,0.683,0.683,0.683,0.683,0.683,0.683,0.683,0.683,0.683,0.683,0.683,0.683,0.683,0.683,0.683,0.683,0.683,0.683,0.683,0.683,0.683,0.683,0.683,0.683,0.683,0.683,0.683,0.683,0.683,0.683,0.683,0.683,0.683,0.683,0.683,0.683,0.683,0.683,0.683,0.683,0.683,0.683,0.683,0.683,0.683,
1.0,0.872,0.786,0.771,0.769,0.769,0.769,0.769,0.769,0.769,0.769,0.769,0.769,0.769,0.769,0.769,0.769,0.769,0.769,0.769,0.769,0.769,0.769,0.769,0.769,0.769,0.769,0.769,0.769,0.769,0.769,0.769,0.769,0.769,0.769,0.769,0.769,0.769,0.769,0.769,0.769,0.769,0.769,0.769,0.769,0.769,0.769,0.769,0.769,0.769,0.769,0.769,0.769,0.769,0.769,0.769,0.769,0.769,0.769,0.769,0.769,0.769,0.769,0.769,0.769,0.769,0.769,0.769,0.769,0.769,0.769,0.769,0.769,0.769,0.769,0.769,0.769,0.769,0.769,0.769,0.769,0.769,0.769,0.769,0.769,0.769,0.769,0.769,0.769,0.769,0.769,0.769,0.769,0.769,0.769,0.769,0.769,0.769,0.769,0.769,
1.0,0.871,0.81,0.799,0.797,0.797,0.797,0.797,0.797,0.797,0.797,0.797,0.797,0.797,0.797,0.797,0.797,0.797,0.797,0.797,0.797,0.797,0.797,0.797,0.797,0.797,0.797,0.797,0.797,0.797,0.797,0.797,0.797,0.797,0.797,0.797,0.797,0.797,0.797,0.797,0.797,0.797,0.797,0.797,0.797,0.797,0.797,0.797,0.797,0.797,0.797,0.797,0.797,0.797,0.797,0.797,0.797,0.797,0.797,0.797,0.797,0.797,0.797,0.797,0.797,0.797,0.797,0.797,0.797,0.797,0.797,0.797,0.797,0.797,0.797,0.797,0.797,0.797,0.797,0.797,0.797,0.797,0.797,0.797,0.797,0.797,0.797,0.797,0.797,0.797,0.797,0.797,0.797,0.797,0.797,0.797,0.797,0.797,0.797,0.797,
0.924,0.734,0.795,0.73,0.737,0.739,0.739,0.739,0.739,0.739,0.739,0.739,0.739,0.739,0.739,0.739,0.739,0.739,0.739,0.739,0.739,0.739,0.739,0.739,0.739,0.739,0.739,0.739,0.739,0.739,0.739,0.739,0.739,0.739,0.739,0.739,0.739,0.739,0.739,0.739,0.739,0.739,0.739,0.739,0.739,0.739,0.739,0.739,0.739,0.739,0.739,0.739,0.739,0.739,0.739,0.739,0.739,0.739,0.739,0.739,0.739,0.739,0.739,0.739,0.739,0.739,0.739,0.739,0.739,0.739,0.739,0.739,0.739,0.739,0.739,0.739,0.739,0.739,0.739,0.739,0.739,0.739,0.739,0.739,0.739,0.739,0.739,0.739,0.739,0.739,0.739,0.739,0.739,0.739,0.739,0.739,0.739,0.739,0.739,0.7,
0.948,0.754,0.707,0.699,0.7,0.699,0.7,0.699,0.7,0.699,0.7,0.699,0.7,0.699,0.7,0.699,0.7,0.699,0.7,0.699,0.7,0.699,0.7,0.699,0.7,0.699,0.7,0.699,0.7,0.699,0.7,0.699,0.7,0.699,0.7,0.699,0.7,0.699,0.7,0.699,0.7,0.699,0.7,0.699,0.7,0.699,0.7,0.699,0.7,0.699,0.7,0.699,0.7,0.699,0.7,0.699,0.7,0.699,0.7,0.699,0.7,0.699,0.7,0.699,0.7,0.699,0.7,0.699,0.7,0.699,0.7,0.699,0.7,0.699,0.7,0.699,0.7,0.699,0.7,0.699,0.7,0.699,0.7,0.699,0.7,0.699,0.7,0.699,0.7,0.699,0.7,0.699,0.7,0.699,0.7,0.699,0.7,0.699,0.7,0.699,
0.845,0.661,0.635,0.625,0.624,0.624,0.624,0.624,0.624,0.624,0.624,0.624,0.624,0.624,0.624,0.624,0.624,0.624,0.624,0.624,0.624,0.624,0.624,0.624,0.624,0.624,0.624,0.624,0.624,0.624,0.624,0.624,0.624,0.624,0.624,0.624,0.624,0.624,0.624,0.624,0.624,0.624,0.624,0.624,0.624,0.624,0.624,0.624,0.624,0.624,0.624,0.624,0.624,0.624,0.624,0.624,0.624,0.624,0.624,0.624,0.624,0.624,0.624,0.624,0.624,0.624,0.624,0.624,0.624,0.624,0.624,0.624,0.624,0.624,0.624,0.624,0.624,0.624,0.624,0.624,0.624,0.624,0.624,0.624,0.624,0.624,0.624,0.624,0.624,0.624,0.624,0.624,0.624,0.624,0.624,0.624,0.624,0.624,0.624,0.624,
1.0,0.849,0.773,0.769,0.769,0.766,0.768,0.766,0.768,0.766,0.768,0.766,0.768,0.766,0.768,0.766,0.768,0.766,0.768,0.766,0.768,0.766,0.768,0.766,0.768,0.766,0.768,0.766,0.768,0.766,0.768,0.766,0.768,0.766,0.768,0.766,0.768,0.766,0.768,0.766,0.768,0.766,0.768,0.766,0.768,0.766,0.768,0.766,0.768,0.766,0.768,0.766,0.768,0.766,0.768,0.766,0.768,0.766,0.768,0.766,0.768,0.766,0.768,0.766,0.768,0.766,0.768,0.766,0.768,0.766,0.768,0.766,0.768,0.766,0.768,0.766,0.768,0.766,0.768,0.766,0.768,0.766,0.768,0.766,0.768,0.766,0.768,0.766,0.768,0.766,0.768,0.766,0.768,0.766,0.768,0.766,0.768,0.766,0.768,0.766,
0.881,0.74,0.638,0.677,0.659,0.661,0.662,0.662,0.662,0.662,0.662,0.662,0.662,0.662,0.662,0.662,0.662,0.662,0.662,0.662,0.662,0.662,0.662,0.662,0.662,0.662,0.662,0.662,0.662,0.662,0.662,0.662,0.662,0.662,0.662,0.662,0.662,0.662,0.662,0.662,0.662,0.662,0.662,0.662,0.662,0.662,0.662,0.662,0.662,0.662,0.662,0.662,0.662,0.662,0.662,0.662,0.662,0.662,0.662,0.662,0.662,0.662,0.662,0.662,0.662,0.662,0.662,0.662,0.662,0.662,0.662,0.662,0.662,0.662,0.662,0.662,0.662,0.662,0.662,0.662,0.662,0.662,0.662,0.662,0.662,0.662,0.662,0.662,0.662,0.662,0.662,0.662,0.662,0.662,0.662,0.662,0.662,0.662,0.662,0.662,
1.0,0.852,0.759,0.75,0.75,0.749,0.749,0.749,0.749,0.749,0.749,0.749,0.749,0.749,0.749,0.749,0.749,0.749,0.749,0.749,0.749,0.749,0.749,0.749,0.749,0.749,0.749,0.749,0.749,0.749,0.749,0.749,0.749,0.749,0.749,0.749,0.749,0.749,0.749,0.749,0.749,0.749,0.749,0.749,0.749,0.749,0.749,0.749,0.749,0.749,0.749,0.749,0.749,0.749,0.749,0.749,0.749,0.749,0.749,0.749,0.749,0.749,0.749,0.749,0.749,0.749,0.749,0.749,0.749,0.749,0.749,0.749,0.749,0.749,0.749,0.749,0.749,0.749,0.749,0.749,0.749,0.749,0.749,0.749,0.749,0.749,0.749,0.749,0.749,0.749,0.749,0.749,0.749,0.749,0.749,0.749,0.749,0.749,0.749,0.749,
0.957,0.678,0.681,0.669,0.67,0.672,0.672,0.672,0.672,0.672,0.672,0.672,0.672,0.672,0.672,0.672,0.672,0.672,0.672,0.672,0.672,0.672,0.672,0.672,0.672,0.672,0.672,0.672,0.672,0.672,0.672,0.672,0.672,0.672,0.672,0.672,0.672,0.672,0.672,0.672,0.672,0.672,0.672,0.672,0.672,0.672,0.672,0.672,0.672,0.672,0.672,0.672,0.672,0.672,0.672,0.672,0.672,0.672,0.672,0.672,0.672,0.672,0.672,0.672,0.672,0.672,0.672,0.672,0.672,0.672,0.672,0.672,0.672,0.672,0.672,0.672,0.672,0.672,0.672,0.672,0.672,0.672,0.672,0.672,0.672,0.672,0.672,0.672,0.672,0.672,0.672,0.672,0.672,0.672,0.672,0.672,0.672,0.672,0.672,0.672,
0.928,0.807,0.72,0.706,0.706,0.705,0.705,0.706,0.705,0.706,0.705,0.706,0.705,0.706,0.705,0.706,0.705,0.706,0.705,0.706,0.705,0.706,0.705,0.706,0.705,0.706,0.705,0.706,0.705,0.706,0.705,0.706,0.705,0.706,0.705,0.706,0.705,0.706,0.705,0.706,0.705,0.706,0.705,0.706,0.705,0.706,0.705,0.706,0.705,0.706,0.705,0.706,0.705,0.706,0.705,0.706,0.705,0.706,0.705,0.706,0.705,0.706,0.705,0.706,0.705,0.706,0.705,0.706,0.705,0.706,0.705,0.706,0.705,0.706,0.705,0.706,0.705,0.706,0.705,0.706,0.705,0.706,0.705,0.706,0.705,0.706,0.705,0.706,0.705,0.706,0.705,0.706,0.705,0.706,0.705,0.706,0.705,0.706,0.705,0.706,
0.869,0.709,0.679,0.669,0.666,0.665,0.666,0.665,0.666,0.665,0.666,0.665,0.666,0.665,0.666,0.665,0.666,0.665,0.666,0.665,0.666,0.665,0.666,0.665,0.666,0.665,0.666,0.665,0.666,0.665,0.666,0.665,0.666,0.665,0.666,0.665,0.666,0.665,0.666,0.665,0.666,0.665,0.666,0.665,0.666,0.665,0.666,0.665,0.666,0.665,0.666,0.665,0.666,0.665,0.666,0.665,0.666,0.665,0.666,0.665,0.666,0.665,0.666,0.665,0.666,0.665,0.666,0.665,0.666,0.665,0.666,0.665,0.666,0.665,0.666,0.665,0.666,0.665,0.666,0.665,0.666,0.665,0.666,0.665,0.666,0.665,0.666,0.665,0.666,0.665,0.666,0.665,0.666,0.665,0.666,0.665,0.666,0.665,0.666,0.665,
0.859,0.685,0.644,0.632,0.633,0.632,0.633,0.632,0.633,0.632,0.633,0.632,0.633,0.632,0.633,0.632,0.633,0.632,0.633,0.632,0.633,0.632,0.633,0.632,0.633,0.632,0.633,0.632,0.633,0.632,0.633,0.632,0.633,0.632,0.633,0.632,0.633,0.632,0.633,0.632,0.633,0.632,0.633,0.632,0.633,0.632,0.633,0.632,0.633,0.632,0.633,0.632,0.633,0.632,0.633,0.632,0.633,0.632,0.633,0.632,0.633,0.632,0.633,0.632,0.633,0.632,0.633,0.632,0.633,0.632,0.633,0.632,0.633,0.632,0.633,0.632,0.633,0.632,0.633,0.632,0.633,0.632,0.633,0.632,0.633,0.632,0.633,0.632,0.633,0.632,0.633,0.632,0.633,0.632,0.633,0.632,0.633,0.632,0.633,0.632,
0.975,0.712,0.734,0.716,0.721,0.715,0.721,0.715,0.721,0.715,0.721,0.715,0.721,0.715,0.721,0.715,0.721,0.715,0.721,0.715,0.721,0.715,0.721,0.715,0.721,0.715,0.721,0.715,0.721,0.715,0.721,0.715,0.721,0.715,0.721,0.715,0.721,0.715,0.721,0.715,0.721,0.715,0.721,0.715,0.721,0.715,0.721,0.715,0.721,0.715,0.721,0.715,0.721,0.715,0.721,0.715,0.721,0.715,0.721,0.715,0.721,0.715,0.721,0.715,0.721,0.715,0.721,0.715,0.721,0.715,0.721,0.715,0.721,0.715,0.721,0.715,0.721,0.715,0.721,0.715,0.721,0.715,0.721,0.715,0.721,0.715,0.721,0.715,0.721,0.715,0.721,0.715,0.721,0.715,0.721,0.715,0.721,0.715,0.721,0.715,
1.0,0.88,0.784,0.752,0.751,0.75,0.75,0.75,0.75,0.75,0.75,0.75,0.75,0.75,0.75,0.75,0.75,0.75,0.75,0.75,0.75,0.75,0.75,0.75,0.75,0.75,0.75,0.75,0.75,0.75,0.75,0.75,0.75,0.75,0.75,0.75,0.75,0.75,0.75,0.75,0.75,0.75,0.75,0.75,0.75,0.75,0.75,0.75,0.75,0.75,0.75,0.75,0.75,0.75,0.75,0.75,0.75,0.75,0.75,0.75,0.75,0.75,0.75,0.75,0.75,0.75,0.75,0.75,0.75,0.75,0.75,0.75,0.75,0.75,0.75,0.75,0.75,0.75,0.75,0.75,0.75,0.75,0.75,0.75,0.75,0.75,0.75,0.75,0.75,0.75,0.75,0.75,0.75,0.75,0.75,0.75,0.75,0.75,0.75,0.75,
1.0,0.89,0.785,0.781,0.776,0.777,0.776,0.777,0.777,0.777,0.777,0.777,0.777,0.777,0.777,0.777,0.777,0.777,0.777,0.777,0.777,0.777,0.777,0.777,0.777,0.777,0.777,0.777,0.777,0.777,0.777,0.777,0.777,0.777,0.777,0.777,0.777,0.777,0.777,0.777,0.777,0.777,0.777,0.777,0.777,0.777,0.777,0.777,0.777,0.777,0.777,0.777,0.777,0.777,0.777,0.777,0.777,0.777,0.777,0.777,0.777,0.777,0.777,0.777,0.777,0.777,0.777,0.777,0.777,0.777,0.777,0.777,0.777,0.777,0.777,0.777,0.777,0.777,0.777,0.777,0.777,0.777,0.777,0.777,0.777,0.777,0.777,0.777,0.777,0.777,0.777,0.777,0.777,0.777,0.777,0.777,0.777,0.777,0.777,0.777,
0.967,0.635,0.718,0.687,0.706,0.684,0.702,0.662,0.696,0.687,0.701,0.684,0.702,0.684,0.702,0.684,0.702,0.684,0.702,0.684,0.702,0.684,0.702,0.684,0.702,0.684,0.702,0.684,0.702,0.684,0.702,0.684,0.702,0.684,0.702,0.684,0.702,0.684,0.702,0.684,0.702,0.684,0.702,0.684,0.702,0.684,0.702,0.684,0.702,0.684,0.702,0.684,0.702,0.684,0.702,0.684,0.702,0.684,0.702,0.684,0.702,0.684,0.702,0.684,0.702,0.684,0.702,0.684,0.702,0.684,0.702,0.684,0.702,0.684,0.702,0.684,0.702,0.684,0.702,0.684,0.702,0.684,0.702,0.684,0.702,0.684,0.702,0.684,0.702,0.684,0.702,0.684,0.702,0.684,0.702,0.684,0.702,0.684,0.702,0.684,
1.0,0.851,0.798,0.781,0.779,0.777,0.776,0.778,0.779,0.779,0.779,0.779,0.779,0.779,0.779,0.779,0.779,0.779,0.779,0.779,0.779,0.779,0.779,0.779,0.779,0.779,0.779,0.779,0.779,0.779,0.779,0.779,0.779,0.779,0.779,0.779,0.779,0.779,0.779,0.779,0.779,0.779,0.779,0.779,0.779,0.779,0.779,0.779,0.779,0.779,0.779,0.779,0.779,0.779,0.779,0.779,0.779,0.779,0.779,0.779,0.779,0.779,0.779,0.779,0.779,0.779,0.779,0.779,0.779,0.779,0.779,0.779,0.779,0.779,0.779,0.779,0.779,0.779,0.779,0.779,0.779,0.779,0.779,0.779,0.779,0.779,0.779,0.779,0.779,0.779,0.779,0.779,0.779,0.779,0.779,0.779,0.779,0.779,0.779,0.779,
1.0,0.886,0.804,0.798,0.795,0.797,0.795,0.797,0.795,0.797,0.795,0.797,0.795,0.797,0.795,0.797,0.795,0.797,0.795,0.797,0.795,0.797,0.795,0.797,0.795,0.797,0.795,0.797,0.795,0.797,0.795,0.797,0.795,0.797,0.795,0.797,0.795,0.797,0.795,0.797,0.795,0.797,0.795,0.797,0.795,0.797,0.795,0.797,0.795,0.797,0.795,0.797,0.795,0.797,0.795,0.797,0.795,0.797,0.795,0.797,0.795,0.797,0.795,0.797,0.795,0.797,0.795,0.797,0.795,0.797,0.795,0.797,0.795,0.797,0.795,0.797,0.795,0.797,0.795,0.797,0.795,0.797,0.795,0.797,0.795,0.797,0.795,0.797,0.795,0.797,0.795,0.797,0.795,0.797,0.795,0.797,0.795,0.797,0.795,0.797,
1.0,0.873,0.784,0.784,0.776,0.776,0.776,0.776,0.776,0.776,0.776,0.776,0.776,0.776,0.776,0.776,0.776,0.776,0.776,0.776,0.776,0.776,0.776,0.776,0.776,0.776,0.776,0.776,0.776,0.776,0.776,0.776,0.776,0.776,0.776,0.776,0.776,0.776,0.776,0.776,0.776,0.776,0.776,0.776,0.776,0.776,0.776,0.776,0.776,0.776,0.776,0.776,0.776,0.776,0.776,0.776,0.776,0.776,0.776,0.776,0.776,0.776,0.776,0.776,0.776,0.776,0.776,0.776,0.776,0.776,0.776,0.776,0.776,0.776,0.776,0.776,0.776,0.776,0.776,0.776,0.776,0.776,0.776,0.776,0.776,0.776,0.776,0.776,0.776,0.776,0.776,0.776,0.776,0.776,0.776,0.776,0.776,0.776,0.776,0.775,
0.896,0.802,0.759,0.716,0.722,0.719,0.72,0.72,0.72,0.72,0.72,0.72,0.72,0.72,0.72,0.72,0.72,0.72,0.72,0.72,0.72,0.72,0.72,0.72,0.72,0.72,0.72,0.72,0.72,0.72,0.72,0.72,0.72,0.72,0.72,0.72,0.72,0.72,0.72,0.72,0.72,0.72,0.72,0.72,0.72,0.72,0.72,0.72,0.72,0.72,0.72,0.72,0.72,0.72,0.72,0.72,0.72,0.72,0.72,0.72,0.72,0.72,0.72,0.72,0.72,0.72,0.72,0.72,0.72,0.72,0.72,0.72,0.72,0.72,0.72,0.72,0.72,0.72,0.72,0.72,0.72,0.72,0.72,0.72,0.72,0.72,0.72,0.72,0.72,0.72,0.72,0.72,0.72,0.72,0.72,0.72,0.72,0.72,0.72,0.72,
1.0,0.644,0.675,0.672,0.663,0.655,0.653,0.631,0.679,0.681,0.68,0.671,0.662,0.678,0.681,0.671,0.662,0.678,0.667,0.678,0.681,0.671,0.681,0.671,0.681,0.671,0.681,0.671,0.681,0.671,0.681,0.671,0.681,0.671,0.681,0.671,0.681,0.671,0.681,0.671,0.681,0.671,0.681,0.671,0.681,0.671,0.681,0.671,0.681,0.671,0.681,0.671,0.681,0.671,0.681,0.671,0.681,0.671,0.681,0.671,0.681,0.671,0.681,0.671,0.681,0.671,0.681,0.671,0.681,0.671,0.681,0.671,0.681,0.671,0.681,0.671,0.681,0.671,0.681,0.671,0.681,0.671,0.681,0.671,0.681,0.671,0.681,0.671,0.681,0.671,0.681,0.671,0.681,0.671,0.681,0.671,0.681,0.671,0.681,0.671,
0.894,0.697,0.701,0.698,0.695,0.696,0.695,0.696,0.695,0.696,0.695,0.696,0.695,0.696,0.695,0.696,0.695,0.696,0.695,0.696,0.695,0.696,0.695,0.696,0.695,0.696,0.695,0.696,0.695,0.696,0.695,0.696,0.695,0.696,0.695,0.696,0.695,0.696,0.695,0.696,0.695,0.696,0.695,0.696,0.695,0.696,0.695,0.696,0.695,0.696,0.695,0.696,0.695,0.696,0.695,0.696,0.695,0.696,0.695,0.696,0.695,0.696,0.695,0.696,0.695,0.696,0.695,0.696,0.695,0.696,0.695,0.696,0.695,0.696,0.695,0.696,0.695,0.696,0.695,0.696,0.695,0.696,0.695,0.696,0.695,0.696,0.695,0.696,0.695,0.696,0.695,0.696,0.695,0.696,0.695,0.696,0.695,0.696,0.695,0.696,
1.0,0.86,0.764,0.753,0.752,0.75,0.75,0.75,0.75,0.75,0.75,0.75,0.75,0.75,0.75,0.75,0.75,0.75,0.75,0.75,0.75,0.75,0.75,0.75,0.75,0.75,0.75,0.75,0.75,0.75,0.75,0.75,0.75,0.75,0.75,0.75,0.75,0.75,0.75,0.75,0.75,0.75,0.75,0.75,0.75,0.75,0.75,0.75,0.75,0.75,0.75,0.75,0.75,0.75,0.75,0.75,0.75,0.75,0.75,0.75,0.75,0.75,0.75,0.75,0.75,0.75,0.75,0.75,0.75,0.75,0.75,0.75,0.75,0.75,0.75,0.75,0.75,0.75,0.75,0.75,0.75,0.75,0.75,0.75,0.75,0.75,0.75,0.75,0.75,0.75,0.75,0.75,0.75,0.75,0.75,0.75,0.75,0.75,0.75,0.75,
1.0,0.79,0.795,0.792,0.754,0.762,0.757,0.762,0.757,0.762,0.757,0.762,0.757,0.762,0.757,0.762,0.757,0.762,0.757,0.762,0.757,0.762,0.757,0.762,0.757,0.762,0.757,0.762,0.757,0.762,0.757,0.762,0.757,0.762,0.757,0.762,0.757,0.762,0.757,0.762,0.757,0.762,0.757,0.762,0.757,0.762,0.757,0.762,0.757,0.762,0.757,0.762,0.757,0.762,0.757,0.762,0.757,0.762,0.757,0.762,0.757,0.762,0.757,0.762,0.757,0.762,0.757,0.762,0.757,0.762,0.757,0.762,0.757,0.762,0.757,0.762,0.757,0.762,0.757,0.762,0.757,0.762,0.757,0.762,0.757,0.762,0.757,0.762,0.757,0.762,0.757,0.762,0.757,0.762,0.757,0.762,0.757,0.762,0.757,0.759,
1.0,0.768,0.712,0.733,0.709,0.702,0.732,0.709,0.718,0.715,0.719,0.714,0.697,0.732,0.711,0.687,0.707,0.727,0.708,0.718,0.715,0.719,0.715,0.719,0.715,0.719,0.715,0.719,0.715,0.719,0.715,0.719,0.715,0.719,0.715,0.719,0.715,0.719,0.715,0.719,0.715,0.719,0.715,0.719,0.715,0.719,0.715,0.719,0.715,0.719,0.715,0.719,0.715,0.719,0.715,0.719,0.715,0.719,0.715,0.719,0.715,0.719,0.715,0.719,0.715,0.719,0.715,0.719,0.715,0.719,0.715,0.719,0.715,0.719,0.715,0.719,0.715,0.719,0.715,0.719,0.715,0.719,0.715,0.719,0.715,0.719,0.715,0.719,0.715,0.719,0.715,0.719,0.715,0.719,0.715,0.719,0.715,0.719,0.715,0.719,
0.916,0.825,0.748,0.707,0.734,0.725,0.728,0.726,0.728,0.726,0.728,0.726,0.728,0.726,0.728,0.726,0.728,0.726,0.728,0.726,0.728,0.726,0.728,0.726,0.728,0.726,0.728,0.726,0.728,0.726,0.728,0.726,0.728,0.726,0.728,0.726,0.728,0.726,0.728,0.726,0.728,0.726,0.728,0.726,0.728,0.726,0.728,0.726,0.728,0.726,0.728,0.726,0.728,0.726,0.728,0.726,0.728,0.726,0.728,0.726,0.728,0.726,0.728,0.726,0.728,0.726,0.728,0.726,0.728,0.726,0.728,0.726,0.728,0.726,0.728,0.726,0.728,0.726,0.728,0.726,0.728,0.726,0.728,0.726,0.728,0.726,0.728,0.726,0.728,0.726,0.728,0.726,0.728,0.726,0.728,0.726,0.728,0.726,0.728,0.726,
1.0,0.85,0.773,0.763,0.76,0.761,0.76,0.761,0.76,0.761,0.76,0.761,0.76,0.761,0.76,0.761,0.76,0.761,0.76,0.761,0.76,0.761,0.76,0.761,0.76,0.761,0.76,0.761,0.76,0.761,0.76,0.761,0.76,0.761,0.76,0.761,0.76,0.761,0.76,0.761,0.76,0.761,0.76,0.761,0.76,0.761,0.76,0.761,0.76,0.761,0.76,0.761,0.76,0.761,0.76,0.761,0.76,0.761,0.76,0.761,0.76,0.761,0.76,0.761,0.76,0.761,0.76,0.761,0.76,0.761,0.76,0.761,0.76,0.761,0.76,0.761,0.76,0.761,0.76,0.761,0.76,0.761,0.76,0.761,0.76,0.761,0.76,0.761,0.76,0.761,0.76,0.761,0.76,0.761,0.76,0.761,0.76,0.761,0.76,0.761,
0.861,0.739,0.66,0.636,0.634,0.634,0.634,0.634,0.634,0.634,0.634,0.634,0.634,0.634,0.634,0.634,0.634,0.634,0.634,0.634,0.634,0.634,0.634,0.634,0.634,0.634,0.634,0.634,0.634,0.634,0.634,0.634,0.634,0.634,0.634,0.634,0.634,0.634,0.634,0.634,0.634,0.634,0.634,0.634,0.634,0.634,0.634,0.634,0.634,0.634,0.634,0.634,0.634,0.634,0.634,0.634,0.634,0.634,0.634,0.634,0.634,0.634,0.634,0.634,0.634,0.634,0.634,0.634,0.634,0.634,0.634,0.634,0.634,0.634,0.634,0.634,0.634,0.634,0.634,0.634,0.634,0.634,0.634,0.634,0.634,0.634,0.634,0.634,0.634,0.634,0.634,0.634,0.634,0.634,0.634,0.634,0.634,0.634,0.634,0.634,
0.926,0.761,0.716,0.705,0.704,0.704,0.704,0.704,0.704,0.704,0.704,0.704,0.704,0.704,0.704,0.704,0.704,0.704,0.704,0.704,0.704,0.704,0.704,0.704,0.704,0.704,0.704,0.704,0.704,0.704,0.704,0.704,0.704,0.704,0.704,0.704,0.704,0.704,0.704,0.704,0.704,0.704,0.704,0.704,0.704,0.704,0.704,0.704,0.704,0.704,0.704,0.704,0.704,0.704,0.704,0.704,0.704,0.704,0.704,0.704,0.704,0.704,0.704,0.704,0.704,0.704,0.704,0.704,0.704,0.704,0.704,0.704,0.704,0.704,0.704,0.704,0.704,0.704,0.704,0.704,0.704,0.704,0.704,0.704,0.704,0.704,0.704,0.704,0.704,0.704,0.704,0.704,0.704,0.704,0.704,0.704,0.704,0.704,0.704,0.704,
0.885,0.737,0.736,0.735,0.708,0.71,0.71,0.71,0.71,0.71,0.71,0.71,0.71,0.71,0.71,0.71,0.71,0.71,0.71,0.71,0.71,0.71,0.71,0.71,0.71,0.71,0.71,0.71,0.71,0.71,0.71,0.71,0.71,0.71,0.71,0.71,0.71,0.71,0.71,0.71,0.71,0.71,0.71,0.71,0.71,0.71,0.71,0.71,0.71,0.71,0.71,0.71,0.71,0.71,0.71,0.71,0.71,0.71,0.71,0.71,0.71,0.71,0.71,0.71,0.71,0.71,0.71,0.71,0.71,0.71,0.71,0.71,0.71,0.71,0.71,0.71,0.71,0.71,0.71,0.71,0.71,0.71,0.71,0.71,0.71,0.71,0.71,0.71,0.71,0.71,0.71,0.71,0.71,0.71,0.71,0.71,0.71,0.71,0.71,0.697,
1.0,0.796,0.757,0.747,0.745,0.75,0.745,0.75,0.745,0.75,0.745,0.75,0.745,0.75,0.745,0.75,0.745,0.75,0.745,0.75,0.745,0.75,0.745,0.75,0.745,0.75,0.745,0.75,0.745,0.75,0.745,0.75,0.745,0.75,0.745,0.75,0.745,0.75,0.745,0.75,0.745,0.75,0.745,0.75,0.745,0.75,0.745,0.75,0.745,0.75,0.745,0.75,0.745,0.75,0.745,0.75,0.745,0.75,0.745,0.75,0.745,0.75,0.745,0.75,0.745,0.75,0.745,0.75,0.745,0.75,0.745,0.75,0.745,0.75,0.745,0.75,0.745,0.75,0.745,0.75,0.745,0.75,0.745,0.75,0.745,0.75,0.745,0.75,0.745,0.75,0.745,0.75,0.745,0.75,0.745,0.75,0.745,0.75,0.745,0.75,
1.0,0.795,0.777,0.762,0.763,0.764,0.76,0.764,0.76,0.764,0.76,0.764,0.76,0.764,0.76,0.764,0.76,0.764,0.76,0.764,0.76,0.764,0.76,0.764,0.76,0.764,0.76,0.764,0.76,0.764,0.76,0.764,0.76,0.764,0.76,0.764,0.76,0.764,0.76,0.764,0.76,0.764,0.76,0.764,0.76,0.764,0.76,0.764,0.76,0.764,0.76,0.764,0.76,0.764,0.76,0.764,0.76,0.764,0.76,0.764,0.76,0.764,0.76,0.764,0.76,0.764,0.76,0.764,0.76,0.764,0.76,0.764,0.76,0.764,0.76,0.764,0.76,0.764,0.76,0.764,0.76,0.764,0.76,0.764,0.76,0.764,0.76,0.764,0.76,0.764,0.76,0.764,0.76,0.764,0.76,0.764,0.76,0.764,0.76,0.764,
1.0,0.783,0.734,0.725,0.723,0.724,0.723,0.724,0.723,0.724,0.723,0.724,0.723,0.724,0.723,0.724,0.723,0.724,0.723,0.724,0.723,0.724,0.723,0.724,0.723,0.724,0.723,0.724,0.723,0.724,0.723,0.724,0.723,0.724,0.723,0.724,0.723,0.724,0.723,0.724,0.723,0.724,0.723,0.724,0.723,0.724,0.723,0.724,0.723,0.724,0.723,0.724,0.723,0.724,0.723,0.724,0.723,0.724,0.723,0.724,0.723,0.724,0.723,0.724,0.723,0.724,0.723,0.724,0.723,0.724,0.723,0.724,0.723,0.724,0.723,0.724,0.723,0.724,0.723,0.724,0.723,0.724,0.723,0.724,0.723,0.724,0.723,0.724,0.723,0.724,0.723,0.724,0.723,0.724,0.723,0.724,0.723,0.724,0.723,0.724,
0.913,0.74,0.726,0.719,0.719,0.718,0.718,0.718,0.718,0.718,0.718,0.718,0.718,0.718,0.718,0.718,0.718,0.718,0.718,0.718,0.718,0.718,0.718,0.718,0.718,0.718,0.718,0.718,0.718,0.718,0.718,0.718,0.718,0.718,0.718,0.718,0.718,0.718,0.718,0.718,0.718,0.718,0.718,0.718,0.718,0.718,0.718,0.718,0.718,0.718,0.718,0.718,0.718,0.718,0.718,0.718,0.718,0.718,0.718,0.718,0.718,0.718,0.718,0.718,0.718,0.718,0.718,0.718,0.718,0.718,0.718,0.718,0.718,0.718,0.718,0.718,0.718,0.718,0.718,0.718,0.718,0.718,0.718,0.718,0.718,0.718,0.718,0.718,0.718,0.718,0.718,0.718,0.718,0.718,0.718,0.718,0.718,0.718,0.718,0.698,
1.0,0.873,0.776,0.773,0.767,0.767,0.767,0.767,0.767,0.767,0.767,0.767,0.767,0.767,0.767,0.767,0.767,0.767,0.767,0.767,0.767,0.767,0.767,0.767,0.767,0.767,0.767,0.767,0.767,0.767,0.767,0.767,0.767,0.767,0.767,0.767,0.767,0.767,0.767,0.767,0.767,0.767,0.767,0.767,0.767,0.767,0.767,0.767,0.767,0.767,0.767,0.767,0.767,0.767,0.767,0.767,0.767,0.767,0.767,0.767,0.767,0.767,0.767,0.767,0.767,0.767,0.767,0.767,0.767,0.767,0.767,0.767,0.767,0.767,0.767,0.767,0.767,0.767,0.767,0.767,0.767,0.767,0.767,0.767,0.767,0.767,0.767,0.767,0.767,0.767,0.767,0.767,0.767,0.767,0.767,0.767,0.767,0.767,0.767,0.767,
1.0,0.737,0.758,0.733,0.742,0.733,0.742,0.733,0.742,0.733,0.742,0.733,0.742,0.733,0.742,0.733,0.742,0.733,0.742,0.733,0.742,0.733,0.742,0.733,0.742,0.733,0.742,0.733,0.742,0.733,0.742,0.733,0.742,0.733,0.742,0.733,0.742,0.733,0.742,0.733,0.742,0.733,0.742,0.733,0.742,0.733,0.742,0.733,0.742,0.733,0.742,0.733,0.742,0.733,0.742,0.733,0.742,0.733,0.742,0.733,0.742,0.733,0.742,0.733,0.742,0.733,0.742,0.733,0.742,0.733,0.742,0.733,0.742,0.733,0.742,0.733,0.742,0.733,0.742,0.733,0.742,0.733,0.742,0.733,0.742,0.733,0.742,0.733,0.742,0.733,0.742,0.733,0.742,0.733,0.742,0.733,0.742,0.733,0.742,0.733,
1.0,0.826,0.784,0.764,0.767,0.764,0.767,0.764,0.767,0.764,0.767,0.764,0.767,0.764,0.767,0.764,0.767,0.764,0.767,0.764,0.767,0.764,0.767,0.764,0.767,0.764,0.767,0.764,0.767,0.764,0.767,0.764,0.767,0.764,0.767,0.764,0.767,0.764,0.767,0.764,0.767,0.764,0.767,0.764,0.767,0.764,0.767,0.764,0.767,0.764,0.767,0.764,0.767,0.764,0.767,0.764,0.767,0.764,0.767,0.764,0.767,0.764,0.767,0.764,0.767,0.764,0.767,0.764,0.767,0.764,0.767,0.764,0.767,0.764,0.767,0.764,0.767,0.764,0.767,0.764,0.767,0.764,0.767,0.764,0.767,0.764,0.767,0.764,0.767,0.764,0.767,0.764,0.767,0.764,0.767,0.764,0.767,0.764,0.767,0.764,
0.935,0.9,0.863,0.802,0.803,0.803,0.803,0.803,0.803,0.803,0.803,0.803,0.803,0.803,0.803,0.803,0.803,0.803,0.803,0.803,0.803,0.803,0.803,0.803,0.803,0.803,0.803,0.803,0.803,0.803,0.803,0.803,0.803,0.803,0.803,0.803,0.803,0.803,0.803,0.803,0.803,0.803,0.803,0.803,0.803,0.803,0.803,0.803,0.803,0.803,0.803,0.803,0.803,0.803,0.803,0.803,0.803,0.803,0.803,0.803,0.803,0.803,0.803,0.803,0.803,0.803,0.803,0.803,0.803,0.803,0.803,0.803,0.803,0.803,0.803,0.803,0.803,0.803,0.803,0.803,0.803,0.803,0.803,0.803,0.803,0.803,0.803,0.803,0.803,0.803,0.803,0.803,0.803,0.803,0.803,0.803,0.803,0.803,0.803,0.767,
0.889,0.815,0.762,0.635,0.636,0.635,0.635,0.635,0.635,0.635,0.635,0.635,0.635,0.635,0.635,0.635,0.635,0.635,0.635,0.635,0.635,0.635,0.635,0.635,0.635,0.635,0.635,0.635,0.635,0.635,0.635,0.635,0.635,0.635,0.635,0.635,0.635,0.635,0.635,0.635,0.635,0.635,0.635,0.635,0.635,0.635,0.635,0.635,0.635,0.635,0.635,0.635,0.635,0.635,0.635,0.635,0.635,0.635,0.635,0.635,0.635,0.635,0.635,0.635,0.635,0.635,0.635,0.635,0.635,0.635,0.635,0.635,0.635,0.635,0.635,0.635,0.635,0.635,0.635,0.635,0.635,0.635,0.635,0.635,0.635,0.635,0.635,0.635,0.635,0.635,0.635,0.635,0.635,0.635,0.635,0.635,0.635,0.635,0.635,0.635,
0.956,0.705,0.727,0.701,0.704,0.705,0.704,0.705,0.704,0.705,0.704,0.705,0.704,0.705,0.704,0.705,0.704,0.705,0.704,0.705,0.704,0.705,0.704,0.705,0.704,0.705,0.704,0.705,0.704,0.705,0.704,0.705,0.704,0.705,0.704,0.705,0.704,0.705,0.704,0.705,0.704,0.705,0.704,0.705,0.704,0.705,0.704,0.705,0.704,0.705,0.704,0.705,0.704,0.705,0.704,0.705,0.704,0.705,0.704,0.705,0.704,0.705,0.704,0.705,0.704,0.705,0.704,0.705,0.704,0.705,0.704,0.705,0.704,0.705,0.704,0.705,0.704,0.705,0.704,0.705,0.704,0.705,0.704,0.705,0.704,0.705,0.704,0.705,0.704,0.705,0.704,0.705,0.704,0.705,0.704,0.705,0.704,0.705,0.704,0.705,
0.956,0.784,0.755,0.745,0.745,0.744,0.744,0.744,0.744,0.744,0.744,0.744,0.744,0.744,0.744,0.744,0.744,0.744,0.744,0.744,0.744,0.744,0.744,0.744,0.744,0.744,0.744,0.744,0.744,0.744,0.744,0.744,0.744,0.744,0.744,0.744,0.744,0.744,0.744,0.744,0.744,0.744,0.744,0.744,0.744,0.744,0.744,0.744,0.744,0.744,0.744,0.744,0.744,0.744,0.744,0.744,0.744,0.744,0.744,0.744,0.744,0.744,0.744,0.744,0.744,0.744,0.744,0.744,0.744,0.744,0.744,0.744,0.744,0.744,0.744,0.744,0.744,0.744,0.744,0.744,0.744,0.744,0.744,0.744,0.744,0.744,0.744,0.744,0.744,0.744,0.744,0.744,0.744,0.744,0.744,0.744,0.744,0.744,0.744,0.744,
1.0,0.9,0.803,0.799,0.798,0.797,0.797,0.797,0.797,0.797,0.797,0.797,0.797,0.797,0.797,0.797,0.797,0.797,0.797,0.797,0.797,0.797,0.797,0.797,0.797,0.797,0.797,0.797,0.797,0.797,0.797,0.797,0.797,0.797,0.797,0.797,0.797,0.797,0.797,0.797,0.797,0.797,0.797,0.797,0.797,0.797,0.797,0.797,0.797,0.797,0.797,0.797,0.797,0.797,0.797,0.797,0.797,0.797,0.797,0.797,0.797,0.797,0.797,0.797,0.797,0.797,0.797,0.797,0.797,0.797,0.797,0.797,0.797,0.797,0.797,0.797,0.797,0.797,0.797,0.797,0.797,0.797,0.797,0.797,0.797,0.797,0.797,0.797,0.797,0.797,0.797,0.797,0.797,0.797,0.797,0.797,0.797,0.797,0.797,0.797,
0.904,0.767,0.73,0.684,0.673,0.669,0.669,0.669,0.669,0.669,0.669,0.669,0.669,0.669,0.669,0.669,0.669,0.669,0.669,0.669,0.669,0.669,0.669,0.669,0.669,0.669,0.669,0.669,0.669,0.669,0.669,0.669,0.669,0.669,0.669,0.669,0.669,0.669,0.669,0.669,0.669,0.669,0.669,0.669,0.669,0.669,0.669,0.669,0.669,0.669,0.669,0.669,0.669,0.669,0.669,0.669,0.669,0.669,0.669,0.669,0.669,0.669,0.669,0.669,0.669,0.669,0.669,0.669,0.669,0.669,0.669,0.669,0.669,0.669,0.669,0.669,0.669,0.669,0.669,0.669,0.669,0.669,0.669,0.669,0.669,0.669,0.669,0.669,0.669,0.669,0.669,0.669,0.669,0.669,0.669,0.669,0.669,0.669,0.669,0.669,
1.0,0.955,0.791,0.765,0.765,0.764,0.764,0.764,0.764,0.764,0.764,0.764,0.764,0.764,0.764,0.764,0.764,0.764,0.764,0.764,0.764,0.764,0.764,0.764,0.764,0.764,0.764,0.764,0.764,0.764,0.764,0.764,0.764,0.764,0.764,0.764,0.764,0.764,0.764,0.764,0.764,0.764,0.764,0.764,0.764,0.764,0.764,0.764,0.764,0.764,0.764,0.764,0.764,0.764,0.764,0.764,0.764,0.764,0.764,0.764,0.764,0.764,0.764,0.764,0.764,0.764,0.764,0.764,0.764,0.764,0.764,0.764,0.764,0.764,0.764,0.764,0.764,0.764,0.764,0.764,0.764,0.764,0.764,0.764,0.764,0.764,0.764,0.764,0.764,0.764,0.764,0.764,0.764,0.764,0.764,0.764,0.764,0.764,0.764,0.764,
0.869,0.747,0.696,0.669,0.666,0.666,0.666,0.666,0.666,0.666,0.666,0.666,0.666,0.666,0.666,0.666,0.666,0.666,0.666,0.666,0.666,0.666,0.666,0.666,0.666,0.666,0.666,0.666,0.666,0.666,0.666,0.666,0.666,0.666,0.666,0.666,0.666,0.666,0.666,0.666,0.666,0.666,0.666,0.666,0.666,0.666,0.666,0.666,0.666,0.666,0.666,0.666,0.666,0.666,0.666,0.666,0.666,0.666,0.666,0.666,0.666,0.666,0.666,0.666,0.666,0.666,0.666,0.666,0.666,0.666,0.666,0.666,0.666,0.666,0.666,0.666,0.666,0.666,0.666,0.666,0.666,0.666,0.666,0.666,0.666,0.666,0.666,0.666,0.666,0.666,0.666,0.666,0.666,0.666,0.666,0.666,0.666,0.666,0.666,0.666,
1.0,0.797,0.795,0.766,0.771,0.767,0.767,0.767,0.767,0.767,0.767,0.767,0.767,0.767,0.767,0.767,0.767,0.767,0.767,0.767,0.767,0.767,0.767,0.767,0.767,0.767,0.767,0.767,0.767,0.767,0.767,0.767,0.767,0.767,0.767,0.767,0.767,0.767,0.767,0.767,0.767,0.767,0.767,0.767,0.767,0.767,0.767,0.767,0.767,0.767,0.767,0.767,0.767,0.767,0.767,0.767,0.767,0.767,0.767,0.767,0.767,0.767,0.767,0.767,0.767,0.767,0.767,0.767,0.767,0.767,0.767,0.767,0.767,0.767,0.767,0.767,0.767,0.767,0.767,0.767,0.767,0.767,0.767,0.767,0.767,0.767,0.767,0.767,0.767,0.767,0.767,0.767,0.767,0.767,0.767,0.767,0.767,0.767,0.767,0.767,
0.808,0.652,0.606,0.602,0.601,0.601,0.601,0.601,0.601,0.601,0.601,0.601,0.601,0.601,0.601,0.601,0.601,0.601,0.601,0.601,0.601,0.601,0.601,0.601,0.601,0.601,0.601,0.601,0.601,0.601,0.601,0.601,0.601,0.601,0.601,0.601,0.601,0.601,0.601,0.601,0.601,0.601,0.601,0.601,0.601,0.601,0.601,0.601,0.601,0.601,0.601,0.601,0.601,0.601,0.601,0.601,0.601,0.601,0.601,0.601,0.601,0.601,0.601,0.601,0.601,0.601,0.601,0.601,0.601,0.601,0.601,0.601,0.601,0.601,0.601,0.601,0.601,0.601,0.601,0.601,0.601,0.601,0.601,0.601,0.601,0.601,0.601,0.601,0.601,0.601,0.601,0.601,0.601,0.601,0.601,0.601,0.601,0.601,0.601,0.601,
1.0,0.766,0.731,0.733,0.721,0.72,0.72,0.72,0.72,0.72,0.72,0.72,0.72,0.72,0.72,0.72,0.72,0.72,0.72,0.72,0.72,0.72,0.72,0.72,0.72,0.72,0.72,0.72,0.72,0.72,0.72,0.72,0.72,0.72,0.72,0.72,0.72,0.72,0.72,0.72,0.72,0.72,0.72,0.72,0.72,0.72,0.72,0.72,0.72,0.72,0.72,0.72,0.72,0.72,0.72,0.72,0.72,0.72,0.72,0.72,0.72,0.72,0.72,0.72,0.72,0.72,0.72,0.72,0.72,0.72,0.72,0.72,0.72,0.72,0.72,0.72,0.72,0.72,0.72,0.72,0.72,0.72,0.72,0.72,0.72,0.72,0.72,0.72,0.72,0.72,0.72,0.72,0.72,0.72,0.72,0.72,0.72,0.72,0.72,0.72,
1.0,0.841,0.76,0.75,0.75,0.748,0.748,0.748,0.748,0.748,0.748,0.748,0.748,0.748,0.748,0.748,0.748,0.748,0.748,0.748,0.748,0.748,0.748,0.748,0.748,0.748,0.748,0.748,0.748,0.748,0.748,0.748,0.748,0.748,0.748,0.748,0.748,0.748,0.748,0.748,0.748,0.748,0.748,0.748,0.748,0.748,0.748,0.748,0.748,0.748,0.748,0.748,0.748,0.748,0.748,0.748,0.748,0.748,0.748,0.748,0.748,0.748,0.748,0.748,0.748,0.748,0.748,0.748,0.748,0.748,0.748,0.748,0.748,0.748,0.748,0.748,0.748,0.748,0.748,0.748,0.748,0.748,0.748,0.748,0.748,0.748,0.748,0.748,0.748,0.748,0.748,0.748,0.748,0.748,0.748,0.748,0.748,0.748,0.748,0.748,
0.917,0.83,0.747,0.745,0.724,0.726,0.722,0.721,0.725,0.721,0.725,0.721,0.725,0.721,0.725,0.721,0.725,0.721,0.725,0.721,0.725,0.721,0.725,0.721,0.725,0.721,0.725,0.721,0.725,0.721,0.725,0.721,0.725,0.721,0.725,0.721,0.725,0.721,0.725,0.721,0.725,0.721,0.725,0.721,0.725,0.721,0.725,0.721,0.725,0.721,0.725,0.721,0.725,0.721,0.725,0.721,0.725,0.721,0.725,0.721,0.725,0.721,0.725,0.721,0.725,0.721,0.725,0.721,0.725,0.721,0.725,0.721,0.725,0.721,0.725,0.721,0.725,0.721,0.725,0.721,0.725,0.721,0.725,0.721,0.725,0.721,0.725,0.721,0.725,0.721,0.725,0.721,0.725,0.721,0.725,0.721,0.725,0.721,0.725,0.697,
1.0,0.784,0.764,0.754,0.755,0.752,0.753,0.752,0.753,0.752,0.753,0.752,0.753,0.752,0.753,0.752,0.753,0.752,0.753,0.752,0.753,0.752,0.753,0.752,0.753,0.752,0.753,0.752,0.753,0.752,0.753,0.752,0.753,0.752,0.753,0.752,0.753,0.752,0.753,0.752,0.753,0.752,0.753,0.752,0.753,0.752,0.753,0.752,0.753,0.752,0.753,0.752,0.753,0.752,0.753,0.752,0.753,0.752,0.753,0.752,0.753,0.752,0.753,0.752,0.753,0.752,0.753,0.752,0.753,0.752,0.753,0.752,0.753,0.752,0.753,0.752,0.753,0.752,0.753,0.752,0.753,0.752,0.753,0.752,0.753,0.752,0.753,0.752,0.753,0.752,0.753,0.752,0.753,0.752,0.753,0.752,0.753,0.752,0.753,0.752,
1.0,0.864,0.744,0.78,0.803,0.763,0.763,0.8,0.731,0.777,0.803,0.763,0.73,0.773,0.803,0.763,0.73,0.773,0.803,0.763,0.763,0.798,0.797,0.776,0.809,0.766,0.77,0.807,0.756,0.776,0.805,0.804,0.767,0.774,0.739,0.775,0.803,0.8,0.722,0.803,0.764,0.775,0.807,0.765,0.77,0.807,0.717,0.775,0.806,0.76,0.772,0.808,0.761,0.774,0.805,0.804,0.767,0.774,0.769,0.802,0.72,0.775,0.798,0.799,0.775,0.81,0.764,0.762,0.807,0.756,0.778,0.768,0.802,0.765,0.774,0.772,0.772,0.772,0.772,0.772,0.772,0.772,0.772,0.772,0.772,0.772,0.772,0.772,0.772,0.772,0.772,0.772,0.772,0.772,0.772,0.772,0.772,0.772,0.772,0.772,
0.945,0.782,0.709,0.7,0.698,0.698,0.698,0.698,0.698,0.698,0.698,0.698,0.698,0.698,0.698,0.698,0.698,0.698,0.698,0.698,0.698,0.698,0.698,0.698,0.698,0.698,0.698,0.698,0.698,0.698,0.698,0.698,0.698,0.698,0.698,0.698,0.698,0.698,0.698,0.698,0.698,0.698,0.698,0.698,0.698,0.698,0.698,0.698,0.698,0.698,0.698,0.698,0.698,0.698,0.698,0.698,0.698,0.698,0.698,0.698,0.698,0.698,0.698,0.698,0.698,0.698,0.698,0.698,0.698,0.698,0.698,0.698,0.698,0.698,0.698,0.698,0.698,0.698,0.698,0.698,0.698,0.698,0.698,0.698,0.698,0.698,0.698,0.698,0.698,0.698,0.698,0.698,0.698,0.698,0.698,0.698,0.698,0.698,0.698,0.698,
1.0,0.89,0.777,0.771,0.768,0.768,0.768,0.768,0.769,0.768,0.769,0.768,0.769,0.769,0.768,0.769,0.769,0.769,0.768,0.769,0.768,0.769,0.769,0.768,0.769,0.768,0.769,0.768,0.769,0.768,0.769,0.768,0.769,0.768,0.769,0.768,0.769,0.768,0.769,0.768,0.769,0.769,0.768,0.769,0.769,0.769,0.768,0.769,0.769,0.769,0.768,0.769,0.768,0.769,0.769,0.768,0.769,0.769,0.768,0.769,0.768,0.769,0.769,0.768,0.769,0.769,0.768,0.769,0.768,0.769,0.768,0.769,0.768,0.769,0.769,0.768,0.769,0.769,0.768,0.769,0.768,0.769,0.768,0.769,0.768,0.769,0.769,0.768,0.769,0.769,0.769,0.768,0.769,0.769,0.769,0.768,0.769,0.768,0.769,0.768,
0.992,0.811,0.78,0.744,0.743,0.741,0.741,0.741,0.741,0.741,0.741,0.741,0.741,0.741,0.741,0.741,0.741,0.741,0.741,0.741,0.741,0.741,0.741,0.741,0.741,0.741,0.741,0.741,0.741,0.741,0.741,0.741,0.741,0.741,0.741,0.741,0.741,0.741,0.741,0.741,0.741,0.741,0.741,0.741,0.741,0.741,0.741,0.741,0.741,0.741,0.741,0.741,0.741,0.741,0.741,0.741,0.741,0.741,0.741,0.741,0.741,0.741,0.741,0.741,0.741,0.741,0.741,0.741,0.741,0.741,0.741,0.741,0.741,0.741,0.741,0.741,0.741,0.741,0.741,0.741,0.741,0.741,0.741,0.741,0.741,0.741,0.741,0.741,0.741,0.741,0.741,0.741,0.741,0.741,0.741,0.741,0.741,0.741,0.741,0.741,
0.767,0.639,0.583,0.575,0.575,0.575,0.575,0.575,0.575,0.575,0.575,0.575,0.575,0.575,0.575,0.575,0.575,0.575,0.575,0.575,0.575,0.575,0.575,0.575,0.575,0.575,0.575,0.575,0.575,0.575,0.575,0.575,0.575,0.575,0.575,0.575,0.575,0.575,0.575,0.575,0.575,0.575,0.575,0.575,0.575,0.575,0.575,0.575,0.575,0.575,0.575,0.575,0.575,0.575,0.575,0.575,0.575,0.575,0.575,0.575,0.575,0.575,0.575,0.575,0.575,0.575,0.575,0.575,0.575,0.575,0.575,0.575,0.575,0.575,0.575,0.575,0.575,0.575,0.575,0.575,0.575,0.575,0.575,0.575,0.575,0.575,0.575,0.575,0.575,0.575,0.575,0.575,0.575,0.575,0.575,0.575,0.575,0.575,0.575,0.575,
0.872,0.75,0.699,0.681,0.683,0.682,0.683,0.682,0.683,0.682,0.683,0.682,0.683,0.682,0.683,0.682,0.683,0.682,0.683,0.682,0.683,0.682,0.683,0.682,0.683,0.682,0.683,0.682,0.683,0.682,0.683,0.682,0.683,0.682,0.683,0.682,0.683,0.682,0.683,0.682,0.683,0.682,0.683,0.682,0.683,0.682,0.683,0.682,0.683,0.682,0.683,0.682,0.683,0.682,0.683,0.682,0.683,0.682,0.683,0.682,0.683,0.682,0.683,0.682,0.683,0.682,0.683,0.682,0.683,0.682,0.683,0.682,0.683,0.682,0.683,0.682,0.683,0.682,0.683,0.682,0.683,0.682,0.683,0.682,0.683,0.682,0.683,0.682,0.683,0.682,0.683,0.682,0.683,0.682,0.683,0.682,0.683,0.682,0.683,0.682,
0.974,0.826,0.786,0.764,0.762,0.76,0.761,0.76,0.761,0.76,0.761,0.76,0.761,0.76,0.761,0.76,0.761,0.76,0.761,0.76,0.761,0.76,0.761,0.76,0.761,0.76,0.761,0.76,0.761,0.76,0.761,0.76,0.761,0.76,0.761,0.76,0.761,0.76,0.761,0.76,0.761,0.76,0.761,0.76,0.761,0.76,0.761,0.76,0.761,0.76,0.761,0.76,0.761,0.76,0.761,0.76,0.761,0.76,0.761,0.76,0.761,0.76,0.761,0.76,0.761,0.76,0.761,0.76,0.761,0.76,0.761,0.76,0.761,0.76,0.761,0.76,0.761,0.76,0.761,0.76,0.761,0.76,0.761,0.76,0.761,0.76,0.761,0.76,0.761,0.76,0.761,0.76,0.761,0.76,0.761,0.76,0.761,0.76,0.761,0.76,
1.0,0.647,0.832,0.743,0.748,0.744,0.747,0.742,0.747,0.742,0.747,0.742,0.747,0.742,0.747,0.742,0.747,0.742,0.747,0.742,0.747,0.742,0.747,0.742,0.747,0.742,0.747,0.742,0.747,0.742,0.747,0.742,0.747,0.742,0.747,0.742,0.747,0.742,0.747,0.742,0.747,0.742,0.747,0.742,0.747,0.742,0.747,0.742,0.747,0.742,0.747,0.742,0.747,0.742,0.747,0.742,0.747,0.742,0.747,0.742,0.747,0.742,0.747,0.742,0.747,0.742,0.747,0.742,0.747,0.742,0.747,0.742,0.747,0.742,0.747,0.742,0.747,0.742,0.747,0.742,0.747,0.742,0.747,0.742,0.747,0.742,0.747,0.742,0.747,0.742,0.747,0.742,0.747,0.742,0.747,0.742,0.747,0.742,0.747,0.739,
0.944,0.741,0.752,0.734,0.737,0.734,0.739,0.733,0.74,0.733,0.737,0.733,0.74,0.733,0.74,0.733,0.737,0.733,0.74,0.733,0.74,0.733,0.737,0.733,0.74,0.733,0.74,0.733,0.737,0.733,0.74,0.733,0.74,0.733,0.737,0.733,0.74,0.733,0.74,0.733,0.737,0.733,0.74,0.733,0.74,0.733,0.737,0.733,0.74,0.733,0.74,0.733,0.737,0.733,0.74,0.733,0.74,0.733,0.737,0.733,0.74,0.733,0.74,0.733,0.737,0.733,0.74,0.733,0.74,0.733,0.737,0.733,0.74,0.733,0.74,0.733,0.737,0.733,0.74,0.733,0.74,0.733,0.737,0.733,0.74,0.733,0.74,0.733,0.737,0.733,0.74,0.733,0.74,0.733,0.737,0.733,0.74,0.733,0.74,0.733,
0.882,0.696,0.713,0.696,0.688,0.688,0.688,0.688,0.688,0.688,0.688,0.688,0.688,0.688,0.688,0.688,0.688,0.688,0.688,0.688,0.688,0.688,0.688,0.688,0.688,0.688,0.688,0.688,0.688,0.688,0.688,0.688,0.688,0.688,0.688,0.688,0.688,0.688,0.688,0.688,0.688,0.688,0.688,0.688,0.688,0.688,0.688,0.688,0.688,0.688,0.688,0.688,0.688,0.688,0.688,0.688,0.688,0.688,0.688,0.688,0.688,0.688,0.688,0.688,0.688,0.688,0.688,0.688,0.688,0.688,0.688,0.688,0.688,0.688,0.688,0.688,0.688,0.688,0.688,0.688,0.688,0.688,0.688,0.688,0.688,0.688,0.688,0.688,0.688,0.688,0.688,0.688,0.688,0.688,0.688,0.688,0.688,0.688,0.688,0.672,
1.0,0.837,0.757,0.734,0.732,0.732,0.732,0.732,0.732,0.732,0.732,0.732,0.732,0.732,0.732,0.732,0.732,0.732,0.732,0.732,0.732,0.732,0.732,0.732,0.732,0.732,0.732,0.732,0.732,0.732,0.732,0.732,0.732,0.732,0.732,0.732,0.732,0.732,0.732,0.732,0.732,0.732,0.732,0.732,0.732,0.732,0.732,0.732,0.732,0.732,0.732,0.732,0.732,0.732,0.732,0.732,0.732,0.732,0.732,0.732,0.732,0.732,0.732,0.732,0.732,0.732,0.732,0.732,0.732,0.732,0.732,0.732,0.732,0.732,0.732,0.732,0.732,0.732,0.732,0.732,0.732,0.732,0.732,0.732,0.732,0.732,0.732,0.732,0.732,0.732,0.732,0.732,0.732,0.732,0.732,0.732,0.732,0.732,0.732,0.732,
0.865,0.711,0.632,0.624,0.621,0.623,0.621,0.622,0.621,0.622,0.621,0.622,0.621,0.622,0.621,0.622,0.621,0.622,0.621,0.622,0.621,0.622,0.621,0.622,0.621,0.622,0.621,0.622,0.621,0.622,0.621,0.622,0.621,0.622,0.621,0.622,0.621,0.622,0.621,0.622,0.621,0.622,0.621,0.622,0.621,0.622,0.621,0.622,0.621,0.622,0.621,0.622,0.621,0.622,0.621,0.622,0.621,0.622,0.621,0.622,0.621,0.622,0.621,0.622,0.621,0.622,0.621,0.622,0.621,0.622,0.621,0.622,0.621,0.622,0.621,0.622,0.621,0.622,0.621,0.622,0.621,0.622,0.621,0.622,0.621,0.622,0.621,0.622,0.621,0.622,0.621,0.622,0.621,0.622,0.621,0.622,0.621,0.622,0.621,0.622,
0.929,0.877,0.798,0.744,0.697,0.697,0.696,0.695,0.698,0.695,0.698,0.695,0.698,0.695,0.698,0.695,0.698,0.695,0.698,0.695,0.698,0.695,0.698,0.695,0.698,0.695,0.698,0.695,0.698,0.695,0.698,0.695,0.698,0.695,0.698,0.695,0.698,0.695,0.698,0.695,0.698,0.695,0.698,0.695,0.698,0.695,0.698,0.695,0.698,0.695,0.698,0.695,0.698,0.695,0.698,0.695,0.698,0.695,0.698,0.695,0.698,0.695,0.698,0.695,0.698,0.695,0.698,0.695,0.698,0.695,0.698,0.695,0.698,0.695,0.698,0.695,0.698,0.695,0.698,0.695,0.698,0.695,0.698,0.695,0.698,0.695,0.698,0.695,0.698,0.695,0.698,0.695,0.698,0.695,0.698,0.695,0.698,0.695,0.698,0.695,
0.887,0.753,0.717,0.688,0.7,0.689,0.7,0.689,0.7,0.689,0.7,0.689,0.7,0.7,0.7,0.7,0.7,0.7,0.7,0.7,0.7,0.7,0.7,0.7,0.7,0.7,0.7,0.7,0.7,0.7,0.7,0.7,0.7,0.7,0.7,0.7,0.7,0.7,0.7,0.7,0.7,0.7,0.7,0.7,0.7,0.7,0.7,0.7,0.7,0.7,0.7,0.7,0.7,0.7,0.7,0.7,0.7,0.7,0.7,0.7,0.7,0.7,0.7,0.7,0.7,0.7,0.7,0.7,0.7,0.7,0.7,0.7,0.7,0.7,0.7,0.7,0.7,0.7,0.7,0.7,0.7,0.7,0.7,0.7,0.7,0.7,0.7,0.7,0.7,0.7,0.7,0.7,0.7,0.7,0.7,0.7,0.7,0.7,0.7,0.694,
0.839,0.717,0.594,0.582,0.579,0.578,0.578,0.578,0.578,0.578,0.578,0.578,0.578,0.578,0.578,0.578,0.578,0.578,0.578,0.578,0.578,0.578,0.578,0.578,0.578,0.578,0.578,0.578,0.578,0.578,0.578,0.578,0.578,0.578,0.578,0.578,0.578,0.578,0.578,0.578,0.578,0.578,0.578,0.578,0.578,0.578,0.578,0.578,0.578,0.578,0.578,0.578,0.578,0.578,0.578,0.578,0.578,0.578,0.578,0.578,0.578,0.578,0.578,0.578,0.578,0.578,0.578,0.578,0.578,0.578,0.578,0.578,0.578,0.578,0.578,0.578,0.578,0.578,0.578,0.578,0.578,0.578,0.578,0.578,0.578,0.578,0.578,0.578,0.578,0.578,0.578,0.578,0.578,0.578,0.578,0.578,0.578,0.578,0.578,0.578,
0.921,0.705,0.78,0.731,0.717,0.717,0.722,0.727,0.724,0.727,0.724,0.727,0.724,0.727,0.724,0.727,0.724,0.727,0.724,0.727,0.724,0.727,0.724,0.727,0.724,0.727,0.724,0.727,0.724,0.727,0.724,0.727,0.724,0.727,0.724,0.727,0.724,0.727,0.724,0.727,0.724,0.727,0.724,0.727,0.724,0.727,0.724,0.727,0.724,0.727,0.724,0.727,0.724,0.727,0.724,0.727,0.724,0.727,0.724,0.727,0.724,0.727,0.724,0.727,0.724,0.727,0.724,0.727,0.724,0.727,0.724,0.727,0.724,0.727,0.724,0.727,0.724,0.727,0.724,0.727,0.724,0.727,0.724,0.727,0.724,0.727,0.724,0.727,0.724,0.727,0.724,0.727,0.724,0.727,0.724,0.727,0.724,0.727,0.724,0.694,
0.89,0.89,0.89,0.89,0.89,0.89,0.89,0.89,0.89,0.89,0.89,0.89,0.89,0.89,0.89,0.89,0.89,0.89,0.89,0.89,0.89,0.89,0.89,0.89,0.89,0.89,0.89,0.89,0.89,0.89,0.89,0.89,0.89,0.89,0.89,0.89,0.89,0.89,0.89,0.89,0.89,0.89,0.89,0.89,0.89,0.89,0.89,0.89,0.89,0.89,0.89,0.89,0.89,0.89,0.89,0.89,0.89,0.89,0.89,0.89,0.89,0.89,0.89,0.89,0.89,0.89,0.89,0.89,0.89,0.89,0.89,0.89,0.89,0.89,0.89,0.89,0.89,0.89,0.89,0.89,0.89,0.89,0.89,0.89,0.89,0.89,0.89,0.89,0.89,0.89,0.89,0.89,0.89,0.89,0.89,0.89,0.89,0.89,0.89,0.89,
0.875,0.889,0.898,0.889,0.898,0.889,0.898,0.889,0.898,0.889,0.898,0.889,0.898,0.889,0.898,0.889,0.898,0.889,0.898,0.889,0.898,0.889,0.898,0.889,0.898,0.889,0.898,0.889,0.898,0.889,0.898,0.889,0.898,0.889,0.898,0.889,0.898,0.889,0.898,0.889,0.898,0.889,0.898,0.889,0.898,0.889,0.898,0.889,0.898,0.889,0.898,0.889,0.898,0.889,0.898,0.889,0.898,0.889,0.898,0.889,0.898,0.889,0.898,0.889,0.898,0.889,0.898,0.889,0.898,0.889,0.898,0.889,0.898,0.889,0.898,0.889,0.898,0.889,0.898,0.889,0.898,0.889,0.898,0.889,0.898,0.889,0.898,0.889,0.898,0.889,0.898,0.889,0.898,0.889,0.898,0.889,0.898,0.889,0.898,0.889,
0.981,0.985,0.985,0.964,0.931,0.984,0.985,0.97,0.931,0.967,0.984,0.985,0.964,0.931,0.963,0.984,0.985,0.964,0.931,0.963,0.984,0.985,0.964,0.931,0.963,0.984,0.985,0.964,0.931,0.963,0.984,0.985,0.964,0.931,0.963,0.984,0.985,0.964,0.931,0.963,0.984,0.985,0.964,0.931,0.963,0.984,0.985,0.964,0.931,0.963,0.984,0.985,0.964,0.931,0.963,0.984,0.985,0.964,0.931,0.963,0.984,0.985,0.964,0.931,0.963,0.984,0.985,0.964,0.931,0.963,0.984,0.985,0.964,0.931,0.963,0.984,0.985,0.964,0.931,0.963,0.984,0.985,0.964,0.931,0.963,0.984,0.985,0.964,0.931,0.963,0.984,0.985,0.964,0.931,0.963,0.984,0.985,0.964,0.931,0.906,
1.0,1.0,1.0,1.0,1.0,1.0,1.0,1.0,1.0,1.0,1.0,1.0,1.0,1.0,1.0,1.0,1.0,1.0,1.0,1.0,1.0,1.0,1.0,1.0,1.0,1.0,1.0,1.0,1.0,1.0,1.0,1.0,1.0,1.0,1.0,1.0,1.0,1.0,1.0,1.0,1.0,1.0,1.0,1.0,1.0,1.0,1.0,1.0,1.0,1.0,1.0,1.0,1.0,1.0,1.0,1.0,1.0,1.0,1.0,1.0,1.0,1.0,1.0,1.0,1.0,1.0,1.0,1.0,1.0,1.0,1.0,1.0,1.0,1.0,1.0,1.0,1.0,1.0,1.0,1.0,1.0,1.0,1.0,1.0,1.0,1.0,1.0,1.0,1.0,1.0,1.0,1.0,1.0,1.0,1.0,1.0,1.0,1.0,1.0,0.993,
0.911,0.901,0.905,0.905,0.905,0.905,0.905,0.905,0.905,0.905,0.905,0.905,0.905,0.905,0.905,0.905,0.905,0.905,0.905,0.905,0.905,0.905,0.905,0.905,0.905,0.905,0.905,0.905,0.905,0.905,0.905,0.905,0.905,0.905,0.905,0.905,0.905,0.905,0.905,0.905,0.905,0.905,0.905,0.905,0.905,0.905,0.905,0.905,0.905,0.905,0.905,0.905,0.905,0.905,0.905,0.905,0.905,0.905,0.905,0.905,0.905,0.905,0.905,0.905,0.905,0.905,0.905,0.905,0.905,0.905,0.905,0.905,0.905,0.905,0.905,0.905,0.905,0.905,0.905,0.905,0.905,0.905,0.905,0.905,0.905,0.905,0.905,0.905,0.905,0.905,0.905,0.905,0.905,0.905,0.905,0.905,0.905,0.905,0.905,0.905,
0.737,0.829,0.839,0.883,0.947,0.936,0.932,0.91,0.973,0.953,0.952,0.847,0.848,0.863,0.893,0.927,0.931,0.93,0.9,0.88,0.958,0.937,0.932,0.91,0.973,0.953,0.952,0.847,0.848,0.863,0.893,0.927,0.931,0.93,0.9,0.88,0.958,0.937,0.932,0.91,0.973,0.953,0.952,0.847,0.848,0.863,0.893,0.927,0.931,0.93,0.9,0.88,0.958,0.937,0.932,0.91,0.973,0.953,0.952,0.847,0.848,0.863,0.893,0.927,0.931,0.93,0.9,0.88,0.958,0.937,0.932,0.91,0.973,0.953,0.952,0.847,0.848,0.863,0.893,0.927,0.931,0.93,0.9,0.88,0.958,0.937,0.932,0.91,0.973,0.953,0.952,0.847,0.848,0.863,0.893,0.927,0.931,0.93,0.9,0.812,
1.0,1.0,1.0,1.0,1.0,1.0,1.0,1.0,1.0,1.0,1.0,1.0,1.0,1.0,1.0,1.0,1.0,1.0,1.0,1.0,1.0,1.0,1.0,1.0,1.0,1.0,1.0,1.0,1.0,1.0,1.0,1.0,1.0,1.0,1.0,1.0,1.0,1.0,1.0,1.0,1.0,1.0,1.0,1.0,1.0,1.0,1.0,1.0,1.0,1.0,1.0,1.0,1.0,1.0,1.0,1.0,1.0,1.0,1.0,1.0,1.0,1.0,1.0,1.0,1.0,1.0,1.0,1.0,1.0,1.0,1.0,1.0,1.0,1.0,1.0,1.0,1.0,1.0,1.0,1.0,1.0,1.0,1.0,1.0,1.0,1.0,1.0,1.0,1.0,1.0,1.0,1.0,1.0,1.0,1.0,1.0,1.0,1.0,1.0,1.0,
0.903,0.903,0.903,0.903,0.903,0.903,0.903,0.903,0.903,0.903,0.903,0.903,0.903,0.903,0.903,0.903,0.903,0.903,0.903,0.903,0.903,0.903,0.903,0.903,0.903,0.903,0.903,0.903,0.903,0.903,0.903,0.903,0.903,0.903,0.903,0.903,0.903,0.903,0.903,0.903,0.903,0.903,0.903,0.903,0.903,0.903,0.903,0.903,0.903,0.903,0.903,0.903,0.903,0.903,0.903,0.903,0.903,0.903,0.903,0.903,0.903,0.903,0.903,0.903,0.903,0.903,0.903,0.903,0.903,0.903,0.903,0.903,0.903,0.903,0.903,0.903,0.903,0.903,0.903,0.903,0.903,0.903,0.903,0.903,0.903,0.903,0.903,0.903,0.903,0.903,0.903,0.903,0.903,0.903,0.903,0.903,0.903,0.903,0.903,0.887,
1.0,0.907,0.897,0.944,0.91,0.932,0.854,0.9,0.937,0.883,0.956,0.865,0.86,0.893,0.9,0.863,0.901,0.863,0.9,0.863,0.9,0.863,0.9,0.863,0.9,0.863,0.9,0.863,0.9,0.863,0.9,0.863,0.9,0.863,0.9,0.863,0.9,0.863,0.9,0.863,0.9,0.863,0.9,0.863,0.9,0.863,0.9,0.863,0.9,0.863,0.9,0.863,0.9,0.863,0.9,0.863,0.9,0.863,0.9,0.863,0.9,0.863,0.9,0.863,0.9,0.863,0.9,0.863,0.9,0.863,0.9,0.863,0.9,0.863,0.9,0.863,0.9,0.863,0.9,0.863,0.9,0.863,0.9,0.863,0.9,0.863,0.9,0.863,0.9,0.863,0.9,0.863,0.9,0.863,0.9,0.863,0.9,0.863,0.9,0.863,
0.82,0.869,0.909,0.891,0.932,0.935,0.925,0.927,0.927,0.927,0.927,0.927,0.927,0.927,0.927,0.927,0.927,0.927,0.927,0.927,0.927,0.927,0.927,0.927,0.927,0.927,0.927,0.927,0.927,0.927,0.927,0.927,0.927,0.927,0.927,0.927,0.927,0.927,0.927,0.927,0.927,0.927,0.927,0.927,0.927,0.927,0.927,0.927,0.927,0.927,0.927,0.927,0.927,0.927,0.927,0.927,0.927,0.927,0.927,0.927,0.927,0.927,0.927,0.927,0.927,0.927,0.927,0.927,0.927,0.927,0.927,0.927,0.927,0.927,0.927,0.927,0.927,0.927,0.927,0.927,0.927,0.927,0.927,0.927,0.927,0.927,0.927,0.927,0.927,0.927,0.927,0.927,0.927,0.927,0.927,0.927,0.927,0.927,0.927,0.885,
0.918,0.915,0.945,0.951,0.918,0.915,0.945,0.951,0.918,0.915,0.945,0.951,0.918,0.915,0.945,0.951,0.918,0.915,0.945,0.951,0.918,0.915,0.945,0.951,0.918,0.915,0.945,0.951,0.918,0.915,0.945,0.951,0.918,0.915,0.945,0.951,0.918,0.915,0.945,0.951,0.918,0.915,0.945,0.951,0.918,0.915,0.945,0.951,0.918,0.915,0.945,0.951,0.918,0.915,0.945,0.951,0.918,0.915,0.945,0.951,0.918,0.915,0.945,0.951,0.918,0.915,0.945,0.951,0.918,0.915,0.945,0.951,0.918,0.915,0.945,0.951,0.918,0.915,0.945,0.951,0.918,0.915,0.945,0.951,0.918,0.915,0.945,0.951,0.918,0.915,0.945,0.951,0.918,0.915,0.945,0.951,0.918,0.915,0.945,0.938,
1.0,1.0,1.0,1.0,1.0,1.0,1.0,1.0,1.0,1.0,1.0,1.0,1.0,1.0,1.0,1.0,1.0,1.0,1.0,1.0,1.0,1.0,1.0,1.0,1.0,1.0,1.0,1.0,1.0,1.0,1.0,1.0,1.0,1.0,1.0,1.0,1.0,1.0,1.0,1.0,1.0,1.0,1.0,1.0,1.0,1.0,1.0,1.0,1.0,1.0,1.0,1.0,1.0,1.0,1.0,1.0,1.0,1.0,1.0,1.0,1.0,1.0,1.0,1.0,1.0,1.0,1.0,1.0,1.0,1.0,1.0,1.0,1.0,1.0,1.0,1.0,1.0,1.0,1.0,1.0,1.0,1.0,1.0,1.0,1.0,1.0,1.0,1.0,1.0,1.0,1.0,1.0,1.0,1.0,1.0,1.0,1.0,1.0,1.0,1.0,
0.858,0.846,0.846,0.858,0.846,0.846,0.858,0.846,0.846,0.858,0.846,0.846,0.858,0.846,0.846,0.858,0.846,0.846,0.858,0.846,0.846,0.858,0.846,0.846,0.858,0.846,0.846,0.858,0.846,0.846,0.858,0.846,0.846,0.858,0.846,0.846,0.858,0.846,0.846,0.858,0.846,0.846,0.858,0.846,0.846,0.858,0.846,0.846,0.858,0.846,0.846,0.858,0.846,0.846,0.858,0.846,0.846,0.858,0.846,0.846,0.858,0.846,0.846,0.858,0.846,0.846,0.858,0.846,0.846,0.858,0.846,0.846,0.858,0.846,0.846,0.858,0.846,0.846,0.858,0.846,0.846,0.858,0.846,0.846,0.858,0.846,0.846,0.858,0.846,0.846,0.858,0.846,0.846,0.858,0.846,0.846,0.858,0.846,0.846,0.853,
1.0,1.0,1.0,1.0,1.0,1.0,1.0,1.0,1.0,1.0,1.0,1.0,1.0,1.0,1.0,1.0,1.0,1.0,1.0,1.0,1.0,1.0,1.0,1.0,1.0,1.0,1.0,1.0,1.0,1.0,1.0,1.0,1.0,1.0,1.0,1.0,1.0,1.0,1.0,1.0,1.0,1.0,1.0,1.0,1.0,1.0,1.0,1.0,1.0,1.0,1.0,1.0,1.0,1.0,1.0,1.0,1.0,1.0,1.0,1.0,1.0,1.0,1.0,1.0,1.0,1.0,1.0,1.0,1.0,1.0,1.0,1.0,1.0,1.0,1.0,1.0,1.0,1.0,1.0,1.0,1.0,1.0,1.0,1.0,1.0,1.0,1.0,1.0,1.0,1.0,1.0,1.0,1.0,1.0,1.0,1.0,1.0,1.0,1.0,1.0,
0.856,0.876,0.908,0.873,0.927,0.87,0.878,0.866,0.908,0.873,0.927,0.87,0.878,0.866,0.908,0.873,0.927,0.87,0.878,0.866,0.908,0.873,0.927,0.87,0.878,0.866,0.908,0.873,0.927,0.87,0.878,0.866,0.908,0.873,0.927,0.87,0.878,0.866,0.908,0.873,0.927,0.87,0.878,0.866,0.908,0.873,0.927,0.87,0.878,0.866,0.908,0.873,0.927,0.87,0.878,0.866,0.908,0.873,0.927,0.87,0.878,0.866,0.908,0.873,0.927,0.87,0.878,0.866,0.908,0.873,0.927,0.87,0.878,0.866,0.908,0.873,0.927,0.87,0.878,0.866,0.908,0.873,0.927,0.87,0.878,0.866,0.908,0.873,0.927,0.87,0.878,0.866,0.908,0.873,0.927,0.87,0.878,0.866,0.908,0.824,
0.965,1.0,0.924,0.955,0.924,0.955,0.924,0.955,0.924,0.955,0.924,0.955,0.924,0.955,0.924,0.955,0.924,0.955,0.924,0.955,0.924,0.955,0.924,0.955,0.924,0.955,0.924,0.955,0.924,0.955,0.924,0.955,0.924,0.955,0.924,0.955,0.924,0.955,0.924,0.955,0.924,0.955,0.924,0.955,0.924,0.955,0.924,0.955,0.924,0.955,0.924,0.955,0.924,0.955,0.924,0.955,0.924,0.955,0.924,0.955,0.924,0.955,0.924,0.955,0.924,0.955,0.924,0.955,0.924,0.955,0.924,0.955,0.924,0.955,0.924,0.955,0.924,0.955,0.924,0.955,0.924,0.955,0.924,0.955,0.924,0.955,0.924,0.955,0.924,0.955,0.924,0.955,0.924,0.955,0.924,0.955,0.924,0.955,0.924,0.955,
0.982,0.692,0.691,0.681,0.68,0.68,0.68,0.68,0.68,0.68,0.68,0.68,0.68,0.68,0.68,0.68,0.68,0.68,0.68,0.68,0.68,0.68,0.68,0.68,0.68,0.68,0.68,0.68,0.68,0.68,0.68,0.68,0.68,0.68,0.68,0.68,0.68,0.68,0.68,0.68,0.68,0.68,0.68,0.68,0.68,0.68,0.68,0.68,0.68,0.68,0.68,0.68,0.68,0.68,0.68,0.68,0.68,0.68,0.68,0.68,0.68,0.68,0.68,0.68,0.68,0.68,0.68,0.68,0.68,0.68,0.68,0.68,0.68,0.68,0.68,0.68,0.68,0.68,0.68,0.68,0.68,0.68,0.68,0.68,0.68,0.68,0.68,0.68,0.68,0.68,0.68,0.68,0.68,0.68,0.68,0.68,0.68,0.68,0.68,0.68,
0.825,0.916,0.947,0.947,0.947,0.947,0.947,0.947,0.947,0.947,0.947,0.947,0.947,0.947,0.947,0.947,0.947,0.947,0.947,0.947,0.947,0.947,0.947,0.947,0.947,0.947,0.947,0.947,0.947,0.947,0.947,0.947,0.947,0.947,0.947,0.947,0.947,0.947,0.947,0.947,0.947,0.947,0.947,0.947,0.947,0.947,0.947,0.947,0.947,0.947,0.947,0.947,0.947,0.947,0.947,0.947,0.947,0.947,0.947,0.947,0.947,0.947,0.947,0.947,0.947,0.947,0.947,0.947,0.947,0.947,0.947,0.947,0.947,0.947,0.947,0.947,0.947,0.947,0.947,0.947,0.947,0.947,0.947,0.947,0.947,0.947,0.947,0.947,0.947,0.947,0.947,0.947,0.947,0.947,0.947,0.947,0.947,0.947,0.947,0.899,
0.892,0.671,0.672,0.664,0.663,0.663,0.662,0.662,0.662,0.662,0.662,0.662,0.662,0.662,0.662,0.662,0.662,0.662,0.662,0.662,0.662,0.662,0.662,0.662,0.662,0.662,0.662,0.662,0.662,0.662,0.662,0.662,0.662,0.662,0.662,0.662,0.662,0.662,0.662,0.662,0.662,0.662,0.662,0.662,0.662,0.662,0.662,0.662,0.662,0.662,0.662,0.662,0.662,0.662,0.662,0.662,0.662,0.662,0.662,0.662,0.662,0.662,0.662,0.662,0.662,0.662,0.662,0.662,0.662,0.662,0.662,0.662,0.662,0.662,0.662,0.662,0.662,0.662,0.662,0.662,0.662,0.662,0.662,0.662,0.662,0.662,0.662,0.662,0.662,0.662,0.662,0.662,0.662,0.662,0.662,0.662,0.662,0.662,0.662,0.662,
1.0,0.954,0.811,0.809,0.804,0.804,0.804,0.804,0.804,0.804,0.804,0.804,0.804,0.804,0.804,0.804,0.804,0.804,0.804,0.804,0.804,0.804,0.804,0.804,0.804,0.804,0.804,0.804,0.804,0.804,0.804,0.804,0.804,0.804,0.804,0.804,0.804,0.804,0.804,0.804,0.804,0.804,0.804,0.804,0.804,0.804,0.804,0.804,0.804,0.804,0.804,0.804,0.804,0.804,0.804,0.804,0.804,0.804,0.804,0.804,0.804,0.804,0.804,0.804,0.804,0.804,0.804,0.804,0.804,0.804,0.804,0.804,0.804,0.804,0.804,0.804,0.804,0.804,0.804,0.804,0.804,0.804,0.804,0.804,0.804,0.804,0.804,0.804,0.804,0.804,0.804,0.804,0.804,0.804,0.804,0.804,0.804,0.804,0.804,0.804,
0.925,0.756,0.733,0.69,0.692,0.69,0.691,0.69,0.691,0.69,0.691,0.69,0.691,0.69,0.691,0.69,0.691,0.69,0.691,0.69,0.691,0.69,0.691,0.69,0.691,0.69,0.691,0.69,0.691,0.69,0.691,0.69,0.691,0.69,0.691,0.69,0.691,0.69,0.691,0.69,0.691,0.69,0.691,0.69,0.691,0.69,0.691,0.69,0.691,0.69,0.691,0.69,0.691,0.69,0.691,0.69,0.691,0.69,0.691,0.69,0.691,0.69,0.691,0.69,0.691,0.69,0.691,0.69,0.691,0.69,0.691,0.69,0.691,0.69,0.691,0.69,0.691,0.69,0.691,0.69,0.691,0.69,0.691,0.69,0.691,0.69,0.691,0.69,0.691,0.69,0.691,0.69,0.691,0.69,0.691,0.69,0.691,0.69,0.691,0.69,
1.0,0.867,0.801,0.756,0.735,0.733,0.733,0.733,0.733,0.733,0.733,0.733,0.733,0.733,0.733,0.733,0.733,0.733,0.733,0.733,0.733,0.733,0.733,0.733,0.733,0.733,0.733,0.733,0.733,0.733,0.733,0.733,0.733,0.733,0.733,0.733,0.733,0.733,0.733,0.733,0.733,0.733,0.733,0.733,0.733,0.733,0.733,0.733,0.733,0.733,0.733,0.733,0.733,0.733,0.733,0.733,0.733,0.733,0.733,0.733,0.733,0.733,0.733,0.733,0.733,0.733,0.733,0.733,0.733,0.733,0.733,0.733,0.733,0.733,0.733,0.733,0.733,0.733,0.733,0.733,0.733,0.733,0.733,0.733,0.733,0.733,0.733,0.733,0.733,0.733,0.733,0.733,0.733,0.733,0.733,0.733,0.733,0.733,0.733,0.733,
0.929,0.786,0.73,0.717,0.709,0.706,0.706,0.706,0.706,0.706,0.706,0.706,0.706,0.706,0.706,0.706,0.706,0.706,0.706,0.706,0.706,0.706,0.706,0.706,0.706,0.706,0.706,0.706,0.706,0.706,0.706,0.706,0.706,0.706,0.706,0.706,0.706,0.706,0.706,0.706,0.706,0.706,0.706,0.706,0.706,0.706,0.706,0.706,0.706,0.706,0.706,0.706,0.706,0.706,0.706,0.706,0.706,0.706,0.706,0.706,0.706,0.706,0.706,0.706,0.706,0.706,0.706,0.706,0.706,0.706,0.706,0.706,0.706,0.706,0.706,0.706,0.706,0.706,0.706,0.706,0.706,0.706,0.706,0.706,0.706,0.706,0.706,0.706,0.706,0.706,0.706,0.706,0.706,0.706,0.706,0.706,0.706,0.706,0.706,0.706,
1.0,0.79,0.765,0.744,0.745,0.743,0.745,0.743,0.745,0.743,0.745,0.743,0.745,0.743,0.745,0.743,0.745,0.743,0.745,0.743,0.745,0.743,0.745,0.743,0.745,0.743,0.745,0.743,0.745,0.743,0.745,0.743,0.745,0.743,0.745,0.743,0.745,0.743,0.745,0.743,0.745,0.743,0.745,0.743,0.745,0.743,0.745,0.743,0.745,0.743,0.745,0.743,0.745,0.743,0.745,0.743,0.745,0.743,0.745,0.743,0.745,0.743,0.745,0.743,0.745,0.743,0.745,0.743,0.745,0.743,0.745,0.743,0.745,0.743,0.745,0.743,0.745,0.743,0.745,0.743,0.745,0.743,0.745,0.743,0.745,0.743,0.745,0.743,0.745,0.743,0.745,0.743,0.745,0.743,0.745,0.743,0.745,0.743,0.745,0.743,
0.826,0.973,0.991,0.991,0.991,0.991,0.991,0.991,0.991,0.991,0.991,0.991,0.991,0.991,0.991,0.991,0.991,0.991,0.991,0.991,0.991,0.991,0.991,0.991,0.991,0.991,0.991,0.991,0.991,0.991,0.991,0.991,0.991,0.991,0.991,0.991,0.991,0.991,0.991,0.991,0.991,0.991,0.991,0.991,0.991,0.991,0.991,0.991,0.991,0.991,0.991,0.991,0.991,0.991,0.991,0.991,0.991,0.991,0.991,0.991,0.991,0.991,0.991,0.991,0.991,0.991,0.991,0.991,0.991,0.991,0.991,0.991,0.991,0.991,0.991,0.991,0.991,0.991,0.991,0.991,0.991,0.991,0.991,0.991,0.991,0.991,0.991,0.991,0.991,0.991,0.991,0.991,0.991,0.991,0.991,0.991,0.991,0.991,0.991,0.867,
0.823,0.843,0.853,0.853,0.853,0.853,0.853,0.853,0.853,0.853,0.853,0.853,0.853,0.853,0.853,0.853,0.853,0.853,0.853,0.853,0.853,0.853,0.853,0.853,0.853,0.853,0.853,0.853,0.853,0.853,0.853,0.853,0.853,0.853,0.853,0.853,0.853,0.853,0.853,0.853,0.853,0.853,0.853,0.853,0.853,0.853,0.853,0.853,0.853,0.853,0.853,0.853,0.853,0.853,0.853,0.853,0.853,0.853,0.853,0.853,0.853,0.853,0.853,0.853,0.853,0.853,0.853,0.853,0.853,0.853,0.853,0.853,0.853,0.853,0.853,0.853,0.853,0.853,0.853,0.853,0.853,0.853,0.853,0.853,0.853,0.853,0.853,0.853,0.853,0.853,0.853,0.853,0.853,0.853,0.853,0.853,0.853,0.853,0.853,0.853,
1.0,1.0,1.0,1.0,1.0,1.0,1.0,1.0,1.0,1.0,1.0,1.0,1.0,1.0,1.0,1.0,1.0,1.0,1.0,1.0,1.0,1.0,1.0,1.0,1.0,1.0,1.0,1.0,1.0,1.0,1.0,1.0,1.0,1.0,1.0,1.0,1.0,1.0,1.0,1.0,1.0,1.0,1.0,1.0,1.0,1.0,1.0,1.0,1.0,1.0,1.0,1.0,1.0,1.0,1.0,1.0,1.0,1.0,1.0,1.0,1.0,1.0,1.0,1.0,1.0,1.0,1.0,1.0,1.0,1.0,1.0,1.0,1.0,1.0,1.0,1.0,1.0,1.0,1.0,1.0,1.0,1.0,1.0,1.0,1.0,1.0,1.0,1.0,1.0,1.0,1.0,1.0,1.0,1.0,1.0,1.0,1.0,1.0,1.0,1.0,
0.99,0.97,0.99,0.972,0.99,0.972,0.99,0.972,0.99,0.972,0.99,0.972,0.99,0.972,0.99,0.972,0.99,0.972,0.99,0.972,0.99,0.972,0.99,0.972,0.99,0.972,0.99,0.972,0.99,0.972,0.99,0.972,0.99,0.972,0.99,0.972,0.99,0.972,0.99,0.972,0.99,0.972,0.99,0.972,0.99,0.972,0.99,0.972,0.99,0.972,0.99,0.972,0.99,0.972,0.99,0.972,0.99,0.972,0.99,0.972,0.99,0.972,0.99,0.972,0.99,0.972,0.99,0.972,0.99,0.972,0.99,0.972,0.99,0.972,0.99,0.972,0.99,0.972,0.99,0.972,0.99,0.972,0.99,0.972,0.99,0.972,0.99,0.972,0.99,0.972,0.99,0.972,0.99,0.972,0.99,0.972,0.99,0.972,0.99,0.972,
0.956,0.998,1.0,1.0,1.0,1.0,1.0,1.0,1.0,1.0,1.0,1.0,1.0,1.0,1.0,1.0,1.0,1.0,1.0,1.0,1.0,1.0,1.0,1.0,1.0,1.0,1.0,1.0,1.0,1.0,1.0,1.0,1.0,1.0,1.0,1.0,1.0,1.0,1.0,1.0,1.0,1.0,1.0,1.0,1.0,1.0,1.0,1.0,1.0,1.0,1.0,1.0,1.0,1.0,1.0,1.0,1.0,1.0,1.0,1.0,1.0,1.0,1.0,1.0,1.0,1.0,1.0,1.0,1.0,1.0,1.0,1.0,1.0,1.0,1.0,1.0,1.0,1.0,1.0,1.0,1.0,1.0,1.0,1.0,1.0,1.0,1.0,1.0,1.0,1.0,1.0,1.0,1.0,1.0,1.0,1.0,1.0,1.0,1.0,1.0,
0.934,0.825,0.814,0.963,0.8,0.947,0.8,0.947,0.8,0.947,0.8,0.947,0.8,0.947,0.8,0.947,0.8,0.947,0.8,0.947,0.8,0.947,0.8,0.947,0.8,0.947,0.8,0.947,0.8,0.947,0.8,0.947,0.8,0.947,0.8,0.947,0.8,0.947,0.8,0.947,0.8,0.947,0.8,0.947,0.8,0.947,0.8,0.947,0.8,0.947,0.8,0.947,0.8,0.947,0.8,0.947,0.8,0.947,0.8,0.947,0.8,0.947,0.8,0.947,0.8,0.947,0.8,0.947,0.8,0.947,0.8,0.947,0.8,0.947,0.8,0.947,0.8,0.947,0.8,0.947,0.8,0.947,0.8,0.947,0.8,0.947,0.8,0.947,0.8,0.947,0.8,0.947,0.8,0.947,0.8,0.947,0.8,0.947,0.8,0.908,
0.997,0.74,0.816,0.75,0.787,0.807,0.795,0.807,0.807,0.807,0.807,0.807,0.807,0.807,0.807,0.807,0.807,0.807,0.807,0.807,0.807,0.807,0.807,0.807,0.807,0.807,0.807,0.807,0.807,0.807,0.807,0.807,0.807,0.807,0.807,0.807,0.807,0.807,0.807,0.807,0.807,0.807,0.807,0.807,0.807,0.807,0.807,0.807,0.807,0.807,0.807,0.807,0.807,0.807,0.807,0.807,0.807,0.807,0.807,0.807,0.807,0.807,0.807,0.807,0.807,0.807,0.807,0.807,0.807,0.807,0.807,0.807,0.807,0.807,0.807,0.807,0.807,0.807,0.807,0.807,0.807,0.807,0.807,0.807,0.807,0.807,0.807,0.807,0.807,0.807,0.807,0.807,0.807,0.807,0.807,0.807,0.807,0.807,0.807,0.807,
0.884,0.828,0.933,0.898,0.922,0.925,0.925,0.925,0.925,0.925,0.925,0.925,0.869,0.922,0.925,0.935,0.935,0.935,0.935,0.935,0.935,0.935,0.935,0.935,0.935,0.935,0.935,0.935,0.935,0.935,0.935,0.935,0.935,0.935,0.935,0.935,0.935,0.935,0.935,0.935,0.935,0.935,0.935,0.935,0.935,0.935,0.935,0.935,0.935,0.935,0.935,0.935,0.935,0.935,0.935,0.935,0.935,0.935,0.935,0.935,0.935,0.935,0.935,0.935,0.935,0.935,0.935,0.935,0.935,0.935,0.935,0.935,0.935,0.935,0.935,0.935,0.935,0.935,0.935,0.935,0.935,0.935,0.935,0.935,0.935,0.935,0.935,0.935,0.935,0.935,0.935,0.935,0.935,0.935,0.935,0.935,0.935,0.935,0.935,0.904,
0.894,0.73,0.675,0.619,0.621,0.62,0.62,0.62,0.62,0.62,0.62,0.62,0.62,0.62,0.62,0.62,0.62,0.62,0.62,0.62,0.62,0.62,0.62,0.62,0.62,0.62,0.62,0.62,0.62,0.62,0.62,0.62,0.62,0.62,0.62,0.62,0.62,0.62,0.62,0.62,0.62,0.62,0.62,0.62,0.62,0.62,0.62,0.62,0.62,0.62,0.62,0.62,0.62,0.62,0.62,0.62,0.62,0.62,0.62,0.62,0.62,0.62,0.62,0.62,0.62,0.62,0.62,0.62,0.62,0.62,0.62,0.62,0.62,0.62,0.62,0.62,0.62,0.62,0.62,0.62,0.62,0.62,0.62,0.62,0.62,0.62,0.62,0.62,0.62,0.62,0.62,0.62,0.62,0.62,0.62,0.62,0.62,0.62,0.62,0.62,
0.899,0.724,0.669,0.661,0.66,0.66,0.66,0.66,0.66,0.66,0.66,0.66,0.66,0.66,0.66,0.66,0.66,0.66,0.66,0.66,0.66,0.66,0.66,0.66,0.66,0.66,0.66,0.66,0.66,0.66,0.66,0.66,0.66,0.66,0.66,0.66,0.66,0.66,0.66,0.66,0.66,0.66,0.66,0.66,0.66,0.66,0.66,0.66,0.66,0.66,0.66,0.66,0.66,0.66,0.66,0.66,0.66,0.66,0.66,0.66,0.66,0.66,0.66,0.66,0.66,0.66,0.66,0.66,0.66,0.66,0.66,0.66,0.66,0.66,0.66,0.66,0.66,0.66,0.66,0.66,0.66,0.66,0.66,0.66,0.66,0.66,0.66,0.66,0.66,0.66,0.66,0.66,0.66,0.66,0.66,0.66,0.66,0.66,0.66,0.66,
0.885,0.723,0.698,0.692,0.69,0.69,0.69,0.69,0.69,0.69,0.69,0.69,0.69,0.69,0.69,0.69,0.69,0.69,0.69,0.69,0.69,0.69,0.69,0.69,0.69,0.69,0.69,0.69,0.69,0.69,0.69,0.69,0.69,0.69,0.69,0.69,0.69,0.69,0.69,0.69,0.69,0.69,0.69,0.69,0.69,0.69,0.69,0.69,0.69,0.69,0.69,0.69,0.69,0.69,0.69,0.69,0.69,0.69,0.69,0.69,0.69,0.69,0.69,0.69,0.69,0.69,0.69,0.69,0.69,0.69,0.69,0.69,0.69,0.69,0.69,0.69,0.69,0.69,0.69,0.69,0.69,0.69,0.69,0.69,0.69,0.69,0.69,0.69,0.69,0.69,0.69,0.69,0.69,0.69,0.69,0.69,0.69,0.69,0.69,0.69,
1.0,0.831,0.737,0.726,0.725,0.725,0.725,0.725,0.725,0.725,0.725,0.725,0.725,0.725,0.725,0.725,0.725,0.725,0.725,0.725,0.725,0.725,0.725,0.725,0.725,0.725,0.725,0.725,0.725,0.725,0.725,0.725,0.725,0.725,0.725,0.725,0.725,0.725,0.725,0.725,0.725,0.725,0.725,0.725,0.725,0.725,0.725,0.725,0.725,0.725,0.725,0.725,0.725,0.725,0.725,0.725,0.725,0.725,0.725,0.725,0.725,0.725,0.725,0.725,0.725,0.725,0.725,0.725,0.725,0.725,0.725,0.725,0.725,0.725,0.725,0.725,0.725,0.725,0.725,0.725,0.725,0.725,0.725,0.725,0.725,0.725,0.725,0.725,0.725,0.725,0.725,0.725,0.725,0.725,0.725,0.725,0.725,0.725,0.725,0.725,
0.802,0.661,0.627,0.623,0.619,0.619,0.619,0.619,0.619,0.619,0.619,0.619,0.619,0.619,0.619,0.619,0.619,0.619,0.619,0.619,0.619,0.619,0.619,0.619,0.619,0.619,0.619,0.619,0.619,0.619,0.619,0.619,0.619,0.619,0.619,0.619,0.619,0.619,0.619,0.619,0.619,0.619,0.619,0.619,0.619,0.619,0.619,0.619,0.619,0.619,0.619,0.619,0.619,0.619,0.619,0.619,0.619,0.619,0.619,0.619,0.619,0.619,0.619,0.619,0.619,0.619,0.619,0.619,0.619,0.619,0.619,0.619,0.619,0.619,0.619,0.619,0.619,0.619,0.619,0.619,0.619,0.619,0.619,0.619,0.619,0.619,0.619,0.619,0.619,0.619,0.619,0.619,0.619,0.619,0.619,0.619,0.619,0.619,0.619,0.619,
1.0,0.839,0.811,0.78,0.814,0.777,0.814,0.777,0.814,0.777,0.814,0.777,0.814,0.777,0.814,0.777,0.814,0.777,0.814,0.777,0.814,0.777,0.814,0.777,0.814,0.777,0.814,0.777,0.814,0.777,0.814,0.777,0.814,0.777,0.814,0.777,0.814,0.777,0.814,0.777,0.814,0.777,0.814,0.777,0.814,0.777,0.814,0.777,0.814,0.777,0.814,0.777,0.814,0.777,0.814,0.777,0.814,0.777,0.814,0.777,0.814,0.777,0.814,0.777,0.814,0.777,0.814,0.777,0.814,0.777,0.814,0.777,0.814,0.777,0.814,0.777,0.814,0.777,0.814,0.777,0.814,0.777,0.814,0.777,0.814,0.777,0.814,0.777,0.814,0.777,0.814,0.777,0.814,0.777,0.814,0.777,0.814,0.777,0.814,0.776,
0.936,0.69,0.771,0.7,0.696,0.693,0.693,0.693,0.693,0.693,0.693,0.693,0.693,0.693,0.693,0.693,0.693,0.693,0.693,0.693,0.693,0.693,0.693,0.693,0.693,0.693,0.693,0.693,0.693,0.693,0.693,0.693,0.693,0.693,0.693,0.693,0.693,0.693,0.693,0.693,0.693,0.693,0.693,0.693,0.693,0.693,0.693,0.693,0.693,0.693,0.693,0.693,0.693,0.693,0.693,0.693,0.693,0.693,0.693,0.693,0.693,0.693,0.693,0.693,0.693,0.693,0.693,0.693,0.693,0.693,0.693,0.693,0.693,0.693,0.693,0.693,0.693,0.693,0.693,0.693,0.693,0.693,0.693,0.693,0.693,0.693,0.693,0.693,0.693,0.693,0.693,0.693,0.693,0.693,0.693,0.693,0.693,0.693,0.693,0.692,
0.919,0.77,0.693,0.701,0.699,0.698,0.698,0.698,0.698,0.698,0.698,0.698,0.698,0.698,0.698,0.698,0.698,0.698,0.698,0.698,0.698,0.698,0.698,0.698,0.698,0.698,0.698,0.698,0.698,0.698,0.698,0.698,0.698,0.698,0.698,0.698,0.698,0.698,0.698,0.698,0.698,0.698,0.698,0.698,0.698,0.698,0.698,0.698,0.698,0.698,0.698,0.698,0.698,0.698,0.698,0.698,0.698,0.698,0.698,0.698,0.698,0.698,0.698,0.698,0.698,0.698,0.698,0.698,0.698,0.698,0.698,0.698,0.698,0.698,0.698,0.698,0.698,0.698,0.698,0.698,0.698,0.698,0.698,0.698,0.698,0.698,0.698,0.698,0.698,0.698,0.698,0.698,0.698,0.698,0.698,0.698,0.698,0.698,0.698,0.698,

0.989,1.0,1.0,0.982,1.0,0.983,1.0,0.983,1.0,0.983,1.0,0.983,1.0,0.983,1.0,0.983,1.0,0.983,1.0,0.983,1.0,0.983,1.0,0.983,1.0,0.983,1.0,0.983,1.0,0.983,1.0,0.983,1.0,0.983,1.0,0.983,1.0,0.983,1.0,0.983,1.0,0.983,1.0,0.983,1.0,0.983,1.0,0.983,1.0,0.983,1.0,0.983,1.0,0.983,1.0,0.983,1.0,0.983,1.0,0.983,1.0,0.983,1.0,0.983,1.0,0.983,1.0,0.983,1.0,0.983,1.0,0.983,1.0,0.983,1.0,0.983,1.0,0.983,1.0,0.983,1.0,0.983,1.0,0.983,1.0,0.983,1.0,0.983,1.0,0.983,1.0,0.983,1.0,0.983,1.0,0.983,1.0,0.983,1.0,0.969,
0.837,0.952,0.966,0.952,1.0,0.98,0.948,0.998,0.985,0.962,0.998,0.984,0.962,0.998,0.984,0.962,0.998,0.984,0.962,0.998,0.984,0.962,0.998,0.984,0.962,0.998,0.984,0.962,0.998,0.984,0.962,0.998,0.984,0.962,0.998,0.984,0.962,0.998,0.984,0.962,0.998,0.984,0.962,0.998,0.984,0.962,0.998,0.984,0.962,0.998,0.984,0.962,0.998,0.984,0.962,0.998,0.984,0.962,0.998,0.984,0.962,0.998,0.984,0.962,0.998,0.984,0.962,0.998,0.984,0.962,0.998,0.984,0.962,0.998,0.984,0.962,0.998,0.984,0.962,0.998,0.984,0.962,0.998,0.984,0.962,0.998,0.984,0.962,0.998,0.984,0.962,0.998,0.984,0.962,0.998,0.984,0.962,0.998,0.984,0.848,
0.781,0.948,0.777,0.969,0.978,0.973,0.981,0.973,0.981,0.973,0.981,0.973,0.981,0.973,0.981,0.973,0.981,0.973,0.981,0.973,0.978,1.0,0.942,0.972,0.981,0.973,0.981,0.973,0.981,0.973,0.978,1.0,0.942,0.972,0.981,0.973,0.981,0.973,0.981,0.973,0.981,0.973,0.981,0.973,0.981,0.973,0.981,0.973,0.981,0.973,0.981,0.973,0.981,0.973,0.981,0.973,0.981,0.973,0.981,0.973,0.981,0.973,0.981,0.973,0.981,0.973,0.981,0.973,0.981,0.973,0.981,0.973,0.981,0.973,0.981,0.973,0.981,0.973,0.981,0.973,0.981,0.973,0.981,0.973,0.981,0.973,0.981,0.973,0.981,0.973,0.981,0.973,0.981,0.973,0.981,0.973,0.981,0.973,0.981,0.821,
0.925,0.948,0.968,0.969,0.983,0.969,0.968,0.983,0.993,0.979,0.992,0.979,0.992,0.979,0.989,0.982,0.989,0.982,0.989,0.982,0.989,0.982,0.984,0.977,0.997,0.95,0.979,0.945,0.999,0.94,1.0,0.979,0.987,0.98,0.998,0.945,1.0,0.952,0.988,0.982,0.982,0.978,0.997,0.972,0.997,0.972,0.997,0.972,0.995,0.945,0.984,0.942,1.0,0.979,0.994,0.953,0.997,0.945,1.0,0.956,0.992,0.98,0.998,0.945,1.0,0.952,0.994,0.98,0.998,0.945,1.0,0.979,0.994,0.953,0.997,0.945,1.0,0.979,0.994,0.953,0.998,0.945,1.0,0.979,0.994,0.98,0.998,0.945,1.0,0.979,0.994,0.953,0.997,0.946,1.0,0.979,0.994,0.953,0.997,0.804,
0.944,0.917,0.896,0.944,0.917,0.898,0.944,0.989,0.896,0.944,0.917,0.9,0.944,0.989,0.896,0.944,0.917,0.9,0.944,0.989,0.896,1.0,0.917,0.896,0.944,0.917,0.896,0.944,0.917,0.898,0.944,0.989,0.896,0.944,0.917,0.9,0.944,0.989,0.896,0.944,0.917,0.9,0.944,0.989,0.896,0.944,0.917,0.9,0.944,0.989,0.896,1.0,0.917,0.896,0.944,0.917,0.896,0.944,0.917,0.898,0.944,0.989,0.896,0.944,0.917,0.9,0.944,0.989,0.896,0.944,0.917,0.9,0.944,0.989,0.896,0.944,0.917,0.9,0.944,0.989,0.896,0.944,0.917,0.9,0.944,0.989,0.896,0.944,0.917,0.9,0.944,0.989,0.896,0.944,0.917,0.9,0.944,0.989,0.896,0.944,
0.978,0.989,0.999,1.0,0.999,1.0,0.999,1.0,0.999,1.0,0.999,1.0,0.999,1.0,0.999,1.0,0.999,1.0,0.999,1.0,0.999,1.0,0.999,1.0,0.999,1.0,0.999,1.0,0.999,1.0,0.999,1.0,0.999,1.0,0.999,1.0,0.999,1.0,0.999,1.0,0.999,1.0,0.999,1.0,0.999,1.0,0.999,1.0,0.999,1.0,0.999,1.0,0.999,1.0,0.999,1.0,0.999,1.0,0.999,1.0,0.999,1.0,0.999,1.0,0.999,1.0,0.999,1.0,0.999,1.0,0.999,1.0,0.999,1.0,0.999,1.0,0.999,1.0,0.999,1.0,0.999,1.0,0.999,1.0,0.999,1.0,0.999,1.0,0.999,1.0,0.999,1.0,0.999,1.0,0.999,1.0,0.999,1.0,0.999,1.0,
0.981,0.997,0.993,0.986,1.0,0.981,1.0,0.981,1.0,0.981,1.0,0.981,1.0,0.981,1.0,0.981,1.0,0.981,1.0,0.981,1.0,0.981,1.0,0.981,1.0,0.981,1.0,0.981,1.0,0.981,1.0,0.981,1.0,0.981,1.0,0.981,1.0,0.981,1.0,0.981,1.0,0.981,1.0,0.981,1.0,0.981,1.0,0.981,1.0,0.981,1.0,0.981,1.0,0.981,1.0,0.981,1.0,0.981,1.0,0.981,1.0,0.981,1.0,0.981,1.0,0.981,1.0,0.981,1.0,0.981,1.0,0.981,1.0,0.981,1.0,0.981,1.0,0.981,1.0,0.981,1.0,0.981,1.0,0.981,1.0,0.981,1.0,0.981,1.0,0.981,1.0,0.981,1.0,0.981,1.0,0.981,1.0,0.981,1.0,0.981,
1.0,0.992,0.988,1.0,0.992,1.0,1.0,0.995,0.988,1.0,0.992,1.0,1.0,0.995,0.988,1.0,0.992,1.0,1.0,0.995,0.988,1.0,0.992,1.0,1.0,0.995,0.988,1.0,0.992,1.0,1.0,0.995,0.988,1.0,0.992,1.0,1.0,0.995,0.988,1.0,0.992,1.0,1.0,0.995,0.988,1.0,0.992,1.0,1.0,0.995,0.988,1.0,0.992,1.0,1.0,0.995,0.988,1.0,0.992,1.0,1.0,0.995,0.988,1.0,0.992,1.0,1.0,0.995,0.988,1.0,0.992,1.0,1.0,0.995,0.988,1.0,0.992,1.0,1.0,0.995,0.988,1.0,0.992,1.0,1.0,0.995,0.988,1.0,0.992,1.0,1.0,0.995,0.988,1.0,0.992,1.0,1.0,0.995,0.988,1.0,
0.923,1.0,0.983,0.983,0.983,0.983,0.983,0.983,0.983,0.983,0.983,0.983,0.983,0.983,0.983,0.983,0.983,0.983,0.983,0.983,0.983,0.983,0.983,0.983,0.983,0.983,0.983,0.983,0.983,0.983,0.983,0.983,0.983,0.983,0.983,0.983,0.983,0.983,0.983,0.983,0.983,0.983,0.983,0.983,0.983,0.983,0.983,0.983,0.983,0.983,0.983,0.983,0.983,0.983,0.983,0.983,0.983,0.983,0.983,0.983,0.983,0.983,0.983,0.983,0.983,0.983,0.983,0.983,0.983,0.983,0.983,0.983,0.983,0.983,0.983,0.983,0.983,0.983,0.983,0.983,0.983,0.983,0.983,0.983,0.983,0.983,0.983,0.983,0.983,0.983,0.983,0.983,0.983,0.983,0.983,0.983,0.983,0.983,0.983,0.94,
0.873,1.0,0.83,0.873,0.857,0.859,0.857,0.859,0.857,0.859,0.857,0.859,0.857,0.859,0.857,0.859,0.857,0.859,0.857,0.859,0.857,0.859,0.857,0.859,0.857,0.859,0.857,0.859,0.857,0.859,0.857,0.859,0.857,0.859,0.857,0.859,0.857,0.859,0.857,0.859,0.857,0.859,0.857,0.859,0.857,0.859,0.857,0.859,0.857,0.859,0.857,0.859,0.857,0.859,0.857,0.859,0.857,0.859,0.857,0.859,0.857,0.859,0.857,0.859,0.857,0.859,0.857,0.859,0.857,0.859,0.857,0.859,0.857,0.859,0.857,0.859,0.857,0.859,0.857,0.859,0.857,0.859,0.857,0.859,0.857,0.859,0.857,0.859,0.857,0.859,0.857,0.859,0.857,0.859,0.857,0.859,0.857,0.859,0.857,0.859,
0.916,0.97,0.966,0.958,0.975,0.992,0.965,0.958,1.0,0.946,0.995,0.927,0.982,0.928,0.985,0.928,0.974,0.996,0.961,0.947,0.986,0.937,0.995,0.927,0.985,0.928,0.987,0.928,0.971,0.996,0.96,0.958,0.986,0.937,0.995,0.927,0.982,0.928,0.985,0.928,0.991,0.991,0.96,0.958,0.992,0.937,0.995,0.941,0.992,0.96,0.985,0.951,0.98,0.989,0.977,0.947,0.986,0.937,0.995,0.927,0.98,0.928,0.985,0.938,0.99,0.989,0.977,0.947,0.986,0.937,0.995,0.927,0.98,0.928,0.985,0.938,0.99,0.989,0.976,0.947,0.986,0.937,0.995,0.927,0.979,0.928,0.985,0.958,0.977,0.99,0.976,0.947,0.986,0.937,0.995,0.927,0.979,0.928,0.985,0.866,
0.892,0.876,0.864,0.964,0.815,0.883,0.842,0.884,0.851,0.962,0.967,0.968,0.972,0.979,0.832,0.951,0.943,0.972,0.959,0.833,0.869,0.861,0.893,0.848,0.927,0.962,0.952,0.946,0.866,0.973,0.939,0.966,0.971,0.979,0.881,0.943,0.962,0.977,0.974,0.89,0.862,0.87,0.881,0.872,0.85,0.964,0.937,0.944,0.846,0.972,0.937,0.954,0.938,0.976,0.854,0.924,0.941,0.976,0.973,0.816,0.847,0.872,0.844,0.852,0.849,0.962,0.953,0.976,0.831,0.971,0.927,0.927,0.957,0.966,0.828,0.965,0.921,0.975,0.909,0.866,0.851,0.844,0.849,0.849,0.872,0.943,0.948,0.956,0.875,1.0,0.938,0.969,0.95,0.979,0.828,0.943,0.945,0.964,0.957,0.757,
0.999,0.987,1.0,0.987,1.0,0.987,1.0,0.987,1.0,0.987,1.0,0.987,1.0,0.987,1.0,0.987,1.0,0.987,1.0,0.987,1.0,0.987,1.0,0.987,1.0,0.987,1.0,0.987,1.0,0.987,1.0,0.987,1.0,0.987,1.0,0.987,1.0,0.987,1.0,0.987,1.0,0.987,1.0,0.987,1.0,0.987,1.0,0.987,1.0,0.987,1.0,0.987,1.0,0.987,1.0,0.987,1.0,0.987,1.0,0.987,1.0,0.987,1.0,0.987,1.0,0.987,1.0,0.987,1.0,0.987,1.0,0.987,1.0,0.987,1.0,0.987,1.0,0.987,1.0,0.987,1.0,0.987,1.0,0.987,1.0,0.987,1.0,0.987,1.0,0.987,1.0,0.987,1.0,0.987,1.0,0.987,1.0,0.987,1.0,0.937,
0.994,0.985,0.916,0.971,0.915,0.972,0.915,0.972,0.915,0.972,0.915,0.972,0.915,0.972,0.915,0.972,0.915,0.972,0.915,0.972,0.915,0.972,0.915,0.972,0.915,0.972,0.915,0.972,0.915,0.972,0.915,0.972,0.915,0.972,0.915,0.972,0.915,0.972,0.915,0.972,0.915,0.972,0.915,0.972,0.915,0.972,0.915,0.972,0.915,0.972,0.915,0.972,0.915,0.972,0.915,0.972,0.915,0.972,0.915,0.972,0.915,0.972,0.915,0.972,0.915,0.972,0.915,0.972,0.915,0.972,0.915,0.972,0.915,0.972,0.915,0.972,0.915,0.972,0.915,0.972,0.915,0.972,0.915,0.972,0.915,0.972,0.915,0.972,0.915,0.972,0.915,0.972,0.915,0.972,0.915,0.972,0.915,0.972,0.915,0.923,
0.834,0.829,0.861,0.839,0.941,0.913,0.951,0.942,0.983,0.966,0.981,0.974,0.956,0.974,0.951,0.976,0.959,0.962,1.0,0.962,0.98,0.976,0.985,0.973,0.984,0.977,0.982,0.989,0.984,0.989,0.984,0.976,0.985,0.976,0.981,0.989,0.984,0.989,0.984,0.989,0.984,0.976,0.98,0.97,0.985,0.97,0.984,0.989,0.982,0.97,0.984,0.989,0.982,0.989,0.983,0.987,0.984,0.97,0.985,0.989,0.984,0.989,0.984,0.975,0.985,0.989,0.984,0.989,0.982,0.989,0.984,0.989,0.984,0.976,0.985,0.989,0.984,0.989,0.984,0.973,0.984,0.976,0.98,0.97,0.977,0.989,0.984,0.973,0.984,0.989,0.978,0.989,0.984,0.989,0.984,0.989,0.982,0.973,0.984,0.824,
0.996,0.998,0.999,1.0,1.0,1.0,1.0,1.0,1.0,1.0,1.0,1.0,1.0,1.0,1.0,1.0,1.0,1.0,1.0,1.0,1.0,1.0,1.0,1.0,1.0,1.0,1.0,1.0,1.0,1.0,1.0,1.0,1.0,1.0,1.0,1.0,1.0,1.0,1.0,1.0,1.0,1.0,1.0,1.0,1.0,1.0,1.0,1.0,1.0,1.0,1.0,1.0,1.0,1.0,1.0,1.0,1.0,1.0,1.0,1.0,1.0,1.0,1.0,1.0,1.0,1.0,1.0,1.0,1.0,1.0,1.0,1.0,1.0,1.0,1.0,1.0,1.0,1.0,1.0,1.0,1.0,1.0,1.0,1.0,1.0,1.0,1.0,1.0,1.0,1.0,1.0,1.0,1.0,1.0,1.0,1.0,1.0,1.0,1.0,1.0,
0.979,0.933,0.976,0.925,0.893,0.952,0.907,0.973,0.92,0.893,0.979,0.928,0.999,0.919,0.895,0.976,0.82,0.971,0.919,0.942,0.935,0.942,0.942,0.925,0.895,0.935,0.943,1.0,0.919,0.895,0.976,0.82,0.971,0.92,0.895,0.935,0.897,0.942,0.946,0.898,0.976,0.82,0.971,0.92,0.895,0.935,0.897,0.942,0.946,0.898,0.976,0.82,0.971,0.891,0.895,0.935,0.897,0.942,0.946,0.898,0.948,0.828,0.971,0.92,0.895,0.976,0.82,0.965,0.889,0.942,0.935,0.942,0.942,0.949,0.895,0.979,0.928,0.999,0.919,0.895,0.976,0.82,0.971,0.92,0.895,0.935,0.897,0.942,0.946,0.898,0.976,0.82,0.971,0.92,0.895,0.935,0.897,0.942,0.946,0.898,
1.0,1.0,1.0,1.0,1.0,1.0,1.0,1.0,1.0,1.0,1.0,1.0,1.0,1.0,1.0,1.0,1.0,1.0,1.0,1.0,1.0,1.0,1.0,1.0,1.0,1.0,1.0,1.0,1.0,1.0,1.0,1.0,1.0,1.0,1.0,1.0,1.0,1.0,1.0,1.0,1.0,1.0,1.0,1.0,1.0,1.0,1.0,1.0,1.0,1.0,1.0,1.0,1.0,1.0,1.0,1.0,1.0,1.0,1.0,1.0,1.0,1.0,1.0,1.0,1.0,1.0,1.0,1.0,1.0,1.0,1.0,1.0,1.0,1.0,1.0,1.0,1.0,1.0,1.0,1.0,1.0,1.0,1.0,1.0,1.0,1.0,1.0,1.0,1.0,1.0,1.0,1.0,1.0,1.0,1.0,1.0,1.0,1.0,1.0,1.0,
1.0,0.948,0.788,0.965,0.823,0.965,0.823,0.965,0.823,0.965,0.823,0.965,0.823,0.965,0.823,0.965,0.823,0.965,0.823,0.965,0.823,0.965,0.823,0.965,0.823,0.965,0.823,0.965,0.823,0.965,0.823,0.965,0.823,0.965,0.823,0.965,0.823,0.965,0.823,0.965,0.823,0.965,0.823,0.965,0.823,0.965,0.823,0.965,0.823,0.965,0.823,0.965,0.823,0.965,0.823,0.965,0.823,0.965,0.823,0.965,0.823,0.965,0.823,0.965,0.823,0.965,0.823,0.965,0.823,0.965,0.823,0.965,0.823,0.965,0.823,0.965,0.823,0.965,0.823,0.965,0.823,0.965,0.823,0.965,0.823,0.965,0.823,0.965,0.823,0.965,0.823,0.965,0.823,0.965,0.823,0.965,0.823,0.965,0.823,0.871,
0.86,0.836,0.926,0.907,0.986,0.907,0.901,0.986,0.896,1.0,0.928,0.994,0.917,0.982,0.917,0.997,0.93,0.995,0.928,0.995,0.929,0.995,0.929,0.995,0.929,0.995,0.929,0.995,0.929,0.995,0.929,0.995,0.929,0.995,0.929,0.992,0.929,0.995,0.929,0.995,0.929,0.995,0.929,0.995,0.929,0.995,0.929,0.992,0.929,0.995,0.929,0.995,0.929,0.995,0.929,0.995,0.929,0.995,0.929,0.992,0.929,0.995,0.929,0.995,0.929,0.995,0.929,0.995,0.929,0.995,0.929,0.992,0.929,0.995,0.929,0.995,0.929,0.995,0.929,0.995,0.929,0.995,0.929,0.992,0.929,0.995,0.929,0.995,0.929,0.995,0.929,0.995,0.929,0.995,0.929,0.992,0.929,0.995,0.929,0.823,
0.982,0.875,0.982,0.904,0.982,0.876,0.933,0.973,0.957,0.905,0.957,0.896,0.972,0.876,0.982,0.903,0.982,0.875,0.982,0.875,0.982,0.903,0.982,0.875,0.982,0.875,0.982,0.903,0.982,0.875,0.982,0.875,0.982,0.903,0.982,0.875,0.982,0.875,0.982,0.903,0.982,0.875,0.982,0.875,0.982,0.903,0.982,0.875,0.982,0.875,0.982,0.903,0.982,0.875,0.982,0.875,0.982,0.903,0.982,0.875,0.982,0.875,0.982,0.903,0.982,0.875,0.982,0.875,0.982,0.903,0.982,0.875,0.982,0.875,0.982,0.903,0.982,0.875,0.982,0.875,0.982,0.903,0.982,0.875,0.982,0.875,0.982,0.903,0.949,0.877,0.982,0.874,0.959,0.933,0.882,0.933,0.982,0.894,1.0,0.892,
0.83,0.822,0.984,0.839,0.987,1.0,0.9,0.893,0.956,0.924,0.952,0.957,0.962,0.948,0.978,0.929,0.952,0.954,0.961,0.919,0.977,0.929,0.952,0.929,0.911,0.875,0.962,1.0,0.967,0.927,0.96,0.919,0.977,0.929,0.952,0.929,0.894,0.948,0.952,0.955,0.952,0.954,0.961,0.919,0.977,0.929,0.952,0.929,0.911,0.875,0.962,1.0,0.967,0.954,0.961,0.949,0.978,0.929,0.952,0.929,0.911,0.875,0.962,1.0,0.967,0.927,0.96,0.919,0.977,0.929,0.952,0.929,0.901,0.949,0.924,0.955,0.952,0.954,0.961,0.919,0.977,0.929,0.952,0.954,0.961,0.919,0.977,0.929,0.952,0.954,0.961,0.919,0.977,0.929,0.952,0.954,0.961,0.919,0.977,0.822,
1.0,0.993,0.926,0.974,0.971,0.974,0.971,0.989,0.987,0.974,0.987,0.974,0.987,0.974,0.987,0.974,0.987,0.974,0.987,0.974,0.987,0.974,0.987,0.974,0.987,0.974,0.987,0.974,0.987,0.974,0.987,0.974,0.987,0.974,0.987,0.974,0.987,0.974,0.987,0.974,0.987,0.974,0.987,0.974,0.987,0.974,0.987,0.974,0.987,0.974,0.987,0.974,0.987,0.974,0.987,0.974,0.987,0.974,0.987,0.974,0.987,0.974,0.987,0.974,0.987,0.974,0.987,0.974,0.987,0.974,0.987,0.974,0.987,0.974,0.987,0.974,0.987,0.974,0.987,0.974,0.987,0.974,0.987,0.974,0.987,0.974,0.987,0.974,0.987,0.974,0.987,0.974,0.987,0.974,0.987,0.974,0.987,0.974,0.987,0.974,
0.869,0.99,0.935,0.961,0.974,0.98,0.993,0.981,0.99,1.0,0.981,1.0,0.981,1.0,0.981,1.0,0.981,1.0,0.981,1.0,0.981,1.0,0.981,1.0,0.981,1.0,0.981,1.0,0.981,1.0,0.981,1.0,0.981,1.0,0.981,1.0,0.981,1.0,0.981,1.0,0.981,1.0,0.981,1.0,0.981,1.0,0.981,1.0,0.981,1.0,0.981,1.0,0.981,1.0,0.981,1.0,0.981,1.0,0.981,1.0,0.981,1.0,0.981,1.0,0.981,1.0,0.981,1.0,0.981,1.0,0.981,1.0,0.981,1.0,0.981,1.0,0.981,1.0,0.981,1.0,0.981,1.0,0.981,1.0,0.981,1.0,0.981,1.0,0.981,1.0,0.981,1.0,0.981,1.0,0.981,1.0,0.981,1.0,0.981,0.891,
0.995,1.0,0.997,0.998,0.997,0.998,0.997,0.998,0.997,0.998,0.997,0.998,0.997,0.998,0.997,0.998,0.997,0.998,0.997,0.998,0.997,0.998,0.997,0.998,0.997,0.998,0.997,0.998,0.997,0.998,0.997,0.998,0.997,0.998,0.997,0.998,0.997,0.998,0.997,0.998,0.997,0.998,0.997,0.998,0.997,0.998,0.997,0.998,0.997,0.998,0.997,0.998,0.997,0.998,0.997,0.998,0.997,0.998,0.997,0.998,0.997,0.998,0.997,0.998,0.997,0.998,0.997,0.998,0.997,0.998,0.997,0.998,0.997,0.998,0.997,0.998,0.997,0.998,0.997,0.998,0.997,0.998,0.997,0.998,0.997,0.998,0.997,0.998,0.997,0.998,0.997,0.998,0.997,0.998,0.997,0.998,0.997,0.998,0.997,0.998,
0.985,0.93,0.983,0.939,1.0,0.944,0.979,0.946,0.996,0.947,0.996,0.947,0.996,0.947,0.996,0.947,0.996,0.947,0.996,0.947,0.996,0.947,0.996,0.947,0.996,0.947,0.996,0.947,0.996,0.947,0.996,0.947,0.996,0.947,0.996,0.947,0.996,0.947,0.996,0.947,0.996,0.947,0.996,0.947,0.996,0.947,0.996,0.947,0.996,0.947,0.996,0.947,0.996,0.947,0.996,0.947,0.996,0.947,0.996,0.947,0.996,0.947,0.996,0.947,0.996,0.947,0.996,0.947,0.996,0.947,0.996,0.947,0.996,0.947,0.996,0.947,0.996,0.947,0.996,0.947,0.996,0.947,0.996,0.947,0.996,0.947,0.996,0.947,0.996,0.947,0.996,0.947,0.996,0.947,0.996,0.947,0.996,0.947,0.996,0.858,
0.859,0.945,0.989,0.959,0.961,0.987,0.961,0.959,0.978,0.96,0.967,0.951,0.958,0.97,0.958,0.938,0.963,0.975,0.977,0.969,0.958,0.921,0.964,0.976,0.977,0.969,0.968,0.968,0.974,0.991,0.968,0.989,0.954,0.92,0.958,0.97,0.98,0.957,0.958,0.961,0.958,0.913,0.992,0.969,1.0,0.962,0.962,0.944,0.963,0.97,0.961,0.947,0.989,0.959,0.942,0.958,0.92,0.965,0.952,0.957,0.961,0.985,0.994,0.965,0.961,0.958,0.966,0.963,0.976,0.991,0.968,0.979,0.956,0.96,0.971,0.961,0.974,0.95,0.958,0.94,0.945,0.959,0.958,0.903,0.963,0.97,0.98,0.944,0.961,0.958,0.958,0.958,0.969,0.958,0.958,0.958,0.91,0.962,0.96,0.862,
0.855,1.0,0.94,0.954,0.944,0.955,0.943,0.955,0.943,0.955,0.943,0.955,0.943,0.955,0.943,0.955,0.943,0.955,0.943,0.955,0.943,0.955,0.943,0.955,0.943,0.955,0.943,0.955,0.943,0.955,0.943,0.955,0.943,0.955,0.943,0.955,0.943,0.955,0.943,0.955,0.943,0.955,0.943,0.955,0.943,0.955,0.943,0.955,0.943,0.955,0.943,0.955,0.943,0.955,0.943,0.955,0.943,0.955,0.943,0.955,0.943,0.955,0.943,0.955,0.943,0.955,0.943,0.955,0.943,0.955,0.943,0.955,0.943,0.955,0.943,0.955,0.943,0.955,0.943,0.955,0.943,0.955,0.943,0.955,0.943,0.955,0.943,0.955,0.943,0.955,0.943,0.955,0.943,0.955,0.943,0.955,0.943,0.955,0.943,0.869,
0.839,0.979,0.911,1.0,0.908,0.978,0.91,0.978,0.91,0.978,0.91,0.978,0.91,0.978,0.91,0.978,0.91,0.978,0.91,0.978,0.91,0.978,0.91,0.978,0.91,0.978,0.91,0.978,0.91,0.978,0.91,0.978,0.91,0.978,0.91,0.978,0.91,0.978,0.91,0.978,0.91,0.978,0.91,0.978,0.91,0.978,0.91,0.978,0.91,0.978,0.91,0.978,0.91,0.978,0.91,0.978,0.91,0.978,0.91,0.978,0.91,0.978,0.91,0.978,0.91,0.978,0.91,0.978,0.91,0.978,0.91,0.978,0.91,0.978,0.91,0.978,0.91,0.978,0.91,0.978,0.91,0.978,0.91,0.978,0.91,0.978,0.91,0.978,0.91,0.978,0.91,0.978,0.91,0.978,0.91,0.978,0.91,0.978,0.91,0.919,
0.979,0.947,0.934,0.941,0.932,0.946,0.932,0.919,0.999,0.922,0.938,0.933,0.935,0.93,0.939,0.946,0.929,0.904,0.932,0.957,0.93,0.931,0.933,0.933,0.936,0.909,0.939,0.946,0.933,0.935,0.932,0.919,1.0,0.923,0.935,0.942,0.933,0.952,0.933,0.938,0.952,0.933,0.94,0.946,0.93,0.923,0.934,0.933,0.94,0.946,0.929,0.904,0.931,0.908,0.932,0.928,0.934,0.941,0.93,0.936,0.933,0.96,0.93,0.998,0.931,0.944,0.93,0.934,0.936,0.923,0.938,0.911,0.986,0.932,0.99,0.935,0.939,0.948,0.931,0.947,0.932,0.908,0.937,0.948,0.931,0.935,0.928,0.939,0.931,0.934,0.99,0.911,0.998,0.907,1.0,0.912,0.946,0.933,0.99,0.75,
1.0,0.744,0.98,0.762,0.98,0.762,0.896,0.844,0.84,0.889,0.797,0.837,0.835,0.812,0.853,0.829,0.841,0.825,0.843,0.825,0.841,0.787,0.844,0.822,0.899,0.815,0.836,0.836,0.835,0.835,0.799,0.853,0.814,0.825,0.844,0.826,0.816,0.902,0.816,0.848,0.834,0.838,0.831,0.82,0.819,0.842,0.815,0.852,0.815,0.844,0.788,0.901,0.795,0.902,0.817,0.843,0.834,0.801,0.85,0.827,0.816,0.902,0.816,0.848,0.802,0.9,0.812,0.905,0.798,0.902,0.873,0.816,0.899,0.815,0.812,0.854,0.815,0.843,0.817,0.902,0.811,0.902,0.873,0.934,0.812,0.851,0.905,0.815,0.947,0.79,0.838,0.902,0.802,0.902,0.816,0.836,0.82,0.818,0.902,0.814,
0.997,1.0,1.0,1.0,1.0,1.0,1.0,1.0,1.0,1.0,1.0,1.0,1.0,1.0,1.0,1.0,1.0,1.0,1.0,1.0,1.0,1.0,1.0,1.0,1.0,1.0,1.0,1.0,1.0,1.0,1.0,1.0,1.0,1.0,1.0,1.0,1.0,1.0,1.0,1.0,1.0,1.0,1.0,1.0,1.0,1.0,1.0,1.0,1.0,1.0,1.0,1.0,1.0,1.0,1.0,1.0,1.0,1.0,1.0,1.0,1.0,1.0,1.0,1.0,1.0,1.0,1.0,1.0,1.0,1.0,1.0,1.0,1.0,1.0,1.0,1.0,1.0,1.0,1.0,1.0,1.0,1.0,1.0,1.0,1.0,1.0,1.0,1.0,1.0,1.0,1.0,1.0,1.0,1.0,1.0,1.0,1.0,1.0,1.0,1.0,
0.943,1.0,1.0,1.0,1.0,1.0,1.0,1.0,1.0,1.0,1.0,1.0,1.0,1.0,1.0,1.0,1.0,1.0,1.0,1.0,1.0,1.0,1.0,1.0,1.0,1.0,1.0,1.0,1.0,1.0,1.0,1.0,1.0,1.0,1.0,1.0,1.0,1.0,1.0,1.0,1.0,1.0,1.0,1.0,1.0,1.0,1.0,1.0,1.0,1.0,1.0,1.0,1.0,1.0,1.0,1.0,1.0,1.0,1.0,1.0,1.0,1.0,1.0,1.0,1.0,1.0,1.0,1.0,1.0,1.0,1.0,1.0,1.0,1.0,1.0,1.0,1.0,1.0,1.0,1.0,1.0,1.0,1.0,1.0,1.0,1.0,1.0,1.0,1.0,1.0,1.0,1.0,1.0,1.0,1.0,1.0,1.0,1.0,1.0,1.0,
0.856,0.953,0.942,0.937,0.948,0.962,0.982,0.956,0.987,0.956,0.949,0.97,0.964,0.955,0.993,0.954,0.979,0.954,0.978,0.943,0.955,0.955,0.99,0.957,0.99,0.952,0.947,0.948,0.951,0.955,1.0,0.953,0.999,0.956,0.953,0.96,0.94,0.955,0.981,0.961,0.98,0.954,0.953,0.96,0.94,0.955,0.982,0.953,0.987,0.957,0.965,0.954,0.95,0.955,0.995,0.959,0.98,0.954,0.953,0.96,0.94,0.955,0.982,0.953,0.987,0.957,0.965,0.954,0.95,0.955,0.995,0.959,0.98,0.954,0.953,0.96,0.94,0.955,0.982,0.953,0.987,0.957,0.965,0.954,0.95,0.955,0.995,0.959,0.98,0.954,0.953,0.96,0.94,0.955,0.982,0.953,0.987,0.957,0.965,0.905,
0.875,0.969,0.834,0.971,0.901,0.848,1.0,0.902,0.92,0.94,0.9,0.94,0.9,0.94,0.9,0.94,0.9,0.94,0.9,0.94,0.9,0.94,0.9,0.94,0.9,0.94,0.9,0.94,0.9,0.94,0.9,0.94,0.9,0.94,0.9,0.94,0.9,0.94,0.9,0.94,0.9,0.94,0.9,0.94,0.9,0.94,0.9,0.94,0.897,0.87,0.868,0.98,0.905,0.981,0.905,0.981,0.905,0.981,0.905,0.981,0.905,0.981,0.905,0.981,0.905,0.981,0.905,0.981,0.905,0.981,0.905,0.981,0.905,0.981,0.933,0.973,0.926,0.981,0.897,0.981,0.897,0.981,0.897,0.981,0.897,0.981,0.929,0.981,0.895,0.987,0.895,0.987,0.895,0.98,0.898,0.987,0.895,0.987,0.895,0.818,
1.0,0.962,0.996,0.994,0.996,0.979,0.994,0.979,0.995,0.979,0.994,0.979,0.994,0.979,0.994,0.979,0.994,0.979,0.994,0.979,0.994,0.979,0.994,0.979,0.994,0.979,0.994,0.979,0.994,0.979,0.994,0.979,0.994,0.979,0.994,0.979,0.994,0.979,0.994,0.979,0.994,0.979,0.994,0.979,0.994,0.979,0.994,0.979,0.994,0.979,0.994,0.979,0.994,0.979,0.994,0.979,0.994,0.979,0.994,0.979,0.994,0.979,0.994,0.979,0.994,0.979,0.994,0.979,0.994,0.979,0.994,0.979,0.994,0.979,0.994,0.979,0.994,0.979,0.994,0.979,0.994,0.979,0.994,0.979,0.994,0.979,0.994,0.979,0.994,0.979,0.994,0.979,0.994,0.979,0.994,0.979,0.994,0.979,0.994,0.848,
0.941,1.0,0.92,1.0,0.92,1.0,0.92,1.0,0.92,1.0,0.92,1.0,0.92,1.0,0.92,1.0,0.92,1.0,0.92,1.0,0.92,1.0,0.92,1.0,0.92,1.0,0.92,1.0,0.92,1.0,0.92,1.0,0.92,1.0,0.92,1.0,0.92,1.0,0.92,1.0,0.92,1.0,0.92,1.0,0.92,1.0,0.92,1.0,0.92,1.0,0.92,1.0,0.92,1.0,0.92,1.0,0.92,1.0,0.92,1.0,0.92,1.0,0.92,1.0,0.92,1.0,0.92,1.0,0.92,1.0,0.92,1.0,0.92,1.0,0.92,1.0,0.92,1.0,0.92,1.0,0.92,1.0,0.92,1.0,0.92,1.0,0.92,1.0,0.92,1.0,0.92,1.0,0.92,1.0,0.92,1.0,0.92,1.0,0.92,0.978,
0.993,0.997,0.989,0.973,0.998,1.0,0.995,0.973,0.993,1.0,0.996,0.973,0.993,1.0,0.996,0.973,0.993,1.0,0.996,0.973,0.993,1.0,0.996,0.973,0.993,1.0,0.996,0.973,0.993,1.0,0.996,0.973,0.993,0.996,0.992,0.973,0.993,1.0,0.996,0.973,0.993,1.0,0.996,0.973,0.993,1.0,0.996,0.973,0.993,1.0,0.996,0.973,0.993,1.0,0.996,0.973,0.993,1.0,0.996,0.973,0.993,1.0,0.996,0.973,0.993,1.0,0.996,0.973,0.993,1.0,0.996,0.973,0.993,1.0,0.996,0.973,0.993,1.0,0.996,0.973,0.993,1.0,0.996,0.973,0.993,0.996,0.992,0.973,0.993,1.0,0.996,0.973,0.993,1.0,0.996,0.973,0.993,1.0,0.996,0.927,
0.994,0.999,0.999,0.999,1.0,1.0,1.0,1.0,1.0,1.0,1.0,1.0,1.0,1.0,1.0,1.0,1.0,1.0,1.0,1.0,1.0,1.0,1.0,1.0,1.0,1.0,1.0,1.0,1.0,1.0,1.0,1.0,1.0,1.0,1.0,1.0,1.0,1.0,1.0,1.0,1.0,1.0,1.0,1.0,1.0,1.0,1.0,1.0,1.0,1.0,1.0,1.0,1.0,1.0,1.0,1.0,1.0,1.0,1.0,1.0,1.0,1.0,1.0,1.0,1.0,1.0,1.0,1.0,1.0,1.0,1.0,1.0,1.0,1.0,1.0,1.0,1.0,1.0,1.0,1.0,1.0,1.0,1.0,1.0,1.0,1.0,1.0,1.0,1.0,1.0,1.0,1.0,1.0,1.0,1.0,1.0,1.0,1.0,1.0,1.0,
0.957,0.951,0.971,0.952,0.98,0.96,0.986,0.953,1.0,0.875,0.997,0.965,0.998,0.965,0.997,0.965,0.997,0.965,0.997,0.965,0.997,0.965,0.998,0.962,0.997,0.965,0.997,0.965,0.997,0.965,0.997,0.965,0.997,0.962,0.997,0.965,0.997,0.965,0.997,0.965,0.997,0.965,0.997,0.965,0.997,0.965,0.997,0.965,0.978,0.975,0.857,0.967,0.97,0.974,0.977,0.968,0.975,0.983,0.938,0.974,0.979,0.966,0.999,0.875,0.978,0.978,0.973,0.964,0.977,0.95,0.978,0.964,0.977,0.95,0.978,0.964,0.983,0.964,0.974,0.967,0.963,0.966,0.963,0.966,0.963,0.966,0.963,0.966,0.963,0.966,0.963,0.966,0.963,0.966,0.963,0.966,0.963,0.966,0.963,0.857,
0.957,0.99,0.996,0.99,0.99,0.99,0.99,0.999,0.99,1.0,0.99,1.0,0.99,1.0,0.99,1.0,0.99,1.0,0.99,1.0,0.99,1.0,0.99,1.0,0.99,1.0,0.99,1.0,0.99,1.0,0.99,1.0,0.99,1.0,0.99,1.0,0.99,1.0,0.99,1.0,0.99,1.0,0.99,1.0,0.99,1.0,0.99,1.0,0.99,1.0,0.99,1.0,0.99,1.0,0.99,1.0,0.99,1.0,0.99,1.0,0.99,1.0,0.99,1.0,0.99,1.0,0.99,1.0,0.99,1.0,0.99,1.0,0.99,1.0,0.99,1.0,0.99,1.0,0.99,1.0,0.99,1.0,0.99,1.0,0.99,1.0,0.99,1.0,0.99,1.0,0.99,1.0,0.99,1.0,0.99,1.0,0.99,1.0,0.99,0.979,
1.0,0.941,0.936,0.936,0.936,0.936,0.936,0.936,0.936,0.936,0.936,0.936,0.936,0.936,0.936,0.936,0.936,0.936,0.936,0.936,0.936,0.936,0.936,0.936,0.936,0.936,0.936,0.936,0.936,0.936,0.936,0.936,0.936,0.936,0.936,0.936,0.936,0.936,0.936,0.936,0.936,0.936,0.936,0.936,0.936,0.936,0.936,0.936,0.936,0.936,0.936,0.936,0.936,0.936,0.936,0.936,0.936,0.936,0.936,0.936,0.936,0.936,0.936,0.936,0.936,0.936,0.936,0.936,0.936,0.936,0.936,0.936,0.936,0.936,0.936,0.936,0.936,0.936,0.936,0.936,0.936,0.936,0.936,0.936,0.936,0.936,0.936,0.936,0.936,0.936,0.936,0.936,0.936,0.936,0.936,0.936,0.936,0.936,0.936,0.936,
0.972,0.938,0.986,0.966,1.0,0.942,0.981,0.976,0.976,0.985,0.968,0.969,0.985,0.963,0.985,0.969,0.971,0.991,0.974,0.979,0.984,0.978,0.966,0.985,0.974,0.984,0.975,0.976,0.989,0.979,0.977,0.979,0.975,0.983,0.958,0.978,0.977,0.979,0.973,0.988,0.978,0.974,0.981,0.968,0.982,0.968,0.979,0.969,0.975,0.968,0.967,0.962,0.98,0.984,0.969,0.973,0.976,0.984,0.976,0.97,0.985,0.963,0.998,0.963,0.981,0.968,0.982,0.968,0.979,0.969,0.975,0.968,0.967,0.962,0.98,0.984,0.969,0.973,0.976,0.984,0.976,0.97,0.985,0.963,0.998,0.963,0.981,0.968,0.982,0.968,0.979,0.969,0.975,0.968,0.967,0.962,0.98,0.984,0.969,0.953,
1.0,0.958,0.947,0.977,0.964,0.978,0.962,0.977,0.964,0.966,0.962,0.977,0.964,0.974,0.962,0.978,0.964,0.974,0.962,0.967,0.964,0.977,0.962,0.974,0.964,0.977,0.962,0.966,0.964,0.971,0.962,0.97,0.964,0.977,0.962,0.974,0.964,0.977,0.962,0.974,0.964,0.977,0.962,0.974,0.964,0.977,0.962,0.974,0.964,0.977,0.962,0.974,0.964,0.977,0.962,0.974,0.964,0.977,0.962,0.974,0.964,0.977,0.962,0.974,0.964,0.977,0.962,0.974,0.964,0.977,0.962,0.974,0.964,0.977,0.962,0.974,0.964,0.977,0.962,0.974,0.964,0.977,0.962,0.974,0.964,0.977,0.962,0.974,0.964,0.977,0.962,0.974,0.964,0.977,0.962,0.974,0.964,0.977,0.962,0.974,
0.968,0.806,0.979,0.993,0.849,0.999,0.874,0.989,0.848,0.998,0.874,1.0,0.916,0.989,0.815,0.981,0.779,0.979,0.781,0.979,0.809,0.982,0.779,0.979,0.839,0.998,0.874,1.0,0.914,0.988,0.815,0.982,0.779,0.979,0.781,0.979,0.809,0.982,0.779,0.979,0.839,0.998,0.874,1.0,0.914,0.988,0.815,0.982,0.779,0.979,0.781,0.979,0.809,0.982,0.779,0.979,0.839,0.998,0.874,1.0,0.916,0.989,0.815,0.981,0.779,0.979,0.781,0.979,0.809,0.982,0.779,0.979,0.839,0.998,0.874,1.0,0.914,0.988,0.815,0.982,0.779,0.979,0.781,0.979,0.809,0.982,0.779,0.979,0.839,0.998,0.874,1.0,0.914,0.988,0.815,0.982,0.779,0.979,0.781,0.883,
0.936,0.983,0.96,0.984,0.957,0.999,0.957,0.947,0.962,0.937,0.985,0.934,1.0,0.957,0.986,0.96,0.982,0.934,0.984,0.96,0.982,0.934,0.984,0.96,0.982,0.934,0.984,0.96,0.982,0.934,0.984,0.96,0.982,0.934,0.984,0.96,0.982,0.934,0.984,0.96,0.982,0.934,0.984,0.96,0.982,0.934,0.984,0.96,0.982,0.934,0.984,0.96,0.982,0.934,0.984,0.96,0.982,0.934,0.984,0.96,0.982,0.934,0.984,0.96,0.982,0.934,0.984,0.96,0.982,0.934,0.984,0.96,0.982,0.934,0.984,0.96,0.982,0.934,0.984,0.96,0.982,0.934,0.984,0.96,0.982,0.934,0.984,0.96,0.982,0.934,0.984,0.96,0.982,0.934,0.984,0.96,0.982,0.934,0.984,0.924,
0.868,0.949,0.96,1.0,0.984,0.997,0.986,0.997,0.986,0.997,0.986,0.997,0.986,0.997,0.986,0.997,0.986,0.997,0.986,0.997,0.986,0.997,0.986,0.997,0.986,0.997,0.986,0.997,0.986,0.997,0.986,0.997,0.986,0.997,0.986,0.997,0.986,0.997,0.986,0.997,0.986,0.997,0.986,0.997,0.986,0.997,0.986,0.997,0.986,0.997,0.986,0.997,0.986,0.997,0.986,0.997,0.986,0.997,0.986,0.997,0.986,0.997,0.986,0.997,0.986,0.997,0.986,0.997,0.986,0.997,0.986,0.997,0.986,0.997,0.986,0.997,0.986,0.997,0.986,0.997,0.986,0.997,0.986,0.997,0.986,0.997,0.986,0.997,0.986,0.997,0.986,0.997,0.986,0.997,0.986,0.997,0.986,0.997,0.986,0.918,
0.835,0.81,0.823,0.974,0.787,0.946,0.786,0.835,0.995,0.736,0.849,0.8,0.975,0.75,0.993,0.787,0.835,1.0,0.778,0.973,0.787,0.835,0.995,0.742,0.977,0.75,0.835,0.835,0.98,0.787,0.946,0.786,0.835,0.995,0.777,0.973,0.787,0.835,0.995,0.734,0.848,0.8,0.975,0.786,0.973,0.786,0.835,0.995,0.728,0.841,0.835,0.967,0.786,0.945,0.752,0.835,0.835,0.98,0.787,0.946,0.786,0.835,0.995,0.777,0.973,0.787,0.835,0.995,0.742,0.977,0.787,0.835,0.969,0.786,0.973,0.75,0.835,0.835,0.98,0.787,0.946,0.786,0.835,0.995,0.742,0.977,0.787,0.835,0.969,0.75,0.993,0.75,0.835,0.835,0.98,0.787,0.946,0.786,0.835,0.955,
0.912,0.991,0.989,0.993,1.0,1.0,1.0,0.997,1.0,0.997,1.0,0.997,0.985,0.994,1.0,0.997,0.985,0.994,1.0,0.997,0.985,0.994,1.0,0.997,0.985,0.994,1.0,0.997,0.985,0.994,1.0,0.997,0.985,0.994,1.0,0.997,0.985,0.994,1.0,0.997,0.985,0.994,1.0,0.997,0.985,0.994,1.0,0.997,0.985,0.994,1.0,0.997,0.985,0.994,1.0,0.997,0.985,0.994,1.0,0.997,0.985,0.994,1.0,0.997,0.985,0.994,1.0,0.997,0.985,0.994,1.0,0.997,0.985,0.994,1.0,0.997,0.985,0.994,1.0,0.997,0.985,0.994,1.0,0.997,0.985,0.994,1.0,0.997,0.985,0.994,1.0,0.997,0.985,0.994,1.0,0.997,0.985,0.994,1.0,0.898,
1.0,0.73,0.993,0.831,0.895,0.886,0.857,0.876,0.856,0.889,0.839,0.818,0.875,0.836,0.895,0.84,0.891,0.84,0.891,0.84,0.891,0.84,0.891,0.84,0.891,0.84,0.891,0.84,0.891,0.84,0.891,0.84,0.891,0.84,0.891,0.84,0.891,0.84,0.891,0.84,0.891,0.84,0.891,0.84,0.891,0.84,0.891,0.84,0.891,0.84,0.891,0.84,0.891,0.84,0.891,0.84,0.891,0.84,0.891,0.84,0.891,0.84,0.891,0.84,0.891,0.84,0.891,0.84,0.891,0.84,0.891,0.84,0.891,0.84,0.891,0.84,0.891,0.84,0.891,0.84,0.891,0.84,0.891,0.84,0.891,0.84,0.891,0.84,0.891,0.84,0.891,0.84,0.891,0.84,0.891,0.84,0.891,0.84,0.891,0.733,
1.0,0.838,0.979,0.975,0.971,0.982,0.959,0.99,0.963,0.99,0.973,0.99,0.967,0.99,0.979,0.99,0.969,0.99,0.978,0.99,0.971,0.99,0.952,0.99,0.962,0.99,0.967,0.99,0.966,0.99,0.967,0.99,0.967,0.99,0.975,0.99,0.975,0.99,0.975,0.99,0.975,0.99,0.975,0.99,0.96,0.99,0.947,0.99,0.969,0.99,0.976,0.99,0.976,0.99,0.976,0.99,0.976,0.99,0.976,0.99,0.973,0.99,0.975,0.99,0.976,0.99,0.973,0.99,0.975,0.99,0.976,0.99,0.976,0.99,0.976,0.99,0.976,0.99,0.973,0.99,0.975,0.99,0.976,0.99,0.973,0.99,0.975,0.99,0.976,0.99,0.976,0.99,0.976,0.99,0.976,0.99,0.973,0.99,0.975,0.859,
0.981,1.0,0.993,1.0,0.993,1.0,0.993,1.0,0.993,1.0,0.993,1.0,0.993,1.0,0.993,1.0,0.993,1.0,0.993,1.0,0.993,1.0,0.993,1.0,0.993,1.0,0.993,1.0,0.993,1.0,0.993,1.0,0.993,1.0,0.993,1.0,0.993,1.0,0.993,1.0,0.993,1.0,0.993,1.0,0.993,1.0,0.993,1.0,0.993,1.0,0.993,1.0,0.993,1.0,0.993,1.0,0.993,1.0,0.993,1.0,0.993,1.0,0.993,1.0,0.993,1.0,0.993,1.0,0.993,1.0,0.993,1.0,0.993,1.0,0.993,1.0,0.993,1.0,0.993,1.0,0.993,1.0,0.993,1.0,0.993,1.0,0.993,1.0,0.993,1.0,0.993,1.0,0.993,1.0,0.993,1.0,0.993,1.0,0.993,1.0,
0.894,0.905,0.916,0.911,0.916,0.905,0.916,0.911,0.916,0.905,0.916,0.911,0.912,0.905,1.0,0.911,0.896,0.905,0.909,0.911,0.903,0.912,0.91,0.911,0.91,0.912,0.91,0.911,0.91,0.912,0.91,0.911,0.91,0.912,0.91,0.911,0.91,0.912,0.91,0.911,0.91,0.912,0.91,0.911,0.91,0.912,0.91,0.911,0.91,0.912,0.91,0.911,0.895,0.905,0.909,0.911,0.896,0.919,0.909,0.911,0.895,0.905,0.909,0.911,0.895,0.905,0.909,0.911,0.895,0.905,0.909,0.911,0.895,0.905,0.909,0.911,0.895,0.905,0.909,0.911,0.895,0.905,0.909,0.911,0.895,0.905,0.909,0.911,0.895,0.905,0.909,0.911,0.895,0.905,0.909,0.911,0.895,0.905,0.909,0.911,
1.0,0.707,0.964,0.692,0.926,0.66,0.93,0.688,0.994,0.704,0.964,0.655,0.832,0.89,0.828,0.651,0.788,0.839,0.792,0.704,0.996,0.613,0.816,0.876,0.83,0.723,0.719,0.964,0.819,0.75,0.816,0.89,0.79,0.689,0.816,0.841,0.825,0.65,0.816,0.837,0.798,0.739,0.715,0.985,0.775,0.82,0.906,0.834,0.88,0.682,0.816,0.871,0.881,0.685,0.816,0.872,0.881,0.685,0.816,0.872,0.881,0.685,0.816,0.872,0.881,0.685,0.816,0.872,0.836,0.764,0.778,0.98,0.777,0.699,0.816,0.868,0.893,0.654,0.816,0.843,0.873,0.641,0.816,0.881,0.798,0.697,0.818,0.847,0.798,0.699,0.816,0.88,0.794,0.701,0.816,0.877,0.821,0.775,0.816,0.787,
0.965,0.962,0.971,0.967,0.973,0.966,1.0,0.919,0.992,0.964,0.971,0.969,1.0,0.919,0.992,0.964,0.967,0.969,0.991,0.919,0.992,0.964,0.971,0.969,1.0,0.919,0.992,0.964,0.971,0.969,1.0,0.919,0.992,0.964,0.971,0.969,1.0,0.919,0.992,0.964,0.971,0.969,1.0,0.919,0.992,0.964,0.971,0.969,1.0,0.919,0.992,0.964,0.971,0.969,1.0,0.919,0.992,0.964,0.971,0.969,1.0,0.919,0.992,0.964,0.971,0.969,1.0,0.919,0.992,0.964,0.971,0.969,1.0,0.919,0.992,0.964,0.971,0.969,1.0,0.919,0.992,0.964,0.971,0.969,1.0,0.919,0.992,0.964,0.967,0.969,1.0,0.919,0.992,0.964,0.971,0.969,1.0,0.919,0.992,0.846,
1.0,0.863,0.825,0.832,0.848,0.868,0.846,0.9,0.847,0.862,0.853,0.86,0.827,0.84,0.843,0.847,0.832,0.831,0.841,0.831,0.878,0.865,0.839,0.867,0.826,0.841,0.841,0.847,0.853,0.831,0.838,0.864,0.827,0.855,0.856,0.854,0.832,0.881,0.832,0.893,0.832,0.855,0.847,0.832,0.922,0.828,0.859,0.887,0.826,0.855,0.832,0.832,0.922,0.828,0.851,0.853,0.838,0.869,0.828,0.833,0.843,0.832,0.878,0.865,0.839,0.867,0.826,0.841,0.841,0.847,0.853,0.831,0.838,0.864,0.827,0.855,0.856,0.854,0.832,0.881,0.832,0.893,0.832,0.855,0.847,0.832,0.922,0.828,0.859,0.887,0.826,0.855,0.832,0.832,0.922,0.828,0.851,0.853,0.838,0.834,
0.925,1.0,0.818,0.935,0.841,0.872,0.836,0.901,0.806,0.871,0.836,0.908,0.803,0.811,0.805,0.807,0.802,0.806,0.802,0.806,0.802,0.806,0.802,0.806,0.802,0.806,0.802,0.806,0.802,0.806,0.802,0.806,0.802,0.806,0.802,0.806,0.802,0.806,0.802,0.806,0.802,0.806,0.802,0.806,0.802,0.806,0.802,0.806,0.802,0.806,0.802,0.806,0.802,0.806,0.802,0.806,0.802,0.806,0.802,0.806,0.802,0.806,0.802,0.806,0.802,0.806,0.802,0.806,0.802,0.806,0.802,0.806,0.802,0.806,0.802,0.806,0.802,0.806,0.802,0.806,0.802,0.806,0.802,0.806,0.802,0.806,0.802,0.806,0.802,0.806,0.802,0.806,0.802,0.806,0.802,0.806,0.802,0.806,0.802,0.806,
0.961,1.0,0.961,0.961,0.961,0.983,0.961,0.961,0.961,0.961,0.961,0.961,0.961,0.961,0.961,0.961,0.961,0.971,0.961,0.961,0.961,0.961,0.961,0.961,0.961,0.961,0.961,0.961,0.961,0.961,0.961,0.961,0.961,0.961,0.961,0.961,0.961,0.961,0.961,0.961,0.961,0.961,0.961,0.961,0.961,0.961,0.961,0.961,0.961,0.961,0.961,0.961,0.961,0.961,0.961,0.961,0.961,0.961,0.961,0.961,0.961,0.961,0.961,0.961,0.961,0.961,0.961,0.961,0.961,0.961,0.961,0.961,0.961,0.961,0.961,0.961,0.961,0.961,0.961,0.961,0.961,0.961,0.961,0.961,0.961,0.961,0.961,0.961,0.961,0.961,0.961,0.961,0.961,0.961,0.961,0.961,0.961,0.961,0.961,0.961,
0.9,0.943,0.957,0.958,1.0,0.941,0.93,0.962,0.957,0.932,0.937,0.957,0.957,0.957,0.957,0.957,0.957,0.957,0.957,0.957,0.957,0.957,0.957,0.957,0.957,0.957,0.957,0.957,0.957,0.957,0.957,0.957,0.957,0.957,0.957,0.957,0.957,0.957,0.957,0.957,0.957,0.957,0.957,0.957,0.957,0.957,0.957,0.957,0.957,0.957,0.957,0.957,0.957,0.957,0.957,0.957,0.957,0.957,0.957,0.957,0.957,0.957,0.957,0.957,0.957,0.957,0.957,0.957,0.957,0.957,0.957,0.957,0.957,0.957,0.957,0.957,0.957,0.957,0.957,0.957,0.957,0.957,0.957,0.957,0.957,0.957,0.957,0.957,0.957,0.957,0.957,0.957,0.957,0.957,0.957,0.957,0.957,0.957,0.957,0.883,
0.931,0.942,1.0,0.972,0.977,0.988,0.984,0.942,0.999,0.943,0.955,0.998,0.976,0.968,1.0,0.983,0.942,0.998,0.977,0.968,1.0,0.983,0.942,0.998,0.977,0.968,1.0,0.983,0.942,0.998,0.977,0.968,1.0,0.983,0.942,0.998,0.977,0.968,1.0,0.983,0.942,0.998,0.972,0.969,1.0,0.983,0.942,0.998,0.977,0.968,1.0,0.983,0.942,0.998,0.977,0.968,1.0,0.983,0.942,0.998,0.977,0.968,1.0,0.983,0.942,0.998,0.977,0.968,1.0,0.983,0.942,0.998,0.972,0.969,1.0,0.983,0.942,0.998,0.977,0.968,1.0,0.983,0.942,0.998,0.977,0.968,1.0,0.983,0.942,0.998,0.977,0.968,1.0,0.983,0.942,0.998,0.977,0.968,1.0,0.913,
0.83,0.904,0.88,0.971,0.971,0.961,0.962,0.933,0.976,0.988,0.973,0.987,0.971,0.974,1.0,0.994,1.0,0.994,1.0,0.994,1.0,0.994,1.0,0.994,1.0,0.994,1.0,0.994,1.0,0.994,1.0,0.994,1.0,0.994,1.0,0.994,1.0,0.994,1.0,0.994,1.0,0.994,1.0,0.994,1.0,0.994,1.0,0.994,1.0,0.994,1.0,0.994,1.0,0.994,1.0,0.994,1.0,0.994,1.0,0.994,1.0,0.994,1.0,0.994,1.0,0.994,1.0,0.994,1.0,0.994,1.0,0.994,1.0,0.994,1.0,0.994,1.0,0.994,1.0,0.994,1.0,0.994,1.0,0.994,1.0,0.994,1.0,0.994,1.0,0.994,1.0,0.994,1.0,0.994,1.0,0.994,1.0,0.994,1.0,0.847,
0.94,0.95,1.0,0.993,0.988,0.993,0.988,0.993,0.988,0.993,0.988,0.993,0.988,0.993,0.988,0.993,0.988,0.993,0.988,0.993,0.988,0.993,0.988,0.993,0.988,0.993,0.988,0.993,0.988,0.993,0.988,0.993,0.988,0.993,0.988,0.993,0.988,0.993,0.988,0.993,0.988,0.993,0.988,0.993,0.988,0.993,0.988,0.993,0.988,0.993,0.988,0.993,0.988,0.993,0.988,0.993,0.988,0.993,0.988,0.993,0.988,0.993,0.988,0.993,0.988,0.993,0.988,0.993,0.988,0.993,0.988,0.993,0.988,0.993,0.988,0.993,0.988,0.993,0.988,0.993,0.988,0.993,0.988,0.993,0.988,0.993,0.988,0.993,0.988,0.993,0.988,0.993,0.988,0.993,0.988,0.993,0.988,0.993,0.988,0.844,
0.949,0.946,0.951,0.997,1.0,0.961,0.958,0.963,0.962,0.961,0.958,0.963,0.962,0.961,0.958,0.963,0.962,0.961,0.958,0.963,0.962,0.961,0.958,0.963,0.962,0.961,0.958,0.963,0.962,0.961,0.958,0.963,0.962,0.961,0.958,0.963,0.962,0.961,0.958,0.963,0.962,0.961,0.958,0.963,0.962,0.961,0.958,0.963,0.962,0.961,0.958,0.963,0.962,0.961,0.958,0.963,0.962,0.961,0.958,0.963,0.962,0.961,0.958,0.963,0.962,0.961,0.958,0.963,0.962,0.961,0.958,0.963,0.962,0.961,0.958,0.963,0.962,0.961,0.958,0.963,0.962,0.961,0.958,0.963,0.962,0.961,0.958,0.963,0.962,0.961,0.958,0.963,0.962,0.961,0.958,0.963,0.962,0.961,0.958,0.944,
0.989,0.972,0.981,0.972,0.919,0.919,1.0,0.919,0.999,0.919,1.0,0.919,1.0,0.919,1.0,0.919,1.0,0.919,1.0,0.919,1.0,0.919,1.0,0.919,1.0,0.919,1.0,0.919,1.0,0.919,1.0,0.919,1.0,0.919,1.0,0.919,1.0,0.919,1.0,0.919,1.0,0.919,1.0,0.919,1.0,0.919,1.0,0.919,1.0,0.919,1.0,0.919,1.0,0.919,1.0,0.919,1.0,0.919,1.0,0.919,1.0,0.919,1.0,0.919,1.0,0.919,1.0,0.919,1.0,0.919,1.0,0.919,1.0,0.919,1.0,0.919,1.0,0.919,1.0,0.919,1.0,0.919,1.0,0.919,1.0,0.919,1.0,0.919,1.0,0.919,1.0,0.919,1.0,0.919,1.0,0.919,1.0,0.919,1.0,0.896,
1.0,1.0,1.0,1.0,1.0,1.0,1.0,1.0,1.0,1.0,1.0,1.0,1.0,1.0,1.0,1.0,1.0,1.0,1.0,1.0,1.0,1.0,1.0,1.0,1.0,1.0,1.0,1.0,1.0,1.0,1.0,1.0,1.0,1.0,1.0,1.0,1.0,1.0,1.0,1.0,1.0,1.0,1.0,1.0,1.0,1.0,1.0,1.0,1.0,1.0,1.0,1.0,1.0,1.0,1.0,1.0,1.0,1.0,1.0,1.0,1.0,1.0,1.0,1.0,1.0,1.0,1.0,1.0,1.0,1.0,1.0,1.0,1.0,1.0,1.0,1.0,1.0,1.0,1.0,1.0,1.0,1.0,1.0,1.0,1.0,1.0,1.0,1.0,1.0,1.0,1.0,1.0,1.0,1.0,1.0,1.0,1.0,1.0,1.0,0.986,
0.965,0.961,1.0,1.0,1.0,1.0,1.0,1.0,1.0,1.0,1.0,1.0,1.0,1.0,1.0,1.0,1.0,1.0,1.0,1.0,1.0,1.0,1.0,1.0,1.0,1.0,1.0,1.0,1.0,1.0,1.0,1.0,1.0,1.0,1.0,1.0,1.0,1.0,1.0,1.0,1.0,1.0,1.0,1.0,1.0,1.0,1.0,1.0,1.0,1.0,1.0,1.0,1.0,1.0,1.0,1.0,1.0,1.0,1.0,1.0,1.0,1.0,1.0,1.0,1.0,1.0,1.0,1.0,1.0,1.0,1.0,1.0,1.0,1.0,1.0,1.0,1.0,1.0,1.0,1.0,1.0,1.0,1.0,1.0,1.0,1.0,1.0,1.0,1.0,1.0,1.0,1.0,1.0,1.0,1.0,1.0,1.0,1.0,1.0,0.986,
1.0,0.64,0.959,0.637,0.931,0.639,0.992,0.639,0.95,0.638,0.95,0.638,0.982,0.642,0.884,0.638,0.979,0.682,0.981,0.637,0.95,0.638,0.989,0.641,0.931,0.637,0.992,0.641,0.95,0.638,0.931,0.695,0.985,0.637,0.981,0.637,0.99,0.641,0.989,0.641,0.931,0.637,0.992,0.641,0.931,0.637,0.965,0.69,0.991,0.641,0.965,0.638,0.981,0.637,0.984,0.638,0.99,0.641,0.965,0.689,0.991,0.641,0.981,0.637,0.965,0.638,0.989,0.639,0.981,0.637,0.965,0.638,0.978,0.682,0.981,0.682,0.984,0.638,0.965,0.638,0.965,0.637,0.991,0.641,0.965,0.638,0.991,0.641,0.931,0.637,0.992,0.641,0.931,0.637,0.992,0.641,0.965,0.638,0.965,0.637,
0.774,0.952,0.976,0.92,1.0,0.916,0.98,0.944,0.98,0.944,0.98,0.944,0.98,0.944,0.98,0.944,0.98,0.944,0.98,0.944,0.98,0.944,0.98,0.944,0.98,0.944,0.98,0.944,0.979,0.944,0.98,0.944,0.98,0.944,0.98,0.944,0.98,0.944,0.98,0.944,0.98,0.944,0.98,0.944,0.98,0.944,0.98,0.944,0.979,0.944,0.98,0.944,0.98,0.944,0.98,0.944,0.98,0.944,0.98,0.944,0.98,0.944,0.98,0.944,0.98,0.944,0.98,0.944,0.979,0.944,0.98,0.944,0.98,0.944,0.98,0.944,0.98,0.944,0.98,0.944,0.98,0.944,0.98,0.944,0.98,0.944,0.98,0.944,0.979,0.944,0.98,0.944,0.98,0.944,0.98,0.944,0.98,0.944,0.98,0.809,
1.0,0.741,0.977,0.735,0.992,0.738,0.987,0.738,0.983,0.741,0.983,0.738,0.988,0.738,0.983,0.738,0.983,0.738,0.983,0.738,0.983,0.738,0.983,0.742,0.983,0.738,0.983,0.737,0.983,0.738,0.985,0.739,0.983,0.738,0.985,0.738,0.988,0.741,0.988,0.738,0.985,0.739,0.988,0.742,0.986,0.739,0.983,0.738,0.994,0.737,0.984,0.739,0.983,0.737,0.983,0.737,0.983,0.738,0.987,0.738,0.983,0.738,0.983,0.738,0.983,0.738,0.983,0.737,0.985,0.738,0.988,0.738,0.987,0.739,0.983,0.738,0.983,0.738,0.983,0.738,0.983,0.738,0.987,0.738,0.983,0.738,0.987,0.738,0.983,0.738,0.983,0.738,0.987,0.738,0.987,0.738,0.983,0.738,0.983,0.726,
0.722,0.64,0.767,0.682,0.771,0.704,0.793,0.707,0.773,0.707,0.966,0.684,0.776,0.733,0.765,0.75,0.853,0.69,0.762,0.742,0.7,0.779,0.76,0.854,0.686,0.859,0.687,0.766,0.754,0.9,0.685,0.874,0.687,0.773,0.727,0.979,0.684,0.973,0.683,0.772,0.727,0.9,0.685,0.968,0.683,0.755,0.729,0.99,0.683,0.834,0.689,0.762,0.744,0.981,0.683,0.901,0.684,0.749,0.753,0.891,0.685,0.888,0.684,0.766,0.735,0.854,0.688,0.874,0.684,0.766,0.996,0.822,0.703,0.978,0.681,0.768,0.739,1.0,0.683,0.88,0.685,0.755,0.727,0.9,0.685,0.886,0.684,0.747,0.767,0.978,0.685,0.853,0.696,0.763,0.753,0.983,0.684,0.862,0.691,0.714,
0.768,0.91,0.948,0.936,0.902,0.873,0.865,0.968,0.884,0.915,0.897,0.942,0.895,0.97,0.872,0.948,0.881,0.97,0.879,0.928,0.874,0.98,0.982,0.918,0.9,0.944,0.946,0.937,0.931,1.0,0.975,1.0,0.993,0.987,0.99,0.987,0.99,0.987,0.99,0.985,0.99,0.987,0.99,0.987,0.99,0.987,0.99,0.987,0.99,0.985,0.99,0.987,0.99,0.987,0.99,0.987,0.99,0.985,0.99,0.987,0.99,0.987,0.99,0.987,0.99,0.987,0.99,0.985,0.99,0.987,0.99,0.987,0.99,0.987,0.99,0.985,0.99,0.987,0.99,0.987,0.99,0.987,0.99,0.987,0.99,0.985,0.99,0.987,0.99,0.987,0.99,0.987,0.99,0.985,0.99,0.987,0.99,0.987,0.99,0.848,
0.878,0.878,0.878,0.878,0.872,0.865,0.854,0.989,0.96,0.998,0.961,1.0,0.961,1.0,0.961,1.0,0.961,1.0,0.961,1.0,0.961,1.0,0.961,1.0,0.961,1.0,0.961,1.0,0.961,1.0,0.961,1.0,0.961,1.0,0.961,1.0,0.961,1.0,0.961,1.0,0.961,1.0,0.961,1.0,0.961,1.0,0.961,1.0,0.961,1.0,0.961,1.0,0.961,1.0,0.961,1.0,0.961,1.0,0.961,1.0,0.961,1.0,0.961,1.0,0.961,1.0,0.961,1.0,0.961,1.0,0.961,1.0,0.961,1.0,0.961,1.0,0.961,1.0,0.961,1.0,0.961,1.0,0.961,1.0,0.961,1.0,0.961,1.0,0.961,1.0,0.961,1.0,0.961,1.0,0.961,1.0,0.961,1.0,0.961,0.885,
0.856,0.928,0.95,1.0,0.95,0.943,0.949,0.928,0.928,0.943,0.949,0.928,0.928,0.943,0.949,0.928,0.928,0.943,0.949,0.928,0.928,0.943,0.949,0.928,0.928,0.943,0.949,0.928,0.928,0.943,0.949,0.928,0.928,0.943,0.949,0.928,0.928,0.943,0.949,0.928,0.928,0.943,0.949,0.928,0.928,0.943,0.949,0.928,0.928,0.943,0.949,0.928,0.928,0.943,0.949,0.928,0.928,0.943,0.949,0.928,0.928,0.943,0.949,0.928,0.928,0.943,0.949,0.928,0.928,0.943,0.949,0.928,0.928,0.943,0.949,0.928,0.928,0.943,0.949,0.928,0.928,0.943,0.949,0.928,0.928,0.943,0.949,0.928,0.928,0.943,0.949,0.928,0.928,0.943,0.949,0.928,0.928,0.943,0.949,0.92,
0.903,0.932,0.963,0.963,0.963,0.944,1.0,0.994,0.97,0.963,0.943,0.963,0.97,0.963,0.963,0.963,0.944,1.0,0.994,0.97,0.963,0.943,0.963,0.97,0.963,0.963,0.963,0.944,1.0,0.994,0.97,0.963,0.943,0.963,0.97,0.963,0.963,0.963,0.944,1.0,0.994,0.97,0.963,0.943,0.963,0.97,0.963,0.963,0.963,0.944,1.0,0.994,0.97,0.963,0.943,0.963,0.97,0.963,0.963,0.963,0.944,1.0,0.994,0.97,0.963,0.943,0.963,0.97,0.963,0.963,0.963,0.944,1.0,0.994,0.97,0.963,0.943,0.963,0.97,0.963,0.963,0.963,0.944,1.0,0.994,0.97,0.963,0.943,0.963,0.97,0.963,0.963,0.963,0.944,1.0,0.994,0.97,0.963,0.943,0.942,
0.857,0.9,0.932,0.952,0.947,0.828,0.973,0.984,0.902,0.952,0.932,0.86,0.952,0.982,0.9,0.952,0.932,0.848,0.944,0.952,0.929,0.952,0.932,0.99,0.935,0.973,0.954,0.953,0.982,0.829,0.929,0.981,0.952,0.952,0.957,0.827,0.928,0.995,0.935,0.952,0.955,0.848,0.933,0.981,0.952,0.952,0.957,0.827,0.926,0.993,0.936,0.952,0.948,0.969,0.947,0.952,0.948,0.952,0.951,0.829,0.973,0.982,0.953,0.952,0.957,0.827,0.928,0.994,0.935,0.952,0.955,0.848,0.933,0.982,0.936,0.965,0.99,0.825,1.0,0.952,0.946,0.952,0.948,0.829,0.973,0.984,0.902,0.952,0.932,0.86,0.952,0.982,0.9,0.952,0.932,0.848,0.973,0.953,0.902,0.808,
0.789,1.0,0.782,0.789,0.789,0.789,1.0,0.789,0.789,0.789,0.789,0.789,0.789,0.975,0.789,0.793,0.789,0.789,0.791,0.789,0.789,1.0,0.789,0.789,0.789,0.789,1.0,0.789,0.789,0.789,0.789,1.0,0.789,0.789,0.789,0.789,1.0,0.789,0.789,0.789,0.789,1.0,0.789,0.789,0.789,0.789,1.0,0.789,0.789,0.789,0.789,1.0,0.789,0.789,0.789,0.789,1.0,0.789,0.789,0.789,0.789,1.0,0.789,0.789,0.789,0.789,1.0,0.789,0.789,0.789,0.789,1.0,0.789,0.789,0.789,0.789,1.0,0.789,0.789,0.789,0.789,1.0,0.789,0.789,0.789,0.789,1.0,0.789,0.789,0.789,0.789,1.0,0.789,0.789,0.789,0.789,1.0,0.789,0.789,0.789,
1.0,1.0,1.0,1.0,1.0,1.0,1.0,1.0,1.0,1.0,1.0,1.0,1.0,1.0,1.0,1.0,1.0,1.0,1.0,1.0,1.0,1.0,1.0,1.0,1.0,1.0,1.0,1.0,1.0,1.0,1.0,1.0,1.0,1.0,1.0,1.0,1.0,1.0,1.0,1.0,1.0,1.0,1.0,1.0,1.0,1.0,1.0,1.0,1.0,1.0,1.0,1.0,1.0,1.0,1.0,1.0,1.0,1.0,1.0,1.0,1.0,1.0,1.0,1.0,1.0,1.0,1.0,1.0,1.0,1.0,1.0,1.0,1.0,1.0,1.0,1.0,1.0,1.0,1.0,1.0,1.0,1.0,1.0,1.0,1.0,1.0,1.0,1.0,1.0,1.0,1.0,1.0,1.0,1.0,1.0,1.0,1.0,1.0,1.0,1.0,
0.92,0.957,1.0,0.935,0.936,0.926,0.937,0.926,0.937,0.926,0.935,0.926,0.937,0.926,0.935,0.926,0.937,0.926,0.935,0.926,0.937,0.926,0.935,0.926,0.937,0.926,0.935,0.926,0.937,0.926,0.935,0.926,0.937,0.926,0.935,0.926,0.937,0.926,0.935,0.926,0.937,0.926,0.935,0.926,0.937,0.926,0.935,0.926,0.937,0.926,0.935,0.926,0.937,0.926,0.935,0.926,0.937,0.926,0.935,0.926,0.937,0.926,0.935,0.926,0.937,0.926,0.935,0.926,0.937,0.926,0.935,0.926,0.937,0.926,0.935,0.926,0.937,0.926,0.935,0.926,0.937,0.926,0.935,0.926,0.937,0.926,0.935,0.926,0.937,0.926,0.935,0.926,0.937,0.926,0.935,0.926,0.937,0.926,0.935,0.872,
0.837,0.875,0.837,0.943,0.904,0.837,0.943,0.918,0.943,0.896,0.837,0.943,0.922,0.875,0.904,0.837,0.875,0.837,0.943,0.904,0.837,0.943,0.918,0.943,0.897,0.837,0.943,0.922,0.875,0.904,0.837,0.943,0.904,0.837,0.943,0.918,0.943,0.903,0.837,0.943,0.943,1.0,0.837,0.837,0.837,0.875,0.837,0.875,0.837,0.943,0.943,1.0,0.837,0.837,0.837,0.943,0.943,1.0,0.889,0.837,0.837,0.943,0.918,0.943,0.896,0.837,0.943,0.922,0.875,0.904,0.837,0.875,0.837,0.943,0.904,0.837,0.943,0.918,0.943,0.897,0.837,0.943,0.922,0.875,0.904,0.837,0.943,0.904,0.837,0.943,0.943,0.943,0.903,0.837,0.943,0.918,0.943,0.903,0.837,0.908,
0.765,0.95,0.959,0.996,0.955,0.995,0.955,0.959,0.955,0.959,0.955,0.959,0.959,0.959,0.988,0.959,0.955,0.959,0.764,0.938,1.0,0.76,0.95,0.982,0.955,0.959,0.959,0.764,0.938,1.0,0.76,0.95,0.982,0.955,0.959,0.959,0.764,0.938,1.0,0.76,0.95,0.982,0.955,0.959,0.959,0.764,0.938,1.0,0.76,0.95,0.982,0.955,0.959,0.959,0.764,0.938,1.0,0.76,0.95,0.982,0.955,0.959,0.959,0.764,0.938,1.0,0.76,0.95,0.982,0.955,0.959,0.959,0.764,0.938,1.0,0.76,0.95,0.982,0.955,0.959,0.959,0.764,0.938,1.0,0.76,0.95,0.982,0.955,0.959,0.959,0.764,0.938,1.0,0.76,0.95,0.982,0.955,0.959,0.959,0.764,
1.0,1.0,1.0,1.0,1.0,1.0,1.0,1.0,1.0,1.0,1.0,1.0,1.0,1.0,1.0,1.0,1.0,1.0,1.0,1.0,1.0,1.0,1.0,1.0,1.0,1.0,1.0,1.0,1.0,1.0,1.0,1.0,1.0,1.0,1.0,1.0,1.0,1.0,1.0,1.0,1.0,1.0,1.0,1.0,1.0,1.0,1.0,1.0,1.0,1.0,1.0,1.0,1.0,1.0,1.0,1.0,1.0,1.0,1.0,1.0,1.0,1.0,1.0,1.0,1.0,1.0,1.0,1.0,1.0,1.0,1.0,1.0,1.0,1.0,1.0,1.0,1.0,1.0,1.0,1.0,1.0,1.0,1.0,1.0,1.0,1.0,1.0,1.0,1.0,1.0,1.0,1.0,1.0,1.0,1.0,1.0,1.0,1.0,1.0,0.985,
1.0,0.73,0.918,0.76,0.908,0.771,0.908,0.768,0.874,0.77,0.908,0.768,0.908,0.768,0.908,0.768,0.908,0.768,0.907,0.748,0.908,0.729,0.917,0.765,0.852,0.747,0.852,0.747,0.852,0.774,0.852,0.774,0.852,0.773,0.852,0.774,0.852,0.774,0.852,0.774,0.909,0.766,0.908,0.768,0.908,0.768,0.908,0.768,0.908,0.768,0.908,0.749,0.895,0.77,0.908,0.768,0.908,0.749,0.895,0.77,0.908,0.768,0.908,0.749,0.895,0.77,0.908,0.768,0.908,0.749,0.895,0.77,0.908,0.768,0.908,0.749,0.895,0.77,0.908,0.768,0.908,0.749,0.895,0.77,0.908,0.768,0.908,0.749,0.895,0.77,0.908,0.768,0.908,0.749,0.895,0.77,0.908,0.768,0.908,0.748,
1.0,0.924,1.0,0.917,1.0,0.917,1.0,0.917,1.0,0.917,1.0,0.917,1.0,0.917,1.0,0.917,1.0,0.917,1.0,0.917,1.0,0.917,1.0,0.917,1.0,0.917,1.0,0.917,1.0,0.917,1.0,0.917,1.0,0.917,1.0,0.917,1.0,0.917,1.0,0.917,1.0,0.917,1.0,0.917,1.0,0.917,1.0,0.917,1.0,0.917,1.0,0.917,1.0,0.917,1.0,0.917,1.0,0.917,1.0,0.917,1.0,0.917,1.0,0.917,1.0,0.917,1.0,0.917,1.0,0.917,1.0,0.917,1.0,0.917,1.0,0.917,1.0,0.917,1.0,0.917,1.0,0.917,1.0,0.917,1.0,0.917,1.0,0.917,1.0,0.917,1.0,0.917,1.0,0.917,1.0,0.917,1.0,0.917,1.0,0.911,
0.98,1.0,1.0,1.0,0.999,0.998,0.997,0.995,0.994,0.987,0.998,0.997,0.996,0.994,0.987,0.998,0.997,0.996,0.994,0.987,0.998,0.997,0.996,0.994,0.987,0.998,0.997,0.996,0.994,0.987,0.998,0.997,0.996,0.994,0.987,0.998,0.997,0.996,0.994,0.987,0.998,0.997,0.996,0.994,0.987,0.998,0.997,0.996,0.994,0.987,0.998,0.997,0.996,0.994,0.987,0.998,0.997,0.996,0.994,0.987,0.998,0.997,0.996,0.994,0.987,0.998,0.997,0.996,0.994,0.987,0.998,0.997,0.996,0.994,0.987,0.998,0.997,0.996,0.994,0.987,0.998,0.997,0.996,0.994,0.987,0.998,0.997,0.996,0.994,0.987,0.998,0.997,0.996,0.994,0.987,0.998,0.997,0.996,0.994,0.98,
0.843,0.876,0.996,0.976,0.844,0.978,0.84,0.988,0.838,0.988,0.838,0.988,0.838,0.988,0.838,0.988,0.838,0.988,0.838,0.988,0.838,0.988,0.838,0.988,0.838,0.968,0.838,0.988,0.838,0.983,0.844,0.978,0.838,0.988,0.838,0.988,0.838,0.988,0.838,0.988,0.838,0.988,0.838,0.988,0.838,0.976,0.838,0.983,0.839,0.986,0.838,0.993,0.839,0.985,0.845,0.992,0.852,0.994,0.838,0.996,0.845,0.983,0.843,1.0,0.854,0.985,0.845,0.992,0.894,0.997,0.842,0.986,0.842,0.976,0.846,0.995,0.849,0.989,0.844,0.994,0.849,0.989,0.844,0.994,0.849,0.989,0.844,0.994,0.849,0.989,0.844,0.994,0.849,0.989,0.844,0.994,0.849,0.989,0.844,0.883,
1.0,0.966,0.991,0.983,0.984,0.987,0.978,0.988,0.973,0.986,0.973,0.991,0.973,0.986,0.973,0.991,0.973,0.986,0.973,0.991,0.973,0.986,0.973,0.991,0.973,0.986,0.973,0.991,0.973,0.986,0.973,0.991,0.973,0.986,0.973,0.991,0.973,0.986,0.973,0.991,0.973,0.986,0.973,0.991,0.973,0.986,0.973,0.991,0.973,0.986,0.973,0.991,0.973,0.986,0.973,0.991,0.973,0.986,0.973,0.991,0.973,0.986,0.973,0.991,0.973,0.986,0.973,0.991,0.973,0.986,0.973,0.991,0.973,0.986,0.973,0.991,0.973,0.986,0.973,0.991,0.973,0.986,0.973,0.991,0.973,0.986,0.973,0.991,0.973,0.986,0.973,0.991,0.973,0.986,0.973,0.991,0.973,0.986,0.973,0.878,
1.0,1.0,0.956,0.947,0.964,0.947,0.964,0.947,0.964,0.947,0.964,0.947,0.964,0.947,0.964,0.947,0.964,0.947,0.964,0.947,0.964,0.947,0.964,0.947,0.964,0.947,0.964,0.947,0.964,0.947,0.964,0.947,0.964,0.947,0.964,0.947,0.964,0.947,0.964,0.947,0.964,0.947,0.964,0.947,0.964,0.947,0.964,0.947,0.964,0.947,0.964,0.947,0.964,0.947,0.964,0.947,0.964,0.947,0.964,0.947,0.964,0.947,0.964,0.947,0.964,0.947,0.964,0.947,0.964,0.947,0.964,0.947,0.964,0.947,0.964,0.947,0.964,0.947,0.964,0.947,0.964,0.947,0.964,0.947,0.964,0.947,0.964,0.947,0.964,0.947,0.964,0.947,0.964,0.947,0.964,0.947,0.964,0.947,0.964,0.947,
0.874,0.985,0.95,1.0,0.95,0.985,0.957,0.985,0.955,0.963,0.953,0.965,0.953,0.965,0.953,0.965,0.953,0.965,0.953,0.965,0.953,0.965,0.953,0.965,0.953,0.965,0.953,0.965,0.953,0.965,0.953,0.965,0.953,0.965,0.953,0.965,0.953,0.965,0.953,0.965,0.953,0.965,0.953,0.965,0.953,0.965,0.953,0.965,0.953,0.965,0.953,0.965,0.953,0.965,0.953,0.965,0.953,0.965,0.953,0.965,0.953,0.965,0.953,0.965,0.953,0.965,0.953,0.965,0.953,0.965,0.953,0.965,0.953,0.965,0.953,0.965,0.953,0.965,0.953,0.965,0.953,0.965,0.953,0.965,0.953,0.965,0.953,0.965,0.953,0.965,0.953,0.965,0.953,0.965,0.953,0.965,0.953,0.965,0.953,0.909,
0.995,0.73,0.983,0.821,0.884,0.795,0.776,0.809,0.808,0.806,0.938,0.753,0.915,0.762,0.917,0.898,0.764,0.869,0.827,0.88,0.903,0.836,0.957,0.827,0.995,0.901,0.842,0.877,0.809,0.926,0.9,0.834,0.912,0.829,0.995,0.901,0.842,0.877,0.809,0.926,0.9,0.834,0.912,0.829,0.995,0.901,0.842,0.877,0.809,0.876,0.904,0.787,0.954,0.802,0.846,0.91,0.834,0.913,0.829,0.995,0.885,0.844,0.874,0.842,0.772,0.954,0.747,0.915,0.835,0.815,0.954,0.821,0.885,0.836,0.814,0.954,0.751,0.915,0.799,0.816,0.914,0.795,0.876,0.834,0.812,0.91,0.826,1.0,0.79,0.951,0.901,0.865,0.91,0.834,0.988,0.901,0.863,0.907,0.769,0.772,
0.753,0.964,0.684,0.876,0.683,0.867,0.66,0.82,0.767,0.85,0.766,0.848,0.767,0.848,0.767,0.855,0.78,0.863,0.806,0.855,0.861,0.789,0.822,0.773,1.0,0.771,0.855,0.808,0.866,0.818,0.867,0.774,0.854,0.808,0.866,0.818,0.836,0.791,0.848,0.76,0.863,0.777,0.848,0.79,0.848,0.772,0.848,0.781,0.859,0.792,0.866,0.79,0.864,0.818,0.803,0.864,0.818,0.858,0.811,0.856,0.811,0.85,0.812,0.777,0.848,0.78,0.813,0.774,0.963,0.778,0.857,0.806,0.867,0.815,0.871,0.772,0.859,0.806,0.867,0.815,0.868,0.772,0.857,0.806,0.867,0.815,0.868,0.772,0.859,0.806,0.867,0.815,0.871,0.772,0.859,0.806,0.867,0.815,0.871,0.758,
0.961,0.76,1.0,0.808,0.945,0.837,0.932,0.837,0.935,0.833,0.91,0.838,0.875,0.868,0.872,0.868,0.872,0.865,0.849,0.855,0.866,0.876,0.871,0.865,0.849,0.855,0.866,0.876,0.871,0.865,0.849,0.855,0.866,0.876,0.871,0.865,0.849,0.855,0.866,0.876,0.871,0.865,0.849,0.855,0.866,0.876,0.871,0.865,0.849,0.855,0.866,0.876,0.871,0.865,0.849,0.855,0.866,0.876,0.871,0.865,0.849,0.855,0.866,0.876,0.871,0.865,0.849,0.855,0.866,0.876,0.871,0.865,0.849,0.855,0.866,0.876,0.871,0.865,0.849,0.855,0.866,0.876,0.871,0.865,0.849,0.855,0.866,0.876,0.871,0.865,0.849,0.855,0.866,0.876,0.871,0.865,0.849,0.855,0.866,0.749,
0.998,0.988,0.996,0.984,1.0,0.984,1.0,0.984,1.0,0.984,1.0,0.984,1.0,0.984,1.0,0.984,1.0,0.984,1.0,0.984,1.0,0.984,1.0,0.984,1.0,0.984,1.0,0.984,1.0,0.984,1.0,0.984,1.0,0.984,1.0,0.984,1.0,0.984,1.0,0.984,1.0,0.984,1.0,0.984,1.0,0.984,1.0,0.984,1.0,0.984,1.0,0.984,1.0,0.984,1.0,0.984,1.0,0.984,1.0,0.984,1.0,0.984,1.0,0.984,1.0,0.984,1.0,0.984,1.0,0.984,1.0,0.984,1.0,0.984,1.0,0.984,1.0,0.984,1.0,0.984,1.0,0.984,1.0,0.984,1.0,0.984,1.0,0.984,1.0,0.984,1.0,0.984,1.0,0.984,1.0,0.984,1.0,0.984,1.0,0.984,
1.0,0.998,0.998,0.998,0.998,0.998,0.998,0.998,0.998,0.998,0.998,0.998,0.998,0.998,0.998,0.998,0.998,0.998,0.998,0.998,0.998,0.998,0.998,0.998,0.998,0.998,0.998,0.998,0.998,0.998,0.998,0.998,0.998,0.998,0.998,0.998,0.998,0.998,0.998,0.998,0.998,0.998,0.998,0.998,0.998,0.998,0.998,0.998,0.998,0.998,0.998,0.998,0.998,0.998,0.998,0.998,0.998,0.998,0.998,0.998,0.998,0.998,0.998,0.998,0.998,0.998,0.998,0.998,0.998,0.998,0.998,0.998,0.998,0.998,0.998,0.998,0.998,0.998,0.998,0.998,0.998,0.998,0.998,0.998,0.998,0.998,0.998,0.998,0.998,0.998,0.998,0.998,0.998,0.998,0.998,0.998,0.998,0.998,0.998,0.995,
0.864,0.915,0.96,0.879,0.978,0.946,0.936,0.91,0.918,0.885,0.972,0.889,0.988,0.917,0.986,0.943,0.91,0.901,0.974,0.957,0.987,0.857,0.997,0.922,0.979,0.95,0.927,0.958,0.912,0.988,0.903,0.973,0.905,0.949,0.91,1.0,0.94,0.91,0.973,0.915,0.913,0.979,0.931,0.91,0.917,0.92,0.965,0.901,0.977,0.91,0.998,0.91,0.923,0.929,0.901,0.969,0.88,0.967,0.91,0.968,0.905,0.995,0.904,0.995,0.91,0.999,0.906,0.998,0.906,0.998,0.91,0.999,0.906,0.998,0.906,0.998,0.91,0.999,0.906,0.998,0.906,0.998,0.91,0.999,0.906,0.998,0.906,0.998,0.91,0.999,0.906,0.998,0.906,0.998,0.91,0.999,0.906,0.998,0.906,0.771,
1.0,0.723,0.933,0.691,0.927,0.685,0.927,0.69,0.927,0.691,0.898,0.73,0.896,0.729,0.896,0.729,0.896,0.729,0.896,0.729,0.896,0.729,0.896,0.729,0.896,0.731,0.896,0.731,0.896,0.731,0.896,0.731,0.896,0.731,0.896,0.731,0.896,0.731,0.896,0.731,0.896,0.731,0.896,0.731,0.896,0.731,0.896,0.731,0.896,0.731,0.896,0.731,0.896,0.731,0.896,0.731,0.896,0.731,0.896,0.731,0.896,0.731,0.896,0.731,0.896,0.731,0.896,0.731,0.896,0.731,0.896,0.731,0.896,0.731,0.896,0.731,0.896,0.731,0.896,0.731,0.896,0.731,0.896,0.731,0.896,0.731,0.896,0.731,0.896,0.731,0.896,0.731,0.896,0.731,0.896,0.731,0.896,0.731,0.896,0.729,
1.0,0.796,0.859,0.974,0.779,0.948,0.792,0.962,0.787,0.952,0.792,0.95,0.792,0.972,0.793,0.962,0.787,0.95,0.791,0.961,0.793,0.95,0.787,0.961,0.787,0.956,0.786,0.954,0.787,0.952,0.786,0.95,0.785,0.954,0.787,0.95,0.787,0.971,0.788,0.976,0.787,0.963,0.792,0.96,0.792,0.95,0.792,0.971,0.794,0.953,0.775,0.971,0.789,0.963,0.787,0.959,0.792,0.967,0.787,0.963,0.787,0.959,0.792,0.967,0.787,0.963,0.787,0.959,0.792,0.967,0.787,0.963,0.787,0.959,0.792,0.967,0.787,0.963,0.787,0.959,0.792,0.967,0.787,0.963,0.787,0.959,0.792,0.967,0.787,0.963,0.787,0.959,0.792,0.967,0.787,0.963,0.787,0.959,0.792,0.92,
0.997,0.991,0.982,0.989,0.988,0.997,0.984,0.997,0.967,0.973,0.997,0.997,0.966,0.997,0.964,0.985,1.0,0.987,0.984,0.986,0.975,0.973,0.997,0.972,0.954,0.997,0.966,0.985,1.0,0.987,0.984,0.986,0.975,0.973,0.997,0.972,0.954,0.997,0.966,0.985,1.0,0.987,0.984,0.986,0.975,0.973,0.997,0.972,0.954,0.997,0.966,0.985,1.0,0.987,0.984,0.986,0.975,0.973,0.997,0.972,0.954,0.997,0.966,0.985,1.0,0.987,0.984,0.986,0.975,0.973,0.997,0.972,0.954,0.997,0.966,0.985,1.0,0.987,0.984,0.986,0.975,0.973,0.997,0.972,0.954,0.997,0.966,0.985,1.0,0.987,0.984,0.986,0.975,0.973,0.997,0.972,0.954,0.997,0.966,0.929,
0.888,0.888,0.888,0.888,0.909,0.946,0.909,0.946,0.923,0.944,0.987,0.97,0.909,0.95,0.923,0.944,0.923,0.944,0.983,0.95,0.906,0.909,0.913,0.944,0.923,0.944,0.923,0.944,0.955,1.0,0.923,0.942,0.9,0.909,0.913,0.944,0.923,0.944,0.923,0.944,0.955,1.0,0.923,0.942,0.9,0.909,0.913,0.944,0.923,0.944,0.923,0.944,0.955,1.0,0.923,0.942,0.9,0.909,0.913,0.944,0.923,0.944,0.923,0.944,0.955,1.0,0.923,0.942,0.9,0.909,0.913,0.944,0.923,0.944,0.923,0.944,0.955,1.0,0.923,0.942,0.9,0.909,0.913,0.944,0.923,0.944,0.923,0.944,0.955,1.0,0.923,0.942,0.9,0.909,0.913,0.944,0.923,0.944,0.923,0.896,
0.876,0.98,0.943,0.977,0.938,0.969,0.971,0.967,0.938,0.967,1.0,0.965,0.938,0.969,0.971,0.967,0.938,0.969,0.971,0.967,0.938,0.969,0.971,0.967,0.938,0.969,0.971,0.967,0.938,0.969,0.971,0.967,0.938,0.969,0.971,0.967,0.938,0.969,0.971,0.967,0.938,0.967,1.0,0.965,0.938,0.969,0.971,0.967,0.938,0.969,0.971,0.967,0.938,0.969,0.971,0.967,0.938,0.969,0.971,0.967,0.938,0.969,0.971,0.967,0.938,0.969,0.971,0.967,0.938,0.969,0.971,0.967,0.938,0.969,0.971,0.967,0.938,0.969,0.971,0.967,0.938,0.969,0.971,0.967,0.938,0.969,0.971,0.967,0.938,0.969,0.971,0.967,0.938,0.969,0.971,0.967,0.938,0.969,0.971,0.828,
0.723,0.823,0.892,0.886,0.888,0.944,0.955,1.0,0.765,0.882,0.87,0.867,0.888,0.947,0.964,0.985,0.782,0.876,0.853,0.883,0.888,0.957,0.94,0.997,0.768,0.857,0.889,0.876,0.888,0.944,0.955,0.975,0.773,0.868,0.876,0.89,0.902,0.982,0.916,0.966,0.739,0.888,0.856,0.885,0.888,0.944,0.918,0.972,0.763,0.87,0.874,0.892,0.888,0.944,0.957,0.96,0.756,0.866,0.874,0.872,0.888,0.954,0.943,0.983,0.794,0.855,0.88,0.862,0.888,0.944,0.962,0.985,0.866,0.867,0.871,0.878,0.888,0.952,0.934,0.944,0.783,0.857,0.871,0.878,0.888,0.944,0.947,0.935,0.866,0.872,0.87,0.883,0.888,0.969,0.942,0.937,0.786,0.86,0.883,0.828,
0.983,1.0,0.969,0.995,0.982,0.995,0.973,0.986,0.986,0.995,0.973,0.986,0.986,0.995,0.973,0.986,0.986,0.995,0.973,0.986,0.986,0.995,0.973,0.986,0.986,0.995,0.973,0.986,0.986,0.995,0.973,0.986,0.986,0.995,0.973,0.986,0.986,0.995,0.973,0.986,0.986,0.995,0.973,0.986,0.986,0.995,0.973,0.986,0.986,0.995,0.973,0.986,0.986,0.995,0.973,0.986,0.986,0.995,0.973,0.986,0.986,0.995,0.973,0.986,0.986,0.995,0.973,0.986,0.986,0.995,0.973,0.986,0.986,0.995,0.973,0.986,0.986,0.995,0.973,0.986,0.986,0.995,0.973,0.986,0.986,0.995,0.973,0.986,0.986,0.995,0.973,0.986,0.986,0.995,0.973,0.986,0.986,0.995,0.973,0.921,
0.944,1.0,0.994,1.0,0.994,0.994,1.0,1.0,1.0,1.0,1.0,1.0,1.0,1.0,1.0,1.0,1.0,1.0,1.0,1.0,1.0,1.0,1.0,1.0,1.0,1.0,1.0,1.0,1.0,1.0,1.0,1.0,1.0,1.0,1.0,1.0,1.0,1.0,1.0,1.0,1.0,1.0,1.0,1.0,1.0,1.0,1.0,1.0,1.0,1.0,1.0,1.0,1.0,1.0,1.0,1.0,1.0,1.0,1.0,1.0,1.0,1.0,1.0,1.0,1.0,1.0,1.0,1.0,1.0,1.0,1.0,1.0,1.0,1.0,1.0,1.0,1.0,1.0,1.0,1.0,1.0,1.0,1.0,1.0,1.0,1.0,1.0,1.0,1.0,1.0,1.0,1.0,1.0,1.0,1.0,1.0,1.0,1.0,1.0,0.997,
0.878,0.944,0.9,1.0,0.866,0.998,0.872,0.998,0.866,0.968,0.872,1.0,0.866,0.968,0.872,1.0,0.866,0.968,0.872,1.0,0.866,0.968,0.872,1.0,0.866,0.968,0.872,1.0,0.866,0.968,0.872,1.0,0.866,0.968,0.872,1.0,0.866,0.968,0.872,1.0,0.866,0.968,0.872,1.0,0.866,0.968,0.872,1.0,0.866,0.968,0.872,1.0,0.866,0.968,0.872,1.0,0.866,0.968,0.872,1.0,0.866,0.968,0.872,1.0,0.866,0.968,0.872,1.0,0.866,0.968,0.872,1.0,0.866,0.968,0.872,1.0,0.866,0.968,0.872,1.0,0.866,0.968,0.872,1.0,0.866,0.968,0.872,1.0,0.866,0.968,0.872,1.0,0.866,0.968,0.872,1.0,0.866,0.968,0.872,0.932,
0.861,0.963,0.98,0.988,0.979,0.972,0.983,0.99,0.987,0.979,0.987,0.979,0.987,0.979,0.987,0.979,0.987,0.979,0.987,0.974,0.987,0.979,0.987,0.979,0.987,0.979,0.987,0.979,0.987,0.979,0.987,0.979,0.987,0.979,0.98,0.992,0.987,0.979,0.987,0.979,0.987,0.979,0.987,0.979,0.987,0.979,0.987,0.979,0.987,0.979,0.987,0.979,0.974,0.968,0.982,0.961,1.0,0.969,0.988,0.971,0.982,0.961,1.0,0.969,0.988,0.971,0.982,0.961,1.0,0.969,0.988,0.971,0.982,0.961,1.0,0.969,0.988,0.971,0.982,0.961,1.0,0.965,0.988,0.971,0.982,0.961,1.0,0.969,0.988,0.971,0.982,0.961,1.0,0.969,0.988,0.971,0.982,0.961,1.0,0.871,
0.952,0.922,0.957,0.998,0.957,0.998,0.957,0.998,0.957,0.998,0.957,0.998,0.957,0.998,0.957,0.998,0.957,0.998,0.957,0.998,0.957,0.998,0.957,0.998,0.957,0.998,0.957,0.998,0.957,0.998,0.957,0.998,0.957,0.998,0.957,0.998,0.957,0.998,0.957,0.998,0.957,0.998,0.957,0.998,0.957,0.998,0.957,0.998,0.957,0.998,0.957,0.998,0.957,0.998,0.957,0.998,0.957,0.998,0.957,0.998,0.957,0.998,0.957,0.998,0.957,0.998,0.957,0.998,0.957,0.998,0.957,0.998,0.957,0.998,0.957,0.998,0.957,0.998,0.957,0.998,0.957,0.998,0.957,0.998,0.957,0.998,0.957,0.998,0.957,0.998,0.957,0.998,0.957,0.998,0.957,0.998,0.957,0.998,0.957,0.971,
0.972,0.87,0.865,0.934,0.88,0.886,0.832,1.0,0.87,0.846,0.982,0.864,0.84,0.917,0.888,0.849,0.909,0.881,0.826,0.931,0.881,0.837,0.982,0.863,0.839,0.965,0.872,0.841,0.931,0.872,0.864,0.873,0.917,0.815,0.976,0.863,0.84,0.917,0.889,0.847,0.969,0.858,0.84,0.931,0.868,0.842,0.877,0.865,0.846,0.868,0.892,0.836,0.986,0.886,0.819,0.925,0.873,0.839,0.917,0.863,0.837,0.969,0.876,0.842,0.917,0.883,0.849,0.909,0.881,0.839,0.917,0.889,0.847,0.969,0.858,0.84,0.908,0.88,0.857,0.939,0.89,0.838,0.865,0.886,0.841,0.931,0.88,0.826,0.97,0.87,0.838,0.936,0.879,0.845,0.938,0.853,0.847,0.978,0.867,0.773,
1.0,0.885,1.0,0.885,1.0,0.885,1.0,0.885,1.0,0.885,1.0,0.885,1.0,0.885,1.0,0.885,1.0,0.885,1.0,0.885,1.0,0.885,1.0,0.885,1.0,0.885,1.0,0.885,1.0,0.885,1.0,0.885,1.0,0.885,1.0,0.885,1.0,0.885,1.0,0.885,1.0,0.885,1.0,0.885,1.0,0.885,1.0,0.885,1.0,0.885,1.0,0.885,1.0,0.885,1.0,0.885,1.0,0.885,1.0,0.885,1.0,0.885,1.0,0.885,1.0,0.885,1.0,0.885,1.0,0.885,1.0,0.885,1.0,0.885,1.0,0.885,1.0,0.885,1.0,0.885,1.0,0.885,1.0,0.885,1.0,0.885,1.0,0.885,1.0,0.885,1.0,0.885,1.0,0.885,1.0,0.885,1.0,0.885,1.0,0.851,
1.0,1.0,1.0,1.0,1.0,1.0,1.0,1.0,1.0,1.0,1.0,1.0,1.0,1.0,1.0,1.0,1.0,1.0,1.0,1.0,1.0,1.0,1.0,1.0,1.0,1.0,1.0,1.0,1.0,1.0,1.0,1.0,1.0,1.0,1.0,1.0,1.0,1.0,1.0,1.0,1.0,1.0,1.0,1.0,1.0,1.0,1.0,1.0,1.0,1.0,1.0,1.0,1.0,1.0,1.0,1.0,1.0,1.0,1.0,1.0,1.0,1.0,1.0,1.0,1.0,1.0,1.0,1.0,1.0,1.0,1.0,1.0,1.0,1.0,1.0,1.0,1.0,1.0,1.0,1.0,1.0,1.0,1.0,1.0,1.0,1.0,1.0,1.0,1.0,1.0,1.0,1.0,1.0,1.0,1.0,1.0,1.0,1.0,1.0,0.958,
1.0,0.825,0.796,0.82,0.796,0.82,0.796,0.82,0.796,0.82,0.796,0.82,0.796,0.82,0.796,0.82,0.797,0.82,0.796,0.82,0.796,0.82,0.796,0.82,0.796,0.82,0.796,0.82,0.796,0.82,0.796,0.82,0.797,0.82,0.797,0.82,0.796,0.82,0.796,0.82,0.796,0.82,0.796,0.82,0.796,0.82,0.797,0.82,0.797,0.82,0.796,0.82,0.796,0.82,0.796,0.82,0.796,0.82,0.796,0.82,0.797,0.82,0.797,0.82,0.796,0.82,0.796,0.82,0.796,0.82,0.796,0.82,0.796,0.82,0.797,0.82,0.797,0.82,0.796,0.82,0.796,0.82,0.796,0.82,0.796,0.82,0.796,0.82,0.797,0.82,0.797,0.82,0.796,0.82,0.796,0.82,0.796,0.82,0.796,0.82,
1.0,0.909,0.987,0.905,0.973,0.997,0.893,0.997,0.893,0.997,0.893,0.997,0.893,0.997,0.893,0.997,0.893,0.997,0.893,0.997,0.893,0.997,0.893,0.997,0.893,0.997,0.893,0.997,0.893,0.997,0.893,0.997,0.893,0.997,0.893,0.997,0.893,0.997,0.893,0.997,0.893,0.997,0.893,0.997,0.893,0.997,0.893,0.997,0.893,0.997,0.893,0.997,0.893,0.997,0.893,0.997,0.893,0.997,0.893,0.997,0.893,0.997,0.893,0.997,0.893,0.997,0.893,0.997,0.893,0.997,0.893,0.997,0.893,0.997,0.893,0.997,0.893,0.997,0.893,0.997,0.893,0.997,0.893,0.997,0.893,0.997,0.893,0.997,0.893,0.997,0.893,0.997,0.893,0.997,0.893,0.997,0.893,0.997,0.893,0.923,
1.0,0.745,0.961,0.764,0.875,0.844,0.762,0.852,0.796,0.836,0.788,0.851,0.795,0.852,0.8,0.82,0.82,0.8,0.855,0.798,0.856,0.766,0.901,0.793,0.811,0.8,0.779,0.905,0.796,0.908,0.791,0.858,0.803,0.858,0.766,0.859,0.798,0.773,0.84,0.807,0.799,0.81,0.842,0.788,0.856,0.802,0.858,0.797,0.777,0.842,0.806,0.898,0.798,0.906,0.8,0.904,0.793,0.854,0.76,0.766,0.765,0.819,0.846,0.809,0.854,0.798,0.859,0.801,0.81,0.808,0.785,0.77,0.82,0.851,0.811,0.805,0.803,0.85,0.796,0.802,0.764,0.785,0.849,0.8,0.849,0.802,0.859,0.801,0.864,0.814,0.895,0.795,0.854,0.854,0.804,0.861,0.811,0.898,0.786,0.776,
0.878,0.811,0.989,0.785,0.851,0.815,0.905,0.794,0.843,0.811,0.819,0.811,0.946,0.949,0.8,0.82,0.996,0.82,0.843,0.843,0.817,0.811,0.96,0.928,0.975,0.789,0.958,0.777,0.948,0.772,0.947,0.789,0.96,0.956,0.806,0.819,0.958,0.789,0.949,0.789,0.852,0.82,0.948,0.789,0.843,0.835,0.969,0.789,0.968,0.74,0.843,0.778,0.948,0.774,0.843,0.861,0.95,0.791,0.94,0.95,0.794,0.843,0.946,0.791,0.965,0.789,0.976,0.789,0.968,0.788,0.852,0.811,0.951,0.775,0.852,0.82,1.0,0.912,0.952,0.789,0.889,0.795,0.949,0.773,0.845,0.834,0.963,0.797,0.843,0.811,0.959,0.777,0.981,0.787,0.843,0.836,0.96,0.988,0.888,0.761,
0.996,1.0,0.996,0.996,0.996,0.996,0.996,0.996,0.996,0.996,0.996,0.996,0.996,0.996,0.996,0.996,0.996,0.996,0.996,0.996,0.996,0.996,0.996,0.996,0.996,0.996,0.996,0.996,0.996,0.996,0.996,0.996,0.996,0.996,0.996,0.996,0.996,0.996,0.996,0.996,0.996,0.996,0.996,0.996,0.996,0.996,0.996,0.996,0.996,0.996,0.996,0.996,0.996,0.996,0.996,0.996,0.996,0.996,0.996,0.996,0.996,0.996,0.996,0.996,0.996,0.996,0.996,0.996,0.996,0.996,0.996,0.996,0.996,0.996,0.996,0.996,0.996,0.996,0.996,0.996,0.996,0.996,0.996,0.996,0.996,0.996,0.996,0.996,0.996,0.996,0.996,0.996,0.996,0.996,0.996,0.996,0.996,0.996,0.996,0.996,
1.0,0.896,0.952,0.924,0.962,0.962,0.96,0.962,0.948,0.962,0.96,0.962,0.948,0.962,0.96,0.962,0.948,0.962,0.96,0.962,0.948,0.962,0.96,0.962,0.948,0.962,0.96,0.962,0.948,0.962,0.96,0.962,0.948,0.962,0.96,0.962,0.948,0.962,0.96,0.962,0.948,0.962,0.96,0.962,0.948,0.962,0.96,0.962,0.948,0.962,0.96,0.962,0.948,0.962,0.96,0.962,0.948,0.962,0.96,0.962,0.948,0.962,0.96,0.962,0.948,0.962,0.96,0.962,0.948,0.962,0.96,0.962,0.948,0.962,0.96,0.962,0.948,0.962,0.96,0.962,0.948,0.962,0.96,0.962,0.948,0.962,0.96,0.962,0.948,0.962,0.96,0.962,0.948,0.962,0.96,0.962,0.948,0.962,0.96,0.962,
1.0,0.925,0.946,0.95,0.95,0.95,0.95,0.95,0.95,0.95,0.95,0.95,0.95,0.95,0.95,0.95,0.95,0.95,0.95,0.95,0.95,0.95,0.95,0.95,0.95,0.95,0.95,0.95,0.95,0.95,0.95,0.95,0.95,0.95,0.95,0.95,0.95,0.95,0.95,0.95,0.95,0.95,0.95,0.95,0.95,0.95,0.95,0.95,0.95,0.95,0.95,0.95,0.95,0.95,0.95,0.95,0.95,0.95,0.95,0.95,0.95,0.95,0.95,0.95,0.95,0.95,0.95,0.95,0.95,0.95,0.95,0.95,0.95,0.95,0.95,0.95,0.95,0.95,0.95,0.95,0.95,0.95,0.95,0.95,0.95,0.95,0.95,0.95,0.95,0.95,0.95,0.95,0.95,0.95,0.95,0.95,0.95,0.95,0.95,0.95,
0.936,0.945,1.0,0.939,1.0,0.941,0.941,0.942,0.944,1.0,0.942,1.0,0.942,0.942,0.942,0.944,1.0,0.942,1.0,0.942,0.942,0.942,0.944,1.0,0.942,1.0,0.942,0.942,0.942,0.944,1.0,0.942,1.0,0.942,0.942,0.942,0.944,1.0,0.942,1.0,0.942,0.942,0.942,0.944,1.0,0.942,1.0,0.942,0.942,0.942,0.944,1.0,0.942,1.0,0.942,0.942,0.942,0.944,1.0,0.942,1.0,0.942,0.942,0.942,0.944,1.0,0.942,1.0,0.942,0.942,0.942,0.944,1.0,0.942,1.0,0.942,0.942,0.942,0.944,1.0,0.942,1.0,0.942,0.942,0.942,0.944,1.0,0.942,1.0,0.942,0.942,0.942,0.944,1.0,0.942,1.0,0.942,0.942,0.942,0.944,
0.735,0.882,0.962,0.771,0.868,0.898,0.954,0.974,0.789,0.898,0.943,0.957,0.749,0.898,0.945,0.977,0.77,0.898,1.0,0.973,0.748,0.898,0.944,0.977,0.77,0.898,0.945,0.966,0.765,0.898,0.956,0.979,0.792,0.898,1.0,0.948,0.764,0.898,0.956,0.965,0.796,0.898,0.949,0.983,0.768,0.898,0.943,0.952,0.766,0.898,1.0,0.973,0.77,0.898,0.954,0.948,0.767,0.898,1.0,0.973,0.77,0.898,0.943,0.955,0.768,0.898,1.0,0.973,0.77,0.898,0.943,0.955,0.768,0.898,1.0,0.973,0.77,0.898,0.945,0.966,0.762,0.898,0.952,0.948,0.764,0.898,0.956,0.965,0.796,0.898,0.949,0.983,0.768,0.898,0.943,0.955,0.768,0.898,1.0,0.877,
0.973,0.851,0.975,0.851,0.971,0.851,1.0,0.855,0.967,0.876,0.961,0.852,0.929,0.927,0.918,0.919,0.948,0.924,0.948,0.909,0.943,0.919,0.948,0.924,0.948,0.92,0.948,0.906,0.921,0.907,0.93,0.902,0.954,0.923,0.815,0.947,0.956,0.953,0.945,0.912,0.934,0.924,0.939,0.919,0.956,0.889,0.949,0.952,0.944,0.956,0.946,0.876,0.954,0.919,0.919,0.946,0.918,0.939,0.918,0.924,0.952,0.949,0.881,0.948,0.947,0.952,0.941,0.952,0.951,0.952,0.951,0.952,0.951,0.952,0.951,0.952,0.944,0.953,0.863,0.929,0.94,0.928,0.981,0.849,0.98,0.851,0.971,0.89,0.979,0.871,0.971,0.852,0.945,0.873,0.953,0.903,0.91,0.946,0.918,0.808,
1.0,1.0,1.0,1.0,1.0,1.0,1.0,1.0,1.0,1.0,1.0,1.0,1.0,1.0,1.0,1.0,1.0,1.0,1.0,1.0,1.0,1.0,1.0,1.0,1.0,1.0,1.0,1.0,1.0,1.0,1.0,1.0,1.0,1.0,1.0,1.0,1.0,1.0,1.0,1.0,1.0,1.0,1.0,1.0,1.0,1.0,1.0,1.0,1.0,1.0,1.0,1.0,1.0,1.0,1.0,1.0,1.0,1.0,1.0,1.0,1.0,1.0,1.0,1.0,1.0,1.0,1.0,1.0,1.0,1.0,1.0,1.0,1.0,1.0,1.0,1.0,1.0,1.0,1.0,1.0,1.0,1.0,1.0,1.0,1.0,1.0,1.0,1.0,1.0,1.0,1.0,1.0,1.0,1.0,1.0,1.0,1.0,1.0,1.0,0.989,
0.852,0.93,0.923,0.931,0.936,1.0,0.991,0.972,0.982,0.964,0.987,0.96,0.976,0.964,0.987,0.96,0.976,0.964,0.987,0.96,0.976,0.964,0.987,0.96,0.976,0.964,0.987,0.96,0.976,0.964,0.987,0.96,0.976,0.964,0.987,0.96,0.976,0.964,0.987,0.96,0.976,0.964,0.987,0.96,0.976,0.964,0.987,0.96,0.976,0.964,0.987,0.96,0.976,0.964,0.987,0.96,0.976,0.964,0.987,0.96,0.976,0.964,0.987,0.96,0.976,0.964,0.987,0.96,0.976,0.964,0.987,0.96,0.976,0.964,0.987,0.96,0.976,0.964,0.987,0.96,0.976,0.964,0.987,0.96,0.976,0.964,0.987,0.96,0.976,0.964,0.987,0.96,0.976,0.964,0.987,0.96,0.976,0.964,0.987,0.887,
0.97,0.948,0.992,0.973,0.984,0.987,0.993,0.993,0.989,0.973,0.971,0.997,0.979,0.98,0.993,0.981,0.987,1.0,0.989,0.987,0.97,0.972,0.987,0.978,0.965,0.979,0.968,0.971,0.987,0.978,0.964,0.969,0.968,0.971,0.985,0.978,0.965,0.979,0.968,0.971,0.987,0.978,0.964,0.969,0.968,0.971,0.984,0.986,0.964,0.969,0.968,0.971,0.984,0.986,0.967,0.969,0.968,0.971,0.981,0.986,0.964,0.969,0.968,0.971,0.981,0.986,0.964,0.969,0.968,0.971,0.981,0.986,0.964,0.969,0.968,0.971,0.981,0.986,0.964,0.969,0.968,0.971,0.981,0.986,0.964,0.969,0.968,0.971,0.981,0.986,0.964,0.969,0.968,0.971,0.981,0.986,0.964,0.969,0.968,0.863,
0.946,0.895,0.912,0.93,1.0,0.964,1.0,0.976,1.0,0.977,1.0,0.977,1.0,0.978,1.0,0.978,1.0,0.979,1.0,0.98,1.0,0.98,1.0,0.981,1.0,0.981,1.0,0.966,1.0,0.968,1.0,0.97,1.0,0.971,1.0,0.971,1.0,0.972,1.0,0.976,1.0,0.978,1.0,0.98,1.0,0.981,1.0,0.981,1.0,0.966,1.0,0.968,1.0,0.97,1.0,0.971,1.0,0.971,1.0,0.972,1.0,0.976,1.0,0.978,1.0,0.98,1.0,0.981,1.0,0.981,1.0,0.966,1.0,0.968,1.0,0.97,1.0,0.971,1.0,0.971,1.0,0.972,1.0,0.976,1.0,0.978,1.0,0.98,1.0,0.981,1.0,0.981,1.0,0.966,1.0,0.968,1.0,0.97,1.0,0.872,
0.863,0.895,0.969,0.895,0.88,0.969,1.0,0.791,0.895,0.969,0.865,0.895,0.969,0.895,0.969,0.895,0.863,0.969,0.969,0.895,0.969,0.895,0.863,0.969,0.969,0.895,0.969,0.895,0.863,0.969,0.969,0.895,0.969,0.895,0.863,0.969,0.969,0.895,0.969,0.895,0.863,0.969,0.969,0.895,0.969,0.895,0.863,0.969,0.969,0.895,0.969,0.895,0.863,0.969,0.969,0.895,0.969,0.895,0.863,0.969,0.969,0.895,0.969,0.895,0.863,0.969,0.969,0.895,0.969,0.895,0.863,0.969,0.969,0.895,0.969,0.895,0.863,0.969,0.969,0.895,0.969,0.895,0.863,0.969,0.969,0.895,0.969,0.895,0.863,0.969,0.969,0.895,0.969,0.895,0.863,0.969,0.969,0.895,0.969,0.886,
0.898,0.803,1.0,0.811,0.932,0.813,0.91,0.813,0.875,0.817,0.875,0.821,0.875,0.821,0.875,0.821,0.875,0.821,0.875,0.821,0.875,0.821,0.875,0.821,0.875,0.821,0.875,0.821,0.875,0.821,0.875,0.821,0.875,0.821,0.875,0.821,0.875,0.821,0.875,0.821,0.875,0.821,0.875,0.821,0.875,0.821,0.875,0.821,0.875,0.821,0.875,0.821,0.875,0.821,0.875,0.821,0.875,0.821,0.875,0.821,0.875,0.821,0.875,0.821,0.875,0.821,0.875,0.821,0.875,0.821,0.875,0.821,0.875,0.821,0.875,0.821,0.875,0.821,0.875,0.821,0.875,0.821,0.875,0.821,0.875,0.821,0.875,0.821,0.875,0.821,0.875,0.821,0.875,0.821,0.875,0.821,0.875,0.821,0.875,0.793,
0.928,0.947,0.997,0.981,0.919,1.0,0.921,0.883,0.962,0.962,0.924,0.94,0.932,0.976,0.92,0.937,0.932,0.976,0.92,0.937,0.932,0.976,0.92,0.937,0.932,0.976,0.92,0.937,0.932,0.976,0.92,0.937,0.932,0.976,0.92,0.937,0.932,0.976,0.92,0.937,0.932,0.958,0.92,0.937,0.933,0.976,0.92,0.937,0.933,0.976,0.92,0.937,0.933,0.976,0.92,0.937,0.933,0.976,0.92,0.937,0.933,0.976,0.92,0.937,0.933,0.976,0.92,0.937,0.933,0.976,0.92,0.937,0.933,0.976,0.92,0.937,0.933,0.976,0.92,0.937,0.933,0.976,0.92,0.937,0.933,0.976,0.92,0.937,0.933,0.976,0.92,0.937,0.933,0.976,0.92,0.937,0.933,0.976,0.92,0.864,
0.832,0.949,0.735,0.989,0.682,0.954,0.664,0.952,0.945,0.774,0.989,0.843,0.865,0.736,0.955,0.682,0.954,0.664,0.936,0.676,0.956,0.707,1.0,0.672,0.952,0.618,0.953,0.622,0.953,0.672,0.955,0.622,0.953,0.672,0.955,0.622,0.953,0.672,0.955,0.622,0.953,0.672,0.955,0.676,0.954,0.672,0.999,0.676,0.955,0.672,0.999,0.622,0.949,0.618,0.915,0.622,0.951,0.674,0.984,0.702,0.973,0.659,0.968,0.676,0.953,0.672,0.986,0.676,0.953,0.672,0.96,0.676,0.956,0.676,0.969,0.622,0.951,0.618,0.918,0.678,0.954,0.672,1.0,0.676,0.911,0.618,0.918,0.622,0.915,0.675,0.977,0.634,0.951,0.672,0.986,0.676,0.953,0.672,0.96,0.622,
0.79,0.951,0.973,0.96,0.973,1.0,0.968,0.977,0.968,0.975,0.973,0.964,0.992,0.969,0.994,0.96,0.982,0.969,0.986,0.959,0.994,0.959,0.981,0.959,0.994,0.959,0.994,0.959,0.994,0.959,0.982,0.959,0.994,0.959,0.982,0.959,0.994,0.959,0.982,0.959,0.994,0.959,0.982,0.959,0.994,0.959,0.982,0.959,0.994,0.959,0.982,0.959,0.994,0.959,0.982,0.959,0.994,0.959,0.982,0.959,0.994,0.959,0.982,0.959,0.994,0.959,0.982,0.959,0.994,0.959,0.982,0.959,0.994,0.959,0.982,0.959,0.994,0.959,0.982,0.959,0.994,0.959,0.982,0.959,0.994,0.959,0.982,0.959,0.994,0.959,0.982,0.959,0.994,0.959,0.982,0.959,0.994,0.959,0.982,0.912,
0.875,0.982,1.0,0.987,0.949,0.954,0.989,0.984,0.989,0.978,0.984,0.995,0.934,0.994,0.933,0.995,0.933,0.995,0.933,0.995,0.933,0.995,0.933,0.995,0.933,0.995,0.933,0.995,0.933,0.995,0.933,0.995,0.933,0.995,0.933,0.995,0.933,0.995,0.933,0.995,0.933,0.995,0.933,0.995,0.933,0.995,0.933,0.995,0.933,0.995,0.933,0.995,0.933,0.995,0.933,0.995,0.933,0.995,0.933,0.995,0.933,0.995,0.933,0.995,0.933,0.995,0.933,0.995,0.933,0.995,0.933,0.995,0.933,0.995,0.933,0.995,0.933,0.995,0.933,0.995,0.933,0.995,0.933,0.995,0.933,0.995,0.933,0.995,0.933,0.995,0.933,0.995,0.933,0.995,0.933,0.995,0.933,0.995,0.933,0.922,
0.821,0.839,0.84,0.864,1.0,0.889,0.996,0.828,0.84,0.864,0.89,0.902,0.989,0.83,0.864,0.864,0.89,0.889,0.996,0.885,0.84,0.864,0.996,0.889,0.996,0.885,0.84,0.871,0.996,0.889,0.996,0.885,0.84,0.871,0.996,0.889,0.996,0.885,0.84,0.871,0.996,0.889,0.996,0.885,0.84,0.871,0.996,0.889,0.996,0.885,0.84,0.871,0.996,0.889,0.996,0.885,0.84,0.871,0.996,0.889,0.996,0.885,0.84,0.871,0.996,0.889,0.996,0.885,0.84,0.871,0.996,0.889,0.996,0.885,0.84,0.871,0.996,0.889,0.996,0.885,0.84,0.871,0.996,0.889,0.996,0.885,0.84,0.871,0.996,0.889,0.996,0.885,0.84,0.871,0.996,0.889,0.996,0.885,0.84,0.871,
0.887,0.911,0.911,0.911,0.948,0.983,1.0,0.984,1.0,0.984,1.0,0.984,1.0,0.984,1.0,0.984,1.0,0.984,1.0,0.984,1.0,0.984,1.0,0.984,1.0,0.984,1.0,0.984,1.0,0.984,1.0,0.984,1.0,0.984,1.0,0.984,1.0,0.984,1.0,0.984,1.0,0.984,1.0,0.984,1.0,0.984,1.0,0.984,1.0,0.984,1.0,0.984,1.0,0.984,1.0,0.984,1.0,0.984,1.0,0.984,1.0,0.984,1.0,0.984,1.0,0.984,1.0,0.984,1.0,0.984,1.0,0.984,1.0,0.984,1.0,0.984,1.0,0.984,1.0,0.984,1.0,0.984,1.0,0.984,1.0,0.984,1.0,0.984,1.0,0.984,1.0,0.984,1.0,0.984,1.0,0.984,1.0,0.984,1.0,0.97,
0.778,0.937,0.787,0.937,0.964,0.976,0.983,0.993,0.975,1.0,0.951,0.964,0.926,0.991,0.979,0.983,0.951,0.985,0.978,0.937,0.964,0.978,0.991,0.984,1.0,0.984,0.937,0.976,0.951,0.976,0.951,0.976,0.951,0.976,0.951,0.976,0.951,0.976,0.951,0.976,0.951,0.976,0.951,0.976,0.951,0.976,0.951,0.976,0.951,0.976,0.951,0.976,0.951,0.976,0.951,0.976,0.951,0.976,0.951,0.976,0.951,0.976,0.951,0.976,0.951,0.976,0.951,0.976,0.951,0.976,0.951,0.976,0.951,0.976,0.951,0.976,0.951,0.976,0.951,0.976,0.951,0.976,0.951,0.976,0.951,0.976,0.951,0.976,0.951,0.976,0.951,0.976,0.951,0.976,0.951,0.976,0.951,0.976,0.951,0.82,
0.979,0.756,0.949,0.874,0.802,0.887,0.88,0.88,0.803,0.748,0.949,0.872,0.802,1.0,0.787,0.764,0.94,0.868,0.748,0.978,0.734,0.976,0.788,0.967,0.788,0.96,0.787,0.953,0.789,0.961,0.751,0.937,0.734,0.938,0.736,0.939,0.736,0.939,0.736,0.939,0.736,0.939,0.736,0.939,0.736,0.939,0.736,0.939,0.736,0.939,0.736,0.939,0.736,0.939,0.736,0.939,0.736,0.939,0.736,0.939,0.736,0.939,0.736,0.939,0.736,0.939,0.736,0.939,0.736,0.939,0.736,0.939,0.736,0.939,0.736,0.939,0.736,0.939,0.736,0.939,0.736,0.939,0.736,0.939,0.736,0.939,0.736,0.939,0.736,0.939,0.736,0.939,0.736,0.939,0.736,0.939,0.736,0.939,0.736,0.864,
1.0,0.809,0.845,0.845,0.845,0.845,0.845,0.845,0.845,0.845,0.845,0.845,0.845,0.845,0.845,0.845,0.845,0.845,0.845,0.845,0.845,0.845,0.845,0.845,0.845,0.845,0.845,0.845,0.845,0.845,0.845,0.845,0.845,0.845,0.845,0.845,0.845,0.845,0.845,0.845,0.845,0.845,0.845,0.845,0.845,0.845,0.845,0.845,0.845,0.845,0.845,0.845,0.845,0.845,0.845,0.845,0.845,0.845,0.845,0.845,0.845,0.845,0.845,0.845,0.845,0.845,0.845,0.845,0.845,0.845,0.845,0.845,0.845,0.845,0.845,0.845,0.845,0.845,0.845,0.845,0.845,0.845,0.845,0.845,0.845,0.845,0.845,0.845,0.845,0.845,0.845,0.845,0.845,0.845,0.845,0.845,0.845,0.845,0.845,0.845,
1.0,1.0,1.0,1.0,1.0,1.0,1.0,1.0,1.0,1.0,1.0,1.0,1.0,1.0,1.0,1.0,1.0,1.0,1.0,1.0,1.0,1.0,1.0,1.0,1.0,1.0,1.0,1.0,1.0,1.0,1.0,1.0,1.0,1.0,1.0,1.0,1.0,1.0,1.0,1.0,1.0,1.0,1.0,1.0,1.0,1.0,1.0,1.0,1.0,1.0,1.0,1.0,1.0,1.0,1.0,1.0,1.0,1.0,1.0,1.0,1.0,1.0,1.0,1.0,1.0,1.0,1.0,1.0,1.0,1.0,1.0,1.0,1.0,1.0,1.0,1.0,1.0,1.0,1.0,1.0,1.0,1.0,1.0,1.0,1.0,1.0,1.0,1.0,1.0,1.0,1.0,1.0,1.0,1.0,1.0,1.0,1.0,1.0,1.0,0.991,
1.0,1.0,1.0,1.0,1.0,1.0,1.0,1.0,1.0,1.0,1.0,1.0,1.0,1.0,1.0,1.0,1.0,1.0,1.0,1.0,1.0,1.0,1.0,1.0,1.0,1.0,1.0,1.0,1.0,1.0,1.0,1.0,1.0,1.0,1.0,1.0,1.0,1.0,1.0,1.0,1.0,1.0,1.0,1.0,1.0,1.0,1.0,1.0,1.0,1.0,1.0,1.0,1.0,1.0,1.0,1.0,1.0,1.0,1.0,1.0,1.0,1.0,1.0,1.0,1.0,1.0,1.0,1.0,1.0,1.0,1.0,1.0,1.0,1.0,1.0,1.0,1.0,1.0,1.0,1.0,1.0,1.0,1.0,1.0,1.0,1.0,1.0,1.0,1.0,1.0,1.0,1.0,1.0,1.0,1.0,1.0,1.0,1.0,1.0,1.0,
0.987,0.999,0.988,1.0,0.988,1.0,0.988,1.0,0.988,1.0,0.988,1.0,0.988,1.0,0.988,1.0,0.988,1.0,0.988,1.0,0.988,1.0,0.988,1.0,0.988,1.0,0.988,1.0,0.988,1.0,0.988,1.0,0.988,1.0,0.988,1.0,0.988,1.0,0.988,1.0,0.988,1.0,0.988,1.0,0.988,1.0,0.988,1.0,0.988,1.0,0.988,1.0,0.988,1.0,0.988,1.0,0.988,1.0,0.988,1.0,0.988,1.0,0.988,1.0,0.988,1.0,0.988,1.0,0.988,1.0,0.988,1.0,0.988,1.0,0.988,1.0,0.988,1.0,0.988,1.0,0.988,1.0,0.988,1.0,0.988,1.0,0.988,1.0,0.988,1.0,0.988,1.0,0.988,1.0,0.988,1.0,0.988,1.0,0.988,1.0,
0.888,0.964,1.0,0.992,0.997,0.992,0.997,0.992,0.997,0.992,0.997,0.992,0.997,0.992,0.997,0.992,0.997,0.992,0.997,0.992,0.997,0.992,0.997,0.992,0.997,0.992,0.997,0.992,0.997,0.992,0.997,0.992,0.997,0.992,0.997,0.992,0.997,0.992,0.997,0.992,0.997,0.992,0.997,0.992,0.997,0.992,0.997,0.992,0.997,0.992,0.997,0.992,0.997,0.992,0.997,0.992,0.997,0.992,0.997,0.992,0.997,0.992,0.997,0.992,0.997,0.992,0.997,0.992,0.997,0.992,0.997,0.992,0.997,0.992,0.997,0.992,0.997,0.992,0.997,0.992,0.997,0.992,0.997,0.992,0.997,0.992,0.997,0.992,0.997,0.992,0.997,0.992,0.997,0.992,0.997,0.992,0.997,0.992,0.997,0.882,
0.859,0.886,0.88,0.872,0.888,0.886,0.883,0.984,1.0,0.897,0.88,0.872,0.888,0.886,0.883,0.984,1.0,0.897,0.88,0.872,0.888,0.886,0.883,0.984,1.0,0.897,0.88,0.872,0.888,0.886,0.883,0.984,1.0,0.897,0.88,0.872,0.888,0.886,0.883,0.984,1.0,0.897,0.88,0.872,0.888,0.886,0.883,0.984,1.0,0.897,0.88,0.872,0.888,0.886,0.883,0.984,1.0,0.897,0.88,0.872,0.888,0.886,0.883,0.984,1.0,0.897,0.88,0.872,0.888,0.886,0.883,0.984,1.0,0.897,0.88,0.872,0.888,0.886,0.883,0.984,1.0,0.897,0.88,0.872,0.888,0.886,0.883,0.984,1.0,0.897,0.88,0.872,0.888,0.886,0.883,0.984,1.0,0.897,0.88,0.872,
0.872,0.943,0.803,0.827,0.859,0.739,0.803,0.889,0.808,0.792,0.793,0.971,0.778,0.838,0.93,0.955,0.737,0.838,0.792,0.982,0.778,0.807,0.795,0.959,0.778,0.838,0.791,0.965,0.778,0.838,0.798,1.0,0.75,0.838,0.798,0.968,0.778,0.838,0.793,0.977,0.75,0.838,0.796,0.957,0.743,0.838,0.791,0.971,0.778,0.807,0.795,0.963,0.777,0.838,0.792,0.992,0.773,0.807,0.797,0.972,0.778,0.838,0.802,0.992,0.778,0.838,0.822,0.958,0.778,0.923,0.784,0.957,0.778,0.838,0.798,0.949,0.778,0.838,0.797,0.957,0.778,0.838,0.798,0.957,0.778,0.838,0.798,0.957,0.778,0.838,0.791,0.965,0.75,0.838,0.797,0.963,0.778,0.838,0.792,0.859,
0.894,0.921,1.0,0.981,0.986,0.983,0.987,0.981,0.995,0.981,0.995,0.981,0.995,0.981,0.995,0.981,0.995,0.981,0.995,0.981,0.995,0.981,0.995,0.981,0.995,0.981,0.995,0.981,0.995,0.981,0.995,0.981,0.995,0.981,0.995,0.981,0.995,0.981,0.995,0.981,0.995,0.981,0.995,0.981,0.995,0.981,0.995,0.981,0.995,0.981,0.995,0.981,0.995,0.981,0.995,0.981,0.995,0.981,0.995,0.981,0.995,0.981,0.995,0.981,0.995,0.981,0.995,0.981,0.995,0.981,0.995,0.981,0.995,0.981,0.995,0.981,0.995,0.981,0.995,0.981,0.995,0.981,0.995,0.981,0.995,0.981,0.995,0.981,0.995,0.981,0.995,0.981,0.995,0.981,0.995,0.981,0.995,0.981,0.995,0.834,
0.99,1.0,0.947,0.988,0.948,0.987,0.919,0.987,0.947,0.987,0.947,0.987,0.947,0.987,0.947,0.987,0.947,0.987,0.947,0.987,0.947,0.987,0.947,0.987,0.947,0.987,0.947,0.987,0.947,0.987,0.947,0.987,0.947,0.987,0.947,0.987,0.947,0.987,0.947,0.987,0.947,0.987,0.947,0.987,0.947,0.987,0.947,0.987,0.947,0.987,0.947,0.987,0.947,0.987,0.947,0.987,0.947,0.987,0.947,0.987,0.947,0.987,0.947,0.987,0.947,0.987,0.947,0.987,0.947,0.987,0.947,0.987,0.947,0.987,0.947,0.987,0.947,0.987,0.947,0.987,0.947,0.987,0.947,0.987,0.947,0.987,0.947,0.987,0.947,0.987,0.947,0.987,0.947,0.987,0.947,0.987,0.947,0.987,0.947,0.817,
0.894,0.984,0.89,0.993,0.876,0.988,0.86,0.987,0.883,0.963,0.88,0.988,0.89,1.0,0.86,0.987,0.962,0.987,0.86,0.997,0.86,0.998,0.86,0.998,0.86,0.998,0.86,0.998,0.86,0.998,0.86,0.998,0.86,0.998,0.86,0.998,0.86,0.998,0.86,0.998,0.86,0.998,0.86,0.998,0.86,0.998,0.86,0.998,0.86,0.998,0.86,0.998,0.86,0.998,0.86,0.998,0.86,0.998,0.86,0.998,0.86,0.998,0.86,0.998,0.86,0.998,0.86,0.998,0.86,0.998,0.86,0.998,0.86,0.998,0.86,0.998,0.86,0.998,0.86,0.998,0.86,0.998,0.86,0.998,0.86,0.998,0.86,0.998,0.86,0.998,0.86,0.998,0.86,0.998,0.86,0.998,0.86,0.998,0.86,0.888,
0.974,0.968,0.968,0.994,0.992,0.962,0.997,0.981,0.983,0.982,0.993,0.972,0.99,0.995,0.978,1.0,0.992,0.979,1.0,0.995,0.978,1.0,0.992,0.979,1.0,0.995,0.978,1.0,0.992,0.979,1.0,0.995,0.978,1.0,0.992,0.979,1.0,0.995,0.978,1.0,0.992,0.979,1.0,0.995,0.978,1.0,0.992,0.979,1.0,0.995,0.978,1.0,0.992,0.979,1.0,0.995,0.978,1.0,0.992,0.979,1.0,0.995,0.978,1.0,0.992,0.979,1.0,0.995,0.978,1.0,0.992,0.979,1.0,0.995,0.978,1.0,0.992,0.979,1.0,0.995,0.978,1.0,0.992,0.979,1.0,0.995,0.978,1.0,0.992,0.979,1.0,0.995,0.978,1.0,0.992,0.979,1.0,0.995,0.978,0.971,
0.955,0.912,1.0,0.969,0.969,0.969,0.969,0.969,0.969,0.969,0.969,0.969,0.988,0.969,0.969,0.969,0.969,0.969,0.969,0.969,0.969,0.969,0.969,0.969,0.969,0.969,0.969,0.969,0.969,0.969,0.969,0.969,0.969,0.969,0.969,0.969,0.969,0.969,0.969,0.969,0.969,0.969,0.969,0.969,0.969,0.969,0.969,0.969,0.969,0.969,0.969,0.969,0.969,0.969,0.969,0.969,0.969,0.969,0.969,0.969,0.969,0.969,0.969,0.969,0.969,0.969,0.969,0.969,0.969,0.969,0.969,0.969,0.969,0.969,0.969,0.969,0.969,0.969,0.969,0.969,0.969,0.969,0.969,0.969,0.969,0.969,0.969,0.969,0.969,0.969,0.969,0.969,0.969,0.969,0.969,0.969,0.969,0.969,0.969,0.844,
0.957,0.922,0.989,0.965,1.0,0.937,0.96,0.949,0.986,0.994,0.969,0.991,0.971,0.991,0.971,0.991,0.971,0.991,0.971,0.991,0.971,0.991,0.971,0.991,0.971,0.991,0.971,0.991,0.971,0.991,0.971,0.991,0.971,0.991,0.971,0.991,0.971,0.991,0.971,0.991,0.971,0.991,0.971,0.991,0.971,0.991,0.971,0.991,0.971,0.991,0.971,0.991,0.971,0.991,0.971,0.991,0.971,0.991,0.971,0.991,0.971,0.991,0.971,0.991,0.971,0.991,0.971,0.991,0.971,0.991,0.971,0.991,0.971,0.991,0.971,0.991,0.971,0.991,0.971,0.991,0.971,0.991,0.971,0.991,0.971,0.991,0.971,0.991,0.971,0.991,0.971,0.991,0.971,0.991,0.971,0.991,0.971,0.991,0.971,0.863,
0.847,0.887,1.0,0.99,0.89,0.985,0.894,0.985,0.896,0.985,0.896,0.985,0.896,0.985,0.896,0.985,0.896,0.985,0.896,0.985,0.896,0.985,0.896,0.985,0.896,0.985,0.896,0.985,0.896,0.985,0.896,0.985,0.896,0.985,0.896,0.985,0.896,0.985,0.896,0.985,0.896,0.985,0.896,0.985,0.896,0.985,0.896,0.985,0.896,0.985,0.896,0.985,0.896,0.985,0.896,0.985,0.896,0.985,0.896,0.985,0.896,0.985,0.896,0.985,0.896,0.985,0.896,0.985,0.896,0.985,0.896,0.985,0.896,0.985,0.896,0.985,0.896,0.985,0.896,0.985,0.896,0.985,0.896,0.985,0.896,0.985,0.896,0.985,0.896,0.985,0.896,0.985,0.896,0.985,0.896,0.985,0.896,0.985,0.896,0.913,
0.961,0.967,0.978,0.978,1.0,0.928,0.973,0.978,0.978,0.97,0.974,0.967,0.978,0.978,0.979,0.974,0.976,0.978,0.979,0.97,0.974,0.967,0.978,0.978,0.979,0.974,0.976,0.978,0.979,0.97,0.974,0.967,0.978,0.978,0.979,0.974,0.976,0.978,0.979,0.97,0.974,0.967,0.978,0.978,0.979,0.974,0.976,0.978,0.979,0.97,0.974,0.967,0.978,0.978,0.979,0.974,0.976,0.978,0.979,0.97,0.974,0.967,0.978,0.978,0.979,0.974,0.976,0.978,0.979,0.97,0.974,0.967,0.978,0.978,0.979,0.974,0.976,0.978,0.979,0.97,0.974,0.967,0.978,0.978,0.979,0.974,0.976,0.978,0.979,0.97,0.974,0.967,0.978,0.978,0.979,0.974,0.976,0.978,0.979,0.97,
0.817,0.998,0.817,1.0,0.817,1.0,0.817,1.0,0.817,1.0,0.817,1.0,0.817,1.0,0.817,1.0,0.817,1.0,0.817,1.0,0.817,1.0,0.817,1.0,0.817,1.0,0.817,1.0,0.817,1.0,0.817,1.0,0.817,1.0,0.817,1.0,0.817,1.0,0.817,1.0,0.817,1.0,0.817,1.0,0.817,1.0,0.817,1.0,0.817,1.0,0.817,1.0,0.817,1.0,0.817,1.0,0.817,1.0,0.817,1.0,0.817,1.0,0.817,1.0,0.817,1.0,0.817,1.0,0.817,1.0,0.817,1.0,0.817,1.0,0.817,1.0,0.817,1.0,0.817,1.0,0.817,1.0,0.817,1.0,0.817,1.0,0.817,1.0,0.817,1.0,0.817,1.0,0.817,1.0,0.817,1.0,0.817,1.0,0.817,0.885,
0.783,0.921,0.97,0.95,0.987,0.938,0.974,0.933,0.968,0.977,0.972,0.938,0.975,0.934,0.996,0.939,0.98,0.938,0.997,0.938,0.997,0.938,0.965,0.937,0.996,0.934,0.99,0.934,0.987,0.934,0.989,0.934,0.987,0.934,0.987,0.934,0.989,0.934,0.989,0.934,0.989,0.934,0.987,0.934,0.987,0.934,0.989,0.934,0.989,0.934,0.987,0.934,0.987,0.934,0.979,0.934,0.998,0.934,0.987,0.934,0.98,0.934,0.987,0.934,0.987,0.934,0.987,0.934,0.987,0.934,0.989,0.934,0.988,0.934,0.987,0.934,0.989,0.934,0.987,0.934,0.987,0.934,0.987,0.934,0.988,0.934,0.988,0.934,0.997,0.934,0.991,0.934,0.988,0.934,0.987,0.934,0.987,0.934,1.0,0.889,
0.886,0.797,1.0,0.772,0.85,0.786,0.874,0.777,0.838,0.788,0.895,0.776,0.842,0.809,0.894,0.776,0.892,0.775,0.895,0.775,0.892,0.775,0.895,0.775,0.892,0.775,0.895,0.775,0.892,0.775,0.895,0.775,0.892,0.775,0.895,0.775,0.892,0.775,0.895,0.775,0.892,0.775,0.895,0.775,0.892,0.775,0.895,0.775,0.892,0.775,0.895,0.775,0.892,0.775,0.895,0.775,0.892,0.775,0.895,0.775,0.892,0.775,0.895,0.775,0.892,0.775,0.895,0.775,0.892,0.775,0.895,0.775,0.892,0.775,0.895,0.775,0.892,0.775,0.895,0.775,0.892,0.775,0.895,0.775,0.892,0.775,0.895,0.775,0.892,0.775,0.895,0.775,0.892,0.775,0.895,0.775,0.892,0.775,0.895,0.747,
0.99,0.978,0.976,0.989,0.976,0.995,0.975,1.0,0.976,1.0,0.976,0.995,0.975,1.0,0.976,1.0,0.976,0.995,0.975,1.0,0.976,1.0,0.976,0.995,0.975,1.0,0.976,1.0,0.976,0.995,0.975,1.0,0.976,1.0,0.976,0.995,0.975,1.0,0.976,1.0,0.976,0.995,0.975,1.0,0.976,1.0,0.976,0.995,0.975,1.0,0.976,1.0,0.976,0.995,0.975,1.0,0.976,1.0,0.976,0.995,0.975,1.0,0.976,1.0,0.976,0.995,0.975,1.0,0.976,1.0,0.976,0.995,0.975,1.0,0.976,1.0,0.976,0.995,0.975,1.0,0.976,1.0,0.976,0.995,0.975,1.0,0.976,1.0,0.976,0.995,0.975,1.0,0.976,1.0,0.976,0.995,0.975,1.0,0.976,0.96,
0.911,0.938,0.977,1.0,0.979,0.984,0.977,0.983,0.977,0.999,0.977,0.983,0.977,0.983,0.977,0.999,0.977,0.983,0.977,0.983,0.977,0.999,0.977,0.983,0.977,0.983,0.977,0.999,0.977,0.983,0.977,0.983,0.977,0.999,0.977,0.983,0.977,0.983,0.977,0.999,0.977,0.983,0.977,0.983,0.977,0.999,0.977,0.983,0.977,0.983,0.977,0.999,0.977,0.983,0.977,0.983,0.977,0.999,0.977,0.983,0.977,0.983,0.977,0.999,0.977,0.983,0.977,0.983,0.977,0.999,0.977,0.983,0.977,0.983,0.977,0.999,0.977,0.983,0.977,0.983,0.977,0.999,0.977,0.983,0.977,0.983,0.977,0.999,0.977,0.983,0.977,0.983,0.977,0.999,0.977,0.983,0.977,0.983,0.977,0.922,
1.0,0.872,0.896,0.889,0.945,0.88,0.975,0.855,0.921,0.867,0.88,0.859,0.938,0.854,0.971,0.856,0.921,0.865,0.971,0.856,0.921,0.884,0.913,0.864,0.971,0.856,0.921,0.865,0.971,0.856,0.921,0.867,0.913,0.856,0.923,0.845,0.923,0.851,0.93,0.894,0.957,0.846,0.868,0.903,0.852,0.882,0.835,0.908,0.93,0.852,0.908,0.855,0.935,0.852,0.928,0.924,0.845,0.924,0.903,0.845,0.911,0.846,0.911,0.852,0.938,0.854,0.971,0.854,0.971,0.856,0.921,0.867,0.913,0.856,0.923,0.845,0.923,0.851,0.93,0.894,0.957,0.846,0.868,0.903,0.852,0.882,0.835,0.908,0.93,0.852,0.908,0.855,0.935,0.852,0.928,0.924,0.845,0.924,0.903,0.804,
0.929,0.947,0.988,0.928,0.978,0.925,0.997,0.962,0.997,0.962,0.997,0.963,0.997,0.963,0.997,0.963,0.997,0.963,0.997,0.963,0.997,0.963,0.997,0.963,0.997,0.963,0.997,0.963,0.997,0.963,0.997,0.963,0.997,0.963,0.997,0.963,0.997,0.963,0.997,0.963,0.997,0.963,0.997,0.963,0.997,0.963,0.997,0.963,0.997,0.963,0.997,0.963,0.997,0.963,0.997,0.963,0.997,0.963,0.997,0.963,0.997,0.963,0.997,0.963,0.997,0.963,0.997,0.963,0.997,0.963,0.997,0.963,0.997,0.963,0.997,0.963,0.997,0.963,0.997,0.963,0.997,0.963,0.997,0.963,0.997,0.963,0.997,0.963,0.997,0.963,0.997,0.963,0.997,0.963,0.997,0.963,0.997,0.963,0.997,0.959,
0.987,0.994,1.0,0.994,1.0,0.994,1.0,0.994,1.0,0.994,1.0,0.994,1.0,0.994,1.0,0.994,1.0,0.994,1.0,0.994,1.0,0.994,1.0,0.994,1.0,0.994,1.0,0.994,1.0,0.994,1.0,0.994,1.0,0.994,1.0,0.994,1.0,0.994,1.0,0.994,1.0,0.994,1.0,0.994,1.0,0.994,1.0,0.994,1.0,0.994,1.0,0.994,1.0,0.994,1.0,0.994,1.0,0.994,1.0,0.994,1.0,0.994,1.0,0.994,1.0,0.994,1.0,0.994,1.0,0.994,1.0,0.994,1.0,0.994,1.0,0.994,1.0,0.994,1.0,0.994,1.0,0.994,1.0,0.994,1.0,0.994,1.0,0.994,1.0,0.994,1.0,0.994,1.0,0.994,1.0,0.994,1.0,0.994,1.0,0.994,
0.898,0.749,0.899,0.863,0.945,0.844,0.959,0.83,0.904,0.862,0.96,0.762,1.0,0.725,0.925,0.925,0.952,0.759,0.876,0.763,0.898,0.903,0.917,0.902,0.94,0.762,0.984,0.751,0.89,0.852,0.951,0.786,0.895,0.777,0.894,0.909,0.865,0.933,0.766,0.965,0.882,0.758,0.944,0.843,0.927,0.852,0.935,0.78,0.921,0.923,0.925,0.895,0.767,0.965,0.763,0.857,0.895,0.926,0.767,0.857,0.888,0.79,0.888,0.865,0.921,0.953,0.762,0.851,0.843,0.777,0.866,0.933,0.891,0.938,0.859,0.786,0.9,0.894,0.941,0.932,0.789,0.897,0.894,0.862,0.894,0.906,0.765,0.83,0.917,0.747,0.912,0.913,0.904,0.971,0.761,0.94,0.761,0.875,0.877,0.729,
0.881,0.978,0.9,1.0,0.905,0.9,0.904,0.887,0.887,0.887,0.904,0.9,0.904,0.9,0.904,0.9,0.904,0.9,0.904,0.9,0.904,0.9,0.904,0.9,0.904,0.9,0.904,0.9,0.904,0.9,0.904,0.9,0.904,0.9,0.904,0.9,0.904,0.9,0.904,0.9,0.904,0.9,0.904,0.9,0.904,0.9,0.904,0.9,0.904,0.9,0.904,0.9,0.904,0.9,0.904,0.9,0.904,0.9,0.904,0.9,0.904,0.9,0.904,0.9,0.904,0.9,0.904,0.9,0.904,0.9,0.904,0.9,0.904,0.9,0.904,0.9,0.904,0.9,0.904,0.9,0.904,0.9,0.904,0.9,0.904,0.9,0.904,0.9,0.904,0.9,0.904,0.9,0.904,0.9,0.904,0.9,0.904,0.9,0.904,0.891,
0.77,0.876,0.949,0.86,0.931,0.933,0.895,1.0,0.934,0.974,0.948,0.941,0.937,0.9,0.948,0.958,0.955,0.88,0.956,0.956,0.89,0.958,0.894,0.957,0.882,0.96,0.915,0.954,0.9,0.951,0.939,0.94,0.948,0.905,0.946,0.893,0.961,0.925,0.94,0.998,0.9,0.96,0.924,0.94,0.947,0.904,0.95,0.893,0.951,0.925,0.941,0.945,0.962,0.884,0.945,0.941,0.914,0.962,0.952,0.912,0.952,0.925,0.955,0.911,0.934,0.949,0.951,0.97,0.823,0.95,0.894,0.957,0.909,0.971,0.915,0.98,0.903,0.965,0.919,0.951,0.883,0.963,0.894,0.968,0.882,0.963,0.915,0.953,0.909,0.953,0.94,0.952,0.949,0.893,0.944,0.913,0.935,0.927,0.945,0.821,
1.0,1.0,1.0,1.0,1.0,1.0,1.0,1.0,1.0,1.0,1.0,1.0,1.0,1.0,1.0,1.0,1.0,1.0,1.0,1.0,1.0,1.0,1.0,1.0,1.0,1.0,1.0,1.0,1.0,1.0,1.0,1.0,1.0,1.0,1.0,1.0,1.0,1.0,1.0,1.0,1.0,1.0,1.0,1.0,1.0,1.0,1.0,1.0,1.0,1.0,1.0,1.0,1.0,1.0,1.0,1.0,1.0,1.0,1.0,1.0,1.0,1.0,1.0,1.0,1.0,1.0,1.0,1.0,1.0,1.0,1.0,1.0,1.0,1.0,1.0,1.0,1.0,1.0,1.0,1.0,1.0,1.0,1.0,1.0,1.0,1.0,1.0,1.0,1.0,1.0,1.0,1.0,1.0,1.0,1.0,1.0,1.0,1.0,1.0,1.0,
1.0,0.663,0.916,0.78,0.855,0.763,0.878,0.761,0.807,0.808,0.866,0.786,0.774,0.906,0.766,0.783,0.78,0.777,0.775,0.887,0.775,0.794,0.906,0.754,0.808,0.836,0.819,0.778,0.887,0.754,0.783,0.906,0.754,0.814,0.782,0.854,0.778,0.887,0.798,0.756,0.906,0.749,0.832,0.799,0.837,0.778,0.887,0.775,0.794,0.906,0.753,0.779,0.817,0.814,0.778,0.799,0.784,0.887,0.757,0.794,0.906,0.756,0.807,0.783,0.853,0.805,0.836,0.78,0.848,0.779,0.911,0.73,0.861,0.767,0.831,0.741,0.855,0.794,0.784,0.791,0.848,0.778,0.911,0.732,0.877,0.801,0.838,0.778,0.852,0.789,0.785,0.863,0.821,0.787,0.911,0.78,0.836,0.804,0.82,0.729,
0.947,1.0,0.947,0.994,0.95,0.991,0.947,0.996,0.988,0.994,0.95,0.991,0.947,0.996,0.988,0.994,0.95,0.991,0.947,0.996,0.988,0.994,0.95,0.991,0.947,0.996,0.988,0.994,0.95,0.991,0.947,0.996,0.988,0.994,0.95,0.991,0.947,0.996,0.988,0.994,0.95,0.991,0.947,0.996,0.988,0.994,0.95,0.991,0.947,0.996,0.988,0.994,0.95,0.991,0.947,0.996,0.988,0.994,0.95,0.991,0.947,0.996,0.988,0.994,0.95,0.991,0.947,0.996,0.988,0.994,0.95,0.991,0.947,0.996,0.988,0.994,0.95,0.991,0.947,0.996,0.988,0.994,0.95,0.991,0.947,0.996,0.988,0.994,0.95,0.991,0.947,0.996,0.988,0.994,0.95,0.991,0.947,0.996,0.988,0.994,
0.974,0.713,1.0,0.738,1.0,0.687,1.0,0.687,0.963,0.716,1.0,0.687,0.963,0.716,1.0,0.738,1.0,0.687,1.0,0.738,1.0,0.687,1.0,0.738,1.0,0.687,1.0,0.687,0.963,0.716,1.0,0.687,0.963,0.716,1.0,0.687,0.963,0.716,1.0,0.738,1.0,0.687,1.0,0.687,0.963,0.716,1.0,0.687,0.963,0.716,1.0,0.738,1.0,0.687,1.0,0.738,1.0,0.687,1.0,0.738,1.0,0.687,1.0,0.687,0.963,0.716,1.0,0.687,0.963,0.716,1.0,0.687,0.963,0.716,1.0,0.738,1.0,0.687,1.0,0.687,0.963,0.716,1.0,0.687,0.963,0.716,1.0,0.738,1.0,0.687,1.0,0.738,1.0,0.687,1.0,0.738,1.0,0.687,1.0,0.687,
0.948,1.0,0.933,0.958,0.933,0.946,0.959,0.961,0.938,0.96,0.962,0.964,0.935,0.949,0.948,0.948,0.95,0.948,0.933,0.949,0.95,0.947,0.933,0.947,0.952,0.948,0.933,0.95,0.933,0.951,0.971,0.955,0.933,0.947,0.952,0.948,0.933,0.95,0.933,0.951,0.971,0.955,0.933,0.947,0.952,0.948,0.933,0.95,0.933,0.951,0.971,0.955,0.933,0.947,0.952,0.948,0.933,0.95,0.933,0.951,0.971,0.955,0.933,0.947,0.952,0.948,0.933,0.95,0.933,0.951,0.971,0.955,0.933,0.947,0.952,0.948,0.933,0.95,0.933,0.951,0.971,0.955,0.933,0.947,0.952,0.948,0.933,0.95,0.933,0.951,0.971,0.955,0.933,0.947,0.952,0.948,0.933,0.95,0.933,0.903,
1.0,0.922,0.95,0.925,0.944,0.958,0.927,0.951,0.93,0.951,0.926,0.951,0.926,0.951,0.926,0.951,0.926,0.951,0.926,0.951,0.926,0.951,0.926,0.951,0.926,0.951,0.926,0.951,0.926,0.951,0.926,0.951,0.926,0.951,0.926,0.951,0.926,0.951,0.926,0.951,0.926,0.951,0.926,0.951,0.926,0.951,0.926,0.951,0.926,0.951,0.926,0.951,0.926,0.951,0.926,0.951,0.926,0.951,0.926,0.951,0.926,0.951,0.926,0.951,0.926,0.951,0.926,0.951,0.926,0.951,0.926,0.951,0.926,0.951,0.926,0.951,0.926,0.951,0.926,0.951,0.926,0.951,0.926,0.951,0.926,0.951,0.926,0.951,0.926,0.951,0.926,0.951,0.926,0.951,0.926,0.951,0.926,0.951,0.926,0.896,
0.846,0.896,0.867,0.899,0.867,0.9,0.867,0.9,0.867,0.89,0.867,0.899,0.867,0.9,0.867,0.894,0.819,0.901,0.819,0.901,0.816,0.906,0.842,0.871,0.819,0.934,0.839,0.928,0.84,0.904,0.817,0.901,0.985,0.917,0.838,1.0,0.813,0.881,0.832,0.883,0.842,0.894,0.818,0.934,0.839,0.928,0.84,0.904,0.817,0.901,0.985,0.917,0.838,1.0,0.813,0.881,0.832,0.883,0.842,0.894,0.818,0.933,0.838,0.889,0.842,0.886,0.818,0.907,0.834,0.872,0.818,0.9,0.979,0.911,0.838,0.942,0.837,0.899,0.904,0.924,0.841,0.902,0.843,0.91,0.81,0.899,0.842,0.893,0.787,0.9,0.815,0.899,0.838,0.901,0.835,0.899,0.904,0.924,0.841,0.855,
0.951,0.786,0.977,0.764,0.952,0.783,0.989,0.942,0.846,0.974,0.809,0.975,0.75,0.948,0.784,0.977,0.952,0.988,0.96,0.946,0.992,0.783,0.982,0.779,0.979,0.95,0.863,0.959,0.792,0.981,0.764,0.948,0.782,0.926,0.985,0.871,0.972,0.791,0.973,0.779,0.951,0.782,0.986,0.977,0.848,0.969,0.798,0.981,0.779,0.954,0.782,0.995,1.0,0.862,0.975,0.803,0.976,0.75,0.948,0.784,0.993,0.952,0.988,0.96,0.949,0.995,0.866,0.948,0.782,0.99,0.979,0.837,0.976,0.803,0.969,0.75,0.954,0.783,0.992,0.985,0.844,0.949,0.802,0.968,0.75,0.948,0.784,0.984,0.958,0.903,0.943,0.915,0.944,0.783,0.953,0.782,0.989,0.988,0.85,0.892,
0.965,0.977,0.97,1.0,0.996,0.981,0.993,0.982,0.993,0.982,0.993,0.982,0.993,0.982,0.993,0.982,0.993,0.982,0.993,0.982,0.993,0.982,0.993,0.982,0.993,0.982,0.993,0.982,0.993,0.982,0.993,0.982,0.993,0.982,0.993,0.982,0.993,0.982,0.993,0.982,0.993,0.982,0.993,0.982,0.993,0.982,0.993,0.982,0.993,0.982,0.993,0.982,0.993,0.982,0.993,0.982,0.993,0.982,0.993,0.982,0.993,0.982,0.993,0.982,0.993,0.982,0.993,0.982,0.993,0.982,0.993,0.982,0.993,0.982,0.993,0.982,0.993,0.982,0.993,0.982,0.993,0.982,0.993,0.982,0.993,0.982,0.993,0.982,0.993,0.982,0.993,0.982,0.993,0.982,0.993,0.982,0.993,0.982,0.993,0.933,
1.0,1.0,1.0,1.0,1.0,1.0,1.0,1.0,1.0,1.0,1.0,1.0,1.0,1.0,1.0,1.0,1.0,1.0,1.0,1.0,1.0,1.0,1.0,1.0,1.0,1.0,1.0,1.0,1.0,1.0,1.0,1.0,1.0,1.0,1.0,1.0,1.0,1.0,1.0,1.0,1.0,1.0,1.0,1.0,1.0,1.0,1.0,1.0,1.0,1.0,1.0,1.0,1.0,1.0,1.0,1.0,1.0,1.0,1.0,1.0,1.0,1.0,1.0,1.0,1.0,1.0,1.0,1.0,1.0,1.0,1.0,1.0,1.0,1.0,1.0,1.0,1.0,1.0,1.0,1.0,1.0,1.0,1.0,1.0,1.0,1.0,1.0,1.0,1.0,1.0,1.0,1.0,1.0,1.0,1.0,1.0,1.0,1.0,1.0,1.0,
0.998,0.933,0.977,0.94,0.996,0.915,0.967,0.925,0.967,0.925,0.967,0.925,0.967,0.925,0.967,0.925,0.99,0.903,0.967,0.925,0.967,0.925,0.967,0.925,0.967,0.925,0.99,0.903,0.967,0.925,0.967,0.925,0.967,0.925,0.967,0.925,0.967,0.925,0.967,0.925,0.967,0.925,0.99,0.903,0.967,0.925,0.967,0.925,0.967,0.925,0.967,0.925,0.967,0.925,0.967,0.925,0.967,0.925,0.99,0.903,0.967,0.925,0.967,0.925,0.967,0.925,0.967,0.925,0.967,0.925,0.967,0.925,0.967,0.925,0.99,0.903,0.967,0.925,0.967,0.925,0.967,0.925,0.967,0.925,0.967,0.925,0.967,0.925,0.967,0.925,0.99,0.903,0.967,0.925,0.967,0.925,0.967,0.925,0.967,0.866,
0.885,0.989,0.888,0.994,0.9,0.997,0.885,0.994,0.899,0.991,0.885,0.975,0.986,0.9,0.991,0.886,0.991,0.899,0.991,0.886,0.991,0.899,0.991,0.886,0.991,0.899,0.991,0.886,0.991,0.899,0.991,0.886,0.991,0.899,1.0,0.884,0.994,0.899,0.983,0.886,0.991,0.899,0.991,0.886,0.991,0.899,0.991,0.886,0.991,0.899,0.991,0.886,0.991,0.899,0.991,0.886,0.991,0.899,0.991,0.886,0.991,0.899,0.991,0.886,0.991,0.899,0.991,0.886,0.991,0.899,0.991,0.886,0.991,0.899,0.991,0.886,0.991,0.899,0.991,0.886,0.991,0.899,0.991,0.886,0.991,0.899,0.991,0.886,0.991,0.899,0.991,0.886,0.991,0.899,0.991,0.886,0.991,0.899,0.991,0.852,
0.864,0.891,0.985,0.992,1.0,0.985,0.996,1.0,0.88,1.0,0.985,1.0,0.985,1.0,0.985,1.0,0.985,1.0,0.985,1.0,0.985,1.0,0.985,1.0,0.985,1.0,0.985,1.0,0.985,1.0,0.985,1.0,0.985,1.0,0.985,1.0,0.985,1.0,0.985,1.0,0.985,1.0,0.985,1.0,0.985,1.0,0.985,1.0,0.985,1.0,0.985,1.0,0.985,1.0,0.985,1.0,0.985,1.0,0.985,1.0,0.985,1.0,0.985,1.0,0.985,1.0,0.985,1.0,0.985,1.0,0.985,1.0,0.985,1.0,0.985,1.0,0.985,1.0,0.985,1.0,0.985,1.0,0.985,1.0,0.985,1.0,0.985,1.0,0.985,1.0,0.985,1.0,0.985,1.0,0.985,1.0,0.985,1.0,0.985,0.903,
0.991,0.993,0.99,0.998,1.0,1.0,0.991,0.988,0.987,0.998,1.0,1.0,0.991,0.988,0.987,0.998,1.0,1.0,0.991,0.988,0.987,0.998,1.0,1.0,0.991,0.988,0.987,0.998,1.0,1.0,0.991,0.988,0.987,0.998,1.0,1.0,0.991,0.988,0.987,0.998,1.0,1.0,0.991,0.988,0.987,0.998,1.0,1.0,0.991,0.988,0.987,0.998,1.0,1.0,0.991,0.988,0.987,0.998,1.0,1.0,0.991,0.988,0.987,0.998,1.0,1.0,0.991,0.988,0.987,0.998,1.0,1.0,0.991,0.988,0.987,0.998,1.0,1.0,0.991,0.988,0.987,0.998,1.0,1.0,0.991,0.988,0.987,0.998,1.0,1.0,0.991,0.988,0.987,0.998,1.0,1.0,0.991,0.988,0.987,0.998,
1.0,0.997,0.997,0.997,0.997,0.997,0.997,0.997,0.997,0.997,0.997,0.997,0.997,0.997,0.997,0.997,0.997,0.997,0.997,0.997,0.997,0.997,0.997,0.997,0.997,0.997,0.997,0.997,0.997,0.997,0.997,0.997,0.997,0.997,0.997,0.997,0.997,0.997,0.997,0.997,0.997,0.997,0.997,0.997,0.997,0.997,0.997,0.997,0.997,0.997,0.997,0.997,0.997,0.997,0.997,0.997,0.997,0.997,0.997,0.997,0.997,0.997,0.997,0.997,0.997,0.997,0.997,0.997,0.997,0.997,0.997,0.997,0.997,0.997,0.997,0.997,0.997,0.997,0.997,0.997,0.997,0.997,0.997,0.997,0.997,0.997,0.997,0.997,0.997,0.997,0.997,0.997,0.997,0.997,0.997,0.997,0.997,0.997,0.997,0.905,
0.84,0.705,0.805,0.725,0.832,0.75,0.859,0.782,0.745,0.837,0.731,0.877,0.771,0.825,0.754,0.822,0.8,0.792,0.712,0.973,0.719,0.838,0.795,0.717,0.828,0.801,0.717,0.859,0.767,0.834,0.778,0.985,0.767,0.81,0.718,0.872,0.794,0.712,0.845,0.787,0.803,0.806,0.803,0.722,0.832,0.731,0.838,0.805,0.792,0.719,0.844,0.792,0.727,0.844,0.748,0.842,0.748,0.842,0.74,0.856,0.74,0.856,0.771,0.71,0.806,0.725,0.846,0.743,0.861,0.793,0.792,0.794,1.0,0.749,0.849,0.743,0.845,0.805,0.8,0.702,0.848,0.799,0.777,0.951,0.735,0.861,0.725,0.846,0.737,0.81,0.731,0.845,0.736,0.847,0.726,0.856,0.726,0.856,0.77,0.68,
0.886,0.984,0.895,0.985,0.908,0.907,0.893,0.902,0.893,0.902,0.893,0.902,0.893,0.902,0.893,0.902,0.893,0.902,0.893,0.996,0.887,0.98,0.983,0.888,0.986,0.891,1.0,0.897,0.901,0.905,0.894,0.902,0.893,0.902,0.893,0.902,0.893,0.996,0.887,0.98,0.983,0.888,0.986,0.891,1.0,0.897,0.901,0.905,0.894,0.902,0.893,0.902,0.893,0.902,0.893,0.902,0.893,0.996,0.887,0.98,0.983,0.888,0.986,0.891,1.0,0.897,0.901,0.905,0.893,0.902,0.893,0.902,0.893,0.996,0.887,0.98,0.983,0.888,0.986,0.891,1.0,0.897,0.901,0.905,0.893,0.902,0.893,0.902,0.893,0.902,0.893,0.902,0.893,0.902,0.893,0.902,0.893,0.996,0.887,0.92,
0.966,0.966,0.87,0.946,1.0,0.974,0.949,0.946,0.918,0.966,0.96,0.959,0.923,0.966,0.965,0.958,0.946,0.97,0.96,0.946,0.915,0.948,0.893,0.946,0.965,0.958,0.946,0.97,0.96,0.946,0.915,0.948,0.893,0.946,0.965,0.958,0.946,0.97,0.96,0.946,0.915,0.948,0.893,0.946,0.965,0.958,0.946,0.97,0.96,0.946,0.915,0.948,0.893,0.946,0.965,0.958,0.946,0.97,0.96,0.946,0.915,0.948,0.893,0.946,0.965,0.958,0.946,0.97,0.96,0.946,0.915,0.948,0.893,0.946,0.965,0.958,0.946,0.97,0.96,0.946,0.915,0.948,0.893,0.946,0.965,0.958,0.946,0.97,0.96,0.946,0.915,0.948,0.893,0.946,0.965,0.958,0.946,0.97,0.96,0.909,
0.995,0.965,1.0,0.97,1.0,0.97,1.0,0.97,1.0,0.97,1.0,0.97,1.0,0.97,1.0,0.97,1.0,0.97,1.0,0.97,1.0,0.97,1.0,0.97,1.0,0.97,1.0,0.97,1.0,0.97,1.0,0.97,1.0,0.97,1.0,0.97,1.0,0.97,1.0,0.97,1.0,0.97,1.0,0.97,1.0,0.97,1.0,0.97,1.0,0.97,1.0,0.97,1.0,0.97,1.0,0.97,1.0,0.97,1.0,0.97,1.0,0.97,1.0,0.97,1.0,0.97,1.0,0.97,1.0,0.97,1.0,0.97,1.0,0.97,1.0,0.97,1.0,0.97,1.0,0.97,1.0,0.97,1.0,0.97,1.0,0.97,1.0,0.97,1.0,0.97,1.0,0.97,1.0,0.97,1.0,0.97,1.0,0.97,1.0,0.97,
0.972,1.0,1.0,1.0,1.0,1.0,1.0,1.0,1.0,1.0,1.0,1.0,1.0,1.0,1.0,1.0,1.0,1.0,1.0,1.0,1.0,1.0,1.0,1.0,1.0,1.0,1.0,1.0,1.0,1.0,1.0,1.0,1.0,1.0,1.0,1.0,1.0,1.0,1.0,1.0,1.0,1.0,1.0,1.0,1.0,1.0,1.0,1.0,1.0,1.0,1.0,1.0,1.0,1.0,1.0,1.0,1.0,1.0,1.0,1.0,1.0,1.0,1.0,1.0,1.0,1.0,1.0,1.0,1.0,1.0,1.0,1.0,1.0,1.0,1.0,1.0,1.0,1.0,1.0,1.0,1.0,1.0,1.0,1.0,1.0,1.0,1.0,1.0,1.0,1.0,1.0,1.0,1.0,1.0,1.0,1.0,1.0,1.0,1.0,0.995,
1.0,0.882,0.983,0.879,0.984,0.879,0.983,0.953,0.969,0.884,0.985,0.967,0.969,0.977,0.966,0.968,0.964,0.97,0.964,0.977,0.966,0.968,0.964,0.97,0.964,0.967,0.955,0.963,0.968,0.973,0.968,0.965,0.965,0.891,0.977,0.96,0.975,0.97,0.975,0.963,0.969,0.965,0.967,0.971,0.967,0.964,0.971,0.964,0.967,0.971,0.965,0.88,0.974,0.971,0.972,0.977,0.972,0.965,0.957,0.966,0.971,0.977,0.972,0.972,0.974,0.972,0.964,0.979,0.96,0.972,0.973,0.966,0.969,0.978,0.96,0.973,0.978,0.973,0.964,0.971,0.969,0.967,0.968,0.967,0.968,0.971,0.969,0.973,0.964,0.966,0.969,0.978,0.96,0.972,0.969,0.973,0.964,0.971,0.969,0.769,
0.807,0.875,0.993,0.982,0.999,0.96,0.985,0.978,0.992,0.959,0.992,0.959,0.992,0.959,0.992,0.942,0.991,0.926,1.0,0.955,0.982,0.985,0.979,0.988,0.96,0.99,0.959,0.99,0.959,0.99,0.959,0.99,0.959,0.99,0.959,0.99,0.959,0.99,0.959,0.981,0.979,0.988,0.96,0.99,0.959,0.99,0.959,0.99,0.959,0.99,0.959,0.99,0.959,0.99,0.959,0.99,0.959,0.99,0.959,0.99,0.959,0.99,0.959,0.99,0.959,0.99,0.959,0.99,0.959,0.99,0.959,0.99,0.959,0.99,0.959,0.99,0.959,0.99,0.959,0.99,0.959,0.99,0.959,0.99,0.959,0.99,0.959,0.99,0.959,0.99,0.959,0.99,0.959,0.99,0.959,0.99,0.959,0.99,0.959,0.77,
0.956,0.974,0.948,0.898,0.918,0.973,0.929,0.992,0.984,0.957,0.947,0.939,0.89,1.0,0.944,0.95,0.918,0.909,0.945,0.97,0.891,0.946,0.946,0.986,0.982,0.979,0.945,0.965,0.919,0.931,0.945,0.985,0.987,0.944,0.945,0.943,0.931,0.979,0.945,0.95,0.889,0.966,0.945,0.887,0.958,0.879,0.982,0.846,0.991,0.871,0.979,0.919,0.991,0.884,0.965,0.919,0.955,0.85,0.945,0.986,0.983,0.985,0.946,0.884,0.944,0.982,0.945,0.884,0.944,0.982,0.945,0.884,0.944,0.982,0.986,0.886,0.962,0.888,0.997,0.919,0.956,0.85,0.945,0.988,0.984,0.982,0.982,0.983,0.945,0.901,0.945,0.985,0.94,0.948,0.973,0.919,0.99,0.919,0.956,0.884,
0.865,0.863,0.911,0.996,0.9,0.94,0.944,0.898,0.945,0.937,0.949,0.95,0.913,0.941,0.903,0.949,0.881,0.949,0.948,0.949,0.94,0.898,0.947,0.896,0.949,0.95,0.899,0.949,0.906,0.947,0.907,0.949,0.915,0.907,0.976,0.893,0.941,0.881,0.94,0.905,0.94,0.94,0.893,0.945,0.937,0.888,1.0,0.9,0.939,0.904,0.949,0.879,0.949,0.948,0.949,0.94,0.898,0.947,0.896,0.949,0.95,0.899,0.949,0.906,0.947,0.907,0.949,0.915,0.907,0.976,0.893,0.941,0.881,0.94,0.905,0.94,0.94,0.893,0.945,0.937,0.888,1.0,0.9,0.939,0.904,0.949,0.879,0.949,0.948,0.949,0.94,0.898,0.947,0.896,0.949,0.95,0.899,0.949,0.906,0.84,
0.953,0.914,0.991,0.942,1.0,0.987,0.953,0.954,0.987,0.939,0.987,0.944,1.0,0.987,0.953,0.954,0.987,0.939,0.987,0.944,1.0,0.987,0.953,0.954,0.987,0.939,0.987,0.944,1.0,0.987,0.953,0.954,0.987,0.939,0.987,0.944,1.0,0.987,0.953,0.954,0.987,0.939,0.987,0.944,1.0,0.987,0.953,0.954,0.987,0.939,0.987,0.944,1.0,0.983,0.953,0.954,0.987,0.939,0.987,0.944,1.0,0.987,0.953,0.954,0.987,0.939,0.987,0.944,1.0,0.987,0.953,0.954,0.987,0.939,0.987,0.944,1.0,0.987,0.953,0.954,0.987,0.939,0.987,0.944,1.0,0.987,0.953,0.954,0.987,0.939,0.987,0.944,1.0,0.987,0.953,0.954,0.987,0.939,0.987,0.906,
0.958,1.0,0.948,0.973,0.948,0.973,0.948,0.973,0.948,0.973,0.948,0.973,0.948,0.973,0.948,0.973,0.948,0.973,0.948,0.973,0.948,0.973,0.948,0.973,0.948,0.973,0.948,0.973,0.948,0.973,0.948,0.973,0.948,0.973,0.948,0.973,0.948,0.973,0.948,0.973,0.948,0.973,0.948,0.973,0.948,0.973,0.948,0.973,0.948,0.973,0.948,0.973,0.948,0.973,0.948,0.973,0.948,0.973,0.948,0.973,0.948,0.973,0.948,0.973,0.948,0.973,0.948,0.973,0.948,0.973,0.948,0.973,0.948,0.973,0.948,0.973,0.948,0.973,0.948,0.973,0.948,0.973,0.948,0.973,0.948,0.973,0.948,0.973,0.948,0.973,0.948,0.973,0.948,0.973,0.948,0.973,0.948,0.973,0.948,0.973,
1.0,0.903,0.901,0.9,0.902,0.9,0.957,0.897,0.755,0.788,0.894,0.937,0.952,0.93,0.897,0.765,0.784,0.929,0.901,0.955,0.924,0.897,0.755,0.788,0.894,0.934,0.952,0.945,0.896,0.765,0.788,0.896,0.913,0.955,0.908,0.902,0.755,0.788,0.905,0.932,0.948,0.943,0.9,0.755,0.782,0.907,0.9,0.966,0.802,0.938,0.754,0.782,0.95,0.908,0.975,0.931,0.892,0.765,0.788,0.907,0.9,0.959,0.93,0.898,0.755,0.788,0.905,0.932,0.948,0.924,0.905,0.754,0.788,0.922,0.946,0.921,0.805,0.887,0.765,0.788,0.922,0.896,0.924,0.942,0.926,0.754,0.788,0.907,0.9,0.966,0.802,0.955,0.752,0.783,0.906,0.937,0.952,0.904,0.898,0.755,
0.948,0.942,0.942,0.948,0.942,0.967,0.955,0.917,0.93,0.981,0.942,0.98,0.95,0.964,0.964,0.912,0.923,0.986,0.937,0.985,0.944,0.97,0.966,0.943,0.928,0.986,0.946,0.948,0.965,0.96,0.953,0.947,0.935,1.0,0.934,0.985,0.942,0.97,0.967,0.91,0.94,1.0,0.934,0.985,0.942,0.97,0.967,0.91,0.94,1.0,0.934,0.985,0.942,0.97,0.967,0.91,0.94,1.0,0.934,0.985,0.942,0.97,0.967,0.91,0.94,1.0,0.934,0.985,0.942,0.97,0.967,0.91,0.94,1.0,0.934,0.985,0.942,0.97,0.967,0.91,0.94,1.0,0.934,0.985,0.942,0.97,0.967,0.91,0.94,1.0,0.934,0.985,0.942,0.97,0.967,0.91,0.94,1.0,0.934,0.935,
0.906,0.961,0.974,0.95,0.975,0.975,0.981,0.96,0.98,0.955,0.979,0.987,0.963,0.972,0.965,0.965,0.962,0.974,0.965,0.971,0.986,0.996,0.966,0.988,0.986,0.974,1.0,0.955,0.986,0.956,0.973,0.969,0.966,0.963,0.967,0.966,0.965,0.966,0.973,0.965,0.967,0.966,0.965,0.966,0.973,0.965,0.967,0.966,0.965,0.966,0.973,0.965,0.967,0.966,0.965,0.966,0.973,0.965,0.967,0.966,0.965,0.966,0.973,0.965,0.967,0.966,0.965,0.966,0.973,0.965,0.967,0.966,0.965,0.966,0.973,0.965,0.967,0.966,0.965,0.966,0.973,0.965,0.967,0.966,0.965,0.966,0.973,0.965,0.967,0.966,0.965,0.966,0.973,0.965,0.967,0.966,0.965,0.966,0.973,0.887,
0.81,0.903,0.856,0.879,0.934,0.964,0.898,0.981,0.781,0.865,0.93,0.966,0.926,0.964,0.786,0.97,0.9,0.987,0.89,0.98,0.801,0.871,0.902,0.964,0.921,0.985,0.792,0.882,0.927,0.984,0.899,0.985,0.784,0.866,0.931,0.975,0.908,0.974,0.784,0.867,0.931,0.973,0.906,0.974,0.781,0.867,0.931,0.973,0.906,0.974,0.784,0.867,0.931,0.964,0.926,0.964,0.793,0.867,0.931,0.973,0.906,0.974,0.781,0.867,0.931,0.973,0.927,0.964,0.784,0.889,0.92,1.0,0.876,0.986,0.798,0.914,0.926,0.985,0.926,0.988,0.781,0.891,0.882,0.985,0.926,0.98,0.786,0.98,0.926,0.985,0.926,0.986,0.798,0.914,0.926,0.984,0.926,0.986,0.781,0.813,
1.0,0.756,0.909,0.819,0.864,0.827,0.931,0.822,0.931,0.821,0.933,0.822,0.933,0.822,0.933,0.822,0.933,0.768,0.931,0.873,0.931,0.872,0.931,0.872,0.931,0.872,0.931,0.872,0.931,0.872,0.931,0.872,0.931,0.872,0.931,0.872,0.931,0.872,0.931,0.872,0.931,0.872,0.931,0.872,0.931,0.872,0.931,0.872,0.931,0.872,0.931,0.872,0.931,0.872,0.931,0.872,0.931,0.872,0.931,0.872,0.931,0.872,0.931,0.872,0.931,0.872,0.931,0.872,0.931,0.872,0.931,0.872,0.931,0.872,0.931,0.872,0.931,0.872,0.931,0.872,0.931,0.872,0.931,0.872,0.931,0.872,0.931,0.872,0.931,0.872,0.931,0.872,0.931,0.872,0.931,0.872,0.931,0.872,0.931,0.839,
0.926,0.929,0.929,0.926,0.929,0.932,0.916,0.939,0.942,0.922,0.939,0.942,1.0,0.924,0.942,0.996,0.925,0.942,0.996,0.925,0.942,0.996,0.925,0.942,0.996,0.925,0.942,0.996,0.925,0.942,0.996,0.925,0.942,0.996,0.925,0.942,0.996,0.925,0.942,0.996,0.925,0.942,0.996,0.925,0.942,0.996,0.925,0.942,0.996,0.925,0.942,0.996,0.925,0.942,0.996,0.925,0.942,0.996,0.925,0.942,0.996,0.925,0.942,0.996,0.925,0.942,0.996,0.925,0.942,0.996,0.925,0.942,0.996,0.925,0.942,0.996,0.925,0.942,0.996,0.925,0.942,0.996,0.925,0.942,0.996,0.925,0.942,0.996,0.925,0.942,0.996,0.925,0.942,0.996,0.925,0.942,0.996,0.925,0.942,0.929,
1.0,0.806,1.0,0.827,1.0,0.827,1.0,0.816,1.0,0.822,1.0,0.824,1.0,0.819,1.0,0.822,1.0,0.797,1.0,0.822,1.0,0.827,1.0,0.798,1.0,0.822,1.0,0.827,1.0,0.798,1.0,0.822,1.0,0.827,1.0,0.798,1.0,0.822,1.0,0.827,1.0,0.798,1.0,0.822,1.0,0.827,1.0,0.798,1.0,0.822,1.0,0.827,1.0,0.798,1.0,0.822,1.0,0.827,1.0,0.798,1.0,0.822,1.0,0.827,1.0,0.798,1.0,0.822,1.0,0.827,1.0,0.798,1.0,0.822,1.0,0.827,1.0,0.798,1.0,0.822,1.0,0.827,1.0,0.798,1.0,0.822,1.0,0.827,1.0,0.798,1.0,0.822,1.0,0.827,1.0,0.798,1.0,0.822,1.0,0.777,
0.893,1.0,0.847,0.877,0.893,0.878,0.894,0.878,0.894,0.873,0.895,0.875,0.895,0.876,0.894,0.875,0.895,0.875,0.895,0.875,0.895,0.875,0.895,0.875,0.895,0.875,0.895,0.875,0.895,0.875,0.895,0.875,0.895,0.876,0.894,0.875,0.895,0.875,0.895,0.875,0.895,0.875,0.895,0.875,0.895,0.875,0.895,0.875,0.895,0.875,0.895,0.875,0.895,0.875,0.895,0.875,0.895,0.876,0.894,0.875,0.895,0.875,0.895,0.875,0.895,0.875,0.895,0.876,0.894,0.875,0.895,0.875,0.895,0.875,0.895,0.875,0.895,0.875,0.895,0.875,0.895,0.876,0.894,0.875,0.895,0.875,0.895,0.875,0.895,0.875,0.895,0.875,0.895,0.875,0.895,0.875,0.895,0.875,0.895,0.851,
0.984,0.992,0.995,0.997,0.999,1.0,1.0,1.0,1.0,1.0,1.0,1.0,1.0,1.0,1.0,1.0,1.0,1.0,1.0,1.0,1.0,1.0,1.0,1.0,1.0,1.0,1.0,1.0,1.0,1.0,1.0,1.0,1.0,1.0,1.0,1.0,1.0,1.0,1.0,1.0,1.0,1.0,1.0,1.0,1.0,1.0,1.0,1.0,1.0,1.0,1.0,1.0,1.0,1.0,1.0,1.0,1.0,1.0,1.0,1.0,1.0,1.0,1.0,1.0,1.0,1.0,1.0,1.0,1.0,1.0,1.0,1.0,1.0,1.0,1.0,1.0,1.0,1.0,1.0,1.0,1.0,1.0,1.0,1.0,1.0,1.0,1.0,1.0,1.0,1.0,1.0,1.0,1.0,1.0,1.0,1.0,1.0,1.0,1.0,1.0,
0.783,0.943,0.94,0.957,1.0,0.925,0.953,0.952,0.991,0.951,0.984,0.954,0.985,0.956,0.986,0.963,0.986,0.949,0.99,0.951,0.985,0.967,0.984,0.967,0.984,0.967,0.984,0.967,0.984,0.967,0.984,0.967,0.984,0.967,0.984,0.967,0.984,0.967,0.984,0.967,0.984,0.967,0.984,0.967,0.984,0.967,0.984,0.967,0.984,0.967,0.984,0.967,0.984,0.967,0.984,0.967,0.984,0.967,0.984,0.967,0.984,0.967,0.984,0.967,0.984,0.967,0.984,0.967,0.984,0.967,0.984,0.967,0.984,0.967,0.984,0.967,0.984,0.967,0.984,0.967,0.984,0.967,0.984,0.967,0.984,0.967,0.984,0.967,0.984,0.967,0.984,0.967,0.984,0.967,0.984,0.967,0.984,0.967,0.984,0.846,
0.832,0.907,0.834,0.907,0.833,0.943,0.854,0.914,0.907,0.842,0.907,0.833,0.907,0.833,0.907,0.831,0.971,0.854,0.83,0.907,0.842,0.907,0.833,0.907,0.833,0.907,0.831,0.971,0.854,0.83,0.907,0.842,0.907,0.833,0.907,0.833,0.907,0.831,0.971,0.854,0.83,0.907,0.842,0.907,0.833,0.907,0.833,0.907,0.831,0.971,0.854,0.83,0.907,0.842,0.907,0.833,0.907,0.833,0.907,0.831,0.971,0.854,0.83,0.907,0.842,0.907,0.833,0.907,0.833,0.907,0.831,0.971,0.854,0.83,0.907,0.842,0.907,0.833,0.907,0.833,0.907,0.831,0.971,0.854,0.83,0.907,0.842,0.907,0.833,0.907,0.833,0.907,0.831,0.971,0.854,0.83,0.907,0.842,0.907,0.833,
1.0,0.806,0.988,0.821,0.844,0.863,0.858,0.996,0.836,0.838,0.891,0.804,0.867,0.851,0.837,0.964,0.759,0.989,0.794,0.867,0.846,0.806,0.788,0.871,0.887,0.816,0.987,0.79,0.928,0.813,0.831,0.86,0.844,0.803,0.787,0.871,0.787,0.793,0.989,0.793,0.989,0.791,0.894,0.808,0.871,0.805,0.787,0.871,0.888,0.834,0.871,0.807,0.831,0.847,0.806,0.806,0.845,0.806,0.79,0.871,0.889,0.783,0.871,0.844,0.829,0.845,0.808,0.792,0.871,0.799,0.793,0.984,0.79,0.817,0.882,0.83,0.888,1.0,0.774,0.995,0.831,0.885,0.833,0.845,0.82,0.816,0.871,0.826,0.861,0.871,0.964,0.78,0.871,0.77,0.816,0.881,0.83,0.847,0.983,0.787,
1.0,1.0,1.0,1.0,1.0,1.0,1.0,1.0,1.0,1.0,1.0,1.0,1.0,1.0,1.0,1.0,1.0,1.0,1.0,1.0,1.0,1.0,1.0,1.0,1.0,1.0,1.0,1.0,1.0,1.0,1.0,1.0,1.0,1.0,1.0,1.0,1.0,1.0,1.0,1.0,1.0,1.0,1.0,1.0,1.0,1.0,1.0,1.0,1.0,1.0,1.0,1.0,1.0,1.0,1.0,1.0,1.0,1.0,1.0,1.0,1.0,1.0,1.0,1.0,1.0,1.0,1.0,1.0,1.0,1.0,1.0,1.0,1.0,1.0,1.0,1.0,1.0,1.0,1.0,1.0,1.0,1.0,1.0,1.0,1.0,1.0,1.0,1.0,1.0,1.0,1.0,1.0,1.0,1.0,1.0,1.0,1.0,1.0,1.0,1.0,
0.985,0.99,1.0,0.998,0.992,0.999,0.996,0.992,0.999,0.996,0.992,0.999,0.996,0.992,0.999,0.996,0.992,0.999,0.996,0.992,0.999,0.996,0.992,0.999,0.996,0.992,0.999,0.996,0.992,0.999,0.996,0.992,0.999,0.996,0.992,0.999,0.996,0.992,0.999,0.996,0.992,0.999,0.996,0.992,0.999,0.996,0.992,0.999,0.996,0.992,0.999,0.996,0.992,0.999,0.996,0.992,0.999,0.996,0.992,0.999,0.996,0.992,0.999,0.996,0.992,0.999,0.996,0.992,0.999,0.996,0.992,0.999,0.996,0.992,0.999,0.996,0.992,0.999,0.996,0.992,0.999,0.996,0.992,0.999,0.996,0.992,0.999,0.996,0.992,0.999,0.996,0.992,0.999,0.996,0.992,0.999,0.996,0.992,0.999,0.937,
0.995,0.995,0.995,0.995,0.995,0.995,0.995,0.995,0.995,0.995,0.995,0.998,0.999,1.0,0.997,0.999,0.995,0.995,0.995,0.997,0.999,0.995,0.995,0.995,0.995,0.995,0.995,0.995,0.995,0.995,0.995,0.998,0.999,1.0,0.997,0.999,0.995,0.995,0.995,0.997,0.999,0.995,0.995,0.995,0.995,0.995,0.995,0.995,0.995,0.995,0.995,0.998,0.999,1.0,0.997,0.999,0.995,0.995,0.995,0.997,0.999,0.995,0.995,0.995,0.995,0.995,0.995,0.995,0.995,0.995,0.997,0.996,0.995,0.995,0.995,0.995,0.995,0.995,0.995,0.995,0.995,0.995,0.995,0.995,0.995,0.995,0.995,0.995,0.995,0.995,0.995,0.995,0.995,0.995,0.995,0.995,0.995,0.995,0.995,0.995,
1.0,0.776,0.925,0.885,0.864,0.847,0.9,0.842,0.873,0.859,0.847,0.9,0.842,0.898,0.846,0.9,0.846,0.9,0.873,0.846,0.9,0.845,0.905,0.846,0.846,0.843,0.853,0.906,0.846,0.905,0.846,0.9,0.842,0.9,0.873,0.846,0.9,0.845,0.905,0.846,0.846,0.9,0.846,0.871,0.844,0.905,0.846,0.865,0.844,0.9,0.873,0.846,0.9,0.845,0.905,0.846,0.846,0.843,0.853,0.906,0.846,0.905,0.846,0.9,0.842,0.9,0.873,0.846,0.9,0.845,0.905,0.846,0.846,0.9,0.846,0.871,0.844,0.905,0.846,0.865,0.844,0.9,0.873,0.846,0.9,0.845,0.905,0.846,0.846,0.843,0.853,0.906,0.846,0.905,0.846,0.9,0.842,0.9,0.873,0.761,
0.913,0.935,1.0,0.959,1.0,0.959,1.0,0.959,1.0,0.959,1.0,0.959,1.0,0.959,1.0,0.959,1.0,0.959,1.0,0.959,1.0,0.959,1.0,0.959,1.0,0.959,1.0,0.959,1.0,0.959,1.0,0.959,1.0,0.959,1.0,0.959,1.0,0.959,1.0,0.959,1.0,0.959,1.0,0.959,1.0,0.959,1.0,0.959,1.0,0.959,1.0,0.959,1.0,0.959,1.0,0.959,1.0,0.959,1.0,0.959,1.0,0.959,1.0,0.959,1.0,0.959,1.0,0.959,1.0,0.959,1.0,0.959,1.0,0.959,1.0,0.959,1.0,0.959,1.0,0.959,1.0,0.959,1.0,0.959,1.0,0.959,1.0,0.959,1.0,0.959,1.0,0.959,1.0,0.959,1.0,0.959,1.0,0.959,1.0,0.846,
1.0,0.933,1.0,0.938,1.0,0.938,1.0,0.938,1.0,0.938,1.0,0.938,1.0,0.938,1.0,0.938,1.0,0.938,1.0,0.938,1.0,0.938,1.0,0.938,1.0,0.938,1.0,0.938,1.0,0.938,1.0,0.938,1.0,0.938,1.0,0.938,1.0,0.938,1.0,0.938,1.0,0.938,1.0,0.938,1.0,0.938,1.0,0.938,1.0,0.938,1.0,0.938,1.0,0.938,1.0,0.938,1.0,0.938,1.0,0.938,1.0,0.938,1.0,0.938,1.0,0.938,1.0,0.938,1.0,0.938,1.0,0.938,1.0,0.938,1.0,0.938,1.0,0.938,1.0,0.938,1.0,0.938,1.0,0.938,1.0,0.938,1.0,0.938,1.0,0.938,1.0,0.938,1.0,0.938,1.0,0.938,1.0,0.938,1.0,0.925,
1.0,0.858,0.777,0.762,0.704,0.831,0.781,0.78,0.767,0.793,0.77,0.769,0.769,0.8,0.761,0.798,0.761,0.757,0.768,0.789,0.773,0.768,0.792,0.77,0.763,0.799,0.768,0.766,0.799,0.761,0.798,0.761,0.757,0.772,0.766,0.799,0.765,0.728,0.776,0.77,0.769,0.767,0.773,0.764,0.799,0.765,0.789,0.773,0.771,0.786,0.761,0.769,0.728,0.776,0.774,0.766,0.799,0.761,0.798,0.763,0.788,0.773,0.771,0.728,0.776,0.774,0.766,0.799,0.761,0.798,0.763,0.788,0.773,0.768,0.792,0.77,0.769,0.767,0.799,0.761,0.798,0.761,0.757,0.772,0.766,0.799,0.765,0.728,0.776,0.77,0.769,0.767,0.773,0.764,0.799,0.761,0.798,0.761,0.757,0.703,
0.989,0.967,0.992,0.966,0.983,1.0,0.887,1.0,0.887,0.993,0.889,0.999,0.888,0.994,0.891,0.992,0.989,0.937,0.989,0.995,0.887,1.0,0.887,0.993,0.889,0.999,0.888,0.994,0.891,0.992,0.989,0.937,0.989,0.995,0.887,1.0,0.887,0.993,0.889,0.999,0.888,0.994,0.891,0.992,0.989,0.937,0.989,0.995,0.887,1.0,0.887,0.993,0.889,0.999,0.888,0.994,0.891,0.992,0.989,0.937,0.989,0.995,0.887,1.0,0.887,0.993,0.889,0.999,0.888,0.994,0.891,0.992,0.989,0.937,0.989,0.995,0.887,1.0,0.887,0.993,0.889,0.999,0.888,0.994,0.891,0.992,0.989,0.937,0.989,0.995,0.887,1.0,0.887,0.993,0.889,0.999,0.888,0.994,0.891,0.949,
0.906,0.947,0.945,0.97,0.948,0.972,1.0,0.954,0.988,0.971,0.994,0.967,0.994,0.967,0.994,0.967,0.994,0.967,0.994,0.967,0.994,0.967,0.994,0.967,0.994,0.967,0.994,0.967,0.998,0.956,0.989,0.971,0.994,0.967,0.994,0.967,0.994,0.967,0.994,0.967,0.994,0.967,0.994,0.967,0.994,0.967,0.994,0.967,0.994,0.967,0.994,0.967,0.994,0.967,0.998,0.956,0.989,0.971,0.994,0.967,0.994,0.967,0.994,0.967,0.994,0.967,0.994,0.967,0.994,0.967,0.994,0.967,0.994,0.967,0.994,0.967,0.994,0.967,0.994,0.967,0.998,0.956,0.989,0.971,0.994,0.967,0.994,0.967,0.994,0.967,0.994,0.967,0.994,0.967,0.994,0.967,0.994,0.967,0.994,0.913,
0.996,1.0,0.996,1.0,0.996,1.0,0.996,1.0,0.996,1.0,0.996,1.0,0.996,1.0,0.996,1.0,0.996,1.0,0.996,1.0,0.996,1.0,0.996,1.0,0.996,1.0,0.996,1.0,0.996,1.0,0.996,1.0,0.996,1.0,0.996,1.0,0.996,1.0,0.996,1.0,0.996,1.0,0.996,1.0,0.996,1.0,0.996,1.0,0.996,1.0,0.996,1.0,0.996,1.0,0.996,1.0,0.996,1.0,0.996,1.0,0.996,1.0,0.996,1.0,0.996,1.0,0.996,1.0,0.996,1.0,0.996,1.0,0.996,1.0,0.996,1.0,0.996,1.0,0.996,1.0,0.996,1.0,0.996,1.0,0.996,1.0,0.996,1.0,0.996,1.0,0.996,1.0,0.996,1.0,0.996,1.0,0.996,1.0,0.996,1.0,
0.805,0.844,0.894,0.89,0.987,0.847,0.869,0.99,0.843,0.869,1.0,0.843,0.869,0.99,0.843,0.869,1.0,0.843,0.869,0.99,0.843,0.869,1.0,0.843,0.869,0.99,0.843,0.869,1.0,0.843,0.869,0.99,0.843,0.869,1.0,0.843,0.869,0.99,0.843,0.869,1.0,0.843,0.869,0.99,0.843,0.869,1.0,0.843,0.869,0.99,0.843,0.869,1.0,0.843,0.869,0.99,0.843,0.869,1.0,0.843,0.869,0.99,0.843,0.869,1.0,0.843,0.869,0.99,0.843,0.869,1.0,0.843,0.869,0.99,0.843,0.869,1.0,0.843,0.869,0.99,0.843,0.869,1.0,0.843,0.869,0.99,0.843,0.869,1.0,0.843,0.869,0.99,0.843,0.869,1.0,0.843,0.869,0.99,0.843,0.869,
0.943,0.946,0.935,0.945,0.95,0.979,0.932,0.949,0.961,0.955,0.949,0.968,0.951,0.974,0.958,0.957,0.957,0.965,0.948,0.957,0.96,0.958,0.957,0.962,0.955,0.953,0.959,0.96,0.948,0.965,0.95,0.953,0.959,0.96,0.948,0.965,0.95,0.953,0.959,0.96,0.948,0.965,0.95,0.953,0.959,0.96,0.948,0.965,0.95,0.953,0.959,0.96,0.948,0.965,0.95,0.953,0.959,0.96,0.948,0.965,0.95,0.953,0.959,0.96,0.948,0.965,0.95,0.953,0.959,0.96,0.948,0.965,0.95,0.953,0.959,0.96,0.948,0.965,0.95,0.953,0.959,0.96,0.948,0.965,0.95,0.953,0.959,0.96,0.948,0.965,0.95,0.953,0.959,0.96,0.948,0.965,0.95,0.953,0.959,0.927,
0.859,0.99,0.962,0.98,1.0,0.967,0.99,0.964,0.99,0.964,0.99,0.964,0.99,0.964,0.99,0.964,0.99,0.964,0.99,0.964,0.99,0.964,0.99,0.964,0.99,0.964,0.99,0.964,0.99,0.964,0.99,0.964,0.99,0.964,0.99,0.964,0.99,0.964,0.99,0.964,0.99,0.964,0.99,0.964,0.99,0.964,0.99,0.964,0.99,0.964,0.99,0.964,0.99,0.964,0.99,0.964,0.99,0.964,0.99,0.964,0.99,0.964,0.99,0.964,0.99,0.964,0.99,0.964,0.99,0.964,0.99,0.964,0.99,0.964,0.99,0.964,0.99,0.964,0.99,0.964,0.99,0.964,0.99,0.964,0.99,0.964,0.99,0.964,0.99,0.964,0.99,0.964,0.99,0.964,0.99,0.964,0.99,0.964,0.99,0.865,
0.995,1.0,0.995,0.999,0.995,0.999,0.995,0.999,0.995,0.999,0.995,0.999,0.995,0.999,0.995,0.999,0.995,0.999,0.995,0.999,0.995,0.999,0.995,0.999,0.995,0.999,0.995,0.999,0.995,0.999,0.995,0.999,0.995,0.999,0.995,0.999,0.995,0.999,0.995,0.999,0.995,0.999,0.995,0.999,0.995,0.999,0.995,0.999,0.995,0.999,0.995,0.999,0.995,0.999,0.995,0.999,0.995,0.999,0.995,0.999,0.995,0.999,0.995,0.999,0.995,0.999,0.995,0.999,0.995,0.999,0.995,0.999,0.995,0.999,0.995,0.999,0.995,0.999,0.995,0.999,0.995,0.999,0.995,0.999,0.995,0.999,0.995,0.999,0.995,0.999,0.995,0.999,0.995,0.999,0.995,0.999,0.995,0.999,0.995,0.979,
1.0,1.0,1.0,1.0,1.0,1.0,1.0,1.0,1.0,1.0,1.0,1.0,1.0,1.0,1.0,1.0,1.0,1.0,1.0,1.0,1.0,1.0,1.0,1.0,1.0,1.0,1.0,1.0,1.0,1.0,1.0,1.0,1.0,1.0,1.0,1.0,1.0,1.0,1.0,1.0,1.0,1.0,1.0,1.0,1.0,1.0,1.0,1.0,1.0,1.0,1.0,1.0,1.0,1.0,1.0,1.0,1.0,1.0,1.0,1.0,1.0,1.0,1.0,1.0,1.0,1.0,1.0,1.0,1.0,1.0,1.0,1.0,1.0,1.0,1.0,1.0,1.0,1.0,1.0,1.0,1.0,1.0,1.0,1.0,1.0,1.0,1.0,1.0,1.0,1.0,1.0,1.0,1.0,1.0,1.0,1.0,1.0,1.0,1.0,0.976,
0.986,0.897,1.0,0.968,0.986,0.97,0.988,0.97,0.988,0.97,0.988,0.97,0.988,0.97,0.988,0.97,0.988,0.97,0.988,0.97,0.988,0.979,0.989,0.968,0.99,0.968,0.99,0.968,0.99,0.968,0.99,0.968,0.99,0.975,0.991,0.974,0.991,0.974,0.991,0.968,0.99,0.968,0.99,0.968,0.99,0.968,0.99,0.968,0.99,0.968,0.99,0.975,0.991,0.968,0.99,0.968,0.99,0.968,0.99,0.968,0.99,0.968,0.99,0.968,0.99,0.968,0.99,0.968,0.99,0.968,0.99,0.968,0.99,0.968,0.99,0.968,0.99,0.968,0.99,0.968,0.99,0.968,0.99,0.968,0.99,0.968,0.99,0.968,0.99,0.968,0.99,0.968,0.99,0.968,0.99,0.968,0.99,0.968,0.99,0.873,
0.977,0.953,0.98,1.0,0.996,1.0,0.996,0.986,0.968,0.979,0.999,0.987,0.978,0.991,0.982,0.991,0.981,0.991,0.981,0.987,0.978,0.987,0.978,0.99,0.982,0.991,0.982,0.991,0.981,0.991,0.981,0.987,0.978,0.987,0.978,0.99,0.982,0.991,0.982,0.991,0.981,0.991,0.981,0.987,0.978,0.987,0.978,0.99,0.982,0.991,0.982,0.991,0.981,0.991,0.981,0.987,0.978,0.987,0.978,0.99,0.982,0.991,0.982,0.991,0.981,0.991,0.981,0.987,0.978,0.987,0.978,0.99,0.982,0.991,0.982,0.991,0.981,0.991,0.981,0.987,0.978,0.987,0.978,0.99,0.982,0.991,0.982,0.991,0.981,0.991,0.981,0.987,0.978,0.987,0.978,0.99,0.982,0.991,0.982,0.899,
0.978,1.0,0.978,1.0,0.978,1.0,0.978,1.0,0.978,1.0,0.978,1.0,0.978,1.0,0.978,1.0,0.978,1.0,0.978,1.0,0.978,1.0,0.978,1.0,0.978,1.0,0.978,1.0,0.978,1.0,0.978,1.0,0.978,1.0,0.978,1.0,0.978,1.0,0.978,1.0,0.978,1.0,0.978,1.0,0.978,1.0,0.978,1.0,0.978,1.0,0.978,1.0,0.978,1.0,0.978,1.0,0.978,1.0,0.978,1.0,0.978,1.0,0.978,1.0,0.978,1.0,0.978,1.0,0.978,1.0,0.978,1.0,0.978,1.0,0.978,1.0,0.978,1.0,0.978,1.0,0.978,1.0,0.978,1.0,0.978,1.0,0.978,1.0,0.978,1.0,0.978,1.0,0.978,1.0,0.978,1.0,0.978,1.0,0.978,0.993,
0.912,0.933,0.963,0.922,0.925,1.0,0.919,0.918,0.916,0.922,0.917,0.922,0.917,0.922,0.917,0.922,0.917,0.922,0.917,0.922,0.917,0.922,0.917,0.922,0.917,0.922,0.917,0.922,0.917,0.922,0.917,0.922,0.917,0.922,0.917,0.922,0.917,0.922,0.917,0.922,0.917,0.922,0.917,0.922,0.917,0.922,0.917,0.922,0.917,0.922,0.917,0.922,0.917,0.922,0.917,0.922,0.917,0.922,0.917,0.922,0.917,0.922,0.917,0.922,0.917,0.922,0.917,0.922,0.917,0.922,0.917,0.922,0.917,0.922,0.917,0.922,0.917,0.922,0.917,0.922,0.917,0.922,0.917,0.922,0.917,0.922,0.917,0.922,0.917,0.922,0.917,0.922,0.917,0.922,0.917,0.922,0.917,0.922,0.917,0.918,
0.861,0.849,1.0,0.863,0.851,0.847,0.834,0.86,0.843,0.826,0.853,0.845,0.826,0.854,0.851,0.826,0.861,0.844,0.826,0.854,0.851,0.826,0.861,0.844,0.826,0.854,0.851,0.826,0.861,0.844,0.826,0.854,0.851,0.826,0.861,0.844,0.826,0.854,0.851,0.826,0.861,0.844,0.826,0.854,0.851,0.826,0.861,0.844,0.826,0.854,0.851,0.826,0.861,0.844,0.826,0.854,0.851,0.826,0.861,0.844,0.826,0.854,0.851,0.826,0.861,0.844,0.826,0.854,0.851,0.826,0.861,0.844,0.826,0.854,0.851,0.826,0.861,0.844,0.826,0.854,0.851,0.826,0.861,0.844,0.826,0.854,0.851,0.826,0.861,0.844,0.826,0.854,0.851,0.826,0.861,0.844,0.826,0.854,0.851,0.826,
0.848,0.973,0.832,0.993,0.828,0.993,0.825,0.979,0.827,0.993,0.826,0.993,0.827,0.993,0.827,0.979,0.83,0.983,0.829,0.982,0.829,0.982,0.829,0.982,0.829,0.993,0.829,0.993,0.829,0.993,0.786,0.98,0.825,0.979,0.827,0.993,0.827,0.979,0.83,0.982,0.829,0.982,0.829,0.993,0.826,0.985,0.83,0.993,0.794,0.993,0.826,0.979,0.829,0.979,0.829,0.982,0.829,0.982,0.829,0.982,0.857,0.982,0.829,0.982,0.829,1.0,0.823,0.993,0.793,0.982,0.829,0.993,0.826,0.993,0.826,0.979,0.829,0.979,0.829,0.993,0.829,0.993,0.829,0.993,0.829,0.993,0.829,0.993,0.829,0.993,0.793,0.99,0.829,0.993,0.829,0.993,0.829,0.993,0.829,0.866,
1.0,0.995,0.987,0.995,0.987,0.995,0.987,0.995,0.987,0.995,0.987,0.995,0.987,0.995,0.987,0.995,0.987,0.995,0.987,0.995,0.987,0.995,0.987,0.995,0.987,0.995,0.987,0.995,0.987,0.995,0.987,0.995,0.987,0.995,0.987,0.995,0.987,0.995,0.987,0.995,0.987,0.995,0.987,0.995,0.987,0.995,0.987,0.995,0.987,0.995,0.987,0.995,0.987,0.995,0.987,0.995,0.987,0.995,0.987,0.995,0.987,0.995,0.987,0.995,0.987,0.995,0.987,0.995,0.987,0.995,0.987,0.995,0.987,0.995,0.987,0.995,0.987,0.995,0.987,0.995,0.987,0.995,0.987,0.995,0.987,0.995,0.987,0.995,0.987,0.995,0.987,0.995,0.987,0.995,0.987,0.995,0.987,0.995,0.987,0.81,
0.938,0.958,0.958,0.966,0.998,0.927,0.964,0.968,1.0,0.927,0.964,0.968,1.0,0.927,0.964,0.968,1.0,0.927,0.964,0.968,1.0,0.927,0.964,0.968,1.0,0.927,0.964,0.968,1.0,0.927,0.964,0.968,1.0,0.927,0.964,0.968,1.0,0.927,0.964,0.968,1.0,0.927,0.964,0.968,1.0,0.927,0.964,0.968,1.0,0.927,0.964,0.968,1.0,0.927,0.964,0.968,1.0,0.927,0.964,0.968,1.0,0.927,0.964,0.968,1.0,0.927,0.964,0.968,1.0,0.927,0.964,0.968,1.0,0.927,0.964,0.968,1.0,0.927,0.964,0.968,1.0,0.927,0.964,0.968,1.0,0.927,0.964,0.968,1.0,0.927,0.964,0.968,1.0,0.927,0.964,0.968,1.0,0.927,0.964,0.928,
0.914,0.829,0.805,0.705,0.873,0.735,1.0,0.709,0.914,0.698,0.977,0.609,0.914,0.709,0.938,0.686,0.997,0.711,0.914,0.645,0.874,0.659,0.874,0.734,0.997,0.71,0.914,0.7,0.977,0.687,0.977,0.61,0.914,0.708,0.938,0.711,0.997,0.711,0.914,0.698,0.977,0.608,0.914,0.708,0.938,0.705,0.997,0.694,0.914,0.652,0.874,0.736,0.997,0.709,0.914,0.703,0.977,0.608,0.914,0.708,0.938,0.705,0.997,0.709,0.914,0.655,0.874,0.708,0.954,0.729,0.997,0.707,0.914,0.718,0.977,0.687,0.977,0.7,0.914,0.625,0.878,0.697,0.935,0.712,0.886,0.723,0.996,0.711,0.914,0.652,0.874,0.638,0.874,0.709,0.997,0.709,0.914,0.699,0.977,0.612,
1.0,0.884,0.973,0.899,0.973,0.97,0.961,0.973,0.954,0.995,0.893,0.973,0.97,0.961,0.973,0.954,0.995,0.893,0.973,0.97,0.961,0.973,0.954,0.995,0.893,0.973,0.97,0.961,0.973,0.954,0.995,0.893,0.973,0.97,0.961,0.973,0.954,0.995,0.893,0.973,0.97,0.961,0.973,0.954,0.995,0.893,0.973,0.97,0.961,0.973,0.954,0.995,0.893,0.973,0.97,0.961,0.973,0.954,0.995,0.893,0.973,0.97,0.961,0.973,0.954,0.995,0.893,0.973,0.97,0.961,0.973,0.954,0.995,0.893,0.973,0.97,0.961,0.973,0.954,0.995,0.893,0.973,0.97,0.961,0.973,0.954,0.995,0.893,0.973,0.97,0.961,0.973,0.954,0.995,0.893,0.973,0.97,0.961,0.973,0.888,
0.924,0.999,0.998,0.986,0.996,0.986,0.986,1.0,0.986,0.986,1.0,0.986,0.986,1.0,0.986,0.986,1.0,0.986,0.986,1.0,0.986,0.986,1.0,0.986,0.986,1.0,0.986,0.986,1.0,0.986,0.986,1.0,0.986,0.986,1.0,0.986,0.986,1.0,0.986,0.986,1.0,0.986,0.986,1.0,0.986,0.986,1.0,0.986,0.986,1.0,0.986,0.986,1.0,0.986,0.986,1.0,0.986,0.986,1.0,0.986,0.986,1.0,0.986,0.986,1.0,0.986,0.986,1.0,0.986,0.986,1.0,0.986,0.986,1.0,0.986,0.986,1.0,0.986,0.986,1.0,0.986,0.986,1.0,0.986,0.986,1.0,0.986,0.986,1.0,0.986,0.986,1.0,0.986,0.986,1.0,0.986,0.986,1.0,0.986,0.927,
0.96,0.828,0.919,0.911,0.921,0.895,0.925,1.0,0.913,0.913,0.941,0.923,0.939,0.98,0.922,0.934,0.939,0.913,0.949,0.969,0.922,0.934,0.939,0.913,0.949,0.969,0.922,0.934,0.939,0.913,0.949,0.969,0.922,0.934,0.939,0.913,0.949,0.969,0.922,0.934,0.939,0.913,0.949,0.969,0.922,0.934,0.939,0.913,0.949,0.969,0.922,0.934,0.939,0.913,0.949,0.969,0.922,0.934,0.939,0.913,0.949,0.969,0.922,0.934,0.939,0.913,0.949,0.969,0.922,0.934,0.939,0.913,0.949,0.969,0.922,0.934,0.939,0.913,0.949,0.969,0.922,0.934,0.939,0.913,0.949,0.969,0.922,0.934,0.939,0.913,0.949,0.969,0.922,0.934,0.939,0.913,0.949,0.969,0.922,0.899,
0.909,0.981,0.994,0.983,1.0,0.983,0.985,0.996,0.984,0.987,0.988,0.998,0.985,0.987,0.988,0.998,0.985,0.987,0.988,0.998,0.985,0.987,0.988,0.998,0.985,0.987,0.988,0.998,0.985,0.987,0.988,0.998,0.985,0.987,0.988,0.998,0.985,0.987,0.988,0.998,0.985,0.987,0.988,0.998,0.985,0.987,0.988,0.998,0.985,0.987,0.988,0.998,0.985,0.987,0.988,0.998,0.985,0.987,0.988,0.998,0.985,0.987,0.988,0.998,0.985,0.987,0.988,0.998,0.985,0.987,0.988,0.998,0.985,0.987,0.988,0.998,0.985,0.987,0.988,0.998,0.985,0.987,0.988,0.998,0.985,0.987,0.988,0.998,0.985,0.987,0.988,0.998,0.985,0.987,0.988,0.998,0.985,0.987,0.988,0.844,
0.983,0.989,1.0,1.0,1.0,1.0,1.0,1.0,1.0,1.0,1.0,1.0,1.0,1.0,1.0,1.0,1.0,1.0,1.0,1.0,1.0,1.0,1.0,1.0,1.0,1.0,1.0,1.0,1.0,1.0,1.0,1.0,1.0,1.0,1.0,1.0,1.0,1.0,1.0,1.0,1.0,1.0,1.0,1.0,1.0,1.0,1.0,1.0,1.0,1.0,1.0,1.0,1.0,1.0,1.0,1.0,1.0,1.0,1.0,1.0,1.0,1.0,1.0,1.0,1.0,1.0,1.0,1.0,1.0,1.0,1.0,1.0,1.0,1.0,1.0,1.0,1.0,1.0,1.0,1.0,1.0,1.0,1.0,1.0,1.0,1.0,1.0,1.0,1.0,1.0,1.0,1.0,1.0,1.0,1.0,1.0,1.0,1.0,1.0,1.0,
0.863,0.971,0.93,0.983,0.971,0.983,0.937,0.987,0.944,0.971,0.971,0.938,0.971,0.94,0.971,0.982,0.971,0.987,0.971,0.983,0.971,0.938,0.971,0.938,0.994,0.938,0.984,0.984,0.971,0.983,0.971,0.938,0.994,0.938,0.984,0.967,0.971,0.971,0.971,0.982,0.971,0.963,0.94,0.971,0.971,0.936,0.985,0.936,1.0,0.943,0.988,0.971,0.984,0.985,0.946,0.983,0.937,0.986,0.944,0.988,0.944,0.994,0.94,0.964,0.985,0.971,0.984,0.945,0.971,0.971,0.937,0.995,0.94,0.989,0.937,0.982,0.94,0.982,0.984,0.944,0.971,0.971,0.938,0.971,0.966,0.971,0.971,0.971,0.982,0.971,0.968,0.971,0.971,0.968,0.971,0.971,0.971,0.971,0.971,0.932,
1.0,1.0,1.0,1.0,1.0,1.0,1.0,1.0,1.0,1.0,1.0,1.0,1.0,1.0,1.0,1.0,1.0,1.0,1.0,1.0,1.0,1.0,1.0,1.0,1.0,1.0,1.0,1.0,1.0,1.0,1.0,1.0,1.0,1.0,1.0,1.0,1.0,1.0,1.0,1.0,1.0,1.0,1.0,1.0,1.0,1.0,1.0,1.0,1.0,1.0,1.0,1.0,1.0,1.0,1.0,1.0,1.0,1.0,1.0,1.0,1.0,1.0,1.0,1.0,1.0,1.0,1.0,1.0,1.0,1.0,1.0,1.0,1.0,1.0,1.0,1.0,1.0,1.0,1.0,1.0,1.0,1.0,1.0,1.0,1.0,1.0,1.0,1.0,1.0,1.0,1.0,1.0,1.0,1.0,1.0,1.0,1.0,1.0,1.0,1.0,
1.0,0.962,0.935,0.929,0.962,0.929,0.962,0.933,0.962,0.941,0.962,0.929,0.962,0.929,0.962,0.951,0.962,0.929,0.962,0.943,0.962,0.929,0.962,0.929,0.962,0.929,0.962,0.929,0.962,0.929,0.962,0.929,0.962,0.929,0.962,0.929,0.962,0.929,0.962,0.929,0.962,0.929,0.962,0.929,0.962,0.95,0.962,0.929,0.962,0.934,0.962,0.959,0.962,0.929,0.962,0.929,0.962,0.929,0.962,0.951,0.962,0.929,0.962,0.947,0.962,0.939,0.962,0.938,0.962,0.929,0.962,0.929,0.962,0.929,0.962,0.929,0.962,0.95,0.962,0.929,0.962,0.929,0.962,0.929,0.962,0.929,0.962,0.945,0.962,0.929,0.962,0.929,0.962,0.945,0.962,0.947,0.962,0.948,0.962,0.929,
0.89,0.881,0.94,0.925,0.928,0.917,0.905,0.958,0.929,0.945,0.954,0.959,0.954,0.955,0.954,0.955,0.954,0.982,0.954,1.0,0.954,0.942,0.995,0.931,0.954,0.942,0.954,0.965,0.954,0.952,0.954,0.992,0.954,0.942,0.995,0.931,0.954,0.942,0.954,0.965,0.954,0.952,0.954,0.992,0.954,0.942,0.995,0.931,0.954,0.942,0.954,0.965,0.954,0.952,0.954,0.992,0.954,0.942,0.995,0.931,0.954,0.942,0.954,0.965,0.954,0.952,0.954,0.992,0.954,0.942,0.995,0.931,0.954,0.942,0.954,0.965,0.954,0.952,0.954,0.992,0.954,0.942,0.995,0.931,0.954,0.942,0.954,0.965,0.954,0.946,0.954,0.992,0.954,0.942,0.995,0.931,0.954,0.942,0.954,0.86,
1.0,0.992,0.992,0.992,0.992,0.992,0.992,0.992,0.992,0.992,0.992,0.992,0.992,0.992,0.992,0.992,0.992,0.992,0.992,0.992,0.992,0.992,0.992,0.992,0.992,0.992,0.992,0.992,0.992,0.992,0.992,0.992,0.992,0.992,0.992,0.992,0.992,0.992,0.992,0.992,0.992,0.992,0.992,0.992,0.992,0.992,0.992,0.992,0.992,0.992,0.992,0.992,0.992,0.992,0.992,0.992,0.992,0.992,0.992,0.992,0.992,0.992,0.992,0.992,0.992,0.992,0.992,0.992,0.992,0.992,0.992,0.992,0.992,0.992,0.992,0.992,0.992,0.992,0.992,0.992,0.992,0.992,0.992,0.992,0.992,0.992,0.992,0.992,0.992,0.992,0.992,0.992,0.992,0.992,0.992,0.992,0.992,0.992,0.992,0.963,
0.839,0.911,0.94,0.912,0.924,0.913,0.921,0.916,0.924,0.915,0.908,0.936,0.914,0.929,0.915,0.93,0.916,0.909,0.91,0.923,0.908,0.91,0.909,1.0,0.906,0.908,0.917,0.973,0.949,0.907,0.921,0.914,0.924,0.907,0.917,0.914,0.91,0.906,0.921,0.907,0.917,0.911,0.917,0.911,0.917,0.911,0.917,0.921,0.931,0.91,0.918,0.906,0.917,0.907,0.913,0.907,0.921,0.909,0.917,0.909,0.917,0.911,0.917,0.911,0.916,0.911,0.917,0.921,0.931,0.91,0.918,0.906,0.917,0.912,0.913,0.911,0.922,0.911,0.917,0.911,0.916,0.911,0.917,0.911,0.917,0.911,0.917,0.911,0.917,0.911,0.917,0.911,0.916,0.911,0.917,0.911,0.917,0.911,0.916,0.852,
0.856,1.0,0.826,1.0,0.832,1.0,0.84,1.0,0.823,0.997,0.832,0.996,0.841,0.996,0.828,0.998,0.836,0.998,0.844,0.999,0.824,0.995,0.832,0.998,0.84,0.998,0.828,0.995,0.836,0.998,0.844,0.999,0.824,0.995,0.832,0.998,0.84,0.998,0.828,0.995,0.836,0.998,0.844,0.999,0.824,0.995,0.832,0.998,0.84,0.998,0.828,0.995,0.836,0.998,0.844,0.999,0.824,0.995,0.832,0.998,0.84,0.998,0.828,0.995,0.836,0.998,0.844,0.999,0.824,0.995,0.832,0.998,0.84,0.998,0.828,0.995,0.836,0.998,0.844,0.999,0.824,0.995,0.832,0.998,0.84,0.998,0.828,0.995,0.836,0.998,0.844,0.999,0.824,0.995,0.832,0.998,0.84,0.998,0.828,0.934,
0.939,0.975,0.975,0.981,0.981,0.98,0.979,0.962,0.999,0.962,1.0,0.981,0.981,0.98,0.979,0.962,0.999,0.962,1.0,0.981,0.98,0.981,0.981,0.98,0.979,0.962,0.999,0.962,1.0,0.981,0.981,0.98,0.979,0.962,0.999,0.962,1.0,0.981,0.981,0.98,0.979,0.962,0.999,0.962,1.0,0.981,0.98,0.981,0.981,0.981,0.98,0.981,0.981,0.98,0.979,0.962,0.999,0.962,1.0,0.981,0.981,0.98,0.979,0.962,0.999,0.962,1.0,0.981,0.981,0.98,0.979,0.962,0.999,0.962,1.0,0.981,0.981,0.98,0.979,0.962,0.999,0.962,1.0,0.981,0.98,0.981,0.981,0.98,0.979,0.962,0.999,0.962,1.0,0.981,0.981,0.981,0.981,0.98,0.979,0.914,
0.875,0.917,0.924,0.924,1.0,0.909,0.924,0.917,0.924,0.917,0.924,0.917,0.924,0.917,0.924,0.917,0.924,0.917,0.924,0.917,0.924,0.917,0.924,0.917,0.924,0.917,0.924,0.917,0.924,0.917,0.924,0.917,0.924,0.917,0.924,0.917,0.924,0.917,0.924,0.917,0.924,0.917,0.924,0.917,0.924,0.917,0.924,0.917,0.924,0.917,0.924,0.917,0.924,0.917,0.924,0.917,0.924,0.917,0.924,0.917,0.924,0.917,0.924,0.917,0.924,0.917,0.924,0.917,0.924,0.917,0.924,0.917,0.924,0.917,0.924,0.917,0.924,0.917,0.924,0.917,0.924,0.917,0.924,0.917,0.924,0.917,0.924,0.917,0.924,0.917,0.924,0.917,0.924,0.917,0.924,0.917,0.924,0.917,0.924,0.905,
0.95,1.0,0.918,0.987,0.917,0.987,0.913,0.987,0.914,0.987,0.913,0.987,0.914,0.987,0.913,0.987,0.914,0.987,0.913,0.987,0.914,0.987,0.913,0.987,0.914,0.987,0.913,0.987,0.914,0.987,0.913,0.987,0.914,0.987,0.913,0.987,0.914,0.987,0.913,0.987,0.914,0.987,0.913,0.987,0.914,0.987,0.913,0.987,0.914,0.987,0.913,0.987,0.914,0.987,0.913,0.987,0.914,0.987,0.913,0.987,0.914,0.987,0.913,0.987,0.914,0.987,0.913,0.987,0.914,0.987,0.913,0.987,0.914,0.987,0.913,0.987,0.914,0.987,0.913,0.987,0.914,0.987,0.913,0.987,0.914,0.987,0.913,0.987,0.914,0.987,0.913,0.987,0.914,0.987,0.913,0.987,0.914,0.987,0.913,0.987,
0.865,0.967,0.951,1.0,0.906,0.996,0.906,0.998,0.906,0.998,0.906,0.998,0.906,0.998,0.906,0.998,0.906,0.998,0.906,0.998,0.906,0.998,0.906,0.998,0.906,0.998,0.906,0.998,0.906,0.991,0.95,0.997,0.907,0.991,0.906,0.998,0.906,0.998,0.906,0.998,0.906,0.998,0.906,0.998,0.906,0.998,0.906,0.998,0.906,0.998,0.906,0.998,0.906,0.998,0.906,0.998,0.906,0.998,0.906,0.998,0.906,0.998,0.906,0.998,0.906,0.998,0.906,0.998,0.906,0.998,0.906,0.998,0.906,0.998,0.906,0.998,0.906,0.998,0.906,0.998,0.906,0.998,0.906,0.998,0.906,0.998,0.906,0.998,0.906,0.998,0.906,0.998,0.906,0.998,0.906,0.998,0.906,0.998,0.906,0.827,
0.916,1.0,0.916,0.999,0.916,1.0,0.916,0.999,0.916,1.0,0.916,0.999,0.916,1.0,0.916,0.999,0.916,1.0,0.916,0.999,0.916,1.0,0.916,0.999,0.916,1.0,0.916,0.999,0.916,1.0,0.916,0.999,0.916,1.0,0.916,0.999,0.916,1.0,0.916,0.999,0.916,1.0,0.916,0.999,0.916,1.0,0.916,0.999,0.916,1.0,0.916,0.999,0.916,1.0,0.916,0.999,0.916,1.0,0.916,0.999,0.916,1.0,0.916,0.999,0.916,1.0,0.916,0.999,0.916,1.0,0.916,0.999,0.916,1.0,0.916,0.999,0.916,1.0,0.916,0.999,0.916,1.0,0.916,0.999,0.916,1.0,0.916,0.999,0.916,1.0,0.916,0.999,0.916,1.0,0.916,0.999,0.916,1.0,0.916,0.983,
0.807,0.817,0.837,0.807,0.836,0.807,0.833,0.855,0.988,0.958,1.0,0.958,1.0,0.958,1.0,0.958,1.0,0.958,1.0,0.958,1.0,0.958,1.0,0.958,1.0,0.958,1.0,0.958,1.0,0.958,1.0,0.958,1.0,0.958,1.0,0.958,1.0,0.958,1.0,0.958,1.0,0.958,1.0,0.958,1.0,0.958,1.0,0.958,1.0,0.958,1.0,0.958,1.0,0.958,1.0,0.958,1.0,0.958,1.0,0.958,1.0,0.958,1.0,0.958,1.0,0.958,1.0,0.958,1.0,0.958,1.0,0.958,1.0,0.958,1.0,0.958,1.0,0.958,1.0,0.958,1.0,0.958,1.0,0.958,1.0,0.958,1.0,0.958,1.0,0.958,1.0,0.958,1.0,0.958,1.0,0.958,1.0,0.958,1.0,0.836,
0.996,1.0,0.996,1.0,0.996,1.0,0.996,1.0,0.996,1.0,0.996,1.0,0.996,1.0,0.996,1.0,0.996,1.0,0.996,1.0,0.996,1.0,0.996,1.0,0.996,1.0,0.996,1.0,0.996,1.0,0.996,1.0,0.996,1.0,0.996,1.0,0.996,1.0,0.996,1.0,0.996,1.0,0.996,1.0,0.996,1.0,0.996,1.0,0.996,1.0,0.996,1.0,0.996,1.0,0.996,1.0,0.996,1.0,0.996,1.0,0.996,1.0,0.996,1.0,0.996,1.0,0.996,1.0,0.996,1.0,0.996,1.0,0.996,1.0,0.996,1.0,0.996,1.0,0.996,1.0,0.996,1.0,0.996,1.0,0.996,1.0,0.996,1.0,0.996,1.0,0.996,1.0,0.996,1.0,0.996,1.0,0.996,1.0,0.996,1.0,
1.0,0.936,0.957,0.906,0.855,0.974,0.833,0.975,0.806,0.965,0.833,0.975,0.834,0.975,0.834,0.975,0.834,0.975,0.834,0.975,0.834,0.975,0.834,0.975,0.834,0.975,0.834,0.975,0.834,0.975,0.834,0.975,0.834,0.975,0.834,0.975,0.834,0.975,0.834,0.975,0.834,0.975,0.834,0.975,0.834,0.975,0.834,0.975,0.834,0.975,0.834,0.975,0.834,0.975,0.834,0.975,0.834,0.975,0.834,0.975,0.834,0.975,0.834,0.975,0.834,0.975,0.834,0.975,0.834,0.975,0.834,0.975,0.834,0.975,0.834,0.975,0.834,0.975,0.834,0.975,0.834,0.975,0.834,0.975,0.834,0.975,0.834,0.975,0.834,0.975,0.834,0.975,0.834,0.975,0.834,0.975,0.834,0.975,0.834,0.869,
0.825,0.982,0.933,0.957,0.922,0.979,1.0,0.977,0.992,0.922,0.989,0.922,0.989,0.922,0.989,0.922,0.989,0.922,0.989,0.922,0.989,0.922,0.989,0.922,0.989,0.922,0.989,0.922,0.989,0.922,0.989,0.922,0.989,0.922,0.989,0.922,0.989,0.922,0.989,0.922,0.989,0.922,0.989,0.922,0.989,0.922,0.989,0.922,0.989,0.922,0.989,0.922,0.989,0.922,0.989,0.922,0.989,0.922,0.989,0.922,0.989,0.922,0.989,0.922,0.989,0.922,0.989,0.922,0.989,0.922,0.989,0.922,0.989,0.922,0.989,0.922,0.989,0.922,0.989,0.922,0.989,0.922,0.989,0.922,0.989,0.922,0.989,0.922,0.989,0.922,0.989,0.922,0.989,0.922,0.989,0.922,0.989,0.922,0.989,0.84,
0.789,0.789,0.718,0.788,0.758,0.789,0.787,0.741,0.787,0.775,0.99,0.686,0.955,0.716,0.972,0.717,0.787,0.771,0.923,0.686,0.787,0.738,0.787,0.993,0.734,0.771,0.787,0.96,0.734,0.742,0.787,0.694,0.787,0.74,0.787,0.703,0.787,0.7,0.787,0.702,0.787,0.744,0.787,0.738,0.787,0.741,0.992,0.686,0.787,0.74,0.789,0.741,0.787,0.742,0.787,0.739,0.789,0.703,0.787,0.738,0.787,0.997,0.734,0.771,0.979,0.716,0.787,0.743,0.969,0.69,0.787,0.771,0.959,0.716,0.976,0.716,0.787,0.739,0.787,0.741,0.76,0.771,0.787,0.776,0.973,0.716,0.789,0.771,0.787,0.743,0.787,0.771,0.787,0.78,0.787,1.0,0.735,0.771,0.966,0.716,
0.891,0.907,0.902,0.888,0.891,0.927,0.958,0.908,0.902,0.923,0.981,0.915,0.927,0.902,0.892,0.876,0.961,0.915,0.902,0.902,0.891,0.872,0.891,0.909,0.889,0.908,0.905,0.902,0.892,0.89,0.904,0.922,1.0,0.902,0.908,0.927,0.971,0.891,0.905,0.922,1.0,0.902,0.915,0.903,0.887,0.901,0.911,0.915,0.961,0.87,0.891,0.872,0.888,0.888,0.891,0.927,0.927,0.902,0.927,0.889,0.891,0.868,0.894,0.927,0.975,0.89,0.929,0.891,0.927,0.887,0.891,0.902,0.889,0.858,0.915,0.922,0.996,0.872,0.915,0.915,0.947,0.866,0.915,0.915,0.949,0.866,0.915,0.915,0.949,0.866,0.915,0.915,0.949,0.866,0.915,0.915,0.949,0.866,0.915,0.87,
0.89,0.937,0.98,1.0,0.981,1.0,0.981,1.0,0.981,1.0,0.981,1.0,0.981,1.0,0.981,1.0,0.981,1.0,0.981,1.0,0.981,1.0,0.981,1.0,0.981,1.0,0.981,1.0,0.981,1.0,0.981,1.0,0.981,1.0,0.981,1.0,0.981,1.0,0.981,1.0,0.981,1.0,0.981,1.0,0.981,1.0,0.981,1.0,0.981,1.0,0.981,1.0,0.981,1.0,0.981,1.0,0.981,1.0,0.981,1.0,0.981,1.0,0.981,1.0,0.981,1.0,0.981,1.0,0.981,1.0,0.981,1.0,0.981,1.0,0.981,1.0,0.981,1.0,0.981,1.0,0.981,1.0,0.981,1.0,0.981,1.0,0.981,1.0,0.981,1.0,0.981,1.0,0.981,1.0,0.981,1.0,0.981,1.0,0.981,0.914,
0.911,0.964,0.989,0.964,0.982,0.988,0.977,0.953,0.948,0.999,0.967,0.981,1.0,0.989,0.971,0.967,0.972,0.968,0.955,0.968,0.953,0.967,0.967,0.981,1.0,0.967,0.971,0.968,0.972,0.968,0.955,0.968,0.953,0.967,0.967,0.981,1.0,0.967,0.971,0.968,0.972,0.968,0.955,0.968,0.953,0.967,0.967,0.981,1.0,0.967,0.971,0.968,0.972,0.968,0.954,0.968,0.953,0.967,0.967,0.981,1.0,0.967,0.971,0.968,0.972,0.968,0.955,0.968,0.953,0.967,0.967,0.981,1.0,0.967,0.971,0.968,0.972,0.968,0.955,0.968,0.953,0.967,0.967,0.981,1.0,0.967,0.971,0.968,0.972,0.968,0.954,0.968,0.953,0.967,0.967,0.981,1.0,0.967,0.971,0.848,
0.876,0.962,1.0,0.998,1.0,0.998,1.0,0.998,1.0,0.998,1.0,0.998,1.0,0.998,1.0,0.998,1.0,0.998,1.0,0.998,1.0,0.998,1.0,0.998,1.0,0.998,1.0,0.998,1.0,0.998,1.0,0.998,1.0,0.998,1.0,0.998,1.0,0.998,1.0,0.998,1.0,0.998,1.0,0.998,1.0,0.998,1.0,0.998,1.0,0.998,1.0,0.998,1.0,0.998,1.0,0.998,1.0,0.998,1.0,0.998,1.0,0.998,1.0,0.998,1.0,0.998,1.0,0.998,1.0,0.998,1.0,0.998,1.0,0.998,1.0,0.998,1.0,0.998,1.0,0.998,1.0,0.998,1.0,0.998,1.0,0.998,1.0,0.998,1.0,0.998,1.0,0.998,1.0,0.998,1.0,0.998,1.0,0.998,1.0,0.981,
1.0,0.677,0.734,0.76,0.723,0.684,0.735,0.734,0.727,0.681,0.734,0.69,0.739,0.689,0.742,0.738,0.737,0.769,0.73,0.726,0.805,0.73,0.679,0.703,0.918,0.896,0.891,0.898,0.804,0.86,0.845,0.845,0.849,0.848,0.848,0.848,0.848,0.848,0.848,0.848,0.848,0.848,0.848,0.848,0.848,0.848,0.848,0.848,0.848,0.848,0.848,0.848,0.848,0.848,0.848,0.848,0.848,0.848,0.848,0.848,0.848,0.848,0.848,0.848,0.848,0.848,0.848,0.848,0.848,0.848,0.848,0.848,0.848,0.848,0.848,0.848,0.848,0.848,0.848,0.848,0.848,0.848,0.848,0.848,0.848,0.848,0.848,0.848,0.848,0.848,0.848,0.848,0.848,0.848,0.848,0.848,0.848,0.848,0.848,0.75,
0.986,0.986,0.986,0.986,0.986,0.986,0.986,0.986,0.986,0.99,0.986,0.986,0.986,1.0,0.986,0.986,0.986,0.986,0.986,0.986,0.986,0.986,0.986,0.986,0.986,0.986,0.986,0.986,0.986,0.986,0.986,0.986,0.986,0.986,0.986,0.986,0.986,0.986,0.986,0.986,0.986,0.986,0.986,0.986,0.986,0.986,0.986,0.986,0.986,0.986,0.986,0.986,0.986,0.986,0.986,0.986,0.986,0.986,0.986,0.986,0.986,0.986,0.986,0.986,0.986,0.986,0.986,0.986,0.986,0.986,0.986,0.986,0.986,0.986,0.986,0.986,0.986,0.986,0.986,0.986,0.986,0.986,0.986,0.986,0.986,0.986,0.986,0.986,0.986,0.986,0.986,0.986,0.986,0.986,0.986,0.986,0.986,0.986,0.986,0.986,
0.937,0.984,0.962,1.0,0.961,1.0,0.961,1.0,0.961,1.0,0.961,1.0,0.961,1.0,0.961,1.0,0.961,1.0,0.961,1.0,0.961,1.0,0.961,1.0,0.961,1.0,0.961,1.0,0.961,1.0,0.961,1.0,0.961,1.0,0.961,1.0,0.961,1.0,0.961,1.0,0.961,1.0,0.961,1.0,0.961,1.0,0.961,1.0,0.961,1.0,0.961,1.0,0.961,1.0,0.961,1.0,0.961,1.0,0.961,1.0,0.961,1.0,0.961,1.0,0.961,1.0,0.961,1.0,0.961,1.0,0.961,1.0,0.961,1.0,0.961,1.0,0.961,1.0,0.961,1.0,0.961,1.0,0.961,1.0,0.961,1.0,0.961,1.0,0.961,1.0,0.961,1.0,0.961,1.0,0.961,1.0,0.961,1.0,0.961,0.931,
1.0,0.961,0.966,0.961,0.966,0.961,0.966,0.961,0.966,0.961,0.966,0.961,0.966,0.961,0.966,0.961,0.966,0.961,0.966,0.961,0.966,0.961,0.966,0.961,0.966,0.961,0.966,0.961,0.966,0.961,0.966,0.961,0.966,0.961,0.966,0.961,0.966,0.961,0.966,0.961,0.966,0.961,0.966,0.961,0.966,0.961,0.966,0.961,0.966,0.961,0.966,0.961,0.966,0.961,0.966,0.961,0.966,0.961,0.966,0.961,0.966,0.961,0.966,0.961,0.966,0.961,0.966,0.961,0.966,0.961,0.966,0.961,0.966,0.961,0.966,0.961,0.966,0.961,0.966,0.961,0.966,0.961,0.966,0.961,0.966,0.961,0.966,0.961,0.966,0.961,0.966,0.961,0.966,0.961,0.966,0.961,0.966,0.961,0.966,0.896,
0.879,0.866,0.989,0.889,0.97,0.85,1.0,0.883,1.0,0.85,0.969,0.888,0.972,0.853,0.975,0.889,0.986,0.851,0.975,0.889,0.986,0.851,0.975,0.889,0.986,0.851,0.975,0.889,0.986,0.851,0.975,0.889,0.986,0.851,0.975,0.889,0.986,0.851,0.975,0.889,0.986,0.851,0.975,0.889,0.969,0.846,0.975,0.889,0.986,0.851,0.975,0.889,0.986,0.851,0.975,0.889,0.986,0.886,0.97,0.892,0.986,0.851,0.975,0.889,0.986,0.851,0.969,0.89,0.986,0.851,0.975,0.889,0.986,0.851,0.975,0.889,0.986,0.851,0.975,0.889,0.986,0.851,0.975,0.889,0.969,0.846,0.975,0.889,0.986,0.851,0.975,0.889,0.986,0.886,0.97,0.892,0.986,0.851,0.975,0.858,
0.99,0.955,0.973,0.962,0.973,0.962,0.973,0.962,0.973,0.962,0.973,0.962,0.973,0.962,0.973,0.962,0.973,0.962,0.973,0.962,0.973,0.962,0.973,0.962,0.973,0.962,0.973,0.962,0.973,0.962,0.973,0.962,0.973,0.962,0.973,0.962,0.973,0.962,0.973,0.962,0.973,0.962,0.973,0.962,0.973,0.962,0.973,0.962,0.973,0.962,0.973,0.962,0.973,0.962,0.973,0.962,0.973,0.962,0.973,0.962,0.973,0.962,0.973,0.962,0.973,0.962,0.973,0.962,0.973,0.962,0.973,0.962,0.973,0.962,0.973,0.962,0.973,0.96,0.958,0.946,0.975,0.957,0.986,0.954,0.985,0.952,1.0,0.95,0.979,0.949,0.967,0.953,0.99,0.952,0.971,0.963,0.962,0.963,0.961,0.839,
0.915,0.871,0.929,0.893,0.998,0.904,0.931,0.872,0.923,0.929,0.878,0.963,0.901,0.877,0.929,0.873,0.929,0.873,0.917,0.911,0.917,0.887,0.917,0.887,0.917,0.887,0.917,0.887,0.917,0.887,0.917,0.887,0.917,0.887,0.917,0.929,0.878,0.963,0.901,0.911,0.929,0.873,0.929,0.873,0.929,0.873,0.929,0.873,0.917,0.911,0.917,0.887,0.917,0.887,0.917,0.887,0.917,0.929,0.878,0.963,0.901,0.911,0.921,0.887,0.917,0.887,0.917,0.887,0.917,0.887,0.917,0.887,0.917,0.929,0.878,0.963,0.833,0.911,0.882,0.963,0.903,0.911,0.885,0.999,0.833,0.946,0.836,1.0,0.913,0.994,0.871,0.934,0.871,0.934,0.871,0.949,0.87,0.963,0.871,0.821,
0.945,0.969,0.978,0.988,1.0,0.969,0.987,0.974,0.988,0.978,0.988,1.0,0.969,0.987,0.974,0.988,0.978,0.988,1.0,0.969,0.987,0.974,0.988,0.978,0.988,1.0,0.969,0.987,0.974,0.988,0.978,0.988,1.0,0.969,0.987,0.974,0.988,0.978,0.988,1.0,0.969,0.987,0.974,0.988,0.978,0.988,1.0,0.969,0.987,0.974,0.988,0.978,0.988,1.0,0.969,0.987,0.974,0.988,0.978,0.988,1.0,0.969,0.987,0.974,0.988,0.978,0.988,1.0,0.969,0.987,0.974,0.988,0.978,0.988,1.0,0.969,0.987,0.974,0.988,0.978,0.988,1.0,0.969,0.987,0.974,0.988,0.978,0.988,1.0,0.969,0.987,0.974,0.988,0.978,0.988,1.0,0.969,0.987,0.974,0.988,
0.981,0.991,1.0,0.937,0.982,0.965,0.971,0.982,0.99,0.991,0.991,0.986,0.991,0.986,0.991,0.986,0.991,0.986,0.991,0.986,0.991,0.986,0.991,0.986,0.991,0.986,0.991,0.986,0.991,0.986,0.991,0.986,0.991,0.986,0.991,0.986,0.991,0.986,0.991,0.986,0.991,0.986,0.991,0.986,0.991,0.986,0.991,0.986,0.991,0.986,0.991,0.986,0.991,0.986,0.991,0.986,0.991,0.986,0.991,0.986,0.991,0.986,0.991,0.986,0.991,0.986,0.991,0.986,0.991,0.986,0.991,0.986,0.991,0.986,0.991,0.986,0.991,0.986,0.991,0.986,0.991,0.986,0.991,0.986,0.991,0.986,0.991,0.986,0.991,0.986,0.991,0.986,0.991,0.986,0.991,0.986,0.991,0.986,0.991,0.964,
0.977,0.939,0.975,0.953,0.975,0.975,0.975,0.975,0.975,0.975,0.975,0.953,0.975,0.975,0.975,0.975,0.975,0.975,0.975,0.953,0.975,0.975,0.975,0.975,0.975,0.975,0.975,0.953,0.975,0.975,0.975,0.975,0.975,0.975,0.975,0.953,0.975,0.975,0.975,0.975,0.975,0.975,0.975,0.953,0.975,0.975,0.975,0.975,0.975,0.975,0.975,0.953,0.975,0.975,0.975,0.975,0.975,0.975,0.975,0.953,0.975,0.975,0.975,0.975,0.975,0.975,0.975,0.953,0.975,0.975,0.975,0.975,0.975,0.975,0.975,0.953,0.975,0.975,0.975,0.975,0.975,0.975,0.975,0.953,0.975,0.975,0.975,0.975,0.975,0.975,0.975,0.953,0.975,0.975,0.975,0.975,0.975,0.975,0.975,0.889,
0.983,0.847,1.0,0.902,0.944,0.964,0.964,0.953,0.961,0.955,0.961,0.964,0.963,0.955,0.962,0.964,0.963,0.964,0.963,0.964,0.963,0.954,0.989,0.961,0.987,0.964,0.949,0.962,0.96,0.962,0.958,0.962,0.959,0.962,0.959,0.962,0.958,0.962,0.959,0.962,0.958,0.962,0.953,0.962,0.959,0.962,0.958,0.962,0.953,0.962,0.959,0.962,0.958,0.962,0.953,0.962,0.959,0.962,0.958,0.962,0.953,0.962,0.959,0.962,0.958,0.962,0.953,0.962,0.959,0.962,0.958,0.962,0.953,0.962,0.959,0.962,0.958,0.962,0.953,0.962,0.959,0.962,0.958,0.962,0.953,0.962,0.959,0.962,0.958,0.962,0.953,0.962,0.959,0.962,0.958,0.962,0.953,0.962,0.959,0.871,
1.0,1.0,1.0,1.0,1.0,1.0,1.0,1.0,1.0,1.0,1.0,1.0,1.0,1.0,1.0,1.0,1.0,1.0,1.0,1.0,1.0,1.0,1.0,1.0,1.0,1.0,1.0,1.0,1.0,1.0,1.0,1.0,1.0,1.0,1.0,1.0,1.0,1.0,1.0,1.0,1.0,1.0,1.0,1.0,1.0,1.0,1.0,1.0,1.0,1.0,1.0,1.0,1.0,1.0,1.0,1.0,1.0,1.0,1.0,1.0,1.0,1.0,1.0,1.0,1.0,1.0,1.0,1.0,1.0,1.0,1.0,1.0,1.0,1.0,1.0,1.0,1.0,1.0,1.0,1.0,1.0,1.0,1.0,1.0,1.0,1.0,1.0,1.0,1.0,1.0,1.0,1.0,1.0,1.0,1.0,1.0,1.0,1.0,1.0,1.0,
0.933,0.984,0.983,0.976,0.964,0.973,0.995,0.973,0.98,0.963,0.992,0.988,0.982,0.98,0.98,0.978,0.997,0.98,0.98,0.963,0.992,0.988,0.982,0.98,0.98,0.978,0.997,0.98,0.98,0.963,0.992,0.988,0.982,0.98,0.98,0.978,0.997,0.98,0.98,0.963,0.992,0.988,0.982,0.98,0.98,0.978,0.997,0.98,0.98,0.963,0.992,0.988,0.982,0.98,0.98,0.978,0.997,0.98,0.98,0.963,0.992,0.988,0.982,0.98,0.98,0.978,0.997,0.98,0.98,0.963,0.992,0.988,0.982,0.98,0.98,0.978,0.997,0.98,0.98,0.963,0.992,0.988,0.982,0.98,0.98,0.978,0.997,0.98,0.98,0.963,0.992,0.988,0.982,0.98,0.98,0.978,0.997,0.98,0.98,0.869,
0.939,0.995,1.0,1.0,1.0,1.0,1.0,1.0,1.0,1.0,1.0,1.0,1.0,1.0,1.0,1.0,1.0,1.0,1.0,1.0,1.0,1.0,1.0,1.0,1.0,1.0,1.0,1.0,1.0,1.0,1.0,1.0,1.0,1.0,1.0,1.0,1.0,1.0,1.0,1.0,1.0,1.0,1.0,1.0,1.0,1.0,1.0,1.0,1.0,1.0,1.0,1.0,1.0,1.0,1.0,1.0,1.0,1.0,1.0,1.0,1.0,1.0,1.0,1.0,1.0,1.0,1.0,1.0,1.0,1.0,1.0,1.0,1.0,1.0,1.0,1.0,1.0,1.0,1.0,1.0,1.0,1.0,1.0,1.0,1.0,1.0,1.0,1.0,1.0,1.0,1.0,1.0,1.0,1.0,1.0,1.0,1.0,1.0,1.0,0.965,
0.809,0.833,0.962,0.809,0.959,0.936,0.963,0.957,0.962,0.988,0.964,0.99,0.964,0.985,0.944,0.99,0.994,0.946,0.997,0.967,0.962,1.0,0.964,1.0,0.93,0.999,0.964,1.0,0.964,1.0,0.964,1.0,0.964,0.99,0.994,0.967,0.962,1.0,0.964,1.0,0.964,1.0,0.964,1.0,0.964,1.0,0.964,1.0,0.964,0.99,0.978,0.932,0.961,0.967,0.956,1.0,0.964,1.0,0.964,1.0,0.93,0.999,0.964,0.99,0.998,0.967,0.975,0.964,0.984,0.934,0.961,0.967,0.962,1.0,0.964,1.0,0.952,1.0,0.964,0.99,0.994,0.946,0.981,0.94,0.961,0.967,0.962,1.0,0.93,0.999,0.93,0.999,0.952,1.0,0.964,1.0,0.952,1.0,0.964,0.82,
0.847,0.988,0.949,0.847,1.0,0.958,0.847,0.99,0.949,0.847,1.0,0.958,0.847,0.99,0.949,0.847,1.0,0.958,0.847,0.99,0.949,0.847,1.0,0.958,0.847,0.99,0.949,0.847,1.0,0.958,0.847,0.99,0.949,0.847,1.0,0.958,0.847,0.99,0.949,0.847,1.0,0.958,0.847,0.99,0.949,0.847,1.0,0.958,0.847,0.99,0.949,0.847,1.0,0.958,0.847,0.99,0.949,0.847,1.0,0.958,0.847,0.99,0.949,0.847,1.0,0.958,0.847,0.99,0.949,0.847,1.0,0.958,0.847,0.99,0.949,0.847,1.0,0.958,0.847,0.99,0.949,0.847,1.0,0.958,0.847,0.99,0.949,0.847,1.0,0.958,0.847,0.99,0.949,0.847,1.0,0.958,0.847,0.99,0.949,0.837,
0.813,0.99,0.854,0.91,1.0,0.993,0.844,0.9,1.0,1.0,0.85,0.9,1.0,0.99,0.871,0.911,0.993,0.855,0.904,0.911,0.993,0.855,0.904,0.911,0.99,0.854,0.91,1.0,0.993,0.855,0.904,1.0,0.993,0.855,0.904,1.0,0.993,0.855,0.904,1.0,0.993,0.855,0.904,1.0,0.993,0.855,0.904,1.0,0.993,0.855,0.904,1.0,0.993,0.855,0.904,1.0,0.993,0.855,0.904,1.0,0.993,0.855,0.904,1.0,0.993,0.855,0.904,1.0,0.993,0.855,0.904,1.0,0.993,0.855,0.904,1.0,0.993,0.855,0.904,1.0,0.993,0.855,0.904,1.0,0.993,0.855,0.904,1.0,0.993,0.855,0.904,1.0,0.993,0.855,0.904,1.0,0.993,0.855,0.904,0.973,
0.903,0.939,0.899,0.96,0.997,1.0,0.981,0.993,0.997,0.993,0.997,0.993,0.997,0.993,0.997,0.993,0.997,0.993,0.997,0.993,0.997,0.993,0.997,0.993,0.997,0.993,0.997,0.993,0.997,0.993,0.997,0.993,0.997,0.993,0.997,0.993,0.997,0.993,0.997,0.993,0.997,0.993,0.997,0.993,0.997,0.993,0.997,0.993,0.997,0.993,0.997,0.993,0.997,0.993,0.997,0.993,0.997,0.993,0.997,0.993,0.997,0.993,0.997,0.993,0.997,0.993,0.997,0.993,0.997,0.993,0.997,0.993,0.997,0.993,0.997,0.993,0.997,0.993,0.997,0.993,0.997,0.993,0.997,0.993,0.997,0.993,0.997,0.993,0.997,0.993,0.997,0.993,0.997,0.993,0.997,0.993,0.997,0.993,0.997,0.813,
0.909,0.985,0.984,0.983,1.0,0.983,0.993,0.995,1.0,0.998,0.984,0.983,1.0,0.983,0.993,0.995,1.0,0.998,0.984,0.983,1.0,0.983,0.993,0.995,1.0,0.998,0.984,0.983,1.0,0.983,0.993,0.995,1.0,0.998,0.984,0.983,1.0,0.983,0.993,0.995,1.0,0.998,0.984,0.983,1.0,0.983,0.993,0.995,1.0,0.998,0.984,0.983,1.0,0.983,0.993,0.995,1.0,0.998,0.984,0.983,1.0,0.983,0.993,0.995,1.0,0.998,0.984,0.983,1.0,0.983,0.993,0.995,1.0,0.998,0.984,0.983,1.0,0.983,0.993,0.995,1.0,0.998,0.984,0.983,1.0,0.983,0.993,0.995,1.0,0.998,0.984,0.983,1.0,0.983,0.993,0.995,1.0,0.998,0.984,0.845,
1.0,0.799,0.999,0.797,0.999,0.797,0.999,0.797,0.999,0.797,0.999,0.797,0.999,0.797,0.999,0.797,0.999,0.797,0.999,0.797,0.999,0.797,0.999,0.797,0.999,0.797,0.999,0.797,0.999,0.797,0.999,0.797,0.999,0.797,0.999,0.797,0.999,0.797,0.999,0.797,0.999,0.797,0.999,0.797,0.999,0.797,0.999,0.797,0.999,0.797,0.999,0.797,0.999,0.797,0.999,0.797,0.999,0.797,0.999,0.797,0.999,0.797,0.999,0.797,0.999,0.797,0.999,0.797,0.999,0.797,0.999,0.797,0.999,0.797,0.999,0.797,0.999,0.797,0.999,0.797,0.999,0.797,0.999,0.797,0.999,0.797,0.999,0.797,0.999,0.797,0.999,0.797,0.999,0.797,0.999,0.797,0.999,0.797,0.999,0.797,
0.803,0.761,0.808,0.873,0.911,0.89,0.874,0.891,0.994,0.865,0.97,0.868,0.966,0.924,0.936,1.0,0.906,0.979,0.902,0.967,0.906,0.969,0.924,0.971,0.937,0.963,0.942,0.968,0.937,0.963,0.942,0.968,0.937,0.963,0.942,0.968,0.937,0.963,0.935,0.968,0.924,0.966,0.942,0.966,0.938,0.959,0.906,0.964,0.935,0.958,0.906,0.967,0.902,0.962,0.939,0.968,0.947,0.917,0.965,0.968,0.968,0.928,0.975,0.966,0.964,0.928,0.979,0.961,0.975,0.928,0.976,0.958,0.976,0.91,0.979,0.961,0.964,0.932,0.999,0.962,0.978,0.912,0.993,0.958,0.971,0.901,0.976,0.959,0.965,0.928,0.992,0.962,0.991,0.912,0.993,0.963,0.971,0.91,0.998,0.81,
0.919,0.855,0.916,0.893,0.999,0.954,0.989,0.964,0.995,0.967,0.995,0.967,0.995,0.967,0.995,0.973,0.996,0.961,0.99,1.0,0.972,0.973,0.996,0.961,0.99,1.0,0.972,0.967,0.995,0.967,0.995,0.967,0.995,0.967,0.995,0.967,0.995,0.967,0.995,0.967,0.995,0.967,0.995,0.967,0.995,0.967,0.995,0.967,0.995,0.967,0.995,0.967,0.995,0.967,0.995,0.967,0.995,0.967,0.995,0.973,0.996,0.961,0.99,1.0,0.972,0.973,0.996,0.961,0.99,1.0,0.972,0.967,0.995,0.967,0.995,0.967,0.995,0.967,0.995,0.967,0.995,0.967,0.995,0.967,0.995,0.967,0.995,0.967,0.995,0.967,0.995,0.967,0.995,0.967,0.995,0.967,0.995,0.967,0.995,0.807,
1.0,0.732,0.659,0.591,0.592,0.59,0.59,0.59,0.641,0.59,0.59,0.593,0.59,0.59,0.59,0.59,0.59,0.589,0.59,0.59,0.59,0.59,0.59,0.589,0.59,0.59,0.59,0.59,0.59,0.59,0.59,0.59,0.59,0.59,0.59,0.589,0.59,0.59,0.59,0.59,0.59,0.59,0.59,0.59,0.59,0.59,0.59,0.589,0.59,0.59,0.59,0.59,0.59,0.589,0.59,0.59,0.589,0.589,0.589,0.59,0.59,0.589,0.59,0.589,0.59,0.59,0.59,0.589,0.59,0.59,0.59,0.59,0.59,0.59,0.59,0.59,0.59,0.631,0.59,0.59,0.59,0.589,0.59,0.59,0.59,0.59,0.59,0.59,0.59,0.59,0.59,0.59,0.59,0.59,0.59,0.589,0.591,0.59,0.59,0.59,
1.0,0.869,0.841,0.792,0.796,0.791,0.791,0.791,0.791,0.791,0.791,0.794,0.791,0.794,0.791,0.791,0.794,0.791,0.791,0.792,0.791,0.791,0.794,0.791,0.791,0.791,0.791,0.791,0.791,0.791,0.794,0.791,0.792,0.791,0.794,0.791,0.792,0.791,0.792,0.791,0.794,0.791,0.791,0.794,0.791,0.791,0.791,0.791,0.791,0.791,0.791,0.791,0.791,0.794,0.791,0.791,0.791,0.791,0.791,0.791,0.791,0.791,0.792,0.791,0.792,0.791,0.794,0.791,0.791,0.791,0.791,0.792,0.794,0.791,0.791,0.791,0.794,0.791,0.791,0.791,0.791,0.791,0.794,0.791,0.792,0.791,0.794,0.791,0.792,0.791,0.794,0.791,0.794,0.791,0.792,0.791,0.794,0.791,0.791,0.792,
1.0,0.858,0.72,0.722,0.716,0.708,0.708,0.708,0.715,0.719,0.708,0.708,0.708,0.714,0.708,0.708,0.716,0.708,0.719,0.708,0.708,0.708,0.708,0.708,0.708,0.708,0.708,0.708,0.708,0.708,0.708,0.708,0.713,0.719,0.707,0.708,0.708,0.708,0.708,0.707,0.707,0.707,0.707,0.707,0.707,0.707,0.707,0.707,0.707,0.707,0.707,0.707,0.707,0.707,0.707,0.707,0.707,0.707,0.707,0.707,0.707,0.707,0.707,0.707,0.707,0.707,0.707,0.707,0.707,0.707,0.707,0.707,0.707,0.707,0.707,0.707,0.707,0.707,0.707,0.707,0.707,0.707,0.707,0.707,0.707,0.707,0.707,0.707,0.707,0.707,0.707,0.707,0.707,0.707,0.707,0.707,0.707,0.707,0.707,0.707,
1.0,0.714,0.694,0.675,0.675,0.692,0.692,0.692,0.692,0.691,0.69,0.69,0.69,0.69,0.69,0.69,0.69,0.69,0.69,0.69,0.69,0.69,0.69,0.69,0.69,0.69,0.69,0.69,0.69,0.69,0.69,0.69,0.69,0.69,0.69,0.69,0.69,0.69,0.69,0.69,0.69,0.69,0.69,0.69,0.69,0.69,0.69,0.69,0.69,0.69,0.69,0.69,0.69,0.69,0.69,0.69,0.69,0.69,0.69,0.69,0.69,0.69,0.69,0.69,0.69,0.69,0.69,0.69,0.69,0.69,0.69,0.69,0.69,0.69,0.69,0.69,0.69,0.69,0.69,0.69,0.69,0.69,0.69,0.69,0.69,0.69,0.69,0.69,0.69,0.69,0.69,0.69,0.69,0.69,0.69,0.69,0.69,0.69,0.69,0.69,
1.0,0.9,0.825,0.85,0.854,0.851,0.851,0.851,0.851,0.851,0.851,0.851,0.851,0.851,0.851,0.851,0.851,0.851,0.851,0.851,0.851,0.851,0.851,0.851,0.851,0.851,0.851,0.851,0.851,0.851,0.851,0.851,0.851,0.851,0.851,0.851,0.851,0.851,0.851,0.851,0.851,0.851,0.851,0.851,0.851,0.851,0.851,0.851,0.851,0.851,0.851,0.851,0.851,0.851,0.851,0.851,0.851,0.851,0.851,0.851,0.851,0.851,0.851,0.851,0.851,0.851,0.851,0.851,0.851,0.851,0.851,0.851,0.851,0.851,0.851,0.851,0.851,0.851,0.851,0.851,0.851,0.851,0.851,0.851,0.851,0.851,0.851,0.851,0.851,0.851,0.851,0.851,0.851,0.851,0.851,0.851,0.851,0.851,0.851,0.851,
1.0,0.823,0.738,0.736,0.737,0.734,0.736,0.737,0.735,0.735,0.737,0.735,0.736,0.735,0.735,0.735,0.735,0.735,0.735,0.735,0.735,0.735,0.735,0.735,0.735,0.735,0.735,0.735,0.735,0.735,0.735,0.735,0.735,0.735,0.735,0.735,0.735,0.735,0.735,0.735,0.735,0.735,0.735,0.735,0.735,0.735,0.735,0.735,0.735,0.735,0.735,0.735,0.735,0.735,0.735,0.735,0.735,0.735,0.735,0.735,0.735,0.735,0.735,0.735,0.735,0.735,0.735,0.735,0.735,0.735,0.735,0.735,0.735,0.735,0.735,0.735,0.735,0.735,0.735,0.735,0.735,0.735,0.735,0.735,0.735,0.735,0.735,0.735,0.735,0.735,0.735,0.735,0.735,0.735,0.735,0.735,0.735,0.735,0.735,0.735,
1.0,0.856,0.796,0.881,0.781,0.853,0.781,0.902,0.785,0.868,0.783,0.883,0.762,0.883,0.675,0.846,0.782,0.891,0.761,0.845,0.783,0.885,0.763,0.883,0.782,0.868,0.783,0.895,0.762,0.873,0.782,0.884,0.762,0.885,0.763,0.872,0.782,0.884,0.763,0.887,0.759,0.85,0.783,0.889,0.785,0.864,0.782,0.887,0.784,0.873,0.782,0.869,0.782,0.896,0.763,0.873,0.782,0.887,0.784,0.835,0.783,0.893,0.741,0.874,0.675,0.848,0.783,0.892,0.741,0.85,0.781,0.889,0.721,0.853,0.784,0.899,0.727,0.887,0.721,0.853,0.783,0.903,0.761,0.843,0.765,0.893,0.737,0.835,0.769,0.889,0.76,0.881,0.761,0.884,0.781,0.895,0.764,0.854,0.784,0.875,
1.0,0.765,0.652,0.649,0.647,0.648,0.647,0.647,0.646,0.647,0.646,0.648,0.646,0.648,0.646,0.648,0.646,0.648,0.646,0.648,0.646,0.648,0.646,0.648,0.646,0.648,0.646,0.648,0.646,0.648,0.646,0.648,0.646,0.648,0.646,0.648,0.646,0.648,0.645,0.648,0.646,0.648,0.646,0.647,0.645,0.647,0.645,0.647,0.645,0.647,0.645,0.647,0.645,0.647,0.645,0.647,0.645,0.647,0.645,0.647,0.645,0.647,0.645,0.647,0.645,0.647,0.645,0.647,0.645,0.647,0.645,0.647,0.645,0.647,0.645,0.647,0.645,0.647,0.645,0.647,0.645,0.647,0.645,0.647,0.645,0.647,0.645,0.647,0.645,0.647,0.645,0.647,0.645,0.647,0.645,0.647,0.645,0.647,0.645,0.647,
1.0,0.887,0.794,0.784,0.782,0.781,0.781,0.781,0.781,0.781,0.781,0.781,0.781,0.781,0.781,0.781,0.781,0.781,0.781,0.781,0.781,0.781,0.781,0.781,0.781,0.781,0.781,0.781,0.781,0.781,0.781,0.781,0.781,0.781,0.781,0.781,0.781,0.781,0.781,0.781,0.781,0.781,0.781,0.781,0.781,0.781,0.781,0.781,0.781,0.781,0.781,0.781,0.781,0.781,0.781,0.781,0.781,0.781,0.781,0.781,0.781,0.781,0.781,0.781,0.781,0.781,0.781,0.781,0.781,0.781,0.781,0.781,0.781,0.781,0.781,0.781,0.781,0.781,0.781,0.781,0.781,0.781,0.781,0.781,0.781,0.781,0.781,0.781,0.781,0.781,0.781,0.781,0.781,0.781,0.781,0.781,0.781,0.781,0.781,0.781,
1.0,0.772,0.811,0.797,0.673,0.816,0.662,0.861,0.671,0.807,0.679,0.855,0.641,0.795,0.678,0.693,0.656,0.819,0.678,0.809,0.643,0.835,0.693,0.694,0.659,0.812,0.647,0.843,0.671,0.745,0.666,0.791,0.675,0.8,0.647,0.702,0.659,0.91,0.652,0.816,0.643,0.755,0.66,0.704,0.659,0.853,0.647,0.838,0.64,0.813,0.696,0.694,0.656,0.813,0.649,0.703,0.653,0.814,0.667,0.808,0.64,0.816,0.653,0.844,0.671,0.816,0.681,0.829,0.64,0.808,0.712,0.845,0.64,0.745,0.72,0.716,0.653,0.843,0.647,0.835,0.676,0.749,0.719,0.721,0.656,0.825,0.649,0.82,0.672,0.814,0.681,0.809,0.651,0.814,0.681,0.832,0.64,0.811,0.679,0.719,
1.0,0.879,0.756,0.737,0.735,0.737,0.735,0.738,0.739,0.737,0.737,0.737,0.737,0.737,0.737,0.737,0.737,0.737,0.737,0.737,0.738,0.74,0.737,0.737,0.737,0.737,0.738,0.74,0.737,0.738,0.737,0.737,0.737,0.736,0.736,0.738,0.739,0.737,0.737,0.737,0.737,0.737,0.738,0.74,0.737,0.738,0.737,0.737,0.737,0.737,0.737,0.736,0.738,0.739,0.738,0.739,0.739,0.738,0.737,0.738,0.739,0.737,0.737,0.737,0.737,0.737,0.738,0.74,0.737,0.738,0.737,0.737,0.737,0.737,0.737,0.736,0.738,0.739,0.738,0.739,0.739,0.738,0.737,0.738,0.739,0.737,0.737,0.737,0.737,0.737,0.738,0.74,0.737,0.738,0.737,0.737,0.737,0.737,0.737,0.736,
1.0,0.874,0.786,0.767,0.759,0.758,0.758,0.758,0.774,0.759,0.757,0.758,0.759,0.829,0.76,0.763,0.759,0.759,0.759,0.759,0.759,0.759,0.759,0.759,0.759,0.759,0.758,0.759,0.758,0.759,0.758,0.76,0.759,0.758,0.759,0.759,0.758,0.759,0.759,0.771,0.758,0.802,0.759,0.812,0.758,0.808,0.758,0.807,0.759,0.811,0.759,0.812,0.758,0.821,0.773,0.823,0.758,0.823,0.758,0.802,0.758,0.82,0.759,0.811,0.759,0.812,0.758,0.821,0.773,0.813,0.758,0.796,0.759,0.805,0.759,0.812,0.758,0.796,0.759,0.817,0.759,0.811,0.759,0.817,0.773,0.823,0.758,0.799,0.758,0.759,0.759,0.759,0.758,0.828,0.76,0.763,0.758,0.759,0.759,0.766,
1.0,0.855,0.776,0.769,0.764,0.766,0.764,0.766,0.763,0.764,0.763,0.764,0.764,0.766,0.763,0.764,0.764,0.766,0.764,0.766,0.764,0.766,0.764,0.766,0.763,0.764,0.764,0.766,0.763,0.763,0.764,0.766,0.763,0.806,0.764,0.766,0.763,0.764,0.763,0.764,0.764,0.769,0.764,0.766,0.764,0.766,0.764,0.766,0.763,0.764,0.764,0.766,0.763,0.767,0.764,0.766,0.764,0.766,0.764,0.766,0.764,0.766,0.763,0.764,0.763,0.764,0.763,0.764,0.763,0.764,0.763,0.764,0.764,0.766,0.763,0.763,0.763,0.764,0.763,0.764,0.763,0.764,0.764,0.769,0.764,0.763,0.762,0.764,0.764,0.766,0.764,0.766,0.764,0.766,0.763,0.763,0.764,0.769,0.764,0.763,
1.0,0.868,0.797,0.696,0.689,0.688,0.688,0.688,0.688,0.688,0.688,0.688,0.688,0.688,0.688,0.688,0.688,0.688,0.688,0.688,0.688,0.688,0.688,0.688,0.688,0.688,0.688,0.688,0.688,0.688,0.688,0.688,0.688,0.688,0.688,0.688,0.688,0.688,0.688,0.688,0.688,0.688,0.688,0.688,0.688,0.688,0.688,0.688,0.688,0.688,0.688,0.688,0.688,0.688,0.688,0.688,0.688,0.688,0.688,0.688,0.688,0.688,0.688,0.688,0.688,0.688,0.688,0.688,0.688,0.688,0.688,0.688,0.688,0.688,0.688,0.688,0.688,0.688,0.688,0.688,0.688,0.688,0.688,0.688,0.688,0.688,0.688,0.688,0.688,0.688,0.688,0.688,0.688,0.688,0.688,0.688,0.688,0.688,0.688,0.688,
1.0,0.935,0.833,0.793,0.792,0.789,0.789,0.789,0.789,0.789,0.789,0.789,0.789,0.788,0.788,0.789,0.789,0.789,0.789,0.789,0.789,0.789,0.789,0.789,0.789,0.789,0.789,0.789,0.789,0.789,0.789,0.789,0.789,0.789,0.789,0.789,0.789,0.789,0.789,0.789,0.789,0.789,0.789,0.789,0.789,0.789,0.788,0.788,0.79,0.789,0.789,0.788,0.789,0.789,0.789,0.789,0.789,0.789,0.789,0.789,0.789,0.789,0.789,0.789,0.789,0.789,0.789,0.788,0.788,0.788,0.79,0.789,0.789,0.789,0.789,0.788,0.788,0.789,0.788,0.788,0.79,0.789,0.789,0.789,0.789,0.789,0.789,0.789,0.789,0.788,0.788,0.789,0.789,0.789,0.789,0.789,0.789,0.789,0.789,0.789,
1.0,0.875,0.811,0.789,0.787,0.789,0.786,0.789,0.786,0.786,0.786,0.789,0.786,0.789,0.786,0.789,0.786,0.789,0.786,0.789,0.786,0.786,0.787,0.786,0.786,0.789,0.786,0.789,0.786,0.787,0.786,0.789,0.786,0.789,0.786,0.786,0.786,0.789,0.786,0.789,0.786,0.789,0.786,0.789,0.786,0.789,0.786,0.789,0.786,0.789,0.786,0.789,0.786,0.788,0.788,0.787,0.789,0.787,0.788,0.787,0.789,0.787,0.789,0.787,0.789,0.787,0.789,0.787,0.789,0.787,0.789,0.787,0.789,0.787,0.789,0.787,0.789,0.787,0.789,0.787,0.789,0.787,0.789,0.787,0.789,0.787,0.789,0.787,0.789,0.787,0.789,0.787,0.789,0.787,0.789,0.787,0.789,0.787,0.786,0.787,
1.0,0.711,0.715,0.697,0.718,0.694,0.724,0.718,0.719,0.765,0.691,0.721,0.714,0.777,0.706,0.721,0.71,0.717,0.713,0.718,0.698,0.718,0.714,0.66,0.719,0.71,0.713,0.735,0.717,0.719,0.719,0.718,0.718,0.71,0.697,0.717,0.711,0.719,0.717,0.718,0.714,0.713,0.796,0.694,0.716,0.664,0.727,0.695,0.716,0.717,0.664,0.726,0.712,0.723,0.716,0.717,0.714,0.664,0.727,0.695,0.723,0.711,0.666,0.725,0.698,0.719,0.664,0.723,0.712,0.717,0.71,0.718,0.713,0.713,0.663,0.726,0.695,0.714,0.713,0.713,0.713,0.713,0.713,0.741,0.714,0.776,0.654,0.73,0.716,0.715,0.717,0.714,0.718,0.714,0.718,0.714,0.718,0.714,0.718,0.691,
1.0,0.825,0.772,0.771,0.759,0.762,0.76,0.762,0.76,0.762,0.76,0.762,0.76,0.762,0.76,0.762,0.76,0.762,0.76,0.762,0.76,0.762,0.76,0.762,0.76,0.762,0.76,0.762,0.76,0.762,0.76,0.762,0.76,0.762,0.76,0.762,0.76,0.762,0.76,0.762,0.76,0.762,0.76,0.762,0.76,0.762,0.76,0.762,0.76,0.762,0.76,0.762,0.76,0.762,0.76,0.762,0.76,0.762,0.76,0.762,0.76,0.762,0.76,0.762,0.76,0.762,0.76,0.762,0.76,0.762,0.76,0.762,0.76,0.762,0.76,0.762,0.76,0.762,0.76,0.762,0.76,0.762,0.76,0.762,0.76,0.762,0.76,0.762,0.76,0.762,0.76,0.762,0.76,0.762,0.76,0.762,0.76,0.762,0.76,0.762,
1.0,0.743,0.788,0.74,0.784,0.745,0.744,0.72,0.757,0.77,0.771,0.752,0.772,0.787,0.77,0.777,0.771,0.772,0.771,0.77,0.77,0.77,0.77,0.77,0.77,0.77,0.77,0.77,0.77,0.77,0.77,0.77,0.77,0.77,0.77,0.77,0.77,0.77,0.77,0.77,0.77,0.77,0.77,0.77,0.77,0.77,0.77,0.77,0.77,0.77,0.77,0.77,0.77,0.77,0.77,0.77,0.77,0.77,0.77,0.77,0.77,0.77,0.77,0.77,0.77,0.77,0.77,0.77,0.77,0.77,0.77,0.77,0.77,0.77,0.77,0.77,0.77,0.77,0.77,0.77,0.77,0.77,0.77,0.77,0.77,0.77,0.77,0.77,0.77,0.77,0.77,0.77,0.77,0.77,0.77,0.77,0.77,0.77,0.77,0.758,
1.0,0.708,0.659,0.649,0.648,0.648,0.649,0.658,0.649,0.659,0.649,0.659,0.649,0.649,0.649,0.649,0.677,0.649,0.648,0.648,0.649,0.658,0.649,0.659,0.649,0.649,0.648,0.649,0.653,0.649,0.648,0.649,0.655,0.65,0.648,0.649,0.655,0.65,0.656,0.65,0.648,0.649,0.655,0.649,0.654,0.649,0.684,0.649,0.655,0.649,0.684,0.648,0.65,0.649,0.654,0.649,0.684,0.649,0.654,0.65,0.656,0.65,0.656,0.65,0.656,0.649,0.684,0.649,0.653,0.649,0.654,0.65,0.656,0.65,0.656,0.65,0.656,0.65,0.648,0.649,0.654,0.65,0.648,0.649,0.655,0.65,0.648,0.649,0.655,0.65,0.656,0.657,0.651,0.652,0.653,0.65,0.656,0.65,0.656,0.649,
1.0,0.783,0.763,0.721,0.727,0.718,0.721,0.72,0.718,0.717,0.718,0.72,0.718,0.719,0.718,0.717,0.717,0.717,0.717,0.717,0.717,0.717,0.717,0.717,0.717,0.717,0.717,0.717,0.717,0.717,0.717,0.717,0.717,0.717,0.717,0.717,0.717,0.717,0.717,0.717,0.717,0.717,0.717,0.717,0.717,0.717,0.717,0.717,0.717,0.717,0.717,0.717,0.717,0.717,0.717,0.717,0.717,0.717,0.717,0.717,0.717,0.717,0.717,0.717,0.717,0.717,0.717,0.717,0.717,0.717,0.717,0.717,0.717,0.717,0.717,0.717,0.717,0.717,0.717,0.717,0.717,0.717,0.717,0.717,0.717,0.717,0.717,0.717,0.717,0.717,0.717,0.717,0.717,0.717,0.717,0.717,0.717,0.717,0.717,0.717,
1.0,0.801,0.754,0.847,0.756,0.847,0.761,0.846,0.746,0.834,0.753,0.735,0.825,0.78,0.734,0.821,0.756,0.74,0.834,0.758,0.733,0.849,0.757,0.734,0.843,0.753,0.734,0.821,0.783,0.734,0.835,0.753,0.734,0.833,0.753,0.735,0.843,0.753,0.733,0.833,0.753,0.735,0.821,0.779,0.733,0.842,0.754,0.734,0.834,0.782,0.734,0.843,0.754,0.734,0.822,0.78,0.734,0.842,0.76,0.737,0.765,0.801,0.739,0.842,0.75,0.735,0.841,0.775,0.734,0.817,0.831,0.751,0.833,0.768,0.734,0.784,0.78,0.733,0.83,0.753,0.734,0.785,0.818,0.733,0.837,0.751,0.734,0.832,0.753,0.735,0.833,0.75,0.735,0.834,0.785,0.761,0.832,0.751,0.734,0.746,
1.0,0.963,0.805,0.807,0.805,0.79,0.79,0.79,0.79,0.79,0.79,0.79,0.79,0.79,0.79,0.79,0.79,0.79,0.79,0.79,0.79,0.79,0.79,0.79,0.79,0.79,0.79,0.79,0.79,0.79,0.79,0.79,0.79,0.79,0.79,0.79,0.79,0.79,0.79,0.79,0.79,0.79,0.79,0.79,0.79,0.79,0.79,0.79,0.79,0.79,0.79,0.79,0.79,0.79,0.79,0.79,0.79,0.79,0.79,0.79,0.79,0.79,0.79,0.79,0.79,0.79,0.79,0.79,0.79,0.79,0.79,0.79,0.79,0.79,0.79,0.79,0.79,0.79,0.79,0.79,0.79,0.79,0.79,0.79,0.79,0.79,0.79,0.79,0.79,0.79,0.79,0.79,0.79,0.79,0.79,0.79,0.79,0.79,0.79,0.79,
1.0,0.882,0.788,0.748,0.745,0.739,0.744,0.738,0.744,0.738,0.744,0.738,0.744,0.738,0.744,0.738,0.744,0.738,0.744,0.738,0.744,0.738,0.744,0.738,0.744,0.738,0.744,0.738,0.744,0.738,0.744,0.738,0.744,0.738,0.744,0.738,0.744,0.738,0.744,0.738,0.744,0.738,0.744,0.738,0.744,0.738,0.744,0.738,0.744,0.738,0.744,0.738,0.744,0.738,0.744,0.738,0.744,0.738,0.744,0.738,0.744,0.738,0.744,0.738,0.744,0.738,0.744,0.738,0.744,0.738,0.744,0.738,0.744,0.738,0.744,0.738,0.744,0.738,0.744,0.738,0.744,0.738,0.744,0.738,0.744,0.738,0.744,0.738,0.744,0.738,0.744,0.738,0.744,0.738,0.744,0.738,0.744,0.738,0.744,0.738,
1.0,0.617,0.622,0.613,0.611,0.612,0.612,0.614,0.614,0.614,0.614,0.613,0.61,0.61,0.611,0.611,0.611,0.612,0.61,0.61,0.61,0.61,0.61,0.61,0.609,0.611,0.61,0.61,0.61,0.61,0.61,0.61,0.61,0.61,0.61,0.61,0.61,0.61,0.61,0.61,0.61,0.61,0.61,0.61,0.61,0.61,0.61,0.61,0.61,0.61,0.61,0.61,0.61,0.61,0.61,0.61,0.61,0.61,0.61,0.61,0.61,0.61,0.61,0.61,0.61,0.61,0.61,0.61,0.61,0.61,0.61,0.61,0.61,0.61,0.61,0.61,0.61,0.61,0.61,0.61,0.61,0.61,0.61,0.61,0.61,0.61,0.61,0.61,0.61,0.61,0.61,0.61,0.61,0.61,0.61,0.61,0.61,0.61,0.61,0.61,
1.0,0.873,0.759,0.743,0.746,0.741,0.743,0.741,0.742,0.741,0.742,0.741,0.741,0.741,0.741,0.741,0.741,0.741,0.74,0.741,0.741,0.741,0.741,0.741,0.741,0.741,0.741,0.741,0.741,0.741,0.741,0.741,0.741,0.741,0.741,0.741,0.741,0.741,0.741,0.741,0.741,0.742,0.741,0.74,0.74,0.741,0.741,0.741,0.741,0.741,0.741,0.742,0.741,0.741,0.741,0.741,0.741,0.742,0.74,0.741,0.741,0.741,0.741,0.741,0.741,0.741,0.741,0.741,0.741,0.741,0.741,0.741,0.741,0.741,0.741,0.741,0.741,0.741,0.741,0.741,0.741,0.742,0.742,0.746,0.74,0.741,0.741,0.741,0.742,0.741,0.74,0.741,0.74,0.741,0.741,0.741,0.741,0.741,0.741,0.741,
1.0,0.716,0.696,0.699,0.68,0.678,0.68,0.678,0.68,0.677,0.679,0.676,0.68,0.677,0.68,0.677,0.68,0.677,0.68,0.677,0.679,0.677,0.678,0.677,0.68,0.676,0.68,0.677,0.68,0.677,0.68,0.676,0.679,0.676,0.68,0.676,0.68,0.677,0.68,0.676,0.68,0.677,0.68,0.678,0.68,0.679,0.68,0.677,0.68,0.677,0.68,0.676,0.679,0.676,0.679,0.677,0.68,0.677,0.68,0.678,0.68,0.677,0.68,0.677,0.68,0.677,0.68,0.677,0.68,0.678,0.68,0.677,0.68,0.677,0.68,0.678,0.68,0.677,0.68,0.677,0.679,0.677,0.68,0.679,0.68,0.68,0.68,0.68,0.68,0.68,0.68,0.678,0.68,0.68,0.68,0.678,0.68,0.68,0.68,0.68,
1.0,0.684,0.642,0.637,0.638,0.631,0.63,0.631,0.629,0.63,0.636,0.631,0.633,0.631,0.633,0.631,0.633,0.631,0.633,0.631,0.633,0.629,0.637,0.63,0.635,0.63,0.63,0.629,0.634,0.63,0.636,0.631,0.633,0.63,0.637,0.63,0.635,0.63,0.633,0.631,0.633,0.629,0.635,0.631,0.634,0.63,0.63,0.63,0.636,0.63,0.638,0.63,0.633,0.63,0.637,0.63,0.636,0.638,0.63,0.631,0.635,0.63,0.636,0.638,0.63,0.631,0.635,0.629,0.63,0.63,0.63,0.632,0.636,0.63,0.636,0.63,0.629,0.63,0.636,0.638,0.63,0.631,0.635,0.63,0.63,0.631,0.638,0.63,0.634,0.634,0.63,0.63,0.629,0.638,0.63,0.631,0.633,0.636,0.634,0.632,
0.994,0.858,0.878,0.753,0.881,0.769,0.879,0.768,0.899,0.769,0.9,0.768,0.896,0.768,0.896,0.768,0.891,0.768,0.9,0.754,0.875,0.769,0.874,0.768,0.878,0.758,0.896,0.768,0.896,0.769,0.877,0.769,0.874,0.769,0.902,0.768,0.9,0.769,0.892,0.768,0.891,0.768,0.896,0.768,0.896,0.768,0.896,0.768,0.9,0.768,0.899,0.769,0.891,0.768,0.896,0.768,0.896,0.768,0.896,0.768,0.896,0.768,0.9,0.768,0.899,0.769,0.891,0.768,0.9,0.768,0.899,0.769,0.891,0.768,0.9,0.768,0.899,0.769,0.891,0.768,0.9,0.768,0.898,0.769,0.896,0.768,0.891,0.768,0.891,0.768,0.891,0.768,0.891,0.768,0.891,0.768,0.9,0.768,0.898,0.758,
1.0,0.801,0.779,0.769,0.771,0.775,0.768,0.772,0.772,0.774,0.77,0.774,0.773,0.774,0.767,0.775,0.767,0.774,0.766,0.771,0.769,0.773,0.769,0.775,0.767,0.773,0.769,0.775,0.767,0.774,0.767,0.775,0.768,0.774,0.767,0.775,0.767,0.771,0.769,0.773,0.769,0.775,0.767,0.773,0.769,0.775,0.767,0.775,0.767,0.775,0.767,0.775,0.767,0.774,0.767,0.771,0.769,0.773,0.769,0.775,0.767,0.773,0.769,0.775,0.767,0.775,0.767,0.774,0.767,0.775,0.767,0.775,0.767,0.771,0.769,0.773,0.769,0.775,0.767,0.773,0.769,0.775,0.767,0.775,0.767,0.775,0.767,0.775,0.767,0.775,0.767,0.771,0.769,0.773,0.769,0.775,0.767,0.773,0.769,0.775,
1.0,0.875,0.751,0.739,0.732,0.726,0.726,0.726,0.726,0.726,0.726,0.726,0.726,0.726,0.726,0.726,0.726,0.726,0.726,0.726,0.726,0.726,0.726,0.726,0.726,0.726,0.726,0.726,0.726,0.726,0.726,0.726,0.726,0.726,0.726,0.726,0.726,0.726,0.726,0.726,0.726,0.731,0.725,0.726,0.726,0.726,0.726,0.731,0.726,0.729,0.726,0.726,0.726,0.726,0.726,0.726,0.726,0.726,0.726,0.726,0.726,0.726,0.726,0.726,0.726,0.726,0.726,0.726,0.726,0.726,0.726,0.726,0.726,0.726,0.726,0.726,0.726,0.726,0.726,0.726,0.726,0.726,0.731,0.726,0.726,0.726,0.726,0.726,0.731,0.726,0.726,0.726,0.726,0.726,0.73,0.725,0.725,0.726,0.726,0.726,
1.0,0.828,0.777,0.751,0.748,0.748,0.747,0.749,0.748,0.749,0.747,0.748,0.748,0.748,0.748,0.748,0.748,0.748,0.748,0.748,0.748,0.748,0.748,0.748,0.748,0.748,0.748,0.748,0.748,0.749,0.748,0.748,0.747,0.748,0.748,0.748,0.748,0.748,0.748,0.748,0.747,0.748,0.748,0.749,0.748,0.748,0.747,0.748,0.748,0.748,0.748,0.748,0.747,0.748,0.748,0.748,0.748,0.748,0.747,0.748,0.748,0.748,0.748,0.748,0.748,0.748,0.748,0.748,0.747,0.748,0.748,0.749,0.747,0.748,0.747,0.748,0.748,0.748,0.748,0.748,0.747,0.748,0.748,0.748,0.748,0.748,0.748,0.748,0.747,0.748,0.748,0.748,0.748,0.748,0.747,0.748,0.748,0.748,0.748,0.748,
1.0,0.841,0.805,0.764,0.762,0.762,0.761,0.761,0.761,0.761,0.761,0.761,0.761,0.761,0.761,0.761,0.761,0.761,0.761,0.761,0.761,0.761,0.761,0.761,0.761,0.761,0.761,0.761,0.761,0.761,0.761,0.761,0.761,0.761,0.761,0.761,0.761,0.761,0.761,0.761,0.761,0.761,0.761,0.761,0.761,0.761,0.761,0.761,0.761,0.761,0.761,0.761,0.761,0.761,0.761,0.761,0.761,0.761,0.761,0.761,0.761,0.761,0.761,0.761,0.761,0.761,0.761,0.761,0.761,0.761,0.761,0.761,0.761,0.761,0.761,0.761,0.761,0.761,0.761,0.761,0.761,0.761,0.761,0.761,0.761,0.761,0.761,0.761,0.761,0.761,0.761,0.761,0.761,0.761,0.761,0.761,0.761,0.761,0.761,0.761,
1.0,0.986,0.878,0.832,0.8,0.876,0.799,0.872,0.799,0.876,0.799,0.876,0.799,0.876,0.799,0.876,0.799,0.872,0.799,0.876,0.799,0.876,0.799,0.875,0.799,0.876,0.799,0.876,0.799,0.875,0.799,0.876,0.799,0.876,0.799,0.876,0.799,0.872,0.799,0.876,0.799,0.876,0.799,0.875,0.799,0.876,0.799,0.876,0.799,0.876,0.799,0.872,0.799,0.876,0.799,0.876,0.799,0.876,0.799,0.876,0.799,0.876,0.799,0.876,0.799,0.872,0.799,0.876,0.799,0.876,0.799,0.876,0.799,0.876,0.799,0.876,0.799,0.876,0.799,0.872,0.799,0.876,0.799,0.876,0.798,0.876,0.799,0.876,0.792,0.786,0.791,0.816,0.789,0.785,0.785,0.785,0.785,0.785,0.785,0.785,
1.0,0.808,0.712,0.699,0.708,0.696,0.707,0.696,0.696,0.696,0.696,0.696,0.696,0.696,0.696,0.696,0.706,0.696,0.712,0.696,0.696,0.696,0.696,0.707,0.697,0.709,0.697,0.711,0.697,0.708,0.697,0.705,0.697,0.696,0.697,0.709,0.697,0.699,0.697,0.696,0.697,0.696,0.696,0.703,0.696,0.711,0.697,0.706,0.697,0.696,0.697,0.696,0.697,0.706,0.697,0.696,0.697,0.696,0.697,0.696,0.696,0.702,0.697,0.696,0.697,0.702,0.697,0.699,0.697,0.696,0.696,0.704,0.697,0.706,0.697,0.702,0.697,0.696,0.697,0.707,0.697,0.699,0.697,0.697,0.697,0.696,0.697,0.702,0.697,0.706,0.697,0.708,0.697,0.696,0.697,0.696,0.697,0.708,0.696,0.696,
1.0,0.866,0.818,0.806,0.805,0.805,0.804,0.804,0.805,0.805,0.805,0.805,0.804,0.805,0.805,0.805,0.804,0.804,0.805,0.804,0.805,0.804,0.805,0.804,0.805,0.805,0.804,0.805,0.805,0.805,0.805,0.805,0.804,0.805,0.805,0.805,0.805,0.805,0.805,0.805,0.804,0.805,0.805,0.805,0.805,0.804,0.805,0.805,0.804,0.805,0.805,0.805,0.804,0.805,0.805,0.805,0.805,0.804,0.805,0.805,0.805,0.804,0.805,0.805,0.805,0.805,0.805,0.805,0.804,0.805,0.805,0.805,0.805,0.805,0.805,0.805,0.805,0.805,0.805,0.805,0.805,0.805,0.805,0.805,0.804,0.804,0.805,0.805,0.805,0.805,0.804,0.804,0.805,0.805,0.805,0.805,0.805,0.805,0.805,0.805,
1.0,0.781,0.801,0.674,0.68,0.674,0.676,0.672,0.676,0.672,0.676,0.672,0.675,0.672,0.675,0.672,0.675,0.672,0.675,0.672,0.675,0.672,0.675,0.672,0.675,0.672,0.675,0.672,0.675,0.672,0.675,0.672,0.675,0.672,0.675,0.672,0.675,0.672,0.675,0.672,0.675,0.672,0.675,0.672,0.675,0.672,0.675,0.672,0.675,0.672,0.675,0.672,0.675,0.672,0.675,0.672,0.675,0.672,0.675,0.672,0.675,0.672,0.675,0.672,0.675,0.672,0.675,0.672,0.675,0.672,0.675,0.672,0.675,0.672,0.675,0.672,0.675,0.672,0.675,0.672,0.675,0.672,0.675,0.672,0.675,0.672,0.675,0.672,0.675,0.672,0.675,0.672,0.675,0.672,0.675,0.672,0.675,0.672,0.675,0.672,
1.0,0.807,0.769,0.775,0.772,0.772,0.772,0.77,0.771,0.772,0.772,0.772,0.771,0.772,0.771,0.772,0.771,0.772,0.771,0.772,0.771,0.772,0.771,0.772,0.771,0.772,0.771,0.772,0.771,0.772,0.771,0.772,0.771,0.772,0.771,0.772,0.771,0.772,0.771,0.772,0.771,0.772,0.771,0.772,0.771,0.772,0.771,0.772,0.771,0.772,0.771,0.772,0.771,0.772,0.771,0.772,0.771,0.772,0.771,0.772,0.771,0.772,0.771,0.772,0.771,0.772,0.771,0.772,0.771,0.772,0.771,0.772,0.771,0.772,0.771,0.772,0.771,0.772,0.771,0.772,0.771,0.772,0.771,0.772,0.771,0.772,0.771,0.772,0.771,0.772,0.771,0.772,0.771,0.772,0.771,0.772,0.771,0.772,0.771,0.772,
1.0,0.832,0.768,0.778,0.754,0.755,0.753,0.756,0.755,0.756,0.755,0.756,0.755,0.756,0.755,0.756,0.755,0.756,0.755,0.756,0.755,0.756,0.755,0.756,0.755,0.756,0.755,0.756,0.755,0.756,0.755,0.756,0.755,0.756,0.755,0.756,0.755,0.756,0.755,0.756,0.755,0.756,0.755,0.756,0.755,0.756,0.755,0.756,0.755,0.756,0.755,0.756,0.755,0.756,0.755,0.756,0.755,0.756,0.755,0.756,0.755,0.756,0.755,0.756,0.755,0.756,0.755,0.756,0.755,0.756,0.755,0.756,0.755,0.756,0.755,0.756,0.755,0.756,0.755,0.756,0.755,0.756,0.755,0.756,0.755,0.756,0.755,0.756,0.755,0.756,0.755,0.756,0.755,0.756,0.755,0.756,0.755,0.756,0.755,0.756,
1.0,0.69,0.71,0.678,0.694,0.671,0.694,0.671,0.693,0.671,0.693,0.671,0.693,0.671,0.693,0.671,0.693,0.671,0.693,0.671,0.693,0.671,0.693,0.671,0.693,0.671,0.693,0.671,0.693,0.671,0.693,0.671,0.693,0.671,0.693,0.671,0.693,0.671,0.693,0.671,0.693,0.671,0.693,0.67,0.693,0.671,0.693,0.671,0.693,0.671,0.693,0.671,0.693,0.671,0.693,0.671,0.693,0.671,0.693,0.671,0.693,0.671,0.693,0.671,0.693,0.671,0.693,0.671,0.693,0.671,0.693,0.671,0.693,0.671,0.693,0.671,0.693,0.671,0.693,0.671,0.693,0.671,0.693,0.671,0.693,0.67,0.693,0.671,0.693,0.671,0.693,0.671,0.693,0.671,0.693,0.671,0.693,0.671,0.693,0.671,
1.0,0.8,0.719,0.711,0.711,0.71,0.71,0.71,0.71,0.71,0.71,0.71,0.71,0.71,0.71,0.71,0.71,0.71,0.71,0.71,0.71,0.71,0.71,0.71,0.71,0.712,0.71,0.71,0.71,0.71,0.71,0.712,0.711,0.71,0.71,0.71,0.711,0.71,0.71,0.712,0.71,0.712,0.71,0.712,0.71,0.712,0.71,0.712,0.71,0.712,0.71,0.712,0.71,0.71,0.711,0.71,0.711,0.71,0.71,0.71,0.71,0.71,0.711,0.71,0.71,0.71,0.71,0.71,0.71,0.71,0.71,0.71,0.71,0.712,0.71,0.71,0.71,0.712,0.71,0.712,0.71,0.712,0.71,0.71,0.71,0.712,0.71,0.712,0.711,0.71,0.71,0.71,0.71,0.71,0.71,0.71,0.71,0.711,0.71,0.71,
0.993,0.837,0.761,0.766,0.776,0.765,0.814,0.807,0.762,0.762,0.762,0.731,0.78,0.77,0.731,0.766,0.82,0.76,0.832,0.78,0.776,0.761,0.733,0.765,0.762,0.763,0.761,0.762,0.739,0.764,0.912,0.724,0.736,0.764,0.83,0.803,0.832,0.757,0.763,0.764,0.762,0.763,0.738,0.765,0.82,0.759,0.762,0.738,0.735,0.752,0.733,0.762,0.76,0.738,0.738,0.765,0.83,0.779,0.776,0.735,0.765,0.743,0.733,0.833,0.726,0.766,0.822,0.808,0.76,0.76,0.786,0.773,0.767,0.764,0.779,0.741,0.764,0.73,0.816,0.757,0.761,0.763,0.76,0.777,0.741,0.735,0.765,0.814,0.808,0.76,0.76,0.761,0.738,0.765,0.913,0.717,0.764,0.763,0.739,0.811,
1.0,0.882,0.795,0.762,0.761,0.761,0.761,0.761,0.761,0.761,0.761,0.761,0.761,0.761,0.761,0.761,0.761,0.761,0.761,0.761,0.761,0.761,0.761,0.761,0.761,0.761,0.761,0.761,0.761,0.761,0.761,0.761,0.761,0.761,0.761,0.761,0.761,0.761,0.761,0.761,0.761,0.761,0.761,0.761,0.761,0.761,0.761,0.761,0.761,0.761,0.761,0.761,0.761,0.761,0.761,0.761,0.761,0.761,0.761,0.761,0.761,0.761,0.761,0.761,0.761,0.761,0.761,0.761,0.761,0.761,0.761,0.761,0.761,0.761,0.761,0.761,0.761,0.761,0.761,0.761,0.761,0.761,0.761,0.761,0.761,0.761,0.761,0.761,0.761,0.761,0.761,0.761,0.761,0.761,0.761,0.761,0.761,0.761,0.761,0.761,
1.0,0.716,0.791,0.777,0.751,0.727,0.727,0.723,0.722,0.722,0.722,0.722,0.722,0.722,0.722,0.722,0.722,0.722,0.722,0.722,0.722,0.722,0.722,0.722,0.722,0.722,0.722,0.722,0.722,0.722,0.722,0.722,0.722,0.722,0.722,0.722,0.722,0.722,0.722,0.722,0.722,0.722,0.722,0.722,0.722,0.722,0.722,0.722,0.722,0.722,0.722,0.722,0.722,0.722,0.722,0.722,0.722,0.722,0.722,0.722,0.722,0.722,0.722,0.722,0.722,0.722,0.722,0.722,0.722,0.722,0.722,0.722,0.722,0.722,0.722,0.722,0.722,0.722,0.722,0.722,0.722,0.722,0.722,0.722,0.722,0.722,0.722,0.722,0.722,0.722,0.722,0.722,0.722,0.722,0.722,0.722,0.722,0.722,0.722,0.709,
1.0,0.777,0.777,0.762,0.76,0.736,0.735,0.727,0.723,0.734,0.735,0.735,0.735,0.735,0.735,0.735,0.735,0.735,0.735,0.735,0.735,0.735,0.735,0.735,0.735,0.735,0.735,0.735,0.735,0.735,0.735,0.735,0.735,0.735,0.735,0.735,0.735,0.735,0.735,0.735,0.735,0.735,0.735,0.735,0.735,0.735,0.735,0.735,0.735,0.735,0.735,0.735,0.735,0.735,0.735,0.735,0.735,0.735,0.735,0.735,0.735,0.735,0.735,0.735,0.735,0.735,0.735,0.735,0.735,0.735,0.735,0.735,0.735,0.735,0.735,0.735,0.735,0.735,0.735,0.735,0.735,0.735,0.735,0.735,0.735,0.735,0.735,0.735,0.735,0.735,0.735,0.735,0.735,0.735,0.735,0.735,0.735,0.735,0.735,0.735,
1.0,0.685,0.703,0.67,0.673,0.674,0.67,0.67,0.67,0.67,0.67,0.67,0.671,0.67,0.67,0.671,0.67,0.67,0.67,0.671,0.67,0.67,0.67,0.672,0.67,0.67,0.67,0.67,0.67,0.67,0.671,0.67,0.67,0.67,0.67,0.67,0.67,0.671,0.67,0.67,0.671,0.67,0.67,0.67,0.67,0.671,0.67,0.671,0.67,0.67,0.67,0.671,0.67,0.67,0.67,0.67,0.672,0.67,0.67,0.671,0.67,0.67,0.67,0.67,0.672,0.67,0.67,0.67,0.67,0.67,0.671,0.67,0.67,0.67,0.671,0.67,0.67,0.67,0.672,0.67,0.672,0.67,0.671,0.67,0.675,0.67,0.671,0.67,0.67,0.67,0.671,0.67,0.67,0.67,0.675,0.67,0.67,0.67,0.67,0.671,
1.0,0.692,0.647,0.644,0.643,0.644,0.643,0.644,0.643,0.644,0.643,0.644,0.643,0.644,0.643,0.644,0.643,0.644,0.643,0.643,0.643,0.643,0.643,0.643,0.643,0.644,0.643,0.644,0.643,0.644,0.643,0.643,0.643,0.644,0.643,0.643,0.643,0.644,0.643,0.644,0.643,0.644,0.643,0.644,0.643,0.644,0.643,0.644,0.643,0.643,0.643,0.644,0.643,0.643,0.643,0.643,0.643,0.644,0.643,0.644,0.643,0.644,0.643,0.644,0.643,0.643,0.643,0.644,0.643,0.644,0.643,0.643,0.643,0.644,0.643,0.644,0.643,0.644,0.643,0.644,0.643,0.644,0.643,0.644,0.643,0.643,0.643,0.643,0.643,0.644,0.643,0.644,0.643,0.643,0.643,0.644,0.643,0.643,0.643,0.644,
1.0,0.839,0.773,0.759,0.758,0.758,0.758,0.758,0.758,0.758,0.758,0.758,0.758,0.758,0.758,0.758,0.758,0.758,0.758,0.758,0.758,0.758,0.758,0.758,0.758,0.758,0.758,0.758,0.758,0.758,0.758,0.758,0.758,0.758,0.758,0.758,0.758,0.758,0.758,0.758,0.758,0.758,0.758,0.758,0.758,0.758,0.758,0.758,0.758,0.758,0.758,0.758,0.758,0.758,0.758,0.758,0.758,0.758,0.758,0.758,0.758,0.758,0.758,0.758,0.758,0.758,0.758,0.758,0.758,0.758,0.758,0.758,0.758,0.758,0.758,0.758,0.758,0.758,0.758,0.758,0.758,0.758,0.758,0.758,0.758,0.758,0.758,0.758,0.758,0.758,0.758,0.758,0.758,0.758,0.758,0.758,0.758,0.758,0.758,0.758,
1.0,0.888,0.782,0.726,0.762,0.723,0.74,0.721,0.725,0.722,0.723,0.723,0.723,0.723,0.723,0.723,0.723,0.723,0.723,0.723,0.723,0.723,0.723,0.723,0.723,0.723,0.723,0.723,0.723,0.723,0.723,0.723,0.723,0.723,0.723,0.723,0.723,0.723,0.723,0.723,0.723,0.723,0.723,0.723,0.723,0.723,0.723,0.723,0.723,0.723,0.723,0.723,0.723,0.723,0.723,0.723,0.723,0.723,0.723,0.723,0.723,0.723,0.723,0.723,0.723,0.723,0.723,0.723,0.723,0.723,0.723,0.723,0.723,0.723,0.723,0.723,0.723,0.723,0.723,0.723,0.723,0.723,0.723,0.723,0.723,0.723,0.723,0.723,0.723,0.723,0.723,0.723,0.723,0.723,0.723,0.723,0.723,0.723,0.723,0.723,
1.0,0.841,0.78,0.766,0.761,0.762,0.763,0.762,0.76,0.761,0.761,0.761,0.761,0.761,0.761,0.761,0.761,0.761,0.761,0.761,0.761,0.761,0.761,0.761,0.761,0.761,0.761,0.761,0.761,0.761,0.761,0.761,0.761,0.761,0.761,0.761,0.761,0.761,0.761,0.761,0.761,0.761,0.761,0.761,0.761,0.761,0.761,0.761,0.761,0.761,0.761,0.761,0.761,0.761,0.761,0.761,0.761,0.761,0.761,0.761,0.761,0.761,0.761,0.761,0.761,0.761,0.761,0.761,0.761,0.761,0.761,0.761,0.761,0.761,0.761,0.761,0.761,0.761,0.761,0.761,0.761,0.761,0.761,0.761,0.761,0.761,0.761,0.761,0.761,0.761,0.761,0.761,0.761,0.761,0.761,0.761,0.761,0.761,0.761,0.761,
1.0,0.892,0.826,0.811,0.809,0.804,0.808,0.804,0.804,0.804,0.804,0.804,0.804,0.804,0.804,0.804,0.804,0.804,0.804,0.804,0.804,0.804,0.804,0.804,0.804,0.804,0.804,0.804,0.804,0.804,0.804,0.804,0.804,0.804,0.804,0.804,0.804,0.804,0.804,0.804,0.804,0.804,0.804,0.804,0.804,0.804,0.804,0.804,0.804,0.804,0.804,0.804,0.804,0.804,0.804,0.804,0.804,0.804,0.804,0.804,0.804,0.804,0.804,0.804,0.804,0.804,0.804,0.804,0.804,0.804,0.804,0.804,0.804,0.804,0.804,0.804,0.804,0.804,0.804,0.804,0.804,0.804,0.804,0.804,0.804,0.804,0.804,0.804,0.804,0.804,0.804,0.804,0.804,0.804,0.804,0.804,0.804,0.804,0.804,0.804,
1.0,0.696,0.656,0.66,0.658,0.658,0.657,0.657,0.658,0.661,0.658,0.658,0.657,0.657,0.658,0.658,0.658,0.661,0.658,0.658,0.658,0.658,0.658,0.658,0.657,0.658,0.658,0.657,0.657,0.658,0.657,0.658,0.658,0.661,0.657,0.661,0.657,0.657,0.658,0.657,0.66,0.657,0.657,0.658,0.657,0.657,0.657,0.658,0.657,0.66,0.657,0.657,0.659,0.657,0.657,0.658,0.657,0.66,0.657,0.657,0.658,0.658,0.658,0.657,0.658,0.658,0.658,0.657,0.657,0.658,0.657,0.66,0.657,0.657,0.658,0.657,0.66,0.657,0.657,0.659,0.657,0.657,0.658,0.657,0.66,0.657,0.657,0.658,0.658,0.658,0.657,0.657,0.659,0.658,0.658,0.658,0.657,0.657,0.659,0.657,
1.0,0.764,0.667,0.658,0.657,0.657,0.659,0.656,0.656,0.658,0.657,0.659,0.657,0.656,0.657,0.656,0.656,0.656,0.656,0.656,0.66,0.657,0.656,0.656,0.656,0.66,0.656,0.656,0.656,0.657,0.656,0.656,0.656,0.656,0.657,0.656,0.656,0.66,0.656,0.656,0.656,0.656,0.657,0.656,0.656,0.656,0.659,0.656,0.656,0.656,0.657,0.656,0.656,0.656,0.656,0.656,0.657,0.657,0.657,0.656,0.656,0.656,0.657,0.656,0.656,0.656,0.657,0.656,0.656,0.657,0.659,0.657,0.656,0.656,0.656,0.656,0.656,0.657,0.657,0.657,0.657,0.656,0.656,0.656,0.657,0.656,0.657,0.657,0.66,0.657,0.657,0.659,0.656,0.656,0.656,0.656,0.66,0.657,0.657,0.656,
0.753,1.0,0.588,0.694,0.613,0.614,0.695,0.613,0.679,0.612,0.612,0.692,0.612,0.679,0.612,0.613,0.684,0.613,0.613,0.693,0.612,0.613,0.674,0.612,0.612,0.613,0.646,0.612,0.637,0.613,0.697,0.613,0.7,0.612,0.681,0.612,0.613,0.694,0.613,0.612,0.686,0.64,0.613,0.692,0.611,0.613,0.613,0.613,0.672,0.611,0.612,0.69,0.612,0.613,0.613,0.674,0.613,0.695,0.613,0.614,0.695,0.612,0.678,0.612,0.683,0.64,0.612,0.671,0.611,0.667,0.612,0.693,0.611,0.612,0.693,0.612,0.676,0.613,0.613,0.612,0.613,0.691,0.612,0.686,0.64,0.613,0.697,0.612,0.613,0.614,0.612,0.612,0.694,0.612,0.696,0.613,0.679,0.612,0.613,0.613,
1.0,0.695,0.684,0.688,0.66,0.66,0.66,0.661,0.661,0.661,0.661,0.662,0.665,0.666,0.66,0.661,0.66,0.661,0.661,0.705,0.66,0.699,0.66,0.702,0.66,0.699,0.66,0.661,0.704,0.66,0.684,0.691,0.703,0.661,0.697,0.66,0.661,0.661,0.7,0.66,0.661,0.661,0.661,0.661,0.694,0.66,0.661,0.69,0.66,0.67,0.661,0.668,0.662,0.661,0.661,0.7,0.66,0.703,0.66,0.704,0.66,0.699,0.66,0.661,0.661,0.705,0.66,0.686,0.661,0.668,0.661,0.693,0.69,0.667,0.661,0.661,0.66,0.667,0.695,0.66,0.661,0.663,0.661,0.66,0.695,0.66,0.695,0.659,0.66,0.695,0.66,0.663,0.661,0.671,0.661,0.661,0.689,0.66,0.704,0.684,
1.0,0.781,0.765,0.752,0.752,0.751,0.752,0.75,0.75,0.751,0.751,0.751,0.751,0.751,0.752,0.751,0.751,0.751,0.751,0.751,0.751,0.751,0.751,0.751,0.751,0.75,0.75,0.75,0.751,0.751,0.752,0.751,0.751,0.751,0.751,0.751,0.75,0.749,0.749,0.749,0.751,0.75,0.751,0.751,0.751,0.75,0.751,0.75,0.751,0.751,0.751,0.751,0.751,0.751,0.752,0.751,0.751,0.75,0.75,0.749,0.73,0.752,0.75,0.752,0.75,0.752,0.75,0.751,0.75,0.753,0.75,0.751,0.75,0.752,0.75,0.751,0.75,0.752,0.75,0.752,0.75,0.751,0.75,0.75,0.751,0.752,0.751,0.752,0.75,0.752,0.749,0.752,0.75,0.752,0.749,0.751,0.749,0.751,0.75,0.752,
1.0,0.746,0.738,0.724,0.725,0.726,0.725,0.725,0.725,0.725,0.725,0.725,0.725,0.725,0.725,0.725,0.725,0.725,0.725,0.725,0.725,0.725,0.725,0.725,0.725,0.725,0.725,0.725,0.725,0.725,0.725,0.725,0.725,0.725,0.725,0.725,0.725,0.725,0.725,0.725,0.725,0.725,0.725,0.725,0.725,0.725,0.725,0.725,0.725,0.725,0.725,0.725,0.725,0.725,0.725,0.725,0.725,0.725,0.725,0.725,0.725,0.725,0.725,0.725,0.725,0.725,0.725,0.725,0.725,0.725,0.725,0.725,0.725,0.725,0.725,0.725,0.725,0.725,0.725,0.725,0.725,0.725,0.725,0.725,0.725,0.725,0.725,0.725,0.725,0.725,0.725,0.725,0.725,0.725,0.725,0.725,0.725,0.725,0.725,0.725,
1.0,0.934,0.819,0.822,0.804,0.791,0.8,0.787,0.798,0.787,0.79,0.82,0.788,0.819,0.787,0.819,0.787,0.82,0.787,0.819,0.787,0.786,0.787,0.79,0.799,0.795,0.79,0.82,0.787,0.82,0.787,0.82,0.788,0.82,0.788,0.82,0.788,0.82,0.788,0.82,0.788,0.82,0.788,0.819,0.787,0.82,0.787,0.819,0.787,0.82,0.787,0.82,0.788,0.819,0.787,0.82,0.787,0.82,0.788,0.819,0.8,0.787,0.797,0.787,0.79,0.819,0.787,0.82,0.788,0.82,0.788,0.82,0.788,0.819,0.787,0.82,0.787,0.82,0.788,0.82,0.788,0.82,0.788,0.82,0.788,0.819,0.787,0.82,0.787,0.819,0.787,0.82,0.787,0.82,0.788,0.819,0.787,0.82,0.787,0.82,
1.0,0.729,0.713,0.697,0.699,0.698,0.699,0.698,0.698,0.698,0.698,0.698,0.698,0.698,0.699,0.698,0.698,0.698,0.698,0.698,0.698,0.699,0.698,0.698,0.699,0.698,0.698,0.698,0.698,0.698,0.698,0.698,0.698,0.711,0.698,0.698,0.698,0.698,0.699,0.698,0.698,0.698,0.698,0.698,0.698,0.698,0.698,0.699,0.698,0.698,0.699,0.698,0.698,0.698,0.698,0.699,0.698,0.698,0.698,0.698,0.698,0.699,0.698,0.698,0.699,0.698,0.698,0.698,0.698,0.698,0.699,0.698,0.698,0.699,0.698,0.698,0.698,0.699,0.698,0.698,0.698,0.698,0.698,0.698,0.698,0.709,0.698,0.698,0.699,0.698,0.698,0.698,0.698,0.698,0.698,0.698,0.698,0.699,0.698,0.698,
1.0,0.686,0.631,0.602,0.599,0.6,0.597,0.601,0.599,0.6,0.598,0.601,0.597,0.601,0.598,0.6,0.598,0.601,0.598,0.6,0.6,0.601,0.598,0.6,0.597,0.601,0.598,0.6,0.598,0.601,0.601,0.601,0.597,0.601,0.6,0.601,0.601,0.601,0.597,0.6,0.597,0.601,0.598,0.601,0.598,0.6,0.597,0.601,0.597,0.6,0.598,0.601,0.599,0.601,0.599,0.601,0.599,0.601,0.599,0.601,0.599,0.601,0.599,0.6,0.598,0.6,0.597,0.6,0.599,0.6,0.598,0.604,0.6,0.601,0.598,0.601,0.6,0.6,0.599,0.6,0.598,0.601,0.602,0.601,0.602,0.601,0.602,0.601,0.602,0.601,0.602,0.6,0.599,0.601,0.602,0.601,0.602,0.6,0.599,0.601,
1.0,0.746,0.694,0.686,0.693,0.68,0.681,0.685,0.68,0.68,0.684,0.681,0.68,0.68,0.687,0.708,0.681,0.68,0.681,0.687,0.688,0.693,0.681,0.681,0.679,0.68,0.68,0.68,0.68,0.68,0.686,0.68,0.679,0.68,0.68,0.68,0.683,0.68,0.687,0.689,0.682,0.684,0.679,0.685,0.679,0.68,0.68,0.68,0.682,0.68,0.68,0.68,0.679,0.68,0.679,0.68,0.689,0.679,0.679,0.683,0.681,0.679,0.681,0.679,0.68,0.68,0.681,0.688,0.688,0.68,0.686,0.688,0.681,0.69,0.681,0.684,0.681,0.688,0.681,0.687,0.68,0.68,0.68,0.681,0.68,0.68,0.679,0.685,0.68,0.681,0.68,0.683,0.686,0.69,0.68,0.683,0.679,0.679,0.68,0.68,
1.0,0.938,0.757,0.775,0.703,0.765,0.702,0.745,0.7,0.745,0.7,0.745,0.7,0.745,0.7,0.745,0.7,0.745,0.7,0.745,0.7,0.745,0.7,0.745,0.7,0.745,0.7,0.745,0.7,0.745,0.7,0.745,0.7,0.745,0.7,0.745,0.7,0.745,0.7,0.745,0.7,0.745,0.7,0.745,0.7,0.745,0.7,0.745,0.7,0.745,0.7,0.745,0.7,0.745,0.7,0.745,0.7,0.745,0.7,0.745,0.7,0.745,0.7,0.745,0.7,0.745,0.7,0.745,0.7,0.745,0.7,0.745,0.7,0.745,0.7,0.745,0.7,0.745,0.7,0.745,0.7,0.745,0.7,0.745,0.7,0.745,0.7,0.745,0.7,0.745,0.7,0.745,0.7,0.745,0.7,0.745,0.7,0.745,0.7,0.745,
1.0,0.761,0.742,0.751,0.751,0.756,0.752,0.749,0.749,0.749,0.749,0.749,0.749,0.749,0.749,0.749,0.749,0.749,0.749,0.749,0.749,0.749,0.749,0.749,0.749,0.749,0.749,0.749,0.749,0.749,0.749,0.749,0.749,0.749,0.749,0.749,0.749,0.749,0.749,0.749,0.749,0.749,0.749,0.749,0.749,0.749,0.749,0.749,0.749,0.749,0.749,0.749,0.749,0.749,0.749,0.749,0.749,0.749,0.749,0.749,0.749,0.749,0.749,0.749,0.749,0.749,0.749,0.749,0.749,0.749,0.749,0.749,0.749,0.749,0.749,0.749,0.749,0.749,0.749,0.749,0.749,0.749,0.749,0.749,0.749,0.749,0.749,0.749,0.749,0.749,0.749,0.749,0.749,0.749,0.749,0.749,0.749,0.749,0.749,0.749,
1.0,0.987,0.701,0.672,0.669,0.669,0.669,0.669,0.669,0.669,0.669,0.669,0.669,0.669,0.669,0.669,0.669,0.669,0.669,0.669,0.669,0.669,0.669,0.669,0.669,0.669,0.669,0.669,0.669,0.669,0.669,0.669,0.669,0.669,0.669,0.669,0.669,0.669,0.669,0.669,0.669,0.669,0.669,0.669,0.669,0.669,0.669,0.669,0.669,0.669,0.669,0.669,0.669,0.669,0.669,0.669,0.669,0.669,0.669,0.669,0.669,0.669,0.669,0.669,0.669,0.669,0.669,0.669,0.669,0.669,0.669,0.669,0.669,0.669,0.669,0.669,0.669,0.669,0.669,0.669,0.669,0.669,0.669,0.669,0.669,0.669,0.669,0.669,0.669,0.669,0.669,0.669,0.669,0.669,0.669,0.669,0.669,0.669,0.669,0.669,
0.991,0.779,0.786,0.769,0.768,0.769,0.766,0.769,0.766,0.77,0.767,0.77,0.767,0.77,0.767,0.77,0.767,0.768,0.766,0.768,0.766,0.768,0.765,0.768,0.766,0.768,0.766,0.768,0.765,0.768,0.766,0.768,0.766,0.768,0.765,0.768,0.766,0.768,0.766,0.768,0.765,0.768,0.766,0.768,0.766,0.768,0.765,0.768,0.766,0.768,0.766,0.768,0.765,0.768,0.766,0.768,0.766,0.768,0.765,0.768,0.766,0.768,0.766,0.768,0.765,0.768,0.766,0.768,0.766,0.768,0.765,0.768,0.766,0.768,0.766,0.768,0.765,0.768,0.766,0.768,0.766,0.768,0.765,0.768,0.766,0.768,0.766,0.768,0.765,0.768,0.766,0.768,0.766,0.768,0.765,0.768,0.766,0.768,0.766,0.768,
1.0,0.744,0.715,0.702,0.7,0.7,0.7,0.697,0.699,0.7,0.699,0.7,0.699,0.7,0.699,0.7,0.699,0.7,0.699,0.7,0.699,0.7,0.699,0.7,0.699,0.7,0.699,0.7,0.699,0.7,0.699,0.7,0.699,0.7,0.699,0.7,0.699,0.7,0.699,0.7,0.699,0.7,0.699,0.7,0.699,0.7,0.699,0.7,0.699,0.7,0.699,0.7,0.699,0.7,0.699,0.7,0.699,0.7,0.699,0.7,0.699,0.7,0.699,0.7,0.699,0.7,0.699,0.7,0.699,0.7,0.699,0.7,0.699,0.7,0.699,0.7,0.699,0.7,0.699,0.7,0.699,0.7,0.699,0.7,0.699,0.7,0.699,0.7,0.699,0.7,0.699,0.7,0.699,0.7,0.699,0.7,0.699,0.7,0.699,0.7,
1.0,0.94,0.723,0.794,0.736,0.787,0.738,0.785,0.737,0.787,0.737,0.789,0.756,0.738,0.767,0.737,0.773,0.756,0.738,0.737,0.774,0.737,0.78,0.77,0.737,0.773,0.737,0.772,0.737,0.767,0.737,0.748,0.737,0.737,0.737,0.753,0.738,0.786,0.737,0.78,0.737,0.786,0.737,0.78,0.737,0.786,0.737,0.773,0.737,0.783,0.737,0.784,0.737,0.772,0.737,0.738,0.784,0.737,0.78,0.737,0.778,0.737,0.769,0.737,0.766,0.737,0.771,0.737,0.752,0.737,0.737,0.737,0.775,0.737,0.739,0.738,0.768,0.738,0.787,0.737,0.787,0.737,0.793,0.737,0.742,0.738,0.771,0.737,0.786,0.737,0.779,0.737,0.785,0.737,0.783,0.737,0.738,0.781,0.737,0.772,
1.0,0.711,0.702,0.632,0.68,0.681,0.681,0.681,0.681,0.681,0.681,0.681,0.681,0.681,0.681,0.681,0.681,0.681,0.681,0.681,0.681,0.681,0.681,0.681,0.681,0.683,0.681,0.681,0.681,0.681,0.679,0.681,0.681,0.681,0.681,0.681,0.681,0.681,0.679,0.681,0.681,0.681,0.681,0.681,0.681,0.681,0.681,0.681,0.681,0.681,0.681,0.681,0.681,0.681,0.681,0.681,0.681,0.681,0.681,0.681,0.681,0.681,0.681,0.681,0.681,0.681,0.681,0.681,0.681,0.681,0.681,0.681,0.681,0.681,0.681,0.681,0.681,0.681,0.681,0.681,0.681,0.681,0.681,0.681,0.681,0.681,0.681,0.681,0.681,0.681,0.681,0.681,0.681,0.681,0.681,0.681,0.681,0.681,0.681,0.681,
1.0,0.897,0.868,0.863,0.873,0.859,0.873,0.842,0.833,0.857,0.847,0.839,0.854,0.843,0.854,0.842,0.837,0.848,0.849,0.838,0.848,0.838,0.828,0.833,0.827,0.853,0.827,0.826,0.826,0.827,0.813,0.839,0.85,0.848,0.86,0.864,0.834,0.846,0.838,0.835,0.848,0.852,0.844,0.848,0.837,0.839,0.844,0.843,0.843,0.845,0.831,0.83,0.828,0.823,0.842,0.856,0.856,0.849,0.84,0.864,0.863,0.844,0.834,0.826,0.851,0.845,0.852,0.835,0.844,0.844,0.849,0.852,0.824,0.827,0.819,0.854,0.862,0.845,0.834,0.847,0.846,0.816,0.836,0.848,0.839,0.85,0.825,0.828,0.826,0.855,0.855,0.827,0.837,0.835,0.816,0.86,0.845,0.85,0.83,0.721,
0.998,0.806,0.815,0.804,0.804,0.801,0.775,0.805,0.801,0.803,0.802,0.775,0.773,0.78,0.776,0.777,0.775,0.776,0.776,0.777,0.776,0.776,0.775,0.777,0.776,0.777,0.775,0.776,0.776,0.777,0.776,0.776,0.775,0.777,0.776,0.777,0.775,0.776,0.776,0.777,0.776,0.776,0.775,0.777,0.776,0.777,0.775,0.776,0.776,0.777,0.776,0.776,0.775,0.777,0.776,0.777,0.775,0.776,0.776,0.777,0.776,0.776,0.775,0.777,0.776,0.777,0.775,0.776,0.776,0.777,0.776,0.776,0.775,0.777,0.776,0.777,0.775,0.776,0.776,0.777,0.776,0.776,0.775,0.777,0.776,0.777,0.775,0.776,0.776,0.777,0.776,0.776,0.775,0.777,0.776,0.777,0.775,0.776,0.776,0.777,
1.0,0.936,0.804,0.776,0.772,0.771,0.771,0.771,0.771,0.771,0.771,0.771,0.771,0.771,0.771,0.771,0.771,0.771,0.771,0.771,0.771,0.771,0.771,0.771,0.771,0.771,0.771,0.771,0.771,0.771,0.771,0.771,0.771,0.771,0.771,0.771,0.771,0.771,0.771,0.771,0.771,0.771,0.771,0.771,0.771,0.771,0.771,0.771,0.771,0.771,0.771,0.771,0.771,0.771,0.771,0.771,0.771,0.771,0.771,0.771,0.771,0.771,0.771,0.771,0.771,0.771,0.771,0.771,0.771,0.771,0.771,0.771,0.771,0.771,0.771,0.771,0.771,0.771,0.771,0.771,0.771,0.771,0.771,0.771,0.771,0.771,0.771,0.771,0.771,0.771,0.771,0.771,0.771,0.771,0.771,0.771,0.771,0.771,0.771,0.771,
1.0,0.822,0.81,0.734,0.736,0.735,0.751,0.735,0.739,0.735,0.735,0.735,0.735,0.735,0.735,0.735,0.74,0.736,0.742,0.736,0.745,0.736,0.764,0.735,0.77,0.735,0.735,0.736,0.736,0.735,0.735,0.739,0.736,0.735,0.735,0.77,0.739,0.744,0.735,0.735,0.777,0.735,0.736,0.736,0.763,0.736,0.767,0.738,0.742,0.736,0.739,0.735,0.761,0.735,0.735,0.735,0.735,0.752,0.735,0.742,0.736,0.845,0.735,0.735,0.826,0.735,0.735,0.734,0.735,0.739,0.741,0.735,0.737,0.735,0.765,0.735,0.744,0.735,0.735,0.735,0.735,0.736,0.735,0.735,0.735,0.748,0.734,0.734,0.735,0.735,0.761,0.736,0.761,0.736,0.739,0.735,0.736,0.735,0.735,0.735,
1.0,0.923,0.67,0.665,0.664,0.664,0.664,0.664,0.664,0.664,0.664,0.664,0.664,0.664,0.664,0.664,0.664,0.664,0.664,0.664,0.664,0.664,0.664,0.664,0.664,0.664,0.664,0.664,0.664,0.664,0.664,0.664,0.664,0.664,0.664,0.664,0.664,0.664,0.664,0.664,0.664,0.664,0.664,0.665,0.664,0.664,0.664,0.664,0.664,0.664,0.664,0.664,0.664,0.664,0.664,0.664,0.664,0.664,0.664,0.664,0.664,0.664,0.664,0.664,0.664,0.664,0.664,0.664,0.664,0.664,0.664,0.664,0.664,0.664,0.664,0.664,0.664,0.664,0.664,0.664,0.665,0.664,0.664,0.664,0.664,0.664,0.664,0.664,0.665,0.664,0.664,0.664,0.664,0.664,0.664,0.664,0.665,0.664,0.664,0.664,
1.0,0.665,0.751,0.663,0.722,0.659,0.73,0.734,0.726,0.74,0.734,0.734,0.728,0.729,0.73,0.685,0.724,0.667,0.725,0.728,0.672,0.742,0.723,0.678,0.725,0.671,0.731,0.679,0.721,0.679,0.726,0.674,0.721,0.678,0.721,0.685,0.717,0.685,0.717,0.685,0.72,0.662,0.72,0.675,0.723,0.678,0.721,0.681,0.719,0.678,0.721,0.679,0.721,0.679,0.721,0.685,0.72,0.685,0.72,0.662,0.72,0.678,0.719,0.685,0.719,0.681,0.724,0.675,0.721,0.685,0.719,0.681,0.719,0.685,0.717,0.678,0.721,0.685,0.717,0.678,0.721,0.679,0.721,0.679,0.721,0.685,0.72,0.685,0.72,0.662,0.72,0.678,0.719,0.685,0.719,0.681,0.719,0.678,0.721,0.685,
1.0,0.828,0.771,0.759,0.756,0.754,0.754,0.755,0.754,0.755,0.754,0.755,0.754,0.755,0.754,0.754,0.754,0.755,0.754,0.754,0.754,0.755,0.754,0.755,0.754,0.755,0.756,0.755,0.754,0.754,0.754,0.755,0.754,0.755,0.754,0.755,0.754,0.755,0.754,0.754,0.754,0.755,0.755,0.755,0.754,0.755,0.754,0.755,0.754,0.755,0.754,0.754,0.754,0.755,0.754,0.755,0.754,0.754,0.754,0.755,0.754,0.755,0.754,0.755,0.754,0.755,0.754,0.755,0.754,0.755,0.754,0.755,0.754,0.754,0.754,0.755,0.754,0.755,0.754,0.755,0.754,0.754,0.754,0.755,0.754,0.755,0.759,0.755,0.755,0.755,0.754,0.755,0.754,0.755,0.754,0.755,0.754,0.754,0.754,0.755,
1.0,0.739,0.719,0.675,0.696,0.697,0.697,0.701,0.691,0.69,0.693,0.697,0.699,0.688,0.69,0.693,0.696,0.7,0.689,0.69,0.693,0.7,0.687,0.689,0.695,0.696,0.701,0.689,0.691,0.693,0.697,0.702,0.69,0.692,0.694,0.699,0.688,0.691,0.692,0.696,0.699,0.687,0.69,0.694,0.697,0.7,0.689,0.69,0.693,0.699,0.687,0.69,0.694,0.697,0.699,0.687,0.691,0.694,0.696,0.7,0.689,0.69,0.692,0.697,0.688,0.69,0.693,0.697,0.7,0.687,0.69,0.693,0.696,0.7,0.689,0.691,0.694,0.698,0.686,0.689,0.692,0.696,0.699,0.688,0.69,0.693,0.696,0.7,0.688,0.69,0.693,0.699,0.687,0.689,0.693,0.696,0.699,0.687,0.69,0.693,
1.0,0.789,0.737,0.706,0.699,0.705,0.698,0.695,0.706,0.699,0.704,0.696,0.706,0.699,0.705,0.699,0.705,0.699,0.705,0.699,0.705,0.699,0.705,0.699,0.705,0.699,0.705,0.699,0.705,0.699,0.705,0.699,0.705,0.699,0.705,0.699,0.705,0.699,0.705,0.699,0.705,0.699,0.705,0.699,0.705,0.699,0.705,0.699,0.705,0.699,0.705,0.699,0.705,0.699,0.705,0.699,0.705,0.699,0.705,0.699,0.705,0.699,0.705,0.699,0.705,0.699,0.705,0.699,0.705,0.699,0.705,0.699,0.705,0.699,0.705,0.699,0.705,0.699,0.705,0.699,0.705,0.699,0.705,0.699,0.705,0.699,0.705,0.699,0.705,0.699,0.705,0.699,0.705,0.699,0.705,0.699,0.705,0.699,0.705,0.699,
1.0,0.767,0.687,0.678,0.676,0.677,0.676,0.677,0.676,0.677,0.676,0.677,0.676,0.677,0.676,0.677,0.676,0.677,0.676,0.677,0.676,0.677,0.676,0.677,0.676,0.677,0.676,0.677,0.676,0.677,0.676,0.677,0.676,0.677,0.675,0.677,0.676,0.677,0.676,0.677,0.676,0.677,0.676,0.677,0.676,0.677,0.676,0.677,0.676,0.677,0.676,0.677,0.676,0.677,0.675,0.677,0.676,0.677,0.676,0.677,0.676,0.677,0.676,0.677,0.676,0.677,0.676,0.677,0.676,0.677,0.676,0.677,0.676,0.677,0.676,0.677,0.676,0.677,0.676,0.677,0.675,0.677,0.676,0.677,0.676,0.677,0.676,0.677,0.676,0.677,0.676,0.677,0.676,0.677,0.676,0.677,0.675,0.677,0.675,0.677,
1.0,0.74,0.719,0.704,0.703,0.703,0.703,0.703,0.703,0.703,0.703,0.703,0.703,0.703,0.703,0.703,0.703,0.703,0.703,0.703,0.703,0.703,0.703,0.703,0.703,0.703,0.703,0.703,0.703,0.703,0.703,0.703,0.703,0.703,0.703,0.703,0.703,0.703,0.703,0.703,0.703,0.703,0.703,0.703,0.703,0.703,0.703,0.703,0.703,0.703,0.703,0.703,0.703,0.703,0.703,0.703,0.703,0.703,0.703,0.703,0.703,0.703,0.703,0.703,0.703,0.703,0.703,0.703,0.703,0.703,0.703,0.703,0.703,0.703,0.703,0.703,0.703,0.703,0.703,0.703,0.703,0.703,0.703,0.703,0.703,0.703,0.703,0.703,0.703,0.703,0.703,0.703,0.703,0.703,0.703,0.703,0.703,0.703,0.703,0.703,
1.0,0.877,0.767,0.858,0.776,0.857,0.776,0.85,0.776,0.858,0.776,0.853,0.776,0.857,0.776,0.85,0.776,0.846,0.775,0.78,0.776,0.789,0.776,0.785,0.776,0.856,0.776,0.847,0.776,0.842,0.776,0.852,0.776,0.787,0.776,0.857,0.776,0.845,0.775,0.781,0.776,0.784,0.776,0.855,0.776,0.844,0.776,0.858,0.776,0.845,0.776,0.849,0.775,0.843,0.776,0.845,0.776,0.846,0.776,0.776,0.776,0.855,0.776,0.853,0.776,0.784,0.776,0.857,0.776,0.785,0.776,0.845,0.776,0.784,0.776,0.846,0.776,0.847,0.776,0.856,0.776,0.855,0.776,0.856,0.776,0.856,0.776,0.846,0.776,0.857,0.776,0.776,0.776,0.856,0.776,0.785,0.776,0.784,0.776,0.784,
1.0,0.779,0.748,0.744,0.74,0.738,0.734,0.735,0.734,0.735,0.734,0.742,0.734,0.735,0.734,0.735,0.734,0.735,0.734,0.735,0.734,0.735,0.734,0.736,0.734,0.735,0.734,0.735,0.734,0.735,0.734,0.735,0.734,0.735,0.734,0.735,0.734,0.735,0.734,0.735,0.734,0.735,0.734,0.735,0.734,0.735,0.734,0.735,0.734,0.735,0.734,0.735,0.734,0.735,0.734,0.735,0.734,0.735,0.734,0.735,0.734,0.735,0.734,0.735,0.734,0.742,0.734,0.735,0.734,0.735,0.734,0.735,0.734,0.735,0.734,0.735,0.734,0.735,0.734,0.735,0.734,0.735,0.734,0.735,0.734,0.735,0.734,0.735,0.734,0.735,0.734,0.735,0.734,0.735,0.734,0.735,0.734,0.735,0.734,0.735,
1.0,0.895,0.821,0.846,0.839,0.839,0.839,0.839,0.839,0.839,0.839,0.839,0.839,0.839,0.839,0.839,0.839,0.838,0.837,0.837,0.837,0.837,0.837,0.837,0.837,0.837,0.837,0.837,0.837,0.837,0.837,0.837,0.837,0.837,0.837,0.837,0.837,0.837,0.837,0.837,0.837,0.837,0.837,0.837,0.837,0.837,0.837,0.837,0.837,0.837,0.837,0.837,0.837,0.837,0.837,0.837,0.837,0.837,0.837,0.837,0.837,0.837,0.837,0.837,0.837,0.837,0.837,0.837,0.837,0.837,0.837,0.837,0.837,0.837,0.837,0.837,0.837,0.837,0.837,0.837,0.837,0.837,0.837,0.837,0.837,0.837,0.837,0.837,0.837,0.837,0.837,0.837,0.837,0.837,0.837,0.837,0.837,0.837,0.837,0.837,
1.0,0.792,0.688,0.677,0.672,0.67,0.627,0.663,0.668,0.673,0.673,0.671,0.668,0.669,0.671,0.673,0.671,0.668,0.665,0.663,0.671,0.671,0.673,0.671,0.67,0.626,0.66,0.668,0.672,0.671,0.671,0.671,0.668,0.665,0.663,0.671,0.671,0.673,0.671,0.671,0.673,0.671,0.669,0.671,0.671,0.67,0.627,0.663,0.668,0.672,0.627,0.663,0.668,0.67,0.668,0.67,0.671,0.668,0.665,0.663,0.671,0.671,0.673,0.671,0.67,0.627,0.663,0.668,0.673,0.672,0.669,0.671,0.671,0.668,0.665,0.663,0.671,0.671,0.673,0.671,0.671,0.673,0.671,0.669,0.671,0.671,0.67,0.627,0.663,0.668,0.672,0.627,0.663,0.668,0.672,0.626,0.66,0.668,0.672,0.671,
1.0,0.748,0.736,0.729,0.724,0.724,0.726,0.722,0.723,0.719,0.723,0.723,0.722,0.723,0.722,0.724,0.723,0.724,0.727,0.724,0.73,0.724,0.723,0.723,0.722,0.723,0.724,0.723,0.724,0.724,0.723,0.724,0.723,0.723,0.723,0.724,0.723,0.724,0.723,0.724,0.722,0.723,0.723,0.724,0.723,0.724,0.723,0.724,0.723,0.724,0.724,0.723,0.727,0.723,0.723,0.723,0.723,0.724,0.723,0.724,0.724,0.722,0.723,0.723,0.723,0.724,0.722,0.722,0.723,0.724,0.723,0.724,0.721,0.723,0.724,0.733,0.723,0.724,0.722,0.722,0.722,0.723,0.722,0.724,0.733,0.723,0.722,0.722,0.722,0.721,0.722,0.722,0.723,0.723,0.721,0.722,0.722,0.722,0.722,0.722,
1.0,0.797,0.766,0.744,0.742,0.741,0.741,0.741,0.741,0.741,0.741,0.741,0.741,0.741,0.741,0.741,0.741,0.741,0.741,0.741,0.741,0.741,0.741,0.741,0.741,0.741,0.741,0.741,0.741,0.741,0.741,0.741,0.741,0.741,0.741,0.741,0.741,0.741,0.741,0.741,0.741,0.741,0.741,0.741,0.741,0.741,0.741,0.741,0.741,0.741,0.741,0.741,0.741,0.741,0.741,0.741,0.741,0.741,0.741,0.741,0.741,0.741,0.741,0.741,0.741,0.741,0.741,0.741,0.741,0.741,0.741,0.741,0.741,0.741,0.741,0.741,0.741,0.741,0.741,0.741,0.741,0.741,0.741,0.741,0.741,0.741,0.741,0.741,0.741,0.741,0.741,0.741,0.741,0.741,0.741,0.741,0.741,0.741,0.741,0.741,
1.0,0.86,0.804,0.8,0.798,0.797,0.797,0.797,0.796,0.797,0.796,0.797,0.796,0.797,0.796,0.797,0.796,0.797,0.796,0.797,0.796,0.797,0.796,0.797,0.796,0.797,0.796,0.797,0.796,0.797,0.796,0.797,0.796,0.797,0.796,0.797,0.796,0.797,0.796,0.797,0.796,0.797,0.796,0.797,0.796,0.797,0.796,0.797,0.796,0.797,0.796,0.797,0.796,0.797,0.796,0.797,0.796,0.797,0.796,0.797,0.796,0.797,0.796,0.797,0.796,0.797,0.796,0.797,0.796,0.797,0.796,0.797,0.796,0.797,0.796,0.797,0.796,0.797,0.796,0.797,0.796,0.797,0.796,0.797,0.796,0.797,0.796,0.797,0.796,0.797,0.796,0.797,0.796,0.797,0.796,0.797,0.796,0.797,0.796,0.797,
1.0,0.886,0.766,0.755,0.754,0.752,0.754,0.752,0.754,0.75,0.754,0.75,0.754,0.75,0.754,0.75,0.754,0.752,0.754,0.752,0.754,0.752,0.754,0.752,0.754,0.752,0.754,0.75,0.754,0.751,0.754,0.752,0.754,0.75,0.754,0.752,0.754,0.75,0.754,0.752,0.754,0.752,0.754,0.751,0.754,0.752,0.754,0.75,0.754,0.75,0.754,0.751,0.754,0.752,0.754,0.751,0.754,0.752,0.754,0.75,0.754,0.752,0.754,0.752,0.754,0.752,0.754,0.752,0.754,0.752,0.754,0.752,0.754,0.752,0.754,0.752,0.754,0.752,0.754,0.752,0.754,0.752,0.754,0.752,0.754,0.752,0.754,0.752,0.754,0.752,0.754,0.752,0.754,0.752,0.754,0.752,0.754,0.752,0.754,0.752,
1.0,0.839,0.768,0.774,0.785,0.786,0.767,0.777,0.77,0.778,0.771,0.772,0.777,0.765,0.762,0.671,0.839,0.745,0.766,0.694,0.839,0.762,0.78,0.762,0.763,0.761,0.761,0.765,0.751,0.754,0.753,0.75,0.694,0.825,0.761,0.76,0.762,0.76,0.773,0.762,0.785,0.76,0.778,0.761,0.761,0.76,0.762,0.76,0.774,0.763,0.785,0.762,0.761,0.761,0.771,0.782,0.762,0.785,0.762,0.774,0.755,0.691,0.824,0.761,0.762,0.76,0.677,0.78,0.761,0.762,0.761,0.765,0.691,0.787,0.76,0.763,0.761,0.78,0.763,0.761,0.761,0.76,0.762,0.76,0.774,0.763,0.785,0.779,0.689,0.786,0.764,0.783,0.786,0.76,0.78,0.76,0.761,0.773,0.762,0.672,
1.0,0.702,0.712,0.697,0.696,0.696,0.696,0.7,0.695,0.696,0.696,0.695,0.697,0.695,0.695,0.695,0.695,0.696,0.696,0.695,0.696,0.695,0.695,0.696,0.696,0.695,0.696,0.696,0.698,0.695,0.695,0.695,0.695,0.695,0.696,0.696,0.696,0.695,0.694,0.694,0.694,0.694,0.702,0.695,0.695,0.697,0.696,0.696,0.695,0.695,0.696,0.696,0.699,0.695,0.696,0.695,0.696,0.696,0.696,0.696,0.695,0.695,0.696,0.696,0.696,0.701,0.694,0.694,0.694,0.694,0.694,0.694,0.694,0.694,0.694,0.694,0.694,0.694,0.694,0.694,0.694,0.694,0.694,0.694,0.694,0.694,0.694,0.693,0.693,0.693,0.692,0.692,0.692,0.692,0.692,0.692,0.692,0.692,0.692,0.692,
1.0,0.839,0.771,0.765,0.76,0.763,0.761,0.771,0.76,0.765,0.76,0.773,0.76,0.761,0.76,0.763,0.76,0.763,0.76,0.763,0.76,0.763,0.76,0.763,0.76,0.763,0.76,0.763,0.76,0.76,0.76,0.761,0.76,0.765,0.761,0.766,0.764,0.76,0.764,0.764,0.76,0.761,0.764,0.762,0.764,0.767,0.764,0.761,0.76,0.781,0.76,0.76,0.76,0.766,0.76,0.761,0.76,0.76,0.76,0.763,0.76,0.763,0.76,0.763,0.76,0.763,0.76,0.763,0.76,0.763,0.76,0.765,0.76,0.765,0.76,0.766,0.761,0.762,0.761,0.761,0.761,0.761,0.761,0.761,0.761,0.769,0.76,0.76,0.76,0.761,0.76,0.761,0.76,0.761,0.76,0.761,0.76,0.761,0.76,0.76,
1.0,0.802,0.788,0.766,0.773,0.772,0.771,0.77,0.77,0.771,0.771,0.771,0.77,0.77,0.771,0.771,0.77,0.771,0.77,0.77,0.77,0.77,0.77,0.77,0.77,0.77,0.77,0.77,0.77,0.77,0.77,0.77,0.77,0.77,0.77,0.77,0.77,0.77,0.77,0.77,0.77,0.77,0.77,0.77,0.77,0.77,0.77,0.77,0.77,0.77,0.77,0.77,0.77,0.77,0.77,0.77,0.77,0.77,0.77,0.77,0.77,0.77,0.77,0.77,0.77,0.77,0.77,0.77,0.77,0.77,0.77,0.77,0.77,0.77,0.77,0.77,0.77,0.77,0.77,0.77,0.77,0.77,0.77,0.77,0.77,0.77,0.77,0.77,0.77,0.77,0.77,0.77,0.77,0.77,0.77,0.77,0.77,0.77,0.77,0.77,
1.0,0.768,0.718,0.7,0.701,0.699,0.7,0.699,0.699,0.699,0.699,0.7,0.7,0.699,0.699,0.699,0.699,0.699,0.699,0.699,0.699,0.699,0.699,0.699,0.699,0.699,0.699,0.699,0.699,0.699,0.699,0.699,0.699,0.699,0.699,0.699,0.699,0.699,0.699,0.699,0.699,0.699,0.699,0.699,0.699,0.699,0.699,0.699,0.699,0.699,0.699,0.699,0.699,0.699,0.699,0.699,0.699,0.699,0.699,0.699,0.699,0.699,0.699,0.699,0.699,0.699,0.699,0.699,0.699,0.699,0.699,0.699,0.699,0.699,0.699,0.699,0.699,0.699,0.699,0.699,0.699,0.699,0.699,0.699,0.699,0.699,0.699,0.699,0.699,0.699,0.699,0.699,0.699,0.699,0.699,0.699,0.699,0.699,0.699,0.699,
1.0,0.774,0.725,0.713,0.713,0.712,0.712,0.712,0.712,0.712,0.712,0.712,0.712,0.712,0.712,0.712,0.712,0.712,0.712,0.712,0.712,0.712,0.712,0.712,0.712,0.712,0.712,0.712,0.712,0.712,0.712,0.712,0.712,0.712,0.712,0.712,0.712,0.712,0.712,0.712,0.712,0.712,0.712,0.712,0.712,0.712,0.712,0.712,0.712,0.712,0.712,0.712,0.712,0.712,0.712,0.712,0.712,0.712,0.712,0.712,0.712,0.712,0.712,0.712,0.712,0.712,0.712,0.712,0.712,0.712,0.712,0.712,0.712,0.712,0.712,0.712,0.712,0.712,0.712,0.712,0.712,0.712,0.712,0.712,0.712,0.712,0.712,0.712,0.712,0.712,0.712,0.712,0.712,0.712,0.712,0.712,0.712,0.712,0.712,0.712,
1.0,0.74,0.718,0.703,0.701,0.701,0.7,0.701,0.701,0.701,0.701,0.701,0.701,0.701,0.701,0.701,0.701,0.701,0.701,0.701,0.701,0.701,0.7,0.701,0.7,0.701,0.701,0.701,0.7,0.701,0.701,0.701,0.7,0.701,0.701,0.701,0.7,0.7,0.701,0.7,0.702,0.7,0.7,0.7,0.701,0.701,0.7,0.7,0.7,0.7,0.7,0.7,0.7,0.7,0.7,0.7,0.7,0.7,0.7,0.7,0.7,0.7,0.7,0.7,0.7,0.7,0.7,0.7,0.7,0.7,0.7,0.7,0.7,0.7,0.7,0.7,0.7,0.701,0.701,0.701,0.7,0.7,0.7,0.7,0.7,0.7,0.7,0.7,0.7,0.701,0.701,0.7,0.701,0.701,0.7,0.701,0.701,0.701,0.702,0.701,
1.0,0.773,0.746,0.774,0.762,0.764,0.737,0.735,0.732,0.732,0.729,0.732,0.729,0.731,0.732,0.73,0.731,0.735,0.729,0.732,0.729,0.732,0.731,0.732,0.732,0.737,0.729,0.732,0.729,0.732,0.729,0.731,0.734,0.726,0.737,0.732,0.727,0.734,0.727,0.731,0.734,0.73,0.731,0.735,0.728,0.732,0.728,0.732,0.728,0.732,0.729,0.732,0.728,0.732,0.731,0.732,0.732,0.73,0.728,0.733,0.763,0.764,0.764,0.764,0.762,0.761,0.76,0.762,0.762,0.761,0.762,0.761,0.76,0.761,0.76,0.761,0.76,0.761,0.76,0.732,0.762,0.762,0.761,0.761,0.76,0.737,0.734,0.736,0.732,0.728,0.736,0.737,0.735,0.729,0.736,0.737,0.735,0.729,0.736,0.737,
1.0,0.826,0.783,0.793,0.791,0.792,0.791,0.792,0.791,0.792,0.79,0.792,0.79,0.791,0.79,0.791,0.79,0.791,0.79,0.791,0.79,0.791,0.79,0.791,0.79,0.791,0.79,0.791,0.79,0.791,0.789,0.791,0.79,0.791,0.79,0.791,0.79,0.791,0.79,0.791,0.79,0.791,0.79,0.791,0.79,0.791,0.79,0.791,0.79,0.791,0.79,0.791,0.79,0.791,0.79,0.791,0.79,0.791,0.79,0.791,0.79,0.791,0.79,0.791,0.79,0.791,0.79,0.791,0.79,0.791,0.79,0.791,0.79,0.791,0.79,0.791,0.79,0.791,0.79,0.791,0.79,0.791,0.79,0.791,0.79,0.791,0.79,0.791,0.79,0.791,0.79,0.791,0.79,0.791,0.79,0.791,0.79,0.791,0.79,0.791,
1.0,0.935,0.861,0.825,0.827,0.825,0.827,0.824,0.825,0.825,0.826,0.824,0.825,0.825,0.824,0.828,0.825,0.825,0.825,0.824,0.826,0.824,0.826,0.825,0.826,0.824,0.825,0.825,0.826,0.825,0.827,0.824,0.825,0.825,0.826,0.824,0.828,0.825,0.826,0.824,0.826,0.825,0.826,0.824,0.828,0.825,0.826,0.824,0.825,0.824,0.826,0.825,0.826,0.825,0.827,0.824,0.825,0.824,0.825,0.825,0.824,0.824,0.825,0.826,0.827,0.824,0.825,0.825,0.825,0.825,0.826,0.826,0.824,0.825,0.826,0.825,0.826,0.825,0.827,0.824,0.828,0.825,0.826,0.824,0.825,0.826,0.825,0.826,0.825,0.824,0.826,0.824,0.826,0.824,0.826,0.824,0.826,0.824,0.826,0.824,
1.0,0.778,0.737,0.735,0.732,0.731,0.733,0.731,0.732,0.732,0.731,0.733,0.731,0.731,0.733,0.732,0.731,0.733,0.732,0.732,0.732,0.732,0.732,0.732,0.732,0.732,0.732,0.732,0.731,0.731,0.731,0.733,0.731,0.731,0.733,0.731,0.732,0.732,0.732,0.732,0.732,0.732,0.732,0.732,0.732,0.731,0.732,0.732,0.732,0.732,0.732,0.732,0.732,0.732,0.732,0.732,0.732,0.732,0.732,0.732,0.732,0.732,0.732,0.732,0.732,0.732,0.732,0.732,0.732,0.731,0.731,0.731,0.733,0.732,0.732,0.732,0.732,0.732,0.732,0.732,0.732,0.732,0.731,0.732,0.731,0.733,0.732,0.732,0.732,0.732,0.732,0.732,0.732,0.732,0.732,0.731,0.732,0.732,0.731,0.732,
1.0,0.74,0.745,0.758,0.755,0.757,0.757,0.757,0.714,0.714,0.759,0.714,0.716,0.715,0.718,0.712,0.715,0.714,0.715,0.708,0.704,0.707,0.703,0.706,0.705,0.704,0.704,0.704,0.704,0.704,0.704,0.704,0.704,0.704,0.704,0.704,0.704,0.704,0.704,0.704,0.704,0.704,0.704,0.704,0.704,0.704,0.704,0.704,0.704,0.704,0.704,0.704,0.704,0.704,0.704,0.704,0.704,0.704,0.704,0.704,0.704,0.704,0.704,0.705,0.702,0.707,0.702,0.707,0.702,0.707,0.702,0.707,0.702,0.707,0.702,0.707,0.702,0.707,0.702,0.707,0.702,0.707,0.702,0.707,0.702,0.707,0.702,0.707,0.702,0.707,0.702,0.707,0.702,0.707,0.702,0.707,0.702,0.707,0.702,0.707,
1.0,0.822,0.763,0.761,0.786,0.768,0.759,0.762,0.785,0.764,0.791,0.767,0.791,0.768,0.762,0.763,0.76,0.76,0.68,0.763,0.769,0.758,0.762,0.786,0.765,0.791,0.767,0.791,0.768,0.791,0.768,0.762,0.762,0.785,0.757,0.697,0.786,0.765,0.758,0.69,0.786,0.767,0.791,0.768,0.791,0.768,0.791,0.768,0.762,0.762,0.785,0.758,0.697,0.786,0.764,0.758,0.696,0.786,0.769,0.791,0.766,0.791,0.763,0.791,0.763,0.758,0.763,0.786,0.758,0.691,0.786,0.765,0.758,0.696,0.786,0.769,0.791,0.766,0.791,0.764,0.791,0.763,0.758,0.763,0.785,0.758,0.697,0.786,0.765,0.791,0.767,0.791,0.768,0.762,0.762,0.791,0.757,0.762,0.785,0.725,
1.0,0.863,0.817,0.805,0.803,0.803,0.803,0.803,0.803,0.803,0.803,0.803,0.803,0.803,0.803,0.803,0.803,0.803,0.803,0.803,0.803,0.803,0.803,0.803,0.803,0.803,0.803,0.803,0.803,0.803,0.803,0.803,0.803,0.803,0.803,0.803,0.803,0.803,0.803,0.803,0.803,0.803,0.803,0.803,0.803,0.803,0.803,0.803,0.803,0.803,0.803,0.803,0.803,0.803,0.803,0.803,0.803,0.803,0.803,0.803,0.803,0.803,0.803,0.803,0.803,0.803,0.803,0.803,0.803,0.803,0.803,0.803,0.803,0.803,0.803,0.803,0.803,0.803,0.803,0.803,0.803,0.803,0.803,0.803,0.803,0.803,0.803,0.803,0.803,0.803,0.803,0.803,0.803,0.803,0.803,0.803,0.803,0.803,0.803,0.803,
1.0,0.869,0.787,0.778,0.775,0.772,0.775,0.772,0.775,0.772,0.775,0.772,0.775,0.772,0.775,0.772,0.775,0.772,0.775,0.772,0.775,0.772,0.775,0.772,0.775,0.772,0.775,0.772,0.775,0.772,0.775,0.772,0.775,0.772,0.775,0.772,0.775,0.772,0.775,0.772,0.775,0.772,0.775,0.772,0.775,0.772,0.775,0.772,0.775,0.772,0.775,0.772,0.775,0.772,0.775,0.772,0.775,0.772,0.775,0.772,0.775,0.772,0.775,0.772,0.775,0.772,0.775,0.772,0.775,0.772,0.775,0.772,0.775,0.772,0.775,0.772,0.775,0.772,0.775,0.772,0.775,0.772,0.775,0.772,0.775,0.772,0.775,0.772,0.775,0.772,0.775,0.772,0.775,0.772,0.775,0.772,0.775,0.772,0.775,0.772,
1.0,0.78,0.687,0.889,0.661,0.866,0.682,0.866,0.68,0.682,0.684,0.691,0.677,0.878,0.685,0.879,0.671,0.869,0.66,0.868,0.687,0.873,0.672,0.704,0.69,0.682,0.869,0.67,0.682,0.871,0.664,0.895,0.678,0.872,0.668,0.692,0.677,0.876,0.686,0.863,0.679,0.691,0.677,0.69,0.691,0.865,0.672,0.875,0.663,0.883,0.675,0.878,0.678,0.863,0.66,0.879,0.686,0.879,0.668,0.692,0.677,0.682,0.691,0.677,0.686,0.692,0.695,0.681,0.871,0.661,0.867,0.687,0.878,0.67,0.893,0.686,0.88,0.683,0.868,0.667,0.704,0.687,0.691,0.877,0.663,0.864,0.677,0.868,0.674,0.862,0.662,0.86,0.687,0.677,0.891,0.687,0.699,0.681,0.691,0.677,
1.0,0.755,0.726,0.718,0.717,0.717,0.717,0.717,0.717,0.717,0.717,0.717,0.717,0.717,0.717,0.717,0.717,0.717,0.717,0.717,0.716,0.717,0.717,0.716,0.717,0.717,0.717,0.717,0.716,0.717,0.716,0.717,0.716,0.717,0.716,0.717,0.716,0.717,0.716,0.717,0.716,0.716,0.716,0.716,0.717,0.717,0.717,0.717,0.716,0.717,0.717,0.717,0.717,0.717,0.717,0.717,0.717,0.717,0.717,0.717,0.716,0.716,0.716,0.717,0.716,0.717,0.716,0.717,0.717,0.717,0.717,0.717,0.717,0.717,0.717,0.717,0.717,0.717,0.717,0.717,0.717,0.717,0.717,0.717,0.717,0.717,0.716,0.717,0.716,0.716,0.716,0.716,0.716,0.716,0.716,0.716,0.716,0.717,0.716,0.716,
1.0,0.875,0.774,0.772,0.768,0.842,0.767,0.832,0.767,0.841,0.767,0.841,0.77,0.842,0.767,0.841,0.77,0.842,0.767,0.841,0.77,0.842,0.77,0.842,0.77,0.842,0.767,0.841,0.77,0.842,0.767,0.841,0.77,0.842,0.767,0.841,0.767,0.837,0.767,0.831,0.767,0.841,0.77,0.842,0.77,0.842,0.767,0.841,0.77,0.833,0.767,0.832,0.768,0.842,0.77,0.842,0.767,0.841,0.767,0.834,0.768,0.842,0.767,0.832,0.768,0.842,0.77,0.842,0.77,0.842,0.767,0.832,0.767,0.769,0.768,0.828,0.768,0.817,0.767,0.829,0.767,0.83,0.767,0.832,0.768,0.767,0.769,0.769,0.769,0.769,0.769,0.769,0.769,0.769,0.769,0.769,0.767,0.767,0.767,0.771,
1.0,0.789,0.746,0.732,0.729,0.729,0.729,0.749,0.729,0.729,0.729,0.729,0.728,0.745,0.728,0.728,0.729,0.752,0.729,0.729,0.752,0.728,0.748,0.728,0.728,0.728,0.729,0.728,0.728,0.729,0.728,0.728,0.728,0.728,0.728,0.728,0.728,0.749,0.729,0.728,0.728,0.728,0.728,0.728,0.728,0.728,0.728,0.728,0.728,0.729,0.728,0.729,0.729,0.728,0.728,0.729,0.729,0.729,0.729,0.728,0.728,0.728,0.745,0.728,0.728,0.729,0.728,0.728,0.728,0.728,0.728,0.728,0.729,0.729,0.729,0.728,0.728,0.728,0.728,0.728,0.728,0.728,0.728,0.728,0.728,0.727,0.727,0.727,0.727,0.728,0.728,0.728,0.728,0.728,0.727,0.727,0.727,0.727,0.728,0.728,
1.0,0.964,0.832,0.817,0.812,0.812,0.812,0.812,0.812,0.812,0.812,0.812,0.812,0.812,0.812,0.812,0.812,0.812,0.812,0.812,0.812,0.812,0.812,0.812,0.812,0.812,0.812,0.812,0.812,0.812,0.812,0.812,0.812,0.812,0.812,0.812,0.812,0.812,0.812,0.812,0.812,0.812,0.812,0.812,0.812,0.812,0.812,0.812,0.812,0.812,0.812,0.812,0.812,0.812,0.812,0.812,0.812,0.812,0.812,0.812,0.812,0.812,0.812,0.812,0.812,0.812,0.812,0.812,0.812,0.812,0.812,0.812,0.812,0.812,0.812,0.812,0.812,0.812,0.812,0.812,0.812,0.812,0.812,0.812,0.812,0.812,0.812,0.812,0.812,0.812,0.812,0.812,0.812,0.812,0.812,0.812,0.812,0.812,0.812,0.812,
1.0,0.75,0.753,0.782,0.73,0.755,0.775,0.775,0.748,0.779,0.742,0.779,0.748,0.749,0.761,0.775,0.74,0.745,0.776,0.76,0.758,0.775,0.759,0.758,0.774,0.743,0.759,0.772,0.74,0.759,0.775,0.741,0.773,0.776,0.769,0.759,0.777,0.745,0.779,0.777,0.778,0.76,0.776,0.743,0.816,0.774,0.801,0.758,0.778,0.741,0.799,0.75,0.746,0.76,0.776,0.762,0.759,0.777,0.744,0.777,0.777,0.781,0.767,0.776,0.734,0.766,0.777,0.784,0.757,0.777,0.746,0.776,0.777,0.747,0.76,0.773,0.758,0.759,0.777,0.746,0.778,0.773,0.757,0.77,0.78,0.743,0.761,0.776,0.77,0.759,0.773,0.741,0.759,0.776,0.772,0.805,0.772,0.752,0.765,0.776,
1.0,0.873,0.826,0.781,0.8,0.776,0.776,0.777,0.776,0.777,0.776,0.777,0.776,0.777,0.776,0.777,0.776,0.777,0.776,0.777,0.776,0.777,0.776,0.777,0.776,0.777,0.776,0.777,0.776,0.777,0.776,0.777,0.776,0.777,0.776,0.777,0.776,0.777,0.776,0.777,0.776,0.777,0.776,0.777,0.776,0.777,0.776,0.777,0.776,0.777,0.776,0.776,0.776,0.78,0.776,0.777,0.776,0.777,0.776,0.777,0.776,0.777,0.776,0.777,0.776,0.777,0.776,0.777,0.776,0.776,0.776,0.78,0.776,0.777,0.776,0.776,0.776,0.777,0.777,0.777,0.776,0.78,0.776,0.776,0.776,0.777,0.777,0.78,0.776,0.776,0.776,0.78,0.776,0.777,0.776,0.777,0.776,0.776,0.776,0.78,
1.0,0.724,0.702,0.688,0.687,0.688,0.687,0.686,0.685,0.685,0.685,0.685,0.685,0.685,0.685,0.685,0.685,0.685,0.685,0.685,0.685,0.685,0.685,0.685,0.685,0.685,0.685,0.685,0.685,0.685,0.684,0.685,0.684,0.685,0.685,0.685,0.685,0.685,0.685,0.685,0.685,0.685,0.685,0.685,0.685,0.685,0.685,0.685,0.685,0.685,0.685,0.685,0.685,0.685,0.685,0.685,0.685,0.685,0.685,0.685,0.685,0.685,0.685,0.685,0.685,0.685,0.685,0.685,0.685,0.685,0.685,0.685,0.685,0.685,0.685,0.685,0.685,0.685,0.685,0.685,0.685,0.685,0.685,0.685,0.685,0.685,0.685,0.685,0.685,0.685,0.685,0.685,0.685,0.685,0.685,0.685,0.685,0.685,0.685,0.685,
1.0,0.936,0.724,0.914,0.789,0.872,0.834,0.8,0.855,0.816,0.774,0.859,0.759,0.873,0.725,0.859,0.743,0.882,0.772,0.88,0.782,0.854,0.758,0.869,0.746,0.819,0.748,0.918,0.724,0.917,0.724,0.908,0.759,0.875,0.725,0.877,0.759,0.92,0.758,0.86,0.775,0.877,0.776,0.889,0.773,0.863,0.777,0.861,0.81,0.729,0.874,0.773,0.872,0.723,0.922,0.807,0.781,0.868,0.774,0.845,0.795,0.749,0.827,0.725,0.859,0.76,0.873,0.759,0.874,0.726,0.898,0.776,0.867,0.725,0.872,0.723,0.878,0.724,0.916,0.805,0.781,0.86,0.775,0.715,0.846,0.743,0.877,0.747,0.867,0.745,0.863,0.747,0.875,0.813,0.816,0.753,0.875,0.746,0.87,0.711,
1.0,0.778,0.716,0.708,0.706,0.706,0.706,0.706,0.706,0.706,0.706,0.707,0.706,0.706,0.706,0.706,0.706,0.706,0.706,0.706,0.706,0.706,0.706,0.706,0.706,0.706,0.706,0.706,0.707,0.706,0.706,0.706,0.706,0.707,0.706,0.706,0.706,0.706,0.707,0.706,0.707,0.707,0.706,0.706,0.707,0.707,0.706,0.706,0.706,0.706,0.706,0.707,0.706,0.706,0.707,0.706,0.706,0.706,0.706,0.706,0.706,0.706,0.706,0.707,0.706,0.707,0.706,0.706,0.707,0.706,0.706,0.706,0.706,0.706,0.707,0.706,0.706,0.706,0.706,0.706,0.706,0.707,0.706,0.707,0.706,0.707,0.706,0.706,0.707,0.706,0.706,0.706,0.706,0.706,0.707,0.706,0.706,0.706,0.706,0.706,
1.0,0.751,0.655,0.661,0.652,0.656,0.652,0.654,0.652,0.654,0.652,0.654,0.652,0.654,0.652,0.654,0.649,0.651,0.654,0.654,0.652,0.654,0.652,0.654,0.652,0.654,0.652,0.654,0.652,0.654,0.652,0.654,0.649,0.651,0.654,0.654,0.652,0.654,0.652,0.654,0.652,0.654,0.652,0.654,0.652,0.654,0.652,0.654,0.652,0.654,0.652,0.654,0.652,0.654,0.649,0.651,0.654,0.654,0.652,0.654,0.652,0.654,0.649,0.651,0.654,0.654,0.652,0.654,0.652,0.654,0.652,0.654,0.652,0.654,0.652,0.654,0.652,0.654,0.649,0.651,0.654,0.654,0.652,0.654,0.652,0.654,0.652,0.654,0.652,0.654,0.652,0.654,0.652,0.654,0.652,0.654,0.652,0.654,0.652,0.654,
1.0,0.704,0.636,0.634,0.637,0.675,0.635,0.626,0.684,0.626,0.688,0.626,0.692,0.626,0.684,0.626,0.691,0.626,0.692,0.633,0.642,0.628,0.64,0.679,0.635,0.679,0.635,0.678,0.635,0.676,0.636,0.676,0.636,0.657,0.626,0.684,0.626,0.658,0.633,0.675,0.635,0.626,0.684,0.627,0.701,0.626,0.685,0.626,0.627,0.626,0.639,0.629,0.637,0.676,0.626,0.684,0.626,0.673,0.627,0.664,0.648,0.63,0.63,0.672,0.636,0.676,0.648,0.626,0.639,0.66,0.626,0.684,0.626,0.671,0.626,0.662,0.627,0.657,0.635,0.664,0.626,0.657,0.626,0.672,0.636,0.675,0.631,0.626,0.628,0.683,0.633,0.678,0.626,0.686,0.661,0.629,0.64,0.674,0.636,0.66,
1.0,0.803,0.735,0.722,0.721,0.722,0.721,0.722,0.721,0.722,0.721,0.722,0.721,0.722,0.72,0.721,0.72,0.72,0.72,0.721,0.72,0.721,0.72,0.721,0.72,0.721,0.72,0.721,0.72,0.721,0.72,0.721,0.72,0.721,0.72,0.721,0.72,0.721,0.72,0.721,0.72,0.721,0.72,0.721,0.72,0.721,0.72,0.721,0.72,0.721,0.72,0.721,0.72,0.721,0.72,0.721,0.72,0.721,0.72,0.721,0.72,0.721,0.72,0.721,0.72,0.721,0.72,0.721,0.72,0.721,0.72,0.721,0.72,0.721,0.72,0.721,0.72,0.721,0.72,0.721,0.72,0.721,0.72,0.721,0.72,0.721,0.72,0.721,0.72,0.721,0.72,0.721,0.72,0.721,0.72,0.721,0.72,0.721,0.72,0.721,
1.0,0.861,0.711,0.664,0.666,0.662,0.665,0.662,0.665,0.662,0.665,0.662,0.665,0.662,0.665,0.662,0.665,0.662,0.665,0.662,0.665,0.662,0.665,0.662,0.665,0.662,0.665,0.662,0.665,0.662,0.665,0.662,0.665,0.662,0.665,0.662,0.665,0.662,0.665,0.662,0.665,0.662,0.665,0.662,0.665,0.662,0.665,0.662,0.665,0.662,0.665,0.662,0.665,0.662,0.665,0.662,0.665,0.662,0.665,0.662,0.665,0.662,0.665,0.662,0.665,0.662,0.665,0.662,0.665,0.662,0.665,0.662,0.665,0.662,0.665,0.662,0.665,0.662,0.665,0.662,0.665,0.662,0.665,0.662,0.665,0.662,0.665,0.662,0.665,0.662,0.665,0.662,0.665,0.662,0.665,0.662,0.665,0.662,0.665,0.662,
1.0,0.834,0.812,0.772,0.766,0.767,0.767,0.77,0.767,0.77,0.767,0.769,0.767,0.766,0.767,0.767,0.767,0.767,0.767,0.767,0.767,0.767,0.767,0.767,0.767,0.767,0.767,0.77,0.767,0.77,0.767,0.77,0.767,0.767,0.767,0.771,0.767,0.766,0.794,0.808,0.791,0.816,0.767,0.767,0.767,0.767,0.767,0.766,0.767,0.767,0.794,0.767,0.767,0.767,0.767,0.767,0.767,0.767,0.767,0.77,0.767,0.827,0.767,0.766,0.767,0.767,0.767,0.767,0.767,0.767,0.766,0.791,0.767,0.766,0.836,0.767,0.821,0.787,0.816,0.766,0.767,0.766,0.767,0.766,0.767,0.789,0.767,0.767,0.767,0.766,0.767,0.77,0.767,0.836,0.767,0.821,0.767,0.838,0.767,0.794,
1.0,0.685,0.679,0.658,0.669,0.696,0.689,0.688,0.688,0.688,0.694,0.686,0.687,0.688,0.693,0.687,0.687,0.687,0.686,0.687,0.686,0.687,0.687,0.688,0.687,0.687,0.686,0.686,0.687,0.688,0.687,0.687,0.686,0.692,0.687,0.687,0.686,0.686,0.687,0.688,0.687,0.687,0.692,0.687,0.694,0.688,0.687,0.687,0.686,0.687,0.686,0.687,0.686,0.687,0.687,0.688,0.687,0.687,0.686,0.686,0.691,0.689,0.696,0.688,0.697,0.688,0.687,0.688,0.687,0.687,0.687,0.688,0.688,0.688,0.686,0.688,0.687,0.687,0.69,0.687,0.687,0.687,0.686,0.686,0.687,0.688,0.686,0.69,0.687,0.688,0.686,0.69,0.69,0.688,0.687,0.689,0.687,0.687,0.686,0.687,
0.986,1.0,0.628,0.626,0.616,0.616,0.618,0.616,0.618,0.616,0.618,0.616,0.618,0.616,0.618,0.616,0.618,0.616,0.618,0.616,0.618,0.616,0.618,0.616,0.618,0.616,0.618,0.616,0.618,0.616,0.618,0.616,0.618,0.616,0.618,0.616,0.618,0.616,0.618,0.616,0.618,0.616,0.618,0.616,0.618,0.616,0.618,0.616,0.618,0.616,0.618,0.616,0.618,0.616,0.618,0.616,0.618,0.616,0.618,0.616,0.618,0.616,0.618,0.616,0.618,0.616,0.618,0.616,0.618,0.616,0.618,0.616,0.618,0.616,0.618,0.616,0.618,0.616,0.618,0.616,0.618,0.616,0.618,0.616,0.618,0.616,0.618,0.616,0.618,0.616,0.618,0.616,0.618,0.616,0.618,0.616,0.618,0.616,0.618,0.616,
1.0,0.714,0.673,0.665,0.663,0.662,0.662,0.663,0.663,0.662,0.663,0.664,0.663,0.663,0.662,0.662,0.663,0.663,0.662,0.662,0.662,0.661,0.662,0.662,0.662,0.662,0.662,0.662,0.662,0.662,0.662,0.663,0.662,0.662,0.679,0.663,0.662,0.662,0.661,0.661,0.662,0.662,0.661,0.662,0.661,0.662,0.661,0.661,0.661,0.661,0.662,0.662,0.661,0.661,0.661,0.661,0.661,0.662,0.661,0.661,0.662,0.662,0.661,0.662,0.662,0.661,0.662,0.662,0.661,0.661,0.661,0.661,0.661,0.662,0.661,0.661,0.662,0.662,0.661,0.662,0.662,0.661,0.662,0.662,0.661,0.661,0.661,0.661,0.661,0.662,0.661,0.661,0.662,0.662,0.661,0.662,0.662,0.661,0.662,0.662,
1.0,0.738,0.763,0.73,0.747,0.729,0.77,0.68,0.78,0.673,0.776,0.687,0.774,0.686,0.762,0.671,0.776,0.669,0.765,0.686,0.747,0.765,0.77,0.744,0.69,0.676,0.676,0.78,0.689,0.77,0.667,0.762,0.671,0.792,0.762,0.763,0.663,0.786,0.732,0.687,0.772,0.689,0.688,0.786,0.764,0.663,0.78,0.732,0.69,0.761,0.663,0.676,0.786,0.686,0.785,0.667,0.676,0.748,0.693,0.772,0.686,0.694,0.693,0.694,0.693,0.694,0.693,0.694,0.693,0.694,0.693,0.694,0.693,0.694,0.693,0.694,0.693,0.694,0.693,0.694,0.693,0.694,0.693,0.694,0.693,0.694,0.693,0.694,0.693,0.694,0.693,0.694,0.693,0.694,0.693,0.694,0.693,0.694,0.693,0.684,
1.0,0.731,0.769,0.748,0.744,0.709,0.748,0.711,0.75,0.738,0.712,0.747,0.742,0.746,0.709,0.718,0.744,0.677,0.702,0.721,0.746,0.709,0.745,0.745,0.744,0.708,0.719,0.74,0.676,0.67,0.693,0.717,0.719,0.746,0.735,0.73,0.744,0.743,0.711,0.745,0.734,0.745,0.743,0.742,0.744,0.743,0.743,0.744,0.743,0.744,0.743,0.744,0.743,0.744,0.743,0.744,0.743,0.711,0.748,0.746,0.71,0.746,0.715,0.747,0.742,0.715,0.747,0.71,0.752,0.712,0.716,0.716,0.687,0.717,0.714,0.686,0.705,0.679,0.708,0.715,0.686,0.705,0.677,0.707,0.715,0.685,0.751,0.667,0.717,0.713,0.675,0.716,0.685,0.751,0.737,0.71,0.749,0.708,0.749,0.707,
1.0,0.73,0.643,0.648,0.63,0.642,0.634,0.642,0.646,0.646,0.655,0.63,0.626,0.639,0.639,0.653,0.629,0.644,0.638,0.644,0.653,0.644,0.634,0.642,0.646,0.646,0.655,0.64,0.633,0.639,0.639,0.645,0.646,0.646,0.646,0.652,0.643,0.64,0.633,0.634,0.652,0.639,0.641,0.655,0.633,0.646,0.637,0.647,0.648,0.649,0.638,0.654,0.633,0.646,0.637,0.64,0.646,0.646,0.639,0.643,0.648,0.646,0.646,0.655,0.633,0.646,0.635,0.645,0.646,0.655,0.633,0.64,0.639,0.639,0.646,0.646,0.646,0.646,0.652,0.643,0.633,0.65,0.633,0.646,0.635,0.654,0.633,0.646,0.637,0.647,0.648,0.649,0.638,0.654,0.633,0.646,0.637,0.64,0.646,0.646,
1.0,0.651,0.677,0.653,0.656,0.654,0.654,0.654,0.654,0.654,0.65,0.654,0.654,0.654,0.655,0.654,0.654,0.654,0.654,0.654,0.654,0.654,0.654,0.654,0.654,0.654,0.654,0.654,0.654,0.654,0.654,0.654,0.654,0.654,0.654,0.654,0.654,0.654,0.654,0.654,0.654,0.654,0.654,0.654,0.654,0.654,0.654,0.654,0.654,0.654,0.654,0.654,0.654,0.654,0.654,0.654,0.654,0.654,0.654,0.654,0.654,0.654,0.654,0.654,0.654,0.654,0.654,0.654,0.654,0.654,0.654,0.654,0.654,0.654,0.654,0.654,0.654,0.654,0.654,0.654,0.654,0.654,0.654,0.654,0.654,0.654,0.654,0.654,0.654,0.654,0.654,0.654,0.654,0.654,0.654,0.654,0.654,0.654,0.654,0.654,
1.0,0.786,0.702,0.697,0.688,0.684,0.683,0.683,0.683,0.683,0.683,0.683,0.683,0.683,0.683,0.683,0.683,0.683,0.683,0.683,0.683,0.683,0.683,0.683,0.683,0.683,0.683,0.683,0.683,0.683,0.683,0.683,0.683,0.683,0.686,0.685,0.684,0.684,0.683,0.683,0.683,0.683,0.683,0.683,0.683,0.683,0.683,0.683,0.683,0.683,0.683,0.683,0.683,0.683,0.683,0.683,0.683,0.683,0.683,0.683,0.683,0.683,0.683,0.683,0.683,0.683,0.683,0.683,0.683,0.683,0.683,0.683,0.683,0.683,0.683,0.683,0.683,0.683,0.687,0.685,0.684,0.684,0.683,0.683,0.683,0.683,0.683,0.683,0.683,0.683,0.683,0.683,0.683,0.683,0.683,0.683,0.683,0.683,0.683,0.683,
1.0,0.931,0.785,0.771,0.774,0.801,0.774,0.801,0.774,0.801,0.774,0.801,0.774,0.801,0.774,0.801,0.774,0.801,0.774,0.801,0.774,0.801,0.774,0.801,0.774,0.801,0.774,0.801,0.774,0.801,0.774,0.801,0.774,0.801,0.774,0.801,0.774,0.801,0.774,0.801,0.774,0.801,0.774,0.801,0.774,0.801,0.774,0.801,0.774,0.801,0.774,0.801,0.774,0.801,0.774,0.801,0.774,0.801,0.774,0.801,0.774,0.801,0.774,0.801,0.774,0.801,0.774,0.801,0.774,0.801,0.774,0.801,0.774,0.801,0.774,0.801,0.774,0.801,0.774,0.801,0.774,0.801,0.774,0.801,0.774,0.801,0.774,0.801,0.774,0.801,0.774,0.801,0.774,0.801,0.774,0.801,0.774,0.801,0.774,0.801,
1.0,0.869,0.81,0.799,0.798,0.798,0.795,0.797,0.796,0.795,0.797,0.796,0.796,0.795,0.796,0.796,0.797,0.795,0.795,0.795,0.795,0.795,0.795,0.795,0.795,0.795,0.795,0.795,0.795,0.795,0.795,0.795,0.795,0.795,0.795,0.795,0.795,0.795,0.795,0.795,0.795,0.795,0.795,0.795,0.795,0.795,0.795,0.795,0.795,0.795,0.795,0.795,0.795,0.795,0.795,0.795,0.795,0.795,0.795,0.795,0.795,0.795,0.795,0.795,0.795,0.795,0.795,0.795,0.795,0.795,0.795,0.795,0.795,0.795,0.795,0.795,0.795,0.795,0.795,0.795,0.795,0.795,0.795,0.795,0.795,0.795,0.795,0.795,0.795,0.795,0.795,0.795,0.795,0.795,0.795,0.795,0.795,0.795,0.795,0.795,
1.0,0.837,0.883,0.853,0.854,0.852,0.852,0.839,0.867,0.856,0.873,0.853,0.874,0.855,0.864,0.85,0.877,0.84,0.859,0.873,0.85,0.878,0.858,0.85,0.861,0.789,0.906,0.855,0.851,0.855,0.874,0.852,0.865,0.848,0.864,0.879,0.853,0.879,0.852,0.885,0.854,0.883,0.851,0.882,0.853,0.879,0.852,0.877,0.853,0.857,0.861,0.854,0.803,0.9,0.848,0.852,0.855,0.885,0.852,0.85,0.856,0.856,0.86,0.879,0.856,0.882,0.853,0.839,0.859,0.799,0.91,0.848,0.868,0.853,0.868,0.795,0.919,0.86,0.868,0.849,0.858,0.851,0.87,0.876,0.857,0.869,0.866,0.856,0.874,0.852,0.872,0.852,0.867,0.848,0.883,0.849,0.876,0.852,0.863,0.708,
1.0,0.753,0.71,0.699,0.704,0.7,0.701,0.698,0.699,0.699,0.701,0.703,0.7,0.699,0.7,0.699,0.7,0.699,0.699,0.697,0.7,0.698,0.701,0.698,0.699,0.698,0.704,0.698,0.702,0.699,0.701,0.698,0.699,0.698,0.702,0.7,0.7,0.701,0.699,0.7,0.699,0.698,0.699,0.701,0.701,0.699,0.701,0.699,0.701,0.699,0.701,0.698,0.702,0.7,0.7,0.699,0.701,0.698,0.701,0.698,0.701,0.701,0.702,0.7,0.699,0.698,0.702,0.699,0.701,0.698,0.701,0.7,0.691,0.698,0.691,0.689,0.7,0.699,0.701,0.698,0.699,0.7,0.7,0.701,0.701,0.698,0.702,0.7,0.7,0.701,0.699,0.701,0.7,0.701,0.701,0.698,0.7,0.698,0.699,0.7,
1.0,0.651,0.649,0.624,0.623,0.623,0.623,0.623,0.623,0.623,0.622,0.622,0.623,0.623,0.623,0.623,0.623,0.623,0.623,0.623,0.623,0.623,0.622,0.623,0.622,0.622,0.623,0.623,0.622,0.623,0.623,0.622,0.623,0.623,0.623,0.623,0.623,0.622,0.623,0.623,0.623,0.623,0.623,0.622,0.623,0.623,0.623,0.623,0.623,0.622,0.623,0.623,0.623,0.623,0.623,0.622,0.623,0.623,0.623,0.623,0.623,0.622,0.623,0.623,0.623,0.623,0.623,0.622,0.623,0.623,0.623,0.623,0.623,0.622,0.623,0.623,0.623,0.623,0.623,0.622,0.623,0.623,0.623,0.623,0.623,0.622,0.623,0.623,0.623,0.623,0.623,0.622,0.623,0.623,0.623,0.623,0.623,0.622,0.623,0.623,
1.0,0.905,0.767,0.793,0.771,0.765,0.78,0.766,0.768,0.766,0.768,0.765,0.767,0.796,0.781,0.764,0.785,0.784,0.768,0.782,0.768,0.782,0.768,0.766,0.768,0.766,0.767,0.765,0.768,0.766,0.803,0.764,0.766,0.765,0.768,0.764,0.768,0.787,0.785,0.764,0.767,0.765,0.785,0.781,0.768,0.781,0.769,0.766,0.768,0.766,0.768,0.765,0.768,0.766,0.788,0.785,0.768,0.781,0.768,0.766,0.768,0.764,0.768,0.766,0.767,0.765,0.768,0.766,0.788,0.785,0.768,0.782,0.768,0.764,0.768,0.766,0.788,0.779,0.769,0.765,0.768,0.766,0.768,0.766,0.768,0.766,0.786,0.785,0.768,0.766,0.768,0.766,0.768,0.766,0.768,0.766,0.768,0.788,0.781,0.765,
1.0,0.732,0.63,0.677,0.66,0.661,0.662,0.662,0.662,0.662,0.662,0.662,0.662,0.661,0.662,0.662,0.662,0.662,0.662,0.661,0.662,0.662,0.662,0.661,0.662,0.661,0.662,0.662,0.662,0.661,0.662,0.662,0.661,0.662,0.662,0.662,0.661,0.662,0.662,0.662,0.662,0.662,0.662,0.662,0.662,0.662,0.662,0.662,0.662,0.662,0.662,0.662,0.662,0.662,0.662,0.662,0.662,0.662,0.662,0.662,0.662,0.662,0.661,0.662,0.662,0.662,0.662,0.662,0.662,0.662,0.662,0.662,0.661,0.662,0.662,0.662,0.662,0.662,0.661,0.662,0.662,0.662,0.662,0.662,0.662,0.662,0.662,0.662,0.661,0.662,0.662,0.662,0.662,0.662,0.662,0.662,0.662,0.662,0.662,0.662,
1.0,0.852,0.793,0.763,0.75,0.749,0.749,0.749,0.749,0.749,0.749,0.749,0.749,0.749,0.749,0.749,0.749,0.749,0.749,0.749,0.749,0.749,0.749,0.749,0.749,0.749,0.749,0.749,0.749,0.749,0.749,0.749,0.749,0.749,0.749,0.749,0.749,0.749,0.749,0.749,0.749,0.749,0.749,0.749,0.749,0.749,0.749,0.749,0.749,0.749,0.749,0.749,0.749,0.749,0.749,0.749,0.749,0.749,0.749,0.749,0.749,0.749,0.749,0.749,0.749,0.749,0.749,0.749,0.749,0.749,0.749,0.749,0.749,0.749,0.749,0.749,0.749,0.749,0.749,0.749,0.749,0.749,0.749,0.749,0.749,0.749,0.749,0.749,0.749,0.749,0.749,0.749,0.749,0.749,0.749,0.749,0.749,0.749,0.749,0.749,
1.0,0.695,0.68,0.669,0.668,0.669,0.67,0.672,0.672,0.678,0.671,0.671,0.67,0.669,0.678,0.669,0.669,0.67,0.668,0.671,0.671,0.67,0.672,0.672,0.67,0.671,0.671,0.671,0.672,0.671,0.67,0.671,0.672,0.672,0.672,0.672,0.681,0.672,0.671,0.672,0.67,0.672,0.671,0.671,0.672,0.67,0.671,0.671,0.676,0.672,0.671,0.67,0.671,0.677,0.671,0.672,0.672,0.67,0.671,0.672,0.67,0.669,0.669,0.669,0.669,0.669,0.669,0.669,0.669,0.669,0.669,0.669,0.669,0.669,0.669,0.669,0.669,0.669,0.669,0.669,0.669,0.669,0.669,0.669,0.669,0.669,0.669,0.669,0.669,0.669,0.669,0.669,0.669,0.669,0.669,0.669,0.669,0.669,0.669,0.669,
1.0,0.927,0.729,0.746,0.908,0.741,0.705,0.744,0.705,0.728,0.91,0.739,0.907,0.741,0.913,0.741,0.744,0.706,0.705,0.709,0.705,0.706,0.705,0.742,0.907,0.741,0.913,0.741,0.907,0.741,0.907,0.72,0.908,0.741,0.705,0.744,0.705,0.744,0.922,0.706,0.913,0.741,0.744,0.706,0.705,0.709,0.728,0.925,0.705,0.947,0.705,0.708,0.705,0.707,0.705,0.707,0.705,0.707,0.705,0.707,0.705,0.707,0.705,0.707,0.705,0.707,0.705,0.707,0.705,0.707,0.705,0.707,0.705,0.707,0.705,0.707,0.705,0.707,0.705,0.707,0.705,0.707,0.705,0.707,0.705,0.707,0.705,0.707,0.705,0.707,0.705,0.707,0.705,0.707,0.705,0.707,0.705,0.707,0.705,0.707,
1.0,0.703,0.681,0.692,0.671,0.775,0.66,0.683,0.665,0.678,0.664,0.665,0.665,0.664,0.665,0.664,0.665,0.672,0.664,0.67,0.664,0.669,0.664,0.669,0.664,0.669,0.664,0.669,0.664,0.668,0.664,0.669,0.664,0.67,0.664,0.669,0.664,0.669,0.664,0.669,0.664,0.669,0.664,0.669,0.664,0.669,0.664,0.669,0.664,0.669,0.664,0.669,0.664,0.669,0.664,0.669,0.664,0.669,0.664,0.669,0.664,0.669,0.664,0.669,0.664,0.669,0.664,0.669,0.664,0.669,0.664,0.668,0.664,0.669,0.664,0.67,0.664,0.669,0.664,0.669,0.664,0.669,0.664,0.669,0.664,0.669,0.664,0.669,0.664,0.669,0.664,0.669,0.664,0.669,0.664,0.669,0.664,0.669,0.664,0.668,
1.0,0.678,0.644,0.632,0.633,0.631,0.632,0.631,0.632,0.631,0.632,0.631,0.632,0.631,0.632,0.631,0.632,0.631,0.632,0.631,0.632,0.631,0.632,0.631,0.633,0.631,0.633,0.631,0.633,0.631,0.633,0.631,0.632,0.632,0.633,0.632,0.633,0.631,0.632,0.631,0.633,0.633,0.632,0.632,0.633,0.632,0.633,0.631,0.632,0.631,0.632,0.632,0.633,0.632,0.632,0.631,0.632,0.631,0.632,0.631,0.632,0.631,0.632,0.631,0.632,0.631,0.633,0.631,0.633,0.631,0.633,0.631,0.633,0.632,0.633,0.632,0.633,0.631,0.632,0.631,0.633,0.632,0.632,0.631,0.633,0.631,0.633,0.631,0.632,0.631,0.632,0.631,0.633,0.631,0.632,0.631,0.632,0.631,0.632,0.631,
1.0,0.701,0.734,0.716,0.719,0.712,0.718,0.713,0.687,0.716,0.687,0.715,0.714,0.712,0.719,0.713,0.718,0.713,0.718,0.712,0.719,0.713,0.718,0.713,0.719,0.713,0.72,0.714,0.719,0.713,0.72,0.713,0.718,0.711,0.716,0.711,0.716,0.711,0.716,0.711,0.716,0.711,0.716,0.711,0.716,0.711,0.716,0.711,0.716,0.711,0.716,0.711,0.716,0.711,0.716,0.711,0.716,0.711,0.716,0.711,0.716,0.711,0.716,0.711,0.716,0.711,0.716,0.711,0.716,0.711,0.716,0.711,0.716,0.711,0.716,0.711,0.716,0.711,0.716,0.711,0.716,0.711,0.716,0.711,0.716,0.711,0.716,0.711,0.716,0.711,0.716,0.711,0.716,0.711,0.716,0.711,0.716,0.711,0.716,0.711,
1.0,0.883,0.785,0.758,0.751,0.75,0.75,0.75,0.75,0.75,0.75,0.75,0.75,0.75,0.75,0.75,0.75,0.75,0.75,0.75,0.75,0.75,0.75,0.75,0.75,0.75,0.75,0.75,0.75,0.75,0.75,0.75,0.75,0.75,0.75,0.75,0.75,0.75,0.75,0.75,0.75,0.75,0.75,0.75,0.75,0.75,0.75,0.75,0.75,0.75,0.75,0.75,0.75,0.75,0.75,0.75,0.75,0.75,0.75,0.75,0.75,0.75,0.75,0.75,0.75,0.75,0.75,0.75,0.75,0.75,0.75,0.75,0.75,0.75,0.75,0.75,0.75,0.75,0.75,0.75,0.75,0.75,0.75,0.75,0.75,0.75,0.75,0.75,0.75,0.75,0.75,0.75,0.75,0.75,0.75,0.75,0.75,0.75,0.75,0.75,
1.0,0.891,0.787,0.781,0.777,0.777,0.777,0.777,0.777,0.777,0.777,0.777,0.777,0.777,0.777,0.777,0.777,0.777,0.777,0.777,0.777,0.777,0.777,0.777,0.777,0.777,0.777,0.777,0.777,0.777,0.777,0.777,0.777,0.777,0.777,0.777,0.777,0.777,0.777,0.777,0.777,0.777,0.777,0.777,0.777,0.777,0.777,0.777,0.777,0.777,0.777,0.777,0.777,0.777,0.777,0.777,0.777,0.777,0.777,0.777,0.777,0.777,0.777,0.777,0.777,0.777,0.777,0.777,0.777,0.777,0.777,0.777,0.777,0.777,0.777,0.777,0.777,0.777,0.777,0.777,0.777,0.777,0.777,0.777,0.777,0.777,0.777,0.777,0.777,0.777,0.777,0.777,0.777,0.777,0.777,0.777,0.777,0.777,0.777,0.777,
1.0,0.67,0.725,0.68,0.668,0.685,0.698,0.628,0.693,0.684,0.7,0.652,0.698,0.682,0.665,0.685,0.667,0.684,0.7,0.682,0.698,0.68,0.697,0.681,0.666,0.683,0.667,0.686,0.665,0.684,0.699,0.649,0.698,0.678,0.7,0.689,0.699,0.693,0.698,0.689,0.701,0.683,0.701,0.645,0.701,0.683,0.667,0.651,0.7,0.663,0.7,0.652,0.699,0.652,0.7,0.682,0.663,0.652,0.7,0.682,0.667,0.687,0.699,0.688,0.701,0.647,0.699,0.651,0.7,0.651,0.7,0.652,0.701,0.683,0.668,0.685,0.665,0.682,0.699,0.65,0.699,0.652,0.701,0.648,0.698,0.646,0.7,0.651,0.7,0.683,0.667,0.685,0.666,0.684,0.701,0.681,0.711,0.679,0.702,0.65,
1.0,0.849,0.798,0.781,0.779,0.777,0.777,0.778,0.779,0.779,0.778,0.779,0.779,0.779,0.779,0.779,0.779,0.779,0.779,0.779,0.779,0.779,0.779,0.779,0.779,0.779,0.779,0.779,0.779,0.779,0.779,0.779,0.779,0.779,0.779,0.779,0.779,0.779,0.779,0.779,0.779,0.779,0.779,0.779,0.778,0.779,0.779,0.779,0.779,0.779,0.778,0.779,0.779,0.779,0.779,0.779,0.779,0.779,0.779,0.779,0.779,0.779,0.779,0.779,0.779,0.779,0.779,0.779,0.779,0.779,0.779,0.779,0.779,0.779,0.779,0.779,0.779,0.779,0.779,0.779,0.779,0.779,0.779,0.779,0.779,0.779,0.779,0.779,0.779,0.779,0.779,0.779,0.779,0.779,0.779,0.779,0.779,0.779,0.779,0.779,
1.0,0.886,0.804,0.798,0.794,0.797,0.797,0.797,0.794,0.797,0.795,0.797,0.795,0.797,0.794,0.797,0.797,0.797,0.794,0.797,0.795,0.797,0.794,0.797,0.795,0.797,0.794,0.797,0.795,0.797,0.799,0.797,0.794,0.796,0.794,0.796,0.794,0.797,0.795,0.797,0.794,0.797,0.795,0.796,0.793,0.796,0.793,0.796,0.793,0.796,0.793,0.796,0.793,0.796,0.793,0.796,0.793,0.796,0.793,0.796,0.793,0.796,0.793,0.796,0.793,0.796,0.793,0.796,0.793,0.796,0.793,0.796,0.793,0.796,0.793,0.796,0.793,0.796,0.793,0.796,0.793,0.796,0.793,0.796,0.793,0.796,0.793,0.796,0.793,0.796,0.793,0.796,0.793,0.796,0.793,0.796,0.793,0.796,0.793,0.796,
1.0,0.873,0.77,0.784,0.776,0.776,0.776,0.783,0.776,0.776,0.776,0.776,0.776,0.776,0.775,0.774,0.775,0.776,0.776,0.776,0.776,0.761,0.775,0.776,0.775,0.775,0.775,0.775,0.76,0.774,0.775,0.774,0.775,0.775,0.775,0.775,0.758,0.756,0.756,0.756,0.756,0.756,0.756,0.756,0.756,0.756,0.756,0.756,0.756,0.756,0.756,0.756,0.756,0.756,0.756,0.756,0.756,0.756,0.756,0.756,0.756,0.756,0.756,0.756,0.756,0.756,0.756,0.756,0.756,0.756,0.756,0.756,0.756,0.756,0.756,0.756,0.756,0.756,0.756,0.756,0.756,0.756,0.756,0.756,0.756,0.756,0.756,0.756,0.756,0.756,0.756,0.756,0.756,0.756,0.756,0.756,0.756,0.756,0.756,0.756,
1.0,0.794,0.76,0.724,0.745,0.719,0.721,0.72,0.72,0.744,0.72,0.721,0.72,0.72,0.72,0.72,0.72,0.72,0.72,0.72,0.72,0.72,0.72,0.72,0.72,0.72,0.72,0.72,0.72,0.72,0.72,0.72,0.72,0.72,0.72,0.72,0.72,0.72,0.72,0.72,0.741,0.72,0.721,0.72,0.72,0.72,0.72,0.72,0.72,0.72,0.72,0.72,0.72,0.72,0.72,0.72,0.72,0.72,0.72,0.72,0.72,0.72,0.72,0.72,0.72,0.72,0.72,0.72,0.72,0.72,0.72,0.72,0.72,0.744,0.72,0.721,0.72,0.72,0.72,0.72,0.72,0.72,0.72,0.72,0.72,0.72,0.72,0.72,0.72,0.72,0.72,0.72,0.72,0.72,0.72,0.72,0.72,0.72,0.72,0.72,
1.0,0.673,0.678,0.669,0.666,0.677,0.663,0.677,0.677,0.683,0.676,0.682,0.674,0.683,0.677,0.673,0.662,0.674,0.668,0.674,0.679,0.667,0.677,0.666,0.676,0.669,0.678,0.668,0.673,0.665,0.672,0.664,0.687,0.668,0.678,0.663,0.674,0.668,0.677,0.666,0.677,0.681,0.677,0.68,0.674,0.666,0.678,0.666,0.677,0.667,0.677,0.666,0.679,0.674,0.677,0.666,0.678,0.674,0.677,0.681,0.678,0.665,0.675,0.668,0.676,0.666,0.672,0.662,0.67,0.661,0.67,0.661,0.671,0.661,0.67,0.66,0.67,0.665,0.639,0.624,0.676,0.669,0.676,0.667,0.675,0.669,0.677,0.667,0.681,0.668,0.675,0.672,0.676,0.673,0.677,0.668,0.678,0.666,0.677,0.669,
1.0,0.714,0.708,0.698,0.697,0.696,0.697,0.696,0.697,0.696,0.697,0.696,0.697,0.696,0.697,0.696,0.696,0.696,0.695,0.696,0.697,0.696,0.697,0.696,0.697,0.696,0.697,0.696,0.697,0.696,0.696,0.696,0.695,0.696,0.697,0.696,0.697,0.696,0.696,0.696,0.695,0.696,0.697,0.696,0.697,0.696,0.697,0.696,0.697,0.696,0.697,0.696,0.697,0.696,0.697,0.696,0.697,0.696,0.697,0.696,0.697,0.696,0.697,0.696,0.697,0.696,0.697,0.696,0.697,0.696,0.697,0.696,0.697,0.696,0.697,0.696,0.697,0.696,0.697,0.696,0.697,0.696,0.697,0.696,0.697,0.696,0.697,0.696,0.697,0.696,0.697,0.696,0.697,0.696,0.697,0.696,0.697,0.696,0.697,0.696,
1.0,0.859,0.715,0.754,0.753,0.745,0.747,0.744,0.748,0.747,0.746,0.747,0.747,0.748,0.748,0.748,0.748,0.748,0.747,0.747,0.748,0.747,0.748,0.747,0.748,0.748,0.747,0.748,0.747,0.747,0.747,0.748,0.747,0.745,0.747,0.747,0.745,0.746,0.745,0.747,0.747,0.746,0.746,0.748,0.748,0.747,0.747,0.747,0.745,0.745,0.745,0.749,0.747,0.747,0.748,0.748,0.747,0.748,0.747,0.747,0.745,0.748,0.747,0.748,0.748,0.748,0.747,0.748,0.748,0.748,0.748,0.747,0.748,0.748,0.748,0.748,0.748,0.748,0.748,0.747,0.748,0.748,0.747,0.745,0.746,0.747,0.747,0.745,0.746,0.747,0.747,0.745,0.746,0.747,0.747,0.746,0.747,0.747,0.747,0.746,
1.0,0.805,0.857,0.792,0.758,0.755,0.752,0.755,0.749,0.758,0.752,0.754,0.704,0.707,0.701,0.705,0.703,0.706,0.702,0.706,0.702,0.706,0.702,0.706,0.702,0.706,0.701,0.707,0.702,0.706,0.702,0.705,0.703,0.706,0.701,0.705,0.703,0.706,0.702,0.705,0.703,0.706,0.702,0.706,0.702,0.705,0.703,0.706,0.702,0.706,0.702,0.706,0.702,0.706,0.702,0.706,0.702,0.705,0.703,0.706,0.702,0.706,0.702,0.706,0.702,0.706,0.702,0.706,0.701,0.705,0.701,0.705,0.703,0.705,0.703,0.706,0.702,0.706,0.702,0.706,0.702,0.706,0.702,0.705,0.703,0.706,0.702,0.706,0.702,0.706,0.702,0.705,0.703,0.705,0.703,0.706,0.701,0.705,0.703,0.698,
1.0,0.767,0.744,0.732,0.708,0.705,0.727,0.747,0.725,0.716,0.721,0.713,0.708,0.732,0.727,0.709,0.705,0.723,0.719,0.716,0.715,0.719,0.741,0.714,0.714,0.717,0.716,0.717,0.71,0.715,0.715,0.739,0.717,0.741,0.715,0.726,0.714,0.716,0.715,0.715,0.714,0.716,0.711,0.749,0.714,0.717,0.716,0.727,0.715,0.717,0.71,0.715,0.717,0.715,0.712,0.717,0.684,0.72,0.71,0.715,0.716,0.716,0.714,0.717,0.714,0.718,0.712,0.717,0.713,0.717,0.715,0.715,0.714,0.719,0.727,0.718,0.729,0.715,0.716,0.716,0.716,0.727,0.71,0.715,0.715,0.716,0.716,0.74,0.712,0.717,0.715,0.718,0.712,0.749,0.714,0.715,0.748,0.716,0.73,0.716,
1.0,0.823,0.748,0.708,0.734,0.726,0.729,0.726,0.73,0.726,0.73,0.726,0.73,0.726,0.73,0.726,0.73,0.726,0.73,0.726,0.73,0.726,0.73,0.726,0.73,0.726,0.73,0.726,0.73,0.726,0.729,0.726,0.729,0.726,0.729,0.726,0.73,0.726,0.73,0.726,0.73,0.726,0.73,0.726,0.73,0.726,0.729,0.726,0.729,0.726,0.729,0.726,0.73,0.726,0.73,0.726,0.73,0.726,0.73,0.726,0.73,0.726,0.73,0.726,0.73,0.726,0.73,0.726,0.73,0.726,0.729,0.726,0.73,0.726,0.73,0.726,0.73,0.726,0.73,0.726,0.729,0.726,0.73,0.726,0.73,0.726,0.73,0.726,0.73,0.726,0.73,0.726,0.73,0.726,0.73,0.726,0.73,0.726,0.73,0.726,
1.0,0.849,0.794,0.779,0.761,0.761,0.76,0.764,0.759,0.766,0.76,0.764,0.76,0.765,0.76,0.765,0.762,0.772,0.763,0.762,0.767,0.763,0.762,0.765,0.761,0.767,0.76,0.761,0.767,0.763,0.759,0.766,0.76,0.764,0.769,0.763,0.762,0.762,0.759,0.777,0.763,0.768,0.763,0.765,0.763,0.762,0.759,0.761,0.761,0.767,0.794,0.76,0.762,0.762,0.768,0.761,0.76,0.766,0.761,0.761,0.76,0.762,0.76,0.776,0.76,0.765,0.789,0.76,0.763,0.766,0.76,0.767,0.76,0.766,0.76,0.765,0.779,0.765,0.76,0.76,0.763,0.761,0.773,0.762,0.764,0.763,0.764,0.761,0.763,0.762,0.761,0.772,0.761,0.763,0.765,0.763,0.761,0.761,0.764,0.761,
1.0,0.83,0.658,0.641,0.634,0.634,0.634,0.634,0.634,0.64,0.634,0.634,0.634,0.634,0.634,0.634,0.634,0.635,0.641,0.638,0.634,0.635,0.635,0.634,0.634,0.634,0.634,0.634,0.634,0.639,0.634,0.634,0.634,0.634,0.635,0.64,0.639,0.634,0.634,0.634,0.634,0.634,0.638,0.634,0.634,0.634,0.634,0.634,0.634,0.637,0.634,0.634,0.634,0.634,0.636,0.635,0.639,0.635,0.638,0.637,0.634,0.634,0.634,0.635,0.634,0.635,0.634,0.635,0.634,0.634,0.635,0.634,0.634,0.634,0.634,0.634,0.634,0.638,0.634,0.637,0.634,0.634,0.635,0.642,0.634,0.634,0.634,0.634,0.634,0.634,0.635,0.636,0.634,0.635,0.634,0.635,0.634,0.634,0.635,0.64,
1.0,0.78,0.715,0.704,0.703,0.703,0.719,0.704,0.72,0.703,0.719,0.704,0.717,0.703,0.709,0.703,0.709,0.703,0.709,0.703,0.709,0.703,0.709,0.703,0.709,0.703,0.709,0.703,0.709,0.703,0.709,0.703,0.709,0.703,0.709,0.703,0.709,0.703,0.709,0.703,0.709,0.703,0.709,0.703,0.709,0.703,0.709,0.703,0.709,0.703,0.709,0.703,0.709,0.703,0.709,0.703,0.709,0.703,0.709,0.703,0.709,0.703,0.709,0.703,0.709,0.703,0.709,0.703,0.709,0.703,0.709,0.703,0.709,0.703,0.709,0.703,0.709,0.703,0.709,0.703,0.709,0.703,0.709,0.703,0.709,0.703,0.709,0.703,0.709,0.703,0.709,0.703,0.709,0.703,0.709,0.703,0.709,0.703,0.709,0.703,
1.0,0.757,0.817,0.761,0.708,0.71,0.71,0.71,0.71,0.71,0.71,0.71,0.709,0.709,0.71,0.71,0.709,0.709,0.71,0.709,0.709,0.71,0.709,0.71,0.709,0.71,0.71,0.71,0.71,0.71,0.71,0.71,0.71,0.71,0.71,0.71,0.709,0.709,0.71,0.71,0.71,0.71,0.709,0.709,0.71,0.71,0.71,0.71,0.709,0.709,0.71,0.71,0.709,0.709,0.709,0.71,0.71,0.71,0.71,0.71,0.71,0.71,0.71,0.71,0.709,0.71,0.71,0.71,0.71,0.71,0.71,0.71,0.709,0.71,0.71,0.709,0.71,0.709,0.71,0.71,0.71,0.71,0.71,0.71,0.709,0.709,0.709,0.71,0.71,0.71,0.71,0.71,0.71,0.71,0.709,0.709,0.71,0.709,0.71,0.697,
1.0,0.796,0.757,0.747,0.742,0.75,0.742,0.747,0.74,0.746,0.741,0.745,0.741,0.746,0.741,0.746,0.74,0.746,0.74,0.745,0.741,0.745,0.741,0.746,0.74,0.746,0.74,0.746,0.74,0.745,0.739,0.746,0.74,0.746,0.74,0.745,0.74,0.746,0.74,0.746,0.74,0.745,0.74,0.746,0.74,0.745,0.74,0.745,0.74,0.746,0.741,0.745,0.741,0.745,0.741,0.745,0.741,0.746,0.74,0.745,0.739,0.746,0.74,0.746,0.74,0.744,0.741,0.745,0.74,0.746,0.741,0.745,0.741,0.746,0.74,0.746,0.741,0.745,0.74,0.745,0.741,0.746,0.74,0.746,0.74,0.745,0.741,0.745,0.741,0.746,0.74,0.746,0.74,0.746,0.74,0.745,0.739,0.746,0.74,0.746,
1.0,0.834,0.775,0.762,0.762,0.762,0.758,0.762,0.758,0.762,0.742,0.762,0.758,0.761,0.757,0.761,0.758,0.761,0.758,0.762,0.758,0.762,0.758,0.762,0.758,0.762,0.758,0.762,0.758,0.762,0.758,0.762,0.758,0.762,0.758,0.762,0.758,0.762,0.758,0.762,0.758,0.762,0.758,0.762,0.758,0.762,0.758,0.762,0.758,0.762,0.758,0.762,0.758,0.762,0.758,0.762,0.758,0.762,0.758,0.762,0.758,0.762,0.758,0.762,0.758,0.762,0.758,0.762,0.758,0.762,0.758,0.762,0.758,0.762,0.758,0.762,0.758,0.762,0.758,0.762,0.758,0.762,0.758,0.762,0.758,0.762,0.758,0.762,0.758,0.762,0.758,0.762,0.758,0.762,0.758,0.762,0.758,0.762,0.758,0.762,
1.0,0.783,0.738,0.724,0.727,0.724,0.724,0.723,0.721,0.723,0.724,0.724,0.722,0.723,0.722,0.727,0.723,0.724,0.723,0.724,0.723,0.724,0.723,0.725,0.723,0.724,0.722,0.724,0.723,0.724,0.723,0.728,0.721,0.721,0.723,0.724,0.724,0.728,0.723,0.724,0.722,0.724,0.723,0.724,0.723,0.724,0.723,0.723,0.722,0.722,0.722,0.724,0.723,0.723,0.726,0.724,0.723,0.722,0.726,0.724,0.724,0.724,0.722,0.724,0.723,0.724,0.723,0.722,0.722,0.724,0.723,0.724,0.723,0.722,0.726,0.724,0.724,0.724,0.724,0.724,0.721,0.72,0.719,0.719,0.719,0.72,0.719,0.72,0.719,0.72,0.719,0.72,0.719,0.72,0.719,0.72,0.72,0.722,0.723,0.724,
1.0,0.745,0.74,0.715,0.719,0.718,0.715,0.715,0.714,0.715,0.714,0.715,0.714,0.715,0.714,0.715,0.714,0.715,0.714,0.715,0.714,0.715,0.714,0.715,0.714,0.715,0.714,0.715,0.714,0.715,0.714,0.715,0.714,0.715,0.714,0.715,0.714,0.715,0.714,0.715,0.714,0.715,0.714,0.715,0.714,0.715,0.714,0.715,0.714,0.715,0.714,0.715,0.714,0.715,0.714,0.715,0.714,0.715,0.714,0.715,0.714,0.715,0.714,0.715,0.714,0.715,0.714,0.715,0.714,0.715,0.714,0.715,0.714,0.715,0.714,0.715,0.714,0.715,0.714,0.715,0.714,0.715,0.714,0.715,0.714,0.715,0.714,0.715,0.714,0.715,0.714,0.715,0.714,0.715,0.714,0.715,0.714,0.715,0.714,0.696,
1.0,0.873,0.783,0.778,0.767,0.767,0.767,0.767,0.767,0.767,0.767,0.767,0.773,0.77,0.767,0.767,0.767,0.767,0.767,0.767,0.767,0.766,0.767,0.767,0.767,0.767,0.767,0.767,0.767,0.771,0.767,0.771,0.767,0.771,0.767,0.771,0.767,0.771,0.767,0.771,0.767,0.771,0.767,0.771,0.767,0.772,0.767,0.767,0.772,0.767,0.771,0.767,0.771,0.767,0.771,0.767,0.771,0.767,0.771,0.767,0.771,0.767,0.771,0.767,0.771,0.767,0.767,0.771,0.767,0.771,0.767,0.771,0.767,0.767,0.772,0.767,0.766,0.767,0.783,0.767,0.767,0.767,0.767,0.767,0.767,0.767,0.767,0.767,0.767,0.767,0.767,0.77,0.767,0.767,0.767,0.767,0.767,0.767,0.773,0.77,
1.0,0.758,0.751,0.731,0.741,0.748,0.734,0.73,0.738,0.725,0.733,0.68,0.736,0.727,0.685,0.731,0.693,0.729,0.692,0.728,0.729,0.726,0.733,0.687,0.732,0.687,0.732,0.687,0.732,0.687,0.732,0.687,0.732,0.687,0.732,0.687,0.732,0.687,0.732,0.687,0.732,0.687,0.732,0.687,0.732,0.687,0.732,0.687,0.732,0.687,0.732,0.687,0.732,0.687,0.732,0.687,0.732,0.687,0.732,0.687,0.732,0.687,0.732,0.687,0.732,0.687,0.732,0.687,0.732,0.687,0.732,0.687,0.732,0.687,0.732,0.687,0.732,0.687,0.732,0.687,0.732,0.687,0.732,0.687,0.732,0.687,0.732,0.687,0.732,0.687,0.732,0.687,0.732,0.687,0.732,0.687,0.732,0.687,0.732,0.687,
1.0,0.834,0.784,0.764,0.767,0.762,0.764,0.76,0.764,0.762,0.765,0.762,0.765,0.761,0.764,0.761,0.765,0.761,0.764,0.76,0.763,0.76,0.763,0.76,0.763,0.76,0.763,0.76,0.763,0.76,0.763,0.76,0.763,0.76,0.763,0.76,0.763,0.76,0.763,0.76,0.763,0.76,0.763,0.76,0.763,0.76,0.763,0.76,0.763,0.76,0.763,0.76,0.763,0.76,0.763,0.76,0.763,0.76,0.763,0.76,0.763,0.76,0.763,0.76,0.763,0.76,0.763,0.76,0.763,0.76,0.763,0.76,0.763,0.76,0.763,0.76,0.763,0.76,0.763,0.76,0.763,0.76,0.763,0.76,0.763,0.76,0.763,0.76,0.763,0.76,0.763,0.76,0.763,0.76,0.763,0.76,0.763,0.76,0.763,0.76,
1.0,0.921,0.873,0.879,0.874,0.878,0.876,0.874,0.869,0.87,0.868,0.87,0.88,0.878,0.871,0.868,0.869,0.854,0.859,0.855,0.858,0.856,0.876,0.873,0.866,0.865,0.865,0.871,0.879,0.871,0.873,0.865,0.859,0.859,0.862,0.859,0.853,0.85,0.85,0.849,0.849,0.849,0.849,0.849,0.849,0.849,0.849,0.849,0.849,0.849,0.849,0.849,0.849,0.849,0.849,0.849,0.849,0.849,0.849,0.849,0.849,0.849,0.849,0.85,0.849,0.849,0.849,0.849,0.849,0.849,0.849,0.849,0.849,0.849,0.849,0.849,0.849,0.849,0.849,0.849,0.849,0.849,0.849,0.849,0.849,0.849,0.849,0.849,0.849,0.849,0.849,0.849,0.849,0.849,0.849,0.849,0.849,0.849,0.849,0.766,
1.0,0.814,0.763,0.639,0.738,0.638,0.635,0.656,0.641,0.663,0.644,0.635,0.635,0.679,0.658,0.655,0.649,0.635,0.653,0.635,0.648,0.635,0.665,0.67,0.66,0.731,0.635,0.65,0.635,0.658,0.635,0.657,0.635,0.635,0.673,0.635,0.635,0.659,0.635,0.639,0.635,0.635,0.644,0.643,0.635,0.635,0.635,0.635,0.635,0.635,0.635,0.639,0.635,0.635,0.643,0.645,0.662,0.635,0.635,0.658,0.635,0.636,0.676,0.659,0.635,0.635,0.643,0.665,0.636,0.635,0.635,0.658,0.635,0.635,0.635,0.644,0.635,0.653,0.635,0.646,0.663,0.638,0.635,0.635,0.635,0.656,0.635,0.655,0.659,0.635,0.635,0.65,0.635,0.635,0.635,0.661,0.639,0.666,0.696,0.644,
1.0,0.692,0.698,0.672,0.678,0.673,0.702,0.675,0.669,0.703,0.673,0.678,0.679,0.678,0.674,0.674,0.672,0.674,0.672,0.674,0.672,0.674,0.672,0.674,0.67,0.674,0.672,0.674,0.672,0.674,0.672,0.674,0.67,0.674,0.67,0.674,0.672,0.674,0.67,0.674,0.67,0.674,0.67,0.674,0.67,0.674,0.67,0.674,0.67,0.674,0.67,0.674,0.67,0.674,0.67,0.674,0.67,0.674,0.67,0.674,0.67,0.674,0.67,0.674,0.67,0.674,0.67,0.674,0.67,0.674,0.67,0.674,0.67,0.674,0.67,0.674,0.67,0.674,0.67,0.674,0.67,0.674,0.67,0.674,0.67,0.674,0.67,0.674,0.67,0.674,0.67,0.674,0.67,0.674,0.67,0.674,0.67,0.674,0.67,0.674,
1.0,0.767,0.755,0.746,0.744,0.744,0.744,0.744,0.744,0.744,0.744,0.743,0.743,0.746,0.744,0.744,0.744,0.744,0.744,0.744,0.744,0.744,0.744,0.744,0.744,0.744,0.744,0.744,0.744,0.744,0.744,0.744,0.744,0.744,0.744,0.745,0.745,0.744,0.745,0.745,0.744,0.744,0.744,0.744,0.744,0.745,0.745,0.744,0.744,0.744,0.744,0.744,0.744,0.744,0.745,0.745,0.744,0.744,0.744,0.743,0.743,0.745,0.748,0.744,0.744,0.745,0.745,0.744,0.744,0.744,0.744,0.744,0.744,0.744,0.744,0.744,0.744,0.744,0.744,0.744,0.744,0.744,0.744,0.745,0.745,0.744,0.744,0.744,0.744,0.745,0.745,0.744,0.744,0.744,0.745,0.745,0.744,0.745,0.745,0.744,
1.0,0.901,0.804,0.799,0.798,0.796,0.804,0.795,0.795,0.795,0.795,0.795,0.795,0.795,0.795,0.795,0.795,0.795,0.795,0.795,0.795,0.795,0.795,0.795,0.795,0.795,0.795,0.795,0.795,0.795,0.795,0.795,0.795,0.795,0.795,0.795,0.795,0.795,0.795,0.795,0.795,0.795,0.795,0.795,0.795,0.795,0.795,0.795,0.795,0.795,0.795,0.795,0.795,0.795,0.795,0.795,0.795,0.795,0.795,0.795,0.795,0.795,0.795,0.795,0.795,0.795,0.795,0.795,0.795,0.795,0.795,0.795,0.795,0.795,0.795,0.795,0.795,0.795,0.795,0.795,0.795,0.795,0.795,0.795,0.795,0.795,0.795,0.795,0.795,0.795,0.795,0.795,0.795,0.795,0.795,0.795,0.795,0.795,0.795,0.795,
1.0,0.759,0.767,0.684,0.673,0.67,0.669,0.669,0.669,0.669,0.669,0.669,0.669,0.669,0.669,0.669,0.669,0.669,0.669,0.669,0.669,0.669,0.669,0.669,0.669,0.669,0.669,0.669,0.669,0.669,0.669,0.669,0.669,0.669,0.669,0.669,0.669,0.669,0.669,0.669,0.669,0.669,0.669,0.669,0.669,0.669,0.669,0.669,0.669,0.669,0.669,0.669,0.669,0.669,0.669,0.669,0.669,0.669,0.669,0.669,0.669,0.669,0.669,0.669,0.669,0.669,0.669,0.669,0.669,0.669,0.669,0.669,0.669,0.669,0.669,0.669,0.669,0.669,0.669,0.669,0.669,0.669,0.669,0.669,0.669,0.669,0.669,0.669,0.669,0.669,0.669,0.669,0.669,0.669,0.669,0.669,0.669,0.669,0.669,0.669,
1.0,0.955,0.791,0.771,0.784,0.764,0.77,0.768,0.785,0.767,0.785,0.767,0.785,0.767,0.785,0.767,0.785,0.764,0.77,0.764,0.77,0.764,0.77,0.768,0.771,0.764,0.769,0.768,0.775,0.769,0.784,0.764,0.77,0.768,0.786,0.764,0.77,0.768,0.786,0.767,0.786,0.767,0.771,0.764,0.769,0.768,0.786,0.767,0.775,0.769,0.784,0.767,0.771,0.764,0.769,0.768,0.786,0.767,0.786,0.767,0.771,0.764,0.769,0.768,0.775,0.769,0.773,0.769,0.782,0.764,0.77,0.768,0.786,0.767,0.786,0.764,0.77,0.768,0.786,0.767,0.775,0.769,0.773,0.769,0.782,0.767,0.775,0.769,0.773,0.769,0.782,0.767,0.771,0.771,0.784,0.767,0.785,0.764,0.77,0.764,
1.0,0.739,0.696,0.673,0.667,0.671,0.671,0.671,0.673,0.674,0.671,0.674,0.671,0.674,0.671,0.674,0.671,0.674,0.671,0.674,0.671,0.674,0.671,0.674,0.671,0.674,0.671,0.674,0.671,0.674,0.671,0.674,0.671,0.674,0.671,0.674,0.671,0.674,0.671,0.674,0.671,0.674,0.671,0.674,0.671,0.674,0.671,0.674,0.671,0.674,0.671,0.674,0.671,0.674,0.671,0.674,0.671,0.674,0.671,0.674,0.671,0.674,0.671,0.674,0.671,0.674,0.671,0.674,0.671,0.674,0.671,0.674,0.671,0.674,0.671,0.674,0.671,0.674,0.671,0.674,0.671,0.674,0.671,0.674,0.671,0.674,0.671,0.674,0.671,0.674,0.671,0.674,0.671,0.674,0.671,0.674,0.671,0.674,0.671,0.674,
1.0,0.797,0.795,0.765,0.77,0.766,0.765,0.764,0.766,0.766,0.768,0.766,0.764,0.764,0.765,0.766,0.766,0.766,0.767,0.765,0.765,0.765,0.767,0.768,0.766,0.766,0.766,0.767,0.767,0.766,0.766,0.766,0.767,0.766,0.766,0.766,0.768,0.766,0.765,0.766,0.766,0.766,0.764,0.766,0.765,0.765,0.765,0.764,0.765,0.766,0.766,0.765,0.765,0.766,0.766,0.765,0.765,0.765,0.763,0.764,0.765,0.766,0.766,0.765,0.765,0.764,0.764,0.765,0.765,0.766,0.765,0.765,0.765,0.765,0.766,0.767,0.768,0.765,0.766,0.767,0.766,0.766,0.765,0.766,0.766,0.766,0.766,0.765,0.767,0.765,0.765,0.766,0.766,0.768,0.766,0.768,0.765,0.766,0.766,0.766,
1.0,0.646,0.61,0.602,0.601,0.601,0.601,0.674,0.601,0.686,0.601,0.686,0.601,0.601,0.603,0.602,0.601,0.601,0.66,0.601,0.603,0.601,0.601,0.601,0.601,0.601,0.601,0.601,0.601,0.601,0.602,0.656,0.605,0.601,0.601,0.678,0.601,0.686,0.601,0.601,0.602,0.686,0.601,0.679,0.601,0.64,0.603,0.601,0.601,0.686,0.601,0.686,0.601,0.685,0.601,0.622,0.601,0.646,0.601,0.646,0.601,0.657,0.606,0.602,0.601,0.601,0.601,0.601,0.601,0.657,0.601,0.686,0.601,0.601,0.602,0.601,0.658,0.601,0.658,0.601,0.658,0.601,0.603,0.601,0.601,0.601,0.601,0.601,0.601,0.601,0.602,0.656,0.601,0.66,0.601,0.603,0.601,0.601,0.601,0.601,
1.0,0.798,0.739,0.733,0.721,0.721,0.72,0.72,0.72,0.72,0.72,0.72,0.72,0.72,0.72,0.72,0.72,0.72,0.72,0.72,0.72,0.72,0.72,0.72,0.72,0.72,0.72,0.72,0.72,0.72,0.72,0.72,0.72,0.72,0.72,0.72,0.72,0.72,0.72,0.72,0.72,0.72,0.72,0.72,0.72,0.72,0.72,0.72,0.72,0.72,0.72,0.72,0.72,0.72,0.72,0.72,0.72,0.72,0.72,0.72,0.72,0.72,0.72,0.72,0.72,0.72,0.72,0.72,0.72,0.72,0.72,0.72,0.72,0.72,0.72,0.72,0.72,0.72,0.72,0.72,0.72,0.72,0.72,0.72,0.72,0.72,0.72,0.72,0.72,0.72,0.72,0.72,0.72,0.72,0.72,0.72,0.72,0.72,0.72,0.72,
1.0,0.911,0.771,0.755,0.75,0.748,0.751,0.748,0.751,0.748,0.751,0.748,0.751,0.748,0.751,0.748,0.751,0.748,0.751,0.748,0.751,0.748,0.751,0.748,0.751,0.748,0.751,0.748,0.751,0.748,0.751,0.748,0.751,0.748,0.751,0.748,0.751,0.748,0.751,0.748,0.751,0.748,0.751,0.748,0.751,0.748,0.751,0.748,0.751,0.748,0.751,0.748,0.751,0.748,0.751,0.748,0.751,0.748,0.751,0.748,0.751,0.748,0.751,0.748,0.751,0.748,0.751,0.748,0.751,0.748,0.751,0.748,0.751,0.748,0.751,0.748,0.751,0.748,0.751,0.748,0.751,0.748,0.751,0.748,0.751,0.748,0.751,0.748,0.751,0.748,0.751,0.748,0.751,0.748,0.751,0.748,0.751,0.748,0.751,0.748,
1.0,0.815,0.869,0.857,0.812,0.814,0.827,0.858,0.814,0.858,0.851,0.844,0.86,0.825,0.861,0.826,0.86,0.864,0.842,0.849,0.83,0.827,0.86,0.848,0.849,0.839,0.815,0.858,0.815,0.858,0.813,0.864,0.828,0.826,0.815,0.848,0.827,0.856,0.831,0.813,0.829,0.873,0.818,0.868,0.815,0.859,0.832,0.849,0.841,0.835,0.83,0.848,0.832,0.879,0.824,0.876,0.826,0.868,0.83,0.874,0.825,0.82,0.861,0.827,0.819,0.859,0.867,0.875,0.813,0.846,0.866,0.856,0.85,0.815,0.86,0.818,0.844,0.834,0.866,0.836,0.868,0.843,0.846,0.841,0.83,0.841,0.829,0.867,0.862,0.845,0.816,0.81,0.863,0.878,0.831,0.854,0.864,0.854,0.847,0.694,
1.0,0.784,0.764,0.753,0.753,0.75,0.751,0.751,0.752,0.751,0.751,0.751,0.752,0.751,0.75,0.75,0.752,0.752,0.752,0.751,0.752,0.766,0.753,0.751,0.762,0.752,0.753,0.751,0.753,0.757,0.753,0.757,0.753,0.766,0.753,0.752,0.752,0.75,0.752,0.75,0.751,0.75,0.752,0.758,0.752,0.759,0.752,0.751,0.751,0.751,0.751,0.754,0.753,0.751,0.753,0.752,0.753,0.751,0.753,0.752,0.753,0.752,0.753,0.751,0.753,0.752,0.752,0.752,0.752,0.752,0.755,0.751,0.752,0.764,0.753,0.752,0.753,0.752,0.753,0.752,0.752,0.751,0.753,0.755,0.752,0.764,0.752,0.764,0.753,0.769,0.752,0.751,0.751,0.75,0.751,0.751,0.751,0.75,0.752,0.751,
1.0,0.861,0.78,0.772,0.802,0.761,0.719,0.749,0.719,0.727,0.804,0.795,0.76,0.766,0.801,0.794,0.728,0.735,0.803,0.795,0.757,0.76,0.759,0.731,0.808,0.799,0.765,0.805,0.72,0.73,0.757,0.757,0.725,0.736,0.729,0.728,0.757,0.754,0.721,0.751,0.755,0.729,0.759,0.756,0.726,0.758,0.717,0.728,0.758,0.752,0.726,0.758,0.72,0.73,0.757,0.757,0.725,0.728,0.726,0.753,0.72,0.728,0.753,0.753,0.731,0.761,0.723,0.718,0.758,0.716,0.73,0.726,0.753,0.723,0.728,0.726,0.726,0.726,0.726,0.726,0.726,0.726,0.726,0.726,0.726,0.726,0.726,0.726,0.726,0.726,0.726,0.726,0.726,0.726,0.726,0.726,0.726,0.726,0.726,0.726,
1.0,0.779,0.709,0.7,0.698,0.698,0.698,0.698,0.698,0.698,0.698,0.698,0.697,0.698,0.698,0.698,0.698,0.698,0.698,0.698,0.698,0.698,0.698,0.698,0.698,0.698,0.698,0.698,0.698,0.698,0.698,0.698,0.698,0.698,0.698,0.698,0.698,0.698,0.698,0.698,0.698,0.698,0.698,0.698,0.698,0.698,0.698,0.698,0.698,0.698,0.698,0.698,0.698,0.698,0.698,0.698,0.698,0.698,0.698,0.698,0.698,0.698,0.698,0.698,0.698,0.698,0.698,0.698,0.698,0.698,0.698,0.698,0.698,0.698,0.698,0.698,0.698,0.698,0.698,0.698,0.698,0.699,0.698,0.698,0.698,0.698,0.698,0.698,0.698,0.698,0.698,0.698,0.698,0.698,0.698,0.698,0.698,0.698,0.698,0.698,
1.0,0.89,0.776,0.824,0.768,0.777,0.769,0.778,0.768,0.821,0.769,0.821,0.769,0.824,0.769,0.781,0.78,0.78,0.78,0.769,0.82,0.768,0.775,0.768,0.779,0.78,0.78,0.78,0.769,0.778,0.773,0.78,0.78,0.78,0.78,0.78,0.78,0.769,0.781,0.78,0.769,0.781,0.78,0.78,0.78,0.78,0.78,0.78,0.78,0.769,0.778,0.768,0.768,0.768,0.775,0.768,0.769,0.781,0.78,0.78,0.769,0.821,0.769,0.823,0.768,0.775,0.769,0.82,0.768,0.824,0.768,0.775,0.768,0.779,0.78,0.78,0.78,0.769,0.781,0.78,0.78,0.769,0.781,0.78,0.78,0.78,0.78,0.769,0.781,0.78,0.769,0.781,0.78,0.78,0.78,0.78,0.78,0.78,0.769,0.781,
1.0,0.811,0.779,0.744,0.742,0.741,0.741,0.741,0.741,0.741,0.741,0.741,0.741,0.741,0.741,0.741,0.741,0.741,0.741,0.741,0.741,0.741,0.741,0.741,0.741,0.741,0.741,0.741,0.741,0.741,0.741,0.741,0.741,0.741,0.741,0.741,0.741,0.741,0.741,0.741,0.741,0.741,0.741,0.741,0.741,0.741,0.741,0.741,0.741,0.741,0.741,0.741,0.741,0.741,0.741,0.741,0.741,0.741,0.741,0.741,0.741,0.741,0.741,0.741,0.741,0.741,0.741,0.741,0.741,0.741,0.741,0.741,0.741,0.741,0.741,0.741,0.741,0.741,0.741,0.741,0.741,0.741,0.741,0.741,0.741,0.741,0.741,0.741,0.741,0.741,0.741,0.741,0.741,0.741,0.741,0.741,0.741,0.741,0.741,0.741,
0.767,1.0,0.548,0.584,0.575,0.58,0.577,0.578,0.581,0.579,0.58,0.578,0.581,0.579,0.574,0.578,0.581,0.578,0.581,0.577,0.576,0.577,0.581,0.578,0.581,0.578,0.574,0.58,0.581,0.579,0.582,0.579,0.574,0.578,0.581,0.577,0.577,0.578,0.581,0.578,0.581,0.577,0.577,0.577,0.577,0.578,0.581,0.577,0.576,0.575,0.575,0.575,0.577,0.578,0.574,0.58,0.581,0.578,0.574,0.578,0.581,0.578,0.581,0.578,0.581,0.578,0.581,0.578,0.581,0.578,0.581,0.578,0.581,0.577,0.576,0.575,0.575,0.575,0.577,0.578,0.574,0.58,0.581,0.578,0.574,0.578,0.581,0.578,0.581,0.578,0.581,0.578,0.581,0.578,0.581,0.578,0.581,0.578,0.581,0.577,
1.0,0.766,0.699,0.715,0.683,0.683,0.695,0.682,0.695,0.686,0.756,0.683,0.708,0.708,0.693,0.682,0.711,0.682,0.71,0.696,0.695,0.697,0.683,0.683,0.683,0.682,0.683,0.682,0.683,0.682,0.683,0.682,0.683,0.682,0.683,0.682,0.683,0.682,0.683,0.682,0.683,0.682,0.683,0.682,0.683,0.682,0.683,0.682,0.683,0.682,0.683,0.682,0.683,0.682,0.683,0.682,0.683,0.682,0.683,0.682,0.683,0.682,0.683,0.682,0.683,0.682,0.683,0.682,0.683,0.682,0.683,0.682,0.683,0.682,0.683,0.682,0.683,0.682,0.683,0.682,0.683,0.682,0.683,0.682,0.683,0.682,0.683,0.682,0.683,0.682,0.683,0.682,0.683,0.682,0.683,0.682,0.683,0.682,0.683,0.682,
1.0,0.826,0.786,0.764,0.761,0.76,0.761,0.76,0.762,0.759,0.763,0.761,0.761,0.76,0.761,0.76,0.761,0.76,0.761,0.76,0.761,0.759,0.761,0.76,0.762,0.76,0.76,0.759,0.761,0.76,0.761,0.759,0.761,0.76,0.761,0.759,0.761,0.759,0.762,0.76,0.762,0.76,0.762,0.759,0.761,0.76,0.761,0.76,0.762,0.761,0.761,0.759,0.761,0.76,0.761,0.76,0.761,0.759,0.761,0.76,0.761,0.761,0.761,0.761,0.761,0.76,0.761,0.761,0.761,0.76,0.761,0.76,0.761,0.761,0.761,0.761,0.761,0.76,0.761,0.76,0.761,0.761,0.761,0.76,0.761,0.76,0.761,0.761,0.761,0.762,0.762,0.763,0.761,0.764,0.761,0.764,0.761,0.76,0.761,0.761,
1.0,0.666,0.835,0.742,0.709,0.746,0.708,0.716,0.716,0.69,0.752,0.697,0.721,0.69,0.717,0.69,0.751,0.697,0.752,0.697,0.719,0.689,0.713,0.702,0.753,0.697,0.7,0.692,0.752,0.697,0.718,0.689,0.712,0.688,0.713,0.688,0.753,0.697,0.7,0.695,0.75,0.697,0.718,0.689,0.713,0.688,0.713,0.688,0.713,0.688,0.713,0.688,0.754,0.703,0.7,0.692,0.751,0.697,0.7,0.746,0.743,0.703,0.711,0.716,0.75,0.738,0.742,0.737,0.741,0.738,0.742,0.738,0.746,0.741,0.709,0.699,0.75,0.736,0.744,0.736,0.741,0.735,0.741,0.734,0.741,0.734,0.741,0.734,0.741,0.734,0.741,0.734,0.741,0.734,0.741,0.734,0.741,0.734,0.741,0.718,
1.0,0.728,0.752,0.734,0.735,0.734,0.737,0.732,0.738,0.73,0.734,0.729,0.736,0.731,0.736,0.729,0.733,0.729,0.736,0.729,0.736,0.729,0.733,0.729,0.735,0.729,0.736,0.729,0.733,0.729,0.735,0.729,0.736,0.729,0.733,0.729,0.735,0.729,0.736,0.729,0.733,0.729,0.735,0.729,0.736,0.729,0.733,0.729,0.735,0.729,0.736,0.729,0.733,0.729,0.735,0.729,0.736,0.729,0.733,0.729,0.735,0.729,0.736,0.729,0.733,0.729,0.735,0.729,0.736,0.729,0.733,0.729,0.735,0.729,0.736,0.729,0.733,0.729,0.735,0.729,0.736,0.729,0.733,0.729,0.735,0.729,0.736,0.729,0.733,0.729,0.735,0.729,0.736,0.729,0.733,0.729,0.735,0.729,0.736,0.729,
1.0,0.801,0.802,0.791,0.811,0.815,0.807,0.815,0.809,0.816,0.814,0.817,0.815,0.817,0.809,0.794,0.811,0.793,0.816,0.809,0.789,0.801,0.804,0.815,0.808,0.816,0.814,0.817,0.809,0.794,0.81,0.794,0.815,0.801,0.794,0.813,0.815,0.807,0.815,0.807,0.794,0.806,0.795,0.79,0.8,0.812,0.793,0.816,0.809,0.789,0.815,0.808,0.809,0.81,0.78,0.814,0.809,0.789,0.815,0.815,0.793,0.816,0.81,0.809,0.805,0.786,0.799,0.815,0.816,0.807,0.815,0.808,0.815,0.811,0.816,0.813,0.809,0.809,0.816,0.813,0.816,0.813,0.816,0.809,0.793,0.809,0.787,0.813,0.814,0.808,0.815,0.809,0.815,0.802,0.801,0.815,0.809,0.805,0.803,0.702,
1.0,0.955,0.758,0.745,0.743,0.741,0.743,0.742,0.743,0.742,0.743,0.742,0.743,0.742,0.743,0.742,0.743,0.742,0.743,0.742,0.743,0.742,0.743,0.742,0.743,0.742,0.743,0.742,0.743,0.742,0.743,0.742,0.743,0.742,0.743,0.742,0.743,0.742,0.743,0.742,0.743,0.742,0.743,0.742,0.743,0.742,0.743,0.742,0.743,0.742,0.743,0.742,0.743,0.742,0.743,0.742,0.743,0.742,0.743,0.742,0.743,0.742,0.743,0.742,0.743,0.742,0.743,0.742,0.743,0.742,0.743,0.742,0.743,0.742,0.743,0.742,0.743,0.742,0.743,0.742,0.743,0.742,0.743,0.742,0.743,0.742,0.743,0.742,0.743,0.742,0.743,0.742,0.743,0.742,0.743,0.742,0.743,0.742,0.743,0.742,
1.0,0.787,0.632,0.624,0.621,0.622,0.621,0.622,0.621,0.622,0.645,0.622,0.645,0.623,0.621,0.622,0.621,0.622,0.625,0.622,0.621,0.622,0.621,0.623,0.621,0.622,0.627,0.623,0.622,0.622,0.621,0.622,0.621,0.622,0.645,0.622,0.621,0.622,0.621,0.622,0.621,0.622,0.621,0.622,0.621,0.622,0.621,0.622,0.621,0.622,0.621,0.624,0.621,0.623,0.621,0.622,0.621,0.622,0.621,0.623,0.621,0.622,0.621,0.622,0.621,0.622,0.627,0.622,0.621,0.622,0.621,0.622,0.621,0.622,0.621,0.622,0.621,0.622,0.621,0.622,0.622,0.622,0.621,0.622,0.645,0.622,0.645,0.622,0.621,0.622,0.621,0.622,0.621,0.622,0.624,0.622,0.621,0.622,0.623,0.622,
1.0,0.929,0.772,0.746,0.713,0.701,0.697,0.698,0.698,0.695,0.697,0.694,0.697,0.694,0.697,0.694,0.698,0.694,0.712,0.694,0.698,0.694,0.698,0.695,0.711,0.694,0.697,0.694,0.698,0.708,0.681,0.677,0.698,0.707,0.699,0.695,0.697,0.694,0.697,0.694,0.698,0.694,0.698,0.695,0.681,0.699,0.698,0.694,0.697,0.704,0.698,0.696,0.698,0.705,0.698,0.695,0.698,0.695,0.698,0.697,0.698,0.698,0.698,0.696,0.698,0.697,0.698,0.694,0.697,0.695,0.698,0.695,0.698,0.694,0.698,0.695,0.698,0.695,0.698,0.695,0.698,0.695,0.698,0.696,0.698,0.696,0.698,0.695,0.699,0.695,0.704,0.694,0.698,0.695,0.699,0.697,0.697,0.695,0.698,0.694,
1.0,0.756,0.717,0.694,0.723,0.669,0.675,0.65,0.694,0.672,0.721,0.672,0.724,0.719,0.716,0.724,0.698,0.697,0.695,0.696,0.695,0.696,0.695,0.696,0.695,0.696,0.695,0.723,0.719,0.722,0.719,0.722,0.722,0.721,0.721,0.718,0.697,0.695,0.694,0.715,0.716,0.72,0.721,0.697,0.721,0.721,0.718,0.697,0.716,0.716,0.714,0.695,0.695,0.694,0.715,0.716,0.714,0.715,0.715,0.714,0.72,0.721,0.716,0.715,0.714,0.72,0.721,0.716,0.715,0.714,0.72,0.721,0.716,0.715,0.714,0.72,0.721,0.716,0.715,0.714,0.72,0.721,0.716,0.715,0.714,0.72,0.721,0.716,0.715,0.714,0.72,0.721,0.716,0.715,0.714,0.72,0.721,0.716,0.715,0.69,
1.0,0.795,0.595,0.583,0.58,0.579,0.578,0.578,0.578,0.578,0.578,0.578,0.578,0.578,0.578,0.578,0.578,0.578,0.578,0.578,0.578,0.578,0.578,0.578,0.578,0.578,0.578,0.578,0.578,0.578,0.578,0.578,0.578,0.578,0.578,0.578,0.578,0.578,0.578,0.578,0.578,0.578,0.578,0.578,0.578,0.578,0.578,0.578,0.578,0.578,0.578,0.578,0.578,0.578,0.578,0.578,0.578,0.578,0.578,0.578,0.578,0.578,0.578,0.578,0.578,0.578,0.578,0.578,0.578,0.578,0.578,0.578,0.578,0.578,0.578,0.578,0.578,0.578,0.578,0.578,0.578,0.578,0.578,0.578,0.578,0.578,0.578,0.578,0.578,0.578,0.578,0.578,0.578,0.578,0.578,0.578,0.578,0.578,0.578,0.578,
1.0,0.698,0.779,0.73,0.721,0.714,0.721,0.736,0.726,0.726,0.724,0.726,0.707,0.725,0.707,0.727,0.729,0.734,0.722,0.737,0.722,0.725,0.727,0.722,0.725,0.729,0.696,0.731,0.729,0.724,0.726,0.725,0.726,0.736,0.721,0.732,0.722,0.732,0.722,0.731,0.722,0.731,0.728,0.725,0.721,0.708,0.722,0.724,0.706,0.727,0.729,0.74,0.725,0.733,0.725,0.726,0.727,0.735,0.73,0.733,0.726,0.724,0.724,0.729,0.722,0.726,0.724,0.725,0.726,0.725,0.722,0.738,0.726,0.725,0.725,0.725,0.723,0.725,0.725,0.725,0.724,0.725,0.722,0.724,0.707,0.726,0.706,0.725,0.722,0.733,0.722,0.732,0.722,0.724,0.694,0.733,0.723,0.724,0.722,0.689,
0.89,0.931,0.89,0.935,0.89,0.994,0.899,0.943,0.89,1.0,0.909,0.943,0.89,1.0,0.909,0.943,0.89,1.0,0.909,0.943,0.89,1.0,0.909,0.943,0.89,1.0,0.909,0.943,0.89,1.0,0.909,0.943,0.89,1.0,0.909,0.943,0.89,1.0,0.909,0.943,0.89,1.0,0.909,0.943,0.89,1.0,0.909,0.943,0.89,1.0,0.909,0.943,0.89,1.0,0.909,0.943,0.89,1.0,0.909,0.943,0.89,1.0,0.909,0.943,0.89,1.0,0.909,0.943,0.89,1.0,0.909,0.943,0.89,1.0,0.909,0.943,0.89,1.0,0.909,0.943,0.89,1.0,0.909,0.943,0.89,1.0,0.909,0.943,0.89,1.0,0.909,0.943,0.89,1.0,0.909,0.943,0.89,1.0,0.909,0.943,
0.875,1.0,0.869,0.906,0.898,0.908,0.898,0.908,0.898,0.908,0.898,0.908,0.898,0.908,0.898,0.908,0.898,0.908,0.898,0.908,0.898,0.908,0.898,0.908,0.898,0.908,0.898,0.908,0.898,0.908,0.898,0.908,0.898,0.908,0.898,0.908,0.898,0.908,0.898,0.908,0.898,0.908,0.898,0.908,0.898,0.908,0.898,0.908,0.898,0.908,0.898,0.908,0.898,0.908,0.898,0.908,0.898,0.908,0.898,0.908,0.898,0.908,0.898,0.908,0.898,0.908,0.898,0.908,0.898,0.908,0.898,0.908,0.898,0.908,0.898,0.908,0.898,0.908,0.898,0.908,0.898,0.908,0.898,0.908,0.898,0.908,0.898,0.908,0.898,0.908,0.898,0.908,0.898,0.908,0.898,0.908,0.898,0.908,0.898,0.908,
0.938,0.955,0.976,0.954,0.973,0.939,0.973,0.962,0.966,0.939,0.942,0.953,0.963,0.953,0.933,0.97,0.993,0.937,1.0,0.93,0.954,0.984,0.988,0.986,0.93,0.97,0.991,0.912,0.999,0.91,0.992,0.985,0.93,0.981,0.964,0.952,0.975,0.953,0.982,0.933,0.94,0.937,0.946,0.984,0.967,0.936,0.961,0.962,0.951,0.924,0.976,0.93,0.964,0.946,0.959,0.973,0.989,0.951,0.959,0.91,0.955,0.928,0.975,0.939,0.936,0.952,0.944,0.942,0.953,0.924,0.965,0.995,0.926,0.984,0.907,0.921,0.955,0.949,0.998,0.933,0.956,0.956,0.959,0.992,0.907,0.949,0.994,0.922,0.953,0.959,0.954,0.994,0.928,0.984,0.958,0.935,0.951,0.958,0.981,0.882,
1.0,1.0,1.0,1.0,1.0,1.0,1.0,1.0,1.0,1.0,1.0,1.0,1.0,1.0,1.0,1.0,1.0,1.0,1.0,1.0,1.0,1.0,1.0,1.0,1.0,1.0,1.0,1.0,1.0,1.0,1.0,1.0,1.0,1.0,1.0,1.0,1.0,1.0,1.0,1.0,1.0,1.0,1.0,1.0,1.0,1.0,1.0,1.0,1.0,1.0,1.0,1.0,1.0,1.0,1.0,1.0,1.0,1.0,1.0,1.0,1.0,1.0,1.0,1.0,1.0,1.0,1.0,1.0,1.0,1.0,1.0,1.0,1.0,1.0,1.0,1.0,1.0,1.0,1.0,1.0,1.0,1.0,1.0,1.0,1.0,1.0,1.0,1.0,1.0,1.0,1.0,1.0,1.0,1.0,1.0,1.0,1.0,1.0,1.0,0.993,
0.911,0.923,0.905,1.0,0.897,1.0,0.897,1.0,0.897,1.0,0.897,1.0,0.897,1.0,0.897,1.0,0.897,1.0,0.897,1.0,0.897,1.0,0.897,1.0,0.897,1.0,0.897,1.0,0.897,1.0,0.897,1.0,0.897,1.0,0.897,1.0,0.897,1.0,0.897,1.0,0.897,1.0,0.897,1.0,0.897,1.0,0.897,1.0,0.897,1.0,0.897,1.0,0.897,1.0,0.897,1.0,0.897,1.0,0.897,1.0,0.897,1.0,0.897,1.0,0.897,1.0,0.897,1.0,0.897,1.0,0.897,1.0,0.897,1.0,0.897,1.0,0.897,1.0,0.897,1.0,0.897,1.0,0.897,1.0,0.897,1.0,0.897,1.0,0.897,1.0,0.897,1.0,0.897,1.0,0.897,1.0,0.897,1.0,0.897,0.996,
0.737,0.829,0.895,0.945,0.971,0.964,0.971,0.937,0.973,0.953,0.955,0.817,0.922,0.855,0.891,0.959,0.965,0.933,0.899,0.931,0.987,0.94,0.971,0.903,0.973,0.955,0.952,0.863,0.869,0.865,0.878,0.927,0.947,0.952,0.899,0.92,0.964,0.938,0.956,0.933,0.973,0.953,0.955,0.817,0.922,0.855,0.891,0.959,0.965,0.933,0.899,0.931,0.973,0.944,0.974,0.902,0.973,0.966,0.952,0.863,0.869,0.865,0.878,0.927,0.947,0.952,0.899,0.92,0.964,0.938,0.956,0.933,0.973,0.953,0.955,0.817,0.881,0.858,0.891,0.959,0.933,0.973,0.933,0.934,1.0,0.941,0.971,0.902,0.973,0.953,0.952,0.849,0.874,0.836,0.881,0.957,0.942,0.944,0.899,0.822,
1.0,1.0,1.0,1.0,1.0,1.0,1.0,1.0,1.0,1.0,1.0,1.0,1.0,1.0,1.0,1.0,1.0,1.0,1.0,1.0,1.0,1.0,1.0,1.0,1.0,1.0,1.0,1.0,1.0,1.0,1.0,1.0,1.0,1.0,1.0,1.0,1.0,1.0,1.0,1.0,1.0,1.0,1.0,1.0,1.0,1.0,1.0,1.0,1.0,1.0,1.0,1.0,1.0,1.0,1.0,1.0,1.0,1.0,1.0,1.0,1.0,1.0,1.0,1.0,1.0,1.0,1.0,1.0,1.0,1.0,1.0,1.0,1.0,1.0,1.0,1.0,1.0,1.0,1.0,1.0,1.0,1.0,1.0,1.0,1.0,1.0,1.0,1.0,1.0,1.0,1.0,1.0,1.0,1.0,1.0,1.0,1.0,1.0,1.0,1.0,
0.992,0.98,0.997,0.903,0.995,0.983,0.987,1.0,0.99,0.984,0.982,0.996,0.981,0.998,0.982,0.998,0.982,0.998,0.982,0.998,0.982,0.998,0.982,0.998,0.982,0.998,0.982,0.998,0.982,0.998,0.982,0.998,0.982,0.998,0.982,0.998,0.982,0.998,0.982,0.998,0.982,0.998,0.982,0.998,0.982,0.998,0.982,0.998,0.982,0.998,0.982,0.998,0.982,0.998,0.982,0.998,0.982,0.998,0.982,0.998,0.982,0.998,0.982,0.998,0.982,0.998,0.982,0.998,0.982,0.998,0.982,0.998,0.982,0.998,0.982,0.998,0.982,0.998,0.982,0.998,0.982,0.998,0.982,0.998,0.982,0.998,0.982,0.998,0.982,0.998,0.982,0.998,0.982,0.998,0.982,0.998,0.982,0.998,0.982,0.887,
1.0,0.906,0.894,0.909,0.868,0.897,0.887,0.863,0.901,0.865,0.92,0.859,0.857,0.855,0.864,0.861,0.875,0.862,0.911,0.86,0.877,0.861,0.865,0.863,0.9,0.858,0.864,0.899,0.863,0.864,0.863,0.899,0.859,0.87,0.862,0.899,0.857,0.9,0.862,0.899,0.864,0.884,0.9,0.862,0.862,0.864,0.862,0.863,0.9,0.858,0.865,0.861,0.863,0.899,0.887,0.864,0.9,0.861,0.87,0.86,0.877,0.861,0.863,0.899,0.86,0.877,0.862,0.862,0.9,0.859,0.877,0.861,0.863,0.899,0.86,0.877,0.862,0.862,0.9,0.859,0.877,0.861,0.863,0.899,0.86,0.877,0.862,0.862,0.9,0.859,0.877,0.861,0.863,0.899,0.86,0.877,0.862,0.862,0.9,0.859,
0.856,0.878,0.894,0.881,0.983,0.964,0.987,0.966,0.991,0.98,0.955,0.994,0.975,0.956,0.969,0.973,0.986,0.964,0.963,0.979,1.0,0.955,0.967,0.98,0.979,0.987,0.969,0.98,0.979,0.987,0.969,0.98,0.979,0.987,0.969,0.98,0.979,0.987,0.969,0.98,0.979,0.987,0.969,0.98,0.979,0.987,0.969,0.98,0.979,0.987,0.969,0.98,0.979,0.987,0.969,0.98,0.979,0.987,0.969,0.98,0.979,0.987,0.969,0.98,0.979,0.987,0.969,0.98,0.979,0.987,0.969,0.98,0.979,0.987,0.969,0.98,0.979,0.987,0.969,0.98,0.979,0.987,0.969,0.98,0.979,0.987,0.969,0.98,0.979,0.987,0.969,0.98,0.979,0.987,0.969,0.98,0.979,0.987,0.969,0.885,
0.918,0.956,0.946,1.0,0.944,0.946,0.956,0.998,0.935,0.946,0.948,1.0,0.944,0.946,0.956,0.998,0.935,0.946,0.948,1.0,0.944,0.946,0.956,0.998,0.935,0.946,0.948,1.0,0.944,0.946,0.956,0.998,0.935,0.946,0.948,1.0,0.944,0.946,0.956,0.998,0.935,0.946,0.948,1.0,0.944,0.946,0.956,0.998,0.935,0.946,0.948,1.0,0.944,0.946,0.956,0.998,0.935,0.946,0.948,1.0,0.944,0.946,0.956,0.998,0.935,0.946,0.948,1.0,0.944,0.946,0.956,0.998,0.935,0.946,0.948,1.0,0.944,0.946,0.956,0.998,0.935,0.946,0.948,1.0,0.944,0.946,0.956,0.998,0.935,0.946,0.948,1.0,0.944,0.946,0.956,0.998,0.935,0.946,0.948,0.938,
1.0,1.0,1.0,1.0,1.0,1.0,1.0,1.0,1.0,1.0,1.0,1.0,1.0,1.0,1.0,1.0,1.0,1.0,1.0,1.0,1.0,1.0,1.0,1.0,1.0,1.0,1.0,1.0,1.0,1.0,1.0,1.0,1.0,1.0,1.0,1.0,1.0,1.0,1.0,1.0,1.0,1.0,1.0,1.0,1.0,1.0,1.0,1.0,1.0,1.0,1.0,1.0,1.0,1.0,1.0,1.0,1.0,1.0,1.0,1.0,1.0,1.0,1.0,1.0,1.0,1.0,1.0,1.0,1.0,1.0,1.0,1.0,1.0,1.0,1.0,1.0,1.0,1.0,1.0,1.0,1.0,1.0,1.0,1.0,1.0,1.0,1.0,1.0,1.0,1.0,1.0,1.0,1.0,1.0,1.0,1.0,1.0,1.0,1.0,1.0,
0.975,0.936,0.99,0.937,0.971,0.942,0.947,0.945,0.983,0.929,0.977,0.938,0.962,0.941,0.966,0.942,0.959,0.94,0.975,0.939,0.987,0.941,0.988,0.941,0.978,0.939,0.954,0.937,0.98,0.938,0.974,0.935,0.978,0.934,0.956,0.937,0.944,0.958,0.991,0.948,0.992,0.929,0.974,0.941,0.968,0.936,0.95,0.942,1.0,0.963,0.977,0.94,0.973,0.938,0.992,0.94,0.992,0.94,0.992,0.94,0.992,0.94,0.988,0.974,0.978,0.972,0.995,0.929,0.974,0.935,0.952,0.969,0.972,0.94,0.965,0.975,0.974,0.929,0.965,0.936,0.978,0.942,0.964,0.949,0.953,0.974,0.964,0.942,0.966,0.939,0.975,0.967,0.971,0.941,0.999,0.965,0.959,0.937,0.979,0.845,
1.0,1.0,1.0,1.0,1.0,1.0,1.0,1.0,1.0,1.0,1.0,1.0,1.0,1.0,1.0,1.0,1.0,1.0,1.0,1.0,1.0,1.0,1.0,1.0,1.0,1.0,1.0,1.0,1.0,1.0,1.0,1.0,1.0,1.0,1.0,1.0,1.0,1.0,1.0,1.0,1.0,1.0,1.0,1.0,1.0,1.0,1.0,1.0,1.0,1.0,1.0,1.0,1.0,1.0,1.0,1.0,1.0,1.0,1.0,1.0,1.0,1.0,1.0,1.0,1.0,1.0,1.0,1.0,1.0,1.0,1.0,1.0,1.0,1.0,1.0,1.0,1.0,1.0,1.0,1.0,1.0,1.0,1.0,1.0,1.0,1.0,1.0,1.0,1.0,1.0,1.0,1.0,1.0,1.0,1.0,1.0,1.0,1.0,1.0,1.0,
0.868,0.873,0.909,0.969,0.991,0.883,0.878,0.873,0.918,0.873,0.988,0.87,0.991,0.864,0.908,0.913,0.976,0.988,0.878,0.892,0.942,0.885,0.946,0.907,0.878,0.978,0.908,0.991,0.927,0.873,0.927,0.886,0.948,0.873,0.979,0.87,0.878,0.889,0.93,0.994,0.927,0.873,0.927,0.886,0.948,0.877,0.993,0.87,0.904,0.873,0.908,0.913,0.977,0.87,0.955,0.946,0.908,1.0,0.929,0.92,0.878,0.977,0.908,0.991,0.927,0.873,0.927,0.886,0.948,0.877,0.993,0.87,0.904,0.873,0.908,0.913,0.977,0.87,0.955,0.946,0.908,1.0,0.929,0.92,0.878,0.977,0.908,0.991,0.927,0.873,0.927,0.886,0.948,0.873,0.978,0.87,0.878,0.889,0.93,0.885,
0.965,1.0,0.918,0.955,0.92,0.955,0.921,0.955,0.922,0.955,0.922,0.955,0.922,0.955,0.922,0.955,0.919,0.955,0.919,0.955,0.922,0.955,0.922,0.955,0.922,0.955,0.922,0.955,0.922,0.955,0.922,0.955,0.922,0.955,0.922,0.955,0.922,0.955,0.922,0.955,0.922,0.955,0.922,0.955,0.922,0.955,0.922,0.955,0.922,0.955,0.922,0.955,0.922,0.955,0.922,0.955,0.922,0.955,0.922,0.955,0.922,0.955,0.922,0.955,0.922,0.955,0.922,0.955,0.922,0.955,0.922,0.955,0.922,0.955,0.922,0.955,0.922,0.955,0.922,0.955,0.922,0.955,0.922,0.955,0.922,0.955,0.922,0.955,0.922,0.955,0.922,0.955,0.922,0.955,0.922,0.955,0.922,0.955,0.922,0.955,
1.0,0.689,0.689,0.68,0.677,0.677,0.677,0.677,0.678,0.679,0.676,0.692,0.678,0.678,0.678,0.679,0.677,0.678,0.679,0.679,0.678,0.679,0.679,0.678,0.655,0.678,0.681,0.678,0.68,0.678,0.656,0.678,0.678,0.678,0.679,0.684,0.678,0.68,0.679,0.68,0.678,0.678,0.677,0.677,0.677,0.679,0.677,0.678,0.677,0.678,0.677,0.676,0.676,0.676,0.676,0.676,0.676,0.676,0.676,0.676,0.676,0.676,0.676,0.676,0.676,0.676,0.676,0.676,0.676,0.676,0.676,0.676,0.676,0.676,0.676,0.676,0.676,0.676,0.676,0.676,0.676,0.676,0.676,0.676,0.676,0.676,0.676,0.676,0.676,0.676,0.676,0.676,0.676,0.676,0.676,0.676,0.676,0.676,0.676,0.676,
0.869,0.914,0.972,0.981,1.0,0.985,0.997,0.985,0.994,0.979,0.994,0.983,0.997,0.974,0.992,0.973,0.992,0.973,0.992,0.973,0.992,0.973,0.992,0.973,0.992,0.973,0.992,0.973,0.992,0.973,0.992,0.973,0.992,0.973,0.992,0.973,0.992,0.973,0.992,0.973,0.992,0.973,0.992,0.973,0.992,0.973,0.992,0.973,0.992,0.973,0.992,0.973,0.992,0.973,0.992,0.973,0.992,0.973,0.992,0.973,0.992,0.973,0.992,0.973,0.992,0.973,0.992,0.973,0.992,0.973,0.992,0.973,0.992,0.973,0.992,0.973,0.992,0.973,0.992,0.973,0.992,0.973,0.992,0.973,0.992,0.973,0.992,0.973,0.992,0.973,0.992,0.973,0.992,0.973,0.992,0.973,0.992,0.973,0.992,0.908,
1.0,0.669,0.675,0.664,0.661,0.661,0.645,0.643,0.661,0.662,0.662,0.662,0.662,0.662,0.662,0.66,0.66,0.66,0.66,0.661,0.661,0.66,0.66,0.661,0.66,0.66,0.66,0.661,0.66,0.66,0.66,0.66,0.661,0.66,0.66,0.661,0.66,0.66,0.659,0.659,0.659,0.66,0.659,0.66,0.661,0.661,0.661,0.66,0.661,0.661,0.66,0.66,0.66,0.661,0.661,0.66,0.66,0.66,0.659,0.66,0.66,0.661,0.66,0.66,0.66,0.661,0.66,0.66,0.66,0.661,0.66,0.66,0.66,0.66,0.661,0.66,0.66,0.661,0.66,0.66,0.659,0.659,0.659,0.66,0.659,0.66,0.661,0.661,0.661,0.66,0.661,0.661,0.66,0.66,0.66,0.661,0.661,0.66,0.66,0.66,
1.0,0.954,0.877,0.81,0.805,0.806,0.806,0.806,0.806,0.806,0.806,0.806,0.806,0.806,0.806,0.804,0.806,0.806,0.806,0.804,0.804,0.804,0.804,0.804,0.806,0.804,0.804,0.804,0.806,0.804,0.804,0.804,0.804,0.804,0.804,0.806,0.806,0.806,0.806,0.804,0.804,0.806,0.806,0.804,0.804,0.804,0.804,0.804,0.804,0.806,0.806,0.806,0.806,0.806,0.805,0.804,0.804,0.804,0.806,0.804,0.806,0.804,0.804,0.804,0.804,0.806,0.806,0.804,0.804,0.806,0.806,0.804,0.804,0.804,0.804,0.804,0.804,0.804,0.804,0.804,0.804,0.804,0.804,0.804,0.804,0.804,0.806,0.804,0.804,0.804,0.804,0.804,0.804,0.804,0.804,0.804,0.804,0.806,0.806,0.806,
1.0,0.759,0.738,0.692,0.694,0.693,0.693,0.693,0.693,0.693,0.693,0.693,0.693,0.693,0.693,0.693,0.693,0.693,0.693,0.693,0.693,0.693,0.693,0.693,0.693,0.693,0.693,0.693,0.693,0.693,0.693,0.693,0.693,0.693,0.693,0.693,0.693,0.693,0.693,0.693,0.693,0.693,0.693,0.693,0.693,0.693,0.693,0.693,0.693,0.693,0.693,0.693,0.693,0.693,0.693,0.693,0.693,0.693,0.693,0.693,0.693,0.693,0.693,0.693,0.693,0.693,0.693,0.693,0.693,0.693,0.693,0.693,0.693,0.693,0.693,0.693,0.693,0.693,0.693,0.693,0.693,0.693,0.693,0.693,0.693,0.693,0.693,0.693,0.693,0.693,0.693,0.693,0.693,0.693,0.693,0.693,0.693,0.693,0.693,0.693,
1.0,0.869,0.819,0.756,0.735,0.733,0.733,0.733,0.733,0.733,0.733,0.733,0.733,0.733,0.733,0.733,0.733,0.733,0.733,0.733,0.733,0.733,0.733,0.733,0.733,0.733,0.733,0.733,0.733,0.733,0.733,0.733,0.733,0.733,0.733,0.733,0.733,0.733,0.733,0.733,0.733,0.733,0.733,0.733,0.733,0.733,0.733,0.733,0.733,0.733,0.733,0.733,0.733,0.733,0.733,0.733,0.733,0.733,0.733,0.733,0.733,0.733,0.733,0.733,0.733,0.733,0.733,0.733,0.733,0.733,0.733,0.733,0.733,0.733,0.733,0.733,0.733,0.733,0.733,0.733,0.733,0.733,0.733,0.733,0.733,0.733,0.733,0.733,0.733,0.733,0.733,0.733,0.733,0.733,0.733,0.733,0.733,0.733,0.733,0.733,
1.0,0.785,0.73,0.719,0.71,0.711,0.708,0.71,0.707,0.71,0.707,0.71,0.707,0.71,0.707,0.71,0.707,0.71,0.707,0.71,0.707,0.71,0.707,0.71,0.707,0.71,0.707,0.71,0.707,0.71,0.707,0.71,0.707,0.71,0.707,0.71,0.707,0.71,0.707,0.71,0.707,0.71,0.707,0.71,0.707,0.71,0.707,0.71,0.707,0.71,0.707,0.71,0.707,0.71,0.707,0.71,0.707,0.71,0.707,0.71,0.707,0.71,0.707,0.71,0.707,0.71,0.707,0.71,0.707,0.71,0.707,0.71,0.707,0.71,0.707,0.71,0.707,0.71,0.707,0.71,0.707,0.71,0.707,0.71,0.707,0.71,0.707,0.71,0.707,0.71,0.707,0.71,0.707,0.71,0.707,0.71,0.707,0.71,0.707,0.71,
1.0,0.805,0.765,0.744,0.751,0.743,0.75,0.743,0.75,0.743,0.75,0.743,0.75,0.743,0.75,0.743,0.75,0.743,0.75,0.743,0.75,0.743,0.75,0.743,0.75,0.743,0.75,0.743,0.75,0.743,0.75,0.743,0.75,0.743,0.75,0.743,0.75,0.743,0.75,0.743,0.75,0.743,0.75,0.743,0.75,0.743,0.75,0.743,0.75,0.743,0.75,0.743,0.75,0.743,0.75,0.743,0.75,0.743,0.75,0.743,0.75,0.743,0.75,0.743,0.75,0.743,0.75,0.743,0.75,0.743,0.75,0.743,0.75,0.743,0.75,0.743,0.75,0.743,0.75,0.743,0.75,0.743,0.75,0.743,0.75,0.743,0.75,0.743,0.75,0.743,0.75,0.743,0.75,0.743,0.75,0.743,0.75,0.743,0.75,0.743,
0.923,0.995,0.991,1.0,0.991,1.0,0.991,1.0,0.991,1.0,0.991,1.0,0.991,1.0,0.991,1.0,0.991,1.0,0.991,1.0,0.991,1.0,0.991,1.0,0.991,1.0,0.991,1.0,0.991,1.0,0.991,1.0,0.991,1.0,0.991,1.0,0.991,1.0,0.991,1.0,0.991,1.0,0.991,1.0,0.991,1.0,0.991,1.0,0.991,1.0,0.991,1.0,0.991,1.0,0.991,1.0,0.991,1.0,0.991,1.0,0.991,1.0,0.991,1.0,0.991,1.0,0.991,1.0,0.991,1.0,0.991,1.0,0.991,1.0,0.991,1.0,0.991,1.0,0.991,1.0,0.991,1.0,0.991,1.0,0.991,1.0,0.991,1.0,0.991,1.0,0.991,1.0,0.991,1.0,0.991,1.0,0.991,1.0,0.991,0.861,
0.823,0.844,0.866,0.853,0.877,0.853,0.871,0.853,1.0,0.82,0.853,0.853,0.86,0.853,0.855,0.853,0.855,0.853,0.855,0.853,0.855,0.853,0.855,0.853,0.855,0.853,0.855,0.853,0.855,0.853,0.855,0.853,0.855,0.853,0.855,0.853,0.86,0.853,0.855,0.853,0.853,0.853,0.855,0.853,0.855,0.853,0.855,0.853,0.855,0.853,0.855,0.853,0.855,0.853,0.855,0.853,0.853,0.853,0.855,0.853,0.855,0.853,0.855,0.853,0.855,0.853,0.855,0.853,0.855,0.853,0.86,0.853,0.855,0.853,0.855,0.853,0.855,0.853,0.855,0.853,0.855,0.853,0.855,0.853,0.855,0.853,0.855,0.853,0.855,0.853,0.86,0.853,0.855,0.853,0.853,0.853,0.855,0.853,0.853,0.853,
1.0,1.0,1.0,1.0,1.0,1.0,1.0,1.0,1.0,1.0,1.0,1.0,1.0,1.0,1.0,1.0,1.0,1.0,1.0,1.0,1.0,1.0,1.0,1.0,1.0,1.0,1.0,1.0,1.0,1.0,1.0,1.0,1.0,1.0,1.0,1.0,1.0,1.0,1.0,1.0,1.0,1.0,1.0,1.0,1.0,1.0,1.0,1.0,1.0,1.0,1.0,1.0,1.0,1.0,1.0,1.0,1.0,1.0,1.0,1.0,1.0,1.0,1.0,1.0,1.0,1.0,1.0,1.0,1.0,1.0,1.0,1.0,1.0,1.0,1.0,1.0,1.0,1.0,1.0,1.0,1.0,1.0,1.0,1.0,1.0,1.0,1.0,1.0,1.0,1.0,1.0,1.0,1.0,1.0,1.0,1.0,1.0,1.0,1.0,1.0,
0.99,0.97,0.998,0.972,1.0,0.983,0.99,0.972,1.0,0.983,0.99,0.972,1.0,0.983,0.99,0.972,1.0,0.983,0.99,0.972,1.0,0.983,0.99,0.972,1.0,0.983,0.99,0.972,1.0,0.983,0.99,0.972,1.0,0.983,0.99,0.972,1.0,0.983,0.99,0.972,1.0,0.983,0.99,0.972,1.0,0.983,0.99,0.972,1.0,0.983,0.99,0.972,1.0,0.983,0.99,0.972,1.0,0.983,0.99,0.972,1.0,0.983,0.99,0.972,1.0,0.983,0.99,0.972,1.0,0.983,0.99,0.972,1.0,0.983,0.99,0.972,1.0,0.983,0.99,0.972,1.0,0.983,0.99,0.972,1.0,0.983,0.99,0.972,1.0,0.983,0.99,0.972,1.0,0.983,0.99,0.972,1.0,0.983,0.99,0.972,
0.956,0.998,1.0,1.0,1.0,1.0,1.0,1.0,1.0,1.0,1.0,1.0,1.0,1.0,1.0,1.0,1.0,1.0,1.0,1.0,1.0,1.0,1.0,1.0,1.0,1.0,1.0,1.0,1.0,1.0,1.0,1.0,1.0,1.0,1.0,1.0,1.0,1.0,1.0,1.0,1.0,1.0,1.0,1.0,1.0,1.0,1.0,1.0,1.0,1.0,1.0,1.0,1.0,1.0,1.0,1.0,1.0,1.0,1.0,1.0,1.0,1.0,1.0,1.0,1.0,1.0,1.0,1.0,1.0,1.0,1.0,1.0,1.0,1.0,1.0,1.0,1.0,1.0,1.0,1.0,1.0,1.0,1.0,1.0,1.0,1.0,1.0,1.0,1.0,1.0,1.0,1.0,1.0,1.0,1.0,1.0,1.0,1.0,1.0,1.0,
0.934,0.821,0.903,0.979,0.8,1.0,0.796,0.996,0.797,0.997,0.796,0.996,0.797,0.997,0.797,0.997,0.797,0.997,0.797,0.997,0.796,0.996,0.797,0.997,0.797,0.997,0.797,0.997,0.797,0.997,0.797,0.997,0.797,0.997,0.797,0.997,0.797,0.997,0.796,0.996,0.797,0.997,0.797,0.997,0.796,0.996,0.797,0.997,0.797,0.997,0.797,0.997,0.797,0.997,0.797,0.997,0.797,0.997,0.797,0.997,0.797,0.997,0.797,0.997,0.795,0.996,0.797,0.997,0.797,0.997,0.797,0.997,0.797,0.997,0.797,0.997,0.797,0.997,0.797,0.997,0.797,0.997,0.795,0.996,0.797,0.997,0.797,0.997,0.797,0.997,0.797,0.997,0.797,0.997,0.797,0.997,0.797,0.997,0.797,0.967,
1.0,0.898,0.853,0.841,0.841,0.835,0.795,0.833,0.807,0.833,0.807,0.833,0.807,0.833,0.807,0.833,0.807,0.833,0.807,0.833,0.807,0.833,0.807,0.833,0.807,0.833,0.807,0.833,0.807,0.833,0.807,0.833,0.807,0.833,0.807,0.833,0.807,0.833,0.807,0.833,0.807,0.833,0.807,0.833,0.807,0.833,0.807,0.833,0.807,0.833,0.807,0.833,0.807,0.833,0.807,0.833,0.807,0.833,0.807,0.833,0.807,0.833,0.807,0.833,0.807,0.833,0.807,0.833,0.807,0.833,0.807,0.833,0.807,0.833,0.807,0.833,0.807,0.833,0.807,0.833,0.807,0.833,0.807,0.833,0.807,0.833,0.807,0.833,0.807,0.833,0.807,0.833,0.807,0.833,0.807,0.833,0.807,0.833,0.807,0.833,
0.967,0.83,1.0,0.89,0.963,0.91,0.978,0.929,0.927,0.953,0.959,0.966,0.857,0.97,0.956,0.991,0.949,0.978,0.987,0.938,0.982,0.938,0.985,0.975,0.984,0.975,0.984,0.975,0.984,0.975,0.984,0.975,0.984,0.975,0.984,0.975,0.984,0.975,0.984,0.938,0.985,0.975,0.984,0.975,0.984,0.975,0.984,0.975,0.984,0.975,0.984,0.938,0.985,0.975,0.984,0.975,0.984,0.938,0.985,0.975,0.984,0.938,0.985,0.975,0.984,0.938,0.985,0.975,0.984,0.938,0.985,0.975,0.984,0.938,0.985,0.975,0.984,0.938,0.985,0.975,0.984,0.938,0.985,0.975,0.984,0.938,0.985,0.975,0.984,0.938,0.985,0.975,0.984,0.938,0.985,0.975,0.984,0.938,0.985,0.9,
1.0,0.851,0.674,0.874,0.617,0.676,0.62,0.666,0.629,0.672,0.623,0.674,0.62,0.667,0.627,0.672,0.626,0.854,0.615,0.666,0.62,0.672,0.625,0.672,0.628,0.671,0.626,0.652,0.62,0.678,0.62,0.673,0.626,0.853,0.63,0.853,0.628,0.677,0.622,0.675,0.626,0.673,0.626,0.672,0.625,0.672,0.625,0.672,0.625,0.672,0.625,0.672,0.625,0.672,0.625,0.672,0.625,0.672,0.625,0.672,0.625,0.672,0.625,0.672,0.625,0.672,0.625,0.672,0.625,0.672,0.625,0.672,0.625,0.672,0.625,0.672,0.625,0.672,0.625,0.672,0.625,0.672,0.625,0.672,0.625,0.672,0.625,0.672,0.625,0.672,0.625,0.672,0.625,0.672,0.625,0.672,0.625,0.672,0.625,0.672,
1.0,0.73,0.671,0.661,0.661,0.661,0.661,0.66,0.661,0.66,0.661,0.66,0.661,0.66,0.661,0.66,0.661,0.66,0.661,0.66,0.661,0.66,0.661,0.66,0.661,0.66,0.661,0.66,0.661,0.66,0.661,0.66,0.661,0.66,0.661,0.66,0.661,0.66,0.661,0.66,0.661,0.66,0.661,0.66,0.661,0.66,0.661,0.66,0.661,0.66,0.661,0.66,0.661,0.66,0.661,0.66,0.661,0.66,0.661,0.66,0.661,0.66,0.661,0.66,0.661,0.66,0.661,0.66,0.661,0.66,0.661,0.66,0.661,0.66,0.661,0.66,0.661,0.66,0.661,0.66,0.661,0.66,0.661,0.66,0.661,0.66,0.661,0.66,0.661,0.66,0.661,0.66,0.661,0.66,0.661,0.66,0.661,0.66,0.661,0.66,
1.0,0.721,0.701,0.692,0.693,0.69,0.693,0.693,0.692,0.693,0.692,0.693,0.692,0.693,0.692,0.693,0.692,0.693,0.692,0.693,0.692,0.693,0.692,0.693,0.692,0.693,0.692,0.693,0.692,0.693,0.692,0.693,0.692,0.693,0.692,0.693,0.692,0.693,0.692,0.693,0.692,0.693,0.692,0.693,0.692,0.693,0.692,0.693,0.692,0.693,0.692,0.693,0.692,0.693,0.692,0.693,0.692,0.693,0.692,0.693,0.692,0.693,0.692,0.693,0.692,0.693,0.692,0.693,0.692,0.693,0.692,0.693,0.692,0.693,0.692,0.693,0.692,0.693,0.692,0.693,0.692,0.693,0.692,0.693,0.692,0.693,0.692,0.693,0.692,0.693,0.692,0.693,0.692,0.693,0.692,0.693,0.692,0.693,0.692,0.693,
1.0,0.831,0.746,0.726,0.725,0.725,0.725,0.725,0.725,0.725,0.725,0.725,0.725,0.725,0.725,0.725,0.725,0.725,0.725,0.725,0.725,0.725,0.725,0.725,0.725,0.725,0.725,0.725,0.725,0.725,0.725,0.725,0.725,0.725,0.725,0.725,0.725,0.725,0.725,0.725,0.725,0.725,0.725,0.725,0.725,0.725,0.725,0.725,0.725,0.725,0.725,0.725,0.725,0.725,0.725,0.725,0.725,0.725,0.725,0.725,0.725,0.725,0.725,0.725,0.725,0.725,0.725,0.725,0.725,0.725,0.725,0.725,0.725,0.725,0.725,0.725,0.725,0.725,0.725,0.725,0.725,0.725,0.725,0.725,0.725,0.725,0.725,0.725,0.725,0.725,0.725,0.725,0.725,0.725,0.725,0.725,0.725,0.725,0.725,0.725,
1.0,0.639,0.667,0.623,0.62,0.619,0.619,0.619,0.619,0.619,0.619,0.619,0.619,0.619,0.619,0.619,0.619,0.619,0.619,0.619,0.619,0.619,0.619,0.619,0.619,0.619,0.619,0.619,0.619,0.619,0.619,0.619,0.619,0.619,0.619,0.619,0.619,0.619,0.619,0.619,0.619,0.619,0.619,0.619,0.619,0.619,0.619,0.619,0.619,0.619,0.619,0.619,0.619,0.619,0.619,0.619,0.619,0.619,0.619,0.619,0.619,0.619,0.619,0.619,0.619,0.619,0.619,0.619,0.619,0.619,0.619,0.619,0.619,0.619,0.619,0.619,0.619,0.619,0.619,0.619,0.619,0.619,0.619,0.619,0.619,0.619,0.619,0.619,0.619,0.619,0.619,0.619,0.619,0.619,0.619,0.619,0.619,0.619,0.619,0.619,
1.0,0.838,0.861,0.774,0.84,0.776,0.837,0.775,0.835,0.833,0.834,0.788,0.838,0.833,0.833,0.775,0.832,0.75,0.837,0.75,0.836,0.774,0.837,0.774,0.836,0.833,0.832,0.775,0.84,0.836,0.835,0.773,0.836,0.833,0.832,0.775,0.837,0.834,0.805,0.774,0.815,0.775,0.837,0.834,0.834,0.775,0.835,0.833,0.833,0.776,0.835,0.747,0.833,0.747,0.839,0.778,0.839,0.835,0.833,0.776,0.834,0.748,0.838,0.775,0.837,0.775,0.835,0.747,0.81,0.776,0.837,0.833,0.832,0.772,0.838,0.775,0.834,0.746,0.836,0.833,0.833,0.776,0.834,0.748,0.837,0.833,0.833,0.776,0.833,0.746,0.836,0.791,0.838,0.775,0.838,0.758,0.836,0.748,0.835,0.747,
1.0,0.688,0.82,0.697,0.694,0.693,0.692,0.692,0.69,0.692,0.692,0.692,0.69,0.692,0.69,0.692,0.69,0.707,0.691,0.704,0.712,0.691,0.704,0.712,0.691,0.704,0.712,0.691,0.704,0.712,0.691,0.704,0.712,0.691,0.704,0.712,0.691,0.704,0.712,0.691,0.704,0.712,0.691,0.704,0.712,0.691,0.704,0.712,0.691,0.704,0.712,0.691,0.704,0.712,0.691,0.704,0.712,0.691,0.704,0.712,0.691,0.704,0.712,0.691,0.704,0.712,0.691,0.704,0.712,0.691,0.704,0.712,0.691,0.704,0.712,0.691,0.704,0.712,0.691,0.704,0.712,0.691,0.704,0.712,0.691,0.704,0.712,0.691,0.704,0.712,0.691,0.704,0.712,0.691,0.704,0.712,0.691,0.704,0.712,0.689,
1.0,0.755,0.698,0.706,0.701,0.701,0.698,0.707,0.698,0.697,0.7,0.7,0.698,0.707,0.698,0.701,0.698,0.697,0.698,0.699,0.699,0.698,0.698,0.698,0.698,0.697,0.698,0.698,0.698,0.697,0.701,0.7,0.698,0.697,0.7,0.7,0.698,0.701,0.698,0.701,0.698,0.707,0.698,0.701,0.698,0.697,0.7,0.7,0.698,0.697,0.7,0.7,0.698,0.707,0.698,0.697,0.7,0.7,0.698,0.701,0.698,0.697,0.7,0.7,0.698,0.697,0.699,0.7,0.698,0.697,0.7,0.7,0.698,0.701,0.698,0.701,0.698,0.697,0.699,0.7,0.698,0.707,0.698,0.697,0.7,0.7,0.698,0.701,0.698,0.707,0.698,0.697,0.699,0.7,0.698,0.701,0.698,0.701,0.698,0.701,


