0.0,0.195,0.278,0.131,0.3,0.179,0.184,0.24,0.119,0.241,0.223,0.172,0.197,0.163,0.232,0.217,0.204,0.225,0.144,0.161,0.166,0.171,0.164,0.2,0.238,0.248,0.095,0.03,0.173,0.189,0.18,0.195,0.222,0.158,0.194,0.152,0.258,0.191,0.23,0.19,0.14,0.174,0.163,0.199,0.175,0.178,0.112,0.135,0.228,0.24,0.096,0.129,0.179,0.072,0.251,0.17,0.123,0.193,0.116,0.168,0.217,0.197,0.081,0.214,0.15,0.2,0.217,0.202,0.177,0.214,0.158,0.153,0.185,0.168,0.227,0.147,0.201,0.124,0.198,0.203,0.172,0.233,0.145,0.237,0.163,0.2,0.211,0.271,0.122,0.231,0.08,0.203,0.24,0.121,0.174,0.209,0.142,0.224,0.22,0.137,
0.0,0.089,0.174,0.205,0.141,0.159,0.236,0.175,0.161,0.153,0.128,0.152,0.244,0.107,0.21,0.137,0.123,0.156,0.164,0.174,0.086,0.094,0.172,0.153,0.201,0.188,0.103,0.141,0.177,0.218,0.164,0.193,0.124,0.147,0.028,0.162,0.121,0.131,0.11,0.124,0.2,0.157,0.147,0.104,0.199,0.16,0.167,0.115,0.212,0.101,0.148,0.054,0.206,0.189,0.145,0.138,0.137,0.116,0.15,0.172,0.111,0.172,0.091,0.197,0.164,0.128,0.173,0.15,0.076,0.149,0.148,0.169,0.206,0.176,0.116,0.16,0.152,0.146,0.149,0.134,0.183,0.11,0.164,0.21,0.2,0.193,0.123,0.122,0.217,0.159,0.141,0.117,0.087,0.216,0.116,0.154,0.149,0.223,0.087,0.109,
0.0,0.285,0.238,0.278,0.122,0.283,0.177,0.317,0.281,0.192,0.192,0.23,0.222,0.237,0.226,0.219,0.19,0.215,0.228,0.221,0.213,0.253,0.185,0.171,0.162,0.271,0.242,0.169,0.165,0.233,0.29,0.198,0.162,0.219,0.233,0.162,0.278,0.261,0.286,0.169,0.194,0.203,0.233,0.222,0.173,0.177,0.239,0.249,0.246,0.171,0.175,0.256,0.203,0.154,0.171,0.255,0.14,0.165,0.205,0.297,0.265,0.239,0.256,0.207,0.201,0.147,0.284,0.196,0.226,0.147,0.133,0.281,0.217,0.205,0.232,0.241,0.179,0.156,0.188,0.251,0.162,0.248,0.244,0.241,0.228,0.181,0.198,0.248,0.215,0.248,0.126,0.224,0.209,0.183,0.219,0.303,0.19,0.237,0.23,0.235,
0.0,0.236,0.203,0.208,0.217,0.219,0.217,0.271,0.188,0.219,0.215,0.255,0.244,0.251,0.217,0.208,0.212,0.223,0.226,0.178,0.244,0.23,0.241,0.186,0.249,0.225,0.215,0.204,0.231,0.281,0.226,0.217,0.23,0.237,0.246,0.251,0.226,0.194,0.269,0.217,0.213,0.234,0.204,0.225,0.221,0.184,0.202,0.226,0.204,0.172,0.21,0.225,0.226,0.248,0.19,0.258,0.18,0.221,0.289,0.235,0.219,0.215,0.15,0.237,0.193,0.233,0.256,0.253,0.232,0.208,0.237,0.215,0.239,0.226,0.266,0.215,0.251,0.188,0.248,0.213,0.23,0.276,0.226,0.219,0.244,0.221,0.223,0.251,0.223,0.282,0.196,0.194,0.196,0.226,0.178,0.217,0.232,0.244,0.219,0.206,
0.0,0.182,0.161,0.214,0.118,0.205,-0.013,0.229,0.205,0.11,0.242,0.2,0.236,0.201,0.237,0.271,-0.094,0.127,0.158,0.22,0.12,0.156,0.174,0.078,0.175,0.174,0.199,0.252,0.181,0.237,0.173,0.241,0.235,0.161,0.242,0.21,0.23,0.256,0.154,0.252,0.193,0.206,0.157,0.267,0.255,0.207,0.251,0.192,0.197,0.259,0.187,0.214,0.254,0.247,0.142,0.187,0.196,0.214,0.113,0.253,0.194,0.237,0.278,0.198,0.209,0.095,0.164,0.111,0.149,0.168,0.092,0.17,0.19,0.24,0.143,0.249,0.229,0.133,0.247,0.175,0.195,0.24,0.215,0.23,0.209,0.189,0.237,0.241,0.161,0.269,0.186,0.242,0.141,0.282,0.168,0.135,0.237,0.262,0.177,0.249,
0.0,0.013,0.067,0.157,0.229,0.204,0.14,0.129,0.123,0.098,0.224,0.178,0.025,0.133,0.184,0.193,0.186,0.139,0.104,0.2,0.189,0.127,0.158,0.206,0.05,0.066,0.127,0.216,0.181,0.129,0.177,0.101,0.213,0.195,0.128,0.18,0.16,0.194,0.119,0.079,0.158,0.132,0.079,0.219,0.157,0.185,0.193,0.169,0.118,0.156,0.119,0.161,0.038,0.248,0.105,0.139,0.156,0.066,0.069,0.173,0.154,0.202,0.183,0.185,0.212,0.106,0.138,0.061,0.166,0.213,0.09,0.082,0.214,0.173,0.152,0.193,0.062,0.123,0.147,0.149,0.179,0.167,0.157,0.09,0.181,0.138,0.12,0.176,0.129,0.222,0.15,0.242,0.17,0.186,0.173,0.124,0.135,0.144,0.129,0.119,
0.0,0.029,0.155,0.159,0.146,0.148,0.184,0.19,0.204,0.181,0.16,0.249,0.144,0.195,0.16,0.168,0.12,0.241,0.08,0.229,0.21,0.153,0.102,0.144,0.167,0.14,0.266,0.182,0.167,0.192,0.129,0.171,0.206,0.18,0.191,0.17,0.206,0.26,0.157,0.151,0.111,0.178,0.171,0.177,0.234,0.063,0.185,0.154,0.135,0.109,0.104,0.151,0.204,0.187,0.183,0.21,0.155,0.203,0.126,0.127,0.205,0.207,0.184,0.232,0.117,0.208,0.222,0.225,0.163,0.193,0.16,0.111,0.179,0.063,0.152,0.19,0.156,0.164,0.172,0.233,0.209,0.139,0.139,0.155,0.21,0.161,0.222,0.148,0.163,0.146,0.153,0.185,0.186,0.178,0.124,0.227,0.208,0.169,0.232,0.161,
0.0,0.104,0.188,0.234,0.135,0.144,0.163,0.237,0.121,0.215,0.158,0.286,0.181,0.248,0.19,0.133,0.191,0.159,0.142,0.17,0.04,0.194,0.198,0.131,0.244,0.115,0.177,0.178,0.104,0.182,0.186,0.212,0.185,0.078,0.097,0.165,0.243,0.172,0.169,0.144,0.118,0.201,0.267,0.177,0.104,0.197,0.141,0.102,0.253,0.198,0.192,0.174,0.178,0.178,0.125,0.217,0.17,0.206,0.182,0.248,0.176,0.127,0.185,0.242,0.116,0.195,0.174,0.216,0.185,0.19,0.2,0.209,0.175,0.147,0.112,0.158,0.081,0.149,0.218,0.229,0.258,0.093,0.187,0.252,0.108,0.165,0.189,0.22,0.008,0.23,0.242,0.236,0.136,0.255,0.148,0.177,0.094,0.174,0.234,0.222,
0.0,0.133,0.197,0.245,0.191,0.151,0.241,0.234,0.218,0.17,0.264,0.155,0.231,0.243,0.248,0.197,0.227,0.166,0.126,0.273,0.25,0.17,0.272,0.206,0.241,0.278,0.214,0.185,0.283,0.24,0.166,0.252,0.202,0.225,0.25,0.268,0.178,0.231,0.223,0.22,0.21,0.185,0.199,0.229,0.193,0.225,0.247,0.176,0.139,0.193,0.257,0.267,0.202,0.223,0.202,0.178,0.159,0.243,0.218,0.223,0.195,0.197,0.17,0.245,0.199,0.208,0.245,0.259,0.202,0.168,0.281,0.208,0.21,0.231,0.193,0.231,0.183,0.24,0.28,0.17,0.247,0.243,0.178,0.197,0.183,0.234,0.178,0.135,0.232,0.148,0.185,0.268,0.17,0.17,0.234,0.223,0.212,0.218,0.221,0.146,
0.0,0.216,0.322,0.212,0.182,0.282,0.236,0.21,0.218,0.222,0.224,0.249,0.157,0.268,0.212,0.17,0.146,0.261,0.269,0.218,0.18,0.236,0.251,0.199,0.214,0.193,0.216,0.193,0.259,0.184,0.242,0.184,0.249,0.269,0.182,0.238,0.146,0.172,0.304,0.268,0.206,0.229,0.176,0.202,0.172,0.2,0.195,0.18,0.251,0.152,0.197,0.22,0.18,0.208,0.251,0.224,0.2,0.256,0.245,0.113,0.301,0.174,0.249,0.256,0.227,0.235,0.218,0.238,0.163,0.172,0.17,0.231,0.296,0.188,0.157,0.281,0.231,0.251,0.247,0.263,0.163,0.199,0.252,0.163,0.276,0.281,0.224,0.236,0.199,0.235,0.152,0.113,0.271,0.216,0.301,0.261,0.21,0.244,0.165,0.105,
0.0,0.188,0.253,0.25,0.245,0.163,0.223,0.156,0.202,0.202,0.189,0.197,0.171,0.241,0.231,0.22,0.152,0.235,0.243,0.149,0.202,0.236,0.169,0.149,0.278,0.202,0.19,0.225,0.149,0.221,0.235,0.168,0.274,0.22,0.179,0.181,0.143,0.083,0.211,0.178,0.269,0.226,0.124,0.238,0.216,0.223,0.221,0.251,0.247,0.143,0.19,0.166,0.203,0.226,0.221,0.145,0.186,0.157,0.205,0.169,0.26,0.214,0.161,0.133,0.231,0.106,0.263,0.204,0.108,0.249,0.243,0.162,0.213,0.223,0.201,0.261,0.19,0.186,0.216,0.183,0.185,0.18,0.14,0.223,0.216,0.2,0.254,0.195,0.165,0.278,0.22,0.145,0.199,0.087,0.207,0.286,0.18,0.217,0.179,0.206,
0.0,0.192,0.154,0.275,0.105,0.214,0.248,0.16,0.217,0.189,0.168,0.231,0.162,0.187,0.201,0.227,0.247,0.224,0.227,0.164,0.166,0.149,0.218,0.199,0.242,0.195,0.251,0.231,0.187,0.209,0.197,0.256,0.195,0.259,0.229,0.224,0.128,0.269,0.262,0.209,0.191,0.233,0.244,0.22,0.271,0.197,0.203,0.187,0.231,0.247,0.247,0.155,0.199,0.222,0.104,0.183,0.216,0.226,0.229,0.271,0.22,0.244,0.2,0.208,0.226,0.218,0.22,0.277,0.17,0.252,0.207,0.291,0.158,0.213,0.191,0.17,0.249,0.224,0.194,0.198,0.241,0.211,0.217,0.205,0.2,0.158,0.26,0.256,0.207,0.215,0.16,0.251,0.169,0.228,0.158,0.181,0.246,0.287,0.241,0.19,
0.0,0.189,0.179,0.257,0.186,0.175,0.199,0.175,0.226,0.237,0.17,0.234,0.227,0.189,0.184,0.258,0.186,0.132,0.199,0.16,0.128,0.221,0.2,0.172,0.24,0.274,0.238,0.141,0.247,0.196,0.154,0.185,0.222,0.234,0.167,0.26,0.156,0.216,0.216,0.207,0.207,0.14,0.233,0.251,0.181,0.211,0.179,0.257,0.245,0.184,0.176,0.224,0.172,0.206,0.179,0.237,0.221,0.191,0.185,0.232,0.182,0.171,0.241,0.191,0.199,0.201,0.253,0.224,0.222,0.253,0.194,0.191,0.199,0.157,0.196,0.164,0.195,0.214,0.167,0.247,0.217,0.205,0.193,0.203,0.132,0.126,0.195,0.229,0.183,0.236,0.172,0.185,0.255,0.182,0.128,0.211,0.22,0.245,0.185,0.235,
0.0,0.2,0.274,0.271,0.078,0.303,0.271,0.218,0.203,0.183,0.252,0.186,0.255,0.278,0.251,0.17,0.133,0.202,0.221,0.244,0.201,0.144,0.187,0.284,0.121,0.187,0.206,0.256,0.201,0.146,0.174,0.26,0.242,0.112,0.159,0.215,0.204,0.231,0.178,0.242,0.244,0.222,0.173,0.203,0.303,0.201,0.189,0.191,0.178,0.151,0.164,0.222,0.185,0.186,0.159,0.203,0.218,0.24,0.248,0.211,0.183,0.276,0.222,0.239,0.176,0.256,0.247,0.183,0.153,0.265,0.161,0.209,0.163,0.278,0.234,0.198,0.25,0.252,0.193,0.224,0.226,0.23,0.226,0.268,0.232,0.065,0.287,0.18,0.258,0.183,0.106,0.179,0.236,0.093,0.213,0.242,0.199,0.159,0.237,0.244,
0.0,0.241,0.176,0.242,0.149,0.154,0.12,0.191,0.216,0.158,0.153,0.187,0.2,0.214,0.193,0.215,0.151,0.176,0.182,0.197,0.22,0.184,0.136,0.189,0.213,0.179,0.233,0.179,0.198,0.203,0.179,0.122,0.184,0.197,0.213,0.209,0.184,0.251,0.218,0.167,0.185,0.17,0.204,0.136,0.163,0.242,0.205,0.221,0.161,0.218,0.174,0.224,0.198,0.163,0.2,0.17,0.218,0.169,0.198,0.078,0.2,0.239,0.21,0.189,0.218,0.198,0.2,0.243,0.172,0.133,0.219,0.157,0.209,0.182,0.227,0.162,0.178,0.211,0.226,0.237,0.175,0.221,0.169,0.222,0.197,0.239,0.198,0.226,0.215,0.197,0.197,0.199,0.253,0.168,0.143,0.141,0.182,0.191,0.218,0.232,
0.0,0.21,0.132,0.24,0.239,0.162,0.161,0.179,0.16,0.183,0.184,0.203,0.244,0.118,0.187,0.152,0.234,0.071,0.215,0.196,0.191,0.205,0.194,0.171,0.224,0.097,0.203,0.106,0.157,0.217,0.091,0.201,0.126,0.143,0.165,0.12,0.124,0.179,0.17,0.15,0.11,0.186,0.161,0.219,0.196,0.091,0.244,0.171,0.145,0.204,0.169,0.155,0.172,0.218,0.164,0.171,0.164,0.048,0.176,0.142,0.213,0.13,0.131,0.113,0.151,0.156,0.182,0.153,0.074,0.212,0.09,0.182,0.164,0.098,0.199,0.113,0.199,0.195,0.207,0.183,0.12,0.179,0.215,0.119,0.178,0.193,0.157,0.171,0.162,0.181,0.183,0.158,0.184,0.159,0.182,0.205,0.169,0.228,0.211,0.182,
0.0,0.282,0.146,0.281,0.155,0.217,0.254,0.184,0.172,0.192,0.264,0.28,0.129,0.193,0.245,0.233,0.208,0.289,0.267,0.212,0.237,0.286,0.217,0.184,0.192,0.289,0.247,0.197,0.18,0.243,0.09,0.201,0.25,0.249,0.234,0.22,0.215,0.18,0.268,0.217,0.165,0.261,0.211,0.169,0.178,0.226,0.184,0.292,0.274,0.215,0.217,0.219,0.162,0.164,0.251,0.274,0.158,0.287,0.215,0.214,0.177,0.083,0.191,0.235,0.103,0.2,0.301,0.184,0.267,0.212,0.206,0.2,0.221,0.15,0.15,0.186,0.203,0.315,0.225,0.124,0.209,0.265,0.169,0.275,0.262,0.143,0.141,0.233,0.204,0.197,0.29,0.18,0.127,0.177,0.201,0.245,0.25,0.188,0.233,0.21,
0.0,0.163,0.135,0.238,0.187,0.255,0.173,0.238,0.23,0.193,0.163,0.239,0.158,0.212,0.264,0.192,0.24,0.189,0.156,0.239,0.229,0.204,0.252,0.167,0.215,0.192,0.212,0.235,0.227,0.232,0.205,0.18,0.257,0.229,0.238,0.21,0.241,0.255,0.136,0.185,0.248,0.257,0.167,0.157,0.142,0.214,0.207,0.191,0.167,0.269,0.208,0.183,0.195,0.168,0.23,0.241,0.15,0.188,0.197,0.279,0.208,0.2,0.17,0.218,0.104,0.242,0.259,0.238,0.179,0.202,0.146,0.237,0.154,0.215,0.229,0.254,0.21,0.19,0.196,0.142,0.217,0.264,0.175,0.205,0.171,0.208,0.223,0.181,0.141,0.242,0.222,0.173,0.171,0.154,0.219,0.177,0.193,0.247,0.205,0.266,
0.0,0.088,0.213,0.214,0.166,0.024,0.088,0.142,0.208,0.162,0.217,0.063,0.161,0.184,0.208,0.305,0.135,0.288,0.251,0.224,0.2,-0.028,-0.039,0.231,0.148,0.208,0.171,0.164,0.219,0.271,0.099,0.137,0.155,0.216,0.154,0.21,0.231,0.157,0.239,0.251,0.162,0.16,0.094,0.216,0.167,0.23,0.226,0.126,0.186,0.042,0.221,0.072,0.149,0.15,0.245,0.226,0.243,0.221,0.174,0.291,0.245,0.254,0.235,0.204,0.206,0.216,0.188,0.173,0.232,0.165,0.104,0.198,0.192,0.207,0.093,0.267,0.193,0.134,0.219,0.142,0.198,0.217,0.13,0.151,0.171,0.206,0.165,0.193,0.249,0.143,0.159,0.108,0.22,0.209,0.262,0.205,0.203,0.184,0.128,0.148,
0.0,0.183,0.129,0.275,0.251,0.253,0.196,0.275,0.279,0.237,0.167,0.171,0.263,0.242,0.253,0.246,0.209,0.19,0.239,0.145,0.131,0.205,0.196,0.261,0.276,0.275,0.239,0.256,0.222,0.23,0.237,0.149,0.233,0.237,0.248,0.222,0.183,0.241,0.188,0.142,0.1,0.233,0.228,0.265,0.194,0.256,0.215,0.248,0.27,0.211,0.244,0.261,0.165,0.246,0.165,0.279,0.142,0.215,0.219,0.256,0.205,0.211,0.221,0.242,0.246,0.261,0.181,0.242,0.244,0.211,0.142,0.256,0.188,0.221,0.192,0.237,0.222,0.19,0.205,0.253,0.205,0.307,0.235,0.256,0.226,0.233,0.27,0.201,0.253,0.198,0.248,0.188,0.169,0.258,0.244,0.207,0.209,0.203,0.185,0.138,
0.0,0.157,0.251,0.228,0.292,0.264,0.216,0.206,0.262,0.275,0.248,0.208,0.225,0.273,0.22,0.229,0.202,0.166,0.214,0.214,0.257,0.193,0.234,0.25,0.206,0.197,0.208,0.268,0.223,0.234,0.27,0.117,0.21,0.171,0.184,0.203,0.242,0.239,0.219,0.217,0.194,0.173,0.183,0.222,0.211,0.247,0.199,0.164,0.235,0.29,0.257,0.16,0.251,0.245,0.166,0.291,0.249,0.187,0.222,0.179,0.155,0.277,0.213,0.181,0.183,0.254,0.259,0.234,0.23,0.204,0.223,0.224,0.197,0.269,0.262,0.213,0.135,0.245,0.213,0.24,0.226,0.195,0.209,0.181,0.227,0.214,0.207,0.199,0.213,0.222,0.222,0.222,0.209,0.207,0.231,0.197,0.205,0.284,0.224,0.181,
0.0,0.243,0.254,0.185,0.019,0.142,0.287,0.215,0.175,0.175,0.185,0.224,0.219,0.255,0.286,0.213,0.239,0.196,0.248,0.177,0.221,0.2,0.198,0.136,0.198,0.279,0.209,0.244,0.233,0.154,0.256,0.201,0.233,0.207,0.221,0.242,0.255,0.228,0.2,0.211,0.281,0.16,0.207,0.201,0.171,0.219,0.169,0.249,0.244,0.207,0.26,0.142,0.284,0.239,0.185,0.205,0.283,0.213,0.222,0.124,0.222,0.275,0.233,0.256,0.265,0.237,0.177,0.185,0.258,0.2,0.271,0.194,0.209,0.149,0.213,0.188,0.154,0.298,0.181,0.171,0.244,0.228,0.246,0.265,0.248,0.196,0.201,0.301,0.275,0.16,0.244,0.27,0.133,0.278,0.222,0.221,0.248,0.258,0.228,0.129,
0.0,0.155,0.095,0.216,0.21,0.183,0.204,0.195,0.153,0.223,0.225,0.263,0.163,0.207,0.22,0.16,0.211,0.131,0.238,0.218,0.088,0.195,0.207,0.194,0.252,0.145,0.128,0.152,0.153,0.185,0.206,0.115,0.227,0.135,0.162,0.2,0.162,0.175,0.181,0.136,0.202,0.246,0.143,0.152,0.238,0.236,0.207,0.218,0.154,0.214,0.295,0.197,0.161,0.152,0.219,0.204,0.242,0.125,0.134,0.161,0.228,0.181,0.134,0.2,0.215,0.128,0.176,0.101,0.215,0.135,0.203,0.187,0.186,0.171,0.262,0.157,0.281,0.227,0.062,0.159,0.239,0.131,0.206,0.239,0.111,0.264,0.152,0.21,0.176,0.216,0.148,0.223,0.215,0.245,0.184,0.129,0.201,0.193,0.203,0.251,
0.0,0.201,0.136,0.216,0.206,0.221,0.194,0.186,0.198,0.259,0.218,0.243,0.278,0.225,0.197,0.283,0.208,0.234,0.189,0.195,0.191,0.22,0.128,0.286,0.24,0.168,0.185,0.216,0.204,0.164,0.206,0.197,0.248,0.232,0.227,0.139,0.234,0.17,0.25,0.234,0.212,0.24,0.2,0.272,0.197,0.252,0.22,0.25,0.195,0.168,0.162,0.166,0.142,0.139,0.264,0.267,0.223,0.197,0.189,0.212,0.225,0.21,0.218,0.204,0.212,0.225,0.25,0.22,0.197,0.178,0.166,0.272,0.273,0.248,0.236,0.193,0.272,0.231,0.227,0.172,0.208,0.189,0.227,0.214,0.24,0.257,0.168,0.214,0.191,0.214,0.148,0.21,0.3,0.229,0.252,0.172,0.253,0.168,0.199,0.257,
0.0,0.121,0.094,0.194,0.218,0.171,0.202,0.221,0.22,0.203,0.186,0.126,0.133,0.224,0.138,0.094,0.136,0.173,0.194,0.155,0.18,0.109,0.172,0.096,0.153,0.195,0.144,0.173,0.221,0.109,0.188,0.115,0.202,0.179,0.269,0.16,0.147,0.111,0.12,0.163,0.153,0.192,0.119,0.163,0.18,0.162,0.19,0.154,0.143,0.157,0.145,0.152,0.086,0.181,0.244,0.195,0.142,0.172,0.132,0.237,0.182,0.143,0.221,0.192,0.14,0.146,0.163,0.106,0.206,0.151,0.166,0.166,0.151,0.178,0.138,0.196,0.085,0.118,0.137,0.187,0.223,0.19,0.178,0.204,0.178,0.216,0.217,0.224,0.129,0.157,0.174,0.159,0.153,0.196,0.138,0.137,0.179,0.146,0.18,0.22,
0.0,0.201,0.202,0.212,0.158,0.212,0.196,0.255,0.239,0.268,0.204,0.258,0.198,0.274,0.234,0.198,0.202,0.228,0.253,0.263,0.167,0.266,0.095,0.219,0.271,0.138,0.195,0.243,0.23,0.199,0.214,0.198,0.241,0.188,0.196,0.16,0.176,0.242,0.215,0.193,0.243,0.148,0.266,0.21,0.237,0.172,0.255,0.223,0.194,0.148,0.278,0.239,0.234,0.208,0.198,0.249,0.168,0.228,0.194,0.196,0.239,0.221,0.197,0.223,0.151,0.143,0.211,0.224,0.148,0.212,0.188,0.248,0.182,0.213,0.192,0.178,0.249,0.256,0.226,0.206,0.213,0.182,0.206,0.21,0.215,0.23,0.261,0.223,0.208,0.128,0.261,0.217,0.234,0.256,0.202,0.223,0.221,0.219,0.19,0.255,
0.0,0.248,0.178,0.221,0.133,0.192,0.222,0.116,0.249,0.036,0.187,0.225,0.115,0.252,0.108,0.227,0.152,0.22,0.21,0.174,0.199,0.117,0.178,0.237,0.222,0.14,0.164,0.152,0.135,0.2,0.259,0.126,0.19,0.199,0.123,0.127,0.232,0.248,0.197,0.231,0.165,0.175,0.219,0.226,0.173,0.129,0.238,0.167,0.184,0.26,0.089,0.173,0.212,0.148,0.145,0.174,0.211,0.21,0.171,0.192,0.231,0.247,0.198,0.179,0.068,0.168,0.233,0.192,0.183,0.186,0.218,0.226,0.256,0.162,0.257,0.149,0.175,0.143,0.201,0.237,0.204,0.205,0.201,0.077,0.201,0.251,0.217,0.151,0.144,0.169,0.268,0.159,0.074,0.128,0.209,0.15,0.196,0.159,0.163,0.242,
0.0,0.176,0.195,0.196,0.168,0.14,0.205,0.223,0.176,0.223,0.188,0.158,0.206,0.162,0.199,0.209,0.19,0.151,0.211,0.177,0.197,0.18,0.2,0.188,0.178,0.164,0.225,0.206,0.189,0.17,0.222,0.194,0.202,0.218,0.182,0.187,0.212,0.189,0.212,0.2,0.243,0.209,0.233,0.197,0.215,0.244,0.148,0.236,0.137,0.19,0.244,0.255,0.249,0.179,0.144,0.148,0.194,0.189,0.156,0.172,0.199,0.226,0.16,0.231,0.243,0.182,0.179,0.181,0.215,0.145,0.229,0.229,0.127,0.241,0.245,0.238,0.193,0.22,0.155,0.206,0.237,0.169,0.222,0.22,0.163,0.21,0.18,0.227,0.206,0.236,0.219,0.231,0.234,0.231,0.216,0.199,0.177,0.247,0.239,0.205,
0.0,0.156,0.244,0.238,0.268,0.269,0.119,0.128,0.235,0.237,0.161,0.238,0.19,0.191,0.212,0.232,0.244,0.219,0.174,0.269,0.211,0.119,0.191,0.055,0.213,0.2,0.242,0.209,0.264,0.166,0.179,0.244,0.196,0.203,0.24,0.158,0.224,0.189,0.246,0.173,0.22,0.235,0.246,0.251,0.233,0.214,0.165,0.186,0.193,0.271,0.224,0.173,0.182,0.195,0.181,0.217,0.226,0.23,0.168,0.112,0.237,0.277,0.245,0.238,0.21,0.213,0.234,0.198,0.227,0.187,0.188,0.212,0.217,0.235,0.208,0.203,0.189,0.249,0.197,0.243,0.166,0.167,0.18,0.24,0.222,0.192,0.247,0.201,0.192,0.217,0.196,0.239,0.135,0.212,0.249,0.195,0.198,0.202,0.22,0.24,
0.0,0.289,0.225,0.159,0.267,0.22,0.211,0.114,0.259,0.217,0.222,0.143,0.263,0.213,0.224,0.194,0.242,0.267,0.19,0.221,0.163,0.19,0.269,0.273,0.145,0.176,0.236,0.26,0.188,0.103,0.285,0.221,0.23,0.16,0.193,0.244,0.183,0.224,0.252,0.199,0.197,0.097,0.148,0.259,0.246,0.182,0.155,0.129,0.201,0.237,0.233,0.141,0.228,0.288,0.189,0.09,0.259,0.247,0.138,0.236,0.147,0.198,0.222,0.309,0.153,0.237,0.228,0.255,0.178,0.221,0.161,0.259,0.256,0.164,0.131,0.247,0.218,0.271,0.22,0.23,0.213,0.237,0.193,0.196,0.162,0.274,0.195,0.229,0.159,0.163,0.138,0.196,0.22,0.233,0.228,0.272,0.248,0.248,0.132,0.186,
0.0,0.301,0.252,0.231,0.254,0.216,0.2,0.254,0.306,0.19,0.252,0.184,0.221,0.188,0.196,0.135,0.156,0.231,0.284,0.223,0.243,0.177,0.126,0.268,0.295,0.264,0.247,0.177,0.286,0.233,0.218,0.266,0.269,0.227,0.153,0.173,0.243,0.216,0.233,0.238,0.19,0.192,0.202,0.249,0.245,0.179,0.216,0.29,0.126,0.198,0.147,0.271,0.16,0.286,0.315,0.234,0.202,0.156,0.182,0.281,0.135,0.184,0.2,0.312,0.225,0.242,0.133,0.243,0.269,0.21,0.173,0.184,0.19,0.153,0.287,0.184,0.263,0.261,0.227,0.259,0.171,0.24,0.234,0.175,0.194,0.196,0.286,0.259,0.158,0.162,0.106,0.243,0.316,0.149,0.268,0.301,0.261,0.223,0.206,0.254,
0.0,0.26,0.145,0.167,0.106,0.218,0.225,0.205,0.191,0.251,0.236,0.145,0.176,0.258,0.032,0.226,0.108,0.229,0.122,0.201,0.208,0.144,0.262,0.181,0.207,0.247,0.231,0.212,0.261,0.199,0.141,0.171,0.105,0.212,0.182,0.16,0.169,0.118,0.195,0.2,0.191,0.09,0.156,0.244,0.165,0.187,0.204,0.213,0.196,0.215,0.152,0.247,0.104,0.171,0.231,0.267,0.192,0.174,0.21,0.168,0.2,0.229,0.156,0.169,0.264,0.183,0.255,0.087,0.173,0.23,0.141,0.169,0.237,0.26,0.188,0.103,0.238,0.228,0.221,0.223,0.158,0.206,0.257,0.221,0.141,0.231,0.237,0.131,0.172,0.262,0.196,0.183,0.263,0.189,0.149,0.213,0.249,0.255,0.194,0.22,
0.0,0.166,0.166,0.165,0.145,0.119,0.256,0.136,0.203,0.089,0.165,0.206,0.174,0.123,0.101,0.198,0.173,0.201,0.169,0.204,0.194,0.221,0.15,0.167,0.242,0.194,0.226,0.194,0.191,0.084,0.213,0.129,0.189,0.234,0.144,0.199,0.174,0.156,0.273,0.201,0.249,0.092,0.224,0.11,0.153,0.25,0.097,0.136,0.213,0.196,0.139,0.171,0.234,0.14,0.123,0.183,0.144,0.269,0.157,0.206,0.246,0.156,0.205,0.086,0.239,0.129,0.125,0.224,0.19,0.109,0.144,0.162,0.225,0.113,0.165,0.208,0.142,0.194,0.193,0.192,0.094,0.163,0.21,0.247,0.1,0.129,0.165,0.121,0.164,0.194,0.214,0.118,0.142,0.211,0.184,0.203,0.169,0.167,0.205,0.231,
0.0,0.165,0.075,0.225,0.135,0.184,0.191,0.11,0.158,0.196,0.209,0.195,0.227,0.188,0.183,0.11,0.181,0.151,0.179,0.162,0.103,0.174,0.157,0.148,0.132,0.179,0.138,0.158,0.183,0.195,0.065,0.185,0.11,0.158,0.209,0.128,0.139,0.098,0.156,0.211,0.097,0.146,0.201,0.174,0.149,0.189,0.139,0.132,0.148,0.13,0.136,0.218,0.129,0.169,0.216,0.192,0.128,0.202,0.165,0.216,0.082,0.193,0.177,0.163,0.218,0.19,0.144,0.079,0.199,0.179,0.175,0.169,0.237,0.15,0.244,0.104,0.169,0.108,0.183,0.157,0.211,0.212,0.165,0.241,0.227,0.189,0.179,0.082,0.149,0.175,0.229,0.219,0.193,0.143,0.12,0.101,0.167,0.141,0.134,0.157,
0.0,0.125,0.142,0.192,0.17,0.234,0.198,0.232,0.228,0.251,0.237,0.186,0.194,0.19,0.154,0.163,0.265,0.19,0.242,0.251,0.208,0.263,0.22,0.188,0.17,0.219,0.263,0.234,0.17,0.188,0.212,0.278,0.242,0.155,0.23,0.163,0.198,0.228,0.246,0.228,0.225,0.132,0.226,0.18,0.208,0.226,0.212,0.228,0.182,0.241,0.118,0.168,0.266,0.242,0.204,0.219,0.202,0.226,0.213,0.194,0.182,0.232,0.213,0.21,0.217,0.215,0.165,0.192,0.256,0.202,0.263,0.196,0.198,0.276,0.23,0.212,0.194,0.165,0.23,0.237,0.186,0.208,0.241,0.265,0.21,0.248,0.221,0.219,0.208,0.237,0.244,0.226,0.17,0.249,0.165,0.244,0.237,0.239,0.186,0.204,
0.0,0.156,0.084,0.193,0.19,0.204,0.199,0.226,0.189,0.183,0.191,0.252,0.197,0.145,0.178,0.225,0.215,0.227,0.216,0.185,0.191,0.187,0.207,0.175,0.245,0.233,0.212,0.176,0.249,0.178,0.146,0.214,0.196,0.233,0.221,0.235,0.196,0.192,0.23,0.178,0.103,0.179,0.156,0.22,0.199,0.23,0.205,0.196,0.214,0.149,0.179,0.203,0.18,0.165,0.225,0.215,0.205,0.147,0.167,0.171,0.169,0.208,0.185,0.19,0.236,0.168,0.136,0.239,0.216,0.16,0.244,0.171,0.164,0.094,0.221,0.172,0.18,0.176,0.199,0.186,0.131,0.26,0.215,0.166,0.191,0.191,0.238,0.215,0.205,0.264,0.208,0.199,0.217,0.24,0.152,0.207,0.234,0.178,0.182,0.17,
0.0,0.111,0.066,0.237,0.129,0.179,0.042,0.153,0.173,0.091,0.141,0.062,0.176,0.156,0.148,0.149,0.182,0.117,0.128,0.115,0.171,0.204,0.123,0.205,0.207,0.226,0.118,0.192,0.174,0.157,0.105,0.15,0.197,0.154,0.134,0.124,0.119,0.199,0.144,0.203,0.054,0.141,0.14,0.186,0.17,0.163,0.169,0.177,0.123,0.195,0.138,0.171,0.197,0.132,0.164,0.161,0.177,0.193,0.139,0.155,0.087,0.152,0.142,0.087,0.151,0.153,0.101,0.215,0.169,0.16,0.095,0.143,0.057,0.14,0.181,0.142,0.215,0.177,0.128,0.216,0.175,0.2,0.165,0.133,0.144,0.202,0.125,0.185,0.198,0.222,0.117,0.132,0.16,0.161,0.202,0.192,0.158,0.131,0.171,0.184,
0.0,0.215,0.203,0.241,0.22,0.144,0.234,0.224,0.195,0.241,0.187,0.235,0.178,0.152,0.205,0.257,0.18,0.249,0.252,0.23,0.251,0.241,0.233,0.22,0.261,0.22,0.194,0.219,0.211,0.243,0.24,0.205,0.211,0.228,0.251,0.219,0.226,0.201,0.184,0.238,0.267,0.207,0.22,0.152,0.254,0.196,0.224,0.211,0.201,0.209,0.198,0.233,0.19,0.211,0.213,0.213,0.228,0.247,0.159,0.222,0.23,0.242,0.247,0.18,0.159,0.19,0.213,0.247,0.212,0.231,0.186,0.235,0.213,0.215,0.242,0.23,0.222,0.251,0.233,0.203,0.233,0.219,0.2,0.224,0.15,0.274,0.257,0.169,0.198,0.224,0.242,0.245,0.242,0.198,0.192,0.22,0.226,0.262,0.198,0.22,
0.0,0.159,0.029,0.216,0.219,0.197,0.273,0.179,0.182,0.21,0.167,0.166,0.204,0.2,0.218,0.207,0.202,0.19,0.249,0.221,0.203,0.132,0.174,0.165,0.206,0.183,0.217,0.159,0.133,0.202,0.169,0.111,0.167,0.175,0.229,0.207,0.157,0.17,0.231,0.084,0.154,0.175,0.209,0.122,0.096,0.159,0.19,0.172,0.194,0.084,0.181,0.187,0.111,0.233,0.226,0.182,0.118,0.229,0.242,0.196,0.216,0.0,0.101,0.18,0.211,0.237,0.166,0.122,0.17,0.193,0.211,0.146,0.198,0.14,0.222,0.164,0.153,0.197,0.188,0.169,0.176,0.185,0.18,0.187,0.133,0.161,0.114,0.187,0.231,0.103,0.205,0.231,0.1,0.22,0.219,0.24,0.191,0.136,0.086,0.2,
0.0,0.097,0.157,0.215,0.204,0.19,0.133,0.168,0.174,0.197,0.154,0.176,0.245,0.227,0.196,0.164,0.196,0.196,0.178,0.228,0.087,0.172,0.213,0.177,0.207,0.255,0.198,0.251,0.199,0.178,0.167,0.205,0.181,0.208,0.197,0.166,0.185,0.269,0.167,0.183,0.195,0.212,0.212,0.187,0.161,0.199,0.187,0.178,0.217,0.203,0.234,0.175,0.198,0.19,0.121,0.2,0.202,0.196,0.229,0.177,0.24,0.244,0.189,0.162,0.196,0.227,0.185,0.197,0.179,0.227,0.18,0.226,0.24,0.211,0.204,0.21,0.204,0.226,0.244,0.257,0.201,0.177,0.213,0.227,0.21,0.217,0.199,0.212,0.221,0.164,0.155,0.21,0.162,0.223,0.221,0.193,0.279,0.216,0.156,0.196,
0.0,0.174,0.282,0.174,0.279,0.174,0.155,0.209,0.19,0.233,0.212,0.244,0.17,0.242,0.192,0.171,0.2,0.193,0.166,0.21,0.167,0.169,0.256,0.101,0.244,0.203,0.156,0.156,0.211,0.175,0.2,0.172,0.233,0.199,0.187,0.206,0.207,0.2,0.234,0.16,0.225,0.184,0.184,0.287,0.11,0.188,0.178,0.21,0.182,0.198,0.198,0.119,0.155,0.22,0.123,0.23,0.197,0.12,0.225,0.222,0.214,0.187,0.167,0.223,0.225,0.115,0.173,0.204,0.245,0.183,0.193,0.269,0.224,0.208,0.193,0.228,0.141,0.204,0.198,0.16,0.184,0.234,0.165,0.167,0.197,0.187,0.174,0.21,0.199,0.214,0.142,0.139,0.202,0.241,0.176,0.224,0.19,0.222,0.162,0.214,
0.0,0.228,0.33,0.217,0.21,0.27,0.23,0.186,0.186,0.188,0.257,0.147,0.243,0.239,0.188,0.238,0.262,0.229,0.212,0.192,0.262,0.227,0.2,0.2,0.245,0.25,0.18,0.163,0.262,0.234,0.206,0.173,0.255,0.134,0.259,0.21,0.248,0.131,0.171,0.291,0.223,0.202,0.1,0.291,0.23,0.306,0.184,0.214,0.178,0.247,0.238,0.219,0.196,0.196,0.247,0.169,0.239,0.196,0.21,0.169,0.194,0.275,0.158,0.188,0.2,0.2,0.25,0.238,0.206,0.182,0.302,0.253,0.196,0.178,0.229,0.236,0.202,0.186,0.243,0.229,0.217,0.124,0.232,0.196,0.267,0.186,0.208,0.257,0.277,0.219,0.245,0.257,0.161,0.255,0.214,0.269,0.176,0.236,0.214,0.196,
0.0,0.167,0.123,0.131,0.196,0.184,0.239,0.172,0.133,0.18,0.172,0.163,0.145,0.192,0.229,0.192,0.184,0.263,0.17,0.184,0.203,0.202,0.187,0.196,0.239,0.177,0.203,0.179,0.215,0.19,0.121,0.193,0.164,0.153,0.222,0.185,0.171,0.174,0.193,0.151,0.18,0.211,0.214,0.148,0.19,0.171,0.158,0.227,0.212,0.217,0.185,0.197,0.138,0.185,0.155,0.2,0.195,0.179,0.206,0.158,0.183,0.205,0.241,0.229,0.214,0.178,0.191,0.116,0.178,0.203,0.237,0.156,0.184,0.215,0.231,0.198,0.207,0.155,0.219,0.236,0.197,0.214,0.189,0.214,0.253,0.205,0.218,0.203,0.156,0.129,0.178,0.181,0.211,0.155,0.151,0.209,0.191,0.169,0.223,0.171,
0.0,0.194,0.236,0.222,0.202,0.215,0.182,0.251,0.251,0.134,0.269,0.197,0.254,0.172,0.127,0.308,0.172,0.146,0.022,0.208,0.082,0.262,0.233,0.256,0.037,0.218,0.243,0.22,0.206,0.198,0.156,0.316,0.222,0.174,0.1,0.244,0.29,0.271,0.256,0.217,0.152,0.087,0.099,0.224,0.2,0.171,0.146,0.199,0.257,0.216,0.161,0.134,0.164,0.121,0.221,0.263,0.218,0.208,0.256,0.184,0.269,0.247,0.199,0.193,0.165,0.274,0.281,0.22,0.218,0.218,0.229,0.216,0.305,0.172,0.22,0.15,0.218,0.277,0.21,0.233,0.229,0.199,0.24,0.216,0.285,0.29,0.212,0.178,0.202,0.188,0.261,0.197,0.21,0.212,0.279,0.208,0.16,0.212,0.252,0.134,
0.0,0.35,0.307,0.26,0.166,0.133,0.233,0.233,0.173,0.231,0.157,0.183,0.224,0.16,0.144,0.22,0.274,0.207,0.131,0.2,0.238,0.271,0.192,0.218,0.214,0.201,0.135,0.157,0.185,0.208,0.271,0.143,0.252,0.212,0.263,0.184,0.254,0.2,0.199,0.282,0.214,0.188,0.261,0.236,0.216,0.224,0.186,0.24,0.263,0.214,0.182,0.256,0.273,0.208,0.227,0.224,0.242,0.208,0.233,0.227,0.257,0.231,0.2,0.188,0.251,0.233,0.157,0.256,0.236,0.224,0.22,0.122,0.225,0.184,0.273,0.216,0.208,0.24,0.212,0.161,0.29,0.274,0.274,0.225,0.184,0.29,0.266,0.176,0.225,0.184,0.238,0.276,0.231,0.122,0.289,0.204,0.238,0.204,0.206,0.271,
0.0,0.179,0.129,0.156,0.155,0.231,0.164,0.178,0.209,0.178,0.188,0.141,0.202,0.171,0.16,0.149,0.145,0.169,0.176,0.184,0.185,0.169,0.122,0.204,0.137,0.147,0.178,0.102,0.203,0.12,0.151,0.165,0.182,0.127,0.173,0.126,0.181,0.073,0.219,0.189,0.097,0.181,0.201,0.146,0.191,0.193,0.193,0.148,0.139,0.162,0.205,0.084,0.246,0.188,0.189,0.171,0.159,0.199,0.151,0.192,0.221,0.199,0.171,0.21,0.171,0.213,0.115,0.211,0.201,0.185,0.182,0.201,0.205,0.227,0.191,0.16,0.151,0.158,0.226,0.212,0.185,0.235,0.188,0.219,0.188,0.191,0.157,0.191,0.194,0.181,0.158,0.23,0.191,0.207,0.207,0.203,0.156,0.166,0.206,0.091,
0.0,0.212,0.292,0.247,0.213,0.256,0.196,0.209,0.242,0.198,0.222,0.226,0.27,0.2,0.217,0.235,0.222,0.219,0.173,0.117,0.23,0.181,0.271,0.183,0.232,0.263,0.233,0.205,0.183,0.19,0.183,0.196,0.209,0.256,0.268,0.165,0.169,0.162,0.232,0.188,0.237,0.244,0.213,0.181,0.149,0.165,0.249,0.235,0.209,0.181,0.266,0.278,0.221,0.237,0.23,0.194,0.255,0.205,0.258,0.242,0.221,0.201,0.258,0.162,0.219,0.207,0.242,0.263,0.188,0.198,0.228,0.173,0.249,0.248,0.188,0.263,0.181,0.241,0.237,0.179,0.242,0.221,0.213,0.198,0.156,0.237,0.217,0.278,0.263,0.147,0.173,0.283,0.219,0.124,0.27,0.211,0.237,0.226,0.209,0.175,
0.0,0.137,0.293,0.26,0.177,0.231,0.279,0.231,0.2,0.168,0.235,0.201,0.223,0.252,0.234,0.172,0.223,0.185,0.169,0.188,0.243,0.225,0.22,0.202,0.192,0.173,0.219,0.195,0.204,0.168,0.229,0.23,0.241,0.272,0.14,0.14,0.211,0.248,0.172,0.214,0.222,0.219,0.164,0.158,0.205,0.231,0.208,0.175,0.251,0.169,0.082,0.226,0.227,0.212,0.207,0.245,0.211,0.248,0.219,0.179,0.188,0.184,0.248,0.247,0.184,0.247,0.18,0.226,0.224,0.201,0.16,0.175,0.235,0.205,0.141,0.219,0.221,0.202,0.227,0.185,0.141,0.186,0.211,0.235,0.165,0.175,0.252,0.195,0.164,0.188,0.294,0.27,0.163,0.251,0.192,0.266,0.259,0.2,0.219,0.233,
0.0,0.192,0.227,0.178,0.222,0.181,0.169,0.185,0.253,0.194,0.137,0.166,0.187,0.164,0.12,0.186,0.163,0.238,0.201,0.206,0.221,0.166,0.209,0.22,0.174,0.206,0.204,0.197,0.233,0.201,0.24,0.201,0.111,0.218,0.216,0.175,0.175,0.169,0.106,0.172,0.205,0.181,0.222,0.227,0.235,0.241,0.216,0.237,0.2,0.231,0.25,0.215,0.2,0.185,0.217,0.201,0.188,0.172,0.188,0.177,0.216,0.188,0.133,0.2,0.187,0.172,0.211,0.151,0.19,0.193,0.181,0.167,0.208,0.138,0.218,0.251,0.168,0.152,0.245,0.141,0.151,0.182,0.239,0.148,0.176,0.184,0.192,0.212,0.171,0.22,0.229,0.237,0.195,0.189,0.206,0.216,0.24,0.206,0.185,0.138,
0.0,0.189,0.286,0.214,0.279,0.251,0.202,0.19,0.245,0.236,0.126,0.321,0.194,0.243,0.283,0.263,0.256,0.243,0.14,0.254,0.254,0.173,0.236,0.186,0.214,0.216,0.206,0.182,0.196,0.221,0.247,0.223,0.261,0.264,0.099,0.223,0.171,0.204,0.093,0.252,0.243,0.167,0.206,0.271,0.179,0.284,0.19,0.281,0.19,0.243,0.153,0.331,0.251,0.173,0.254,0.264,0.16,0.162,0.212,0.227,0.144,0.171,0.22,0.243,0.269,0.221,0.182,0.202,0.214,0.263,0.149,0.252,0.171,0.229,0.234,0.21,0.093,0.295,0.268,0.16,0.258,0.218,0.292,0.249,0.256,0.264,0.247,0.188,0.116,0.056,0.263,0.256,0.19,0.223,0.247,0.121,0.227,0.307,0.218,0.206,
0.0,0.127,0.155,0.204,0.219,0.148,0.149,0.247,0.181,0.207,0.242,0.195,0.229,0.205,0.251,0.226,0.224,0.256,0.201,0.247,0.229,0.214,0.229,0.238,0.259,0.201,0.189,0.247,0.207,0.267,0.235,0.205,0.257,0.22,0.249,0.166,0.183,0.168,0.201,0.259,0.211,0.213,0.235,0.211,0.287,0.158,0.17,0.213,0.251,0.119,0.249,0.199,0.229,0.247,0.175,0.195,0.233,0.205,0.237,0.272,0.205,0.251,0.257,0.162,0.209,0.224,0.229,0.197,0.229,0.166,0.162,0.235,0.128,0.213,0.24,0.247,0.211,0.177,0.218,0.264,0.216,0.288,0.256,0.214,0.256,0.231,0.189,0.257,0.224,0.266,0.213,0.224,0.311,0.235,0.229,0.179,0.216,0.189,0.231,0.185,
0.0,0.166,0.044,0.107,0.132,0.19,0.129,0.169,0.162,0.183,0.221,0.055,0.144,0.128,0.193,0.178,0.248,0.122,0.188,0.214,0.247,0.136,0.175,0.171,0.202,0.247,0.22,0.238,0.24,0.154,0.181,0.227,0.13,0.265,0.212,0.053,0.121,0.096,0.195,0.214,0.25,0.181,0.118,0.136,0.081,0.099,0.196,0.23,0.135,0.167,0.211,0.027,0.209,0.152,0.062,0.226,0.144,0.106,0.217,0.269,0.178,0.194,0.135,0.173,0.232,0.207,0.153,0.05,0.198,0.171,0.284,0.178,0.158,0.154,-0.057,0.089,0.024,0.181,0.146,0.17,0.155,0.239,0.145,0.192,0.191,0.202,0.214,0.189,0.231,0.116,0.158,0.172,0.116,0.142,0.224,0.201,0.188,0.231,0.19,0.201,
0.0,0.142,0.1,0.158,0.145,0.113,0.199,0.222,0.227,0.185,0.276,0.185,0.159,0.182,0.187,0.174,0.179,0.204,0.138,0.042,0.146,0.169,0.18,0.245,0.256,0.145,0.175,0.201,0.2,0.176,0.256,0.202,0.148,0.216,0.224,0.227,0.211,0.209,0.21,0.104,0.224,0.136,0.171,0.145,0.17,0.18,0.163,0.167,0.178,0.158,0.145,0.2,0.144,0.196,0.209,0.239,0.203,0.187,0.087,0.228,0.181,0.224,0.218,0.235,0.244,0.191,0.202,0.121,0.144,0.161,0.223,0.194,0.166,0.187,0.211,0.213,0.262,0.212,0.244,0.165,0.171,0.176,0.182,0.237,0.213,0.243,0.221,0.179,0.12,0.059,0.125,0.222,0.144,0.275,0.156,0.186,0.218,0.167,0.18,0.192,
0.0,0.245,0.112,0.251,0.21,0.188,0.216,0.178,0.188,0.197,0.259,0.206,0.242,0.259,0.229,0.212,0.199,0.2,0.178,0.22,0.193,0.199,0.233,0.168,0.259,0.12,0.245,0.216,0.261,0.273,0.206,0.238,0.157,0.251,0.184,0.208,0.202,0.115,0.195,0.113,0.224,0.178,0.202,0.273,0.236,0.225,0.218,0.233,0.2,0.206,0.245,0.273,0.206,0.22,0.212,0.148,0.178,0.072,0.269,0.273,0.24,0.231,0.22,0.269,0.264,0.122,0.245,0.148,0.269,0.212,0.19,0.103,0.261,0.163,0.19,0.222,0.176,0.19,0.326,0.293,0.244,0.238,0.249,0.154,0.235,0.222,0.222,0.208,0.08,0.188,0.186,0.279,0.231,0.24,0.208,0.22,0.271,0.19,0.266,0.254,
0.0,0.084,0.149,0.221,0.178,0.257,0.093,0.151,0.197,0.181,0.196,0.169,0.206,0.203,0.244,0.198,0.144,0.035,0.035,0.138,0.123,0.126,0.242,0.244,0.162,0.168,0.071,0.221,0.227,0.16,0.105,0.203,0.184,0.15,0.083,0.166,0.185,0.092,0.077,0.083,0.189,0.076,0.164,0.183,0.136,0.202,0.19,0.178,0.222,0.222,0.062,0.213,0.164,0.19,0.085,0.175,0.119,0.088,0.182,0.184,0.175,0.246,0.18,0.097,0.154,0.025,0.194,0.008,0.208,0.084,0.18,0.165,0.178,0.079,0.134,0.138,0.227,0.186,0.114,0.113,0.09,0.175,0.143,0.178,0.147,0.121,0.15,0.161,0.176,0.016,0.09,0.222,0.223,0.155,0.06,0.125,0.183,0.171,0.152,0.092,
0.0,0.204,0.235,0.241,0.16,0.239,0.171,0.087,0.281,0.162,0.173,0.265,0.244,0.177,0.27,0.145,0.232,0.169,0.215,0.233,0.255,0.173,0.181,0.177,0.239,0.165,0.124,0.249,0.207,0.248,0.261,0.188,0.131,0.265,0.226,0.221,0.248,0.179,0.258,0.249,0.156,0.251,0.26,0.213,0.188,0.203,0.242,0.256,0.205,0.207,0.265,0.196,0.201,0.147,0.154,0.201,0.307,0.165,0.183,0.23,0.169,0.256,0.222,0.209,0.242,0.23,0.235,0.228,0.241,0.271,0.222,0.126,0.213,0.233,0.271,0.248,0.215,0.194,0.165,0.232,0.201,0.162,0.232,0.228,0.278,0.211,0.221,0.151,0.237,0.211,0.222,0.233,0.266,0.198,0.203,0.188,0.175,0.242,0.217,0.217,
0.0,0.342,0.256,0.206,0.242,0.24,0.263,0.169,0.256,0.243,0.173,0.359,0.236,0.133,0.196,0.29,0.251,0.264,0.14,0.24,0.198,0.249,0.223,0.238,0.13,0.204,0.114,0.276,0.216,0.231,0.249,0.236,0.279,0.238,0.266,0.242,0.212,0.236,0.273,0.238,0.21,0.259,0.142,0.234,0.251,0.231,0.173,0.149,0.156,0.198,0.067,0.279,0.229,0.19,0.287,0.177,0.298,0.169,0.242,0.279,0.243,0.194,0.273,0.16,0.274,0.153,0.182,0.169,0.245,0.153,0.306,0.238,0.256,0.192,0.273,0.13,0.13,0.289,0.331,0.196,0.309,0.234,0.111,0.245,0.279,0.234,0.256,0.2,0.274,0.227,0.249,0.231,0.221,0.254,0.2,0.19,0.184,0.179,0.167,0.123,
0.0,0.131,0.136,0.022,0.235,0.236,0.222,0.235,0.265,0.182,0.171,0.214,0.146,0.168,0.252,0.223,0.224,0.215,0.106,0.199,0.188,0.222,0.18,0.177,0.244,0.17,0.213,0.208,0.253,0.216,0.21,0.208,0.256,0.223,0.216,0.234,0.122,0.216,0.28,0.281,0.264,0.18,0.226,0.261,0.14,0.186,0.22,0.223,0.206,0.18,0.189,0.2,0.18,0.271,0.196,0.206,0.257,0.179,0.181,0.172,0.238,0.265,0.203,0.244,0.165,0.229,0.177,0.196,0.237,0.187,0.208,0.232,0.249,0.251,0.136,0.217,0.156,0.273,0.245,0.184,0.188,0.225,0.182,0.185,0.218,0.214,0.186,0.167,0.227,0.164,0.234,0.221,0.264,0.252,0.18,0.136,0.21,0.288,0.229,0.227,
0.0,0.3,0.214,0.298,0.257,0.204,0.195,0.206,0.17,0.208,0.245,0.214,0.247,0.225,0.218,0.241,0.172,0.221,0.202,0.22,0.249,0.222,0.199,0.287,0.181,0.213,0.195,0.164,0.231,0.213,0.257,0.251,0.17,0.207,0.161,0.166,0.164,0.285,0.183,0.203,0.245,0.207,0.187,0.231,0.205,0.153,0.222,0.229,0.144,0.214,0.269,0.213,0.177,0.251,0.222,0.279,0.191,0.179,0.252,0.226,0.251,0.254,0.187,0.251,0.183,0.251,0.191,0.214,0.249,0.245,0.251,0.128,0.282,0.197,0.242,0.229,0.22,0.193,0.201,0.264,0.256,0.175,0.205,0.213,0.189,0.173,0.197,0.22,0.17,0.201,0.162,0.235,0.233,0.238,0.218,0.254,0.261,0.203,0.214,0.242,
0.0,0.125,0.134,0.21,0.117,0.153,0.153,0.181,0.196,0.155,0.244,0.257,0.139,0.15,0.259,0.215,0.228,0.153,0.14,0.134,0.165,0.218,0.169,0.173,0.143,0.212,0.136,0.134,0.142,0.234,0.185,0.125,0.204,0.191,0.192,0.221,0.188,0.196,0.139,0.223,0.211,0.039,0.182,0.116,0.191,0.225,0.139,0.248,0.165,0.201,0.205,0.209,0.155,0.131,0.225,0.13,0.215,0.185,0.202,0.208,0.231,0.095,0.166,0.204,0.233,0.208,0.132,0.205,0.114,0.203,0.159,0.127,0.229,0.125,0.191,0.198,0.217,0.204,0.226,0.197,0.14,0.164,0.222,0.187,0.242,0.201,0.168,0.1,0.113,0.184,0.15,0.102,0.159,0.119,0.255,0.13,0.207,0.158,0.141,0.149,
0.0,0.16,0.184,0.186,0.141,0.185,0.163,0.209,0.166,0.23,0.163,0.206,0.129,0.15,0.213,0.207,0.211,0.086,0.194,0.212,0.2,0.2,0.138,0.145,0.187,0.249,0.192,0.215,0.22,0.247,0.238,0.261,0.167,0.187,0.221,0.111,0.232,0.161,0.202,0.252,0.205,0.248,0.192,0.151,0.195,0.245,0.229,0.2,0.207,0.202,0.224,0.228,0.203,0.152,0.206,0.178,0.22,0.255,0.21,0.215,0.227,0.218,0.246,0.213,0.212,0.165,0.188,0.213,0.215,0.203,0.178,0.209,0.225,0.214,0.209,0.242,0.182,0.159,0.15,0.221,0.201,0.203,0.192,0.219,0.171,0.217,0.199,0.194,0.128,0.129,0.2,0.166,0.211,0.199,0.154,0.18,0.196,0.223,0.209,0.238,
0.0,0.201,0.156,0.266,0.199,0.202,0.23,0.151,0.176,0.228,0.234,0.26,0.187,0.2,0.183,0.218,0.215,0.227,0.223,0.207,0.19,0.193,0.214,0.258,0.235,0.152,0.239,0.223,0.214,0.224,0.189,0.223,0.2,0.24,0.193,0.196,0.217,0.236,0.167,0.158,0.241,0.226,0.214,0.222,0.173,0.158,0.165,0.152,0.217,0.255,0.249,0.242,0.158,0.225,0.182,0.102,0.198,0.205,0.202,0.064,0.219,0.136,0.222,0.224,0.191,0.143,0.174,0.198,0.221,0.237,0.201,0.261,0.225,0.17,0.219,0.209,0.207,0.226,0.201,0.218,0.223,0.195,0.188,0.16,0.201,0.135,0.233,0.216,0.199,0.207,0.142,0.187,0.187,0.217,0.17,0.165,0.095,0.185,0.211,0.231,
0.0,0.153,0.115,0.138,0.173,0.095,0.162,0.143,0.211,0.164,0.159,0.126,0.081,0.126,0.059,0.146,0.137,0.144,0.159,0.188,0.097,0.167,0.154,0.128,0.162,0.157,0.122,0.231,0.186,0.114,0.168,0.198,0.113,0.144,0.213,0.152,0.137,0.179,0.167,0.133,0.134,0.085,0.205,0.169,0.185,0.192,0.183,0.137,0.092,0.2,0.179,0.173,0.126,0.145,0.159,0.204,0.165,0.183,0.081,0.15,0.154,0.087,0.194,0.156,0.133,0.166,0.118,0.174,0.21,0.228,0.076,0.129,0.207,0.182,0.133,0.179,0.156,0.065,0.202,0.092,0.148,0.141,0.091,0.217,0.102,0.064,0.114,0.132,0.102,0.185,0.132,0.132,0.169,0.185,0.062,0.211,0.111,0.157,0.191,0.188,
0.0,0.078,0.178,0.187,0.15,0.214,0.172,0.192,0.187,0.182,0.242,0.205,0.223,0.203,0.248,0.24,0.202,0.109,0.25,0.234,0.271,0.147,0.174,0.186,0.188,0.202,0.176,0.237,0.216,0.213,0.241,0.148,0.179,0.244,0.217,0.266,0.218,0.179,0.211,0.259,0.128,0.186,0.26,0.252,0.25,0.098,0.248,0.208,0.174,0.228,0.155,0.23,0.247,0.128,0.19,0.094,0.193,0.165,0.227,0.238,0.154,0.166,0.22,0.15,0.269,0.205,0.2,0.188,0.109,0.122,0.253,0.267,0.231,0.169,0.087,0.201,0.198,0.19,0.21,0.195,0.248,0.25,0.225,0.181,0.221,0.225,0.191,0.261,0.176,0.212,0.157,0.113,0.165,0.246,0.155,0.27,0.233,0.195,0.172,0.209,
0.0,0.193,0.156,0.225,0.112,0.215,0.094,0.154,0.202,0.211,0.207,0.151,0.195,0.134,0.129,0.2,0.159,0.196,0.196,0.177,0.109,0.186,0.205,0.184,0.204,0.129,0.146,0.219,0.117,0.223,0.175,0.16,0.168,0.223,0.243,0.19,0.213,0.079,0.184,0.164,0.179,0.189,0.19,0.178,0.175,0.201,0.167,0.107,0.203,0.189,0.174,0.194,0.213,0.173,0.16,0.175,0.144,0.137,0.204,0.169,0.191,0.181,0.21,0.203,0.194,0.201,0.211,0.21,0.188,0.172,0.105,0.192,0.146,0.145,0.135,0.181,0.187,0.166,0.176,0.147,0.13,0.118,0.17,0.165,0.189,0.171,0.15,0.21,0.115,0.208,0.18,0.179,0.174,0.159,0.224,0.216,0.179,0.13,0.233,0.224,
0.0,0.15,0.217,0.184,0.102,0.17,0.178,0.174,0.177,0.142,0.118,0.138,0.219,0.144,0.061,0.048,0.147,0.155,0.176,0.137,0.108,0.138,0.172,0.156,0.15,0.181,0.214,0.224,0.146,0.191,0.111,0.162,0.09,0.055,0.139,0.18,0.185,0.12,0.107,0.141,0.095,0.113,0.216,0.093,0.124,0.151,0.188,0.142,0.089,0.205,0.213,0.079,0.137,0.175,0.122,0.182,0.126,0.123,0.15,0.163,0.187,0.181,0.189,0.166,0.177,0.185,0.182,0.136,0.065,0.084,0.175,0.116,0.131,0.118,0.14,0.163,0.212,0.147,0.119,0.118,0.131,0.197,0.023,0.174,0.115,0.177,0.111,0.144,0.169,0.167,0.19,0.06,0.15,0.128,0.208,0.124,0.089,0.08,0.136,0.196,
0.0,0.278,0.337,0.206,0.142,0.106,0.29,0.227,0.196,0.218,0.149,0.284,0.179,0.192,0.16,0.295,0.274,0.116,0.326,0.147,0.202,0.245,0.225,0.162,0.274,0.264,0.229,0.206,0.284,0.236,0.24,0.192,0.118,0.056,0.072,0.151,0.144,0.284,0.128,0.309,0.196,0.223,0.284,0.263,0.268,0.192,0.231,0.243,0.263,0.227,0.29,0.268,0.173,0.2,0.182,0.269,0.243,0.259,0.268,0.221,0.254,0.251,0.268,0.212,0.242,0.118,0.236,0.276,0.173,0.243,0.121,0.234,0.182,0.182,0.182,0.309,0.162,0.07,0.151,0.256,0.177,0.21,0.231,0.186,0.274,0.22,0.258,0.273,0.153,0.247,0.19,0.13,0.179,0.208,0.301,0.254,0.186,0.202,0.264,0.147,
0.0,0.207,0.222,0.194,0.266,0.233,0.154,0.216,0.197,0.224,0.179,0.238,0.199,0.211,0.271,0.218,0.177,0.161,0.166,0.256,0.181,0.184,0.248,0.241,0.17,0.17,0.155,0.259,0.227,0.24,0.199,0.231,0.155,0.243,0.265,0.22,0.214,0.191,0.268,0.197,0.197,0.21,0.259,0.21,0.253,0.212,0.225,0.204,0.146,0.24,0.225,0.255,0.18,0.26,0.157,0.267,0.273,0.193,0.197,0.22,0.262,0.204,0.187,0.208,0.234,0.19,0.232,0.173,0.179,0.214,0.245,0.226,0.189,0.238,0.209,0.256,0.189,0.238,0.227,0.272,0.195,0.242,0.224,0.231,0.183,0.183,0.181,0.175,0.269,0.24,0.149,0.214,0.222,0.244,0.205,0.249,0.214,0.22,0.201,0.24,
0.0,0.284,0.35,0.154,0.206,0.09,0.118,0.216,0.226,0.207,0.24,0.185,0.242,0.277,0.185,0.238,0.17,0.216,0.197,0.179,0.175,0.256,0.262,0.102,0.187,0.114,0.306,0.193,0.306,0.195,0.205,0.218,0.218,0.214,0.195,0.058,0.181,0.282,0.211,0.214,0.218,0.17,0.155,0.222,0.24,0.189,0.213,0.296,0.247,0.142,0.133,0.244,0.187,0.287,0.227,0.16,0.153,0.183,0.282,0.061,0.203,0.259,0.256,0.155,0.162,0.144,0.216,0.264,0.231,0.119,0.158,0.207,0.203,0.216,0.183,0.211,0.282,0.244,0.216,0.235,0.185,0.242,0.197,0.149,0.133,0.147,0.269,0.197,0.175,0.216,0.121,0.17,0.22,0.257,0.079,0.187,0.256,0.187,0.16,0.28,
0.0,0.133,0.281,0.275,0.195,0.283,0.184,0.232,0.077,0.144,0.186,0.15,0.171,0.179,0.214,0.09,0.21,0.1,0.259,0.169,0.185,0.271,0.166,0.272,0.192,0.196,0.224,0.183,0.169,0.253,0.203,0.161,0.25,0.197,0.228,0.221,0.219,0.242,0.215,0.158,0.226,0.215,0.262,0.17,0.249,0.304,0.203,0.18,0.24,0.175,0.227,0.227,0.214,0.215,0.295,0.209,0.276,0.217,0.241,0.192,0.156,0.199,0.165,0.119,0.237,0.209,0.266,0.197,0.239,0.248,0.23,0.143,0.144,0.201,0.124,0.164,0.204,0.229,0.229,0.2,0.156,0.184,0.266,0.228,0.224,0.141,0.123,0.238,0.199,0.175,0.195,0.173,0.26,0.209,0.167,0.23,0.239,0.165,0.164,0.208,
0.0,0.228,0.173,0.206,0.272,0.198,0.173,0.178,0.229,0.204,0.259,0.232,0.269,0.147,0.206,0.23,0.255,0.165,0.198,0.247,0.225,0.165,0.202,0.25,0.219,0.232,0.23,0.178,0.2,0.269,0.19,0.232,0.288,0.198,0.212,0.264,0.202,0.308,0.208,0.239,0.171,0.173,0.265,0.21,0.243,0.239,0.212,0.25,0.223,0.161,0.245,0.23,0.239,0.25,0.239,0.178,0.208,0.184,0.152,0.264,0.25,0.27,0.238,0.243,0.184,0.176,0.196,0.234,0.247,0.247,0.167,0.219,0.264,0.234,0.221,0.225,0.214,0.262,0.206,0.25,0.204,0.202,0.229,0.23,0.214,0.206,0.255,0.305,0.202,0.267,0.225,0.255,0.232,0.225,0.2,0.219,0.229,0.215,0.294,0.2,
0.0,0.114,0.298,0.294,0.207,0.215,0.253,0.204,0.146,0.257,0.174,0.227,0.214,0.2,0.232,0.223,0.283,0.208,0.214,0.247,0.176,0.199,0.236,0.216,0.214,0.191,0.277,0.193,0.183,0.245,0.208,0.248,0.183,0.195,0.231,0.257,0.232,0.265,0.216,0.259,0.191,0.236,0.21,0.116,0.234,0.13,0.265,0.144,0.189,0.227,0.202,0.185,0.206,0.137,0.229,0.206,0.232,0.202,0.238,0.232,0.221,0.221,0.241,0.212,0.238,0.144,0.232,0.231,0.216,0.183,0.252,0.214,0.187,0.255,0.166,0.18,0.189,0.214,0.166,0.199,0.22,0.238,0.283,0.168,0.236,0.208,0.216,0.214,0.234,0.225,0.193,0.17,0.218,0.231,0.208,0.123,0.128,0.155,0.24,0.21,
0.0,0.22,0.152,0.249,0.174,0.201,0.156,0.216,0.179,0.252,0.239,0.253,0.203,0.152,0.24,0.159,0.265,0.135,0.095,0.245,0.168,0.257,0.24,0.225,0.194,0.168,0.108,0.203,0.24,0.103,0.189,0.186,0.191,0.206,0.173,0.148,0.184,0.18,0.248,0.158,0.248,0.248,0.142,0.167,0.092,0.254,0.197,0.226,0.225,0.236,0.158,0.057,0.215,0.227,0.223,0.188,0.131,0.185,0.266,0.115,0.174,0.187,0.185,0.201,0.207,0.185,0.208,0.13,0.257,0.247,0.031,0.246,0.198,0.178,0.115,0.261,0.196,0.18,0.257,0.224,0.125,0.263,0.23,0.232,0.13,0.197,0.251,0.209,0.137,0.149,0.211,0.209,0.17,0.199,0.243,0.12,0.178,0.199,0.139,0.122,
0.0,0.271,0.129,0.209,0.167,0.143,0.068,0.123,0.183,0.222,0.23,0.213,0.238,0.259,0.217,0.161,0.173,0.209,0.172,0.213,0.222,0.205,0.153,0.219,0.194,0.221,0.217,0.082,0.105,0.083,0.16,0.149,0.216,0.187,0.207,0.237,0.249,0.213,0.186,0.217,0.215,0.196,0.263,0.202,0.223,0.242,0.212,0.23,0.223,0.215,0.212,0.244,0.213,0.208,0.188,0.17,0.23,0.23,0.194,0.234,0.21,0.192,0.235,0.263,0.213,0.221,0.232,0.228,0.19,0.217,0.241,0.237,0.256,0.23,0.19,0.223,0.2,0.15,0.202,0.19,0.184,0.228,0.213,0.259,0.227,0.178,0.116,0.207,0.186,0.248,0.073,0.114,0.191,0.176,0.189,0.178,0.196,0.233,0.22,0.194,
0.0,0.316,0.291,0.217,0.244,0.148,0.231,0.251,0.193,0.185,0.279,0.187,0.109,0.191,0.177,0.195,0.264,0.173,0.257,0.274,0.149,0.214,0.181,0.16,0.238,0.244,0.126,0.201,0.309,0.207,0.238,0.211,0.226,0.207,0.252,0.256,0.205,0.272,0.193,0.173,0.211,0.201,0.237,0.254,0.211,0.227,0.24,0.311,0.247,0.218,0.238,0.242,0.257,0.166,0.175,0.177,0.183,0.256,0.22,0.187,0.222,0.216,0.231,0.205,0.272,0.209,0.211,0.187,0.181,0.207,0.237,0.244,0.227,0.261,0.173,0.207,0.231,0.267,0.203,0.177,0.237,0.296,0.244,0.266,0.203,0.24,0.22,0.249,0.251,0.199,0.229,0.205,0.259,0.175,0.211,0.247,0.277,0.191,0.155,0.267,
0.0,0.145,0.248,0.17,0.105,0.193,0.075,0.206,0.23,0.219,0.196,0.237,0.227,0.206,0.216,0.18,0.158,0.157,0.132,0.184,0.178,0.23,0.254,0.235,0.233,0.207,0.239,0.184,0.217,0.259,0.211,0.136,0.253,0.154,0.179,0.238,0.281,0.194,0.23,0.201,0.247,0.184,0.188,0.198,0.245,0.152,0.181,0.222,0.24,0.15,0.183,0.178,0.241,0.153,0.198,0.244,0.204,0.202,0.231,0.247,0.228,0.142,0.224,0.206,0.179,0.191,0.228,0.224,0.174,0.208,0.217,0.207,0.215,0.167,0.2,0.244,0.267,0.228,0.194,0.231,0.224,0.17,0.198,0.2,0.209,0.221,0.275,0.184,0.211,0.213,0.157,0.131,0.229,0.202,0.209,0.219,0.151,0.233,0.228,0.125,
0.0,0.138,0.22,0.144,0.133,0.232,0.206,0.218,0.231,0.223,0.2,0.212,0.193,0.199,0.178,0.206,0.252,0.185,0.275,0.227,0.162,0.191,0.281,0.257,0.252,0.216,0.208,0.166,0.231,0.208,0.221,0.238,0.212,0.247,0.26,0.197,0.24,0.245,0.229,0.195,0.24,0.234,0.199,0.204,0.185,0.24,0.187,0.223,0.208,0.162,0.267,0.174,0.267,0.172,0.262,0.204,0.199,0.204,0.216,0.22,0.229,0.259,0.2,0.187,0.236,0.245,0.236,0.264,0.204,0.248,0.189,0.208,0.176,0.146,0.288,0.255,0.191,0.257,0.212,0.17,0.185,0.257,0.232,0.225,0.214,0.2,0.189,0.248,0.185,0.245,0.174,0.13,0.253,0.264,0.241,0.238,0.291,0.225,0.268,0.204,
0.0,0.209,0.225,0.147,0.222,0.139,0.171,0.244,0.208,0.217,0.138,0.243,0.189,0.168,0.182,0.252,0.13,0.259,0.2,0.205,0.245,0.134,0.147,0.258,0.225,0.218,0.079,0.196,0.225,0.229,0.138,0.2,0.137,0.196,0.141,0.176,0.092,0.254,0.145,0.196,0.201,0.22,0.157,0.228,0.191,0.168,0.169,0.191,0.233,0.211,0.159,0.233,0.205,0.123,0.2,0.241,0.094,0.184,0.167,0.071,0.19,0.156,0.192,0.218,0.113,0.176,0.248,0.211,0.2,0.114,0.216,0.179,0.138,0.215,0.177,0.222,0.221,0.168,0.244,0.195,0.184,0.239,0.206,0.172,0.104,0.09,0.209,0.205,0.112,0.212,0.157,0.115,0.134,0.22,0.15,0.211,0.169,0.125,0.219,0.213,
0.0,0.123,0.244,0.234,0.238,0.171,0.197,0.113,0.119,0.175,0.214,0.156,0.157,0.149,0.08,0.133,0.179,0.202,0.158,0.137,0.14,0.2,0.066,0.185,0.164,0.175,0.195,0.148,0.208,0.121,0.15,0.232,0.145,0.169,0.177,0.143,0.184,0.139,0.154,0.199,0.215,0.151,0.215,0.072,0.076,0.115,0.093,0.175,0.192,0.111,0.124,0.094,0.153,0.136,0.183,0.162,0.185,0.175,0.125,0.167,0.196,0.248,0.145,0.116,0.104,0.114,0.152,0.149,0.071,0.154,0.189,0.057,0.158,0.09,0.104,0.19,0.147,0.181,0.18,0.156,0.185,0.117,0.183,0.232,0.174,0.111,0.224,0.065,0.144,0.159,0.185,0.123,0.205,0.217,0.166,0.176,0.2,0.199,0.154,0.166,
0.0,0.165,0.144,0.133,0.204,0.233,0.197,0.228,0.168,0.184,0.179,0.192,0.226,0.23,0.228,0.182,0.13,0.253,0.195,0.253,0.142,0.272,0.232,0.234,0.215,0.135,0.207,0.175,0.159,0.21,0.247,0.18,0.21,0.22,0.232,0.183,0.225,0.255,0.214,0.162,0.212,0.231,0.262,0.197,0.128,0.224,0.172,0.239,0.258,0.239,0.2,0.228,0.233,0.266,0.27,0.219,0.258,0.258,0.188,0.215,0.246,0.23,0.23,0.156,0.205,0.186,0.231,0.206,0.148,0.284,0.232,0.25,0.178,0.212,0.201,0.221,0.169,0.209,0.185,0.217,0.235,0.216,0.23,0.167,0.172,0.275,0.175,0.236,0.191,0.237,0.197,0.273,0.232,0.265,0.221,0.275,0.17,0.214,0.122,0.241,
0.0,0.228,0.256,0.115,0.182,0.174,0.134,0.218,0.156,0.156,0.199,0.218,0.203,0.239,0.152,0.16,0.163,0.245,0.235,0.19,0.211,0.173,0.117,0.18,0.209,0.135,0.2,0.131,0.175,0.195,0.172,0.167,0.207,0.21,0.205,0.199,0.184,0.262,0.198,0.219,0.201,0.191,0.176,0.214,0.203,0.204,0.178,0.261,0.238,0.141,0.255,0.185,0.23,0.159,0.149,0.23,0.191,0.193,0.197,0.235,0.19,0.185,0.153,0.22,0.159,0.171,0.224,0.171,0.237,0.136,0.167,0.196,0.187,0.126,0.213,0.202,0.166,0.238,0.193,0.191,0.209,0.195,0.205,0.183,0.188,0.264,0.212,0.177,0.181,0.256,0.176,0.197,0.23,0.192,0.214,0.134,0.265,0.151,0.127,0.137,
0.0,0.219,0.179,0.206,0.268,0.252,0.231,0.22,0.218,0.18,0.236,0.235,0.19,0.2,0.141,0.319,0.254,0.148,0.268,0.263,0.21,0.176,0.129,0.176,0.127,0.271,0.266,0.146,0.216,0.222,0.251,0.208,0.298,0.284,0.161,0.24,0.127,0.143,0.259,0.161,0.254,0.236,0.161,0.225,0.199,0.216,0.269,0.157,0.245,0.19,0.281,0.141,0.22,0.271,0.242,0.157,0.273,0.216,0.249,0.197,0.113,0.202,0.154,0.2,0.088,0.229,0.218,0.193,0.264,0.276,0.233,0.227,0.117,0.21,0.254,0.307,0.224,0.182,0.204,0.323,0.236,0.168,0.259,0.115,0.204,0.125,0.235,0.231,0.165,0.254,0.225,0.129,0.195,0.304,0.235,0.202,0.165,0.136,0.229,0.216,
0.0,0.204,0.333,0.303,0.183,0.228,0.148,0.261,0.199,0.086,0.189,0.164,0.243,0.258,0.183,0.26,0.064,0.223,0.212,0.122,0.242,0.207,0.305,0.267,0.294,0.161,0.183,0.237,0.233,0.232,0.207,0.218,0.26,0.168,0.227,0.242,0.166,0.215,0.288,0.215,0.122,0.153,0.26,0.157,0.246,0.258,0.207,0.195,0.249,0.174,0.224,0.178,0.249,0.26,0.137,0.253,0.281,0.193,0.165,0.282,0.199,0.193,0.162,0.209,0.284,0.261,0.265,0.189,0.258,0.222,0.114,0.235,0.273,0.181,0.085,0.061,0.216,0.275,0.226,0.235,0.183,0.199,0.289,0.275,0.226,0.255,0.305,0.288,0.211,0.108,0.244,0.235,0.263,0.253,0.28,0.267,0.211,0.201,0.254,0.222,
0.0,0.271,0.206,0.261,0.181,0.231,0.177,0.233,0.214,0.242,0.163,0.238,0.217,0.236,0.17,0.212,0.185,0.162,0.212,0.213,0.227,0.239,0.227,0.185,0.229,0.24,0.155,0.269,0.176,0.208,0.241,0.195,0.177,0.241,0.185,0.276,0.244,0.229,0.153,0.196,0.238,0.164,0.217,0.151,0.237,0.203,0.107,0.247,0.246,0.223,0.248,0.256,0.174,0.207,0.231,0.183,0.272,0.191,0.269,0.214,0.155,0.201,0.229,0.193,0.211,0.216,0.256,0.212,0.233,0.204,0.222,0.191,0.187,0.227,0.174,0.191,0.171,0.284,0.205,0.139,0.268,0.233,0.207,0.183,0.183,0.199,0.218,0.253,0.177,0.215,0.224,0.18,0.278,0.21,0.216,0.187,0.23,0.235,0.176,0.301,
0.0,0.201,0.11,0.123,0.195,0.209,0.197,0.252,0.191,0.199,0.221,0.136,0.192,0.206,0.155,0.153,0.212,0.208,0.221,0.212,0.236,0.185,0.129,0.189,0.188,0.263,0.214,0.222,0.231,0.177,0.2,0.233,0.132,0.222,0.241,0.216,0.252,0.201,0.224,0.22,0.211,0.212,0.209,0.18,0.181,0.215,0.206,0.246,0.201,0.219,0.217,0.227,0.209,0.184,0.231,0.224,0.181,0.235,0.181,0.148,0.23,0.149,0.206,0.184,0.21,0.165,0.226,0.237,0.193,0.225,0.215,0.173,0.222,0.116,0.123,0.183,0.21,0.209,0.181,0.258,0.199,0.205,0.221,0.144,0.193,0.172,0.159,0.198,0.149,0.192,0.154,0.198,0.176,0.162,0.255,0.167,0.181,0.262,0.241,0.216,
0.0,0.153,0.234,0.213,0.251,0.226,0.237,0.224,0.248,0.262,0.192,0.154,0.271,0.092,0.188,0.122,0.271,0.219,0.21,0.304,0.22,0.139,0.145,0.215,0.238,0.152,0.251,0.215,0.224,0.22,0.183,0.212,0.175,0.23,0.247,0.233,0.223,0.245,0.211,0.14,0.179,0.256,0.187,0.239,0.203,0.172,0.224,0.19,0.179,0.258,0.12,0.149,0.187,0.193,0.217,0.143,0.214,0.224,0.114,0.177,0.2,0.227,0.197,0.303,0.2,0.218,0.266,0.189,0.256,0.26,0.167,0.197,0.193,0.244,0.135,0.251,0.181,0.247,0.222,0.227,0.161,0.24,0.25,0.173,0.169,0.205,0.252,0.24,0.235,0.244,0.179,0.155,0.238,0.256,0.2,0.144,0.252,0.136,0.191,0.211,
0.0,0.248,0.299,0.12,0.241,0.23,0.278,0.097,0.049,0.182,0.281,0.293,0.214,0.214,0.192,0.206,0.193,0.29,0.274,0.252,0.154,0.22,0.138,0.165,0.298,0.212,0.245,0.225,0.276,0.186,0.171,0.173,0.093,0.185,0.262,0.225,0.232,0.08,0.267,0.102,0.18,0.182,0.296,0.186,0.221,0.169,0.191,0.213,0.292,0.229,0.133,0.235,0.267,0.202,0.165,0.152,0.265,0.217,0.215,0.203,0.147,0.258,0.226,0.162,0.136,0.171,0.222,0.197,0.245,0.231,0.195,0.188,0.258,0.229,0.305,0.206,0.227,0.18,0.182,0.236,0.263,0.138,0.195,0.252,0.199,0.269,0.256,0.188,0.198,0.154,0.253,0.197,0.261,0.24,0.195,0.156,0.154,0.208,0.081,0.173,
0.0,0.166,0.289,0.233,0.265,0.177,0.209,0.219,0.233,0.283,0.165,0.165,0.278,0.265,0.205,0.255,0.215,0.219,0.241,0.239,0.226,0.233,0.242,0.16,0.203,0.207,0.209,0.181,0.217,0.205,0.165,0.248,0.251,0.205,0.133,0.235,0.221,0.255,0.19,0.276,0.232,0.256,0.23,0.251,0.281,0.19,0.183,0.251,0.261,0.179,0.2,0.256,0.258,0.226,0.219,0.226,0.261,0.222,0.213,0.233,0.258,0.154,0.215,0.205,0.196,0.26,0.242,0.203,0.16,0.304,0.233,0.265,0.198,0.217,0.261,0.279,0.185,0.173,0.236,0.291,0.242,0.218,0.174,0.259,0.229,0.253,0.194,0.196,0.217,0.226,0.219,0.19,0.246,0.233,0.194,0.222,0.175,0.281,0.263,0.283,
0.0,0.248,0.241,0.162,0.244,0.248,0.279,0.211,0.275,0.241,0.236,0.228,0.113,0.239,0.215,0.221,0.213,0.232,0.219,0.264,0.285,0.2,0.241,0.175,0.25,0.173,0.272,0.246,0.137,0.241,0.173,0.132,0.144,0.26,0.217,0.257,0.267,0.301,0.234,0.314,0.248,0.225,0.225,0.207,0.232,0.238,0.179,0.29,0.275,0.177,0.246,0.177,0.2,0.243,0.248,0.227,0.257,0.277,0.228,0.241,0.209,0.193,0.255,0.189,0.213,0.241,0.201,0.219,0.16,0.149,0.171,0.253,0.219,0.248,0.098,0.311,0.175,0.07,0.272,0.236,0.282,0.195,0.221,0.166,0.255,0.153,0.252,0.255,0.267,0.234,0.221,0.275,0.211,0.177,0.2,0.189,0.173,0.295,0.238,0.2,
0.0,0.178,0.137,0.164,0.205,0.215,0.291,0.275,0.197,0.26,0.231,0.023,0.16,0.183,0.095,0.098,0.181,0.174,0.178,0.263,0.2,0.14,0.103,0.15,0.195,0.272,0.178,0.214,0.149,0.185,0.088,0.156,0.256,0.128,0.149,0.175,0.225,0.164,0.179,0.156,0.21,0.206,0.232,0.234,0.238,0.087,0.131,0.187,0.213,0.191,0.225,0.261,0.199,0.126,0.125,0.119,0.147,0.207,0.187,0.184,0.157,0.204,0.184,0.183,0.238,0.272,0.217,0.159,0.231,0.187,0.107,0.215,0.24,0.237,0.166,0.247,0.201,0.238,0.237,0.16,0.198,0.2,0.161,0.231,0.21,0.219,0.216,0.113,0.221,0.177,0.22,0.184,0.214,0.211,0.199,0.231,0.181,0.142,0.143,0.167,
0.0,0.163,0.237,0.163,0.295,0.183,0.211,0.218,0.146,0.283,0.161,0.281,0.276,0.22,0.251,0.217,0.224,0.172,0.242,0.183,0.242,0.263,0.213,0.249,0.159,0.239,0.185,0.172,0.267,0.166,0.235,0.207,0.197,0.125,0.195,0.265,0.241,0.295,0.181,0.183,0.261,0.258,0.205,0.168,0.271,0.248,0.205,0.189,0.201,0.201,0.096,0.278,0.271,0.211,0.205,0.199,0.187,0.292,0.217,0.159,0.278,0.322,0.217,0.275,0.199,0.228,0.153,0.218,0.215,0.217,0.205,0.159,0.217,0.224,0.201,0.115,0.239,0.183,0.256,0.181,0.244,0.226,0.17,0.207,0.222,0.273,0.141,0.217,0.207,0.203,0.226,0.284,0.217,0.211,0.251,0.224,0.239,0.217,0.258,0.256,
0.0,0.178,0.121,0.151,0.058,0.184,0.184,0.138,0.201,0.272,0.18,0.16,0.192,0.04,0.153,0.14,0.105,0.16,0.076,0.054,0.174,0.089,0.205,0.17,0.156,0.214,0.158,0.107,0.123,0.138,0.128,0.167,0.15,0.17,0.09,0.09,0.184,0.06,0.08,0.22,0.089,0.102,0.148,0.157,0.201,0.064,0.128,0.109,0.072,0.15,0.221,0.152,0.103,0.08,0.126,0.154,0.108,0.101,0.094,0.177,0.088,0.075,0.116,0.134,0.089,0.145,0.127,0.222,0.246,0.139,0.163,0.182,0.219,0.161,0.064,0.033,0.153,0.184,0.072,0.123,0.142,0.152,0.199,0.145,0.12,0.17,0.16,0.199,0.112,0.06,0.21,0.182,0.096,0.201,0.048,0.205,0.205,0.106,0.132,0.087,
0.0,0.158,0.256,0.095,0.219,0.192,0.101,0.228,0.23,-0.047,0.116,0.164,0.187,0.214,0.101,0.037,0.191,0.191,0.15,0.191,0.067,0.131,0.054,0.158,0.105,0.239,0.166,0.157,0.114,0.149,0.164,0.162,0.162,0.167,0.186,0.183,0.123,0.127,0.165,0.129,0.255,0.083,0.111,0.203,0.159,0.138,0.11,0.135,0.192,0.101,0.18,0.146,0.031,0.103,0.187,0.063,0.057,0.127,0.198,0.136,0.176,0.089,0.221,0.209,0.054,0.161,0.124,0.21,0.236,0.1,0.075,-0.008,0.175,0.23,0.121,0.128,0.228,0.099,0.195,0.13,0.008,0.133,0.158,0.194,0.148,0.18,0.14,0.225,0.229,0.212,0.165,0.221,0.124,0.114,0.123,0.229,0.173,0.195,0.167,0.148,
0.0,0.183,0.199,0.225,0.159,0.15,0.174,0.219,0.129,0.196,0.212,0.118,0.206,0.178,0.238,0.226,0.229,0.244,0.225,0.19,0.19,0.204,0.2,0.21,0.175,0.183,0.22,0.232,0.215,0.162,0.167,0.225,0.191,0.244,0.253,0.232,0.168,0.188,0.247,0.158,0.236,0.123,0.192,0.187,0.183,0.209,0.197,0.209,0.14,0.213,0.3,0.261,0.265,0.194,0.17,0.228,0.228,0.154,0.185,0.224,0.237,0.187,0.141,0.235,0.237,0.233,0.131,0.168,0.233,0.182,0.107,0.226,0.261,0.242,0.2,0.207,0.166,0.242,0.207,0.248,0.125,0.228,0.206,0.213,0.164,0.182,0.159,0.189,0.155,0.213,0.224,0.157,0.198,0.15,0.227,0.14,0.218,0.217,0.186,0.166,
0.0,0.354,0.279,0.259,0.203,0.282,0.261,0.178,0.237,0.158,0.188,0.11,0.239,0.22,0.162,0.194,0.201,0.1,0.262,0.201,0.25,0.113,0.18,0.273,0.226,0.232,0.237,0.186,0.162,0.266,0.327,0.178,0.135,0.063,0.235,0.234,0.337,0.11,0.198,0.274,0.237,0.284,0.214,0.164,0.162,0.092,0.216,0.162,0.207,0.357,0.267,0.16,0.194,0.207,0.291,0.19,0.241,0.269,0.173,0.282,0.259,0.248,0.153,0.273,0.232,0.192,0.135,0.065,0.348,0.19,0.213,0.224,0.266,0.171,0.178,0.184,0.241,0.205,0.139,0.255,0.074,0.224,0.333,0.306,0.188,0.22,0.173,0.246,0.284,0.186,0.216,0.222,0.188,0.153,0.232,0.267,0.196,0.246,0.182,0.245,
0.0,0.331,0.258,0.186,0.156,0.258,0.165,0.107,0.178,0.176,0.108,0.245,0.198,0.256,0.292,0.269,0.079,0.125,0.214,0.206,0.27,0.223,0.16,0.216,0.242,0.195,0.294,0.078,0.137,0.117,0.201,0.058,0.233,0.288,0.247,0.306,0.149,0.202,0.269,0.225,0.238,0.182,0.263,0.11,0.275,0.18,0.173,0.221,0.187,0.131,0.098,0.202,0.173,0.246,0.253,0.138,0.238,0.091,0.169,0.211,0.027,0.289,0.182,0.212,0.212,0.124,0.181,0.026,0.05,0.133,0.19,0.095,0.204,0.228,0.293,0.259,0.287,0.186,0.19,0.095,0.22,0.175,0.126,0.098,0.268,0.175,0.155,0.163,0.213,0.207,0.109,0.191,0.2,0.046,0.153,0.229,0.217,0.294,0.166,0.213,
0.0,0.219,0.13,0.083,0.177,0.219,0.168,0.129,0.177,0.068,0.138,0.202,0.177,0.244,0.192,0.148,0.217,0.094,0.176,0.132,0.18,0.128,0.197,0.183,0.136,0.223,0.181,0.163,0.148,0.106,0.212,0.193,0.179,0.238,0.183,0.101,0.16,0.225,0.163,0.14,0.175,0.208,0.109,0.17,0.186,0.193,0.189,0.194,0.166,0.218,0.146,0.115,0.177,0.173,0.213,0.152,0.169,0.189,0.156,0.136,0.153,0.129,0.211,0.159,0.198,0.157,0.132,0.23,0.123,0.165,0.232,0.156,0.219,0.222,0.084,0.158,0.146,0.193,0.171,0.167,0.195,0.122,0.114,0.225,0.196,0.209,0.154,0.133,0.153,0.215,0.2,0.175,0.171,0.223,0.233,0.156,0.175,0.168,0.167,0.128,
0.0,0.211,0.266,0.229,0.075,0.187,0.157,0.246,0.226,0.258,0.194,0.161,0.144,0.222,0.221,0.234,0.102,0.234,0.234,0.217,0.243,0.194,0.149,0.221,0.265,0.204,0.142,0.217,0.109,0.229,0.17,0.225,0.212,0.11,0.175,0.228,0.286,0.232,0.172,0.264,0.25,0.187,0.223,0.191,0.207,0.191,0.158,0.23,0.185,0.227,0.23,0.125,0.172,0.232,0.19,0.212,0.269,0.225,0.246,0.113,0.219,0.192,0.154,0.198,0.225,0.2,0.202,0.213,0.2,0.171,0.215,0.255,0.224,0.14,0.24,0.196,0.185,0.202,0.194,0.213,0.193,0.127,0.248,0.097,0.244,0.183,0.134,0.234,0.3,0.185,0.193,0.195,0.195,0.22,0.156,0.154,0.141,0.244,0.212,0.206,
0.0,0.161,0.224,0.291,0.159,0.208,0.212,0.248,0.216,0.208,0.229,0.229,0.245,0.234,0.2,0.176,0.178,0.278,0.227,0.202,0.216,0.216,0.232,0.2,0.214,0.148,0.227,0.153,0.221,0.197,0.255,0.232,0.146,0.202,0.225,0.199,0.151,0.214,0.25,0.151,0.24,0.216,0.236,0.24,0.259,0.123,0.214,0.153,0.231,0.172,0.18,0.294,0.27,0.17,0.187,0.2,0.238,0.225,0.21,0.22,0.234,0.183,0.252,0.193,0.202,0.206,0.216,0.168,0.257,0.238,0.206,0.193,0.234,0.248,0.234,0.178,0.225,0.193,0.273,0.234,0.214,0.202,0.204,0.199,0.268,0.193,0.223,0.252,0.288,0.195,0.142,0.247,0.172,0.248,0.178,0.255,0.255,0.221,0.195,0.26,
0.0,0.188,0.144,0.22,0.252,0.219,0.184,0.157,0.224,0.198,0.248,0.122,0.203,0.155,0.222,0.233,0.215,0.176,0.225,0.197,0.196,0.066,0.216,0.177,0.141,0.243,0.268,0.159,0.191,0.201,0.199,0.248,0.203,0.207,0.182,0.167,0.261,0.208,0.231,0.187,0.233,0.228,0.206,0.174,0.165,0.226,0.193,0.2,0.185,0.215,0.212,0.185,0.248,0.203,0.224,0.198,0.21,0.24,0.253,0.173,0.211,0.192,0.234,0.229,0.197,0.166,0.192,0.177,0.266,0.267,0.241,0.218,0.188,0.19,0.152,0.285,0.204,0.255,0.208,0.192,0.209,0.221,0.144,0.208,0.203,0.189,0.243,0.182,0.21,0.207,0.221,0.21,0.269,0.184,0.277,0.247,0.202,0.206,0.184,0.205,
0.0,0.166,0.173,0.21,0.235,0.209,0.159,0.152,0.244,0.107,0.258,0.158,0.169,0.163,0.087,0.144,0.219,0.192,0.212,0.227,0.209,0.301,0.14,0.258,0.245,0.224,0.226,0.232,0.193,0.231,0.212,0.201,0.153,0.151,0.188,0.138,0.255,0.211,0.146,0.172,0.123,0.205,0.069,0.173,0.153,0.222,0.231,0.144,0.17,0.199,0.178,0.143,0.171,0.247,0.173,0.191,0.148,0.19,0.216,0.158,0.139,0.143,0.179,0.123,0.209,0.201,0.207,0.231,0.191,0.122,0.159,0.19,0.117,0.067,0.197,0.189,0.207,0.18,0.14,0.178,0.171,0.181,0.131,0.177,0.149,0.189,0.213,0.237,0.221,0.219,0.118,0.184,0.125,0.187,0.188,0.243,0.228,0.229,0.209,0.198,
0.0,0.131,0.038,0.171,0.187,0.075,0.239,0.157,0.234,0.151,0.134,0.206,0.246,0.149,0.163,0.197,0.13,0.258,0.205,0.163,0.227,0.223,0.16,0.154,0.165,0.167,0.177,0.182,0.156,0.187,0.183,0.189,0.118,0.213,0.197,0.198,0.172,0.199,0.2,0.24,0.185,0.266,0.123,0.263,0.208,0.201,0.127,0.16,0.222,0.156,0.199,0.157,0.179,0.18,0.168,0.124,0.206,0.255,0.136,0.177,0.255,0.175,0.232,0.261,0.221,0.213,0.138,0.182,0.12,0.202,0.196,0.197,0.194,0.18,0.263,0.086,0.157,0.233,0.185,0.051,0.25,0.238,0.168,0.159,0.243,0.209,0.225,0.248,0.241,0.196,0.263,0.178,0.165,0.239,0.203,0.196,0.179,0.177,0.167,0.201,
0.0,0.162,0.186,0.148,0.202,0.274,0.167,0.261,0.195,0.195,0.231,0.216,0.251,0.209,0.22,0.119,0.162,0.145,0.185,0.2,0.152,0.106,0.166,0.184,0.232,0.216,0.207,0.174,0.164,0.233,0.195,0.28,0.247,0.16,0.227,0.204,0.242,0.222,0.252,0.177,0.176,0.145,0.2,0.222,0.248,0.101,0.234,0.154,0.231,0.148,0.223,0.202,0.275,0.216,0.166,0.208,0.221,0.205,0.213,0.197,0.197,0.201,0.233,0.181,0.209,0.218,0.102,0.259,0.235,0.17,0.257,0.245,0.258,0.245,0.14,0.256,0.203,0.231,0.227,0.222,0.223,0.168,0.207,0.229,0.264,0.106,0.205,0.256,0.187,0.186,0.197,0.228,0.205,0.212,0.216,0.111,0.184,0.28,0.2,0.219,
0.0,0.213,0.172,0.256,0.164,0.252,0.152,0.238,0.2,0.244,0.2,0.19,0.215,0.215,0.262,0.186,0.171,0.103,0.17,0.252,0.253,0.196,0.219,0.265,0.238,0.197,0.203,0.206,0.206,0.226,0.144,0.217,0.221,0.23,0.208,0.208,0.211,0.216,0.255,0.186,0.224,0.204,0.182,0.212,0.231,0.179,0.173,0.22,0.22,0.159,0.151,0.224,0.227,0.213,0.127,0.193,0.226,0.205,0.186,0.151,0.245,0.143,0.21,0.211,0.222,0.217,0.17,0.195,0.209,0.228,0.179,0.238,0.207,0.152,0.237,0.246,0.231,0.201,0.234,0.186,0.269,0.198,0.188,0.164,0.214,0.119,0.184,0.155,0.21,0.198,0.179,0.23,0.207,0.213,0.242,0.209,0.227,0.208,0.187,0.236,
0.0,0.215,0.297,0.23,0.245,0.275,0.161,0.202,0.18,0.25,0.229,0.18,0.238,0.196,0.202,0.219,0.219,0.2,0.227,0.232,0.23,0.219,0.232,0.165,0.212,0.269,0.238,0.117,0.227,0.231,0.189,0.22,0.264,0.225,0.231,0.155,0.202,0.26,0.292,0.231,0.225,0.183,0.17,0.204,0.212,0.283,0.2,0.253,0.17,0.144,0.241,0.202,0.267,0.236,0.197,0.18,0.111,0.225,0.218,0.2,0.21,0.185,0.25,0.281,0.221,0.2,0.164,0.208,0.27,0.185,0.223,0.187,0.216,0.178,0.284,0.153,0.252,0.204,0.2,0.199,0.218,0.174,0.172,0.206,0.133,0.22,0.218,0.268,0.21,0.172,0.166,0.234,0.17,0.265,0.262,0.21,0.223,0.229,0.245,0.212,
0.0,0.309,0.102,0.2,0.14,0.15,0.182,0.23,0.234,0.181,0.218,0.146,0.179,0.147,0.235,0.219,0.294,0.137,0.226,0.222,0.226,0.17,0.245,0.265,0.153,0.133,0.278,0.159,0.262,0.148,0.238,0.17,0.199,0.255,0.264,0.203,0.151,0.252,0.185,0.162,0.266,0.279,0.227,0.195,0.159,0.244,0.209,0.18,0.094,0.247,0.191,0.229,0.153,0.204,0.187,0.236,0.189,0.208,0.17,0.144,0.2,0.166,0.247,0.208,0.195,0.185,0.209,0.231,0.164,0.133,0.231,0.274,0.229,0.233,0.183,0.203,0.195,0.235,0.229,0.251,0.168,0.216,0.17,0.223,0.212,0.257,0.281,0.26,0.231,0.18,0.22,0.21,0.115,0.139,0.216,0.181,0.228,0.199,0.148,0.282,
0.0,0.15,0.243,0.257,0.24,0.207,0.219,0.214,0.178,0.211,0.19,0.113,0.253,0.213,0.121,0.221,0.221,0.121,0.115,0.248,0.184,0.2,0.183,0.223,0.248,0.181,0.233,0.208,0.202,0.224,0.251,0.126,0.214,0.256,0.237,0.198,0.219,0.26,0.192,0.135,0.232,0.163,0.219,0.21,0.24,0.163,0.163,0.254,0.235,0.236,0.15,0.233,0.192,0.23,0.196,0.182,0.18,0.166,0.134,0.257,0.086,0.219,0.195,0.282,0.222,0.2,0.171,0.207,0.191,0.221,0.133,0.189,0.156,0.201,0.179,0.194,0.145,0.249,0.248,0.254,0.18,0.208,0.168,0.216,0.174,0.27,0.269,0.179,0.124,0.239,0.244,0.174,0.178,0.212,0.256,0.189,0.24,0.19,0.228,0.185,
0.0,0.1,0.142,0.169,0.147,0.177,0.214,0.159,0.196,0.205,0.127,0.115,0.176,0.18,0.133,0.223,0.139,0.134,0.219,0.202,0.12,0.135,0.165,0.202,0.246,0.169,0.138,0.225,0.071,0.191,0.186,0.163,0.16,0.228,0.139,0.247,0.133,0.193,0.226,0.114,0.206,0.139,0.193,0.07,0.238,0.197,0.119,0.147,0.192,0.192,0.215,0.184,0.19,0.132,0.117,0.108,0.173,0.21,0.207,0.141,0.218,0.111,0.212,0.067,0.17,0.242,0.225,0.144,0.24,0.07,0.156,0.216,0.178,0.264,0.149,0.183,0.051,0.188,0.196,0.193,0.202,0.151,0.211,0.214,0.14,0.225,0.204,0.205,0.247,0.156,0.148,0.063,0.118,0.18,0.267,0.278,0.208,-0.003,0.164,0.173,
0.0,0.212,0.245,0.259,0.163,0.229,0.167,0.306,0.186,0.212,0.147,0.261,0.148,0.224,0.15,0.245,0.233,0.276,0.172,0.19,0.216,0.225,0.238,0.233,0.129,0.242,0.235,0.222,0.287,0.244,0.251,0.199,0.233,0.195,0.242,0.24,0.197,0.29,0.227,0.282,0.231,0.2,0.256,0.186,0.235,0.266,0.24,0.254,0.254,0.271,0.176,0.268,0.252,0.218,0.199,0.282,0.125,0.245,0.231,0.178,0.176,0.284,0.247,0.17,0.229,0.165,0.238,0.136,0.212,0.242,0.216,0.282,0.245,0.2,0.18,0.231,0.186,0.163,0.284,0.281,0.21,0.24,0.224,0.247,0.254,0.134,0.134,0.264,0.188,0.236,0.186,0.271,0.216,0.163,0.247,0.214,0.212,0.19,0.287,0.152,
0.0,0.146,0.074,0.217,0.15,0.147,0.217,0.053,0.226,0.18,0.214,0.114,0.132,0.179,0.151,0.183,0.199,0.23,0.211,0.193,0.231,0.17,0.143,0.144,0.195,0.161,0.198,0.161,0.191,0.146,0.156,0.172,0.18,0.219,0.148,0.121,0.14,0.123,0.142,0.137,0.154,0.108,0.142,0.196,0.194,0.134,0.078,0.14,0.174,0.168,0.081,0.126,0.166,0.167,0.198,0.229,0.152,0.11,0.236,0.192,0.149,0.154,0.141,0.17,0.201,0.158,0.186,0.088,0.134,0.104,0.179,0.181,0.183,0.092,0.11,0.159,0.105,0.147,0.08,0.172,0.224,0.234,0.155,0.173,0.158,0.149,0.096,0.121,0.135,0.157,0.161,0.181,0.163,0.07,0.071,0.136,0.128,0.104,0.123,0.169,
0.0,0.205,0.332,0.062,0.223,0.251,0.231,0.227,0.273,0.234,0.177,0.146,0.146,0.32,0.183,0.258,0.229,0.27,0.136,0.143,0.172,0.217,0.208,0.197,0.266,0.273,0.281,0.17,0.217,0.217,0.164,0.078,0.164,0.168,0.179,0.206,0.148,0.32,0.291,0.225,0.229,0.292,0.157,0.166,0.221,0.211,0.204,0.251,0.183,0.28,0.139,0.174,0.117,0.143,0.258,0.308,0.215,0.231,0.15,0.209,0.283,0.27,0.315,0.177,0.129,0.199,0.097,0.073,0.217,0.361,0.217,0.229,0.225,0.097,0.136,0.168,0.152,0.208,0.174,0.265,0.247,0.283,0.266,0.181,0.234,0.337,0.185,0.208,0.305,0.252,0.211,0.051,0.089,0.243,0.268,0.152,0.177,0.231,0.309,0.139,
0.0,0.108,0.207,0.223,0.176,0.186,0.2,0.227,0.15,0.238,0.199,0.194,0.167,0.17,0.227,0.183,0.259,0.239,0.22,0.224,0.199,0.197,0.257,0.201,0.244,0.075,0.195,0.271,0.266,0.254,0.145,0.245,0.173,0.195,0.288,0.193,0.262,0.191,0.211,0.247,0.277,0.175,0.207,0.24,0.249,0.257,0.203,0.199,0.264,0.182,0.237,0.164,0.21,0.138,0.259,0.197,0.123,0.21,0.22,0.268,0.228,0.183,0.191,0.163,0.159,0.268,0.247,0.22,0.251,0.191,0.138,0.22,0.222,0.251,0.164,0.191,0.135,0.256,0.247,0.261,0.203,0.22,0.207,0.2,0.167,0.248,0.218,0.218,0.24,0.199,0.244,0.241,0.171,0.237,0.149,0.153,0.229,0.227,0.214,0.197,
0.0,0.189,0.098,0.14,0.134,0.148,0.189,0.159,0.2,0.188,0.167,0.228,0.182,0.118,0.129,0.203,0.185,0.184,0.148,0.142,0.242,0.204,0.246,0.122,0.153,0.168,0.23,0.059,0.167,0.181,0.187,0.133,0.147,0.177,0.155,0.159,0.177,0.216,0.229,0.086,0.076,0.145,0.213,0.126,0.151,0.15,0.183,0.146,0.192,0.256,0.157,0.088,0.128,0.173,0.191,0.114,0.172,0.173,0.193,0.153,0.196,0.18,0.062,0.145,0.201,0.189,0.141,0.209,0.147,0.17,0.153,0.193,0.19,0.065,0.11,0.202,0.152,0.159,0.084,0.153,0.218,0.197,0.162,0.256,0.211,0.217,0.206,0.212,0.186,0.189,0.166,0.197,0.071,0.194,0.123,0.24,0.172,0.191,0.151,0.112,
0.0,0.179,0.184,0.217,0.188,0.262,0.125,0.184,0.245,0.188,0.285,0.254,0.216,0.19,0.171,0.239,0.253,0.178,0.168,0.173,0.246,0.215,0.247,0.238,0.254,0.238,0.24,0.129,0.12,0.178,0.261,0.226,0.173,0.152,0.283,0.25,0.156,0.219,0.232,0.255,0.255,0.178,0.227,0.243,0.247,0.2,0.232,0.217,0.206,0.107,0.213,0.201,0.18,0.239,0.169,0.156,0.23,0.209,0.065,0.043,0.247,0.156,0.239,0.159,0.265,0.235,0.192,0.202,0.241,0.176,0.196,0.241,0.219,0.221,0.214,0.117,0.031,0.281,0.244,0.261,0.168,0.239,0.1,0.248,0.188,0.225,0.186,0.253,0.188,0.175,0.187,0.219,0.23,0.254,0.254,0.161,0.184,0.262,0.198,0.079,
0.0,0.169,0.125,0.23,0.118,0.145,0.182,0.205,0.115,0.121,0.111,0.194,0.132,0.141,0.168,0.188,0.173,0.106,0.116,0.161,0.138,0.13,0.186,0.174,0.226,0.067,0.145,0.187,0.168,0.145,0.157,0.189,0.104,0.135,0.184,0.179,0.195,0.186,0.082,0.17,0.154,0.135,0.128,0.142,0.206,0.165,0.173,0.188,0.171,0.23,0.197,0.157,0.14,0.145,0.105,0.152,0.2,0.045,0.182,0.146,0.06,0.218,0.164,0.141,0.204,0.104,0.251,0.16,0.12,0.094,0.222,0.16,0.124,0.128,0.103,0.13,0.167,0.201,0.218,0.15,0.216,0.182,0.126,0.124,0.177,0.148,0.211,0.198,0.149,0.111,0.173,0.087,0.133,0.119,0.098,0.177,0.174,0.08,0.097,0.037,
0.0,0.214,0.131,0.231,0.172,0.158,0.215,0.211,0.216,0.213,0.212,0.215,0.213,0.199,0.189,0.225,0.177,0.053,0.174,0.238,0.126,0.041,0.226,0.214,0.171,0.184,0.179,0.197,0.158,0.199,0.146,0.218,0.245,0.173,0.196,0.239,0.165,0.206,0.238,0.187,0.217,0.143,0.235,0.182,0.228,0.168,0.207,0.166,0.183,0.122,0.204,0.153,0.192,0.171,0.228,0.177,0.221,0.194,0.243,0.155,0.249,0.238,0.178,0.24,0.189,0.161,0.189,0.151,0.14,0.203,0.194,0.193,0.227,0.157,0.099,0.176,0.216,0.187,0.21,0.196,0.154,0.159,0.169,0.231,0.214,0.18,0.172,0.132,0.256,0.207,0.14,0.221,0.217,0.194,0.164,0.181,0.136,0.133,0.145,0.23,
0.0,0.211,0.169,0.252,0.216,0.235,0.257,0.186,0.223,0.172,0.13,0.238,0.23,0.2,0.166,0.215,0.177,0.226,0.253,0.204,0.106,0.182,0.24,0.163,0.18,0.227,0.221,0.126,0.188,0.21,0.226,0.257,0.257,0.184,0.116,0.226,0.215,0.098,0.249,0.173,0.217,0.194,0.244,0.26,0.228,0.168,0.251,0.268,0.102,0.196,0.186,0.261,0.191,0.219,0.213,0.225,0.281,0.192,0.176,0.23,0.19,0.092,0.255,0.186,0.168,0.184,0.249,0.226,0.198,0.21,0.172,0.215,0.22,0.242,0.161,0.211,0.188,0.223,0.222,0.219,0.19,0.308,0.208,0.23,0.265,0.192,0.195,0.209,0.208,0.217,0.228,0.253,0.221,0.226,0.239,0.16,0.173,0.225,0.25,0.148,
0.0,0.069,0.214,0.152,0.256,0.192,0.176,0.187,0.18,0.248,0.223,0.204,0.231,0.236,0.172,0.212,0.255,0.148,0.245,0.159,0.27,0.157,0.259,0.234,0.229,0.137,0.193,0.157,0.275,0.206,0.189,0.216,0.225,0.214,0.172,0.159,0.243,0.187,0.216,0.187,0.216,0.238,0.21,0.289,0.168,0.212,0.166,0.22,0.21,0.168,0.257,0.216,0.208,0.168,0.172,0.208,0.278,0.172,0.151,0.24,0.272,0.139,0.25,0.257,0.164,0.218,0.229,0.17,0.214,0.2,0.191,0.236,0.191,0.257,0.187,0.24,0.231,0.159,0.253,0.221,0.208,0.262,0.143,0.218,0.252,0.193,0.241,0.172,0.245,0.216,0.17,0.24,0.243,0.229,0.218,0.202,0.229,0.272,0.238,0.204,
0.0,0.268,0.213,0.246,0.194,0.193,0.187,0.212,0.218,0.251,0.233,0.16,0.146,0.264,0.312,0.146,0.244,0.141,0.199,0.164,0.159,0.258,0.252,0.261,0.17,0.112,0.238,0.242,0.109,0.19,0.225,0.103,0.167,0.185,0.258,0.135,0.254,0.231,0.176,0.266,0.211,0.223,0.132,0.195,0.231,0.166,0.243,0.261,0.072,0.199,0.21,0.268,0.175,0.237,0.204,0.226,0.201,0.202,0.189,0.117,0.181,0.249,0.262,0.197,0.251,0.205,0.163,0.214,0.201,0.193,0.266,0.206,0.224,0.23,0.27,0.209,0.101,0.194,0.101,0.246,0.15,0.244,0.255,0.2,0.224,0.225,0.197,0.216,0.173,0.2,0.252,0.14,0.223,0.17,0.15,0.219,0.142,0.024,0.241,0.143,
0.0,0.207,0.196,0.107,0.219,0.161,0.145,0.204,0.176,0.166,0.217,0.179,0.202,0.214,0.164,0.214,0.226,0.201,0.163,0.206,0.184,0.208,0.2,0.209,0.138,0.146,0.141,0.229,0.17,0.174,0.215,0.172,0.152,0.221,0.187,0.201,0.22,0.208,0.248,0.172,0.19,0.205,0.181,0.219,0.158,0.209,0.161,0.207,0.232,0.195,0.268,0.199,0.178,0.201,0.208,0.194,0.198,0.144,0.253,0.141,0.19,0.216,0.229,0.214,0.207,0.159,0.203,0.186,0.154,0.192,0.223,0.235,0.194,0.196,0.179,0.191,0.195,0.117,0.219,0.201,0.187,0.196,0.178,0.198,0.21,0.216,0.152,0.231,0.179,0.165,0.088,0.177,0.23,0.151,0.219,0.206,0.147,0.217,0.15,0.18,
0.0,0.125,0.189,0.049,0.165,0.182,0.218,0.217,0.152,0.196,0.203,0.144,0.199,0.18,0.15,0.109,0.188,0.226,0.182,0.251,0.18,0.203,0.166,0.112,0.144,0.193,0.174,0.144,0.186,0.22,0.171,0.179,0.197,0.21,0.126,0.142,0.253,0.2,0.175,0.133,0.201,0.132,0.144,0.226,0.177,0.19,0.124,0.185,0.2,0.226,0.188,0.163,0.21,0.138,0.182,0.212,0.215,0.209,0.242,0.1,0.131,0.148,0.175,0.196,0.208,0.183,0.187,0.199,0.22,0.15,0.181,0.219,0.163,0.195,0.111,0.205,0.145,0.158,0.216,0.201,0.148,0.208,0.203,0.206,0.227,0.178,0.218,0.208,0.174,0.184,0.168,0.174,0.235,0.189,0.225,0.187,0.187,0.229,0.219,0.19,
0.0,0.324,0.252,0.192,0.265,0.173,0.238,0.18,0.278,0.202,0.169,0.196,0.259,0.225,0.229,0.305,0.198,0.265,0.238,0.243,0.215,0.243,0.173,0.178,0.247,0.165,0.25,0.186,0.165,0.186,0.286,0.15,0.225,0.245,0.248,0.278,0.167,0.12,0.253,0.229,0.167,0.212,0.196,0.291,0.124,0.194,0.234,0.19,0.102,0.219,0.255,0.2,0.145,0.154,0.204,0.294,0.223,0.239,0.221,0.274,0.165,0.252,0.206,0.252,0.156,0.221,0.163,0.217,0.188,0.272,0.239,0.204,0.188,0.223,0.186,0.247,0.229,0.202,0.267,0.215,0.2,0.219,0.252,0.124,0.255,0.234,0.196,0.131,0.285,0.245,0.188,0.145,0.278,0.283,0.221,0.204,0.176,0.184,0.264,0.223,
0.0,0.136,0.193,0.237,0.197,0.211,0.202,0.143,0.207,0.205,0.233,0.217,0.258,0.249,0.244,0.117,0.226,0.173,0.242,0.219,0.219,0.232,0.268,0.233,0.196,0.207,0.246,0.224,0.215,0.221,0.258,0.251,0.162,0.237,0.16,0.167,0.173,0.232,0.211,0.177,0.283,0.169,0.249,0.249,0.224,0.131,0.228,0.173,0.221,0.213,0.177,0.222,0.19,0.188,0.185,0.255,0.192,0.237,0.162,0.256,0.179,0.162,0.197,0.198,0.145,0.283,0.261,0.219,0.156,0.219,0.136,0.248,0.263,0.215,0.196,0.297,0.165,0.147,0.154,0.205,0.145,0.179,0.187,0.281,0.217,0.239,0.181,0.036,0.046,0.211,0.257,0.047,0.238,0.162,0.152,0.205,0.21,0.187,0.195,0.191,
0.0,0.264,0.302,0.244,0.165,0.125,0.269,0.216,0.218,0.229,0.174,0.214,0.252,0.269,0.22,0.204,0.21,0.208,0.242,0.218,0.247,0.24,0.251,0.129,0.251,0.279,0.154,0.141,0.21,0.188,0.184,0.301,0.154,0.222,0.285,0.141,0.22,0.218,0.22,0.182,0.09,0.216,0.304,0.202,0.227,0.254,0.225,0.251,0.216,0.127,0.182,0.271,0.159,0.269,0.21,0.236,0.22,0.242,0.141,0.152,0.122,0.256,0.146,0.206,0.244,0.24,0.168,0.195,0.266,0.193,0.202,0.29,0.216,0.22,0.298,0.254,0.225,0.225,0.134,0.17,0.264,0.229,0.188,0.257,0.281,0.197,0.249,0.212,0.218,0.186,0.212,0.247,0.282,0.15,0.184,0.292,0.172,0.277,0.247,0.222,
0.0,0.119,0.105,0.194,0.229,0.128,0.251,0.204,0.217,0.272,0.219,0.145,0.235,0.219,0.202,0.165,0.212,0.17,0.136,0.211,0.19,0.063,0.209,0.183,0.198,0.148,0.13,0.165,0.076,0.176,0.283,0.104,0.123,0.149,0.198,0.21,0.115,0.116,0.208,0.173,0.212,0.158,0.202,0.139,0.2,0.135,0.193,0.217,0.162,0.155,0.26,0.239,0.188,0.179,0.212,0.258,0.178,0.215,0.279,0.189,0.113,0.095,0.249,0.11,0.222,0.21,0.19,0.266,0.207,0.133,0.145,0.234,0.221,0.24,0.165,0.164,0.241,0.215,0.184,0.224,0.166,0.153,0.218,0.16,0.142,0.188,0.159,0.253,0.175,0.209,0.203,0.249,0.181,0.271,0.215,0.211,0.213,0.21,0.148,0.189,
0.0,0.181,0.329,0.261,0.162,0.109,0.165,0.273,0.213,0.144,0.23,0.235,0.263,0.217,0.17,0.253,0.246,0.181,0.157,0.295,0.217,0.242,0.137,0.187,0.252,0.213,0.266,0.251,0.173,0.168,0.174,0.217,0.283,0.191,0.195,0.237,0.283,0.189,0.162,0.168,0.233,0.185,0.261,0.196,0.211,0.217,0.133,0.224,0.281,0.176,0.134,0.246,0.179,0.236,0.211,0.211,0.181,0.23,0.23,0.297,0.244,0.242,0.268,0.235,0.305,0.191,0.172,0.246,0.215,0.28,0.226,0.134,0.181,0.193,0.28,0.284,0.159,0.203,0.288,0.195,0.222,0.226,0.205,0.237,0.195,0.207,0.209,0.249,0.27,0.22,0.253,0.189,0.169,0.23,0.225,0.189,0.22,0.217,0.27,0.17,
0.0,0.229,0.156,0.162,0.203,0.168,0.193,0.123,0.202,0.202,0.115,0.142,0.206,0.246,0.183,0.152,0.259,0.22,0.093,0.216,0.087,0.185,0.162,0.206,0.237,0.212,0.219,0.054,0.2,0.136,0.121,0.187,0.182,0.221,0.145,0.153,0.182,0.254,0.145,0.116,0.128,0.115,0.183,0.184,0.2,0.152,0.153,0.212,0.188,0.221,0.21,0.16,0.097,0.193,0.244,0.244,0.18,0.177,0.145,0.198,0.202,0.142,0.155,0.189,0.146,0.174,0.21,0.178,0.13,0.244,0.168,0.119,0.21,0.175,0.174,0.105,0.188,0.063,0.199,0.177,0.165,0.184,0.132,0.196,0.203,0.233,0.153,0.23,0.072,0.144,0.148,0.148,0.209,0.087,0.229,0.159,0.186,0.174,0.225,0.192,
0.0,0.201,0.183,0.174,0.164,0.217,0.15,0.177,0.154,0.211,0.223,0.22,0.13,0.159,0.141,0.226,0.207,0.208,0.139,0.246,0.243,0.236,0.211,0.171,0.144,0.145,0.156,0.199,0.228,0.202,0.171,0.153,0.16,0.186,0.156,0.082,0.224,0.177,0.192,0.228,0.191,0.231,0.198,0.14,0.124,0.178,0.199,0.199,0.226,0.131,0.196,0.106,0.202,0.138,0.174,0.23,0.206,0.165,0.138,0.182,0.21,0.187,0.14,0.178,0.205,0.144,0.215,0.183,0.187,0.123,0.201,0.175,0.165,0.152,0.149,0.152,0.165,0.196,0.159,0.213,0.237,0.194,0.228,0.265,0.053,0.203,0.156,0.177,0.248,0.179,0.179,0.176,0.196,0.2,0.198,0.146,0.127,0.229,0.144,0.207,
0.0,0.139,0.144,0.182,0.225,0.188,0.162,0.14,0.183,0.152,0.223,0.274,0.096,0.168,0.188,0.153,0.224,0.2,0.153,0.183,0.229,0.213,0.214,0.235,0.21,0.154,0.2,0.222,0.252,0.203,0.209,0.189,0.207,0.212,0.224,0.237,0.133,0.145,0.161,0.253,0.143,0.201,0.224,0.131,0.164,0.231,0.256,0.192,0.233,0.233,0.225,0.165,0.23,0.252,0.241,0.159,0.149,0.184,0.186,0.208,0.122,0.177,0.25,0.196,0.248,0.245,0.219,0.22,0.2,0.174,0.181,0.236,0.247,0.211,0.138,0.184,0.245,0.188,0.215,0.223,0.17,0.195,0.224,0.176,0.19,0.223,0.207,0.252,0.197,0.22,0.175,0.24,0.158,0.189,0.181,0.274,0.184,0.199,0.17,0.201,
0.0,0.151,0.251,0.111,0.139,0.171,0.103,0.193,0.155,0.199,0.187,0.207,0.173,0.203,0.149,0.129,0.137,0.134,0.197,0.131,0.22,0.124,0.199,0.206,0.182,0.039,0.172,0.269,0.145,0.228,0.18,0.206,0.108,0.184,0.129,0.157,0.179,0.227,0.124,0.234,0.118,0.191,0.165,0.191,0.086,0.106,0.135,0.138,0.193,0.125,0.178,0.197,0.127,0.214,0.154,0.128,0.213,0.098,0.165,0.118,0.182,0.098,0.171,0.105,0.089,0.087,0.233,0.118,0.123,0.106,0.179,0.165,0.196,0.23,0.136,0.059,0.215,0.19,0.185,0.225,0.119,0.207,0.118,0.15,0.077,0.258,0.136,0.159,0.161,0.164,0.128,0.182,0.165,0.196,0.173,0.251,0.0,0.183,0.15,0.138,
0.0,0.214,0.248,0.2,0.248,0.191,0.173,0.098,0.257,0.248,0.219,0.177,0.226,0.157,0.174,0.113,0.194,0.258,0.154,0.161,0.127,0.227,0.172,0.233,0.188,0.205,0.223,0.189,0.193,0.098,0.198,0.257,0.239,0.248,0.253,0.286,0.159,0.166,0.189,0.229,0.147,0.206,0.112,0.225,0.157,0.244,0.207,0.24,0.194,0.206,0.184,0.188,0.208,0.201,0.202,0.153,0.186,0.19,0.198,0.103,0.198,0.239,0.209,0.214,0.142,0.208,0.216,0.237,0.271,0.267,0.226,0.15,0.203,0.244,0.256,0.167,0.239,0.188,0.222,0.22,0.194,0.277,0.242,0.152,0.098,0.194,0.16,0.228,0.214,0.191,0.189,0.231,0.191,0.177,0.233,0.248,0.144,0.164,0.184,0.187,
0.0,0.084,0.121,0.171,0.297,0.169,0.124,0.151,0.299,0.234,0.218,0.289,0.239,0.211,0.184,0.22,0.175,0.161,0.22,0.253,0.185,0.256,0.236,0.202,0.116,0.107,0.263,0.168,0.189,0.193,0.181,0.267,0.089,0.18,0.158,0.186,0.226,0.198,0.226,0.235,0.253,0.226,0.211,0.253,0.141,0.187,0.211,0.113,0.173,0.239,0.236,0.273,0.125,0.221,0.195,0.201,0.167,0.156,0.184,0.221,0.3,0.197,0.161,0.209,0.286,0.142,0.235,0.153,0.135,0.251,0.143,0.249,0.197,0.205,0.233,0.256,0.182,0.177,0.222,0.249,0.207,0.205,0.202,0.238,0.217,0.284,0.215,0.246,0.228,0.125,0.28,0.15,0.121,0.185,0.144,0.284,0.211,0.177,0.221,0.197,
0.0,0.116,0.145,0.18,0.165,0.177,0.17,0.191,0.224,0.134,0.23,0.205,0.182,0.202,0.201,0.233,0.207,0.182,0.199,0.217,0.177,0.145,0.223,0.157,0.253,0.189,0.19,0.147,0.246,0.172,0.226,0.199,0.135,0.261,0.176,0.161,0.14,0.145,0.185,0.226,0.242,0.14,0.221,0.209,0.237,0.153,0.208,0.162,0.266,0.14,0.193,0.195,0.248,0.172,0.216,0.247,0.222,0.182,0.208,0.203,0.181,0.238,0.17,0.166,0.103,0.126,0.205,0.165,0.211,0.177,0.249,0.177,0.146,0.24,0.263,0.236,0.276,0.08,0.227,0.203,0.202,0.228,0.232,0.174,0.193,0.2,0.184,0.19,0.206,0.19,0.229,0.261,0.195,0.208,0.196,0.219,0.22,0.142,0.174,0.164,
0.0,0.227,0.198,0.238,0.148,0.144,0.219,0.202,0.204,0.174,0.197,0.213,0.18,0.223,0.222,0.153,0.236,0.205,0.247,0.213,0.168,0.211,0.146,0.23,0.208,0.212,0.191,0.202,0.185,0.204,0.22,0.236,0.191,0.214,0.262,0.195,0.267,0.139,0.289,0.277,0.219,0.219,0.243,0.172,0.202,0.146,0.178,0.27,0.216,0.089,0.244,0.236,0.265,0.22,0.248,0.204,0.262,0.255,0.225,0.22,0.229,0.181,0.248,0.221,0.258,0.204,0.214,0.227,0.26,0.253,0.202,0.223,0.137,0.24,0.2,0.197,0.204,0.185,0.247,0.275,0.218,0.2,0.204,0.202,0.227,0.236,0.229,0.199,0.204,0.2,0.199,0.236,0.2,0.216,0.142,0.232,0.234,0.221,0.183,0.28,
0.0,0.139,0.177,0.175,0.195,0.133,0.087,0.144,0.129,0.12,0.109,0.195,0.141,0.159,0.19,0.156,0.201,0.141,0.168,0.069,0.147,0.167,0.176,0.143,0.194,0.203,0.085,0.173,0.065,0.144,0.155,0.156,0.206,0.133,0.195,0.133,0.066,0.214,0.17,0.161,0.109,0.141,0.197,0.158,0.192,0.192,0.143,0.167,0.127,0.158,0.148,0.159,0.048,0.17,0.156,0.208,0.172,0.244,0.157,0.201,0.185,0.16,0.167,0.172,0.187,0.188,0.193,0.112,0.224,0.152,0.14,0.129,0.2,0.133,0.194,0.166,0.194,0.185,0.099,0.152,0.152,0.132,0.159,0.213,0.197,0.159,0.221,0.182,0.09,0.158,0.084,0.081,0.151,0.193,0.163,0.221,0.126,0.179,0.141,0.187,
0.0,0.068,0.206,0.165,0.172,0.162,0.222,0.149,0.064,0.178,0.12,0.122,0.182,0.147,0.126,0.193,0.126,0.171,0.079,-0.032,0.125,0.12,0.177,0.187,0.136,0.196,0.054,0.132,0.084,0.055,0.146,0.087,0.16,0.169,0.206,0.167,0.08,0.229,0.114,0.226,0.133,0.196,0.113,0.087,0.251,0.128,0.088,0.123,0.129,0.126,0.079,0.112,0.22,0.225,0.176,0.085,0.142,0.157,0.072,0.12,0.152,0.2,0.155,0.145,0.143,0.136,0.15,0.183,0.182,0.142,0.175,0.144,0.19,0.092,0.168,0.16,0.196,0.177,0.073,0.207,0.141,0.081,0.088,0.169,0.179,0.202,0.076,0.108,0.085,0.177,0.121,0.118,0.137,0.154,0.144,0.111,0.192,0.176,0.166,0.166,
0.0,0.149,0.178,0.173,0.219,0.169,0.155,0.224,0.253,0.214,0.127,0.229,0.215,0.195,0.208,0.243,0.24,0.227,0.243,0.193,0.22,0.253,0.204,0.189,0.185,0.234,0.185,0.241,0.252,0.25,0.232,0.178,0.135,0.288,0.27,0.24,0.189,0.221,0.18,0.26,0.195,0.18,0.166,0.267,0.234,0.185,0.172,0.247,0.264,0.176,0.191,0.223,0.109,0.167,0.248,0.256,0.109,0.195,0.211,0.245,0.229,0.241,0.197,0.226,0.234,0.265,0.189,0.272,0.232,0.18,0.206,0.257,0.216,0.204,0.144,0.225,0.208,0.151,0.133,0.185,0.232,0.21,0.208,0.178,0.229,0.227,0.216,0.257,0.252,0.183,0.199,0.183,0.2,0.234,0.25,0.277,0.195,0.245,0.214,0.197,
0.0,0.153,0.172,0.221,0.221,0.043,0.089,0.103,0.229,0.222,0.23,0.215,0.158,0.266,0.068,0.22,0.148,0.158,0.246,0.231,0.28,0.221,0.159,0.143,0.142,0.133,0.16,0.148,0.223,0.19,0.18,0.225,0.185,0.205,0.232,0.231,0.125,0.192,0.17,0.256,0.231,0.266,0.162,0.16,0.143,0.223,0.212,0.175,0.165,0.089,0.161,0.145,0.115,0.108,0.147,0.158,0.152,0.245,0.21,0.204,0.12,0.249,0.089,0.071,0.1,0.173,0.186,0.179,0.143,0.243,0.178,0.22,0.164,0.093,0.226,0.19,0.178,0.128,0.189,0.203,0.174,0.241,0.187,0.218,0.247,0.215,0.165,0.236,0.175,0.257,0.132,0.194,0.222,0.24,0.183,0.252,0.214,0.238,0.214,0.204,
0.0,0.133,0.285,0.039,0.151,0.264,0.209,0.117,0.197,0.222,0.18,0.174,0.129,0.242,0.218,0.236,0.233,0.139,0.166,0.151,0.115,0.244,0.154,0.216,0.244,0.251,0.108,0.159,0.285,0.162,0.136,0.186,0.206,0.226,0.158,0.17,0.208,0.204,0.259,0.256,0.225,0.245,0.242,0.273,0.242,0.125,0.145,0.229,0.032,0.176,0.144,0.243,0.259,0.245,0.18,0.227,0.214,0.274,0.208,0.16,0.071,0.114,0.245,0.062,0.096,0.229,0.195,0.21,0.289,0.227,0.103,0.244,0.195,0.218,0.264,0.18,0.129,0.132,0.246,0.287,0.229,0.263,0.103,0.229,0.12,0.093,0.14,0.188,0.227,0.184,0.206,0.254,0.209,0.252,0.19,0.264,0.176,0.279,0.171,0.179,
0.0,0.062,0.262,0.185,0.172,0.116,0.229,0.231,0.232,0.126,0.12,0.213,0.186,0.131,0.175,0.175,0.175,0.214,0.143,0.172,0.195,0.143,0.221,0.161,0.208,0.162,0.274,0.208,0.175,0.128,0.164,0.143,0.214,0.215,0.208,0.188,0.224,0.159,0.187,0.249,0.115,0.201,0.227,0.152,0.203,0.182,0.2,0.211,0.162,0.209,0.204,0.188,0.192,0.143,0.206,0.246,0.197,0.19,0.2,0.08,0.176,0.226,0.134,0.185,0.212,0.086,0.183,0.204,0.188,0.196,0.161,0.14,0.172,0.114,0.204,0.161,0.091,0.153,0.097,0.085,0.105,0.117,0.219,0.122,0.203,0.177,0.134,0.155,0.162,0.197,0.162,0.188,0.144,0.146,0.211,0.251,0.124,0.039,0.27,0.105,
0.0,0.207,0.225,0.236,0.266,0.212,0.236,0.249,0.238,0.188,0.216,0.251,0.274,0.21,0.238,0.12,0.269,0.235,0.195,0.188,0.12,0.21,0.235,0.184,0.233,0.2,0.208,0.324,0.233,0.284,0.2,0.229,0.202,0.251,0.148,0.263,0.113,0.269,0.197,0.214,0.298,0.193,0.299,0.235,0.259,0.212,0.214,0.2,0.287,0.212,0.134,0.277,0.184,0.22,0.216,0.199,0.157,0.233,0.165,0.216,0.082,0.2,0.242,0.148,0.108,0.238,0.224,0.236,0.251,0.231,0.235,0.225,0.193,0.212,0.2,0.295,0.161,0.218,0.231,0.296,0.251,0.204,0.21,0.173,0.248,0.254,0.154,0.15,0.182,0.141,0.293,0.276,0.122,0.244,0.236,0.184,0.199,0.159,0.254,0.163,
0.0,0.102,0.147,0.158,0.141,0.141,0.138,0.183,0.161,0.152,0.165,0.164,0.097,0.158,0.162,0.142,0.103,0.153,0.206,0.157,0.195,0.133,0.162,0.2,0.185,0.105,0.14,0.199,0.167,0.164,0.16,0.168,0.176,0.171,0.113,0.179,0.113,0.183,0.213,0.114,0.102,0.266,0.105,0.134,0.173,0.141,0.134,0.147,0.188,0.142,0.184,0.207,0.195,0.156,0.154,0.206,0.139,0.191,0.171,0.142,0.198,0.171,0.217,0.189,0.212,0.171,0.249,0.137,0.18,0.181,0.142,0.165,0.196,0.147,0.14,0.164,0.208,0.197,0.11,0.049,0.241,0.123,0.199,0.128,0.132,0.172,0.122,0.165,0.204,0.187,0.198,0.209,0.233,0.252,0.212,0.052,0.199,0.171,0.18,0.184,
0.0,0.232,0.323,0.232,0.143,0.107,0.252,0.23,0.189,0.101,0.183,0.229,0.108,0.213,0.118,0.068,0.195,0.246,0.212,0.149,0.181,0.164,0.199,0.158,0.21,0.122,0.082,0.248,0.203,0.173,0.145,0.16,0.15,0.152,0.138,0.22,0.18,0.209,0.195,0.152,0.177,0.184,0.205,0.2,0.212,0.225,0.234,0.054,0.218,0.194,0.13,0.159,0.2,0.198,0.207,0.193,0.199,0.152,0.193,0.204,0.183,0.155,0.195,0.2,0.221,0.184,0.18,0.16,0.194,0.197,0.162,0.178,0.166,0.2,0.109,0.215,0.201,0.141,0.225,0.193,0.184,0.203,0.128,0.184,0.163,0.243,0.233,0.162,0.21,0.13,0.216,0.179,0.25,0.211,0.139,0.136,0.204,0.179,0.189,0.187,
0.0,0.089,0.138,0.15,0.203,0.189,0.205,0.212,0.214,0.181,0.196,0.132,0.206,0.178,0.186,0.231,0.195,0.196,0.239,0.195,0.188,0.252,0.199,0.198,0.174,0.165,0.2,0.175,0.161,0.219,0.181,0.157,0.232,0.239,0.19,0.191,0.187,0.267,0.233,0.21,0.234,0.238,0.203,0.178,0.196,0.158,0.223,0.214,0.198,0.231,0.226,0.167,0.213,0.171,0.144,0.191,0.157,0.193,0.224,0.259,0.199,0.233,0.184,0.195,0.156,0.229,0.24,0.178,0.21,0.195,0.213,0.186,0.173,0.233,0.162,0.204,0.205,0.158,0.222,0.216,0.244,0.18,0.181,0.207,0.178,0.202,0.22,0.247,0.203,0.147,0.225,0.233,0.263,0.175,0.2,0.258,0.245,0.199,0.214,0.177,
0.0,0.164,0.232,0.275,0.213,0.233,0.235,0.221,0.246,0.222,0.169,0.156,0.253,0.239,0.2,0.237,0.23,0.239,0.165,0.255,0.241,0.26,0.233,0.265,0.179,0.27,0.23,0.221,0.287,0.241,0.19,0.145,0.224,0.162,0.183,0.2,0.271,0.175,0.196,0.258,0.244,0.177,0.201,0.253,0.158,0.237,0.237,0.265,0.154,0.239,0.149,0.248,0.217,0.244,0.27,0.239,0.213,0.2,0.222,0.283,0.196,0.221,0.171,0.235,0.233,0.16,0.102,0.209,0.181,0.248,0.261,0.255,0.251,0.188,0.211,0.215,0.196,0.219,0.221,0.271,0.246,0.211,0.188,0.207,0.224,0.268,0.217,0.239,0.275,0.256,0.215,0.237,0.217,0.203,0.142,0.209,0.196,0.185,0.228,0.226,
0.0,0.227,0.141,0.121,0.174,0.154,0.178,0.098,0.168,0.111,0.086,0.083,0.139,0.179,0.126,0.145,0.11,0.151,0.181,0.192,0.125,0.088,0.197,0.114,0.115,0.217,0.182,0.208,0.118,0.071,0.102,0.16,0.15,0.151,0.207,0.172,0.135,0.128,0.134,0.133,0.08,0.174,0.15,0.13,0.065,0.133,0.112,0.096,0.114,0.174,0.171,0.13,0.172,0.127,0.083,0.146,0.162,0.091,0.147,0.155,0.179,0.066,0.14,0.119,0.074,0.167,0.173,0.11,0.236,0.148,0.162,0.155,0.142,0.183,0.107,0.181,0.218,0.132,0.144,0.126,0.188,0.034,0.165,0.199,0.153,0.168,0.208,0.225,0.194,0.16,0.155,0.005,0.204,0.019,0.045,0.157,0.161,0.213,0.14,0.213,
0.0,0.186,0.182,0.221,0.055,0.231,0.294,0.224,0.213,0.091,0.148,0.208,0.142,0.188,0.212,0.165,0.155,0.216,0.153,0.188,0.226,0.219,0.279,0.265,0.196,0.226,0.179,0.096,0.228,0.174,0.164,0.186,0.2,0.114,0.277,0.234,0.118,0.146,0.276,0.253,0.139,0.22,-0.027,0.243,0.206,0.202,0.253,0.159,0.191,0.194,0.152,0.149,0.186,0.157,0.12,0.252,0.167,0.204,0.191,0.097,0.242,0.189,0.205,0.085,0.23,0.181,0.223,0.155,0.226,0.244,0.21,0.081,0.195,0.266,0.241,0.242,0.207,0.061,0.17,0.135,0.207,0.249,0.172,0.235,0.264,0.166,0.275,0.261,0.149,0.233,0.231,0.222,0.22,0.046,0.131,0.135,0.192,0.277,0.265,0.124,
0.0,0.289,0.207,0.223,0.203,0.207,0.141,0.268,0.165,0.217,0.219,0.284,0.192,0.22,0.195,0.152,0.165,0.257,0.199,0.192,0.229,0.179,0.222,0.204,0.246,0.137,0.203,0.124,0.213,0.203,0.207,0.235,0.258,0.164,0.157,0.26,0.162,0.207,0.245,0.116,0.257,0.148,0.203,0.23,0.225,0.145,0.201,0.113,0.218,0.185,0.219,0.192,0.231,0.139,0.11,0.239,0.182,0.178,0.191,0.244,0.124,0.173,0.201,0.269,0.177,0.234,0.262,0.228,0.154,0.17,0.182,0.245,0.241,0.155,0.22,0.172,0.246,0.162,0.169,0.199,0.221,0.13,0.225,0.101,0.246,0.261,0.154,0.228,0.203,0.178,0.183,0.247,0.011,0.091,0.227,0.214,0.235,0.226,0.207,0.106,
0.0,0.066,0.256,0.224,0.256,0.215,0.018,0.071,0.075,0.232,0.188,0.239,0.185,0.184,0.134,0.167,0.147,0.224,0.193,0.152,0.22,0.118,0.04,0.172,0.181,0.136,0.139,0.175,0.125,0.202,0.129,0.187,0.226,0.205,0.2,0.125,0.192,0.149,0.155,0.154,0.175,0.211,0.241,0.25,0.163,0.178,0.201,0.172,0.26,0.156,0.09,0.179,0.161,0.247,0.074,0.189,0.214,0.143,0.141,0.151,0.239,0.167,0.235,0.173,0.106,0.23,0.16,0.197,0.187,0.182,0.039,0.183,0.109,0.098,0.188,0.215,0.163,0.187,0.175,0.188,0.119,0.237,0.117,0.181,0.2,0.22,0.12,0.141,0.127,0.069,0.144,0.217,0.229,0.198,0.195,0.197,0.17,0.248,0.019,0.18,
0.0,0.229,0.261,0.255,0.163,0.244,0.277,0.243,0.214,0.252,0.25,0.262,0.136,0.186,0.156,0.102,0.229,0.302,0.141,0.245,0.259,0.227,0.27,0.178,0.272,0.169,0.26,0.204,0.274,0.208,0.196,0.274,0.303,0.167,0.247,0.283,0.272,0.204,0.221,0.169,0.107,0.229,0.232,0.278,0.163,0.204,0.275,0.229,0.143,0.122,0.278,0.206,0.247,0.131,0.18,0.247,0.19,0.247,0.26,0.206,0.141,0.23,0.285,0.253,0.27,0.145,0.221,0.154,0.112,0.27,0.277,0.239,0.227,0.158,0.275,0.259,0.234,0.221,0.178,0.105,0.074,0.171,0.262,0.147,0.23,0.238,0.267,0.171,0.245,0.217,0.248,0.243,0.215,0.156,0.165,0.156,0.23,0.196,0.194,0.163,
0.0,0.183,0.198,0.207,0.23,0.198,0.191,0.23,0.155,0.257,0.199,0.216,0.229,0.241,0.197,0.206,0.168,0.2,0.245,0.187,0.185,0.245,0.281,0.253,0.193,0.218,0.229,0.28,0.142,0.229,0.304,0.223,0.155,0.104,0.234,0.245,0.212,0.246,0.191,0.2,0.223,0.162,0.155,0.218,0.202,0.13,0.262,0.144,0.238,0.232,0.121,0.267,0.218,0.18,0.172,0.225,0.231,0.225,0.252,0.255,0.166,0.252,0.247,0.155,0.234,0.157,0.212,0.229,0.26,0.187,0.265,0.238,0.208,0.255,0.255,0.243,0.18,0.174,0.174,0.227,0.225,0.252,0.232,0.229,0.272,0.264,0.221,0.159,0.247,0.218,0.26,0.202,0.208,0.255,0.24,0.223,0.283,0.236,0.22,0.172,
0.0,0.027,0.215,0.113,0.241,0.149,0.278,0.216,0.227,0.149,0.203,0.191,0.166,0.201,0.235,0.195,0.131,0.234,0.189,0.222,0.24,0.237,0.262,0.164,0.172,0.216,0.258,0.255,0.185,0.218,0.233,0.183,0.227,0.135,0.262,0.216,0.153,0.289,0.199,0.249,0.235,0.271,0.246,0.216,0.199,0.274,0.108,0.219,0.21,0.165,0.303,0.176,0.254,0.199,0.124,0.231,0.192,0.204,0.205,0.231,0.237,0.237,0.175,0.273,0.22,0.277,0.181,0.201,0.211,0.2,0.157,0.264,0.224,0.222,0.195,0.214,0.169,0.197,0.277,0.278,0.244,0.162,0.22,0.267,0.168,0.276,0.173,0.201,0.257,0.197,0.214,0.175,0.174,0.26,0.212,0.24,0.181,0.291,0.135,0.203,
0.0,0.266,0.246,0.213,0.149,0.045,0.2,0.125,0.276,0.283,0.209,0.217,0.111,0.259,0.217,0.308,0.26,0.07,0.32,0.06,0.236,0.207,0.219,0.259,0.243,0.149,0.129,0.316,0.203,0.123,0.268,0.313,0.168,0.228,0.027,0.279,0.207,0.225,0.207,0.235,0.203,0.313,0.246,0.137,0.253,0.239,0.318,0.159,0.255,0.172,0.11,0.176,0.303,0.27,0.235,0.132,0.232,0.261,0.123,0.278,0.239,0.183,0.187,0.215,0.218,0.111,0.252,0.217,0.226,0.289,0.114,0.215,0.226,0.137,0.261,0.207,0.273,0.176,0.211,0.118,0.263,0.217,0.103,0.113,0.249,0.073,0.263,0.213,0.246,0.168,0.262,0.215,0.286,0.265,0.179,0.198,0.198,0.144,0.238,0.225,
0.0,0.099,0.133,0.284,0.16,0.166,0.222,0.133,0.214,0.266,0.155,0.158,0.235,0.205,0.207,0.205,0.199,0.233,0.224,0.153,0.256,0.216,0.211,0.211,0.218,0.166,0.138,0.264,0.195,0.224,0.226,0.218,0.158,0.269,0.203,0.237,0.168,0.287,0.187,0.254,0.211,0.173,0.175,0.247,0.191,0.261,0.195,0.224,0.222,0.249,0.181,0.28,0.216,0.214,0.249,0.191,0.197,0.179,0.247,0.147,0.207,0.284,0.177,0.185,0.297,0.247,0.207,0.227,0.14,0.227,0.209,0.114,0.227,0.251,0.16,0.314,0.181,0.256,0.175,0.245,0.209,0.271,0.153,0.266,0.247,0.207,0.216,0.179,0.135,0.227,0.218,0.16,0.254,0.293,0.247,0.189,0.231,0.28,0.235,0.282,
0.0,0.059,0.114,0.195,0.124,0.127,0.133,0.141,0.15,0.102,0.214,0.145,0.171,0.131,0.143,0.154,0.217,0.083,0.118,0.201,0.089,0.059,0.193,0.21,0.183,0.137,0.182,0.199,0.205,0.171,0.162,0.087,0.23,0.178,0.156,0.2,0.167,0.151,0.094,0.057,0.127,0.178,0.165,0.185,0.126,0.122,0.188,0.107,0.168,0.153,0.17,0.129,0.125,0.171,0.212,0.089,0.111,0.135,0.214,0.128,0.1,0.103,0.231,0.153,0.08,0.05,0.054,0.058,0.102,0.05,0.135,0.138,0.142,0.153,0.173,0.198,0.129,0.127,0.085,0.156,0.133,0.163,0.177,0.119,0.165,0.166,0.141,0.171,0.027,0.136,0.171,0.119,0.152,0.107,0.172,0.192,0.111,0.175,0.194,0.217,
0.0,0.226,0.291,0.146,0.231,0.219,0.266,0.239,0.258,0.16,0.281,0.265,0.213,0.258,0.201,0.251,0.224,0.188,0.211,0.165,0.226,0.228,0.188,0.222,0.203,0.217,0.207,0.126,0.295,0.213,0.237,0.246,0.203,0.213,0.173,0.192,0.196,0.246,0.198,0.179,0.162,0.265,0.261,0.242,0.228,0.249,0.209,0.205,0.205,0.275,0.117,0.154,0.263,0.188,0.242,0.201,0.295,0.213,0.203,0.248,0.217,0.239,0.194,0.276,0.169,0.215,0.173,0.239,0.194,0.183,0.251,0.181,0.192,0.205,0.171,0.196,0.188,0.239,0.233,0.276,0.207,0.261,0.183,0.203,0.221,0.239,0.261,0.215,0.26,0.183,0.194,0.201,0.162,0.188,0.173,0.179,0.194,0.279,0.251,0.224,
0.0,0.19,0.199,0.119,0.251,0.261,0.228,0.213,0.234,0.173,0.249,0.217,0.233,0.176,0.172,0.208,0.215,0.222,0.24,0.222,0.223,0.192,0.233,0.112,0.21,0.18,0.231,0.203,0.106,0.212,0.244,0.269,0.177,0.215,0.215,0.258,0.192,0.241,0.208,0.258,0.217,0.114,0.239,0.177,0.181,0.171,0.258,0.181,0.183,0.128,0.207,0.16,0.194,0.239,0.188,0.232,0.146,0.142,0.268,0.201,0.186,0.202,0.173,0.201,0.224,0.209,0.226,0.258,0.163,0.201,0.253,0.175,0.196,0.168,0.24,0.206,0.2,0.214,0.206,0.201,0.186,0.209,0.201,0.202,0.235,0.226,0.203,0.209,0.247,0.264,0.23,0.194,0.226,0.154,0.269,0.22,0.203,0.192,0.229,0.183,
0.0,0.255,0.14,0.113,0.239,0.248,0.196,0.156,0.209,0.149,0.185,0.137,0.213,0.229,0.209,0.175,0.175,0.17,0.22,0.247,0.145,0.205,0.207,0.162,0.17,0.134,0.221,0.205,0.167,0.158,0.268,0.155,0.173,0.238,0.205,0.157,0.199,0.219,0.212,0.218,0.164,0.217,0.208,0.2,0.208,0.228,0.206,0.23,0.261,0.158,0.217,0.23,0.236,0.212,0.208,0.213,0.23,0.243,0.182,0.181,0.163,0.214,0.18,0.275,0.207,0.168,0.213,0.138,0.213,0.16,0.213,0.22,0.178,0.228,0.165,0.244,0.217,0.216,0.183,0.198,0.152,0.219,0.152,0.178,0.182,0.253,0.219,0.245,0.184,0.175,0.224,0.181,0.192,0.208,0.263,0.228,0.186,0.19,0.206,0.209,
0.0,0.201,0.131,0.179,0.209,0.236,0.198,0.208,0.208,0.208,0.206,0.21,0.208,0.22,0.234,0.196,0.199,0.185,0.209,0.215,0.242,0.118,0.219,0.224,0.216,0.16,0.243,0.235,0.229,0.247,0.226,0.244,0.21,0.258,0.173,0.227,0.19,0.157,0.211,0.2,0.163,0.208,0.204,0.261,0.196,0.212,0.206,0.218,0.193,0.237,0.213,0.243,0.162,0.18,0.184,0.199,0.249,0.249,0.255,0.158,0.211,0.181,0.18,0.236,0.251,0.189,0.211,0.221,0.17,0.248,0.227,0.249,0.142,0.26,0.201,0.249,0.212,0.202,0.21,0.227,0.232,0.21,0.234,0.284,0.188,0.141,0.216,0.226,0.214,0.18,0.253,0.168,0.224,0.263,0.163,0.219,0.208,0.205,0.191,0.215,
0.0,0.236,0.276,0.24,0.273,0.239,0.27,0.231,0.27,0.124,0.255,0.29,0.228,0.208,0.136,0.192,0.282,0.275,0.246,0.237,0.228,0.239,0.22,0.124,0.186,0.324,0.27,0.314,0.194,0.156,0.14,0.268,0.226,0.256,0.176,0.29,0.293,0.237,0.282,0.282,0.255,0.229,0.147,0.07,0.285,0.228,0.104,0.165,0.226,0.277,0.192,0.188,0.208,0.311,0.321,0.222,0.235,0.167,0.22,0.229,0.288,0.169,0.109,0.283,0.314,0.156,0.294,0.188,0.302,0.226,0.26,0.188,0.086,0.265,0.262,0.156,0.208,0.248,0.3,0.297,0.161,0.212,0.212,0.126,0.293,0.165,0.244,0.152,0.296,0.128,0.258,0.128,0.262,0.237,0.22,0.178,0.094,0.184,0.253,0.196,
0.0,0.086,0.062,0.197,0.188,0.168,0.222,0.185,0.14,0.193,0.201,0.204,0.092,0.182,0.251,0.198,0.177,0.168,0.234,0.123,0.216,0.181,0.18,0.154,0.182,0.158,0.196,0.258,0.166,0.104,0.214,0.169,0.229,0.172,0.2,0.17,0.223,0.2,0.252,0.13,0.134,0.238,0.182,0.181,0.144,0.167,0.233,0.21,0.136,0.177,0.193,0.16,0.175,0.157,0.133,0.231,0.173,0.189,0.194,0.256,0.197,0.166,0.202,0.176,0.204,0.267,0.209,0.192,0.202,0.197,0.173,0.164,0.233,0.224,0.173,0.104,0.186,0.214,0.199,0.13,0.21,0.247,0.233,0.184,0.142,0.209,0.199,0.193,0.063,0.213,0.243,0.189,0.193,0.228,0.193,0.243,0.149,0.19,0.234,0.161,
0.0,0.222,0.217,0.275,0.18,0.189,0.123,0.17,0.257,0.241,0.145,0.236,0.253,0.199,0.188,0.129,0.249,0.154,0.05,0.222,0.186,0.22,0.224,0.151,0.117,0.243,0.116,0.14,0.144,0.042,0.049,0.032,0.144,0.253,0.167,0.133,0.121,0.244,0.113,0.182,0.105,0.167,0.258,0.21,0.137,0.217,0.188,0.199,0.139,0.208,0.18,0.116,0.22,0.26,0.201,0.292,0.138,0.145,0.259,0.229,0.086,0.165,0.208,0.177,0.207,0.258,0.195,0.202,0.247,0.217,0.238,0.211,0.218,0.167,0.25,0.109,0.17,0.223,0.163,0.261,0.214,0.264,0.233,0.237,0.257,0.247,0.171,0.244,0.153,0.303,0.183,0.22,0.242,0.191,0.232,0.055,0.233,0.242,0.155,0.235,
0.0,0.155,0.209,0.232,0.22,0.157,0.26,0.222,0.203,0.162,0.141,0.275,0.165,0.226,0.238,0.213,0.2,0.219,0.222,0.217,0.226,0.224,0.154,0.178,0.203,0.207,0.224,0.161,0.271,0.272,0.18,0.217,0.237,0.136,0.277,0.2,0.257,0.184,0.221,0.203,0.233,0.226,0.259,0.205,0.233,0.211,0.249,0.188,0.134,0.266,0.187,0.266,0.247,0.21,0.188,0.184,0.215,0.186,0.226,0.222,0.19,0.259,0.224,0.222,0.219,0.233,0.198,0.198,0.213,0.205,0.256,0.163,0.217,0.201,0.242,0.238,0.22,0.244,0.175,0.205,0.186,0.22,0.231,0.256,0.171,0.228,0.182,0.186,0.244,0.196,0.209,0.233,0.167,0.22,0.219,0.198,0.22,0.196,0.254,0.203,
0.0,0.059,0.227,0.192,0.266,0.189,0.214,0.233,0.226,0.269,0.231,0.197,0.238,0.144,0.164,0.193,0.197,0.164,0.274,0.17,0.233,0.209,0.266,0.193,0.238,0.229,0.235,0.218,0.173,0.235,0.187,0.173,0.242,0.266,0.264,0.189,0.218,0.216,0.197,0.216,0.214,0.216,0.235,0.147,0.24,0.205,0.128,0.269,0.242,0.237,0.187,0.28,0.229,0.201,0.17,0.207,0.242,0.195,0.179,0.284,0.257,0.245,0.266,0.231,0.191,0.203,0.226,0.197,0.256,0.222,0.222,0.162,0.211,0.235,0.299,0.177,0.207,0.183,0.177,0.251,0.247,0.237,0.245,0.181,0.256,0.158,0.257,0.207,0.197,0.251,0.203,0.266,0.199,0.213,0.185,0.119,0.264,0.242,0.254,0.259,
0.0,0.247,0.278,0.205,0.183,0.24,0.218,0.191,0.252,0.187,0.254,0.267,0.297,0.175,0.214,0.214,0.251,0.197,0.252,0.222,0.158,0.245,0.235,0.218,0.179,0.211,0.199,0.226,0.237,0.193,0.237,0.282,0.191,0.237,0.238,0.226,0.261,0.209,0.251,0.244,0.207,0.244,0.185,0.257,0.218,0.201,0.207,0.203,0.249,0.257,0.264,0.224,0.138,0.254,0.227,0.155,0.233,0.227,0.237,0.222,0.262,0.244,0.183,0.135,0.207,0.216,0.244,0.187,0.264,0.267,0.189,0.254,0.164,0.235,0.183,0.245,0.218,0.193,0.185,0.227,0.256,0.187,0.168,0.296,0.185,0.233,0.213,0.195,0.229,0.183,0.124,0.266,0.205,0.193,0.231,0.211,0.177,0.245,0.199,0.22,
0.0,0.268,0.277,0.225,0.289,0.176,0.269,0.254,0.174,0.257,0.163,0.193,0.301,0.231,0.176,0.17,0.245,0.17,0.143,0.238,0.233,0.317,0.182,0.148,0.271,0.206,0.287,0.19,0.208,0.244,0.326,0.2,0.202,0.222,0.273,0.21,0.22,0.159,0.304,0.271,0.161,0.235,0.125,0.224,0.152,0.233,0.274,0.263,0.182,0.129,0.21,0.276,0.251,0.227,0.199,0.281,0.202,0.227,0.229,0.225,0.182,0.161,0.218,0.251,0.29,0.103,0.199,0.259,0.216,0.229,0.141,0.069,0.168,0.235,0.141,0.202,0.254,0.24,0.212,0.195,0.316,0.24,0.159,0.129,0.249,0.188,0.22,0.186,0.242,0.18,0.163,0.236,0.259,0.287,0.214,0.178,0.233,0.244,0.257,0.195,
0.0,0.144,0.214,0.099,0.191,0.131,0.234,0.117,0.208,0.157,0.184,0.196,0.198,0.178,0.185,0.184,0.129,0.229,0.129,0.226,0.19,0.094,0.104,0.21,0.205,0.127,0.205,0.208,0.2,0.174,0.211,0.149,0.164,0.222,0.176,0.146,0.164,0.146,0.166,0.066,0.137,0.128,0.197,0.141,0.141,0.142,0.193,0.107,0.235,0.2,0.234,0.117,0.186,0.238,0.184,0.122,0.12,0.202,0.192,0.206,0.207,0.187,0.197,0.206,0.193,0.126,0.172,0.186,0.089,0.181,0.214,0.175,0.24,0.102,0.219,0.223,0.133,0.228,0.246,0.179,0.196,0.209,0.11,0.142,0.155,0.168,0.127,0.139,0.212,0.144,0.08,0.118,0.171,0.168,0.133,0.229,0.155,0.049,0.167,0.17,
0.0,0.166,0.258,0.22,0.265,0.222,0.198,0.259,0.211,0.22,0.136,0.199,0.229,0.171,0.2,0.209,0.19,0.237,0.217,0.205,0.226,0.163,0.219,0.186,0.242,0.257,0.196,0.259,0.22,0.167,0.137,0.218,0.207,0.224,0.207,0.138,0.191,0.203,0.245,0.188,0.256,0.228,0.24,0.205,0.224,0.228,0.237,0.203,0.247,0.222,0.238,0.182,0.261,0.182,0.23,0.211,0.226,0.203,0.184,0.233,0.252,0.262,0.209,0.252,0.22,0.207,0.213,0.237,0.194,0.222,0.188,0.213,0.242,0.175,0.219,0.217,0.182,0.233,0.242,0.231,0.185,0.207,0.228,0.215,0.203,0.197,0.201,0.222,0.22,0.212,0.235,0.204,0.189,0.257,0.207,0.203,0.23,0.192,0.203,0.201,
0.0,0.221,0.274,0.142,0.219,0.22,0.238,0.188,0.245,0.247,0.241,0.202,0.167,0.188,0.216,0.3,0.198,0.223,0.214,0.248,0.185,0.178,0.265,0.235,0.169,0.264,0.143,0.23,0.202,0.222,0.199,0.262,0.207,0.228,0.256,0.18,0.215,0.224,0.15,0.12,0.257,0.259,0.158,0.171,0.149,0.232,0.278,0.241,0.167,0.239,0.154,0.275,0.219,0.168,0.229,0.212,0.297,0.252,0.197,0.165,0.188,0.234,0.264,0.219,0.234,0.262,0.222,0.207,0.227,0.272,0.201,0.198,0.212,0.226,0.186,0.269,0.176,0.222,0.272,0.208,0.217,0.265,0.21,0.167,0.23,0.214,0.173,0.239,0.244,0.208,0.223,0.173,0.2,0.23,0.262,0.131,0.113,0.227,0.239,0.169,
0.0,0.077,0.228,0.194,0.275,0.128,0.208,0.215,0.251,0.169,0.09,0.177,0.147,0.181,0.206,0.217,0.141,0.222,0.175,0.196,0.24,0.193,0.225,0.176,0.249,0.236,0.251,0.019,0.149,0.247,0.173,0.157,0.298,0.167,0.1,0.204,0.226,0.133,0.214,0.216,0.228,0.167,0.253,0.202,0.072,0.121,0.181,0.206,0.228,0.277,0.181,0.212,0.278,0.208,0.232,0.22,0.193,0.091,0.224,0.165,0.251,0.181,0.236,0.225,0.202,0.242,0.25,0.174,0.232,0.193,0.256,0.179,0.271,0.241,0.217,0.165,0.213,0.162,0.229,0.212,0.225,0.241,0.211,0.221,0.199,0.226,0.177,0.258,0.223,0.083,0.208,0.156,0.258,0.221,0.166,0.219,0.192,0.228,0.242,0.2,
0.0,0.178,0.199,0.201,0.209,0.26,0.166,0.184,0.149,0.21,0.247,0.206,0.136,0.196,0.208,0.206,0.229,0.248,0.216,0.171,0.18,0.231,0.23,0.184,0.234,0.178,0.226,0.213,0.136,0.206,0.211,0.217,0.218,0.202,0.192,0.289,0.161,0.249,0.19,0.212,0.249,0.184,0.23,0.209,0.216,0.253,0.219,0.221,0.168,0.164,0.241,0.23,0.247,0.193,0.273,0.166,0.173,0.267,0.207,0.244,0.185,0.236,0.18,0.226,0.226,0.238,0.187,0.243,0.24,0.22,0.245,0.206,0.247,0.234,0.194,0.221,0.208,0.13,0.204,0.225,0.268,0.202,0.206,0.245,0.183,0.272,0.218,0.214,0.187,0.241,0.262,0.225,0.238,0.216,0.17,0.223,0.174,0.234,0.257,0.238,
0.0,0.129,0.117,0.13,0.106,0.181,0.18,0.168,0.191,0.102,0.102,0.154,0.198,0.135,-0.003,0.188,0.177,0.217,0.195,0.152,0.217,0.15,0.179,0.143,0.182,0.118,0.199,0.226,0.121,0.112,0.213,0.171,0.193,0.157,0.165,0.183,0.16,0.135,0.01,0.19,0.176,0.18,0.134,0.124,0.142,0.093,0.093,0.199,0.228,0.173,0.121,0.202,0.185,0.154,0.171,0.169,0.203,0.182,0.212,0.165,0.176,0.147,0.179,0.172,0.15,0.144,0.143,0.08,0.143,0.136,0.208,0.173,0.127,0.139,0.174,0.164,0.188,0.19,0.184,0.094,0.198,0.153,0.117,0.101,0.144,0.117,0.136,0.11,0.087,0.139,0.23,0.155,0.15,0.118,0.136,0.106,0.191,0.106,0.205,0.179,
0.0,0.084,0.157,0.187,0.255,0.214,0.204,0.118,0.173,0.257,0.243,0.125,0.229,0.179,0.195,0.198,0.121,0.183,0.173,0.232,0.149,0.23,0.166,0.193,0.276,0.237,0.227,0.187,0.221,0.231,0.173,0.235,0.233,0.171,0.211,0.159,0.247,0.193,0.229,0.235,0.17,0.171,0.213,0.145,0.22,0.273,0.166,0.283,0.175,0.21,0.181,0.174,0.213,0.166,0.197,0.159,0.267,0.169,0.19,0.239,0.226,0.221,0.219,0.219,0.199,0.136,0.238,0.162,0.201,0.175,0.096,0.167,0.168,0.146,0.144,0.187,0.204,0.208,0.163,0.279,0.198,0.232,0.233,0.21,0.279,0.165,0.125,0.233,0.209,0.192,0.183,0.257,0.238,0.229,0.192,0.235,0.188,0.195,0.209,0.267,
0.0,0.1,0.262,0.303,0.259,0.142,0.203,0.243,0.245,0.27,0.219,0.144,0.221,0.149,0.318,0.213,0.219,0.198,0.236,0.223,0.269,0.179,0.241,0.213,0.137,0.252,0.153,0.183,0.225,0.262,0.246,0.234,0.288,0.185,0.265,0.179,0.241,0.191,0.198,0.285,0.144,0.295,0.245,0.262,0.234,0.139,0.217,0.243,0.259,0.183,0.221,0.135,0.16,0.282,0.25,0.193,0.252,0.137,0.223,0.228,0.225,0.253,0.308,0.257,0.211,0.267,0.187,0.215,0.215,0.265,0.213,0.221,0.207,0.234,0.262,0.213,0.221,0.168,0.223,0.293,0.151,0.198,0.277,0.232,0.262,0.153,0.153,0.213,0.236,0.198,0.277,0.13,0.198,0.168,0.265,0.262,0.113,0.272,0.279,0.245,
0.0,0.096,0.134,0.219,0.088,0.117,0.129,0.145,0.22,0.191,0.15,0.216,0.143,0.178,0.063,0.111,0.168,0.191,0.136,0.191,0.2,0.15,0.117,0.153,0.246,0.086,0.174,0.166,0.104,0.123,0.101,0.175,0.182,0.165,0.145,0.199,0.099,0.123,0.202,0.082,0.003,0.15,0.15,0.18,0.141,0.131,0.063,0.155,0.177,0.155,0.252,0.229,0.215,0.162,0.139,0.182,0.176,0.212,0.078,0.132,0.147,0.115,0.208,0.238,0.161,0.128,0.07,0.176,0.127,0.246,0.101,0.149,0.161,0.203,0.075,0.24,0.153,0.136,0.149,0.159,0.108,0.123,0.139,0.099,0.214,0.144,0.195,0.101,0.15,0.144,0.16,0.222,0.116,0.213,0.049,0.188,0.12,0.158,0.204,0.161,
0.0,0.154,0.209,0.2,0.268,0.217,0.027,0.098,0.225,0.08,0.076,0.175,0.208,0.148,0.223,0.177,0.217,0.175,0.187,0.18,0.221,0.18,0.199,0.178,0.224,0.147,0.223,0.161,0.123,0.106,0.292,0.164,0.244,0.128,0.121,0.293,0.146,0.234,0.139,0.233,0.171,0.162,0.155,0.177,0.109,0.197,0.221,0.086,0.041,0.252,0.25,0.141,0.224,0.119,0.179,0.159,0.148,0.125,0.165,0.147,0.252,0.213,0.15,0.23,0.222,0.127,0.112,0.152,0.237,0.071,0.22,0.184,0.172,0.201,0.153,0.214,0.234,0.226,0.227,0.224,0.129,0.18,0.229,0.106,0.276,0.144,0.238,0.17,0.233,0.193,0.164,0.156,0.121,0.207,0.182,0.101,0.138,0.115,0.198,0.103,
0.0,0.243,0.167,0.226,0.152,0.141,0.145,0.142,0.231,0.199,0.246,0.249,0.217,0.185,0.252,0.242,0.192,0.216,0.219,0.203,0.194,0.173,0.197,0.233,0.177,0.287,0.252,0.216,0.294,0.169,0.23,0.277,0.171,0.181,0.231,0.187,0.261,0.171,0.271,0.226,0.276,0.17,0.222,0.167,0.212,0.207,0.211,0.149,0.229,0.209,0.259,0.249,0.222,0.266,0.175,0.149,0.172,0.22,0.247,0.149,0.257,0.287,0.195,0.235,0.216,0.233,0.233,0.201,0.138,0.231,0.238,0.229,0.089,0.176,0.274,0.235,0.095,0.164,0.177,0.247,0.168,0.203,0.203,0.191,0.166,0.231,0.226,0.222,0.279,0.242,0.259,0.218,0.235,0.166,0.14,0.205,0.242,0.205,0.213,0.181,
0.0,0.17,0.167,0.13,0.184,0.137,0.267,0.244,0.145,0.174,0.19,0.257,0.202,0.255,0.181,0.13,0.2,0.215,0.186,0.11,0.2,0.21,0.214,0.211,0.198,0.24,0.201,0.238,0.173,0.092,0.127,0.153,0.234,0.113,0.131,0.21,0.238,0.09,0.169,0.202,0.162,0.232,0.171,0.19,0.061,0.184,0.233,0.157,0.224,0.182,0.115,0.19,0.229,0.224,0.222,0.228,0.228,0.215,0.14,0.192,0.212,0.115,0.097,0.235,0.104,0.217,0.198,0.169,0.099,0.18,0.176,0.145,0.129,0.18,0.225,0.266,0.163,0.188,0.219,0.194,0.132,0.154,0.17,0.236,0.211,0.194,0.178,0.22,0.09,0.269,0.19,0.171,0.156,0.159,0.157,0.123,0.2,0.193,0.188,0.165,
0.0,0.18,0.191,0.136,0.167,0.213,0.084,0.139,0.19,0.197,0.203,0.227,0.241,0.252,0.249,0.184,0.225,0.192,0.231,0.231,0.178,0.192,0.203,0.231,0.209,0.207,0.222,0.182,0.252,0.19,0.237,0.188,0.229,0.191,0.209,0.206,0.201,0.152,0.179,0.2,0.195,0.254,0.2,0.17,0.162,0.231,0.224,0.194,0.157,0.24,0.234,0.261,0.192,0.215,0.202,0.225,0.249,0.248,0.213,0.234,0.23,0.212,0.149,0.201,0.258,0.174,0.171,0.232,0.205,0.212,0.146,0.137,0.262,0.196,0.235,0.172,0.198,0.253,0.212,0.212,0.234,0.208,0.146,0.235,0.163,0.219,0.228,0.216,0.222,0.239,0.141,0.212,0.201,0.226,0.188,0.234,0.273,0.126,0.209,0.285,
0.0,0.27,0.233,0.248,0.27,0.22,0.204,0.139,0.18,0.178,0.2,0.21,0.257,0.212,0.24,0.178,0.268,0.253,0.183,0.22,0.234,0.199,0.25,0.208,0.221,0.264,0.247,0.238,0.24,0.214,0.189,0.2,0.204,0.236,0.221,0.25,0.232,0.21,0.262,0.204,0.267,0.206,0.289,0.221,0.259,0.245,0.206,0.218,0.185,0.187,0.234,0.208,0.193,0.178,0.218,0.208,0.206,0.214,0.214,0.151,0.146,0.238,0.199,0.25,0.187,0.151,0.107,0.232,0.243,0.22,0.197,0.232,0.22,0.236,0.214,0.231,0.265,0.197,0.227,0.273,0.204,0.223,0.148,0.25,0.24,0.212,0.236,0.216,0.231,0.24,0.234,0.221,0.191,0.252,0.197,0.162,0.212,0.253,0.202,0.238,
0.0,0.221,0.19,0.248,0.197,0.075,0.104,0.033,0.193,0.12,0.08,0.124,0.064,0.173,0.106,0.098,0.183,0.219,0.138,0.178,0.139,0.136,0.213,0.152,0.179,0.137,0.203,0.271,0.097,0.143,0.133,0.246,0.177,0.154,0.083,0.086,0.129,0.066,0.209,0.183,0.225,0.158,0.168,0.245,0.098,0.114,0.111,0.037,0.158,0.201,0.071,0.159,0.079,0.144,0.079,0.164,0.143,0.208,0.091,0.141,0.236,0.18,0.162,0.094,0.11,0.182,0.063,0.046,0.224,0.188,0.13,0.09,0.12,0.03,0.169,0.112,0.176,0.144,0.076,0.224,0.061,0.242,0.153,0.231,0.132,0.131,0.16,0.186,0.148,0.15,0.102,0.228,0.168,0.254,0.231,0.264,0.127,0.274,0.147,0.131,
0.0,0.099,0.185,0.141,0.173,0.135,0.169,0.123,0.24,0.244,0.146,0.204,0.114,0.182,0.161,0.15,0.2,0.193,0.15,0.173,0.211,0.13,0.124,0.189,0.216,0.199,0.25,0.165,0.205,0.23,0.158,0.163,0.161,0.21,0.178,0.182,0.134,0.151,0.228,0.178,0.244,0.175,0.109,0.147,0.227,0.234,0.173,0.207,0.2,0.105,0.236,0.156,0.156,0.152,0.173,0.152,0.172,0.148,0.16,0.171,0.136,0.189,0.179,0.173,0.176,0.137,0.182,0.183,0.192,0.142,0.212,0.21,0.222,0.158,0.19,0.187,0.173,0.252,0.129,0.185,0.214,0.207,0.209,0.203,0.171,0.071,0.2,0.23,0.148,0.157,0.143,0.229,0.209,0.224,0.196,0.221,0.181,0.116,0.129,0.201,
0.0,0.204,0.254,0.212,0.22,0.24,0.206,0.197,0.205,0.174,0.211,0.155,0.2,0.198,0.21,0.197,0.221,0.195,0.126,0.227,0.276,0.226,0.179,0.235,0.244,0.238,0.184,0.26,0.197,0.17,0.211,0.235,0.264,0.186,0.171,0.26,0.144,0.218,0.216,0.202,0.074,0.208,0.245,0.296,0.142,0.237,0.175,0.14,0.189,0.185,0.162,0.172,0.235,0.185,0.193,0.224,0.199,0.162,0.18,0.18,0.209,0.237,0.216,0.187,0.183,0.204,0.159,0.221,0.158,0.229,0.171,0.195,0.201,0.236,0.186,0.18,0.223,0.204,0.22,0.219,0.193,0.146,0.156,0.168,0.204,0.254,0.213,0.247,0.18,0.199,0.162,0.174,0.197,0.265,0.098,0.143,0.209,0.223,0.132,0.237,
0.0,0.191,0.258,0.078,0.175,0.193,0.217,0.275,0.14,0.254,0.2,0.205,0.2,0.184,0.243,0.191,0.155,0.131,0.142,0.201,0.157,0.227,0.164,0.185,0.17,0.209,0.21,0.247,0.218,0.178,0.251,0.251,0.134,0.23,0.14,0.202,0.264,0.214,0.237,0.151,0.152,0.218,0.223,0.203,0.208,0.197,0.197,0.253,0.218,0.216,0.122,0.267,0.211,0.225,0.121,0.199,0.235,0.236,0.2,0.199,0.237,0.212,0.203,0.292,0.218,0.199,0.207,0.196,0.184,0.221,0.233,0.245,0.097,0.183,0.252,0.203,0.173,0.257,0.179,0.266,0.253,0.259,0.187,0.205,0.244,0.218,0.214,0.206,0.216,0.231,0.218,0.197,0.227,0.16,0.162,0.213,0.216,0.242,0.199,0.166,
0.0,0.222,0.167,0.222,0.205,0.253,0.3,0.194,0.275,0.194,0.205,0.207,0.235,0.2,0.171,0.221,0.207,0.237,0.169,0.224,0.175,0.131,0.198,0.269,0.229,0.261,0.292,0.209,0.207,0.112,0.263,0.268,0.15,0.214,0.215,0.251,0.162,0.239,0.194,0.315,0.197,0.23,0.244,0.225,0.177,0.275,0.241,0.235,0.154,0.228,0.247,0.242,0.216,0.188,0.263,0.272,0.214,0.234,0.209,0.232,0.257,0.211,0.219,0.21,0.196,0.273,0.242,0.207,0.283,0.227,0.205,0.24,0.191,0.192,0.207,0.209,0.184,0.222,0.199,0.207,0.257,0.201,0.136,0.276,0.19,0.278,0.241,0.158,0.277,0.218,0.25,0.201,0.227,0.229,0.198,0.256,0.249,0.228,0.131,0.268,
0.0,0.269,0.164,0.172,0.214,0.205,0.1,0.188,0.235,0.184,0.221,0.113,0.214,0.216,0.235,0.186,0.216,0.225,0.134,0.165,0.215,0.217,0.213,0.166,0.153,0.258,0.198,0.205,0.211,0.234,0.163,0.21,0.202,0.193,0.166,0.125,0.145,0.206,0.165,0.21,0.223,0.272,0.217,0.14,0.115,0.265,0.126,0.146,0.253,0.142,0.258,0.173,0.204,0.213,0.248,0.193,0.158,0.206,0.218,0.144,0.2,0.201,0.181,0.179,0.237,0.203,0.224,0.246,0.191,0.196,0.198,0.254,0.239,0.158,0.131,0.213,0.243,0.149,0.209,0.179,0.211,0.227,0.195,0.109,0.21,0.18,0.2,0.149,0.125,0.239,0.23,0.187,0.213,0.194,0.199,0.23,0.178,0.16,0.204,0.204,
0.0,0.19,0.167,0.224,0.184,0.069,0.22,0.188,0.23,0.184,0.261,0.115,0.219,0.247,0.214,0.23,0.199,0.211,0.161,0.206,0.222,0.261,0.235,0.19,0.171,0.225,0.078,0.249,0.219,0.252,0.147,0.176,0.199,0.205,0.154,0.152,0.23,0.188,0.165,0.19,0.207,0.144,0.231,0.173,0.172,0.218,0.198,0.11,0.187,0.162,0.243,0.202,0.248,0.195,0.264,0.181,0.199,0.19,0.206,0.223,0.221,0.217,0.179,0.22,0.213,0.212,0.199,0.16,0.217,0.186,0.196,0.166,0.091,0.219,0.174,0.183,0.116,0.212,0.219,0.204,0.187,0.235,0.16,0.173,0.143,0.19,0.104,0.214,0.216,0.215,0.23,0.22,0.184,0.16,0.173,0.233,0.133,0.24,0.245,0.154,
0.0,0.15,0.095,0.181,0.242,0.226,0.266,0.196,0.237,0.179,0.239,0.258,0.221,0.31,0.256,0.242,0.173,0.201,0.271,0.26,0.194,0.246,0.23,0.221,0.211,0.175,0.265,0.249,0.14,0.194,0.2,0.224,0.271,0.221,0.177,0.177,0.201,0.173,0.215,0.138,0.213,0.263,0.222,0.239,0.211,0.175,0.222,0.27,0.249,0.205,0.271,0.188,0.185,0.233,0.242,0.251,0.205,0.145,0.26,0.173,0.181,0.167,0.211,0.173,0.265,0.169,0.209,0.266,0.258,0.215,0.196,0.213,0.165,0.235,0.198,0.19,0.169,0.283,0.242,0.215,0.276,0.286,0.213,0.265,0.205,0.209,0.203,0.19,0.198,0.183,0.271,0.196,0.228,0.2,0.23,0.169,0.165,0.181,0.173,0.256,
0.0,0.296,0.276,0.238,0.25,0.211,0.245,0.272,0.296,0.116,0.151,0.128,0.241,0.272,0.177,0.211,0.243,0.151,0.245,0.29,0.171,0.207,0.279,0.193,0.201,0.272,0.25,0.219,0.187,0.279,0.269,0.166,0.246,0.255,0.146,0.179,0.171,0.175,0.153,0.164,0.282,0.234,0.28,0.213,0.211,0.227,0.257,0.248,0.225,0.27,0.29,0.279,0.171,0.179,0.25,0.219,0.305,0.146,0.262,0.236,0.195,0.219,0.205,0.103,0.296,0.193,0.272,0.295,0.16,0.135,0.23,0.248,0.207,0.142,0.25,0.223,0.245,0.2,0.203,0.198,0.236,0.164,0.144,0.139,0.083,0.255,0.223,0.326,0.093,0.232,0.149,0.155,0.255,0.285,0.282,0.201,0.305,0.2,0.189,0.262,
0.0,0.136,0.209,0.202,0.241,0.211,0.218,0.183,0.21,0.233,0.22,0.207,0.213,0.184,0.216,0.19,0.231,0.256,0.169,0.161,0.185,0.181,0.227,0.207,0.191,0.212,0.201,0.188,0.155,0.21,0.196,0.178,0.234,0.235,0.233,0.22,0.249,0.242,0.235,0.16,0.18,0.252,0.178,0.217,0.201,0.231,0.2,0.231,0.207,0.109,0.156,0.152,0.2,0.198,0.231,0.259,0.214,0.237,0.235,0.203,0.156,0.235,0.219,0.219,0.201,0.196,0.224,0.186,0.2,0.179,0.199,0.244,0.178,0.178,0.141,0.205,0.201,0.22,0.237,0.238,0.23,0.233,0.159,0.191,0.23,0.157,0.219,0.212,0.224,0.269,0.186,0.205,0.201,0.203,0.24,0.201,0.231,0.198,0.194,0.2,
0.0,0.308,0.268,0.253,0.191,0.209,0.197,0.286,0.187,0.302,0.235,0.205,0.193,0.146,0.283,0.191,0.159,0.242,0.251,0.239,0.265,0.249,0.226,0.181,0.172,0.222,0.226,0.276,0.211,0.237,0.23,0.261,0.253,0.193,0.211,0.258,0.237,0.155,0.181,0.144,0.305,0.211,0.241,0.193,0.235,0.22,0.224,0.263,0.17,0.22,0.137,0.286,0.239,0.218,0.244,0.164,0.22,0.306,0.283,0.209,0.241,0.27,0.222,0.246,0.235,0.193,0.189,0.228,0.242,0.222,0.139,0.213,0.201,0.233,0.193,0.251,0.226,0.235,0.205,0.176,0.242,0.166,0.258,0.242,0.187,0.141,0.313,0.224,0.176,0.127,0.205,0.263,0.17,0.263,0.255,0.195,0.187,0.207,0.265,0.233,
0.0,0.118,0.203,0.159,0.241,0.179,0.207,0.198,0.182,0.2,0.241,0.184,0.202,0.248,0.271,0.049,0.202,0.169,0.236,0.194,0.225,0.237,0.204,0.182,0.188,0.2,0.204,0.225,0.225,0.228,0.234,0.208,0.226,0.223,0.2,0.217,0.226,0.19,0.204,0.17,0.176,0.206,0.258,0.234,0.234,0.213,0.237,0.19,0.23,0.217,0.221,0.19,0.196,0.237,0.157,0.239,0.21,0.208,0.204,0.18,0.268,0.235,0.249,0.228,0.235,0.204,0.234,0.19,0.198,0.213,0.212,0.202,0.165,0.221,0.235,0.223,0.237,0.242,0.23,0.208,0.234,0.232,0.206,0.184,0.202,0.269,0.202,0.26,0.223,0.225,0.219,0.208,0.253,0.232,0.18,0.225,0.213,0.122,0.178,0.189,
0.0,0.182,0.164,0.147,0.228,0.209,0.185,0.178,0.138,0.142,0.141,0.182,0.149,0.231,0.221,0.18,0.194,0.201,0.208,0.149,0.173,0.235,0.198,0.18,0.128,0.224,0.219,0.188,0.249,0.191,0.208,0.189,0.152,0.161,0.233,0.214,0.218,0.21,0.205,0.176,0.151,0.214,0.206,0.127,0.202,0.205,0.218,0.194,0.161,0.147,0.12,0.143,0.244,0.171,0.183,0.217,0.193,0.154,0.263,0.174,0.188,0.167,0.176,0.225,0.233,0.23,0.244,0.14,0.198,0.165,0.207,0.198,0.177,0.226,0.218,0.225,0.222,0.184,0.165,0.175,0.184,0.198,0.208,0.188,0.188,0.179,0.252,0.17,0.174,0.179,0.142,0.215,0.187,0.135,0.193,0.196,0.169,0.161,0.175,0.191,
0.0,0.226,0.16,0.184,0.206,0.166,0.208,0.206,0.19,0.166,0.137,0.186,0.226,0.228,0.16,0.182,0.145,0.197,0.17,0.22,0.166,0.213,0.131,0.137,0.205,0.225,0.147,0.148,0.191,0.222,0.105,0.164,0.146,0.184,0.218,0.208,0.22,0.159,0.202,0.218,0.15,0.207,0.211,0.12,0.119,0.207,0.212,0.205,0.161,0.082,0.21,0.177,0.205,0.196,0.172,0.184,0.227,0.225,0.213,0.16,0.202,0.143,0.171,0.184,0.171,0.18,0.131,0.229,0.193,0.183,0.181,0.192,0.19,0.162,0.201,0.161,0.213,0.152,0.236,0.173,0.162,0.152,0.212,0.192,0.243,0.169,0.22,0.138,0.211,0.206,0.19,0.172,0.183,0.082,0.176,0.173,0.177,0.239,0.173,0.187,
0.0,0.138,0.185,0.141,0.068,0.161,0.206,0.161,0.168,0.186,0.212,0.215,0.138,0.128,0.187,0.231,0.107,0.12,0.2,0.16,0.156,0.14,0.189,0.192,0.214,0.176,0.166,0.205,0.18,0.078,0.141,0.087,0.182,0.246,0.18,0.153,0.131,0.173,0.019,0.222,0.19,0.194,0.031,0.143,0.158,0.248,0.096,0.151,0.158,0.138,0.137,0.209,0.097,0.234,0.136,0.109,0.2,0.212,0.193,0.153,0.11,0.22,0.176,0.152,0.194,0.192,0.21,0.105,0.193,0.208,0.127,0.172,0.196,0.18,0.101,0.173,0.187,0.178,0.256,0.146,0.131,0.103,0.165,0.168,0.209,0.223,0.161,0.183,0.271,0.187,0.086,0.111,0.169,0.134,0.103,0.24,0.175,0.086,0.174,0.212,
0.0,0.26,0.193,0.311,0.269,0.207,0.195,0.23,0.207,0.201,0.234,0.269,0.272,0.185,0.225,0.23,0.181,0.121,0.224,0.087,0.121,0.155,0.08,0.227,0.307,0.234,0.293,0.246,0.125,0.25,0.238,0.259,0.175,0.125,0.198,0.267,0.149,0.171,0.226,0.225,0.288,0.238,0.225,0.262,0.248,0.179,0.132,0.275,0.223,0.187,0.28,0.209,0.219,0.285,0.236,0.189,0.201,0.25,0.157,0.277,0.241,0.252,0.243,0.236,0.191,0.181,0.259,0.301,0.25,0.223,0.201,0.219,0.264,0.185,0.283,0.189,0.264,0.255,0.241,0.116,0.25,0.185,0.251,0.221,0.267,0.279,0.239,0.143,0.207,0.248,0.248,0.23,0.285,0.195,0.191,0.217,0.27,0.262,0.166,0.219,
0.0,0.148,0.136,0.159,0.151,0.204,0.118,0.174,0.118,0.115,0.141,0.054,0.146,0.164,0.165,0.129,0.212,0.096,0.197,0.076,0.172,0.121,0.054,0.166,0.178,0.168,0.096,0.159,0.156,0.216,0.169,0.194,0.203,0.183,0.15,0.156,0.115,0.212,0.056,0.103,0.196,0.103,0.225,0.256,0.193,0.107,0.088,0.209,0.147,0.043,0.096,0.196,0.138,0.095,0.118,0.175,0.196,0.089,0.068,0.166,0.018,0.054,0.225,0.13,0.144,0.193,0.155,0.176,0.048,0.178,0.146,0.151,0.154,0.168,0.149,0.164,0.157,0.175,0.153,0.164,0.111,0.116,0.164,0.147,0.14,0.123,0.116,0.116,0.153,0.125,0.172,0.158,0.161,0.218,0.185,0.172,0.18,0.16,0.177,0.144,
0.0,0.239,0.201,0.238,0.24,0.235,0.19,0.173,0.221,0.239,0.186,0.17,0.213,0.2,0.198,0.183,0.219,0.178,0.205,0.222,0.196,0.211,0.169,0.179,0.172,0.204,0.192,0.181,0.208,0.245,0.208,0.174,0.254,0.247,0.206,0.191,0.22,0.202,0.253,0.193,0.145,0.209,0.204,0.153,0.208,0.218,0.201,0.216,0.142,0.228,0.216,0.191,0.219,0.222,0.227,0.224,0.221,0.218,0.216,0.202,0.219,0.154,0.2,0.202,0.232,0.183,0.207,0.128,0.186,0.225,0.233,0.171,0.179,0.201,0.22,0.237,0.197,0.208,0.271,0.192,0.224,0.207,0.169,0.214,0.183,0.17,0.229,0.241,0.194,0.173,0.224,0.187,0.234,0.176,0.169,0.163,0.197,0.149,0.229,0.191,
0.0,0.07,0.171,0.157,0.226,0.274,0.172,0.2,0.205,0.173,0.221,0.176,0.149,0.24,0.228,0.146,0.162,0.215,0.142,0.139,0.195,0.177,0.201,0.156,0.205,0.181,0.185,0.195,0.198,0.189,0.133,0.214,0.165,0.196,0.206,0.159,0.236,0.221,0.229,0.188,0.178,0.19,0.183,0.244,0.252,0.198,0.25,0.179,0.244,0.128,0.187,0.167,0.121,0.188,0.257,0.2,0.162,0.167,0.224,0.205,0.136,0.195,0.164,0.224,0.235,0.173,0.163,0.187,0.179,0.252,0.127,0.188,0.185,0.163,0.236,0.136,0.228,0.209,0.125,0.175,0.224,0.172,0.177,0.207,0.194,0.105,0.18,0.175,0.211,0.135,0.197,0.204,0.231,0.187,0.24,0.144,0.184,0.216,0.111,0.115,
0.0,0.299,0.211,0.205,0.185,0.153,0.315,0.218,0.218,0.115,0.258,0.164,0.258,0.315,0.255,0.125,0.157,0.233,0.153,0.242,0.218,0.106,0.168,0.255,0.168,0.106,0.199,0.232,0.239,0.185,0.23,0.201,0.224,0.249,0.222,0.215,0.213,0.108,0.278,0.213,0.115,0.271,0.183,0.325,0.106,0.144,0.261,0.226,0.211,0.249,0.215,0.263,0.207,0.207,0.201,0.123,0.326,0.228,0.233,0.235,0.183,0.241,0.189,0.209,0.164,0.283,0.235,0.189,0.191,0.191,0.258,0.15,0.246,0.195,0.235,0.139,0.246,0.157,0.199,0.26,0.288,0.27,0.289,0.244,0.183,0.183,0.187,0.199,0.181,0.248,0.201,0.115,0.172,0.228,0.189,0.256,0.193,0.237,0.15,0.075,
0.0,0.144,0.189,0.22,0.187,0.23,0.203,0.207,0.177,0.202,0.236,0.224,0.162,0.234,0.216,0.213,0.211,0.191,0.212,0.124,0.174,0.174,0.197,0.158,0.084,0.268,0.206,0.214,0.217,0.194,0.196,0.198,0.249,0.231,0.18,0.193,0.142,0.225,0.191,0.207,0.216,0.232,0.179,0.212,0.221,0.219,0.235,0.227,0.243,0.129,0.233,0.192,0.196,0.2,0.193,0.19,0.216,0.18,0.264,0.173,0.256,0.174,0.185,0.185,0.204,0.212,0.195,0.204,0.224,0.197,0.133,0.216,0.201,0.23,0.08,0.209,0.19,0.241,0.232,0.266,0.179,0.206,0.19,0.068,0.236,0.215,0.165,0.122,0.177,0.209,0.196,0.212,0.192,0.195,0.242,0.154,0.168,0.214,0.244,0.218,
0.0,0.238,0.202,0.226,0.289,0.17,0.203,0.229,0.201,0.135,0.218,0.187,0.22,0.212,0.166,0.163,0.164,0.231,0.248,0.162,0.279,0.115,0.142,0.167,0.209,0.203,0.177,0.146,0.11,0.22,0.256,0.241,0.172,0.159,0.2,0.241,0.284,0.221,0.234,0.193,0.236,0.214,0.208,0.224,0.255,0.195,0.216,0.223,0.231,0.232,0.236,0.267,0.178,0.234,0.2,0.174,0.2,0.204,0.191,0.128,0.22,0.209,0.257,0.215,0.225,0.202,0.197,0.172,0.187,0.231,0.272,0.229,0.221,0.204,0.221,0.237,0.264,0.206,0.189,0.193,0.257,0.197,0.189,0.229,0.218,0.151,0.255,0.248,0.226,0.189,0.194,0.206,0.202,0.167,0.169,0.133,0.108,0.243,0.264,0.224,
0.0,0.372,0.364,0.255,0.225,0.255,0.32,0.229,0.172,0.046,0.28,0.235,0.214,0.183,0.264,0.229,0.147,0.187,0.248,0.085,0.264,0.258,0.135,0.318,0.178,0.219,0.248,0.17,0.246,0.244,0.303,0.28,0.168,0.142,0.168,0.342,0.135,0.071,0.264,0.235,0.223,0.138,0.292,0.285,0.282,0.257,0.272,0.174,0.176,0.111,0.235,0.315,0.079,0.223,0.265,0.095,0.087,0.149,0.233,0.248,0.264,0.295,0.079,0.161,0.183,0.121,0.199,0.27,0.221,0.28,0.106,0.272,0.218,0.066,0.126,0.275,0.32,0.178,0.147,0.229,0.185,0.199,0.231,0.311,0.249,0.206,0.21,0.26,0.287,0.233,0.152,0.165,0.09,0.27,0.147,0.272,0.255,0.152,0.199,0.253,
0.0,0.183,0.2,0.106,0.166,0.224,0.205,0.198,0.185,0.236,0.208,0.243,0.2,0.113,0.165,0.124,0.255,0.176,0.247,0.181,0.206,0.198,0.221,0.187,0.179,0.192,0.183,0.202,0.185,0.182,0.168,0.192,0.194,0.256,0.193,0.221,0.143,0.191,0.239,0.184,0.268,0.21,0.224,0.161,0.169,0.214,0.145,0.169,0.214,0.245,0.154,0.163,0.205,0.181,0.168,0.213,0.24,0.179,0.147,0.147,0.213,0.181,0.178,0.215,0.263,0.175,0.231,0.215,0.153,0.183,0.137,0.182,0.266,0.212,0.232,0.172,0.169,0.217,0.239,0.208,0.185,0.23,0.171,0.194,0.199,0.222,0.193,0.253,0.2,0.225,0.175,0.192,0.234,0.144,0.169,0.232,0.211,0.18,0.211,0.144,
0.0,0.188,0.222,0.269,0.244,0.159,0.24,0.205,0.156,0.213,0.251,0.238,0.225,0.225,0.211,0.207,0.182,0.216,0.189,0.217,0.179,0.236,0.229,0.225,0.234,0.224,0.248,0.197,0.221,0.212,0.245,0.211,0.158,0.227,0.173,0.187,0.247,0.272,0.253,0.188,0.229,0.263,0.224,0.259,0.217,0.174,0.16,0.228,0.205,0.25,0.175,0.205,0.267,0.19,0.211,0.259,0.201,0.215,0.219,0.237,0.215,0.233,0.245,0.23,0.235,0.24,0.215,0.238,0.242,0.233,0.2,0.285,0.143,0.249,0.233,0.211,0.104,0.167,0.167,0.222,0.219,0.256,0.173,0.221,0.258,0.192,0.267,0.211,0.23,0.233,0.217,0.217,0.154,0.205,0.242,0.271,0.244,0.156,0.232,0.25,
0.0,0.18,0.098,0.276,0.123,0.161,0.045,0.235,0.132,0.185,0.192,0.109,0.197,0.261,0.219,0.235,0.179,0.241,0.201,0.242,0.213,0.273,0.138,0.215,0.205,0.205,0.253,0.219,0.13,0.212,0.128,0.221,0.22,0.11,0.185,0.197,0.175,0.133,0.18,0.209,0.262,0.19,0.222,0.211,0.265,0.243,0.225,0.209,0.211,0.195,0.238,0.16,0.217,0.126,0.167,0.202,0.16,0.233,0.257,0.148,0.184,0.161,0.115,0.237,0.199,0.099,0.246,0.176,0.237,0.242,0.209,0.266,0.095,0.108,0.199,0.206,0.129,0.224,0.209,0.18,0.141,0.223,0.216,0.226,0.181,0.219,0.21,0.156,0.183,0.213,0.154,0.151,0.199,0.203,0.194,0.151,0.053,0.138,0.14,0.232,
0.0,0.108,0.265,0.179,0.124,0.139,0.24,0.238,0.155,0.245,0.216,0.153,0.17,0.206,0.152,0.192,0.21,0.166,0.226,0.21,0.232,0.259,0.185,0.155,0.221,0.262,0.193,0.191,0.235,0.184,0.177,0.232,0.153,0.216,0.267,0.234,0.245,0.193,0.176,0.284,0.254,0.199,0.181,0.219,0.238,0.187,0.231,0.216,0.267,0.188,0.21,0.181,0.26,0.185,0.205,0.134,0.285,0.249,0.185,0.169,0.24,0.193,0.195,0.246,0.142,0.216,0.191,0.195,0.102,0.245,0.287,0.173,0.22,0.213,0.209,0.271,0.237,0.198,0.173,0.208,0.166,0.238,0.226,0.17,0.17,0.154,0.181,0.225,0.158,0.231,0.242,0.177,0.162,0.205,0.222,0.147,0.264,0.149,0.213,0.173,
0.0,0.197,0.296,0.226,0.264,0.222,0.131,0.218,0.305,0.282,0.185,0.181,0.322,0.216,0.218,0.254,0.294,0.238,0.183,0.247,0.226,0.205,0.277,0.245,0.187,0.251,0.218,0.271,0.218,0.207,0.185,0.254,0.244,0.285,0.235,0.242,0.226,0.242,0.214,0.209,0.257,0.155,0.207,0.197,0.173,0.175,0.237,0.197,0.218,0.213,0.181,0.235,0.207,0.244,0.203,0.193,0.244,0.207,0.183,0.218,0.282,0.191,0.205,0.209,0.267,0.218,0.119,0.261,0.231,0.195,0.201,0.231,0.193,0.238,0.218,0.213,0.227,0.177,0.149,0.266,0.251,0.213,0.168,0.259,0.24,0.247,0.259,0.173,0.191,0.237,0.131,0.261,0.214,0.175,0.183,0.193,0.187,0.299,0.245,0.17,
0.0,0.186,0.131,0.196,0.173,0.11,0.083,0.146,0.166,0.185,0.172,0.262,0.175,0.245,0.215,0.21,0.135,0.178,0.167,0.166,0.112,0.134,0.216,0.213,0.159,0.173,0.249,0.159,0.104,0.152,0.113,0.143,0.146,0.215,0.221,0.24,0.099,0.163,0.169,0.137,0.179,0.145,0.12,0.197,0.15,0.165,0.192,0.2,0.102,0.099,0.168,0.185,0.09,0.181,0.08,0.061,0.227,0.103,0.174,0.163,0.181,0.218,0.191,0.251,0.186,0.131,0.096,0.161,0.15,0.127,0.146,0.144,0.171,0.167,0.166,0.093,0.185,0.176,0.112,0.182,0.169,0.19,0.171,0.184,0.131,0.147,0.154,0.078,0.178,0.236,0.199,0.085,0.178,0.178,0.198,0.134,0.207,0.096,0.043,0.16,
0.0,0.251,0.244,0.156,0.294,0.206,0.217,0.189,0.208,0.266,0.203,0.175,0.227,0.241,0.267,0.183,0.226,0.163,0.205,0.107,0.248,0.191,0.219,0.174,0.26,0.128,0.167,0.205,0.199,0.186,0.207,0.144,0.219,0.181,0.179,0.233,0.16,0.225,0.2,0.264,0.187,0.223,0.217,0.187,0.212,0.217,0.153,0.232,0.181,0.246,0.199,0.212,0.221,0.237,0.223,0.234,0.124,0.19,0.198,0.226,0.154,0.256,0.2,0.215,0.186,0.222,0.215,0.188,0.265,0.165,0.158,0.194,0.245,0.235,0.153,0.167,0.233,0.202,0.24,0.249,0.231,0.164,0.129,0.252,0.156,0.218,0.14,0.188,0.224,0.163,0.165,0.218,0.284,0.197,0.228,0.168,0.208,0.172,0.111,0.279,
0.0,0.159,0.223,0.23,0.239,0.233,0.109,0.133,0.127,0.198,0.228,0.147,0.216,0.157,0.11,0.221,0.185,0.157,0.194,0.161,0.218,0.164,0.128,0.188,0.217,0.172,0.201,0.222,0.206,0.187,0.156,0.198,0.173,0.086,0.167,0.175,0.115,0.119,0.165,0.19,0.229,0.204,0.182,0.186,0.183,0.184,0.194,0.123,0.146,0.168,0.166,0.173,0.095,0.217,0.177,0.211,0.217,0.153,0.156,0.188,0.228,0.163,0.103,0.218,0.19,0.199,0.189,0.216,0.211,0.103,0.186,0.203,0.193,0.124,0.19,0.18,0.223,0.11,0.203,0.209,0.195,0.208,0.201,0.175,0.254,0.068,0.144,0.165,0.24,0.111,0.176,0.266,0.182,0.146,0.112,0.237,0.222,0.173,0.232,0.133,
0.0,0.175,0.205,0.216,0.096,0.162,0.203,0.242,0.228,0.251,0.204,0.234,0.176,0.189,0.228,0.179,0.17,0.239,0.261,0.219,0.159,0.174,0.187,0.168,0.202,0.241,0.234,0.194,0.154,0.213,0.195,0.213,0.155,0.231,0.149,0.222,0.202,0.167,0.195,0.241,0.231,0.201,0.196,0.187,0.226,0.185,0.226,0.236,0.245,0.206,0.206,0.247,0.141,0.231,0.13,0.221,0.228,0.167,0.267,0.209,0.129,0.167,0.255,0.211,0.21,0.118,0.105,0.254,0.196,0.21,0.198,0.273,0.156,0.226,0.121,0.155,0.251,0.225,0.113,0.144,0.16,0.243,0.264,0.198,0.212,0.215,0.208,0.227,0.204,0.201,0.191,0.24,0.248,0.153,0.154,0.19,0.23,0.158,0.214,0.217,
0.0,0.127,0.202,0.146,0.2,0.218,0.218,0.168,0.136,0.231,0.257,0.273,0.244,0.222,0.269,0.159,0.201,0.162,0.251,0.235,0.193,0.242,0.226,0.221,0.211,0.238,0.225,0.196,0.181,0.177,0.123,0.254,0.253,0.257,0.193,0.175,0.237,0.227,0.221,0.205,0.179,0.219,0.194,0.24,0.217,0.23,0.24,0.199,0.215,0.293,0.219,0.173,0.251,0.193,0.171,0.149,0.2,0.237,0.245,0.122,0.22,0.226,0.204,0.235,0.251,0.212,0.211,0.238,0.177,0.211,0.257,0.187,0.188,0.218,0.221,0.207,0.199,0.251,0.201,0.213,0.122,0.283,0.218,0.138,0.205,0.207,0.261,0.249,0.142,0.208,0.22,0.293,0.234,0.228,0.252,0.232,0.184,0.218,0.185,0.272,
0.0,0.119,0.135,0.251,0.199,0.23,0.189,0.217,0.139,0.265,0.191,0.172,0.227,0.204,0.144,0.187,0.172,0.178,0.101,0.168,0.21,0.134,0.16,0.156,0.261,0.177,0.172,0.074,0.189,0.194,0.249,0.108,0.151,0.255,0.198,0.257,0.146,0.182,0.227,0.213,0.135,0.189,0.208,0.255,0.13,0.202,0.132,0.194,0.187,0.186,0.163,0.205,0.145,0.22,0.169,0.196,0.256,0.09,0.189,0.155,0.203,0.224,0.18,0.153,0.192,0.203,0.066,0.245,0.159,0.227,0.137,0.22,0.212,0.185,0.146,0.141,0.273,0.19,0.177,0.224,0.155,0.16,0.196,0.204,0.157,0.213,0.136,0.117,0.12,0.178,0.139,0.079,0.13,0.149,0.23,0.215,0.183,0.129,0.132,0.229,
0.0,0.111,0.194,0.203,0.256,0.241,0.186,0.111,0.225,0.227,0.265,0.217,0.21,0.165,0.276,0.242,0.245,0.248,0.225,0.248,0.163,0.266,0.208,0.2,0.172,0.192,0.219,0.248,0.176,0.192,0.206,0.236,0.189,0.21,0.226,0.258,0.241,0.2,0.152,0.266,0.253,0.225,0.234,0.2,0.235,0.244,0.2,0.217,0.179,0.21,0.162,0.253,0.212,0.228,0.161,0.155,0.183,0.265,0.21,0.237,0.225,0.186,0.205,0.217,0.155,0.083,0.177,0.282,0.172,0.186,0.165,0.184,0.158,0.193,0.189,0.248,0.172,0.242,0.269,0.217,0.208,0.168,0.234,0.256,0.198,0.219,0.18,0.219,0.187,0.215,0.186,0.222,0.176,0.277,0.194,0.211,0.184,0.226,0.237,0.239,
0.0,0.147,0.143,0.145,0.16,0.129,0.177,0.188,0.061,0.125,0.19,0.209,0.183,0.166,0.189,0.202,0.099,0.107,0.196,0.104,0.119,0.163,0.169,0.134,0.186,0.156,0.1,0.138,0.217,0.225,0.055,0.113,0.198,0.062,0.147,0.095,0.158,0.105,0.213,0.2,0.203,0.027,0.088,0.2,0.116,0.158,0.223,0.226,0.244,0.067,0.142,0.21,0.152,0.103,0.163,0.156,0.2,0.109,0.221,0.198,0.059,0.067,0.134,0.138,0.105,0.166,0.1,0.165,0.193,0.142,0.175,0.114,0.098,0.104,0.171,0.226,0.076,0.117,0.055,0.178,0.065,0.152,0.121,0.03,0.127,0.153,0.192,0.164,0.225,0.152,0.035,0.069,0.071,0.141,0.154,0.12,0.121,0.209,0.088,0.14,
0.0,0.156,0.138,0.159,0.246,0.232,0.173,0.244,0.237,0.233,0.197,0.277,0.165,0.139,0.248,0.22,0.17,0.169,0.223,0.179,0.19,0.178,0.152,0.21,0.235,0.193,0.098,0.217,0.178,0.067,0.237,0.114,0.165,0.126,0.212,0.261,0.148,0.137,0.135,0.206,0.127,0.149,0.209,0.248,0.15,0.23,0.157,0.223,0.18,0.243,0.187,0.168,0.042,0.16,0.207,0.03,0.145,0.109,0.224,0.224,0.139,0.229,0.178,0.164,0.193,0.291,0.199,0.232,0.248,0.178,0.23,0.246,0.23,0.219,0.242,0.219,0.223,0.251,0.204,0.191,0.145,0.15,0.187,0.242,0.211,0.208,0.219,0.171,0.19,0.262,0.05,0.165,0.065,0.252,0.25,0.185,0.216,0.241,0.168,0.05,
0.0,0.269,0.199,0.251,0.206,0.204,0.163,0.105,0.247,0.263,0.22,0.2,0.274,0.186,0.216,0.233,0.202,0.264,0.279,0.251,0.273,0.2,0.264,0.172,0.202,0.212,0.251,0.251,0.206,0.19,0.174,0.174,0.281,0.292,0.214,0.197,0.261,0.195,0.186,0.279,0.247,0.206,0.247,0.289,0.231,0.231,0.161,0.224,0.197,0.193,0.182,0.264,0.184,0.165,0.247,0.259,0.252,0.274,0.141,0.295,0.231,0.224,0.284,0.216,0.276,0.18,0.212,0.193,0.266,0.264,0.202,0.235,0.31,0.225,0.244,0.195,0.186,0.182,0.292,0.188,0.105,0.229,0.21,0.186,0.178,0.208,0.261,0.224,0.17,0.251,0.242,0.125,0.222,0.218,0.199,0.235,0.247,0.159,0.085,0.276,
0.0,0.154,0.235,0.194,0.083,0.069,0.195,0.203,0.275,0.171,0.223,0.25,0.196,0.239,0.225,0.173,0.274,0.167,0.19,0.173,0.215,0.182,0.17,0.101,0.232,0.262,0.14,0.191,0.179,0.213,0.253,0.202,0.241,0.219,0.255,0.212,0.229,0.159,0.271,0.208,0.132,0.291,0.225,0.184,0.152,0.26,0.229,0.163,0.194,0.194,0.12,0.119,0.144,0.198,0.142,0.242,0.253,0.13,0.2,0.159,0.154,0.263,0.268,0.198,0.227,0.188,0.23,0.232,0.221,0.186,0.196,0.182,0.252,0.209,0.107,0.239,0.226,0.165,0.13,0.217,0.241,0.284,0.205,0.209,0.232,0.203,0.177,0.203,0.195,0.213,0.126,0.186,0.229,0.213,0.203,0.11,0.253,0.165,0.189,0.183,
0.0,0.203,0.312,0.277,0.252,0.298,0.143,0.245,0.183,0.224,0.281,0.337,0.285,0.226,0.224,0.264,0.201,0.172,0.228,0.243,0.203,0.228,0.303,0.217,0.245,0.248,0.193,0.269,0.109,0.226,0.322,0.193,0.267,0.255,0.221,0.185,0.243,0.315,0.191,0.076,0.239,0.259,0.309,0.147,0.119,0.222,0.199,0.257,0.211,0.102,0.189,0.252,0.289,0.269,0.18,0.197,0.257,0.318,0.217,0.174,0.23,0.243,0.17,0.219,0.259,0.174,0.25,0.124,0.168,0.271,0.282,0.307,0.191,0.199,0.215,0.117,0.245,0.285,0.274,0.226,0.221,0.215,0.154,0.303,0.289,0.226,0.213,0.295,0.176,0.248,0.185,0.269,0.141,0.165,0.292,0.228,0.147,0.234,0.224,0.245,
0.0,0.17,0.22,0.175,0.149,0.206,0.206,0.226,0.189,0.232,0.246,0.15,0.172,0.144,0.243,0.131,0.072,0.124,0.232,0.188,0.148,0.186,0.165,0.188,0.217,0.12,0.205,0.173,0.202,0.218,0.2,0.176,0.222,0.123,0.273,0.174,0.151,0.233,0.115,0.177,0.255,0.255,0.181,0.182,0.195,0.208,0.21,0.237,0.186,0.199,0.136,0.198,0.192,0.159,0.115,0.198,0.179,0.252,0.2,0.176,0.224,0.232,0.171,0.171,0.169,0.196,0.231,0.132,0.249,0.155,0.195,0.207,0.212,0.166,0.143,0.209,0.158,0.19,0.211,0.213,0.118,0.216,0.199,0.163,0.17,0.179,0.183,0.152,0.208,0.214,0.14,0.202,0.165,0.223,0.19,0.081,0.175,0.23,0.206,0.2,
0.0,0.255,0.272,0.288,0.181,0.215,0.228,0.174,0.201,0.296,0.186,0.197,0.194,0.21,0.273,0.192,0.152,0.195,0.215,0.208,0.188,0.236,0.232,0.213,0.206,0.193,0.194,0.292,0.226,0.159,0.225,0.215,0.206,0.157,0.255,0.191,0.187,0.234,0.238,0.208,0.204,0.23,0.189,0.174,0.228,0.205,0.21,0.226,0.249,0.204,0.18,0.247,0.182,0.201,0.182,0.192,0.19,0.202,0.235,0.184,0.176,0.116,0.244,0.261,0.241,0.249,0.226,0.111,0.168,0.231,0.182,0.2,0.247,0.188,0.234,0.153,0.212,0.259,0.228,0.126,0.267,0.239,0.174,0.18,0.194,0.217,0.25,0.241,0.184,0.172,0.225,0.273,0.145,0.229,0.261,0.172,0.184,0.218,0.137,0.184,
0.0,0.244,0.252,0.146,0.175,0.16,0.21,0.208,0.116,0.251,0.199,0.155,0.1,0.286,0.219,0.097,0.241,0.191,0.241,0.191,0.208,0.206,0.189,0.165,0.078,0.238,0.137,0.236,0.188,0.214,0.192,0.214,0.165,0.209,0.16,0.238,0.173,0.243,0.264,0.212,0.201,0.22,0.156,0.203,0.229,0.202,0.24,0.212,0.2,0.262,0.218,0.218,0.228,0.23,0.155,0.148,0.23,0.215,0.107,0.247,0.214,0.216,0.197,0.225,0.206,0.214,0.24,0.095,0.234,0.236,0.229,0.204,0.18,0.17,0.227,0.216,0.222,0.193,0.235,0.217,0.133,0.2,0.214,0.211,0.23,0.21,0.224,0.169,0.203,0.241,0.137,0.197,0.209,0.194,0.18,0.269,0.165,0.267,0.208,0.273,
0.0,0.143,0.207,0.219,0.159,0.193,0.197,0.217,0.192,0.232,0.255,0.204,0.246,0.2,0.239,0.241,0.196,0.223,0.274,0.2,0.266,0.234,0.192,0.188,0.244,0.165,0.194,0.212,0.184,0.249,0.146,0.234,0.206,0.226,0.217,0.168,0.223,0.253,0.234,0.196,0.244,0.2,0.241,0.194,0.213,0.232,0.19,0.184,0.225,0.242,0.256,0.21,0.237,0.186,0.172,0.116,0.203,0.273,0.172,0.21,0.196,0.208,0.23,0.163,0.186,0.244,0.159,0.221,0.21,0.178,0.172,0.253,0.226,0.215,0.202,0.251,0.249,0.219,0.188,0.176,0.249,0.21,0.215,0.235,0.208,0.242,0.241,0.219,0.213,0.223,0.192,0.202,0.23,0.19,0.225,0.219,0.208,0.215,0.212,0.186,
0.0,0.192,0.162,0.248,0.184,0.178,0.217,0.188,0.198,0.065,0.144,0.164,0.198,0.211,0.192,0.196,0.17,0.211,0.182,0.2,0.211,0.172,0.184,0.131,0.241,0.161,0.186,0.157,0.219,0.166,0.218,0.099,0.213,0.19,0.191,0.197,0.145,0.276,0.193,0.181,0.162,0.191,0.204,0.104,0.263,0.197,0.127,0.199,0.228,0.167,0.191,0.16,0.197,0.219,0.268,0.209,0.193,0.219,0.184,0.2,0.232,0.153,0.171,0.205,0.123,0.198,0.214,0.232,0.26,0.219,0.198,0.245,0.194,0.082,0.119,0.153,0.185,0.206,0.209,0.109,0.203,0.242,0.209,0.201,0.155,0.247,0.192,0.179,0.255,0.149,0.042,0.142,0.155,0.245,0.147,0.209,0.153,0.238,0.206,0.159,
0.0,0.136,0.105,0.213,0.208,0.233,0.297,0.197,0.24,0.231,0.199,0.195,0.252,0.233,0.173,0.16,0.163,0.207,0.209,0.202,0.213,0.156,0.252,0.133,0.199,0.185,0.172,0.22,0.264,0.227,0.224,0.224,0.231,0.209,0.224,0.165,0.171,0.214,0.233,0.22,0.28,0.168,0.214,0.216,0.207,0.279,0.193,0.166,0.087,0.231,0.216,0.181,0.271,0.191,0.216,0.222,0.256,0.205,0.245,0.231,0.195,0.189,0.254,0.09,0.189,0.203,0.205,0.195,0.26,0.2,0.253,0.212,0.128,0.231,0.197,0.249,0.245,0.209,0.224,0.226,0.224,0.187,0.191,0.206,0.193,0.193,0.237,0.233,0.197,0.229,0.271,0.126,0.158,0.214,0.144,0.227,0.144,0.224,0.231,0.173,
0.0,0.098,0.184,0.094,0.199,0.166,0.12,0.23,0.214,0.171,0.164,0.155,0.15,0.161,0.179,0.039,0.143,0.124,0.212,0.114,0.135,0.164,0.163,0.153,0.113,0.078,0.21,0.126,0.169,0.182,0.146,0.189,0.115,0.109,0.192,0.169,0.214,0.148,0.095,0.201,0.159,0.19,0.159,0.174,0.139,0.121,0.137,0.096,0.197,0.149,0.132,0.2,0.074,0.138,0.11,0.222,0.193,0.217,0.147,0.07,0.157,0.123,0.144,0.154,0.165,0.215,0.095,0.114,0.14,0.202,0.194,0.192,0.169,0.107,0.169,0.124,0.148,0.094,0.228,0.205,0.135,0.187,0.141,0.126,0.226,0.209,0.155,0.233,0.206,0.152,0.126,0.054,0.182,0.023,0.097,0.162,0.138,0.216,0.226,0.13,
0.0,0.081,0.303,0.097,0.237,0.209,0.217,0.099,0.162,0.248,0.03,0.176,0.296,0.246,0.117,0.224,0.076,0.133,0.188,0.173,0.161,0.076,0.246,0.133,0.179,0.235,0.232,0.206,0.232,0.266,0.198,0.198,0.061,0.284,0.227,0.256,0.168,0.27,0.164,0.155,0.162,0.144,0.184,0.3,0.267,0.108,0.283,0.184,0.205,0.228,0.098,0.157,0.239,0.226,0.223,0.246,0.103,0.218,0.227,0.203,0.201,0.246,0.305,0.225,0.182,0.268,0.033,0.296,0.171,0.224,0.223,0.21,0.151,0.126,0.196,0.161,0.1,0.169,0.26,0.141,0.29,0.122,0.225,0.079,0.317,0.228,0.193,0.225,0.218,0.269,0.237,0.146,0.273,0.269,0.248,0.213,0.227,0.209,0.265,0.255,
0.0,0.239,0.204,0.237,0.239,0.226,0.148,0.256,0.155,0.256,0.21,0.239,0.228,0.235,0.26,0.21,0.219,0.206,0.251,0.235,0.206,0.237,0.223,0.208,0.244,0.234,0.221,0.146,0.206,0.251,0.212,0.196,0.161,0.232,0.234,0.184,0.204,0.206,0.23,0.182,0.212,0.206,0.253,0.192,0.234,0.223,0.258,0.152,0.23,0.228,0.221,0.165,0.217,0.23,0.135,0.202,0.174,0.2,0.204,0.198,0.219,0.265,0.239,0.235,0.226,0.237,0.241,0.225,0.165,0.232,0.241,0.223,0.235,0.204,0.251,0.139,0.198,0.271,0.219,0.204,0.21,0.261,0.198,0.221,0.2,0.249,0.239,0.146,0.246,0.251,0.198,0.172,0.241,0.213,0.228,0.2,0.202,0.225,0.178,0.223,
0.0,0.071,0.201,0.221,0.11,0.136,0.188,0.222,0.159,0.193,0.23,0.211,0.159,0.195,0.214,0.119,0.185,0.228,0.157,0.122,0.209,0.122,0.18,0.228,0.061,0.179,0.279,0.167,0.169,0.258,0.108,0.126,0.172,0.221,0.209,0.043,0.077,0.233,0.15,0.119,0.177,0.113,0.137,0.235,0.256,0.169,0.228,0.176,-0.008,0.283,0.159,0.116,0.102,0.245,0.164,0.167,0.132,0.113,0.144,0.099,0.063,0.224,0.18,0.272,0.149,0.241,0.008,0.164,0.153,0.12,0.258,0.235,0.084,0.14,0.19,0.088,0.102,0.152,0.182,0.174,0.172,0.215,0.207,0.085,0.133,0.217,0.099,0.207,0.124,0.2,0.217,0.217,0.128,0.128,0.164,0.248,0.17,0.184,0.187,0.196,
0.0,0.207,0.258,0.148,0.242,0.233,0.219,0.217,0.212,0.152,0.215,0.269,0.234,0.188,0.2,0.209,0.146,0.122,0.191,0.163,0.21,0.171,0.144,0.077,0.199,0.254,0.167,0.199,0.248,0.19,0.212,0.249,0.204,0.217,0.218,0.117,0.183,0.252,0.203,0.237,0.212,0.152,0.232,0.244,0.185,0.236,0.183,0.224,0.213,0.111,0.18,0.137,0.232,0.194,0.213,0.257,0.242,0.208,0.208,0.169,0.218,0.185,0.244,0.134,0.094,0.165,0.198,0.171,0.209,0.18,0.251,0.152,0.244,0.23,0.164,0.24,0.215,0.198,0.207,0.231,0.192,0.129,0.119,0.241,0.186,0.156,0.226,0.211,0.173,0.179,0.13,0.192,0.189,0.209,0.143,0.123,0.216,0.189,0.222,0.203,
0.0,0.152,0.217,0.254,0.14,0.117,0.205,0.205,0.185,0.243,0.211,0.199,0.171,0.234,0.193,0.287,0.107,0.193,0.219,0.218,0.239,0.242,0.177,0.191,0.235,0.232,0.183,0.246,0.265,0.237,0.2,0.219,0.207,0.215,0.224,0.235,0.16,0.235,0.246,0.196,0.16,0.228,0.29,0.224,0.188,0.224,0.151,0.241,0.175,0.149,0.222,0.224,0.233,0.237,0.156,0.224,0.197,0.219,0.237,0.165,0.219,0.242,0.219,0.307,0.244,0.19,0.26,0.266,0.177,0.196,0.151,0.169,0.222,0.105,0.244,0.166,0.229,0.206,0.212,0.193,0.179,0.179,0.145,0.232,0.216,0.177,0.266,0.216,0.173,0.173,0.153,0.201,0.168,0.224,0.238,0.177,0.218,0.244,0.222,0.22,
0.0,0.143,0.18,0.148,0.159,0.08,0.112,0.111,0.084,0.134,0.21,0.13,0.132,0.105,0.161,0.198,0.112,0.059,0.191,0.145,0.058,0.19,0.096,0.094,0.167,0.129,0.218,0.148,0.154,0.22,0.115,0.207,0.156,0.196,0.038,0.14,0.183,0.143,0.213,0.084,0.191,0.127,0.037,0.117,0.173,0.219,0.084,0.198,0.12,0.176,-0.008,0.188,0.096,0.081,0.12,0.142,0.18,0.121,0.142,0.126,0.127,0.181,0.205,0.137,0.104,0.169,0.167,0.071,0.108,0.061,0.18,0.128,0.142,0.189,0.135,0.063,0.136,0.079,0.156,0.155,0.188,0.06,0.099,0.182,0.158,0.165,0.091,0.044,0.168,0.12,0.209,0.176,0.1,0.168,0.14,0.221,0.195,0.176,0.081,0.217,
0.0,0.154,0.163,0.178,0.188,0.225,0.292,0.222,0.268,0.221,0.213,0.103,0.199,0.212,0.254,0.221,0.127,0.188,0.144,0.235,0.237,0.234,0.239,0.257,0.209,0.228,0.265,0.248,0.222,0.255,0.192,0.222,0.192,0.258,0.198,0.234,0.198,0.036,0.215,0.247,0.247,0.175,0.181,0.256,0.229,0.175,0.261,0.271,0.233,0.142,0.17,0.169,0.224,0.198,0.244,0.29,0.171,0.162,0.201,0.219,0.0,0.092,0.133,0.199,0.201,0.271,0.297,0.263,0.183,0.151,0.219,0.136,0.19,0.248,0.185,0.215,0.192,0.235,0.169,0.19,0.107,0.283,0.297,0.265,0.239,0.268,0.23,0.192,0.181,0.124,0.265,0.188,0.205,0.183,0.222,0.207,0.265,0.304,0.207,0.179,
0.0,0.278,0.299,0.22,0.269,0.247,0.176,0.197,0.252,0.287,0.235,0.022,0.24,0.238,0.212,0.265,0.182,0.198,0.196,0.245,0.221,0.143,0.12,0.25,0.297,0.196,0.163,0.28,0.223,0.192,0.214,0.223,0.194,0.18,0.225,0.215,0.257,0.19,0.267,0.257,0.206,0.267,0.158,0.265,0.173,0.215,0.21,0.302,0.232,0.196,0.319,0.163,0.241,0.253,0.234,0.286,0.198,0.259,0.154,0.188,0.221,0.229,0.282,0.255,0.178,0.257,0.285,0.182,0.274,0.069,0.171,0.264,0.234,0.264,0.163,0.248,0.2,0.23,0.255,0.28,0.192,0.255,0.248,0.19,0.25,0.252,0.19,0.255,0.214,0.198,0.259,0.178,0.285,0.239,0.192,0.245,0.204,0.206,0.227,0.25,
0.0,0.194,0.176,0.247,0.212,0.171,0.1,0.149,0.148,0.198,0.211,0.251,0.15,0.215,0.222,0.163,0.173,0.178,0.231,0.263,0.241,0.228,0.219,0.231,0.242,0.188,0.144,0.227,0.202,0.117,0.178,0.214,0.212,0.224,0.204,0.167,0.225,0.175,0.253,0.202,0.189,0.196,0.205,0.202,0.183,0.232,0.231,0.136,0.102,0.236,0.2,0.232,0.184,0.256,0.128,0.165,0.207,0.226,0.173,0.081,0.095,0.26,0.235,0.126,0.24,0.266,0.255,0.189,0.211,0.223,0.137,0.214,0.222,0.152,0.248,0.181,0.245,0.224,0.173,0.226,0.228,0.194,0.265,0.221,0.159,0.225,0.201,0.178,0.141,0.13,0.148,0.217,0.203,0.112,0.287,0.182,0.189,0.218,0.196,0.16,
0.0,0.329,0.285,0.187,0.214,0.197,0.244,0.205,0.24,0.247,0.181,0.231,0.252,0.244,0.187,0.259,0.17,0.203,0.203,0.251,0.28,0.227,0.199,0.214,0.244,0.216,0.187,0.227,0.224,0.261,0.168,0.224,0.22,0.168,0.291,0.164,0.251,0.266,0.233,0.229,0.168,0.266,0.216,0.277,0.231,0.231,0.213,0.249,0.16,0.229,0.24,0.195,0.155,0.22,0.245,0.231,0.199,0.237,0.251,0.214,0.185,0.218,0.195,0.231,0.237,0.197,0.262,0.207,0.229,0.277,0.185,0.164,0.308,0.189,0.251,0.173,0.211,0.279,0.183,0.211,0.277,0.197,0.238,0.193,0.207,0.209,0.166,0.22,0.227,0.207,0.237,0.226,0.24,0.218,0.14,0.193,0.254,0.28,0.199,0.24,
0.0,0.172,0.147,0.186,0.183,0.166,0.181,0.222,0.216,0.115,0.226,0.226,0.279,0.205,0.148,0.221,0.221,0.168,0.196,0.16,0.229,0.19,0.174,0.221,0.168,0.195,0.202,0.175,0.224,0.245,0.245,0.221,0.223,0.154,0.175,0.208,0.181,0.191,0.226,0.199,0.226,0.163,0.223,0.19,0.259,0.207,0.26,0.242,0.18,0.223,0.184,0.194,0.162,0.214,0.211,0.149,0.236,0.19,0.224,0.148,0.228,0.199,0.19,0.166,0.237,0.223,0.239,0.167,0.117,0.194,0.251,0.18,0.227,0.19,0.274,0.218,0.164,0.215,0.268,0.2,0.154,0.245,0.169,0.228,0.249,0.175,0.13,0.146,0.292,0.159,0.185,0.111,0.265,0.18,0.248,0.206,0.18,0.135,0.187,0.225,
0.0,0.137,0.14,0.05,0.209,0.214,0.132,0.161,0.174,0.156,0.079,0.114,0.185,0.17,0.143,0.09,0.187,0.057,0.187,0.153,0.123,0.088,0.071,0.167,0.135,0.246,0.132,0.085,0.22,0.083,0.144,0.173,0.124,0.108,0.106,0.117,0.197,0.176,0.102,0.125,0.134,0.1,0.177,0.148,0.09,0.194,0.16,0.122,0.119,0.149,0.178,0.143,0.226,0.17,0.145,0.161,0.133,0.135,0.174,0.101,0.132,0.158,0.145,0.147,0.167,0.194,0.194,0.081,0.179,0.093,0.196,0.207,0.14,0.113,0.225,0.191,0.132,0.163,0.12,0.202,0.153,0.184,0.142,0.063,0.148,0.129,0.142,0.171,0.104,0.147,0.123,0.152,0.182,0.175,0.2,0.097,0.16,0.136,0.146,0.173,
0.0,0.265,0.204,0.137,0.184,0.32,0.27,0.239,0.095,0.248,0.161,0.256,0.253,0.127,0.08,0.199,0.256,0.249,0.313,0.211,0.185,0.126,0.194,0.159,0.117,0.235,0.208,0.198,0.285,0.31,0.193,0.138,0.244,0.228,0.151,0.178,0.13,0.239,0.111,0.278,0.192,0.261,0.329,0.276,0.161,0.207,0.217,0.292,0.164,0.09,0.215,0.165,0.098,0.246,0.243,0.236,0.218,0.204,0.204,0.218,0.21,0.163,0.271,0.003,0.22,0.184,0.199,0.203,0.14,0.125,0.243,0.227,0.173,0.072,0.182,0.302,0.256,0.102,0.22,0.068,0.122,0.238,0.257,0.201,0.227,0.267,0.149,0.175,0.291,0.197,0.222,0.16,0.249,0.132,0.146,0.086,0.288,0.151,0.135,0.227,
0.0,0.128,0.2,0.162,0.177,0.111,0.233,0.194,0.192,0.191,0.231,0.178,0.224,0.2,0.182,0.219,0.219,0.146,0.2,0.217,0.241,0.225,0.204,0.234,0.221,0.238,0.217,0.269,0.221,0.139,0.217,0.116,0.184,0.23,0.172,0.206,0.204,0.192,0.234,0.192,0.232,0.213,0.249,0.206,0.235,0.192,0.23,0.198,0.2,0.244,0.223,0.217,0.241,0.2,0.235,0.265,0.267,0.192,0.208,0.213,0.213,0.231,0.2,0.276,0.152,0.208,0.17,0.148,0.244,0.186,0.232,0.202,0.168,0.198,0.226,0.226,0.23,0.261,0.242,0.225,0.15,0.212,0.237,0.255,0.261,0.228,0.186,0.249,0.206,0.202,0.208,0.215,0.206,0.231,0.261,0.235,0.198,0.225,0.269,0.163,
0.0,0.255,0.235,0.069,0.22,0.206,0.12,0.103,0.2,0.21,0.236,0.282,0.252,0.257,0.251,0.208,0.233,0.256,0.159,0.252,0.18,0.284,0.251,0.256,0.216,0.214,0.245,0.159,0.229,0.254,0.202,0.204,0.273,0.117,0.18,0.251,0.236,0.206,0.24,0.256,0.193,0.257,0.1,0.222,0.261,0.266,0.148,0.195,0.254,0.274,0.182,0.238,0.195,0.236,0.188,0.18,0.24,0.247,0.247,0.21,0.168,0.308,0.236,0.233,0.136,0.206,0.072,0.125,0.316,0.199,0.238,0.273,0.24,0.202,0.229,0.279,0.154,0.21,0.197,0.247,0.212,0.227,0.182,0.165,0.245,0.22,0.224,0.314,0.206,0.19,0.247,0.19,0.214,0.125,0.225,0.293,0.249,0.105,0.039,0.161,
0.0,0.111,0.335,0.274,0.124,0.303,0.169,0.196,0.2,0.267,0.176,0.265,0.26,0.25,0.202,0.105,0.18,0.156,0.138,0.219,0.232,0.182,0.206,0.23,0.188,0.229,0.217,0.236,0.206,0.194,0.154,0.257,0.145,0.277,0.252,0.23,0.19,0.238,0.196,0.23,0.219,0.21,0.289,0.229,0.178,0.09,0.324,0.26,0.18,0.18,0.234,0.15,0.265,0.245,0.25,0.202,0.223,0.112,0.219,0.267,0.176,0.124,0.2,0.206,0.253,0.19,0.243,0.288,0.227,0.2,0.253,0.152,0.19,0.127,0.229,0.238,0.234,0.297,0.196,0.169,0.25,0.238,0.247,0.198,0.112,0.227,0.204,0.278,0.192,0.163,0.217,0.262,0.145,0.208,0.255,0.217,0.234,0.204,0.178,0.243,
0.0,0.121,0.155,0.21,0.23,0.107,0.196,0.222,0.196,0.178,0.276,0.266,0.146,0.091,0.219,0.194,0.251,0.271,0.195,0.208,0.184,0.108,0.234,0.195,0.195,0.201,0.187,0.15,0.181,0.241,0.165,0.145,0.213,0.248,0.206,0.189,0.161,0.169,0.202,0.239,0.182,0.243,0.139,0.202,0.234,0.202,0.013,0.186,0.221,0.093,0.135,0.182,0.271,0.225,0.264,0.164,0.153,0.098,0.201,0.084,0.271,0.146,0.23,0.228,0.181,0.21,0.227,0.181,0.214,0.018,0.24,0.221,0.14,0.211,0.252,0.182,0.23,0.19,0.248,0.151,0.188,0.203,0.212,0.21,0.157,0.182,0.174,0.248,0.211,0.187,0.133,0.174,0.161,0.198,0.147,0.187,0.222,0.225,0.199,0.197,
0.0,0.185,0.241,0.245,0.195,0.237,0.234,0.21,0.257,0.185,0.221,0.236,0.25,0.202,0.24,0.212,0.241,0.21,0.221,0.206,0.234,0.234,0.257,0.231,0.255,0.228,0.174,0.223,0.243,0.206,0.232,0.229,0.236,0.197,0.197,0.232,0.247,0.262,0.234,0.218,0.231,0.255,0.204,0.2,0.22,0.25,0.225,0.225,0.229,0.197,0.255,0.174,0.253,0.191,0.262,0.236,0.229,0.105,0.284,0.25,0.229,0.195,0.218,0.204,0.227,0.24,0.255,0.218,0.223,0.236,0.199,0.193,0.185,0.243,0.174,0.214,0.241,0.191,0.289,0.229,0.236,0.22,0.155,0.183,0.208,0.255,0.225,0.204,0.238,0.229,0.206,0.223,0.241,0.227,0.248,0.206,0.159,0.2,0.257,0.17,
0.0,0.211,0.251,0.268,0.205,0.096,0.205,0.218,0.176,0.268,0.193,0.216,0.195,0.253,0.218,0.176,0.31,0.17,0.221,0.178,0.275,0.234,0.243,0.22,0.183,0.197,0.204,0.238,0.243,0.291,0.238,0.197,0.231,0.284,0.17,0.262,0.18,0.144,0.191,0.17,0.17,0.24,0.214,0.214,0.172,0.26,0.24,0.159,0.21,0.157,0.27,0.197,0.157,0.241,0.212,0.176,0.185,0.104,0.155,0.204,0.223,0.183,0.272,0.227,0.294,0.238,0.193,0.153,0.229,0.204,0.21,0.208,0.187,0.178,0.22,0.243,0.148,0.22,0.214,0.144,0.245,0.238,0.22,0.208,0.151,0.21,0.22,0.18,0.253,0.255,0.289,0.157,0.197,0.255,0.183,0.225,0.252,0.146,0.232,0.21,
0.0,0.254,0.345,0.232,0.284,0.267,0.178,0.234,0.248,0.307,0.264,0.183,0.228,0.356,0.237,0.163,0.226,0.195,0.272,0.211,0.243,0.183,0.209,0.284,0.241,0.161,0.143,0.237,0.165,0.207,0.276,0.252,0.183,0.217,0.136,0.207,0.237,0.172,0.262,0.23,0.176,0.348,0.289,0.29,0.205,0.156,0.201,0.252,0.335,0.285,0.172,0.211,0.301,0.222,0.112,0.172,0.217,0.232,0.279,0.26,0.222,0.168,0.215,0.232,0.138,0.084,0.199,0.224,0.226,0.205,0.264,0.26,0.213,0.215,0.165,0.274,0.107,0.172,0.296,0.239,0.152,0.203,0.277,0.318,0.269,0.203,0.143,0.203,0.131,0.266,0.176,0.245,0.277,0.276,0.168,0.228,0.209,0.172,0.267,0.241,
0.0,0.137,0.162,0.188,0.149,0.07,0.233,0.179,0.129,0.079,0.214,0.12,0.166,0.161,0.118,0.164,0.247,0.059,0.182,0.282,0.219,0.133,0.137,0.177,0.216,0.245,0.083,0.148,0.167,0.189,0.06,0.221,0.093,0.144,0.151,0.124,0.229,0.22,0.23,0.238,0.18,0.159,0.129,0.155,0.209,0.056,0.143,0.222,0.074,0.201,0.182,0.193,0.094,0.214,0.156,0.053,0.231,0.175,0.239,0.162,0.176,0.067,0.198,0.205,0.103,0.162,0.113,0.134,0.159,0.129,0.163,0.163,0.16,0.224,0.174,0.275,0.136,0.114,0.032,0.223,0.203,0.139,0.132,0.135,0.097,0.055,0.045,0.139,0.164,0.177,0.01,0.155,0.229,0.134,0.075,0.12,0.13,0.234,0.279,0.219,
0.0,0.205,0.187,0.225,0.283,0.247,0.202,0.31,0.164,0.193,0.232,0.208,0.195,0.252,0.218,0.253,0.214,0.178,0.229,0.218,0.195,0.157,0.236,0.242,0.178,0.237,0.179,0.248,0.151,0.125,0.229,0.228,0.148,0.222,0.244,0.174,0.241,0.232,0.218,0.243,0.214,0.164,0.26,0.221,0.093,0.246,0.21,0.138,0.164,0.18,0.241,0.164,0.304,0.245,0.123,0.183,0.185,0.212,0.238,0.234,0.22,0.205,0.228,0.188,0.204,0.216,0.253,0.21,0.259,0.185,0.253,0.216,0.265,0.223,0.223,0.227,0.221,0.257,0.193,0.142,0.099,0.249,0.208,0.176,0.225,0.17,0.219,0.227,0.183,0.146,0.219,0.236,0.22,0.273,0.234,0.208,0.252,0.26,0.241,0.191,
0.0,0.051,0.116,0.137,0.218,0.193,0.187,0.2,0.154,0.222,0.225,0.213,0.225,0.24,0.153,0.187,0.264,0.142,0.281,0.247,0.117,0.158,0.247,0.179,0.112,0.249,0.249,0.171,0.11,0.205,0.219,0.186,0.199,0.144,0.22,0.222,0.159,0.206,0.143,0.189,0.187,0.134,0.172,0.16,0.181,0.162,0.126,0.193,0.186,0.19,0.229,0.226,0.205,0.208,0.191,0.254,0.222,0.205,0.216,0.181,0.164,0.276,0.207,0.175,0.168,0.216,0.249,0.193,0.094,0.132,0.197,0.229,0.226,0.195,0.158,0.244,0.212,0.242,0.179,0.245,0.234,0.191,0.193,0.251,0.195,0.126,0.242,0.203,0.177,0.153,0.211,0.22,0.235,0.223,0.229,0.17,0.229,0.205,0.233,0.104,
0.0,0.112,0.207,0.173,0.284,0.086,0.232,0.139,0.2,0.191,0.255,0.14,0.229,0.174,0.203,0.195,0.191,0.02,0.178,0.07,0.198,0.234,0.133,0.201,0.236,0.191,0.229,0.233,0.143,0.197,0.235,0.227,0.142,0.26,0.162,0.24,0.122,0.261,0.2,0.072,0.25,0.205,0.2,0.186,0.089,0.074,0.216,0.229,0.229,0.118,0.098,0.233,0.193,0.153,0.216,0.261,0.195,0.24,0.205,0.244,0.244,0.18,0.137,0.18,0.194,0.195,0.18,0.218,0.174,0.106,0.177,0.186,0.195,0.238,0.233,0.257,0.249,0.203,0.273,0.202,0.119,0.159,0.276,0.241,0.19,0.21,0.204,0.214,0.19,0.213,0.176,0.126,0.209,0.117,0.294,0.223,0.21,0.186,0.263,0.167,
0.0,0.166,0.045,0.207,0.146,0.159,0.202,0.208,0.219,0.183,0.21,0.257,0.229,0.218,0.223,0.139,0.202,0.23,0.198,0.194,0.21,0.2,0.193,0.24,0.232,0.145,0.22,0.168,0.163,0.17,0.169,0.233,0.204,0.191,0.245,0.139,0.253,0.225,0.181,0.146,0.204,0.216,0.178,0.231,0.175,0.162,0.215,0.231,0.206,0.209,0.223,0.215,0.207,0.212,0.268,0.268,0.242,0.152,0.228,0.217,0.218,0.224,0.252,0.194,0.183,0.177,0.182,0.165,0.248,0.197,0.232,0.205,0.159,0.244,0.21,0.174,0.218,0.186,0.171,0.164,0.179,0.228,0.159,0.196,0.234,0.235,0.202,0.237,0.21,0.166,0.175,0.171,0.227,0.157,0.18,0.228,0.212,0.136,0.247,0.225,
0.0,0.116,0.222,0.252,0.219,0.21,0.256,0.251,0.264,0.159,0.192,0.21,0.274,0.165,0.215,0.231,0.19,0.234,0.217,0.268,0.275,0.159,0.146,0.199,0.299,0.229,0.165,0.203,0.237,0.292,0.219,0.218,0.252,0.168,0.202,0.155,0.193,0.2,0.161,0.228,0.196,0.268,0.185,0.178,0.122,0.285,0.165,0.227,0.162,0.1,0.248,0.261,0.175,0.118,0.233,0.269,0.199,0.193,0.18,0.202,0.199,0.251,0.163,0.154,0.213,0.18,0.188,0.257,0.182,0.201,0.148,0.241,0.23,0.233,0.19,0.176,0.236,0.238,0.165,0.156,0.176,0.249,0.242,0.159,0.23,0.249,0.147,0.21,0.248,0.256,0.214,0.214,0.196,0.208,0.253,0.182,0.254,0.237,0.224,0.241,
0.0,0.183,0.206,0.17,0.246,0.202,0.233,0.13,0.192,0.201,0.173,0.204,0.15,0.098,0.181,0.161,0.159,0.253,0.161,0.207,0.236,0.202,0.241,0.193,0.147,0.2,0.242,0.201,0.121,0.143,0.142,0.234,0.158,0.189,0.156,0.168,0.174,0.168,0.24,0.197,0.215,0.239,0.173,0.243,0.151,0.178,0.211,0.165,0.257,0.218,0.106,0.198,0.174,0.22,0.144,0.216,0.203,0.226,0.224,0.085,0.14,0.185,0.249,0.189,0.121,0.263,0.178,0.126,0.122,0.207,0.192,0.146,0.251,0.208,0.223,0.184,0.215,0.179,0.231,0.19,0.176,0.197,0.147,0.213,0.157,0.162,0.231,0.238,0.2,0.095,0.281,0.225,0.232,0.244,0.247,0.173,0.184,0.183,0.116,0.215,
0.0,0.147,0.228,0.224,0.097,0.212,0.157,0.238,0.177,0.229,0.143,0.178,0.175,0.197,0.093,0.145,0.197,0.223,0.258,0.158,0.156,0.234,0.184,0.25,0.214,0.136,0.223,0.132,0.252,0.229,0.218,0.237,0.273,0.171,0.113,0.168,0.212,0.24,0.181,0.127,0.19,0.231,0.081,0.172,0.234,0.244,0.238,0.174,0.254,0.185,0.169,0.122,0.196,0.229,0.13,0.169,0.248,0.148,0.213,0.221,0.159,0.232,0.192,0.171,0.086,0.201,0.095,0.041,0.197,0.161,0.21,0.217,0.157,0.174,0.131,0.082,0.172,0.2,0.175,0.163,0.221,0.171,0.229,0.214,0.242,0.137,0.066,0.176,0.189,0.222,0.184,0.227,0.113,0.112,0.261,0.165,0.083,0.189,0.212,0.21,
0.0,0.219,0.251,0.296,0.254,0.173,0.166,0.199,0.207,0.266,0.22,0.242,0.213,0.213,0.229,0.267,0.193,0.22,0.183,0.216,0.22,0.216,0.259,0.233,0.247,0.177,0.249,0.244,0.238,0.222,0.22,0.222,0.119,0.277,0.181,0.17,0.168,0.201,0.177,0.309,0.124,0.16,0.227,0.22,0.181,0.211,0.226,0.191,0.233,0.187,0.17,0.175,0.238,0.249,0.166,0.135,0.168,0.297,0.251,0.24,0.191,0.277,0.185,0.211,0.288,0.247,0.227,0.197,0.189,0.235,0.205,0.191,0.245,0.24,0.216,0.149,0.231,0.211,0.254,0.162,0.264,0.193,0.162,0.089,0.185,0.231,0.242,0.187,0.17,0.262,0.179,0.213,0.213,0.185,0.24,0.229,0.164,0.197,0.162,0.226,
0.0,0.193,0.232,0.28,0.207,0.213,0.168,0.231,0.294,0.214,0.266,0.229,0.213,0.235,0.226,0.175,0.233,0.235,0.197,0.242,0.235,0.199,0.214,0.191,0.203,0.191,0.303,0.218,0.224,0.242,0.235,0.259,0.249,0.214,0.254,0.197,0.22,0.168,0.264,0.133,0.17,0.237,0.233,0.226,0.247,0.213,0.203,0.226,0.233,0.24,0.189,0.155,0.251,0.229,0.158,0.216,0.183,0.153,0.231,0.264,0.201,0.245,0.235,0.271,0.211,0.259,0.229,0.272,0.254,0.245,0.229,0.214,0.249,0.256,0.207,0.203,0.173,0.195,0.272,0.185,0.205,0.155,0.16,0.256,0.254,0.213,0.153,0.22,0.177,0.244,0.216,0.262,0.238,0.252,0.183,0.226,0.247,0.175,0.282,0.131,
0.0,0.225,0.109,0.179,0.211,0.203,0.193,0.185,0.056,0.11,0.116,0.265,0.205,0.128,0.225,0.106,0.12,0.209,0.09,0.247,0.043,0.07,0.086,0.105,0.201,0.202,0.234,0.155,0.166,0.183,0.163,0.189,0.2,0.253,0.091,0.201,0.084,0.08,0.185,0.164,0.182,0.137,0.166,0.175,0.163,0.226,0.193,0.17,0.118,0.191,0.233,0.204,0.203,0.19,0.2,0.209,0.189,0.209,0.231,0.216,0.128,0.123,0.213,0.154,0.19,0.154,0.193,0.069,0.133,0.18,0.221,0.242,0.207,0.114,0.114,0.199,0.225,0.067,0.203,0.196,0.251,0.08,0.183,0.097,0.15,0.121,0.224,0.129,0.219,0.275,0.211,0.195,0.064,0.147,0.264,0.264,0.132,0.224,0.205,0.253,
0.0,0.187,0.157,0.196,0.225,0.117,0.264,0.157,0.191,0.253,0.229,0.199,0.222,0.209,0.245,0.25,0.22,0.218,0.144,0.18,0.221,0.225,0.162,0.237,0.179,0.236,0.209,0.2,0.157,0.248,0.197,0.236,0.224,0.245,0.188,0.183,0.241,0.258,0.221,0.212,0.087,0.282,0.229,0.245,0.216,0.249,0.147,0.18,0.244,0.23,0.212,0.263,0.258,0.206,0.183,0.199,0.273,0.227,0.225,0.183,0.218,0.243,0.234,0.257,0.231,0.265,0.199,0.156,0.193,0.227,0.193,0.227,0.182,0.221,0.239,0.248,0.199,0.203,0.177,0.199,0.185,0.225,0.205,0.173,0.227,0.132,0.244,0.236,0.243,0.172,0.194,0.227,0.201,0.159,0.21,0.216,0.181,0.253,0.238,0.176,
0.0,0.157,0.251,0.237,0.168,0.192,0.166,0.227,0.236,0.204,0.155,0.193,0.186,0.25,0.174,0.119,0.249,0.226,0.121,0.217,0.167,0.229,0.074,0.209,0.262,0.142,0.251,0.23,0.239,0.178,0.168,0.24,0.222,0.178,0.238,0.16,0.255,0.219,0.27,0.14,0.204,0.118,0.226,0.152,0.194,0.157,0.118,0.165,0.143,0.197,0.197,0.204,0.211,0.168,0.235,0.2,0.172,0.184,0.185,0.251,0.142,0.175,0.217,0.251,0.17,0.112,0.162,0.176,0.126,0.248,0.205,0.216,0.207,0.094,0.228,0.191,0.136,0.203,0.224,0.26,0.179,0.182,0.223,0.072,0.124,0.23,0.197,0.235,0.16,0.175,0.196,0.194,0.211,0.134,0.227,0.245,0.12,0.199,0.248,0.167,
0.0,0.227,0.211,0.195,0.244,0.265,0.171,0.2,0.183,0.251,0.255,0.196,0.256,0.149,0.198,0.213,0.251,0.158,0.266,0.188,0.232,0.173,0.251,0.207,0.251,0.201,0.283,0.266,0.185,0.271,0.249,0.194,0.105,0.194,0.278,0.198,0.211,0.194,0.244,0.183,0.271,0.2,0.219,0.279,0.253,0.237,0.258,0.147,0.165,0.162,0.255,0.255,0.205,0.237,0.213,0.232,0.251,0.177,0.266,0.221,0.192,0.205,0.177,0.165,0.235,0.279,0.248,0.235,0.248,0.215,0.251,0.177,0.222,0.169,0.224,0.278,0.203,0.217,0.171,0.271,0.268,0.19,0.263,0.221,0.248,0.19,0.241,0.244,0.233,0.194,0.203,0.188,0.201,0.11,0.224,0.244,0.233,0.239,0.235,0.165,
0.0,0.239,0.248,0.254,0.255,0.191,0.104,0.204,0.26,0.242,0.174,0.212,0.279,0.23,0.178,0.081,0.191,0.203,0.211,0.247,0.153,0.279,0.17,0.258,0.28,0.214,0.221,0.216,0.214,0.174,0.196,0.163,0.249,0.203,0.177,0.173,0.263,0.175,0.216,0.189,0.206,0.219,0.119,0.24,0.176,0.259,0.17,0.236,0.202,0.202,0.267,0.229,0.245,0.197,0.202,0.189,0.064,0.221,0.208,0.113,0.237,0.174,0.2,0.225,0.164,0.148,0.244,0.099,0.22,0.225,0.247,0.188,0.231,0.118,0.249,0.229,0.191,0.268,0.148,0.199,0.159,0.245,0.173,0.219,0.234,0.21,0.251,0.247,0.229,0.238,0.17,0.218,0.265,0.214,0.22,0.247,0.174,0.18,0.273,0.225,
0.0,0.107,0.181,0.136,0.29,0.094,0.202,0.229,0.229,0.242,-0.028,0.268,0.208,0.183,0.173,0.211,0.19,0.215,0.22,0.186,0.236,0.119,0.252,0.169,0.183,0.158,0.205,0.225,0.169,0.218,0.113,0.239,0.204,0.2,0.183,0.192,0.176,0.14,0.238,0.237,0.229,0.197,0.181,0.204,0.216,0.186,0.178,0.132,0.158,0.259,0.216,0.159,0.045,0.254,0.249,0.188,0.261,0.137,0.279,0.19,0.184,0.19,0.21,0.239,0.202,0.196,0.239,0.139,0.148,0.262,0.101,0.194,0.205,0.217,0.193,0.197,0.118,0.16,0.211,0.172,0.225,0.235,0.161,0.166,0.206,0.09,0.19,0.234,0.168,0.136,0.156,0.173,0.2,0.152,0.25,0.234,0.158,0.196,0.178,0.265,
0.0,0.143,0.222,0.237,0.283,0.206,0.172,0.232,0.234,0.241,0.2,0.226,0.198,0.186,0.217,0.23,0.246,0.228,0.234,0.194,0.235,0.234,0.204,0.237,0.237,0.235,0.215,0.212,0.252,0.234,0.195,0.25,0.204,0.238,0.24,0.185,0.232,0.195,0.229,0.268,0.234,0.159,0.229,0.191,0.24,0.189,0.218,0.168,0.183,0.22,0.241,0.206,0.206,0.212,0.252,0.185,0.174,0.221,0.252,0.168,0.234,0.214,0.253,0.187,0.202,0.243,0.25,0.172,0.232,0.255,0.2,0.216,0.223,0.197,0.227,0.238,0.223,0.234,0.232,0.227,0.195,0.264,0.259,0.218,0.255,0.183,0.24,0.26,0.223,0.204,0.212,0.268,0.218,0.28,0.214,0.197,0.159,0.22,0.248,0.2,
0.0,0.146,0.221,0.207,0.24,0.197,0.118,0.194,0.198,0.169,0.214,0.164,0.279,0.132,0.117,0.219,0.2,0.186,0.198,0.243,0.161,0.215,0.118,0.057,0.221,0.142,0.175,0.234,0.168,0.18,0.15,0.236,0.151,0.201,0.2,0.245,0.219,0.23,0.2,0.15,0.197,0.248,0.186,0.197,0.23,0.219,0.19,0.197,0.204,0.207,0.136,0.198,0.205,0.162,0.2,0.185,0.167,0.271,0.172,0.222,0.209,0.171,0.255,0.216,0.203,0.26,0.25,0.148,0.188,0.224,0.257,0.196,0.176,0.225,0.212,0.215,0.261,0.248,0.146,0.198,0.19,0.214,0.242,0.2,0.205,0.186,0.156,0.183,0.183,0.187,0.188,0.223,0.23,0.182,0.224,0.183,0.19,0.194,0.228,0.145,
0.0,0.148,0.046,0.115,0.249,0.196,0.099,0.176,0.193,0.111,0.049,0.201,0.263,0.149,0.03,0.243,0.214,-0.027,0.249,0.181,0.145,0.165,0.162,0.151,0.184,0.225,0.259,0.201,0.243,0.219,0.134,0.2,0.235,0.13,0.107,0.03,0.219,-0.048,0.169,0.145,0.173,0.083,0.222,0.113,0.152,0.16,0.182,0.043,0.115,0.06,0.217,0.24,0.215,0.139,0.192,0.151,0.168,0.182,0.203,0.133,0.19,0.271,0.173,0.099,0.191,0.178,0.09,0.222,0.142,0.066,0.117,0.256,0.228,0.211,0.144,0.238,0.182,0.2,0.148,0.095,0.152,0.231,0.206,0.095,0.184,0.105,0.22,0.209,0.212,0.197,0.205,0.185,0.2,-0.033,-0.027,0.242,0.233,0.219,0.179,0.201,
0.0,0.24,0.152,0.257,0.267,0.096,0.152,0.164,0.226,0.201,0.168,0.249,0.159,0.245,0.193,0.15,0.251,0.216,0.176,0.158,0.236,0.207,0.269,0.078,0.195,0.162,0.214,0.174,0.144,0.233,0.237,0.257,0.193,0.266,0.184,0.231,0.208,0.186,0.281,0.227,0.149,0.21,0.191,0.229,0.236,0.208,0.252,0.166,0.228,0.185,0.188,0.244,0.133,0.247,0.153,0.206,0.188,0.216,0.253,0.226,0.196,0.232,0.256,0.185,0.201,0.253,0.232,0.247,0.225,0.22,0.231,0.135,0.276,0.166,0.171,0.242,0.292,0.234,0.228,0.231,0.205,0.201,0.226,0.204,0.24,0.211,0.203,0.164,0.205,0.215,0.208,0.179,0.151,0.192,0.181,0.257,0.23,0.231,0.242,0.133,
0.0,0.158,0.181,0.198,0.204,0.233,0.203,0.193,0.247,0.177,0.205,0.207,0.271,0.271,0.226,0.166,0.28,0.174,0.288,0.259,0.24,0.257,0.175,0.177,0.249,0.218,0.191,0.238,0.218,0.297,0.222,0.231,0.197,0.203,0.164,0.168,0.226,0.259,0.179,0.197,0.274,0.185,0.274,0.267,0.227,0.199,0.276,0.254,0.274,0.214,0.181,0.166,0.205,0.279,0.224,0.17,0.179,0.259,0.222,0.244,0.244,0.264,0.181,0.185,0.229,0.222,0.213,0.22,0.16,0.168,0.195,0.205,0.229,0.218,0.245,0.209,0.271,0.191,0.211,0.247,0.207,0.284,0.158,0.14,0.158,0.209,0.247,0.227,0.237,0.144,0.254,0.158,0.237,0.227,0.197,0.187,0.211,0.209,0.235,0.147,
0.0,0.206,0.174,0.205,0.171,0.176,0.216,0.157,0.227,0.165,0.182,0.156,0.195,0.201,0.183,0.18,0.163,0.169,0.211,0.161,0.159,0.146,0.214,0.213,0.166,0.168,0.23,0.209,0.143,0.214,0.205,0.215,0.195,0.187,0.168,0.215,0.215,0.221,0.173,0.168,0.219,0.135,0.175,0.217,0.241,0.213,0.162,0.118,0.168,0.259,0.193,0.205,0.195,0.219,0.185,0.175,0.181,0.241,0.115,0.188,0.189,0.136,0.188,0.155,0.212,0.192,0.19,0.215,0.164,0.202,0.2,0.219,0.221,0.18,0.184,0.166,0.187,0.177,0.191,0.146,0.181,0.181,0.132,0.18,0.182,0.192,0.196,0.163,0.176,0.176,0.228,0.168,0.203,0.154,0.144,0.19,0.141,0.212,0.172,0.18,
0.0,0.119,0.235,0.159,0.224,0.174,0.14,0.137,0.145,0.107,0.144,0.123,0.204,0.149,0.071,0.117,0.15,0.157,0.126,0.118,0.169,0.085,0.195,0.085,0.124,0.119,0.132,0.198,0.174,0.068,0.147,0.22,0.13,0.173,0.135,0.104,0.078,0.165,0.169,0.099,0.138,0.253,0.059,0.183,0.164,0.045,-0.019,0.175,0.171,0.094,0.142,0.1,0.185,0.159,0.225,0.14,0.068,0.011,0.226,0.106,0.121,0.145,0.065,0.212,0.179,0.168,0.14,0.276,0.1,0.065,0.17,0.098,0.202,0.156,0.15,0.223,0.113,0.064,0.202,0.105,0.123,0.083,0.116,0.136,0.193,0.079,0.192,0.191,0.164,0.156,0.107,0.099,0.106,0.117,0.118,0.107,0.187,0.135,0.16,0.167,
0.0,0.179,0.24,0.125,0.147,0.145,0.186,0.175,0.108,0.163,0.183,0.19,0.202,0.168,0.165,0.16,0.188,0.179,0.237,0.122,0.202,0.173,0.2,0.183,0.147,0.242,0.191,0.141,0.133,0.188,0.217,0.166,0.197,0.191,0.241,0.197,0.181,0.129,0.149,0.175,0.184,0.169,0.2,0.18,0.118,0.146,0.154,0.192,0.203,0.125,0.174,0.166,0.209,0.16,0.198,0.203,0.213,0.193,0.188,0.161,0.208,0.138,0.2,0.14,0.184,0.176,0.17,0.189,0.17,0.2,0.189,0.168,0.147,0.173,0.176,0.141,0.147,0.18,0.21,0.183,0.184,0.211,0.118,0.186,0.19,0.19,0.187,0.192,0.163,0.148,0.18,0.178,0.233,0.156,0.191,0.171,0.178,0.163,0.173,0.16,
0.0,0.24,0.192,0.203,0.253,0.203,0.226,0.149,0.244,0.176,0.124,0.059,0.293,0.27,0.256,0.138,0.228,0.174,0.212,0.203,0.192,0.198,0.142,0.24,0.188,0.14,0.208,0.126,0.169,0.116,0.288,0.171,0.128,0.149,0.216,0.216,0.246,0.149,0.161,0.147,0.218,0.192,0.231,0.237,0.169,0.109,0.171,0.24,0.114,0.152,0.116,0.21,0.182,0.216,0.212,0.229,0.138,0.218,0.182,0.226,0.169,0.142,0.184,0.21,0.14,0.222,0.194,0.22,0.194,0.099,0.248,0.235,0.109,0.111,0.176,0.18,0.244,0.21,0.104,0.249,0.161,0.131,0.114,0.246,0.124,0.156,0.218,0.256,0.169,0.152,0.203,0.21,0.248,0.167,0.14,0.152,0.152,0.142,0.228,0.114,
0.0,0.028,0.098,0.192,0.101,0.077,0.132,0.198,0.095,0.125,0.078,0.208,0.18,0.175,0.211,0.139,0.191,0.123,0.234,0.068,0.185,0.095,0.138,0.175,0.194,0.092,0.097,0.157,0.203,0.122,0.094,0.226,0.167,0.141,0.049,0.164,0.194,0.108,0.17,0.203,0.088,0.087,0.164,0.124,0.137,0.128,0.179,0.182,0.169,0.174,0.106,0.201,0.055,0.123,0.113,0.132,0.13,0.17,0.155,0.115,0.117,0.164,0.158,0.131,0.091,0.196,0.17,0.146,0.142,0.047,0.07,0.235,0.063,0.125,0.167,0.127,0.149,0.173,0.165,0.091,0.136,0.138,0.206,0.164,0.108,0.111,0.099,-0.038,0.146,0.095,0.1,0.068,0.182,0.136,0.133,0.224,0.132,0.163,0.124,0.165,
0.0,0.12,0.271,0.064,0.201,0.169,0.201,0.246,0.21,0.118,0.179,0.154,0.105,0.16,0.209,0.147,0.232,0.129,0.061,0.069,0.171,0.106,0.259,0.21,0.228,0.22,0.111,0.177,0.209,0.125,0.185,0.228,0.201,0.154,0.218,0.152,0.272,0.171,0.196,0.184,0.25,0.149,0.109,0.138,0.149,0.147,0.212,0.194,0.161,0.18,0.152,0.158,0.184,0.186,0.077,0.143,0.171,0.156,0.138,0.158,0.165,0.09,0.182,0.073,0.217,0.092,0.151,0.188,0.137,0.141,0.225,0.141,0.216,0.219,0.119,0.157,0.093,0.244,0.124,0.171,0.18,0.055,0.096,0.15,0.148,0.287,0.125,0.194,0.174,0.171,0.207,0.199,0.102,0.184,0.126,0.203,0.14,0.158,0.223,0.162,
0.0,0.279,0.292,0.183,0.181,0.275,0.195,0.174,0.073,0.24,0.249,0.132,0.202,0.162,0.242,0.174,0.201,0.24,0.174,0.174,0.188,0.154,0.212,0.174,0.158,0.216,0.158,0.224,0.178,0.231,0.204,0.169,0.196,0.147,0.158,0.114,0.26,0.192,0.231,0.239,0.214,0.149,0.214,0.138,0.119,0.169,0.194,0.169,0.196,0.201,0.19,0.206,0.275,0.171,0.145,0.116,0.216,0.176,0.171,0.203,0.167,0.194,0.171,0.18,0.182,0.163,0.265,0.176,0.216,0.268,0.182,0.229,0.201,0.133,0.104,0.133,0.142,0.278,0.235,0.203,0.251,0.186,0.21,0.161,0.045,0.22,0.121,0.208,0.263,0.167,0.169,0.235,0.178,0.201,0.229,0.124,0.204,0.19,0.19,0.196,
0.0,0.183,0.269,0.226,0.183,0.196,0.194,0.176,0.204,0.176,0.158,0.229,0.156,0.231,0.249,0.18,0.214,0.239,0.212,0.109,0.194,0.178,0.194,0.231,0.142,0.161,0.222,0.204,0.158,0.194,0.226,0.196,0.138,0.124,0.218,0.237,0.214,0.145,0.244,0.24,0.19,0.214,0.206,0.204,0.154,0.196,0.18,0.237,0.249,0.19,0.101,0.188,0.14,0.22,0.208,0.178,0.163,0.169,0.186,0.18,0.235,0.18,0.198,0.186,0.186,0.244,0.158,0.226,0.178,0.163,0.192,0.222,0.239,0.192,0.206,0.167,0.206,0.214,0.138,0.145,0.165,0.165,0.206,0.176,0.226,0.237,0.176,0.233,0.229,0.218,0.106,0.228,0.147,0.194,0.24,0.167,0.19,0.171,0.154,0.224,
0.0,0.087,0.19,0.114,0.219,0.055,0.079,0.195,0.148,0.168,0.138,0.129,0.102,0.126,0.129,0.208,0.21,0.088,0.032,0.09,0.107,0.14,0.17,0.176,0.106,0.19,0.135,0.117,0.167,0.145,0.149,0.113,0.184,0.126,0.211,0.195,0.175,0.123,0.15,0.115,0.174,0.147,0.153,0.087,0.103,0.159,0.158,0.109,0.144,0.151,0.178,0.182,0.142,0.194,0.138,0.098,0.146,0.147,0.144,0.11,0.13,0.081,0.122,0.22,0.214,0.086,0.082,0.204,0.12,0.111,0.098,0.132,0.167,0.223,0.136,0.175,0.126,0.108,0.144,0.199,0.169,0.156,0.199,0.095,0.039,0.203,0.165,0.094,0.143,0.185,0.143,0.215,0.147,0.168,0.09,0.111,0.201,0.14,0.179,0.172,
0.0,0.141,0.244,0.2,0.238,0.242,0.162,0.162,0.24,0.22,0.142,0.223,0.198,0.162,0.169,0.229,0.179,0.182,0.192,0.221,0.162,0.171,0.2,0.113,0.225,0.186,0.196,0.2,0.184,0.2,0.181,0.212,0.188,0.193,0.192,0.149,0.231,0.14,0.21,0.206,0.214,0.223,0.218,0.208,0.238,0.16,0.188,0.233,0.179,0.169,0.184,0.158,0.169,0.198,0.208,0.223,0.186,0.149,0.167,0.225,0.251,0.106,0.184,0.126,0.221,0.216,0.13,0.162,0.215,0.198,0.286,0.144,0.116,0.227,0.263,0.223,0.179,0.184,0.177,0.21,0.238,0.182,0.24,0.167,0.196,0.2,0.16,0.133,0.221,0.192,0.156,0.149,0.167,0.14,0.192,0.147,0.248,0.184,0.21,0.183,
0.0,0.234,0.234,0.176,0.26,0.216,0.17,0.215,0.076,0.228,0.257,0.143,0.237,0.23,0.146,0.206,0.183,0.163,0.159,0.133,0.111,0.192,0.164,0.154,0.235,0.219,0.132,0.211,0.195,0.152,0.205,0.206,0.138,0.23,0.011,0.031,0.182,0.091,0.212,0.131,0.226,0.221,0.23,0.141,0.134,0.048,0.239,0.156,0.109,0.145,0.267,0.161,0.176,0.239,0.268,0.204,0.147,0.188,0.141,0.248,0.037,0.101,0.138,0.206,0.212,0.15,0.189,0.197,0.152,0.066,0.058,0.186,0.265,0.099,0.14,0.194,0.194,0.13,0.142,0.201,0.209,0.136,0.114,0.27,0.187,0.088,0.184,0.13,0.21,0.138,0.158,0.175,0.196,0.212,0.17,0.197,0.188,0.221,0.219,0.114,
0.0,0.12,0.247,0.085,0.115,0.076,0.199,0.138,0.215,0.059,0.194,0.148,0.125,0.16,0.191,0.075,0.14,0.157,0.152,0.17,0.153,0.143,0.156,0.19,0.156,0.073,0.143,0.186,0.151,0.158,0.172,0.164,0.195,0.155,0.131,0.136,0.209,0.157,0.221,0.088,0.074,0.163,0.125,0.199,0.14,0.086,0.14,0.196,0.188,0.223,0.119,0.128,0.105,0.199,0.155,0.149,0.092,0.186,0.108,0.173,0.241,0.197,0.161,0.152,0.1,0.178,0.136,0.197,0.137,0.158,0.149,0.203,0.146,0.205,0.19,0.19,0.184,0.131,0.14,0.229,0.143,0.229,0.15,0.211,0.222,0.101,0.206,0.146,0.138,0.199,0.159,0.163,0.166,0.168,0.084,0.162,0.135,0.175,0.164,0.131,
0.0,0.206,0.206,0.162,0.232,0.221,0.179,0.18,0.211,0.183,0.228,0.201,0.181,0.223,0.2,0.128,0.203,0.209,0.164,0.132,0.197,0.132,0.115,0.2,0.174,0.164,0.166,0.195,0.183,0.213,0.183,0.187,0.189,0.174,0.219,0.168,0.172,0.187,0.118,0.208,0.241,0.149,0.202,0.214,0.209,0.201,0.162,0.162,0.187,0.213,0.175,0.195,0.175,0.14,0.225,0.179,0.169,0.206,0.128,0.243,0.19,0.231,0.104,0.214,0.214,0.186,0.223,0.182,0.2,0.19,0.191,0.153,0.12,0.181,0.189,0.193,0.228,0.196,0.185,0.113,0.152,0.138,0.184,0.166,0.187,0.155,0.139,0.146,0.155,0.132,0.193,0.207,0.195,0.157,0.195,0.221,0.227,0.166,0.213,0.149,
0.0,0.133,0.18,0.169,0.237,0.158,0.092,0.165,0.016,0.129,0.078,0.219,0.145,0.098,0.172,0.164,0.159,0.073,0.146,0.161,0.097,0.156,0.151,0.164,0.181,0.177,0.161,0.174,0.21,0.13,0.173,0.173,0.167,0.131,0.171,0.174,0.155,0.085,0.164,0.122,0.142,0.072,0.112,0.118,0.156,0.096,0.157,0.194,0.051,0.144,0.114,0.115,0.152,0.203,0.159,0.134,0.086,0.163,0.111,0.167,0.167,0.061,0.15,0.149,0.138,0.151,0.116,0.141,0.098,0.183,0.091,0.126,0.119,0.226,0.097,0.138,0.115,0.191,0.203,0.124,0.163,0.165,0.107,0.144,0.181,0.149,0.175,0.158,0.147,0.062,0.159,0.175,0.156,0.112,0.209,0.184,0.158,-0.025,0.089,0.179,
0.0,0.247,0.224,0.244,0.261,0.236,0.214,0.212,0.212,0.158,0.202,0.196,0.151,0.2,0.182,0.186,0.208,0.167,0.2,0.16,0.186,0.167,0.214,0.173,0.19,0.162,0.175,0.227,0.227,0.216,0.214,0.19,0.186,0.137,0.16,0.206,0.266,0.192,0.194,0.153,0.22,0.206,0.16,0.175,0.208,0.234,0.192,0.294,0.153,0.186,0.167,0.173,0.184,0.179,0.233,0.242,0.169,0.14,0.21,0.19,0.182,0.188,0.212,0.188,0.2,0.144,0.169,0.221,0.194,0.238,0.236,0.182,0.202,0.133,0.123,0.206,0.114,0.218,0.175,0.227,0.142,0.059,0.106,0.247,0.182,0.114,0.214,0.229,0.206,0.208,0.184,0.202,0.186,0.171,0.184,0.2,0.151,0.204,0.212,0.177,
0.0,0.147,0.221,0.252,0.214,0.182,0.089,0.188,0.191,0.159,0.127,0.111,0.19,0.218,0.107,0.194,0.131,0.197,0.205,0.082,0.164,0.171,0.17,0.188,0.181,0.103,0.248,0.162,0.202,0.138,0.092,0.206,0.148,0.076,0.104,0.204,0.181,0.22,0.151,0.19,0.165,0.068,0.211,0.174,0.16,0.153,0.204,0.129,0.189,0.17,0.144,0.138,0.267,0.232,0.123,0.191,0.127,0.108,0.12,0.15,0.126,0.167,0.251,0.224,0.224,0.23,0.12,0.155,0.199,0.115,0.242,0.224,0.096,0.222,0.174,0.235,0.164,0.165,0.233,0.221,0.168,0.176,0.174,0.157,0.158,0.184,0.189,0.168,0.179,0.187,0.139,0.268,0.148,0.15,0.064,0.143,0.228,0.167,0.196,0.163,
0.0,0.227,0.285,0.256,0.26,0.2,0.222,0.171,0.125,0.204,0.188,0.1,0.141,0.2,0.214,0.202,0.227,0.277,0.122,0.216,0.171,0.212,0.181,0.16,0.208,0.12,0.188,0.179,0.214,0.129,0.164,0.181,0.181,0.212,0.141,0.151,0.196,0.208,0.107,0.229,0.202,0.208,0.218,0.216,0.181,0.198,0.246,0.157,0.168,0.164,0.168,0.144,0.262,0.186,0.186,0.216,0.21,0.168,0.248,0.177,0.188,0.196,0.229,0.171,0.181,0.212,0.129,0.06,0.263,0.196,0.26,0.107,0.122,0.246,0.208,0.224,0.295,0.117,0.183,0.177,0.198,0.196,0.263,0.181,0.132,0.166,0.137,0.204,0.2,0.141,0.229,0.204,0.157,0.24,0.192,0.179,0.218,0.097,0.248,0.253,
0.0,0.248,0.27,0.223,0.298,0.173,0.076,0.111,0.125,0.183,0.118,0.209,0.155,0.16,0.114,0.139,0.163,0.16,0.117,0.145,0.156,0.198,0.122,0.188,0.204,0.203,0.078,0.161,0.23,0.132,0.108,0.125,0.099,0.16,0.202,0.131,0.135,0.097,0.21,0.2,0.154,0.184,0.17,0.082,0.089,0.209,0.111,0.083,0.172,0.169,0.127,0.154,0.155,0.192,0.157,0.123,0.152,0.189,0.121,0.126,0.114,0.149,0.214,0.152,0.189,0.216,0.196,0.097,0.19,0.207,0.14,0.202,0.133,0.13,0.163,0.211,0.098,0.205,0.06,0.26,0.036,0.097,0.158,0.114,0.197,0.231,0.142,0.052,0.115,0.183,0.101,0.219,0.198,0.15,0.124,0.139,0.201,0.216,0.204,0.157,
0.0,0.303,0.227,0.071,0.251,0.194,0.198,0.229,0.19,0.198,0.168,0.27,0.139,0.269,0.183,0.214,0.206,0.2,0.081,0.206,0.177,0.137,0.248,0.162,0.2,0.225,0.177,0.202,0.19,0.24,0.06,0.102,0.218,0.137,0.164,0.157,0.188,0.144,0.202,0.192,0.237,0.256,0.227,0.179,0.202,0.129,0.175,0.166,0.162,0.175,0.183,0.202,0.137,0.216,0.16,0.157,0.188,0.148,0.212,0.242,0.144,0.076,0.198,0.27,0.255,0.127,0.11,0.16,0.179,0.22,0.218,0.132,0.196,0.173,0.148,0.263,0.137,0.242,0.16,0.244,0.117,0.137,0.267,0.181,0.255,0.144,0.229,0.139,0.144,0.204,0.231,0.117,0.186,0.229,0.16,0.21,0.285,0.177,0.2,0.235,
0.0,0.105,0.291,0.227,0.212,0.194,0.157,0.131,0.209,0.19,0.221,0.208,0.142,0.236,0.188,0.216,0.173,0.184,0.126,0.051,0.189,0.242,0.202,0.162,0.206,0.173,0.184,0.202,0.142,0.242,0.138,0.174,0.153,0.213,0.168,0.21,0.221,0.159,0.178,0.147,0.245,0.202,0.175,0.123,0.238,0.179,0.209,0.234,0.144,0.214,0.195,0.137,0.183,0.22,0.149,0.198,0.153,0.147,0.208,0.214,0.198,0.194,0.225,0.204,0.101,0.218,0.173,0.2,0.254,0.147,0.21,0.188,0.151,0.179,0.117,0.209,0.245,0.154,0.186,0.149,0.212,0.231,0.19,0.227,0.216,0.22,0.164,0.189,0.123,0.269,0.156,0.194,0.19,0.135,0.098,0.219,0.159,0.21,0.225,0.216,
0.0,0.23,0.17,0.204,0.286,0.102,0.251,0.187,0.215,0.13,0.2,0.255,0.177,0.196,0.175,0.173,0.167,0.2,0.2,0.173,0.156,0.208,0.168,0.252,0.164,0.19,0.172,0.195,0.198,0.154,0.162,0.146,0.175,0.186,0.164,0.186,0.223,0.21,0.184,0.204,0.221,0.2,0.188,0.218,0.099,0.183,0.223,0.184,0.149,0.22,0.062,0.195,0.184,0.247,0.144,0.149,0.194,0.207,0.245,0.159,0.169,0.116,0.205,0.218,0.158,0.173,0.175,0.221,0.185,0.205,0.233,0.182,0.158,0.153,0.218,0.259,0.162,0.177,0.173,0.135,0.252,0.192,0.191,0.258,0.188,0.196,0.136,0.169,0.173,0.2,0.167,0.242,0.263,0.151,0.162,0.17,0.175,0.202,0.196,0.241,
0.0,0.153,0.209,0.242,0.184,0.173,0.169,0.156,0.155,0.194,0.157,0.191,0.237,0.117,0.23,0.19,0.201,0.198,0.238,0.193,0.175,0.234,0.239,0.191,0.168,0.195,0.213,0.183,0.198,0.23,0.166,0.171,0.079,0.105,0.16,0.137,0.222,0.203,0.181,0.185,0.244,0.157,0.144,0.176,0.218,0.164,0.153,0.174,0.225,0.172,0.124,0.21,0.146,0.227,0.181,0.201,0.159,0.197,0.233,0.183,0.209,0.195,0.199,0.134,0.176,0.157,0.27,0.224,0.195,0.179,0.168,0.229,0.135,0.189,0.16,0.179,0.195,0.189,0.227,0.215,0.142,0.243,0.195,0.171,0.191,0.217,0.209,0.121,0.157,0.175,0.221,0.187,0.187,0.227,0.219,0.209,0.146,0.164,0.168,0.228,
0.0,0.095,0.141,0.157,0.147,0.183,0.068,0.16,0.124,0.115,0.16,0.197,0.144,0.09,0.123,0.16,0.096,0.177,0.18,0.085,0.143,0.133,0.228,0.145,0.102,0.073,0.146,0.152,0.1,0.121,0.209,0.144,0.1,0.141,0.143,0.165,0.12,0.123,0.161,0.13,0.153,0.163,0.175,0.132,0.133,0.149,0.142,0.161,0.113,0.042,0.119,0.155,0.14,0.13,0.172,0.143,0.097,0.148,0.106,0.204,0.184,0.176,0.117,0.128,0.151,0.105,0.151,0.135,0.12,0.179,0.172,0.17,0.139,0.185,0.173,0.123,0.135,0.197,0.07,0.154,0.133,0.167,0.134,0.078,0.146,0.189,0.104,0.144,0.185,0.016,0.109,0.21,0.201,0.149,0.09,0.101,0.151,0.135,0.106,0.146,
0.0,0.163,0.148,0.112,0.182,0.119,0.059,0.148,0.03,0.199,0.215,0.138,0.065,0.07,0.165,0.128,0.116,0.136,0.138,0.123,0.15,0.159,0.137,0.187,0.157,0.173,0.062,0.127,0.105,0.124,0.131,0.07,0.029,0.114,0.064,0.123,0.133,0.138,0.135,0.179,0.128,0.138,0.112,0.103,0.06,0.134,0.082,0.131,0.082,0.135,-0.01,0.003,0.141,0.143,0.161,0.177,0.052,-0.03,0.119,0.114,0.153,0.105,0.104,0.116,0.09,0.097,0.129,0.161,0.124,0.173,0.14,0.157,0.169,0.156,0.12,0.17,0.103,0.105,0.1,0.122,0.109,0.103,0.114,0.091,0.121,0.063,0.078,0.193,0.096,0.106,0.158,0.15,0.099,0.149,0.166,0.101,0.119,0.064,0.086,0.125,
0.0,0.19,0.092,0.167,0.158,0.181,0.164,0.164,0.169,0.184,0.256,0.104,0.212,0.22,0.201,0.218,0.131,0.186,0.203,0.212,0.147,0.149,0.216,0.203,0.246,0.246,0.131,0.239,0.256,0.203,0.186,0.203,0.14,0.218,0.204,0.242,0.218,0.188,0.258,0.192,0.174,0.078,0.246,0.188,0.14,0.244,0.214,0.206,0.26,0.167,0.194,0.158,0.242,0.212,0.176,0.182,0.186,0.19,0.198,0.142,0.228,0.188,0.204,0.186,0.237,0.176,0.156,0.18,0.178,0.203,0.19,0.233,0.126,0.152,0.224,0.186,0.222,0.161,0.244,0.136,0.192,0.229,0.128,0.237,0.216,0.182,0.201,0.147,0.174,0.158,0.228,0.152,0.22,0.171,0.165,0.182,0.228,0.251,0.158,0.212,
0.0,0.179,0.225,0.099,0.137,0.035,0.133,0.17,0.15,0.115,0.143,0.131,0.165,0.159,0.142,0.142,0.141,0.105,0.156,0.14,0.203,0.166,0.14,0.111,0.081,0.157,0.206,0.078,0.186,0.118,0.17,0.183,0.201,0.139,0.212,0.081,0.078,0.184,0.144,0.195,0.178,0.094,0.118,0.074,0.211,0.176,0.172,0.169,0.205,0.179,0.101,0.085,0.209,0.077,0.115,0.156,0.128,0.148,0.128,0.113,0.186,0.129,0.103,0.098,0.17,0.112,0.155,0.111,0.116,0.185,0.208,0.154,0.159,0.139,0.106,0.189,0.115,0.138,0.222,0.204,0.164,0.113,0.125,0.109,0.16,0.18,0.173,0.163,0.142,0.16,0.129,0.103,0.192,0.091,0.136,0.106,0.102,0.144,0.136,0.145,
0.0,0.189,0.282,0.236,0.111,0.183,0.209,0.186,0.133,0.194,0.148,0.235,0.222,0.15,0.187,0.069,0.105,0.208,0.198,0.123,0.131,0.174,0.177,0.167,0.155,0.168,0.073,0.173,0.112,0.212,0.157,0.109,0.116,0.224,0.145,0.187,0.145,0.127,0.163,0.193,0.211,0.169,0.178,0.171,0.182,0.111,0.252,0.123,0.159,0.2,0.119,0.202,0.083,0.188,0.222,0.195,0.184,0.193,0.123,0.208,0.098,0.17,0.189,0.208,0.227,0.197,0.19,0.118,0.203,0.026,0.221,0.157,0.169,0.214,0.162,0.144,0.15,0.159,0.181,0.183,0.173,0.211,0.153,0.208,0.101,0.097,0.183,0.145,0.115,0.144,0.175,0.118,0.2,0.177,0.168,0.184,0.17,0.118,0.169,0.203,
0.0,0.191,0.178,0.188,0.218,0.183,0.175,0.157,0.213,0.153,0.236,0.232,0.171,0.173,0.189,0.179,0.185,0.205,0.185,0.185,0.205,0.215,0.198,0.239,0.183,0.219,0.217,0.221,0.221,0.125,0.223,0.179,0.155,0.179,0.144,0.207,0.2,0.209,0.183,0.027,0.21,0.209,0.201,0.22,0.141,0.172,0.174,0.157,0.193,0.246,0.191,0.217,0.17,0.205,0.144,0.181,0.144,0.213,0.148,0.218,0.161,0.189,0.207,0.144,0.197,0.226,0.195,0.203,0.217,0.155,0.215,0.246,0.179,0.217,0.195,0.172,0.211,0.197,0.224,0.176,0.179,0.159,0.168,0.199,0.199,0.141,0.197,0.215,0.146,0.189,0.172,0.232,0.195,0.189,0.144,0.217,0.248,0.161,0.209,0.127,
0.0,0.215,0.155,0.124,0.189,0.048,0.178,0.231,0.201,0.128,0.098,0.112,0.136,0.286,0.198,0.144,0.089,0.2,0.175,0.189,0.121,0.227,0.206,0.179,0.06,0.161,0.081,0.209,0.154,0.093,0.098,0.123,0.182,0.224,0.223,0.178,0.132,0.107,0.117,0.203,0.129,0.15,0.122,0.158,0.168,0.148,0.062,0.125,0.199,0.09,0.207,0.165,0.11,0.21,0.099,0.153,0.07,0.121,0.245,0.121,0.152,0.124,0.11,0.094,0.205,0.162,0.11,0.24,0.143,0.167,0.123,0.141,0.169,0.16,0.098,0.103,0.173,0.19,0.07,0.279,0.181,0.155,0.077,0.221,0.168,0.199,0.086,0.131,0.161,0.198,0.132,0.123,0.079,0.033,0.096,0.174,0.2,0.118,0.103,0.213,
0.0,0.098,0.282,0.041,0.226,0.211,0.194,0.226,0.129,0.197,0.189,0.124,0.058,0.238,0.224,0.179,0.236,0.146,0.139,0.254,0.231,0.134,0.124,0.213,0.208,0.197,0.213,0.211,0.077,0.131,0.139,0.123,0.187,0.199,0.204,0.249,0.172,0.231,0.221,0.234,0.208,0.219,0.146,0.161,0.119,0.164,0.242,0.247,0.181,0.234,0.045,0.084,0.141,0.177,0.176,0.097,0.215,0.234,0.187,0.236,0.104,0.172,0.228,0.211,0.185,0.113,0.199,0.164,0.112,0.202,0.152,0.037,0.172,0.232,0.217,0.223,0.221,0.139,0.199,0.139,0.189,0.187,0.195,0.141,0.303,0.134,0.181,0.254,0.097,0.222,0.183,0.164,0.099,0.179,0.146,0.157,0.211,0.24,0.16,0.199,
0.0,0.159,0.252,0.16,0.161,0.206,0.198,0.174,0.125,0.099,0.166,0.235,0.211,0.214,0.224,0.179,0.219,0.215,0.191,0.211,0.161,0.19,0.17,0.183,0.186,0.144,0.201,0.244,0.174,0.199,0.201,0.141,0.182,0.22,0.232,0.187,0.218,0.12,0.246,0.201,0.198,0.077,0.099,0.169,0.203,0.207,0.203,0.153,0.158,0.229,0.11,0.163,0.246,0.19,0.213,0.124,0.225,0.213,0.251,0.154,0.237,0.21,0.132,0.174,0.199,0.181,0.209,0.162,0.125,0.211,0.182,0.108,0.17,0.253,0.193,0.144,0.162,0.212,0.185,0.218,0.183,0.217,0.224,0.159,0.217,0.213,0.166,0.168,0.18,0.197,0.194,0.249,0.185,0.211,0.197,0.161,0.205,0.121,0.221,0.141,
0.0,0.09,0.191,0.145,0.145,0.101,0.15,0.202,0.161,0.151,0.111,0.145,0.176,0.117,0.197,0.153,-0.018,0.093,0.086,0.212,0.098,0.144,0.201,0.199,0.13,0.123,0.083,0.125,0.227,0.109,0.179,0.17,0.155,0.18,0.18,0.189,0.178,0.2,0.11,0.163,0.141,0.064,-0.014,0.127,0.155,0.141,0.047,0.102,0.226,0.216,0.128,0.198,0.202,0.212,0.046,0.158,0.133,0.164,0.13,0.041,0.109,0.133,0.051,0.133,0.142,0.185,0.173,0.124,0.159,0.135,0.182,0.04,0.198,0.169,0.077,-0.034,0.167,0.199,0.158,0.186,0.174,0.211,0.179,0.187,0.053,0.184,0.164,0.186,0.15,0.113,0.222,0.145,0.178,0.096,0.145,0.156,0.17,0.219,0.104,0.151,
0.0,0.184,0.153,0.098,0.22,0.152,0.136,0.13,0.085,0.165,0.111,0.037,0.139,0.157,0.111,0.158,0.092,0.073,0.151,0.073,0.119,0.076,0.093,0.237,0.076,0.127,0.161,0.144,0.125,0.072,0.152,0.122,0.158,0.14,0.12,0.137,0.134,0.079,0.214,0.104,0.179,0.094,0.122,0.111,0.177,0.138,0.203,0.192,0.134,0.151,0.099,0.096,0.136,0.163,0.104,0.14,0.066,0.099,0.09,0.192,0.011,0.235,0.025,0.153,0.153,0.189,0.115,0.018,0.117,0.091,0.095,0.144,0.238,0.152,0.142,0.103,0.174,0.189,0.116,0.049,0.217,0.159,0.071,0.193,-0.014,0.115,0.212,0.14,0.135,0.246,0.045,0.169,0.092,0.151,0.143,0.176,0.155,0.109,0.161,0.173,
0.0,0.165,0.184,0.158,0.181,0.168,0.169,0.182,0.086,0.142,0.194,0.163,0.14,0.142,0.077,0.157,0.193,0.194,0.057,0.119,0.082,0.129,0.101,0.152,0.066,0.144,0.153,0.165,0.052,0.212,0.196,0.141,0.135,0.146,0.186,0.105,0.138,0.116,0.148,0.175,0.125,0.147,0.183,0.156,0.116,0.176,0.092,0.129,0.107,0.158,0.153,0.074,0.168,0.08,0.17,0.137,0.124,0.165,0.129,0.159,0.04,0.133,0.08,0.148,0.165,0.136,0.14,0.095,0.204,0.138,0.187,0.17,0.088,0.132,0.129,0.153,0.142,0.156,0.109,0.125,0.192,0.223,0.064,0.136,0.089,0.152,0.188,0.111,0.245,0.096,0.178,0.16,0.166,0.18,0.152,0.155,0.127,0.104,0.097,0.174,
0.0,0.064,0.108,0.162,0.087,0.184,0.194,0.156,0.163,0.038,0.085,0.151,0.173,0.152,0.165,0.099,0.16,0.176,0.171,0.131,0.156,0.182,0.118,0.14,0.186,0.146,0.171,0.165,0.168,0.127,0.181,0.198,0.179,0.109,0.217,0.148,0.121,0.188,0.218,0.162,0.181,0.137,0.241,0.197,0.149,0.14,0.221,0.164,0.076,0.122,0.141,0.12,0.206,0.132,0.091,0.183,0.191,0.14,0.196,0.083,0.182,0.213,0.149,0.144,0.171,0.155,0.086,0.216,0.156,0.114,0.133,0.106,0.181,0.155,0.218,0.148,0.18,0.079,0.219,0.145,0.205,0.15,0.203,0.121,0.093,0.155,0.12,0.171,0.176,0.191,0.153,0.248,0.2,0.129,0.159,0.162,0.152,0.167,0.108,0.136,
0.0,0.063,0.155,0.259,0.231,0.207,0.192,0.212,0.2,0.142,0.211,0.118,0.137,0.152,0.231,0.201,0.169,0.191,0.139,0.176,0.176,0.212,0.13,0.197,0.143,0.189,0.125,0.209,0.173,0.166,0.204,0.217,0.143,0.154,0.185,0.203,0.221,0.132,0.228,0.23,0.132,0.181,0.191,0.227,0.219,0.198,0.195,0.159,0.121,0.179,0.215,0.189,0.205,0.228,0.193,0.185,0.171,0.198,0.144,0.223,0.179,0.2,0.171,0.191,0.137,0.142,0.185,0.162,0.255,0.183,0.121,0.168,0.227,0.181,0.168,0.142,0.187,0.238,0.162,0.137,0.168,0.245,0.189,0.23,0.219,0.215,0.205,0.153,0.171,0.118,0.173,0.209,0.173,0.179,0.225,0.193,0.175,0.239,0.168,0.189,
0.0,0.179,0.14,0.076,0.253,0.22,0.183,0.185,0.135,0.183,0.162,0.189,0.147,0.2,0.24,0.196,0.182,0.266,0.2,0.182,0.164,0.158,0.156,0.179,0.245,0.162,0.202,0.158,0.164,0.209,0.254,0.162,0.21,0.205,0.209,0.19,0.169,0.223,0.198,0.188,0.179,0.196,0.218,0.173,0.242,0.227,0.196,0.169,0.192,0.212,0.149,0.135,0.221,0.175,0.198,0.216,0.184,0.206,0.212,0.193,0.179,0.158,0.113,0.201,0.22,0.186,0.194,0.203,0.162,0.165,0.136,0.185,0.118,0.236,0.149,0.213,0.198,0.184,0.19,0.192,0.144,0.242,0.126,0.251,0.177,0.179,0.195,0.191,0.227,0.208,0.109,0.101,0.147,0.259,0.204,0.197,0.167,0.152,0.221,0.153,
0.0,0.199,0.259,0.08,0.179,0.193,0.162,0.186,0.214,0.185,0.213,0.222,0.117,0.141,0.178,0.142,0.184,0.236,0.222,0.234,0.159,0.193,0.211,0.219,0.269,0.205,0.096,0.216,0.111,0.225,0.167,0.167,0.117,0.248,0.234,0.133,0.216,0.194,0.192,0.213,0.091,0.161,0.185,0.184,0.229,0.203,0.181,0.159,0.175,0.158,0.192,0.301,0.153,0.153,0.164,0.188,0.184,0.175,0.198,0.24,0.194,0.215,0.21,0.142,0.275,0.142,0.19,0.156,0.184,0.138,0.078,0.248,0.156,0.217,0.201,0.232,0.193,0.199,0.228,0.099,0.214,0.182,0.145,0.272,0.145,0.188,0.262,0.136,0.131,0.124,0.23,0.147,0.235,0.158,0.172,0.194,0.193,0.246,0.161,0.228,
0.0,0.236,0.121,0.218,0.145,0.192,0.268,0.041,0.104,0.016,0.101,0.155,0.102,0.164,0.069,0.069,0.096,0.196,0.155,0.175,0.137,0.212,0.133,0.042,0.003,0.141,0.233,0.224,0.128,0.191,0.109,0.174,0.021,0.171,0.142,0.105,0.148,0.087,0.084,0.071,0.138,0.111,0.131,0.171,0.138,0.173,0.107,0.158,0.1,0.146,0.106,0.17,0.143,0.025,-0.014,0.22,0.219,0.092,0.135,0.092,0.212,0.089,0.202,0.118,0.056,0.193,0.146,0.18,0.093,0.155,0.174,0.137,0.129,0.15,0.188,0.137,0.097,0.167,0.091,0.152,0.218,0.176,0.057,0.124,0.138,0.229,0.168,0.063,0.132,0.14,0.17,0.136,0.172,0.135,0.105,0.196,0.212,0.044,0.06,0.053,
0.0,0.203,0.277,0.224,0.245,0.195,0.126,0.147,0.216,0.131,0.224,0.228,0.147,0.219,0.195,0.207,0.156,0.168,0.201,0.156,0.147,0.185,0.205,0.213,0.152,0.199,0.207,0.205,0.203,0.168,0.161,0.193,0.205,0.154,0.246,0.18,0.189,0.15,0.174,0.228,0.224,0.174,0.094,0.18,0.195,0.236,0.195,0.165,0.168,0.174,0.271,0.156,0.199,0.205,0.23,0.215,0.201,0.174,0.189,0.163,0.15,0.193,0.081,0.197,0.17,0.232,0.124,0.154,0.279,0.236,0.207,0.126,0.25,0.198,0.147,0.245,0.163,0.112,0.203,0.163,0.239,0.187,0.141,0.15,0.131,0.241,0.185,0.237,0.159,0.201,0.18,0.114,0.221,0.176,0.174,0.23,0.159,0.126,0.172,0.241,
0.0,0.202,0.171,0.054,0.166,0.214,0.134,0.165,0.146,0.215,0.216,0.19,0.132,0.151,0.123,0.186,0.192,0.166,0.189,0.198,0.177,0.235,0.211,0.144,0.159,0.187,0.242,0.2,0.189,0.213,0.164,0.146,0.172,0.153,0.188,0.015,0.204,0.151,0.153,0.197,0.136,0.208,0.173,0.198,0.172,0.095,0.181,0.215,0.238,0.217,0.16,0.197,0.171,0.195,0.166,0.245,0.139,0.239,0.193,0.151,0.161,0.189,0.228,0.17,0.225,0.146,0.213,0.127,0.12,0.038,0.173,0.199,0.178,0.224,0.146,0.2,0.248,0.16,0.181,0.188,0.085,0.185,0.144,0.207,0.184,0.199,0.186,0.185,0.149,0.125,0.171,0.182,0.17,0.192,0.234,0.125,0.221,0.205,0.109,0.191,
0.0,0.307,0.296,0.202,0.242,0.189,0.24,0.189,0.234,0.189,0.143,0.249,0.102,0.105,0.275,0.238,0.204,0.227,0.099,0.197,0.219,0.197,0.193,0.185,0.164,0.152,0.209,0.234,0.243,0.168,0.179,0.209,0.204,0.181,0.225,0.193,0.17,0.185,0.157,0.177,0.227,0.197,0.236,0.227,0.129,0.183,0.195,0.229,0.166,0.189,0.187,0.166,0.019,0.247,0.223,0.185,0.208,0.197,0.177,0.183,0.265,0.209,0.141,0.213,0.236,0.152,0.099,0.181,0.219,0.028,0.211,0.213,0.092,0.172,0.139,0.296,0.197,0.136,0.168,0.181,0.202,0.278,0.161,0.124,0.225,0.211,0.136,0.202,0.273,0.094,0.193,0.189,0.197,0.183,0.208,0.254,0.161,0.115,0.195,0.219,
0.0,0.205,0.193,0.231,0.181,0.159,0.251,0.173,0.172,0.17,0.232,0.172,0.146,0.172,0.189,0.165,0.174,0.19,0.176,0.202,0.187,0.183,0.129,0.174,0.246,0.246,0.164,0.187,0.187,0.207,0.174,0.199,0.199,0.164,0.193,0.193,0.203,0.17,0.207,0.17,0.197,0.232,0.168,0.189,0.213,0.181,0.195,0.15,0.202,0.148,0.242,0.172,0.206,0.225,0.19,0.186,0.204,0.163,0.161,0.197,0.229,0.216,0.204,0.186,0.212,0.157,0.214,0.201,0.203,0.189,0.161,0.218,0.189,0.189,0.183,0.201,0.168,0.193,0.214,0.168,0.169,0.148,0.213,0.144,0.237,0.17,0.198,0.151,0.15,0.191,0.187,0.211,0.179,0.13,0.141,0.187,0.155,0.215,0.201,0.144,
0.0,0.251,0.281,0.229,0.173,0.158,0.208,0.171,0.22,0.169,0.202,0.118,0.233,0.149,0.128,0.214,0.184,0.173,0.196,0.194,0.093,0.158,0.188,0.184,0.088,0.231,0.156,0.21,0.202,0.186,0.177,0.188,0.156,0.214,0.208,0.21,0.182,0.264,0.2,0.126,0.158,0.182,0.204,0.164,0.182,0.144,0.227,0.223,0.182,0.188,0.188,0.149,0.225,0.173,0.22,0.194,0.21,0.179,0.158,0.171,0.2,0.208,0.19,0.249,0.171,0.118,0.179,0.21,0.167,0.223,0.221,0.158,0.118,0.186,0.231,0.198,0.149,0.14,0.194,0.208,0.2,0.225,0.156,0.194,0.184,0.19,0.206,0.169,0.194,0.177,0.153,0.171,0.225,0.231,0.21,0.162,0.19,0.175,0.177,0.254,
0.0,0.303,0.218,0.27,0.219,0.229,0.221,0.266,0.203,0.133,0.087,0.229,0.199,0.217,0.176,0.209,0.193,0.191,0.232,0.191,0.225,0.213,0.219,0.137,0.207,0.118,0.169,0.092,0.133,0.251,0.203,0.23,0.254,0.133,0.151,0.263,0.16,0.189,0.199,0.1,0.234,0.13,0.18,0.149,0.203,0.123,0.034,0.258,0.225,0.197,0.158,0.074,0.174,0.167,0.199,0.211,0.247,0.156,0.259,0.151,0.118,0.142,0.137,0.271,0.191,0.167,0.163,0.13,0.205,0.076,0.068,0.323,0.135,0.215,0.265,0.209,0.203,0.227,0.247,0.249,0.163,0.149,0.221,0.225,0.16,0.236,0.191,0.115,0.225,0.163,0.113,0.144,0.263,0.193,0.211,0.18,0.165,0.205,0.123,0.154,
0.0,0.303,0.315,0.244,0.055,0.211,0.228,0.198,0.203,0.084,0.078,0.186,0.258,0.184,0.096,0.121,0.203,0.154,0.18,0.192,0.222,0.204,0.131,-0.006,0.23,0.092,0.227,0.111,0.164,0.136,0.176,0.206,0.177,0.183,0.234,0.169,0.184,0.224,0.167,0.142,0.203,0.153,0.121,0.203,0.182,0.167,0.18,0.218,0.19,0.098,0.168,0.196,0.147,0.208,0.188,0.249,0.121,0.141,0.155,0.218,0.239,0.263,0.104,0.19,0.163,0.167,0.154,0.201,0.174,0.154,0.165,0.174,0.244,0.16,0.093,0.218,0.178,0.293,0.148,0.21,0.164,0.194,0.185,0.203,0.215,0.171,0.138,0.201,0.218,0.182,0.265,0.165,0.204,0.161,0.124,0.267,0.24,0.174,0.184,0.176,
0.0,0.258,0.242,0.215,0.232,0.212,0.142,0.268,0.19,0.198,0.135,0.21,0.22,0.076,0.19,0.209,0.184,0.188,0.205,0.219,0.179,0.16,0.147,0.167,0.208,0.21,0.093,0.12,0.182,0.142,0.206,0.139,0.214,0.175,0.218,0.223,0.175,0.229,0.205,0.176,0.145,0.244,0.198,0.2,0.14,0.188,0.143,0.255,0.216,0.143,0.188,0.227,0.171,0.208,0.206,0.151,0.162,0.13,0.225,0.128,0.225,0.263,0.202,0.149,0.208,0.131,0.148,0.217,0.179,0.15,0.22,0.074,0.187,0.114,0.194,0.225,0.245,0.218,0.218,0.233,0.172,0.147,0.129,0.167,0.174,0.233,0.208,0.158,0.111,0.117,0.214,0.192,0.173,0.22,0.236,0.141,0.156,0.144,0.185,0.152,
0.0,0.111,0.175,0.089,0.204,0.12,0.13,0.168,0.123,0.18,0.051,0.144,0.142,0.098,0.131,0.131,0.088,0.145,0.145,0.203,0.15,0.126,0.059,0.177,0.141,0.149,0.14,0.123,0.111,0.187,0.171,0.149,0.088,0.132,0.069,0.164,0.106,0.182,0.138,0.087,0.105,0.171,0.136,0.12,0.114,0.083,0.113,0.122,0.137,0.157,0.157,0.167,0.21,0.14,0.188,0.154,0.1,0.12,0.096,0.161,0.132,0.175,0.127,0.116,0.085,0.132,0.149,0.17,0.199,0.134,0.156,0.111,0.132,0.186,0.165,0.105,0.133,0.132,0.096,0.185,0.168,0.133,0.154,0.152,0.151,0.132,0.172,0.152,0.186,0.164,0.141,0.177,0.156,0.081,0.109,0.118,0.102,0.212,0.081,0.137,
0.0,0.073,0.179,0.025,0.077,0.059,0.141,0.129,0.008,0.111,0.104,0.159,0.144,0.132,0.05,0.061,0.105,0.199,0.092,0.177,0.078,0.229,0.046,0.111,0.031,0.049,0.155,0.041,0.045,0.027,-0.063,0.18,0.163,0.109,0.136,-0.054,0.11,0.072,0.103,0.257,0.07,0.167,0.137,0.153,0.152,0.181,0.151,0.165,0.002,0.097,0.164,0.049,0.075,0.251,0.089,0.172,-0.042,0.033,0.207,0.039,0.106,0.154,0.052,0.079,-0.024,0.251,-0.016,0.0,0.203,-0.013,0.017,0.154,0.189,0.003,0.123,0.096,0.039,0.156,0.205,0.061,0.104,0.063,0.058,0.13,0.157,0.114,0.135,0.122,0.142,0.134,0.131,0.065,0.05,0.138,0.048,-0.076,0.141,0.153,0.15,0.175,
0.0,0.263,0.222,0.183,0.143,0.161,0.132,0.252,0.232,0.221,0.155,0.164,0.143,0.191,0.15,0.164,0.208,0.252,0.17,0.183,0.225,0.164,0.181,0.164,0.185,0.136,0.213,0.197,0.215,0.187,0.161,0.141,0.227,0.191,0.209,0.174,0.208,0.211,0.183,0.225,0.152,0.183,0.159,0.204,0.152,0.119,0.273,0.15,0.202,0.177,0.089,0.234,0.187,0.208,0.181,0.166,0.197,0.234,0.177,0.183,0.172,0.195,0.183,0.179,0.172,0.185,0.209,0.191,0.213,0.199,0.181,0.193,0.172,0.232,0.132,0.229,0.256,0.143,0.168,0.166,0.148,0.152,0.209,0.206,0.206,0.152,0.148,0.141,0.276,0.208,0.195,0.191,0.148,0.243,0.199,0.223,0.119,0.17,0.234,0.099,
0.0,0.122,0.185,0.134,0.155,0.161,0.133,0.116,0.115,0.121,0.102,0.14,0.2,0.134,0.163,0.146,0.139,0.097,0.201,0.149,0.177,0.184,0.142,0.168,0.132,0.185,0.178,0.209,0.19,0.138,0.131,0.128,0.151,0.188,0.153,0.179,0.133,0.17,0.203,0.171,0.174,0.111,0.081,0.041,0.133,0.204,0.181,0.097,0.127,0.086,0.185,0.201,0.133,0.174,0.126,0.178,0.212,0.211,0.151,0.105,0.193,0.124,0.139,0.186,0.082,0.096,0.167,0.099,0.07,0.119,0.203,0.088,0.139,0.182,0.062,0.157,0.104,0.1,0.136,0.149,0.188,0.165,0.14,0.169,0.082,0.153,0.135,0.174,0.178,0.119,0.217,0.079,0.067,0.168,0.135,0.194,0.137,0.169,0.166,0.135,
0.0,0.111,0.271,0.233,0.231,0.218,0.101,0.082,0.229,0.092,0.242,0.133,0.2,0.18,0.139,0.206,0.152,0.216,0.198,0.24,0.182,0.128,0.195,0.142,0.213,0.155,0.185,0.164,0.172,0.111,0.177,0.199,0.19,0.176,0.234,0.097,0.136,0.224,0.164,0.18,0.152,0.151,0.166,0.154,0.222,0.165,0.233,0.172,0.158,0.208,0.151,0.184,0.178,0.144,0.175,0.197,0.258,0.239,0.19,0.145,0.165,0.109,0.22,0.199,0.178,0.186,0.125,0.191,0.275,0.169,0.147,0.201,0.146,0.177,0.156,0.16,0.164,0.165,0.134,0.234,0.171,0.116,0.177,0.112,0.223,0.154,0.212,0.169,0.141,0.167,0.159,0.213,0.145,0.054,0.237,0.214,0.152,0.115,0.067,0.19,
0.0,0.07,0.183,0.201,0.195,0.181,0.056,0.2,0.251,0.109,0.137,0.227,0.231,0.129,0.208,0.206,0.192,0.171,0.129,0.223,0.183,0.231,0.119,0.176,0.132,0.224,0.186,0.194,0.106,0.164,0.126,0.079,0.242,0.21,0.08,0.218,0.133,0.22,0.21,0.186,0.231,0.136,0.151,0.23,0.225,0.171,0.204,0.144,0.192,0.145,0.221,0.251,0.094,0.16,0.153,0.175,0.197,0.136,0.211,0.223,0.206,0.152,0.214,0.172,0.263,0.201,0.022,0.24,0.198,0.19,0.177,0.151,0.184,0.154,0.221,0.167,0.245,0.149,0.192,0.229,0.135,0.087,0.165,0.154,0.174,0.227,0.234,0.141,0.164,0.197,0.206,0.21,0.193,0.2,0.201,0.166,0.16,0.109,0.153,0.202,
0.0,0.07,0.112,0.225,0.242,0.22,0.186,0.177,0.167,0.167,0.173,0.184,0.156,0.2,0.204,0.214,0.162,0.135,0.216,0.152,0.176,0.196,0.21,0.196,0.223,0.162,0.214,0.212,0.175,0.232,0.19,0.147,0.251,0.153,0.13,0.202,0.23,0.124,0.13,0.186,0.167,0.221,0.163,0.2,0.176,0.143,0.221,0.179,0.135,0.187,0.192,0.234,0.138,0.169,0.182,0.254,0.146,0.192,0.23,0.158,0.182,0.106,0.131,0.265,0.186,0.207,0.197,0.21,0.151,0.193,0.188,0.153,0.198,0.072,0.163,0.178,0.238,0.09,0.206,0.156,0.175,0.19,0.221,0.186,0.133,0.097,0.251,0.112,0.077,0.156,0.268,0.2,0.194,0.145,0.253,0.077,0.19,0.225,0.204,0.192,
0.0,0.15,0.218,0.209,0.121,0.184,0.171,0.162,0.18,0.234,0.15,0.175,0.161,0.208,0.199,0.19,0.208,0.145,0.194,0.201,0.234,0.176,0.159,0.161,0.207,0.191,0.187,0.159,0.192,0.186,0.183,0.067,0.112,0.205,0.188,0.151,0.205,0.139,0.198,0.152,0.215,0.147,0.207,0.199,0.153,0.207,0.215,0.221,0.149,0.186,0.194,0.17,0.189,0.199,0.159,0.248,0.193,0.184,0.176,0.123,0.097,0.216,0.224,0.197,0.144,0.161,0.217,0.206,0.159,0.208,0.206,0.185,0.106,0.163,0.186,0.161,0.2,0.185,0.199,0.184,0.173,0.226,0.148,0.138,0.205,0.142,0.19,0.127,0.205,0.2,0.175,0.151,0.092,0.203,0.21,0.209,0.163,0.23,0.153,0.17,
0.0,0.278,0.214,0.133,0.227,0.232,0.179,0.169,0.229,0.168,0.195,0.157,0.159,0.222,0.199,0.175,0.168,0.182,0.218,0.157,0.197,0.077,0.174,0.176,0.079,0.177,0.162,0.248,0.177,0.244,0.213,0.161,0.213,0.15,0.25,0.102,0.165,0.182,0.164,0.132,0.166,0.119,0.17,0.13,0.213,0.198,0.127,0.115,0.187,0.18,0.168,0.128,0.257,0.228,0.154,0.176,0.125,0.18,0.232,0.16,0.262,0.114,0.141,0.213,0.229,0.164,0.128,0.202,0.117,0.179,0.222,0.248,0.176,0.215,0.213,0.181,0.243,0.202,0.164,0.128,0.183,0.201,0.211,0.232,0.168,0.168,0.142,0.207,0.191,0.205,0.183,0.215,0.161,0.121,0.117,0.208,0.158,0.223,0.187,0.122,
0.0,0.237,0.298,0.102,0.306,0.217,0.199,0.078,0.17,0.266,0.206,0.259,0.221,0.27,0.17,0.191,0.124,0.223,0.24,0.166,0.209,0.193,0.215,0.152,0.211,0.195,0.078,0.089,0.249,0.146,0.206,0.221,0.24,0.146,0.197,0.189,0.174,0.238,0.159,0.164,0.202,0.155,0.136,0.234,0.289,0.234,0.221,0.15,0.181,0.117,0.266,0.099,0.148,0.107,0.092,0.048,0.265,0.195,0.078,0.234,0.243,0.036,0.223,0.11,0.115,0.238,0.268,0.189,0.065,0.189,0.148,0.234,0.159,0.166,0.197,0.057,0.094,0.206,0.211,0.289,0.161,0.275,0.094,0.141,0.097,0.208,0.209,0.245,0.177,0.185,0.229,0.202,0.157,0.042,0.172,0.243,0.227,0.202,0.134,0.094,
0.0,0.214,0.144,0.216,0.175,0.118,0.109,0.138,0.205,0.197,0.203,0.147,0.165,0.059,0.14,0.099,0.112,0.182,0.189,0.21,0.22,0.115,0.187,0.147,0.167,0.17,0.207,0.144,0.152,0.0,0.074,0.168,0.175,0.173,0.063,0.177,0.223,0.184,0.208,0.17,0.108,0.061,0.211,0.241,0.185,0.089,0.155,0.174,0.079,0.149,0.065,0.182,0.16,0.151,0.171,0.021,0.147,0.234,0.174,0.152,0.168,0.089,0.16,0.193,0.142,0.101,0.156,-0.025,0.151,0.061,0.108,0.175,0.142,0.149,0.198,0.113,0.179,0.11,0.106,0.114,0.134,0.168,0.181,0.15,0.169,0.121,0.181,0.118,0.144,0.165,0.188,0.087,0.188,0.091,0.129,0.168,0.137,0.202,0.123,0.186,
0.0,0.173,0.111,0.262,0.151,0.135,0.193,0.186,0.159,0.193,0.199,0.209,0.114,0.219,0.22,0.119,0.129,0.217,0.163,0.19,0.118,0.165,0.164,0.166,0.177,0.155,0.127,0.13,0.142,0.097,0.145,0.128,0.198,0.213,0.156,0.218,0.155,0.145,0.117,0.094,0.152,0.194,0.141,0.174,0.203,0.163,0.203,0.212,0.197,0.132,0.219,0.215,0.162,0.021,0.086,0.077,0.222,0.149,0.067,0.087,0.19,0.205,0.186,0.192,0.052,0.156,0.194,0.151,0.193,0.209,0.136,0.156,0.135,0.215,0.153,0.125,0.137,0.14,0.157,0.212,0.134,0.107,0.183,0.083,0.148,0.212,0.166,0.127,0.228,0.193,0.078,0.173,0.211,0.168,0.204,0.23,0.122,0.172,0.131,0.11,
0.0,0.223,0.254,0.231,0.147,0.11,0.243,0.237,0.237,0.113,0.113,0.175,0.182,0.215,0.175,0.2,0.156,0.175,0.186,0.123,0.216,0.177,0.208,0.149,0.176,0.182,0.153,0.208,0.184,0.182,0.196,0.232,0.192,0.133,0.135,0.208,0.273,0.21,0.218,0.075,0.167,0.173,0.251,0.246,0.197,0.22,0.247,0.229,0.201,0.142,0.206,0.157,0.133,0.229,0.225,0.216,0.164,0.194,0.269,0.14,0.179,0.196,0.247,0.196,0.128,0.216,0.167,0.173,0.153,0.268,0.164,0.173,0.128,0.059,0.236,0.162,0.16,0.208,0.151,0.24,0.263,0.123,0.162,0.088,0.198,0.196,0.186,0.156,0.286,0.186,0.24,0.173,0.22,0.123,0.202,0.21,0.21,0.14,0.093,0.236,
0.0,0.267,0.226,0.2,0.229,0.201,0.231,0.151,0.101,0.225,0.208,0.162,0.16,0.147,0.151,0.258,0.182,0.184,0.19,0.196,0.198,0.156,0.204,0.198,0.162,0.216,0.175,0.238,0.169,0.204,0.182,0.188,0.194,0.221,0.179,0.225,0.192,0.177,0.164,0.162,0.216,0.225,0.142,0.208,0.128,0.198,0.144,0.179,0.216,0.144,0.236,0.147,0.158,0.264,0.258,0.151,0.218,0.173,0.229,0.182,0.184,0.231,0.227,0.171,0.188,0.147,0.236,0.144,0.109,0.223,0.216,0.218,0.204,0.202,0.194,0.22,0.225,0.171,0.186,0.192,0.184,0.204,0.208,0.225,0.14,0.238,0.196,0.192,0.153,0.153,0.208,0.169,0.173,0.266,0.171,0.231,0.225,0.175,0.2,0.212,
0.0,0.117,0.112,0.128,0.102,0.191,0.19,0.177,0.068,0.101,0.149,0.113,0.198,0.116,0.105,0.163,0.112,0.18,0.115,0.126,0.132,0.08,0.133,0.129,0.193,0.14,0.144,0.125,0.047,0.14,0.11,0.14,0.172,0.145,0.092,0.123,0.08,0.128,0.139,0.16,0.113,0.133,0.148,0.167,0.141,0.092,0.172,0.137,0.127,0.151,0.161,0.169,0.128,0.193,0.128,0.098,0.176,0.181,0.089,0.133,0.105,0.176,0.106,0.137,0.137,0.147,0.173,0.13,0.073,0.167,0.054,0.165,0.091,0.151,0.16,0.172,0.18,0.081,0.156,0.071,0.163,0.128,0.112,0.097,0.073,0.108,0.122,0.145,0.119,0.183,0.175,0.121,0.153,0.11,0.137,0.077,0.024,0.131,0.16,0.18,
0.0,0.249,0.193,0.286,0.259,0.195,0.175,0.196,0.218,0.187,0.146,0.192,0.192,0.179,0.177,0.07,0.203,0.166,0.171,0.192,0.146,0.217,0.274,0.2,0.125,0.188,0.2,0.209,0.167,0.157,0.125,0.113,0.227,0.162,0.221,0.142,0.264,0.206,0.202,0.116,0.151,0.139,0.187,0.207,0.156,0.209,0.208,0.16,0.13,0.258,0.218,0.125,0.179,0.198,0.198,0.23,0.251,0.139,0.139,0.078,0.213,0.2,0.151,0.189,0.121,0.166,0.193,0.196,0.219,0.225,0.162,0.195,0.146,0.182,0.186,0.166,0.173,0.249,0.204,0.175,0.194,0.251,0.171,0.271,0.173,0.182,0.21,0.149,0.218,0.177,0.216,0.169,0.182,0.162,0.242,0.259,0.175,0.133,0.164,0.24,
0.0,0.214,0.161,0.179,0.281,0.118,0.209,0.205,0.201,0.203,0.104,0.162,0.199,0.176,0.193,0.214,0.153,0.2,0.214,0.205,0.193,0.168,0.217,0.205,0.148,0.135,0.179,0.143,0.152,0.128,0.127,0.187,0.17,0.17,0.227,0.115,0.17,0.224,0.059,0.149,0.198,0.253,0.179,0.174,0.103,0.198,0.158,0.196,0.146,0.207,0.124,0.1,0.089,0.164,0.228,0.205,0.199,0.139,0.211,0.186,0.18,0.138,0.163,0.198,0.142,0.183,0.216,0.176,0.15,0.21,0.124,0.205,0.197,0.155,0.12,0.12,0.209,0.167,0.122,0.166,0.149,0.125,0.201,0.192,0.141,0.134,0.149,0.195,0.2,0.233,0.156,0.16,0.142,0.087,0.202,0.178,0.144,0.187,0.148,0.13,
0.0,0.228,0.235,0.232,0.222,0.171,0.236,0.164,0.127,0.209,0.142,0.106,0.208,0.235,0.202,0.158,0.156,0.173,0.226,0.158,0.216,0.242,0.18,0.165,0.256,0.161,0.194,0.231,0.192,0.163,0.218,0.164,0.258,0.223,0.147,0.221,0.101,0.164,0.171,0.144,0.109,0.218,0.2,0.229,0.171,0.142,0.156,0.203,0.184,0.218,0.111,0.196,0.222,0.209,0.228,-0.037,0.201,0.182,0.141,0.209,0.227,0.176,0.218,0.24,0.181,0.152,0.19,0.177,0.177,0.225,0.128,0.202,0.106,0.182,0.196,0.194,0.268,0.201,0.142,0.192,0.147,0.196,0.177,0.063,0.186,0.182,0.093,0.11,0.219,0.177,0.218,0.146,0.175,0.185,0.252,0.2,0.179,0.2,0.183,0.147,
0.0,0.091,0.168,0.198,0.26,0.171,0.064,0.149,0.182,0.211,0.168,0.212,0.143,0.121,0.18,0.163,0.214,0.159,0.214,0.214,0.198,0.172,0.103,0.154,0.233,0.191,0.191,0.181,0.173,0.198,0.211,0.17,0.14,0.207,0.13,0.176,0.205,0.201,0.139,0.162,0.168,0.134,0.199,0.267,0.1,0.177,0.195,0.139,0.159,0.162,0.193,0.171,0.164,0.184,0.163,0.158,0.184,0.164,0.102,0.2,0.096,0.186,0.163,0.218,0.187,0.207,0.184,0.202,0.192,0.183,0.138,0.153,0.172,0.178,0.177,0.167,0.202,0.17,0.164,0.181,0.219,0.197,0.176,0.157,0.162,0.166,0.167,0.204,0.154,0.141,0.2,0.145,0.18,0.165,0.206,0.149,0.168,0.189,0.218,0.086,
0.0,0.156,0.174,0.259,0.207,0.142,0.227,0.13,0.229,0.212,0.194,0.147,0.2,0.216,0.198,0.251,0.19,0.113,0.225,0.223,0.162,0.231,0.221,0.155,0.221,0.225,0.189,0.196,0.193,0.179,0.149,0.181,0.25,0.175,0.189,0.153,0.205,0.155,0.173,0.203,0.139,0.185,0.204,0.192,0.195,0.23,0.173,0.198,0.178,0.217,0.152,0.189,0.172,0.183,0.108,0.153,0.137,0.162,0.203,0.215,0.219,0.175,0.177,0.225,0.211,0.177,0.215,0.205,0.219,0.076,0.171,0.236,0.163,0.173,0.179,0.219,0.209,0.168,0.175,0.209,0.213,0.269,0.157,0.162,0.175,0.177,0.191,0.213,0.155,0.193,0.195,0.17,0.157,0.198,0.228,0.183,0.171,0.209,0.239,0.139,
0.0,0.15,0.188,0.249,0.231,0.164,0.219,0.164,0.217,0.211,0.193,0.238,0.193,0.208,0.177,0.189,0.189,0.166,0.141,0.199,0.132,0.227,0.221,0.185,0.193,0.251,0.199,0.197,0.187,0.229,0.122,0.231,0.24,0.211,0.232,0.164,0.187,0.166,0.231,0.168,0.223,0.157,0.208,0.199,0.197,0.146,0.136,0.161,0.177,0.211,0.225,0.256,0.183,0.15,0.278,0.199,0.232,0.227,0.193,0.185,0.213,0.181,0.117,0.252,0.152,0.225,0.209,0.197,0.136,0.195,0.204,0.152,0.284,0.189,0.159,0.204,0.155,0.177,0.209,0.251,0.166,0.168,0.185,0.223,0.211,0.181,0.209,0.17,0.166,0.117,0.17,0.227,0.117,0.276,0.199,0.238,0.166,0.217,0.221,0.183,
0.0,0.226,0.169,0.111,0.159,0.168,0.183,0.135,0.18,0.166,0.005,0.181,0.132,0.159,0.058,0.205,0.212,0.162,0.142,0.17,0.216,0.203,0.172,0.142,0.155,0.034,0.175,0.195,0.189,0.243,0.154,0.205,0.164,0.164,0.203,0.037,0.155,0.179,0.108,0.155,0.132,0.197,0.171,0.17,0.178,0.153,0.184,0.161,0.173,0.148,0.168,0.184,0.176,0.202,0.241,0.125,0.159,0.176,0.205,0.132,0.146,0.191,0.072,0.194,0.167,0.041,0.153,0.226,0.129,0.118,0.162,0.252,0.198,0.151,0.13,0.092,0.163,0.134,0.187,0.142,0.243,0.164,0.109,0.121,0.141,0.202,0.143,0.119,0.159,0.224,0.15,0.158,0.144,0.095,0.137,0.136,0.185,0.105,0.168,0.203,
0.0,0.281,0.303,0.271,0.152,0.285,0.176,0.178,0.183,0.209,0.23,0.201,0.147,0.18,0.276,0.161,0.201,0.141,0.205,0.163,0.203,0.222,0.211,0.201,0.189,0.056,0.199,0.236,0.197,0.213,0.183,0.18,0.25,0.178,0.195,0.154,0.237,0.222,0.203,0.201,0.215,0.221,0.215,0.246,0.189,0.172,0.195,0.189,0.211,0.168,0.199,0.237,0.246,0.18,0.195,0.138,0.141,0.091,0.271,0.117,0.193,0.221,0.172,0.161,0.15,0.178,0.243,0.178,0.176,0.199,0.215,0.197,0.172,0.228,0.209,0.152,0.224,0.145,0.143,0.211,0.152,0.203,0.187,0.219,0.191,0.163,0.211,0.183,0.191,0.18,0.126,0.197,0.183,0.178,0.195,0.17,0.224,0.222,0.165,0.203,
0.0,0.098,0.185,0.175,0.101,0.149,0.1,0.165,0.141,0.163,0.068,0.028,0.131,0.119,0.137,0.074,0.126,0.153,0.135,0.112,0.135,0.119,0.13,0.151,0.135,0.091,0.1,0.139,0.145,0.103,0.083,0.143,0.079,0.103,0.127,0.112,0.081,0.087,0.211,0.108,0.111,0.084,0.057,0.185,0.145,0.125,0.153,0.175,0.08,0.134,0.159,0.084,0.175,0.114,0.093,0.165,0.117,0.121,0.108,0.112,0.131,0.177,0.111,0.16,0.144,0.123,0.101,0.149,0.153,0.117,0.132,0.114,0.119,0.177,0.125,0.153,0.125,0.142,0.143,0.106,0.113,0.123,0.13,0.149,0.101,0.074,0.119,0.121,0.128,0.101,0.156,0.121,0.099,0.132,0.147,0.101,0.115,0.073,0.022,-0.003,
0.0,0.177,0.142,0.227,0.155,0.222,0.228,0.187,0.122,0.221,0.111,0.149,0.186,0.18,0.214,0.2,0.187,0.173,0.116,0.219,0.121,0.171,0.142,0.213,0.189,0.154,0.21,0.212,0.18,0.211,0.207,0.132,0.089,0.237,0.158,0.186,0.137,0.225,0.138,0.22,0.196,0.21,0.083,0.146,0.187,0.237,0.203,0.189,0.217,0.119,0.227,0.203,0.198,0.185,0.213,0.179,0.211,0.148,0.273,0.204,0.138,0.186,0.096,0.163,0.192,0.187,0.167,0.239,0.175,0.205,0.132,0.249,0.176,0.127,0.179,0.19,0.168,0.21,0.181,0.164,0.154,0.154,0.123,0.136,0.186,0.11,0.223,0.162,0.142,0.223,0.194,0.128,0.175,0.136,0.191,0.246,0.126,0.143,0.188,0.274,
0.0,0.171,0.234,0.279,0.164,0.227,0.213,0.207,0.189,0.253,0.149,0.227,0.138,0.184,0.259,0.181,0.217,0.155,0.246,0.166,0.162,0.185,0.211,0.168,0.201,0.221,0.217,0.213,0.142,0.239,0.189,0.189,0.171,0.142,0.239,0.189,0.221,0.149,0.164,0.236,0.228,0.174,0.125,0.217,0.144,0.126,0.118,0.202,0.214,0.226,0.141,0.153,0.179,0.203,0.195,0.171,0.232,0.177,0.239,0.193,0.13,0.183,0.168,0.215,0.189,0.193,0.139,0.166,0.162,0.246,0.179,0.209,0.211,0.173,0.245,0.198,0.203,0.23,0.187,0.166,0.128,0.177,0.225,0.253,0.259,0.164,0.16,0.205,0.189,0.215,0.183,0.228,0.142,0.175,0.191,0.248,0.193,0.262,0.175,0.175,
0.0,0.166,0.209,0.277,0.225,0.154,0.214,0.145,0.113,0.262,0.176,0.248,0.202,0.163,0.161,0.168,0.108,0.189,0.079,0.193,0.195,0.149,0.176,0.187,0.057,0.251,0.159,0.138,0.258,0.163,0.277,0.183,0.126,0.253,0.214,0.09,0.152,0.165,0.121,0.133,0.324,0.17,0.221,0.216,0.135,0.142,0.106,0.249,0.163,0.183,0.314,0.145,0.121,0.199,0.195,0.28,0.165,0.154,0.183,0.147,0.149,0.135,0.161,0.253,0.159,0.225,0.149,0.181,0.147,0.255,0.163,0.227,0.206,0.103,0.21,0.152,0.206,0.191,0.225,0.267,0.246,0.135,0.176,0.071,0.133,0.093,0.066,0.231,0.183,0.133,0.208,0.077,0.043,0.258,0.26,0.066,0.147,0.253,0.229,0.314,
0.0,0.162,0.133,0.24,0.22,0.18,0.187,0.13,0.122,0.145,0.168,0.208,0.176,0.16,0.227,0.191,0.165,0.171,0.183,0.19,0.154,0.121,0.136,0.229,0.159,0.124,0.143,0.223,0.206,0.142,0.15,0.157,0.162,0.135,0.159,0.14,0.132,0.088,0.214,0.134,0.193,0.203,0.13,0.14,0.103,0.215,0.173,0.179,0.203,0.184,0.162,0.158,0.134,0.153,0.195,0.175,0.181,0.185,0.185,0.197,0.209,0.154,0.134,0.185,0.095,0.145,0.205,0.127,0.172,0.164,0.175,0.181,0.172,0.167,0.162,0.191,0.144,0.138,0.229,0.189,0.138,0.138,0.199,0.219,0.147,0.155,0.171,0.109,0.217,0.189,0.198,0.078,0.192,0.13,0.191,0.169,0.128,0.155,0.154,0.198,
0.0,0.083,0.227,0.271,0.249,0.16,0.242,0.121,0.236,0.204,0.216,0.153,0.22,0.182,0.13,0.177,0.182,0.227,0.194,0.229,0.173,0.169,0.121,0.101,0.151,0.188,0.188,0.198,0.104,0.177,0.158,0.151,0.243,0.164,0.249,0.2,0.158,0.173,0.19,0.173,0.177,0.171,0.184,0.167,0.164,0.221,0.158,0.206,0.184,0.173,0.175,0.169,0.247,0.151,0.16,0.156,0.175,0.202,0.218,0.169,0.188,0.179,0.123,0.218,0.202,0.182,0.149,0.238,0.175,0.169,0.218,0.24,0.184,0.182,0.218,0.153,0.14,0.21,0.231,0.188,0.147,0.175,0.208,0.144,0.229,0.19,0.19,0.186,0.234,0.149,0.204,0.164,0.221,0.188,0.234,0.21,0.151,0.171,0.093,0.212,
0.0,0.366,0.265,0.244,0.221,0.244,0.227,0.204,0.26,0.249,0.095,0.219,0.199,0.251,0.14,0.197,0.253,0.174,0.251,0.206,0.172,0.106,0.172,0.21,0.269,0.237,0.218,0.272,0.106,0.126,0.199,0.265,0.152,0.262,0.149,0.185,0.189,0.244,0.221,0.199,0.172,0.189,0.216,0.208,0.257,0.21,0.181,0.108,0.199,0.225,0.128,0.145,0.17,0.154,0.223,0.255,0.113,0.187,0.231,0.214,0.178,0.108,0.191,0.24,0.214,0.187,0.233,0.185,0.221,0.191,0.229,0.206,0.049,0.212,0.223,0.178,0.219,0.172,0.24,0.154,0.24,0.237,0.14,0.14,0.149,0.082,0.253,0.181,0.233,0.098,0.21,0.216,0.229,0.147,0.235,0.297,0.161,0.187,0.197,0.172,
0.0,0.147,-0.014,0.3,0.196,0.17,0.235,0.207,0.201,0.088,0.106,0.164,0.158,0.154,0.15,0.226,0.106,0.093,0.201,0.135,0.201,0.212,0.1,0.108,0.193,0.163,0.16,0.138,0.173,0.135,0.179,0.142,0.042,0.033,0.165,0.14,0.149,0.115,0.175,0.222,0.173,0.153,0.143,0.193,0.145,0.117,0.113,0.158,0.175,0.166,0.162,0.09,0.011,0.166,0.178,0.126,0.097,0.158,0.075,0.107,0.195,0.127,0.149,0.175,0.087,0.193,0.221,0.15,0.028,0.12,0.215,0.17,0.128,0.073,0.157,0.202,0.188,0.173,0.144,0.105,0.219,0.01,0.156,0.228,0.091,0.109,0.175,0.179,0.199,0.23,0.143,0.176,0.122,0.057,0.133,0.217,0.205,0.162,0.192,0.059,
0.0,0.13,0.342,0.196,0.192,0.136,0.248,0.242,0.188,0.152,0.18,0.126,0.212,0.246,0.201,0.262,0.154,0.196,0.198,0.231,0.182,0.114,0.175,0.16,0.179,0.186,0.228,0.188,0.218,0.178,0.203,0.235,0.128,0.178,0.18,0.132,0.173,0.186,0.291,0.178,0.104,0.171,0.171,0.164,0.188,0.149,0.208,0.179,0.199,0.155,0.152,0.154,0.184,0.138,0.094,0.165,0.255,0.253,0.161,0.226,0.114,0.114,0.194,0.258,0.194,0.16,0.206,0.201,0.165,0.175,0.204,0.194,0.178,0.21,0.222,0.169,0.226,0.192,0.149,0.204,0.22,0.184,0.216,0.196,0.174,0.152,0.226,0.256,0.104,0.104,0.222,0.145,0.188,0.149,0.26,0.208,0.228,0.154,0.149,0.201,
0.0,0.171,0.077,0.112,0.045,0.142,0.208,0.108,0.182,0.093,0.194,0.13,0.11,0.083,0.1,0.113,0.114,0.085,0.095,0.082,0.127,0.092,0.179,0.159,0.081,0.155,0.099,0.095,0.16,0.091,0.04,0.086,0.118,-0.023,0.0,0.065,0.134,0.127,0.178,0.103,0.144,0.183,0.05,0.087,0.013,0.153,0.082,0.099,0.168,0.045,0.069,0.108,0.145,0.148,0.201,0.023,0.058,0.071,0.167,0.214,0.073,0.145,0.128,0.186,0.096,0.158,0.074,0.153,0.149,0.07,0.101,0.021,0.157,0.092,0.166,0.121,0.064,0.125,-0.014,0.113,0.08,0.123,0.164,0.067,0.094,0.082,0.134,0.152,0.113,0.157,0.074,0.091,0.132,0.18,0.123,0.064,0.119,0.126,0.174,-0.027,
0.0,0.172,0.178,0.179,0.203,0.155,0.184,0.235,0.188,0.241,0.123,0.166,0.199,0.245,0.187,0.16,0.137,0.133,0.197,0.164,0.215,0.187,0.193,0.199,0.185,0.19,0.184,0.201,0.174,0.104,0.163,0.193,0.193,0.108,0.172,0.215,0.199,0.174,0.224,0.181,0.08,0.15,0.188,0.143,0.17,0.183,0.193,0.147,0.157,0.217,0.226,0.206,0.145,0.193,0.15,0.153,0.193,0.191,0.197,0.144,0.139,0.225,0.128,0.196,0.233,0.172,0.156,0.212,0.148,0.093,0.144,0.192,0.201,0.183,0.117,0.154,0.164,0.133,0.217,0.154,0.176,0.168,0.084,0.175,0.167,0.163,0.123,0.168,0.167,0.164,0.205,0.171,0.191,0.171,0.148,0.118,0.207,0.197,0.173,0.105,
0.0,0.194,0.259,0.191,0.183,0.256,0.23,0.172,0.04,0.127,0.206,0.163,0.261,0.181,0.162,0.162,0.18,0.226,0.163,0.166,0.128,0.19,0.218,0.123,0.14,0.178,0.232,0.167,0.155,0.227,0.137,0.201,0.177,0.206,0.155,0.203,0.16,0.148,0.145,0.193,0.165,0.19,0.179,0.118,0.211,0.198,0.272,0.146,0.16,0.141,0.184,0.224,0.23,0.201,0.189,0.191,0.228,0.241,0.183,0.146,0.176,0.236,0.179,0.16,0.193,0.185,0.137,0.178,0.183,0.16,0.232,0.182,0.183,0.198,0.189,0.181,0.187,0.179,0.191,0.168,0.179,0.125,0.177,0.156,0.139,0.209,0.207,0.178,0.106,0.135,0.182,0.199,0.181,0.203,0.151,0.151,0.253,0.191,0.159,0.17,
0.0,0.326,0.176,0.236,0.313,0.13,0.115,0.249,0.229,0.319,0.191,0.123,0.245,0.211,0.063,0.252,0.137,0.118,0.191,0.225,0.195,0.199,0.187,0.156,0.199,0.133,0.219,0.238,0.118,0.128,0.187,0.217,0.207,0.142,0.207,0.076,0.154,0.261,0.176,0.236,0.163,0.176,0.252,0.16,0.209,0.147,0.065,0.082,0.29,0.151,0.314,0.219,0.187,0.057,0.215,0.265,0.182,0.275,0.201,0.118,0.24,0.258,0.142,0.266,0.1,0.12,0.217,0.115,0.256,0.209,0.209,0.051,0.115,0.268,0.201,0.304,0.165,0.14,0.147,0.191,0.276,0.243,0.215,0.147,0.054,0.115,0.234,0.176,0.221,0.283,0.154,0.184,0.167,0.18,0.163,0.076,0.28,0.18,0.251,0.11,
0.0,0.173,0.121,0.091,0.16,-0.003,0.147,0.156,0.22,0.02,0.156,0.125,0.228,0.168,0.059,0.157,0.211,0.19,0.075,0.126,0.206,0.055,0.175,0.21,0.117,0.185,0.203,0.07,0.15,0.063,0.152,0.174,0.198,0.166,0.189,0.074,0.233,0.099,0.167,0.184,0.232,-0.013,0.172,0.103,0.114,0.182,0.111,0.151,0.151,0.099,0.113,0.233,0.138,0.113,0.234,0.183,0.12,0.231,0.098,0.19,0.133,0.16,0.169,0.107,0.21,0.217,0.162,0.163,0.086,0.19,0.138,0.164,0.189,0.156,0.14,0.199,0.17,0.122,0.158,0.052,0.188,0.211,0.17,0.132,0.133,0.138,0.202,0.176,0.186,0.038,0.146,0.16,0.099,0.152,0.19,0.047,0.131,0.162,0.117,0.238,
0.0,0.269,0.293,0.094,0.237,0.163,0.161,0.148,0.2,0.136,0.229,0.11,0.22,0.179,0.175,0.085,0.133,0.154,0.216,0.189,0.171,0.129,0.201,0.136,0.238,0.184,0.153,0.158,0.144,0.154,0.217,0.153,0.142,0.251,0.127,0.171,0.237,0.145,0.102,0.222,0.257,0.145,0.239,0.091,0.165,0.16,0.141,0.149,0.213,0.237,0.176,0.206,0.201,0.184,0.268,0.132,0.202,0.128,0.119,0.182,0.21,0.213,0.133,0.22,0.085,0.263,0.183,0.114,0.232,0.141,0.173,0.241,0.214,0.133,0.226,0.255,0.15,0.223,0.168,0.158,0.22,0.142,0.184,0.135,0.134,0.153,0.174,0.106,0.215,0.137,0.231,0.193,0.156,0.167,0.106,0.124,0.242,0.118,0.22,0.213,
0.0,0.206,0.217,0.248,0.253,0.21,0.25,0.186,0.2,0.21,0.182,0.211,0.216,0.181,0.202,0.106,0.184,0.191,0.21,0.248,0.205,0.153,0.144,0.236,0.206,0.186,0.255,0.185,0.158,0.208,0.175,0.213,0.207,0.167,0.228,0.162,0.144,0.186,0.109,0.19,0.245,0.194,0.218,0.171,0.203,0.184,0.121,0.194,0.233,0.177,0.223,0.201,0.212,0.193,0.16,0.116,0.183,0.179,0.121,0.186,0.218,0.19,0.195,0.164,0.179,0.184,0.196,0.147,0.267,0.205,0.116,0.181,0.225,0.203,0.175,0.19,0.173,0.182,0.221,0.238,0.221,0.209,0.177,0.144,0.228,0.245,0.164,0.212,0.132,0.206,0.179,0.198,0.206,0.2,0.225,0.173,0.156,0.241,0.177,0.179,
0.0,0.213,0.132,0.181,0.219,0.086,0.106,0.182,0.139,0.16,0.162,0.212,0.198,0.142,0.178,0.215,0.164,0.151,0.079,0.135,0.168,0.137,0.122,0.176,0.117,0.188,0.136,0.135,0.247,0.091,0.161,0.152,0.164,0.206,0.18,0.205,0.162,0.139,0.099,0.202,0.102,0.159,0.132,0.17,0.178,0.151,0.19,0.227,0.142,0.204,0.026,0.123,0.05,0.179,0.171,0.125,0.173,0.243,0.13,0.132,0.196,0.054,0.108,0.179,0.128,0.151,0.181,0.105,0.159,0.174,0.172,0.1,0.106,0.085,0.209,0.173,0.197,0.131,0.22,0.172,0.131,0.135,0.19,0.208,0.189,0.119,0.18,0.144,0.15,0.122,0.109,0.146,0.158,0.18,0.093,0.069,0.221,0.181,0.152,0.136,
0.0,0.176,0.227,0.161,0.207,0.195,0.207,0.193,0.236,0.201,0.171,0.162,0.164,0.104,0.206,0.153,0.231,0.189,0.141,0.176,0.211,0.229,0.183,0.132,0.16,0.225,0.203,0.178,0.145,0.179,0.153,0.144,0.217,0.213,0.139,0.236,0.209,0.193,0.173,0.151,0.179,0.243,0.135,0.113,0.198,0.17,0.145,0.221,0.183,0.16,0.16,0.198,0.187,0.219,0.122,0.188,0.175,0.195,0.146,0.226,0.142,0.189,0.198,0.236,0.213,0.187,0.221,0.164,0.255,0.153,0.177,0.225,0.175,0.179,0.223,0.239,0.211,0.189,0.232,0.157,0.201,0.187,0.219,0.205,0.187,0.211,0.195,0.183,0.201,0.137,0.187,0.203,0.15,0.191,0.183,0.223,0.137,0.2,0.185,0.187,
0.0,0.202,0.287,0.229,0.164,0.272,0.158,0.138,0.133,0.21,0.149,0.169,0.226,0.145,0.237,0.182,0.192,0.174,0.214,0.21,0.176,0.163,0.214,0.198,0.265,0.192,0.14,0.091,0.158,0.242,0.203,0.203,0.244,0.229,0.182,0.188,0.114,0.208,0.067,0.18,0.229,0.272,0.14,0.186,0.192,0.194,0.216,0.167,0.131,0.184,0.224,0.224,0.21,0.171,0.216,0.145,0.246,0.18,0.152,0.169,0.167,0.277,0.156,0.178,0.255,0.184,0.163,0.182,0.246,0.285,0.186,0.14,0.192,0.176,0.214,0.24,0.145,0.156,0.214,0.161,0.222,0.214,0.156,0.178,0.206,0.194,0.194,0.239,0.18,0.208,0.167,0.249,0.237,0.201,0.152,0.229,0.228,0.163,0.174,0.161,
0.0,0.132,0.108,0.233,0.165,0.216,0.059,0.16,0.147,0.14,0.169,0.201,0.104,0.077,0.122,0.181,0.215,0.196,0.143,0.158,0.199,0.116,0.197,0.159,0.197,0.194,0.186,0.14,0.182,0.062,0.167,0.205,0.179,0.171,0.122,0.15,0.194,0.174,0.159,0.219,0.181,0.179,0.131,0.166,0.198,0.163,0.162,0.165,0.207,0.192,0.143,0.146,0.207,0.19,0.124,0.111,0.069,0.211,0.163,0.18,0.197,0.152,0.126,0.179,0.195,0.092,0.191,0.195,0.123,0.154,0.189,0.138,0.064,0.18,0.174,0.182,0.155,0.175,0.215,0.213,0.173,0.08,0.192,0.195,0.218,0.078,0.178,0.183,0.135,0.112,0.189,0.225,0.1,0.181,0.077,0.146,0.206,0.176,0.056,0.168,
0.0,0.081,0.116,0.195,0.168,0.203,0.229,0.255,0.185,0.234,0.15,0.226,0.255,0.213,0.107,0.078,0.099,0.229,0.162,0.152,0.187,0.206,0.145,0.116,0.226,0.183,0.233,0.211,0.165,0.199,0.134,0.156,0.183,0.094,0.168,0.113,0.143,0.217,0.15,0.189,0.17,0.15,0.17,0.203,0.213,0.174,0.068,0.174,0.109,0.217,0.175,0.151,0.214,0.184,0.17,0.061,0.114,0.203,0.117,0.281,0.168,0.217,0.093,0.213,0.176,0.199,0.142,0.157,0.222,0.138,0.21,0.211,0.187,0.141,0.144,0.196,0.159,0.224,0.178,0.219,0.203,0.17,0.216,0.182,0.156,0.154,0.164,0.226,0.195,0.125,0.161,0.194,0.207,0.222,0.231,0.102,0.193,0.207,0.176,0.239,
0.0,0.201,0.29,0.183,0.149,0.142,0.272,0.162,0.204,0.088,0.202,0.155,0.205,0.212,0.171,0.229,0.146,0.155,0.263,0.216,0.183,0.175,0.212,0.225,0.227,0.166,0.229,0.223,0.238,0.238,0.121,0.179,0.188,0.162,0.203,0.125,0.151,0.19,0.251,0.186,0.184,0.234,0.162,0.177,0.268,0.204,0.227,0.193,0.196,0.146,0.19,0.139,0.158,0.223,0.171,0.247,0.153,0.246,0.177,0.173,0.2,0.221,0.177,0.164,0.229,0.137,0.279,0.202,0.2,0.206,0.125,0.22,0.179,0.22,0.238,0.16,0.184,0.215,0.218,0.249,0.171,0.212,0.181,0.158,0.169,0.234,0.229,0.157,0.256,0.144,0.142,0.164,0.243,0.297,0.186,0.186,0.223,0.232,0.223,0.189,
0.0,0.145,0.128,0.094,0.186,0.161,0.18,0.183,0.108,0.163,0.114,0.156,0.16,0.202,0.165,0.097,0.2,0.111,0.097,0.122,0.174,0.128,0.182,0.153,0.124,0.186,0.199,0.152,0.163,0.067,0.075,0.101,0.154,0.168,0.145,0.041,0.176,0.121,0.197,0.173,0.135,0.194,0.125,0.193,0.171,0.147,0.11,0.145,0.188,0.146,0.178,-0.033,0.172,0.187,0.129,0.073,0.131,0.172,0.194,0.212,0.129,0.055,0.145,0.127,0.163,0.152,0.211,0.16,0.05,0.109,0.155,0.119,0.133,0.176,0.175,0.191,0.114,0.063,0.186,0.203,0.171,0.082,0.118,0.167,0.217,0.192,0.183,0.168,0.202,0.139,0.192,0.168,0.071,0.157,0.084,0.124,0.182,0.158,0.151,0.117,
0.0,0.171,0.085,0.21,0.193,0.199,0.166,0.242,0.206,0.171,0.164,0.202,0.156,0.161,0.233,0.179,0.207,0.189,0.074,0.236,0.176,0.185,0.211,0.161,0.14,0.215,0.191,0.215,0.212,0.193,0.209,0.161,0.197,0.165,0.144,0.179,0.187,0.19,0.122,0.144,0.21,0.142,0.245,0.219,0.18,0.204,0.174,0.212,0.226,0.193,0.141,0.193,0.146,0.205,0.2,0.207,0.198,0.205,0.2,0.128,0.191,0.205,0.151,0.139,0.226,0.172,0.166,0.185,0.211,0.226,0.164,0.203,0.168,0.225,0.195,0.166,0.183,0.215,0.217,0.201,0.162,0.195,0.153,0.207,0.217,0.217,0.173,0.189,0.217,0.117,0.159,0.18,0.223,0.193,0.189,0.171,0.199,0.219,0.164,0.166,
0.0,0.209,0.287,0.178,0.245,-0.062,0.099,0.204,0.106,0.175,0.075,0.256,0.151,0.157,0.194,0.116,0.128,0.115,0.165,0.173,0.071,0.114,0.018,0.189,0.195,0.177,0.189,0.082,0.212,0.101,0.105,0.094,0.224,0.142,0.089,0.192,0.167,0.145,0.196,0.164,0.016,0.209,0.165,0.197,0.163,0.134,0.158,0.193,0.207,0.103,0.043,0.168,0.171,0.124,0.196,0.021,0.048,0.181,0.165,-0.076,0.125,0.116,0.231,0.165,0.152,0.206,0.104,0.167,0.096,0.195,0.118,0.245,0.163,0.098,0.157,0.095,0.179,0.089,0.192,0.169,0.175,0.151,0.064,0.153,0.096,0.193,0.18,0.239,0.031,0.184,0.156,0.075,0.173,-0.019,0.159,0.119,0.117,0.172,0.124,0.155,
0.0,0.214,0.305,0.177,0.173,0.084,0.246,0.131,0.073,0.19,0.154,0.195,0.114,0.187,0.053,0.103,0.083,0.143,0.22,0.097,0.136,0.174,0.066,0.14,0.183,0.066,0.211,0.225,0.136,0.122,0.048,0.198,0.142,0.174,0.021,0.096,0.203,0.137,0.157,0.139,-0.022,0.192,0.176,0.206,0.045,0.221,0.197,0.215,0.256,0.124,0.197,0.102,0.172,0.278,0.193,0.193,0.221,0.177,0.106,0.053,0.207,0.005,0.17,0.131,0.079,0.153,0.194,0.167,0.261,0.076,0.188,0.152,0.156,0.205,0.187,0.246,0.236,0.072,0.103,0.227,0.143,0.114,0.152,0.073,0.082,0.155,0.165,0.169,0.198,0.181,0.207,0.181,0.166,0.157,0.24,0.247,0.04,0.133,0.135,0.102,
0.0,0.188,0.263,0.21,0.115,0.16,0.18,0.202,0.162,0.193,0.217,0.194,0.165,0.162,0.136,0.21,0.168,0.136,0.155,0.207,0.162,0.191,0.162,0.2,0.186,0.166,0.153,0.218,0.165,0.132,0.118,0.253,0.18,0.14,0.159,0.147,0.199,0.171,0.195,0.176,0.165,0.163,0.227,0.135,0.195,0.19,0.216,0.231,0.146,0.087,0.217,0.162,0.23,0.207,0.145,0.213,0.2,0.145,0.134,0.171,0.23,0.224,0.156,0.182,0.178,0.164,0.179,0.162,0.144,0.16,0.138,0.225,0.163,0.202,0.205,0.184,0.221,0.154,0.168,0.186,0.154,0.132,0.203,0.155,0.199,0.162,0.152,0.145,0.23,0.177,0.19,0.139,0.154,0.042,0.13,0.208,0.205,0.2,0.187,0.171,
0.0,0.129,0.195,0.251,0.103,0.151,0.159,0.03,0.235,0.0,0.153,0.134,0.112,0.148,0.18,0.218,0.248,0.161,0.177,0.184,0.111,0.24,0.211,0.238,0.193,0.191,0.234,0.193,0.177,0.223,0.175,0.181,0.179,0.045,0.046,0.16,0.131,0.153,0.151,0.227,0.201,0.232,0.164,0.234,0.179,0.193,0.186,0.203,0.212,0.068,0.011,0.149,0.068,0.239,0.156,0.088,0.155,0.162,0.233,0.239,0.153,0.162,0.177,0.243,0.182,0.046,0.121,0.105,0.13,-0.03,0.104,0.17,0.145,0.164,0.153,0.105,0.107,0.204,0.197,0.203,0.167,0.205,0.176,0.202,0.141,0.147,0.161,0.132,0.135,0.215,0.184,0.16,0.189,0.219,0.184,0.118,0.187,0.173,0.097,0.071,
0.0,0.218,0.227,0.282,0.278,0.212,0.192,0.126,0.163,0.182,0.218,0.214,0.194,0.171,0.201,0.229,0.21,0.239,0.138,0.21,0.163,0.186,0.237,0.174,0.171,0.198,0.246,0.167,0.208,0.233,0.242,0.18,0.131,0.239,0.188,0.196,0.116,0.154,0.147,0.239,0.178,0.167,0.239,0.158,0.231,0.114,0.216,0.156,0.19,0.244,0.188,0.203,0.201,0.22,0.222,0.182,0.174,0.165,0.229,0.163,0.152,0.147,0.18,0.224,0.163,0.203,0.204,0.228,0.212,0.194,0.182,0.201,0.212,0.192,0.174,0.194,0.248,0.224,0.222,0.204,0.186,0.201,0.156,0.152,0.167,0.229,0.244,0.158,0.203,0.149,0.184,0.065,0.218,0.224,0.275,0.174,0.126,0.126,0.216,0.165,
0.0,0.094,0.145,0.225,0.188,0.057,0.114,0.202,0.161,0.131,0.099,0.136,0.134,0.121,0.134,0.192,0.125,0.183,0.156,0.173,0.141,0.146,0.17,0.133,0.139,0.039,0.142,0.14,0.102,0.15,0.173,0.067,0.147,0.22,0.176,0.159,0.172,0.155,0.137,0.167,0.131,0.129,0.172,0.161,0.146,0.116,0.061,0.12,0.101,0.154,0.209,0.196,0.029,0.097,0.155,0.112,0.089,0.113,0.167,0.141,0.16,0.111,0.162,0.181,0.228,0.161,0.058,0.141,0.126,0.151,0.127,0.151,0.187,0.157,0.11,0.121,0.17,0.122,0.092,0.118,0.2,0.136,0.077,0.083,0.153,0.135,0.145,0.155,0.115,0.117,0.159,0.192,0.018,0.102,0.059,0.259,0.162,0.141,0.165,0.2,
0.0,0.239,0.287,0.249,0.207,0.266,0.134,0.155,0.22,0.11,0.174,0.121,0.157,0.179,0.219,0.228,0.185,0.221,0.234,0.134,0.143,0.205,0.191,0.114,0.208,0.122,0.239,0.166,0.157,0.179,0.245,0.142,0.215,0.188,0.146,0.16,0.213,0.179,0.17,0.185,0.174,0.154,0.187,0.239,0.169,0.248,0.187,0.153,0.193,0.113,0.17,0.191,0.185,0.205,0.142,0.23,0.142,0.211,0.217,0.201,0.15,0.195,0.194,0.136,0.123,0.217,0.177,0.157,0.16,0.196,0.23,0.144,0.223,0.23,0.142,0.151,0.183,0.193,0.23,0.21,0.2,0.083,0.179,0.236,0.179,0.153,0.207,0.265,0.162,0.187,0.207,0.209,0.175,0.179,0.175,0.201,0.191,0.183,0.135,0.187,
0.0,0.091,0.134,0.144,0.189,0.219,0.105,0.164,0.109,0.163,0.18,0.204,0.16,0.201,0.126,0.105,0.139,0.141,0.192,0.187,0.207,0.181,0.112,0.136,0.178,0.132,0.15,0.195,0.188,0.169,0.192,0.146,0.14,0.184,0.099,0.048,0.196,0.223,0.134,0.151,0.218,0.169,0.179,0.123,0.188,0.155,0.187,0.183,0.168,0.2,0.162,0.175,0.105,0.18,0.241,0.253,0.089,0.126,0.145,0.217,0.132,0.159,0.126,0.144,0.124,0.118,0.172,0.137,0.146,0.229,0.164,0.079,0.133,0.224,0.145,0.176,0.127,0.188,0.074,0.139,0.162,0.136,0.204,0.168,0.139,0.038,0.137,0.144,0.216,0.169,0.132,0.2,0.099,0.244,0.185,0.172,0.129,0.212,0.191,0.118,
0.0,0.202,0.178,0.173,0.252,0.21,0.16,0.194,0.098,0.162,0.135,0.119,0.153,0.159,0.246,0.244,0.173,0.195,0.186,0.06,0.142,0.184,0.205,0.146,0.211,0.095,0.183,0.187,0.2,0.227,0.083,0.211,0.205,0.217,0.173,0.223,0.217,0.205,0.234,0.185,0.185,0.225,0.203,0.106,0.211,0.241,0.132,0.193,0.179,0.177,0.168,0.209,0.125,0.187,0.16,0.241,0.153,0.179,0.223,0.205,0.168,0.16,0.205,0.179,0.157,0.201,0.171,0.137,0.238,0.243,0.106,0.201,0.166,0.26,0.219,0.132,0.219,0.173,0.185,0.193,0.189,0.157,0.135,0.205,0.203,0.203,0.123,0.155,0.209,0.175,0.173,0.213,0.219,0.16,0.209,0.173,0.207,0.175,0.205,0.173,
0.0,0.245,0.243,0.16,0.176,0.152,0.192,0.244,0.178,0.213,0.159,0.178,0.136,0.128,0.227,0.219,0.176,0.169,0.13,0.198,0.163,0.102,0.167,0.18,0.112,0.164,0.18,0.221,0.145,0.124,0.203,0.163,0.163,0.185,0.204,0.152,0.198,0.166,0.171,0.184,0.196,0.172,0.206,0.211,0.176,0.166,0.178,0.186,0.219,0.138,0.132,0.231,0.212,0.164,0.203,0.192,0.112,0.146,0.178,0.197,0.19,0.173,0.184,0.18,0.205,0.21,0.12,0.175,0.244,0.208,0.181,0.169,0.214,0.19,0.193,0.178,0.171,0.178,0.165,0.224,0.238,0.198,0.152,0.128,0.146,0.192,0.204,0.208,0.204,0.149,0.129,0.197,0.171,0.168,0.148,0.159,0.204,0.207,0.172,0.158,
0.0,0.082,0.159,0.204,0.175,0.256,0.137,0.241,0.135,0.184,0.175,0.182,0.212,0.173,0.229,0.133,0.204,0.162,0.251,0.177,0.204,0.175,0.223,0.263,0.182,0.22,0.177,0.208,0.173,0.229,0.171,0.19,0.223,0.229,0.206,0.22,0.162,0.184,0.204,0.216,0.19,0.259,0.208,0.184,0.192,0.221,0.194,0.208,0.188,0.13,0.204,0.214,0.204,0.227,0.221,0.19,0.162,0.171,0.184,0.192,0.204,0.206,0.218,0.169,0.258,0.21,0.175,0.186,0.252,0.133,0.133,0.188,0.164,0.233,0.179,0.202,0.142,0.259,0.133,0.2,0.22,0.194,0.179,0.184,0.276,0.177,0.16,0.206,0.184,0.169,0.196,0.169,0.167,0.216,0.231,0.171,0.184,0.206,0.221,0.221,
0.0,0.238,0.082,0.215,0.23,0.159,0.08,0.173,0.123,0.09,0.142,0.14,0.153,0.167,0.081,0.164,0.071,0.163,0.161,0.088,0.102,0.152,0.186,0.11,0.209,0.193,0.156,0.123,0.108,0.117,0.156,0.187,0.064,0.156,0.142,0.065,0.196,0.075,0.217,0.188,0.109,0.167,0.109,0.197,0.128,0.204,0.079,0.131,0.127,0.185,0.122,0.141,0.134,0.107,0.21,0.158,0.125,0.103,0.169,0.165,0.107,0.169,0.149,0.174,0.229,0.114,0.148,0.142,0.105,0.13,0.16,0.202,0.146,0.174,0.174,0.193,0.218,0.179,0.074,0.165,0.149,0.149,0.17,0.174,0.105,0.111,0.143,0.078,0.207,0.233,0.186,0.163,0.128,0.144,0.19,0.144,0.054,0.115,0.128,0.208,
0.0,0.202,0.255,0.21,0.234,0.208,0.182,0.157,0.239,0.14,0.132,0.189,0.178,0.187,0.136,0.173,0.201,0.232,0.107,0.123,0.168,0.24,0.161,0.185,0.23,0.206,0.176,0.179,0.237,0.186,0.209,0.225,0.168,0.139,0.174,0.17,0.139,0.134,0.197,0.161,0.233,0.185,0.213,0.148,0.179,0.17,0.203,0.199,0.217,0.131,0.132,0.245,0.154,0.219,0.179,0.213,0.159,0.175,0.164,0.128,0.141,0.123,0.167,0.158,0.185,0.176,0.244,0.199,0.147,0.193,0.155,0.157,0.228,0.132,0.167,0.146,0.215,0.21,0.205,0.224,0.17,0.132,0.155,0.107,0.109,0.147,0.19,0.128,0.16,0.132,0.156,0.212,0.206,0.188,0.161,0.09,0.18,0.129,0.054,0.139,
0.0,0.137,0.218,0.212,0.292,0.181,0.228,0.262,0.147,0.236,0.169,0.172,0.119,0.259,0.217,0.197,0.183,0.109,0.145,0.145,0.222,0.207,0.241,0.226,0.207,0.211,0.183,0.159,0.199,0.193,0.159,0.201,0.18,0.191,0.221,0.207,0.143,0.156,0.165,0.189,0.161,0.201,0.163,0.212,0.154,0.143,0.248,0.112,0.243,0.262,0.097,0.271,0.232,0.185,0.237,0.183,0.126,0.228,0.156,0.178,0.205,0.197,0.232,0.161,0.207,0.124,0.111,0.246,0.183,0.176,0.165,0.159,0.172,0.147,0.091,0.282,0.226,0.147,0.193,0.26,0.219,0.076,0.174,0.262,0.174,0.174,0.285,0.141,0.205,0.193,0.174,0.114,0.131,0.203,0.276,0.161,0.203,0.141,0.185,0.187,
0.0,0.215,0.117,0.176,0.172,0.159,0.132,0.141,0.197,0.091,0.049,0.169,0.114,0.151,0.121,0.167,0.13,0.121,0.123,0.183,0.094,0.13,0.114,0.129,0.135,0.076,0.166,0.14,0.203,0.07,0.124,0.135,0.148,0.126,0.16,0.134,0.114,0.109,0.187,0.165,0.135,0.109,0.16,0.169,0.115,0.188,0.188,0.134,0.114,0.167,0.119,0.175,0.19,0.139,0.137,0.145,0.113,0.162,0.068,0.147,0.157,0.146,0.142,0.15,0.151,0.118,0.173,0.141,0.153,0.15,0.157,0.187,0.058,0.172,0.166,0.123,0.13,0.154,0.163,0.11,0.179,0.192,0.07,0.063,0.148,0.218,0.182,0.182,0.109,0.228,0.011,0.099,0.105,0.164,0.202,0.139,0.122,0.18,0.102,0.15,
0.0,0.262,0.284,0.268,0.127,0.126,0.173,0.093,0.22,0.247,0.202,0.159,0.211,0.133,0.142,0.192,0.188,0.116,0.196,0.135,0.196,0.128,0.186,0.222,0.158,0.167,0.214,0.204,0.13,0.206,0.233,0.179,0.122,0.203,0.224,0.192,0.182,0.198,0.236,0.175,0.126,0.158,0.196,0.214,0.156,0.198,0.231,0.192,0.167,0.064,0.229,0.211,0.186,0.162,0.2,0.259,0.128,0.16,0.21,0.169,0.196,0.182,0.206,0.16,0.204,0.053,0.121,0.245,0.177,0.198,0.197,0.123,0.178,0.188,0.21,0.238,0.188,0.179,0.14,0.204,0.173,0.188,0.194,0.173,0.206,0.123,0.142,0.21,0.196,0.196,0.192,0.263,0.194,0.204,0.218,0.192,0.223,0.212,0.135,0.16,
0.0,0.176,0.285,0.146,0.205,0.126,0.196,0.236,0.252,0.217,0.252,0.119,0.126,0.215,0.18,0.119,0.201,0.259,0.219,0.093,0.195,0.222,0.116,0.174,0.224,0.222,0.236,0.154,0.191,0.176,0.164,0.145,0.197,0.141,0.235,0.117,0.219,0.197,0.185,0.146,0.263,0.186,0.135,0.192,0.199,0.122,0.112,0.172,0.152,0.118,0.225,0.147,0.217,0.143,0.198,0.181,0.192,0.194,0.158,0.162,0.221,0.234,0.172,0.193,0.193,0.139,0.149,0.183,0.126,0.207,0.164,0.228,0.145,0.189,0.166,0.198,0.106,0.154,0.107,0.185,0.164,0.225,0.251,0.171,0.249,0.203,0.218,0.141,0.197,0.243,0.17,0.215,0.152,0.136,0.198,0.241,0.18,0.175,0.211,0.132,
0.0,0.118,0.237,0.138,0.198,0.106,0.168,0.147,0.205,0.15,0.174,0.15,0.129,0.201,0.195,0.144,0.193,0.191,0.242,0.15,0.132,0.166,0.146,0.159,0.123,0.176,0.22,0.113,0.258,0.193,0.207,0.244,0.211,0.193,0.113,0.174,0.213,0.195,0.132,0.183,0.244,0.139,0.185,0.187,0.172,0.195,0.096,0.27,0.211,0.146,0.113,0.157,0.226,0.239,0.209,0.115,0.09,0.244,0.215,0.137,0.181,0.17,0.226,0.141,0.22,0.205,0.183,0.137,0.217,0.226,0.174,0.093,0.189,0.166,0.228,0.157,0.232,0.213,0.193,0.174,0.179,0.197,0.174,0.183,0.103,0.226,0.209,0.191,0.248,0.148,0.123,0.191,0.174,0.181,0.176,0.179,0.237,0.207,0.15,0.166,
0.0,0.241,0.056,0.289,0.188,0.061,0.206,0.146,0.093,0.179,0.222,0.118,0.186,0.177,0.219,0.214,0.184,0.183,0.167,0.126,0.264,0.238,0.177,0.134,0.149,0.206,0.115,0.23,0.137,0.196,0.139,0.157,0.213,0.192,0.221,0.2,0.214,0.173,0.221,0.196,0.207,0.17,0.22,0.162,0.151,0.164,0.103,0.061,0.175,0.226,0.22,0.193,0.165,0.198,0.186,0.226,0.114,0.212,0.167,0.23,0.216,0.157,0.217,0.184,0.143,0.213,0.157,0.212,0.2,0.185,0.123,0.103,0.163,0.233,0.151,0.233,0.223,0.208,0.149,0.232,0.202,0.192,0.221,0.133,0.206,0.212,0.155,0.13,0.228,0.158,0.093,0.169,0.241,0.153,0.185,0.14,0.162,0.082,0.23,0.19,
0.0,0.07,0.195,0.152,0.184,0.156,0.195,0.14,0.2,0.124,0.211,0.159,0.233,0.162,0.098,0.123,0.16,0.168,0.215,0.119,0.175,0.146,0.045,0.172,0.132,0.12,0.15,0.226,0.127,0.216,0.154,0.153,0.108,0.051,0.146,0.17,0.225,0.167,0.133,0.155,0.111,0.136,0.112,0.139,0.169,0.165,0.16,0.122,0.155,0.183,0.19,0.178,0.212,0.106,0.186,0.132,0.087,0.219,0.204,0.112,0.075,0.151,0.267,0.165,0.142,0.18,0.123,0.102,0.041,0.182,0.153,0.189,0.148,0.157,0.198,0.215,0.116,0.131,0.212,0.184,0.129,0.215,0.158,0.042,0.185,0.178,0.158,0.183,0.16,0.183,0.173,0.135,0.131,0.164,0.153,0.199,0.179,0.091,0.141,0.205,
0.0,0.212,0.31,0.224,0.214,0.22,0.178,0.156,0.22,0.262,0.296,0.184,0.169,0.184,0.231,0.136,0.18,0.133,0.184,0.161,0.216,0.113,0.167,0.177,0.193,0.178,0.156,0.188,0.121,0.162,0.162,0.083,0.233,0.13,0.188,0.164,0.234,0.254,0.156,0.14,0.245,0.13,0.261,0.266,0.204,0.171,0.153,0.188,0.198,0.234,0.167,0.116,0.128,0.216,0.173,0.216,0.223,0.202,0.214,0.192,0.144,0.184,0.192,0.22,0.19,0.137,0.146,0.203,0.216,0.256,0.156,0.179,0.2,0.171,0.173,0.243,0.202,0.184,0.216,0.236,0.091,0.13,0.21,0.167,0.171,0.263,0.153,0.169,0.171,0.214,0.192,0.149,0.135,0.198,0.202,0.247,0.234,0.156,0.188,0.153,
0.0,0.068,0.165,0.24,0.233,0.157,0.183,0.196,0.19,0.163,0.117,0.167,0.206,0.18,0.182,0.144,0.188,0.173,0.187,0.179,0.185,0.067,0.165,0.106,0.122,0.174,0.107,0.172,0.173,0.078,0.14,0.133,0.199,0.13,0.154,0.182,0.2,0.228,0.147,0.113,0.168,0.21,0.128,0.259,0.189,0.208,0.22,0.04,0.076,0.118,0.197,0.162,0.069,0.144,0.175,0.09,0.174,0.166,0.208,0.17,0.174,0.108,0.161,0.09,0.155,0.196,0.211,0.072,0.19,0.22,0.051,0.129,0.177,0.114,0.153,0.163,0.124,0.19,0.15,0.145,0.181,0.112,0.125,0.194,0.179,0.215,0.154,0.227,0.135,0.105,0.212,0.165,0.177,0.096,0.067,0.081,0.147,0.174,0.148,0.128,
0.0,0.093,0.135,0.133,0.116,0.173,0.191,0.145,0.163,0.09,0.086,0.165,0.084,0.151,0.201,0.184,0.227,0.073,0.099,0.197,0.104,0.135,0.082,0.208,0.19,0.158,0.124,0.139,0.138,0.18,0.147,0.182,0.133,0.165,0.191,0.14,0.066,0.106,0.199,0.159,0.156,0.137,0.151,0.137,0.183,0.1,0.16,0.121,0.204,0.141,0.129,0.192,0.112,0.159,0.132,0.13,0.098,0.122,0.171,0.136,0.146,0.193,0.131,0.179,0.141,0.167,0.082,0.15,0.149,0.184,0.157,0.209,0.179,0.149,0.175,0.145,0.167,0.183,0.051,0.128,0.178,0.176,0.102,0.07,0.131,0.101,0.152,0.205,0.144,0.102,0.126,0.076,0.084,0.153,0.136,0.167,0.203,0.063,0.144,0.117,
0.0,0.201,0.164,0.227,0.196,0.218,0.171,0.165,0.248,0.154,0.194,0.128,0.286,0.075,0.21,0.226,0.235,0.138,0.212,0.158,0.21,0.188,0.163,0.226,0.158,0.154,0.18,0.212,0.239,0.126,0.263,0.22,0.198,0.161,0.156,0.182,0.119,0.226,0.239,0.111,0.206,0.174,0.231,0.192,0.208,0.226,0.149,0.174,0.174,0.136,0.19,0.186,0.208,0.128,0.201,0.156,0.239,0.224,0.233,0.244,0.188,0.174,0.126,0.194,0.228,0.201,0.156,0.206,0.196,0.222,0.203,0.203,0.196,0.174,0.142,0.167,0.208,0.203,0.194,0.167,0.192,0.242,0.198,0.161,0.149,0.226,0.206,0.131,0.244,0.204,0.242,0.169,0.206,0.224,0.147,0.198,0.204,0.065,0.059,0.21,
0.0,0.116,0.147,0.168,0.122,0.156,0.092,0.086,0.172,0.121,0.144,0.148,0.164,0.108,0.139,0.12,0.136,0.085,0.161,0.144,0.096,0.116,0.152,0.105,0.093,0.146,0.129,0.089,0.094,0.168,0.166,0.149,0.248,0.197,0.029,0.072,0.09,0.167,0.111,0.196,0.174,0.105,0.1,0.115,0.098,0.023,0.134,0.127,0.112,0.176,0.118,0.18,0.187,0.129,0.132,0.1,0.145,0.159,0.233,0.189,0.138,0.144,0.063,0.164,0.147,0.189,0.172,0.167,-0.021,0.119,0.16,0.151,0.081,0.064,0.124,0.161,0.111,0.125,0.121,0.129,0.139,0.17,0.149,0.196,0.072,0.1,0.14,0.175,0.148,0.14,0.173,0.074,0.115,0.125,0.077,0.058,0.189,0.047,0.192,0.134,
0.0,0.306,0.27,0.243,0.146,0.082,0.192,0.17,0.22,0.161,0.101,0.215,0.195,0.15,0.034,0.019,0.22,0.181,0.188,0.224,0.217,0.17,0.16,0.228,0.185,0.112,0.246,0.225,0.061,0.122,0.259,0.091,0.154,0.047,0.165,0.08,0.23,0.172,0.113,0.234,0.232,0.145,0.136,0.219,0.168,0.063,0.063,0.053,0.128,0.232,0.174,0.136,0.152,0.191,0.093,0.199,0.294,0.137,0.104,0.12,0.136,0.228,0.17,0.219,0.131,0.202,0.158,0.169,0.217,0.288,0.172,0.137,0.178,0.079,0.133,0.198,0.204,0.263,0.164,0.211,0.086,0.26,0.191,0.113,0.079,0.252,0.117,0.121,0.154,0.232,0.131,0.1,0.109,0.156,0.072,0.194,0.213,0.177,0.178,0.158,
0.0,0.179,0.144,0.117,0.201,0.25,0.234,0.121,0.253,0.211,0.153,0.236,0.168,0.234,0.219,0.157,0.245,0.125,0.193,0.239,0.215,0.183,0.181,0.137,0.234,0.217,0.151,0.166,0.211,0.193,0.205,0.2,0.191,0.219,0.183,0.153,0.179,0.168,0.146,0.187,0.23,0.223,0.217,0.207,0.144,0.211,0.149,0.239,0.183,0.253,0.168,0.137,0.175,0.2,0.121,0.193,0.135,0.125,0.201,0.098,0.059,0.243,0.267,0.195,0.193,0.166,0.193,0.219,0.203,0.157,0.181,0.219,0.164,0.175,0.246,0.195,0.191,0.144,0.181,0.179,0.153,0.221,0.223,0.171,0.151,0.179,0.203,0.274,0.221,0.175,0.189,0.171,0.135,0.223,0.16,0.168,0.248,0.179,0.181,0.238,
0.0,0.354,0.3,0.242,0.264,0.178,0.184,0.139,0.237,0.198,0.188,0.214,0.173,0.243,0.173,0.262,0.103,0.205,0.169,0.127,0.182,0.169,0.125,0.153,0.252,0.171,0.139,0.259,0.108,0.137,0.279,0.169,0.162,0.257,0.125,0.216,0.127,0.092,0.267,0.224,0.19,0.201,0.115,0.267,0.142,0.158,0.241,0.153,0.087,0.282,0.216,0.149,0.254,0.171,0.209,0.279,0.192,0.18,0.178,0.144,0.12,0.164,0.125,0.144,0.312,0.211,0.155,0.071,0.12,0.241,0.228,0.178,0.273,0.207,0.167,0.188,0.175,0.182,0.115,0.255,0.115,0.188,0.261,0.151,0.241,0.11,0.16,0.137,0.282,0.164,0.261,0.13,0.22,0.167,0.198,0.23,0.139,0.095,0.151,0.213,
0.0,0.286,0.351,0.18,0.125,0.211,0.234,0.151,0.178,0.309,0.264,0.09,0.076,0.167,0.198,0.149,0.127,0.178,0.295,0.169,0.155,0.084,0.13,0.237,0.092,0.178,0.25,0.097,0.105,0.226,0.226,0.153,0.171,0.218,0.137,0.118,0.074,0.09,0.186,0.314,0.162,0.224,0.105,0.243,0.175,0.173,0.12,0.186,0.155,0.241,0.084,0.118,0.222,0.105,0.151,0.234,0.09,0.155,0.125,0.151,0.214,0.257,0.144,0.076,0.092,0.06,0.228,0.255,0.142,0.173,0.261,0.178,0.074,0.12,0.182,0.167,0.311,0.224,0.167,0.267,0.13,0.105,0.205,0.105,0.135,0.057,0.105,0.214,0.178,0.167,0.135,0.144,0.211,0.276,0.292,0.192,0.084,0.234,0.158,0.226,
0.0,0.214,0.198,0.296,0.28,0.136,0.252,0.179,0.206,0.183,0.238,0.092,0.141,0.225,0.231,0.236,0.189,0.168,0.229,0.213,0.209,0.202,0.117,0.217,0.181,0.197,0.134,0.252,0.174,0.195,0.159,0.139,0.105,0.215,0.187,0.252,0.209,0.215,0.215,0.208,0.166,0.195,0.166,0.229,0.185,0.229,0.179,0.177,0.132,0.213,0.292,0.208,0.086,0.24,0.159,0.155,0.208,0.164,0.166,0.187,0.107,0.155,0.117,0.141,0.181,0.134,0.181,0.17,0.202,0.261,0.197,0.219,0.223,0.273,0.172,0.247,0.15,0.141,0.132,0.209,0.238,0.273,0.191,0.206,0.189,0.159,0.247,0.136,0.187,0.209,0.187,0.221,0.159,0.166,0.191,0.227,0.187,0.164,0.223,0.155,
0.0,0.173,0.125,0.222,0.136,0.179,0.17,0.202,0.047,0.192,0.141,0.23,0.229,0.146,0.086,0.174,0.15,0.193,0.203,0.155,0.149,0.171,0.12,0.164,0.185,0.17,0.229,0.148,0.194,0.199,0.186,0.112,0.097,0.155,0.237,0.143,0.15,0.104,0.072,0.192,0.128,0.198,0.144,0.195,0.12,0.174,0.146,0.155,0.118,0.184,0.15,0.18,0.174,0.105,0.107,0.19,0.17,0.162,0.189,0.162,0.152,0.168,0.074,0.09,0.146,0.191,0.175,0.155,0.151,0.164,0.193,0.044,0.237,0.236,0.172,0.175,0.131,0.162,0.177,0.153,0.166,0.17,0.168,0.196,0.221,0.164,0.179,0.17,0.149,0.143,0.106,0.123,0.157,0.182,0.11,0.183,0.211,0.174,0.19,0.041,
0.0,0.14,0.201,0.181,0.151,0.135,0.18,0.103,0.149,0.166,0.087,0.089,0.089,0.087,0.141,0.21,0.098,0.188,0.079,0.095,0.216,0.153,0.166,0.013,0.117,0.084,0.175,0.162,0.147,0.043,0.188,0.176,0.176,0.132,0.155,0.133,0.16,0.144,0.113,0.035,0.098,0.17,0.134,0.183,0.036,0.142,0.127,0.195,0.138,0.123,0.115,0.082,0.183,0.167,0.03,0.181,0.202,0.008,0.187,0.115,0.162,0.216,0.084,0.153,0.149,0.119,0.172,0.165,0.126,0.136,0.155,0.117,0.168,0.144,0.15,0.125,0.121,0.21,0.169,0.179,0.173,0.036,0.159,0.085,0.117,0.094,0.177,0.108,0.152,0.075,0.119,0.116,0.065,0.168,0.165,0.174,0.044,0.113,0.135,0.143,
0.0,0.28,0.273,0.215,0.15,0.199,0.236,0.245,0.147,0.245,0.154,0.24,0.141,0.254,0.23,0.112,0.241,0.172,0.143,0.172,0.132,0.196,0.311,0.185,0.174,0.228,0.102,0.138,0.26,0.215,0.214,0.094,0.25,0.215,0.152,0.213,0.172,0.18,0.138,0.217,0.203,0.205,0.209,0.226,0.136,0.083,0.147,0.176,0.165,0.271,0.197,0.194,0.206,0.188,0.152,0.246,0.203,0.126,0.221,0.176,0.197,0.097,0.23,0.241,0.175,0.18,0.188,0.163,0.237,0.154,0.154,0.217,0.163,0.207,0.173,0.188,0.165,0.178,0.215,0.208,0.226,0.218,0.189,0.114,0.161,0.193,0.153,0.206,0.147,0.243,0.187,0.189,0.197,0.195,0.228,0.232,0.145,0.205,0.091,0.157,
0.0,0.163,0.173,0.253,0.186,0.103,0.154,0.174,0.179,0.18,0.163,0.141,0.154,0.186,0.202,0.132,0.149,0.172,0.179,0.227,0.182,0.217,0.242,0.148,0.18,0.171,0.189,0.248,0.08,0.184,0.224,0.105,0.189,0.126,0.201,0.179,0.171,0.146,0.22,0.176,0.164,0.138,0.182,0.225,0.154,0.194,0.12,0.183,0.217,0.238,0.171,0.18,0.151,0.142,0.166,0.15,0.184,0.235,0.188,0.137,0.174,0.145,0.158,0.194,0.177,0.214,0.163,0.21,0.171,0.201,0.19,0.14,0.201,0.223,0.157,0.113,0.112,0.226,0.203,0.175,0.202,0.126,0.185,0.207,0.091,0.168,0.211,0.189,0.22,0.2,0.16,0.181,0.169,0.202,0.146,0.124,0.135,0.154,0.2,0.198,
0.0,0.18,0.153,0.261,0.263,0.244,0.161,0.244,0.119,0.136,0.194,0.208,0.224,0.145,0.158,0.204,0.205,0.209,0.155,0.151,0.218,0.204,0.171,0.182,0.19,0.244,0.133,0.21,0.165,0.204,0.206,0.196,0.235,0.19,0.109,0.128,0.204,0.253,0.21,0.149,0.275,0.203,0.222,0.167,0.188,0.133,0.21,0.152,0.182,0.229,0.156,0.21,0.174,0.178,0.216,0.198,0.206,0.233,0.152,0.18,0.158,0.165,0.186,0.18,0.24,0.196,0.194,0.218,0.184,0.196,0.165,0.229,0.149,0.174,0.184,0.145,0.178,0.145,0.229,0.229,0.184,0.051,0.216,0.163,0.158,0.188,0.208,0.152,0.161,0.106,0.171,0.096,0.206,0.121,0.208,0.216,0.203,0.138,0.233,0.124,
0.0,0.196,0.182,0.2,0.128,0.191,0.179,0.216,0.22,0.138,0.177,0.156,0.218,0.182,0.123,0.133,0.192,0.208,0.263,0.169,0.261,0.184,0.179,0.182,0.227,0.231,0.147,0.202,0.188,0.184,0.218,0.24,0.177,0.175,0.216,0.236,0.158,0.19,0.214,0.147,0.238,0.214,0.149,0.221,0.16,0.107,0.187,0.203,0.229,0.201,0.16,0.153,0.182,0.233,0.22,0.16,0.175,0.192,0.184,0.16,0.158,0.137,0.184,0.202,0.252,0.233,0.128,0.204,0.17,0.176,0.187,0.255,0.167,0.151,0.186,0.243,0.208,0.236,0.128,0.236,0.196,0.162,0.231,0.212,0.242,0.14,0.171,0.147,0.245,0.164,0.198,0.194,0.192,0.144,0.188,0.271,0.147,0.243,0.169,0.149,
0.0,0.181,0.183,0.117,0.175,0.234,0.233,0.149,0.225,0.14,0.238,0.208,0.151,0.27,0.164,0.218,0.16,0.234,0.207,0.154,0.163,0.128,0.158,0.251,0.198,0.114,0.159,0.212,0.196,0.184,0.174,0.206,0.192,0.096,0.201,0.198,0.237,0.167,0.178,0.237,0.13,0.21,0.158,0.158,0.192,0.165,0.217,0.243,0.2,0.165,0.214,0.188,0.22,0.171,0.192,0.177,0.206,0.176,0.208,0.192,0.161,0.226,0.214,0.224,0.21,0.233,0.167,0.174,0.194,0.14,0.128,0.23,0.235,0.226,0.218,0.19,0.184,0.184,0.169,0.214,0.146,0.192,0.212,0.208,0.158,0.171,0.19,0.194,0.214,0.174,0.18,0.19,0.188,0.218,0.159,0.147,0.156,0.225,0.222,0.152,
0.0,0.201,0.215,0.177,0.208,0.201,0.174,0.201,0.059,0.155,0.159,0.13,0.167,0.125,0.195,0.135,0.082,0.096,0.147,0.172,0.131,0.158,0.086,0.186,0.14,0.15,0.21,0.154,0.123,0.22,0.147,0.114,0.173,0.142,0.158,0.062,0.094,0.189,0.155,0.136,0.212,0.118,0.198,0.187,0.093,0.066,0.028,0.189,0.054,0.179,0.178,0.147,0.124,0.224,0.172,0.115,0.171,0.203,0.11,0.096,0.152,0.22,0.236,0.203,0.215,0.044,0.204,0.227,0.125,0.131,0.123,0.148,0.176,0.185,0.152,0.224,0.146,0.138,0.206,0.127,0.245,0.172,0.166,0.146,0.134,0.074,0.155,0.156,0.089,0.115,0.21,0.104,0.182,0.199,0.078,0.099,0.242,0.174,0.072,0.23,
0.0,0.234,0.095,0.168,0.158,0.17,0.152,0.199,0.131,0.185,0.186,0.081,0.053,0.196,0.167,0.178,0.086,0.117,0.159,0.179,0.068,0.117,0.183,0.173,0.108,0.15,0.148,0.228,0.113,0.133,0.117,0.21,0.166,0.216,0.163,0.181,0.13,0.215,0.204,0.141,0.177,0.102,0.186,0.178,0.22,0.17,0.128,0.16,0.233,0.193,0.142,0.16,0.193,0.121,0.005,0.122,0.125,0.149,0.098,0.142,0.158,0.247,0.162,0.158,-0.008,0.177,0.174,0.197,0.191,0.128,0.104,0.103,0.127,0.12,0.117,0.195,0.2,0.168,0.148,0.07,0.171,0.176,0.167,0.157,0.204,0.138,0.216,0.17,0.146,0.149,0.216,0.193,0.191,0.109,0.08,0.143,0.062,0.033,0.236,0.182,
0.0,0.156,0.27,0.293,0.209,0.147,0.156,0.152,0.114,0.237,0.136,0.243,0.094,0.122,0.222,0.217,0.18,0.213,0.159,0.222,0.172,0.129,0.165,0.114,0.122,0.18,0.243,0.252,0.183,0.145,0.197,0.109,0.147,0.222,0.174,0.248,0.165,0.193,0.189,0.201,0.147,0.224,0.25,0.15,0.201,0.165,0.109,0.131,0.26,0.183,0.141,0.239,0.246,0.165,0.17,0.178,0.234,0.254,0.122,0.07,0.183,0.156,0.15,0.102,0.17,0.272,0.154,0.193,0.147,0.107,0.147,0.209,0.274,0.232,0.156,0.285,0.119,0.219,0.15,0.213,0.104,0.18,0.266,0.213,0.154,0.134,0.234,0.211,0.191,0.176,0.094,0.205,0.248,0.215,0.195,0.26,0.124,0.152,0.224,0.15,
0.0,0.068,0.182,0.2,0.084,0.133,0.179,0.183,0.104,0.168,0.131,0.132,0.025,0.118,0.05,0.163,0.141,0.208,0.069,0.085,0.122,0.118,0.212,0.14,0.124,0.046,0.192,0.198,0.192,0.224,0.191,0.095,0.207,0.129,0.144,0.172,0.149,0.03,0.145,0.173,0.249,0.113,0.248,0.188,0.16,0.12,0.175,0.106,0.169,0.123,0.19,0.167,0.179,0.173,0.161,0.127,0.078,0.094,0.149,0.173,0.148,0.051,0.123,0.163,0.175,0.157,0.109,0.191,0.165,0.157,0.052,0.122,0.099,0.048,0.215,0.213,0.104,0.158,0.244,0.212,0.162,0.157,0.19,0.244,0.129,0.2,0.098,0.18,0.151,0.147,0.148,0.157,0.181,0.161,0.2,0.122,0.2,0.059,0.163,0.086,
0.0,0.18,0.169,0.164,0.18,0.17,0.215,0.159,0.22,0.17,0.164,0.132,0.155,0.211,0.12,0.172,0.185,0.195,0.176,0.213,0.187,0.151,0.222,0.198,0.191,0.134,0.239,0.132,0.234,0.215,0.128,0.209,0.23,0.198,0.226,0.211,0.193,0.144,0.202,0.191,0.227,0.198,0.207,0.149,0.125,0.235,0.191,0.193,0.16,0.181,0.168,0.125,0.13,0.135,0.25,0.175,0.221,0.219,0.209,0.168,0.239,0.16,0.193,0.236,0.205,0.164,0.173,0.211,0.185,0.198,0.185,0.215,0.195,0.201,0.183,0.142,0.185,0.195,0.228,0.243,0.162,0.164,0.207,0.183,0.245,0.2,0.183,0.164,0.164,0.187,0.153,0.171,0.219,0.241,0.203,0.187,0.219,0.149,0.211,0.162,
0.0,0.052,0.201,0.09,0.234,0.264,0.219,0.149,0.184,0.225,0.113,0.173,0.165,0.156,0.172,0.175,0.205,0.18,0.106,0.261,0.178,0.188,0.137,0.158,0.222,0.257,0.15,0.177,0.177,0.229,0.186,0.182,0.118,0.212,0.184,0.2,0.218,0.2,0.194,0.186,0.135,0.221,0.177,0.157,0.191,0.206,0.179,0.204,0.069,0.242,0.23,0.142,0.172,0.17,0.159,0.207,0.161,0.189,0.157,0.088,0.141,0.16,0.193,0.174,0.114,0.167,0.223,0.148,0.199,0.156,0.224,0.213,0.126,0.133,0.127,0.2,0.158,0.225,0.093,0.19,0.182,0.211,0.147,0.21,0.192,0.135,0.173,0.108,0.204,0.189,0.204,0.19,0.19,0.161,0.176,0.192,0.22,0.204,0.206,0.173,
0.0,0.276,0.279,0.154,0.143,0.089,0.217,0.192,0.091,0.15,0.152,0.135,0.129,0.241,0.169,0.119,0.129,0.19,0.193,0.156,0.227,0.125,0.228,0.167,0.146,0.154,0.136,0.241,0.156,0.212,0.172,0.13,0.178,0.207,0.182,0.189,0.189,0.147,0.223,0.233,0.216,0.186,0.193,0.144,0.191,0.255,0.183,0.063,0.169,0.146,0.173,0.16,0.178,0.133,0.196,0.168,0.174,0.147,0.167,0.0,0.195,0.182,0.163,0.227,0.161,0.192,0.121,0.22,0.216,0.117,0.119,0.133,0.116,0.206,0.222,0.206,0.191,0.171,0.16,0.124,0.205,0.217,0.255,0.111,0.207,0.143,0.121,0.158,0.239,0.137,0.127,0.11,0.203,0.189,0.185,0.228,0.085,0.156,0.19,0.199,
0.0,0.095,0.138,0.156,0.139,0.16,0.214,0.039,0.126,0.134,0.126,0.194,0.07,0.094,0.138,0.174,0.084,0.165,0.156,0.072,0.211,0.163,0.064,0.107,0.161,0.113,0.157,0.093,0.14,0.145,0.072,0.074,0.082,0.15,0.163,0.106,0.034,0.167,0.103,0.09,0.097,0.186,0.177,0.191,0.08,0.102,0.199,0.071,0.172,0.188,0.138,0.156,-0.022,0.177,-0.014,0.044,0.044,0.146,0.174,0.176,0.057,0.152,0.094,0.202,0.093,0.077,0.077,0.165,0.104,0.135,0.14,0.145,0.16,0.155,0.206,0.069,0.161,0.124,0.184,0.169,0.128,0.095,0.04,0.147,0.1,0.154,0.133,0.176,0.11,0.169,0.147,0.154,0.173,0.118,0.148,0.188,0.142,0.144,0.105,0.225,
0.0,0.063,0.215,0.226,0.055,0.136,0.18,0.19,0.127,0.176,0.09,0.196,0.19,0.142,0.153,0.173,0.157,0.194,0.063,0.134,0.184,0.202,0.145,0.18,0.064,0.185,0.148,0.098,0.164,0.159,0.169,0.114,0.1,0.151,0.191,0.214,0.084,0.168,0.107,0.168,0.201,0.123,0.073,0.134,0.154,0.133,0.196,0.113,0.158,0.175,0.144,0.133,0.102,0.099,0.211,0.181,0.162,0.11,0.085,0.11,0.102,0.09,0.177,0.168,0.219,0.105,0.156,0.176,0.166,0.128,0.152,0.098,0.153,0.143,0.127,0.164,0.176,0.18,0.178,0.129,0.123,0.173,0.24,0.174,0.095,0.178,0.168,0.15,0.207,0.179,0.091,0.135,0.179,0.099,0.164,0.188,0.141,0.175,0.099,0.175,
0.0,0.126,0.224,0.309,0.226,0.159,0.048,0.246,0.119,0.136,0.207,0.176,0.119,0.195,0.191,0.168,0.187,0.161,0.226,0.147,0.199,0.215,0.207,0.199,0.172,0.163,0.17,0.189,0.266,0.209,0.237,0.209,0.193,0.174,0.185,0.152,0.224,0.154,0.197,0.168,0.269,0.104,0.176,0.143,0.193,0.199,0.234,0.222,0.264,0.239,0.163,0.219,0.124,0.217,0.174,0.131,0.224,0.159,0.156,0.224,0.262,0.159,0.243,0.163,0.18,0.18,0.131,0.252,0.269,0.122,0.203,0.217,0.232,0.187,0.185,0.145,0.097,0.168,0.193,0.209,0.237,0.165,0.197,0.211,0.136,0.236,0.172,0.174,0.159,0.145,0.207,0.201,0.207,0.259,0.176,0.191,0.209,0.094,0.191,0.237,
0.0,0.184,0.269,0.222,0.174,0.216,0.203,0.092,0.232,0.153,0.135,0.115,0.212,0.156,0.206,0.187,0.146,0.159,0.226,0.137,0.128,0.147,0.102,0.166,0.142,0.201,0.208,0.2,0.166,0.094,0.223,0.157,0.139,0.238,0.159,0.189,0.186,0.106,0.143,0.21,0.176,0.241,0.21,0.195,0.1,0.181,0.211,0.19,0.157,0.152,0.209,0.192,0.145,0.166,0.186,0.188,0.083,0.178,0.158,0.14,0.146,0.135,0.219,0.225,0.13,0.137,0.142,0.158,0.209,0.241,0.132,0.152,0.165,0.118,0.161,0.13,0.146,0.157,0.135,0.179,0.206,0.209,0.115,0.157,0.147,0.211,0.209,0.175,0.183,0.188,0.159,0.156,0.149,0.152,0.108,0.144,0.205,0.213,0.207,0.167,
0.0,0.185,0.128,0.144,0.251,0.214,0.144,0.135,0.233,0.146,0.236,0.198,0.12,0.108,0.182,0.247,0.169,0.206,0.09,0.107,0.246,0.182,0.127,0.155,0.185,0.124,0.174,0.211,0.129,0.063,0.128,0.16,0.107,0.142,0.121,0.21,0.097,0.125,0.148,0.203,0.146,0.165,0.218,0.137,0.163,0.182,0.204,0.158,0.16,0.136,0.167,0.157,0.173,0.13,0.162,0.114,0.179,0.141,0.162,0.219,0.244,0.124,0.138,0.204,0.19,0.142,0.109,0.156,0.175,0.153,0.128,0.227,0.102,0.17,0.082,0.173,0.163,0.151,0.14,0.227,0.056,0.156,0.088,0.24,0.119,0.179,0.213,0.126,0.163,0.152,0.186,0.18,0.153,0.143,0.109,0.161,0.219,0.2,0.103,0.21,
0.0,0.329,0.267,0.152,0.119,0.191,0.287,0.269,0.141,0.147,0.178,0.211,0.243,0.178,0.207,0.159,0.178,0.241,0.124,0.156,0.174,0.159,0.209,0.136,0.156,0.224,0.252,0.043,0.194,0.191,0.131,0.136,0.152,0.207,0.154,0.136,0.163,0.168,0.17,0.301,0.129,0.226,0.197,0.237,0.203,0.176,0.193,0.174,0.168,0.219,0.217,0.131,0.191,0.134,0.217,0.18,0.203,0.131,0.259,0.172,0.17,0.195,0.222,0.143,0.172,0.152,0.154,0.236,0.183,0.195,0.174,0.197,0.272,0.141,0.163,0.215,0.209,0.176,0.078,0.197,0.245,0.178,0.221,0.219,0.152,0.245,0.163,0.172,0.122,0.117,0.065,0.266,0.165,0.272,0.156,0.172,0.215,0.138,0.237,0.197,
0.0,0.2,0.145,0.189,0.253,0.22,0.098,0.213,0.207,0.191,0.207,0.197,0.205,0.207,0.197,0.209,0.197,0.174,0.205,0.207,0.108,0.181,0.223,0.127,0.123,0.164,0.197,0.187,0.197,0.181,0.101,0.176,0.185,0.181,0.179,0.242,0.23,0.205,0.161,0.183,0.183,0.155,0.157,0.155,0.201,0.224,0.215,0.195,0.193,0.218,0.211,0.155,0.185,0.271,0.185,0.181,0.172,0.172,0.172,0.249,0.224,0.155,0.209,0.172,0.134,0.218,0.189,0.22,0.197,0.195,0.199,0.172,0.185,0.195,0.215,0.207,0.176,0.207,0.228,0.201,0.185,0.148,0.195,0.148,0.137,0.157,0.101,0.176,0.134,0.127,0.267,0.235,0.17,0.183,0.176,0.125,0.179,0.28,0.199,0.195,
0.0,0.266,0.257,0.312,0.278,0.057,0.146,0.266,0.222,0.04,0.19,0.246,0.222,0.137,0.013,0.082,0.261,0.13,0.068,0.051,0.274,0.281,0.196,0.105,0.235,0.248,0.201,0.1,0.043,0.287,0.209,0.259,0.175,0.095,0.213,0.18,0.068,0.224,0.203,0.295,0.087,0.149,0.051,0.11,0.045,0.252,0.211,0.182,0.201,0.12,0.151,0.213,0.287,0.028,0.243,0.214,0.273,0.257,0.186,0.108,0.23,0.203,0.155,0.19,0.205,0.243,0.203,0.201,0.132,0.175,0.108,0.142,0.228,0.186,0.235,0.207,0.118,0.226,0.214,0.103,0.054,0.18,0.071,0.115,0.245,0.291,0.267,0.146,0.1,0.149,0.153,0.115,0.281,0.144,0.226,0.232,0.216,0.074,0.182,0.241,
0.0,0.204,0.168,0.244,0.199,0.163,0.25,0.213,0.136,0.185,0.144,0.13,0.21,0.164,0.146,0.2,0.113,0.164,0.138,0.102,0.194,0.185,0.162,0.211,0.102,0.209,0.193,0.124,0.111,0.211,0.083,0.13,0.245,0.104,0.15,0.201,0.154,0.218,0.145,0.178,0.147,0.189,0.23,0.205,0.122,0.135,0.159,0.193,0.179,0.174,0.132,0.227,0.117,0.205,0.148,0.135,0.15,0.179,0.253,0.179,0.18,0.131,0.163,0.171,0.151,0.142,0.124,0.275,0.184,0.217,0.1,0.113,0.177,0.171,0.194,0.198,0.131,0.214,0.138,0.21,0.131,0.091,0.222,0.165,0.215,0.171,0.116,0.193,0.129,0.174,0.137,0.119,0.168,0.137,0.106,0.198,0.183,0.159,0.094,0.159,
0.0,0.249,0.084,0.252,0.19,0.219,0.262,0.153,0.205,0.155,0.117,0.252,0.197,0.226,0.154,0.18,0.167,0.225,0.16,0.187,0.159,0.18,0.203,0.209,0.178,0.15,0.205,0.226,0.215,0.189,0.157,0.185,0.152,0.22,0.207,0.224,0.126,0.17,0.266,0.168,0.138,0.152,0.145,0.18,0.11,0.209,0.221,0.16,0.195,0.187,0.199,0.257,0.19,0.138,0.189,0.134,0.23,0.23,0.194,0.215,0.241,0.141,0.147,0.168,0.207,0.187,0.205,0.156,0.195,0.217,0.192,0.189,0.207,0.195,0.141,0.152,0.164,0.226,0.255,0.191,0.178,0.178,0.177,0.23,0.211,0.18,0.141,0.129,0.177,0.176,0.17,0.228,0.193,0.134,0.112,0.147,0.156,0.241,0.248,0.201,
0.0,0.327,0.193,0.195,0.255,0.159,0.152,0.131,0.228,0.183,0.18,0.199,0.161,0.193,0.187,0.129,0.226,0.219,0.207,0.189,0.199,0.174,0.18,0.156,0.248,0.237,0.226,0.195,0.176,0.145,0.152,0.152,0.237,0.195,0.185,0.187,0.201,0.241,0.147,0.174,0.266,0.185,0.205,0.152,0.201,0.26,0.147,0.161,0.124,0.187,0.224,0.183,0.114,0.122,0.161,0.217,0.183,0.17,0.161,0.248,0.185,0.209,0.211,0.134,0.163,0.163,0.211,0.147,0.143,0.217,0.205,0.197,0.203,0.193,0.185,0.147,0.138,0.189,0.234,0.163,0.161,0.076,0.245,0.241,0.18,0.25,0.124,0.226,0.189,0.205,0.187,0.219,0.215,0.141,0.163,0.203,0.104,0.228,0.264,0.163,
0.0,0.127,0.295,0.171,0.261,0.178,0.194,0.228,0.192,0.013,0.213,0.198,0.19,0.232,0.13,0.205,0.192,0.186,0.192,0.186,0.144,0.158,0.291,0.232,0.211,0.118,0.123,0.144,0.079,0.132,0.203,0.248,0.232,0.144,0.228,0.162,0.232,0.135,0.222,0.205,0.164,0.239,0.198,0.113,0.097,0.144,0.103,0.19,0.192,0.292,0.216,0.248,0.18,0.025,0.132,0.196,0.151,0.173,0.118,0.203,0.171,0.137,0.205,0.127,0.137,0.13,0.262,0.167,0.173,0.207,0.142,0.095,0.184,0.158,0.205,0.241,0.254,0.224,0.125,0.139,0.132,0.234,0.237,0.169,0.135,0.079,0.184,0.084,0.218,0.294,0.1,0.196,0.173,0.198,0.164,0.248,0.132,0.151,0.228,0.127,
0.0,0.1,0.12,0.204,0.239,0.1,0.2,0.151,0.097,0.193,0.123,0.175,0.186,0.197,0.17,0.116,0.157,0.122,0.121,0.196,0.169,0.196,0.14,0.203,0.175,0.156,0.155,0.142,0.115,0.125,0.16,0.181,0.137,0.151,0.153,0.188,0.137,0.074,0.172,0.211,0.16,0.108,0.152,0.182,0.213,0.192,0.156,0.149,0.156,0.173,0.194,0.147,0.23,0.183,0.159,0.146,0.175,0.166,0.17,0.19,0.17,0.112,0.146,0.212,0.142,0.149,0.159,0.164,0.158,0.159,0.072,0.159,0.168,0.15,0.214,0.154,0.151,0.165,0.192,0.17,0.116,0.193,0.122,0.147,0.151,0.168,0.163,0.16,0.122,0.118,0.12,0.182,0.184,0.183,0.2,0.135,0.159,0.077,0.152,0.188,
0.0,0.095,0.162,0.162,0.079,0.159,0.17,0.206,0.154,0.163,0.121,0.231,0.15,0.135,0.168,0.16,0.242,0.153,0.171,0.233,0.2,0.252,0.202,0.175,0.173,0.223,0.171,0.225,0.2,0.171,0.208,0.218,0.204,0.22,0.137,0.182,0.133,0.192,0.176,0.21,0.173,0.234,0.101,0.169,0.177,0.214,0.268,0.16,0.19,0.115,0.196,0.218,0.243,0.144,0.243,0.19,0.142,0.186,0.2,0.186,0.147,0.194,0.233,0.16,0.204,0.167,0.242,0.164,0.173,0.194,0.173,0.149,0.227,0.158,0.188,0.162,0.192,0.144,0.22,0.208,0.179,0.142,0.218,0.204,0.236,0.221,0.123,0.137,0.204,0.268,0.208,0.208,0.218,0.216,0.215,0.212,0.192,0.212,0.22,0.149,
0.0,0.138,0.202,0.188,0.159,0.206,0.234,0.228,0.158,0.215,0.159,0.208,0.181,0.155,0.154,0.178,0.249,0.163,0.095,0.174,0.236,0.151,0.141,0.196,0.174,0.214,0.168,0.255,0.167,0.087,0.197,0.169,0.242,0.202,0.133,0.114,0.153,0.134,0.1,0.175,0.141,0.168,0.176,0.224,0.198,0.146,0.166,0.171,0.146,0.108,0.201,0.188,0.116,0.209,0.139,0.24,0.173,0.179,0.19,0.211,0.209,0.152,0.188,0.167,0.147,0.129,0.181,0.16,0.198,0.195,0.212,0.206,0.153,0.171,0.2,0.181,0.206,0.181,0.16,0.161,0.144,0.203,0.173,0.165,0.164,0.171,0.156,0.168,0.203,0.176,0.191,0.148,0.162,0.209,0.142,0.137,0.228,0.239,0.184,0.189,
0.0,0.186,0.273,0.15,0.221,0.194,0.128,0.175,0.214,0.207,0.194,0.225,0.227,0.171,0.091,0.194,0.216,0.212,0.131,0.187,0.179,0.192,0.206,0.196,0.158,0.202,0.214,0.14,0.182,0.2,0.269,0.186,0.169,0.151,0.229,0.158,0.2,0.204,0.234,0.164,0.214,0.116,0.21,0.156,0.177,0.254,0.167,0.194,0.175,0.206,0.182,0.144,0.238,0.188,0.16,0.214,0.223,0.186,0.147,0.223,0.236,0.19,0.175,0.22,0.2,0.16,0.249,0.19,0.218,0.137,0.156,0.231,0.223,0.188,0.243,0.212,0.177,0.169,0.198,0.198,0.137,0.184,0.162,0.16,0.177,0.225,0.133,0.247,0.206,0.186,0.144,0.223,0.204,0.118,0.137,0.221,0.2,0.208,0.22,0.204,
0.0,0.156,0.169,0.173,0.217,0.142,0.092,0.094,0.175,0.288,0.192,0.106,0.163,0.191,0.158,0.175,0.159,0.131,0.204,0.173,0.247,0.194,0.146,0.189,0.123,0.146,0.143,0.126,0.251,0.214,0.225,0.204,0.181,0.072,0.187,0.154,0.2,0.134,0.133,0.232,0.169,0.167,0.08,0.162,0.158,0.142,0.073,0.179,0.211,0.129,0.102,0.182,0.11,0.188,0.217,0.155,0.193,0.13,0.163,0.093,0.158,0.164,0.16,0.21,0.168,0.222,0.154,0.162,0.178,0.203,0.232,0.199,0.107,0.189,0.176,0.185,0.14,0.192,0.134,0.205,0.175,0.232,0.11,0.153,0.204,0.202,0.177,0.21,0.165,0.116,0.218,0.147,0.131,0.137,0.183,0.153,0.124,0.213,0.114,0.145,
0.0,0.061,0.224,0.157,0.154,0.255,0.13,0.164,0.151,0.191,0.179,0.144,0.128,0.235,0.233,0.221,0.161,0.189,0.155,0.106,0.239,0.263,0.173,0.118,0.237,0.172,0.137,0.198,0.193,0.203,0.246,0.204,0.189,0.176,0.219,0.173,0.175,0.25,0.157,0.142,0.155,0.185,0.175,0.181,0.211,0.234,0.136,0.163,0.124,0.128,0.185,0.144,0.184,0.18,0.239,0.167,0.232,0.253,0.198,0.156,0.157,0.184,0.228,0.141,0.178,0.184,0.187,0.155,0.179,0.219,0.183,0.047,0.204,0.161,0.234,0.203,0.205,0.187,0.241,0.172,0.122,0.203,0.181,0.181,0.232,0.198,0.224,0.195,0.152,0.197,0.234,0.168,0.217,0.241,0.191,0.239,0.214,0.151,0.217,0.161,
0.0,0.151,0.138,0.17,0.183,0.096,0.231,0.16,0.109,0.234,0.062,0.189,0.179,0.162,0.161,0.158,0.129,0.129,0.183,0.128,0.162,0.182,0.197,0.224,0.177,0.168,0.083,0.132,0.161,0.167,0.169,0.152,0.121,0.264,0.181,0.209,0.128,0.077,0.174,0.137,0.113,0.181,0.249,0.22,0.109,0.139,0.183,0.207,0.113,0.145,0.19,0.223,0.151,0.048,0.147,0.186,0.158,0.122,0.184,0.09,0.172,0.148,0.215,0.136,0.084,0.15,0.146,0.079,0.139,0.163,0.178,0.152,0.206,0.119,0.19,0.119,0.172,0.157,0.097,0.131,0.178,0.077,0.138,0.153,0.232,0.157,0.171,0.236,0.183,0.104,0.157,0.131,0.156,0.134,0.074,0.183,0.136,0.115,0.071,0.123,
0.0,0.191,0.24,0.254,0.265,0.164,0.177,0.165,-0.014,0.051,-0.043,0.208,0.213,0.193,0.21,0.183,0.105,0.164,0.19,0.19,0.204,0.207,0.159,0.174,0.189,0.211,0.222,0.183,0.185,0.137,0.193,0.159,0.179,0.201,0.197,0.199,0.205,0.174,0.213,0.164,0.185,0.241,0.15,0.164,0.189,0.132,0.185,0.213,0.242,0.144,0.155,0.248,0.187,0.16,0.136,0.188,0.208,0.206,0.103,0.089,0.086,0.217,0.2,0.149,0.192,0.16,0.214,0.167,0.153,0.149,0.212,0.182,0.153,0.158,0.186,0.096,0.227,0.238,0.123,0.147,0.251,0.22,0.2,0.14,0.156,0.251,0.147,0.188,0.233,0.162,0.147,0.264,0.194,0.212,0.2,0.164,0.19,0.186,0.149,0.214,
0.0,0.111,0.244,0.231,0.102,0.134,0.13,0.144,0.127,0.141,0.183,0.248,0.154,0.096,0.042,0.202,0.077,0.212,0.187,0.192,0.189,0.19,0.163,0.129,0.185,0.203,0.08,0.021,0.162,0.088,0.142,0.175,0.19,0.101,0.081,0.199,0.106,0.079,0.219,0.206,0.151,0.116,0.152,0.198,0.103,0.205,0.156,0.142,0.167,0.161,0.17,0.147,0.165,0.081,0.05,0.111,0.201,0.2,0.167,0.185,0.128,0.078,0.212,0.184,0.077,0.188,0.185,0.198,0.164,0.206,0.175,0.141,0.168,0.101,0.23,0.103,0.096,0.204,0.19,0.076,0.095,0.187,0.115,0.119,0.197,0.15,0.127,0.179,0.141,0.102,0.175,0.171,0.225,0.129,0.216,0.133,0.134,0.206,0.118,0.192,
0.0,0.194,0.177,0.241,0.163,0.179,0.18,0.17,0.028,0.131,0.136,0.146,0.141,0.192,0.164,0.181,0.147,0.106,0.211,0.223,0.195,0.201,0.173,0.193,0.228,0.163,0.147,0.183,0.207,0.166,0.198,0.223,0.116,0.179,0.065,0.206,0.183,0.187,0.25,0.225,0.142,0.239,0.205,0.211,0.175,0.174,0.178,0.179,0.144,0.13,0.229,0.154,0.203,0.164,0.185,0.193,0.218,0.199,0.153,0.181,0.211,0.228,0.198,0.205,0.187,0.225,0.175,0.111,0.175,0.16,0.198,0.241,0.125,0.198,0.173,0.243,0.159,0.222,0.149,0.181,0.113,0.168,0.166,0.227,0.163,0.2,0.171,0.272,0.171,0.168,0.144,0.213,0.194,0.189,0.171,0.2,0.187,0.195,0.149,0.189,
0.0,0.259,0.324,0.29,0.212,0.141,0.148,0.296,0.141,0.186,0.122,0.233,0.157,0.141,0.175,0.235,0.28,0.153,0.227,0.168,0.137,0.125,0.227,0.192,0.148,0.256,0.105,0.134,0.168,0.274,0.181,0.194,0.155,0.194,0.12,0.235,0.141,0.204,0.188,0.255,0.233,0.095,0.141,0.31,0.19,0.208,0.196,0.168,0.179,0.204,0.162,0.255,0.225,0.166,0.179,0.194,0.183,0.194,0.305,0.129,0.146,0.144,0.235,0.218,0.151,0.255,0.251,0.148,0.129,0.231,0.275,0.144,0.173,0.198,0.105,0.177,0.168,0.1,0.177,0.144,0.298,0.122,0.222,0.214,0.179,0.198,0.231,0.179,0.173,0.183,0.122,0.117,0.32,0.24,0.22,0.206,0.202,0.222,0.129,0.265,
0.0,0.167,0.289,0.257,0.264,0.161,0.154,0.195,0.241,0.199,0.245,0.232,0.197,0.23,0.193,0.185,0.185,0.201,0.215,0.243,0.145,0.201,0.207,0.25,0.172,0.143,0.163,0.195,0.145,0.284,0.219,0.117,0.207,0.221,0.217,0.236,0.221,0.104,0.183,0.187,0.246,0.178,0.284,0.067,0.201,0.246,0.203,0.222,0.15,0.279,0.205,0.217,0.197,0.178,0.143,0.176,0.189,0.237,0.159,0.109,0.272,0.163,0.245,0.209,0.193,0.152,0.109,0.237,0.099,0.18,0.224,0.191,0.129,0.234,0.159,0.215,0.234,0.209,0.201,0.222,0.154,0.15,0.237,0.104,0.259,0.271,0.215,0.236,0.178,0.17,0.193,0.201,0.213,0.224,0.195,0.228,0.234,0.213,0.262,0.112,
0.0,0.232,0.246,0.214,0.201,0.234,0.168,0.173,0.153,0.139,0.207,0.173,0.201,0.234,0.175,0.166,0.198,0.16,0.157,0.128,0.203,0.146,0.2,0.142,0.16,0.215,0.269,0.116,0.195,0.203,0.177,0.162,0.166,0.221,0.183,0.225,0.157,0.113,0.26,0.201,0.211,0.179,0.175,0.185,0.181,0.155,0.2,0.257,0.157,0.175,0.215,0.193,0.16,0.175,0.187,0.209,0.205,0.201,0.193,0.185,0.153,0.173,0.241,0.111,0.162,0.207,0.157,0.234,0.228,0.183,0.211,0.168,0.153,0.215,0.164,0.246,0.189,0.168,0.238,0.243,0.164,0.125,0.166,0.205,0.149,0.146,0.168,0.123,0.219,0.252,0.149,0.211,0.215,0.166,0.162,0.227,0.185,0.238,0.153,0.179,
0.0,0.136,0.225,0.196,0.082,0.117,0.169,0.176,0.232,0.187,0.162,0.105,0.188,0.114,0.143,0.216,0.192,0.161,0.19,0.055,0.116,0.214,0.097,0.195,0.176,0.174,0.122,0.081,0.213,0.2,0.207,0.203,0.17,0.114,0.218,0.07,0.204,0.138,0.136,0.155,0.075,0.121,0.21,0.12,0.126,0.107,0.195,0.145,0.131,0.163,0.146,0.106,0.24,0.153,0.166,0.094,0.109,0.161,0.16,0.188,0.168,0.178,0.109,0.157,0.171,0.071,0.182,0.193,0.091,0.108,0.248,0.097,0.159,0.149,0.103,0.119,0.168,0.2,0.153,0.199,0.207,0.19,0.178,0.152,0.165,0.179,0.07,0.152,0.258,0.103,0.2,0.178,0.17,0.183,0.176,0.165,0.14,0.182,0.17,0.198,
0.0,0.232,0.199,0.215,0.192,0.225,0.293,0.239,0.148,0.127,0.282,0.134,0.139,0.168,0.151,0.288,0.144,0.102,0.208,0.194,0.175,0.277,0.227,0.214,0.097,0.139,0.227,0.227,0.204,0.24,0.224,0.21,0.204,0.132,0.229,0.19,0.132,0.084,0.12,0.179,0.222,0.141,0.141,0.194,0.22,0.258,0.157,0.112,0.16,0.179,0.196,0.222,0.166,0.256,0.231,0.164,0.097,0.168,0.115,0.153,0.105,0.175,0.229,0.155,0.173,0.084,0.237,0.202,0.246,0.181,0.141,0.177,0.246,0.194,0.258,0.148,0.155,0.287,0.146,0.202,0.225,0.253,0.216,0.171,0.151,0.168,0.235,0.202,0.21,0.256,0.194,0.188,0.192,0.107,0.11,0.249,0.177,0.253,0.202,0.071,
0.0,0.207,0.199,0.168,0.127,0.233,0.189,0.137,0.173,0.201,0.136,0.176,0.107,0.271,0.178,0.12,0.2,0.146,0.116,0.172,0.169,0.162,0.182,0.218,0.226,0.09,0.22,0.176,0.22,0.248,0.176,0.161,0.16,0.206,0.203,0.158,0.204,0.15,0.199,0.191,0.195,0.185,0.21,0.173,0.158,0.215,0.236,0.182,0.178,0.025,0.191,0.193,0.113,0.126,0.216,0.24,0.124,0.19,0.151,0.154,0.224,0.173,0.204,0.154,0.134,0.183,0.082,0.115,0.12,0.244,0.177,0.124,0.204,0.224,0.233,0.151,0.163,0.178,0.161,0.15,0.181,0.215,0.168,0.178,0.2,0.157,0.203,0.156,0.172,0.227,0.122,0.17,0.175,0.207,0.233,0.08,0.244,0.189,0.123,0.148,
0.0,0.241,0.222,0.171,0.19,0.253,0.199,0.275,0.161,0.181,0.208,0.137,0.169,0.135,0.139,0.192,0.173,0.162,0.227,0.106,0.171,0.175,0.247,0.229,0.204,0.184,0.212,0.218,0.208,0.13,0.202,0.212,0.146,0.179,0.188,0.155,0.111,0.268,0.225,0.196,0.169,0.11,0.223,0.127,0.245,0.129,0.176,0.111,0.157,0.151,0.206,0.147,0.206,0.256,0.202,0.097,0.224,0.167,0.074,0.227,0.239,0.189,0.142,0.257,0.233,0.163,0.182,0.167,0.133,0.132,0.133,0.247,0.166,0.142,0.15,0.217,0.234,0.106,0.2,0.17,0.254,0.139,0.236,0.181,0.14,0.206,0.221,0.169,0.269,0.204,0.175,0.149,0.21,0.141,0.156,0.216,0.179,0.253,0.225,0.179,
0.0,0.065,0.211,0.206,0.203,0.16,0.201,0.172,0.183,0.22,0.201,0.179,0.135,0.192,0.152,0.18,0.109,0.064,0.184,0.148,0.199,0.198,0.177,0.205,0.191,0.162,0.098,0.181,0.103,0.2,0.149,0.232,0.193,0.219,0.181,0.144,0.198,0.15,0.217,0.166,0.159,0.193,0.19,0.168,0.185,0.213,0.192,0.149,0.157,0.191,0.132,0.149,0.209,0.177,0.209,0.181,0.185,0.164,0.205,0.168,0.137,0.199,0.213,0.201,0.18,0.157,0.157,0.251,0.196,0.117,0.123,0.202,0.048,0.117,0.15,0.18,0.203,0.144,0.177,0.185,0.168,0.226,0.177,0.113,0.213,0.158,0.238,0.219,0.181,0.106,0.177,0.091,0.182,0.183,0.085,0.141,0.196,0.085,0.176,0.211,
0.0,0.17,0.19,0.146,0.118,0.199,0.181,0.122,0.182,0.177,0.168,0.162,0.148,0.222,0.16,0.146,0.212,0.09,0.147,0.165,0.153,0.222,0.159,0.163,0.186,0.183,0.14,0.132,0.126,0.058,0.193,0.172,0.017,0.204,0.199,0.099,0.115,0.165,0.182,0.047,0.167,0.135,0.078,0.17,0.171,0.216,0.194,0.193,0.093,0.207,0.15,0.106,0.145,0.134,0.194,0.166,0.15,0.19,0.199,0.132,0.168,0.127,0.186,0.168,0.087,0.193,0.1,0.1,0.199,0.056,0.091,0.155,0.193,0.183,0.158,0.183,0.192,0.153,0.223,0.058,0.2,0.118,0.213,0.19,0.15,0.133,0.151,0.043,0.235,0.164,0.215,0.155,0.17,0.234,0.202,0.056,0.13,0.179,0.23,0.095,
0.0,0.236,0.193,0.2,0.128,0.112,0.186,0.202,0.036,0.153,0.172,0.17,0.217,0.145,0.135,0.054,0.132,0.112,0.225,0.213,0.12,0.162,0.128,0.244,0.202,0.092,0.14,0.174,0.213,0.11,0.152,0.165,0.163,0.141,0.235,0.192,0.154,0.186,0.201,0.144,0.115,0.075,0.231,0.087,0.193,0.197,0.18,0.137,0.151,0.102,0.171,0.17,0.197,0.174,0.132,0.217,0.149,0.17,0.103,0.181,0.148,0.195,0.158,0.077,0.208,0.134,0.152,0.176,0.215,0.178,0.182,0.212,0.063,0.111,0.176,0.098,0.169,0.111,0.178,0.15,0.143,0.175,0.079,0.195,0.197,0.138,0.189,0.165,0.16,0.173,0.102,0.171,0.129,0.163,0.174,0.135,0.188,0.165,0.172,0.167,
0.0,0.201,0.307,0.242,0.277,0.194,0.227,0.256,0.117,0.212,0.132,0.202,0.216,0.104,0.081,0.107,0.201,0.157,0.149,0.209,0.226,0.121,0.225,0.127,0.22,0.101,0.144,0.169,0.193,0.128,0.238,0.233,0.231,0.207,0.177,0.185,0.206,0.218,0.156,0.133,0.194,0.207,0.142,0.072,0.171,0.246,0.171,0.154,0.172,0.186,0.124,0.165,0.191,0.16,0.2,0.162,0.223,0.184,0.182,0.187,0.192,0.203,0.052,0.171,0.19,0.231,0.146,0.176,0.144,0.246,0.201,0.168,0.144,0.2,0.179,0.179,0.178,0.207,0.171,0.116,0.207,0.245,0.164,0.151,0.166,0.16,0.225,0.123,0.225,0.189,0.132,0.211,0.245,0.142,0.139,0.219,0.207,0.181,0.119,0.235,
0.0,0.162,0.186,0.203,0.129,0.194,-0.027,0.164,0.223,0.147,0.168,0.055,0.144,0.1,0.226,0.165,0.152,0.127,0.139,0.146,0.143,0.148,0.127,0.225,0.127,0.118,0.119,0.1,0.148,0.174,0.14,0.14,0.169,0.188,0.251,0.147,0.148,0.086,0.081,0.127,0.184,0.053,0.17,0.107,0.132,0.138,0.175,0.202,0.196,0.057,0.153,0.122,0.202,0.148,0.21,0.138,0.149,0.113,0.139,0.202,0.089,0.14,0.147,0.141,0.098,0.169,0.213,0.144,0.204,0.113,0.099,0.16,0.124,0.131,0.226,0.16,0.197,0.168,0.185,0.2,0.153,0.154,0.067,0.117,0.159,0.176,0.103,0.046,0.102,0.128,0.18,0.137,0.063,0.163,0.183,0.218,0.153,0.157,0.068,0.147,
0.0,-0.016,0.247,0.189,0.151,0.151,0.204,0.182,0.208,0.247,0.159,0.146,0.123,0.126,0.112,0.189,0.184,0.071,0.224,0.13,0.185,0.214,0.092,0.144,0.16,0.176,0.146,0.137,0.135,0.137,0.114,0.221,0.141,0.193,0.21,0.179,0.149,0.099,0.238,0.116,0.134,0.113,0.2,0.092,0.153,0.083,0.217,0.223,0.056,0.12,0.081,0.18,0.197,0.184,0.129,0.165,0.222,0.193,0.132,0.073,0.185,0.187,0.051,0.16,0.076,0.206,0.081,0.179,0.118,0.184,0.025,0.224,0.126,0.106,0.153,0.165,0.169,0.131,0.184,0.076,0.065,0.182,0.116,0.214,0.247,0.148,0.163,0.117,0.1,0.147,0.09,0.204,0.152,0.127,0.152,0.077,0.102,0.183,0.171,0.194,
0.0,0.131,0.097,0.127,0.175,0.182,0.121,0.117,0.204,0.121,0.168,0.167,0.161,0.107,0.126,0.102,0.136,0.119,0.165,0.195,0.082,0.145,0.148,0.149,0.153,0.166,0.156,0.125,0.19,0.167,0.09,0.061,0.195,0.148,0.154,0.103,0.079,0.08,0.1,0.179,0.118,0.08,0.167,0.158,0.126,0.186,0.1,0.171,0.128,0.09,0.151,0.09,0.118,0.056,0.094,0.118,-0.019,0.154,0.084,0.166,0.141,0.118,0.135,0.038,0.049,0.087,0.168,0.175,0.216,0.042,0.066,0.089,0.152,0.164,0.135,0.094,0.119,0.103,0.097,0.159,0.049,0.173,0.107,0.094,0.168,0.109,0.124,0.105,0.148,0.131,0.095,0.113,0.151,0.158,0.142,0.14,0.064,0.059,0.178,0.106,
0.0,0.163,0.171,0.212,0.151,0.139,0.102,0.193,0.171,0.179,0.127,0.162,0.151,0.172,0.118,0.147,0.195,0.226,0.176,0.164,0.152,0.216,0.134,0.127,0.21,0.199,0.125,0.139,0.241,0.16,0.112,0.124,0.138,0.198,0.208,0.117,0.145,0.214,0.152,0.207,0.237,0.173,0.18,0.176,0.197,0.187,0.189,0.2,0.166,0.124,0.156,0.12,0.182,0.177,0.149,0.126,0.21,0.079,0.167,0.177,0.128,0.13,0.139,0.175,0.138,0.15,0.188,0.149,0.167,0.161,0.169,0.205,0.166,0.16,0.162,0.087,0.114,0.221,0.115,0.167,0.135,0.155,0.145,0.134,0.125,0.169,0.117,0.199,0.2,0.158,0.127,0.125,0.195,0.053,0.13,0.165,0.134,0.181,-0.003,0.097,
0.0,0.149,-0.031,-0.011,0.246,0.149,0.154,0.238,0.201,0.216,0.121,0.054,0.14,0.151,0.259,0.17,0.193,0.014,0.137,0.26,0.142,0.147,0.2,0.127,0.215,0.16,0.229,0.174,0.15,0.1,0.2,0.178,0.058,0.253,0.17,0.181,0.091,0.202,0.171,0.136,0.212,0.15,0.177,0.217,0.144,0.201,0.204,0.229,0.156,0.017,0.151,0.156,0.152,0.214,0.149,0.125,0.158,0.232,0.203,0.192,0.154,0.152,0.162,0.22,0.205,0.1,0.112,0.154,0.262,0.127,0.052,0.147,0.151,0.222,0.111,0.221,0.174,0.12,0.128,0.15,0.179,0.149,0.176,0.118,0.217,0.129,0.263,0.223,0.131,0.171,0.222,0.11,0.118,0.185,0.214,0.195,0.22,0.149,0.227,0.014,
0.0,0.247,0.193,0.21,0.146,0.156,0.251,0.229,0.128,0.139,0.127,0.242,0.144,0.188,0.151,0.272,0.218,0.076,0.126,0.114,0.154,0.2,0.19,0.196,0.143,0.052,0.068,0.206,0.237,0.225,0.105,0.263,0.079,0.124,0.15,0.192,0.181,0.077,0.251,0.237,0.153,0.128,0.142,0.147,0.166,0.218,0.206,0.155,0.076,0.202,0.153,0.107,0.21,0.271,0.208,0.122,0.164,0.097,0.136,0.084,0.246,0.119,0.234,0.147,0.115,0.218,0.177,0.13,0.185,0.2,0.285,0.155,0.097,0.1,0.164,0.302,0.096,0.08,0.234,0.225,0.218,0.2,0.24,0.14,0.107,0.162,0.317,0.106,0.157,0.144,0.22,0.11,0.296,0.279,0.194,0.183,0.083,0.095,0.202,0.283,
0.0,0.219,0.264,0.138,0.18,0.15,0.19,0.217,0.153,0.2,0.185,0.163,0.17,0.179,0.188,0.158,0.187,0.129,0.204,0.089,0.208,0.173,0.108,0.1,0.177,0.185,0.19,0.206,0.16,0.166,0.182,0.206,0.241,0.079,0.1,0.148,0.164,0.177,0.135,0.213,0.157,0.116,0.052,0.136,0.204,0.153,0.206,0.232,0.212,0.136,0.171,0.082,0.137,0.178,0.231,0.179,0.182,0.174,0.155,0.147,0.189,0.162,0.275,0.14,0.171,0.159,0.185,0.024,0.109,0.172,0.207,0.168,0.195,0.195,0.018,0.134,0.2,0.147,0.183,0.212,0.192,0.107,0.206,0.168,0.115,0.206,0.173,0.186,0.096,0.141,0.152,0.046,0.164,0.167,0.138,0.212,0.175,0.13,0.151,0.208,
0.0,0.194,0.194,0.117,0.071,0.16,0.178,0.137,0.179,0.086,0.137,0.194,0.103,0.045,0.115,0.089,0.191,0.194,0.145,0.173,0.05,0.142,0.156,0.169,0.16,0.103,0.098,0.186,0.188,0.115,0.172,0.15,0.151,0.094,0.063,0.154,0.149,0.242,0.173,0.11,0.199,0.19,0.103,0.176,0.069,0.089,0.137,0.202,0.158,0.17,0.064,0.123,0.16,0.15,0.075,0.109,0.151,0.136,0.115,0.219,0.138,0.218,0.179,0.17,0.18,0.19,0.182,0.077,0.161,0.153,0.091,0.107,0.098,0.155,0.182,0.194,0.213,0.162,0.141,0.215,0.154,0.172,0.146,0.098,0.232,0.178,0.106,0.181,0.145,0.227,0.144,0.073,0.197,0.193,0.151,0.226,0.185,0.168,0.072,0.079,
0.0,0.191,0.248,0.249,0.146,0.098,0.111,0.135,0.142,0.145,0.149,0.118,0.135,0.215,0.207,0.2,0.114,0.146,0.211,0.175,0.097,0.201,0.136,0.17,0.171,0.173,0.086,0.222,0.189,0.18,0.182,0.183,0.14,0.11,0.21,0.202,0.2,0.214,0.159,0.14,0.181,0.174,0.125,0.146,0.198,0.124,0.166,0.144,0.232,0.174,0.074,0.152,0.172,0.207,0.156,0.181,0.176,0.17,0.138,0.14,0.225,0.241,0.135,0.155,0.19,0.18,0.132,0.084,0.205,0.16,0.175,0.214,0.175,0.209,0.165,0.147,0.118,0.229,0.109,0.189,0.138,0.214,0.118,0.173,0.135,0.165,0.218,0.209,0.106,0.13,0.175,0.153,0.209,0.182,0.196,0.158,0.17,0.11,0.225,0.146,
0.0,0.104,0.142,0.179,0.204,0.169,0.156,0.166,0.161,0.19,0.1,0.132,0.15,0.186,0.14,0.143,0.176,0.214,0.123,0.113,0.1,0.159,0.153,0.203,0.175,0.154,0.187,0.125,0.161,0.189,-0.034,0.085,0.24,0.173,0.151,0.084,0.198,0.187,0.238,0.147,0.191,0.179,0.176,0.153,0.17,0.149,0.12,0.149,0.158,0.105,0.22,0.156,0.144,0.106,0.162,0.069,0.137,0.078,0.211,0.175,0.14,0.098,0.108,0.12,0.114,0.122,0.272,0.125,0.12,0.139,0.097,0.074,0.166,0.084,0.185,0.151,0.132,0.123,0.145,0.149,0.151,0.245,0.111,0.123,0.105,0.179,0.137,0.13,0.187,0.148,0.033,0.139,0.154,0.158,0.233,0.063,0.113,0.156,0.221,0.129,
0.0,0.245,0.167,0.226,0.175,0.212,0.168,0.205,0.186,0.168,0.097,0.196,0.201,0.207,0.14,0.231,0.177,0.178,0.209,0.165,0.181,0.21,0.195,0.138,0.075,0.216,0.194,0.176,0.129,0.159,0.202,0.175,0.158,0.18,0.2,0.234,0.184,0.152,0.154,0.102,0.142,0.22,0.179,0.176,0.202,0.197,0.167,0.185,0.205,0.195,0.219,0.193,0.071,0.186,0.097,0.191,0.16,0.155,0.266,0.152,0.116,0.116,0.197,0.213,0.198,0.165,0.199,0.227,0.175,0.171,0.115,0.105,0.209,0.223,0.186,0.232,0.11,0.125,0.16,0.192,0.115,0.093,0.219,0.181,0.181,0.14,0.157,0.151,0.102,0.173,0.181,0.155,0.132,0.171,0.151,0.163,0.176,0.141,0.161,0.134,
0.0,0.189,0.184,0.176,0.237,0.225,0.118,0.217,0.151,0.158,0.166,0.166,0.102,0.167,0.168,0.149,0.117,0.162,0.187,0.151,0.205,0.096,0.158,0.121,0.166,0.16,0.222,0.216,0.159,0.197,0.143,0.171,0.154,0.118,0.084,0.2,0.114,0.183,0.188,0.178,0.222,0.169,0.111,0.156,0.105,0.195,0.16,0.175,0.126,0.164,0.132,0.187,0.182,0.22,0.127,0.168,0.132,0.119,0.166,0.191,0.12,0.153,0.178,0.146,0.204,0.129,0.17,0.122,0.18,0.187,0.122,0.21,0.209,0.162,0.169,0.121,0.162,0.222,0.14,0.172,0.177,0.174,0.132,0.227,0.166,0.143,0.168,0.2,0.181,0.14,0.192,0.172,0.189,0.179,0.156,0.106,0.158,0.189,0.144,0.169,
0.0,0.315,0.317,0.224,0.178,0.234,0.194,0.214,0.196,0.146,0.155,0.186,0.239,0.149,0.173,0.235,0.144,0.209,0.188,0.241,0.198,0.139,0.216,0.246,0.105,0.218,0.23,0.237,0.23,0.103,0.178,0.139,0.216,0.218,0.232,0.142,0.171,0.222,0.149,0.297,0.23,0.149,0.203,0.218,0.103,0.241,0.149,0.257,0.169,0.182,0.184,0.192,0.135,0.196,0.127,0.262,0.11,0.196,0.173,0.079,0.188,0.118,0.235,0.214,0.214,0.149,0.082,0.196,0.186,0.201,0.13,0.224,0.226,0.235,0.203,0.209,0.205,0.123,0.226,0.12,0.125,0.211,0.132,0.222,0.153,0.095,0.171,0.071,0.167,0.186,0.207,0.16,0.19,0.203,0.175,0.132,0.234,0.153,0.082,0.222,
0.0,0.19,0.246,0.176,0.198,0.179,0.224,0.227,0.162,0.188,0.134,0.202,0.17,0.194,0.229,0.15,0.179,0.162,0.156,0.089,0.168,0.209,0.17,0.111,0.221,0.187,0.201,0.16,0.206,0.18,0.173,0.147,0.233,0.191,0.221,0.21,0.196,0.169,0.162,0.204,0.2,0.236,0.164,0.092,0.223,0.154,0.175,0.188,0.208,0.185,0.246,0.22,0.221,0.182,0.147,0.193,0.121,0.198,0.164,0.198,0.171,0.155,0.173,0.184,0.202,0.121,0.207,0.225,0.194,0.143,0.19,0.153,0.198,0.166,0.211,0.169,0.119,0.191,0.19,0.239,0.142,0.179,0.178,0.21,0.2,0.144,0.199,0.212,0.144,0.171,0.177,0.188,0.152,0.169,0.186,0.155,0.229,0.206,0.216,0.177,
0.0,0.157,0.215,0.239,0.197,0.085,0.191,0.077,0.225,0.143,0.103,0.191,0.185,0.175,0.068,0.105,0.216,0.171,0.131,0.13,0.177,0.139,0.2,0.172,0.22,0.106,0.102,0.165,0.173,0.146,0.192,0.187,0.126,0.139,0.168,0.142,0.189,0.194,0.154,0.109,0.172,0.203,0.133,0.12,0.182,0.183,0.158,0.151,0.184,0.122,0.163,0.147,0.186,0.215,0.194,0.169,0.216,0.171,0.229,0.184,0.222,0.185,0.147,0.126,0.146,0.121,0.184,0.205,0.156,0.168,0.221,0.212,0.204,0.122,0.184,0.241,0.196,0.104,0.2,0.142,0.195,0.15,0.179,0.237,0.181,0.133,0.214,0.181,0.141,0.169,0.121,0.157,0.136,0.169,0.225,0.125,0.2,0.127,0.14,0.171,
0.0,0.132,0.101,0.067,-0.01,0.038,-0.005,0.233,0.16,0.146,-0.068,0.129,0.076,0.11,0.249,0.067,0.17,0.165,0.045,0.071,0.105,0.186,-0.065,0.065,0.14,0.154,0.173,0.163,0.124,-0.033,0.169,0.134,0.098,0.157,0.114,0.135,-0.008,-0.011,0.003,0.026,0.121,0.115,0.123,0.066,0.086,0.102,0.134,0.099,0.147,0.083,0.058,0.133,0.081,0.047,-0.021,0.122,0.06,0.12,0.076,0.055,0.098,0.162,0.13,0.156,0.134,0.073,0.129,0.118,0.085,0.034,0.074,0.062,0.076,0.046,0.135,0.108,0.074,0.108,0.061,0.031,0.112,0.156,0.056,0.054,0.106,0.119,0.071,0.133,0.071,0.133,0.061,0.119,0.089,0.015,0.135,0.078,-0.013,0.148,0.091,0.063,
0.0,0.158,0.215,0.124,-0.034,0.215,0.231,0.176,0.196,0.218,0.141,0.202,0.206,0.119,0.178,0.206,0.165,0.125,0.245,0.152,0.003,0.221,0.233,0.157,0.166,0.222,0.204,0.187,0.145,0.277,0.15,0.099,0.251,0.128,0.181,0.236,0.179,0.144,0.225,0.142,0.179,0.209,0.13,0.141,0.201,0.169,0.159,0.156,0.054,0.221,0.213,0.17,0.174,0.178,0.198,0.158,0.222,0.149,0.213,0.123,0.168,0.172,0.155,0.169,0.207,0.144,0.274,0.14,0.103,0.168,0.241,0.189,0.211,0.249,0.105,0.168,0.18,0.161,0.066,0.2,0.149,0.164,0.242,0.206,0.186,0.069,0.177,0.181,0.178,0.222,0.125,0.191,0.221,0.134,0.199,0.195,0.168,0.216,0.174,0.138,
0.0,0.219,0.17,0.249,0.166,0.201,0.16,0.19,0.194,0.108,0.204,0.144,0.198,0.168,0.244,0.184,0.19,0.182,0.183,0.223,0.195,0.158,0.178,0.161,0.189,0.215,0.196,0.176,0.142,0.2,0.19,0.216,0.201,0.199,0.155,0.178,0.127,0.183,0.173,0.154,0.198,0.2,0.156,0.202,0.136,0.221,0.209,0.181,0.223,0.176,0.183,0.154,0.176,0.201,0.137,0.165,0.196,0.134,0.201,0.197,0.235,0.217,0.086,0.2,0.112,0.222,0.138,0.15,0.206,0.226,0.133,0.212,0.136,0.195,0.193,0.147,0.154,0.224,0.186,0.176,0.173,0.171,0.209,0.177,0.199,0.166,0.212,0.219,0.188,0.172,0.195,0.193,0.137,0.113,0.178,0.212,0.204,0.168,0.214,0.17,
0.0,0.213,0.276,0.279,0.246,0.237,0.182,0.185,0.078,0.13,0.163,0.193,0.25,0.166,0.164,0.15,0.209,0.129,0.184,0.073,0.246,0.255,0.178,0.165,0.08,0.183,0.109,0.252,0.209,0.129,0.114,0.166,0.181,0.246,0.136,0.168,0.181,0.154,0.154,0.247,0.206,0.168,0.217,0.191,0.237,0.05,0.197,0.207,0.164,0.134,0.194,0.201,0.165,0.095,0.181,0.207,0.088,0.189,0.163,0.221,0.116,0.212,0.161,0.145,0.178,0.156,0.145,0.219,0.185,0.107,0.168,0.235,0.153,0.152,0.222,0.189,0.163,0.161,0.165,0.235,0.144,0.184,0.123,0.173,0.226,0.237,0.079,0.171,0.245,0.224,0.15,0.109,0.23,0.19,0.127,0.095,0.144,0.217,0.125,0.153,
0.0,0.117,0.214,0.161,0.135,0.148,0.189,0.143,0.065,0.071,0.178,0.148,0.239,0.085,0.049,0.163,0.151,0.052,0.151,0.083,0.171,0.019,0.075,0.157,0.135,0.13,0.166,0.161,0.103,0.127,0.144,0.005,0.123,0.074,0.145,0.23,0.146,0.013,0.14,0.14,0.168,0.128,0.083,0.155,0.126,0.132,0.067,0.102,0.176,0.094,0.159,0.126,0.134,0.141,0.207,0.092,0.088,0.09,0.167,0.128,0.104,0.164,0.163,0.163,0.193,0.139,0.195,0.101,0.12,0.162,0.184,0.141,0.141,0.135,0.175,0.075,0.078,0.239,0.187,0.062,0.081,-0.028,0.138,0.148,0.073,0.099,0.145,0.099,0.198,0.159,0.098,0.201,0.128,0.151,0.132,0.066,0.136,0.028,0.133,0.065,
0.0,0.249,0.224,0.266,0.154,0.184,0.161,0.242,0.214,0.285,0.206,0.171,0.216,0.18,0.149,0.163,0.218,0.154,0.222,0.233,0.222,0.161,0.154,0.101,0.206,0.198,0.22,0.119,0.242,0.169,0.231,0.206,0.176,0.196,0.188,0.192,0.218,0.196,0.174,0.212,0.133,0.224,0.218,0.121,0.251,0.212,0.161,0.201,0.152,0.161,0.194,0.167,0.231,0.192,0.186,0.133,0.21,0.21,0.186,0.198,0.18,0.182,0.176,0.222,0.128,0.18,0.171,0.128,0.272,0.114,0.131,0.206,0.163,0.174,0.171,0.239,0.18,0.165,0.167,0.208,0.174,0.21,0.124,0.201,0.182,0.178,0.246,0.192,0.212,0.186,0.214,0.178,0.116,0.226,0.251,0.174,0.22,0.192,0.169,0.224,
0.0,0.108,0.15,0.219,0.213,0.144,0.122,0.175,0.2,0.199,0.218,0.167,0.165,0.127,0.13,0.23,0.053,0.222,0.237,0.181,0.23,0.151,0.151,0.224,0.163,0.112,0.191,0.145,0.264,0.103,0.189,0.17,0.15,0.137,0.167,0.214,0.24,0.185,0.208,0.152,0.191,0.118,0.227,0.228,0.195,0.16,0.102,0.27,0.209,0.165,0.156,0.189,0.272,0.231,0.194,0.089,0.125,0.172,0.195,0.165,0.133,0.176,0.147,0.228,0.189,0.198,0.124,0.143,0.143,0.161,0.149,0.223,0.17,0.191,0.192,0.182,0.194,0.211,0.147,0.168,0.237,0.153,0.17,0.218,0.223,0.177,0.204,0.165,0.143,0.111,0.179,0.159,0.174,0.145,0.232,0.13,0.175,0.108,0.219,0.211,
0.0,0.169,0.183,0.197,0.077,0.276,0.179,0.197,0.296,0.272,0.201,0.177,0.22,0.287,0.233,0.226,0.267,0.229,0.195,0.199,0.247,0.231,0.218,0.224,0.193,0.257,0.179,0.254,0.267,0.185,0.224,0.251,0.22,0.119,0.191,0.142,0.193,0.237,0.195,0.226,0.218,0.242,0.28,0.22,0.257,0.247,0.209,0.262,0.155,0.264,0.257,0.245,0.213,0.288,0.276,0.22,0.233,0.224,0.231,0.216,0.245,0.199,0.229,0.288,0.195,0.197,0.231,0.233,0.203,0.166,0.209,0.177,0.227,0.199,0.249,0.218,0.254,0.245,0.231,0.261,0.224,0.149,0.267,0.238,0.207,0.177,0.237,0.214,0.213,0.276,0.254,0.205,0.231,0.216,0.175,0.222,0.222,0.205,0.162,0.168,
0.0,0.193,0.193,0.172,0.2,0.199,0.229,0.235,0.276,0.177,0.232,0.203,0.226,0.026,0.135,0.224,0.173,0.209,0.231,0.205,0.093,0.229,0.229,0.096,0.09,0.108,0.199,0.275,0.256,0.173,0.203,0.181,0.259,0.273,0.242,0.207,0.207,0.237,0.278,0.073,0.166,0.27,0.177,0.217,0.056,0.161,0.2,0.247,0.246,0.179,0.221,0.241,0.188,0.314,0.23,0.211,0.239,0.091,0.139,0.145,0.199,0.207,0.163,0.248,0.188,0.209,0.259,0.209,0.064,0.204,0.149,0.18,0.166,0.177,0.147,0.252,0.227,0.217,0.199,0.24,0.229,0.167,0.257,0.145,0.156,0.294,0.205,0.23,0.249,0.207,0.066,0.217,0.241,0.158,0.218,0.216,0.065,0.246,0.213,0.203,
0.0,0.068,0.14,0.212,0.185,0.15,0.154,0.169,0.215,0.121,0.189,0.198,0.124,0.1,0.217,0.175,0.169,0.157,0.167,0.205,0.123,0.189,0.203,0.204,0.175,0.17,0.203,0.215,0.203,0.186,0.192,0.164,0.128,0.173,0.22,0.23,0.17,0.208,0.12,0.181,0.161,0.141,0.187,0.18,0.227,0.214,0.199,0.139,0.131,0.214,0.202,0.222,0.232,0.132,0.199,0.115,0.215,0.191,0.215,0.085,0.171,0.195,0.176,0.198,0.186,0.195,0.183,0.101,0.189,0.197,0.139,0.207,0.241,0.169,0.169,0.081,0.141,0.157,0.203,0.161,0.165,0.208,0.135,0.21,0.169,0.12,0.146,0.151,0.183,0.168,0.233,0.194,0.215,0.208,0.233,0.148,0.2,0.23,0.146,0.212,
0.0,0.302,0.164,0.198,0.219,0.239,0.241,0.156,0.194,0.167,0.268,0.192,0.179,0.219,0.244,0.228,0.2,0.183,0.242,0.249,0.235,0.209,0.217,0.213,0.256,0.242,0.232,0.207,0.098,0.239,0.253,0.183,0.228,0.261,0.27,0.249,0.147,0.226,0.146,0.166,0.22,0.233,0.201,0.174,0.234,0.287,0.169,0.226,0.253,0.19,0.188,0.222,0.226,0.169,0.209,0.185,0.255,0.181,0.222,0.147,0.196,0.27,0.224,0.219,0.171,0.276,0.232,0.177,0.253,0.195,0.268,0.19,0.169,0.168,0.261,0.261,0.162,0.222,0.165,0.241,0.208,0.221,0.289,0.219,0.264,0.223,0.243,0.2,0.23,0.23,0.262,0.264,0.245,0.219,0.227,0.217,0.232,0.2,0.219,0.215,
0.0,0.294,0.289,0.283,0.231,0.245,0.204,0.225,0.168,0.177,0.174,0.262,0.162,0.21,0.222,0.215,0.095,0.227,0.249,0.158,0.186,0.21,0.245,0.205,0.205,0.196,0.187,0.281,0.241,0.278,0.25,0.231,0.208,0.151,0.189,0.223,0.109,0.172,0.243,0.257,0.259,0.107,0.243,0.238,0.25,0.193,0.195,0.231,0.157,0.25,0.191,0.192,0.24,0.267,0.214,0.22,0.241,0.2,0.229,0.229,0.15,0.17,0.255,0.26,0.202,0.236,0.193,0.142,0.241,0.216,0.259,0.221,0.22,0.248,0.18,0.204,0.229,0.166,0.223,0.227,0.216,0.18,0.267,0.218,0.25,0.212,0.216,0.225,0.178,0.223,0.166,0.206,0.255,0.234,0.262,0.216,0.25,0.241,0.214,0.221,
0.0,0.098,0.18,0.107,0.153,0.156,0.236,0.135,0.233,0.129,0.133,0.163,0.19,0.112,0.176,0.167,0.216,0.145,0.172,0.194,0.153,0.161,0.12,0.119,0.211,0.192,0.217,0.133,0.163,0.145,0.125,0.108,0.146,0.188,0.155,0.058,0.095,0.218,0.062,0.179,0.209,0.14,0.114,0.173,0.158,0.19,0.16,0.16,0.16,0.176,0.208,0.156,0.111,0.214,0.189,0.234,0.231,0.102,0.064,0.2,0.154,0.067,0.126,0.149,0.124,0.22,0.202,0.052,0.16,0.204,0.211,0.132,0.119,0.16,0.221,0.168,0.137,0.23,0.168,0.199,0.263,0.043,0.184,0.228,0.127,0.15,0.143,0.112,0.215,0.113,0.152,0.194,0.16,0.192,0.133,0.137,0.133,0.13,0.19,0.132,
0.0,0.165,0.263,0.163,0.117,0.248,0.176,0.209,0.153,0.144,0.202,0.152,0.16,0.229,0.161,0.217,0.166,0.218,0.192,0.153,0.157,0.22,0.136,0.084,0.206,0.187,0.2,0.154,0.197,0.236,0.176,0.212,0.147,0.22,0.25,0.236,0.153,0.185,0.092,0.217,0.181,0.118,0.198,0.17,0.148,0.19,0.196,0.173,0.148,0.233,0.13,0.189,0.154,0.116,0.202,0.096,0.183,0.174,0.247,0.144,0.158,0.192,0.214,0.181,0.149,0.238,0.138,0.139,0.179,0.141,0.2,0.186,0.196,0.121,0.106,0.139,0.204,0.219,0.196,0.157,0.141,0.17,0.203,0.201,0.211,0.193,0.231,0.14,0.192,0.185,0.222,0.067,0.209,0.111,0.206,0.117,0.272,0.187,0.126,0.176,
0.0,0.188,0.27,0.156,0.219,0.265,0.235,0.244,0.222,0.218,0.235,0.218,0.232,0.23,0.222,0.098,0.159,0.168,0.203,0.286,0.168,0.217,0.244,0.222,0.226,0.218,0.26,0.193,0.215,0.278,0.249,0.22,0.253,0.22,0.209,0.17,0.248,0.205,0.237,0.28,0.15,0.101,0.261,0.26,0.328,0.283,0.226,0.241,0.258,0.278,0.174,0.183,0.083,0.271,0.13,0.278,0.176,0.218,0.228,0.164,0.246,0.205,0.201,0.168,0.241,0.271,0.271,0.195,0.213,0.144,0.286,0.215,0.197,0.189,0.237,0.248,0.157,0.258,0.176,0.292,0.278,0.183,0.226,0.176,0.181,0.322,0.159,0.12,0.255,0.283,0.255,0.197,0.292,0.297,0.286,0.191,0.193,0.235,0.12,0.265,
0.0,0.18,0.2,0.17,0.178,0.163,0.179,0.184,0.199,0.241,0.193,0.181,0.196,0.172,0.23,0.169,0.168,0.179,0.204,0.188,0.188,0.199,0.209,0.2,0.218,0.212,0.227,0.141,0.199,0.193,0.246,0.238,0.141,0.184,0.228,0.139,0.197,0.201,0.228,0.158,0.212,0.231,0.24,0.231,0.157,0.266,0.186,0.203,0.195,0.202,0.226,0.197,0.185,0.198,0.22,0.214,0.23,0.227,0.165,0.205,0.212,0.256,0.217,0.148,0.186,0.199,0.19,0.194,0.213,0.22,0.171,0.18,0.198,0.195,0.13,0.172,0.124,0.171,0.192,0.189,0.17,0.135,0.19,0.19,0.245,0.169,0.262,0.144,0.208,0.103,0.161,0.183,0.163,0.157,0.247,0.197,0.201,0.156,0.172,0.148,
0.0,0.156,0.168,0.249,0.193,0.237,0.194,0.211,0.192,0.208,0.159,0.143,0.144,0.196,0.148,0.086,0.139,0.161,0.147,0.154,0.218,0.201,0.159,0.093,0.155,0.235,0.164,0.129,0.193,0.23,0.177,0.181,0.211,0.092,0.165,0.223,0.252,0.234,0.127,0.052,0.219,0.144,0.178,0.163,0.153,0.142,0.117,0.214,0.203,0.14,0.199,0.199,0.132,0.107,0.206,0.197,0.175,0.114,0.197,0.194,0.211,0.23,0.238,0.164,0.112,0.152,0.166,0.167,0.13,0.123,0.183,0.192,0.162,0.108,0.152,0.186,0.226,0.146,0.189,0.139,0.205,0.139,0.234,0.195,0.161,0.229,0.197,0.195,0.191,0.221,0.171,0.168,0.203,0.182,0.166,0.197,0.089,0.139,0.2,0.131,
0.0,0.237,0.309,0.179,0.131,0.259,0.117,0.189,0.146,0.253,0.22,0.187,0.151,0.242,0.189,0.213,0.227,0.264,0.156,0.241,0.271,0.189,0.177,0.197,0.225,0.261,0.234,0.196,0.187,0.214,0.277,0.189,0.173,0.205,0.197,0.257,0.205,0.199,0.112,0.238,0.249,0.149,0.182,0.257,0.173,0.193,0.229,0.214,0.224,0.24,0.311,0.251,0.213,0.254,0.211,0.201,0.249,0.202,0.229,0.17,0.214,0.194,0.216,0.242,0.159,0.253,0.236,0.146,0.252,0.262,0.218,0.235,0.178,0.189,0.218,0.212,0.162,0.206,0.214,0.195,0.2,0.223,0.255,0.204,0.227,0.241,0.194,0.265,0.174,0.212,0.247,0.238,0.229,0.208,0.21,0.226,0.201,0.18,0.24,0.229,
0.0,0.159,0.156,0.235,0.171,0.148,0.062,0.115,0.178,0.091,0.19,0.244,0.208,0.216,0.22,0.223,0.174,0.236,0.17,0.195,0.216,0.199,0.142,0.216,0.236,0.206,0.174,0.264,0.097,0.255,0.248,0.212,0.2,0.212,0.234,0.225,0.24,0.178,0.252,0.174,0.176,0.142,0.064,0.167,0.167,0.138,0.24,0.206,0.189,0.095,0.194,0.22,0.225,0.257,0.182,0.152,0.126,0.193,0.175,0.119,0.157,0.253,0.195,0.145,0.224,0.24,0.22,0.195,0.122,0.118,0.202,0.183,0.235,0.14,0.167,0.255,0.191,0.178,0.222,0.28,0.179,0.185,0.235,0.235,0.191,0.127,0.165,0.099,0.174,0.144,0.227,0.085,0.172,0.24,0.233,0.227,0.177,0.131,0.212,0.167,
0.0,0.25,0.241,0.236,0.227,0.249,0.183,0.238,0.227,0.158,0.216,0.243,0.197,0.185,0.177,0.268,0.189,0.26,0.247,0.181,0.209,0.234,0.185,0.248,0.228,0.212,0.218,0.218,0.203,0.201,0.248,0.201,0.248,0.177,0.207,0.195,0.187,0.224,0.236,0.261,0.216,0.197,0.212,0.224,0.212,0.224,0.158,0.253,0.229,0.191,0.258,0.197,0.22,0.227,0.247,0.187,0.209,0.222,0.234,0.255,0.231,0.222,0.25,0.201,0.25,0.216,0.201,0.214,0.251,0.197,0.195,0.197,0.209,0.25,0.201,0.231,0.181,0.253,0.189,0.22,0.209,0.216,0.212,0.222,0.207,0.216,0.236,0.224,0.223,0.187,0.141,0.243,0.183,0.209,0.181,0.248,0.205,0.255,0.25,0.233,
0.0,0.27,0.237,0.262,0.238,0.233,0.195,0.222,0.191,0.197,0.227,0.229,0.242,0.257,0.238,0.242,0.226,0.179,0.24,0.187,0.269,0.144,0.193,0.138,0.284,0.213,0.24,0.195,0.226,0.225,0.229,0.177,0.153,0.257,0.22,0.231,0.252,0.191,0.233,0.252,0.227,0.17,0.269,0.227,0.249,0.22,0.254,0.229,0.183,0.197,0.218,0.199,0.216,0.22,0.177,0.254,0.262,0.199,0.227,0.214,0.164,0.271,0.216,0.185,0.149,0.183,0.288,0.224,0.195,0.249,0.197,0.218,0.251,0.158,0.197,0.24,0.147,0.166,0.257,0.254,0.128,0.199,0.237,0.144,0.274,0.205,0.249,0.245,0.22,0.181,0.207,0.183,0.279,0.252,0.207,0.227,0.259,0.183,0.199,0.203,
0.0,0.22,0.22,0.169,0.135,0.169,0.23,0.2,0.095,0.211,0.193,0.258,0.22,0.109,0.175,0.134,0.178,0.3,0.151,0.168,0.116,0.27,0.228,0.225,0.296,0.181,0.214,0.222,0.2,0.129,0.22,0.202,0.174,0.254,0.244,0.195,0.2,0.163,0.163,0.186,0.084,0.169,0.141,0.191,0.278,0.228,0.209,0.213,0.22,0.19,0.233,0.264,0.152,0.241,0.253,0.085,0.239,0.165,0.247,0.282,0.121,0.144,0.172,0.206,0.195,0.31,0.2,0.19,0.173,0.176,0.215,0.274,0.233,0.224,0.153,0.214,0.171,0.259,0.14,0.173,0.225,0.25,0.245,0.165,0.325,0.088,0.195,0.174,0.161,0.069,0.215,0.191,0.157,0.244,0.243,0.18,0.171,0.175,0.217,0.233,
0.0,0.315,0.077,0.272,0.244,0.146,0.179,0.127,0.21,0.255,0.129,0.225,0.068,0.217,0.177,0.157,0.215,0.263,0.195,0.117,0.168,0.172,0.17,0.166,0.177,0.227,0.155,0.24,0.213,0.122,0.213,0.193,0.161,0.206,0.204,0.115,0.211,0.181,0.141,0.166,0.227,0.157,0.146,0.206,0.252,0.17,0.185,0.197,0.217,0.202,0.141,0.185,0.227,0.191,0.179,0.197,0.181,0.134,0.115,0.155,0.242,0.172,0.119,0.249,0.143,0.185,0.211,0.189,0.15,0.17,0.183,0.243,0.15,0.146,0.223,0.107,0.146,0.185,0.193,0.181,0.141,0.078,0.217,0.073,0.185,0.258,0.15,0.115,0.245,0.164,0.209,0.168,0.223,0.166,0.219,0.225,0.168,0.172,0.191,0.209,
0.0,0.205,0.17,0.23,0.2,0.2,0.255,0.128,0.186,0.213,0.239,0.198,0.222,0.187,0.235,0.205,0.213,0.218,0.191,0.139,0.194,0.226,0.239,0.145,0.2,0.21,0.234,0.229,0.132,0.178,0.204,0.182,0.251,0.096,0.19,0.231,0.187,0.224,0.234,0.203,0.159,0.155,0.164,0.225,0.111,0.225,0.191,0.208,0.239,0.17,0.198,0.18,0.174,0.215,0.198,0.209,0.234,0.208,0.215,0.21,0.234,0.148,0.116,0.19,0.205,0.194,0.19,0.254,0.213,0.101,0.211,0.201,0.205,0.242,0.226,0.239,0.256,0.172,0.221,0.144,0.15,0.167,0.176,0.23,0.158,0.246,0.17,0.199,0.223,0.232,0.228,0.104,0.179,0.199,0.233,0.175,0.26,0.232,0.215,0.246,
0.0,0.243,0.265,0.236,0.161,0.187,0.168,0.201,0.191,0.107,0.209,0.168,0.174,0.152,0.176,0.145,0.183,0.276,0.193,0.112,0.226,0.191,0.241,0.129,0.228,0.228,0.226,0.203,0.245,0.119,0.228,0.209,0.131,0.124,0.178,0.168,0.219,0.195,0.23,0.209,0.163,0.102,0.213,0.159,0.183,0.18,0.163,0.152,0.248,0.189,0.189,0.119,0.124,0.141,0.199,0.143,0.239,0.23,0.246,0.165,0.147,0.203,0.178,0.243,0.185,0.213,0.161,0.197,0.161,0.161,0.138,0.176,0.129,0.271,0.172,0.114,0.187,0.237,0.243,0.143,0.203,0.219,0.168,0.222,0.112,0.201,0.245,0.228,0.248,0.081,0.147,0.107,0.081,0.254,0.215,0.187,0.222,0.211,0.176,0.178,
0.0,0.041,0.226,0.123,0.027,0.149,0.03,0.09,0.142,0.094,0.084,0.116,0.139,0.161,0.099,0.057,0.133,0.143,0.048,0.114,0.168,0.115,0.226,0.113,0.184,0.083,0.048,0.189,0.011,0.065,0.086,0.109,0.173,0.045,0.095,0.087,0.104,0.15,0.05,0.121,0.207,0.049,0.115,0.12,0.125,0.117,0.13,-0.033,0.097,0.147,0.132,0.157,0.052,0.155,0.146,0.082,0.084,0.06,0.206,0.076,0.136,-0.014,0.142,0.063,0.155,0.105,0.089,0.106,0.056,0.097,0.163,0.085,0.059,0.103,0.173,0.137,0.122,0.049,0.058,0.181,0.057,0.131,0.088,0.113,0.13,0.172,0.062,0.159,0.039,0.07,0.159,0.066,0.178,0.178,0.15,0.105,0.177,0.143,-0.031,0.06,
0.0,0.223,0.249,0.201,0.155,0.216,0.158,0.174,0.12,0.089,0.188,0.167,0.156,0.233,0.159,0.136,0.205,0.213,0.209,0.207,0.185,0.088,0.232,0.193,0.174,0.248,0.141,0.174,0.163,0.215,0.185,0.211,0.207,0.167,0.183,0.142,0.177,0.201,0.228,0.174,0.197,0.16,0.207,0.213,0.132,0.184,0.2,0.191,0.158,0.174,0.163,0.162,0.163,0.227,0.218,0.188,0.208,0.182,0.179,0.137,0.205,0.216,0.215,0.215,0.162,0.202,0.157,0.185,0.185,0.203,0.218,0.139,0.164,0.174,0.127,0.225,0.197,0.168,0.181,0.189,0.23,0.138,0.195,0.138,0.176,0.192,0.165,0.152,0.187,0.164,0.187,0.205,0.19,0.114,0.182,0.179,0.209,0.179,0.151,0.218,
0.0,0.026,0.017,0.146,0.181,0.165,0.029,0.186,0.103,0.093,0.038,0.14,0.079,0.025,0.111,0.154,0.143,0.048,0.152,0.101,0.155,0.161,0.126,0.038,0.069,0.157,0.091,0.148,0.156,0.159,0.047,0.09,0.108,0.18,0.149,0.057,0.095,0.082,0.065,0.133,0.161,0.137,0.17,0.074,0.107,0.051,0.174,0.076,0.154,0.131,0.057,0.059,0.075,0.193,0.091,0.029,0.091,0.13,0.169,0.142,0.062,0.099,0.044,0.181,0.116,0.051,0.111,0.115,0.139,0.056,0.099,0.084,0.171,0.108,0.173,0.039,0.122,0.143,0.109,0.104,0.028,0.105,0.112,0.1,0.106,0.128,0.068,0.146,0.107,0.146,0.094,0.185,0.15,-0.005,0.137,0.13,0.115,0.126,0.156,0.165,
0.0,0.174,0.173,0.194,0.176,0.169,0.117,0.169,0.141,0.151,0.162,0.126,0.165,0.117,0.1,0.159,0.178,0.138,0.078,0.188,0.133,0.175,0.158,0.175,0.136,0.2,0.061,0.175,0.202,0.104,0.161,0.153,0.14,0.089,0.155,0.133,0.186,0.152,0.169,0.176,0.15,0.157,0.136,0.109,0.174,0.048,0.125,0.15,0.075,0.181,0.211,0.139,0.197,0.091,0.103,0.143,0.132,0.122,0.155,0.153,0.164,0.129,0.2,0.071,0.152,0.18,0.162,0.158,0.118,0.143,0.097,0.162,0.149,0.149,0.102,0.152,0.167,0.173,0.122,0.148,0.121,0.192,0.112,0.15,0.165,0.159,0.127,0.111,0.164,0.123,0.078,0.163,0.16,0.157,0.147,0.14,0.224,0.115,0.103,0.211,
0.0,0.245,0.169,0.119,0.228,0.189,0.156,0.129,0.184,0.052,0.146,0.173,0.171,0.148,0.135,0.02,0.161,0.19,0.211,0.189,0.073,0.077,-0.081,0.151,0.233,0.125,0.189,0.167,0.22,0.067,0.181,0.106,0.131,0.237,0.102,0.143,0.128,0.208,0.188,0.22,0.084,0.223,0.204,-0.003,0.07,0.18,0.2,0.176,0.175,0.168,0.146,0.204,0.217,0.105,-0.051,0.185,0.255,0.149,0.026,0.199,0.244,0.149,0.076,0.227,0.054,0.13,0.169,0.172,0.188,0.211,0.119,0.188,0.103,0.164,0.093,0.117,0.165,0.148,0.204,0.029,0.145,0.118,0.19,0.227,0.171,0.239,0.187,0.133,0.184,0.206,0.152,0.181,0.102,-0.06,0.145,0.144,0.087,0.124,0.188,0.061,
0.0,0.194,0.244,0.202,0.242,0.135,0.25,0.23,0.198,0.244,0.141,0.238,0.245,0.235,0.161,0.101,0.176,0.217,0.195,0.187,0.16,0.255,0.224,0.184,0.195,0.203,0.247,0.146,0.193,0.186,0.149,0.217,0.141,0.249,0.159,0.199,0.215,0.19,0.225,0.202,0.175,0.179,0.177,0.233,0.254,0.179,0.174,0.21,0.253,0.244,0.202,0.21,0.212,0.164,0.26,0.2,0.19,0.225,0.228,0.165,0.209,0.242,0.188,0.195,0.176,0.19,0.18,0.23,0.239,0.227,0.176,0.184,0.251,0.12,0.247,0.194,0.223,0.246,0.213,0.196,0.239,0.213,0.186,0.248,0.237,0.225,0.187,0.187,0.186,0.245,0.237,0.198,0.253,0.212,0.251,0.235,0.23,0.239,0.234,0.187,
0.0,0.15,0.168,0.072,0.101,0.172,0.113,0.073,0.133,0.112,0.185,0.067,0.241,0.169,0.204,0.119,0.111,0.114,0.115,0.138,0.096,0.176,0.103,0.106,0.187,0.155,0.178,0.159,0.16,0.101,0.114,0.087,0.173,0.168,0.208,0.065,0.161,0.08,0.182,0.167,0.19,0.172,0.141,0.132,0.162,0.15,0.154,0.136,0.066,0.12,0.171,0.219,0.143,0.164,0.151,0.189,0.216,0.111,0.074,0.129,0.151,0.161,0.164,0.172,0.182,0.19,0.203,0.162,0.177,0.234,0.135,0.132,0.071,0.154,0.18,0.056,0.17,0.23,0.137,0.176,0.22,0.146,0.24,0.055,0.188,0.162,0.126,0.157,0.192,0.125,0.21,0.181,0.015,0.12,0.126,0.105,0.162,0.091,0.172,0.066,
0.0,0.064,0.046,0.168,0.249,0.17,0.255,0.183,0.229,0.183,0.215,0.133,0.18,0.195,0.249,0.223,0.2,0.204,0.193,0.179,0.11,0.254,0.241,0.205,0.283,0.285,0.218,0.211,0.24,0.151,0.199,0.229,0.073,0.23,0.235,0.134,0.191,0.245,0.172,0.118,0.168,0.259,0.22,0.193,0.227,0.266,0.16,0.126,0.174,0.235,0.218,0.242,0.269,0.193,0.266,0.205,0.231,0.242,0.215,0.165,0.199,0.152,0.193,0.192,0.238,0.184,0.148,0.223,0.222,0.218,0.236,0.234,0.188,0.227,0.13,0.18,0.224,0.02,0.258,0.221,0.162,0.257,0.216,0.218,0.248,0.214,0.127,0.248,0.24,0.266,0.158,0.254,0.214,0.251,0.167,0.205,0.191,0.185,0.263,0.208,
0.0,0.217,0.229,0.272,0.18,0.256,0.274,0.247,0.045,0.228,0.166,0.212,0.249,0.271,0.225,0.154,0.152,0.244,0.197,0.176,0.256,0.203,0.117,0.2,0.236,0.261,0.261,0.191,0.288,0.229,0.201,0.13,0.214,0.232,0.229,0.255,0.207,0.169,0.185,0.227,0.024,0.222,0.225,0.229,0.216,0.257,0.185,0.243,0.234,0.241,0.232,0.26,0.247,0.248,0.176,0.197,0.223,0.152,0.166,0.216,0.277,0.174,0.148,0.186,0.258,0.196,0.284,0.22,0.226,0.215,0.265,0.195,0.223,0.215,0.2,0.227,0.253,0.227,0.253,0.168,0.24,0.189,0.233,0.245,0.245,0.197,0.176,0.161,0.198,0.238,0.206,0.245,0.232,0.159,0.183,0.232,0.193,0.238,0.244,0.17,
0.0,0.047,0.175,0.21,0.194,0.148,0.175,0.19,0.244,0.194,0.107,0.193,0.201,0.2,0.215,0.085,0.184,0.156,0.145,0.152,0.112,0.179,0.205,0.206,0.203,0.198,0.175,0.111,0.192,0.201,0.188,0.203,0.235,0.137,0.234,0.183,0.128,0.157,0.227,0.187,0.188,0.168,0.224,0.186,0.208,0.205,0.146,0.193,0.232,0.219,0.192,0.198,0.212,0.195,0.18,0.193,0.163,0.198,0.251,0.205,0.188,0.174,0.24,0.256,0.198,0.208,0.16,0.039,0.087,0.219,0.226,0.15,0.185,0.269,0.147,0.088,0.178,0.129,0.25,0.157,0.203,0.106,0.174,0.201,0.167,0.198,0.213,0.187,0.195,0.1,0.251,0.17,0.127,0.231,0.215,0.22,0.266,0.116,0.161,0.153,
0.0,0.173,0.318,0.124,0.178,0.247,0.248,0.241,0.176,0.196,0.264,0.208,0.161,0.18,0.215,0.267,0.26,0.186,0.202,0.272,0.241,0.198,0.269,0.227,0.212,0.257,0.18,0.147,0.27,0.229,0.173,0.176,0.25,0.194,0.267,0.27,0.272,0.141,0.229,0.227,0.206,0.255,0.255,0.219,0.202,0.236,0.165,0.264,0.232,0.243,0.253,0.21,0.192,0.21,0.223,0.188,0.204,0.3,0.208,0.192,0.221,0.252,0.25,0.204,0.221,0.262,0.259,0.206,0.285,0.248,0.2,0.208,0.215,0.252,0.188,0.221,0.169,0.182,0.192,0.165,0.234,0.2,0.204,0.25,0.154,0.202,0.188,0.274,0.182,0.214,0.241,0.206,0.219,0.18,0.171,0.19,0.202,0.23,0.267,0.208,
0.0,0.142,0.2,-0.05,0.275,0.178,0.208,0.196,0.19,0.251,0.206,0.278,0.222,0.208,0.19,0.19,0.224,0.244,0.265,0.231,0.246,0.237,0.239,0.206,0.26,0.198,0.203,0.303,0.249,0.128,0.161,0.242,0.18,0.267,0.305,0.21,0.286,0.167,0.203,0.311,0.18,0.184,0.267,0.293,0.138,0.216,0.178,0.212,0.206,0.145,0.291,0.186,0.317,0.203,0.222,0.273,0.28,0.169,0.161,0.174,0.222,0.229,0.149,0.204,0.256,0.229,0.299,0.167,0.204,0.19,0.154,0.212,0.305,0.239,0.226,0.178,0.021,0.192,0.299,0.167,0.121,0.226,0.156,0.169,0.212,0.18,0.214,0.218,0.242,0.26,0.19,0.265,0.268,0.154,0.285,0.253,0.174,0.233,0.128,0.07,
0.0,0.193,0.145,0.198,0.199,0.168,0.162,0.201,0.24,0.181,0.225,0.197,0.186,0.158,0.236,0.117,0.277,0.172,0.173,0.182,0.181,0.209,0.184,0.152,0.148,0.12,0.216,0.24,0.152,0.175,0.155,0.2,0.224,0.162,0.135,0.208,0.105,0.142,0.201,0.131,0.149,0.212,0.226,0.212,0.179,0.147,0.143,0.225,0.299,0.209,0.183,0.111,0.208,0.14,0.234,0.203,0.188,0.187,0.225,0.181,0.174,0.187,0.214,0.123,0.22,0.186,0.183,0.191,0.173,0.117,0.147,0.142,0.186,0.234,0.208,0.188,0.193,0.247,0.21,0.257,0.18,0.243,0.19,0.246,0.218,0.178,0.231,0.135,0.179,0.223,0.185,0.173,0.228,0.229,0.214,0.199,0.192,0.183,0.195,0.192,
0.0,0.109,0.196,0.195,0.215,0.231,0.164,0.179,0.177,0.173,0.191,0.179,0.137,0.177,0.204,0.238,0.225,0.179,0.184,0.104,0.179,0.225,0.208,0.175,0.171,0.204,0.149,0.196,0.198,0.142,0.202,0.142,0.206,0.242,0.194,0.192,0.186,0.2,0.194,0.204,0.192,0.171,0.223,0.151,0.242,0.21,0.088,0.121,0.206,0.062,0.135,0.153,0.204,0.182,0.156,0.206,0.216,0.175,0.214,0.188,0.128,0.153,0.22,0.149,0.101,0.231,0.221,0.156,0.212,0.216,0.204,0.173,0.186,0.171,0.218,0.144,0.173,0.29,0.204,0.196,0.182,0.21,0.186,0.153,0.175,0.184,0.21,0.175,0.121,0.121,0.206,0.106,0.225,0.153,0.196,0.198,0.21,0.24,0.156,0.214,
0.0,0.162,0.18,0.199,0.229,0.195,0.142,0.212,0.147,0.231,0.19,0.227,0.236,0.198,0.167,0.171,0.188,0.179,0.184,0.221,0.14,0.156,0.22,0.182,0.216,0.158,0.202,0.2,0.233,0.216,0.175,0.2,0.104,0.214,0.196,0.196,0.144,0.212,0.14,0.266,0.19,0.198,0.173,0.2,0.206,0.216,0.163,0.21,0.188,0.177,0.218,0.227,0.099,0.121,0.202,0.21,0.254,0.204,0.218,0.186,0.186,0.164,0.227,0.149,0.227,0.229,0.177,0.194,0.173,0.186,0.231,0.223,0.14,0.238,0.22,0.144,0.177,0.214,0.221,0.149,0.196,0.16,0.21,0.156,0.2,0.133,0.196,0.212,0.21,0.259,0.2,0.137,0.233,0.208,0.149,0.169,0.208,0.221,0.225,0.173,
0.0,0.137,0.163,0.228,0.136,0.214,0.216,0.091,0.251,0.193,0.195,0.108,0.205,0.185,0.181,0.239,0.209,0.188,0.155,0.226,0.115,0.155,0.127,0.164,0.176,0.215,0.195,0.17,0.211,0.206,0.15,0.103,0.134,0.17,0.2,0.227,0.182,0.168,0.191,0.169,0.145,0.051,0.073,0.14,0.156,0.213,0.185,0.235,0.182,0.124,0.153,0.18,0.175,0.176,0.102,0.159,0.171,0.192,0.14,0.028,0.165,0.199,0.213,0.217,0.151,0.217,0.14,0.158,0.19,0.178,0.199,0.233,0.188,0.09,0.078,0.186,0.182,0.172,0.17,0.122,0.191,0.224,0.148,0.165,0.127,0.181,0.153,0.148,0.249,0.204,0.138,0.203,0.193,0.157,0.175,0.233,0.166,0.132,0.122,0.201,
0.0,0.179,0.203,0.245,0.16,0.289,0.206,0.176,0.123,0.18,0.134,0.208,0.121,0.137,0.173,0.102,0.221,0.108,0.161,0.183,0.165,0.159,0.216,0.095,0.155,0.182,0.153,0.213,0.229,0.084,0.198,0.168,0.092,0.181,0.198,0.183,0.178,0.168,0.238,0.179,0.169,0.187,0.166,0.146,0.156,0.186,0.167,0.235,0.056,0.193,0.215,0.202,0.108,0.168,0.214,0.229,0.211,0.249,0.147,0.156,0.091,0.195,0.211,0.227,0.213,0.178,0.208,0.109,0.158,0.185,0.141,0.174,0.218,0.11,0.176,0.142,0.181,0.043,0.241,0.163,0.232,0.247,0.207,0.242,0.196,0.182,0.154,0.075,0.08,0.168,0.194,0.2,0.218,0.178,0.216,0.156,0.203,0.157,0.219,0.199,
0.0,0.158,0.205,0.239,0.124,0.179,0.173,0.08,0.14,0.173,0.109,0.154,0.155,0.215,0.163,0.132,0.171,0.184,0.202,0.078,0.118,0.178,0.092,0.143,0.208,0.216,0.139,0.166,0.139,0.106,0.123,0.194,0.126,0.197,0.141,0.089,0.174,0.133,0.2,0.135,0.209,0.09,0.131,0.155,0.152,0.144,0.142,0.163,0.172,0.188,0.18,0.165,0.122,0.142,0.162,0.122,0.134,0.151,0.145,0.099,0.201,0.154,0.065,0.169,0.199,0.147,0.132,0.206,0.185,0.101,0.2,0.216,0.195,0.113,0.082,0.19,0.045,0.094,0.145,0.227,0.118,0.135,0.139,0.169,0.114,0.144,0.236,0.136,0.168,0.123,0.15,0.154,0.165,0.137,0.158,0.15,0.161,0.158,0.159,0.16,
0.0,0.22,0.289,0.248,0.196,0.167,0.121,0.184,0.323,0.171,0.214,0.231,0.216,0.246,0.133,0.163,0.152,0.239,0.235,0.169,0.171,0.158,0.237,0.203,0.089,0.206,0.244,0.182,0.201,0.192,0.196,0.178,0.188,0.226,0.167,0.119,0.203,0.075,0.229,0.19,0.242,0.165,0.128,0.174,0.161,0.201,0.214,0.22,0.198,0.169,0.222,0.237,0.138,0.188,0.138,0.119,0.196,0.224,0.145,0.19,0.145,0.251,0.152,0.145,0.201,0.233,0.186,0.138,0.224,0.22,0.196,0.165,0.138,0.233,0.116,0.174,0.228,0.194,0.228,0.208,0.167,0.188,0.161,0.18,0.133,0.106,0.142,0.21,0.136,0.126,0.256,0.169,0.18,0.163,0.196,0.212,0.201,0.142,0.204,0.24,
0.0,0.228,0.314,0.161,0.26,0.264,0.185,0.25,0.131,0.217,0.07,0.271,0.207,0.163,0.203,0.104,0.17,0.176,0.221,0.172,0.237,0.154,0.201,0.154,0.239,0.183,0.042,0.203,0.236,0.136,0.086,0.222,0.199,0.274,0.199,0.161,0.228,0.201,0.174,0.183,0.178,0.193,0.213,0.228,0.117,0.215,0.163,0.209,0.217,0.129,0.178,0.131,0.102,0.307,0.203,0.259,0.134,0.168,0.23,0.17,0.091,0.168,0.257,0.241,0.205,0.189,0.207,0.126,0.207,0.217,0.277,0.222,0.239,0.154,0.221,0.205,0.201,0.183,0.102,0.134,0.15,0.062,0.276,0.191,0.276,0.306,0.159,0.099,0.174,0.067,0.065,0.29,0.264,0.129,0.189,0.138,0.189,0.236,0.161,0.221,
0.0,0.204,0.181,0.079,0.146,0.145,0.206,0.111,0.104,0.108,0.135,0.205,0.105,0.178,0.077,0.181,0.119,0.094,0.18,0.083,0.178,0.189,0.155,0.123,0.129,0.177,0.157,0.151,0.11,0.131,0.136,0.159,0.117,0.093,0.154,0.2,0.139,0.183,0.118,0.146,0.065,0.136,0.102,0.174,0.19,0.037,0.154,0.098,0.147,0.175,0.135,0.207,0.123,0.147,0.138,0.165,0.157,0.119,0.132,0.136,0.118,0.165,0.144,0.11,0.073,0.101,0.135,0.181,0.127,0.173,0.117,0.18,0.161,0.113,0.024,0.202,0.066,0.225,0.052,0.168,0.134,0.217,0.091,0.079,0.181,0.125,0.131,0.108,0.17,0.134,0.13,0.084,0.134,0.097,0.2,0.159,0.133,0.066,0.07,0.084,


