0.0,0.127,0.175,0.268,0.399,0.507,0.546,0.519,0.572,0.549,0.576,0.574,0.58,0.574,0.58,0.574,0.58,0.574,0.58,0.574,0.58,0.574,0.58,0.574,0.58,0.574,0.58,0.574,0.58,0.574,0.58,0.574,0.58,0.574,0.58,0.574,0.58,0.574,0.58,0.574,0.58,0.574,0.58,0.574,0.58,0.574,0.58,0.574,0.58,0.574,0.58,0.574,0.58,0.574,0.58,0.574,0.58,0.574,0.58,0.574,0.58,0.574,0.58,0.574,0.58,0.574,0.58,0.574,0.58,0.574,0.58,0.574,0.58,0.574,0.58,0.574,0.58,0.574,0.58,0.574,0.58,0.574,0.58,0.574,0.58,0.574,0.58,0.574,0.58,0.574,0.58,0.574,0.58,0.574,0.58,0.574,0.58,0.574,0.58,0.574,
0.0,0.053,0.08,0.01,0.023,0.031,0.032,0.156,0.15,0.267,0.289,0.366,0.364,0.391,0.375,0.422,0.424,0.429,0.411,0.41,0.434,0.409,0.456,0.466,0.448,0.476,0.462,0.477,0.499,0.505,0.51,0.506,0.498,0.493,0.493,0.494,0.491,0.492,0.493,0.494,0.491,0.492,0.493,0.494,0.491,0.492,0.493,0.494,0.491,0.492,0.493,0.494,0.491,0.492,0.493,0.494,0.491,0.492,0.493,0.494,0.491,0.492,0.493,0.494,0.491,0.492,0.493,0.494,0.491,0.492,0.493,0.494,0.491,0.492,0.493,0.494,0.491,0.492,0.493,0.494,0.491,0.492,0.493,0.494,0.491,0.492,0.493,0.494,0.491,0.492,0.493,0.494,0.491,0.492,0.493,0.494,0.491,0.492,0.493,0.494,
0.0,0.038,0.19,0.358,0.377,0.352,0.377,0.355,0.384,0.25,0.304,0.292,0.419,0.441,0.452,0.275,0.382,0.381,0.354,0.398,0.414,0.347,0.357,0.436,0.425,0.408,0.415,0.443,0.454,0.427,0.408,0.438,0.436,0.44,0.441,0.451,0.372,0.441,0.334,0.147,0.33,0.399,0.41,0.439,0.43,0.416,0.408,0.37,0.356,0.335,0.301,0.315,0.35,0.377,0.367,0.407,0.395,0.373,0.378,0.414,0.317,0.342,0.408,0.371,0.238,0.383,0.396,0.333,0.316,0.399,0.384,0.393,0.312,0.41,0.382,0.411,0.317,0.319,0.367,0.373,0.394,0.377,0.432,0.421,0.42,0.342,0.342,0.408,0.366,0.399,0.321,0.357,0.399,0.414,0.288,0.295,0.304,0.354,0.22,0.366,
0.0,0.256,0.271,0.346,0.404,0.488,0.468,0.47,0.48,0.476,0.516,0.517,0.505,0.498,0.478,0.489,0.503,0.505,0.516,0.521,0.534,0.505,0.52,0.515,0.54,0.506,0.543,0.498,0.531,0.514,0.523,0.516,0.533,0.505,0.521,0.522,0.528,0.509,0.541,0.522,0.54,0.51,0.526,0.517,0.531,0.51,0.524,0.518,0.531,0.505,0.513,0.509,0.527,0.521,0.532,0.523,0.544,0.535,0.533,0.519,0.533,0.526,0.533,0.516,0.537,0.524,0.532,0.515,0.537,0.524,0.532,0.515,0.537,0.524,0.532,0.515,0.537,0.524,0.532,0.515,0.537,0.524,0.532,0.515,0.537,0.524,0.532,0.515,0.537,0.524,0.532,0.515,0.537,0.524,0.532,0.515,0.537,0.524,0.532,0.518,
0.0,0.048,0.111,0.275,0.362,0.371,0.42,0.439,0.443,0.443,0.443,0.443,0.443,0.443,0.443,0.443,0.443,0.443,0.443,0.443,0.443,0.443,0.443,0.443,0.443,0.443,0.443,0.443,0.443,0.443,0.443,0.443,0.443,0.443,0.443,0.443,0.443,0.443,0.443,0.443,0.443,0.443,0.443,0.443,0.443,0.443,0.443,0.443,0.443,0.443,0.443,0.443,0.443,0.443,0.443,0.443,0.443,0.443,0.443,0.443,0.443,0.443,0.443,0.443,0.443,0.443,0.443,0.443,0.443,0.443,0.443,0.443,0.443,0.443,0.443,0.443,0.443,0.443,0.443,0.443,0.443,0.443,0.443,0.443,0.443,0.443,0.443,0.443,0.443,0.443,0.443,0.443,0.443,0.443,0.443,0.443,0.443,0.443,0.443,0.443,
0.0,0.069,0.123,0.153,0.105,0.082,0.047,0.051,0.071,0.061,0.081,0.059,0.064,0.05,0.071,0.061,0.078,0.07,0.079,0.044,0.068,0.069,0.061,0.044,0.081,0.062,0.052,0.06,0.085,0.083,0.062,0.077,0.073,0.069,0.073,0.068,0.056,0.067,0.047,0.063,0.053,0.065,0.08,0.062,0.078,0.041,0.08,0.068,0.061,0.075,0.059,0.097,0.12,0.131,0.14,0.08,0.061,0.056,0.091,0.063,0.054,0.107,0.081,0.059,0.063,0.059,0.074,0.109,0.054,0.061,0.068,0.068,0.087,0.08,0.056,0.044,0.094,0.091,0.08,0.073,0.064,0.054,0.082,0.061,0.06,0.086,0.082,0.076,0.045,0.121,0.077,0.049,0.079,0.073,0.057,0.082,0.095,0.047,0.069,0.07,
0.0,0.046,0.075,0.074,0.068,0.052,0.052,0.114,0.107,0.155,0.148,0.164,0.117,0.13,0.102,0.088,0.05,0.085,0.06,0.056,0.043,0.157,0.08,0.069,0.11,0.131,0.123,0.085,0.107,0.146,0.235,0.344,0.4,0.493,0.541,0.51,0.531,0.564,0.567,0.566,0.565,0.566,0.565,0.566,0.565,0.566,0.565,0.566,0.565,0.566,0.565,0.566,0.565,0.566,0.565,0.566,0.565,0.566,0.565,0.566,0.565,0.566,0.565,0.566,0.565,0.566,0.565,0.566,0.565,0.566,0.565,0.566,0.565,0.566,0.565,0.566,0.565,0.566,0.565,0.566,0.565,0.566,0.565,0.566,0.565,0.566,0.565,0.566,0.565,0.566,0.565,0.566,0.565,0.566,0.565,0.566,0.565,0.566,0.565,0.566,
0.0,0.07,0.196,0.271,0.39,0.475,0.512,0.525,0.511,0.528,0.525,0.529,0.525,0.529,0.525,0.529,0.525,0.529,0.525,0.529,0.525,0.529,0.525,0.529,0.525,0.529,0.525,0.529,0.525,0.529,0.525,0.529,0.525,0.529,0.525,0.529,0.525,0.529,0.525,0.529,0.525,0.529,0.525,0.529,0.525,0.529,0.525,0.529,0.525,0.529,0.525,0.529,0.525,0.529,0.525,0.529,0.525,0.529,0.525,0.529,0.525,0.529,0.525,0.529,0.525,0.529,0.525,0.529,0.525,0.529,0.525,0.529,0.525,0.529,0.525,0.529,0.525,0.529,0.525,0.529,0.525,0.529,0.525,0.529,0.525,0.529,0.525,0.529,0.525,0.529,0.525,0.529,0.525,0.529,0.525,0.529,0.525,0.529,0.525,0.529,
0.0,0.02,0.077,0.084,0.167,0.363,0.441,0.499,0.435,0.476,0.479,0.426,0.44,0.45,0.47,0.429,0.466,0.501,0.49,0.49,0.461,0.46,0.447,0.461,0.482,0.487,0.471,0.518,0.508,0.502,0.496,0.492,0.516,0.526,0.487,0.492,0.516,0.526,0.487,0.492,0.516,0.526,0.487,0.492,0.516,0.526,0.487,0.492,0.516,0.526,0.487,0.492,0.516,0.526,0.487,0.492,0.516,0.526,0.487,0.492,0.516,0.526,0.487,0.492,0.516,0.526,0.487,0.492,0.516,0.526,0.487,0.492,0.516,0.526,0.487,0.492,0.516,0.526,0.487,0.492,0.516,0.526,0.487,0.492,0.516,0.526,0.487,0.492,0.516,0.526,0.487,0.492,0.516,0.526,0.487,0.492,0.516,0.526,0.487,0.492,
0.0,0.078,0.275,0.367,0.429,0.414,0.448,0.288,0.336,0.326,0.43,0.418,0.419,0.449,0.428,0.419,0.424,0.435,0.453,0.438,0.411,0.41,0.399,0.441,0.405,0.429,0.422,0.443,0.441,0.374,0.328,0.383,0.31,0.346,0.383,0.413,0.409,0.45,0.388,0.42,0.433,0.452,0.39,0.42,0.433,0.452,0.377,0.441,0.446,0.426,0.419,0.417,0.434,0.453,0.429,0.419,0.417,0.434,0.453,0.459,0.459,0.415,0.428,0.413,0.439,0.388,0.42,0.433,0.452,0.39,0.419,0.425,0.435,0.453,0.459,0.429,0.424,0.416,0.422,0.422,0.451,0.347,0.413,0.403,0.358,0.306,0.347,0.338,0.413,0.427,0.436,0.453,0.429,0.419,0.417,0.434,0.453,0.438,0.411,0.41,
0.0,-0.014,0.084,0.275,0.368,0.283,0.235,0.389,0.286,0.257,0.341,0.209,0.266,0.335,0.26,0.351,0.422,0.419,0.455,0.461,0.316,0.267,0.333,0.356,0.372,0.365,0.37,0.41,0.413,0.331,0.249,0.384,0.341,0.396,0.374,0.407,0.407,0.429,0.386,0.392,0.408,0.327,0.397,0.392,0.401,0.402,0.387,0.387,0.433,0.436,0.39,0.418,0.232,0.24,0.218,0.33,0.383,0.376,0.362,0.439,0.304,0.278,0.333,0.302,0.321,0.418,0.325,0.328,0.317,0.332,0.263,0.287,0.206,0.1,0.357,0.44,0.334,0.214,0.364,0.302,0.178,0.185,0.287,0.366,0.362,0.355,0.316,0.329,0.269,0.31,0.371,0.427,0.396,0.394,0.402,0.334,0.3,0.367,0.377,0.407,
0.0,0.143,0.167,0.232,0.313,0.348,0.389,0.378,0.394,0.383,0.398,0.403,0.405,0.347,0.387,0.381,0.313,0.361,0.392,0.35,0.232,0.153,0.311,0.351,0.373,0.39,0.345,0.372,0.36,0.39,0.364,0.308,0.33,0.348,0.344,0.346,0.363,0.37,0.35,0.374,0.372,0.349,0.355,0.392,0.412,0.356,0.341,0.374,0.318,0.41,0.424,0.408,0.383,0.342,0.347,0.269,0.274,0.323,0.371,0.381,0.337,0.397,0.407,0.399,0.373,0.386,0.401,0.353,0.35,0.357,0.383,0.397,0.353,0.374,0.363,0.407,0.394,0.364,0.395,0.321,0.379,0.371,0.334,0.385,0.414,0.357,0.365,0.303,0.351,0.308,0.323,0.261,0.365,0.412,0.329,0.374,0.394,0.356,0.357,0.346,
0.0,0.057,0.047,0.056,0.077,0.039,0.106,0.145,0.183,0.274,0.395,0.507,0.565,0.576,0.578,0.578,0.578,0.578,0.578,0.578,0.578,0.578,0.578,0.578,0.578,0.578,0.578,0.578,0.578,0.578,0.578,0.578,0.578,0.578,0.578,0.578,0.578,0.578,0.578,0.578,0.578,0.578,0.578,0.578,0.578,0.578,0.578,0.578,0.578,0.578,0.578,0.578,0.578,0.578,0.578,0.578,0.578,0.578,0.578,0.578,0.578,0.578,0.578,0.578,0.578,0.578,0.578,0.578,0.578,0.578,0.578,0.578,0.578,0.578,0.578,0.578,0.578,0.578,0.578,0.578,0.578,0.578,0.578,0.578,0.578,0.578,0.578,0.578,0.578,0.578,0.578,0.578,0.578,0.578,0.578,0.578,0.578,0.578,0.578,0.578,
0.0,0.111,0.233,0.138,0.221,0.188,0.2,-0.027,0.224,0.401,0.365,0.343,0.409,0.419,0.365,0.343,0.162,0.25,0.366,0.424,0.285,0.311,0.33,0.257,0.402,0.372,0.385,0.423,0.417,0.432,0.419,0.356,0.378,0.344,0.348,0.367,0.305,0.324,0.426,0.366,0.432,0.421,0.435,0.422,0.2,0.313,0.39,0.331,0.369,0.214,0.185,0.237,0.314,0.234,0.341,0.352,0.306,0.313,0.269,0.268,0.241,0.379,0.23,0.273,0.348,0.332,0.38,0.261,0.238,0.264,0.311,0.306,0.271,0.374,0.353,0.392,0.432,0.358,0.347,0.376,0.365,0.234,0.275,0.352,0.422,0.408,0.376,0.405,0.226,0.242,0.311,0.392,0.205,0.343,0.375,0.364,0.406,0.371,0.392,0.4,
0.0,0.2,0.222,0.281,0.302,0.376,0.42,0.463,0.529,0.555,0.555,0.566,0.563,0.558,0.563,0.557,0.566,0.563,0.557,0.563,0.557,0.566,0.563,0.558,0.563,0.557,0.566,0.563,0.557,0.563,0.557,0.566,0.563,0.558,0.563,0.557,0.566,0.563,0.557,0.563,0.557,0.566,0.563,0.558,0.563,0.557,0.566,0.563,0.557,0.563,0.557,0.566,0.563,0.558,0.563,0.557,0.566,0.563,0.557,0.563,0.557,0.566,0.563,0.558,0.563,0.557,0.566,0.563,0.557,0.563,0.557,0.566,0.563,0.558,0.563,0.557,0.566,0.563,0.557,0.563,0.557,0.566,0.563,0.558,0.563,0.557,0.566,0.563,0.557,0.563,0.557,0.566,0.563,0.558,0.563,0.557,0.566,0.563,0.557,0.563,
0.0,0.029,0.046,0.055,0.026,0.047,0.037,0.03,0.031,0.038,0.056,0.042,0.029,0.027,0.046,0.038,0.028,0.024,0.035,0.034,0.03,0.039,0.033,0.033,0.04,0.034,0.045,0.036,0.052,0.041,0.048,0.033,0.036,0.041,0.03,0.024,0.039,0.027,0.036,0.041,0.061,0.103,0.063,0.046,0.045,0.028,0.033,0.033,0.036,0.037,0.05,0.033,0.029,0.027,0.04,0.049,0.05,0.035,0.031,0.025,0.059,0.048,0.047,0.039,0.043,0.031,0.025,0.04,0.042,0.034,0.03,0.024,0.04,0.034,0.046,0.03,0.025,0.033,0.097,0.089,0.044,0.031,0.072,0.048,0.051,0.024,0.045,0.032,0.032,0.041,0.032,0.027,0.027,0.024,0.059,0.042,0.043,0.032,0.035,0.023,
0.0,0.066,0.278,0.257,0.398,0.432,0.407,0.458,0.368,0.39,0.421,0.414,0.41,0.435,0.417,0.448,0.442,0.441,0.399,0.4,0.397,0.32,0.394,0.415,0.321,0.305,0.355,0.346,0.326,0.416,0.381,0.417,0.432,0.393,0.381,0.405,0.357,0.409,0.293,0.327,0.286,0.297,0.375,0.248,0.409,0.378,0.413,0.421,0.379,0.27,0.345,0.431,0.434,0.437,0.422,0.381,0.428,0.429,0.393,0.39,0.378,0.359,0.451,0.44,0.38,0.403,0.394,0.412,0.416,0.317,0.324,0.4,0.36,0.384,0.417,0.325,0.304,0.342,0.391,0.337,0.396,0.318,0.415,0.427,0.413,0.435,0.432,0.39,0.379,0.391,0.343,0.289,0.4,0.433,0.437,0.418,0.382,0.355,0.371,0.385,
0.0,0.144,0.174,0.442,0.453,0.393,0.428,0.451,0.458,0.382,0.441,0.456,0.458,0.46,0.46,0.461,0.46,0.461,0.46,0.461,0.46,0.461,0.46,0.461,0.46,0.461,0.46,0.461,0.46,0.461,0.46,0.461,0.46,0.461,0.46,0.461,0.46,0.461,0.46,0.461,0.46,0.461,0.46,0.461,0.46,0.461,0.46,0.461,0.46,0.461,0.46,0.461,0.46,0.461,0.46,0.461,0.46,0.461,0.46,0.461,0.46,0.461,0.46,0.461,0.46,0.461,0.46,0.461,0.46,0.461,0.46,0.461,0.46,0.461,0.46,0.414,0.429,0.434,0.452,0.458,0.459,0.46,0.46,0.461,0.46,0.461,0.46,0.461,0.46,0.461,0.46,0.461,0.46,0.461,0.46,0.461,0.46,0.461,0.46,0.461,
0.0,0.098,0.287,0.225,0.177,0.25,0.224,0.258,0.331,0.361,0.344,0.409,0.424,0.377,0.23,0.249,0.221,0.289,0.315,0.365,0.288,0.348,0.303,0.275,0.326,0.405,0.22,0.239,0.383,0.442,0.398,0.426,0.311,0.397,0.382,0.424,0.449,0.401,0.383,0.385,0.293,0.313,0.255,0.316,0.379,0.396,0.157,0.379,0.436,0.401,0.422,0.208,0.329,0.426,0.393,0.416,0.208,0.331,0.393,0.435,0.435,0.292,0.365,0.349,0.084,0.246,0.324,0.347,0.404,0.352,0.325,0.401,0.441,0.377,0.418,0.446,0.371,0.413,0.252,0.287,0.241,0.216,0.142,0.224,0.278,0.258,0.311,0.218,0.125,0.231,0.15,0.326,0.263,0.229,0.224,0.286,0.397,0.367,0.43,0.323,
0.0,0.07,0.198,0.309,0.232,0.262,0.242,0.343,0.284,0.349,0.318,0.346,0.251,0.177,0.296,0.075,0.261,0.276,0.322,0.363,0.119,0.101,0.197,0.196,0.194,0.218,0.318,0.31,0.277,0.307,0.241,0.279,0.311,0.289,0.405,0.294,0.315,0.391,0.327,0.246,0.322,0.33,0.33,0.342,0.313,0.259,0.274,0.351,0.264,0.238,0.306,0.303,0.251,0.17,0.191,0.309,0.403,0.315,0.285,0.228,0.306,0.249,0.354,0.316,0.253,0.22,0.155,0.193,0.274,0.234,0.256,0.27,0.227,0.149,0.219,0.23,0.215,0.21,0.309,0.317,0.266,0.271,0.26,0.192,0.223,0.269,0.278,0.325,0.371,0.321,0.337,0.326,0.227,0.254,0.251,0.3,0.216,0.194,0.19,0.392,
0.0,0.133,0.194,0.365,0.521,0.507,0.536,0.543,0.548,0.556,0.563,0.548,0.548,0.556,0.563,0.548,0.548,0.556,0.563,0.548,0.548,0.556,0.563,0.548,0.548,0.556,0.563,0.548,0.548,0.556,0.563,0.548,0.548,0.556,0.563,0.548,0.548,0.556,0.563,0.548,0.548,0.556,0.563,0.548,0.548,0.556,0.563,0.548,0.548,0.556,0.563,0.548,0.548,0.556,0.563,0.548,0.548,0.556,0.563,0.548,0.548,0.556,0.563,0.548,0.548,0.556,0.563,0.548,0.548,0.556,0.563,0.548,0.548,0.556,0.563,0.548,0.548,0.556,0.563,0.548,0.548,0.556,0.563,0.548,0.548,0.556,0.563,0.548,0.548,0.556,0.563,0.548,0.548,0.556,0.563,0.548,0.548,0.556,0.563,0.548,
0.0,0.11,0.28,0.271,0.343,0.38,0.386,0.353,0.43,0.4,0.41,0.44,0.406,0.418,0.281,0.315,0.389,0.357,0.285,0.414,0.449,0.264,0.201,0.278,0.416,0.433,0.434,0.339,0.392,0.431,0.398,0.389,0.321,0.203,0.275,0.384,0.392,0.22,0.284,0.295,0.257,0.343,0.405,0.281,0.373,0.3,0.32,0.367,0.41,0.319,0.38,0.372,0.345,0.364,0.377,0.376,0.328,0.258,0.28,0.34,0.322,0.338,0.289,0.326,0.329,0.29,0.285,0.377,0.385,0.301,0.302,0.346,0.39,0.325,0.403,0.411,0.359,0.33,0.377,0.38,0.414,0.365,0.33,0.377,0.334,0.318,0.345,0.309,0.36,0.334,0.358,0.366,0.267,0.329,0.295,0.351,0.368,0.424,0.389,0.361,
0.0,0.158,0.195,0.282,0.253,0.333,0.37,0.355,0.351,0.328,0.268,0.334,0.297,0.297,0.218,0.31,0.278,0.353,0.295,0.318,0.343,0.263,0.242,0.275,0.371,0.291,0.315,0.292,0.279,0.274,0.341,0.416,0.252,0.161,0.324,0.427,0.416,0.37,0.357,0.358,0.396,0.383,0.412,0.406,0.321,0.318,0.384,0.369,0.38,0.409,0.401,0.435,0.448,0.417,0.37,0.394,0.388,0.329,0.361,0.41,0.391,0.407,0.431,0.382,0.346,0.411,0.369,0.343,0.281,0.259,0.28,0.259,0.188,0.262,0.275,0.242,0.281,0.296,0.356,0.31,0.339,0.36,0.333,0.369,0.4,0.37,0.381,0.369,0.427,0.393,0.429,0.397,0.414,0.413,0.366,0.401,0.355,0.369,0.412,0.404,
0.0,0.059,0.25,0.146,0.386,0.436,0.429,0.344,0.424,0.399,0.423,0.469,0.504,0.493,0.421,0.426,0.459,0.44,0.464,0.487,0.417,0.316,0.323,0.317,0.447,0.454,0.42,0.33,0.452,0.424,0.401,0.452,0.409,0.499,0.524,0.482,0.397,0.422,0.377,0.34,0.458,0.51,0.436,0.459,0.414,0.426,0.382,0.465,0.488,0.447,0.39,0.459,0.406,0.439,0.467,0.491,0.479,0.48,0.457,0.463,0.379,0.437,0.416,0.334,0.412,0.464,0.473,0.458,0.464,0.466,0.414,0.417,0.291,0.355,0.424,0.401,0.453,0.479,0.431,0.405,0.486,0.46,0.41,0.423,0.432,0.46,0.474,0.442,0.488,0.47,0.454,0.397,0.409,0.516,0.433,0.472,0.456,0.439,0.465,0.459,
0.0,0.025,0.027,0.024,0.028,0.024,0.028,0.044,0.027,0.024,0.028,0.039,0.027,0.024,0.028,0.024,0.028,0.024,0.028,0.024,0.028,0.024,0.028,0.044,0.041,0.063,0.025,0.044,0.042,0.019,0.026,0.031,0.026,0.032,0.026,0.023,0.028,0.023,0.043,0.023,0.132,0.134,0.187,0.268,0.345,0.475,0.552,0.546,0.567,0.55,0.571,0.573,0.551,0.569,0.55,0.57,0.573,0.551,0.569,0.55,0.57,0.573,0.551,0.569,0.55,0.57,0.573,0.551,0.569,0.55,0.57,0.573,0.551,0.569,0.55,0.57,0.573,0.551,0.569,0.55,0.57,0.573,0.551,0.569,0.55,0.57,0.573,0.551,0.569,0.55,0.57,0.573,0.551,0.569,0.55,0.57,0.573,0.551,0.569,0.55,
0.0,0.095,0.118,0.126,0.153,0.269,0.347,0.427,0.433,0.488,0.506,0.563,0.575,0.574,0.569,0.578,0.578,0.578,0.575,0.569,0.578,0.578,0.578,0.575,0.569,0.578,0.578,0.578,0.575,0.569,0.578,0.578,0.578,0.575,0.569,0.578,0.578,0.578,0.575,0.569,0.578,0.578,0.578,0.575,0.569,0.578,0.578,0.578,0.575,0.569,0.578,0.578,0.578,0.575,0.569,0.578,0.578,0.578,0.575,0.569,0.578,0.578,0.578,0.575,0.569,0.578,0.578,0.578,0.575,0.569,0.578,0.578,0.578,0.575,0.569,0.578,0.578,0.578,0.575,0.569,0.578,0.578,0.578,0.575,0.569,0.578,0.578,0.578,0.575,0.569,0.578,0.578,0.578,0.575,0.569,0.578,0.578,0.578,0.575,0.569,
0.0,0.219,0.279,0.406,0.483,0.531,0.516,0.533,0.524,0.553,0.559,0.56,0.56,0.561,0.56,0.561,0.56,0.561,0.56,0.561,0.56,0.561,0.56,0.561,0.56,0.561,0.56,0.561,0.56,0.561,0.56,0.561,0.56,0.561,0.56,0.561,0.56,0.561,0.56,0.561,0.56,0.561,0.56,0.561,0.56,0.561,0.56,0.561,0.56,0.561,0.56,0.561,0.56,0.561,0.56,0.561,0.56,0.561,0.56,0.561,0.56,0.561,0.56,0.561,0.56,0.561,0.56,0.561,0.56,0.561,0.56,0.561,0.56,0.561,0.56,0.561,0.56,0.561,0.56,0.561,0.56,0.561,0.56,0.561,0.56,0.561,0.56,0.561,0.56,0.561,0.56,0.561,0.56,0.561,0.56,0.561,0.56,0.561,0.56,0.568,
0.0,0.048,0.125,0.125,0.128,0.202,0.125,0.137,0.213,0.33,0.429,0.509,0.532,0.542,0.562,0.508,0.543,0.565,0.569,0.57,0.57,0.57,0.57,0.57,0.57,0.57,0.57,0.57,0.57,0.57,0.57,0.57,0.57,0.57,0.57,0.57,0.57,0.57,0.57,0.57,0.57,0.57,0.57,0.57,0.57,0.57,0.57,0.57,0.57,0.57,0.57,0.57,0.57,0.57,0.57,0.57,0.57,0.57,0.57,0.57,0.57,0.57,0.57,0.57,0.57,0.57,0.57,0.57,0.57,0.57,0.57,0.57,0.57,0.57,0.57,0.57,0.57,0.57,0.57,0.57,0.57,0.57,0.57,0.57,0.57,0.57,0.57,0.57,0.57,0.57,0.57,0.57,0.57,0.57,0.57,0.57,0.57,0.57,0.57,0.57,
0.0,0.098,0.174,0.215,0.222,0.264,0.221,0.364,0.214,0.202,0.248,0.296,0.248,0.295,0.261,0.326,0.395,0.244,0.293,0.193,0.263,0.346,0.377,0.3,0.216,0.284,0.189,0.124,0.333,0.33,0.249,0.257,0.295,0.271,0.282,0.157,0.249,0.281,0.226,0.178,0.151,0.302,0.277,0.285,0.23,0.215,0.249,0.312,0.367,0.393,0.187,0.273,0.322,0.226,0.17,0.25,0.203,0.179,0.163,0.215,0.243,0.318,0.282,0.261,0.286,0.194,0.265,0.353,0.407,0.399,0.346,0.298,0.264,0.183,0.148,0.142,0.23,0.244,0.169,0.26,0.209,0.251,0.388,0.42,0.285,0.266,0.354,0.367,0.373,0.304,0.355,0.282,0.3,0.306,0.24,0.315,0.277,0.167,0.207,0.24,
0.0,0.208,0.25,0.239,0.356,0.239,0.233,0.412,0.398,0.421,0.443,0.453,0.457,0.46,0.46,0.46,0.46,0.46,0.46,0.46,0.46,0.46,0.46,0.46,0.46,0.46,0.46,0.46,0.46,0.46,0.46,0.46,0.46,0.46,0.46,0.46,0.46,0.46,0.46,0.46,0.46,0.46,0.46,0.46,0.46,0.46,0.46,0.46,0.46,0.46,0.46,0.46,0.46,0.46,0.46,0.46,0.46,0.46,0.46,0.46,0.46,0.46,0.46,0.46,0.46,0.46,0.46,0.46,0.46,0.46,0.46,0.46,0.46,0.46,0.46,0.46,0.46,0.46,0.46,0.46,0.46,0.46,0.46,0.46,0.46,0.46,0.46,0.46,0.46,0.46,0.46,0.46,0.46,0.46,0.46,0.46,0.46,0.46,0.46,0.467,
0.0,0.017,0.214,0.35,0.42,0.42,0.371,0.426,0.454,0.389,0.411,0.409,0.44,0.427,0.447,0.453,0.402,0.452,0.445,0.405,0.415,0.442,0.441,0.424,0.429,0.403,0.4,0.417,0.39,0.443,0.383,0.431,0.439,0.356,0.369,0.396,0.387,0.388,0.401,0.136,0.248,0.353,0.394,0.333,0.351,0.445,0.435,0.449,0.452,0.439,0.377,0.438,0.424,0.451,0.439,0.402,0.424,0.448,0.452,0.409,0.445,0.436,0.438,0.438,0.419,0.422,0.432,0.449,0.452,0.409,0.445,0.436,0.438,0.438,0.419,0.422,0.447,0.446,0.392,0.445,0.282,0.314,0.396,0.397,0.418,0.244,0.285,0.325,0.388,0.432,0.342,0.431,0.442,0.439,0.384,0.437,0.429,0.39,0.416,0.439,
0.0,0.0,0.0,0.0,0.0,0.0,0.0,0.0,0.0,0.0,0.0,0.0,0.0,0.0,0.0,0.0,0.0,0.0,0.0,0.0,0.0,0.0,0.0,0.0,0.0,0.0,0.0,0.0,0.073,0.035,0.105,0.177,0.368,0.476,0.527,0.557,0.566,0.565,0.546,0.551,0.546,0.551,0.564,0.565,0.567,0.565,0.567,0.565,0.567,0.565,0.563,0.56,0.561,0.56,0.561,0.56,0.561,0.56,0.561,0.56,0.561,0.56,0.561,0.56,0.561,0.56,0.561,0.56,0.561,0.56,0.561,0.56,0.561,0.56,0.561,0.56,0.561,0.56,0.561,0.56,0.561,0.56,0.561,0.56,0.561,0.56,0.561,0.56,0.561,0.56,0.561,0.56,0.561,0.56,0.561,0.56,0.561,0.56,0.561,0.56,
0.0,0.017,0.06,0.13,0.24,0.387,0.504,0.536,0.547,0.541,0.529,0.47,0.44,0.465,0.473,0.477,0.481,0.461,0.466,0.476,0.48,0.461,0.466,0.476,0.48,0.461,0.466,0.476,0.48,0.461,0.466,0.476,0.48,0.461,0.466,0.476,0.48,0.461,0.466,0.476,0.48,0.461,0.466,0.476,0.48,0.461,0.466,0.476,0.48,0.461,0.466,0.476,0.48,0.461,0.466,0.476,0.48,0.461,0.466,0.476,0.48,0.461,0.466,0.476,0.48,0.461,0.466,0.476,0.48,0.461,0.466,0.476,0.48,0.461,0.466,0.476,0.48,0.461,0.466,0.476,0.48,0.461,0.466,0.476,0.48,0.461,0.466,0.476,0.48,0.461,0.466,0.476,0.48,0.461,0.466,0.476,0.48,0.461,0.466,0.476,
0.0,0.032,0.033,0.042,0.066,0.09,0.065,0.083,0.109,0.129,0.158,0.204,0.306,0.328,0.39,0.468,0.535,0.525,0.545,0.567,0.559,0.568,0.571,0.57,0.57,0.57,0.57,0.57,0.57,0.57,0.57,0.57,0.57,0.57,0.57,0.57,0.57,0.57,0.57,0.57,0.57,0.57,0.57,0.57,0.57,0.57,0.57,0.57,0.57,0.57,0.57,0.57,0.57,0.57,0.57,0.57,0.57,0.57,0.57,0.57,0.57,0.57,0.57,0.57,0.57,0.57,0.57,0.57,0.57,0.57,0.57,0.57,0.57,0.57,0.57,0.57,0.57,0.57,0.57,0.57,0.57,0.57,0.57,0.57,0.57,0.57,0.57,0.57,0.57,0.57,0.57,0.57,0.57,0.57,0.57,0.57,0.57,0.57,0.57,0.571,
0.0,0.25,0.343,0.412,0.483,0.527,0.519,0.524,0.536,0.532,0.553,0.552,0.578,0.561,0.553,0.525,0.539,0.547,0.562,0.559,0.565,0.542,0.561,0.572,0.578,0.577,0.56,0.582,0.566,0.557,0.538,0.533,0.535,0.536,0.526,0.547,0.526,0.556,0.557,0.571,0.57,0.552,0.575,0.559,0.55,0.536,0.528,0.539,0.531,0.508,0.545,0.53,0.564,0.573,0.578,0.577,0.56,0.582,0.566,0.557,0.537,0.528,0.539,0.531,0.508,0.545,0.53,0.564,0.573,0.578,0.577,0.56,0.582,0.566,0.557,0.537,0.528,0.539,0.531,0.508,0.545,0.53,0.564,0.573,0.578,0.577,0.56,0.582,0.566,0.557,0.537,0.528,0.539,0.531,0.508,0.545,0.53,0.564,0.573,0.567,
0.0,0.081,0.093,0.084,0.077,0.086,0.102,0.164,0.212,0.255,0.283,0.406,0.489,0.539,0.53,0.544,0.539,0.549,0.547,0.564,0.544,0.566,0.574,0.576,0.576,0.576,0.576,0.576,0.576,0.576,0.576,0.576,0.576,0.576,0.576,0.576,0.576,0.576,0.576,0.576,0.576,0.576,0.576,0.576,0.576,0.576,0.576,0.576,0.576,0.576,0.576,0.576,0.576,0.576,0.576,0.576,0.576,0.576,0.576,0.576,0.576,0.576,0.576,0.576,0.576,0.576,0.576,0.576,0.576,0.576,0.576,0.576,0.576,0.576,0.576,0.576,0.576,0.576,0.576,0.576,0.576,0.576,0.576,0.576,0.576,0.576,0.576,0.576,0.576,0.576,0.576,0.576,0.576,0.576,0.576,0.576,0.576,0.576,0.576,0.576,
0.0,0.009,0.029,0.014,0.028,0.014,0.028,0.037,0.042,0.013,0.024,0.01,0.029,0.014,0.064,0.013,0.024,0.025,0.044,0.015,0.028,0.016,0.028,0.02,0.025,0.01,0.029,0.014,0.028,0.014,0.028,0.014,0.028,0.014,0.028,0.014,0.028,0.014,0.028,0.02,0.045,0.018,0.044,0.014,0.028,0.031,0.075,0.014,0.024,0.01,0.029,0.014,0.028,0.014,0.028,0.014,0.028,0.014,0.028,0.014,0.028,0.014,0.028,0.014,0.028,0.014,0.028,0.014,0.028,0.014,0.028,0.014,0.028,0.014,0.028,0.037,0.042,0.013,0.024,0.01,0.029,0.014,0.064,0.013,0.024,0.01,0.029,0.014,0.064,0.013,0.024,0.01,0.025,0.017,0.025,0.017,0.026,0.017,0.026,0.017,
0.0,0.068,0.125,0.036,0.111,0.077,0.09,0.039,0.068,0.18,0.11,0.168,0.169,0.134,0.124,0.141,0.232,0.292,0.369,0.421,0.53,0.548,0.544,0.56,0.57,0.532,0.544,0.553,0.557,0.544,0.546,0.558,0.556,0.543,0.546,0.558,0.556,0.543,0.546,0.558,0.556,0.543,0.546,0.558,0.556,0.543,0.546,0.558,0.556,0.543,0.546,0.558,0.556,0.543,0.546,0.558,0.556,0.543,0.546,0.558,0.556,0.543,0.546,0.558,0.556,0.543,0.546,0.558,0.556,0.543,0.546,0.558,0.556,0.543,0.546,0.558,0.556,0.543,0.546,0.558,0.556,0.543,0.546,0.558,0.556,0.543,0.546,0.558,0.556,0.543,0.546,0.558,0.556,0.543,0.546,0.558,0.556,0.543,0.546,0.559,
0.0,0.037,0.121,0.073,0.107,0.072,0.14,0.178,0.195,0.299,0.398,0.504,0.536,0.553,0.555,0.558,0.558,0.558,0.558,0.558,0.558,0.558,0.558,0.558,0.558,0.558,0.558,0.558,0.558,0.558,0.558,0.558,0.558,0.558,0.558,0.558,0.558,0.558,0.558,0.558,0.558,0.558,0.558,0.558,0.558,0.558,0.558,0.558,0.558,0.558,0.558,0.558,0.558,0.558,0.558,0.558,0.558,0.558,0.558,0.558,0.558,0.558,0.558,0.558,0.558,0.558,0.558,0.558,0.558,0.558,0.558,0.558,0.558,0.558,0.558,0.558,0.558,0.558,0.558,0.558,0.558,0.558,0.558,0.558,0.558,0.558,0.558,0.558,0.558,0.558,0.558,0.558,0.558,0.558,0.558,0.558,0.558,0.558,0.558,0.558,
0.0,0.094,0.172,0.17,0.222,0.243,0.294,0.349,0.351,0.44,0.495,0.496,0.49,0.528,0.543,0.482,0.5,0.525,0.532,0.507,0.515,0.527,0.543,0.546,0.553,0.548,0.553,0.548,0.553,0.548,0.553,0.548,0.553,0.548,0.553,0.548,0.553,0.548,0.553,0.548,0.553,0.548,0.553,0.548,0.553,0.548,0.553,0.548,0.553,0.548,0.553,0.548,0.553,0.548,0.553,0.548,0.553,0.548,0.553,0.548,0.553,0.548,0.553,0.548,0.553,0.548,0.553,0.548,0.553,0.548,0.553,0.548,0.553,0.548,0.553,0.548,0.553,0.548,0.553,0.548,0.553,0.548,0.553,0.548,0.553,0.548,0.553,0.548,0.553,0.548,0.553,0.548,0.553,0.548,0.553,0.548,0.553,0.548,0.553,0.548,
0.0,0.01,-0.004,0.01,0.022,0.015,-0.004,0.01,-0.004,0.01,-0.004,0.01,-0.004,0.01,-0.004,0.01,-0.004,0.01,-0.004,0.01,-0.004,0.01,-0.004,0.01,-0.004,0.01,-0.004,0.01,-0.004,0.01,-0.004,0.01,-0.004,0.01,-0.004,0.01,-0.004,0.01,-0.004,0.01,-0.004,0.01,-0.004,0.01,-0.004,0.01,-0.004,0.01,-0.004,0.01,-0.004,0.01,-0.004,0.01,-0.004,0.01,-0.004,0.01,-0.004,0.01,-0.004,0.01,-0.004,0.01,-0.004,0.01,-0.004,0.01,-0.004,0.01,-0.004,0.01,-0.004,0.01,-0.004,0.01,-0.004,0.01,-0.004,0.01,-0.004,0.01,-0.004,0.01,-0.004,0.01,-0.004,0.01,-0.004,0.01,-0.004,0.01,-0.004,0.01,-0.004,0.01,-0.004,0.01,-0.004,0.01,
0.0,0.156,0.439,0.523,0.446,0.427,0.42,0.442,0.458,0.449,0.439,0.425,0.412,0.418,0.453,0.431,0.457,0.398,0.429,0.457,0.422,0.383,0.392,0.426,0.453,0.419,0.421,0.413,0.346,0.421,0.422,0.382,0.329,0.417,0.363,0.412,0.412,0.385,0.433,0.444,0.45,0.46,0.437,0.454,0.427,0.419,0.412,0.367,0.427,0.434,0.432,0.386,0.421,0.443,0.425,0.38,0.395,0.425,0.296,0.418,0.44,0.417,0.451,0.423,0.425,0.414,0.426,0.435,0.445,0.413,0.425,0.457,0.431,0.445,0.411,0.405,0.339,0.418,0.366,0.396,0.387,0.321,0.371,0.446,0.409,0.41,0.393,0.321,0.405,0.365,0.449,0.407,0.427,0.427,0.42,0.403,0.454,0.461,0.443,0.431,
0.0,0.042,0.058,0.016,0.02,0.033,0.032,0.076,0.13,0.191,0.258,0.347,0.446,0.505,0.529,0.56,0.569,0.57,0.57,0.57,0.57,0.57,0.57,0.57,0.57,0.57,0.57,0.57,0.57,0.57,0.57,0.57,0.57,0.57,0.57,0.57,0.57,0.57,0.57,0.57,0.57,0.57,0.57,0.57,0.57,0.57,0.57,0.57,0.57,0.57,0.57,0.57,0.57,0.57,0.57,0.57,0.57,0.57,0.57,0.57,0.57,0.57,0.57,0.57,0.57,0.57,0.57,0.57,0.57,0.57,0.57,0.57,0.57,0.57,0.57,0.57,0.57,0.57,0.57,0.57,0.57,0.57,0.57,0.57,0.57,0.57,0.57,0.57,0.57,0.57,0.57,0.57,0.57,0.57,0.57,0.57,0.57,0.57,0.57,0.571,
0.0,0.032,0.188,0.189,0.29,0.373,0.381,0.4,0.307,0.346,0.405,0.423,0.424,0.376,0.358,0.315,0.311,0.335,0.376,0.361,0.35,0.4,0.418,0.379,0.361,0.298,0.346,0.379,0.346,0.423,0.449,0.407,0.42,0.437,0.446,0.411,0.428,0.427,0.402,0.38,0.416,0.371,0.428,0.403,0.436,0.418,0.435,0.395,0.421,0.41,0.335,0.351,0.422,0.428,0.361,0.422,0.433,0.442,0.407,0.427,0.407,0.399,0.363,0.379,0.379,0.317,0.252,0.27,0.417,0.378,0.236,0.41,0.403,0.311,0.394,0.379,0.277,0.414,0.405,0.316,0.41,0.394,0.395,0.428,0.405,0.311,0.412,0.403,0.341,0.39,0.394,0.352,0.42,0.371,0.388,0.421,0.386,0.3,0.399,0.39,
0.0,0.161,0.287,0.318,0.377,0.335,0.31,0.366,0.432,0.371,0.399,0.389,0.371,0.401,0.344,0.396,0.424,0.354,0.41,0.374,0.412,0.444,0.407,0.4,0.42,0.412,0.428,0.412,0.401,0.437,0.459,0.462,0.454,0.36,0.311,0.375,0.419,0.418,0.418,0.423,0.431,0.403,0.317,0.405,0.35,0.39,0.333,0.406,0.405,0.431,0.446,0.455,0.408,0.41,0.342,0.311,0.389,0.357,0.397,0.405,0.424,0.411,0.43,0.408,0.43,0.433,0.327,0.263,0.342,0.333,0.38,0.401,0.29,0.404,0.418,0.402,0.434,0.384,0.404,0.367,0.36,0.39,0.387,0.42,0.433,0.436,0.369,0.403,0.43,0.402,0.392,0.399,0.407,0.351,0.34,0.334,0.302,0.408,0.399,0.404,
0.0,0.022,0.032,0.037,0.015,0.023,0.015,0.03,0.015,0.018,0.02,0.018,0.016,0.026,0.048,0.094,0.13,0.182,0.162,0.105,0.027,0.041,0.016,0.043,0.012,0.022,0.017,0.025,0.024,0.027,0.014,0.015,0.023,0.018,0.016,0.012,0.021,0.019,0.057,0.026,0.014,0.019,0.019,0.049,0.04,0.075,0.085,0.057,0.018,0.012,0.022,0.02,0.021,0.022,0.035,0.025,0.029,0.021,0.021,0.035,0.016,0.014,0.029,0.038,0.026,0.02,0.018,0.021,0.017,0.041,0.024,0.027,0.061,0.051,0.05,0.02,0.047,0.023,0.033,0.009,0.026,0.02,0.032,0.017,0.024,0.021,0.033,0.018,0.058,0.031,0.025,0.099,0.066,0.085,0.075,0.036,0.032,0.103,0.122,0.084,
0.0,0.153,0.191,0.333,0.361,0.412,0.397,0.314,0.324,0.334,0.377,0.425,0.447,0.387,0.404,0.418,0.365,0.36,0.399,0.433,0.429,0.426,0.44,0.431,0.43,0.426,0.44,0.41,0.438,0.401,0.396,0.408,0.381,0.417,0.397,0.341,0.349,0.373,0.368,0.378,0.397,0.409,0.348,0.349,0.385,0.418,0.412,0.39,0.347,0.376,0.364,0.414,0.44,0.411,0.438,0.417,0.415,0.423,0.399,0.403,0.383,0.249,0.341,0.341,0.417,0.421,0.438,0.38,0.415,0.401,0.414,0.425,0.406,0.434,0.398,0.408,0.419,0.437,0.427,0.44,0.408,0.393,0.417,0.44,0.43,0.442,0.361,0.371,0.408,0.419,0.437,0.443,0.38,0.353,0.395,0.371,0.411,0.422,0.409,0.42,
0.0,0.109,0.281,0.327,0.37,0.329,0.343,0.38,0.387,0.333,0.245,0.322,0.186,0.296,0.269,0.305,0.387,0.437,0.307,0.259,0.361,0.287,0.338,0.397,0.24,0.268,0.132,0.331,0.325,0.386,0.427,0.441,0.444,0.445,0.445,0.445,0.445,0.445,0.445,0.445,0.445,0.445,0.445,0.445,0.445,0.445,0.445,0.445,0.445,0.445,0.445,0.445,0.445,0.445,0.445,0.445,0.445,0.445,0.445,0.445,0.445,0.445,0.445,0.445,0.445,0.445,0.445,0.445,0.445,0.445,0.445,0.445,0.445,0.445,0.445,0.445,0.445,0.445,0.445,0.445,0.445,0.445,0.445,0.445,0.445,0.445,0.445,0.445,0.445,0.445,0.445,0.445,0.445,0.445,0.445,0.445,0.445,0.445,0.445,0.445,
0.0,0.019,0.03,0.025,0.024,0.019,0.021,0.024,0.041,0.02,0.024,0.024,0.024,0.02,0.024,0.02,0.024,0.02,0.024,0.02,0.024,0.02,0.024,0.02,0.024,0.02,0.024,0.02,0.024,0.02,0.024,0.02,0.024,0.02,0.024,0.02,0.024,0.02,0.038,0.019,0.039,0.023,0.022,0.018,0.021,0.02,0.021,0.02,0.021,0.023,0.04,0.025,0.024,0.02,0.024,0.02,0.024,0.02,0.024,0.02,0.024,0.02,0.024,0.02,0.024,0.02,0.04,0.024,0.024,0.02,0.024,0.02,0.024,0.02,0.024,0.02,0.024,0.02,0.024,0.02,0.038,0.019,0.039,0.023,0.022,0.018,0.038,0.019,0.038,0.019,0.021,0.02,0.022,0.02,0.022,0.02,0.022,0.026,0.044,0.02,
0.0,0.156,0.102,0.136,0.197,0.23,0.095,0.316,0.367,0.367,0.36,0.322,0.348,0.335,0.378,0.344,0.369,0.347,0.366,0.368,0.296,0.319,0.393,0.287,0.358,0.295,0.358,0.348,0.316,0.346,0.364,0.362,0.378,0.219,0.16,0.322,0.33,0.392,0.317,0.376,0.297,0.305,0.389,0.331,0.372,0.372,0.358,0.375,0.359,0.36,0.368,0.275,0.253,0.331,0.331,0.266,0.363,0.315,0.304,0.365,0.33,0.392,0.353,0.37,0.347,0.366,0.37,0.275,0.253,0.331,0.331,0.266,0.292,0.387,0.357,0.374,0.356,0.279,0.355,0.252,0.342,0.37,0.325,0.345,0.34,0.268,0.332,0.319,0.359,0.379,0.301,0.265,0.188,0.28,0.36,0.386,0.372,0.371,0.367,0.37,
0.0,0.252,0.21,0.297,0.43,0.424,0.442,0.439,0.512,0.386,0.344,0.17,0.251,0.291,0.345,0.394,0.369,0.442,0.414,0.348,0.355,0.283,0.198,0.131,0.123,0.091,0.195,0.307,0.313,0.3,0.285,0.238,0.257,0.301,0.183,0.247,0.343,0.315,0.343,0.29,0.32,0.347,0.403,0.213,0.305,0.216,0.315,0.244,0.231,0.178,0.176,0.327,0.331,0.396,0.362,0.415,0.404,0.377,0.263,0.192,0.22,0.292,0.352,0.354,0.291,0.341,0.386,0.355,0.381,0.362,0.375,0.364,0.311,0.358,0.299,0.431,0.408,0.419,0.343,0.449,0.49,0.51,0.481,0.44,0.484,0.421,0.467,0.519,0.487,0.42,0.45,0.462,0.418,0.398,0.473,0.414,0.451,0.392,0.493,0.415,
0.0,0.084,0.167,0.241,0.351,0.426,0.472,0.477,0.481,0.479,0.481,0.479,0.481,0.479,0.481,0.479,0.481,0.479,0.481,0.479,0.481,0.479,0.481,0.479,0.481,0.479,0.481,0.479,0.481,0.479,0.481,0.479,0.481,0.479,0.481,0.479,0.481,0.479,0.481,0.479,0.481,0.479,0.481,0.479,0.481,0.479,0.481,0.479,0.481,0.479,0.481,0.479,0.481,0.479,0.481,0.479,0.481,0.479,0.481,0.479,0.481,0.479,0.481,0.479,0.481,0.479,0.481,0.479,0.481,0.479,0.481,0.479,0.481,0.479,0.481,0.479,0.481,0.479,0.481,0.479,0.481,0.479,0.481,0.479,0.481,0.479,0.481,0.479,0.481,0.479,0.481,0.479,0.481,0.479,0.481,0.479,0.481,0.479,0.481,0.479,
0.0,0.089,0.142,0.078,0.046,0.06,0.056,0.086,0.081,0.189,0.222,0.204,0.288,0.428,0.467,0.527,0.504,0.506,0.509,0.561,0.487,0.528,0.491,0.563,0.481,0.511,0.515,0.53,0.525,0.568,0.494,0.532,0.567,0.518,0.534,0.538,0.521,0.525,0.536,0.539,0.539,0.539,0.539,0.539,0.539,0.539,0.539,0.539,0.539,0.539,0.539,0.539,0.539,0.539,0.539,0.539,0.539,0.539,0.539,0.539,0.539,0.539,0.539,0.539,0.539,0.539,0.539,0.539,0.539,0.539,0.539,0.539,0.539,0.539,0.539,0.539,0.539,0.539,0.539,0.539,0.539,0.539,0.539,0.539,0.539,0.539,0.539,0.539,0.539,0.539,0.539,0.539,0.539,0.539,0.539,0.539,0.539,0.539,0.539,0.539,
0.0,0.254,0.382,0.393,0.423,0.434,0.427,0.446,0.443,0.446,0.445,0.407,0.365,0.392,0.319,0.41,0.394,0.396,0.348,0.418,0.425,0.429,0.399,0.405,0.389,0.413,0.418,0.411,0.407,0.432,0.377,0.35,0.381,0.405,0.388,0.411,0.391,0.337,0.416,0.411,0.407,0.392,0.415,0.397,0.415,0.399,0.362,0.34,0.362,0.328,0.347,0.294,0.361,0.377,0.335,0.371,0.337,0.424,0.411,0.428,0.409,0.436,0.348,0.405,0.414,0.399,0.345,0.385,0.362,0.4,0.413,0.364,0.39,0.367,0.339,0.411,0.385,0.405,0.392,0.423,0.421,0.407,0.417,0.425,0.375,0.357,0.363,0.372,0.386,0.372,0.368,0.432,0.285,0.42,0.425,0.39,0.406,0.38,0.33,0.342,
0.0,0.065,0.167,0.211,0.272,0.363,0.454,0.538,0.528,0.517,0.522,0.528,0.536,0.524,0.538,0.536,0.545,0.537,0.545,0.537,0.545,0.537,0.545,0.537,0.545,0.537,0.545,0.537,0.545,0.537,0.545,0.537,0.545,0.537,0.545,0.537,0.545,0.537,0.545,0.537,0.545,0.537,0.545,0.537,0.545,0.537,0.545,0.537,0.545,0.537,0.545,0.537,0.545,0.537,0.545,0.537,0.545,0.537,0.545,0.537,0.545,0.537,0.545,0.537,0.545,0.537,0.545,0.537,0.545,0.537,0.545,0.537,0.545,0.537,0.545,0.537,0.545,0.537,0.545,0.537,0.545,0.537,0.545,0.537,0.545,0.537,0.545,0.537,0.545,0.537,0.545,0.537,0.545,0.537,0.545,0.537,0.545,0.537,0.545,0.537,
0.0,0.042,0.143,0.251,0.384,0.365,0.422,0.419,0.408,0.33,0.363,0.385,0.369,0.375,0.395,0.425,0.416,0.379,0.359,0.388,0.383,0.378,0.36,0.404,0.417,0.428,0.408,0.399,0.414,0.4,0.389,0.366,0.393,0.393,0.365,0.355,0.417,0.414,0.361,0.362,0.411,0.4,0.386,0.353,0.401,0.409,0.355,0.309,0.374,0.399,0.416,0.393,0.373,0.341,0.397,0.366,0.36,0.384,0.384,0.364,0.403,0.391,0.382,0.388,0.366,0.375,0.394,0.433,0.407,0.439,0.45,0.424,0.356,0.416,0.285,0.311,0.288,0.317,0.363,0.383,0.355,0.328,0.366,0.394,0.398,0.311,0.373,0.386,0.368,0.4,0.424,0.418,0.413,0.421,0.43,0.289,0.391,0.432,0.41,0.397,
0.0,0.232,0.264,0.354,0.339,0.432,0.361,0.39,0.402,0.348,0.342,0.432,0.425,0.445,0.446,0.409,0.438,0.447,0.433,0.437,0.405,0.438,0.422,0.425,0.447,0.447,0.432,0.447,0.433,0.437,0.405,0.438,0.422,0.425,0.447,0.447,0.419,0.423,0.445,0.446,0.446,0.407,0.424,0.388,0.411,0.4,0.346,0.353,0.287,0.374,0.319,0.258,0.36,0.349,0.35,0.302,0.413,0.341,0.366,0.356,0.384,0.389,0.411,0.445,0.397,0.427,0.392,0.346,0.403,0.371,0.393,0.381,0.338,0.328,0.234,0.412,0.396,0.366,0.345,0.433,0.445,0.425,0.378,0.313,0.268,0.389,0.319,0.279,0.342,0.362,0.387,0.425,0.409,0.421,0.439,0.422,0.397,0.427,0.398,0.406,
0.0,0.105,0.177,0.294,0.383,0.454,0.468,0.519,0.531,0.541,0.537,0.542,0.537,0.542,0.537,0.542,0.537,0.542,0.537,0.542,0.537,0.542,0.537,0.542,0.537,0.542,0.537,0.542,0.537,0.542,0.537,0.542,0.537,0.542,0.537,0.542,0.537,0.542,0.537,0.542,0.537,0.542,0.537,0.542,0.537,0.542,0.537,0.542,0.537,0.542,0.537,0.542,0.537,0.542,0.537,0.542,0.537,0.542,0.537,0.542,0.537,0.542,0.537,0.542,0.537,0.542,0.537,0.542,0.537,0.542,0.537,0.542,0.537,0.542,0.537,0.542,0.537,0.542,0.537,0.542,0.537,0.542,0.537,0.542,0.537,0.542,0.537,0.542,0.537,0.542,0.537,0.542,0.537,0.542,0.537,0.542,0.537,0.542,0.537,0.542,
0.0,0.1,0.077,0.097,0.091,0.158,0.325,0.477,0.517,0.573,0.555,0.571,0.569,0.53,0.522,0.572,0.581,0.556,0.571,0.569,0.53,0.522,0.572,0.581,0.556,0.571,0.569,0.53,0.522,0.572,0.581,0.556,0.571,0.569,0.53,0.522,0.572,0.581,0.556,0.571,0.569,0.53,0.522,0.572,0.581,0.556,0.571,0.569,0.53,0.522,0.572,0.581,0.556,0.571,0.569,0.53,0.522,0.572,0.581,0.556,0.571,0.569,0.53,0.522,0.572,0.581,0.556,0.571,0.569,0.53,0.522,0.572,0.581,0.556,0.571,0.569,0.53,0.522,0.572,0.581,0.556,0.571,0.569,0.53,0.522,0.572,0.581,0.556,0.571,0.569,0.53,0.522,0.572,0.581,0.556,0.571,0.569,0.53,0.522,0.56,
0.0,0.045,0.04,0.046,0.037,0.041,0.089,0.05,0.073,0.058,0.048,0.059,0.048,0.054,0.079,0.094,0.082,0.096,0.048,0.048,0.06,0.075,0.084,0.136,0.185,0.216,0.199,0.185,0.161,0.201,0.195,0.233,0.275,0.382,0.445,0.5,0.524,0.562,0.569,0.575,0.576,0.576,0.576,0.576,0.576,0.576,0.576,0.576,0.576,0.576,0.576,0.576,0.576,0.576,0.576,0.576,0.576,0.576,0.576,0.576,0.576,0.576,0.576,0.576,0.576,0.576,0.576,0.576,0.576,0.576,0.576,0.576,0.576,0.576,0.576,0.576,0.576,0.576,0.576,0.576,0.576,0.576,0.576,0.576,0.576,0.576,0.576,0.576,0.576,0.576,0.576,0.576,0.576,0.576,0.576,0.576,0.576,0.576,0.576,0.577,
0.0,0.096,0.098,0.109,0.149,0.128,0.157,0.209,0.176,0.203,0.298,0.419,0.478,0.518,0.524,0.541,0.553,0.54,0.556,0.554,0.547,0.553,0.547,0.553,0.547,0.553,0.547,0.553,0.547,0.553,0.547,0.553,0.547,0.553,0.547,0.553,0.547,0.553,0.547,0.553,0.547,0.553,0.547,0.553,0.547,0.553,0.547,0.553,0.547,0.553,0.547,0.553,0.547,0.553,0.547,0.553,0.547,0.553,0.547,0.553,0.547,0.553,0.547,0.553,0.547,0.553,0.547,0.553,0.547,0.553,0.547,0.553,0.547,0.553,0.547,0.553,0.547,0.553,0.547,0.553,0.547,0.553,0.547,0.553,0.547,0.553,0.547,0.553,0.547,0.553,0.547,0.553,0.547,0.553,0.547,0.553,0.547,0.553,0.547,0.554,
0.0,0.137,0.145,0.173,0.207,0.276,0.399,0.512,0.548,0.555,0.571,0.56,0.57,0.566,0.565,0.563,0.569,0.566,0.572,0.574,0.574,0.576,0.559,0.557,0.569,0.566,0.565,0.563,0.569,0.566,0.572,0.574,0.574,0.576,0.559,0.557,0.569,0.566,0.565,0.563,0.569,0.566,0.572,0.574,0.574,0.576,0.559,0.557,0.569,0.566,0.565,0.563,0.569,0.566,0.572,0.574,0.574,0.576,0.559,0.557,0.569,0.566,0.565,0.563,0.569,0.566,0.572,0.574,0.574,0.576,0.559,0.557,0.569,0.566,0.565,0.563,0.569,0.566,0.572,0.574,0.574,0.576,0.559,0.557,0.569,0.566,0.565,0.563,0.569,0.566,0.572,0.574,0.574,0.576,0.559,0.557,0.569,0.566,0.565,0.564,
0.0,0.035,0.049,0.099,0.113,0.067,0.212,0.22,0.17,0.146,0.216,0.324,0.331,0.347,0.338,0.342,0.39,0.474,0.486,0.449,0.511,0.486,0.463,0.503,0.43,0.391,0.423,0.435,0.447,0.478,0.435,0.447,0.465,0.464,0.477,0.417,0.383,0.405,0.409,0.461,0.495,0.472,0.466,0.496,0.461,0.46,0.455,0.507,0.439,0.42,0.446,0.479,0.488,0.478,0.443,0.451,0.468,0.499,0.479,0.468,0.517,0.436,0.429,0.477,0.473,0.471,0.493,0.497,0.423,0.407,0.423,0.477,0.458,0.444,0.443,0.474,0.488,0.487,0.435,0.444,0.492,0.491,0.437,0.492,0.473,0.443,0.447,0.424,0.402,0.459,0.447,0.515,0.501,0.472,0.459,0.457,0.459,0.445,0.469,0.407,
0.0,0.039,0.06,0.089,0.149,0.338,0.459,0.565,0.572,0.579,0.574,0.58,0.574,0.58,0.574,0.58,0.574,0.58,0.574,0.58,0.574,0.58,0.574,0.58,0.574,0.58,0.574,0.58,0.574,0.58,0.574,0.58,0.574,0.58,0.574,0.58,0.574,0.58,0.574,0.58,0.574,0.58,0.574,0.58,0.574,0.58,0.574,0.58,0.574,0.58,0.574,0.58,0.574,0.58,0.574,0.58,0.574,0.58,0.574,0.58,0.574,0.58,0.574,0.58,0.574,0.58,0.574,0.58,0.574,0.58,0.574,0.58,0.574,0.58,0.574,0.58,0.574,0.58,0.574,0.58,0.574,0.58,0.574,0.58,0.574,0.58,0.574,0.58,0.574,0.58,0.574,0.58,0.574,0.58,0.574,0.58,0.574,0.58,0.574,0.58,
0.0,0.006,0.001,0.004,0.002,0.006,0.001,0.004,0.002,0.006,0.014,0.002,0.006,0.002,0.006,0.001,0.004,0.004,0.009,0.011,0.001,0.009,0.011,0.053,0.025,0.004,0.004,0.006,0.001,0.004,0.002,0.006,0.001,0.004,0.002,0.012,0.001,0.006,0.036,0.004,0.002,0.006,0.001,0.004,0.004,0.012,0.016,0.007,0.0,0.004,0.002,0.006,0.001,0.004,0.003,0.004,0.002,0.006,0.025,0.002,0.006,0.002,0.016,0.014,0.037,0.087,0.012,0.001,0.009,0.0,0.004,0.002,0.038,0.007,0.002,0.006,0.036,0.004,0.002,0.006,0.013,0.03,0.0,0.017,0.0,0.021,0.0,0.004,0.004,0.006,0.001,0.004,0.002,0.006,0.001,0.004,0.004,0.006,0.001,0.004,
0.0,0.013,0.015,0.013,0.018,0.025,0.016,0.015,0.021,0.023,0.016,0.015,0.021,0.023,0.015,0.025,0.016,0.015,0.021,0.023,0.016,0.015,0.021,0.023,0.015,0.025,0.016,0.015,0.021,0.023,0.016,0.015,0.021,0.023,0.03,0.016,0.016,0.015,0.021,0.023,0.016,0.015,0.021,0.023,0.016,0.015,0.021,0.023,0.016,0.015,0.021,0.023,0.028,0.017,0.017,0.019,0.017,0.026,0.017,0.019,0.017,0.019,0.017,0.019,0.017,0.019,0.031,0.016,0.03,0.023,0.016,0.015,0.021,0.023,0.015,0.025,0.016,0.015,0.021,0.023,0.015,0.025,0.016,0.015,0.021,0.023,0.015,0.025,0.016,0.015,0.021,0.023,0.015,0.025,0.016,0.028,0.017,0.015,0.021,0.023,
0.0,0.198,0.312,0.382,0.257,0.348,0.297,0.286,0.384,0.443,0.395,0.432,0.438,0.339,0.398,0.392,0.437,0.388,0.341,0.434,0.326,0.368,0.33,0.434,0.399,0.444,0.434,0.445,0.383,0.385,0.435,0.391,0.438,0.398,0.409,0.4,0.347,0.407,0.436,0.445,0.446,0.383,0.385,0.376,0.405,0.444,0.376,0.429,0.346,0.363,0.387,0.424,0.412,0.451,0.399,0.449,0.354,0.415,0.35,0.403,0.302,0.379,0.382,0.373,0.42,0.411,0.451,0.399,0.433,0.439,0.445,0.446,0.446,0.446,0.446,0.446,0.446,0.446,0.446,0.446,0.446,0.446,0.446,0.446,0.446,0.446,0.446,0.446,0.446,0.446,0.446,0.446,0.446,0.446,0.446,0.446,0.446,0.446,0.446,0.408,
0.0,0.109,0.131,0.27,0.367,0.463,0.47,0.506,0.523,0.524,0.526,0.524,0.526,0.524,0.526,0.524,0.526,0.524,0.526,0.524,0.526,0.524,0.526,0.524,0.526,0.524,0.526,0.524,0.526,0.524,0.526,0.524,0.526,0.524,0.526,0.524,0.526,0.524,0.526,0.524,0.526,0.524,0.526,0.524,0.526,0.524,0.526,0.524,0.526,0.524,0.526,0.524,0.526,0.524,0.526,0.524,0.526,0.524,0.526,0.524,0.526,0.524,0.526,0.524,0.526,0.524,0.526,0.524,0.526,0.524,0.526,0.524,0.526,0.524,0.526,0.524,0.526,0.524,0.526,0.524,0.526,0.524,0.526,0.524,0.526,0.524,0.526,0.524,0.526,0.524,0.526,0.524,0.526,0.524,0.526,0.524,0.526,0.524,0.526,0.524,
0.0,0.084,0.065,0.155,0.179,0.097,0.018,0.22,0.343,0.18,0.214,0.338,0.28,0.207,0.285,0.358,0.312,0.24,0.309,0.225,0.419,0.352,0.425,0.366,0.416,0.405,0.161,0.104,0.223,0.371,0.437,0.426,0.412,0.317,0.408,0.285,0.422,0.37,0.405,0.262,0.194,0.074,-0.069,0.287,0.061,0.268,0.34,0.429,0.405,0.408,0.416,0.411,0.4,0.385,0.354,0.232,0.319,0.385,0.408,0.442,0.429,0.33,0.027,0.37,0.43,0.35,0.376,0.283,0.189,-0.054,0.288,0.25,0.348,0.367,0.414,0.384,0.428,0.391,0.379,0.248,0.267,0.401,0.41,0.444,0.43,0.361,0.28,0.21,0.374,0.226,0.041,0.195,0.235,0.372,0.432,0.432,0.416,0.444,0.276,0.214,
0.0,0.281,0.309,0.305,0.23,0.334,0.319,0.304,0.274,0.319,0.32,0.333,0.361,0.378,0.337,0.313,0.242,0.269,0.217,0.169,0.243,0.116,0.304,0.271,0.317,0.37,0.336,0.212,0.358,0.285,0.255,0.291,0.316,0.233,0.339,0.307,0.399,0.294,0.237,0.363,0.324,0.328,0.337,0.364,0.401,0.342,0.305,0.351,0.338,0.279,0.285,0.284,0.301,0.378,0.371,0.358,0.373,0.38,0.282,0.327,0.396,0.357,0.359,0.358,0.386,0.385,0.348,0.319,0.311,0.36,0.293,0.303,0.336,0.269,0.265,0.152,0.244,0.246,0.319,0.326,0.301,0.252,0.341,0.34,0.331,0.348,0.316,0.39,0.367,0.365,0.307,0.382,0.327,0.344,0.319,0.242,0.212,0.283,0.306,0.417,
0.0,0.075,0.274,0.305,0.302,0.33,0.351,0.397,0.407,0.368,0.35,0.328,0.348,0.369,0.363,0.385,0.436,0.458,0.411,0.399,0.401,0.42,0.353,0.45,0.461,0.462,0.463,0.439,0.378,0.437,0.389,0.401,0.418,0.407,0.443,0.426,0.333,0.343,0.401,0.389,0.305,0.41,0.419,0.414,0.386,0.395,0.33,0.37,0.436,0.389,0.401,0.347,0.401,0.329,0.354,0.425,0.35,0.376,0.396,0.431,0.441,0.433,0.449,0.428,0.414,0.309,0.364,0.372,0.371,0.339,0.398,0.387,0.34,0.324,0.386,0.3,0.344,0.306,0.381,0.39,0.438,0.401,0.442,0.379,0.423,0.325,0.315,0.304,0.363,0.356,0.388,0.392,0.438,0.372,0.348,0.369,0.36,0.329,0.349,0.356,
0.0,0.006,0.089,0.025,0.072,0.098,0.358,0.465,0.523,0.537,0.553,0.558,0.558,0.558,0.558,0.558,0.558,0.558,0.558,0.558,0.558,0.558,0.558,0.558,0.558,0.558,0.558,0.558,0.558,0.558,0.558,0.558,0.558,0.558,0.558,0.558,0.558,0.558,0.558,0.558,0.558,0.558,0.558,0.558,0.558,0.558,0.558,0.558,0.558,0.558,0.558,0.558,0.558,0.558,0.558,0.558,0.558,0.558,0.558,0.558,0.558,0.558,0.558,0.558,0.558,0.558,0.558,0.558,0.558,0.558,0.558,0.558,0.558,0.558,0.558,0.558,0.558,0.558,0.558,0.558,0.558,0.558,0.558,0.558,0.558,0.558,0.558,0.558,0.558,0.558,0.558,0.558,0.558,0.558,0.558,0.558,0.558,0.558,0.558,0.558,
0.0,0.0,0.035,0.129,0.18,0.321,0.459,0.491,0.506,0.48,0.544,0.548,0.551,0.549,0.551,0.549,0.551,0.549,0.551,0.549,0.551,0.549,0.551,0.549,0.551,0.549,0.551,0.549,0.551,0.549,0.551,0.549,0.551,0.549,0.551,0.549,0.551,0.549,0.551,0.549,0.551,0.549,0.551,0.549,0.551,0.549,0.551,0.549,0.551,0.549,0.551,0.549,0.551,0.549,0.551,0.549,0.551,0.549,0.551,0.549,0.551,0.549,0.551,0.549,0.551,0.549,0.551,0.549,0.551,0.549,0.551,0.549,0.551,0.549,0.551,0.549,0.551,0.549,0.551,0.549,0.551,0.549,0.551,0.549,0.551,0.549,0.551,0.549,0.551,0.549,0.551,0.549,0.551,0.549,0.551,0.549,0.551,0.549,0.551,0.549,
0.0,0.045,0.1,0.079,0.097,0.057,0.093,0.136,0.23,0.374,0.47,0.476,0.528,0.547,0.55,0.55,0.552,0.551,0.552,0.551,0.552,0.551,0.552,0.551,0.552,0.551,0.552,0.551,0.552,0.551,0.552,0.551,0.552,0.551,0.552,0.551,0.552,0.551,0.552,0.551,0.552,0.551,0.552,0.551,0.552,0.551,0.552,0.551,0.552,0.551,0.552,0.551,0.552,0.551,0.552,0.551,0.552,0.551,0.552,0.551,0.552,0.551,0.552,0.551,0.552,0.551,0.552,0.551,0.552,0.551,0.552,0.551,0.552,0.551,0.552,0.551,0.552,0.551,0.552,0.551,0.552,0.551,0.552,0.551,0.552,0.551,0.552,0.551,0.552,0.551,0.552,0.551,0.552,0.551,0.552,0.551,0.552,0.551,0.552,0.551,
0.0,-0.068,0.234,0.314,0.369,0.234,0.386,0.385,0.307,0.372,0.417,0.417,0.474,0.373,0.31,0.357,0.377,0.418,0.427,0.378,0.421,0.441,0.381,0.356,0.448,0.366,0.369,0.358,0.428,0.429,0.455,0.363,0.32,0.302,0.411,0.388,0.404,0.383,0.406,0.392,0.397,0.406,0.403,0.434,0.423,0.394,0.452,0.426,0.413,0.455,0.437,0.426,0.43,0.43,0.413,0.372,0.401,0.426,0.412,0.45,0.413,0.439,0.347,0.232,0.305,0.326,0.419,0.374,0.442,0.451,0.45,0.443,0.427,0.356,0.415,0.409,0.416,0.425,0.351,0.368,0.415,0.418,0.423,0.4,0.441,0.374,0.412,0.45,0.36,0.418,0.375,0.363,0.395,0.379,0.405,0.437,0.451,0.394,0.369,0.36,
0.0,0.049,0.163,0.311,0.365,0.356,0.426,0.423,0.412,0.273,0.219,0.201,0.301,0.357,0.378,0.403,0.316,0.374,0.42,0.375,0.309,0.344,0.365,0.34,0.419,0.444,0.449,0.449,0.449,0.449,0.449,0.449,0.449,0.449,0.352,0.392,0.371,0.318,0.323,0.273,0.332,0.36,0.405,0.311,0.329,0.331,0.391,0.361,0.332,0.164,0.268,0.337,0.416,0.329,0.254,0.372,0.403,0.31,0.34,0.341,0.376,0.381,0.407,0.398,0.431,0.44,0.442,0.442,0.441,0.442,0.441,0.442,0.441,0.442,0.441,0.442,0.424,0.399,0.349,0.406,0.423,0.25,0.321,0.35,0.335,0.372,0.38,0.387,0.366,0.432,0.36,0.394,0.359,0.325,0.345,0.431,0.419,0.385,0.342,0.4,
0.0,0.109,0.099,0.213,0.26,0.418,0.506,0.556,0.563,0.567,0.564,0.567,0.564,0.567,0.564,0.567,0.564,0.567,0.564,0.567,0.564,0.567,0.564,0.567,0.564,0.567,0.564,0.567,0.564,0.567,0.564,0.567,0.564,0.567,0.564,0.567,0.564,0.567,0.564,0.567,0.564,0.567,0.564,0.567,0.564,0.567,0.564,0.567,0.564,0.567,0.564,0.567,0.564,0.567,0.564,0.567,0.564,0.567,0.564,0.567,0.564,0.567,0.564,0.567,0.564,0.567,0.564,0.567,0.564,0.567,0.564,0.567,0.564,0.567,0.564,0.567,0.564,0.567,0.564,0.567,0.564,0.567,0.564,0.567,0.564,0.567,0.564,0.567,0.564,0.567,0.564,0.567,0.564,0.567,0.564,0.567,0.564,0.567,0.564,0.567,
0.0,0.075,0.237,0.298,0.466,0.538,0.557,0.558,0.541,0.542,0.563,0.512,0.502,0.533,0.537,0.555,0.535,0.557,0.569,0.566,0.571,0.566,0.571,0.566,0.571,0.566,0.571,0.566,0.571,0.566,0.571,0.566,0.571,0.566,0.571,0.566,0.571,0.566,0.571,0.566,0.571,0.566,0.571,0.566,0.571,0.566,0.571,0.566,0.571,0.566,0.571,0.566,0.571,0.566,0.571,0.566,0.571,0.566,0.571,0.566,0.571,0.566,0.571,0.566,0.571,0.566,0.571,0.566,0.571,0.566,0.571,0.566,0.571,0.566,0.571,0.566,0.571,0.566,0.571,0.566,0.571,0.566,0.571,0.566,0.571,0.566,0.571,0.566,0.571,0.566,0.571,0.566,0.571,0.566,0.571,0.566,0.571,0.566,0.571,0.569,
0.0,0.083,0.124,0.291,0.401,0.427,0.461,0.493,0.524,0.529,0.533,0.536,0.51,0.555,0.51,0.505,0.554,0.511,0.506,0.559,0.519,0.51,0.559,0.519,0.51,0.559,0.519,0.51,0.559,0.519,0.51,0.559,0.519,0.51,0.559,0.519,0.51,0.559,0.519,0.51,0.559,0.519,0.51,0.559,0.519,0.51,0.559,0.519,0.51,0.559,0.519,0.51,0.559,0.519,0.51,0.559,0.519,0.51,0.559,0.519,0.51,0.559,0.519,0.51,0.559,0.519,0.51,0.559,0.519,0.51,0.559,0.519,0.51,0.559,0.519,0.51,0.559,0.519,0.51,0.559,0.519,0.51,0.559,0.519,0.51,0.559,0.519,0.51,0.559,0.519,0.51,0.559,0.519,0.51,0.559,0.519,0.51,0.559,0.519,0.51,
0.0,0.152,0.192,0.262,0.194,0.3,0.324,0.377,0.353,0.364,0.41,0.355,0.368,0.336,0.369,0.357,0.39,0.372,0.357,0.266,0.283,0.309,0.301,0.299,0.339,0.385,0.374,0.284,0.254,0.283,0.285,0.184,0.277,0.305,0.309,0.258,0.215,0.248,0.29,0.23,0.378,0.381,0.345,0.328,0.261,0.239,0.252,0.255,0.107,0.262,0.105,0.324,0.33,0.342,0.339,0.354,0.305,0.412,0.43,0.396,0.261,0.256,0.28,0.299,0.229,0.332,0.349,0.303,0.247,0.314,0.292,0.218,0.302,0.25,0.279,0.379,0.32,0.296,0.271,0.27,0.367,0.353,0.38,0.434,0.413,0.325,0.234,0.314,0.332,0.368,0.3,0.232,0.269,0.321,0.362,0.331,0.402,0.406,0.415,0.353,
0.0,0.003,0.002,0.003,0.022,0.031,0.0,0.003,0.037,0.103,0.056,0.024,0.009,0.002,0.006,0.002,0.003,0.002,0.003,0.002,0.003,0.008,0.002,0.009,0.002,0.003,0.002,0.009,0.002,0.003,0.002,0.003,0.002,0.003,0.002,0.003,0.002,0.003,0.002,0.009,0.002,0.023,0.002,0.003,0.022,0.005,0.005,0.002,0.003,0.022,0.003,0.002,0.003,0.008,0.002,0.005,0.013,0.002,0.003,0.002,0.003,0.002,0.003,0.002,0.003,0.002,0.003,0.089,0.146,0.22,0.36,0.497,0.53,0.558,0.532,0.525,0.554,0.559,0.53,0.526,0.554,0.559,0.53,0.526,0.554,0.559,0.53,0.526,0.554,0.559,0.53,0.526,0.554,0.559,0.53,0.526,0.554,0.559,0.53,0.526,
0.0,0.094,0.207,0.219,0.336,0.401,0.395,0.357,0.372,0.436,0.38,0.369,0.425,0.443,0.448,0.45,0.379,0.28,0.412,0.396,0.426,0.421,0.44,0.446,0.448,0.448,0.448,0.434,0.443,0.447,0.448,0.415,0.306,0.374,0.412,0.395,0.352,0.416,0.441,0.447,0.448,0.448,0.448,0.448,0.448,0.448,0.448,0.448,0.448,0.448,0.448,0.448,0.448,0.448,0.448,0.448,0.448,0.448,0.448,0.448,0.448,0.448,0.448,0.448,0.448,0.448,0.448,0.448,0.448,0.448,0.448,0.448,0.448,0.448,0.448,0.448,0.448,0.448,0.448,0.448,0.448,0.448,0.448,0.448,0.448,0.448,0.448,0.448,0.448,0.448,0.448,0.448,0.448,0.448,0.448,0.448,0.448,0.448,0.448,0.433,
0.0,0.078,0.231,0.331,0.361,0.376,0.319,0.366,0.383,0.334,0.374,0.434,0.377,0.31,0.362,0.344,0.324,0.334,0.289,0.322,0.372,0.417,0.421,0.441,0.341,0.411,0.256,0.272,0.387,0.401,0.414,0.196,0.289,0.379,0.332,0.353,0.42,0.434,0.398,0.194,0.381,0.382,0.398,0.365,0.419,0.453,0.451,0.452,0.423,0.448,0.449,0.423,0.42,0.447,0.332,0.39,0.423,0.399,0.19,0.258,0.343,0.359,0.411,0.355,0.418,0.42,0.385,0.376,0.401,0.345,0.355,0.325,0.414,0.306,0.304,0.393,0.402,0.447,0.449,0.449,0.449,0.42,0.318,0.355,0.16,0.356,0.327,0.372,0.369,0.418,0.41,0.323,0.347,0.261,0.305,0.414,0.351,0.256,0.377,0.324,
0.0,0.069,0.09,0.272,0.396,0.507,0.542,0.567,0.556,0.57,0.557,0.57,0.557,0.57,0.557,0.57,0.557,0.57,0.557,0.57,0.557,0.57,0.557,0.57,0.557,0.57,0.557,0.57,0.557,0.57,0.557,0.57,0.557,0.57,0.557,0.57,0.557,0.57,0.557,0.57,0.557,0.57,0.557,0.57,0.557,0.57,0.557,0.57,0.557,0.57,0.557,0.57,0.557,0.57,0.557,0.57,0.557,0.57,0.557,0.57,0.557,0.57,0.557,0.57,0.557,0.57,0.557,0.57,0.557,0.57,0.557,0.57,0.557,0.57,0.557,0.57,0.557,0.57,0.557,0.57,0.557,0.57,0.557,0.57,0.557,0.57,0.557,0.57,0.557,0.57,0.557,0.57,0.557,0.57,0.557,0.57,0.557,0.57,0.557,0.57,
0.0,0.167,0.195,0.239,0.258,0.394,0.425,0.5,0.542,0.559,0.549,0.564,0.547,0.548,0.547,0.548,0.547,0.548,0.547,0.548,0.547,0.548,0.547,0.548,0.547,0.548,0.547,0.548,0.547,0.548,0.547,0.548,0.547,0.548,0.547,0.548,0.547,0.548,0.547,0.548,0.547,0.548,0.547,0.548,0.547,0.548,0.547,0.548,0.547,0.548,0.547,0.548,0.547,0.548,0.547,0.548,0.547,0.548,0.547,0.548,0.547,0.548,0.547,0.548,0.547,0.548,0.547,0.548,0.547,0.548,0.547,0.548,0.547,0.548,0.547,0.548,0.547,0.548,0.547,0.548,0.547,0.548,0.547,0.548,0.547,0.548,0.547,0.548,0.547,0.548,0.547,0.548,0.547,0.548,0.547,0.548,0.547,0.548,0.547,0.549,
0.0,0.135,0.219,0.365,0.365,0.33,0.279,0.288,0.344,0.343,0.355,0.339,0.325,0.323,0.314,0.29,0.37,0.301,0.291,0.37,0.364,0.338,0.354,0.374,0.344,0.364,0.389,0.368,0.351,0.269,0.289,0.291,0.272,0.267,0.287,0.313,0.376,0.21,0.27,0.352,0.311,0.275,0.268,0.406,0.36,0.34,0.272,0.353,0.259,0.253,0.265,0.346,0.25,0.273,0.209,0.342,0.305,0.384,0.415,0.401,0.383,0.297,0.36,0.332,0.351,0.239,0.186,0.304,0.291,0.27,0.228,0.28,0.353,0.303,0.307,0.253,0.372,0.38,0.273,0.187,0.361,0.326,0.261,0.285,0.395,0.347,0.277,0.336,0.276,0.254,0.291,0.332,0.372,0.363,0.371,0.291,0.28,0.316,0.338,0.316,
0.0,-0.006,0.113,0.335,0.337,0.239,0.098,0.25,0.295,0.382,0.41,0.438,0.38,0.44,0.444,0.457,0.426,0.346,0.44,0.44,0.446,0.457,0.412,0.448,0.351,0.41,0.431,0.435,0.389,0.383,0.4,0.391,0.328,0.341,0.415,0.408,0.425,0.393,0.407,0.427,0.383,0.329,0.357,0.407,0.386,0.431,0.438,0.389,0.35,0.407,0.277,0.282,0.291,0.323,0.287,0.421,0.43,0.417,0.353,0.213,0.352,0.409,0.431,0.387,0.399,0.389,0.395,0.396,0.34,0.38,0.368,0.275,0.39,0.315,0.382,0.445,0.241,0.215,0.367,0.37,0.332,0.274,0.399,0.421,0.384,0.422,0.418,0.411,0.353,0.394,0.413,0.381,0.372,0.383,0.245,0.236,0.241,0.399,0.415,0.373,
0.0,0.03,0.197,0.238,0.334,0.35,0.411,0.468,0.416,0.357,0.403,0.386,0.398,0.432,0.438,0.425,0.438,0.434,0.433,0.418,0.393,0.361,0.424,0.409,0.351,0.32,0.401,0.436,0.396,0.419,0.44,0.437,0.426,0.374,0.393,0.447,0.433,0.435,0.437,0.423,0.423,0.45,0.433,0.405,0.41,0.433,0.4,0.404,0.417,0.447,0.453,0.456,0.451,0.459,0.472,0.472,0.438,0.433,0.359,0.38,0.39,0.401,0.363,0.401,0.373,0.395,0.443,0.437,0.437,0.426,0.419,0.436,0.39,0.354,0.383,0.432,0.421,0.442,0.43,0.423,0.436,0.449,0.437,0.409,0.429,0.426,0.451,0.434,0.366,0.346,0.348,0.395,0.437,0.426,0.434,0.442,0.387,0.427,0.415,0.421,
0.0,0.219,0.317,0.356,0.406,0.379,0.381,0.417,0.397,0.356,0.385,0.44,0.436,0.421,0.4,0.458,0.351,0.265,0.354,0.363,0.36,0.331,0.389,0.384,0.359,0.353,0.4,0.355,0.398,0.423,0.426,0.426,0.406,0.397,0.429,0.381,0.448,0.388,0.385,0.324,0.448,0.373,0.376,0.325,0.421,0.452,0.393,0.37,0.417,0.421,0.413,0.394,0.427,0.416,0.423,0.451,0.451,0.433,0.402,0.409,0.31,0.284,0.384,0.384,0.373,0.399,0.413,0.365,0.406,0.386,0.419,0.433,0.351,0.44,0.424,0.407,0.421,0.451,0.379,0.394,0.305,0.359,0.371,0.37,0.373,0.37,0.445,0.444,0.36,0.416,0.398,0.449,0.384,0.304,0.426,0.397,0.409,0.431,0.398,0.378,
0.0,0.08,0.161,0.162,0.203,0.349,0.314,0.318,0.343,0.384,0.28,0.225,0.372,0.409,0.418,0.391,0.424,0.426,0.399,0.364,0.297,0.226,0.331,0.305,0.355,0.415,0.44,0.408,0.426,0.453,0.447,0.429,0.4,0.414,0.443,0.435,0.384,0.386,0.36,0.407,0.411,0.427,0.36,0.425,0.442,0.421,0.429,0.377,0.408,0.439,0.45,0.445,0.452,0.414,0.369,0.36,0.399,0.412,0.439,0.421,0.373,0.376,0.421,0.429,0.392,0.42,0.444,0.421,0.432,0.414,0.406,0.438,0.435,0.386,0.426,0.447,0.367,0.372,0.407,0.423,0.421,0.387,0.351,0.353,0.389,0.43,0.443,0.427,0.417,0.4,0.435,0.434,0.406,0.354,0.372,0.408,0.441,0.431,0.401,0.397,
0.0,0.259,0.302,0.221,0.265,0.301,0.189,0.201,0.381,0.373,0.252,0.357,0.322,0.357,0.31,0.362,0.249,0.238,0.386,0.434,0.433,0.437,0.414,0.437,0.434,0.438,0.398,0.394,0.428,0.408,0.404,0.364,0.344,0.311,0.311,0.372,0.382,0.344,0.398,0.356,0.373,0.394,0.413,0.343,0.374,0.366,0.39,0.419,0.407,0.433,0.363,0.402,0.409,0.433,0.432,0.403,0.369,0.435,0.338,0.367,0.388,0.433,0.42,0.37,0.392,0.426,0.3,0.398,0.41,0.387,0.312,0.288,0.301,0.429,0.342,0.279,0.302,0.25,0.329,0.254,0.297,0.282,0.289,0.308,0.374,0.213,0.346,0.368,0.399,0.34,0.374,0.379,0.328,0.342,0.376,0.312,0.285,0.394,0.382,0.409,
0.0,0.065,0.051,0.079,0.059,0.066,0.122,0.144,0.203,0.204,0.235,0.221,0.269,0.403,0.468,0.535,0.543,0.568,0.573,0.574,0.574,0.574,0.574,0.574,0.574,0.574,0.574,0.574,0.574,0.574,0.574,0.574,0.574,0.574,0.574,0.574,0.574,0.574,0.574,0.574,0.574,0.574,0.574,0.574,0.574,0.574,0.574,0.574,0.574,0.574,0.574,0.574,0.574,0.574,0.574,0.574,0.574,0.574,0.574,0.574,0.574,0.574,0.574,0.574,0.574,0.574,0.574,0.574,0.574,0.574,0.574,0.574,0.574,0.574,0.574,0.574,0.574,0.574,0.574,0.574,0.574,0.574,0.574,0.574,0.574,0.574,0.574,0.574,0.574,0.574,0.574,0.574,0.574,0.574,0.574,0.574,0.574,0.574,0.574,0.574,
0.0,0.004,0.0,0.004,0.0,0.004,0.0,0.004,0.0,0.004,0.0,0.004,0.0,0.004,0.0,0.004,0.0,0.004,0.0,0.004,0.0,0.004,0.0,0.004,0.0,0.004,0.0,0.004,0.0,0.004,0.0,0.004,0.0,0.004,0.0,0.004,0.0,0.004,0.0,0.004,0.0,0.004,0.0,0.004,0.0,0.004,0.0,0.004,0.0,0.004,0.0,0.004,0.0,0.004,0.0,0.004,0.0,0.004,0.0,0.004,0.0,0.004,0.0,0.004,0.0,0.004,0.0,0.004,0.0,0.004,0.0,0.004,0.0,0.004,0.0,0.004,0.0,0.004,0.0,0.004,0.0,0.004,0.0,0.004,0.0,0.004,0.0,0.004,0.0,0.004,0.0,0.004,0.0,0.004,0.0,0.004,0.0,0.004,0.0,0.004,
0.0,0.107,0.244,0.43,0.414,0.458,0.446,0.397,0.368,0.405,0.341,0.402,0.434,0.368,0.44,0.441,0.441,0.409,0.383,0.367,0.411,0.44,0.442,0.442,0.444,0.444,0.45,0.461,0.454,0.422,0.453,0.403,0.423,0.456,0.423,0.377,0.408,0.419,0.401,0.421,0.312,0.418,0.439,0.414,0.37,0.413,0.372,0.349,0.391,0.435,0.432,0.439,0.426,0.406,0.432,0.416,0.407,0.449,0.461,0.411,0.449,0.406,0.367,0.393,0.398,0.408,0.42,0.436,0.361,0.404,0.421,0.4,0.408,0.424,0.42,0.413,0.425,0.438,0.342,0.344,0.319,0.394,0.412,0.447,0.435,0.394,0.397,0.415,0.413,0.379,0.392,0.431,0.444,0.428,0.388,0.391,0.32,0.333,0.419,0.443,
0.0,-0.168,0.152,0.302,0.407,0.386,0.441,0.456,0.401,0.457,0.455,0.296,0.44,0.417,0.277,0.315,0.43,0.398,0.364,0.47,0.466,0.404,0.452,0.421,0.352,0.343,0.451,0.415,0.331,0.303,0.466,0.367,0.419,0.439,0.393,0.345,0.466,0.296,0.411,0.357,0.387,0.472,0.44,0.431,0.47,0.443,0.415,0.465,0.478,0.428,0.459,0.386,0.417,0.365,0.424,0.44,0.393,0.374,0.413,0.462,0.438,0.439,0.353,0.406,0.466,0.466,0.466,0.404,0.452,0.421,0.352,0.373,0.467,0.343,0.392,0.394,0.45,0.356,0.367,0.454,0.375,0.377,0.47,0.465,0.466,0.262,0.259,0.304,0.468,0.411,0.479,0.477,0.304,0.384,0.378,0.282,0.432,0.324,0.427,0.402,
0.0,0.196,0.161,0.36,0.205,0.085,0.271,0.289,0.322,0.412,0.432,0.364,0.396,0.383,0.41,0.376,0.342,0.415,0.414,0.429,0.367,0.22,0.31,0.207,0.176,0.228,0.395,0.315,0.406,0.392,0.201,0.344,0.409,0.351,0.376,0.28,0.336,0.329,0.411,0.371,0.242,0.31,0.342,0.41,0.386,0.341,0.332,0.319,0.271,0.39,0.367,0.358,0.296,0.37,0.393,0.362,0.426,0.288,0.383,0.331,0.232,0.301,0.37,0.23,0.306,0.417,0.392,0.369,0.303,0.261,0.385,0.328,0.262,0.183,0.253,0.355,0.391,0.334,0.354,0.247,0.371,0.29,0.255,0.346,0.355,0.358,0.137,0.285,0.238,0.345,0.338,0.333,0.362,0.308,0.267,0.21,0.301,0.26,0.35,0.307,
0.0,0.04,0.067,0.032,0.047,0.038,0.05,0.053,0.035,0.027,0.041,0.085,0.038,0.043,0.04,0.048,0.061,0.047,0.038,0.052,0.039,0.056,0.039,0.076,0.059,0.065,0.1,0.085,0.061,0.045,0.034,0.039,0.037,0.039,0.037,0.039,0.043,0.039,0.037,0.039,0.037,0.09,0.054,0.057,0.038,0.044,0.116,0.091,0.048,0.063,0.077,0.064,0.032,0.078,0.053,0.056,0.033,0.039,0.035,0.041,0.047,0.088,0.033,0.053,0.044,0.043,0.04,0.044,0.04,0.099,0.081,0.053,0.089,0.106,0.059,0.054,0.047,0.045,0.045,0.047,0.034,0.037,0.047,0.046,0.046,0.048,0.034,0.056,0.067,0.043,0.039,0.058,0.048,0.045,0.04,0.044,0.047,0.053,0.103,0.051,
0.0,0.066,0.136,0.139,0.071,0.01,0.008,0.009,0.013,0.007,0.009,0.008,0.008,0.052,0.02,0.008,0.008,0.009,0.013,0.007,0.009,0.008,0.008,0.009,0.013,0.049,0.02,0.007,0.01,0.008,0.008,0.009,0.013,0.007,0.009,0.008,0.092,0.023,0.008,0.009,0.013,0.007,0.009,0.008,0.008,0.009,0.013,0.007,0.009,0.008,0.008,0.009,0.013,0.007,0.009,0.008,0.008,0.009,0.013,0.007,0.009,0.008,0.008,0.052,0.038,0.007,0.01,0.008,0.008,0.009,0.013,0.007,0.009,0.008,0.008,0.009,0.013,0.007,0.009,0.008,0.008,0.009,0.013,0.007,0.009,0.008,0.008,0.009,0.013,0.007,0.009,0.008,0.008,0.009,0.013,0.007,0.009,0.06,0.02,0.007,
0.0,0.11,0.107,0.184,0.25,0.379,0.489,0.557,0.555,0.529,0.512,0.519,0.549,0.535,0.533,0.533,0.535,0.534,0.535,0.534,0.535,0.534,0.535,0.534,0.535,0.534,0.535,0.534,0.535,0.534,0.535,0.534,0.535,0.534,0.535,0.534,0.535,0.534,0.535,0.534,0.535,0.534,0.535,0.534,0.535,0.534,0.535,0.534,0.535,0.534,0.535,0.534,0.535,0.534,0.535,0.534,0.535,0.534,0.535,0.534,0.535,0.534,0.535,0.534,0.535,0.534,0.535,0.534,0.535,0.534,0.535,0.534,0.535,0.534,0.535,0.534,0.535,0.534,0.535,0.534,0.535,0.534,0.535,0.534,0.535,0.534,0.535,0.534,0.535,0.534,0.535,0.534,0.535,0.534,0.535,0.534,0.535,0.534,0.535,0.534,
0.0,0.042,0.11,0.187,0.315,0.421,0.46,0.502,0.494,0.471,0.523,0.513,0.524,0.498,0.493,0.501,0.49,0.501,0.526,0.495,0.522,0.501,0.532,0.518,0.49,0.542,0.515,0.525,0.504,0.493,0.511,0.51,0.554,0.492,0.488,0.53,0.503,0.537,0.511,0.504,0.548,0.508,0.538,0.512,0.504,0.548,0.508,0.538,0.512,0.504,0.548,0.508,0.538,0.512,0.504,0.548,0.508,0.538,0.512,0.504,0.548,0.508,0.538,0.512,0.504,0.548,0.508,0.538,0.512,0.504,0.548,0.508,0.538,0.512,0.504,0.548,0.508,0.538,0.512,0.504,0.548,0.508,0.538,0.512,0.504,0.548,0.508,0.538,0.512,0.504,0.548,0.508,0.538,0.512,0.504,0.548,0.508,0.538,0.512,0.504,
0.0,0.023,0.038,0.029,0.028,0.024,0.03,0.024,0.04,0.041,0.029,0.025,0.039,0.023,0.029,0.024,0.029,0.024,0.04,0.029,0.04,0.022,0.031,0.027,0.029,0.024,0.03,0.024,0.03,0.024,0.04,0.028,0.041,0.022,0.031,0.028,0.03,0.029,0.029,0.024,0.039,0.029,0.028,0.024,0.03,0.024,0.04,0.039,0.029,0.024,0.029,0.024,0.029,0.024,0.043,0.021,0.031,0.028,0.03,0.024,0.029,0.024,0.029,0.032,0.023,0.023,0.029,0.024,0.042,0.027,0.029,0.024,0.03,0.024,0.03,0.024,0.03,0.024,0.03,0.024,0.03,0.024,0.03,0.024,0.03,0.024,0.03,0.024,0.03,0.024,0.03,0.024,0.03,0.024,0.03,0.024,0.04,0.028,0.03,0.024,
0.0,0.012,0.012,0.011,0.012,0.013,0.033,0.011,0.025,0.012,0.025,0.037,0.06,0.02,0.061,0.121,0.22,0.302,0.361,0.427,0.47,0.548,0.567,0.568,0.574,0.574,0.575,0.574,0.575,0.574,0.575,0.574,0.575,0.574,0.575,0.574,0.575,0.574,0.575,0.574,0.575,0.574,0.575,0.574,0.575,0.574,0.575,0.574,0.575,0.574,0.575,0.574,0.575,0.574,0.575,0.574,0.575,0.574,0.575,0.574,0.575,0.574,0.575,0.574,0.575,0.574,0.575,0.574,0.575,0.574,0.575,0.574,0.575,0.574,0.575,0.574,0.575,0.574,0.575,0.574,0.575,0.574,0.575,0.574,0.575,0.574,0.575,0.574,0.575,0.574,0.575,0.574,0.575,0.574,0.575,0.574,0.575,0.574,0.575,0.574,
0.0,0.082,0.149,0.239,0.407,0.472,0.508,0.47,0.471,0.415,0.464,0.469,0.467,0.455,0.354,0.383,0.383,0.409,0.388,0.302,0.399,0.412,0.43,0.435,0.322,0.3,0.378,0.277,0.333,0.395,0.318,0.376,0.328,0.173,0.34,0.2,0.347,0.417,0.406,0.341,0.354,0.334,0.297,0.392,0.308,0.284,0.409,0.414,0.413,0.389,0.386,0.411,0.262,0.322,0.289,0.335,0.207,0.305,0.277,0.312,0.409,0.4,0.411,0.415,0.275,0.343,0.248,0.251,0.251,0.272,0.302,0.212,0.18,0.25,0.283,0.31,0.4,0.357,0.42,0.399,0.274,0.258,0.234,0.331,0.437,0.428,0.426,0.434,0.364,0.259,0.286,0.355,0.254,0.389,0.419,0.376,0.376,0.407,0.421,0.432,
0.0,0.052,0.074,0.192,0.239,0.422,0.491,0.53,0.537,0.552,0.573,0.576,0.581,0.577,0.581,0.577,0.581,0.577,0.581,0.577,0.581,0.577,0.581,0.577,0.581,0.577,0.581,0.577,0.581,0.577,0.581,0.577,0.581,0.577,0.581,0.577,0.581,0.577,0.581,0.577,0.581,0.577,0.581,0.577,0.581,0.577,0.581,0.577,0.581,0.577,0.581,0.577,0.581,0.577,0.581,0.577,0.581,0.577,0.581,0.577,0.581,0.577,0.581,0.577,0.581,0.577,0.581,0.577,0.581,0.577,0.581,0.577,0.581,0.577,0.581,0.577,0.581,0.577,0.581,0.577,0.581,0.577,0.581,0.577,0.581,0.577,0.581,0.577,0.581,0.577,0.581,0.577,0.581,0.577,0.581,0.577,0.581,0.577,0.581,0.577,
0.0,0.132,0.329,0.311,0.319,0.311,0.419,0.403,0.442,0.46,0.444,0.424,0.418,0.449,0.408,0.436,0.343,0.44,0.415,0.346,0.318,0.37,0.332,0.378,0.42,0.444,0.35,0.42,0.401,0.194,0.315,0.271,0.416,0.452,0.369,0.393,0.427,0.426,0.433,0.407,0.426,0.427,0.428,0.453,0.288,0.422,0.407,0.416,0.421,0.397,0.387,0.413,0.392,0.385,0.441,0.432,0.423,0.408,0.413,0.367,0.439,0.401,0.429,0.313,0.309,0.427,0.388,0.287,0.377,0.391,0.374,0.407,0.419,0.355,0.394,0.356,0.329,0.425,0.422,0.417,0.299,0.374,0.34,0.394,0.443,0.441,0.315,0.4,0.451,0.291,0.379,0.4,0.402,0.427,0.413,0.424,0.449,0.428,0.384,0.438,
0.0,0.06,0.228,0.311,0.317,0.34,0.435,0.397,0.358,0.268,0.398,0.414,0.405,0.426,0.453,0.441,0.397,0.43,0.387,0.395,0.296,0.398,0.365,0.37,0.398,0.416,0.43,0.451,0.43,0.394,0.347,0.394,0.438,0.441,0.411,0.45,0.43,0.431,0.434,0.443,0.368,0.41,0.412,0.432,0.437,0.37,0.385,0.382,0.404,0.341,0.319,0.421,0.453,0.443,0.415,0.427,0.396,0.393,0.401,0.434,0.416,0.437,0.41,0.376,0.384,0.416,0.457,0.441,0.421,0.41,0.427,0.436,0.451,0.371,0.239,0.406,0.42,0.434,0.452,0.421,0.413,0.385,0.416,0.424,0.451,0.458,0.459,0.459,0.41,0.416,0.412,0.447,0.423,0.404,0.411,0.453,0.44,0.424,0.453,0.444,
0.0,0.109,0.198,0.296,0.415,0.39,0.382,0.349,0.357,0.383,0.389,0.435,0.448,0.35,0.418,0.447,0.454,0.46,0.46,0.431,0.432,0.432,0.386,0.363,0.4,0.425,0.413,0.385,0.419,0.445,0.454,0.46,0.46,0.46,0.46,0.427,0.383,0.411,0.395,0.416,0.39,0.387,0.422,0.389,0.441,0.452,0.438,0.365,0.408,0.442,0.42,0.438,0.45,0.438,0.43,0.263,0.318,0.368,0.4,0.426,0.428,0.447,0.339,0.379,0.404,0.417,0.329,0.335,0.316,0.358,0.406,0.292,0.329,0.288,0.36,0.332,0.37,0.385,0.366,0.403,0.357,0.289,0.335,0.4,0.404,0.298,0.372,0.258,0.252,0.31,0.302,0.389,0.35,0.372,0.38,0.42,0.445,0.428,0.426,0.374,
0.0,0.028,0.256,0.333,0.244,0.24,0.413,0.449,0.456,0.458,0.458,0.458,0.458,0.458,0.458,0.458,0.458,0.458,0.458,0.458,0.458,0.458,0.458,0.458,0.458,0.458,0.458,0.458,0.458,0.458,0.458,0.458,0.458,0.458,0.458,0.458,0.458,0.458,0.458,0.458,0.458,0.458,0.458,0.458,0.458,0.458,0.458,0.458,0.458,0.458,0.458,0.458,0.458,0.458,0.458,0.458,0.458,0.458,0.458,0.458,0.458,0.458,0.458,0.458,0.458,0.458,0.458,0.458,0.458,0.458,0.458,0.458,0.458,0.458,0.458,0.458,0.458,0.458,0.458,0.458,0.458,0.458,0.458,0.458,0.458,0.458,0.458,0.458,0.458,0.458,0.458,0.458,0.458,0.458,0.458,0.458,0.458,0.458,0.458,0.458,
0.0,0.203,0.143,0.309,0.279,0.34,0.383,0.324,0.353,0.334,0.338,0.354,0.377,0.404,0.406,0.292,0.14,0.208,0.342,0.289,0.29,0.262,0.169,0.248,0.212,0.128,0.302,0.227,0.331,0.413,0.412,0.375,0.37,0.34,0.257,0.295,0.335,0.354,0.348,0.291,0.313,0.347,0.313,0.346,0.396,0.352,0.237,0.266,0.256,0.198,0.312,0.26,0.381,0.405,0.345,0.357,0.36,0.362,0.364,0.358,0.344,0.399,0.32,0.127,0.258,0.35,0.242,0.297,0.384,0.377,0.398,0.406,0.391,0.333,0.258,0.296,0.315,0.32,0.357,0.386,0.386,0.359,0.257,0.331,0.355,0.33,0.317,0.299,0.315,0.372,0.28,0.344,0.336,0.295,0.366,0.32,0.398,0.326,0.176,0.256,
0.0,0.069,0.138,0.208,0.265,0.42,0.459,0.542,0.559,0.561,0.546,0.533,0.545,0.546,0.553,0.548,0.546,0.545,0.565,0.56,0.558,0.563,0.561,0.557,0.564,0.559,0.558,0.563,0.561,0.557,0.564,0.559,0.558,0.563,0.561,0.557,0.564,0.559,0.558,0.563,0.561,0.557,0.564,0.559,0.558,0.563,0.561,0.557,0.564,0.559,0.558,0.563,0.561,0.557,0.564,0.559,0.558,0.563,0.561,0.557,0.564,0.559,0.558,0.563,0.561,0.557,0.564,0.559,0.558,0.563,0.561,0.557,0.564,0.559,0.558,0.563,0.561,0.557,0.564,0.559,0.558,0.563,0.561,0.557,0.564,0.559,0.558,0.563,0.561,0.557,0.564,0.559,0.558,0.563,0.561,0.557,0.564,0.559,0.558,0.563,
0.0,-0.077,0.348,0.323,0.468,0.485,0.349,0.397,0.398,0.353,0.442,0.308,0.422,0.225,0.455,0.403,0.428,0.469,0.377,0.38,0.381,0.377,0.402,0.453,0.398,0.313,0.367,0.412,0.348,0.379,0.406,0.418,0.448,0.411,0.42,0.406,0.34,0.167,0.26,0.373,0.33,0.422,0.382,0.387,0.422,0.427,0.46,0.458,0.468,0.384,0.446,0.376,0.388,0.458,0.419,0.431,0.395,0.364,0.398,0.45,0.313,0.468,0.366,0.121,0.303,0.418,0.254,0.338,0.409,0.389,0.284,0.315,0.405,0.355,0.399,0.442,0.32,0.491,0.332,0.417,0.415,0.428,0.423,0.426,0.369,0.31,0.353,0.324,0.408,0.355,0.323,0.445,0.351,0.173,0.418,0.408,0.424,0.442,0.408,0.365,
0.0,0.085,0.137,0.187,0.265,0.303,0.407,0.422,0.372,0.509,0.454,0.467,0.486,0.53,0.533,0.54,0.541,0.542,0.541,0.535,0.541,0.537,0.542,0.538,0.543,0.542,0.533,0.537,0.536,0.536,0.535,0.535,0.543,0.533,0.537,0.536,0.536,0.535,0.535,0.543,0.533,0.537,0.536,0.536,0.535,0.535,0.543,0.533,0.537,0.536,0.536,0.535,0.535,0.543,0.542,0.534,0.544,0.554,0.533,0.504,0.512,0.507,0.463,0.454,0.506,0.514,0.508,0.515,0.512,0.508,0.515,0.515,0.517,0.506,0.515,0.515,0.517,0.506,0.515,0.515,0.517,0.506,0.515,0.515,0.517,0.506,0.515,0.515,0.517,0.506,0.515,0.515,0.517,0.506,0.515,0.515,0.517,0.515,0.51,0.515,
0.0,0.067,0.054,0.072,0.048,0.125,0.136,0.135,0.127,0.065,0.07,0.117,0.057,0.09,0.11,0.112,0.074,0.111,0.147,0.146,0.18,0.186,0.251,0.34,0.411,0.477,0.554,0.542,0.558,0.568,0.568,0.568,0.568,0.568,0.568,0.568,0.568,0.568,0.568,0.568,0.568,0.568,0.568,0.568,0.568,0.568,0.568,0.568,0.568,0.568,0.568,0.568,0.568,0.568,0.568,0.568,0.568,0.568,0.568,0.568,0.568,0.568,0.568,0.568,0.568,0.568,0.568,0.568,0.568,0.568,0.568,0.568,0.568,0.568,0.568,0.568,0.568,0.568,0.568,0.568,0.568,0.568,0.568,0.568,0.568,0.568,0.568,0.568,0.568,0.568,0.568,0.568,0.568,0.568,0.568,0.568,0.568,0.568,0.568,0.568,
0.0,0.18,0.344,0.289,0.311,0.345,0.443,0.348,0.275,0.254,0.132,0.372,0.217,0.302,0.223,0.26,0.292,0.392,0.295,0.266,0.23,0.246,0.215,0.319,0.304,0.393,0.381,0.394,0.363,0.275,0.31,0.36,0.417,0.352,0.29,0.335,0.407,0.385,0.402,0.442,0.421,0.416,0.309,0.312,0.347,0.345,0.345,0.304,0.341,0.226,0.351,0.18,0.206,0.209,0.304,0.391,0.329,0.227,0.324,0.276,0.299,0.301,0.382,0.344,0.243,0.41,0.407,0.313,0.364,0.413,0.332,0.418,0.305,0.325,0.349,0.379,0.276,0.266,0.31,0.367,0.32,0.194,0.379,0.399,0.391,0.236,0.206,0.353,0.424,0.349,0.311,0.21,0.212,0.302,0.359,0.349,0.394,0.326,0.327,0.321,
0.0,0.004,0.003,0.004,0.003,0.004,0.003,0.004,0.003,0.004,0.003,0.004,0.003,0.004,0.003,0.004,0.003,0.004,0.003,0.004,0.003,0.004,0.003,0.004,0.003,0.004,0.003,0.004,0.003,0.004,0.003,0.004,0.003,0.004,0.003,0.004,0.003,0.004,0.003,0.004,0.003,0.004,0.003,0.004,0.003,0.004,0.003,0.004,0.003,0.004,0.003,0.004,0.003,0.004,0.003,0.004,0.003,0.004,0.003,0.004,0.003,0.004,0.003,0.004,0.003,0.004,0.003,0.004,0.003,0.004,0.003,0.004,0.003,0.004,0.003,0.004,0.003,0.004,0.003,0.004,0.003,0.004,0.003,0.004,0.003,0.004,0.003,0.004,0.003,0.004,0.003,0.004,0.003,0.004,0.003,0.004,0.003,0.004,0.003,0.004,
0.0,0.021,0.06,0.03,0.021,0.048,0.024,0.035,0.034,0.061,0.028,0.041,0.025,0.066,0.026,0.068,0.045,0.054,0.036,0.028,0.02,0.042,0.034,0.038,0.032,0.042,0.025,0.078,0.084,0.035,0.021,0.06,0.039,0.039,0.044,0.03,0.059,0.035,0.036,0.046,0.036,0.027,0.052,0.034,0.038,0.033,0.065,0.05,0.061,0.076,0.067,0.076,0.038,0.044,0.027,0.021,0.041,0.028,0.037,0.021,0.041,0.028,0.049,0.046,0.053,0.043,0.027,0.024,0.041,0.028,0.048,0.031,0.041,0.077,0.074,0.028,0.071,0.075,0.091,0.041,0.023,0.021,0.06,0.076,0.157,0.108,0.07,0.059,0.028,0.051,0.069,0.038,0.049,0.034,0.02,0.049,0.027,0.038,0.021,0.071,
0.0,0.055,0.103,0.052,0.094,0.078,0.077,0.152,0.169,0.23,0.313,0.417,0.514,0.536,0.552,0.555,0.562,0.558,0.563,0.558,0.563,0.558,0.563,0.558,0.563,0.558,0.563,0.558,0.563,0.558,0.563,0.558,0.563,0.558,0.563,0.558,0.563,0.558,0.563,0.558,0.563,0.558,0.563,0.558,0.563,0.558,0.563,0.558,0.563,0.558,0.563,0.558,0.563,0.558,0.563,0.558,0.563,0.558,0.563,0.558,0.563,0.558,0.563,0.558,0.563,0.558,0.563,0.558,0.563,0.558,0.563,0.558,0.563,0.558,0.563,0.558,0.563,0.558,0.563,0.558,0.563,0.558,0.563,0.558,0.563,0.558,0.563,0.558,0.563,0.558,0.563,0.558,0.563,0.558,0.563,0.558,0.563,0.558,0.563,0.559,
0.0,0.174,0.103,0.324,0.364,0.448,0.499,0.508,0.509,0.509,0.509,0.509,0.509,0.509,0.509,0.509,0.509,0.509,0.509,0.509,0.509,0.509,0.509,0.509,0.509,0.509,0.509,0.509,0.509,0.509,0.509,0.509,0.509,0.509,0.509,0.509,0.509,0.509,0.509,0.509,0.509,0.509,0.509,0.509,0.509,0.509,0.509,0.509,0.509,0.509,0.509,0.509,0.509,0.509,0.509,0.509,0.509,0.509,0.509,0.509,0.509,0.509,0.509,0.509,0.509,0.509,0.509,0.509,0.509,0.509,0.509,0.509,0.509,0.509,0.509,0.509,0.509,0.509,0.509,0.509,0.509,0.509,0.509,0.509,0.509,0.509,0.509,0.509,0.509,0.509,0.509,0.509,0.509,0.509,0.509,0.509,0.509,0.509,0.509,0.509,
0.0,0.031,0.042,0.236,0.284,0.301,0.39,0.488,0.543,0.563,0.561,0.573,0.576,0.564,0.573,0.576,0.564,0.574,0.576,0.565,0.574,0.576,0.565,0.574,0.576,0.565,0.574,0.576,0.565,0.574,0.576,0.565,0.574,0.576,0.565,0.574,0.576,0.565,0.574,0.576,0.565,0.574,0.576,0.565,0.574,0.576,0.565,0.574,0.576,0.565,0.574,0.576,0.565,0.574,0.576,0.565,0.574,0.576,0.565,0.574,0.576,0.565,0.574,0.576,0.565,0.574,0.576,0.565,0.574,0.576,0.565,0.574,0.576,0.565,0.574,0.576,0.565,0.574,0.576,0.565,0.574,0.576,0.565,0.574,0.576,0.565,0.574,0.576,0.565,0.574,0.576,0.565,0.574,0.576,0.565,0.574,0.576,0.565,0.574,0.576,
0.0,0.058,0.065,0.031,0.069,0.072,0.067,0.048,0.033,0.036,0.04,0.04,0.092,0.049,0.096,0.071,0.09,0.109,0.044,0.063,0.038,0.097,0.045,0.088,0.124,0.081,0.083,0.132,0.127,0.125,0.04,0.077,0.04,0.044,0.049,0.033,0.073,0.131,0.079,0.101,0.056,0.102,0.06,0.093,0.033,0.077,0.144,0.039,0.04,0.097,0.089,0.044,0.044,0.062,0.044,0.058,0.035,0.05,0.049,0.046,0.036,0.053,0.035,0.032,0.041,0.061,0.064,0.054,0.06,0.04,0.065,0.032,0.05,0.047,0.086,0.093,0.122,0.088,0.079,0.07,0.051,0.065,0.085,0.046,0.055,0.057,0.037,0.062,0.036,0.04,0.044,0.101,0.051,0.127,0.056,0.065,0.032,0.036,0.047,0.028,
0.0,0.044,0.043,0.105,0.061,0.12,0.129,0.139,0.221,0.067,0.154,0.142,0.114,0.136,0.059,0.113,0.078,0.056,0.034,0.076,0.075,0.097,0.146,0.065,0.27,0.26,0.308,0.423,0.466,0.485,0.47,0.463,0.407,0.471,0.459,0.403,0.475,0.446,0.444,0.425,0.417,0.443,0.469,0.47,0.468,0.473,0.475,0.456,0.478,0.461,0.44,0.467,0.465,0.461,0.472,0.454,0.47,0.483,0.492,0.492,0.507,0.512,0.508,0.508,0.51,0.519,0.51,0.508,0.511,0.519,0.51,0.508,0.511,0.519,0.51,0.508,0.511,0.519,0.51,0.508,0.511,0.519,0.51,0.508,0.511,0.519,0.51,0.508,0.511,0.519,0.51,0.508,0.511,0.519,0.51,0.508,0.511,0.519,0.51,0.516,
0.0,0.311,0.338,0.403,0.393,0.413,0.421,0.282,0.406,0.413,0.343,0.377,0.393,0.361,0.353,0.406,0.422,0.406,0.378,0.408,0.34,0.401,0.407,0.38,0.351,0.384,0.417,0.428,0.389,0.391,0.26,0.41,0.413,0.426,0.349,0.356,0.366,0.384,0.392,0.419,0.411,0.384,0.357,0.34,0.413,0.377,0.385,0.344,0.432,0.429,0.43,0.432,0.39,0.391,0.26,0.41,0.403,0.443,0.448,0.432,0.367,0.378,0.405,0.374,0.396,0.395,0.355,0.281,0.395,0.387,0.397,0.379,0.412,0.306,0.37,0.395,0.396,0.387,0.347,0.352,0.411,0.418,0.377,0.386,0.376,0.333,0.341,0.367,0.393,0.388,0.353,0.409,0.336,0.32,0.368,0.385,0.379,0.354,0.33,0.359,
0.0,-0.007,-0.047,-0.064,0.129,0.162,0.209,0.304,0.414,0.444,0.437,0.444,0.348,0.407,0.441,0.398,0.409,0.389,0.417,0.444,0.382,0.395,0.415,0.441,0.447,0.388,0.408,0.389,0.426,0.437,0.433,0.435,0.428,0.397,0.367,0.419,0.444,0.449,0.321,0.337,0.334,0.412,0.395,0.406,0.416,0.391,0.371,0.319,0.355,0.324,0.349,0.43,0.378,0.424,0.433,0.436,0.393,0.407,0.442,0.401,0.429,0.337,0.282,0.387,0.429,0.312,0.382,0.435,0.397,0.386,0.417,0.441,0.385,0.378,0.414,0.445,0.441,0.447,0.343,0.386,0.427,0.445,0.449,0.383,0.426,0.409,0.387,0.403,0.43,0.222,0.317,0.386,0.399,0.434,0.286,0.385,0.421,0.391,0.37,0.407,
0.0,0.271,0.186,0.335,0.357,0.426,0.366,0.417,0.43,0.44,0.426,0.379,0.368,0.401,0.422,0.38,0.435,0.442,0.436,0.326,0.436,0.456,0.426,0.353,0.42,0.421,0.431,0.355,0.438,0.398,0.431,0.441,0.394,0.449,0.431,0.383,0.37,0.43,0.441,0.377,0.436,0.338,0.438,0.457,0.431,0.378,0.448,0.447,0.431,0.421,0.436,0.372,0.429,0.422,0.341,0.405,0.426,0.427,0.407,0.43,0.428,0.377,0.403,0.401,0.437,0.429,0.412,0.402,0.424,0.378,0.431,0.396,0.453,0.443,0.418,0.431,0.366,0.429,0.434,0.408,0.454,0.459,0.393,0.431,0.384,0.393,0.361,0.365,0.4,0.387,0.414,0.385,0.394,0.266,0.409,0.448,0.426,0.405,0.426,0.455,
0.0,0.058,0.062,0.219,0.282,0.354,0.407,0.42,0.463,0.488,0.472,0.481,0.559,0.571,0.573,0.517,0.553,0.523,0.487,0.535,0.502,0.481,0.501,0.402,0.451,0.401,0.395,0.347,0.384,0.27,0.207,0.243,0.258,0.256,0.306,0.345,0.394,0.389,0.46,0.458,0.432,0.443,0.242,0.235,0.28,0.328,0.441,0.464,0.439,0.387,0.352,0.316,0.436,0.442,0.444,0.329,0.394,0.439,0.446,0.462,0.415,0.297,0.33,0.442,0.426,0.454,0.446,0.362,0.417,0.401,0.388,0.446,0.462,0.452,0.446,0.43,0.44,0.434,0.406,0.455,0.362,0.407,0.406,0.411,0.361,0.298,0.403,0.436,0.328,0.393,0.4,0.374,0.429,0.415,0.41,0.321,0.275,0.396,0.376,0.426,
0.0,0.095,0.246,0.323,0.255,0.391,0.441,0.419,0.321,0.401,0.442,0.452,0.421,0.452,0.459,0.459,0.459,0.459,0.459,0.459,0.459,0.459,0.459,0.459,0.459,0.459,0.459,0.459,0.459,0.459,0.459,0.459,0.459,0.459,0.459,0.459,0.459,0.459,0.459,0.459,0.459,0.459,0.459,0.459,0.459,0.459,0.459,0.459,0.459,0.459,0.459,0.459,0.459,0.459,0.459,0.459,0.459,0.459,0.459,0.459,0.459,0.459,0.459,0.459,0.459,0.459,0.459,0.459,0.459,0.459,0.459,0.459,0.459,0.459,0.459,0.459,0.459,0.459,0.459,0.459,0.459,0.459,0.459,0.459,0.459,0.459,0.459,0.459,0.459,0.459,0.459,0.459,0.459,0.459,0.459,0.459,0.459,0.459,0.459,0.459,
0.0,0.121,0.147,0.148,0.268,0.333,0.419,0.49,0.539,0.568,0.565,0.573,0.582,0.577,0.582,0.577,0.582,0.577,0.582,0.577,0.582,0.577,0.582,0.577,0.582,0.577,0.582,0.577,0.582,0.577,0.582,0.577,0.582,0.577,0.582,0.577,0.582,0.577,0.582,0.577,0.582,0.577,0.582,0.577,0.582,0.577,0.582,0.577,0.582,0.577,0.582,0.577,0.582,0.577,0.582,0.577,0.582,0.577,0.582,0.577,0.582,0.577,0.582,0.577,0.582,0.577,0.582,0.577,0.582,0.577,0.582,0.577,0.582,0.577,0.582,0.577,0.582,0.577,0.582,0.577,0.582,0.577,0.582,0.577,0.582,0.577,0.582,0.577,0.582,0.577,0.582,0.577,0.582,0.577,0.582,0.577,0.582,0.577,0.582,0.577,
0.0,0.035,0.025,0.145,0.099,0.068,0.078,0.113,0.095,0.126,0.059,0.13,0.2,0.32,0.438,0.528,0.531,0.535,0.559,0.539,0.551,0.556,0.57,0.548,0.534,0.55,0.536,0.547,0.552,0.566,0.571,0.571,0.571,0.571,0.571,0.571,0.571,0.571,0.571,0.571,0.571,0.571,0.571,0.571,0.571,0.571,0.571,0.571,0.571,0.571,0.571,0.571,0.571,0.571,0.571,0.571,0.571,0.571,0.571,0.571,0.571,0.571,0.571,0.571,0.571,0.571,0.571,0.571,0.571,0.571,0.571,0.571,0.571,0.571,0.571,0.571,0.571,0.571,0.571,0.571,0.571,0.571,0.571,0.571,0.571,0.571,0.571,0.571,0.571,0.571,0.571,0.571,0.571,0.571,0.571,0.571,0.571,0.571,0.571,0.572,
0.0,0.095,0.064,0.123,0.146,0.092,0.096,0.127,0.105,0.076,0.051,0.064,0.068,0.04,0.07,0.053,0.049,0.062,0.071,0.05,0.049,0.061,0.049,0.058,0.082,0.052,0.076,0.049,0.082,0.041,0.048,0.062,0.07,0.05,0.07,0.094,0.05,0.069,0.076,0.061,0.05,0.071,0.073,0.06,0.05,0.067,0.07,0.058,0.087,0.039,0.05,0.063,0.05,0.076,0.04,0.069,0.039,0.049,0.092,0.162,0.215,0.278,0.426,0.51,0.544,0.546,0.56,0.575,0.578,0.578,0.578,0.578,0.578,0.578,0.578,0.578,0.578,0.578,0.578,0.578,0.578,0.578,0.578,0.578,0.578,0.578,0.578,0.578,0.578,0.578,0.578,0.578,0.578,0.578,0.578,0.578,0.578,0.578,0.578,0.578,
0.0,-0.034,0.021,0.09,0.166,0.178,0.152,0.161,0.222,0.265,0.397,0.396,0.485,0.5,0.482,0.449,0.319,0.327,0.337,0.391,0.341,0.332,0.287,0.328,0.338,0.274,0.341,0.397,0.418,0.44,0.452,0.423,0.382,0.406,0.402,0.428,0.413,0.263,0.215,0.115,0.212,0.186,0.14,0.05,0.187,0.147,0.231,0.318,0.313,0.398,0.423,0.453,0.471,0.476,0.44,0.393,0.426,0.45,0.442,0.445,0.393,0.405,0.475,0.513,0.52,0.529,0.522,0.525,0.48,0.449,0.448,0.43,0.408,0.241,0.233,0.229,0.224,0.232,0.251,0.398,0.357,0.316,0.233,0.2,0.241,0.235,0.243,0.398,0.437,0.451,0.354,0.364,0.342,0.373,0.346,0.232,0.232,0.207,0.235,0.156,
0.0,0.09,0.131,0.301,0.462,0.527,0.542,0.547,0.545,0.547,0.545,0.547,0.545,0.547,0.545,0.547,0.545,0.547,0.545,0.547,0.545,0.547,0.545,0.547,0.545,0.547,0.545,0.547,0.545,0.547,0.545,0.547,0.545,0.547,0.545,0.547,0.545,0.547,0.545,0.547,0.545,0.547,0.545,0.547,0.545,0.547,0.545,0.547,0.545,0.547,0.545,0.547,0.545,0.547,0.545,0.547,0.545,0.547,0.545,0.547,0.545,0.547,0.545,0.547,0.545,0.547,0.545,0.547,0.545,0.547,0.545,0.547,0.545,0.547,0.545,0.547,0.545,0.547,0.545,0.547,0.545,0.547,0.545,0.547,0.545,0.547,0.545,0.547,0.545,0.547,0.545,0.547,0.545,0.547,0.545,0.547,0.545,0.547,0.545,0.547,
0.0,0.146,0.271,0.377,0.367,0.423,0.37,0.387,0.426,0.371,0.387,0.426,0.371,0.387,0.426,0.371,0.387,0.426,0.371,0.387,0.426,0.371,0.387,0.426,0.371,0.387,0.426,0.371,0.387,0.426,0.371,0.387,0.426,0.371,0.387,0.426,0.371,0.387,0.426,0.371,0.387,0.426,0.371,0.387,0.426,0.371,0.387,0.426,0.371,0.387,0.426,0.371,0.387,0.426,0.371,0.387,0.426,0.371,0.387,0.426,0.371,0.387,0.426,0.371,0.387,0.426,0.371,0.387,0.426,0.371,0.387,0.426,0.371,0.387,0.426,0.371,0.387,0.426,0.371,0.387,0.426,0.371,0.387,0.426,0.371,0.387,0.426,0.371,0.387,0.426,0.371,0.387,0.426,0.371,0.387,0.426,0.371,0.387,0.426,0.371,
0.0,0.179,0.332,0.484,0.514,0.506,0.535,0.529,0.522,0.52,0.539,0.53,0.522,0.52,0.539,0.53,0.522,0.52,0.539,0.53,0.522,0.52,0.539,0.53,0.522,0.52,0.539,0.53,0.522,0.52,0.539,0.53,0.522,0.52,0.539,0.53,0.522,0.52,0.539,0.53,0.522,0.52,0.539,0.53,0.522,0.52,0.539,0.53,0.522,0.52,0.539,0.53,0.522,0.52,0.539,0.53,0.522,0.52,0.539,0.53,0.522,0.52,0.539,0.53,0.522,0.52,0.539,0.53,0.522,0.52,0.539,0.53,0.522,0.52,0.539,0.53,0.522,0.52,0.539,0.53,0.522,0.52,0.539,0.53,0.522,0.52,0.539,0.53,0.522,0.52,0.539,0.53,0.522,0.52,0.539,0.53,0.522,0.52,0.539,0.53,
0.0,0.0,0.0,0.062,0.055,0.042,0.033,0.031,0.055,-0.01,0.083,0.07,0.045,0.0,0.0,0.073,0.069,0.04,0.151,0.214,0.374,0.526,0.573,0.577,0.582,0.578,0.582,0.578,0.582,0.578,0.582,0.578,0.582,0.578,0.582,0.578,0.582,0.578,0.582,0.578,0.582,0.578,0.582,0.578,0.582,0.578,0.582,0.578,0.582,0.578,0.582,0.578,0.582,0.578,0.582,0.578,0.582,0.578,0.582,0.578,0.582,0.578,0.582,0.578,0.582,0.578,0.582,0.578,0.582,0.578,0.582,0.578,0.582,0.578,0.582,0.578,0.582,0.578,0.582,0.578,0.582,0.578,0.582,0.578,0.582,0.578,0.582,0.578,0.582,0.578,0.582,0.578,0.582,0.578,0.582,0.578,0.582,0.578,0.582,0.578,
0.0,0.089,0.103,0.064,0.089,0.096,0.086,0.076,0.075,0.095,0.096,0.1,0.1,0.09,0.112,0.091,0.073,0.086,0.066,0.09,0.084,0.068,0.058,0.056,0.089,0.078,0.079,0.091,0.082,0.078,0.07,0.084,0.08,0.071,0.08,0.073,0.073,0.071,0.088,0.15,0.124,0.081,0.074,0.094,0.096,0.078,0.075,0.083,0.061,0.063,0.057,0.087,0.088,0.098,0.173,0.262,0.32,0.37,0.446,0.51,0.556,0.568,0.571,0.571,0.571,0.571,0.571,0.571,0.571,0.571,0.571,0.571,0.571,0.571,0.571,0.571,0.571,0.571,0.571,0.571,0.571,0.571,0.571,0.571,0.571,0.571,0.571,0.571,0.571,0.571,0.571,0.571,0.571,0.571,0.571,0.571,0.571,0.571,0.571,0.571,
0.0,0.032,0.027,0.038,0.022,0.025,0.028,0.022,0.017,0.037,0.041,0.034,0.023,0.019,0.023,0.019,0.026,0.048,0.044,0.05,0.031,0.04,0.055,0.031,0.053,0.04,0.033,0.048,0.06,0.045,0.031,0.038,0.035,0.025,0.024,0.042,0.022,0.025,0.02,0.037,0.036,0.037,0.069,0.039,0.028,0.043,0.02,0.022,0.017,0.043,0.047,0.051,0.081,0.039,0.038,0.018,0.042,0.029,0.014,0.028,0.061,0.05,0.034,0.013,0.028,0.028,0.02,0.025,0.02,0.037,0.046,0.047,0.043,0.038,0.043,0.025,0.025,0.022,0.02,0.019,0.023,0.048,0.061,0.029,0.027,0.028,0.02,0.028,0.041,0.03,0.027,0.021,0.028,0.029,0.022,0.026,0.023,0.016,0.022,0.016,
0.0,0.085,0.184,0.349,0.415,0.482,0.559,0.57,0.58,0.576,0.581,0.576,0.581,0.576,0.581,0.576,0.581,0.576,0.581,0.576,0.581,0.576,0.581,0.576,0.581,0.576,0.581,0.576,0.581,0.576,0.581,0.576,0.581,0.576,0.581,0.576,0.581,0.576,0.581,0.576,0.581,0.576,0.581,0.576,0.581,0.576,0.581,0.576,0.581,0.576,0.581,0.576,0.581,0.576,0.581,0.576,0.581,0.576,0.581,0.576,0.581,0.576,0.581,0.576,0.581,0.576,0.581,0.576,0.581,0.576,0.581,0.576,0.581,0.576,0.581,0.576,0.581,0.576,0.581,0.576,0.581,0.576,0.581,0.576,0.581,0.576,0.581,0.576,0.581,0.576,0.581,0.576,0.581,0.576,0.581,0.576,0.581,0.576,0.581,0.576,
0.0,0.042,0.189,0.338,0.474,0.512,0.51,0.538,0.526,0.541,0.532,0.551,0.53,0.553,0.53,0.542,0.532,0.55,0.53,0.542,0.532,0.55,0.53,0.542,0.532,0.55,0.53,0.542,0.532,0.55,0.53,0.542,0.532,0.55,0.53,0.542,0.532,0.55,0.53,0.542,0.532,0.55,0.53,0.542,0.532,0.55,0.53,0.542,0.532,0.55,0.53,0.542,0.532,0.55,0.53,0.542,0.532,0.55,0.53,0.542,0.532,0.55,0.53,0.542,0.532,0.55,0.53,0.542,0.532,0.55,0.53,0.542,0.532,0.55,0.53,0.542,0.532,0.55,0.53,0.542,0.532,0.55,0.53,0.542,0.532,0.55,0.53,0.542,0.532,0.55,0.53,0.542,0.532,0.55,0.53,0.542,0.532,0.55,0.53,0.542,
0.0,-0.032,0.16,0.337,0.379,0.264,0.367,0.262,0.32,0.266,0.206,0.341,0.403,0.165,0.301,0.304,0.219,0.254,0.279,0.381,0.191,0.178,0.336,0.385,0.245,0.338,0.329,0.375,0.43,0.426,0.436,0.425,0.437,0.425,0.437,0.425,0.437,0.425,0.437,0.425,0.437,0.425,0.437,0.425,0.437,0.425,0.437,0.425,0.437,0.425,0.437,0.425,0.437,0.425,0.437,0.425,0.437,0.425,0.437,0.425,0.437,0.425,0.437,0.425,0.437,0.425,0.437,0.425,0.437,0.425,0.437,0.425,0.437,0.425,0.437,0.425,0.437,0.425,0.437,0.425,0.437,0.425,0.437,0.425,0.437,0.425,0.437,0.425,0.437,0.425,0.437,0.425,0.437,0.425,0.437,0.425,0.437,0.425,0.437,0.425,
0.0,0.045,0.112,0.275,0.427,0.51,0.491,0.46,0.459,0.489,0.547,0.531,0.49,0.44,0.482,0.496,0.472,0.493,0.535,0.507,0.494,0.507,0.533,0.501,0.485,0.457,0.502,0.557,0.52,0.527,0.525,0.509,0.524,0.515,0.533,0.517,0.503,0.533,0.566,0.579,0.512,0.511,0.499,0.503,0.53,0.538,0.543,0.552,0.53,0.49,0.483,0.497,0.57,0.488,0.495,0.48,0.512,0.529,0.54,0.527,0.502,0.504,0.548,0.548,0.543,0.452,0.503,0.538,0.542,0.52,0.537,0.51,0.541,0.481,0.477,0.5,0.497,0.545,0.444,0.455,0.459,0.48,0.521,0.502,0.489,0.485,0.519,0.519,0.548,0.54,0.446,0.499,0.514,0.514,0.526,0.503,0.518,0.54,0.506,0.524,
0.0,0.001,0.183,0.145,0.21,0.237,0.313,0.362,0.362,0.347,0.27,0.406,0.411,0.387,0.387,0.395,0.328,0.357,0.373,0.337,0.323,0.404,0.436,0.411,0.367,0.379,0.3,0.381,0.365,0.392,0.329,0.318,0.349,0.4,0.375,0.344,0.408,0.379,0.395,0.404,0.395,0.381,0.416,0.373,0.37,0.385,0.436,0.346,0.379,0.401,0.387,0.394,0.373,0.414,0.447,0.413,0.405,0.444,0.418,0.419,0.319,0.318,0.413,0.363,0.378,0.411,0.346,0.385,0.39,0.418,0.423,0.373,0.415,0.41,0.429,0.417,0.408,0.409,0.342,0.3,0.314,0.366,0.325,0.365,0.381,0.403,0.403,0.402,0.419,0.428,0.375,0.359,0.317,0.376,0.381,0.425,0.418,0.406,0.428,0.429,
0.0,0.048,0.041,0.035,0.038,0.034,0.035,0.105,0.081,0.028,0.033,0.066,0.055,0.038,0.06,0.046,0.098,0.075,0.052,0.035,0.046,0.074,0.068,0.029,0.056,0.038,0.071,0.065,0.044,0.092,0.059,0.054,0.064,0.039,0.054,0.066,0.046,0.042,0.032,0.032,0.072,0.052,0.044,0.114,0.081,0.082,0.063,0.077,0.091,0.109,0.096,0.119,0.116,0.069,0.047,0.057,0.026,0.042,0.038,0.046,0.034,0.051,0.046,0.073,0.068,0.043,0.027,0.028,0.074,0.06,0.033,0.063,0.042,0.073,0.046,0.045,0.046,0.03,0.043,0.063,0.052,0.059,0.042,0.039,0.041,0.049,0.052,0.03,0.047,0.03,0.056,0.031,0.04,0.041,0.104,0.097,0.093,0.091,0.072,0.051,
0.0,0.152,0.202,0.257,0.307,0.447,0.51,0.535,0.54,0.571,0.573,0.573,0.574,0.579,0.574,0.573,0.574,0.579,0.574,0.573,0.574,0.579,0.574,0.573,0.574,0.579,0.574,0.573,0.574,0.579,0.574,0.573,0.574,0.579,0.574,0.573,0.574,0.579,0.574,0.573,0.574,0.579,0.574,0.573,0.574,0.579,0.574,0.573,0.574,0.579,0.574,0.573,0.574,0.579,0.574,0.573,0.574,0.579,0.574,0.573,0.574,0.579,0.574,0.573,0.574,0.579,0.574,0.573,0.574,0.579,0.574,0.573,0.574,0.579,0.574,0.573,0.574,0.579,0.574,0.573,0.574,0.579,0.574,0.573,0.574,0.579,0.574,0.573,0.574,0.579,0.574,0.573,0.574,0.579,0.574,0.573,0.574,0.579,0.574,0.574,
0.0,0.14,0.076,0.127,0.167,0.216,0.203,0.373,0.384,0.501,0.486,0.52,0.537,0.556,0.567,0.569,0.57,0.569,0.57,0.569,0.57,0.569,0.57,0.569,0.57,0.569,0.57,0.569,0.57,0.569,0.57,0.569,0.57,0.569,0.57,0.569,0.57,0.569,0.57,0.569,0.57,0.569,0.57,0.569,0.57,0.569,0.57,0.569,0.57,0.569,0.57,0.569,0.57,0.569,0.57,0.569,0.57,0.569,0.57,0.569,0.57,0.569,0.57,0.569,0.57,0.569,0.57,0.569,0.57,0.569,0.57,0.569,0.57,0.569,0.57,0.569,0.57,0.569,0.57,0.569,0.57,0.569,0.57,0.569,0.57,0.569,0.57,0.569,0.57,0.569,0.57,0.569,0.57,0.569,0.57,0.569,0.57,0.569,0.57,0.57,
0.0,0.165,0.217,0.261,0.328,0.357,0.306,0.288,0.302,0.319,0.269,0.309,0.302,0.308,0.258,0.25,0.279,0.294,0.232,0.201,0.208,0.329,0.357,0.309,0.259,0.313,0.342,0.349,0.348,0.37,0.318,0.369,0.286,0.271,0.264,0.229,0.252,0.296,0.301,0.249,0.265,0.251,0.395,0.374,0.273,0.258,0.349,0.338,0.139,0.174,0.3,0.202,0.215,0.263,0.295,0.302,0.367,0.355,0.324,0.324,0.232,0.24,0.214,0.243,0.274,0.243,0.3,0.243,0.198,0.185,0.21,0.261,0.231,0.228,0.255,0.37,0.309,0.244,0.295,0.302,0.25,0.235,0.288,0.256,0.333,0.313,0.395,0.297,0.344,0.307,0.323,0.327,0.317,0.23,0.239,0.298,0.309,0.217,0.34,0.344,
0.0,0.01,0.029,0.027,0.028,0.017,0.026,0.073,0.024,0.017,0.031,0.051,0.027,0.028,0.049,0.027,0.021,0.082,0.024,0.043,0.031,0.017,0.026,0.021,0.023,0.028,0.032,0.017,0.027,0.073,0.077,0.013,0.018,0.03,0.027,0.032,0.051,0.058,0.02,0.017,0.027,0.057,0.023,0.062,0.026,0.016,0.031,0.017,0.027,0.057,0.023,0.063,0.027,0.016,0.021,0.018,0.054,0.023,0.017,0.031,0.017,0.027,0.058,0.064,0.041,0.022,0.046,0.031,0.044,0.022,0.041,0.027,0.055,0.022,0.041,0.041,0.056,0.077,0.032,0.059,0.031,0.015,0.015,0.031,0.011,0.016,0.026,0.058,0.023,0.017,0.031,0.051,0.027,0.023,0.019,0.017,0.029,0.027,0.032,0.051,
0.0,0.116,0.142,0.176,0.31,0.423,0.492,0.528,0.494,0.494,0.507,0.526,0.497,0.44,0.451,0.406,0.406,0.398,0.407,0.419,0.432,0.443,0.425,0.408,0.389,0.378,0.386,0.363,0.365,0.371,0.387,0.276,0.37,0.419,0.36,0.269,0.263,0.236,0.193,0.262,0.291,0.361,0.307,0.261,0.162,0.241,0.288,0.286,0.298,0.218,0.347,0.403,0.432,0.359,0.37,0.422,0.433,0.419,0.329,0.212,0.096,0.251,0.247,0.367,0.44,0.354,0.324,0.412,0.438,0.339,0.434,0.456,0.427,0.439,0.427,0.424,0.328,0.238,0.154,0.308,0.381,0.369,0.284,0.216,0.309,0.389,0.386,0.437,0.452,0.455,0.456,0.439,0.422,0.393,0.337,0.347,0.31,0.376,0.374,0.237,
0.0,0.096,0.153,0.242,0.221,0.297,0.34,0.47,0.564,0.57,0.578,0.572,0.578,0.572,0.578,0.572,0.578,0.572,0.578,0.572,0.578,0.572,0.578,0.572,0.578,0.572,0.578,0.572,0.578,0.572,0.578,0.572,0.578,0.572,0.578,0.572,0.578,0.572,0.578,0.572,0.578,0.572,0.578,0.572,0.578,0.572,0.578,0.572,0.578,0.572,0.578,0.572,0.578,0.572,0.578,0.572,0.578,0.572,0.578,0.572,0.578,0.572,0.578,0.572,0.578,0.572,0.578,0.572,0.578,0.572,0.578,0.572,0.578,0.572,0.578,0.572,0.578,0.572,0.578,0.572,0.578,0.572,0.578,0.572,0.578,0.572,0.578,0.572,0.578,0.572,0.578,0.572,0.578,0.572,0.578,0.572,0.578,0.572,0.578,0.572,
0.0,0.083,0.269,0.319,0.399,0.517,0.524,0.481,0.524,0.509,0.504,0.542,0.467,0.471,0.429,0.49,0.481,0.486,0.385,0.49,0.483,0.532,0.488,0.508,0.501,0.294,0.399,0.366,0.426,0.36,0.477,0.481,0.482,0.535,0.495,0.552,0.535,0.475,0.478,0.408,0.327,0.442,0.456,0.522,0.532,0.508,0.427,0.496,0.51,0.48,0.486,0.502,0.533,0.491,0.514,0.513,0.496,0.541,0.419,0.51,0.497,0.533,0.49,0.491,0.508,0.391,0.452,0.464,0.465,0.435,0.423,0.498,0.479,0.524,0.513,0.535,0.445,0.504,0.441,0.5,0.509,0.544,0.482,0.49,0.458,0.53,0.502,0.416,0.386,0.533,0.527,0.466,0.494,0.464,0.478,0.499,0.468,0.548,0.478,0.497,
0.0,0.15,0.347,0.311,0.31,0.347,0.359,0.304,0.174,0.373,0.41,0.433,0.369,0.366,0.417,0.333,0.383,0.42,0.446,0.375,0.303,0.286,0.219,0.407,0.383,0.411,0.393,0.439,0.448,0.448,0.439,0.168,0.211,0.046,0.3,0.272,0.372,0.399,0.425,0.336,0.331,0.359,0.354,0.369,0.391,0.31,0.363,0.294,0.336,0.412,0.4,0.244,0.196,0.262,0.41,0.223,0.323,0.402,0.44,0.275,0.218,0.271,0.391,0.238,0.389,0.331,0.261,0.369,0.335,0.236,0.249,0.385,0.384,0.438,0.387,0.328,0.359,0.39,0.433,0.326,0.42,0.324,0.403,0.36,0.327,0.387,0.454,0.408,0.438,0.428,0.444,0.339,0.379,0.38,0.398,0.266,0.387,0.42,0.411,0.438,
0.0,0.173,0.234,0.378,0.428,0.471,0.499,0.51,0.546,0.582,0.574,0.587,0.575,0.587,0.575,0.587,0.575,0.587,0.575,0.587,0.575,0.587,0.575,0.587,0.575,0.587,0.575,0.587,0.575,0.587,0.575,0.587,0.575,0.587,0.575,0.587,0.575,0.587,0.575,0.587,0.575,0.587,0.575,0.587,0.575,0.587,0.575,0.587,0.575,0.587,0.575,0.587,0.575,0.587,0.575,0.587,0.575,0.587,0.575,0.587,0.575,0.587,0.575,0.587,0.575,0.587,0.575,0.587,0.575,0.587,0.575,0.587,0.575,0.587,0.575,0.587,0.575,0.587,0.575,0.587,0.575,0.587,0.575,0.587,0.575,0.587,0.575,0.587,0.575,0.587,0.575,0.587,0.575,0.587,0.575,0.587,0.575,0.587,0.575,0.588,
0.0,0.02,0.026,0.051,0.088,0.11,0.169,0.288,0.419,0.366,0.454,0.445,0.487,0.474,0.485,0.389,0.483,0.387,0.48,0.468,0.47,0.369,0.362,0.453,0.295,0.315,0.336,0.353,0.367,0.423,0.429,0.324,0.275,0.2,0.263,0.391,0.363,0.322,0.267,0.275,0.305,0.328,0.394,0.439,0.448,0.397,0.407,0.397,0.363,0.429,0.424,0.409,0.383,0.413,0.438,0.417,0.321,0.396,0.343,0.357,0.357,0.333,0.339,0.361,0.355,0.374,0.391,0.38,0.343,0.379,0.391,0.405,0.421,0.342,0.343,0.383,0.41,0.36,0.323,0.241,0.403,0.315,0.397,0.358,0.415,0.392,0.388,0.368,0.405,0.385,0.41,0.427,0.39,0.432,0.453,0.47,0.47,0.451,0.427,0.417,
0.0,0.16,0.232,0.185,0.192,0.229,0.348,0.303,0.214,0.283,0.406,0.377,0.404,0.159,0.3,0.316,0.23,0.345,0.267,0.379,0.396,0.413,0.367,0.436,0.393,0.421,0.419,0.426,0.24,0.284,0.343,0.421,0.329,0.353,0.396,0.436,0.417,0.398,0.298,0.258,0.419,0.406,0.391,0.39,0.294,0.372,0.425,0.369,0.413,0.36,0.31,0.367,0.294,0.351,0.401,0.439,0.259,0.345,0.34,0.369,0.368,0.415,0.43,0.4,0.435,0.404,0.424,0.418,0.283,0.317,0.392,0.256,0.377,0.308,0.419,0.404,0.395,0.347,0.298,0.407,0.375,0.324,0.406,0.439,0.339,0.398,0.443,0.217,0.335,0.322,0.343,0.383,0.305,0.366,0.387,0.314,0.374,0.35,0.244,0.349,
0.0,0.17,0.243,0.296,0.353,0.24,0.285,0.376,0.422,0.426,0.405,0.416,0.406,0.444,0.429,0.376,0.4,0.426,0.394,0.431,0.41,0.403,0.411,0.375,0.421,0.402,0.369,0.34,0.416,0.413,0.412,0.403,0.406,0.359,0.375,0.413,0.423,0.377,0.418,0.438,0.419,0.391,0.347,0.417,0.421,0.416,0.384,0.429,0.427,0.423,0.369,0.388,0.406,0.437,0.368,0.352,0.386,0.327,0.427,0.424,0.431,0.406,0.426,0.415,0.389,0.399,0.419,0.367,0.357,0.378,0.38,0.386,0.39,0.365,0.426,0.43,0.367,0.43,0.369,0.405,0.394,0.413,0.412,0.325,0.433,0.428,0.393,0.373,0.399,0.41,0.437,0.373,0.421,0.405,0.433,0.426,0.424,0.327,0.309,0.383,
0.0,0.004,0.004,0.0,0.003,0.004,0.0,0.014,0.054,0.004,0.004,0.0,0.003,0.011,0.003,0.004,0.0,0.003,0.004,0.0,0.003,0.004,0.0,0.003,0.047,0.001,0.007,0.004,0.0,0.003,0.004,0.0,0.003,0.004,0.0,0.008,0.004,0.0,0.008,0.004,0.007,0.004,0.0,0.003,0.034,0.008,0.0,0.019,0.0,0.004,0.004,0.0,0.003,0.004,0.0,0.014,0.004,0.0,0.003,0.004,0.0,0.003,0.004,0.0,0.003,0.004,0.0,0.003,0.004,0.0,0.003,0.027,0.001,0.003,0.004,0.0,0.003,0.004,0.0,0.003,0.004,0.007,0.011,0.003,0.004,0.0,0.003,0.004,0.0,0.003,0.027,0.001,0.007,0.004,0.0,0.008,0.004,0.0,0.003,0.004,
0.0,0.26,0.38,0.459,0.495,0.442,0.411,0.421,0.432,0.447,0.41,0.414,0.423,0.397,0.375,0.408,0.429,0.415,0.355,0.375,0.443,0.435,0.431,0.432,0.452,0.439,0.448,0.438,0.405,0.421,0.432,0.448,0.403,0.393,0.381,0.306,0.28,0.366,0.406,0.425,0.444,0.382,0.297,0.334,0.38,0.393,0.404,0.325,0.405,0.354,0.396,0.419,0.443,0.332,0.369,0.39,0.369,0.347,0.364,0.415,0.443,0.4,0.398,0.356,0.358,0.385,0.422,0.394,0.327,0.38,0.405,0.388,0.368,0.389,0.444,0.449,0.452,0.452,0.453,0.452,0.453,0.452,0.453,0.452,0.453,0.452,0.453,0.452,0.453,0.452,0.453,0.452,0.453,0.452,0.453,0.452,0.453,0.452,0.453,0.452,
0.0,0.038,0.054,0.042,0.032,0.034,0.05,0.035,0.031,0.036,0.032,0.046,0.065,0.038,0.027,0.056,0.044,0.067,0.068,0.031,0.033,0.055,0.053,0.033,0.041,0.039,0.083,0.07,0.071,0.035,0.034,0.036,0.026,0.04,0.042,0.074,0.073,0.087,0.121,0.194,0.226,0.29,0.386,0.487,0.553,0.533,0.544,0.57,0.575,0.576,0.576,0.576,0.576,0.576,0.576,0.576,0.576,0.576,0.576,0.576,0.576,0.576,0.576,0.576,0.576,0.576,0.576,0.576,0.576,0.576,0.576,0.576,0.576,0.576,0.576,0.576,0.576,0.576,0.576,0.576,0.576,0.576,0.576,0.576,0.576,0.576,0.576,0.576,0.576,0.576,0.576,0.576,0.576,0.576,0.576,0.576,0.576,0.576,0.576,0.576,
0.0,0.052,0.095,0.15,0.185,0.327,0.352,0.446,0.521,0.558,0.535,0.521,0.556,0.524,0.518,0.542,0.524,0.522,0.555,0.519,0.514,0.539,0.554,0.531,0.523,0.555,0.519,0.514,0.539,0.554,0.531,0.523,0.555,0.519,0.514,0.539,0.554,0.531,0.523,0.555,0.519,0.514,0.539,0.554,0.531,0.523,0.555,0.519,0.514,0.539,0.554,0.531,0.523,0.555,0.519,0.514,0.539,0.554,0.531,0.523,0.555,0.519,0.514,0.539,0.554,0.531,0.523,0.555,0.519,0.514,0.539,0.554,0.531,0.523,0.555,0.519,0.514,0.539,0.554,0.531,0.523,0.555,0.519,0.514,0.539,0.554,0.531,0.523,0.555,0.519,0.514,0.539,0.554,0.531,0.523,0.555,0.519,0.514,0.539,0.552,
0.0,0.037,0.034,0.054,0.047,0.036,0.047,0.059,0.035,0.026,0.033,0.033,0.032,0.025,0.052,0.035,0.031,0.048,0.032,0.025,0.027,0.029,0.038,0.033,0.038,0.033,0.032,0.025,0.034,0.034,0.044,0.034,0.031,0.025,0.043,0.034,0.031,0.025,0.034,0.034,0.031,0.025,0.04,0.034,0.03,0.025,0.034,0.034,0.041,0.034,0.037,0.034,0.031,0.025,0.034,0.034,0.083,0.053,0.049,0.031,0.028,0.046,0.035,0.031,0.028,0.034,0.031,0.045,0.025,0.04,0.034,0.032,0.034,0.032,0.034,0.032,0.034,0.032,0.034,0.032,0.046,0.025,0.035,0.03,0.035,0.024,0.025,0.034,0.032,0.034,0.038,0.036,0.033,0.032,0.025,0.034,0.034,0.041,0.034,0.031,
0.0,0.218,0.433,0.282,0.181,0.41,0.278,0.239,0.244,0.191,0.346,0.295,0.167,0.266,0.21,0.289,0.246,0.105,0.273,0.191,0.333,0.204,0.137,0.169,0.164,0.211,0.276,0.384,0.362,0.297,0.269,0.231,0.331,0.283,0.415,0.312,0.183,0.169,0.304,0.133,0.388,0.126,0.196,0.302,0.274,0.12,0.369,0.329,0.405,0.291,0.318,0.23,0.219,0.334,0.203,0.313,0.225,0.329,0.231,0.267,0.328,0.329,0.148,0.252,0.218,0.234,0.324,0.308,0.319,0.361,0.319,0.39,0.317,0.247,0.302,0.397,0.289,0.196,0.111,0.211,0.299,0.278,0.38,0.248,0.225,0.276,0.307,0.32,0.312,0.254,0.258,0.269,0.311,0.221,0.125,0.091,0.331,0.299,0.438,0.435,
0.0,0.011,0.025,0.118,0.115,0.092,0.261,0.359,0.426,0.379,0.327,0.374,0.464,0.51,0.51,0.482,0.526,0.515,0.502,0.503,0.512,0.519,0.489,0.503,0.512,0.52,0.507,0.51,0.511,0.519,0.509,0.515,0.514,0.528,0.529,0.532,0.517,0.521,0.509,0.515,0.514,0.528,0.529,0.532,0.517,0.521,0.509,0.515,0.514,0.528,0.529,0.532,0.517,0.521,0.509,0.515,0.514,0.528,0.529,0.532,0.517,0.521,0.509,0.515,0.514,0.528,0.529,0.532,0.517,0.521,0.509,0.515,0.514,0.528,0.529,0.532,0.517,0.521,0.509,0.515,0.514,0.528,0.529,0.532,0.517,0.521,0.509,0.515,0.514,0.528,0.529,0.532,0.517,0.521,0.509,0.515,0.514,0.528,0.529,0.532,
0.0,0.29,0.405,0.371,0.445,0.452,0.394,0.341,0.354,0.425,0.436,0.415,0.445,0.396,0.455,0.45,0.46,0.399,0.372,0.359,0.412,0.441,0.407,0.343,0.418,0.424,0.389,0.296,0.263,0.371,0.369,0.37,0.362,0.392,0.387,0.36,0.444,0.359,0.372,0.317,0.398,0.397,0.369,0.378,0.444,0.422,0.392,0.251,0.397,0.405,0.386,0.423,0.449,0.412,0.405,0.409,0.322,0.406,0.449,0.382,0.444,0.406,0.409,0.347,0.377,0.396,0.351,0.326,0.443,0.412,0.458,0.311,0.321,0.318,0.392,0.413,0.37,0.361,0.371,0.391,0.378,0.387,0.306,0.396,0.374,0.302,0.424,0.355,0.429,0.369,0.359,0.324,0.396,0.201,0.364,0.392,0.404,0.427,0.429,0.372,
0.0,0.01,0.052,0.022,0.05,0.033,0.048,0.037,0.024,0.029,0.04,0.03,0.041,0.046,0.044,0.049,0.039,0.043,0.041,0.058,0.021,0.041,0.053,0.065,0.024,0.031,0.043,0.036,0.028,0.068,0.049,0.06,0.026,0.031,0.055,0.03,0.053,0.041,0.042,0.036,0.048,0.084,0.05,0.033,0.033,0.09,0.056,0.115,0.052,0.034,0.063,0.031,0.037,0.05,0.129,0.043,0.029,0.034,0.033,0.073,0.049,0.049,0.028,0.101,0.09,0.138,0.079,0.052,0.039,0.116,0.125,0.149,0.071,0.048,0.035,0.139,0.091,0.061,0.03,0.042,0.026,0.035,0.036,0.03,0.04,0.033,0.033,0.034,0.056,0.026,0.04,0.042,0.04,0.03,0.045,0.063,0.071,0.023,0.044,0.063,
0.0,0.166,0.322,0.396,0.386,0.394,0.387,0.407,0.42,0.429,0.41,0.397,0.441,0.447,0.433,0.395,0.44,0.41,0.429,0.427,0.366,0.39,0.415,0.423,0.411,0.441,0.419,0.363,0.374,0.367,0.412,0.429,0.41,0.397,0.414,0.376,0.393,0.401,0.424,0.354,0.379,0.368,0.361,0.36,0.362,0.383,0.42,0.414,0.42,0.409,0.353,0.386,0.377,0.412,0.429,0.445,0.434,0.414,0.41,0.403,0.414,0.441,0.41,0.359,0.348,0.397,0.409,0.385,0.377,0.433,0.421,0.355,0.396,0.399,0.417,0.41,0.39,0.409,0.394,0.383,0.383,0.41,0.394,0.407,0.412,0.418,0.423,0.397,0.441,0.367,0.396,0.44,0.433,0.414,0.398,0.43,0.442,0.391,0.398,0.424,
0.0,0.031,0.238,0.291,0.332,0.337,0.344,0.396,0.424,0.387,0.4,0.413,0.424,0.444,0.42,0.456,0.466,0.43,0.442,0.427,0.401,0.448,0.43,0.46,0.466,0.426,0.371,0.452,0.435,0.445,0.406,0.409,0.395,0.381,0.399,0.438,0.442,0.461,0.425,0.43,0.457,0.44,0.408,0.425,0.405,0.428,0.385,0.35,0.369,0.377,0.378,0.434,0.463,0.422,0.438,0.441,0.446,0.406,0.456,0.455,0.421,0.398,0.377,0.434,0.421,0.405,0.426,0.465,0.417,0.358,0.39,0.44,0.461,0.443,0.444,0.425,0.418,0.408,0.44,0.441,0.34,0.444,0.431,0.405,0.452,0.452,0.467,0.446,0.441,0.451,0.464,0.452,0.415,0.46,0.428,0.429,0.423,0.419,0.425,0.401,
0.0,0.123,0.256,0.301,0.351,0.397,0.398,0.383,0.274,0.35,0.341,0.388,0.292,0.394,0.393,0.236,0.185,0.349,0.37,0.015,0.161,0.401,0.398,0.411,0.383,0.317,0.417,0.437,0.362,0.425,0.451,0.451,0.431,0.419,0.406,0.437,0.441,0.43,0.42,0.415,0.414,0.317,0.302,0.376,0.435,0.44,0.429,0.431,0.435,0.449,0.453,0.454,0.416,0.446,0.435,0.449,0.431,0.419,0.41,0.394,0.34,0.355,0.415,0.431,0.449,0.429,0.451,0.454,0.43,0.433,0.411,0.231,0.359,0.365,0.403,0.122,0.285,0.357,0.401,0.238,0.338,0.372,0.425,0.408,0.359,0.42,0.425,0.433,0.447,0.441,0.451,0.414,0.392,0.348,0.396,0.37,0.369,0.392,0.324,0.373,
0.0,0.136,0.291,0.425,0.487,0.52,0.519,0.528,0.53,0.537,0.532,0.537,0.532,0.537,0.532,0.537,0.532,0.537,0.532,0.537,0.532,0.537,0.532,0.537,0.532,0.537,0.532,0.537,0.532,0.537,0.532,0.537,0.532,0.537,0.532,0.537,0.532,0.537,0.532,0.537,0.532,0.537,0.532,0.537,0.532,0.537,0.532,0.537,0.532,0.537,0.532,0.537,0.532,0.537,0.532,0.537,0.532,0.537,0.532,0.537,0.532,0.537,0.532,0.537,0.532,0.537,0.532,0.537,0.532,0.537,0.532,0.537,0.532,0.537,0.532,0.537,0.532,0.537,0.532,0.537,0.532,0.537,0.532,0.537,0.532,0.537,0.532,0.537,0.532,0.537,0.532,0.537,0.532,0.537,0.532,0.537,0.532,0.537,0.532,0.542,
0.0,0.026,0.037,0.028,0.064,0.032,0.047,0.022,0.029,0.028,0.035,0.029,0.055,0.036,0.043,0.03,0.019,0.023,0.029,0.03,0.032,0.023,0.024,0.018,0.03,0.031,0.036,0.026,0.027,0.027,0.026,0.034,0.026,0.027,0.026,0.046,0.024,0.018,0.03,0.033,0.035,0.026,0.047,0.042,0.032,0.033,0.094,0.09,0.026,0.03,0.042,0.031,0.094,0.07,0.04,0.023,0.024,0.019,0.04,0.028,0.035,0.022,0.049,0.03,0.026,0.047,0.024,0.026,0.032,0.023,0.025,0.029,0.03,0.034,0.039,0.044,0.03,0.032,0.023,0.04,0.021,0.024,0.044,0.042,0.031,0.026,0.028,0.028,0.027,0.024,0.029,0.03,0.032,0.023,0.026,0.025,0.027,0.027,0.026,0.027,
0.0,0.168,0.317,0.154,0.252,0.23,0.209,0.308,0.398,0.274,0.256,0.266,0.25,0.06,0.269,0.319,0.248,0.154,0.333,0.399,0.389,0.411,0.385,0.292,0.325,0.264,0.319,0.256,0.231,0.21,0.262,0.276,0.244,0.269,0.303,0.28,0.301,0.248,0.312,0.389,0.076,0.237,0.249,0.304,0.141,0.311,0.393,0.375,0.407,0.413,0.413,0.29,0.389,0.443,0.422,0.184,0.266,0.34,0.417,0.395,0.421,0.119,0.255,0.303,0.271,0.214,0.237,0.265,0.194,0.217,0.167,0.26,0.261,0.215,0.257,0.311,0.303,0.388,0.308,0.357,0.38,0.407,0.443,0.358,0.277,0.408,0.372,0.365,0.367,0.363,0.375,0.348,0.42,0.412,0.4,0.164,0.249,0.315,0.323,0.357,
0.0,0.067,0.099,0.092,0.086,0.079,0.077,0.139,0.127,0.112,0.055,0.087,0.05,0.072,0.191,0.168,0.139,0.122,0.201,0.226,0.31,0.362,0.461,0.502,0.51,0.526,0.532,0.532,0.533,0.532,0.533,0.532,0.533,0.532,0.533,0.532,0.533,0.532,0.533,0.532,0.533,0.532,0.533,0.532,0.533,0.532,0.533,0.532,0.533,0.532,0.533,0.532,0.533,0.532,0.533,0.532,0.533,0.532,0.533,0.532,0.533,0.532,0.533,0.532,0.533,0.532,0.533,0.532,0.533,0.532,0.533,0.532,0.533,0.532,0.533,0.532,0.533,0.532,0.533,0.532,0.533,0.532,0.533,0.532,0.533,0.532,0.533,0.532,0.533,0.532,0.533,0.532,0.533,0.532,0.533,0.532,0.533,0.532,0.533,0.532,
0.0,0.084,0.168,0.128,0.268,0.395,0.547,0.537,0.564,0.569,0.57,0.57,0.57,0.57,0.57,0.57,0.57,0.57,0.57,0.57,0.57,0.57,0.57,0.57,0.57,0.57,0.57,0.57,0.57,0.57,0.57,0.57,0.57,0.57,0.57,0.57,0.57,0.57,0.57,0.57,0.57,0.57,0.57,0.57,0.57,0.57,0.57,0.57,0.57,0.57,0.57,0.57,0.57,0.57,0.57,0.57,0.57,0.57,0.57,0.57,0.57,0.57,0.57,0.57,0.57,0.57,0.57,0.57,0.57,0.57,0.57,0.57,0.57,0.57,0.57,0.57,0.57,0.57,0.57,0.57,0.57,0.57,0.57,0.57,0.57,0.57,0.57,0.57,0.57,0.57,0.57,0.57,0.57,0.57,0.57,0.57,0.57,0.57,0.57,0.57,
0.0,0.03,0.049,0.027,0.023,0.025,0.03,0.035,0.017,0.034,0.035,0.031,0.018,0.027,0.019,0.07,0.033,0.014,0.028,0.022,0.025,0.031,0.028,0.017,0.026,0.065,0.084,0.071,0.021,0.018,0.04,0.023,0.019,0.025,0.019,0.025,0.019,0.03,0.018,0.023,0.042,0.025,0.037,0.043,0.035,0.021,0.015,0.031,0.034,0.035,0.01,0.05,0.037,0.017,0.015,0.054,0.039,0.022,0.021,0.042,0.048,0.023,0.071,0.065,0.052,0.049,0.013,0.019,0.033,0.025,0.023,0.045,0.025,0.025,0.023,0.033,0.025,0.02,0.03,0.022,0.03,0.022,0.033,0.026,0.016,0.048,0.014,0.021,0.031,0.027,0.023,0.02,0.031,0.025,0.049,0.028,0.047,0.039,0.03,0.031,
0.0,0.15,0.137,0.294,0.283,0.368,0.416,0.438,0.379,0.395,0.4,0.401,0.415,0.394,0.393,0.375,0.394,0.393,0.376,0.399,0.391,0.375,0.413,0.396,0.376,0.383,0.357,0.352,0.377,0.373,0.333,0.399,0.325,0.248,0.361,0.36,0.364,0.377,0.357,0.284,0.352,0.366,0.353,0.373,0.306,0.305,0.332,0.36,0.368,0.397,0.376,0.348,0.392,0.326,0.344,0.386,0.355,0.346,0.375,0.375,0.376,0.401,0.379,0.351,0.412,0.398,0.363,0.411,0.398,0.28,0.35,0.333,0.368,0.413,0.396,0.279,0.353,0.355,0.358,0.352,0.324,0.345,0.407,0.383,0.369,0.354,0.371,0.322,0.307,0.364,0.341,0.405,0.379,0.373,0.413,0.396,0.257,0.374,0.359,0.304,
0.0,0.19,0.166,0.122,0.372,0.357,0.408,0.383,0.383,0.416,0.411,0.337,0.32,0.376,0.358,0.377,0.319,0.385,0.375,0.37,0.344,0.364,0.385,0.413,0.361,0.311,0.335,0.34,0.348,0.387,0.403,0.363,0.354,0.29,0.346,0.398,0.31,0.354,0.238,0.365,0.342,0.376,0.401,0.397,0.348,0.352,0.378,0.359,0.32,0.311,0.338,0.354,0.361,0.354,0.375,0.361,0.305,0.342,0.286,0.357,0.272,0.316,0.36,0.41,0.309,0.306,0.355,0.376,0.341,0.27,0.174,0.384,0.314,0.34,0.404,0.326,0.3,0.335,0.343,0.39,0.395,0.368,0.372,0.347,0.378,0.348,0.385,0.377,0.393,0.377,0.364,0.378,0.342,0.304,0.323,0.336,0.325,0.135,0.164,0.321,
0.0,0.036,0.054,0.083,0.054,0.043,0.033,0.039,0.102,0.121,0.088,0.141,0.07,0.05,0.027,0.109,0.037,0.098,0.043,0.092,0.047,0.099,0.044,0.036,0.036,0.108,0.13,0.179,0.208,0.231,0.276,0.386,0.463,0.523,0.551,0.562,0.57,0.573,0.573,0.574,0.573,0.574,0.573,0.574,0.573,0.574,0.573,0.574,0.573,0.574,0.573,0.574,0.573,0.574,0.573,0.574,0.573,0.574,0.573,0.574,0.573,0.574,0.573,0.574,0.573,0.574,0.573,0.574,0.573,0.574,0.573,0.574,0.573,0.574,0.573,0.574,0.573,0.574,0.573,0.574,0.573,0.574,0.573,0.574,0.573,0.574,0.573,0.574,0.573,0.574,0.573,0.574,0.573,0.574,0.573,0.574,0.573,0.574,0.573,0.574,
0.0,0.183,0.284,0.435,0.484,0.433,0.485,0.406,0.373,0.374,0.277,0.362,0.438,0.423,0.439,0.432,0.355,0.308,0.313,0.291,0.332,0.351,0.37,0.421,0.357,0.401,0.393,0.414,0.428,0.375,0.419,0.433,0.401,0.393,0.402,0.341,0.402,0.39,0.364,0.424,0.433,0.393,0.422,0.432,0.431,0.408,0.207,0.209,0.173,0.134,0.347,0.235,0.298,0.311,0.404,0.361,0.335,0.398,0.347,0.348,0.271,0.342,0.345,0.293,0.389,0.406,0.378,0.401,0.397,0.391,0.386,0.39,0.385,0.347,0.344,0.369,0.415,0.411,0.409,0.39,0.372,0.348,0.356,0.366,0.343,0.3,0.394,0.422,0.358,0.294,0.226,0.207,0.219,0.298,0.366,0.402,0.374,0.405,0.42,0.438,
0.0,0.0,-0.02,-0.002,0.073,0.112,0.225,0.385,0.293,0.345,0.416,0.444,0.418,0.426,0.392,0.419,0.433,0.417,0.371,0.351,0.378,0.287,0.342,0.407,0.393,0.339,0.387,0.366,0.367,0.363,0.338,0.377,0.393,0.42,0.392,0.37,0.34,0.371,0.428,0.448,0.43,0.286,0.285,0.322,0.298,0.319,0.401,0.413,0.43,0.406,0.448,0.438,0.422,0.441,0.433,0.409,0.423,0.378,0.377,0.396,0.375,0.393,0.38,0.381,0.377,0.398,0.416,0.396,0.388,0.423,0.388,0.357,0.391,0.417,0.405,0.434,0.448,0.421,0.411,0.426,0.421,0.404,0.435,0.441,0.437,0.434,0.434,0.431,0.438,0.42,0.429,0.436,0.416,0.413,0.442,0.398,0.36,0.414,0.438,0.388,
0.0,0.003,0.0,0.003,0.0,0.003,0.0,0.004,0.0,0.003,0.0,0.003,0.0,0.004,0.0,0.004,0.0,0.004,0.0,0.004,0.0,0.004,0.0,0.004,0.0,0.004,0.0,0.004,0.0,0.004,0.0,0.004,0.0,0.004,0.0,0.004,0.0,0.004,0.0,0.004,0.0,0.004,0.0,0.004,0.0,0.004,0.0,0.004,0.0,0.004,0.0,0.004,0.0,0.004,0.0,0.004,0.0,0.004,0.0,0.004,0.0,0.004,0.0,0.004,0.0,0.004,0.0,0.004,0.0,0.004,0.0,0.004,0.0,0.004,0.0,0.004,0.0,0.004,0.0,0.004,0.0,0.004,0.0,0.004,0.0,0.004,0.0,0.004,0.0,0.004,0.0,0.004,0.0,0.004,0.0,0.004,0.0,0.004,0.0,0.004,
0.0,0.12,0.188,0.238,0.348,0.495,0.522,0.539,0.567,0.561,0.571,0.562,0.571,0.562,0.571,0.562,0.571,0.562,0.571,0.562,0.571,0.562,0.571,0.562,0.571,0.562,0.571,0.562,0.571,0.562,0.571,0.562,0.571,0.562,0.571,0.562,0.571,0.562,0.571,0.562,0.571,0.562,0.571,0.562,0.571,0.562,0.571,0.562,0.571,0.562,0.571,0.562,0.571,0.562,0.571,0.562,0.571,0.562,0.571,0.562,0.571,0.562,0.571,0.562,0.571,0.562,0.571,0.562,0.571,0.562,0.571,0.562,0.571,0.562,0.571,0.562,0.571,0.562,0.571,0.562,0.571,0.562,0.571,0.562,0.571,0.562,0.571,0.562,0.571,0.562,0.571,0.562,0.571,0.562,0.571,0.562,0.571,0.562,0.571,0.562,
0.0,0.157,0.301,0.448,0.494,0.553,0.541,0.548,0.562,0.556,0.539,0.553,0.555,0.523,0.523,0.553,0.547,0.552,0.542,0.545,0.545,0.546,0.548,0.53,0.543,0.552,0.537,0.541,0.549,0.549,0.542,0.543,0.558,0.563,0.552,0.563,0.566,0.547,0.547,0.552,0.552,0.552,0.542,0.524,0.537,0.552,0.535,0.553,0.555,0.544,0.532,0.547,0.561,0.529,0.53,0.553,0.55,0.54,0.537,0.55,0.554,0.541,0.545,0.564,0.564,0.562,0.553,0.548,0.559,0.551,0.539,0.553,0.555,0.523,0.523,0.553,0.547,0.552,0.542,0.545,0.545,0.546,0.548,0.53,0.543,0.552,0.537,0.541,0.549,0.549,0.542,0.543,0.558,0.563,0.552,0.563,0.566,0.547,0.547,0.557,
0.0,0.119,0.218,0.225,0.237,0.287,0.294,0.328,0.353,0.281,0.29,0.253,0.213,0.235,0.353,0.426,0.403,0.246,0.237,0.212,0.324,0.328,0.244,0.183,0.232,0.345,0.322,0.213,0.241,0.212,0.257,0.271,0.327,0.206,0.262,0.247,0.295,0.231,0.242,0.368,0.223,0.288,0.307,0.354,0.422,0.424,0.328,0.37,0.365,0.422,0.4,0.41,0.418,0.406,0.398,0.428,0.29,0.326,0.228,0.323,0.221,0.278,0.227,0.326,0.278,0.299,0.405,0.387,0.311,0.305,0.24,0.343,0.407,0.435,0.377,0.255,0.238,0.247,0.209,0.368,0.425,0.348,0.386,0.383,0.372,0.381,0.426,0.341,0.375,0.283,0.223,0.328,0.347,0.337,0.374,0.415,0.405,0.253,0.233,0.301,
0.0,0.071,0.065,0.063,0.083,0.05,0.099,0.074,0.058,0.078,0.089,0.081,0.077,0.038,0.062,0.066,0.082,0.08,0.075,0.072,0.08,0.057,0.047,0.048,0.116,0.091,0.09,0.058,0.048,0.043,0.081,0.09,0.095,0.067,0.087,0.081,0.077,0.095,0.08,0.077,0.07,0.083,0.073,0.053,0.07,0.053,0.056,0.055,0.058,0.095,0.058,0.055,0.088,0.081,0.056,0.056,0.096,0.076,0.058,0.046,0.081,0.079,0.066,0.105,0.067,0.087,0.095,0.07,0.088,0.096,0.043,0.101,0.053,0.049,0.074,0.115,0.046,0.069,0.121,0.057,0.108,0.048,0.075,0.102,0.127,0.069,0.146,0.169,0.145,0.134,0.129,0.073,0.071,0.042,0.11,0.062,0.045,0.064,0.077,0.096,
0.0,0.028,0.138,0.285,0.387,0.41,0.459,0.494,0.462,0.504,0.461,0.425,0.465,0.51,0.482,0.459,0.482,0.484,0.488,0.503,0.503,0.419,0.479,0.408,0.508,0.535,0.463,0.468,0.396,0.351,0.417,0.495,0.439,0.477,0.509,0.522,0.494,0.506,0.49,0.495,0.513,0.504,0.466,0.424,0.426,0.484,0.444,0.491,0.438,0.42,0.502,0.436,0.506,0.502,0.484,0.466,0.446,0.434,0.366,0.37,0.309,0.327,0.333,0.329,0.29,0.368,0.328,0.342,0.255,0.373,0.444,0.433,0.378,0.425,0.234,0.06,0.211,0.226,0.328,0.306,0.303,0.332,0.385,0.337,0.369,0.322,0.411,0.364,0.377,0.38,0.405,0.432,0.408,0.443,0.366,0.368,0.439,0.395,0.188,0.167,
0.0,0.131,0.246,0.344,0.455,0.427,0.497,0.456,0.38,0.423,0.359,0.361,0.405,0.394,0.427,0.38,0.413,0.426,0.386,0.413,0.438,0.382,0.417,0.427,0.386,0.413,0.438,0.382,0.417,0.427,0.386,0.413,0.438,0.382,0.417,0.427,0.386,0.413,0.438,0.382,0.417,0.427,0.386,0.413,0.438,0.382,0.417,0.427,0.386,0.413,0.438,0.382,0.417,0.427,0.386,0.413,0.438,0.382,0.417,0.427,0.386,0.413,0.438,0.382,0.417,0.427,0.386,0.413,0.438,0.382,0.417,0.427,0.386,0.413,0.438,0.382,0.417,0.427,0.386,0.413,0.438,0.382,0.417,0.427,0.386,0.413,0.438,0.382,0.417,0.427,0.386,0.413,0.438,0.382,0.417,0.427,0.386,0.413,0.438,0.382,
0.0,0.111,0.259,0.341,0.352,0.431,0.446,0.424,0.378,0.404,0.403,0.421,0.431,0.409,0.438,0.443,0.371,0.414,0.411,0.366,0.369,0.415,0.429,0.449,0.412,0.408,0.418,0.447,0.441,0.427,0.452,0.413,0.429,0.412,0.451,0.422,0.432,0.413,0.427,0.437,0.419,0.448,0.436,0.425,0.447,0.436,0.425,0.447,0.436,0.425,0.429,0.418,0.429,0.41,0.426,0.417,0.43,0.435,0.454,0.456,0.414,0.371,0.385,0.442,0.454,0.456,0.383,0.445,0.455,0.456,0.414,0.449,0.422,0.435,0.413,0.42,0.433,0.449,0.422,0.414,0.447,0.441,0.427,0.452,0.413,0.449,0.398,0.411,0.429,0.411,0.426,0.448,0.419,0.436,0.416,0.404,0.361,0.395,0.425,0.418,
0.0,0.026,0.035,0.029,0.027,0.048,0.037,0.021,0.032,0.087,0.097,0.115,0.145,0.213,0.311,0.433,0.495,0.539,0.548,0.553,0.555,0.554,0.555,0.554,0.555,0.554,0.555,0.554,0.555,0.554,0.555,0.554,0.555,0.554,0.555,0.554,0.555,0.554,0.555,0.554,0.555,0.554,0.555,0.554,0.555,0.554,0.555,0.554,0.555,0.554,0.555,0.554,0.555,0.554,0.555,0.554,0.555,0.554,0.555,0.554,0.555,0.554,0.555,0.554,0.555,0.554,0.555,0.554,0.555,0.554,0.555,0.554,0.555,0.554,0.555,0.554,0.555,0.554,0.555,0.554,0.555,0.554,0.555,0.554,0.555,0.554,0.555,0.554,0.555,0.554,0.555,0.554,0.555,0.554,0.555,0.554,0.555,0.554,0.555,0.554,
0.0,0.025,0.046,0.11,0.149,0.236,0.383,0.432,0.554,0.557,0.543,0.565,0.569,0.57,0.57,0.57,0.57,0.57,0.57,0.57,0.57,0.57,0.57,0.57,0.57,0.57,0.57,0.57,0.57,0.57,0.57,0.57,0.57,0.57,0.57,0.57,0.57,0.57,0.57,0.57,0.57,0.57,0.57,0.57,0.57,0.57,0.57,0.57,0.57,0.57,0.57,0.57,0.57,0.57,0.57,0.57,0.57,0.57,0.57,0.57,0.57,0.57,0.57,0.57,0.57,0.57,0.57,0.57,0.57,0.57,0.57,0.57,0.57,0.57,0.57,0.57,0.57,0.57,0.57,0.57,0.57,0.57,0.57,0.57,0.57,0.57,0.57,0.57,0.57,0.57,0.57,0.57,0.57,0.57,0.57,0.57,0.57,0.57,0.57,0.57,
0.0,0.201,0.314,0.286,0.263,0.284,0.374,0.423,0.445,0.327,0.343,0.364,0.41,0.439,0.459,0.421,0.406,0.366,0.377,0.404,0.425,0.43,0.419,0.419,0.389,0.422,0.435,0.398,0.422,0.384,0.42,0.4,0.354,0.331,0.418,0.402,0.312,0.417,0.385,0.332,0.433,0.403,0.154,0.362,0.394,0.434,0.407,0.311,0.375,0.412,0.389,0.415,0.454,0.425,0.4,0.438,0.41,0.399,0.425,0.427,0.379,0.405,0.436,0.412,0.429,0.366,0.408,0.438,0.459,0.362,0.429,0.439,0.459,0.362,0.429,0.439,0.459,0.362,0.429,0.439,0.459,0.329,0.373,0.452,0.459,0.428,0.389,0.343,0.375,0.346,0.355,0.366,0.451,0.418,0.438,0.445,0.352,0.403,0.448,0.381,
0.0,0.084,0.374,0.385,0.442,0.432,0.328,0.407,0.406,0.427,0.391,0.429,0.392,0.361,0.44,0.363,0.373,0.382,0.424,0.375,0.429,0.47,0.367,0.432,0.374,0.409,0.422,0.385,0.419,0.319,0.375,0.461,0.467,0.47,0.369,0.415,0.403,0.422,0.384,0.368,0.424,0.339,0.352,0.422,0.462,0.469,0.47,0.37,0.289,0.444,0.465,0.47,0.446,0.362,0.414,0.421,0.385,0.399,0.428,0.422,0.395,0.415,0.431,0.431,0.462,0.467,0.47,0.369,0.34,0.425,0.429,0.427,0.417,0.398,0.416,0.418,0.448,0.347,0.282,0.334,0.311,0.402,0.384,0.377,0.445,0.463,0.459,0.408,0.409,0.362,0.446,0.398,0.412,0.439,0.432,0.462,0.467,0.47,0.369,0.326,
0.0,0.023,0.026,0.023,0.026,0.023,0.026,0.026,0.026,0.023,0.017,0.022,0.026,0.026,0.026,0.023,0.029,0.031,0.024,0.016,0.023,0.025,0.027,0.025,0.024,0.016,0.023,0.025,0.024,0.031,0.023,0.026,0.026,0.026,0.022,0.023,0.025,0.024,0.026,0.027,0.025,0.024,0.016,0.023,0.03,0.024,0.016,0.023,0.03,0.024,0.016,0.023,0.025,0.024,0.026,0.027,0.025,0.024,0.016,0.023,0.025,0.027,0.025,0.024,0.016,0.023,0.025,0.024,0.026,0.024,0.026,0.024,0.026,0.027,0.025,0.024,0.016,0.023,0.025,0.024,0.026,0.024,0.026,0.024,0.026,0.027,0.025,0.024,0.016,0.028,0.026,0.024,0.031,0.023,0.026,0.023,0.026,0.023,0.026,0.023,
0.0,0.191,0.396,0.381,0.393,0.421,0.361,0.355,0.386,0.41,0.357,0.411,0.288,0.365,0.426,0.441,0.352,0.39,0.315,0.429,0.463,0.421,0.425,0.44,0.454,0.34,0.426,0.429,0.418,0.432,0.378,0.385,0.403,0.433,0.297,0.428,0.415,0.364,0.424,0.388,0.409,0.418,0.462,0.429,0.42,0.35,0.441,0.454,0.362,0.332,0.303,0.4,0.424,0.424,0.431,0.393,0.434,0.41,0.417,0.415,0.417,0.433,0.396,0.452,0.419,0.457,0.447,0.42,0.376,0.399,0.418,0.406,0.392,0.395,0.407,0.457,0.439,0.416,0.299,0.425,0.379,0.425,0.461,0.437,0.452,0.404,0.404,0.447,0.402,0.401,0.408,0.418,0.404,0.401,0.304,0.338,0.382,0.425,0.44,0.441,
0.0,0.118,0.132,0.237,0.299,0.42,0.483,0.526,0.542,0.564,0.569,0.575,0.577,0.577,0.577,0.577,0.577,0.577,0.577,0.577,0.577,0.577,0.577,0.577,0.577,0.577,0.577,0.577,0.577,0.577,0.577,0.577,0.577,0.577,0.577,0.577,0.577,0.577,0.577,0.577,0.577,0.577,0.577,0.577,0.577,0.577,0.577,0.577,0.577,0.577,0.577,0.577,0.577,0.577,0.577,0.577,0.577,0.577,0.577,0.577,0.577,0.577,0.577,0.577,0.577,0.577,0.577,0.577,0.577,0.577,0.577,0.577,0.577,0.577,0.577,0.577,0.577,0.577,0.577,0.577,0.577,0.577,0.577,0.577,0.577,0.577,0.577,0.577,0.577,0.577,0.577,0.577,0.577,0.577,0.577,0.577,0.577,0.577,0.577,0.578,
0.0,0.179,0.271,0.298,0.331,0.394,0.497,0.558,0.572,0.577,0.578,0.578,0.578,0.578,0.578,0.578,0.578,0.578,0.578,0.578,0.578,0.578,0.578,0.578,0.578,0.578,0.578,0.578,0.578,0.578,0.578,0.578,0.578,0.578,0.578,0.578,0.578,0.578,0.578,0.578,0.578,0.578,0.578,0.578,0.578,0.578,0.578,0.578,0.578,0.578,0.578,0.578,0.578,0.578,0.578,0.578,0.578,0.578,0.578,0.578,0.578,0.578,0.578,0.578,0.578,0.578,0.578,0.578,0.578,0.578,0.578,0.578,0.578,0.578,0.578,0.578,0.578,0.578,0.578,0.578,0.578,0.578,0.578,0.578,0.578,0.578,0.578,0.578,0.578,0.578,0.578,0.578,0.578,0.578,0.578,0.578,0.578,0.578,0.578,0.578,
0.0,0.09,0.269,0.329,0.353,0.395,0.367,0.434,0.502,0.51,0.482,0.508,0.521,0.514,0.523,0.522,0.53,0.515,0.501,0.515,0.506,0.513,0.506,0.512,0.517,0.527,0.487,0.506,0.522,0.499,0.509,0.526,0.525,0.529,0.54,0.512,0.519,0.519,0.516,0.495,0.494,0.509,0.507,0.511,0.526,0.513,0.548,0.525,0.532,0.543,0.525,0.523,0.513,0.515,0.532,0.533,0.508,0.523,0.537,0.516,0.514,0.533,0.51,0.502,0.507,0.489,0.508,0.524,0.529,0.517,0.544,0.516,0.515,0.53,0.485,0.522,0.504,0.508,0.503,0.507,0.516,0.511,0.474,0.49,0.513,0.513,0.475,0.479,0.484,0.506,0.486,0.49,0.494,0.492,0.476,0.482,0.489,0.491,0.498,0.525,
0.0,0.102,0.199,0.287,0.345,0.455,0.529,0.558,0.55,0.548,0.55,0.548,0.55,0.548,0.55,0.548,0.55,0.548,0.55,0.548,0.55,0.548,0.55,0.548,0.55,0.548,0.55,0.548,0.55,0.548,0.55,0.548,0.55,0.548,0.55,0.548,0.55,0.548,0.55,0.548,0.55,0.548,0.55,0.548,0.55,0.548,0.55,0.548,0.55,0.548,0.55,0.548,0.55,0.548,0.55,0.548,0.55,0.548,0.55,0.548,0.55,0.548,0.55,0.548,0.55,0.548,0.55,0.548,0.55,0.548,0.55,0.548,0.55,0.548,0.55,0.548,0.55,0.548,0.55,0.548,0.55,0.548,0.55,0.548,0.55,0.548,0.55,0.548,0.55,0.548,0.55,0.548,0.55,0.548,0.55,0.548,0.55,0.548,0.55,0.548,
0.0,0.079,0.353,0.407,0.336,0.371,0.375,0.423,0.389,0.357,0.377,0.429,0.3,0.317,0.384,0.391,0.409,0.378,0.339,0.366,0.402,0.379,0.433,0.444,0.42,0.409,0.359,0.429,0.46,0.34,0.409,0.406,0.432,0.397,0.453,0.374,0.401,0.422,0.447,0.439,0.44,0.423,0.394,0.41,0.435,0.362,0.441,0.32,0.407,0.367,0.419,0.424,0.299,0.441,0.443,0.448,0.43,0.454,0.366,0.409,0.367,0.418,0.362,0.408,0.396,0.392,0.364,0.449,0.465,0.448,0.451,0.444,0.453,0.378,0.386,0.455,0.396,0.298,0.313,0.431,0.4,0.335,0.363,0.267,0.366,0.393,0.352,0.278,0.213,0.412,0.433,0.355,0.329,0.389,0.356,0.443,0.455,0.388,0.393,0.311,
0.0,0.011,0.011,0.008,0.01,0.008,0.01,0.008,0.01,0.008,0.01,0.008,0.01,0.008,0.01,0.008,0.01,0.008,0.01,0.008,0.01,0.008,0.01,0.008,0.01,0.008,0.01,0.008,0.01,0.008,0.01,0.008,0.01,0.008,0.01,0.008,0.01,0.008,0.01,0.008,0.01,0.008,0.01,0.008,0.01,0.008,0.01,0.008,0.01,0.015,0.01,0.008,0.01,0.008,0.01,0.008,0.01,0.008,0.01,0.008,0.01,0.008,0.01,0.008,0.01,0.008,0.01,0.008,0.016,0.008,0.01,0.008,0.01,0.008,0.01,0.008,0.01,0.008,0.01,0.008,0.01,0.008,0.01,0.008,0.01,0.008,0.01,0.008,0.01,0.008,0.01,0.008,0.01,0.008,0.01,0.008,0.01,0.008,0.01,0.008,
0.0,0.067,0.185,0.183,0.172,0.281,0.398,0.478,0.525,0.56,0.569,0.57,0.571,0.571,0.571,0.571,0.571,0.571,0.571,0.571,0.571,0.571,0.571,0.571,0.571,0.571,0.571,0.571,0.571,0.571,0.571,0.571,0.571,0.571,0.571,0.571,0.571,0.571,0.571,0.571,0.571,0.571,0.571,0.571,0.571,0.571,0.571,0.571,0.571,0.571,0.571,0.571,0.571,0.571,0.571,0.571,0.571,0.571,0.571,0.571,0.571,0.571,0.571,0.571,0.571,0.571,0.571,0.571,0.571,0.571,0.571,0.571,0.571,0.571,0.571,0.571,0.571,0.571,0.571,0.571,0.571,0.571,0.571,0.571,0.571,0.571,0.571,0.571,0.571,0.571,0.571,0.571,0.571,0.571,0.571,0.571,0.571,0.571,0.571,0.571,
0.0,0.055,0.054,0.057,0.098,0.091,0.077,0.05,0.053,0.063,0.066,0.067,0.054,0.052,0.064,0.074,0.089,0.046,0.075,0.112,0.123,0.083,0.067,0.066,0.079,0.055,0.063,0.052,0.117,0.079,0.062,0.065,0.057,0.074,0.108,0.09,0.094,0.065,0.068,0.054,0.076,0.058,0.057,0.069,0.056,0.076,0.079,0.064,0.054,0.055,0.067,0.079,0.073,0.088,0.064,0.065,0.067,0.057,0.062,0.054,0.074,0.072,0.079,0.087,0.07,0.063,0.061,0.066,0.04,0.061,0.08,0.089,0.111,0.067,0.056,0.064,0.039,0.077,0.115,0.125,0.062,0.072,0.074,0.053,0.093,0.086,0.049,0.054,0.057,0.053,0.057,0.047,0.077,0.093,0.063,0.051,0.067,0.07,0.051,0.062,
0.0,0.074,0.141,0.093,0.326,0.259,0.184,0.238,0.223,0.191,0.096,0.119,0.174,0.101,0.292,0.257,0.082,0.277,0.306,0.377,0.194,0.2,0.275,0.193,0.222,0.22,0.357,0.408,0.369,0.191,0.249,0.094,0.308,0.327,0.395,0.419,0.201,0.174,0.119,0.276,0.398,0.362,0.407,0.2,0.114,0.193,0.083,0.273,0.314,0.393,0.33,0.32,0.327,0.259,0.292,0.16,0.072,0.204,0.137,0.349,0.367,0.212,0.249,0.159,0.261,0.163,0.203,0.272,0.296,0.286,0.356,0.395,0.393,0.27,0.339,0.34,0.268,0.345,0.404,0.389,0.329,0.329,0.325,0.242,0.185,0.162,0.208,0.167,0.126,0.249,0.271,0.134,0.369,0.291,0.346,0.308,0.23,0.101,0.185,0.294,
0.0,0.067,0.065,0.079,0.062,0.083,0.058,0.084,0.059,0.089,0.078,0.087,0.073,0.068,0.057,0.083,0.148,0.184,0.215,0.235,0.289,0.378,0.492,0.519,0.541,0.557,0.567,0.516,0.547,0.56,0.564,0.566,0.572,0.567,0.569,0.57,0.562,0.566,0.566,0.572,0.56,0.56,0.558,0.56,0.564,0.569,0.562,0.566,0.566,0.572,0.56,0.56,0.558,0.56,0.564,0.569,0.562,0.566,0.566,0.572,0.56,0.56,0.558,0.56,0.564,0.569,0.562,0.566,0.566,0.572,0.56,0.56,0.558,0.56,0.564,0.569,0.562,0.566,0.566,0.572,0.56,0.56,0.558,0.56,0.564,0.569,0.562,0.566,0.566,0.572,0.56,0.56,0.558,0.56,0.564,0.569,0.562,0.566,0.566,0.574,
0.0,0.125,0.311,0.503,0.553,0.535,0.561,0.569,0.567,0.569,0.567,0.569,0.567,0.569,0.567,0.569,0.567,0.569,0.567,0.569,0.567,0.569,0.567,0.569,0.567,0.569,0.567,0.569,0.567,0.569,0.567,0.569,0.567,0.569,0.567,0.569,0.567,0.569,0.567,0.569,0.567,0.569,0.567,0.569,0.567,0.569,0.567,0.569,0.567,0.569,0.567,0.569,0.567,0.569,0.567,0.569,0.567,0.569,0.567,0.569,0.567,0.569,0.567,0.569,0.567,0.569,0.567,0.569,0.567,0.569,0.567,0.569,0.567,0.569,0.567,0.569,0.567,0.569,0.567,0.569,0.567,0.569,0.567,0.569,0.567,0.569,0.567,0.569,0.567,0.569,0.567,0.569,0.567,0.569,0.567,0.569,0.567,0.569,0.567,0.569,
0.0,0.367,0.347,0.335,0.402,0.456,0.342,0.395,0.248,0.439,0.454,0.474,0.41,0.414,0.46,0.418,0.486,0.441,0.46,0.361,0.467,0.397,0.41,0.456,0.434,0.418,0.457,0.439,0.436,0.408,0.466,0.436,0.481,0.453,0.408,0.323,0.273,0.47,0.39,0.445,0.458,0.471,0.473,0.473,0.473,0.473,0.473,0.473,0.473,0.473,0.473,0.473,0.473,0.473,0.473,0.473,0.473,0.473,0.473,0.473,0.473,0.473,0.473,0.473,0.473,0.473,0.473,0.473,0.473,0.473,0.473,0.473,0.473,0.473,0.473,0.473,0.473,0.473,0.473,0.473,0.473,0.473,0.473,0.473,0.473,0.473,0.473,0.473,0.473,0.473,0.473,0.473,0.473,0.473,0.473,0.473,0.473,0.473,0.473,0.432,
0.0,0.064,0.063,0.066,0.053,0.177,0.232,0.165,0.078,0.092,0.094,0.106,0.116,0.112,0.146,0.184,0.124,0.099,0.148,0.149,0.085,0.068,0.106,0.147,0.145,0.161,0.091,0.124,0.061,0.165,0.073,0.101,0.099,0.089,0.173,0.244,0.35,0.514,0.569,0.541,0.526,0.562,0.568,0.568,0.568,0.569,0.569,0.568,0.568,0.569,0.569,0.568,0.568,0.569,0.569,0.568,0.568,0.569,0.569,0.568,0.568,0.569,0.569,0.568,0.568,0.569,0.569,0.568,0.568,0.569,0.569,0.568,0.568,0.569,0.569,0.568,0.568,0.569,0.569,0.568,0.568,0.569,0.569,0.568,0.568,0.569,0.569,0.568,0.568,0.569,0.569,0.568,0.568,0.569,0.569,0.568,0.568,0.569,0.569,0.568,
0.0,0.013,0.013,0.01,0.036,0.087,0.019,0.057,0.026,0.052,0.074,0.03,0.02,0.053,0.078,0.092,0.077,0.215,0.282,0.406,0.517,0.511,0.536,0.561,0.565,0.572,0.573,0.573,0.571,0.573,0.573,0.573,0.571,0.573,0.573,0.573,0.571,0.573,0.573,0.573,0.571,0.573,0.573,0.573,0.571,0.573,0.573,0.573,0.571,0.573,0.573,0.573,0.571,0.573,0.573,0.573,0.571,0.573,0.573,0.573,0.571,0.573,0.573,0.573,0.571,0.573,0.573,0.573,0.571,0.573,0.573,0.573,0.571,0.573,0.573,0.573,0.571,0.573,0.573,0.573,0.571,0.573,0.573,0.573,0.571,0.573,0.573,0.573,0.571,0.573,0.573,0.573,0.571,0.573,0.573,0.573,0.571,0.573,0.573,0.573,
0.0,0.111,0.325,0.347,0.329,0.297,0.27,0.291,0.315,0.346,0.391,0.34,0.326,0.36,0.34,0.349,0.353,0.326,0.333,0.39,0.394,0.378,0.393,0.381,0.375,0.365,0.364,0.372,0.374,0.4,0.377,0.354,0.355,0.359,0.393,0.341,0.363,0.312,0.343,0.321,0.383,0.383,0.363,0.369,0.308,0.346,0.372,0.376,0.372,0.338,0.412,0.441,0.41,0.341,0.339,0.268,0.318,0.285,0.348,0.291,0.361,0.367,0.348,0.36,0.396,0.381,0.381,0.375,0.395,0.338,0.363,0.311,0.344,0.373,0.392,0.388,0.364,0.367,0.305,0.338,0.356,0.401,0.37,0.348,0.266,0.313,0.313,0.253,0.303,0.377,0.21,0.321,0.377,0.389,0.393,0.319,0.339,0.395,0.358,0.292,
0.0,0.091,0.15,0.249,0.283,0.42,0.44,0.296,0.27,0.386,0.414,0.371,0.35,0.388,0.387,0.406,0.394,0.402,0.406,0.395,0.304,0.198,0.157,0.079,0.083,0.261,0.294,0.302,0.275,0.206,0.261,0.168,0.264,0.314,0.38,0.405,0.395,0.366,0.388,0.344,0.332,0.35,0.325,0.311,0.293,0.338,0.373,0.275,0.203,0.265,0.338,0.28,0.226,0.291,0.39,0.379,0.336,0.261,0.348,0.413,0.334,0.363,0.403,0.359,0.383,0.362,0.406,0.305,0.308,0.378,0.386,0.418,0.414,0.433,0.366,0.265,0.279,0.316,0.382,0.393,0.334,0.41,0.368,0.391,0.296,0.378,0.396,0.422,0.326,0.291,0.259,0.315,0.355,0.352,0.336,0.358,0.417,0.402,0.326,0.262,
0.0,0.059,0.209,0.293,0.366,0.453,0.464,0.461,0.498,0.507,0.501,0.538,0.519,0.481,0.511,0.543,0.502,0.487,0.521,0.492,0.519,0.495,0.504,0.483,0.511,0.543,0.502,0.487,0.521,0.492,0.519,0.495,0.504,0.483,0.511,0.543,0.502,0.487,0.521,0.492,0.519,0.495,0.504,0.483,0.511,0.543,0.502,0.487,0.521,0.492,0.519,0.495,0.504,0.483,0.511,0.543,0.502,0.487,0.521,0.492,0.519,0.495,0.504,0.483,0.511,0.543,0.502,0.487,0.521,0.492,0.519,0.495,0.504,0.483,0.511,0.543,0.502,0.487,0.521,0.492,0.519,0.495,0.504,0.483,0.511,0.543,0.502,0.487,0.521,0.492,0.519,0.495,0.504,0.483,0.511,0.543,0.502,0.487,0.521,0.492,
0.0,0.15,0.32,0.406,0.491,0.543,0.51,0.517,0.549,0.539,0.527,0.559,0.53,0.518,0.517,0.534,0.507,0.539,0.524,0.503,0.526,0.51,0.537,0.552,0.511,0.542,0.572,0.54,0.504,0.496,0.513,0.522,0.553,0.519,0.52,0.543,0.525,0.51,0.555,0.517,0.519,0.543,0.525,0.51,0.555,0.517,0.519,0.543,0.525,0.51,0.555,0.517,0.519,0.543,0.525,0.51,0.555,0.517,0.519,0.543,0.525,0.51,0.555,0.517,0.519,0.543,0.525,0.51,0.555,0.517,0.519,0.543,0.525,0.51,0.555,0.517,0.519,0.543,0.525,0.51,0.555,0.517,0.519,0.543,0.525,0.51,0.555,0.517,0.519,0.543,0.525,0.51,0.555,0.517,0.519,0.543,0.525,0.51,0.555,0.516,
0.0,0.0,0.033,0.064,0.076,0.111,0.158,0.338,0.442,0.551,0.582,0.581,0.583,0.586,0.587,0.587,0.587,0.587,0.587,0.587,0.587,0.587,0.587,0.587,0.587,0.587,0.571,0.574,0.573,0.574,0.573,0.574,0.573,0.574,0.573,0.574,0.573,0.574,0.573,0.574,0.573,0.574,0.573,0.574,0.573,0.574,0.573,0.574,0.573,0.574,0.573,0.574,0.573,0.564,0.505,0.516,0.513,0.542,0.548,0.549,0.579,0.581,0.582,0.582,0.582,0.582,0.582,0.582,0.582,0.582,0.582,0.582,0.582,0.582,0.582,0.582,0.582,0.582,0.582,0.582,0.582,0.582,0.582,0.582,0.582,0.582,0.582,0.582,0.582,0.58,0.583,0.583,0.583,0.583,0.583,0.583,0.583,0.583,0.583,0.583,
0.0,0.09,0.085,0.185,0.293,0.361,0.514,0.501,0.52,0.529,0.544,0.531,0.531,0.531,0.531,0.531,0.531,0.531,0.531,0.531,0.531,0.531,0.531,0.531,0.531,0.531,0.531,0.531,0.531,0.531,0.531,0.531,0.531,0.531,0.531,0.531,0.531,0.531,0.531,0.531,0.531,0.531,0.531,0.531,0.531,0.531,0.531,0.531,0.531,0.531,0.531,0.531,0.531,0.531,0.531,0.531,0.531,0.531,0.531,0.531,0.531,0.531,0.531,0.531,0.531,0.531,0.531,0.531,0.531,0.531,0.531,0.531,0.531,0.531,0.531,0.531,0.531,0.531,0.531,0.531,0.531,0.531,0.531,0.531,0.531,0.531,0.531,0.531,0.531,0.531,0.531,0.531,0.531,0.531,0.531,0.531,0.531,0.531,0.531,0.531,
0.0,0.233,0.228,0.31,0.345,0.428,0.459,0.508,0.524,0.479,0.519,0.504,0.521,0.553,0.541,0.532,0.57,0.534,0.534,0.517,0.535,0.532,0.57,0.557,0.549,0.573,0.557,0.55,0.573,0.557,0.549,0.573,0.557,0.55,0.573,0.557,0.549,0.573,0.557,0.55,0.573,0.557,0.549,0.573,0.557,0.55,0.573,0.557,0.549,0.573,0.557,0.55,0.573,0.557,0.549,0.573,0.557,0.55,0.573,0.557,0.549,0.573,0.557,0.55,0.573,0.557,0.549,0.573,0.557,0.55,0.573,0.557,0.549,0.573,0.557,0.55,0.573,0.557,0.549,0.573,0.557,0.55,0.573,0.557,0.549,0.573,0.557,0.55,0.573,0.557,0.549,0.573,0.557,0.55,0.573,0.557,0.549,0.573,0.557,0.551,
0.0,0.267,0.278,0.4,0.41,0.415,0.412,0.436,0.483,0.51,0.509,0.502,0.496,0.504,0.504,0.472,0.466,0.458,0.366,0.261,0.253,0.362,0.35,0.28,0.273,0.311,0.366,0.397,0.362,0.364,0.423,0.331,0.277,0.288,0.285,0.382,0.298,0.327,0.395,0.285,0.302,0.399,0.405,0.41,0.38,0.424,0.371,0.347,0.386,0.373,0.374,0.425,0.328,0.317,0.378,0.414,0.381,0.339,0.409,0.362,0.397,0.432,0.442,0.34,0.411,0.43,0.402,0.333,0.311,0.335,0.346,0.322,0.267,0.374,0.346,0.43,0.351,0.345,0.389,0.334,0.403,0.439,0.399,0.418,0.234,0.279,0.376,0.375,0.391,0.41,0.388,0.401,0.358,0.411,0.338,0.317,0.382,0.28,0.269,0.325,
0.0,0.067,0.071,0.078,0.085,0.044,0.07,0.046,0.072,0.153,0.091,0.065,0.055,0.027,0.048,0.047,0.074,0.075,0.082,0.115,0.163,0.156,0.245,0.269,0.354,0.401,0.447,0.489,0.551,0.571,0.58,0.575,0.58,0.575,0.58,0.575,0.58,0.575,0.58,0.575,0.58,0.575,0.58,0.575,0.58,0.575,0.58,0.575,0.58,0.575,0.58,0.575,0.58,0.575,0.58,0.575,0.58,0.575,0.58,0.575,0.58,0.575,0.58,0.575,0.58,0.575,0.58,0.575,0.58,0.575,0.58,0.575,0.58,0.575,0.58,0.575,0.58,0.575,0.58,0.575,0.58,0.575,0.58,0.575,0.58,0.575,0.58,0.575,0.58,0.575,0.58,0.575,0.58,0.575,0.58,0.575,0.58,0.575,0.58,0.575,
0.0,0.19,0.208,0.31,0.356,0.431,0.468,0.498,0.558,0.571,0.495,0.514,0.557,0.56,0.563,0.515,0.506,0.554,0.544,0.561,0.518,0.521,0.558,0.541,0.536,0.518,0.51,0.53,0.554,0.525,0.518,0.514,0.531,0.555,0.525,0.518,0.514,0.531,0.555,0.525,0.518,0.514,0.531,0.555,0.525,0.518,0.514,0.531,0.555,0.525,0.518,0.514,0.531,0.555,0.525,0.518,0.514,0.531,0.555,0.525,0.518,0.514,0.531,0.555,0.525,0.518,0.514,0.531,0.555,0.525,0.518,0.514,0.531,0.555,0.525,0.518,0.514,0.531,0.555,0.525,0.518,0.514,0.531,0.555,0.525,0.518,0.514,0.531,0.555,0.525,0.518,0.514,0.531,0.555,0.525,0.518,0.514,0.531,0.555,0.525,
0.0,0.042,0.044,0.1,0.048,0.038,0.07,0.074,0.049,0.043,0.066,0.036,0.051,0.036,0.046,0.044,0.039,0.043,0.046,0.063,0.08,0.051,0.071,0.042,0.059,0.049,0.066,0.069,0.042,0.097,0.065,0.051,0.041,0.054,0.052,0.046,0.047,0.063,0.064,0.041,0.051,0.036,0.046,0.036,0.049,0.042,0.059,0.049,0.04,0.047,0.051,0.035,0.04,0.047,0.064,0.051,0.062,0.063,0.068,0.051,0.041,0.049,0.047,0.059,0.059,0.046,0.06,0.034,0.055,0.078,0.041,0.037,0.062,0.043,0.041,0.035,0.059,0.035,0.048,0.035,0.039,0.043,0.047,0.035,0.04,0.035,0.046,0.044,0.039,0.043,0.058,0.067,0.076,0.034,0.04,0.034,0.04,0.043,0.041,0.045,
0.0,0.245,0.286,0.438,0.49,0.503,0.559,0.545,0.506,0.529,0.536,0.505,0.522,0.542,0.513,0.541,0.538,0.521,0.536,0.543,0.516,0.541,0.538,0.521,0.536,0.543,0.516,0.541,0.538,0.521,0.536,0.543,0.516,0.541,0.538,0.521,0.536,0.543,0.516,0.541,0.538,0.521,0.536,0.543,0.516,0.541,0.538,0.521,0.536,0.543,0.516,0.541,0.538,0.521,0.536,0.543,0.516,0.541,0.538,0.521,0.536,0.543,0.516,0.541,0.538,0.521,0.536,0.543,0.516,0.541,0.538,0.521,0.536,0.543,0.516,0.541,0.538,0.521,0.536,0.543,0.516,0.541,0.538,0.521,0.536,0.543,0.516,0.541,0.538,0.521,0.536,0.543,0.516,0.541,0.538,0.521,0.536,0.543,0.516,0.541,
0.0,0.245,0.364,0.255,0.335,0.354,0.325,0.311,0.244,0.344,0.338,0.374,0.273,0.306,0.36,0.261,0.273,0.277,0.353,0.356,0.333,0.347,0.354,0.293,0.259,0.318,0.312,0.343,0.232,0.306,0.327,0.27,0.114,0.324,0.334,0.281,0.288,0.301,0.353,0.331,0.34,0.339,0.319,0.27,0.317,0.342,0.301,0.312,0.314,0.31,0.305,0.299,0.309,0.311,0.265,0.236,0.279,0.294,0.312,0.284,0.247,0.306,0.293,0.294,0.282,0.321,0.259,0.231,0.257,0.312,0.298,0.293,0.322,0.332,0.324,0.263,0.258,0.315,0.273,0.29,0.283,0.314,0.323,0.312,0.324,0.357,0.369,0.351,0.342,0.321,0.304,0.279,0.353,0.325,0.315,0.273,0.258,0.236,0.258,0.302,
0.0,0.1,0.321,0.36,0.272,0.286,0.414,0.415,0.331,0.392,0.451,0.458,0.461,0.426,0.384,0.395,0.416,0.357,0.359,0.359,0.402,0.294,0.268,0.351,0.378,0.399,0.38,0.387,0.39,0.296,0.358,0.414,0.328,0.325,0.378,0.398,0.352,0.289,0.4,0.363,0.343,0.384,0.402,0.38,0.361,0.403,0.417,0.357,0.435,0.357,0.419,0.419,0.441,0.432,0.365,0.297,0.34,0.219,0.289,0.151,0.282,0.412,0.4,0.283,0.26,0.25,0.258,0.389,0.388,0.336,0.312,0.314,0.38,0.419,0.299,0.306,0.286,0.37,0.393,0.413,0.342,0.295,0.301,0.291,0.292,0.4,0.43,0.412,0.415,0.425,0.43,0.377,0.386,0.429,0.262,0.289,0.312,0.414,0.376,0.335,
0.0,0.055,0.269,0.305,0.392,0.379,0.436,0.444,0.414,0.417,0.435,0.432,0.385,0.4,0.453,0.353,0.457,0.365,0.403,0.344,0.429,0.446,0.351,0.378,0.334,0.342,0.322,0.344,0.452,0.394,0.364,0.4,0.351,0.311,0.393,0.35,0.356,0.367,0.453,0.398,0.296,0.453,0.307,0.26,0.349,0.43,0.406,0.355,0.303,0.398,0.445,0.465,0.307,0.405,0.422,0.36,0.371,0.463,0.42,0.399,0.368,0.376,0.453,0.46,0.423,0.336,0.422,0.373,0.392,0.279,0.427,0.418,0.157,0.322,0.405,0.33,0.451,0.434,0.323,0.306,0.452,0.459,0.351,0.394,0.445,0.312,0.399,0.415,0.419,0.44,0.408,0.46,0.32,0.282,0.4,0.387,0.442,0.412,0.466,0.448,
0.0,0.064,0.144,0.191,0.281,0.45,0.468,0.548,0.512,0.515,0.553,0.563,0.553,0.561,0.569,0.549,0.558,0.563,0.555,0.561,0.569,0.549,0.558,0.563,0.555,0.561,0.569,0.549,0.558,0.563,0.555,0.561,0.569,0.549,0.558,0.563,0.555,0.561,0.569,0.549,0.558,0.563,0.555,0.561,0.569,0.549,0.558,0.563,0.555,0.561,0.569,0.549,0.558,0.563,0.555,0.561,0.569,0.549,0.558,0.563,0.555,0.561,0.569,0.549,0.558,0.563,0.555,0.561,0.569,0.549,0.558,0.563,0.555,0.561,0.569,0.549,0.558,0.563,0.555,0.561,0.569,0.549,0.558,0.563,0.555,0.561,0.569,0.549,0.558,0.563,0.555,0.561,0.569,0.549,0.558,0.563,0.555,0.561,0.569,0.549,
0.0,0.103,0.031,0.162,0.249,0.334,0.466,0.51,0.517,0.505,0.492,0.516,0.458,0.487,0.464,0.471,0.405,0.372,0.346,0.435,0.432,0.373,0.408,0.451,0.379,0.421,0.373,0.416,0.394,0.384,0.41,0.432,0.452,0.392,0.369,0.423,0.453,0.373,0.383,0.416,0.45,0.404,0.415,0.438,0.439,0.416,0.436,0.44,0.44,0.412,0.378,0.432,0.454,0.42,0.406,0.432,0.426,0.43,0.453,0.444,0.388,0.41,0.435,0.412,0.445,0.429,0.429,0.424,0.433,0.386,0.428,0.415,0.431,0.41,0.435,0.455,0.4,0.382,0.394,0.437,0.34,0.342,0.405,0.436,0.431,0.437,0.399,0.435,0.432,0.437,0.456,0.387,0.428,0.442,0.442,0.449,0.431,0.423,0.439,0.439,
0.0,0.15,0.29,0.408,0.554,0.575,0.584,0.578,0.584,0.578,0.584,0.578,0.584,0.578,0.584,0.578,0.584,0.578,0.584,0.578,0.584,0.578,0.584,0.578,0.584,0.578,0.584,0.578,0.584,0.578,0.584,0.578,0.584,0.578,0.584,0.578,0.584,0.578,0.584,0.578,0.584,0.578,0.584,0.578,0.584,0.578,0.584,0.578,0.584,0.578,0.584,0.578,0.584,0.578,0.584,0.578,0.584,0.578,0.584,0.578,0.584,0.578,0.584,0.578,0.584,0.578,0.584,0.578,0.584,0.578,0.584,0.578,0.584,0.578,0.584,0.578,0.584,0.578,0.584,0.578,0.584,0.578,0.584,0.578,0.584,0.578,0.584,0.578,0.584,0.578,0.584,0.578,0.584,0.578,0.584,0.578,0.584,0.578,0.584,0.579,
0.0,0.198,0.207,0.321,0.391,0.489,0.511,0.536,0.543,0.408,0.49,0.472,0.52,0.528,0.474,0.494,0.493,0.513,0.503,0.443,0.451,0.456,0.512,0.511,0.412,0.452,0.505,0.532,0.53,0.45,0.505,0.512,0.541,0.52,0.436,0.497,0.487,0.532,0.538,0.476,0.489,0.503,0.532,0.532,0.461,0.476,0.487,0.486,0.491,0.464,0.456,0.476,0.511,0.503,0.422,0.445,0.483,0.523,0.503,0.452,0.437,0.49,0.521,0.514,0.44,0.456,0.479,0.523,0.515,0.466,0.503,0.516,0.46,0.483,0.495,0.482,0.49,0.522,0.504,0.495,0.482,0.478,0.525,0.514,0.46,0.438,0.509,0.533,0.522,0.427,0.454,0.478,0.522,0.522,0.455,0.467,0.501,0.527,0.532,0.495,
0.0,0.051,0.153,0.274,0.383,0.48,0.558,0.517,0.545,0.559,0.573,0.564,0.574,0.564,0.574,0.564,0.574,0.564,0.574,0.564,0.574,0.564,0.574,0.564,0.574,0.564,0.574,0.564,0.574,0.564,0.574,0.564,0.574,0.564,0.574,0.564,0.574,0.564,0.574,0.564,0.574,0.564,0.574,0.564,0.574,0.564,0.574,0.564,0.574,0.564,0.574,0.564,0.574,0.564,0.574,0.564,0.574,0.564,0.574,0.564,0.574,0.564,0.574,0.564,0.574,0.564,0.574,0.564,0.574,0.564,0.574,0.564,0.574,0.564,0.574,0.564,0.574,0.564,0.574,0.564,0.574,0.564,0.574,0.564,0.574,0.564,0.574,0.564,0.574,0.564,0.574,0.564,0.574,0.564,0.574,0.564,0.574,0.564,0.574,0.564,
0.0,0.155,0.284,0.37,0.413,0.385,0.377,0.395,0.408,0.406,0.322,0.129,0.235,0.27,0.284,0.346,0.39,0.377,0.261,0.288,0.307,0.265,0.155,0.284,0.311,0.312,0.261,0.276,0.221,0.241,0.339,0.374,0.322,0.246,0.267,0.273,0.339,0.377,0.345,0.343,0.29,0.351,0.341,0.377,0.37,0.289,0.342,0.358,0.37,0.325,0.312,0.366,0.339,0.38,0.338,0.346,0.349,0.32,0.378,0.354,0.318,0.364,0.319,0.354,0.368,0.387,0.403,0.347,0.296,0.339,0.37,0.389,0.362,0.309,0.252,0.228,0.27,0.302,0.302,0.265,0.327,0.366,0.262,0.335,0.313,0.325,0.343,0.366,0.305,0.344,0.329,0.309,0.355,0.33,0.301,0.362,0.303,0.319,0.315,0.332,
0.0,0.022,0.02,0.016,0.02,0.019,0.02,0.019,0.02,0.019,0.02,0.019,0.02,0.019,0.02,0.019,0.02,0.019,0.02,0.019,0.02,0.019,0.02,0.03,0.013,0.016,0.02,0.019,0.02,0.019,0.02,0.019,0.02,0.019,0.02,0.019,0.02,0.019,0.02,0.019,0.02,0.019,0.02,0.019,0.02,0.019,0.02,0.019,0.02,0.019,0.02,0.019,0.02,0.019,0.02,0.019,0.02,0.019,0.02,0.019,0.02,0.019,0.02,0.019,0.02,0.019,0.02,0.019,0.02,0.019,0.02,0.019,0.02,0.019,0.02,0.019,0.02,0.019,0.02,0.019,0.02,0.019,0.02,0.019,0.02,0.019,0.02,0.03,0.013,0.016,0.02,0.019,0.02,0.019,0.02,0.019,0.02,0.019,0.02,0.019,
0.0,0.118,0.29,0.38,0.375,0.338,0.407,0.28,0.322,0.39,0.413,0.379,0.34,0.388,0.387,0.334,0.321,0.337,0.319,0.347,0.328,0.344,0.39,0.386,0.298,0.32,0.395,0.142,0.387,0.336,0.426,0.445,0.342,0.434,0.345,0.221,0.304,0.269,0.346,0.403,0.305,0.424,0.414,0.239,0.404,0.41,0.336,0.365,0.429,0.329,0.402,0.341,0.333,0.364,0.405,0.427,0.343,0.373,0.433,0.142,0.391,0.398,0.329,0.323,0.38,0.435,0.447,0.448,0.449,0.449,0.449,0.449,0.449,0.449,0.449,0.449,0.449,0.449,0.449,0.449,0.449,0.449,0.449,0.449,0.449,0.449,0.449,0.449,0.449,0.449,0.449,0.449,0.449,0.449,0.449,0.449,0.449,0.449,0.449,0.449,
0.0,0.077,0.128,0.127,0.092,0.067,0.009,0.04,0.19,0.042,0.079,0.017,0.034,-0.011,0.051,0.01,0.066,0.185,0.229,0.295,0.365,0.449,0.541,0.546,0.553,0.541,0.554,0.55,0.554,0.541,0.554,0.55,0.554,0.541,0.554,0.55,0.554,0.541,0.554,0.55,0.554,0.541,0.554,0.55,0.554,0.541,0.554,0.55,0.554,0.541,0.554,0.55,0.554,0.541,0.554,0.55,0.554,0.541,0.554,0.55,0.554,0.541,0.554,0.55,0.554,0.541,0.554,0.55,0.554,0.541,0.554,0.55,0.554,0.541,0.554,0.55,0.554,0.541,0.554,0.55,0.554,0.541,0.554,0.55,0.554,0.541,0.554,0.55,0.554,0.541,0.554,0.55,0.554,0.541,0.554,0.55,0.554,0.541,0.554,0.55,
0.0,0.037,0.04,0.056,0.087,0.085,0.233,0.328,0.436,0.472,0.426,0.413,0.466,0.494,0.491,0.422,0.457,0.505,0.452,0.465,0.508,0.492,0.486,0.507,0.453,0.41,0.457,0.457,0.498,0.455,0.443,0.453,0.507,0.501,0.443,0.453,0.444,0.467,0.436,0.483,0.488,0.495,0.507,0.503,0.492,0.472,0.509,0.494,0.502,0.498,0.482,0.488,0.503,0.487,0.461,0.459,0.394,0.484,0.441,0.449,0.472,0.335,0.42,0.45,0.503,0.51,0.514,0.513,0.515,0.513,0.515,0.513,0.515,0.513,0.515,0.513,0.515,0.513,0.515,0.513,0.515,0.513,0.515,0.513,0.515,0.513,0.515,0.513,0.515,0.513,0.515,0.513,0.515,0.513,0.515,0.513,0.515,0.513,0.515,0.513,
0.0,0.068,0.065,0.125,0.061,0.157,0.141,0.205,0.151,0.22,0.203,0.228,0.269,0.314,0.435,0.412,0.441,0.502,0.517,0.549,0.558,0.557,0.559,0.557,0.559,0.557,0.559,0.557,0.559,0.557,0.559,0.557,0.559,0.557,0.559,0.557,0.559,0.557,0.559,0.557,0.559,0.557,0.559,0.557,0.559,0.557,0.559,0.557,0.559,0.557,0.559,0.557,0.559,0.557,0.559,0.557,0.559,0.557,0.559,0.557,0.559,0.557,0.559,0.557,0.559,0.557,0.559,0.557,0.559,0.557,0.559,0.557,0.559,0.557,0.559,0.557,0.559,0.557,0.559,0.557,0.559,0.557,0.559,0.557,0.559,0.557,0.559,0.557,0.559,0.557,0.559,0.557,0.559,0.557,0.559,0.557,0.559,0.557,0.559,0.562,
0.0,0.073,0.126,0.125,0.103,0.092,0.276,0.347,0.315,0.358,0.225,0.302,0.226,0.255,0.247,0.386,0.421,0.415,0.365,0.345,0.362,0.348,0.408,0.363,0.274,0.322,0.392,0.336,0.339,0.253,0.273,0.336,0.368,0.378,0.388,0.327,0.356,0.425,0.286,0.259,0.4,0.265,0.227,0.269,0.326,0.23,0.302,0.329,0.377,0.42,0.389,0.315,0.363,0.326,0.356,0.424,0.39,0.306,0.343,0.42,0.364,0.32,0.303,0.306,0.364,0.249,0.325,0.366,0.32,0.349,0.372,0.366,0.408,0.334,0.323,0.299,0.264,0.254,0.235,0.248,0.153,0.179,0.225,0.316,0.398,0.399,0.318,0.31,0.361,0.409,0.437,0.444,0.38,0.367,0.377,0.321,0.209,0.256,0.359,0.366,
0.0,0.074,0.025,0.031,0.074,0.12,0.138,0.068,0.04,0.03,0.04,0.042,0.052,0.033,0.059,0.046,0.035,0.038,0.046,0.024,0.037,0.042,0.04,0.04,0.091,0.147,0.136,0.184,0.347,0.415,0.495,0.543,0.564,0.571,0.577,0.578,0.578,0.578,0.578,0.578,0.578,0.578,0.578,0.578,0.578,0.578,0.578,0.578,0.578,0.578,0.578,0.578,0.578,0.578,0.578,0.578,0.578,0.578,0.578,0.578,0.578,0.578,0.578,0.578,0.578,0.578,0.578,0.578,0.578,0.578,0.578,0.578,0.578,0.578,0.578,0.578,0.578,0.578,0.578,0.578,0.578,0.578,0.578,0.578,0.578,0.578,0.578,0.578,0.578,0.578,0.578,0.578,0.578,0.578,0.578,0.578,0.578,0.578,0.578,0.579,
0.0,0.038,0.238,0.255,0.38,0.394,0.496,0.464,0.453,0.473,0.401,0.361,0.331,0.428,0.424,0.31,0.312,0.355,0.36,0.361,0.355,0.405,0.425,0.35,0.365,0.388,0.39,0.43,0.232,0.306,0.265,0.368,0.415,0.455,0.434,0.415,0.313,0.392,0.337,0.403,0.445,0.408,0.435,0.421,0.442,0.441,0.442,0.442,0.442,0.442,0.333,0.341,0.397,0.408,0.329,0.353,0.423,0.432,0.4,0.424,0.281,0.284,0.286,0.427,0.404,0.441,0.434,0.402,0.358,0.345,0.285,0.316,0.401,0.422,0.438,0.405,0.335,0.399,0.423,0.43,0.307,0.329,0.367,0.171,0.197,0.332,0.341,0.348,0.393,0.39,0.448,0.397,0.358,0.35,0.321,0.291,0.342,0.41,0.417,0.436,
0.0,0.171,0.276,0.373,0.406,0.443,0.393,0.435,0.448,0.372,0.413,0.389,0.401,0.409,0.402,0.354,0.298,0.407,0.425,0.366,0.358,0.415,0.419,0.352,0.384,0.387,0.358,0.341,0.396,0.413,0.426,0.448,0.403,0.42,0.428,0.415,0.399,0.406,0.386,0.421,0.408,0.393,0.409,0.392,0.365,0.361,0.377,0.395,0.377,0.398,0.392,0.415,0.414,0.412,0.406,0.34,0.399,0.368,0.432,0.403,0.424,0.369,0.347,0.424,0.444,0.393,0.431,0.381,0.387,0.362,0.353,0.391,0.403,0.412,0.446,0.328,0.394,0.411,0.429,0.425,0.417,0.396,0.413,0.381,0.389,0.381,0.332,0.409,0.399,0.386,0.387,0.392,0.442,0.413,0.386,0.338,0.371,0.39,0.351,0.275,
0.0,0.18,0.22,0.354,0.34,0.499,0.544,0.569,0.58,0.576,0.581,0.576,0.581,0.576,0.581,0.576,0.581,0.576,0.581,0.576,0.581,0.576,0.581,0.576,0.581,0.576,0.581,0.576,0.581,0.576,0.581,0.576,0.581,0.576,0.581,0.576,0.581,0.576,0.581,0.576,0.581,0.576,0.581,0.576,0.581,0.576,0.581,0.576,0.581,0.576,0.581,0.576,0.581,0.576,0.581,0.576,0.581,0.576,0.581,0.576,0.581,0.576,0.581,0.576,0.581,0.576,0.581,0.576,0.581,0.576,0.581,0.576,0.581,0.576,0.581,0.576,0.581,0.576,0.581,0.576,0.581,0.576,0.581,0.576,0.581,0.576,0.581,0.576,0.581,0.576,0.581,0.576,0.581,0.576,0.581,0.576,0.581,0.576,0.581,0.579,
0.0,0.054,0.179,0.322,0.512,0.573,0.58,0.581,0.581,0.58,0.581,0.581,0.58,0.581,0.581,0.58,0.581,0.581,0.58,0.581,0.581,0.58,0.581,0.581,0.58,0.581,0.581,0.58,0.581,0.581,0.58,0.581,0.581,0.58,0.581,0.581,0.58,0.581,0.581,0.58,0.581,0.581,0.58,0.581,0.581,0.58,0.581,0.581,0.58,0.581,0.581,0.58,0.581,0.581,0.58,0.581,0.581,0.58,0.581,0.581,0.58,0.581,0.581,0.58,0.581,0.581,0.58,0.581,0.581,0.58,0.581,0.581,0.58,0.581,0.581,0.58,0.581,0.581,0.58,0.581,0.581,0.58,0.581,0.581,0.58,0.581,0.581,0.58,0.581,0.581,0.58,0.581,0.581,0.58,0.581,0.581,0.58,0.581,0.581,0.58,
0.0,0.244,0.408,0.481,0.534,0.552,0.533,0.561,0.567,0.568,0.567,0.568,0.567,0.568,0.567,0.568,0.567,0.568,0.567,0.568,0.567,0.568,0.567,0.568,0.567,0.568,0.567,0.568,0.567,0.568,0.567,0.568,0.567,0.568,0.567,0.568,0.567,0.568,0.567,0.568,0.567,0.568,0.567,0.568,0.567,0.568,0.567,0.568,0.567,0.568,0.567,0.568,0.567,0.568,0.567,0.568,0.567,0.568,0.567,0.568,0.567,0.568,0.567,0.568,0.567,0.568,0.567,0.568,0.567,0.568,0.567,0.568,0.567,0.568,0.567,0.568,0.567,0.568,0.567,0.568,0.567,0.568,0.567,0.568,0.567,0.568,0.567,0.568,0.567,0.568,0.567,0.568,0.567,0.568,0.567,0.568,0.567,0.568,0.567,0.568,
0.0,0.002,0.002,0.002,0.002,0.002,0.002,0.002,0.002,0.002,0.002,0.002,0.002,0.002,0.002,0.002,0.002,0.002,0.002,0.002,0.002,0.002,0.002,0.002,0.002,0.002,0.002,0.002,0.002,0.002,0.002,0.002,0.002,0.002,0.002,0.002,0.002,0.002,0.002,0.002,0.002,0.002,0.002,0.002,0.002,0.003,0.002,0.002,0.002,0.002,0.002,0.002,0.002,0.002,0.002,0.002,0.002,0.002,0.002,0.002,0.002,0.002,0.002,0.002,0.002,0.002,0.002,0.002,0.002,0.002,0.002,0.002,0.002,0.002,0.002,0.002,0.002,0.002,0.002,0.002,0.002,0.002,0.002,0.002,0.002,0.002,0.002,0.002,0.002,0.002,0.002,0.002,0.002,0.002,0.002,0.002,0.002,0.002,0.002,0.002,
0.0,-0.04,0.146,0.41,0.271,0.345,0.435,0.453,0.454,0.454,0.454,0.454,0.454,0.454,0.454,0.454,0.454,0.454,0.454,0.454,0.454,0.454,0.454,0.454,0.454,0.454,0.454,0.454,0.454,0.454,0.454,0.454,0.454,0.454,0.454,0.454,0.454,0.454,0.454,0.454,0.454,0.454,0.454,0.454,0.454,0.454,0.454,0.454,0.454,0.454,0.454,0.454,0.454,0.454,0.454,0.454,0.454,0.454,0.454,0.454,0.454,0.454,0.454,0.454,0.454,0.454,0.454,0.454,0.454,0.454,0.454,0.454,0.454,0.454,0.454,0.454,0.454,0.454,0.454,0.454,0.454,0.454,0.454,0.454,0.454,0.454,0.454,0.454,0.454,0.454,0.454,0.454,0.454,0.454,0.454,0.454,0.454,0.454,0.454,0.454,
0.0,0.091,0.118,0.197,0.276,0.372,0.466,0.501,0.514,0.51,0.532,0.56,0.565,0.565,0.566,0.566,0.566,0.566,0.566,0.566,0.566,0.566,0.566,0.566,0.566,0.566,0.566,0.566,0.566,0.566,0.566,0.566,0.566,0.566,0.566,0.566,0.566,0.566,0.566,0.566,0.566,0.566,0.566,0.566,0.566,0.566,0.566,0.566,0.566,0.566,0.566,0.566,0.566,0.566,0.566,0.566,0.566,0.566,0.566,0.566,0.566,0.566,0.566,0.566,0.566,0.566,0.566,0.566,0.566,0.566,0.566,0.566,0.566,0.566,0.566,0.566,0.566,0.566,0.566,0.566,0.566,0.566,0.566,0.566,0.566,0.566,0.566,0.566,0.566,0.566,0.566,0.566,0.566,0.566,0.566,0.566,0.566,0.566,0.566,0.568,
0.0,0.254,0.215,0.366,0.325,0.422,0.444,0.44,0.437,0.44,0.437,0.44,0.437,0.414,0.368,0.381,0.374,0.347,0.358,0.308,0.407,0.355,0.366,0.389,0.391,0.349,0.224,0.355,0.36,0.414,0.386,0.363,0.35,0.344,0.369,0.404,0.342,0.269,0.407,0.416,0.384,0.392,0.336,0.374,0.323,0.332,0.36,0.333,0.364,0.408,0.343,0.361,0.389,0.399,0.379,0.39,0.408,0.4,0.374,0.421,0.363,0.359,0.368,0.389,0.433,0.439,0.437,0.439,0.438,0.439,0.42,0.407,0.355,0.31,0.284,0.377,0.418,0.437,0.437,0.439,0.437,0.421,0.376,0.432,0.437,0.439,0.412,0.369,0.399,0.39,0.209,0.32,0.418,0.406,0.35,0.226,0.375,0.388,0.39,0.366,
0.0,0.045,0.232,0.282,0.356,0.401,0.421,0.412,0.382,0.411,0.399,0.368,0.346,0.385,0.361,0.404,0.381,0.425,0.431,0.374,0.38,0.417,0.369,0.393,0.402,0.43,0.437,0.447,0.452,0.453,0.452,0.4,0.375,0.352,0.388,0.396,0.427,0.411,0.393,0.37,0.357,0.392,0.425,0.42,0.424,0.394,0.391,0.398,0.352,0.386,0.318,0.388,0.372,0.398,0.417,0.414,0.415,0.426,0.451,0.361,0.402,0.316,0.419,0.401,0.32,0.383,0.371,0.405,0.387,0.381,0.388,0.398,0.429,0.445,0.42,0.443,0.403,0.364,0.45,0.437,0.429,0.435,0.43,0.38,0.407,0.44,0.401,0.349,0.425,0.429,0.427,0.404,0.379,0.399,0.409,0.408,0.409,0.337,0.424,0.367,
0.0,0.094,0.133,0.204,0.281,0.4,0.462,0.505,0.544,0.536,0.568,0.566,0.575,0.578,0.578,0.578,0.578,0.578,0.578,0.578,0.578,0.578,0.578,0.578,0.578,0.578,0.578,0.578,0.578,0.578,0.578,0.578,0.578,0.578,0.578,0.578,0.578,0.578,0.578,0.578,0.578,0.578,0.578,0.578,0.578,0.578,0.578,0.578,0.578,0.578,0.578,0.578,0.578,0.578,0.578,0.578,0.578,0.578,0.578,0.578,0.578,0.578,0.578,0.578,0.578,0.578,0.578,0.578,0.578,0.578,0.578,0.578,0.578,0.578,0.578,0.578,0.578,0.578,0.578,0.578,0.578,0.578,0.578,0.578,0.578,0.578,0.578,0.578,0.578,0.578,0.578,0.578,0.578,0.578,0.578,0.578,0.578,0.578,0.578,0.578,
0.0,0.186,0.248,0.338,0.465,0.518,0.523,0.562,0.525,0.542,0.546,0.507,0.541,0.548,0.555,0.559,0.564,0.561,0.562,0.575,0.579,0.579,0.579,0.579,0.579,0.579,0.579,0.579,0.579,0.579,0.579,0.579,0.579,0.579,0.579,0.579,0.579,0.579,0.579,0.579,0.579,0.579,0.579,0.579,0.579,0.579,0.579,0.579,0.579,0.579,0.579,0.579,0.579,0.579,0.579,0.579,0.579,0.579,0.579,0.579,0.579,0.579,0.579,0.579,0.579,0.579,0.579,0.579,0.579,0.579,0.579,0.579,0.579,0.579,0.579,0.579,0.579,0.579,0.579,0.579,0.579,0.579,0.579,0.579,0.579,0.579,0.579,0.579,0.579,0.579,0.579,0.579,0.579,0.579,0.579,0.579,0.579,0.579,0.579,0.576,
0.0,0.026,0.273,0.423,0.403,0.449,0.426,0.378,0.398,0.381,0.301,0.325,0.266,0.294,0.259,0.362,0.376,0.346,0.365,0.426,0.409,0.313,0.328,0.366,0.396,0.325,0.323,0.276,0.362,0.391,0.351,0.261,0.334,0.386,0.404,0.302,0.379,0.4,0.393,0.439,0.353,0.292,0.367,0.39,0.336,0.385,0.334,0.376,0.153,0.269,0.239,0.317,0.333,0.317,0.352,0.441,0.345,0.287,0.027,0.26,0.28,0.27,0.217,0.361,0.416,0.373,0.231,0.297,0.343,0.341,0.354,0.377,0.439,0.346,0.264,0.268,0.384,0.362,0.408,0.414,0.448,0.455,0.456,0.43,0.347,0.379,0.391,0.43,0.433,0.426,0.422,0.248,0.327,0.365,0.321,0.374,0.375,0.381,0.33,0.256,
0.0,0.136,0.213,0.311,0.411,0.412,0.422,0.447,0.417,0.435,0.45,0.435,0.321,0.318,0.293,0.333,0.343,0.386,0.341,0.361,0.397,0.325,0.375,0.395,0.31,0.326,0.37,0.372,0.265,0.32,0.232,0.41,0.37,0.434,0.266,0.432,0.45,0.316,0.363,0.379,0.415,0.31,0.418,0.454,0.354,0.368,0.446,0.418,0.412,0.356,0.424,0.395,0.394,0.31,0.26,0.235,0.232,0.232,0.395,0.375,0.406,0.438,0.423,0.379,0.449,0.418,0.436,0.382,0.383,0.438,0.347,0.329,0.443,0.333,0.445,0.456,0.458,0.354,0.447,0.456,0.458,0.299,0.409,0.398,0.421,0.439,0.453,0.395,0.426,0.381,0.393,0.439,0.347,0.397,0.403,0.304,0.408,0.413,0.41,0.318,
0.0,0.114,0.168,0.189,0.271,0.294,0.406,0.406,0.441,0.325,0.389,0.413,0.434,0.438,0.378,0.359,0.298,0.401,0.444,0.33,0.17,0.341,0.425,0.431,0.377,0.372,0.38,0.416,0.427,0.434,0.444,0.411,0.419,0.399,0.39,0.436,0.409,0.339,0.381,0.339,0.344,0.309,0.363,0.386,0.422,0.412,0.44,0.432,0.362,0.425,0.426,0.395,0.282,0.343,0.408,0.334,0.411,0.423,0.429,0.419,0.431,0.348,0.425,0.443,0.393,0.282,0.407,0.425,0.333,0.307,0.308,0.329,0.391,0.374,0.196,0.1,0.335,0.28,0.346,0.287,0.333,0.33,0.318,0.354,0.312,0.349,0.391,0.369,0.356,0.288,0.216,0.276,0.305,0.341,0.359,0.273,0.376,0.393,0.403,0.37,
0.0,0.124,0.205,0.449,0.544,0.505,0.492,0.482,0.476,0.496,0.477,0.501,0.45,0.459,0.368,0.435,0.3,0.393,0.244,0.324,0.419,0.406,0.313,0.38,0.359,0.326,0.261,0.333,0.364,0.412,0.424,0.335,0.38,0.382,0.376,0.427,0.422,0.312,0.306,0.357,0.417,0.437,0.352,0.351,0.377,0.411,0.362,0.386,0.348,0.355,0.379,0.387,0.424,0.355,0.319,0.392,0.436,0.363,0.403,0.378,0.34,0.423,0.377,0.354,0.259,0.371,0.423,0.405,0.402,0.336,0.43,0.445,0.398,0.377,0.326,0.359,0.33,0.315,0.333,0.397,0.434,0.351,0.375,0.373,0.293,0.28,0.377,0.422,0.384,0.412,0.35,0.393,0.422,0.34,0.338,0.34,0.365,0.399,0.441,0.444,
0.0,0.192,0.345,0.465,0.504,0.487,0.525,0.529,0.477,0.483,0.514,0.565,0.568,0.573,0.569,0.574,0.569,0.574,0.569,0.574,0.569,0.574,0.569,0.574,0.569,0.574,0.569,0.574,0.569,0.574,0.569,0.574,0.569,0.574,0.569,0.574,0.569,0.574,0.569,0.574,0.569,0.574,0.569,0.574,0.569,0.574,0.569,0.574,0.569,0.574,0.569,0.574,0.569,0.574,0.569,0.574,0.569,0.574,0.569,0.574,0.569,0.574,0.569,0.574,0.569,0.574,0.569,0.574,0.569,0.574,0.569,0.574,0.569,0.574,0.569,0.574,0.569,0.574,0.569,0.574,0.569,0.574,0.569,0.574,0.569,0.574,0.569,0.574,0.569,0.574,0.569,0.574,0.569,0.574,0.569,0.574,0.569,0.574,0.569,0.574,
0.0,0.059,0.071,0.31,0.284,0.412,0.449,0.404,0.29,0.434,0.322,0.365,0.315,0.27,0.177,0.251,0.293,0.359,0.41,0.381,0.385,0.319,0.262,0.379,0.364,0.396,0.37,0.271,0.338,0.221,0.315,0.357,0.261,0.22,0.338,0.218,0.159,0.284,0.209,0.371,0.385,0.342,0.268,0.289,0.318,0.17,0.148,0.36,0.247,0.305,0.331,0.219,0.253,0.362,0.361,0.413,0.332,0.321,0.297,0.227,0.173,0.122,0.337,0.249,0.172,0.293,0.245,0.365,0.371,0.363,0.359,0.415,0.388,0.366,0.417,0.422,0.392,0.285,0.223,0.263,0.21,0.258,0.268,0.235,0.175,0.297,0.403,0.359,0.371,0.236,0.3,0.353,0.381,0.285,0.356,0.313,0.33,0.185,0.358,0.421,
0.0,0.173,0.264,0.353,0.431,0.54,0.512,0.525,0.517,0.561,0.529,0.528,0.502,0.559,0.568,0.571,0.57,0.571,0.57,0.572,0.571,0.572,0.571,0.572,0.571,0.572,0.571,0.572,0.571,0.572,0.571,0.572,0.571,0.572,0.571,0.572,0.571,0.572,0.571,0.572,0.571,0.572,0.571,0.572,0.571,0.572,0.571,0.572,0.571,0.572,0.571,0.572,0.571,0.572,0.571,0.572,0.571,0.572,0.571,0.572,0.571,0.572,0.571,0.572,0.571,0.572,0.571,0.572,0.571,0.572,0.571,0.572,0.571,0.572,0.571,0.572,0.571,0.572,0.571,0.572,0.571,0.572,0.571,0.572,0.571,0.572,0.571,0.572,0.571,0.572,0.571,0.572,0.571,0.572,0.571,0.572,0.571,0.572,0.571,0.572,
0.0,0.022,0.001,0.062,0.114,0.243,0.321,0.346,0.371,0.344,0.367,0.366,0.363,0.335,0.342,0.351,0.285,0.281,0.364,0.333,0.345,0.389,0.302,0.332,0.359,0.172,0.34,0.334,0.307,0.336,0.37,0.176,0.32,0.279,0.283,0.108,0.162,0.373,0.249,0.3,0.299,0.315,0.287,0.299,0.295,0.327,0.277,0.356,0.279,0.342,0.376,0.382,0.36,0.335,0.354,0.289,0.358,0.34,0.174,0.31,0.344,0.3,0.395,0.425,0.384,0.357,0.376,0.393,0.351,0.275,0.375,0.235,0.294,0.166,0.164,0.296,0.324,0.37,0.395,0.313,0.329,0.316,0.333,0.242,0.216,0.33,0.326,0.327,0.38,0.345,0.353,0.34,0.33,0.32,0.332,0.337,0.257,0.269,0.27,0.323,
0.0,0.04,0.152,0.256,0.43,0.434,0.495,0.54,0.538,0.572,0.577,0.577,0.577,0.577,0.577,0.577,0.577,0.577,0.577,0.577,0.577,0.577,0.577,0.577,0.577,0.577,0.577,0.577,0.577,0.577,0.577,0.577,0.577,0.577,0.577,0.577,0.577,0.577,0.577,0.577,0.577,0.577,0.577,0.577,0.577,0.577,0.577,0.577,0.577,0.577,0.577,0.577,0.577,0.577,0.577,0.577,0.577,0.577,0.577,0.577,0.577,0.577,0.577,0.577,0.577,0.577,0.577,0.577,0.577,0.577,0.577,0.577,0.577,0.577,0.577,0.577,0.577,0.577,0.577,0.577,0.577,0.577,0.577,0.577,0.577,0.577,0.577,0.577,0.577,0.577,0.577,0.577,0.577,0.577,0.577,0.577,0.577,0.577,0.577,0.577,
0.0,0.029,0.184,0.234,0.278,0.41,0.323,0.336,0.411,0.377,0.441,0.443,0.426,0.396,0.37,0.318,0.298,0.34,0.382,0.419,0.349,0.318,0.258,0.218,0.295,0.374,0.37,0.351,0.334,0.244,0.265,0.385,0.378,0.347,0.348,0.329,0.354,0.306,0.265,0.355,0.32,0.31,0.398,0.393,0.333,0.352,0.373,0.345,0.302,0.242,0.161,0.241,0.245,0.315,0.362,0.392,0.402,0.336,0.285,0.282,0.293,0.355,0.315,0.337,0.38,0.393,0.365,0.356,0.308,0.365,0.329,0.315,0.286,0.277,0.282,0.361,0.412,0.392,0.424,0.362,0.269,0.364,0.418,0.41,0.216,0.255,0.341,0.408,0.358,0.407,0.415,0.446,0.456,0.421,0.336,0.293,0.346,0.378,0.198,0.366,
0.0,0.1,0.388,0.439,0.502,0.543,0.58,0.569,0.583,0.569,0.583,0.569,0.583,0.569,0.583,0.569,0.583,0.569,0.583,0.569,0.583,0.569,0.583,0.569,0.583,0.569,0.583,0.569,0.583,0.569,0.583,0.569,0.583,0.569,0.583,0.569,0.583,0.569,0.583,0.569,0.583,0.569,0.583,0.569,0.583,0.569,0.583,0.569,0.583,0.569,0.583,0.569,0.583,0.569,0.583,0.569,0.583,0.569,0.583,0.569,0.583,0.569,0.583,0.569,0.583,0.569,0.583,0.569,0.583,0.569,0.583,0.569,0.583,0.569,0.583,0.569,0.583,0.569,0.583,0.569,0.583,0.569,0.583,0.569,0.583,0.569,0.583,0.569,0.583,0.569,0.583,0.569,0.583,0.569,0.583,0.569,0.583,0.569,0.583,0.568,
0.0,0.179,0.235,0.287,0.324,0.378,0.369,0.383,0.284,0.33,0.375,0.247,0.303,0.285,0.376,0.422,0.455,0.331,0.263,0.197,0.295,0.389,0.4,0.398,0.405,0.434,0.447,0.448,0.364,0.361,0.359,0.287,0.355,0.443,0.378,0.419,0.335,0.216,0.283,0.351,0.385,0.415,0.416,0.451,0.458,0.363,0.384,0.416,0.41,0.441,0.422,0.419,0.416,0.433,0.306,0.343,0.265,0.337,0.395,0.272,0.322,0.295,0.348,0.44,0.454,0.451,0.367,0.33,0.244,0.38,0.432,0.29,0.227,0.34,0.431,0.289,0.297,0.347,0.253,0.268,0.244,0.37,0.402,0.411,0.415,0.427,0.259,0.244,0.259,0.338,0.344,0.369,0.401,0.36,0.411,0.453,0.43,0.431,0.426,0.431,
0.0,0.085,0.154,0.209,0.319,0.408,0.376,0.44,0.521,0.564,0.561,0.575,0.564,0.576,0.565,0.576,0.565,0.576,0.565,0.576,0.565,0.576,0.565,0.576,0.565,0.576,0.565,0.576,0.565,0.576,0.565,0.576,0.565,0.576,0.565,0.576,0.565,0.576,0.565,0.576,0.565,0.576,0.565,0.576,0.565,0.576,0.565,0.576,0.565,0.576,0.565,0.576,0.565,0.576,0.565,0.576,0.565,0.576,0.565,0.576,0.565,0.576,0.565,0.576,0.565,0.576,0.565,0.576,0.565,0.576,0.565,0.576,0.565,0.576,0.565,0.576,0.565,0.576,0.565,0.576,0.565,0.576,0.565,0.576,0.565,0.576,0.565,0.576,0.565,0.576,0.565,0.576,0.565,0.576,0.565,0.576,0.565,0.576,0.565,0.576,
0.0,0.11,0.306,0.382,0.437,0.522,0.501,0.491,0.519,0.48,0.536,0.543,0.511,0.501,0.489,0.449,0.525,0.543,0.521,0.536,0.476,0.498,0.475,0.461,0.503,0.487,0.501,0.487,0.482,0.498,0.492,0.517,0.555,0.559,0.523,0.492,0.481,0.433,0.476,0.511,0.507,0.541,0.469,0.478,0.511,0.551,0.514,0.48,0.462,0.414,0.469,0.515,0.505,0.538,0.448,0.487,0.49,0.53,0.495,0.515,0.486,0.497,0.502,0.485,0.509,0.48,0.469,0.481,0.48,0.498,0.494,0.517,0.562,0.545,0.514,0.497,0.475,0.433,0.502,0.528,0.527,0.544,0.487,0.483,0.491,0.527,0.496,0.496,0.527,0.496,0.476,0.463,0.512,0.491,0.485,0.459,0.417,0.475,0.537,0.551,
0.0,0.015,0.07,0.052,0.049,0.045,0.002,0.149,0.161,0.137,0.16,0.259,0.293,0.411,0.39,0.445,0.475,0.525,0.529,0.537,0.531,0.537,0.531,0.537,0.531,0.537,0.531,0.537,0.531,0.537,0.531,0.537,0.531,0.537,0.531,0.537,0.531,0.537,0.531,0.537,0.531,0.537,0.531,0.537,0.531,0.537,0.531,0.537,0.531,0.537,0.531,0.537,0.531,0.537,0.531,0.537,0.531,0.537,0.531,0.537,0.531,0.537,0.531,0.537,0.531,0.537,0.531,0.537,0.531,0.537,0.531,0.537,0.531,0.537,0.531,0.537,0.531,0.537,0.531,0.537,0.531,0.537,0.531,0.537,0.531,0.537,0.531,0.537,0.531,0.537,0.531,0.537,0.531,0.537,0.531,0.537,0.531,0.537,0.531,0.538,
0.0,0.232,0.379,0.402,0.42,0.439,0.461,0.467,0.476,0.455,0.374,0.415,0.387,0.439,0.401,0.368,0.397,0.376,0.396,0.413,0.383,0.448,0.396,0.373,0.403,0.445,0.423,0.424,0.405,0.385,0.376,0.387,0.415,0.407,0.394,0.416,0.408,0.445,0.453,0.414,0.416,0.417,0.359,0.347,0.395,0.419,0.419,0.416,0.402,0.36,0.437,0.404,0.359,0.336,0.336,0.398,0.37,0.356,0.366,0.377,0.384,0.453,0.428,0.436,0.424,0.435,0.43,0.449,0.441,0.409,0.442,0.453,0.458,0.447,0.442,0.388,0.369,0.415,0.378,0.38,0.407,0.442,0.411,0.386,0.374,0.389,0.387,0.415,0.408,0.41,0.425,0.448,0.453,0.382,0.4,0.409,0.421,0.425,0.309,0.388,
0.0,0.03,0.145,0.275,0.284,0.397,0.412,0.494,0.529,0.571,0.574,0.579,0.575,0.579,0.575,0.579,0.575,0.579,0.575,0.579,0.575,0.579,0.575,0.579,0.575,0.579,0.575,0.579,0.575,0.579,0.575,0.579,0.575,0.579,0.575,0.579,0.575,0.579,0.575,0.579,0.575,0.579,0.575,0.579,0.575,0.579,0.575,0.579,0.575,0.579,0.575,0.579,0.575,0.579,0.575,0.579,0.575,0.579,0.575,0.579,0.575,0.579,0.575,0.579,0.575,0.579,0.575,0.579,0.575,0.579,0.575,0.579,0.575,0.579,0.575,0.579,0.575,0.579,0.575,0.579,0.575,0.579,0.575,0.579,0.575,0.579,0.575,0.579,0.575,0.579,0.575,0.579,0.575,0.579,0.575,0.579,0.575,0.579,0.575,0.579,
0.0,0.046,0.125,0.215,0.334,0.386,0.417,0.402,0.375,0.299,0.281,0.229,0.189,0.186,0.175,0.158,0.18,0.328,0.288,0.286,0.348,0.375,0.398,0.363,0.291,0.422,0.416,0.303,0.313,0.303,0.312,0.353,0.365,0.347,0.356,0.37,0.354,0.262,0.163,0.254,0.276,0.363,0.394,0.234,0.232,0.173,0.105,0.083,0.143,0.312,0.305,0.349,0.371,0.408,0.364,0.286,0.277,0.318,0.298,0.241,0.251,0.303,0.245,0.266,0.292,0.196,0.251,0.281,0.241,0.304,0.202,0.134,0.185,0.276,0.415,0.287,0.29,0.213,0.234,0.285,0.269,0.221,0.132,0.093,0.207,0.313,0.316,0.244,0.404,0.433,0.443,0.434,0.397,0.303,0.289,0.29,0.348,0.348,0.284,0.308,
0.0,0.047,0.18,0.132,0.129,0.26,0.395,0.486,0.474,0.472,0.498,0.538,0.561,0.568,0.57,0.57,0.57,0.57,0.57,0.57,0.57,0.57,0.57,0.57,0.57,0.57,0.57,0.57,0.57,0.57,0.57,0.57,0.57,0.57,0.57,0.57,0.57,0.57,0.57,0.57,0.57,0.57,0.57,0.57,0.57,0.57,0.57,0.57,0.57,0.57,0.57,0.57,0.57,0.57,0.57,0.57,0.57,0.57,0.57,0.57,0.57,0.57,0.57,0.57,0.57,0.57,0.57,0.57,0.57,0.57,0.57,0.57,0.57,0.57,0.57,0.57,0.57,0.57,0.57,0.57,0.57,0.57,0.57,0.57,0.57,0.57,0.57,0.57,0.57,0.57,0.57,0.57,0.57,0.57,0.57,0.57,0.57,0.57,0.57,0.573,
0.0,0.114,0.054,-0.003,0.163,0.299,0.387,0.506,0.521,0.521,0.554,0.534,0.534,0.531,0.507,0.532,0.478,0.509,0.533,0.536,0.556,0.557,0.563,0.552,0.548,0.514,0.537,0.556,0.498,0.518,0.481,0.515,0.477,0.51,0.527,0.517,0.526,0.502,0.501,0.479,0.501,0.491,0.513,0.532,0.527,0.491,0.516,0.512,0.529,0.512,0.517,0.536,0.52,0.497,0.534,0.538,0.526,0.518,0.539,0.539,0.53,0.504,0.532,0.504,0.457,0.519,0.493,0.518,0.541,0.541,0.528,0.508,0.536,0.537,0.545,0.543,0.545,0.528,0.544,0.542,0.534,0.508,0.518,0.503,0.509,0.544,0.537,0.537,0.519,0.489,0.485,0.526,0.515,0.525,0.534,0.528,0.537,0.512,0.53,0.525,
0.0,0.171,0.317,0.303,0.051,0.284,0.29,0.224,0.137,0.158,0.295,0.251,0.295,0.195,0.275,0.244,0.294,0.279,0.291,0.213,0.219,0.218,0.28,0.363,0.342,0.326,0.38,0.387,0.391,0.239,0.119,0.302,0.372,0.309,0.278,0.307,0.264,0.265,0.354,0.217,0.25,0.319,0.364,0.352,0.255,0.171,0.269,0.166,0.323,0.237,0.113,0.155,0.358,0.348,0.232,0.191,0.213,0.264,0.296,0.268,0.286,0.288,0.308,0.283,0.387,0.432,0.449,0.453,0.251,0.282,0.216,0.134,0.21,0.286,0.284,0.18,0.295,0.259,0.325,0.317,0.348,0.309,0.351,0.37,0.341,0.363,0.432,0.387,0.259,0.215,0.228,0.302,0.195,0.243,0.315,0.372,0.359,0.375,0.229,0.331,
0.0,0.072,0.301,0.388,0.456,0.465,0.473,0.504,0.512,0.509,0.54,0.511,0.539,0.54,0.523,0.548,0.537,0.554,0.54,0.53,0.561,0.558,0.542,0.534,0.562,0.558,0.542,0.534,0.562,0.558,0.542,0.534,0.562,0.558,0.542,0.534,0.562,0.558,0.542,0.534,0.562,0.558,0.542,0.534,0.562,0.558,0.542,0.534,0.562,0.558,0.542,0.534,0.562,0.558,0.542,0.534,0.562,0.558,0.542,0.534,0.562,0.558,0.542,0.534,0.562,0.558,0.542,0.534,0.562,0.558,0.542,0.534,0.562,0.558,0.542,0.534,0.562,0.558,0.542,0.534,0.562,0.558,0.542,0.534,0.562,0.558,0.542,0.534,0.562,0.558,0.542,0.534,0.562,0.558,0.542,0.534,0.562,0.558,0.542,0.534,
0.0,0.146,0.357,0.467,0.518,0.497,0.515,0.462,0.544,0.478,0.492,0.463,0.526,0.521,0.482,0.499,0.561,0.543,0.565,0.566,0.581,0.516,0.532,0.482,0.545,0.557,0.559,0.567,0.512,0.521,0.489,0.462,0.45,0.543,0.511,0.507,0.54,0.567,0.562,0.569,0.563,0.578,0.516,0.55,0.5,0.526,0.56,0.57,0.58,0.532,0.542,0.489,0.516,0.536,0.557,0.562,0.561,0.563,0.562,0.575,0.56,0.568,0.511,0.515,0.557,0.556,0.53,0.536,0.531,0.565,0.572,0.572,0.534,0.524,0.479,0.524,0.51,0.535,0.526,0.518,0.545,0.504,0.517,0.564,0.561,0.529,0.494,0.541,0.536,0.557,0.544,0.539,0.553,0.566,0.564,0.578,0.524,0.566,0.507,0.546,
0.0,0.122,0.197,0.253,0.153,0.303,0.271,0.323,0.365,0.354,0.387,0.36,0.354,0.362,0.268,0.309,0.327,0.322,0.312,0.359,0.352,0.284,0.377,0.329,0.358,0.344,0.312,0.33,0.335,0.298,0.331,0.368,0.367,0.368,0.343,0.355,0.343,0.281,0.319,0.344,0.352,0.357,0.38,0.34,0.367,0.382,0.357,0.354,0.347,0.337,0.299,0.332,0.347,0.334,0.338,0.343,0.369,0.361,0.35,0.349,0.318,0.272,0.291,0.346,0.356,0.347,0.372,0.32,0.363,0.372,0.371,0.373,0.317,0.346,0.371,0.308,0.266,0.314,0.379,0.39,0.352,0.32,0.333,0.33,0.296,0.349,0.348,0.352,0.275,0.341,0.309,0.328,0.302,0.326,0.307,0.322,0.295,0.32,0.329,0.329,
0.0,-0.037,0.203,0.329,0.367,0.324,0.305,0.33,0.234,0.255,0.242,0.224,0.279,0.333,0.312,0.332,0.295,0.341,0.325,0.207,0.364,0.346,0.243,0.225,0.325,0.269,0.19,0.306,0.271,0.221,0.325,0.334,0.36,0.24,0.285,0.296,0.318,0.292,0.234,0.319,0.302,0.311,0.238,0.243,0.231,0.23,0.224,0.373,0.365,0.35,0.149,0.22,0.259,0.282,0.237,0.366,0.336,0.356,0.138,0.257,0.296,0.344,0.275,0.343,0.289,0.229,0.107,0.308,0.282,0.368,0.309,0.342,0.297,0.367,0.365,0.338,0.232,0.326,0.316,0.296,0.353,0.278,0.22,0.265,0.275,0.271,0.229,0.331,0.356,0.203,0.218,0.378,0.401,0.391,0.283,0.329,0.332,0.354,0.35,0.313,
0.0,0.194,0.218,0.313,0.373,0.308,0.311,0.341,0.347,0.339,0.337,0.349,0.37,0.334,0.297,0.367,0.372,0.33,0.378,0.354,0.371,0.374,0.316,0.308,0.384,0.338,0.351,0.363,0.36,0.377,0.348,0.383,0.393,0.4,0.375,0.363,0.39,0.35,0.359,0.337,0.351,0.384,0.373,0.381,0.407,0.368,0.388,0.393,0.382,0.367,0.41,0.399,0.387,0.373,0.386,0.315,0.352,0.385,0.399,0.384,0.381,0.406,0.388,0.368,0.404,0.339,0.346,0.382,0.408,0.379,0.402,0.377,0.332,0.327,0.329,0.392,0.405,0.398,0.413,0.354,0.376,0.399,0.396,0.398,0.402,0.354,0.349,0.37,0.37,0.374,0.382,0.352,0.332,0.328,0.397,0.348,0.377,0.402,0.367,0.379,
0.0,0.116,0.194,0.348,0.3,0.358,0.382,0.404,0.392,0.367,0.382,0.41,0.4,0.383,0.349,0.363,0.428,0.412,0.422,0.375,0.376,0.343,0.386,0.384,0.366,0.339,0.373,0.382,0.36,0.414,0.418,0.425,0.404,0.416,0.382,0.362,0.384,0.331,0.36,0.408,0.378,0.357,0.3,0.406,0.37,0.371,0.301,0.394,0.383,0.407,0.415,0.369,0.375,0.4,0.333,0.407,0.35,0.349,0.37,0.356,0.431,0.427,0.425,0.355,0.357,0.374,0.389,0.337,0.356,0.292,0.254,0.327,0.286,0.23,0.364,0.409,0.386,0.382,0.371,0.362,0.382,0.39,0.298,0.365,0.29,0.378,0.385,0.346,0.344,0.35,0.306,0.389,0.405,0.381,0.352,0.297,0.257,0.252,0.389,0.34,
0.0,0.021,0.16,0.264,0.325,0.301,0.329,0.245,0.28,0.282,0.111,0.221,0.294,0.299,0.301,0.205,0.283,0.312,0.41,0.371,0.23,0.35,0.257,0.296,0.194,0.253,0.328,0.312,0.261,0.264,0.266,0.312,0.264,0.309,0.237,0.226,0.304,0.157,0.283,0.273,0.312,0.159,0.25,0.289,0.281,0.28,0.303,0.291,0.303,0.365,0.344,0.209,0.343,0.344,0.262,0.274,0.311,0.216,0.256,0.342,0.37,0.342,0.364,0.413,0.422,0.33,0.291,0.286,0.318,0.31,0.251,0.22,0.328,0.347,0.362,0.379,0.36,0.336,0.271,0.325,0.336,0.248,0.338,0.348,0.388,0.389,0.231,0.226,0.191,0.279,0.286,0.284,0.226,0.307,0.359,0.346,0.267,0.225,0.255,0.283,
0.0,0.052,0.113,0.384,0.382,0.353,0.346,0.392,0.334,0.333,0.316,0.358,0.274,0.334,0.363,0.4,0.33,0.327,0.338,0.377,0.422,0.414,0.337,0.309,0.365,0.378,0.277,0.368,0.394,0.385,0.407,0.333,0.289,0.365,0.374,0.359,0.388,0.336,0.323,0.318,0.342,0.348,0.398,0.357,0.379,0.426,0.33,0.358,0.241,0.316,0.418,0.311,0.295,0.355,0.383,0.376,0.34,0.285,0.318,0.27,0.314,0.324,0.298,0.329,0.383,0.414,0.431,0.401,0.388,0.399,0.425,0.431,0.43,0.432,0.432,0.432,0.432,0.432,0.432,0.432,0.432,0.432,0.432,0.432,0.432,0.432,0.432,0.432,0.432,0.432,0.432,0.432,0.432,0.432,0.432,0.432,0.432,0.432,0.432,0.432,
0.0,0.048,0.182,0.263,0.329,0.295,0.326,0.373,0.398,0.32,0.278,0.361,0.423,0.282,0.293,0.361,0.382,0.435,0.308,0.405,0.36,0.415,0.35,0.333,0.403,0.295,0.357,0.404,0.401,0.274,0.226,0.401,0.341,0.328,0.342,0.33,0.313,0.283,0.41,0.333,0.339,0.349,0.393,0.383,0.393,0.283,0.359,0.372,0.327,0.405,0.336,0.394,0.248,0.38,0.414,0.44,0.253,0.337,0.329,0.388,0.303,0.351,0.346,0.355,0.372,0.333,0.391,0.395,0.408,0.366,0.413,0.409,0.41,0.417,0.393,0.214,0.316,0.423,0.416,0.393,0.257,0.363,0.323,0.387,0.254,0.36,0.37,0.356,0.361,0.387,0.276,0.322,0.323,0.264,0.364,0.31,0.367,0.367,0.355,0.416,
0.0,0.16,0.291,0.316,0.303,0.314,0.35,0.306,0.304,0.375,0.381,0.393,0.378,0.353,0.284,0.379,0.369,0.361,0.419,0.351,0.396,0.278,0.342,0.374,0.358,0.321,0.363,0.322,0.374,0.386,0.401,0.384,0.365,0.386,0.369,0.391,0.367,0.339,0.359,0.361,0.369,0.374,0.377,0.409,0.422,0.432,0.354,0.338,0.305,0.295,0.352,0.334,0.327,0.428,0.415,0.368,0.385,0.401,0.415,0.379,0.402,0.42,0.388,0.38,0.391,0.289,0.276,0.374,0.414,0.387,0.392,0.367,0.383,0.358,0.397,0.335,0.384,0.393,0.415,0.353,0.304,0.305,0.383,0.355,0.398,0.374,0.346,0.372,0.398,0.404,0.374,0.429,0.361,0.366,0.368,0.309,0.38,0.373,0.383,0.399,
0.0,0.22,0.221,0.184,0.26,0.329,0.376,0.4,0.348,0.396,0.336,0.297,0.166,0.227,0.28,0.335,0.289,0.215,0.208,0.26,0.389,0.271,0.392,0.373,0.368,0.398,0.39,0.202,0.201,0.328,0.391,0.169,0.208,0.167,0.262,0.233,0.282,0.293,0.316,0.323,0.185,0.276,0.32,0.307,0.265,0.302,0.308,0.165,0.255,0.2,0.182,0.091,0.131,0.154,0.261,0.097,0.161,0.31,0.302,0.319,0.172,0.136,0.153,0.266,0.235,0.198,0.167,0.152,0.31,0.25,0.198,0.321,0.293,0.175,0.173,0.215,0.213,0.252,0.286,0.171,0.107,0.273,0.139,0.177,0.278,0.256,0.219,0.202,0.221,0.222,0.315,0.32,0.311,0.181,0.296,0.299,0.352,0.294,0.297,0.281,
0.0,0.194,0.208,0.281,0.347,0.349,0.379,0.399,0.371,0.407,0.434,0.406,0.364,0.355,0.42,0.407,0.396,0.418,0.41,0.433,0.398,0.39,0.404,0.381,0.422,0.42,0.39,0.314,0.382,0.431,0.414,0.367,0.397,0.407,0.409,0.394,0.381,0.344,0.33,0.393,0.407,0.348,0.384,0.397,0.367,0.336,0.378,0.408,0.396,0.422,0.424,0.383,0.386,0.325,0.349,0.375,0.404,0.407,0.423,0.398,0.36,0.354,0.36,0.391,0.385,0.408,0.411,0.31,0.406,0.338,0.369,0.371,0.405,0.392,0.393,0.404,0.394,0.377,0.397,0.397,0.4,0.431,0.427,0.403,0.42,0.374,0.386,0.37,0.396,0.399,0.394,0.377,0.348,0.345,0.358,0.345,0.375,0.344,0.371,0.39,
0.0,0.127,0.251,0.295,0.397,0.418,0.426,0.431,0.414,0.382,0.427,0.413,0.423,0.377,0.426,0.438,0.427,0.373,0.396,0.411,0.357,0.354,0.403,0.424,0.428,0.431,0.428,0.426,0.427,0.431,0.428,0.426,0.427,0.431,0.428,0.406,0.376,0.422,0.427,0.363,0.385,0.379,0.372,0.405,0.431,0.431,0.41,0.422,0.426,0.431,0.428,0.426,0.427,0.431,0.428,0.431,0.428,0.431,0.428,0.326,0.25,0.339,0.284,0.362,0.424,0.419,0.417,0.42,0.425,0.431,0.428,0.414,0.43,0.424,0.406,0.373,0.404,0.425,0.429,0.363,0.308,0.336,0.364,0.407,0.405,0.413,0.418,0.422,0.419,0.313,0.292,0.404,0.421,0.426,0.423,0.425,0.423,0.329,0.296,0.367,
0.0,0.104,0.145,0.258,0.375,0.215,0.303,0.275,0.263,0.319,0.348,0.302,0.289,0.292,0.34,0.395,0.349,0.317,0.341,0.315,0.283,0.361,0.302,0.322,0.34,0.37,0.333,0.357,0.283,0.286,0.396,0.24,0.289,0.349,0.331,0.329,0.33,0.346,0.379,0.311,0.303,0.275,0.29,0.283,0.331,0.321,0.343,0.288,0.324,0.333,0.359,0.355,0.319,0.295,0.31,0.276,0.338,0.278,0.326,0.336,0.322,0.372,0.341,0.347,0.346,0.339,0.378,0.33,0.378,0.338,0.319,0.353,0.335,0.31,0.354,0.367,0.357,0.362,0.308,0.308,0.297,0.276,0.324,0.329,0.395,0.368,0.35,0.357,0.321,0.32,0.32,0.362,0.342,0.386,0.394,0.375,0.343,0.326,0.35,0.301,
0.0,0.103,0.214,0.295,0.319,0.34,0.287,0.319,0.327,0.347,0.372,0.313,0.264,0.353,0.377,0.359,0.307,0.326,0.346,0.364,0.298,0.321,0.285,0.338,0.241,0.279,0.302,0.28,0.365,0.337,0.306,0.285,0.334,0.349,0.364,0.339,0.313,0.36,0.278,0.294,0.31,0.375,0.395,0.356,0.34,0.282,0.293,0.375,0.41,0.31,0.369,0.36,0.277,0.336,0.391,0.286,0.343,0.297,0.369,0.33,0.341,0.37,0.331,0.304,0.317,0.3,0.326,0.287,0.211,0.321,0.279,0.297,0.309,0.306,0.337,0.323,0.345,0.272,0.302,0.262,0.318,0.36,0.319,0.318,0.333,0.311,0.341,0.285,0.343,0.351,0.277,0.325,0.314,0.281,0.285,0.299,0.35,0.339,0.325,0.394,
0.0,0.093,0.165,0.283,0.253,0.312,0.372,0.349,0.387,0.353,0.352,0.311,0.34,0.389,0.349,0.239,0.277,0.253,0.273,0.371,0.377,0.362,0.291,0.316,0.297,0.338,0.286,0.381,0.274,0.298,0.321,0.311,0.258,0.256,0.303,0.28,0.377,0.378,0.38,0.264,0.25,0.271,0.372,0.301,0.351,0.348,0.371,0.353,0.368,0.415,0.4,0.408,0.274,0.225,0.261,0.287,0.182,0.301,0.213,0.148,0.216,0.191,0.221,0.185,0.3,0.243,0.267,0.27,0.301,0.316,0.274,0.287,0.332,0.28,0.269,0.247,0.311,0.285,0.284,0.236,0.265,0.242,0.35,0.284,0.294,0.282,0.335,0.404,0.347,0.362,0.371,0.337,0.39,0.315,0.363,0.332,0.323,0.322,0.215,0.253,
0.0,0.037,0.169,0.277,0.374,0.206,0.283,0.226,0.39,0.358,0.347,0.364,0.38,0.332,0.347,0.365,0.337,0.39,0.367,0.326,0.36,0.374,0.345,0.408,0.392,0.4,0.376,0.4,0.329,0.404,0.398,0.406,0.356,0.304,0.354,0.364,0.351,0.332,0.327,0.372,0.273,0.35,0.3,0.31,0.325,0.337,0.36,0.336,0.386,0.387,0.389,0.329,0.337,0.369,0.343,0.364,0.311,0.36,0.345,0.375,0.391,0.344,0.365,0.398,0.408,0.391,0.407,0.403,0.403,0.344,0.284,0.321,0.364,0.328,0.306,0.334,0.391,0.369,0.411,0.343,0.388,0.285,0.379,0.357,0.32,0.41,0.399,0.423,0.354,0.371,0.299,0.359,0.349,0.339,0.361,0.341,0.406,0.395,0.359,0.361,
0.0,0.064,0.229,0.286,0.331,0.363,0.367,0.372,0.35,0.402,0.39,0.214,0.367,0.381,0.372,0.382,0.291,0.339,0.35,0.308,0.36,0.283,0.305,0.386,0.34,0.36,0.327,0.252,0.268,0.381,0.265,0.325,0.322,0.304,0.38,0.273,0.255,0.322,0.265,0.333,0.301,0.239,0.246,0.299,0.358,0.288,0.358,0.375,0.382,0.389,0.328,0.331,0.357,0.41,0.27,0.352,0.378,0.371,0.313,0.255,0.331,0.294,0.345,0.365,0.361,0.368,0.262,0.302,0.304,0.287,0.21,0.288,0.368,0.357,0.339,0.361,0.29,0.333,0.331,0.345,0.329,0.364,0.298,0.258,0.317,0.262,0.376,0.329,0.372,0.349,0.343,0.28,0.339,0.359,0.372,0.388,0.338,0.375,0.398,0.356,
0.0,0.155,0.089,0.215,0.332,0.348,0.374,0.395,0.304,0.366,0.364,0.385,0.356,0.42,0.382,0.378,0.383,0.423,0.361,0.378,0.388,0.354,0.349,0.384,0.367,0.35,0.427,0.314,0.322,0.406,0.357,0.309,0.402,0.253,0.386,0.257,0.4,0.339,0.356,0.354,0.39,0.41,0.275,0.363,0.335,0.372,0.363,0.361,0.374,0.4,0.335,0.383,0.373,0.433,0.393,0.292,0.34,0.398,0.319,0.426,0.363,0.402,0.43,0.364,0.368,0.373,0.407,0.37,0.402,0.397,0.428,0.394,0.298,0.414,0.428,0.349,0.414,0.282,0.353,0.396,0.315,0.393,0.425,0.374,0.372,0.391,0.388,0.394,0.407,0.325,0.411,0.317,0.297,0.336,0.355,0.398,0.387,0.382,0.419,0.366,
0.0,0.168,0.352,0.329,0.396,0.417,0.396,0.33,0.401,0.336,0.362,0.384,0.376,0.382,0.351,0.397,0.388,0.267,0.344,0.379,0.408,0.307,0.32,0.368,0.392,0.369,0.411,0.362,0.266,0.36,0.362,0.416,0.413,0.424,0.386,0.25,0.286,0.298,0.27,0.28,0.26,0.325,0.331,0.301,0.368,0.341,0.29,0.349,0.342,0.419,0.387,0.381,0.396,0.331,0.367,0.377,0.386,0.335,0.299,0.273,0.328,0.342,0.371,0.3,0.367,0.361,0.374,0.316,0.381,0.412,0.435,0.439,0.44,0.421,0.304,0.264,0.295,0.345,0.386,0.404,0.397,0.342,0.405,0.272,0.31,0.329,0.34,0.356,0.353,0.323,0.394,0.218,0.317,0.308,0.281,0.392,0.297,0.287,0.328,0.288,
0.0,0.21,0.118,0.273,0.406,0.378,0.244,0.427,0.419,0.333,0.39,0.295,0.404,0.393,0.377,0.351,0.291,0.356,0.254,0.337,0.342,0.388,0.385,0.308,0.409,0.386,0.252,0.384,0.378,0.398,0.376,0.36,0.395,0.365,0.354,0.315,0.427,0.354,0.348,0.376,0.316,0.313,0.365,0.208,0.422,0.319,0.3,0.295,0.348,0.394,0.358,0.34,0.392,0.352,0.432,0.371,0.433,0.348,0.337,0.422,0.337,0.323,0.391,0.325,0.249,0.406,0.372,0.375,0.361,0.363,0.429,0.321,0.312,0.355,0.294,0.377,0.25,0.365,0.379,0.173,0.348,0.242,0.361,0.333,0.402,0.328,0.407,0.359,0.254,0.266,0.379,0.372,0.426,0.335,0.395,0.345,0.391,0.326,0.317,0.335,
0.0,0.219,0.323,0.329,0.218,0.367,0.381,0.135,0.287,0.188,0.245,0.271,0.256,0.258,0.314,0.402,0.284,0.201,0.345,0.302,0.392,0.399,0.391,0.346,0.41,0.392,0.358,0.359,0.357,0.354,0.392,0.425,0.359,0.387,0.379,0.349,0.368,0.345,0.36,0.333,0.407,0.353,0.415,0.378,0.357,0.339,0.34,0.376,0.327,0.366,0.378,0.399,0.38,0.381,0.388,0.383,0.427,0.422,0.382,0.347,0.396,0.386,0.378,0.333,0.385,0.427,0.362,0.323,0.291,0.374,0.355,0.332,0.358,0.336,0.379,0.389,0.417,0.366,0.372,0.327,0.388,0.33,0.366,0.385,0.381,0.411,0.35,0.421,0.339,0.377,0.422,0.372,0.33,0.38,0.365,0.335,0.352,0.339,0.339,0.362,
0.0,0.078,0.219,0.34,0.381,0.414,0.382,0.381,0.414,0.409,0.385,0.356,0.357,0.411,0.427,0.415,0.326,0.372,0.394,0.426,0.426,0.411,0.363,0.37,0.384,0.42,0.373,0.363,0.426,0.372,0.39,0.391,0.425,0.338,0.31,0.371,0.411,0.38,0.408,0.401,0.371,0.358,0.329,0.348,0.401,0.394,0.425,0.408,0.413,0.43,0.408,0.272,0.371,0.393,0.365,0.344,0.348,0.414,0.382,0.397,0.401,0.426,0.346,0.388,0.345,0.37,0.41,0.403,0.408,0.387,0.371,0.398,0.316,0.263,0.331,0.394,0.384,0.408,0.373,0.35,0.362,0.341,0.358,0.204,0.331,0.316,0.382,0.391,0.418,0.326,0.353,0.392,0.385,0.406,0.429,0.317,0.319,0.348,0.389,0.347,
0.0,0.245,0.215,0.242,0.331,0.361,0.382,0.399,0.377,0.346,0.376,0.35,0.429,0.38,0.366,0.364,0.362,0.375,0.36,0.409,0.289,0.349,0.325,0.369,0.339,0.383,0.31,0.349,0.319,0.399,0.363,0.298,0.328,0.329,0.385,0.4,0.372,0.35,0.368,0.421,0.359,0.371,0.347,0.379,0.359,0.42,0.383,0.347,0.4,0.404,0.398,0.353,0.353,0.364,0.369,0.351,0.338,0.364,0.367,0.414,0.379,0.363,0.394,0.399,0.405,0.399,0.39,0.323,0.372,0.398,0.371,0.383,0.367,0.426,0.349,0.378,0.353,0.357,0.375,0.356,0.348,0.41,0.404,0.406,0.359,0.356,0.387,0.369,0.311,0.332,0.38,0.342,0.296,0.366,0.406,0.344,0.387,0.396,0.377,0.362,
0.0,0.086,0.163,0.283,0.18,0.172,0.19,0.162,0.227,0.118,0.177,0.29,0.313,0.247,0.332,0.379,0.24,0.213,0.228,0.142,0.228,0.228,0.326,0.318,0.265,0.223,0.222,0.286,0.308,0.291,0.27,0.129,0.191,0.233,0.205,0.331,0.242,0.281,0.308,0.229,0.162,0.157,0.196,0.236,0.234,0.134,0.174,0.296,0.235,0.282,0.245,0.21,0.27,0.317,0.23,0.283,0.302,0.287,0.174,0.248,0.234,0.288,0.281,0.238,0.132,0.264,0.329,0.337,0.294,0.185,0.219,0.326,0.225,0.254,0.328,0.211,0.283,0.294,0.232,0.308,0.235,0.25,0.284,0.3,0.272,0.173,0.183,0.215,0.257,0.362,0.311,0.284,0.297,0.303,0.332,0.248,0.137,0.199,0.259,0.252,
0.0,0.16,0.137,0.328,0.352,0.258,0.258,0.291,0.272,0.262,0.341,0.239,0.269,0.303,0.312,0.303,0.2,0.285,0.35,0.37,0.348,0.34,0.353,0.291,0.296,0.298,0.307,0.332,0.321,0.352,0.334,0.319,0.313,0.341,0.259,0.23,0.204,0.084,0.237,0.278,0.307,0.339,0.288,0.27,0.302,0.355,0.272,0.278,0.293,0.309,0.276,0.293,0.271,0.297,0.311,0.325,0.264,0.324,0.294,0.346,0.346,0.342,0.316,0.376,0.314,0.24,0.206,0.285,0.275,0.202,0.266,0.291,0.209,0.302,0.235,0.229,0.268,0.327,0.331,0.325,0.336,0.334,0.31,0.291,0.338,0.347,0.33,0.337,0.39,0.344,0.356,0.301,0.195,0.285,0.287,0.254,0.329,0.335,0.362,0.371,
0.0,0.186,0.182,0.263,0.289,0.366,0.395,0.37,0.37,0.34,0.376,0.333,0.374,0.33,0.342,0.31,0.37,0.413,0.413,0.363,0.359,0.372,0.408,0.362,0.381,0.424,0.37,0.409,0.38,0.325,0.386,0.365,0.387,0.4,0.321,0.396,0.356,0.401,0.397,0.362,0.351,0.385,0.282,0.248,0.354,0.361,0.413,0.385,0.375,0.367,0.365,0.289,0.338,0.347,0.361,0.369,0.375,0.371,0.405,0.428,0.436,0.438,0.383,0.38,0.41,0.406,0.348,0.356,0.365,0.372,0.363,0.344,0.352,0.342,0.39,0.395,0.421,0.363,0.318,0.319,0.355,0.399,0.386,0.353,0.329,0.301,0.362,0.345,0.404,0.344,0.356,0.399,0.371,0.372,0.39,0.399,0.347,0.339,0.327,0.319,
0.0,0.121,0.23,0.302,0.209,0.293,0.294,0.261,0.185,0.252,0.219,0.268,0.28,0.201,0.186,0.11,0.134,0.36,0.252,0.229,0.213,0.257,0.21,0.242,0.22,0.323,0.202,0.112,0.223,0.206,0.267,0.21,0.253,0.252,0.358,0.3,0.282,0.206,0.268,0.153,0.276,0.216,0.219,0.223,0.268,0.289,0.321,0.278,0.249,0.201,0.167,0.277,0.177,0.249,0.224,0.287,0.197,0.283,0.356,0.255,0.204,0.245,0.21,0.252,0.289,0.265,0.216,0.323,0.326,0.365,0.303,0.262,0.249,0.218,0.331,0.37,0.306,0.284,0.178,0.211,0.217,0.322,0.246,0.261,0.198,0.229,0.293,0.33,0.276,0.203,0.261,0.239,0.246,0.284,0.169,0.203,0.272,0.323,0.289,0.268,
0.0,0.148,0.274,0.248,0.206,0.215,0.243,0.271,0.312,0.321,0.296,0.333,0.383,0.303,0.37,0.396,0.346,0.26,0.388,0.242,0.312,0.363,0.327,0.406,0.393,0.401,0.218,0.279,0.339,0.293,0.306,0.327,0.316,0.292,0.362,0.327,0.281,0.306,0.351,0.305,0.368,0.367,0.275,0.245,0.314,0.349,0.317,0.303,0.321,0.286,0.304,0.312,0.339,0.278,0.252,0.375,0.294,0.295,0.339,0.379,0.304,0.257,0.336,0.276,0.346,0.343,0.375,0.397,0.379,0.355,0.328,0.284,0.28,0.308,0.344,0.317,0.277,0.361,0.293,0.228,0.359,0.296,0.275,0.333,0.355,0.298,0.268,0.316,0.328,0.348,0.29,0.261,0.301,0.374,0.277,0.34,0.309,0.361,0.266,0.349,
0.0,0.25,0.308,0.352,0.324,0.368,0.357,0.365,0.371,0.309,0.358,0.357,0.32,0.369,0.363,0.37,0.36,0.37,0.403,0.356,0.369,0.364,0.405,0.361,0.386,0.398,0.408,0.357,0.367,0.419,0.396,0.297,0.403,0.4,0.425,0.43,0.429,0.435,0.432,0.429,0.435,0.438,0.438,0.361,0.389,0.341,0.342,0.319,0.414,0.357,0.313,0.374,0.348,0.294,0.193,0.304,0.389,0.356,0.366,0.378,0.36,0.383,0.391,0.417,0.407,0.348,0.345,0.366,0.385,0.381,0.391,0.39,0.412,0.415,0.433,0.437,0.438,0.438,0.438,0.438,0.438,0.438,0.438,0.438,0.438,0.438,0.438,0.438,0.438,0.438,0.438,0.438,0.438,0.438,0.438,0.438,0.438,0.438,0.438,0.438,
0.0,0.274,0.33,0.357,0.392,0.411,0.362,0.298,0.31,0.305,0.345,0.125,0.201,0.34,0.306,0.342,0.315,0.318,0.296,0.351,0.389,0.357,0.221,0.179,0.316,0.33,0.337,0.331,0.343,0.276,0.255,0.336,0.314,0.301,0.353,0.389,0.31,0.32,0.295,0.327,0.255,0.313,0.355,0.397,0.402,0.331,0.358,0.279,0.291,0.299,0.199,0.265,0.314,0.375,0.353,0.247,0.32,0.288,0.297,0.296,0.255,0.324,0.379,0.421,0.407,0.43,0.232,0.32,0.365,0.343,0.273,0.35,0.391,0.337,0.245,0.307,0.333,0.289,0.342,0.331,0.351,0.324,0.226,0.349,0.327,0.327,0.399,0.291,0.321,0.338,0.326,0.333,0.38,0.356,0.381,0.364,0.312,0.34,0.384,0.334,
0.0,0.218,0.212,0.363,0.292,0.255,0.347,0.323,0.268,0.334,0.27,0.281,0.333,0.293,0.339,0.364,0.414,0.408,0.398,0.354,0.327,0.289,0.372,0.261,0.344,0.294,0.239,0.367,0.154,0.313,0.305,0.354,0.278,0.248,0.358,0.399,0.361,0.348,0.395,0.407,0.408,0.31,0.392,0.336,0.407,0.206,0.369,0.398,0.338,0.412,0.405,0.284,0.257,0.369,0.302,0.372,0.39,0.224,0.267,0.274,0.397,0.339,0.189,0.31,0.363,0.375,0.341,0.393,0.206,0.304,0.356,0.322,0.312,0.342,0.339,0.343,0.382,0.354,0.2,0.327,0.293,0.32,0.355,0.227,0.324,0.35,0.388,0.427,0.407,0.332,0.334,0.214,0.31,0.235,0.259,0.389,0.343,0.207,0.278,0.345,
0.0,0.102,0.161,0.258,0.362,0.419,0.351,0.354,0.386,0.408,0.417,0.412,0.407,0.346,0.334,0.315,0.367,0.371,0.388,0.386,0.375,0.319,0.38,0.374,0.416,0.351,0.291,0.304,0.33,0.253,0.328,0.287,0.282,0.322,0.293,0.404,0.377,0.403,0.396,0.358,0.374,0.198,0.36,0.388,0.381,0.334,0.341,0.349,0.302,0.36,0.301,0.311,0.323,0.292,0.371,0.377,0.353,0.391,0.379,0.398,0.35,0.331,0.359,0.261,0.337,0.369,0.414,0.356,0.357,0.298,0.369,0.382,0.35,0.33,0.347,0.418,0.315,0.279,0.34,0.29,0.35,0.354,0.341,0.337,0.376,0.346,0.341,0.389,0.387,0.398,0.422,0.388,0.362,0.342,0.396,0.395,0.341,0.35,0.349,0.207,
0.0,0.224,0.088,0.111,0.295,0.167,0.215,0.233,0.363,0.269,0.219,0.326,0.317,0.288,0.311,0.255,0.389,0.39,0.353,0.313,0.339,0.312,0.303,0.32,0.283,0.357,0.337,0.377,0.413,0.387,0.292,0.36,0.292,0.315,0.322,0.308,0.264,0.221,0.279,0.313,0.305,0.339,0.343,0.252,0.201,0.329,0.286,0.341,0.331,0.399,0.346,0.296,0.34,0.351,0.352,0.381,0.365,0.239,0.237,0.29,0.313,0.263,0.343,0.332,0.337,0.414,0.34,0.319,0.345,0.275,0.262,0.272,0.28,0.333,0.334,0.297,0.257,0.292,0.285,0.319,0.294,0.319,0.235,0.184,0.134,0.181,0.293,0.211,0.272,0.351,0.372,0.282,0.324,0.336,0.287,0.354,0.247,0.313,0.265,0.375,
0.0,0.014,0.113,0.15,0.269,0.186,0.28,0.294,0.365,0.314,0.341,0.406,0.431,0.43,0.437,0.34,0.347,0.398,0.43,0.432,0.438,0.349,0.345,0.403,0.416,0.316,0.198,0.269,0.346,0.306,0.302,0.349,0.194,0.352,0.399,0.344,0.3,0.342,0.4,0.312,0.166,0.217,0.271,0.267,0.259,0.332,0.372,0.153,0.319,0.291,0.337,0.206,0.314,0.233,0.335,0.209,0.275,0.198,0.224,0.204,0.294,0.256,0.294,0.38,0.412,0.424,0.322,0.328,0.4,0.405,0.336,0.216,0.241,0.28,0.27,0.369,0.297,0.176,0.321,0.33,0.31,0.306,0.365,0.413,0.417,0.312,0.198,0.204,0.241,0.397,0.326,0.262,0.317,0.342,0.423,0.435,0.431,0.437,0.346,0.376,
0.0,0.168,0.197,0.261,0.309,0.293,0.257,0.321,0.339,0.27,0.22,0.352,0.332,0.327,0.233,0.249,0.317,0.253,0.24,0.321,0.324,0.329,0.329,0.295,0.282,0.284,0.191,0.242,0.297,0.314,0.337,0.344,0.293,0.36,0.297,0.319,0.338,0.388,0.386,0.365,0.314,0.312,0.316,0.269,0.362,0.321,0.269,0.265,0.306,0.283,0.305,0.322,0.341,0.324,0.258,0.283,0.291,0.362,0.386,0.392,0.331,0.35,0.332,0.37,0.396,0.36,0.318,0.364,0.347,0.308,0.314,0.355,0.366,0.308,0.303,0.344,0.351,0.346,0.306,0.345,0.32,0.344,0.347,0.208,0.28,0.341,0.336,0.359,0.366,0.365,0.321,0.279,0.332,0.246,0.345,0.309,0.307,0.359,0.36,0.339,
0.0,0.14,0.165,0.2,0.347,0.256,0.283,0.344,0.338,0.202,0.283,0.236,0.262,0.371,0.258,0.266,0.315,0.4,0.328,0.292,0.321,0.316,0.344,0.356,0.378,0.349,0.323,0.269,0.25,0.311,0.329,0.355,0.286,0.28,0.25,0.225,0.223,0.265,0.277,0.376,0.328,0.27,0.244,0.353,0.408,0.274,0.31,0.33,0.371,0.226,0.321,0.397,0.405,0.338,0.349,0.323,0.387,0.37,0.393,0.385,0.304,0.244,0.357,0.368,0.322,0.378,0.38,0.419,0.42,0.296,0.366,0.378,0.291,0.332,0.359,0.387,0.358,0.347,0.384,0.391,0.272,0.333,0.292,0.235,0.203,0.262,0.298,0.315,0.344,0.337,0.316,0.385,0.31,0.363,0.343,0.405,0.259,0.3,0.327,0.377,
0.0,0.126,0.273,0.322,0.24,0.335,0.351,0.299,0.266,0.365,0.341,0.353,0.391,0.321,0.294,0.353,0.346,0.358,0.343,0.359,0.38,0.41,0.377,0.368,0.384,0.276,0.327,0.387,0.381,0.413,0.4,0.35,0.349,0.304,0.35,0.358,0.365,0.371,0.399,0.378,0.338,0.346,0.378,0.331,0.333,0.372,0.373,0.37,0.367,0.32,0.381,0.386,0.306,0.284,0.31,0.359,0.289,0.394,0.404,0.37,0.396,0.349,0.371,0.368,0.343,0.351,0.391,0.372,0.367,0.317,0.354,0.376,0.35,0.388,0.262,0.359,0.377,0.315,0.401,0.388,0.365,0.405,0.42,0.364,0.365,0.327,0.324,0.382,0.393,0.374,0.333,0.283,0.252,0.342,0.298,0.217,0.266,0.385,0.295,0.327,
0.0,0.243,0.284,0.272,0.25,0.225,0.363,0.321,0.386,0.423,0.412,0.361,0.417,0.391,0.39,0.416,0.401,0.354,0.387,0.393,0.407,0.362,0.343,0.362,0.385,0.397,0.39,0.398,0.388,0.375,0.329,0.354,0.386,0.376,0.342,0.353,0.358,0.354,0.361,0.39,0.408,0.33,0.343,0.329,0.391,0.381,0.366,0.407,0.388,0.377,0.417,0.404,0.366,0.358,0.282,0.333,0.387,0.425,0.379,0.372,0.397,0.398,0.27,0.367,0.406,0.361,0.36,0.387,0.371,0.253,0.342,0.422,0.375,0.366,0.406,0.376,0.418,0.343,0.359,0.4,0.405,0.396,0.365,0.365,0.388,0.396,0.374,0.332,0.36,0.387,0.349,0.378,0.385,0.382,0.42,0.356,0.395,0.376,0.372,0.333,
0.0,0.21,0.254,0.281,0.382,0.32,0.38,0.345,0.393,0.371,0.331,0.35,0.318,0.391,0.351,0.363,0.354,0.378,0.363,0.373,0.336,0.389,0.4,0.409,0.402,0.365,0.35,0.391,0.34,0.38,0.39,0.392,0.422,0.399,0.392,0.372,0.406,0.41,0.377,0.351,0.374,0.343,0.373,0.296,0.345,0.365,0.36,0.395,0.39,0.406,0.326,0.34,0.344,0.33,0.369,0.396,0.373,0.397,0.398,0.4,0.386,0.382,0.327,0.319,0.342,0.369,0.382,0.396,0.384,0.38,0.381,0.401,0.35,0.39,0.349,0.185,0.253,0.362,0.367,0.309,0.349,0.4,0.416,0.348,0.348,0.413,0.374,0.402,0.332,0.384,0.377,0.419,0.359,0.388,0.42,0.427,0.367,0.424,0.423,0.388,
0.0,0.193,0.331,0.342,0.343,0.377,0.405,0.389,0.325,0.354,0.241,0.339,0.367,0.375,0.367,0.333,0.313,0.387,0.368,0.373,0.375,0.39,0.341,0.329,0.306,0.328,0.354,0.389,0.364,0.111,0.309,0.345,0.331,0.331,0.373,0.29,0.341,0.344,0.386,0.337,0.4,0.378,0.375,0.353,0.32,0.281,0.34,0.406,0.406,0.402,0.271,0.317,0.352,0.366,0.317,0.343,0.126,0.31,0.378,0.356,0.367,0.32,0.339,0.299,0.095,0.36,0.391,0.384,0.36,0.319,0.36,0.366,0.39,0.392,0.355,0.358,0.347,0.274,0.353,0.348,0.403,0.386,0.371,0.376,0.376,0.388,0.394,0.311,0.311,0.349,0.306,0.336,0.361,0.262,0.38,0.325,0.329,0.392,0.36,0.39,
0.0,0.228,0.21,0.291,0.354,0.301,0.291,0.327,0.347,0.391,0.378,0.356,0.257,0.294,0.325,0.359,0.414,0.386,0.349,0.362,0.349,0.392,0.374,0.401,0.434,0.435,0.41,0.412,0.433,0.435,0.428,0.393,0.368,0.357,0.314,0.371,0.353,0.422,0.369,0.354,0.399,0.378,0.414,0.434,0.398,0.363,0.421,0.421,0.424,0.407,0.413,0.433,0.436,0.412,0.419,0.41,0.381,0.391,0.426,0.435,0.404,0.303,0.343,0.396,0.387,0.396,0.369,0.403,0.424,0.366,0.385,0.339,0.374,0.425,0.422,0.434,0.413,0.392,0.361,0.396,0.36,0.407,0.369,0.414,0.367,0.38,0.351,0.366,0.368,0.404,0.401,0.409,0.361,0.361,0.419,0.361,0.344,0.356,0.391,0.378,
0.0,0.118,0.287,0.307,0.273,0.367,0.399,0.386,0.371,0.407,0.35,0.252,0.288,0.322,0.384,0.358,0.272,0.305,0.372,0.385,0.318,0.368,0.232,0.279,0.297,0.224,0.255,0.347,0.248,0.228,0.231,0.232,0.281,0.253,0.361,0.295,0.202,0.228,0.328,0.351,0.288,0.21,0.252,0.258,0.294,0.351,0.308,0.242,0.224,0.243,0.383,0.309,0.32,0.28,0.323,0.213,0.298,0.243,0.288,0.346,0.326,0.371,0.334,0.381,0.386,0.374,0.389,0.327,0.3,0.294,0.369,0.325,0.316,0.315,0.288,0.27,0.315,0.372,0.398,0.341,0.349,0.34,0.37,0.376,0.39,0.406,0.41,0.349,0.255,0.237,0.261,0.238,0.288,0.319,0.182,0.285,0.247,0.274,0.318,0.352,
0.0,-0.012,0.278,0.323,0.419,0.445,0.447,0.396,0.313,0.351,0.344,0.387,0.376,0.417,0.444,0.447,0.413,0.385,0.402,0.222,0.311,0.36,0.386,0.403,0.442,0.447,0.447,0.368,0.349,0.283,0.339,0.374,0.411,0.375,0.435,0.396,0.417,0.402,0.431,0.403,0.382,0.406,0.442,0.398,0.317,0.369,0.436,0.436,0.358,0.392,0.4,0.42,0.357,0.416,0.393,0.423,0.443,0.447,0.396,0.307,0.385,0.348,0.342,0.395,0.39,0.353,0.368,0.418,0.444,0.447,0.426,0.426,0.392,0.405,0.258,0.263,0.395,0.398,0.39,0.345,0.241,0.379,0.436,0.393,0.356,0.358,0.418,0.402,0.399,0.435,0.445,0.421,0.292,0.3,0.315,0.292,0.313,0.405,0.401,0.419,
0.0,0.115,0.258,0.285,0.373,0.315,0.338,0.377,0.356,0.379,0.309,0.344,0.383,0.408,0.379,0.373,0.358,0.326,0.342,0.316,0.377,0.328,0.299,0.334,0.374,0.373,0.356,0.384,0.341,0.408,0.409,0.378,0.282,0.341,0.375,0.382,0.346,0.33,0.384,0.304,0.31,0.254,0.356,0.341,0.357,0.409,0.385,0.382,0.378,0.38,0.391,0.395,0.378,0.36,0.394,0.388,0.325,0.388,0.371,0.379,0.371,0.371,0.337,0.354,0.289,0.292,0.367,0.391,0.307,0.381,0.328,0.385,0.393,0.351,0.377,0.334,0.297,0.402,0.383,0.276,0.331,0.303,0.333,0.34,0.374,0.361,0.347,0.362,0.37,0.341,0.347,0.363,0.333,0.374,0.378,0.318,0.357,0.34,0.352,0.377,
0.0,0.073,0.301,0.385,0.381,0.401,0.375,0.388,0.365,0.349,0.318,0.414,0.368,0.362,0.386,0.42,0.375,0.404,0.418,0.373,0.36,0.348,0.376,0.352,0.308,0.398,0.396,0.281,0.406,0.313,0.34,0.371,0.251,0.401,0.388,0.362,0.396,0.404,0.415,0.378,0.39,0.414,0.39,0.361,0.404,0.411,0.414,0.429,0.411,0.401,0.41,0.342,0.344,0.366,0.422,0.401,0.407,0.343,0.324,0.311,0.354,0.384,0.36,0.366,0.429,0.422,0.397,0.371,0.411,0.396,0.399,0.413,0.383,0.36,0.366,0.383,0.381,0.361,0.373,0.41,0.394,0.408,0.395,0.375,0.425,0.418,0.391,0.397,0.348,0.394,0.368,0.391,0.395,0.387,0.349,0.373,0.396,0.343,0.399,0.387,
0.0,0.093,0.185,0.272,0.367,0.376,0.311,0.284,0.307,0.423,0.435,0.437,0.437,0.437,0.375,0.406,0.382,0.405,0.355,0.329,0.341,0.334,0.341,0.225,0.4,0.418,0.41,0.418,0.432,0.423,0.411,0.418,0.421,0.416,0.357,0.289,0.391,0.43,0.423,0.433,0.436,0.437,0.375,0.431,0.374,0.406,0.382,0.41,0.381,0.346,0.383,0.369,0.307,0.399,0.43,0.436,0.437,0.437,0.375,0.421,0.412,0.431,0.436,0.437,0.362,0.392,0.348,0.398,0.428,0.423,0.433,0.419,0.436,0.437,0.437,0.437,0.437,0.437,0.437,0.437,0.437,0.437,0.437,0.437,0.437,0.437,0.437,0.437,0.437,0.437,0.437,0.437,0.437,0.437,0.437,0.437,0.437,0.437,0.437,0.437,
0.0,0.155,0.3,0.275,0.406,0.416,0.438,0.424,0.386,0.386,0.369,0.325,0.386,0.415,0.395,0.395,0.412,0.409,0.42,0.413,0.416,0.381,0.394,0.367,0.389,0.343,0.357,0.349,0.413,0.365,0.376,0.398,0.394,0.402,0.391,0.404,0.397,0.391,0.396,0.362,0.389,0.433,0.391,0.338,0.332,0.343,0.387,0.436,0.439,0.381,0.394,0.327,0.379,0.425,0.415,0.376,0.308,0.317,0.327,0.386,0.431,0.417,0.437,0.422,0.405,0.363,0.414,0.393,0.401,0.365,0.337,0.351,0.404,0.398,0.347,0.326,0.386,0.384,0.409,0.359,0.418,0.418,0.342,0.356,0.373,0.428,0.394,0.414,0.395,0.401,0.362,0.355,0.392,0.429,0.397,0.331,0.388,0.397,0.406,0.398,
0.0,0.287,0.288,0.281,0.286,0.238,0.315,0.274,0.312,0.385,0.33,0.316,0.268,0.365,0.353,0.328,0.328,0.317,0.312,0.282,0.279,0.279,0.315,0.311,0.293,0.311,0.298,0.332,0.318,0.348,0.415,0.338,0.342,0.379,0.351,0.365,0.365,0.297,0.322,0.403,0.402,0.365,0.386,0.345,0.351,0.365,0.371,0.325,0.369,0.353,0.338,0.286,0.309,0.372,0.371,0.392,0.357,0.366,0.403,0.385,0.367,0.406,0.348,0.346,0.373,0.364,0.37,0.381,0.34,0.31,0.255,0.295,0.336,0.389,0.362,0.381,0.211,0.272,0.296,0.351,0.358,0.364,0.392,0.417,0.346,0.32,0.306,0.348,0.37,0.365,0.388,0.394,0.376,0.38,0.365,0.31,0.301,0.381,0.334,0.355,
0.0,0.181,0.296,0.302,0.307,0.381,0.338,0.408,0.38,0.389,0.408,0.39,0.316,0.341,0.381,0.402,0.412,0.429,0.407,0.406,0.391,0.348,0.232,0.25,0.252,0.337,0.368,0.371,0.293,0.371,0.368,0.229,0.315,0.318,0.285,0.368,0.309,0.382,0.392,0.407,0.396,0.384,0.328,0.379,0.398,0.378,0.383,0.354,0.329,0.237,0.259,0.381,0.372,0.382,0.309,0.349,0.366,0.352,0.308,0.288,0.318,0.316,0.315,0.318,0.188,0.318,0.314,0.262,0.273,0.276,0.321,0.307,0.28,0.335,0.345,0.249,0.321,0.272,0.262,0.344,0.288,0.333,0.302,0.338,0.343,0.355,0.341,0.276,0.264,0.39,0.324,0.302,0.375,0.355,0.322,0.305,0.258,0.322,0.264,0.292,
0.0,0.114,-0.027,0.184,0.196,0.189,-0.021,0.09,0.163,0.145,0.175,0.186,0.233,0.139,0.074,0.221,0.341,0.38,0.422,0.429,0.418,0.288,0.167,0.259,0.306,0.232,0.343,0.38,0.386,0.401,0.407,0.414,0.375,0.379,0.221,0.237,0.176,0.073,0.253,0.099,0.109,0.295,0.287,0.237,0.236,0.357,0.351,0.397,0.344,0.328,0.372,0.266,0.254,0.16,0.217,0.159,0.2,0.237,0.154,0.135,0.283,0.297,0.302,0.241,0.305,0.327,0.356,0.399,0.215,0.141,0.283,0.319,0.305,0.286,0.287,0.329,0.343,0.377,0.346,0.326,0.302,0.313,0.363,0.182,0.147,0.035,0.188,0.176,0.125,0.184,0.199,0.188,0.039,0.202,0.18,0.172,0.203,0.162,0.213,0.156,
0.0,0.131,0.272,0.241,0.419,0.437,0.368,0.414,0.416,0.435,0.438,0.439,0.439,0.439,0.439,0.439,0.439,0.439,0.439,0.439,0.439,0.439,0.439,0.439,0.439,0.439,0.439,0.439,0.439,0.439,0.439,0.439,0.439,0.439,0.439,0.439,0.439,0.439,0.439,0.439,0.439,0.439,0.439,0.439,0.439,0.439,0.439,0.439,0.439,0.439,0.439,0.439,0.439,0.439,0.439,0.439,0.439,0.439,0.439,0.439,0.439,0.439,0.439,0.439,0.439,0.439,0.439,0.439,0.439,0.439,0.439,0.439,0.439,0.439,0.439,0.439,0.439,0.439,0.439,0.439,0.439,0.439,0.439,0.439,0.439,0.439,0.439,0.439,0.439,0.439,0.439,0.439,0.439,0.439,0.439,0.439,0.439,0.439,0.439,0.439,
0.0,0.074,0.204,0.318,0.328,0.263,0.297,0.285,0.236,0.357,0.253,0.298,0.288,0.195,0.308,0.228,0.259,0.298,0.302,0.295,0.334,0.364,0.326,0.317,0.262,0.267,0.331,0.337,0.297,0.258,0.265,0.326,0.244,0.227,0.304,0.265,0.286,0.35,0.319,0.285,0.285,0.296,0.298,0.309,0.331,0.298,0.287,0.315,0.373,0.295,0.308,0.237,0.224,0.241,0.241,0.307,0.305,0.34,0.261,0.223,0.3,0.259,0.304,0.334,0.334,0.325,0.282,0.291,0.323,0.25,0.34,0.27,0.283,0.307,0.3,0.278,0.314,0.288,0.335,0.303,0.209,0.32,0.238,0.32,0.242,0.183,0.225,0.254,0.332,0.351,0.382,0.375,0.311,0.258,0.264,0.271,0.32,0.283,0.262,0.225,
0.0,0.089,0.303,0.287,0.283,0.349,0.365,0.37,0.314,0.306,0.318,0.24,0.383,0.257,0.294,0.372,0.309,0.345,0.315,0.29,0.337,0.316,0.316,0.325,0.292,0.311,0.169,0.325,0.314,0.305,0.362,0.336,0.328,0.285,0.223,0.304,0.397,0.304,0.314,0.307,0.269,0.36,0.357,0.335,0.385,0.411,0.375,0.341,0.362,0.363,0.349,0.2,0.238,0.349,0.353,0.278,0.332,0.388,0.382,0.38,0.333,0.397,0.36,0.254,0.343,0.368,0.356,0.41,0.382,0.369,0.326,0.368,0.324,0.336,0.247,0.34,0.36,0.334,0.313,0.294,0.226,0.339,0.408,0.362,0.376,0.268,0.317,0.342,0.259,0.312,0.328,0.304,0.351,0.278,0.257,0.334,0.359,0.299,0.306,0.32,
0.0,0.11,0.288,0.318,0.225,0.346,0.386,0.379,0.402,0.377,0.393,0.38,0.306,0.352,0.301,0.315,0.366,0.375,0.325,0.345,0.376,0.359,0.386,0.392,0.376,0.368,0.396,0.372,0.339,0.333,0.315,0.389,0.415,0.337,0.367,0.366,0.415,0.413,0.422,0.363,0.352,0.309,0.336,0.402,0.411,0.418,0.353,0.404,0.396,0.401,0.401,0.321,0.361,0.319,0.369,0.317,0.359,0.389,0.302,0.312,0.121,0.337,0.288,0.346,0.316,0.359,0.314,0.353,0.34,0.326,0.364,0.367,0.259,0.345,0.34,0.282,0.339,0.286,0.321,0.347,0.298,0.348,0.341,0.352,0.325,0.357,0.281,0.32,0.256,0.229,0.324,0.347,0.357,0.226,0.331,0.215,0.247,0.263,0.357,0.412,
0.0,0.143,0.241,0.366,0.218,0.266,0.258,0.369,0.319,0.348,0.416,0.341,0.227,0.294,0.336,0.393,0.265,0.308,0.343,0.401,0.31,0.291,0.362,0.333,0.252,0.309,0.356,0.393,0.339,0.321,0.376,0.341,0.154,0.245,0.265,0.346,0.372,0.375,0.343,0.342,0.326,0.377,0.38,0.392,0.25,0.287,0.344,0.352,0.369,0.387,0.314,0.337,0.225,0.323,0.342,0.286,0.34,0.342,0.37,0.357,0.333,0.369,0.387,0.334,0.285,0.389,0.41,0.392,0.307,0.299,0.296,0.348,0.385,0.308,0.302,0.337,0.306,0.38,0.381,0.29,0.312,0.345,0.346,0.286,0.291,0.235,0.268,0.293,0.372,0.374,0.303,0.277,0.21,0.26,0.293,0.351,0.339,0.153,0.248,0.33,
0.0,0.207,0.252,0.227,0.27,0.286,0.385,0.386,0.387,0.379,0.406,0.357,0.373,0.356,0.353,0.384,0.337,0.346,0.377,0.362,0.412,0.412,0.402,0.349,0.391,0.394,0.39,0.408,0.358,0.417,0.401,0.415,0.337,0.385,0.377,0.377,0.341,0.359,0.404,0.416,0.362,0.333,0.361,0.357,0.416,0.413,0.429,0.414,0.374,0.349,0.369,0.352,0.41,0.424,0.421,0.371,0.382,0.384,0.368,0.408,0.369,0.354,0.315,0.333,0.385,0.383,0.379,0.397,0.395,0.412,0.374,0.332,0.392,0.36,0.37,0.361,0.385,0.372,0.387,0.399,0.415,0.378,0.343,0.385,0.34,0.401,0.359,0.383,0.384,0.359,0.401,0.344,0.378,0.409,0.373,0.397,0.388,0.373,0.368,0.352,
0.0,0.196,0.374,0.375,0.4,0.402,0.344,0.346,0.279,0.342,0.36,0.364,0.388,0.39,0.389,0.22,0.375,0.429,0.418,0.371,0.376,0.361,0.387,0.426,0.424,0.431,0.292,0.249,0.309,0.334,0.218,0.313,0.394,0.397,0.364,0.222,0.345,0.347,0.344,0.379,0.338,0.375,0.36,0.346,0.343,0.421,0.415,0.363,0.409,0.365,0.406,0.418,0.377,0.35,0.271,0.331,0.397,0.426,0.421,0.381,0.397,0.297,0.299,0.319,0.333,0.373,0.399,0.339,0.306,0.348,0.4,0.397,0.384,0.393,0.356,0.374,0.341,0.337,0.34,0.375,0.333,0.353,0.313,0.264,0.279,0.338,0.377,0.391,0.346,0.39,0.377,0.293,0.343,0.319,0.319,0.322,0.349,0.302,0.259,0.204,
0.0,0.168,0.377,0.377,0.36,0.387,0.402,0.361,0.341,0.359,0.375,0.393,0.339,0.321,0.351,0.384,0.357,0.344,0.336,0.327,0.4,0.314,0.349,0.377,0.415,0.378,0.346,0.323,0.298,0.411,0.442,0.403,0.433,0.213,0.341,0.407,0.348,0.275,0.369,0.355,0.36,0.326,0.419,0.399,0.436,0.318,0.392,0.258,0.325,0.32,0.433,0.32,0.405,0.335,0.409,0.417,0.345,0.32,0.404,0.372,0.336,0.32,0.351,0.384,0.337,0.327,0.389,0.391,0.339,0.273,0.369,0.355,0.391,0.389,0.411,0.417,0.241,0.319,0.388,0.396,0.342,0.354,0.418,0.231,0.35,0.29,0.411,0.339,0.402,0.358,0.387,0.315,0.322,0.399,0.358,0.379,0.434,0.323,0.358,0.312,
0.0,0.104,0.254,0.336,0.329,0.39,0.334,0.248,0.336,0.375,0.397,0.428,0.383,0.311,0.29,0.368,0.415,0.335,0.145,0.253,0.355,0.37,0.392,0.363,0.361,0.401,0.329,0.354,0.302,0.335,0.323,0.272,0.302,0.337,0.317,0.377,0.37,0.351,0.4,0.371,0.405,0.432,0.437,0.438,0.438,0.438,0.438,0.438,0.438,0.438,0.438,0.341,0.374,0.298,0.324,0.367,0.368,0.371,0.303,0.327,0.291,0.281,0.346,0.402,0.387,0.312,0.362,0.346,0.385,0.316,0.343,0.357,0.392,0.334,0.302,0.348,0.396,0.336,0.314,0.245,0.317,0.303,0.361,0.313,0.251,0.375,0.337,0.381,0.291,0.301,0.216,0.274,0.374,0.332,0.342,0.387,0.33,0.293,0.368,0.378,
0.0,0.061,0.191,0.248,0.264,0.285,0.3,0.218,0.294,0.252,0.296,0.341,0.256,0.209,0.24,0.256,0.201,0.231,0.275,0.27,0.347,0.288,0.272,0.255,0.327,0.3,0.329,0.254,0.216,0.296,0.352,0.252,0.342,0.398,0.253,0.276,0.306,0.364,0.332,0.347,0.22,0.346,0.185,0.193,0.285,0.246,0.375,0.259,0.271,0.31,0.208,0.306,0.259,0.293,0.28,0.269,0.26,0.241,0.282,0.346,0.284,0.274,0.316,0.289,0.229,0.222,0.297,0.368,0.343,0.172,0.27,0.344,0.306,0.363,0.422,0.43,0.416,0.43,0.425,0.352,0.355,0.383,0.377,0.349,0.33,0.253,0.23,0.256,0.298,0.297,0.304,0.268,0.342,0.321,0.292,0.35,0.28,0.279,0.216,0.313,
0.0,0.137,0.285,0.329,0.215,0.364,0.331,0.333,0.269,0.285,0.284,0.338,0.357,0.358,0.384,0.404,0.397,0.378,0.41,0.428,0.386,0.327,0.267,0.273,0.232,0.225,0.378,0.314,0.323,0.364,0.182,0.268,0.291,0.227,0.361,0.298,0.294,0.319,0.384,0.377,0.385,0.319,0.284,0.291,0.351,0.34,0.346,0.304,0.292,0.388,0.4,0.397,0.332,0.363,0.344,0.365,0.371,0.39,0.372,0.321,0.34,0.333,0.354,0.365,0.384,0.382,0.401,0.325,0.334,0.309,0.285,0.345,0.311,0.337,0.403,0.332,0.388,0.373,0.421,0.422,0.368,0.368,0.387,0.355,0.292,0.334,0.293,0.364,0.375,0.379,0.34,0.267,0.234,0.322,0.328,0.348,0.373,0.355,0.285,0.293,
0.0,0.195,0.295,0.264,0.365,0.329,0.384,0.41,0.401,0.35,0.268,0.299,0.399,0.384,0.383,0.371,0.317,0.378,0.37,0.359,0.352,0.378,0.378,0.377,0.4,0.361,0.394,0.363,0.373,0.397,0.401,0.344,0.362,0.34,0.36,0.371,0.389,0.39,0.396,0.388,0.366,0.374,0.348,0.309,0.354,0.38,0.379,0.353,0.308,0.37,0.341,0.339,0.378,0.406,0.384,0.416,0.418,0.412,0.418,0.354,0.364,0.334,0.275,0.364,0.37,0.394,0.32,0.373,0.416,0.405,0.412,0.42,0.4,0.392,0.386,0.383,0.413,0.362,0.412,0.395,0.399,0.328,0.353,0.351,0.376,0.411,0.374,0.403,0.399,0.426,0.401,0.399,0.416,0.416,0.36,0.392,0.394,0.383,0.364,0.41,
0.0,0.125,0.266,0.233,0.202,0.193,0.281,0.219,0.225,0.219,0.304,0.268,0.259,0.222,0.202,0.162,0.173,0.242,0.261,0.22,0.229,0.248,0.274,0.287,0.213,0.223,0.265,0.273,0.26,0.289,0.264,0.243,0.248,0.215,0.278,0.186,0.177,0.201,0.221,0.261,0.301,0.267,0.209,0.259,0.2,0.217,0.218,0.168,0.216,0.23,0.185,0.235,0.198,0.152,0.196,0.25,0.281,0.339,0.136,0.137,0.15,0.284,0.251,0.221,0.286,0.282,0.289,0.221,0.242,0.227,0.195,0.166,0.202,0.227,0.279,0.235,0.224,0.295,0.266,0.276,0.328,0.29,0.312,0.287,0.27,0.222,0.229,0.281,0.267,0.22,0.202,0.262,0.298,0.318,0.332,0.304,0.299,0.29,0.279,0.231,
0.0,0.246,0.203,0.356,0.422,0.42,0.414,0.43,0.389,0.316,0.361,0.349,0.419,0.407,0.339,0.354,0.373,0.355,0.374,0.334,0.369,0.36,0.237,0.339,0.41,0.262,0.384,0.401,0.377,0.375,0.341,0.402,0.423,0.337,0.295,0.391,0.415,0.41,0.421,0.332,0.347,0.32,0.323,0.381,0.423,0.404,0.404,0.373,0.314,0.381,0.41,0.37,0.384,0.398,0.407,0.391,0.409,0.306,0.385,0.395,0.413,0.355,0.363,0.322,0.288,0.41,0.428,0.416,0.341,0.379,0.367,0.358,0.409,0.328,0.378,0.396,0.368,0.366,0.337,0.387,0.34,0.369,0.369,0.357,0.416,0.406,0.341,0.382,0.356,0.319,0.379,0.417,0.405,0.408,0.388,0.328,0.345,0.398,0.366,0.369,
0.0,0.104,0.27,0.319,0.342,0.344,0.306,0.36,0.328,0.327,0.358,0.382,0.299,0.345,0.334,0.301,0.397,0.403,0.299,0.334,0.332,0.322,0.311,0.326,0.334,0.358,0.32,0.335,0.269,0.255,0.298,0.323,0.332,0.341,0.27,0.353,0.298,0.366,0.327,0.401,0.401,0.263,0.281,0.352,0.265,0.273,0.302,0.336,0.32,0.265,0.244,0.307,0.325,0.35,0.372,0.291,0.301,0.353,0.367,0.321,0.241,0.36,0.374,0.367,0.287,0.318,0.339,0.363,0.308,0.292,0.337,0.35,0.386,0.355,0.357,0.345,0.35,0.386,0.394,0.363,0.392,0.355,0.377,0.383,0.3,0.393,0.335,0.294,0.321,0.364,0.35,0.302,0.338,0.367,0.377,0.381,0.378,0.322,0.222,0.332,
0.0,0.231,0.275,0.209,0.359,0.333,0.274,0.347,0.385,0.401,0.357,0.35,0.386,0.344,0.394,0.378,0.285,0.391,0.351,0.395,0.339,0.397,0.307,0.208,0.358,0.38,0.383,0.383,0.4,0.367,0.397,0.413,0.392,0.289,0.393,0.383,0.406,0.277,0.378,0.402,0.359,0.37,0.39,0.318,0.262,0.355,0.356,0.372,0.392,0.371,0.301,0.376,0.327,0.384,0.372,0.4,0.402,0.408,0.401,0.405,0.345,0.362,0.392,0.408,0.402,0.417,0.377,0.332,0.345,0.352,0.409,0.405,0.381,0.316,0.346,0.36,0.39,0.391,0.39,0.395,0.353,0.312,0.394,0.396,0.369,0.333,0.357,0.384,0.293,0.377,0.349,0.375,0.364,0.408,0.383,0.397,0.394,0.401,0.411,0.343,
0.0,0.206,0.279,0.356,0.355,0.384,0.379,0.365,0.352,0.292,0.373,0.349,0.359,0.359,0.365,0.378,0.375,0.361,0.407,0.405,0.396,0.371,0.37,0.387,0.347,0.338,0.385,0.354,0.381,0.36,0.345,0.316,0.366,0.399,0.398,0.427,0.433,0.412,0.364,0.354,0.354,0.331,0.377,0.42,0.374,0.365,0.327,0.37,0.362,0.351,0.382,0.341,0.323,0.336,0.315,0.304,0.321,0.299,0.246,0.205,0.365,0.334,0.367,0.347,0.369,0.407,0.304,0.363,0.263,0.326,0.337,0.303,0.345,0.334,0.32,0.349,0.305,0.345,0.339,0.376,0.311,0.294,0.37,0.325,0.35,0.382,0.3,0.328,0.366,0.314,0.343,0.358,0.321,0.313,0.365,0.32,0.255,0.292,0.35,0.318,
0.0,0.224,0.153,0.247,0.316,0.375,0.357,0.373,0.401,0.328,0.322,0.374,0.319,0.382,0.38,0.345,0.374,0.364,0.394,0.402,0.431,0.438,0.439,0.439,0.439,0.439,0.439,0.439,0.439,0.439,0.439,0.439,0.439,0.439,0.439,0.439,0.439,0.439,0.439,0.439,0.439,0.439,0.439,0.439,0.439,0.439,0.439,0.439,0.439,0.439,0.439,0.439,0.439,0.439,0.439,0.439,0.439,0.439,0.439,0.439,0.439,0.439,0.439,0.439,0.439,0.439,0.439,0.439,0.439,0.439,0.439,0.439,0.439,0.439,0.439,0.439,0.439,0.439,0.439,0.439,0.439,0.439,0.439,0.439,0.439,0.439,0.439,0.439,0.439,0.439,0.439,0.439,0.439,0.439,0.439,0.439,0.439,0.439,0.439,0.439,
0.0,0.083,0.314,0.311,0.369,0.39,0.341,0.348,0.373,0.414,0.376,0.305,0.333,0.385,0.363,0.313,0.401,0.399,0.384,0.384,0.415,0.419,0.416,0.293,0.36,0.376,0.383,0.415,0.375,0.384,0.347,0.404,0.37,0.376,0.352,0.414,0.35,0.333,0.42,0.382,0.363,0.297,0.384,0.285,0.339,0.415,0.402,0.382,0.352,0.372,0.38,0.395,0.222,0.366,0.318,0.396,0.398,0.386,0.405,0.39,0.369,0.376,0.305,0.329,0.433,0.415,0.392,0.367,0.393,0.282,0.347,0.341,0.376,0.214,0.375,0.363,0.373,0.398,0.395,0.172,0.414,0.34,0.308,0.227,0.327,0.302,0.411,0.385,0.324,0.416,0.286,0.377,0.388,0.251,0.317,0.402,0.364,0.379,0.324,0.345,
0.0,0.144,0.146,0.295,0.33,0.373,0.299,0.331,0.312,0.371,0.381,0.244,0.277,0.31,0.352,0.31,0.285,0.31,0.37,0.356,0.39,0.363,0.392,0.407,0.375,0.368,0.325,0.323,0.35,0.388,0.353,0.34,0.329,0.401,0.35,0.355,0.272,0.369,0.395,0.387,0.355,0.361,0.359,0.371,0.366,0.365,0.351,0.375,0.368,0.378,0.329,0.354,0.336,0.348,0.305,0.345,0.384,0.397,0.365,0.277,0.354,0.35,0.37,0.384,0.382,0.392,0.389,0.299,0.305,0.326,0.338,0.403,0.376,0.321,0.295,0.306,0.391,0.377,0.311,0.292,0.314,0.3,0.37,0.358,0.382,0.397,0.347,0.402,0.388,0.338,0.339,0.3,0.367,0.406,0.359,0.368,0.373,0.371,0.331,0.298,
0.0,0.06,0.346,0.362,0.388,0.343,0.418,0.435,0.448,0.45,0.45,0.45,0.45,0.45,0.45,0.45,0.413,0.363,0.413,0.385,0.352,0.394,0.367,0.38,0.371,0.388,0.394,0.397,0.406,0.352,0.411,0.383,0.413,0.365,0.408,0.411,0.447,0.329,0.422,0.382,0.381,0.36,0.392,0.395,0.343,0.394,0.408,0.421,0.429,0.394,0.371,0.367,0.338,0.397,0.42,0.442,0.447,0.45,0.45,0.45,0.45,0.45,0.45,0.45,0.413,0.363,0.395,0.417,0.364,0.358,0.333,0.359,0.388,0.388,0.296,0.397,0.398,0.374,0.383,0.413,0.411,0.346,0.381,0.342,0.347,0.372,0.392,0.4,0.353,0.36,0.359,0.408,0.365,0.406,0.392,0.413,0.425,0.365,0.211,0.335,
0.0,0.109,0.168,0.275,0.303,0.294,0.292,0.272,0.263,0.333,0.382,0.318,0.354,0.308,0.338,0.25,0.27,0.25,0.298,0.215,0.264,0.225,0.245,0.295,0.19,0.27,0.334,0.334,0.3,0.362,0.338,0.228,0.266,0.296,0.306,0.24,0.287,0.312,0.299,0.355,0.306,0.308,0.305,0.264,0.263,0.286,0.355,0.325,0.295,0.319,0.311,0.34,0.32,0.356,0.221,0.227,0.219,0.139,0.22,0.293,0.373,0.291,0.324,0.284,0.188,0.282,0.28,0.309,0.262,0.265,0.38,0.315,0.227,0.323,0.316,0.318,0.379,0.367,0.404,0.374,0.355,0.325,0.314,0.312,0.261,0.232,0.274,0.306,0.3,0.321,0.306,0.34,0.271,0.301,0.39,0.398,0.328,0.324,0.317,0.298,
0.0,0.163,0.148,0.292,0.332,0.236,0.311,0.373,0.378,0.322,0.365,0.391,0.404,0.4,0.342,0.291,0.295,0.365,0.364,0.326,0.387,0.345,0.42,0.352,0.383,0.369,0.388,0.368,0.395,0.411,0.318,0.358,0.386,0.368,0.351,0.365,0.348,0.393,0.308,0.345,0.317,0.361,0.421,0.344,0.389,0.365,0.412,0.351,0.337,0.403,0.371,0.28,0.342,0.326,0.352,0.374,0.396,0.423,0.404,0.393,0.422,0.372,0.382,0.386,0.371,0.404,0.387,0.343,0.383,0.405,0.365,0.379,0.38,0.318,0.33,0.371,0.295,0.333,0.397,0.395,0.393,0.358,0.346,0.318,0.405,0.418,0.424,0.414,0.414,0.405,0.394,0.407,0.413,0.428,0.356,0.22,0.36,0.388,0.418,0.405,
0.0,0.175,0.268,0.301,0.345,0.366,0.349,0.345,0.36,0.365,0.314,0.345,0.3,0.368,0.393,0.407,0.34,0.392,0.412,0.413,0.37,0.38,0.349,0.34,0.361,0.419,0.396,0.401,0.377,0.305,0.317,0.38,0.375,0.413,0.378,0.373,0.385,0.382,0.325,0.376,0.408,0.326,0.364,0.395,0.37,0.382,0.392,0.41,0.414,0.376,0.361,0.39,0.396,0.427,0.336,0.383,0.401,0.395,0.288,0.323,0.345,0.389,0.32,0.323,0.361,0.365,0.402,0.355,0.401,0.391,0.396,0.403,0.422,0.403,0.42,0.413,0.348,0.357,0.39,0.37,0.352,0.356,0.373,0.378,0.337,0.36,0.361,0.368,0.402,0.358,0.387,0.376,0.343,0.38,0.395,0.335,0.389,0.379,0.367,0.395,
0.0,0.096,0.174,0.386,0.382,0.36,0.23,0.222,0.382,0.349,0.389,0.4,0.361,0.329,0.269,0.155,0.228,0.371,0.352,0.349,0.378,0.323,0.323,0.298,0.359,0.339,0.338,0.407,0.377,0.33,0.415,0.419,0.294,0.364,0.399,0.395,0.363,0.324,0.334,0.36,0.336,0.367,0.389,0.225,0.318,0.314,0.376,0.388,0.366,0.346,0.363,0.346,0.252,0.389,0.356,0.387,0.378,0.281,0.39,0.345,0.349,0.365,0.362,0.388,0.344,0.287,0.416,0.378,0.348,0.403,0.306,0.281,0.334,0.402,0.384,0.273,0.247,0.29,0.346,0.376,0.371,0.336,0.316,0.406,0.392,0.341,0.344,0.327,0.387,0.324,0.372,0.352,0.415,0.377,0.377,0.341,0.301,0.338,0.345,0.364,
0.0,0.151,0.21,0.311,0.286,0.27,0.312,0.327,0.383,0.381,0.399,0.41,0.355,0.385,0.378,0.345,0.333,0.392,0.381,0.393,0.369,0.35,0.289,0.374,0.361,0.341,0.333,0.294,0.357,0.325,0.355,0.318,0.331,0.3,0.362,0.355,0.365,0.322,0.324,0.341,0.345,0.334,0.317,0.39,0.352,0.398,0.394,0.395,0.404,0.348,0.333,0.34,0.361,0.319,0.344,0.321,0.369,0.371,0.39,0.346,0.308,0.361,0.368,0.368,0.39,0.352,0.31,0.348,0.376,0.385,0.332,0.319,0.368,0.365,0.393,0.35,0.334,0.309,0.357,0.366,0.295,0.388,0.373,0.365,0.338,0.349,0.356,0.377,0.363,0.356,0.328,0.338,0.373,0.363,0.384,0.394,0.382,0.36,0.37,0.363,
0.0,0.117,0.146,0.241,0.344,0.308,0.327,0.38,0.379,0.375,0.406,0.395,0.324,0.287,0.398,0.371,0.383,0.395,0.397,0.329,0.363,0.34,0.424,0.436,0.372,0.389,0.382,0.324,0.39,0.39,0.416,0.416,0.399,0.322,0.365,0.384,0.289,0.397,0.377,0.376,0.384,0.359,0.384,0.401,0.381,0.344,0.417,0.381,0.378,0.388,0.345,0.408,0.392,0.382,0.354,0.394,0.369,0.34,0.348,0.386,0.372,0.375,0.343,0.425,0.392,0.378,0.341,0.307,0.359,0.387,0.407,0.404,0.403,0.36,0.317,0.384,0.392,0.377,0.416,0.411,0.336,0.322,0.294,0.394,0.397,0.374,0.382,0.37,0.389,0.399,0.411,0.327,0.336,0.392,0.414,0.373,0.345,0.386,0.378,0.385,
0.0,0.119,0.301,0.333,0.296,0.232,0.398,0.217,0.258,0.35,0.381,0.309,0.413,0.441,0.414,0.421,0.409,0.349,0.363,0.361,0.369,0.422,0.384,0.353,0.383,0.368,0.139,0.273,0.392,0.381,0.37,0.382,0.426,0.389,0.425,0.424,0.442,0.414,0.408,0.422,0.41,0.361,0.403,0.384,0.383,0.397,0.392,0.422,0.409,0.416,0.427,0.443,0.389,0.413,0.298,0.403,0.37,0.391,0.427,0.421,0.391,0.348,0.327,0.424,0.442,0.349,0.42,0.415,0.283,0.306,0.332,0.342,0.309,0.412,0.366,0.366,0.394,0.427,0.39,0.4,0.426,0.37,0.333,0.341,0.328,0.43,0.412,0.425,0.441,0.421,0.413,0.413,0.401,0.324,0.311,0.296,0.359,0.361,0.415,0.407,
0.0,0.151,0.321,0.307,0.367,0.356,0.397,0.401,0.396,0.4,0.303,0.257,0.309,0.183,0.285,0.22,0.2,0.19,0.306,0.335,0.274,0.27,0.169,0.271,0.328,0.374,0.411,0.275,0.306,0.321,0.319,0.29,0.323,0.296,0.269,0.295,0.347,0.333,0.31,0.306,0.392,0.423,0.386,0.3,0.344,0.334,0.279,0.228,0.35,0.265,0.204,0.302,0.279,0.322,0.311,0.361,0.327,0.357,0.35,0.306,0.306,0.278,0.369,0.407,0.394,0.379,0.352,0.346,0.232,0.351,0.377,0.39,0.419,0.402,0.356,0.289,0.278,0.258,0.363,0.23,0.18,0.256,0.237,0.247,0.241,0.281,0.259,0.266,0.251,0.273,0.252,0.206,0.258,0.166,0.246,0.231,0.281,0.207,0.324,0.364,
0.0,0.111,0.261,0.309,0.373,0.352,0.366,0.422,0.41,0.32,0.373,0.379,0.401,0.385,0.375,0.296,0.319,0.286,0.261,0.387,0.365,0.397,0.414,0.406,0.416,0.393,0.342,0.383,0.369,0.411,0.365,0.406,0.419,0.345,0.383,0.301,0.402,0.403,0.38,0.382,0.373,0.388,0.416,0.429,0.405,0.364,0.292,0.352,0.345,0.399,0.313,0.32,0.258,0.366,0.38,0.266,0.354,0.367,0.362,0.37,0.403,0.363,0.33,0.365,0.379,0.395,0.362,0.364,0.389,0.381,0.418,0.361,0.379,0.411,0.396,0.37,0.186,0.373,0.412,0.427,0.405,0.408,0.378,0.377,0.372,0.418,0.424,0.429,0.357,0.386,0.33,0.413,0.367,0.384,0.392,0.358,0.375,0.39,0.419,0.428,
0.0,0.242,0.116,0.118,0.266,0.111,0.199,0.312,0.32,0.373,0.273,0.289,0.33,0.4,0.228,0.292,0.371,0.371,0.233,0.264,0.273,0.348,0.325,0.31,0.109,0.102,0.13,0.279,0.236,0.324,0.301,0.344,0.271,0.358,0.369,0.359,0.344,0.352,0.386,0.395,0.379,0.396,0.342,0.276,0.318,0.262,0.327,0.213,0.132,0.292,0.189,0.195,0.253,0.251,0.268,0.212,0.196,0.206,0.224,0.264,0.4,0.312,0.379,0.362,0.209,0.267,0.374,0.373,0.354,0.414,0.383,0.399,0.272,0.355,0.218,0.226,0.215,0.236,0.293,0.294,0.31,0.259,0.288,0.181,0.163,0.157,0.171,0.222,0.222,0.142,0.208,0.175,0.131,0.285,0.167,0.189,0.303,0.201,0.244,0.285,
0.0,0.157,0.224,0.324,0.268,0.3,0.364,0.374,0.285,0.183,0.28,0.259,0.309,0.347,0.314,0.346,0.267,0.33,0.329,0.351,0.314,0.334,0.375,0.378,0.351,0.297,0.232,0.218,0.307,0.365,0.332,0.302,0.337,0.283,0.327,0.307,0.262,0.281,0.182,0.334,0.274,0.276,0.231,0.345,0.301,0.296,0.316,0.329,0.3,0.255,0.293,0.333,0.255,0.251,0.285,0.343,0.372,0.366,0.285,0.275,0.274,0.314,0.292,0.315,0.207,0.258,0.294,0.304,0.272,0.318,0.334,0.233,0.036,0.246,0.351,0.307,0.324,0.281,0.239,0.307,0.312,0.293,0.298,0.31,0.327,0.29,0.316,0.32,0.342,0.285,0.33,0.268,0.285,0.327,0.333,0.307,0.353,0.297,0.333,0.361,
0.0,0.127,0.242,0.278,0.372,0.355,0.387,0.3,0.285,0.332,0.355,0.345,0.362,0.361,0.374,0.36,0.364,0.313,0.376,0.353,0.284,0.329,0.381,0.41,0.417,0.395,0.403,0.378,0.238,0.34,0.373,0.238,0.212,0.354,0.366,0.308,0.348,0.228,0.292,0.33,0.291,0.229,0.301,0.365,0.386,0.397,0.383,0.369,0.365,0.333,0.269,0.382,0.36,0.406,0.386,0.35,0.354,0.293,0.251,0.309,0.261,0.368,0.365,0.361,0.374,0.38,0.402,0.354,0.334,0.381,0.372,0.404,0.39,0.372,0.39,0.34,0.361,0.343,0.331,0.378,0.374,0.338,0.369,0.231,0.319,0.356,0.392,0.377,0.386,0.331,0.355,0.367,0.399,0.381,0.356,0.33,0.299,0.365,0.362,0.33,
0.0,0.015,0.301,0.326,0.318,0.395,0.299,0.383,0.43,0.412,0.41,0.418,0.404,0.389,0.407,0.37,0.292,0.3,0.385,0.368,0.292,0.3,0.385,0.406,0.311,0.322,0.361,0.318,0.393,0.416,0.404,0.389,0.407,0.37,0.292,0.3,0.385,0.406,0.311,0.327,0.155,0.384,0.272,0.286,0.327,0.397,0.414,0.354,0.401,0.333,0.324,0.309,0.36,0.3,0.35,0.124,0.372,0.31,0.361,0.347,0.381,0.389,0.358,0.38,0.306,0.393,0.242,0.413,0.328,0.273,0.419,0.307,0.362,0.418,0.381,0.398,0.256,0.336,0.385,0.378,0.322,0.307,0.371,0.359,0.391,0.412,0.296,0.296,0.292,0.341,0.401,0.417,0.419,0.405,0.337,0.358,0.264,0.367,0.359,0.336,
0.0,0.07,0.22,0.305,0.325,0.272,0.286,0.324,0.286,0.276,0.348,0.347,0.288,0.305,0.373,0.294,0.251,0.23,0.285,0.315,0.303,0.35,0.361,0.293,0.264,0.227,0.375,0.308,0.241,0.324,0.304,0.349,0.355,0.365,0.345,0.368,0.409,0.384,0.377,0.347,0.373,0.325,0.248,0.199,0.222,0.274,0.386,0.276,0.346,0.274,0.247,0.271,0.27,0.269,0.309,0.351,0.307,0.289,0.354,0.32,0.324,0.331,0.266,0.367,0.41,0.305,0.296,0.309,0.349,0.362,0.257,0.348,0.373,0.318,0.34,0.351,0.358,0.326,0.313,0.378,0.285,0.277,0.369,0.327,0.287,0.369,0.377,0.302,0.362,0.356,0.356,0.299,0.193,0.338,0.351,0.28,0.203,0.324,0.359,0.357,
0.0,0.008,0.315,0.387,0.405,0.358,0.405,0.315,0.405,0.39,0.388,0.389,0.371,0.394,0.184,0.379,0.389,0.377,0.261,0.285,0.37,0.41,0.376,0.379,0.399,0.353,0.373,0.328,0.38,0.337,0.368,0.378,0.405,0.33,0.36,0.335,0.39,0.383,0.401,0.335,0.348,0.312,0.351,0.254,0.367,0.4,0.399,0.376,0.371,0.274,0.327,0.369,0.383,0.395,0.427,0.393,0.408,0.375,0.388,0.411,0.376,0.359,0.38,0.389,0.425,0.432,0.372,0.377,0.364,0.378,0.391,0.389,0.383,0.371,0.281,0.396,0.367,0.362,0.362,0.313,0.324,0.371,0.364,0.372,0.406,0.381,0.397,0.414,0.397,0.427,0.379,0.408,0.415,0.428,0.406,0.417,0.421,0.367,0.403,0.342,
0.0,0.117,0.3,0.341,0.3,0.284,0.223,0.31,0.349,0.345,0.326,0.326,0.328,0.364,0.353,0.285,0.379,0.381,0.373,0.37,0.363,0.375,0.359,0.389,0.411,0.354,0.364,0.403,0.357,0.367,0.367,0.366,0.32,0.328,0.327,0.356,0.336,0.355,0.337,0.294,0.343,0.377,0.384,0.408,0.409,0.399,0.409,0.338,0.368,0.346,0.378,0.336,0.365,0.367,0.346,0.359,0.349,0.385,0.361,0.332,0.333,0.329,0.364,0.363,0.372,0.4,0.413,0.377,0.343,0.381,0.399,0.413,0.415,0.365,0.343,0.373,0.35,0.356,0.381,0.36,0.394,0.308,0.263,0.361,0.395,0.383,0.379,0.348,0.356,0.364,0.397,0.366,0.369,0.361,0.283,0.356,0.379,0.274,0.366,0.366,
0.0,0.187,0.162,0.257,0.403,0.417,0.416,0.375,0.411,0.351,0.393,0.308,0.239,0.293,0.409,0.428,0.413,0.393,0.342,0.24,0.147,0.281,0.313,0.376,0.324,0.298,0.37,0.39,0.354,0.413,0.42,0.386,0.413,0.296,0.345,0.222,0.288,0.297,0.288,0.265,0.229,0.226,0.366,0.272,0.293,0.329,0.388,0.285,0.303,0.373,0.28,0.347,0.408,0.351,0.293,0.285,0.348,0.333,0.228,0.119,0.276,0.356,0.393,0.387,0.302,0.3,0.21,0.331,0.357,0.277,0.266,0.282,0.223,0.328,0.351,0.365,0.366,0.348,0.304,0.304,0.271,0.294,0.267,0.344,0.392,0.415,0.3,0.282,0.316,0.267,0.244,0.236,0.248,0.176,0.291,0.282,0.212,0.18,0.369,0.238,
0.0,0.221,0.281,0.264,0.262,0.291,0.327,0.255,0.304,0.333,0.322,0.288,0.338,0.321,0.347,0.313,0.357,0.37,0.403,0.388,0.373,0.365,0.235,0.351,0.296,0.286,0.303,0.312,0.302,0.331,0.312,0.304,0.38,0.301,0.336,0.342,0.277,0.236,0.294,0.288,0.232,0.173,0.328,0.318,0.329,0.334,0.254,0.262,0.284,0.283,0.262,0.228,0.265,0.296,0.321,0.311,0.218,0.261,0.302,0.268,0.301,0.362,0.355,0.341,0.409,0.35,0.282,0.379,0.402,0.395,0.344,0.292,0.332,0.341,0.355,0.341,0.396,0.366,0.266,0.244,0.281,0.262,0.35,0.364,0.327,0.29,0.311,0.276,0.339,0.363,0.37,0.321,0.303,0.339,0.32,0.387,0.406,0.369,0.322,0.288,
0.0,0.11,0.113,0.291,0.209,0.341,0.395,0.396,0.403,0.353,0.392,0.394,0.423,0.391,0.329,0.304,0.325,0.359,0.359,0.42,0.364,0.381,0.362,0.282,0.385,0.345,0.284,0.357,0.351,0.42,0.395,0.402,0.367,0.368,0.355,0.337,0.355,0.359,0.385,0.306,0.396,0.398,0.391,0.422,0.381,0.371,0.43,0.404,0.385,0.379,0.419,0.258,0.388,0.421,0.313,0.416,0.367,0.396,0.439,0.415,0.374,0.393,0.394,0.361,0.332,0.361,0.383,0.408,0.414,0.407,0.395,0.36,0.368,0.322,0.341,0.312,0.386,0.404,0.403,0.329,0.39,0.327,0.364,0.368,0.384,0.349,0.421,0.401,0.417,0.314,0.328,0.424,0.43,0.278,0.366,0.396,0.332,0.402,0.367,0.333,
0.0,0.121,0.181,0.261,0.243,0.305,0.382,0.32,0.341,0.353,0.316,0.353,0.381,0.404,0.204,0.349,0.345,0.233,0.367,0.352,0.367,0.341,0.346,0.32,0.329,0.265,0.334,0.324,0.321,0.36,0.401,0.355,0.354,0.377,0.346,0.381,0.372,0.397,0.328,0.363,0.316,0.272,0.29,0.349,0.402,0.404,0.355,0.34,0.369,0.371,0.356,0.385,0.368,0.355,0.373,0.339,0.372,0.373,0.286,0.375,0.38,0.388,0.374,0.367,0.345,0.342,0.297,0.24,0.295,0.324,0.288,0.255,0.309,0.351,0.29,0.271,0.277,0.278,0.316,0.362,0.383,0.369,0.403,0.332,0.33,0.344,0.365,0.321,0.3,0.334,0.262,0.31,0.279,0.354,0.358,0.275,0.195,0.213,0.321,0.354,
0.0,0.099,0.291,0.391,0.411,0.43,0.42,0.402,0.36,0.408,0.344,0.364,0.377,0.401,0.34,0.365,0.256,0.24,0.292,0.371,0.409,0.414,0.359,0.385,0.261,0.266,0.336,0.417,0.405,0.432,0.43,0.304,0.403,0.357,0.386,0.292,0.385,0.314,0.348,0.325,0.367,0.241,0.297,0.384,0.4,0.368,0.328,0.325,0.345,0.415,0.432,0.434,0.411,0.408,0.432,0.434,0.381,0.381,0.421,0.328,0.274,0.343,0.405,0.411,0.43,0.381,0.381,0.406,0.428,0.392,0.332,0.371,0.369,0.374,0.358,0.332,0.359,0.412,0.388,0.367,0.371,0.372,0.306,0.353,0.381,0.262,0.299,0.374,0.426,0.396,0.286,0.331,0.372,0.366,0.383,0.36,0.414,0.389,0.386,0.35,
0.0,0.194,0.25,0.233,0.37,0.354,0.32,0.375,0.401,0.326,0.358,0.363,0.259,0.325,0.348,0.333,0.326,0.38,0.384,0.351,0.369,0.373,0.389,0.324,0.352,0.387,0.355,0.296,0.397,0.346,0.367,0.373,0.404,0.363,0.379,0.318,0.29,0.332,0.3,0.371,0.381,0.368,0.383,0.289,0.325,0.275,0.237,0.378,0.402,0.419,0.384,0.328,0.363,0.342,0.386,0.406,0.382,0.4,0.392,0.342,0.343,0.338,0.343,0.305,0.374,0.359,0.35,0.35,0.374,0.317,0.35,0.373,0.341,0.381,0.417,0.373,0.339,0.368,0.39,0.365,0.4,0.412,0.35,0.38,0.404,0.411,0.364,0.349,0.355,0.339,0.255,0.355,0.316,0.341,0.331,0.316,0.347,0.262,0.386,0.35,
0.0,0.088,0.269,0.279,0.319,0.405,0.254,0.309,0.29,0.376,0.388,0.417,0.316,0.266,0.287,0.331,0.374,0.362,0.288,0.344,0.356,0.399,0.41,0.334,0.293,0.335,0.29,0.317,0.345,0.382,0.302,0.259,0.277,0.363,0.376,0.333,0.358,0.329,0.283,0.326,0.376,0.358,0.301,0.271,0.305,0.352,0.389,0.421,0.417,0.401,0.298,0.217,0.243,0.354,0.307,0.287,0.303,0.321,0.302,0.342,0.243,0.245,0.334,0.322,0.314,0.264,0.312,0.316,0.39,0.271,0.25,0.279,0.344,0.322,0.393,0.283,0.281,0.341,0.351,0.393,0.296,0.311,0.19,0.198,0.164,0.187,0.292,0.258,0.305,0.362,0.351,0.334,0.361,0.325,0.337,0.32,0.365,0.29,0.27,0.323,
0.0,0.133,0.298,0.241,0.279,0.268,0.264,0.272,0.334,0.32,0.302,0.27,0.343,0.347,0.312,0.321,0.354,0.395,0.395,0.392,0.323,0.364,0.352,0.384,0.383,0.333,0.4,0.43,0.423,0.427,0.382,0.408,0.405,0.341,0.281,0.374,0.388,0.357,0.338,0.382,0.352,0.345,0.324,0.357,0.33,0.335,0.334,0.359,0.381,0.366,0.382,0.317,0.354,0.379,0.363,0.357,0.365,0.396,0.389,0.399,0.394,0.379,0.403,0.361,0.419,0.43,0.432,0.432,0.432,0.432,0.432,0.432,0.432,0.432,0.432,0.432,0.432,0.432,0.432,0.432,0.432,0.432,0.432,0.432,0.432,0.432,0.432,0.432,0.432,0.432,0.432,0.432,0.432,0.432,0.432,0.432,0.432,0.432,0.432,0.432,
0.0,0.096,0.251,0.312,0.377,0.398,0.427,0.377,0.314,0.33,0.303,0.333,0.391,0.407,0.367,0.38,0.39,0.402,0.36,0.39,0.42,0.38,0.363,0.371,0.34,0.307,0.288,0.301,0.333,0.355,0.335,0.395,0.372,0.353,0.337,0.35,0.354,0.397,0.375,0.385,0.389,0.358,0.409,0.423,0.318,0.344,0.364,0.311,0.375,0.361,0.347,0.321,0.332,0.319,0.337,0.328,0.4,0.391,0.276,0.377,0.375,0.367,0.351,0.28,0.337,0.342,0.359,0.407,0.354,0.313,0.383,0.415,0.273,0.304,0.333,0.322,0.244,0.219,0.333,0.279,0.403,0.395,0.388,0.187,0.27,0.252,0.266,0.389,0.406,0.22,0.2,0.344,0.319,0.406,0.16,0.282,0.363,0.306,0.346,0.378,
0.0,0.212,0.169,0.292,0.199,0.307,0.33,0.239,0.291,0.323,0.242,0.276,0.247,0.27,0.379,0.421,0.352,0.398,0.402,0.421,0.181,0.331,0.364,0.385,0.384,0.417,0.426,0.268,0.326,0.378,0.408,0.353,0.393,0.376,0.273,0.339,0.324,0.368,0.3,0.375,0.332,0.41,0.431,0.409,0.43,0.354,0.417,0.298,0.246,0.378,0.305,0.273,0.352,0.195,0.285,0.413,0.352,0.316,0.128,0.302,0.326,0.377,0.406,0.405,0.316,0.209,0.268,0.365,0.417,0.356,0.315,0.373,0.197,0.313,0.417,0.396,0.405,0.301,0.406,0.311,0.333,0.303,0.365,0.31,0.379,0.372,0.218,0.383,0.428,0.409,0.43,0.434,0.251,0.269,0.319,0.386,0.422,0.434,0.434,0.392,
0.0,0.176,0.332,0.263,0.269,0.311,0.289,0.331,0.283,0.29,0.343,0.339,0.387,0.363,0.365,0.375,0.391,0.379,0.373,0.358,0.362,0.388,0.368,0.395,0.345,0.325,0.165,0.282,0.258,0.329,0.333,0.299,0.284,0.348,0.304,0.355,0.375,0.221,0.242,0.309,0.332,0.274,0.27,0.272,0.269,0.236,0.264,0.255,0.271,0.267,0.326,0.389,0.348,0.334,0.297,0.252,0.312,0.291,0.283,0.369,0.342,0.323,0.319,0.308,0.257,0.189,0.32,0.311,0.256,0.345,0.312,0.305,0.393,0.389,0.369,0.353,0.27,0.341,0.29,0.322,0.302,0.333,0.311,0.296,0.339,0.341,0.355,0.342,0.362,0.351,0.389,0.365,0.398,0.341,0.349,0.392,0.309,0.247,0.268,0.335,
0.0,0.175,0.125,0.299,0.346,0.375,0.361,0.371,0.349,0.361,0.395,0.362,0.362,0.415,0.354,0.321,0.381,0.35,0.388,0.377,0.347,0.338,0.359,0.366,0.36,0.399,0.426,0.405,0.37,0.405,0.294,0.345,0.391,0.397,0.34,0.315,0.354,0.336,0.325,0.314,0.355,0.366,0.346,0.326,0.343,0.364,0.362,0.351,0.342,0.31,0.356,0.4,0.35,0.344,0.362,0.317,0.358,0.384,0.348,0.359,0.345,0.383,0.322,0.355,0.37,0.361,0.34,0.333,0.359,0.377,0.356,0.311,0.321,0.282,0.338,0.336,0.284,0.341,0.351,0.376,0.36,0.358,0.341,0.31,0.375,0.351,0.356,0.331,0.363,0.383,0.378,0.324,0.361,0.299,0.301,0.405,0.362,0.384,0.404,0.339,
0.0,0.05,0.145,0.321,0.359,0.346,0.428,0.378,0.385,0.368,0.377,0.375,0.374,0.311,0.413,0.397,0.325,0.353,0.331,0.36,0.407,0.363,0.357,0.343,0.405,0.359,0.404,0.392,0.353,0.41,0.319,0.356,0.293,0.319,0.344,0.411,0.356,0.379,0.381,0.433,0.403,0.392,0.439,0.405,0.394,0.339,0.351,0.369,0.416,0.43,0.423,0.369,0.4,0.429,0.371,0.395,0.329,0.358,0.4,0.357,0.365,0.407,0.426,0.357,0.386,0.219,0.375,0.365,0.283,0.295,0.331,0.402,0.367,0.337,0.387,0.405,0.39,0.36,0.32,0.354,0.403,0.309,0.406,0.395,0.343,0.335,0.321,0.368,0.372,0.397,0.344,0.286,0.272,0.31,0.397,0.339,0.372,0.399,0.393,0.321,
0.0,0.094,0.282,0.284,0.217,0.17,0.195,0.263,0.319,0.315,0.319,0.313,0.376,0.359,0.325,0.318,0.345,0.37,0.412,0.386,0.323,0.28,0.281,0.273,0.35,0.353,0.322,0.299,0.268,0.223,0.261,0.326,0.287,0.247,0.251,0.152,0.215,0.267,0.226,0.231,0.281,0.312,0.245,0.284,0.276,0.271,0.199,0.306,0.296,0.317,0.319,0.335,0.331,0.371,0.316,0.288,0.206,0.219,0.258,0.231,0.31,0.304,0.257,0.296,0.293,0.347,0.255,0.262,0.357,0.212,0.308,0.314,0.212,0.254,0.32,0.21,0.217,0.311,0.363,0.378,0.325,0.265,0.321,0.258,0.374,0.339,0.307,0.288,0.327,0.305,0.283,0.334,0.311,0.287,0.232,0.222,0.25,0.288,0.239,0.293,
0.0,0.004,0.257,0.259,0.21,0.252,0.321,0.355,0.276,0.317,0.266,0.326,0.313,0.312,0.297,0.388,0.337,0.371,0.362,0.324,0.355,0.392,0.391,0.393,0.38,0.393,0.357,0.334,0.37,0.355,0.27,0.259,0.384,0.404,0.37,0.342,0.355,0.343,0.282,0.273,0.272,0.349,0.41,0.393,0.347,0.353,0.376,0.334,0.299,0.356,0.342,0.353,0.41,0.428,0.35,0.306,0.371,0.299,0.367,0.365,0.354,0.394,0.301,0.32,0.312,0.282,0.347,0.357,0.351,0.261,0.325,0.189,0.302,0.241,0.307,0.331,0.381,0.283,0.35,0.316,0.342,0.399,0.41,0.365,0.312,0.402,0.381,0.377,0.389,0.358,0.281,0.257,0.368,0.384,0.389,0.347,0.32,0.279,0.21,0.304,
0.0,0.071,0.172,0.205,0.345,0.272,0.328,0.279,0.334,0.363,0.328,0.331,0.338,0.276,0.276,0.335,0.38,0.311,0.317,0.34,0.346,0.336,0.382,0.35,0.371,0.313,0.312,0.292,0.301,0.335,0.309,0.324,0.374,0.35,0.38,0.352,0.359,0.289,0.283,0.344,0.327,0.354,0.352,0.365,0.337,0.359,0.268,0.318,0.309,0.15,0.241,0.372,0.401,0.332,0.322,0.359,0.401,0.374,0.375,0.332,0.357,0.352,0.391,0.375,0.342,0.381,0.336,0.363,0.373,0.358,0.312,0.21,0.251,0.253,0.336,0.351,0.306,0.367,0.351,0.303,0.327,0.337,0.36,0.325,0.373,0.238,0.281,0.264,0.287,0.37,0.35,0.377,0.29,0.353,0.372,0.3,0.37,0.338,0.387,0.402,
0.0,0.159,0.106,0.291,0.246,0.297,0.344,0.367,0.391,0.325,0.218,0.276,0.362,0.318,0.363,0.315,0.325,0.293,0.36,0.373,0.348,0.289,0.302,0.29,0.379,0.366,0.279,0.333,0.355,0.402,0.288,0.367,0.283,0.325,0.329,0.337,0.283,0.273,0.221,0.348,0.356,0.342,0.422,0.427,0.437,0.399,0.423,0.423,0.394,0.386,0.413,0.387,0.351,0.35,0.405,0.436,0.362,0.402,0.396,0.407,0.41,0.35,0.335,0.322,0.355,0.346,0.376,0.414,0.336,0.407,0.389,0.417,0.359,0.383,0.37,0.385,0.395,0.417,0.366,0.341,0.403,0.393,0.334,0.345,0.369,0.37,0.356,0.291,0.29,0.35,0.345,0.413,0.403,0.339,0.344,0.415,0.422,0.402,0.386,0.374,
0.0,0.157,0.29,0.294,0.366,0.311,0.302,0.367,0.286,0.321,0.373,0.334,0.358,0.324,0.302,0.347,0.293,0.227,0.348,0.316,0.266,0.349,0.284,0.297,0.269,0.292,0.265,0.354,0.353,0.339,0.348,0.334,0.315,0.362,0.405,0.291,0.297,0.377,0.368,0.385,0.304,0.279,0.328,0.319,0.327,0.303,0.306,0.299,0.293,0.288,0.348,0.393,0.31,0.261,0.322,0.247,0.273,0.264,0.322,0.376,0.325,0.321,0.324,0.332,0.349,0.292,0.338,0.344,0.372,0.362,0.363,0.396,0.373,0.337,0.4,0.395,0.377,0.394,0.409,0.382,0.353,0.341,0.326,0.29,0.311,0.37,0.342,0.277,0.361,0.336,0.275,0.313,0.32,0.373,0.332,0.303,0.359,0.26,0.302,0.295,
0.0,0.26,0.233,0.322,0.378,0.269,0.271,0.325,0.369,0.361,0.384,0.396,0.327,0.361,0.409,0.393,0.384,0.399,0.364,0.321,0.328,0.365,0.34,0.376,0.345,0.353,0.363,0.387,0.392,0.371,0.322,0.394,0.39,0.4,0.397,0.387,0.333,0.313,0.388,0.404,0.398,0.351,0.357,0.407,0.339,0.354,0.369,0.382,0.364,0.368,0.336,0.389,0.391,0.371,0.375,0.377,0.366,0.396,0.41,0.381,0.355,0.3,0.358,0.37,0.402,0.385,0.416,0.403,0.367,0.395,0.368,0.33,0.374,0.345,0.362,0.348,0.381,0.35,0.394,0.412,0.369,0.382,0.352,0.362,0.372,0.395,0.36,0.385,0.337,0.336,0.385,0.404,0.385,0.407,0.42,0.38,0.388,0.384,0.39,0.395,
0.0,0.086,0.217,0.313,0.27,0.357,0.362,0.246,0.343,0.281,0.338,0.306,0.306,0.334,0.307,0.274,0.32,0.388,0.324,0.379,0.406,0.337,0.397,0.361,0.305,0.389,0.3,0.285,0.207,0.279,0.341,0.334,0.38,0.388,0.349,0.319,0.275,0.263,0.323,0.192,0.304,0.315,0.259,0.324,0.355,0.413,0.396,0.399,0.298,0.349,0.226,0.354,0.378,0.4,0.354,0.361,0.393,0.406,0.405,0.309,0.322,0.363,0.394,0.392,0.397,0.313,0.291,0.354,0.341,0.264,0.326,0.253,0.254,0.306,0.331,0.352,0.326,0.371,0.336,0.353,0.307,0.371,0.355,0.346,0.311,0.361,0.342,0.398,0.282,0.304,0.351,0.265,0.351,0.362,0.328,0.326,0.351,0.278,0.298,0.376,
0.0,0.065,0.283,0.212,0.281,0.369,0.386,0.407,0.305,0.335,0.236,0.28,0.299,0.377,0.362,0.345,0.378,0.393,0.336,0.349,0.395,0.413,0.398,0.319,0.368,0.31,0.363,0.39,0.394,0.377,0.282,0.368,0.36,0.374,0.346,0.322,0.312,0.357,0.383,0.36,0.356,0.276,0.359,0.349,0.237,0.281,0.283,0.255,0.322,0.361,0.393,0.31,0.343,0.317,0.373,0.332,0.336,0.362,0.35,0.345,0.36,0.332,0.33,0.365,0.366,0.382,0.392,0.378,0.327,0.263,0.333,0.366,0.307,0.308,0.377,0.381,0.362,0.387,0.378,0.354,0.344,0.372,0.37,0.392,0.379,0.296,0.319,0.339,0.345,0.312,0.366,0.396,0.41,0.429,0.426,0.402,0.376,0.402,0.38,0.376,
0.0,0.093,0.263,0.382,0.38,0.374,0.386,0.407,0.413,0.303,0.304,0.357,0.381,0.332,0.407,0.404,0.386,0.395,0.361,0.405,0.371,0.379,0.393,0.39,0.355,0.341,0.378,0.362,0.34,0.357,0.346,0.338,0.407,0.431,0.403,0.36,0.369,0.325,0.412,0.345,0.321,0.303,0.401,0.335,0.358,0.38,0.36,0.33,0.349,0.387,0.386,0.346,0.275,0.309,0.372,0.33,0.319,0.386,0.319,0.349,0.423,0.32,0.346,0.36,0.374,0.366,0.258,0.362,0.263,0.374,0.361,0.396,0.351,0.363,0.319,0.378,0.386,0.356,0.391,0.383,0.421,0.338,0.356,0.387,0.41,0.396,0.36,0.346,0.381,0.336,0.347,0.323,0.371,0.301,0.333,0.392,0.347,0.342,0.123,0.342,
0.0,0.129,0.244,0.282,0.239,0.321,0.206,0.313,0.181,0.263,0.264,0.17,0.254,0.26,0.335,0.266,0.343,0.297,0.235,0.254,0.382,0.416,0.266,0.266,0.278,0.339,0.278,0.279,0.354,0.381,0.364,0.381,0.395,0.379,0.293,0.308,0.321,0.364,0.342,0.293,0.293,0.334,0.32,0.283,0.23,0.2,0.315,0.305,0.269,0.325,0.314,0.337,0.302,0.282,0.289,0.342,0.225,0.271,0.286,0.368,0.286,0.262,0.31,0.362,0.319,0.321,0.303,0.351,0.372,0.305,0.271,0.305,0.287,0.169,0.285,0.252,0.302,0.344,0.339,0.359,0.195,0.32,0.332,0.315,0.216,0.289,0.247,0.35,0.259,0.372,0.293,0.306,0.359,0.349,0.224,0.325,0.251,0.302,0.314,0.376,
0.0,0.197,0.34,0.394,0.411,0.404,0.426,0.399,0.379,0.374,0.405,0.414,0.375,0.411,0.401,0.412,0.44,0.392,0.425,0.44,0.408,0.411,0.44,0.408,0.42,0.412,0.436,0.442,0.443,0.443,0.443,0.443,0.443,0.443,0.443,0.443,0.443,0.443,0.443,0.443,0.443,0.443,0.443,0.443,0.443,0.443,0.443,0.443,0.443,0.443,0.443,0.443,0.443,0.443,0.443,0.443,0.443,0.443,0.443,0.443,0.443,0.443,0.443,0.443,0.443,0.443,0.443,0.443,0.443,0.443,0.443,0.443,0.443,0.443,0.443,0.443,0.443,0.443,0.443,0.443,0.443,0.443,0.443,0.443,0.443,0.443,0.443,0.443,0.443,0.443,0.443,0.443,0.443,0.443,0.443,0.443,0.443,0.443,0.443,0.443,
0.0,0.163,0.254,0.393,0.369,0.37,0.398,0.399,0.419,0.392,0.423,0.426,0.421,0.426,0.428,0.421,0.427,0.427,0.422,0.395,0.395,0.389,0.41,0.402,0.348,0.357,0.404,0.412,0.415,0.391,0.369,0.346,0.282,0.401,0.422,0.424,0.428,0.431,0.41,0.413,0.397,0.41,0.416,0.415,0.381,0.433,0.433,0.431,0.425,0.429,0.431,0.422,0.436,0.384,0.378,0.383,0.35,0.323,0.378,0.409,0.412,0.413,0.415,0.391,0.369,0.346,0.368,0.427,0.425,0.425,0.425,0.402,0.355,0.405,0.431,0.389,0.358,0.404,0.42,0.373,0.37,0.369,0.346,0.377,0.418,0.423,0.424,0.398,0.432,0.404,0.387,0.399,0.316,0.402,0.365,0.404,0.424,0.398,0.373,0.424,
0.0,0.061,0.169,0.272,0.31,0.299,0.359,0.378,0.368,0.337,0.331,0.374,0.399,0.388,0.319,0.4,0.28,0.389,0.423,0.34,0.393,0.35,0.269,0.305,0.415,0.407,0.371,0.404,0.354,0.353,0.297,0.331,0.294,0.394,0.357,0.332,0.334,0.301,0.348,0.395,0.387,0.387,0.393,0.391,0.36,0.289,0.333,0.383,0.421,0.348,0.309,0.38,0.327,0.345,0.369,0.355,0.386,0.377,0.405,0.396,0.336,0.311,0.372,0.308,0.365,0.386,0.346,0.377,0.347,0.368,0.415,0.415,0.312,0.333,0.344,0.369,0.367,0.389,0.39,0.334,0.36,0.409,0.404,0.416,0.382,0.341,0.389,0.371,0.34,0.372,0.279,0.364,0.401,0.365,0.368,0.334,0.375,0.355,0.343,0.333,
0.0,0.197,0.359,0.299,0.255,0.276,0.345,0.374,0.342,0.267,0.353,0.35,0.393,0.329,0.317,0.369,0.408,0.376,0.402,0.342,0.34,0.343,0.252,0.276,0.331,0.35,0.31,0.272,0.246,0.319,0.27,0.231,0.296,0.277,0.264,0.323,0.307,0.361,0.351,0.212,0.293,0.306,0.294,0.338,0.326,0.282,0.345,0.283,0.352,0.331,0.299,0.366,0.4,0.253,0.359,0.376,0.3,0.312,0.26,0.25,0.251,0.349,0.382,0.31,0.324,0.334,0.288,0.245,0.331,0.349,0.298,0.273,0.382,0.363,0.359,0.279,0.236,0.292,0.298,0.354,0.359,0.33,0.284,0.289,0.238,0.326,0.339,0.293,0.327,0.375,0.317,0.352,0.353,0.296,0.224,0.217,0.168,0.264,0.281,0.206,
0.0,0.074,0.15,0.248,0.359,0.385,0.349,0.3,0.39,0.415,0.433,0.269,0.267,0.371,0.308,0.374,0.354,0.215,0.294,0.363,0.336,0.31,0.345,0.348,0.349,0.364,0.383,0.376,0.416,0.365,0.26,0.304,0.328,0.381,0.25,0.338,0.379,0.405,0.286,0.269,0.285,0.33,0.336,0.367,0.302,0.297,0.166,0.306,0.39,0.363,0.212,0.179,0.237,0.322,0.383,0.397,0.331,0.357,0.338,0.295,0.368,0.339,0.379,0.377,0.388,0.374,0.378,0.268,0.218,0.255,0.201,0.325,0.385,0.403,0.279,0.331,0.388,0.291,0.217,0.201,0.351,0.32,0.369,0.303,0.345,0.344,0.406,0.425,0.351,0.398,0.393,0.387,0.408,0.335,0.358,0.326,0.344,0.38,0.236,0.352,
0.0,0.09,0.287,0.358,0.309,0.389,0.346,0.371,0.354,0.297,0.346,0.384,0.324,0.381,0.378,0.387,0.378,0.377,0.381,0.327,0.402,0.391,0.375,0.352,0.377,0.352,0.401,0.42,0.424,0.386,0.385,0.36,0.26,0.292,0.401,0.366,0.379,0.365,0.372,0.394,0.395,0.362,0.377,0.355,0.408,0.314,0.333,0.335,0.367,0.337,0.387,0.402,0.372,0.344,0.337,0.389,0.39,0.332,0.329,0.325,0.366,0.393,0.394,0.316,0.345,0.344,0.345,0.388,0.422,0.347,0.374,0.36,0.366,0.384,0.399,0.422,0.41,0.398,0.398,0.405,0.404,0.415,0.24,0.348,0.301,0.393,0.413,0.323,0.335,0.42,0.332,0.375,0.337,0.358,0.383,0.294,0.322,0.398,0.333,0.264,
0.0,0.07,0.18,0.191,0.274,0.289,0.309,0.207,0.304,0.236,0.318,0.326,0.355,0.313,0.252,0.253,0.277,0.336,0.208,0.152,0.275,0.301,0.272,0.331,0.218,0.281,0.246,0.229,0.201,0.281,0.303,0.326,0.275,0.319,0.368,0.338,0.272,0.304,0.308,0.332,0.35,0.297,0.275,0.271,0.26,0.314,0.312,0.244,0.261,0.349,0.357,0.339,0.363,0.261,0.238,0.28,0.218,0.238,0.284,0.283,0.291,0.345,0.302,0.186,0.288,0.214,0.272,0.277,0.311,0.186,0.135,0.293,0.316,0.333,0.295,0.321,0.336,0.263,0.184,0.26,0.291,0.28,0.219,0.242,0.317,0.257,0.254,0.278,0.312,0.271,0.252,0.283,0.193,0.238,0.325,0.33,0.386,0.304,0.351,0.336,
0.0,0.18,0.266,0.396,0.292,0.342,0.384,0.368,0.246,0.26,0.383,0.413,0.311,0.308,0.355,0.357,0.324,0.366,0.387,0.369,0.398,0.408,0.302,0.317,0.315,0.39,0.343,0.331,0.349,0.358,0.359,0.387,0.41,0.39,0.217,0.374,0.382,0.339,0.329,0.3,0.303,0.304,0.318,0.377,0.36,0.394,0.32,0.351,0.416,0.386,0.232,0.298,0.322,0.344,0.387,0.368,0.365,0.331,0.349,0.395,0.402,0.402,0.393,0.401,0.421,0.395,0.384,0.378,0.361,0.364,0.38,0.304,0.382,0.377,0.386,0.415,0.416,0.415,0.426,0.229,0.288,0.263,0.33,0.353,0.359,0.389,0.329,0.347,0.361,0.388,0.275,0.365,0.277,0.326,0.319,0.284,0.367,0.352,0.382,0.383,
0.0,0.27,0.326,0.227,0.359,0.385,0.384,0.359,0.358,0.398,0.422,0.408,0.421,0.352,0.355,0.32,0.417,0.396,0.396,0.388,0.387,0.369,0.362,0.404,0.337,0.417,0.375,0.37,0.369,0.408,0.381,0.398,0.384,0.399,0.371,0.397,0.409,0.368,0.402,0.362,0.337,0.398,0.377,0.342,0.322,0.385,0.388,0.384,0.412,0.381,0.362,0.417,0.407,0.304,0.384,0.383,0.389,0.384,0.365,0.381,0.351,0.371,0.361,0.36,0.413,0.381,0.4,0.393,0.403,0.39,0.379,0.31,0.35,0.384,0.432,0.442,0.422,0.4,0.378,0.367,0.356,0.376,0.396,0.36,0.337,0.36,0.366,0.416,0.355,0.371,0.378,0.437,0.428,0.395,0.368,0.363,0.364,0.411,0.403,0.38,
0.0,0.161,0.233,0.114,0.178,0.113,0.24,0.233,0.261,0.265,0.268,0.285,0.294,0.198,0.27,0.365,0.253,0.352,0.246,0.291,0.3,0.328,0.302,0.328,0.236,0.266,0.304,0.363,0.398,0.351,0.228,0.318,0.304,0.275,0.092,0.333,0.329,0.31,0.328,0.377,0.404,0.398,0.351,0.4,0.299,0.369,0.355,0.377,0.325,0.272,0.288,0.333,0.312,0.256,0.329,0.223,0.338,0.41,0.304,0.198,0.272,0.202,0.277,0.277,0.216,0.266,0.221,0.294,0.326,0.352,0.369,0.335,0.284,0.325,0.369,0.355,0.28,0.327,0.397,0.236,0.339,0.342,0.38,0.205,0.188,0.206,0.272,0.258,0.292,0.224,0.305,0.304,0.322,0.231,0.28,0.313,0.345,0.354,0.32,0.374,
0.0,0.183,0.243,0.254,0.343,0.403,0.425,0.374,0.311,0.355,0.295,0.338,0.363,0.322,0.179,0.286,0.335,0.363,0.364,0.356,0.356,0.261,0.249,0.336,0.375,0.354,0.383,0.358,0.335,0.343,0.359,0.405,0.324,0.26,0.417,0.287,0.354,0.337,0.381,0.38,0.384,0.357,0.405,0.318,0.363,0.387,0.353,0.385,0.353,0.366,0.283,0.307,0.392,0.405,0.374,0.319,0.328,0.352,0.338,0.35,0.396,0.376,0.28,0.335,0.377,0.402,0.361,0.241,0.304,0.386,0.369,0.358,0.305,0.368,0.309,0.395,0.332,0.255,0.344,0.301,0.232,0.365,0.407,0.395,0.394,0.252,0.396,0.325,0.361,0.398,0.385,0.386,0.284,0.328,0.395,0.257,0.207,0.371,0.101,0.231,
0.0,0.245,0.285,0.27,0.368,0.413,0.333,0.35,0.358,0.374,0.387,0.396,0.411,0.436,0.387,0.412,0.357,0.268,0.308,0.358,0.396,0.386,0.395,0.351,0.339,0.364,0.4,0.346,0.377,0.342,0.4,0.376,0.367,0.382,0.392,0.336,0.307,0.338,0.376,0.374,0.36,0.373,0.361,0.374,0.362,0.402,0.397,0.373,0.422,0.347,0.336,0.321,0.359,0.356,0.344,0.379,0.373,0.353,0.406,0.368,0.37,0.381,0.4,0.385,0.392,0.355,0.39,0.39,0.37,0.29,0.377,0.377,0.37,0.357,0.4,0.396,0.357,0.382,0.406,0.342,0.38,0.386,0.401,0.409,0.43,0.419,0.388,0.361,0.345,0.351,0.405,0.381,0.416,0.386,0.371,0.404,0.337,0.398,0.381,0.366,
0.0,0.186,0.169,0.358,0.306,0.365,0.362,0.361,0.354,0.427,0.404,0.372,0.439,0.447,0.447,0.417,0.411,0.405,0.411,0.408,0.383,0.378,0.364,0.336,0.376,0.419,0.418,0.358,0.425,0.417,0.265,0.332,0.384,0.411,0.356,0.333,0.383,0.402,0.433,0.378,0.433,0.415,0.411,0.405,0.411,0.378,0.357,0.328,0.41,0.394,0.351,0.256,0.357,0.341,0.409,0.38,0.394,0.424,0.444,0.447,0.407,0.372,0.438,0.384,0.392,0.401,0.254,0.372,0.341,0.428,0.404,0.371,0.438,0.384,0.44,0.269,0.417,0.315,0.43,0.43,0.374,0.398,0.295,0.424,0.43,0.428,0.441,0.39,0.38,0.342,0.337,0.43,0.444,0.447,0.417,0.411,0.405,0.411,0.378,0.397,
0.0,0.063,0.283,0.4,0.241,0.206,0.086,0.358,0.388,0.323,0.4,0.301,0.346,0.265,0.215,0.392,0.284,0.077,0.357,0.388,0.326,0.424,0.18,0.312,0.318,0.361,0.19,0.303,0.401,0.327,0.315,0.351,0.337,0.401,0.262,0.41,0.368,0.331,0.362,0.3,0.293,0.277,0.161,0.318,0.304,0.335,0.338,0.402,0.275,0.421,0.266,0.089,0.31,0.291,0.347,0.365,0.342,0.387,0.123,0.375,0.242,0.33,0.368,0.227,0.393,0.312,0.242,0.358,0.249,0.358,0.373,0.337,0.236,0.226,0.345,0.319,0.399,0.333,0.3,0.373,0.262,0.341,0.308,0.269,0.4,0.33,0.358,0.324,0.41,0.303,0.426,0.252,0.365,0.215,0.086,0.31,0.217,0.349,0.315,0.336,
0.0,0.264,0.177,0.377,0.403,0.41,0.419,0.44,0.405,0.442,0.404,0.416,0.442,0.351,0.391,0.408,0.352,0.35,0.379,0.32,0.384,0.408,0.425,0.422,0.416,0.381,0.383,0.401,0.425,0.441,0.403,0.417,0.425,0.439,0.403,0.438,0.403,0.408,0.409,0.422,0.416,0.424,0.442,0.351,0.414,0.44,0.444,0.446,0.447,0.447,0.447,0.447,0.447,0.447,0.447,0.447,0.447,0.447,0.447,0.447,0.447,0.447,0.447,0.447,0.447,0.447,0.447,0.447,0.447,0.447,0.447,0.447,0.447,0.447,0.447,0.447,0.447,0.447,0.447,0.447,0.447,0.447,0.447,0.447,0.447,0.447,0.447,0.447,0.447,0.447,0.447,0.447,0.447,0.447,0.447,0.447,0.447,0.447,0.447,0.445,
0.0,0.131,0.281,0.252,0.312,0.329,0.315,0.34,0.368,0.358,0.352,0.349,0.382,0.368,0.325,0.285,0.365,0.346,0.345,0.297,0.342,0.342,0.379,0.365,0.377,0.384,0.367,0.341,0.355,0.314,0.357,0.322,0.212,0.331,0.361,0.378,0.389,0.35,0.274,0.3,0.326,0.366,0.335,0.363,0.32,0.327,0.326,0.317,0.344,0.408,0.314,0.313,0.347,0.309,0.349,0.323,0.371,0.378,0.334,0.329,0.347,0.375,0.361,0.347,0.337,0.377,0.308,0.346,0.372,0.375,0.371,0.307,0.264,0.285,0.296,0.305,0.402,0.369,0.332,0.294,0.37,0.313,0.315,0.334,0.33,0.366,0.344,0.31,0.299,0.286,0.364,0.273,0.392,0.299,0.317,0.296,0.331,0.328,0.34,0.307,
0.0,0.082,0.18,0.252,0.179,0.248,0.344,0.339,0.293,0.286,0.316,0.276,0.315,0.368,0.308,0.313,0.358,0.369,0.306,0.353,0.382,0.417,0.401,0.361,0.387,0.343,0.351,0.252,0.311,0.279,0.283,0.363,0.342,0.348,0.32,0.341,0.287,0.344,0.265,0.204,0.198,0.328,0.27,0.316,0.219,0.3,0.288,0.315,0.24,0.198,0.341,0.414,0.419,0.43,0.354,0.25,0.29,0.312,0.269,0.29,0.341,0.31,0.351,0.396,0.335,0.334,0.405,0.331,0.288,0.238,0.31,0.228,0.27,0.279,0.304,0.363,0.36,0.372,0.381,0.305,0.32,0.385,0.301,0.268,0.353,0.378,0.338,0.343,0.35,0.326,0.259,0.291,0.349,0.276,0.335,0.296,0.339,0.378,0.394,0.311,
0.0,0.273,0.429,0.433,0.366,0.403,0.381,0.398,0.376,0.365,0.362,0.354,0.367,0.368,0.36,0.429,0.362,0.423,0.414,0.419,0.328,0.408,0.377,0.402,0.373,0.322,0.374,0.41,0.336,0.401,0.386,0.397,0.416,0.361,0.354,0.376,0.368,0.375,0.313,0.304,0.362,0.391,0.427,0.431,0.439,0.359,0.423,0.44,0.433,0.439,0.434,0.427,0.373,0.336,0.296,0.42,0.389,0.383,0.404,0.437,0.358,0.423,0.432,0.328,0.33,0.363,0.337,0.365,0.323,0.41,0.334,0.397,0.352,0.4,0.436,0.368,0.367,0.371,0.389,0.38,0.398,0.376,0.377,0.366,0.266,0.399,0.412,0.4,0.37,0.409,0.395,0.365,0.37,0.425,0.441,0.369,0.39,0.402,0.296,0.362,
0.0,0.212,0.174,0.272,0.285,0.374,0.414,0.364,0.386,0.421,0.377,0.404,0.401,0.418,0.343,0.353,0.351,0.337,0.354,0.311,0.321,0.366,0.344,0.344,0.36,0.398,0.404,0.36,0.396,0.392,0.396,0.382,0.363,0.368,0.385,0.351,0.352,0.373,0.39,0.4,0.38,0.347,0.406,0.372,0.337,0.36,0.305,0.359,0.382,0.299,0.337,0.4,0.372,0.354,0.301,0.377,0.348,0.345,0.357,0.356,0.412,0.281,0.361,0.36,0.405,0.361,0.299,0.328,0.364,0.346,0.326,0.382,0.394,0.356,0.39,0.386,0.316,0.375,0.354,0.329,0.324,0.38,0.347,0.364,0.355,0.392,0.319,0.358,0.319,0.394,0.31,0.343,0.4,0.423,0.383,0.395,0.409,0.386,0.368,0.361,
0.0,0.136,0.321,0.109,0.336,0.418,0.366,0.178,0.248,0.138,0.226,0.329,0.399,0.377,0.365,0.318,0.363,0.358,0.107,0.313,0.345,0.29,0.314,0.345,0.275,0.331,0.376,0.383,0.309,0.397,0.4,0.355,0.269,0.306,0.326,0.382,0.404,0.243,0.315,0.294,0.296,0.33,0.325,0.371,0.353,0.256,0.324,0.273,0.338,0.391,0.322,0.372,0.306,0.374,0.353,0.34,0.322,0.387,0.253,0.295,0.351,0.362,0.281,0.343,0.368,0.41,0.25,0.387,0.351,0.388,0.387,0.333,0.34,0.354,0.335,0.312,0.362,0.298,0.301,0.371,0.35,0.281,0.366,0.42,0.341,0.35,0.381,0.259,0.317,0.25,0.33,0.355,0.328,0.285,0.309,0.365,0.395,0.422,0.325,0.384,
0.0,0.243,0.24,0.322,0.343,0.407,0.37,0.389,0.349,0.37,0.347,0.381,0.393,0.409,0.347,0.35,0.337,0.323,0.376,0.34,0.345,0.385,0.368,0.374,0.363,0.321,0.368,0.4,0.381,0.409,0.37,0.382,0.373,0.41,0.367,0.355,0.375,0.384,0.392,0.393,0.344,0.367,0.346,0.404,0.385,0.348,0.386,0.356,0.374,0.365,0.378,0.357,0.406,0.408,0.41,0.294,0.316,0.408,0.361,0.419,0.366,0.312,0.348,0.369,0.392,0.42,0.378,0.367,0.333,0.357,0.392,0.357,0.399,0.397,0.41,0.359,0.344,0.355,0.405,0.42,0.393,0.402,0.36,0.397,0.364,0.359,0.367,0.376,0.357,0.358,0.419,0.406,0.37,0.31,0.383,0.339,0.347,0.371,0.429,0.39,
0.0,0.202,0.16,0.338,0.299,0.292,0.33,0.295,0.306,0.218,0.334,0.252,0.252,0.293,0.281,0.241,0.314,0.168,0.096,0.178,0.21,0.303,0.383,0.383,0.359,0.327,0.281,0.284,0.288,0.301,0.286,0.297,0.374,0.348,0.296,0.322,0.296,0.29,0.343,0.388,0.319,0.123,0.297,0.253,0.354,0.314,0.309,0.343,0.364,0.346,0.282,0.244,0.302,0.227,0.283,0.27,0.305,0.34,0.361,0.376,0.406,0.225,0.203,0.314,0.35,0.266,0.286,0.154,0.248,0.174,0.343,0.207,0.314,0.347,0.179,0.378,0.29,0.362,0.364,0.292,0.265,0.365,0.349,0.297,0.293,0.263,0.333,0.298,0.264,0.316,0.283,0.357,0.319,0.268,0.299,0.357,0.253,0.26,0.245,0.108,
0.0,0.138,0.193,0.226,0.264,0.305,0.338,0.233,0.305,0.268,0.223,0.28,0.256,0.316,0.249,0.234,0.185,0.298,0.179,0.295,0.227,0.289,0.3,0.279,0.277,0.386,0.355,0.404,0.369,0.38,0.342,0.232,0.258,0.282,0.226,0.179,0.2,0.283,0.231,0.262,0.342,0.36,0.262,0.326,0.294,0.356,0.366,0.351,0.366,0.406,0.36,0.344,0.402,0.428,0.374,0.22,0.302,0.289,0.198,0.237,0.279,0.312,0.298,0.203,0.295,0.247,0.296,0.309,0.253,0.311,0.207,0.219,0.343,0.286,0.332,0.336,0.339,0.364,0.367,0.377,0.275,0.3,0.316,0.339,0.311,0.331,0.382,0.399,0.273,0.301,0.337,0.374,0.349,0.294,0.29,0.317,0.358,0.319,0.355,0.386,
0.0,0.006,0.146,0.294,0.338,0.325,0.389,0.402,0.273,0.29,0.302,0.402,0.43,0.419,0.403,0.273,0.3,0.366,0.355,0.397,0.36,0.367,0.291,0.19,0.133,0.064,0.267,0.259,0.287,0.304,0.231,0.297,0.244,0.237,0.362,0.393,0.29,0.231,0.148,0.226,0.302,0.366,0.335,0.344,0.414,0.422,0.309,0.302,0.221,0.289,0.352,0.355,0.365,0.334,0.323,0.172,0.197,0.345,0.304,0.28,0.326,0.399,0.422,0.428,0.429,0.429,0.429,0.429,0.429,0.429,0.429,0.429,0.429,0.429,0.429,0.429,0.429,0.429,0.429,0.429,0.429,0.429,0.429,0.429,0.429,0.429,0.429,0.429,0.429,0.429,0.31,0.278,0.257,0.311,0.334,0.38,0.28,0.35,0.341,0.319,
0.0,0.05,0.227,0.387,0.421,0.437,0.399,0.399,0.425,0.405,0.421,0.437,0.429,0.424,0.372,0.362,0.407,0.418,0.424,0.423,0.375,0.384,0.409,0.433,0.388,0.368,0.365,0.43,0.417,0.42,0.385,0.384,0.408,0.367,0.354,0.377,0.343,0.385,0.43,0.427,0.427,0.423,0.372,0.362,0.407,0.393,0.38,0.402,0.423,0.423,0.375,0.384,0.409,0.433,0.388,0.368,0.367,0.434,0.441,0.429,0.438,0.372,0.392,0.412,0.411,0.354,0.357,0.297,0.422,0.416,0.435,0.441,0.441,0.43,0.424,0.372,0.362,0.407,0.393,0.432,0.417,0.42,0.372,0.395,0.408,0.392,0.393,0.403,0.382,0.41,0.399,0.384,0.397,0.413,0.434,0.429,0.398,0.386,0.415,0.367,
0.0,0.17,0.179,0.225,0.301,0.335,0.338,0.25,0.271,0.279,0.177,0.228,0.221,0.202,0.203,0.362,0.357,0.324,0.314,0.255,0.256,0.28,0.275,0.369,0.351,0.349,0.349,0.353,0.361,0.353,0.383,0.355,0.349,0.342,0.359,0.336,0.395,0.409,0.38,0.401,0.409,0.38,0.401,0.409,0.38,0.401,0.409,0.38,0.401,0.409,0.38,0.401,0.409,0.38,0.401,0.409,0.38,0.401,0.409,0.38,0.401,0.409,0.38,0.401,0.409,0.38,0.401,0.409,0.38,0.401,0.409,0.38,0.401,0.409,0.38,0.401,0.409,0.38,0.401,0.409,0.38,0.401,0.409,0.38,0.401,0.409,0.38,0.401,0.409,0.38,0.401,0.409,0.38,0.401,0.409,0.38,0.401,0.409,0.38,0.401,
0.0,0.181,0.198,0.254,0.349,0.273,0.215,0.306,0.357,0.327,0.347,0.341,0.319,0.37,0.359,0.307,0.242,0.307,0.358,0.3,0.327,0.339,0.383,0.378,0.371,0.333,0.377,0.371,0.355,0.399,0.388,0.38,0.361,0.345,0.337,0.347,0.37,0.397,0.366,0.403,0.412,0.395,0.381,0.417,0.419,0.4,0.393,0.392,0.32,0.353,0.359,0.389,0.386,0.309,0.338,0.384,0.397,0.366,0.392,0.381,0.379,0.38,0.369,0.375,0.392,0.428,0.351,0.366,0.397,0.383,0.401,0.399,0.392,0.394,0.37,0.389,0.413,0.423,0.377,0.377,0.408,0.416,0.402,0.37,0.338,0.379,0.347,0.371,0.369,0.409,0.368,0.375,0.361,0.336,0.403,0.37,0.397,0.327,0.388,0.354,
0.0,0.161,0.285,0.328,0.41,0.384,0.291,0.383,0.368,0.281,0.359,0.338,0.361,0.399,0.417,0.342,0.374,0.389,0.383,0.333,0.408,0.433,0.436,0.419,0.375,0.354,0.381,0.376,0.416,0.382,0.4,0.235,0.284,0.338,0.298,0.36,0.353,0.35,0.269,0.339,0.347,0.332,0.332,0.327,0.35,0.329,0.332,0.379,0.344,0.369,0.37,0.337,0.376,0.352,0.396,0.394,0.378,0.416,0.364,0.338,0.346,0.355,0.38,0.339,0.354,0.356,0.366,0.38,0.359,0.417,0.429,0.383,0.33,0.339,0.385,0.378,0.327,0.311,0.323,0.361,0.331,0.386,0.39,0.397,0.369,0.336,0.372,0.326,0.365,0.413,0.342,0.312,0.356,0.366,0.384,0.326,0.308,0.389,0.405,0.405,
0.0,0.183,0.225,0.331,0.319,0.298,0.324,0.308,0.415,0.437,0.421,0.416,0.368,0.387,0.396,0.412,0.327,0.325,0.417,0.284,0.303,0.337,0.351,0.343,0.334,0.272,0.336,0.368,0.416,0.38,0.392,0.425,0.422,0.381,0.373,0.181,0.321,0.411,0.32,0.361,0.427,0.44,0.397,0.392,0.167,0.321,0.418,0.322,0.21,0.31,0.335,0.336,0.393,0.271,0.364,0.191,0.256,0.358,0.395,0.256,0.33,0.309,0.343,0.424,0.416,0.412,0.334,0.373,0.398,0.379,0.356,0.397,0.375,0.197,0.252,0.333,0.272,0.332,0.202,0.29,0.384,0.413,0.392,0.267,0.248,0.272,0.392,0.202,0.287,0.196,0.195,0.306,0.373,0.288,0.268,0.289,0.311,0.379,0.169,0.268,
0.0,0.129,0.098,0.174,0.255,0.244,0.225,0.283,0.369,0.339,0.387,0.338,0.377,0.331,0.351,0.315,0.383,0.371,0.4,0.392,0.271,0.152,0.269,0.215,0.343,0.334,0.332,0.374,0.359,0.358,0.415,0.357,0.353,0.394,0.373,0.326,0.315,0.35,0.322,0.344,0.35,0.288,0.379,0.269,0.261,0.285,0.314,0.247,0.36,0.301,0.333,0.366,0.382,0.381,0.379,0.393,0.376,0.358,0.355,0.255,0.333,0.283,0.361,0.33,0.352,0.382,0.381,0.363,0.407,0.367,0.294,0.307,0.341,0.365,0.334,0.298,0.323,0.326,0.368,0.363,0.316,0.373,0.371,0.357,0.365,0.284,0.268,0.341,0.357,0.353,0.364,0.348,0.326,0.356,0.343,0.383,0.419,0.391,0.394,0.389,
0.0,0.076,0.265,0.141,0.209,0.281,0.306,0.154,0.163,0.157,0.297,0.289,0.381,0.385,0.344,0.211,0.279,0.357,0.401,0.347,0.28,0.359,0.387,0.254,0.231,0.209,0.163,0.28,0.334,0.314,0.243,0.202,0.263,0.337,0.304,0.276,0.322,0.304,0.334,0.324,0.379,0.376,0.368,0.315,0.221,0.306,0.283,0.323,0.359,0.361,0.353,0.233,0.349,0.38,0.196,0.336,0.366,0.329,0.297,0.332,0.376,0.365,0.36,0.317,0.374,0.381,0.405,0.334,0.307,0.291,0.296,0.315,0.275,0.356,0.328,0.36,0.374,0.367,0.387,0.363,0.396,0.267,0.295,0.245,0.179,0.23,0.202,0.35,0.358,0.224,0.271,0.297,0.374,0.304,0.313,0.378,0.346,0.297,0.276,0.288,
0.0,0.099,0.301,0.158,0.214,0.328,0.361,0.354,0.407,0.42,0.416,0.438,0.416,0.339,0.364,0.408,0.41,0.42,0.389,0.391,0.391,0.37,0.37,0.355,0.402,0.413,0.434,0.362,0.356,0.41,0.383,0.335,0.432,0.329,0.395,0.431,0.378,0.311,0.352,0.391,0.329,0.397,0.409,0.435,0.329,0.308,0.294,0.426,0.361,0.349,0.397,0.338,0.405,0.42,0.402,0.424,0.361,0.335,0.345,0.356,0.294,0.329,0.357,0.411,0.386,0.366,0.304,0.367,0.434,0.382,0.31,0.352,0.387,0.376,0.424,0.322,0.368,0.399,0.378,0.419,0.35,0.422,0.352,0.395,0.405,0.435,0.365,0.42,0.376,0.33,0.396,0.358,0.401,0.426,0.375,0.375,0.346,0.39,0.391,0.386,
0.0,0.159,0.329,0.338,0.377,0.275,0.275,0.217,0.323,0.339,0.321,0.236,0.222,0.296,0.351,0.307,0.164,0.324,0.348,0.373,0.284,0.323,0.266,0.357,0.331,0.401,0.217,0.144,0.194,0.291,0.214,0.285,0.3,0.227,0.353,0.307,0.333,0.258,0.333,0.372,0.34,0.298,0.359,0.318,0.344,0.368,0.421,0.427,0.376,0.368,0.252,0.35,0.299,0.291,0.204,0.334,0.412,0.358,0.266,0.247,0.332,0.31,0.372,0.371,0.344,0.385,0.402,0.395,0.368,0.349,0.29,0.351,0.242,0.298,0.249,0.357,0.302,0.251,0.314,0.324,0.34,0.372,0.273,0.279,0.284,0.22,0.307,0.399,0.372,0.382,0.292,0.361,0.379,0.274,0.261,0.342,0.341,0.34,0.381,0.342,
0.0,0.142,0.248,0.311,0.259,0.284,0.201,0.212,0.354,0.386,0.398,0.307,0.32,0.299,0.304,0.227,0.232,0.267,0.364,0.309,0.356,0.336,0.23,0.268,0.261,0.327,0.249,0.207,0.249,0.249,0.114,0.281,0.283,0.243,0.196,0.313,0.25,0.327,0.344,0.362,0.256,0.233,0.156,0.137,0.276,0.26,0.301,0.325,0.204,0.286,0.36,0.41,0.416,0.314,0.237,0.195,0.345,0.323,0.261,0.284,0.316,0.209,0.231,0.324,0.319,0.398,0.333,0.357,0.297,0.312,0.374,0.256,0.328,0.376,0.398,0.254,0.297,0.359,0.371,0.286,0.367,0.377,0.287,0.243,0.276,0.303,0.299,0.389,0.25,0.242,0.283,0.291,0.219,0.228,0.267,0.396,0.393,0.407,0.27,0.35,
0.0,0.136,0.176,0.357,0.395,0.389,0.401,0.433,0.334,0.392,0.407,0.404,0.364,0.405,0.413,0.275,0.262,0.404,0.36,0.37,0.404,0.397,0.357,0.381,0.421,0.42,0.356,0.389,0.319,0.385,0.418,0.304,0.339,0.36,0.39,0.379,0.358,0.387,0.313,0.389,0.406,0.342,0.375,0.348,0.372,0.353,0.379,0.38,0.383,0.41,0.363,0.384,0.387,0.418,0.406,0.339,0.358,0.397,0.395,0.336,0.378,0.402,0.411,0.359,0.398,0.429,0.421,0.415,0.388,0.404,0.429,0.34,0.35,0.372,0.376,0.344,0.344,0.355,0.405,0.353,0.396,0.387,0.307,0.393,0.317,0.371,0.429,0.412,0.431,0.279,0.297,0.307,0.394,0.255,0.271,0.306,0.316,0.382,0.39,0.406,
0.0,0.125,0.134,0.132,0.28,0.362,0.343,0.351,0.386,0.344,0.372,0.343,0.331,0.342,0.362,0.373,0.392,0.407,0.389,0.385,0.38,0.377,0.369,0.37,0.351,0.376,0.371,0.403,0.407,0.391,0.382,0.4,0.379,0.366,0.399,0.399,0.373,0.395,0.371,0.365,0.39,0.4,0.395,0.329,0.345,0.308,0.384,0.36,0.37,0.359,0.379,0.367,0.399,0.374,0.356,0.4,0.34,0.366,0.339,0.377,0.321,0.358,0.311,0.338,0.281,0.339,0.294,0.355,0.364,0.413,0.323,0.33,0.372,0.36,0.346,0.372,0.339,0.372,0.376,0.33,0.32,0.367,0.351,0.367,0.379,0.37,0.388,0.392,0.394,0.398,0.392,0.349,0.378,0.419,0.402,0.394,0.407,0.36,0.329,0.312,
0.0,0.052,0.192,0.268,0.35,0.303,0.354,0.289,0.26,0.35,0.232,0.306,0.334,0.289,0.226,0.278,0.317,0.329,0.305,0.239,0.298,0.363,0.218,0.309,0.375,0.295,0.234,0.294,0.357,0.216,0.323,0.226,0.278,0.282,0.28,0.307,0.267,0.263,0.286,0.28,0.386,0.255,0.208,0.301,0.129,0.256,0.334,0.383,0.319,0.224,0.198,0.311,0.317,0.275,0.366,0.342,0.222,0.315,0.357,0.393,0.235,0.341,-0.042,0.237,0.077,0.211,0.106,0.283,0.149,0.246,0.296,0.261,0.343,0.251,0.295,0.299,0.298,0.303,0.201,0.286,0.178,0.253,0.264,0.24,0.22,0.213,0.305,0.285,0.244,0.159,0.319,0.184,0.346,0.211,0.252,0.321,0.192,0.161,0.314,0.169,
0.0,0.2,0.105,0.235,0.273,0.392,0.411,0.357,0.333,0.289,0.3,0.368,0.328,0.348,0.371,0.302,0.329,0.241,0.363,0.318,0.272,0.332,0.269,0.291,0.338,0.372,0.372,0.4,0.396,0.408,0.372,0.397,0.394,0.348,0.358,0.316,0.357,0.262,0.278,0.244,0.324,0.321,0.336,0.252,0.377,0.334,0.218,0.314,0.356,0.382,0.335,0.29,0.298,0.278,0.326,0.334,0.316,0.366,0.363,0.352,0.36,0.278,0.295,0.333,0.361,0.296,0.248,0.331,0.309,0.364,0.298,0.342,0.374,0.363,0.347,0.333,0.404,0.344,0.355,0.387,0.412,0.374,0.32,0.355,0.345,0.31,0.285,0.241,0.313,0.273,0.25,0.308,0.329,0.303,0.326,0.355,0.397,0.396,0.383,0.375,
0.0,0.162,0.235,0.27,0.391,0.44,0.445,0.446,0.446,0.446,0.446,0.446,0.446,0.446,0.446,0.446,0.446,0.446,0.446,0.446,0.446,0.446,0.446,0.446,0.446,0.446,0.446,0.446,0.446,0.446,0.446,0.446,0.446,0.446,0.446,0.446,0.446,0.446,0.446,0.446,0.446,0.446,0.446,0.446,0.446,0.446,0.446,0.446,0.446,0.446,0.446,0.446,0.446,0.446,0.446,0.446,0.446,0.446,0.446,0.446,0.446,0.446,0.446,0.446,0.446,0.446,0.446,0.446,0.446,0.446,0.446,0.446,0.446,0.446,0.446,0.446,0.446,0.446,0.446,0.446,0.446,0.446,0.446,0.446,0.446,0.446,0.446,0.446,0.446,0.446,0.446,0.446,0.446,0.446,0.446,0.446,0.446,0.446,0.446,0.446,
0.0,0.114,0.357,0.299,0.334,0.39,0.299,0.388,0.426,0.378,0.404,0.415,0.409,0.376,0.322,0.398,0.391,0.331,0.39,0.417,0.418,0.413,0.399,0.418,0.427,0.368,0.294,0.279,0.405,0.317,0.407,0.282,0.42,0.387,0.433,0.382,0.411,0.404,0.404,0.418,0.434,0.382,0.383,0.395,0.389,0.382,0.332,0.362,0.42,0.411,0.397,0.433,0.364,0.411,0.434,0.415,0.39,0.372,0.364,0.387,0.423,0.377,0.402,0.413,0.408,0.375,0.32,0.396,0.389,0.329,0.292,0.327,0.422,0.411,0.377,0.411,0.379,0.401,0.414,0.388,0.418,0.369,0.412,0.362,0.377,0.388,0.357,0.353,0.266,0.379,0.343,0.402,0.431,0.393,0.388,0.367,0.412,0.368,0.405,0.406,
0.0,0.126,0.148,0.315,0.277,0.391,0.387,0.405,0.425,0.415,0.427,0.319,0.376,0.368,0.418,0.393,0.399,0.418,0.414,0.378,0.423,0.378,0.391,0.339,0.353,0.388,0.331,0.368,0.352,0.328,0.252,0.216,0.369,0.371,0.331,0.267,0.406,0.424,0.364,0.363,0.342,0.34,0.386,0.366,0.345,0.325,0.359,0.37,0.42,0.393,0.399,0.361,0.366,0.324,0.34,0.378,0.415,0.348,0.391,0.418,0.427,0.426,0.349,0.401,0.381,0.414,0.347,0.388,0.383,0.405,0.425,0.428,0.397,0.363,0.366,0.321,0.401,0.241,0.298,0.388,0.418,0.356,0.345,0.368,0.336,0.363,0.274,0.338,0.374,0.415,0.363,0.395,0.361,0.366,0.418,0.414,0.427,0.394,0.399,0.418,
0.0,0.004,0.206,0.257,0.223,0.269,0.243,0.234,0.248,0.269,0.252,0.252,0.262,0.196,0.263,0.266,0.382,0.306,0.266,0.189,0.273,0.2,0.311,0.287,0.333,0.357,0.36,0.357,0.363,0.255,0.287,0.29,0.166,0.298,0.288,0.285,0.232,0.316,0.248,0.264,0.271,0.295,0.277,0.178,0.25,0.303,0.328,0.345,0.319,0.272,0.28,0.253,0.274,0.306,0.346,0.371,0.366,0.314,0.25,0.273,0.239,0.232,0.337,0.347,0.32,0.313,0.343,0.28,0.249,0.314,0.267,0.236,0.275,0.224,0.3,0.281,0.294,0.262,0.245,0.283,0.273,0.329,0.26,0.283,0.374,0.318,0.197,0.275,0.235,0.206,0.261,0.228,0.276,0.319,0.362,0.405,0.292,0.198,0.24,0.348,
0.0,0.096,0.055,0.261,0.318,0.349,0.321,0.348,0.314,0.321,0.344,0.36,0.31,0.308,0.266,0.324,0.269,0.279,0.325,0.343,0.254,0.268,0.32,0.298,0.339,0.352,0.337,0.329,0.359,0.32,0.274,0.292,0.324,0.299,0.348,0.318,0.283,0.261,0.313,0.287,0.324,0.316,0.327,0.276,0.188,0.323,0.37,0.295,0.349,0.311,0.363,0.376,0.337,0.312,0.233,0.218,0.258,0.315,0.344,0.31,0.331,0.37,0.317,0.332,0.351,0.365,0.309,0.339,0.372,0.278,0.285,0.41,0.414,0.368,0.403,0.38,0.336,0.395,0.402,0.317,0.366,0.384,0.36,0.367,0.411,0.411,0.342,0.373,0.373,0.315,0.293,0.309,0.353,0.387,0.365,0.361,0.363,0.309,0.363,0.375,
0.0,0.262,0.177,0.273,0.308,0.218,0.217,0.23,0.317,0.369,0.332,0.307,0.355,0.353,0.297,0.338,0.355,0.368,0.309,0.374,0.377,0.403,0.399,0.38,0.35,0.355,0.388,0.342,0.402,0.375,0.387,0.3,0.35,0.311,0.392,0.366,0.363,0.396,0.372,0.339,0.317,0.314,0.315,0.333,0.327,0.336,0.329,0.365,0.329,0.301,0.325,0.299,0.354,0.332,0.337,0.324,0.313,0.341,0.203,0.258,0.304,0.356,0.303,0.31,0.309,0.372,0.298,0.341,0.316,0.267,0.327,0.363,0.33,0.372,0.389,0.376,0.377,0.369,0.287,0.346,0.365,0.365,0.318,0.339,0.304,0.365,0.231,0.318,0.254,0.276,0.351,0.361,0.349,0.28,0.335,0.344,0.322,0.304,0.253,0.334,
0.0,0.202,0.262,0.334,0.309,0.294,0.323,0.331,0.296,0.341,0.373,0.342,0.411,0.397,0.371,0.393,0.39,0.347,0.31,0.342,0.301,0.369,0.284,0.392,0.378,0.364,0.333,0.36,0.294,0.347,0.315,0.307,0.324,0.322,0.319,0.325,0.262,0.307,0.297,0.287,0.35,0.337,0.315,0.362,0.345,0.357,0.35,0.332,0.374,0.404,0.23,0.25,0.363,0.316,0.331,0.255,0.346,0.292,0.361,0.405,0.376,0.372,0.409,0.37,0.353,0.35,0.381,0.333,0.392,0.384,0.386,0.386,0.396,0.399,0.428,0.428,0.419,0.415,0.426,0.415,0.368,0.349,0.328,0.38,0.36,0.388,0.377,0.398,0.39,0.348,0.383,0.387,0.406,0.371,0.315,0.387,0.405,0.397,0.373,0.329,
0.0,0.131,0.185,0.279,0.257,0.323,0.362,0.367,0.258,0.209,0.324,0.382,0.318,0.273,0.34,0.362,0.393,0.37,0.339,0.378,0.375,0.336,0.394,0.389,0.383,0.346,0.3,0.359,0.395,0.331,0.365,0.351,0.262,0.219,0.255,0.195,0.307,0.371,0.384,0.399,0.4,0.417,0.427,0.418,0.417,0.262,0.378,0.386,0.339,0.355,0.34,0.299,0.245,0.342,0.369,0.318,0.388,0.394,0.368,0.21,0.312,0.4,0.406,0.397,0.417,0.388,0.378,0.292,0.35,0.302,0.34,0.372,0.274,0.295,0.285,0.393,0.395,0.381,0.378,0.368,0.279,0.305,0.325,0.385,0.411,0.352,0.254,0.378,0.334,0.323,0.332,0.259,0.389,0.397,0.348,0.284,0.364,0.348,0.336,0.365,
0.0,0.089,0.217,0.219,0.291,0.304,0.343,0.296,0.304,0.268,0.311,0.313,0.293,0.267,0.329,0.315,0.302,0.31,0.369,0.345,0.346,0.323,0.323,0.272,0.324,0.277,0.354,0.273,0.306,0.315,0.323,0.317,0.302,0.316,0.289,0.351,0.307,0.177,0.227,0.296,0.267,0.32,0.324,0.334,0.364,0.366,0.368,0.375,0.323,0.343,0.381,0.343,0.295,0.341,0.365,0.367,0.353,0.328,0.379,0.331,0.376,0.358,0.367,0.377,0.342,0.372,0.327,0.369,0.345,0.29,0.339,0.349,0.364,0.355,0.279,0.312,0.363,0.296,0.292,0.294,0.31,0.312,0.356,0.253,0.17,0.248,0.304,0.32,0.359,0.346,0.334,0.35,0.37,0.33,0.299,0.307,0.346,0.345,0.381,0.333,
0.0,0.076,0.196,0.21,0.338,0.374,0.414,0.435,0.406,0.345,0.349,0.367,0.366,0.293,0.37,0.342,0.385,0.352,0.131,0.301,0.356,0.361,0.249,0.356,0.345,0.345,0.234,0.239,0.334,0.262,0.313,0.422,0.41,0.356,0.369,0.316,0.253,0.193,0.278,0.311,0.313,0.269,0.24,0.256,0.214,0.317,0.272,0.323,0.282,0.341,0.338,0.365,0.361,0.295,0.257,0.343,0.314,0.4,0.264,0.248,0.342,0.246,0.33,0.308,0.378,0.247,0.203,0.198,0.293,0.312,0.281,0.338,0.294,0.227,0.296,0.217,0.324,0.261,0.334,0.332,0.294,0.205,0.269,0.196,0.322,0.258,0.28,0.309,0.265,0.267,0.291,0.272,0.337,0.296,0.385,0.296,0.395,0.302,0.3,0.318,
0.0,0.225,0.329,0.372,0.282,0.33,0.384,0.4,0.383,0.407,0.379,0.375,0.361,0.354,0.399,0.379,0.407,0.416,0.409,0.386,0.397,0.4,0.36,0.396,0.402,0.383,0.394,0.381,0.384,0.334,0.306,0.386,0.416,0.435,0.411,0.361,0.383,0.364,0.376,0.36,0.261,0.289,0.36,0.371,0.337,0.387,0.385,0.399,0.39,0.339,0.379,0.359,0.353,0.398,0.408,0.406,0.376,0.355,0.37,0.399,0.387,0.343,0.348,0.383,0.335,0.349,0.341,0.378,0.404,0.401,0.398,0.406,0.34,0.384,0.395,0.363,0.351,0.346,0.363,0.324,0.377,0.353,0.36,0.385,0.36,0.36,0.303,0.312,0.323,0.408,0.37,0.379,0.399,0.389,0.364,0.395,0.407,0.385,0.364,0.376,
0.0,0.139,0.099,0.288,0.23,0.293,0.331,0.211,0.203,0.271,0.277,0.3,0.34,0.348,0.377,0.357,0.274,0.238,0.271,0.272,0.242,0.169,0.248,0.338,0.349,0.349,0.344,0.366,0.29,0.392,0.408,0.314,0.285,0.319,0.348,0.363,0.298,0.274,0.304,0.303,0.282,0.353,0.376,0.389,0.379,0.381,0.365,0.364,0.352,0.351,0.414,0.374,0.386,0.368,0.384,0.308,0.354,0.359,0.355,0.41,0.388,0.386,0.387,0.372,0.4,0.432,0.424,0.438,0.405,0.424,0.345,0.294,0.327,0.313,0.268,0.283,0.331,0.329,0.234,0.276,0.286,0.323,0.235,0.278,0.151,0.302,0.297,0.164,0.255,0.354,0.334,0.281,0.318,0.384,0.366,0.305,0.226,0.199,0.238,0.305,
0.0,0.045,0.236,0.332,0.335,0.388,0.318,0.387,0.365,0.397,0.392,0.388,0.411,0.33,0.37,0.41,0.385,0.368,0.369,0.369,0.37,0.373,0.356,0.377,0.399,0.39,0.396,0.395,0.362,0.393,0.314,0.369,0.34,0.336,0.406,0.419,0.417,0.364,0.357,0.309,0.41,0.402,0.346,0.379,0.371,0.374,0.402,0.397,0.411,0.387,0.342,0.334,0.324,0.29,0.357,0.378,0.358,0.345,0.355,0.411,0.428,0.354,0.301,0.27,0.377,0.403,0.345,0.345,0.392,0.395,0.35,0.367,0.364,0.361,0.348,0.388,0.348,0.335,0.351,0.391,0.427,0.398,0.376,0.367,0.363,0.374,0.41,0.37,0.417,0.39,0.388,0.373,0.379,0.4,0.353,0.376,0.374,0.385,0.413,0.408,
0.0,0.075,0.301,0.318,0.352,0.368,0.377,0.364,0.39,0.34,0.315,0.321,0.341,0.361,0.249,0.337,0.37,0.38,0.362,0.395,0.392,0.407,0.332,0.253,0.26,0.302,0.251,0.378,0.382,0.405,0.407,0.296,0.383,0.406,0.407,0.407,0.407,0.382,0.33,0.384,0.407,0.407,0.407,0.407,0.407,0.382,0.33,0.384,0.407,0.303,0.384,0.404,0.296,0.34,0.373,0.406,0.426,0.325,0.409,0.431,0.432,0.339,0.316,0.315,0.382,0.405,0.273,0.347,0.411,0.32,0.393,0.279,0.24,0.345,0.261,0.36,0.4,0.429,0.377,0.382,0.407,0.414,0.376,0.374,0.295,0.27,0.402,0.418,0.283,0.215,0.243,0.363,0.406,0.413,0.396,0.363,0.324,0.409,0.431,0.432,
0.0,0.188,0.269,0.353,0.35,0.261,0.357,0.319,0.391,0.367,0.352,0.323,0.299,0.371,0.423,0.424,0.336,0.29,0.343,0.341,0.422,0.381,0.319,0.284,0.393,0.387,0.393,0.391,0.387,0.412,0.4,0.429,0.346,0.332,0.33,0.415,0.376,0.415,0.387,0.33,0.393,0.377,0.393,0.308,0.422,0.399,0.376,0.393,0.379,0.371,0.399,0.379,0.404,0.41,0.404,0.427,0.43,0.416,0.426,0.414,0.377,0.39,0.377,0.361,0.368,0.318,0.4,0.403,0.422,0.435,0.437,0.438,0.374,0.393,0.397,0.404,0.431,0.406,0.384,0.408,0.392,0.357,0.374,0.378,0.388,0.4,0.394,0.419,0.384,0.394,0.397,0.371,0.344,0.342,0.336,0.363,0.359,0.344,0.35,0.362,
0.0,0.268,0.231,0.248,0.319,0.325,0.346,0.362,0.347,0.409,0.398,0.406,0.376,0.394,0.426,0.406,0.282,0.292,0.339,0.364,0.36,0.369,0.375,0.387,0.23,0.367,0.382,0.409,0.367,0.356,0.356,0.356,0.333,0.337,0.373,0.367,0.379,0.392,0.433,0.421,0.39,0.331,0.318,0.352,0.378,0.359,0.401,0.366,0.352,0.391,0.377,0.412,0.329,0.37,0.372,0.362,0.388,0.379,0.398,0.42,0.414,0.377,0.394,0.363,0.348,0.392,0.355,0.377,0.406,0.407,0.348,0.366,0.36,0.415,0.35,0.373,0.41,0.357,0.412,0.422,0.409,0.402,0.405,0.37,0.392,0.377,0.342,0.383,0.411,0.349,0.381,0.368,0.391,0.379,0.364,0.38,0.368,0.375,0.358,0.376,
0.0,0.192,0.099,0.255,0.31,0.384,0.346,0.28,0.309,0.339,0.337,0.324,0.318,0.296,0.337,0.38,0.405,0.316,0.344,0.359,0.39,0.353,0.396,0.375,0.283,0.345,0.392,0.294,0.28,0.343,0.353,0.335,0.37,0.322,0.353,0.318,0.357,0.315,0.295,0.228,0.323,0.354,0.349,0.313,0.332,0.321,0.382,0.359,0.346,0.363,0.386,0.381,0.409,0.375,0.349,0.385,0.427,0.432,0.432,0.432,0.432,0.432,0.432,0.432,0.432,0.432,0.432,0.432,0.432,0.432,0.432,0.432,0.432,0.432,0.432,0.432,0.432,0.432,0.432,0.432,0.432,0.432,0.432,0.432,0.432,0.432,0.432,0.432,0.432,0.432,0.432,0.432,0.432,0.432,0.432,0.432,0.432,0.432,0.432,0.432,
0.0,0.109,0.26,0.277,0.418,0.331,0.406,0.38,0.384,0.424,0.381,0.372,0.366,0.412,0.435,0.372,0.371,0.373,0.379,0.381,0.381,0.384,0.382,0.384,0.313,0.41,0.381,0.404,0.439,0.421,0.372,0.368,0.403,0.389,0.406,0.436,0.393,0.26,0.366,0.331,0.407,0.23,0.419,0.313,0.358,0.283,0.357,0.327,0.341,0.289,0.387,0.325,0.425,0.419,0.307,0.312,0.259,0.395,0.416,0.368,0.317,0.253,0.385,0.376,0.372,0.366,0.402,0.441,0.341,0.263,0.378,0.437,0.444,0.386,0.342,0.311,0.417,0.237,0.418,0.205,0.407,0.417,0.271,0.305,0.415,0.439,0.449,0.419,0.443,0.376,0.407,0.388,0.384,0.382,0.384,0.382,0.384,0.301,0.383,0.299,
0.0,0.178,0.239,0.244,0.266,0.316,0.125,0.197,0.333,0.288,0.362,0.271,0.348,0.311,0.237,0.315,0.298,0.274,0.375,0.369,0.242,0.35,0.369,0.317,0.269,0.331,0.327,0.352,0.351,0.244,0.347,0.326,0.377,0.282,0.31,0.34,0.39,0.366,0.3,0.34,0.347,0.341,0.241,0.33,0.409,0.43,0.306,0.32,0.333,0.228,0.284,0.344,0.404,0.411,0.291,0.286,0.354,0.23,0.312,0.31,0.311,0.264,0.29,0.242,0.305,0.317,0.302,0.277,0.218,0.298,0.335,0.312,0.347,0.33,0.29,0.25,0.32,0.305,0.348,0.399,0.29,0.237,0.326,0.324,0.36,0.342,0.36,0.365,0.361,0.39,0.392,0.344,0.262,0.263,0.368,0.318,0.381,0.347,0.362,0.36,
0.0,0.266,0.318,0.403,0.41,0.362,0.389,0.391,0.343,0.396,0.358,0.351,0.386,0.346,0.382,0.304,0.364,0.375,0.377,0.379,0.38,0.362,0.382,0.413,0.352,0.38,0.371,0.394,0.357,0.318,0.329,0.304,0.397,0.349,0.386,0.37,0.339,0.379,0.415,0.418,0.435,0.399,0.335,0.394,0.363,0.365,0.412,0.367,0.352,0.375,0.38,0.352,0.353,0.342,0.395,0.401,0.433,0.433,0.423,0.393,0.384,0.388,0.389,0.358,0.397,0.318,0.371,0.416,0.403,0.43,0.403,0.367,0.357,0.392,0.412,0.339,0.374,0.398,0.387,0.393,0.393,0.411,0.358,0.425,0.418,0.357,0.406,0.392,0.412,0.357,0.365,0.366,0.356,0.343,0.37,0.386,0.412,0.396,0.287,0.42,
0.0,0.185,0.262,0.269,0.378,0.184,0.33,0.325,0.214,0.319,0.23,0.205,0.226,0.371,0.311,0.381,0.375,0.41,0.386,0.401,0.378,0.38,0.39,0.365,0.404,0.311,0.2,0.251,0.339,0.352,0.383,0.417,0.41,0.348,0.28,0.292,0.287,0.116,0.323,0.239,0.175,0.247,0.212,0.106,0.215,0.152,0.251,0.278,0.236,0.336,0.29,0.359,0.345,0.203,0.367,0.318,0.338,0.398,0.396,0.411,0.42,0.397,0.428,0.43,0.406,0.277,0.217,0.251,0.365,0.414,0.207,0.375,0.273,0.345,0.355,0.402,0.4,0.408,0.385,0.388,0.406,0.343,0.356,0.4,0.353,0.239,0.277,0.356,0.314,0.26,0.276,0.315,0.307,0.307,0.348,0.282,0.241,0.337,0.289,0.295,
0.0,0.247,0.342,0.202,0.288,0.349,0.291,0.316,0.332,0.344,0.374,0.271,0.337,0.347,0.314,0.379,0.352,0.382,0.406,0.181,0.311,0.341,0.275,0.302,0.259,0.351,0.323,0.309,0.174,0.293,0.316,0.222,0.204,0.298,0.306,0.254,0.332,0.277,0.309,0.323,0.34,0.229,0.253,0.313,0.262,0.324,0.345,0.315,0.147,0.278,0.254,0.276,0.269,0.205,0.257,0.347,0.299,0.34,0.292,0.302,0.265,0.353,0.228,0.101,0.281,0.263,0.342,0.371,0.354,0.323,0.3,0.274,0.277,0.371,0.357,0.31,0.205,0.293,0.308,0.346,0.326,0.317,0.257,0.208,0.217,0.306,0.154,0.312,0.334,0.352,0.368,0.333,0.304,0.32,0.306,0.305,0.3,0.273,0.326,0.235,
0.0,0.199,0.218,0.323,0.295,0.224,0.274,0.359,0.342,0.34,0.372,0.393,0.287,0.376,0.332,0.369,0.337,0.352,0.308,0.332,0.357,0.347,0.184,0.326,0.339,0.318,0.396,0.38,0.377,0.361,0.363,0.347,0.371,0.328,0.398,0.383,0.269,0.352,0.359,0.377,0.335,0.293,0.311,0.266,0.3,0.365,0.323,0.273,0.344,0.342,0.379,0.333,0.363,0.408,0.389,0.325,0.297,0.335,0.341,0.375,0.39,0.318,0.306,0.336,0.376,0.37,0.384,0.323,0.302,0.324,0.267,0.336,0.299,0.327,0.356,0.395,0.409,0.346,0.369,0.32,0.376,0.26,0.242,0.302,0.319,0.353,0.295,0.345,0.413,0.35,0.389,0.368,0.393,0.358,0.229,0.326,0.364,0.355,0.348,0.356,
0.0,0.149,0.14,0.223,0.316,0.284,0.364,0.361,0.397,0.396,0.41,0.385,0.395,0.376,0.417,0.425,0.427,0.406,0.424,0.426,0.427,0.426,0.427,0.426,0.408,0.422,0.406,0.425,0.427,0.426,0.427,0.426,0.427,0.426,0.427,0.426,0.427,0.426,0.427,0.426,0.427,0.426,0.427,0.426,0.427,0.426,0.427,0.426,0.427,0.426,0.427,0.426,0.427,0.426,0.427,0.426,0.427,0.426,0.427,0.426,0.427,0.426,0.427,0.426,0.427,0.426,0.427,0.426,0.427,0.426,0.427,0.426,0.427,0.426,0.427,0.426,0.427,0.426,0.427,0.426,0.427,0.426,0.427,0.426,0.427,0.426,0.427,0.426,0.427,0.426,0.427,0.426,0.427,0.426,0.427,0.426,0.427,0.426,0.427,0.426,
0.0,0.171,0.229,0.266,0.226,0.303,0.277,0.214,0.228,0.188,0.318,0.262,0.266,0.303,0.335,0.325,0.223,0.272,0.314,0.247,0.318,0.297,0.335,0.172,0.283,0.272,0.279,0.236,0.277,0.12,0.269,0.341,0.285,0.313,0.264,0.209,0.261,0.292,0.333,0.276,0.346,0.358,0.33,0.215,0.354,0.29,0.306,0.344,0.325,0.389,0.39,0.291,0.229,0.315,0.337,0.358,0.326,0.205,0.208,0.185,0.277,0.261,0.285,0.313,0.305,0.37,0.286,0.341,0.349,0.391,0.321,0.356,0.33,0.3,0.303,0.321,0.268,0.265,0.336,0.326,0.35,0.274,0.338,0.272,0.305,0.337,0.298,0.27,0.177,0.247,0.309,0.279,0.247,0.281,0.288,0.284,0.272,0.271,0.31,0.3,
0.0,0.061,0.21,0.2,0.253,0.329,0.346,0.348,0.277,0.339,0.388,0.279,0.3,0.316,0.27,0.381,0.348,0.273,0.3,0.345,0.4,0.238,0.276,0.32,0.346,0.347,0.368,0.33,0.364,0.402,0.267,0.267,0.32,0.226,0.296,0.343,0.248,0.311,0.293,0.243,0.297,0.191,0.295,0.283,0.301,0.272,0.225,0.357,0.3,0.343,0.388,0.338,0.367,0.262,0.341,0.238,0.258,0.3,0.378,0.379,0.195,0.212,0.253,0.34,0.384,0.31,0.34,0.32,0.4,0.293,0.225,0.33,0.365,0.3,0.247,0.347,0.236,0.194,0.259,0.218,0.295,0.363,0.379,0.366,0.197,0.313,0.238,0.289,0.283,0.287,0.109,0.224,0.251,0.342,0.329,0.341,0.278,0.249,0.246,0.278,
0.0,0.09,0.173,0.271,0.24,0.203,0.317,0.257,0.266,0.302,0.241,0.342,0.298,0.297,0.306,0.262,0.3,0.302,0.276,0.38,0.301,0.283,0.259,0.182,0.31,0.294,0.324,0.36,0.234,0.286,0.316,0.242,0.306,0.286,0.282,0.321,0.241,0.342,0.302,0.264,0.238,0.367,0.359,0.374,0.363,0.23,0.213,0.35,0.306,0.341,0.262,0.308,0.335,0.31,0.311,0.268,0.272,0.3,0.26,0.317,0.306,0.392,0.344,0.274,0.302,0.301,0.299,0.308,0.263,0.317,0.278,0.194,0.316,0.33,0.333,0.338,0.27,0.331,0.24,0.226,0.319,0.319,0.152,0.194,0.306,0.343,0.304,0.288,0.329,0.35,0.238,0.228,0.226,0.276,0.251,0.255,0.33,0.358,0.283,0.342,
0.0,0.193,0.218,0.317,0.24,0.313,0.238,0.294,0.262,0.307,0.288,0.304,0.399,0.328,0.357,0.313,0.353,0.405,0.401,0.382,0.363,0.331,0.27,0.322,0.375,0.361,0.286,0.304,0.352,0.326,0.269,0.258,0.324,0.275,0.255,0.291,0.271,0.372,0.305,0.334,0.327,0.351,0.289,0.15,0.273,0.277,0.316,0.357,0.379,0.319,0.377,0.287,0.329,0.259,0.302,0.36,0.344,0.261,0.24,0.257,0.36,0.394,0.324,0.241,0.249,0.198,0.28,0.326,0.343,0.324,0.289,0.347,0.334,0.299,0.293,0.296,0.324,0.364,0.305,0.365,0.282,0.339,0.372,0.283,0.311,0.246,0.317,0.223,0.343,0.369,0.251,0.362,0.272,0.33,0.289,0.317,0.321,0.282,0.276,0.264,
0.0,0.168,0.24,0.297,0.375,0.36,0.402,0.329,0.378,0.306,0.356,0.343,0.365,0.41,0.404,0.398,0.417,0.415,0.42,0.434,0.355,0.395,0.428,0.392,0.362,0.267,0.383,0.276,0.387,0.32,0.359,0.354,0.374,0.373,0.305,0.363,0.395,0.412,0.42,0.417,0.327,0.305,0.228,0.326,0.321,0.368,0.373,0.344,0.392,0.326,0.262,0.403,0.326,0.364,0.328,0.366,0.378,0.395,0.388,0.351,0.388,0.208,0.358,0.321,0.393,0.35,0.345,0.188,0.337,0.343,0.375,0.33,0.306,0.323,0.302,0.308,0.334,0.322,0.299,0.326,0.362,0.352,0.39,0.4,0.409,0.359,0.323,0.36,0.352,0.338,0.323,0.245,0.279,0.339,0.291,0.416,0.406,0.423,0.426,0.429,
0.0,0.099,0.104,0.29,0.361,0.281,0.21,0.239,0.338,0.394,0.382,0.357,0.346,0.338,0.426,0.339,0.351,0.41,0.365,0.419,0.444,0.345,0.382,0.402,0.376,0.397,0.444,0.449,0.447,0.45,0.447,0.45,0.447,0.422,0.424,0.427,0.423,0.44,0.418,0.237,0.369,0.422,0.294,0.381,0.396,0.303,0.32,0.293,0.35,0.404,0.395,0.405,0.375,0.376,0.392,0.394,0.395,0.35,0.426,0.388,0.402,0.441,0.437,0.4,0.345,0.411,0.405,0.407,0.316,0.269,0.324,0.263,0.422,0.4,0.411,0.379,0.341,0.321,0.427,0.446,0.448,0.447,0.45,0.355,0.354,0.333,0.396,0.322,0.411,0.442,0.404,0.424,0.379,0.419,0.368,0.409,0.403,0.403,0.33,0.326,
0.0,0.175,0.21,0.351,0.326,0.344,0.359,0.386,0.207,0.266,0.321,0.296,0.323,0.358,0.381,0.392,0.381,0.338,0.33,0.332,0.376,0.365,0.36,0.35,0.355,0.369,0.391,0.394,0.372,0.325,0.358,0.352,0.366,0.38,0.389,0.372,0.399,0.376,0.31,0.301,0.256,0.334,0.333,0.346,0.351,0.21,0.313,0.329,0.367,0.393,0.381,0.349,0.397,0.347,0.347,0.318,0.391,0.39,0.308,0.311,0.26,0.369,0.394,0.36,0.365,0.327,0.308,0.241,0.315,0.26,0.362,0.32,0.363,0.314,0.321,0.3,0.331,0.318,0.365,0.263,0.304,0.312,0.321,0.352,0.398,0.25,0.321,0.355,0.37,0.279,0.351,0.348,0.378,0.316,0.361,0.325,0.341,0.367,0.313,0.342,
0.0,0.114,0.326,0.304,0.274,0.374,0.361,0.339,0.299,0.306,0.272,0.35,0.226,0.355,0.304,0.338,0.322,0.306,0.371,0.298,0.307,0.344,0.36,0.401,0.394,0.374,0.216,0.303,0.333,0.28,0.299,0.261,0.323,0.29,0.265,0.323,0.328,0.394,0.348,0.269,0.35,0.363,0.287,0.251,0.336,0.332,0.353,0.272,0.377,0.339,0.351,0.404,0.384,0.224,0.296,0.325,0.335,0.28,0.38,0.331,0.377,0.392,0.298,0.347,0.355,0.349,0.359,0.36,0.214,0.326,0.311,0.252,0.285,0.22,0.275,0.346,0.381,0.334,0.374,0.415,0.38,0.411,0.428,0.4,0.37,0.395,0.4,0.36,0.386,0.354,0.379,0.394,0.402,0.41,0.302,0.358,0.372,0.374,0.378,0.279,
0.0,0.117,0.271,0.242,0.326,0.348,0.365,0.402,0.364,0.353,0.365,0.385,0.352,0.283,0.306,0.301,0.349,0.35,0.333,0.358,0.355,0.315,0.397,0.3,0.367,0.422,0.407,0.402,0.411,0.359,0.367,0.363,0.374,0.323,0.296,0.307,0.323,0.37,0.368,0.384,0.308,0.331,0.331,0.368,0.373,0.389,0.376,0.361,0.312,0.351,0.333,0.286,0.314,0.316,0.387,0.336,0.346,0.319,0.31,0.304,0.282,0.31,0.411,0.308,0.346,0.36,0.267,0.322,0.35,0.372,0.396,0.331,0.385,0.369,0.379,0.387,0.384,0.337,0.357,0.34,0.362,0.362,0.334,0.391,0.41,0.42,0.373,0.386,0.36,0.379,0.35,0.261,0.368,0.338,0.338,0.332,0.331,0.349,0.336,0.362,
0.0,0.056,0.261,0.279,0.261,0.308,0.304,0.246,0.332,0.352,0.329,0.356,0.409,0.379,0.409,0.427,0.391,0.315,0.325,0.347,0.389,0.314,0.339,0.341,0.3,0.333,0.377,0.345,0.403,0.416,0.391,0.402,0.353,0.318,0.309,0.33,0.352,0.393,0.392,0.401,0.367,0.369,0.402,0.396,0.328,0.31,0.379,0.374,0.346,0.378,0.355,0.384,0.299,0.296,0.298,0.325,0.367,0.41,0.405,0.419,0.377,0.262,0.332,0.244,0.334,0.364,0.279,0.256,0.328,0.347,0.307,0.359,0.377,0.392,0.337,0.347,0.41,0.38,0.362,0.305,0.345,0.363,0.333,0.376,0.292,0.36,0.27,0.164,0.262,0.314,0.355,0.322,0.345,0.372,0.4,0.396,0.366,0.346,0.357,0.35,
0.0,0.179,0.295,0.355,0.299,0.315,0.336,0.298,0.345,0.292,0.348,0.299,0.302,0.38,0.264,0.303,0.229,0.283,0.37,0.324,0.325,0.298,0.298,0.362,0.218,0.28,0.28,0.328,0.324,0.368,0.352,0.417,0.336,0.309,0.3,0.269,0.272,0.271,0.213,0.172,0.292,0.34,0.394,0.395,0.329,0.34,0.408,0.41,0.4,0.395,0.409,0.34,0.374,0.378,0.382,0.327,0.342,0.299,0.351,0.366,0.381,0.355,0.349,0.391,0.394,0.399,0.389,0.426,0.423,0.412,0.422,0.392,0.424,0.417,0.311,0.331,0.372,0.408,0.398,0.303,0.306,0.387,0.388,0.407,0.392,0.32,0.328,0.292,0.216,0.209,0.323,0.298,0.342,0.31,0.285,0.36,0.345,0.33,0.393,0.426,
0.0,0.152,0.238,0.211,0.362,0.384,0.372,0.412,0.383,0.397,0.348,0.397,0.378,0.383,0.41,0.398,0.363,0.384,0.392,0.323,0.377,0.421,0.389,0.385,0.409,0.39,0.334,0.39,0.362,0.397,0.369,0.333,0.35,0.307,0.309,0.351,0.253,0.334,0.375,0.387,0.327,0.367,0.391,0.394,0.332,0.374,0.372,0.368,0.329,0.307,0.378,0.351,0.381,0.354,0.342,0.351,0.34,0.369,0.358,0.39,0.367,0.35,0.33,0.367,0.392,0.359,0.376,0.419,0.356,0.39,0.387,0.353,0.315,0.302,0.337,0.358,0.381,0.286,0.332,0.341,0.34,0.351,0.307,0.349,0.356,0.33,0.282,0.302,0.29,0.252,0.269,0.325,0.377,0.33,0.328,0.39,0.398,0.418,0.402,0.378,
0.0,0.182,0.339,0.23,0.353,0.38,0.369,0.325,0.425,0.343,0.342,0.339,0.434,0.324,0.369,0.396,0.403,0.348,0.335,0.365,0.391,0.38,0.327,0.398,0.365,0.38,0.367,0.435,0.44,0.311,0.325,0.356,0.375,0.374,0.331,0.404,0.379,0.317,0.398,0.405,0.311,0.374,0.414,0.4,0.365,0.395,0.358,0.423,0.328,0.415,0.36,0.342,0.413,0.393,0.366,0.427,0.439,0.335,0.431,0.354,0.376,0.413,0.395,0.362,0.33,0.336,0.389,0.352,0.28,0.402,0.258,0.388,0.366,0.318,0.363,0.414,0.339,0.346,0.414,0.402,0.435,0.345,0.309,0.323,0.415,0.401,0.423,0.438,0.35,0.373,0.393,0.408,0.394,0.363,0.376,0.413,0.365,0.4,0.373,0.39,
0.0,0.176,0.185,0.3,0.339,0.292,0.344,0.304,0.229,0.281,0.374,0.336,0.293,0.308,0.215,0.314,0.363,0.415,0.331,0.246,0.331,0.407,0.325,0.32,0.388,0.339,0.333,0.341,0.363,0.347,0.281,0.273,0.328,0.327,0.372,0.353,0.361,0.266,0.366,0.296,0.353,0.241,0.264,0.276,0.33,0.359,0.319,0.323,0.324,0.31,0.276,0.357,0.341,0.293,0.329,0.398,0.316,0.344,0.401,0.406,0.375,0.326,0.278,0.304,0.334,0.283,0.339,0.382,0.327,0.335,0.355,0.385,0.392,0.372,0.37,0.409,0.409,0.374,0.347,0.338,0.368,0.4,0.415,0.341,0.347,0.365,0.324,0.372,0.332,0.331,0.358,0.384,0.367,0.346,0.367,0.377,0.392,0.387,0.386,0.365,
0.0,0.212,0.257,0.273,0.292,0.29,0.289,0.354,0.28,0.331,0.343,0.354,0.355,0.374,0.373,0.364,0.385,0.344,0.351,0.338,0.337,0.355,0.342,0.382,0.23,0.318,0.34,0.353,0.345,0.353,0.365,0.327,0.315,0.301,0.382,0.403,0.366,0.343,0.315,0.384,0.339,0.338,0.355,0.354,0.358,0.386,0.402,0.23,0.252,0.307,0.335,0.31,0.34,0.351,0.328,0.297,0.357,0.354,0.367,0.407,0.397,0.371,0.286,0.287,0.309,0.3,0.347,0.314,0.34,0.233,0.352,0.332,0.363,0.321,0.347,0.33,0.396,0.373,0.361,0.411,0.348,0.331,0.312,0.309,0.294,0.332,0.353,0.339,0.335,0.357,0.327,0.386,0.398,0.37,0.358,0.376,0.419,0.38,0.408,0.387,
0.0,0.034,0.187,0.233,0.242,0.174,0.237,0.289,0.292,0.27,0.208,0.349,0.248,0.25,0.299,0.222,0.256,0.266,0.282,0.377,0.329,0.305,0.348,0.272,0.329,0.27,0.216,0.298,0.315,0.353,0.262,0.28,0.244,0.282,0.188,0.261,0.2,0.218,0.292,0.313,0.242,0.349,0.301,0.293,0.23,0.249,0.288,0.25,0.212,0.199,0.151,0.317,0.264,0.135,0.223,0.338,0.21,0.116,0.247,0.14,0.289,0.337,0.386,0.341,0.299,0.235,0.36,0.355,0.298,0.327,0.315,0.238,0.215,0.256,0.231,0.087,0.29,0.332,0.256,0.285,0.262,0.341,0.173,0.181,0.134,0.291,0.324,0.256,0.281,0.37,0.266,0.207,0.132,0.211,0.317,0.285,0.279,0.264,0.198,0.189,
0.0,0.149,0.201,0.111,0.27,0.195,0.128,0.113,0.18,0.278,0.326,0.289,0.392,0.323,0.215,0.331,0.387,0.259,0.24,0.19,0.29,0.218,0.167,0.272,0.301,0.266,0.362,0.294,0.168,0.206,0.284,0.345,0.347,0.359,0.397,0.222,0.202,0.259,0.324,0.218,0.134,0.169,0.234,0.089,0.292,0.329,0.211,0.119,0.262,0.214,0.098,0.326,0.194,0.193,0.154,0.227,0.145,0.242,0.191,0.269,0.203,0.339,0.27,0.221,0.272,0.354,0.243,0.092,0.221,0.243,0.22,0.123,0.07,0.094,0.234,0.381,0.398,0.242,0.161,0.213,0.137,0.219,0.194,0.346,0.36,0.308,0.365,0.17,0.133,0.299,0.307,0.267,0.203,0.337,0.337,0.406,0.301,0.339,0.3,0.321,
0.0,0.155,0.202,0.321,0.252,0.35,0.326,0.361,0.311,0.341,0.403,0.414,0.369,0.261,0.32,0.365,0.405,0.365,0.376,0.383,0.391,0.391,0.41,0.362,0.39,0.39,0.36,0.378,0.362,0.389,0.384,0.348,0.387,0.384,0.39,0.384,0.386,0.329,0.333,0.393,0.373,0.367,0.394,0.403,0.381,0.391,0.371,0.409,0.385,0.402,0.355,0.373,0.366,0.342,0.378,0.365,0.401,0.391,0.363,0.383,0.343,0.384,0.385,0.381,0.4,0.404,0.381,0.397,0.312,0.335,0.383,0.37,0.392,0.394,0.348,0.333,0.394,0.383,0.376,0.37,0.407,0.411,0.378,0.401,0.334,0.39,0.39,0.389,0.355,0.327,0.32,0.325,0.371,0.366,0.34,0.349,0.373,0.399,0.38,0.404,
0.0,0.235,0.108,0.253,0.289,0.376,0.366,0.408,0.388,0.319,0.306,0.413,0.319,0.367,0.392,0.403,0.376,0.302,0.366,0.319,0.379,0.393,0.343,0.325,0.39,0.358,0.352,0.373,0.354,0.366,0.357,0.259,0.341,0.343,0.359,0.333,0.335,0.413,0.372,0.39,0.367,0.368,0.404,0.437,0.364,0.394,0.365,0.332,0.385,0.42,0.391,0.415,0.339,0.296,0.372,0.34,0.395,0.406,0.391,0.43,0.372,0.381,0.415,0.404,0.366,0.366,0.384,0.383,0.351,0.357,0.359,0.411,0.402,0.362,0.324,0.356,0.359,0.359,0.406,0.379,0.411,0.322,0.333,0.371,0.347,0.391,0.409,0.406,0.41,0.383,0.388,0.411,0.322,0.402,0.368,0.38,0.31,0.337,0.381,0.35,
0.0,0.164,0.278,0.237,0.248,0.204,0.167,0.132,0.306,0.288,0.258,0.263,0.243,0.176,0.202,0.252,0.21,0.202,0.23,0.215,0.194,0.19,0.3,0.158,0.225,0.208,0.247,0.188,0.179,0.112,0.291,0.299,0.303,0.315,0.207,0.163,0.178,0.198,0.225,0.256,0.191,0.291,0.234,0.295,0.373,0.368,0.286,0.174,0.306,0.161,0.145,0.184,0.161,0.248,0.223,0.321,0.319,0.316,0.194,0.226,0.24,0.22,0.219,0.149,0.103,0.127,0.214,0.128,0.211,0.213,0.221,0.308,0.285,0.238,0.205,0.202,0.198,0.26,0.298,0.27,0.198,0.268,0.296,0.368,0.308,0.186,0.241,0.271,0.21,0.193,0.325,0.287,0.27,0.162,0.266,0.254,0.336,0.234,0.247,0.26,
0.0,0.132,0.303,0.193,0.336,0.319,0.338,0.358,0.387,0.385,0.393,0.31,0.386,0.369,0.386,0.373,0.338,0.356,0.392,0.389,0.263,0.357,0.319,0.369,0.339,0.388,0.328,0.372,0.372,0.412,0.438,0.346,0.342,0.343,0.368,0.356,0.398,0.317,0.389,0.372,0.366,0.345,0.376,0.365,0.385,0.351,0.439,0.372,0.387,0.387,0.408,0.394,0.377,0.376,0.296,0.308,0.314,0.397,0.398,0.432,0.359,0.326,0.364,0.4,0.386,0.404,0.349,0.376,0.418,0.369,0.374,0.401,0.362,0.354,0.367,0.38,0.33,0.397,0.382,0.359,0.387,0.336,0.345,0.392,0.361,0.392,0.339,0.354,0.365,0.348,0.386,0.349,0.377,0.388,0.418,0.406,0.37,0.404,0.409,0.384,
0.0,0.09,0.115,0.126,0.126,0.175,0.127,0.074,0.097,0.196,0.182,0.198,0.187,0.253,0.287,0.29,0.351,0.435,0.492,0.539,0.527,0.56,0.563,0.566,0.563,0.566,0.563,0.566,0.563,0.566,0.563,0.566,0.563,0.566,0.563,0.566,0.563,0.566,0.563,0.566,0.563,0.566,0.563,0.566,0.563,0.566,0.563,0.566,0.563,0.566,0.563,0.566,0.563,0.566,0.563,0.566,0.563,0.566,0.563,0.566,0.563,0.566,0.563,0.566,0.563,0.566,0.563,0.566,0.563,0.566,0.563,0.566,0.563,0.566,0.563,0.566,0.563,0.566,0.563,0.566,0.563,0.566,0.563,0.566,0.563,0.566,0.563,0.566,0.563,0.566,0.563,0.566,0.563,0.566,0.563,0.566,0.563,0.566,0.563,0.566,
0.0,0.03,0.192,0.297,0.349,0.405,0.49,0.447,0.48,0.529,0.506,0.481,0.555,0.491,0.501,0.555,0.513,0.495,0.563,0.505,0.504,0.555,0.513,0.495,0.563,0.505,0.504,0.555,0.513,0.495,0.563,0.505,0.504,0.555,0.513,0.495,0.563,0.505,0.504,0.555,0.513,0.495,0.563,0.505,0.504,0.555,0.513,0.495,0.563,0.505,0.504,0.555,0.513,0.495,0.563,0.505,0.504,0.555,0.513,0.495,0.563,0.505,0.504,0.555,0.513,0.495,0.563,0.505,0.504,0.555,0.513,0.495,0.563,0.505,0.504,0.555,0.513,0.495,0.563,0.505,0.504,0.555,0.513,0.495,0.563,0.505,0.504,0.555,0.513,0.495,0.563,0.505,0.504,0.555,0.513,0.495,0.563,0.505,0.504,0.555,
0.0,0.131,0.274,0.341,0.313,0.332,0.374,0.423,0.342,0.366,0.393,0.363,0.318,0.295,0.324,0.431,0.342,0.346,0.358,0.239,0.364,0.354,0.354,0.364,0.414,0.399,0.307,0.361,0.338,0.357,0.422,0.406,0.333,0.406,0.377,0.378,0.383,0.325,0.246,0.369,0.333,0.301,0.406,0.403,0.402,0.451,0.411,0.369,0.423,0.372,0.38,0.427,0.374,0.391,0.433,0.381,0.356,0.374,0.37,0.374,0.442,0.387,0.404,0.42,0.389,0.378,0.438,0.38,0.388,0.405,0.412,0.374,0.443,0.423,0.372,0.356,0.398,0.399,0.301,0.305,0.435,0.294,0.307,0.432,0.369,0.337,0.323,0.233,0.302,0.413,0.34,0.285,0.381,0.308,0.349,0.35,0.285,0.36,0.301,0.326,
0.0,0.007,0.012,0.013,0.013,0.013,0.045,0.065,0.01,0.014,0.012,0.013,0.012,0.013,0.012,0.013,0.012,0.013,0.012,0.013,0.012,0.013,0.035,0.025,0.011,0.013,0.035,0.025,0.011,0.014,0.013,0.013,0.035,0.036,0.01,0.013,0.012,0.013,0.012,0.013,0.012,0.013,0.012,0.013,0.012,0.013,0.035,0.025,0.01,0.013,0.012,0.013,0.012,0.013,0.012,0.013,0.035,0.093,0.016,0.012,0.013,0.012,0.013,0.03,0.013,0.012,0.013,0.012,0.013,0.012,0.013,0.012,0.013,0.013,0.013,0.012,0.013,0.035,0.036,0.011,0.013,0.012,0.013,0.012,0.013,0.012,0.013,0.012,0.013,0.012,0.013,0.012,0.013,0.012,0.013,0.012,0.014,0.012,0.013,0.048,
0.0,0.07,0.15,0.205,0.274,0.385,0.386,0.309,0.345,0.335,0.332,0.343,0.423,0.314,0.392,0.351,0.405,0.402,0.355,0.361,0.36,0.41,0.419,0.424,0.422,0.326,0.322,0.373,0.429,0.442,0.405,0.384,0.401,0.387,0.413,0.328,0.388,0.309,0.171,0.346,0.4,0.372,0.379,0.301,0.354,0.35,0.369,0.263,0.322,0.368,0.358,0.384,0.32,0.376,0.424,0.397,0.346,0.382,0.444,0.401,0.379,0.386,0.354,0.313,0.311,0.306,0.34,0.32,0.34,0.352,0.412,0.445,0.379,0.271,0.26,0.251,0.29,0.23,0.386,0.332,0.237,0.354,0.371,0.39,0.397,0.356,0.412,0.435,0.444,0.446,0.41,0.388,0.405,0.438,0.446,0.358,0.342,0.405,0.393,0.39,
0.0,0.0,0.017,0.13,0.129,0.146,0.199,0.222,0.339,0.418,0.503,0.529,0.454,0.437,0.368,0.466,0.493,0.489,0.497,0.457,0.483,0.507,0.496,0.479,0.518,0.528,0.44,0.482,0.485,0.47,0.518,0.527,0.522,0.46,0.46,0.461,0.53,0.531,0.521,0.535,0.551,0.545,0.465,0.416,0.392,0.449,0.497,0.501,0.472,0.546,0.52,0.528,0.533,0.542,0.54,0.544,0.527,0.52,0.47,0.445,0.412,0.515,0.516,0.452,0.468,0.496,0.508,0.533,0.46,0.483,0.499,0.505,0.505,0.507,0.433,0.427,0.454,0.492,0.493,0.479,0.504,0.527,0.51,0.458,0.419,0.349,0.359,0.419,0.489,0.449,0.468,0.522,0.497,0.501,0.499,0.538,0.554,0.545,0.54,0.496,
0.0,0.03,0.022,0.03,0.027,0.03,0.027,0.03,0.027,0.05,0.039,0.031,0.027,0.03,0.027,0.057,0.02,0.03,0.027,0.03,0.039,0.031,0.027,0.03,0.027,0.057,0.02,0.03,0.027,0.03,0.027,0.03,0.027,0.03,0.027,0.03,0.027,0.03,0.027,0.057,0.02,0.03,0.027,0.03,0.027,0.03,0.027,0.031,0.027,0.03,0.036,0.024,0.024,0.033,0.023,0.033,0.06,0.078,0.041,0.043,0.028,0.029,0.028,0.043,0.032,0.029,0.028,0.043,0.028,0.029,0.028,0.029,0.028,0.061,0.032,0.029,0.028,0.083,0.07,0.054,0.033,0.029,0.028,0.029,0.028,0.029,0.055,0.042,0.028,0.029,0.028,0.061,0.032,0.029,0.059,0.029,0.026,0.029,0.033,0.043,
0.0,0.062,0.079,0.05,0.081,0.091,0.075,0.099,0.058,0.073,0.096,0.054,0.102,0.152,0.115,0.102,0.087,0.098,0.055,0.086,0.055,0.089,0.107,0.163,0.154,0.136,0.119,0.099,0.091,0.07,0.048,0.114,0.089,0.136,0.076,0.141,0.131,0.079,0.053,0.103,0.041,0.055,0.057,0.089,0.061,0.057,0.109,0.112,0.069,0.066,0.11,0.154,0.137,0.113,0.16,0.216,0.312,0.349,0.426,0.517,0.543,0.557,0.559,0.533,0.546,0.566,0.572,0.573,0.573,0.573,0.573,0.573,0.573,0.573,0.573,0.573,0.573,0.573,0.573,0.573,0.573,0.573,0.573,0.573,0.573,0.573,0.573,0.573,0.573,0.573,0.573,0.573,0.573,0.573,0.573,0.573,0.573,0.573,0.573,0.573,
0.0,0.054,0.191,0.321,0.321,0.359,0.355,0.283,0.348,0.358,0.325,0.256,0.363,0.284,0.294,0.21,0.263,0.222,0.273,0.343,0.303,0.291,0.322,0.303,0.358,0.306,0.297,0.343,0.363,0.426,0.299,0.316,0.28,0.414,0.385,0.286,0.363,0.3,0.326,0.419,0.326,0.37,0.271,0.355,0.367,0.38,0.385,0.274,0.384,0.412,0.292,0.318,0.327,0.419,0.386,0.372,0.323,0.258,0.399,0.385,0.286,0.362,0.273,0.39,0.408,0.298,0.319,0.265,0.262,0.343,0.276,0.403,0.385,0.286,0.362,0.3,0.326,0.419,0.3,0.32,0.265,0.262,0.316,0.283,0.322,0.241,0.244,0.263,0.163,0.318,0.265,0.176,0.196,0.181,0.119,0.127,0.256,0.287,0.206,0.264,
0.0,0.05,0.131,0.158,0.121,0.041,0.102,0.16,0.144,0.16,0.232,0.411,0.503,0.533,0.541,0.568,0.534,0.529,0.553,0.545,0.543,0.547,0.536,0.555,0.548,0.536,0.555,0.548,0.536,0.555,0.548,0.536,0.555,0.548,0.536,0.555,0.548,0.536,0.555,0.548,0.536,0.555,0.548,0.536,0.555,0.548,0.536,0.555,0.548,0.536,0.555,0.548,0.536,0.555,0.548,0.536,0.555,0.548,0.536,0.555,0.548,0.536,0.555,0.548,0.536,0.555,0.548,0.536,0.555,0.548,0.536,0.555,0.548,0.536,0.555,0.548,0.536,0.555,0.548,0.536,0.555,0.548,0.536,0.555,0.548,0.536,0.555,0.548,0.536,0.555,0.548,0.536,0.555,0.548,0.536,0.555,0.548,0.536,0.555,0.549,
0.0,0.082,0.032,0.136,0.094,0.079,0.043,0.046,0.108,0.106,0.085,0.06,0.099,0.151,0.258,0.344,0.384,0.478,0.531,0.561,0.564,0.572,0.574,0.575,0.575,0.575,0.575,0.575,0.575,0.575,0.575,0.575,0.575,0.575,0.575,0.575,0.575,0.575,0.575,0.575,0.575,0.575,0.575,0.575,0.575,0.575,0.575,0.575,0.575,0.575,0.575,0.575,0.575,0.575,0.575,0.575,0.575,0.575,0.575,0.575,0.575,0.575,0.575,0.575,0.575,0.575,0.575,0.575,0.575,0.575,0.575,0.575,0.575,0.575,0.575,0.575,0.575,0.575,0.575,0.575,0.575,0.575,0.575,0.575,0.575,0.575,0.575,0.575,0.575,0.575,0.575,0.575,0.575,0.575,0.575,0.575,0.575,0.575,0.575,0.575,
0.0,0.074,0.165,0.311,0.413,0.447,0.469,0.479,0.506,0.512,0.513,0.513,0.513,0.513,0.513,0.513,0.513,0.513,0.513,0.513,0.513,0.513,0.513,0.513,0.513,0.513,0.513,0.513,0.513,0.513,0.513,0.513,0.513,0.513,0.513,0.513,0.513,0.513,0.513,0.513,0.513,0.513,0.513,0.513,0.513,0.513,0.513,0.513,0.513,0.513,0.513,0.513,0.513,0.513,0.513,0.513,0.513,0.513,0.513,0.513,0.513,0.513,0.513,0.513,0.513,0.513,0.513,0.513,0.513,0.513,0.513,0.513,0.513,0.513,0.513,0.513,0.513,0.513,0.513,0.513,0.513,0.513,0.513,0.513,0.513,0.513,0.513,0.513,0.513,0.513,0.513,0.513,0.513,0.513,0.513,0.513,0.513,0.513,0.513,0.513,
0.0,0.207,0.284,0.424,0.511,0.514,0.535,0.524,0.57,0.538,0.521,0.56,0.582,0.581,0.535,0.559,0.578,0.576,0.582,0.576,0.582,0.576,0.582,0.576,0.582,0.576,0.582,0.576,0.582,0.576,0.582,0.576,0.582,0.576,0.582,0.576,0.582,0.576,0.582,0.576,0.582,0.576,0.582,0.576,0.582,0.576,0.582,0.576,0.582,0.576,0.582,0.576,0.582,0.576,0.582,0.576,0.582,0.576,0.582,0.576,0.582,0.576,0.582,0.576,0.582,0.576,0.582,0.576,0.582,0.576,0.582,0.576,0.582,0.576,0.582,0.576,0.582,0.576,0.582,0.576,0.582,0.576,0.582,0.576,0.582,0.576,0.582,0.576,0.582,0.576,0.582,0.576,0.582,0.576,0.582,0.576,0.582,0.576,0.582,0.576,
0.0,0.076,0.079,0.094,0.08,0.078,0.08,0.08,0.084,0.084,0.08,0.087,0.071,0.08,0.067,0.089,0.071,0.071,0.095,0.088,0.095,0.075,0.086,0.07,0.089,0.09,0.082,0.079,0.062,0.083,0.08,0.092,0.08,0.082,0.099,0.082,0.067,0.074,0.087,0.074,0.063,0.086,0.078,0.083,0.084,0.086,0.078,0.078,0.074,0.065,0.073,0.075,0.074,0.065,0.07,0.097,0.119,0.093,0.07,0.062,0.075,0.068,0.092,0.091,0.074,0.091,0.087,0.062,0.083,0.088,0.077,0.075,0.088,0.082,0.082,0.079,0.09,0.066,0.068,0.076,0.098,0.066,0.07,0.091,0.081,0.092,0.068,0.078,0.084,0.068,0.082,0.077,0.084,0.085,0.075,0.085,0.075,0.073,0.08,0.087,
0.0,0.097,0.031,0.178,0.347,0.499,0.508,0.507,0.523,0.55,0.558,0.486,0.504,0.506,0.561,0.571,0.51,0.511,0.541,0.568,0.559,0.511,0.513,0.501,0.573,0.581,0.499,0.505,0.496,0.558,0.566,0.5,0.513,0.5,0.573,0.581,0.499,0.505,0.496,0.558,0.566,0.5,0.513,0.5,0.573,0.581,0.499,0.505,0.496,0.558,0.566,0.5,0.513,0.5,0.573,0.581,0.499,0.505,0.496,0.558,0.566,0.5,0.513,0.5,0.573,0.581,0.499,0.505,0.496,0.558,0.566,0.5,0.513,0.5,0.573,0.581,0.499,0.505,0.496,0.558,0.566,0.5,0.513,0.5,0.573,0.581,0.499,0.505,0.496,0.558,0.566,0.5,0.513,0.5,0.573,0.581,0.499,0.505,0.496,0.557,
0.0,0.15,0.158,0.202,0.284,0.027,0.239,0.23,0.32,0.299,0.206,0.304,0.317,0.418,0.449,0.321,0.313,0.32,0.365,0.437,0.392,0.319,0.288,0.187,0.242,0.285,0.228,0.228,0.299,0.271,0.323,0.415,0.375,0.409,0.45,0.441,0.435,0.448,0.41,0.408,0.443,0.354,0.387,0.404,0.432,0.369,0.405,0.367,0.396,0.413,0.437,0.347,0.396,0.396,0.39,0.356,0.407,0.43,0.421,0.4,0.366,0.383,0.284,0.375,0.416,0.303,0.399,0.319,0.351,0.346,0.344,0.4,0.312,0.345,0.371,0.315,0.398,0.443,0.432,0.41,0.455,0.316,0.274,0.221,0.345,0.364,0.442,0.412,0.374,0.4,0.367,0.399,0.405,0.274,0.324,0.307,0.364,0.344,0.406,0.398,
0.0,0.128,0.155,0.158,0.341,0.303,0.22,0.368,0.328,0.309,0.366,0.359,0.319,0.305,0.397,0.325,0.359,0.324,0.399,0.311,0.356,0.309,0.381,0.287,0.382,0.321,0.303,0.324,0.369,0.371,0.4,0.398,0.369,0.32,0.415,0.411,0.397,0.364,0.376,0.382,0.375,0.389,0.299,0.34,0.363,0.093,0.275,0.392,0.368,0.415,0.388,0.285,0.358,0.307,0.34,0.342,0.413,0.404,0.407,0.427,0.439,0.42,0.34,0.362,0.253,0.323,0.344,0.278,0.395,0.364,0.374,0.327,0.348,0.354,0.305,0.411,0.333,0.338,0.425,0.375,0.315,0.325,0.398,0.372,0.315,0.313,0.384,0.431,0.377,0.39,0.345,0.406,0.351,0.378,0.385,0.313,0.321,0.389,0.315,0.392,
0.0,0.054,0.094,0.062,0.094,0.107,0.07,0.099,0.138,0.286,0.322,0.418,0.449,0.533,0.551,0.548,0.556,0.549,0.557,0.549,0.557,0.549,0.557,0.549,0.557,0.549,0.557,0.549,0.557,0.549,0.557,0.549,0.557,0.549,0.557,0.549,0.557,0.549,0.557,0.549,0.557,0.549,0.557,0.549,0.557,0.549,0.557,0.549,0.557,0.549,0.557,0.549,0.557,0.549,0.557,0.549,0.557,0.549,0.557,0.549,0.557,0.549,0.557,0.549,0.557,0.549,0.557,0.549,0.557,0.549,0.557,0.549,0.557,0.549,0.557,0.549,0.557,0.549,0.557,0.549,0.557,0.549,0.557,0.549,0.557,0.549,0.557,0.549,0.557,0.549,0.557,0.549,0.557,0.549,0.557,0.549,0.557,0.549,0.557,0.549,
0.0,0.231,0.185,0.334,0.384,0.369,0.424,0.44,0.432,0.439,0.408,0.422,0.436,0.44,0.432,0.397,0.416,0.399,0.288,0.407,0.344,0.4,0.292,0.349,0.402,0.377,0.405,0.335,0.287,0.404,0.423,0.426,0.435,0.405,0.425,0.393,0.386,0.365,0.255,0.41,0.36,0.241,0.409,0.375,0.247,0.41,0.374,0.23,0.406,0.431,0.423,0.434,0.405,0.408,0.412,0.32,0.419,0.415,0.421,0.424,0.401,0.413,0.386,0.4,0.375,0.41,0.41,0.411,0.32,0.419,0.436,0.4,0.415,0.386,0.332,0.378,0.429,0.388,0.366,0.377,0.361,0.38,0.422,0.433,0.381,0.387,0.382,0.403,0.398,0.374,0.431,0.422,0.409,0.272,0.405,0.381,0.374,0.321,0.358,0.361,
0.0,0.131,0.254,0.315,0.2,0.156,0.156,0.21,0.324,0.29,0.278,0.36,0.404,0.336,0.357,0.28,0.302,0.318,0.375,0.351,0.379,0.416,0.289,0.298,0.35,0.362,0.403,0.285,0.218,0.159,0.284,0.321,0.229,0.233,0.2,0.219,0.223,0.179,0.257,0.331,0.376,0.42,0.374,0.233,0.253,0.251,0.32,0.324,0.361,0.405,0.429,0.431,0.426,0.419,0.423,0.434,0.434,0.435,0.435,0.435,0.435,0.435,0.435,0.435,0.435,0.435,0.435,0.435,0.435,0.435,0.435,0.435,0.435,0.435,0.435,0.435,0.435,0.435,0.435,0.435,0.435,0.435,0.435,0.435,0.435,0.435,0.435,0.435,0.435,0.435,0.435,0.435,0.435,0.435,0.435,0.435,0.435,0.435,0.435,0.435,
0.0,0.136,0.331,0.27,0.354,0.382,0.314,0.363,0.394,0.358,0.355,0.227,0.299,0.368,0.3,0.281,0.303,0.376,0.319,0.235,0.343,0.352,0.265,0.329,0.342,0.199,0.281,0.318,0.292,0.212,0.297,0.311,0.201,0.326,0.394,0.376,0.325,0.366,0.359,0.196,0.349,0.348,0.363,0.379,0.313,0.384,0.378,0.355,0.299,0.366,0.315,0.295,0.306,0.377,0.398,0.428,0.43,0.378,0.352,0.377,0.341,0.347,0.346,0.306,0.154,0.275,0.323,0.343,0.407,0.418,0.31,0.352,0.35,0.36,0.36,0.366,0.377,0.314,0.367,0.167,0.259,0.365,0.328,0.34,0.366,0.316,0.395,0.382,0.376,0.31,0.296,0.342,0.306,0.343,0.36,0.351,0.381,0.352,0.395,0.315,
0.0,0.124,0.19,0.294,0.31,0.185,0.247,0.159,0.269,0.293,0.338,0.238,0.185,0.158,0.264,0.299,0.268,0.281,0.323,0.278,0.229,0.217,0.136,0.122,0.214,0.193,0.213,0.253,0.274,0.194,0.151,0.182,0.254,0.247,0.222,0.216,0.312,0.208,0.167,0.274,0.282,0.267,0.262,0.192,0.268,0.223,0.221,0.234,0.18,0.173,0.19,0.258,0.245,0.238,0.217,0.193,0.234,0.276,0.32,0.268,0.18,0.26,0.234,0.232,0.261,0.165,0.165,0.155,0.206,0.26,0.259,0.235,0.226,0.269,0.258,0.186,0.278,0.203,0.26,0.283,0.282,0.256,0.181,0.276,0.238,0.175,0.167,0.149,0.211,0.205,0.169,0.213,0.185,0.23,0.24,0.211,0.14,0.26,0.252,0.23,
0.0,0.092,0.278,0.31,0.292,0.368,0.369,0.308,0.322,0.309,0.239,0.193,0.299,0.362,0.331,0.307,0.362,0.316,0.244,0.286,0.199,0.289,0.262,0.31,0.329,0.302,0.313,0.33,0.212,0.309,0.303,0.261,0.244,0.262,0.343,0.304,0.28,0.25,0.315,0.354,0.201,0.244,0.313,0.23,0.294,0.249,0.282,0.269,0.307,0.289,0.285,0.304,0.309,0.334,0.342,0.307,0.319,0.374,0.298,0.31,0.309,0.285,0.304,0.349,0.35,0.399,0.425,0.417,0.348,0.35,0.307,0.315,0.279,0.314,0.283,0.28,0.294,0.32,0.263,0.258,0.215,0.335,0.292,0.315,0.348,0.381,0.273,0.251,0.253,0.341,0.288,0.309,0.289,0.352,0.32,0.272,0.325,0.301,0.321,0.344,
0.0,0.283,0.167,0.222,0.251,0.324,0.295,0.35,0.261,0.234,0.201,0.37,0.278,0.189,0.174,0.285,0.304,0.245,0.109,0.257,0.414,0.271,0.288,0.237,0.399,0.131,0.18,0.236,0.286,0.175,0.306,0.268,0.354,0.333,0.361,0.367,0.32,0.196,0.33,0.329,0.3,0.305,0.201,0.222,0.231,0.251,0.262,0.257,0.301,0.236,0.349,0.333,0.316,0.294,0.197,0.307,0.372,0.255,0.292,0.365,0.416,0.414,0.376,0.373,0.055,0.343,0.343,0.347,0.272,0.265,0.225,0.321,0.39,0.278,0.386,0.388,0.408,0.32,0.382,0.253,0.264,0.285,0.254,0.391,0.315,0.167,0.267,0.354,0.157,0.281,0.261,0.298,0.397,0.299,0.157,0.25,0.287,0.272,0.352,0.207,
0.0,0.119,0.093,0.083,0.255,0.111,0.263,0.26,0.389,0.438,0.436,0.444,0.483,0.482,0.485,0.47,0.468,0.416,0.421,0.464,0.442,0.42,0.414,0.404,0.444,0.496,0.428,0.45,0.477,0.47,0.438,0.442,0.474,0.468,0.474,0.436,0.497,0.457,0.473,0.438,0.487,0.471,0.469,0.495,0.519,0.516,0.468,0.466,0.476,0.486,0.46,0.458,0.435,0.447,0.505,0.45,0.485,0.505,0.512,0.47,0.421,0.435,0.462,0.503,0.493,0.483,0.447,0.49,0.478,0.487,0.516,0.52,0.44,0.433,0.465,0.434,0.402,0.364,0.436,0.484,0.463,0.354,0.388,0.434,0.449,0.399,0.417,0.454,0.429,0.377,0.424,0.425,0.453,0.482,0.424,0.444,0.51,0.518,0.427,0.442,
0.0,0.072,0.095,0.158,0.123,0.219,0.308,0.401,0.507,0.467,0.518,0.53,0.556,0.564,0.561,0.564,0.561,0.564,0.561,0.564,0.561,0.564,0.561,0.564,0.561,0.564,0.561,0.564,0.561,0.564,0.561,0.564,0.561,0.564,0.561,0.564,0.561,0.564,0.561,0.564,0.561,0.564,0.561,0.564,0.561,0.564,0.561,0.564,0.561,0.564,0.561,0.564,0.561,0.564,0.561,0.564,0.561,0.564,0.561,0.564,0.561,0.564,0.561,0.564,0.561,0.564,0.561,0.564,0.561,0.564,0.561,0.564,0.561,0.564,0.561,0.564,0.561,0.564,0.561,0.564,0.561,0.564,0.561,0.564,0.561,0.564,0.561,0.564,0.561,0.564,0.561,0.564,0.561,0.564,0.561,0.564,0.561,0.564,0.561,0.564,
0.0,0.219,0.362,0.489,0.483,0.368,0.452,0.445,0.376,0.371,0.38,0.397,0.386,0.379,0.35,0.304,0.281,0.297,0.354,0.413,0.43,0.44,0.427,0.442,0.397,0.383,0.395,0.407,0.401,0.414,0.396,0.318,0.324,0.411,0.43,0.433,0.415,0.418,0.419,0.439,0.43,0.422,0.405,0.398,0.44,0.427,0.433,0.416,0.362,0.358,0.324,0.329,0.367,0.387,0.424,0.399,0.407,0.373,0.401,0.422,0.429,0.411,0.409,0.329,0.385,0.376,0.416,0.414,0.429,0.412,0.438,0.417,0.394,0.412,0.438,0.442,0.432,0.347,0.367,0.402,0.39,0.394,0.42,0.382,0.397,0.432,0.412,0.368,0.287,0.388,0.425,0.377,0.419,0.349,0.369,0.344,0.369,0.371,0.344,0.389,
0.0,0.198,0.338,0.499,0.572,0.575,0.583,0.576,0.583,0.576,0.583,0.576,0.583,0.576,0.583,0.576,0.583,0.576,0.583,0.576,0.583,0.576,0.583,0.576,0.583,0.576,0.583,0.576,0.583,0.576,0.583,0.576,0.583,0.576,0.583,0.576,0.583,0.576,0.583,0.576,0.583,0.576,0.583,0.576,0.583,0.576,0.583,0.576,0.583,0.576,0.583,0.576,0.583,0.576,0.583,0.576,0.583,0.576,0.583,0.576,0.583,0.576,0.583,0.576,0.583,0.576,0.583,0.576,0.583,0.576,0.583,0.576,0.583,0.576,0.583,0.576,0.583,0.576,0.583,0.576,0.583,0.576,0.583,0.576,0.583,0.576,0.583,0.576,0.583,0.576,0.583,0.576,0.583,0.576,0.583,0.576,0.583,0.576,0.583,0.576,
0.0,0.001,0.003,0.017,0.007,0.001,0.003,0.012,0.007,0.001,0.003,0.012,0.007,0.001,0.003,0.012,0.007,0.001,0.003,0.012,0.007,0.001,0.003,0.012,0.007,0.001,0.003,0.016,0.007,0.001,0.003,0.012,0.007,0.001,0.003,0.012,0.007,0.001,0.003,0.012,0.007,0.001,0.003,0.012,0.007,0.001,0.003,0.012,0.018,0.001,0.003,0.012,0.007,0.001,0.003,0.012,0.007,0.001,0.003,0.012,0.007,0.001,0.003,0.012,0.007,0.001,0.003,0.017,0.007,0.001,0.003,0.012,0.007,0.001,0.003,0.012,0.007,0.001,0.003,0.012,0.007,0.001,0.003,0.012,0.007,0.001,0.003,0.016,0.007,0.001,0.003,0.017,0.007,0.001,0.003,0.012,0.007,0.001,0.003,0.016,
0.0,0.156,0.331,0.333,0.338,0.408,0.437,0.444,0.436,0.4,0.389,0.428,0.431,0.382,0.355,0.415,0.437,0.422,0.411,0.352,0.33,0.404,0.42,0.333,0.412,0.439,0.424,0.39,0.436,0.339,0.348,0.362,0.342,0.347,0.455,0.408,0.424,0.438,0.464,0.439,0.409,0.421,0.423,0.371,0.275,0.377,0.385,0.333,0.376,0.333,0.445,0.42,0.434,0.374,0.402,0.393,0.386,0.412,0.422,0.435,0.429,0.418,0.438,0.42,0.444,0.404,0.313,0.43,0.42,0.345,0.381,0.412,0.425,0.416,0.375,0.411,0.429,0.395,0.396,0.431,0.38,0.4,0.444,0.353,0.386,0.422,0.432,0.389,0.401,0.393,0.358,0.394,0.424,0.386,0.374,0.418,0.439,0.443,0.411,0.443,
0.0,0.12,0.232,0.152,0.31,0.342,0.303,0.342,0.216,0.355,0.429,0.378,0.368,0.402,0.33,0.426,0.42,0.271,0.276,0.32,0.331,0.398,0.398,0.362,0.344,0.372,0.408,0.375,0.368,0.369,0.42,0.371,0.372,0.242,0.336,0.338,0.243,0.215,0.346,0.4,0.425,0.402,0.394,0.391,0.366,0.375,0.402,0.423,0.416,0.403,0.37,0.383,0.363,0.391,0.396,0.362,0.43,0.421,0.282,0.392,0.392,0.391,0.212,0.321,0.328,0.388,0.373,0.369,0.376,0.346,0.353,0.337,0.367,0.36,0.369,0.359,0.407,0.44,0.385,0.311,0.331,0.38,0.363,0.288,0.325,0.331,0.321,0.379,0.346,0.384,0.412,0.36,0.4,0.338,0.393,0.382,0.396,0.436,0.392,0.335,
0.0,0.079,0.131,0.267,0.367,0.483,0.482,0.483,0.51,0.481,0.501,0.55,0.518,0.496,0.485,0.477,0.525,0.554,0.53,0.468,0.477,0.548,0.523,0.485,0.517,0.468,0.475,0.554,0.517,0.485,0.517,0.468,0.475,0.554,0.517,0.485,0.517,0.468,0.475,0.554,0.517,0.485,0.517,0.468,0.475,0.554,0.517,0.485,0.517,0.468,0.475,0.554,0.517,0.485,0.517,0.468,0.475,0.554,0.517,0.485,0.517,0.468,0.475,0.554,0.517,0.485,0.517,0.468,0.475,0.554,0.517,0.485,0.517,0.468,0.475,0.554,0.517,0.485,0.517,0.468,0.475,0.554,0.517,0.485,0.517,0.468,0.475,0.554,0.517,0.485,0.517,0.468,0.475,0.554,0.517,0.485,0.517,0.468,0.475,0.548,
0.0,0.2,0.149,0.251,0.222,0.278,0.26,0.297,0.284,0.372,0.265,0.282,0.302,0.327,0.378,0.311,0.374,0.298,0.294,0.384,0.29,0.279,0.162,0.24,0.332,0.381,0.204,0.196,0.301,0.412,0.414,0.253,0.345,0.375,0.284,0.232,0.267,0.115,0.316,0.186,0.332,0.401,0.302,0.334,0.362,0.411,0.43,0.405,0.366,0.29,0.387,0.366,0.371,0.346,0.389,0.381,0.381,0.417,0.414,0.351,0.248,0.376,0.37,0.393,0.314,0.409,0.26,0.214,0.24,0.25,0.315,0.416,0.307,0.247,0.234,0.267,0.328,0.24,0.327,0.39,0.346,0.381,0.397,0.409,0.343,0.387,0.348,0.366,0.309,0.286,0.393,0.402,0.354,0.37,0.302,0.332,0.36,0.377,0.363,0.315,
0.0,0.062,0.19,0.25,0.334,0.337,0.324,0.325,0.292,0.283,0.305,0.295,0.329,0.304,0.168,0.223,0.149,0.182,0.316,0.337,0.337,0.247,0.269,0.296,0.285,0.273,0.3,0.329,0.356,0.378,0.317,0.365,0.362,0.373,0.313,0.26,0.158,0.274,0.303,0.345,0.32,0.259,0.252,0.272,0.298,0.263,0.269,0.346,0.342,0.332,0.32,0.312,0.365,0.283,0.321,0.315,0.333,0.228,0.225,0.285,0.301,0.335,0.298,0.363,0.309,0.236,0.299,0.107,0.288,0.283,0.286,0.316,0.391,0.33,0.354,0.343,0.266,0.247,0.256,0.309,0.351,0.329,0.333,0.328,0.345,0.311,0.36,0.316,0.272,0.311,0.292,0.307,0.233,0.237,0.313,0.314,0.259,0.233,0.242,0.331,
0.0,0.131,0.19,0.206,0.33,0.231,0.234,0.355,0.211,0.264,0.297,0.348,0.383,0.321,0.251,0.292,0.346,0.346,0.387,0.344,0.371,0.314,0.334,0.325,0.352,0.391,0.385,0.407,0.385,0.27,0.149,0.168,0.267,0.221,0.261,0.251,0.235,0.32,0.182,0.297,0.351,0.3,0.187,0.225,0.205,0.224,0.286,0.281,0.311,0.213,0.285,0.289,0.314,0.305,0.293,0.291,0.18,0.093,0.193,0.248,0.251,0.326,0.329,0.29,0.248,0.309,0.282,0.226,0.298,0.29,0.193,0.206,0.132,0.315,0.146,0.085,0.272,0.269,0.206,0.229,0.242,0.293,0.227,0.268,0.251,0.227,0.221,0.296,0.312,0.317,0.234,0.26,0.292,0.245,0.21,0.327,0.265,0.294,0.327,0.287,
0.0,0.087,0.106,0.321,0.288,0.235,0.339,0.383,0.37,0.316,0.13,0.299,0.311,0.32,0.346,0.347,0.384,0.293,0.198,0.251,0.225,0.285,0.283,0.195,0.281,0.353,0.334,0.31,0.312,0.208,0.216,0.237,0.204,0.359,0.341,0.312,0.231,0.286,0.302,0.239,0.286,0.216,0.31,0.283,0.312,0.287,0.259,0.306,0.249,0.134,0.294,0.281,0.279,0.378,0.385,0.384,0.41,0.407,0.426,0.385,0.385,0.277,0.332,0.324,0.311,0.36,0.374,0.32,0.383,0.299,0.307,0.142,0.335,0.326,0.341,0.404,0.255,0.212,0.201,0.22,0.21,0.203,0.255,0.091,0.301,0.333,0.333,0.347,0.374,0.357,0.377,0.371,0.28,0.208,0.264,0.324,0.05,0.305,0.303,0.281,
0.0,0.172,0.279,0.246,0.323,0.313,0.333,0.293,0.337,0.38,0.362,0.366,0.376,0.312,0.372,0.384,0.394,0.397,0.347,0.383,0.326,0.346,0.322,0.327,0.334,0.372,0.385,0.307,0.348,0.367,0.354,0.305,0.297,0.359,0.344,0.315,0.343,0.3,0.29,0.346,0.272,0.327,0.336,0.353,0.372,0.346,0.347,0.317,0.377,0.392,0.367,0.342,0.317,0.329,0.372,0.34,0.372,0.365,0.381,0.39,0.382,0.371,0.309,0.32,0.337,0.325,0.297,0.359,0.364,0.39,0.398,0.387,0.364,0.33,0.302,0.343,0.343,0.347,0.363,0.35,0.351,0.358,0.34,0.361,0.344,0.35,0.379,0.393,0.388,0.342,0.376,0.36,0.333,0.341,0.368,0.327,0.307,0.323,0.38,0.346,
0.0,0.216,0.314,0.372,0.423,0.388,0.416,0.397,0.385,0.374,0.344,0.417,0.395,0.415,0.422,0.245,0.389,0.398,0.332,0.385,0.387,0.379,0.389,0.394,0.418,0.385,0.429,0.439,0.439,0.429,0.389,0.357,0.351,0.407,0.373,0.402,0.382,0.376,0.355,0.4,0.375,0.349,0.383,0.419,0.318,0.393,0.356,0.351,0.382,0.409,0.343,0.389,0.384,0.342,0.349,0.391,0.356,0.413,0.421,0.242,0.394,0.399,0.413,0.39,0.376,0.356,0.384,0.388,0.37,0.364,0.413,0.412,0.4,0.404,0.347,0.379,0.337,0.391,0.405,0.324,0.311,0.413,0.392,0.401,0.32,0.367,0.386,0.369,0.339,0.325,0.423,0.438,0.439,0.439,0.439,0.439,0.439,0.439,0.439,0.439,
0.0,0.137,0.22,0.361,0.335,0.364,0.428,0.129,0.349,0.415,0.343,0.411,0.274,0.392,0.295,0.408,0.323,0.338,0.398,0.333,0.413,0.422,0.418,0.406,0.412,0.387,0.367,0.353,0.391,0.422,0.372,0.392,0.353,0.402,0.406,0.412,0.387,0.367,0.396,0.368,0.413,0.369,0.382,0.379,0.382,0.39,0.388,0.314,0.357,0.403,0.413,0.352,0.397,0.372,0.31,0.299,0.352,0.357,0.313,0.421,0.381,0.417,0.349,0.38,0.431,0.324,0.427,0.394,0.401,0.388,0.372,0.423,0.407,0.404,0.362,0.413,0.389,0.405,0.399,0.369,0.408,0.381,0.4,0.397,0.335,0.404,0.364,0.434,0.371,0.406,0.354,0.434,0.359,0.408,0.443,0.37,0.396,0.396,0.359,0.384,
0.0,0.112,0.208,0.332,0.231,0.251,0.226,0.301,0.24,0.255,0.36,0.317,0.365,0.394,0.339,0.378,0.375,0.379,0.394,0.395,0.267,0.28,0.286,0.31,0.292,0.368,0.354,0.29,0.289,0.313,0.343,0.311,0.37,0.362,0.322,0.28,0.247,0.159,0.318,0.369,0.296,0.369,0.387,0.355,0.376,0.374,0.372,0.308,0.301,0.343,0.278,0.314,0.331,0.371,0.388,0.359,0.275,0.306,0.324,0.298,0.292,0.346,0.406,0.398,0.414,0.358,0.278,0.3,0.318,0.315,0.341,0.361,0.28,0.268,0.369,0.369,0.406,0.42,0.326,0.323,0.373,0.369,0.377,0.255,0.33,0.341,0.356,0.378,0.403,0.365,0.31,0.292,0.34,0.315,0.3,0.284,0.247,0.223,0.355,0.302,


