

Data analysis for each instance 
AVG,MED,MAX,MIN
0,0.245,0.405,0.357,0.408,0.366,0.38,0.384,0.354,0.435,
0,0.166,0.227,0.298,0.349,0.223,0.332,0.323,0.286,0.21,
0,0.185,0.19,0.238,0.126,0.199,0.163,0.222,0.164,0.179,
0,0.194,0.295,0.278,0.267,0.125,0.202,0.182,0.274,0.324,
0,0.055,0.128,0.188,0.277,0.2,0.231,0.282,0.227,0.251,
0,0.179,0.213,0.102,0.142,0.146,0.219,0.213,0.242,0.266,
0,0.173,0.265,0.303,0.223,0.291,0.303,0.234,0.302,0.297,
0,0.221,0.189,0.318,0.348,0.34,0.325,0.351,0.28,0.331,
0,0.315,0.287,0.362,0.36,0.361,0.367,0.284,0.243,0.458,
0,0.126,0.151,0.267,0.312,0.206,0.219,0.203,0.201,0.269,
0,0.155,0.161,0.215,0.124,0.134,0.185,0.154,0.19,0.18,
0,0.347,0.306,0.327,0.294,0.258,0.3,0.322,0.329,0.283,
0,0.126,0.234,0.175,0.194,0.213,0.267,0.205,0.186,0.273,
0,0.14,0.119,0.271,0.294,0.324,0.332,0.364,0.232,0.335,
0,0.192,0.086,0.229,0.078,0.216,0.146,0.161,0.206,0.094,
0,0.032,0.142,0.232,0.205,0.211,0.14,0.132,0.216,0.168,
0,0.065,0.13,0.183,0.16,0.242,0.151,0.113,0.158,0.155,
0,0.072,0.086,0.116,0.104,0.181,0.109,0.221,0.246,0.069,
0,0.221,0.22,0.235,0.257,0.287,0.307,0.332,0.272,0.332,
0,0.161,0.213,0.313,0.288,0.238,0.299,0.2,0.243,0.234,
0,0.07,0.081,0.088,0.073,0.106,0.152,0.104,0.111,0.091,
0,0.187,0.252,0.186,0.216,0.237,0.171,0.193,0.167,0.243,
0,0.24,0.32,0.344,0.368,0.427,0.389,0.398,0.408,0.437,
0,0.019,0.171,0.177,0.092,0.19,0.27,0.189,0.184,0.164,
0,0.103,0.241,0.245,0.278,0.296,0.269,0.232,0.264,0.204,
0,0.433,0.549,0.544,0.562,0.531,0.555,0.537,0.568,0.567,
0,0.211,0.278,0.323,0.275,0.267,0.167,0.293,0.28,0.234,
0,0.18,0.147,0.189,0.219,0.156,0.255,0.174,0.291,0.367,
0,0.151,0.201,0.191,0.248,0.166,0.229,0.255,0.311,0.25,
0,0.077,0.135,0.185,0.163,0.144,0.137,0.163,0.048,0.146,
0,0.138,0.205,0.182,0.209,0.19,0.285,0.219,0.202,0.125,
0,0.318,0.424,0.392,0.38,0.434,0.409,0.365,0.296,0.409,
0,0.339,0.226,0.321,0.227,0.379,0.401,0.433,0.301,0.309,
0,0.161,0.149,0.223,0.262,0.17,0.213,0.226,0.208,0.166,
0,0.069,0.122,0.121,0.151,0.077,0.091,0.079,0.184,0.121,
0,0.183,0.227,0.23,0.269,0.187,0.197,0.258,0.273,0.239,
0,0.282,0.239,0.181,0.316,0.423,0.333,0.355,0.382,0.396,
0,0.241,0.293,0.381,0.441,0.365,0.299,0.248,0.26,0.177,
0,0.478,0.4,0.428,0.464,0.462,0.472,0.44,0.504,0.463,
0,0.167,0.299,0.227,0.279,0.346,0.424,0.387,0.351,0.465,
0,0.074,0.16,0.158,0.123,0.125,0.155,0.198,0.214,0.23,
0,0.073,0.125,0.244,0.226,0.241,0.185,0.171,0.157,0.203,
0,0.206,0.311,0.325,0.435,0.372,0.428,0.399,0.4,0.427,
0,0.252,0.304,0.315,0.301,0.257,0.292,0.369,0.204,0.35,
0,0.118,0.187,0.189,0.05,0.11,0.177,0.161,0.157,0.114,
0,0.135,0.123,0.077,0.159,0.14,0.193,0.156,0.14,0.208,
0,0.089,0.173,0.104,0.166,0.23,0.197,0.289,0.166,0.114,
0,0.347,0.371,0.349,0.4,0.345,0.366,0.268,0.323,0.354,
0,0.146,0.166,0.13,0.209,0.194,0.173,0.166,0.196,0.171,
0,0.2,0.193,0.221,0.205,0.252,0.113,0.258,0.223,0.21,
0,0.201,0.195,0.198,0.132,0.243,0.23,0.203,0.235,0.235,
0,0.089,0.15,0.233,0.198,0.209,0.245,0.18,0.307,0.262,
0,0.23,0.251,0.285,0.249,0.308,0.311,0.223,0.335,0.265,
0,0.152,0.127,0.292,0.254,0.227,0.3,0.217,0.243,0.272,
0,0.201,0.3,0.325,0.264,0.348,0.286,0.266,0.345,0.375,
0,0.293,0.266,0.244,0.305,0.256,0.258,0.333,0.24,0.269,
0,0.16,0.164,0.248,0.328,0.196,0.087,0.211,0.282,0.14,
0,0.216,0.181,0.283,0.277,0.226,0.24,0.177,0.231,0.138,
0,0.288,0.219,0.225,0.251,0.312,0.277,0.32,0.214,0.298,
0,0.137,0.105,0.185,0.214,0.148,0.184,0.156,0.195,0.202,
0,0.122,0.191,0.16,0.229,0.236,0.248,0.216,0.2,0.176,
0,0.419,0.571,0.514,0.588,0.535,0.547,0.512,0.536,0.444,
0,0.024,0.137,0.175,0.127,0.205,0.204,0.118,0.154,0.139,
0,0.171,0.21,0.18,0.303,0.254,0.175,0.245,0.305,0.34,
0,0.085,0.167,0.101,0.211,0.128,0.165,0.162,0.233,0.232,
0,0.442,0.343,0.377,0.375,0.27,0.369,0.402,0.388,0.424,
0,0.176,0.222,0.221,0.117,0.188,0.201,0.241,0.169,0.127,
0,0.3,0.33,0.309,0.304,0.405,0.402,0.322,0.329,0.38,
0,0.104,0.108,0.161,0.132,0.178,0.179,0.111,0.199,0.181,
0,0.167,0.125,0.159,0.179,0.159,0.194,0.189,0.265,0.174,
0,0.307,0.212,0.222,0.285,0.28,0.308,0.299,0.346,0.32,
0,0.091,0.102,0.163,0.042,0.163,0.128,0.198,0.119,0.207,
0,0.095,0.143,0.22,0.163,0.215,0.176,0.185,0.156,0.225,
0,0.4,0.393,0.316,0.306,0.435,0.343,0.292,0.352,0.379,
0,0.03,0.11,0.139,0.119,0.133,0.146,0.14,0.114,0.093,
0,0.123,0.153,0.138,0.126,0.209,0.233,0.201,0.186,0.241,
0,0.168,0.255,0.275,0.289,0.294,0.332,0.197,0.315,0.315,
0,0.1,0.149,0.167,0.142,0.155,0.239,0.195,0.09,0.196,
0,0.127,0.152,0.17,0.178,0.192,0.254,0.134,0.158,0.232,
0,0.053,0.176,0.195,0.257,0.243,0.249,0.323,0.216,0.193,
0,0.022,0.112,0.152,0.179,0.137,0.066,0.215,0.215,0.182,
0,0.13,0.15,0.245,0.288,0.192,0.157,0.203,0.225,0.184,
0,0.232,0.212,0.146,0.107,0.146,0.112,0.236,0.22,0.205,
0,0.092,0.139,0.14,0.178,0.161,0.27,0.187,0.215,0.128,
0,0.159,0.158,0.258,0.244,0.23,0.157,0.13,0.198,0.146,
0,0.116,0.068,0.169,0.186,0.246,0.195,0.205,0.195,0.171,
0,0.339,0.313,0.369,0.38,0.248,0.358,0.363,0.364,0.414,
0,0.272,0.255,0.354,0.274,0.398,0.284,0.309,0.34,0.382,
0,0.101,0.2,0.233,0.164,0.272,0.177,0.265,0.212,0.264,
0,0.155,0.148,0.248,0.196,0.288,0.202,0.292,0.256,0.225,
0,0.179,0.249,0.301,0.243,0.309,0.265,0.226,0.23,0.241,
0,0.197,0.223,0.243,0.112,0.208,0.245,0.197,0.141,0.2,
0,0.355,0.361,0.335,0.289,0.438,0.369,0.328,0.306,0.325,
0,0.217,0.248,0.209,0.216,0.261,0.249,0.246,0.31,0.345,
0,0.192,0.301,0.404,0.282,0.298,0.305,0.267,0.294,0.273,
0,0.107,0.232,0.164,0.19,0.192,0.181,0.238,0.141,0.166,
0,0.149,0.088,0.125,0.127,0.154,0.071,0.101,0.168,0.18,
0,0.185,0.288,0.232,0.246,0.285,0.222,0.258,0.25,0.253,
0,0.213,0.187,0.307,0.25,0.317,0.266,0.262,0.228,0.191,
0,0.087,0.129,0.141,0.131,0.125,0.162,0.22,0.1,0.129,
0,0.044,0.142,0.198,0.123,0.248,0.234,0.134,0.194,0.073,
0,-0.014,0.28,0.168,0.277,0.309,0.186,0.152,0.318,0.181,
0,0.067,0.145,0.052,0.184,0.159,0.104,0.147,0.227,0.106,
0,0.145,0.189,0.138,0.193,0.235,0.259,0.148,0.223,0.197,
0,0.081,0.158,0.217,0.18,0.154,0.275,0.17,0.242,0.176,
0,0.043,0.125,0.132,0.115,0.05,0.178,0.1,0.101,0.139,
0,0.207,0.3,0.219,0.233,0.178,0.22,0.257,0.338,0.205,
0,0.07,0.112,0.13,0.116,0.099,0.02,0.159,0.108,0.079,
0,0.081,0.114,0.127,0.163,0.158,0.141,0.171,0.252,0.093,
0,0.288,0.295,0.275,0.21,0.343,0.239,0.364,0.345,0.355,
0,0.305,0.185,0.179,0.299,0.209,0.217,0.19,0.173,0.189,
0,0.294,0.362,0.385,0.216,0.375,0.395,0.348,0.308,0.321,
0,0.091,0.126,0.169,0.116,0.329,0.316,0.38,0.189,0.115,
0,0.089,0.033,0.191,0.221,0.149,0.172,0.105,0.198,0.166,
0,0.071,0.183,0.17,0.214,0.177,0.167,0.178,0.163,0.13,
0,0.125,0.135,0.264,0.138,0.165,0.228,0.222,0.213,0.207,
0,0.192,0.136,0.154,0.218,0.121,0.2,0.148,0.186,0.201,
0,0.351,0.272,0.353,0.318,0.348,0.427,0.318,0.327,0.332,
0,0.128,0.076,0.119,0.078,0.152,0.154,0.114,0.123,0.144,
0,0.293,0.302,0.364,0.294,0.397,0.351,0.358,0.363,0.382,
0,0.303,0.226,0.313,0.302,0.321,0.298,0.347,0.315,0.31,
0,0.169,0.159,0.185,0.147,0.253,0.219,0.201,0.158,0.279,
0,0.053,0.081,0.115,0.093,0.087,0.145,0.126,0.084,0.15,
0,0.109,0.116,0.085,0.218,0.116,0.241,0.224,0.327,0.241,
0,0.033,0.143,0.129,0.164,0.169,0.121,0.145,0.151,0.141,
0,0.076,0.039,0.222,0.278,0.218,0.19,0.204,0.176,0.277,
0,0.087,0.175,0.136,0.182,0.099,0.09,0.045,0.235,0.061,
0,0.052,0.102,0.147,0.098,0.06,0.106,0.046,0.158,0.208,
0,0.292,0.26,0.306,0.304,0.34,0.425,0.432,0.392,0.332,
0,0.075,0.039,0.06,0.108,0.184,0.08,0.143,0.185,0.205,
0,0.196,0.318,0.191,0.285,0.265,0.294,0.241,0.247,0.179,
0,0.02,0.115,0.125,0.221,0.153,0.214,0.19,0.186,0.129,
0,0.339,0.227,0.268,0.232,0.288,0.362,0.28,0.372,0.394,
0,0.432,0.326,0.422,0.439,0.46,0.374,0.42,0.509,0.401,
0,0.044,0.139,0.113,0.102,0.141,0.127,0.157,0.116,0.13,
0,0.284,0.422,0.363,0.408,0.356,0.377,0.451,0.293,0.286,
0,0.423,0.45,0.461,0.49,0.403,0.472,0.529,0.404,0.485,
0,0.186,0.251,0.312,0.136,0.334,0.257,0.354,0.297,0.248,
0,0.021,0.151,0.153,0.16,0.194,0.157,0.226,0.198,0.173,
0,0.373,0.452,0.445,0.414,0.408,0.461,0.441,0.354,0.483,
0,0.076,0.194,0.117,0.276,0.27,0.219,0.265,0.271,0.246,
0,0.365,0.372,0.413,0.426,0.521,0.5,0.521,0.525,0.571,
0,0.273,0.297,0.289,0.259,0.299,0.25,0.27,0.29,0.239,
0,0.154,0.147,0.22,0.124,0.205,0.174,0.241,0.178,0.279,
0,0.035,0.028,0.068,0.109,0.12,0.108,0.13,0.056,0.094,
0,0.051,0.108,0.152,0.068,0.078,0.034,0.069,0.102,0.146,
0,0.014,0.096,0.122,0.128,0.076,0.046,0.044,0.071,0.146,
0,0.075,0.13,0.214,0.2,0.151,0.185,0.211,0.202,0.18,
0,0.05,0.107,0.255,0.24,0.25,0.232,0.245,0.181,0.223,
0,0.119,0.066,0.151,0.138,0.166,0.134,0.121,0.101,0.132,
0,0.162,0.224,0.15,0.203,0.278,0.22,0.221,0.256,0.278,
0,0.17,0.123,0.246,0.254,0.208,0.198,0.204,0.186,0.147,
0,0.134,0.079,0.163,0.209,0.165,0.178,0.142,0.331,0.254,
0,0.264,0.288,0.247,0.317,0.264,0.325,0.317,0.282,0.35,
0,0.207,0.251,0.178,0.276,0.347,0.273,0.196,0.291,0.255,
0,0.203,0.206,0.171,0.222,0.16,0.195,0.173,0.218,0.272,
0,0.109,0.115,0.115,0.069,0.183,0.174,0.074,0.15,0.199,
0,0.389,0.306,0.345,0.31,0.273,0.302,0.313,0.355,0.328,
0,0.29,0.289,0.322,0.199,0.191,0.256,0.341,0.242,0.289,
0,0.136,0.185,0.119,0.167,0.054,0.148,0.174,0.103,0.156,
0,0.149,0.223,0.273,0.271,0.262,0.29,0.367,0.296,0.332,
0,0.149,0.246,0.266,0.241,0.239,0.318,0.296,0.328,0.269,
0,0.228,0.107,0.226,0.217,0.239,0.206,0.194,0.219,0.254,
0,0.018,0.073,0.087,0.175,0.175,0.216,0.223,0.257,0.149,
0,0.318,0.371,0.294,0.331,0.465,0.497,0.396,0.344,0.365,
0,0.201,0.215,0.26,0.263,0.225,0.341,0.334,0.341,0.346,
0,0.06,0.102,0.097,0.136,0.144,0.061,0.123,0.16,0.069,
0,0.07,0.13,0.123,0.211,0.147,0.225,0.311,0.199,0.126,
0,0.116,0.147,0.229,0.3,0.181,0.252,0.269,0.229,0.217,
0,0.074,0.088,0.122,0.095,0.164,0.134,0.156,0.144,0.121,
0,0.154,0.204,0.264,0.178,0.28,0.241,0.208,0.134,0.153,
0,0.464,0.371,0.468,0.449,0.471,0.512,0.531,0.458,0.535,
0,0.284,0.439,0.466,0.404,0.434,0.431,0.416,0.506,0.368,
0,0.16,0.21,0.235,0.19,0.243,0.277,0.228,0.27,0.337,
0,0.147,0.165,0.237,0.198,0.259,0.18,0.268,0.266,0.288,
0,0.364,0.463,0.598,0.546,0.572,0.517,0.606,0.6,0.574,
0,0.382,0.416,0.534,0.341,0.425,0.416,0.47,0.475,0.486,
0,0.172,0.129,0.212,0.227,0.272,0.249,0.221,0.232,0.287,
0,0.256,0.183,0.215,0.271,0.255,0.149,0.232,0.143,0.207,
0,0.226,0.215,0.271,0.298,0.256,0.241,0.185,0.261,0.221,
0,0.334,0.346,0.317,0.334,0.321,0.276,0.356,0.309,0.364,
0,0.159,0.194,0.265,0.159,0.195,0.137,0.117,0.224,0.234,
0,0.184,0.198,0.219,0.185,0.12,0.171,0.145,0.209,0.227,
0,0.364,0.302,0.247,0.194,0.294,0.322,0.247,0.243,0.269,
0,0.023,0.068,0.155,0.139,0.102,0.137,0.164,0.142,0.111,
0,0.077,0.071,0.138,0.194,0.205,0.123,0.208,0.188,0.137,
0,0.118,0.214,0.232,0.232,0.321,0.239,0.236,0.275,0.315,
0,0.049,0.209,0.144,0.335,0.244,0.174,0.229,0.233,0.247,
0,0.186,0.163,0.195,0.23,0.243,0.269,0.345,0.23,0.176,
0,0.197,0.214,0.253,0.362,0.363,0.283,0.251,0.295,0.305,
0,0.277,0.231,0.365,0.283,0.226,0.223,0.312,0.231,0.239,
0,0.267,0.149,0.326,0.31,0.214,0.319,0.244,0.28,0.357,
0,0.114,0.249,0.297,0.338,0.334,0.449,0.41,0.435,0.391,
0,0.152,0.09,0.182,0.151,0.227,0.266,0.137,0.198,0.18,
0,0.013,0.079,0.164,0.143,0.193,0.209,0.159,0.195,0.17,
0,0.089,0.128,0.127,0.137,0.253,0.193,0.154,0.088,-0.017,
0,0.209,0.305,0.241,0.213,0.256,0.181,0.206,0.236,0.291,
0,0.083,0.155,0.244,0.205,0.218,0.155,0.129,0.164,0.155,
0,0.251,0.3,0.252,0.287,0.328,0.345,0.248,0.202,0.275,
0,0.171,0.081,0.203,0.253,0.216,0.185,0.254,0.216,0.262,
0,0.029,0.068,0.105,0.111,0.138,0.191,0.138,0.137,0.134,
0,0.064,0.215,0.154,0.214,0.185,0.184,0.173,0.336,0.094,
0,0.039,-0.054,0.071,0.041,0.174,0.076,0.147,0.217,0.159,
0,0.069,0.146,0.184,0.229,0.281,0.174,0.145,0.234,0.121,
0,0.167,0.146,0.199,0.208,0.156,0.231,0.163,0.251,0.171,
0,0.265,0.23,0.208,0.244,0.344,0.2,0.347,0.261,0.202,
0,0.207,0.176,0.265,0.183,0.134,0.289,0.234,0.254,0.196,
0,0.054,0.157,0.092,0.148,0.144,0.107,0.14,0.151,0.178,
0,0.053,0.139,0.055,0.066,0.114,0.15,0.136,0.16,0.078,
0,0.15,0.223,0.274,0.262,0.255,0.248,0.272,0.184,0.302,
0,0.118,0.191,0.234,0.219,0.301,0.265,0.261,0.312,0.27,
0,0.067,0.151,0.259,0.129,0.256,0.191,0.241,0.219,0.223,
0,0.03,0.071,0.224,0.157,0.146,-0.005,0.102,0.097,0.128,
0,0.191,0.154,0.255,0.173,0.264,0.117,0.151,0.128,0.131,
0,0.403,0.421,0.481,0.495,0.542,0.496,0.587,0.522,0.591,
0,0.045,0.1,0.103,0.11,0.15,0.083,0.091,0.143,0.196,
0,0.225,0.177,0.274,0.285,0.243,0.215,0.271,0.262,0.207,
0,0.147,0.152,0.28,0.231,0.17,0.258,0.215,0.216,0.219,
0,0.084,0.185,0.117,0.194,0.189,0.075,0.236,0.179,0.114,
0,0.129,0.111,0.222,0.146,0.185,0.14,0.127,0.19,0.165,
0,0.122,0.213,0.393,0.368,0.406,0.428,0.43,0.332,0.273,
0,0.233,0.217,0.227,0.249,0.255,0.192,0.268,0.26,0.161,
0,0.066,0.162,0.152,0.232,0.105,0.161,0.15,0.171,0.146,
0,0.113,0.233,0.134,0.215,0.206,0.296,0.293,0.28,0.294,
0,0.276,0.284,0.339,0.273,0.165,0.286,0.204,0.365,0.216,
0,0.368,0.454,0.494,0.45,0.501,0.477,0.497,0.428,0.512,
0,0.194,0.112,0.135,0.189,0.273,0.302,0.249,0.289,0.294,
0,0.234,0.222,0.325,0.302,0.352,0.312,0.364,0.364,0.317,
0,0.07,0.096,0.104,0.114,0.087,0.145,0.135,0.098,0.063,
0,0.226,0.191,0.266,0.198,0.107,0.262,0.183,0.168,0.265,
0,0.068,0.065,0.202,0.104,0.068,0.143,0.091,0.117,0.102,
0,0.212,0.285,0.266,0.205,0.25,0.221,0.284,0.225,0.228,
0,0.197,0.314,0.305,0.234,0.236,0.375,0.226,0.282,0.313,
0,0.217,0.281,0.39,0.292,0.307,0.337,0.356,0.219,0.257,
0,0.121,0.235,0.283,0.307,0.297,0.216,0.29,0.205,0.14,
0,0.118,0.231,0.186,0.189,0.159,0.193,0.14,0.265,0.196,
0,0.105,0.16,0.217,0.207,0.212,0.189,0.273,0.154,0.252,
0,0.106,0.28,0.269,0.333,0.366,0.361,0.291,0.406,0.416,
0,0.119,0.236,0.27,0.25,0.195,0.268,0.29,0.24,0.239,
0,0.264,0.287,0.341,0.281,0.315,0.257,0.314,0.359,0.342,
0,0.106,0.069,0.169,0.154,0.213,0.133,0.183,0.173,0.155,
0,0.174,0.158,0.148,0.099,0.153,0.138,0.165,0.075,0.066,
0,0.412,0.338,0.282,0.267,0.229,0.301,0.332,0.403,0.414,
0,0.224,0.178,0.306,0.239,0.268,0.318,0.266,0.291,0.287,
0,0.362,0.367,0.501,0.488,0.374,0.474,0.339,0.455,0.329,
0,0.07,0.14,0.185,0.224,0.187,0.256,0.271,0.215,0.237,
0,0.324,0.218,0.168,0.192,0.29,0.347,0.284,0.188,0.395,
0,0.105,0.143,0.158,0.128,0.23,0.211,0.277,0.152,0.168,
0,0.15,0.071,0.185,0.204,0.198,0.183,0.231,0.244,0.133,
0,0.042,0.166,0.221,0.14,0.328,0.311,0.369,0.312,0.306,
0,0.075,0.094,0.119,0.195,0.201,0.157,0.193,0.251,0.19,
0,0.05,0.2,0.167,0.232,0.07,0.152,0.053,0.165,0.227,
0,0.023,0.135,0.153,0.153,0.148,0.267,0.195,0.091,0.164,
0,0.128,0.109,0.198,0.195,0.138,0.188,0.148,0.123,0.232,
0,0.181,0.174,0.254,0.271,0.261,0.302,0.257,0.294,0.214,
0,0.202,0.199,0.254,0.241,0.269,0.198,0.284,0.315,0.262,
0,0.089,0.077,0.205,0.173,0.166,0.279,0.158,0.261,0.14,
0,0.251,0.247,0.201,0.173,0.296,0.159,0.222,0.206,0.183,
0,0.2,0.118,0.115,0.223,0.145,0.183,0.215,0.251,0.261,
0,0.181,0.176,0.128,0.152,0.158,0.14,0.176,0.087,0.115,
0,0.036,0.163,0.125,0.073,0.161,0.13,0.088,0.097,0.157,
0,0.114,0.295,0.225,0.221,0.131,0.216,0.283,0.249,0.183,
0,0.061,0.09,0.077,0.152,0.037,-0.012,0.11,0.089,0.082,
0,0.328,0.333,0.344,0.34,0.32,0.317,0.349,0.368,0.3,
0,0.123,0.183,0.311,0.315,0.264,0.238,0.22,0.311,0.249,
0,0.206,0.321,0.38,0.38,0.428,0.4,0.322,0.271,0.399,
0,0.223,0.233,0.274,0.253,0.224,0.279,0.265,0.338,0.269,
0,0.13,0.127,0.177,0.141,0.12,0.143,0.136,0.055,0.166,
0,0.239,0.4,0.361,0.227,0.342,0.329,0.316,0.277,0.297,
0,0.208,0.259,0.409,0.271,0.262,0.285,0.282,0.264,0.291,
0,0.071,0.172,0.18,0.063,0.147,0.086,0.217,0.121,0.183,
0,0.238,0.283,0.31,0.412,0.331,0.286,0.243,0.248,0.262,
0,0.263,0.158,0.215,0.335,0.306,0.255,0.237,0.318,0.209,
0,0.069,0.132,0.138,0.152,0.136,0.177,0.124,0.183,0.134,
0,0.356,0.296,0.257,0.32,0.248,0.313,0.353,0.402,0.394,
0,0.352,0.425,0.361,0.316,0.338,0.36,0.446,0.417,0.377,
0,0.216,0.243,0.299,0.274,0.305,0.33,0.248,0.161,0.196,
0,0.08,0.138,0.264,0.165,0.227,0.265,0.218,0.254,0.283,
0,0.308,0.353,0.375,0.315,0.426,0.438,0.421,0.41,0.346,
0,0.156,0.224,0.228,0.255,0.254,0.29,0.263,0.267,0.231,
0,0.11,0.175,0.22,0.28,0.109,0.26,0.313,0.219,0.148,
0,0.124,0.22,0.141,0.105,0.162,0.191,0.151,0.226,0.112,
0,0.186,0.184,0.166,0.134,0.172,0.244,0.219,0.234,0.319,
0,0.297,0.33,0.211,0.355,0.248,0.286,0.271,0.241,0.241,
0,0.185,0.267,0.322,0.232,0.283,0.211,0.285,0.247,0.268,
0,0.151,0.199,0.229,0.288,0.262,0.289,0.301,0.218,0.256,
0,0.088,0.105,0.11,0.189,0.124,0.131,0.227,0.183,0.182,
0,0.19,0.077,0.206,0.213,0.271,0.187,0.178,0.139,0.229,
0,0.336,0.376,0.264,0.297,0.329,0.249,0.256,0.287,0.234,
0,0.326,0.133,0.087,0.197,0.123,0.15,0.176,0.276,0.255,
0,0.047,0.145,0.19,0.182,0.148,0.167,0.152,0.169,0.239,
0,0.099,0.164,0.148,0.186,0.129,0.212,0.192,0.185,0.181,
0,0.113,0.158,0.177,0.204,0.196,0.21,0.264,0.248,0.168,
0,0.09,0.12,0.182,0.18,0.202,0.256,0.149,0.239,0.155,
0,0.075,0.097,0.108,0.128,0.112,0.219,0.228,0.084,0.073,
0,0.176,0.107,0.205,0.262,0.312,0.247,0.167,0.366,0.213,
0,0.088,0.15,0.118,0.177,0.148,0.164,0.204,0.231,0.198,
0,0.096,0.094,0.185,0.092,0.166,0.248,0.17,0.213,0.193,
0,0.166,0.216,0.112,0.201,0.179,0.238,0.249,0.236,0.292,
0,0.257,0.304,0.293,0.307,0.213,0.312,0.31,0.326,0.373,
0,0.173,0.154,0.202,0.154,0.2,0.168,0.175,0.236,0.166,
0,0.231,0.165,0.142,0.248,0.263,0.238,0.384,0.199,0.209,
0,0.07,0.011,0.16,0.169,0.158,0.215,0.153,0.189,0.101,
0,0.502,0.499,0.556,0.56,0.552,0.543,0.558,0.524,0.602,
0,0.377,0.491,0.468,0.436,0.441,0.474,0.349,0.448,0.403,
0,0.127,0.122,0.202,0.149,0.095,0.187,0.236,0.139,0.088,
0,0.092,0.065,0.245,0.249,0.242,0.123,0.178,0.138,0.155,
0,0.166,0.152,0.258,0.13,0.162,0.068,0.095,0.166,0.175,
0,0.114,0.15,0.193,0.133,0.198,0.256,0.25,0.275,0.25,
0,0.138,0.149,0.202,0.242,0.268,0.245,0.259,0.183,0.155,
0,0.152,0.147,0.252,0.207,0.237,0.181,0.24,0.323,0.203,
0,0.081,0.023,0.115,0.06,0.078,0.108,0.141,0.138,0.123,
0,0.125,0.106,0.141,0.05,0.174,0.1,0.19,0.212,0.153,
0,0.309,0.265,0.293,0.322,0.255,0.254,0.284,0.26,0.285,
0,0.135,0.16,0.197,0.161,0.267,0.225,0.137,0.224,0.201,
0,0.145,0.132,0.115,0.317,0.286,0.217,0.286,0.312,0.321,
0,0.009,0.113,0.114,0.193,0.166,0.193,0.174,0.075,0.139,
0,0.202,0.258,0.213,0.237,0.195,0.256,0.264,0.242,0.246,
0,0.13,0.233,0.046,0.098,0.203,0.086,0.224,0.187,0.249,
0,0.001,0.09,0.123,0.152,0.122,0.117,0.156,0.119,0.162,
0,0.185,0.24,0.32,0.282,0.269,0.308,0.32,0.33,0.292,
0,0.127,0.226,0.249,0.187,0.154,0.149,0.17,0.215,0.226,
0,0.072,0.044,0.073,0.181,0.114,0.072,0.092,0.145,0.18,
0,0.386,0.428,0.439,0.493,0.432,0.499,0.442,0.435,0.474,
0,0.116,0.191,0.179,0.201,0.261,0.189,0.203,0.202,0.255,
0,0.4,0.488,0.403,0.452,0.488,0.432,0.41,0.517,0.477,
0,-0.014,0.149,0.183,0.183,0.239,0.273,0.278,0.127,0.116,
0,0.131,0.203,0.304,0.169,0.23,0.118,0.251,0.196,0.193,
0,0.138,0.266,0.159,0.279,0.211,0.236,0.319,0.261,0.231,
0,0.086,0.14,0.085,0.122,0.192,0.17,0.141,0.247,0.206,
0,0.174,0.213,0.295,0.163,0.233,0.211,0.294,0.151,0.272,
0,0.186,0.259,0.285,0.169,0.243,0.31,0.213,0.216,0.287,
0,0.091,0.235,0.195,0.237,0.221,0.291,0.215,0.238,0.206,
0,0.296,0.303,0.354,0.416,0.472,0.392,0.366,0.327,0.302,
0,0.245,0.276,0.321,0.269,0.27,0.317,0.284,0.338,0.289,
0,0.266,0.262,0.138,0.311,0.145,0.385,0.354,0.302,0.304,
0,0.214,0.149,0.189,0.219,0.142,0.208,0.2,0.189,0.277,
0,0.005,0.082,0.133,0.141,0.043,0.115,0.121,0.059,0.097,
0,0.199,0.162,0.122,0.292,0.19,0.265,0.262,0.242,0.194,
0,0.043,0.042,0.164,0.059,0.124,0.087,0.063,0.157,0.124,
0,0.048,0.192,0.273,0.27,0.169,0.191,0.277,0.212,0.24,
0,0.401,0.434,0.468,0.403,0.423,0.275,0.387,0.413,0.454,
0,0.189,0.271,0.274,0.219,0.315,0.277,0.218,0.301,0.285,
0,0.094,0.169,0.125,0.174,0.216,0.199,0.197,0.145,0.164,
0,0.048,0.163,0.123,0.181,0.143,0.075,0.16,0.118,0.141,
0,0.069,0.109,0.176,0.211,0.097,0.102,0.144,0.079,0.098,
0,0.399,0.347,0.34,0.334,0.36,0.421,0.368,0.387,0.364,
0,0.08,0.158,0.052,0.154,0.239,0.148,0.123,0.199,0.235,
0,0.219,0.262,0.241,0.297,0.322,0.333,0.226,0.216,0.255,
0,0.086,0.198,0.142,0.25,0.241,0.153,0.132,0.257,0.18,
0,0.067,0.129,0.179,0.131,0.128,0.046,0.153,0.125,0.106,
0,0.164,0.238,0.349,0.457,0.421,0.44,0.442,0.414,0.496,
0,0.409,0.427,0.476,0.394,0.374,0.266,0.478,0.489,0.499,
0,0.121,0.18,0.184,0.171,0.293,0.242,0.189,0.296,0.304,
0,0.069,0.155,0.236,0.171,0.266,0.139,0.149,0.179,0.215,
0,0.064,0.099,0.187,0.128,0.061,0.102,0.121,0.206,0.165,
0,-0.002,0.006,0.099,0.152,0.093,0.193,0.139,0.13,0.204,
0,0.053,0.077,0.2,0.152,0.175,0.175,0.197,0.251,0.159,
0,0.06,0.153,0.112,0.197,0.137,0.069,0.112,0.167,0.149,
0,0.098,0.12,0.138,0.131,0.14,0.19,0.104,0.063,0.154,
0,0.198,0.244,0.267,0.317,0.32,0.269,0.222,0.331,0.346,
0,0.052,0.05,0.097,0.11,0.113,0.124,0.128,0.12,0.153,
0,0.148,0.15,0.209,0.216,0.224,0.172,0.217,0.203,0.23,
0,0.215,0.191,0.246,0.271,0.175,0.199,0.198,0.233,0.21,
0,0.149,0.246,0.274,0.267,0.217,0.257,0.175,0.187,0.227,
0,0.316,0.366,0.49,0.522,0.468,0.425,0.467,0.455,0.543,
0,0.21,0.328,0.329,0.255,0.381,0.252,0.314,0.182,0.22,
0,-0.019,0.082,0.196,0.174,0.222,0.226,0.081,0.192,0.134,
0,0.278,0.392,0.44,0.314,0.395,0.328,0.423,0.291,0.339,
0,0.082,0.11,0.047,0.119,0.027,0.057,0.084,0.053,0.044,
0,0.113,0.193,0.222,0.21,0.233,0.2,0.106,0.195,0.173,
0,0.079,0.167,0.13,0.143,0.153,0.235,0.242,0.212,0.303,
0,0.133,0.115,0.228,0.211,0.166,0.168,0.258,0.227,0.097,
0,0.04,0.163,0.028,0.154,0.095,0.111,0.016,0.13,0.208,
0,0.113,0.068,0.154,0.17,0.119,0.156,0.101,0.16,0.121,
0,0.049,0.143,0.267,0.328,0.19,0.268,0.19,0.269,0.32,
0,0.094,0.14,0.23,0.256,0.338,0.204,0.223,0.092,0.201,
0,0.216,0.235,0.262,0.194,0.288,0.267,0.27,0.316,0.224,
0,0.072,0.181,0.156,0.191,0.16,0.208,0.252,0.245,0.176,
0,0.202,0.277,0.27,0.23,0.293,0.285,0.301,0.265,0.29,
0,0.084,-0.029,-0.036,0.122,0.123,0.1,0.209,0.183,0.166,
0,0.232,0.45,0.477,0.439,0.466,0.397,0.388,0.467,0.472,
0,0.137,0.163,0.231,0.278,0.29,0.215,0.243,0.308,0.244,
0,0.199,0.261,0.233,0.258,0.354,0.347,0.269,0.296,0.3,
0,0.073,0.101,0.201,0.208,0.269,0.176,0.152,0.236,0.168,
0,0.137,0.169,0.277,0.267,0.298,0.315,0.206,0.181,0.179,
0,0.032,0.126,0.068,0.153,0.141,0.155,0.116,0.118,0.133,
0,0.199,0.085,0.154,0.24,0.292,0.207,0.187,0.112,0.222,
0,0.23,0.255,0.291,0.28,0.301,0.308,0.117,0.244,0.281,
0,0.403,0.33,0.51,0.475,0.496,0.532,0.5,0.558,0.525,
0,0.092,0.205,0.115,0.162,0.151,0.257,0.177,0.283,0.219,
0,0.033,0.09,0.076,0.104,0.135,0.143,0.136,0.141,0.091,
0,0.016,0.179,0.086,0.113,0.177,0.098,0.202,0.178,0.142,
0,0.302,0.289,0.236,0.302,0.394,0.307,0.354,0.342,0.368,
0,0.016,0.235,0.161,0.102,0.172,0.075,0.213,0.182,0.165,
0,0.202,0.16,0.27,0.131,0.231,0.131,0.212,0.244,0.189,
0,0.253,0.324,0.201,0.24,0.218,0.285,0.32,0.338,0.203,
0,0.213,0.208,0.164,0.326,0.193,0.188,0.245,0.257,0.303,
0,0.112,0.121,0.143,0.172,0.111,0.117,0.197,0.187,0.224,
0,0.101,0.122,0.084,0.051,0.121,0.159,0.127,0.156,0.16,
0,0.082,0.174,0.151,0.123,0.17,0.135,0.1,0.095,0.166,
0,0.243,0.293,0.331,0.237,0.286,0.301,0.229,0.226,0.223,
0,0.177,0.07,0.127,0.265,0.258,0.224,0.257,0.19,0.15,
0,0.342,0.482,0.53,0.531,0.504,0.529,0.537,0.552,0.565,
0,0.163,0.201,0.329,0.352,0.336,0.413,0.31,0.202,0.359,
0,0.046,0.089,0.124,0.084,0.087,0.121,0.067,0.094,0.079,
0,0.215,0.342,0.313,0.28,0.413,0.401,0.335,0.377,0.398,
0,0.022,0.104,0.115,0.207,0.109,0.126,0.122,0.042,0.143,
0,0.066,0.183,0.127,0.144,0.122,0.121,0.135,0.128,0.222,
0,0.066,0.05,0.103,0.123,0.09,0.156,0.195,0.095,0.133,
0,0.127,0.147,0.23,0.204,0.197,0.226,0.159,0.226,0.095,
0,0.439,0.376,0.41,0.391,0.428,0.479,0.415,0.422,0.368,
0,0.438,0.359,0.289,0.282,0.299,0.367,0.296,0.375,0.435,
0,0.001,0.141,0.208,0.159,0.117,0.21,0.203,0.137,0.189,
0,0.153,0.123,0.099,0.199,0.215,0.241,0.256,0.258,0.225,
0,0.167,0.187,0.22,0.269,0.202,0.24,0.223,0.253,0.263,
0,0.304,0.289,0.152,0.248,0.209,0.29,0.222,0.297,0.298,
0,0.063,0.115,0.221,0.13,0.179,0.104,0.127,0.143,0.121,
0,0.164,0.16,0.204,0.173,0.165,0.13,0.226,0.192,0.119,
0,0.122,0.024,0.095,0.18,0.159,0.128,0.169,0.119,0.118,
0,0.124,0.373,0.143,0.232,0.086,0.216,0.163,0.235,0.286,
0,0.088,0.189,0.284,0.344,0.315,0.305,0.37,0.317,0.345,
0,0.297,0.241,0.269,0.332,0.342,0.275,0.272,0.345,0.319,
0,0.151,0.135,0.259,0.247,0.282,0.244,0.317,0.302,0.264,
0,0.108,0.084,0.211,0.158,0.142,0.198,0.145,0.188,0.153,
0,0.081,0.123,0.042,0.136,0.144,0.107,0.181,0.051,0.029,
0,0.138,0.107,0.187,0.159,0.213,0.145,0.114,0.107,0.152,
0,0.333,0.411,0.438,0.496,0.422,0.423,0.492,0.487,0.354,
0,0.244,0.364,0.354,0.353,0.396,0.277,0.384,0.366,0.36,
0,0.494,0.565,0.559,0.538,0.536,0.531,0.417,0.549,0.508,
0,0.025,0.102,0.192,0.134,0.055,0.139,0.161,0.192,0.117,
0,-0.05,0.115,0.085,0.184,0.176,0.106,0.092,0.156,0.082,
0,0.259,0.276,0.385,0.35,0.274,0.384,0.391,0.366,0.262,
0,0.083,0.14,0.188,0.175,0.186,0.203,0.221,0.248,0.204,
0,0.18,0.124,0.212,0.13,0.201,0.146,0.226,0.231,0.332,
0,0.066,0.085,0.116,0.102,0.09,0.112,0.099,0.189,0.151,
0,0.158,0.213,0.247,0.266,0.326,0.275,0.258,0.229,0.291,
0,0.11,0.234,0.181,0.212,0.278,0.156,0.207,0.229,0.148,
0,0.293,0.439,0.334,0.389,0.386,0.347,0.475,0.369,0.464,
0,0.105,0.146,0.223,0.252,0.201,0.224,0.141,0.23,0.173,
0,0.063,0.151,0.13,0.198,0.094,0.116,0.196,0.146,0.122,
0,0.186,0.138,0.256,0.217,0.335,0.201,0.131,0.214,0.199,
0,0.064,0.066,0.119,0.163,0.105,0.149,0.108,0.173,0.162,
0,-0.002,0.089,0.185,0.169,0.121,0.214,0.259,0.206,0.185,
0,0.185,0.089,0.16,0.106,0.192,0.179,0.204,0.096,0.221,
0,0.125,0.192,0.125,0.237,0.291,0.254,0.221,0.264,0.22,
0,0.118,0.208,0.185,0.265,0.263,0.275,0.265,0.228,0.297,
0,0.183,0.211,0.241,0.27,0.315,0.309,0.295,0.339,0.343,
0,0.176,0.198,0.317,0.286,0.253,0.229,0.227,0.215,0.21,
0,0.287,0.197,0.26,0.328,0.304,0.289,0.394,0.299,0.376,
0,0.142,0.2,0.098,0.17,0.186,0.232,0.191,0.113,0.202,
0,0.124,0.196,0.208,0.17,0.113,0.189,0.305,0.179,0.195,
0,0.211,0.246,0.313,0.39,0.326,0.345,0.33,0.299,0.157,
0,0.291,0.168,0.284,0.257,0.232,0.182,0.252,0.226,0.315,
0,0.361,0.381,0.326,0.439,0.381,0.299,0.341,0.392,0.336,
0,0.214,0.134,0.231,0.241,0.168,0.231,0.242,0.256,0.208,
0,0.195,0.285,0.216,0.206,0.292,0.268,0.285,0.254,0.28,
0,0.055,0.1,0.112,0.117,0.166,0.104,0.143,0.177,0.183,
0,0.174,0.302,0.358,0.345,0.415,0.354,0.431,0.415,0.436,
0,0.191,0.208,0.208,0.171,0.211,0.189,0.187,0.189,0.239,
0,0.097,0.293,0.297,0.21,0.202,0.252,0.257,0.282,0.225,
0,-0.006,0.034,0.109,0.11,0.113,0.181,0.109,0.188,0.109,
0,0.153,0.238,0.293,0.316,0.265,0.272,0.287,0.265,0.284,
0,0.075,0.108,0.14,0.129,0.184,0.111,0.22,0.133,0.14,
0,0.132,0.112,0.028,0.114,0.122,0.063,0.112,0.099,0.053,
0,-0.045,0.042,0.082,0.155,0.208,0.16,0.183,0.129,0.201,
0,0.09,0.141,0.198,0.258,0.219,0.079,0.217,0.245,0.278,
0,0.194,0.182,0.184,0.195,0.172,0.19,0.199,0.143,0.177,
0,0.116,0.192,0.17,0.304,0.292,0.202,0.258,0.16,0.257,
0,0.13,0.08,0.203,0.189,0.19,0.13,0.213,0.161,0.232,
0,-0.007,0.062,0.13,0.18,0.103,0.148,0.125,0.105,0.168,
0,0.163,0.221,0.24,0.36,0.268,0.276,0.277,0.295,0.239,
0,0.185,0.249,0.201,0.301,0.214,0.281,0.257,0.198,0.248,
0,0.21,0.191,0.303,0.242,0.192,0.233,0.245,0.244,0.215,
0,0.093,0.108,0.193,0.113,0.179,0.162,0.169,0.262,0.211,
0,0.124,0.129,0.088,0.13,0.157,0.152,0.118,0.145,0.133,
0,0.058,0.144,0.152,0.205,0.122,0.134,0.124,0.1,0.147,
0,0.081,0.271,0.162,0.235,0.215,0.203,0.221,0.235,0.169,
0,0.196,0.157,0.181,0.14,0.166,0.062,0.15,0.155,0.131,
0,0.304,0.318,0.321,0.382,0.444,0.494,0.485,0.412,0.446,
0,0.349,0.383,0.418,0.483,0.509,0.534,0.451,0.479,0.476,
0,0.062,0.132,0.13,0.144,0.187,0.113,0.147,0.117,0.115,
0,0.055,0.1,0.046,0.105,0.151,0.196,0.162,0.145,0.136,
0,0.054,0.082,0.244,0.118,0.187,0.148,0.23,0.227,0.178,
0,0.282,0.16,0.233,0.177,0.181,0.22,0.154,0.263,0.189,
0,0.089,0.051,0.132,0.21,0.206,0.174,0.115,0.177,0.204,
0,0.025,0.06,0.135,0.245,0.134,0.159,0.164,0.098,0.124,
0,0.163,0.103,0.17,0.195,0.272,0.254,0.198,0.236,0.196,
0,0.26,0.314,0.327,0.404,0.351,0.436,0.379,0.355,0.37,
0,0.101,0.163,0.208,0.074,0.164,0.166,0.048,0.121,0.154,
0,0.09,0.189,0.312,0.235,0.313,0.26,0.35,0.356,0.285,
0,0.319,0.385,0.253,0.304,0.338,0.234,0.305,0.208,0.283,
0,0.516,0.51,0.476,0.422,0.37,0.542,0.51,0.449,0.473,
0,0.084,0.179,0.148,0.136,0.151,0.183,0.217,0.18,0.151,
0,0.131,0.161,0.201,0.17,0.165,0.337,0.213,0.191,0.167,
0,0.118,0.2,0.156,0.222,0.214,0.176,0.167,0.224,0.103,
0,0.389,0.422,0.337,0.396,0.365,0.453,0.425,0.375,0.419,
0,0.221,0.303,0.281,0.364,0.36,0.408,0.325,0.351,0.316,
0,0.089,0.134,0.129,0.145,0.114,0.204,0.189,0.152,0.201,
0,0.076,0.106,0.236,0.179,0.19,0.018,0.24,0.271,0.178,
0,0.325,0.265,0.322,0.364,0.303,0.343,0.298,0.316,0.319,
0,0.064,0.12,0.151,0.196,0.157,0.192,0.191,0.15,0.237,
0,0.071,0.141,0.317,0.171,0.26,0.188,0.243,0.185,0.239,
0,0.211,0.156,0.29,0.315,0.371,0.32,0.261,0.248,0.319,
0,0.123,0.248,0.217,0.236,0.163,0.226,0.116,0.155,0.171,
0,0.176,0.275,0.257,0.316,0.347,0.226,0.233,0.314,0.292,
0,0.076,0.039,0.184,0.157,0.186,0.228,0.24,0.257,0.186,
0,0.064,0.099,0.122,0.112,0.079,0.098,0.115,-0.012,0.063,
0,0.179,0.442,0.336,0.381,0.338,0.398,0.432,0.393,0.409,
0,0.198,0.36,0.278,0.31,0.357,0.353,0.228,0.323,0.195,
0,0.029,0.086,0.104,0.101,0.115,0.151,0.168,-0.018,0.168,
0,0.133,0.086,0.196,0.194,0.135,0.17,0.202,0.134,0.171,
0,0.185,0.164,0.244,0.284,0.205,0.22,0.185,0.204,0.23,
0,0.223,0.214,0.235,0.324,0.218,0.226,0.118,0.082,0.164,
0,0.101,0.145,0.263,0.189,0.209,0.3,0.231,0.24,0.162,
0,0.005,0.05,0.084,0.137,0.093,0.172,0.107,0.094,0.188,
0,0.133,0.163,0.104,0.181,0.134,0.221,0.12,0.159,0.143,
0,0.05,0.116,0.189,0.122,0.191,0.232,0.177,0.176,0.136,
0,0.108,0.067,0.15,0.215,0.194,0.106,0.193,0.174,0.116,
0,0.103,0.084,0.173,0.195,0.162,0.25,0.173,0.171,0.167,
0,0.26,0.291,0.281,0.317,0.216,0.29,0.319,0.189,0.182,
0,0.633,0.58,0.57,0.595,0.498,0.554,0.553,0.577,0.625,
0,0.141,0.066,0.126,0.115,0.162,0.208,0.157,0.148,0.22,
0,0.086,0.149,0.176,0.208,0.138,0.218,0.211,0.031,0.172,
0,0.257,0.347,0.4,0.283,0.275,0.292,0.401,0.236,0.287,
0,0.126,0.147,0.13,0.191,0.078,0.198,0.169,0.217,0.251,
0,0.13,0.169,0.177,0.08,0.22,0.14,0.143,0.122,0.114,
0,0.083,0.14,0.162,0.177,0.231,0.089,0.156,0.045,0.174,
0,0.179,0.072,0.134,0.19,0.112,0.175,0.218,0.155,0.157,
0,0.169,0.089,0.227,0.322,0.303,0.206,0.247,0.293,0.289,
0,0.402,0.359,0.452,0.403,0.455,0.475,0.419,0.353,0.514,
0,0.244,0.348,0.322,0.403,0.457,0.414,0.274,0.329,0.435,
0,0.098,0.143,0.087,0.149,0.105,0.134,0.108,0.174,0.076,
0,0.084,0.151,0.117,0.183,0.093,0.183,0.018,0.149,0.151,
0,0.307,0.355,0.341,0.213,0.301,0.291,0.217,0.228,0.398,
0,0.272,0.34,0.394,0.39,0.377,0.333,0.436,0.371,0.416,
0,0.347,0.198,0.225,0.32,0.208,0.265,0.218,0.319,0.287,
0,0.242,0.202,0.338,0.281,0.338,0.323,0.36,0.303,0.286,
0,0.181,0.214,0.211,0.154,0.269,0.226,0.22,0.192,0.223,
0,0.294,0.202,0.311,0.188,0.247,0.221,0.228,0.245,0.274,
0,0.155,0.225,0.178,0.125,0.256,0.249,0.28,0.217,0.27,
0,0.233,0.194,0.288,0.227,0.131,0.298,0.185,0.175,0.24,
0,0.326,0.362,0.44,0.534,0.437,0.415,0.394,0.452,0.473,
0,0.316,0.416,0.438,0.391,0.413,0.419,0.492,0.45,0.46,
0,0.157,0.15,0.021,0.117,0.186,0.114,0.198,0.136,0.202,
0,0.182,0.188,0.136,0.15,0.114,0.135,0.182,0.162,0.136,
0,0.169,0.165,0.269,0.197,0.18,0.226,0.3,0.226,0.216,
0,0.43,0.443,0.497,0.493,0.505,0.368,0.384,0.466,0.404,
0,0.282,0.243,0.219,0.21,0.269,0.276,0.284,0.189,0.172,
0,0.252,0.145,0.201,0.135,0.145,0.156,0.215,0.193,0.322,
0,0.224,0.136,0.283,0.163,0.144,0.155,0.116,0.157,0.204,
0,0.292,0.184,0.305,0.359,0.356,0.296,0.332,0.311,0.333,
0,0.12,0.124,0.068,0.025,0.122,0.154,0.136,0.078,0.123,
0,0.341,0.264,0.335,0.347,0.182,0.378,0.29,0.337,0.299,
0,0.113,0.209,0.163,0.204,0.225,0.103,0.15,0.192,0.137,
0,0.453,0.286,0.458,0.44,0.448,0.568,0.482,0.37,0.507,
0,0.423,0.245,0.275,0.237,0.238,0.174,0.383,0.287,0.295,
0,0.155,0.173,0.012,0.038,0.173,0.18,0.165,0.178,0.128,
0,0.276,0.24,0.242,0.253,0.165,0.276,0.349,0.414,0.341,
0,0.216,0.109,0.144,0.281,0.228,0.21,0.099,0.131,0.173,
0,0.293,0.218,0.369,0.314,0.202,0.146,0.224,0.176,0.319,
0,0.236,0.182,0.282,0.203,0.245,0.283,0.234,0.322,0.293,
0,0.239,0.199,0.142,0.216,0.177,0.223,0.284,0.253,0.248,
0,0.181,0.204,0.214,0.225,0.257,0.17,0.249,0.237,0.287,
0,0.032,0.074,0.144,0.14,0.13,0.132,0.154,0.11,0.156,
0,0.27,0.388,0.301,0.329,0.335,0.219,0.3,0.339,0.397,
0,0.284,0.242,0.23,0.327,0.219,0.288,0.249,0.282,0.317,
0,0.245,0.209,0.278,0.207,0.27,0.148,0.177,0.264,0.17,
0,0.279,0.306,0.26,0.287,0.262,0.402,0.326,0.387,0.305,
0,0.294,0.183,0.233,0.213,0.329,0.244,0.322,0.318,0.328,
0,0.333,0.393,0.364,0.383,0.403,0.352,0.42,0.339,0.377,
0,0.343,0.445,0.346,0.364,0.396,0.345,0.454,0.469,0.454,
0,0.472,0.336,0.47,0.431,0.421,0.45,0.413,0.329,0.343,
0,0.288,0.224,0.254,0.247,0.239,0.226,0.206,0.222,0.237,
0,0.147,0.291,0.238,0.258,0.266,0.222,0.267,0.11,0.239,
0,0.246,0.313,0.294,0.206,0.377,0.134,0.325,0.325,0.281,
0,0.329,0.305,0.35,0.287,0.205,0.254,0.277,0.322,0.253,
0,0.289,0.243,0.252,0.182,0.17,0.235,0.116,0.279,0.258,
0,0.159,0.046,0.195,0.182,0.148,0.159,0.132,0.318,0.145,
0,0.174,0.193,0.107,0.263,0.208,0.245,0.187,0.265,0.277,
0,0.166,0.286,0.161,0.237,0.319,0.317,0.363,0.271,0.309,
0,0.162,0.214,0.15,0.194,0.198,0.205,0.263,0.19,0.307,
0,0.211,0.279,0.315,0.277,0.375,0.262,0.299,0.32,0.291,
0,0.107,0.177,0.081,0.121,0.183,0.147,0.101,0.053,0.223,
0,0.307,0.24,0.307,0.33,0.328,0.355,0.381,0.366,0.313,
0,0.221,0.272,0.148,0.271,0.265,0.377,0.292,0.189,0.246,
0,0.194,0.179,0.124,0.13,0.259,0.206,0.176,0.249,0.227,
0,0.222,0.286,0.208,0.256,0.281,0.225,0.276,0.266,0.293,
0,0.377,0.25,0.276,0.255,0.259,0.195,0.249,0.359,0.177,
0,0.174,0.054,0.225,0.25,0.149,0.26,0.268,0.153,0.298,
0,0.202,0.124,0.035,0.15,0.149,0.114,0.082,0.15,0.163,
0,0.169,0.04,0.198,0.191,0.175,0.18,0.198,0.237,0.198,
0,0.235,0.293,0.277,0.243,0.222,0.307,0.182,0.295,0.237,
0,0.367,0.255,0.173,0.271,0.238,0.268,0.252,0.301,0.298,
0,0.263,0.151,0.182,0.267,0.177,0.243,0.191,0.365,0.289,
0,0.096,0.119,0.046,0.123,0.195,0.101,0.146,0.049,0.099,
0,0.304,0.155,0.31,0.41,0.38,0.224,0.214,0.238,0.342,
0,0.337,0.303,0.314,0.307,0.248,0.305,0.333,0.307,0.274,
0,0.212,0.103,0.231,0.116,0.164,0.166,0.149,0.193,0.131,
0,0.112,0.261,0.286,0.236,0.356,0.277,0.329,0.284,0.196,
0,0.2,0.162,0.194,0.19,0.264,0.231,0.208,0.243,0.175,
0,0.276,0.2,0.261,0.222,0.246,0.223,0.238,0.159,0.293,
0,0.227,0.174,0.185,0.25,0.218,0.359,0.324,0.283,0.278,
0,0.064,0.089,0.18,0.123,0.227,0.06,0.186,0.099,0.112,
0,0.205,0.147,0.242,0.173,0.171,0.181,0.233,0.202,0.228,
0,0.261,0.285,0.288,0.201,0.395,0.275,0.282,0.255,0.312,
0,0.207,0.28,0.331,0.307,0.232,0.291,0.264,0.236,0.281,
0,0.19,0.152,0.271,0.246,0.28,0.184,0.256,0.191,0.297,
0,0.221,0.173,0.133,0.092,0.202,0.218,0.225,0.213,0.199,
0,0.221,0.262,0.219,0.344,0.366,0.342,0.38,0.378,0.302,
0,0.358,0.214,0.377,0.327,0.181,0.322,0.244,0.297,0.21,
0,0.238,0.275,0.151,0.15,0.203,0.227,0.198,0.127,0.199,
0,0.086,0.101,0.227,0.122,0.162,0.139,0.087,0.056,0.142,
0,0.246,0.315,0.168,0.32,0.318,0.377,0.108,0.217,0.161,
0,0.254,0.335,0.294,0.194,0.357,0.302,0.322,0.351,0.252,
0,0.458,0.439,0.41,0.508,0.457,0.44,0.375,0.509,0.441,
0,0.125,-0.036,0.201,0.156,0.109,0.124,0.156,0.083,0.075,
0,0.16,0.168,0.2,0.191,0.24,0.181,0.192,0.253,0.143,
0,0.244,0.179,0.236,0.274,0.249,0.193,0.369,0.31,0.349,
0,0.329,0.214,0.254,0.292,0.352,0.228,0.238,0.339,0.291,
0,0.122,0.124,0.12,0.103,0.146,0.109,0.154,0.098,0.076,
0,0.258,0.242,0.227,0.204,0.149,0.233,0.175,0.267,0.213,
0,0.167,0.102,0.161,0.055,0.195,0.189,0.126,0.193,0.232,
0,0.256,0.381,0.265,0.273,0.329,0.328,0.332,0.213,0.133,
0,0.269,0.141,0.15,0.134,0.217,0.268,0.284,0.213,0.136,
0,0.164,0.122,0.177,0.07,0.179,0.139,0.208,0.077,0.118,
0,0.136,0.142,0.161,0.12,0.143,0.244,0.231,0.182,0.158,
0,0.286,0.474,0.405,0.505,0.476,0.521,0.526,0.48,0.466,
0,0.262,0.372,0.412,0.48,0.348,0.38,0.455,0.416,0.402,
0,0.436,0.491,0.416,0.477,0.513,0.442,0.458,0.495,0.452,
0,0.284,0.117,0.219,0.262,0.198,0.179,0.146,0.332,0.273,
0,0.347,0.267,0.384,0.404,0.352,0.499,0.423,0.424,0.481,
0,0.185,0.199,0.221,0.259,0.238,0.213,0.172,0.217,0.24,
0,0.325,0.344,0.335,0.207,0.304,0.288,0.318,0.394,0.307,
0,0.188,0.046,0.236,0.181,0.212,0.261,0.245,0.252,0.225,
0,0.104,0.184,0.057,0.206,0.102,0.153,0.08,0.155,0.165,
0,0.285,0.245,0.27,0.216,0.263,0.278,0.318,0.295,0.266,
0,0.144,0.273,0.301,0.287,0.207,0.24,0.386,0.203,0.236,
0,0.247,0.257,0.252,0.321,0.299,0.205,0.221,0.32,0.239,
0,0.143,0.237,0.222,0.253,0.16,0.133,0.259,0.176,0.191,
0,0.31,0.406,0.364,0.449,0.412,0.419,0.379,0.429,0.472,
0,0.216,0.174,0.194,0.226,0.233,0.258,0.158,0.195,0.259,
0,0.162,0.232,0.118,0.152,0.187,0.125,0.298,0.245,0.146,
0,0.267,0.281,0.325,0.317,0.255,0.347,0.31,0.231,0.251,
0,0.193,0.147,0.1,0.221,0.194,0.232,0.219,0.172,0.189,
0,0.314,0.359,0.358,0.24,0.312,0.374,0.342,0.298,0.337,
0,0.175,0.109,0.151,0.142,0.191,0.154,0.186,0.12,0.146,
0,0.336,0.174,0.241,0.294,0.288,0.264,0.27,0.291,0.259,
0,0.339,0.136,0.3,0.266,0.249,0.262,0.313,0.341,0.262,
0,0.226,0.168,0.27,0.197,0.265,0.152,0.253,0.229,0.191,
0,0.371,0.448,0.402,0.419,0.47,0.422,0.419,0.404,0.443,
0,0.251,0.207,0.248,0.193,0.191,0.188,0.287,0.311,0.206,
0,0.099,0.189,0.136,0.255,0.246,0.172,0.215,0.179,0.161,
0,0.198,0.091,0.059,0.25,0.186,0.178,0.209,0.184,0.297,
0,0.069,0.104,0.171,0.222,0.116,0.192,0.1,0.199,0.22,
0,0.464,0.511,0.435,0.449,0.466,0.466,0.437,0.413,0.386,
0,0.135,0.097,0.207,0.162,0.075,0.182,0.154,0.21,0.251,
0,0.235,0.369,0.142,0.412,0.147,0.354,0.37,0.28,0.346,
0,0.269,0.129,0.198,0.279,0.244,0.232,0.232,0.316,0.214,
0,0.478,0.366,0.432,0.284,0.355,0.387,0.308,0.343,0.334,
0,0.162,0.102,0.075,0.26,0.209,0.2,0.155,0.275,0.27,
0,0.282,0.25,0.217,0.241,0.267,0.312,0.249,0.235,0.229,
0,0.06,0.133,0.158,0.187,0.227,0.17,0.2,0.23,0.252,
0,0.127,0.102,0.182,0.148,0.074,0.148,0.164,0.111,0.162,
0,0.167,0.251,0.145,0.104,0.134,0.207,0.149,0.211,0.217,
0,0.228,0.072,0.156,0.14,0.138,0.159,0.182,0.115,0.212,
0,0.287,0.123,0.137,0.183,0.132,0.187,0.2,0.147,0.166,
0,0.225,0.278,0.182,0.337,0.292,0.292,0.306,0.307,0.288,
0,0.317,0.315,0.353,0.273,0.366,0.353,0.384,0.441,0.383,
0,0.478,0.391,0.411,0.391,0.442,0.462,0.491,0.487,0.423,
0,0.472,0.536,0.457,0.447,0.453,0.464,0.492,0.525,0.469,
0,0.148,0.017,0.129,0.049,0.095,0.15,0.157,0.175,0.088,
0,0.237,0.378,0.308,0.307,0.427,0.408,0.316,0.4,0.371,
0,0.186,0.104,0.131,0.145,0.116,0.178,0.114,0.091,0.235,
0,0.303,0.204,0.332,0.413,0.363,0.268,0.267,0.308,0.345,
0,0.478,0.389,0.318,0.426,0.461,0.42,0.367,0.483,0.425,
0,0.104,0.181,0.162,0.072,0.23,0.136,0.15,0.228,0.256,
0,0.106,0.128,0.083,0.112,0.101,0.095,0.118,0.068,0.095,
0,0.099,0.388,0.244,0.163,0.38,0.267,0.273,0.353,0.223,
0,0.265,0.209,0.17,0.211,0.224,0.206,0.245,0.251,0.236,
0,0.219,0.142,0.226,0.145,0.226,0.265,0.175,0.213,0.218,
0,0.17,0.202,0.256,0.313,0.176,0.186,0.199,0.195,0.25,
0,0.207,0.268,0.361,0.252,0.297,0.394,0.247,0.357,0.198,
0,0.309,0.338,0.276,0.306,0.342,0.271,0.296,0.338,0.278,
0,0.01,0.103,0.129,0.072,0.195,0.099,0.021,0.133,0.17,
0,0.249,0.284,0.38,0.244,0.27,0.374,0.26,0.265,0.354,
0,0.173,0.157,0.116,0.139,0.227,0.164,0.178,0.105,0.2,
0,0.186,0.21,0.166,0.252,0.276,0.204,0.2,0.292,0.323,
0,0.452,0.535,0.488,0.44,0.571,0.504,0.482,0.458,0.51,
0,0.147,0.111,0.138,0.031,0.045,0.183,0.11,0.139,0.147,
0,0.234,0.264,0.236,0.211,0.208,0.272,0.288,0.299,0.22,
0,0.235,0.215,0.197,0.129,0.28,0.228,0.205,0.222,0.253,
0,0.311,0.174,0.256,0.256,0.144,0.314,0.167,0.294,0.212,
0,0.081,0.196,0.259,0.262,0.135,0.053,0.123,0.228,0.164,
0,0.138,0.153,0.203,0.148,0.272,0.181,0.216,0.219,0.29,
0,0.296,0.338,0.282,0.255,0.244,0.26,0.268,0.2,0.237,
0,0.226,0.271,0.207,0.229,0.274,0.215,0.158,0.201,0.302,
0,0.396,0.349,0.305,0.437,0.37,0.435,0.26,0.438,0.361,
0,0.156,0.136,0.251,0.228,0.19,0.35,0.346,0.195,0.239,
0,0.211,0.243,0.252,0.187,0.177,0.297,0.198,0.251,0.175,
0,0.33,0.379,0.46,0.311,0.217,0.372,0.277,0.277,0.263,
0,0.14,0.109,0.147,0.14,0.118,0.14,0.18,0.123,0.113,
0,0.277,0.385,0.349,0.389,0.384,0.32,0.403,0.415,0.419,
0,0.169,0.077,0.142,0.202,0.141,0.241,0.143,0.175,0.159,
0,0.244,0.192,0.281,0.224,0.31,0.277,0.149,0.266,0.289,
0,0.275,0.181,0.279,0.248,0.26,0.212,0.275,0.27,0.361,
0,0.055,0.081,0.156,0.173,0.157,0.065,0.162,0.199,0.189,
0,0.408,0.383,0.383,0.43,0.415,0.362,0.409,0.333,0.368,
0,0.255,0.252,0.26,0.22,0.268,0.166,0.229,0.276,0.265,
0,0.11,0.13,0.233,0.13,0.07,0.165,0.16,0.138,0.23,
0,0.25,0.228,0.175,0.195,0.217,0.235,0.252,0.257,0.207,
0,0.306,0.249,0.28,0.184,0.34,0.308,0.315,0.25,0.299,
0,0.355,0.283,0.346,0.357,0.388,0.316,0.303,0.278,0.333,
0,0.098,0.091,0.2,0.174,0.101,0.11,0.052,0.163,0.114,
0,0.202,0.178,0.226,0.117,0.088,0.198,0.176,0.105,0.18,
0,0.268,0.274,0.152,0.251,0.268,0.244,0.159,0.273,0.235,
0,0.139,0.301,0.208,0.282,0.339,0.197,0.29,0.259,0.22,
0,0.359,0.268,0.318,0.244,0.343,0.339,0.24,0.256,0.315,
0,0.079,0.095,0.093,0.144,0.092,0.062,0.093,0.083,0.166,
0,0.268,0.162,0.246,0.209,0.236,0.227,0.239,0.167,0.25,
0,0.216,0.157,0.168,0.121,0.198,0.254,0.137,0.223,0.213,
0,0.088,0.107,0.077,0.068,0.109,0.115,0.166,0.126,0.12,
0,0.186,0.143,0.196,0.145,0.2,0.148,0.256,0.226,0.162,
0,0.273,0.233,0.233,0.412,0.202,0.186,0.282,0.303,0.298,
0,0.18,0.177,0.204,0.096,0.18,0.199,0.171,0.218,0.126,
0,0.305,0.207,0.332,0.23,0.351,0.294,0.356,0.271,0.283,
0,0.231,0.261,0.267,0.268,0.234,0.251,0.233,0.332,0.319,
0,0.009,0.168,0.155,0.152,0.194,0.216,0.15,0.173,0.135,
0,0.303,0.354,0.305,0.237,0.34,0.352,0.267,0.308,0.314,
0,0.366,0.27,0.298,0.259,0.289,0.267,0.358,0.28,0.201,
0,0.071,0.166,0.184,0.127,0.192,0.106,0.081,0.217,0.128,
0,0.401,0.305,0.252,0.283,0.264,0.36,0.323,0.293,0.267,
0,0.363,0.329,0.262,0.333,0.248,0.359,0.307,0.35,0.243,
0,0.112,0.272,0.171,0.169,0.241,0.213,0.246,0.185,0.159,
0,0.13,0.189,0.176,0.135,0.2,0.22,0.146,0.145,0.151,
0,0.329,0.067,0.107,0.188,0.221,0.148,0.169,0.197,0.26,
0,0.261,0.272,0.208,0.216,0.158,0.262,0.217,0.291,0.157,
0,0.292,0.309,0.224,0.168,0.359,0.266,0.175,0.354,0.233,
0,0.092,0.12,0.114,0.124,0.256,0.154,0.249,0.191,0.18,
0,0.301,0.236,0.183,0.045,0.239,0.175,0.205,0.157,0.192,
0,0.13,0.123,0.154,0.151,0.093,0.141,0.186,0.221,0.133,
0,0.389,0.176,0.32,0.267,0.256,0.212,0.28,0.274,0.231,
0,0.227,0.261,0.248,0.202,0.272,0.207,0.302,0.27,0.198,
0,0.197,0.227,0.151,0.174,0.251,0.248,0.301,0.248,0.32,
0,0.38,0.414,0.361,0.343,0.314,0.247,0.315,0.297,0.207,
0,0.149,0.162,0.167,0.213,0.235,0.3,0.197,0.235,0.13,
0,0.138,0.175,0.204,0.206,0.238,0.166,0.174,0.259,0.272,
0,0.229,0.254,0.207,0.215,0.177,0.246,0.231,0.309,0.284,
0,0.198,0.186,0.174,0.264,0.19,0.23,0.354,0.259,0.315,
0,0.188,0.216,0.173,0.351,0.297,0.236,0.216,0.255,0.255,
0,0.24,0.338,0.368,0.249,0.262,0.374,0.341,0.339,0.347,
0,0.222,0.161,0.263,0.189,0.318,0.301,0.271,0.243,0.335,
0,0.114,0.168,0.22,0.246,0.26,0.254,0.254,0.202,0.268,
0,0.188,0.376,0.173,0.252,0.33,0.333,0.301,0.292,0.364,
0,0.346,0.444,0.282,0.406,0.365,0.382,0.338,0.318,0.34,
0,0.53,0.491,0.428,0.441,0.455,0.464,0.574,0.421,0.47,
0,0.391,0.436,0.434,0.504,0.394,0.45,0.476,0.519,0.486,
0,0.177,0.081,0.084,0.144,0.272,0.162,0.148,0.242,0.228,
0,0.367,0.346,0.35,0.341,0.216,0.355,0.361,0.344,0.366,
0,0.151,0.175,0.07,0.101,0.116,0.141,0.119,0.144,0.067,
0,0.128,0.156,0.117,0.138,0.149,0.132,0.119,0.103,0.152,
0,0.201,0.234,0.186,0.146,0.201,0.176,0.213,0.246,0.227,
0,0.32,0.326,0.16,0.226,0.271,0.379,0.328,0.334,0.329,
0,0.128,0.201,0.196,0.104,0.193,0.232,0.207,0.215,0.21,
0,0.294,0.472,0.321,0.345,0.374,0.384,0.345,0.301,0.395,
0,0.207,0.085,0.067,0.164,-0.024,0.102,0.101,0.116,0.042,
0,0.231,0.153,0.099,0.261,0.142,0.181,0.208,0.166,0.162,
0,0.112,0.234,0.21,0.242,0.274,0.255,0.23,0.222,0.207,
0,0.185,0.141,0.129,0.2,0.206,0.255,0.223,0.201,0.32,
0,0.193,0.275,0.321,0.257,0.276,0.253,0.28,0.195,0.306,
0,0.265,0.205,0.33,0.411,0.286,0.275,0.363,0.284,0.348,
0,0.179,0.246,0.274,0.191,0.327,0.29,0.28,0.19,0.187,
0,0.15,0.19,0.123,0.148,0.129,0.154,0.16,0.213,0.211,
0,0.176,0.073,0.174,0.185,0.18,0.256,0.229,0.247,0.269,
0,0.229,0.274,0.268,0.092,0.313,0.286,0.286,0.23,0.464,
0,0.305,0.155,0.248,0.148,0.235,0.221,0.19,0.304,0.271,
0,0.328,0.244,0.259,0.205,0.286,0.354,0.277,0.282,0.276,
0,0.136,0.071,0.106,0.158,0.103,0.121,0.1,0.16,0.089,
0,0.313,0.276,0.325,0.302,0.283,0.296,0.31,0.263,0.365,
0,0.193,0.302,0.209,0.247,0.203,0.232,0.24,0.29,0.202,
0,0.429,0.202,0.402,0.272,0.206,0.337,0.366,0.336,0.329,
0,0.095,0.136,0.193,0.103,0.121,0.252,0.208,0.174,0.14,
0,0.163,0.218,0.201,0.227,0.294,0.251,0.236,0.201,0.237,
0,0.318,0.407,0.104,0.348,0.355,0.319,0.307,0.251,0.297,
0,0.323,0.144,0.194,0.262,0.257,0.085,0.266,0.239,0.278,
0,0.297,0.272,0.337,0.309,0.413,0.358,0.36,0.391,0.419,
0,0.362,0.484,0.396,0.417,0.34,0.456,0.439,0.401,0.338,
0,0.194,0.306,0.357,0.188,0.314,0.326,0.317,0.318,0.21,
0,0.216,0.134,0.131,0.238,0.139,0.258,0.322,0.345,0.21,
0,0.18,0.142,0.213,0.126,0.176,0.253,0.23,0.163,0.253,
0,0.286,0.296,0.282,0.343,0.362,0.327,0.246,0.377,0.396,
0,0.168,0.2,0.352,0.242,0.172,0.126,0.25,0.213,0.242,
0,0.291,0.228,0.209,0.245,0.207,0.266,0.256,0.167,0.242,
0,0.273,0.212,0.331,0.318,0.356,0.341,0.363,0.399,0.399,
0,0.282,0.126,0.174,0.17,0.18,0.141,0.192,0.111,0.185,
0,0.251,0.297,0.205,0.327,0.317,0.275,0.283,0.209,0.3,
0,0.255,0.3,0.262,0.27,0.201,0.324,0.261,0.345,0.312,
0,0.179,0.225,0.175,0.264,0.146,0.195,0.153,0.275,0.158,
0,0.392,0.27,0.196,0.168,0.137,0.244,0.3,0.272,0.212,
0,0.393,0.292,0.389,0.386,0.358,0.413,0.32,0.371,0.344,
0,0.242,0.145,0.209,0.224,0.289,0.272,0.265,0.298,0.333,
0,0.309,0.419,0.318,0.307,0.403,0.274,0.255,0.334,0.367,
0,0.097,0.188,0.151,0.188,0.191,0.23,0.196,0.244,0.221,
0,0.205,0.234,0.24,0.157,0.156,0.182,0.24,0.278,0.276,
0,0.312,0.293,0.238,0.268,0.284,0.247,0.217,0.265,0.251,
0,0.036,0.216,0.069,0.23,0.133,0.199,0.12,0.175,0.01,
0,0.264,0.199,0.318,0.274,0.358,0.283,0.272,0.332,0.279,
0,0.099,0.26,0.263,0.195,0.25,0.305,0.183,0.351,0.287,
0,0.191,0.249,0.249,0.268,0.205,0.231,0.254,0.273,0.28,
0,0.407,0.28,0.32,0.316,0.336,0.448,0.293,0.322,0.203,
0,0.193,0.193,0.237,0.291,0.223,0.045,0.288,0.248,0.169,
0,0.197,0.161,0.223,0.27,0.221,0.246,0.13,0.198,0.174,
0,0.115,0.131,0.211,0.142,0.108,0.138,0.172,0.137,0.149,
0,0.223,0.235,0.126,0.239,0.279,0.208,0.29,0.157,0.148,
0,0.179,0.1,0.157,0.183,0.23,0.222,0.06,0.164,0.222,
0,0.324,0.388,0.361,0.447,0.393,0.503,0.35,0.416,0.384,
0,0.216,0.243,0.219,0.151,0.194,0.204,0.194,0.209,0.116,
0,0.26,0.154,0.202,0.223,0.25,0.211,0.192,0.282,0.171,
0,0.294,0.306,0.218,0.134,0.134,0.209,0.138,0.078,0.038,
0,0.509,0.517,0.582,0.458,0.368,0.565,0.549,0.486,0.418,
0,0.081,0.348,0.275,0.335,0.182,0.249,0.193,0.195,0.26,
0,0.228,0.361,0.39,0.244,0.224,0.192,0.335,0.317,0.306,
0,0.282,0.294,0.266,0.305,0.331,0.352,0.297,0.213,0.261,
0,0.165,0.127,0.174,0.194,0.109,0.204,0.123,0.238,0.223,
0,0.428,0.254,0.33,0.411,0.344,0.413,0.34,0.405,0.366,
0,0.196,0.238,0.311,0.31,0.385,0.37,0.401,0.404,0.318,
0,0.289,0.404,0.365,0.369,0.281,0.227,0.436,0.41,0.309,
0,0.15,0.079,0.146,0.149,0.12,0.08,0.185,0.091,0.051,
0,0.219,0.331,0.265,0.227,0.326,0.278,0.315,0.259,0.272,
0,0.21,0.292,0.182,0.16,0.259,0.243,0.407,0.265,0.165,
0,0.156,0.195,0.256,0.273,0.296,0.279,0.171,0.234,0.172,
0,0.538,0.459,0.409,0.386,0.504,0.482,0.529,0.495,0.446,
0,0.196,0.179,0.096,0.171,0.2,0.147,0.259,0.252,0.219,
0,0.252,0.367,0.254,0.334,0.313,0.312,0.303,0.358,0.201,
0,0.317,0.254,0.192,0.302,0.21,0.429,0.323,0.257,0.215,
0,-0.009,0.116,0.04,0.102,0.104,0.164,0.118,0.045,0.041,
0,0.098,0.14,0.109,0.118,0.119,-0.006,0.131,0.13,0.047,
0,0.107,0.155,0.098,0.141,0.129,0.182,0.186,0.182,0.251,
0,0.189,0.134,0.14,0.297,0.199,0.227,0.225,0.226,0.173,
0,0.225,0.184,0.32,0.261,0.233,0.271,0.167,0.236,0.329,
0,0.144,0.222,0.22,0.125,0.218,0.151,0.192,0.201,0.076,
0,0.144,0.2,0.149,0.076,0.238,0.305,0.275,0.208,0.241,
0,0.175,0.19,0.208,0.183,0.229,0.223,0.159,0.247,0.277,
0,0.112,0.067,0.131,0.102,0.117,0.147,0.101,0.134,0.076,
0,0.094,0.097,0.157,0.099,0.161,0.023,0.119,0.161,0.142,
0,0.256,0.312,0.269,0.201,0.217,0.314,0.33,0.255,0.302,
0,0.238,0.35,0.241,0.28,0.257,0.224,0.297,0.327,0.3,
0,0.394,0.379,0.443,0.419,0.299,0.343,0.433,0.447,0.418,
0,0.238,0.242,0.189,0.256,0.205,0.313,0.214,0.275,0.095,
0,0.128,0.204,0.281,0.233,0.162,0.178,0.166,0.203,0.234,
0,0.338,0.301,0.415,0.389,0.409,0.349,0.412,0.329,0.377,
0,0.107,0.132,0.251,0.284,0.085,0.239,0.194,0.156,0.165,
0,0.162,0.083,0.213,0.154,0.157,0.227,0.152,0.174,0.099,
0,0.162,0.134,0.296,0.13,0.161,0.317,0.199,0.177,0.292,
0,0.113,0.157,0.102,0.157,0.196,0.212,0.247,0.243,0.217,
0,0.121,0.252,0.282,0.213,0.241,0.213,0.25,0.328,0.368,
0,0.172,0.329,0.279,0.238,0.245,0.334,0.321,0.307,0.312,
0,0.053,0.196,0.2,0.147,0.211,0.23,0.222,0.206,0.202,
0,0.288,0.294,0.207,0.358,0.33,0.237,0.255,0.264,0.314,
0,0.109,0.081,0.229,0.158,0.151,0.183,0.188,0.215,0.09,
0,0.1,0.128,0.139,0.076,0.087,0.161,0.047,0.098,0.12,
0,0.233,0.247,0.25,0.231,0.254,0.278,0.304,0.326,0.271,
0,0.18,0.288,0.24,0.21,0.221,0.293,0.267,0.275,0.316,
0,0.101,0.105,0.179,0.193,0.244,0.139,0.298,0.187,0.285,
0,0.323,0.204,0.31,0.266,0.38,0.254,0.19,0.375,0.292,
0,0.292,0.261,0.185,0.296,0.22,0.274,0.269,0.329,0.34,
0,0.193,0.141,0.156,0.239,0.235,0.179,0.257,0.198,0.295,
0,0.286,0.312,0.307,0.341,0.267,0.17,0.322,0.26,0.263,
0,0.085,0.041,0.127,0.07,0.194,0.164,0.102,0.137,0.123,
0,0.288,0.347,0.289,0.373,0.272,0.421,0.404,0.392,0.289,
0,0.136,0.267,0.231,0.228,0.27,0.242,0.297,0.225,0.281,
0,0.325,0.172,0.368,0.387,0.389,0.366,0.347,0.372,0.341,
0,0.057,0.188,0.076,0.14,0.078,0.118,0.072,0.079,0.194,
0,0.237,0.226,0.198,0.224,0.205,0.137,0.146,0.213,0.215,
0,0.315,0.209,0.146,0.234,0.136,0.237,0.257,0.207,0.176,
0,0.159,0.15,0.183,0.268,0.247,0.267,0.234,0.09,0.105,
0,0.404,0.364,0.469,0.471,0.437,0.389,0.406,0.412,0.428,
0,0.199,0.192,0.233,0.155,0.238,0.164,0.243,0.184,0.188,
0,0.387,0.372,0.361,0.277,0.421,0.339,0.431,0.378,0.42,
0,0.355,0.388,0.413,0.354,0.344,0.278,0.378,0.35,0.425,
0,0.086,0.138,0.202,0.19,0.015,0.091,0.117,0.133,0.092,
0,0.24,0.338,0.272,0.256,0.323,0.328,0.158,0.311,0.255,
0,0.21,0.217,0.262,0.179,0.258,0.184,0.088,0.174,0.177,
0,0.264,0.292,0.35,0.326,0.324,0.285,0.341,0.319,0.248,
0,0.384,0.43,0.465,0.387,0.376,0.38,0.27,0.366,0.387,
0,0.375,0.233,0.274,0.4,0.319,0.321,0.313,0.299,0.298,
0,0.172,0.179,0.195,0.267,0.105,0.147,0.179,0.168,0.16,
0,0.046,0.05,0.097,0.08,0.127,0.139,0.074,0.031,0.021,
0,0.196,0.27,0.273,0.299,0.319,0.287,0.286,0.273,0.304,
0,0.131,0.131,0.15,0.28,0.144,0.141,0.146,0.147,0.134,
0,0.205,0.218,0.152,0.214,0.239,0.249,0.298,0.171,0.182,
0,0.101,0.24,0.174,0.189,0.083,0.229,0.136,0.203,0.181,
0,0.275,0.377,0.336,0.206,0.328,0.295,0.347,0.363,0.307,
0,0.19,0.307,0.34,0.238,0.291,0.227,0.28,0.298,0.354,
0,0.207,0.18,0.251,0.256,0.227,0.17,0.249,0.243,0.275,
0,0.233,0.21,0.302,0.136,0.193,0.17,0.227,0.218,0.201,
0,0.224,0.229,0.31,0.297,0.251,0.331,0.304,0.257,0.344,
0,0.253,0.237,0.237,0.276,0.243,0.32,0.307,0.277,0.233,
0,0.122,0.206,0.187,0.23,0.298,0.173,0.146,0.15,0.048,
0,0.294,0.244,0.193,0.226,0.238,0.264,0.236,0.199,0.146,
0,0.192,0.321,0.356,0.238,0.274,0.296,0.37,0.325,0.341,
0,0.167,0.231,0.184,0.241,0.219,0.195,0.169,0.175,0.095,
0,0.146,0.257,0.255,0.358,0.383,0.363,0.358,0.374,0.28,
0,0.205,0.22,0.167,0.175,0.306,0.247,0.281,0.269,0.264,
0,0.212,0.275,0.201,0.195,0.263,0.25,0.249,0.224,0.302,
0,0.361,0.425,0.393,0.389,0.274,0.344,0.35,0.398,0.45,
0,0.353,0.287,0.265,0.314,0.225,0.351,0.261,0.344,0.365,
0,0.179,0.248,0.132,0.201,0.136,0.171,0.183,0.22,0.216,
0,0.09,0.097,0.116,0.099,0.191,0.095,0.047,0.06,0.103,
0,0.104,0.173,0.089,0.189,0.274,0.314,0.277,0.221,0.184,
0,0.206,0.158,0.212,0.24,0.249,0.353,0.259,0.371,0.328,
0,0.043,0.082,0.156,0.157,0.086,0.12,0.134,0.142,0.152,
0,0.4,0.316,0.269,0.305,0.256,0.265,0.21,0.269,0.287,
0,0.185,0.284,0.211,0.225,0.248,0.191,0.24,0.202,0.25,
0,0.17,0.147,0.186,0.282,0.205,0.244,0.179,0.29,0.218,
0,0.242,0.243,0.203,0.301,0.315,0.332,0.379,0.318,0.251,
0,0.182,0.228,0.222,0.234,0.241,0.328,0.259,0.264,0.34,
0,0.087,0.125,0.15,0.143,0.117,0.112,0.152,0.197,0.063,
0,0.12,0.141,0.148,0.06,0.237,0.258,0.245,0.145,0.221,
0,0.454,0.541,0.475,0.569,0.496,0.474,0.55,0.519,0.449,
0,0.173,0.231,0.252,0.256,0.264,0.135,0.237,0.222,0.294,
0,0.086,0.259,0.19,0.208,0.169,0.253,0.267,0.253,0.196,
0,0.015,0.059,0.121,0.179,0.19,0.075,0.15,0.192,0.147,
0,0.226,0.246,0.263,0.37,0.271,0.228,0.43,0.347,0.285,
0,0.195,0.41,0.327,0.18,0.25,0.207,0.253,0.335,0.249,
0,0.154,0.219,0.18,0.137,0.214,0.231,0.141,0.211,0.104,
0,0.134,0.136,0.219,0.236,0.154,0.184,0.203,0.215,0.217,
0,0.154,0.089,0.133,0.242,0.19,0.254,0.109,0.194,0.199,
0,0.18,0.13,0.243,0.133,0.132,0.181,0.164,0.174,0.154,
0,0.138,0.102,0.224,0.203,0.25,0.259,0.226,0.254,0.336,
0,0.102,0.1,0.19,0.206,0.247,0.123,0.114,0.165,0.211,
0,0.068,0.092,0.129,0.13,0.167,0.111,0.146,0.157,0.183,
0,0.033,0.137,0.16,0.096,0.134,0.207,0.062,0.171,0.118,
0,0.035,0.1,0.128,0.218,0.338,0.177,0.224,0.132,0.123,
0,0.063,0.127,0.057,0.164,0.226,0.152,0.113,0.046,0.17,
0,0.048,0.093,0.15,0.252,0.128,0.159,0.124,0.078,0.145,
0,0.343,0.304,0.303,0.3,0.354,0.296,0.349,0.411,0.409,
0,0.25,0.338,0.344,0.441,0.353,0.222,0.305,0.321,0.325,
0,0.169,0.141,0.154,0.121,0.161,0.17,0.201,0.308,0.241,
0,0.108,0.219,0.128,0.23,0.154,0.194,0.198,0.162,0.19,
0,0.151,0.18,0.182,0.265,0.181,0.166,0.177,0.162,0.173,
0,0.062,0.055,0.189,0.102,0.149,0.106,0.163,0.183,0.054,
0,0.283,0.331,0.399,0.431,0.401,0.303,0.36,0.495,0.361,
0,0.063,0.13,0.198,0.226,0.1,0.198,0.201,0.19,0.206,
0,0.122,0.188,0.251,0.333,0.316,0.212,0.346,0.22,0.282,
0,0.092,0.168,0.219,0.27,0.293,0.245,0.247,0.29,0.276,
0,0.274,0.313,0.217,0.279,0.305,0.221,0.235,0.281,0.321,
0,0.141,0.198,0.202,0.135,0.194,0.183,0.125,0.125,0.202,
0,0.149,0.158,0.236,0.315,0.258,0.224,0.334,0.268,0.295,
0,0.027,0.152,0.262,0.225,0.206,0.205,0.186,0.183,0.215,
0,0.201,0.189,0.252,0.189,0.268,0.208,0.296,0.272,0.301,
0,0.155,0.246,0.144,0.174,0.239,0.164,0.269,0.282,0.215,
0,0.227,0.173,0.276,0.159,0.231,0.135,0.161,0.181,0.242,
0,0.059,0.044,0.055,0.059,0.057,0.044,0.136,0.019,0.077,
0,0.101,0.085,0.252,0.182,0.068,0.179,0.143,0.211,0.22,
0,0.192,0.165,0.229,0.234,0.241,0.334,0.259,0.295,0.319,
0,0.243,0.218,0.251,0.304,0.306,0.212,0.344,0.285,0.263,
0,0.374,0.447,0.37,0.34,0.228,0.352,0.376,0.377,0.357,
0,0.122,0.138,0.132,0.056,0.099,0.102,0.16,0.131,0.112,
0,0.288,0.301,0.318,0.263,0.299,0.371,0.315,0.308,0.362,
0,0.22,0.202,0.272,0.198,0.249,0.171,0.226,0.271,0.291,
0,0.325,0.335,0.289,0.321,0.362,0.332,0.313,0.274,0.266,
0,0.234,0.228,0.263,0.267,0.334,0.282,0.196,0.311,0.269,
0,0.196,0.263,0.219,0.211,0.213,0.25,0.254,0.271,0.274,
0,0.428,0.147,0.306,0.249,0.29,0.277,0.346,0.244,0.243,
0,0.209,0.14,0.216,0.21,0.143,0.172,0.267,0.21,0.254,
0,0.39,0.468,0.468,0.406,0.427,0.395,0.436,0.443,0.449,
0,0.069,0.214,0.035,0.149,0.152,0.194,0.173,0.192,0.095,
0,0.041,0.044,0.069,0.093,0.074,0.021,0.084,0.059,0.079,
0,0.16,0.265,0.114,0.181,0.176,0.246,0.229,0.281,0.227,
0,0.116,0.106,0.12,0.118,0.141,0.143,0.093,0.094,0.191,
0,0.237,0.302,0.381,0.377,0.24,0.301,0.301,0.3,0.29,
0,0.111,0.016,0.19,0.152,0.146,0.111,0.106,0.096,0.122,
0,0.026,0.06,0.077,0.141,0.194,0.205,0.19,0.173,0.087,
0,0.121,0.268,0.297,0.33,0.325,0.269,0.296,0.33,0.207,
0,0.104,0.168,0.186,0.133,0.188,0.132,0.165,0.2,0.179,
0,0.178,0.106,0.114,0.241,0.202,0.221,0.161,0.278,0.18,
0,0.252,0.262,0.246,0.243,0.223,0.255,0.294,0.25,0.323,
0,0.124,0.088,0.159,0.125,0.242,0.108,0.18,0.18,0.094,
0,0.118,0.175,0.171,0.19,0.213,0.215,0.258,0.243,0.272,
0,0.247,0.347,0.244,0.287,0.299,0.347,0.381,0.337,0.32,
0,0.017,0.123,0.17,0.19,0.21,0.158,0.294,0.141,0.149,
0,0.049,0.098,0.213,0.158,0.237,0.166,0.216,0.224,0.232,
0,0.286,0.227,0.209,0.348,0.185,0.36,0.39,0.311,0.21,
0,0.112,0.282,0.286,0.114,0.214,0.255,0.304,0.266,0.325,
0,0.251,0.327,0.325,0.247,0.325,0.322,0.319,0.257,0.196,
0,0.386,0.38,0.355,0.316,0.512,0.361,0.401,0.376,0.345,
0,0.308,0.27,0.342,0.226,0.256,0.309,0.405,0.323,0.341,
0,0.207,0.248,0.277,0.227,0.338,0.339,0.374,0.29,0.342,
0,0.369,0.176,0.195,0.251,0.253,0.274,0.204,0.226,0.293,
0,0.394,0.386,0.278,0.333,0.334,0.324,0.313,0.295,0.426,
0,0.151,0.155,0.277,0.34,0.285,0.271,0.323,0.26,0.249,
0,0.166,0.175,0.191,0.148,0.2,0.174,0.177,0.152,0.226,
0,0.205,0.375,0.286,0.316,0.261,0.358,0.242,0.293,0.376,
0,0.143,0.268,0.167,0.223,0.26,0.142,0.299,0.231,0.238,
0,0.313,0.456,0.275,0.42,0.487,0.454,0.428,0.492,0.479,
0,0.045,0.194,0.176,0.131,0.354,0.297,0.32,0.257,0.271,
0,0.16,0.222,0.271,0.196,0.254,0.152,0.08,0.187,0.185,
0,0.317,0.396,0.335,0.238,0.311,0.391,0.312,0.345,0.398,
0,0.179,0.139,0.242,0.268,0.218,0.215,0.196,0.208,0.158,


0,0.087,0.064,0.08,0.06,0.122,0.161,0.133,0.169,0.2,
0,0.23,0.251,0.185,0.182,0.281,0.197,0.113,0.235,0.304,
0,0.083,0.113,0.133,0.23,0.12,0.195,0.157,0.229,0.158,
0,0.12,0.137,0.037,-0.027,0.263,0.135,0.166,0.121,0.048,
0,0.152,0.145,0.177,0.041,0.222,0.156,0.115,0.161,0.244,
0,0.171,0.237,0.318,0.336,0.282,0.29,0.179,0.18,0.212,
0,0.166,0.26,0.119,0.225,0.181,0.167,0.232,0.162,0.23,
0,0.108,0.258,0.239,0.229,0.177,0.15,0.022,0.196,0.202,
0,0.026,0.139,0.121,0.014,0.079,0.145,0.157,0.191,0.029,
0,0.196,0.187,0.045,0.171,0.221,0.177,0.246,0.162,0.173,
0,0.133,0.169,0.073,0.184,0.228,0.238,0.202,0.19,0.193,
0,-0.096,-0.061,-0.004,0.071,0.077,-0.035,0.038,-0.002,0.153,
0,0.201,0.22,0.292,0.154,0.173,0.13,0.188,0.141,0.09,
0,0.093,0.163,0.143,0.071,0.014,-0.002,0.147,0.169,0.063,
0,0.081,0.223,0.188,0.208,0.139,0.281,0.282,0.234,0.272,
0,0.191,0.215,0.224,0.226,0.235,0.197,0.237,0.17,0.167,
0,0.163,0.235,0.222,0.152,0.182,0.317,0.245,0.292,0.21,
0,0.214,0.295,0.288,0.307,0.237,0.254,0.187,0.268,0.334,
0,0.132,0.165,0.225,0.201,0.22,0.186,-0.014,0.164,0.209,
0,0.185,0.183,0.203,0.196,0.286,0.168,0.26,0.178,0.223,
0,0.236,0.229,0.294,0.308,0.184,0.224,0.261,0.277,0.325,
0,0.003,0.011,0.188,0.138,0.216,0.235,0.132,0.267,0.191,
0,0.109,0.098,0.132,0.041,0.093,0.07,0.122,0.165,0.049,
0,0.198,0.256,0.253,0.236,0.322,0.183,0.283,0.275,0.36,
0,0.237,0.212,0.288,0.155,0.198,0.226,0.21,0.249,0.263,
0,0.05,0.003,0,0,0,-0.011,-0.003,0,0,
0,0.039,0.082,0.091,0.029,0.104,0.24,0.262,0.311,0.316,
0,0.029,0.124,0.146,0.179,0.163,0.196,0.293,0.229,0.171,
0,0.19,0.203,0.156,0.098,0.232,0.268,0.211,0.233,0.219,
0,0.158,0.248,0.195,0.121,0.239,0.232,0.246,0.288,0.257,
0,0.158,0.271,0.219,0.218,0.15,0.233,0.239,0.292,0.312,
0,-0.004,-0.081,-0.024,0.094,0.094,0.056,0.19,0.267,0.105,
0,0.246,0.369,0.337,0.382,0.228,0.209,0.156,0.322,0.287,
0,0.174,0.268,0.18,0.191,0.246,0.281,0.159,0.289,0.237,
0,0.206,0.27,0.267,0.192,0.302,0.3,0.332,0.266,0.314,
0,0.298,0.31,0.241,0.291,0.31,0.279,0.269,0.232,0.323,
0,0.161,0.043,0.231,0.063,0.125,0.136,0.071,0.192,0.19,
0,0.07,-0.031,0.016,-0.049,-0.074,0.179,0.058,0.089,0.169,
0,0.052,0.137,0.105,0.045,-0.122,0.014,0.012,-0.174,0.01,
0,0.096,0.084,0.128,0.067,-0.075,-0.115,-0.049,-0.084,0.007,
0,0.228,0.229,0.265,0.233,0.262,0.344,0.258,0.327,0.25,
0,0.148,0.191,0.093,0.215,0.313,0.347,0.28,0.268,0.3,
0,0.161,0.141,0.161,-0.004,0.097,0.037,0.069,-0.074,-0.12,
0,0.124,0.179,0.086,0.039,0.209,0.166,0.185,0.244,0.108,
0,0.239,0.302,0.179,0.263,0.193,0.232,0.082,0.153,0.229,
0,0.135,0.204,0.293,0.186,0.295,0.238,0.297,0.26,0.127,
0,0.129,0.19,0.27,0.273,0.136,0.177,0.203,0.261,0.327,
0,0.126,0.213,0.219,0.198,0.287,0.26,0.314,0.31,0.274,
0,0.132,0.328,0.334,0.182,0.26,0.296,0.23,0.225,0.231,
0,0.166,0.282,0.32,0.227,0.165,0.276,0.195,0.083,0.257,
0,0.097,0.225,0.235,0.354,0.302,0.297,0.279,0.256,0.305,
0,0.133,0.142,0.132,0.164,0.2,0.139,0.2,0.196,0.17,
0,0.102,0.049,0.159,0.219,0.018,0.092,0.146,0.114,0.205,
0,0.112,0.266,0.121,0.166,0.225,0.098,0.155,0.194,0.239,
0,0.054,0.143,0.145,0.171,-0.014,0.129,0.128,0.132,0.155,
0,0.045,0.186,0.219,0.118,0.278,0.258,0.211,0.097,0.218,
0,0.208,0.306,0.19,0.204,0.189,0.314,0.295,0.105,0.321,
0,0.044,0.196,0.086,0.085,0.172,0.197,0.13,0.124,0.29,
0,0.137,0.241,0.168,0.26,0.108,0.154,0.241,0.285,0.224,
0,0.18,0.252,0.183,0.172,0.253,0.195,0.267,0.239,0.169,
0,0.26,0.317,0.309,0.233,0.229,0.296,0.286,0.288,0.273,
0,0,0.006,-0.003,-0.003,-0.003,-0.003,-0.003,-0.003,-0.003,
0,0.202,0.235,0.102,0.171,0.17,0.185,0.268,0.245,0.268,
0,0.219,0.267,0.278,0.122,0.097,0.086,0.165,0.173,0.13,
0,0.212,0.174,0.149,0.185,0.18,0.182,0.167,0.194,0.193,
0,0.002,0.28,-0.002,0.191,0.15,0.068,-0.056,-0.011,0.057,
0,0.201,0.271,0.256,0.218,0.203,0.282,0.176,0.23,0.248,
0,0.192,0.234,0.176,0.114,0.044,0.052,0.135,0.128,0.118,
0,0.191,0.287,0.228,0.256,0.322,0.261,0.344,0.283,0.321,
0,0.199,0.231,0.245,0.275,0.241,0.352,0.226,0.24,0.279,
0,0.026,0.204,0.173,0.248,0.224,0.099,0.19,0.164,0.167,
0,0.155,0.212,0.175,0.241,0.183,0.219,0.201,0.321,0.213,
0,0.174,0.309,0.252,0.315,0.288,0.331,0.325,0.32,0.223,
0,0.098,0.197,0.244,0.235,0.188,0.268,0.219,0.147,0.069,
0,0.145,0.224,0.164,0.198,0.246,0.242,0.241,0.32,0.268,
0,0.262,0.302,0.325,0.306,0.307,0.201,0.267,0.183,0.271,
0,0.163,0.198,0.215,0.179,0.216,0.167,0.24,0.089,0.155,
0,0.087,0.212,0.2,0.265,0.224,0.213,0.242,0.284,0.236,
0,0.164,0.208,0.3,0.293,0.297,0.211,0.319,0.332,0.293,
0,0.211,0.325,0.315,0.289,0.276,0.24,0.198,0.329,0.286,
0,0.232,0.263,0.218,0.219,0.237,0.311,0.241,0.161,0.221,
0,0.045,0.229,0.125,0.193,0.341,0.191,0.095,0.24,0.091,
0,0.254,0.176,0.322,0.343,0.363,0.3,0.185,0.274,0.17,
0,0.201,0.223,0.22,0.236,0.255,0.175,0.19,0.155,0.212,
0,0.017,0.142,0.148,0.086,0.186,0.206,0.273,0.227,0.27,
0,0.161,0.298,0.265,0.26,0.189,0.222,0.217,0.275,0.222,
0,-0.111,0.074,0.135,0.015,0.211,0.067,0.159,0.002,0.009,
0,0.152,0.21,0.19,0.308,0.261,0.287,0.331,0.256,0.183,
0,0.152,0.179,0.239,0.328,0.291,0.28,0.191,0.216,0.138,
0,0.077,0.225,0.144,0.19,0.051,0.255,0.089,0.227,0.252,
0,0.147,0.194,0.155,0.206,0.176,0.182,0.323,0.245,0.237,
0,0.147,0.231,0.261,0.307,0.287,0.182,0.179,0.22,0.214,
0,0.098,0.25,0.266,0.254,0.067,0.181,0.204,0.262,0.128,
0,0.167,0.183,0.19,0.162,0.2,0.253,0.108,0.139,0.192,
0,0.225,0.286,0.236,0.297,0.313,0.262,0.304,0.302,0.337,
0,0.149,0.125,0.288,0.283,0.258,0.317,0.279,0.318,0.347,
0,0.131,0.184,0.188,0.223,0.234,0.321,0.313,0.247,0.182,
0,0.265,0.254,0.066,0.125,0.166,0.173,0.201,0.086,0.147,
0,0.276,0.242,0.22,0.249,0.199,0.096,0.143,0.186,0.277,
0,0.179,0.165,0.221,0.142,0.257,0.213,0.208,0.239,0.297,
0,0.162,0.188,0.275,0.216,0.186,0.17,0.32,0.218,0.244,
0,0.253,0.216,0.251,0.229,0.123,0.186,0.286,0.245,0.254,
0,0.212,0.257,0.302,0.242,0.287,0.304,0.262,0.239,0.314,
0,0.196,0.259,0.285,0.346,0.268,0.211,0.321,0.199,0.279,
0,0.126,0.213,0.289,0.245,0.245,0.177,0.212,0.28,0.213,
0,0.239,0.279,0.291,0.289,0.302,0.192,0.355,0.285,0.228,
0,0.193,0.199,0.209,0.273,0.315,0.318,0.248,0.268,0.31,
0,0.112,0.245,0.234,0.212,0.264,0.292,0.212,0.268,0.287,
0,0.147,0.207,0.254,0.254,0.242,0.284,0.247,0.157,0.244,
0,0.239,0.19,0.129,0.28,0.195,0.262,0.155,0.078,0.233,
0,0.11,0.199,0.236,0.15,0.27,0.236,0.151,0.223,0.224,
0,0.141,0.03,0.002,0.233,0.108,0.119,-0.037,-0.021,0.125,
0,0.247,0.318,0.092,0.23,0.125,0.047,0.085,0.316,0.278,
0,0.146,0.276,0.209,0.195,0.288,0.277,0.321,0.292,0.284,
0,0.15,0.168,0.224,0.203,0.105,0.182,0.215,0.207,0.231,
0,0.164,0.105,0.168,0.276,0.211,0.272,0.274,0.275,0.155,
0,0.168,0.23,0.258,0.209,0.252,0.219,0.268,0.181,0.208,
0,0.058,0.257,0.219,0.155,0.053,0.107,0.177,0.183,0.107,
0,0.186,0.285,0.299,0.276,0.224,0.272,0.262,0.193,0.246,
0,0.161,0.133,0.08,0.184,0.111,-0.011,-0.022,0.066,0.05,
0,0.037,0.154,0.125,0.096,0.015,0.197,0.044,0.192,0.114,
0,0.062,0.21,0.099,0.24,-0.008,0.1,0.062,0.175,0.115,
0,0.176,0.32,0.227,0.255,0.213,0.273,0.204,0.269,0.291,
0,0.199,0.226,0.269,0.219,0.272,0.067,0.166,0.193,0.174,
0,0.257,0.208,0.264,0.246,0.238,0.31,0.243,0.225,0.236,
0,0.19,0.257,0.143,0.049,0.129,0.133,0.106,0.105,0.091,
0,0.191,0.247,0.199,0.172,0.272,0.31,0.309,0.196,0.358,
0,0.187,0.269,0.242,0.302,0.301,0.265,0.309,0.24,0.227,
0,-0.027,0.211,0.169,0.024,0.052,0.049,-0.035,0.073,0.264,
0,0.143,0.308,0.296,0.296,0.144,0.307,0.274,0.236,0.2,
0,0.215,0.097,0.244,0.203,0.263,0.25,0.311,0.239,0.314,
0,0.167,0.249,0.244,0.131,0.224,0.239,0.289,0.183,0.258,
0,0.132,0.228,0.233,0.224,0.13,0.062,0.135,0.104,0.019,
0,0.077,0.233,0.186,0.01,0.119,0.194,0.153,-0.05,0.068,
0,0.29,0.285,0.306,0.19,0.242,0.278,0.304,0.345,0.302,
0,0.114,-0.072,0.077,-0.083,0.086,0.042,0.092,0.111,0.079,
0,0.098,0.071,0.062,0.06,0.053,0.091,0.072,0.1,0.086,
0,0.02,0.206,0.157,0.243,0.076,0.146,0.073,0.083,0.251,
0,0.174,0.219,0.227,0.148,0.156,0.25,0.025,0.12,0.218,
0,-0.073,-0.048,-0.105,-0.105,0.075,0.101,0.19,0.253,0.159,
0,0.269,0.146,0.219,0.255,0.273,0.329,0.15,0.23,0.282,
0,-0.017,0.026,-0.106,0.009,-0.127,-0.145,-0.324,-0.218,-0.208,
0,0.064,0.152,0.211,0.27,0.269,0.224,0.163,0.109,0.277,
0,0.056,0.103,0.264,0.225,0.212,0.278,0.25,0.334,0.261,
0,0.187,0.346,0.297,0.327,0.272,0.323,0.337,0.335,0.329,
0,0.206,0.253,0.25,0.27,0.192,0.327,0.262,0.189,0.197,
0,0.215,0.258,0.273,0.254,0.306,0.334,0.287,0.315,0.26,
0,0.163,0.255,0.281,0.111,0.261,0.215,0.268,0.295,0.221,
0,0.249,0.25,0.071,0.282,0.195,0.236,0.264,0.198,0.221,
0,0.176,0.348,0.304,0.245,0.342,0.291,0.339,0.341,0.352,
0,0.223,0.252,0.339,0.289,0.296,0.298,0.324,0.33,0.318,
0,0.202,0.218,0.176,0.05,0.167,0.231,0.244,0.174,0.179,
0,0.206,0.265,0.256,0.135,0.213,0.222,0.284,0.059,0.113,
0,0.025,0.212,0.174,0.113,0.216,0.188,0.257,0.181,0.213,
0,0.068,0.166,0.238,0.187,0.046,0.152,0.31,0.192,0.243,
0,0.238,0.276,0.259,0.253,0.381,0.3,0.335,0.173,0.264,
0,0.188,0.236,0.257,0.311,0.229,0.214,0.247,0.249,0.291,
0,0.036,0.161,0.149,0.145,0.163,0.16,0.135,0.2,0.205,
0,0.137,0.174,0.025,0.192,0.381,0.339,0.181,0.128,0.167,
0,0.078,0.126,0.209,0.118,0.238,0.266,0.185,0.198,0.203,
0,0.205,0.202,0.238,0.152,0.209,0.198,0.147,0.187,0.134,
0,0.116,0.053,0.134,0.16,0.275,0.233,0.096,0.181,0.203,
0,0.244,0.344,0.275,0.265,0.25,0.224,0.226,0.274,0.311,
0,0.17,0.264,0.29,0.229,0.234,0.264,0.207,0.27,0.278,
0,0.193,0.182,0.112,0.1,0.119,0.118,0.193,0.174,0.16,
0,0.198,0.253,0.245,0.242,0.256,0.177,0.206,0.101,0.131,
0,0.23,0.299,0.31,0.289,0.283,0.342,0.322,0.369,0.333,
0,0.232,0.204,0.28,0.213,0.309,0.265,0.152,0.244,0.293,
0,0.309,0.337,0.228,0.221,0.268,0.288,0.305,0.276,0.237,
0,0.169,0.238,0.233,0.282,0.25,0.251,0.354,0.214,0.314,
0,0.113,0.207,0.156,0.25,0.192,0.235,0.235,0.252,0.296,
0,-0.06,0.131,0.002,0.129,-0.041,-0.101,-0.059,-0.032,-0.095,
0,0.176,0.122,0.156,-0.013,0.089,0.149,0.113,0.09,0.22,
0,0.16,0.211,0.183,0.154,0.146,0.092,0.201,0.161,0.123,
0,0.162,0.221,0.233,0.248,0.324,0.283,0.264,0.273,0.243,
0,0.124,0.011,-0.018,-0.015,-0.043,-0.015,-0.015,-0.012,-0.015,
0,0.17,0.21,0.094,0.132,0.171,0.064,0.036,0.033,0.1,
0,0.088,0.271,0.244,0.266,0.244,0.266,0.185,0.205,0.218,
0,-0.03,0.254,0.158,-0.017,0.134,0.26,0.191,0.286,0.25,
0,0.214,0.228,0.225,0.158,0.277,0.252,0.316,0.324,0.314,
0,-0.04,0.098,0.17,0.228,0.259,0.249,0.175,0.242,0.161,
0,0.213,0.189,0.201,0.249,0.31,0.36,0.336,0.289,0.261,
0,0.152,0.294,0.233,0.287,0.354,0.329,0.34,0.262,0.279,
0,-0.037,0.147,0.215,0.205,0.221,0.199,0.32,0.235,0.147,
0,0.219,0.299,0.122,0.218,0.291,0.319,0.229,0.301,0.292,
0,0.309,0.184,0.244,0.235,0.241,0.312,0.191,0.218,0.239,
0,0.099,0.092,0.221,0.106,-0.009,0.181,0.234,0.191,0.159,
0,0.168,0.163,0.36,0.095,0.211,0.232,0.132,0.181,0.228,
0,0.271,0.312,0.292,0.29,0.26,0.279,0.136,0.217,0.25,
0,0.056,0.133,0.201,0.13,0.091,0.229,0.248,0.199,0.154,
0,-0.085,0.09,0.047,0.086,0.089,0.186,0.034,0.052,0.161,
0,0.153,0.22,0.113,0.041,0.099,0.138,0.228,0.173,0.051,
0,0.241,0.204,0.179,0.197,0.155,0.07,0.088,-0.009,-0.031,
0,0.134,0.32,0.292,0.245,0.241,0.187,0.251,0.314,0.258,
0,0.22,0.328,0.315,0.334,0.366,0.35,0.426,0.367,0.348,
0,0.292,0.353,0.24,0.33,0.221,0.298,0.318,0.353,0.352,
0,0.033,0.139,0.157,0.264,0.108,0.233,0.317,0.223,0.092,
0,0.158,0.172,0.169,0.17,0.199,0.26,0.253,0.242,0.192,
0,0.241,0.145,0.17,0.124,0.198,0.237,0.22,0.339,0.351,
0,0.196,0.287,0.316,0.249,0.205,0.348,0.232,0.301,0.316,
0,0.284,0.294,0.297,0.241,0.247,0.316,0.293,0.28,0.302,
0,0.142,0.26,0.177,0.174,0.281,0.338,0.141,0.065,0.304,
0,0.206,0.338,0.34,0.315,0.216,0.288,0.305,0.263,0.331,
0,0.091,0.268,0.273,0.17,0.108,0.268,0.245,0.213,0.233,
0,0.09,0.226,0.169,0.173,0.343,0.298,0.355,0.189,0.274,
0,0.249,0.304,0.289,0.238,0.144,0.306,0.213,0.331,0.3,
0,0.146,0.163,0.16,0.232,0.3,0.107,0.14,0.123,0.267,
0,0.195,0.235,0.268,0.079,0.195,0.254,0.224,0.246,0.226,
0,0.172,0.308,0.313,0.247,0.293,0.267,0.321,0.26,0.305,
0,0.193,0.202,0.154,0.288,0.243,0.253,0.113,0.309,0.153,
0,0.187,0.213,0.126,0.216,0.103,0.04,0.067,0.039,0.113,
0,0.146,0.182,0.206,0.29,0.203,0.214,0.115,0.182,0.261,
0,0.212,0.258,0.155,0.145,0.16,0.313,0.185,0.317,0.245,
0,0.063,0.267,0.156,0.275,0.194,0.286,0.329,0.28,0.283,
0,-0.023,-0.02,0.047,0.038,0.035,0,-0.006,-0.006,-0.006,
0,0.273,0.301,0.366,0.326,0.24,0.285,0.285,0.241,0.223,
0,0.19,0.3,0.24,0.128,0.288,0.238,0.236,0.3,0.195,
0,0.188,0.211,0.073,0.24,0.319,0.319,0.312,0.355,0.33,
0,0.169,0.079,0.173,0.099,0.142,0.253,0.194,0.14,0.142,
0,0.26,0.386,0.122,0.206,0.28,0.274,0.189,0.234,0.289,
0,0.223,0.264,0.185,0.168,0.147,0.064,0.06,0.083,0.165,
0,0.144,0.287,0.191,0.246,0.129,0.255,0.189,0.157,0.335,
0,0.25,0.183,0.281,0.229,0.247,0.181,0.221,0.218,0.213,
0,0.143,0.087,0.276,0.12,0.222,0.198,0.208,0.151,0.177,
0,0.194,0.229,0.167,0.249,0.256,0.222,0.334,0.193,0.157,
0,0.127,-0.018,-0.13,-0.033,0,0.029,-0.134,-0.007,0.02,
0,0.108,0.217,0.208,0.25,0.091,0.193,0.223,0.268,0.327,
0,0.147,0.127,0.084,0.108,0.008,0.123,0.031,0.036,0.185,
0,0.165,0.317,0.224,0.242,0.243,0.196,0.234,0.279,0.28,
0,0.079,0.207,0.279,0.154,0.199,0.198,0.257,0.286,0.241,
0,0.16,0.269,0.22,0.273,0.254,0.238,0.303,0.246,0.281,
0,0.187,0.237,0.287,0.25,0.234,0.275,0.242,0.292,0.334,
0,0.119,0.196,0.109,0.229,0.211,0.138,0.248,0.276,0.285,
0,0.155,0.198,0.207,0.101,0.162,0.138,0.139,0.233,0.264,
0,0.241,0.303,0.319,0.26,0.172,0.294,0.282,0.304,0.257,
0,0.265,0.272,0.265,0.257,0.266,0.246,0.306,0.153,0.234,
0,0.179,0.279,0.144,0.213,0.217,0.289,0.225,0.13,0.246,
0,0.173,0.094,0.039,0.022,0.064,-0.013,0.123,0.021,-0.054,
0,0.232,0.347,0.347,0.296,0.362,0.274,0.317,0.289,0.284,
0,0.165,0.131,0.12,0.217,0.17,0.245,0.222,0.238,0.122,
0,0.246,0.317,0.281,0.296,0.309,0.331,0.317,0.348,0.306,
0,0.033,0.126,0.151,0.231,0.222,0.237,0.354,0.249,0.21,
0,0.077,0.019,0.251,0.281,0.181,0.106,0.093,0.108,0.138,
0,0.221,0.264,0.215,0.25,0.195,0.154,0.191,0.274,0.157,
0,0.042,0.115,0.041,0.12,0.032,0.096,0.186,0.164,0.076,
0,0.249,0.248,0.279,0.186,0.266,0.225,0.199,0.268,0.155,
0,0.011,0.047,0.294,0.282,0.165,0.165,0.184,0.132,-0.059,
0,0.157,0.298,0.327,0.373,0.253,0.289,0.16,0.208,0.341,
0,0.205,0.312,0.248,0.258,0.161,0.268,0.247,0.269,0.355,
0,0.249,0.256,0.168,0.232,0.184,0.198,0.182,0.28,0.202,
0,0.195,0.22,0.187,0.254,0.186,0.259,0.201,0.171,0.319,
0,0.158,0.222,0.252,0.2,0.295,0.237,0.294,0.307,0.212,
0,0.213,0.2,0.226,0.19,0.237,0.173,0.274,0.286,0.168,
0,0.139,0.201,0.186,0.085,0.27,0.305,0.3,0.268,0.265,
0,0.154,0.158,0.236,0.244,0.28,0.215,0.324,0.288,0.319,
0,0.201,0.242,0.231,0.228,0.197,0.257,0.24,0.3,0.25,
0,0.187,0.298,0.281,0.272,0.201,0.214,0.27,0.148,0.244,
0,0.162,0.312,0.225,0.229,0.179,0.221,0.273,0.22,0.282,
0,0.16,0.261,0.257,0.231,0.27,0.321,0.261,0.333,0.212,
0,0.052,0.161,0.268,0.204,0.145,0.21,0.247,0.276,0.299,
0,0.194,0.171,0.247,0.275,0.29,0.196,0.315,0.258,0.275,
0,0.07,0.09,0.184,0.114,0.264,0.239,0.244,0.171,0.18,
0,0.229,0.326,0.248,0.228,0.366,0.336,0.259,0.339,0.304,
0,0.062,0.198,0.134,0.138,0.219,0.115,0.182,0.024,0.185,
0,0.145,0.196,0.057,0.121,0.254,0.132,0.194,0.221,0.321,
0,0.14,0.218,0.07,0.108,-0.025,-0.056,0.166,0.181,0.151,
0,0.066,0.181,0.254,0.233,0.284,0.122,0.203,0.145,0.11,
0,0.121,0.251,0.226,0.226,0.278,0.295,0.297,0.353,0.24,
0,0.093,-0.106,-0.08,0.055,-0.041,0.016,0.155,0.104,0.096,
0,0.147,0.085,-0.085,0.174,0.194,0.225,0.212,0.239,0.278,
0,0.181,0.244,0.128,0.199,0.261,0.326,0.195,0.252,0.243,
0,0.029,0.171,0.132,-0.002,0.093,0.22,0.203,0.257,0.188,
0,-0.002,0.303,0.318,0.14,0.241,0.315,0.29,0.235,0.081,
0,0.179,0.228,0.307,0.198,0.3,0.235,0.255,0.272,0.25,
0,0.047,0.134,0.152,0.151,0.171,0.208,0.199,0.147,0.011,
0,-0.063,-0.064,-0.089,0.051,-0.041,0.102,0.06,0.063,-0.051,
0,0.246,0.319,0.286,0.27,0.257,0.253,0.342,0.266,0.315,
0,0.161,0.085,0.085,0.046,0.17,0.139,0.177,0.107,0.067,
0,-0.023,-0.03,0.034,-0.06,0.029,-0.013,0.063,0.074,0.158,
0,0.274,0.257,0.185,0.214,0.245,0.185,0.324,0.217,0.188,
0,0.16,0.193,0.186,0.266,0.239,0.218,0.16,0.243,0.378,
0,0.094,0.178,0.205,0.279,0.125,0.139,0.223,0.186,0.283,
0,0.174,0.296,0.253,0.298,0.227,0.158,0.164,0.209,0.121,
0,0.162,0.241,0.2,0.184,0.264,0.259,0.256,0.308,0.269,
0,0.311,0.341,0.213,0.208,0.171,0.258,0.26,0.221,0.17,
0,0.221,0.196,0.205,0.191,0.274,0.205,0.264,0.341,0.34,
0,0.203,0.221,0.223,0.241,0.255,0.256,0.221,0.259,0.25,
0,0.144,0.297,0.299,0.255,0.182,0.195,0.24,0.263,0.156,
0,0.182,0.231,0.242,0.246,0.227,0.249,0.132,0.256,0.245,
0,0.152,0.293,0.289,0.173,0.23,0.291,0.3,0.283,0.314,
0,0.232,0.234,0.279,0.233,0.233,0.271,0.304,0.205,0.229,
0,0.242,0.247,0.276,0.339,0.237,0.258,0.289,0.27,0.309,
0,0.177,0.314,0.156,0.237,0.182,0.279,0.243,0.248,0.271,
0,0.247,0.261,0.283,0.237,0.241,0.246,0.259,0.248,0.278,
0,0.262,0.281,0.255,0.323,0.346,0.258,0.25,0.271,0.196,
0,0.197,0.276,0.386,0.221,0.157,0.238,0.329,0.275,0.362,
0,0.098,0.221,0.246,0.093,0.156,0.304,0.271,0.282,0.3,
0,0.289,0.287,0.232,0.289,0.238,0.174,0.217,0.207,0.295,
0,0.179,0.207,0.278,0.28,0.264,0.219,0.211,0.214,0.185,
0,0.065,0.158,0.161,0.131,0.249,0.219,0.121,0.033,0.112,
0,0.156,0.196,0.242,0.277,0.187,0.138,0.139,0.213,0.23,
0,0.121,0.053,0.168,0.204,0.007,0.07,0.008,0.003,0.098,
0,0.135,0.235,0.16,0.203,0.231,0.129,0.178,0.232,0.237,
0,0.011,-0.114,-0.06,-0.104,-0.028,-0.017,-0.017,-0.017,-0.017,
0,0.114,0.063,0.081,0.082,-0.05,-0.037,0.102,0.041,0.135,
0,0.161,0.249,0.247,0.318,0.317,0.239,0.224,0.286,0.349,
0,0.194,0.307,0.233,0.222,0.12,0.215,0.334,0.27,0.278,
0,0.095,0.176,0.182,0.228,0.239,0.276,0.331,0.275,0.232,
0,0.132,0.256,0.267,0.271,0.317,0.278,0.288,0.193,0.2,
0,0.105,0.24,0.194,0.178,0.163,0.175,0.179,0.294,0.232,
0,0.117,0.12,0.152,0.172,0.152,0.24,0.178,0.154,0.25,
0,0.154,0.348,0.31,0.293,0.315,0.36,0.365,0.291,0.287,
0,0.193,0.281,0.208,0.256,0.24,0.257,0.341,0.232,0.241,
0,0.055,0.088,0.071,0.127,0.18,0.097,0.096,0.259,0.228,
0,0.161,0.298,0.273,0.279,0.207,0.245,0.258,0.309,0.293,
0,0.078,0.181,0.277,0.009,0.03,0.145,0.171,0.142,0.167,
0,0.267,0.302,0.261,0.252,0.284,0.317,0.297,0.361,0.373,
0,0.225,0.178,0.29,0.298,0.298,0.226,0.257,0.292,0.32,
0,0.134,0.184,0.292,0.137,0.272,0.28,0.186,0.132,0,
0,0.23,0.323,0.229,0.33,0.313,0.272,0.274,0.29,0.277,
0,0.187,0.144,0.177,0.225,0.227,0.257,0.209,0.188,0.246,
0,0.276,0.267,0.257,0.331,0.305,0.324,0.318,0.284,0.295,
0,0.206,0.309,0.277,0.105,0.271,0.231,0.24,0.238,0.254,
0,0.027,0.053,0.043,-0.08,0.02,0.01,0.108,0.054,0.019,
0,0.213,0.212,0.164,0.23,0.178,0.279,0.156,0.241,0.187,
0,0.113,-0.152,-0.05,-0.1,-0.194,-0.061,0.062,0.026,-0.072,
0,0.215,0.24,0.169,0.234,0.204,0.247,0.058,0.329,0.349,
0,0.208,0.151,0.179,0.326,0.113,0.27,0.258,0.232,0.273,
0,0.252,0.119,0.265,0.205,0.214,0.222,0.139,0.279,0.239,
0,0.203,0.359,0.328,0.244,0.232,0.287,0.306,0.064,0.219,
0,0.124,0.25,0.262,0.331,0.314,0.326,0.263,0.349,0.343,
0,0.124,0.013,0.066,0.187,0.127,0.031,0.255,0.184,0.007,
0,0.136,0.15,0.211,0.143,0.196,0.176,0.167,0.161,0.188,
0,0.172,0.282,0.254,0.204,0.105,0.249,0.247,0.318,0.292,
0,0.183,0.188,0.211,0.269,0.29,0.227,0.256,0.189,0.195,
0,0.214,0.383,0.405,0.304,0.339,0.283,0.293,0.305,0.278,
0,0.088,0.172,0.266,0.159,0.31,0.275,0.255,0.241,0.172,
0,0.213,0.281,0.3,0.327,0.344,0.299,0.297,0.349,0.286,
0,0.101,0.127,0.229,0.163,0.111,0.098,0.2,0.207,0.231,
0,0.162,0.3,0.253,0.297,0.24,0.271,0.287,0.242,0.288,
0,0.152,0.161,0.116,0.027,0.188,0.264,0.208,0.126,0.185,
0,-0.022,0.104,0.005,0.088,0.167,0.188,0.132,0.178,0.075,
0,0.07,0.02,0.125,0.118,0.166,0.033,0.268,0.132,0.035,
0,0.238,0.234,0.32,0.267,0.315,0.257,0.266,0.346,0.305,
0,0.207,0.112,0.227,0.128,0.227,0.246,0.229,0.227,0.169,
0,0.246,0.279,0.184,0.243,0.287,0.246,0.286,0.266,0.304,
0,0.047,0.119,0.123,0.217,0.146,0.082,0.16,0.207,0.143,
0,0.224,0.165,0.351,0.154,0.165,0.333,0.319,0.266,0.142,
0,0.23,0.264,0.262,0.289,0.283,0.21,0.364,0.392,0.362,
0,0.117,0.062,0.246,0.204,0.197,0.309,0.265,0.112,0.192,
0,0.206,0.289,0.235,0.355,0.252,0.403,0.281,0.301,0.283,
0,0.177,0.135,0.104,0.112,0.124,0.054,0.098,0.129,0.092,
0,-0.03,-0.095,-0.057,0.066,-0.045,0.145,-0.147,-0.098,-0.096,
0,0.085,0.105,0.11,0.138,0.137,0.211,0.135,0.204,0.171,
0,0.153,0.255,0.195,0.121,0.194,0.176,0.18,0.132,0.187,
0,0.185,0.294,0.184,0.276,0.337,0.291,0.288,0.309,0.217,
0,0.255,0.346,0.31,0.252,0.254,0.22,0.227,0.291,0.1,
0,0.22,0.334,0.239,0.266,0.268,0.245,0.257,0.241,0.364,
0,0.233,0.149,0.334,0.276,0.297,0.282,0.305,0.196,0.187,
0,0.182,0.321,0.313,0.326,0.272,0.21,0.266,0.314,0.265,
0,0.047,0.159,0.247,0.091,0.015,0.14,0.294,0.104,0.031,
0,0.183,0.329,0.279,0.268,0.274,0.283,0.278,0.316,0.273,
0,0.183,0.081,0.08,0.203,0.2,0.228,0.135,0.133,0.131,
0,-0.044,0.112,0.068,0.096,0.236,0.104,0.176,0.196,0.181,
0,0.187,0.242,0.215,0.201,0.332,0.219,0.263,0.274,0.279,
0,0.155,-0.066,-0.065,0,0.141,0.165,0.041,-0.022,-0.035,
0,0.033,0.034,0.157,0.128,0.089,0.193,0.177,0.286,0.158,
0,0.225,0.255,0.225,0.234,0.212,0.219,0.265,0.224,0.232,
0,0.065,0.103,0.071,0.141,0.079,0.164,0.017,0.155,0.239,
0,0.204,0.318,0.358,0.34,0.413,0.38,0.37,0.33,0.338,
0,0.18,0.212,0.191,0.247,0.257,0.239,0.309,0.256,0.328,
0,0.129,0.244,0.322,0.18,0.149,0.186,0.233,0.22,-0.011,
0,0.158,0.228,0.205,0.179,0.255,0.297,0.166,0.192,0.321,
0,0.284,0.236,0.339,0.18,0.221,0.225,0.331,0.257,0.278,
0,0.184,0.326,0.289,0.3,0.346,0.282,0.322,0.226,0.313,
0,0.241,0.299,0.217,0.158,0.298,0.238,0.261,0.254,0.225,
0,0.259,0.309,0.26,0.185,0.091,0.165,0.183,0.301,0.256,
0,0.06,0.233,0.171,0.107,0.149,0.194,0.166,-0.005,0.117,
0,0.096,0.233,0.239,0.272,0.189,0.321,0.134,0.173,0.213,
0,0.065,0.15,0.13,0.179,0.282,0.187,0.216,0.316,0.263,
0,0.175,0.369,0.383,0.297,0.323,0.364,0.288,0.236,0.312,
0,0.129,-0.142,-0.184,-0.186,-0.116,0.023,-0.068,-0.092,0.01,
0,0.165,0.25,0.262,0.203,0.192,0.265,0.242,0.179,0.207,
0,0.069,0.113,0.18,0.205,0.045,0.162,0.168,0.054,0.138,
0,0.167,0.216,0.263,0.227,0.151,0.256,0.241,0.153,0.247,
0,0.259,0.309,0.316,0.288,0.23,0.256,0.278,0.326,0.301,
0,0.19,0.241,0.332,0.261,0.254,0.258,0.32,0.267,0.321,
0,-0.047,0.22,0.236,0.134,0.042,0.146,0.178,0.285,0.321,
0,0.201,0.078,0.088,0.143,0.185,0.247,0.348,0.287,0.181,
0,0.091,0.219,0.061,0.044,0.008,-0.003,-0.003,-0.005,-0.003,
0,0.233,0.307,0.217,0.206,0.209,0.179,0.252,0.102,0.221,
0,0.249,0.25,0.288,0.232,0.292,0.231,0.259,0.217,0.283,
0,0.25,0.228,0.172,0.299,0.25,0.308,0.228,0.225,0.237,
0,0.155,0.315,0.324,0.27,0.245,0.274,0.308,0.263,0.293,
0,0.171,0.18,0.168,0.163,0.143,0.22,0.089,0.219,0.214,
0,0.266,0.385,0.335,0.364,0.314,0.352,0.346,0.372,0.344,
0,0.013,0.042,0.209,0.148,0.134,0.124,0.014,0.165,0.206,
0,0.09,0.206,0.223,0.217,0.249,0.326,0.195,0.087,0.073,
0,0.268,0.338,0.322,0.261,0.256,0.379,0.309,0.274,0.287,
0,0.103,0.296,0.266,0.304,0.309,0.22,0.324,0.23,0.211,
0,0.166,0.177,0.21,0.273,0.131,0.193,0.173,0.131,0.246,
0,0.117,0.182,0.148,0.217,0.179,0.282,0.244,0.135,0.217,
0,0.01,0.152,0.109,0.048,0.023,0.167,0.137,0.19,0.297,
0,-0.122,-0.108,-0.188,0.008,0,-0.072,-0.045,-0.016,-0.065,
0,0.136,0.281,0.125,0.099,0.078,0.066,0.189,0.25,0.196,
0,0.183,0.34,0.27,0.265,0.258,0.248,0.27,0.284,0.262,
0,0.265,0.258,0.26,0.291,0.203,0.154,0.19,0.204,0.11,
0,0.258,0.205,0.272,0.196,0.358,0.284,0.303,0.298,0.253,
0,0.183,0.171,0.211,0.207,0.194,0.206,0.261,0.183,0.205,
0,0.237,0.278,0.254,0.275,0.343,0.234,0.331,0.372,0.331,
0,0.174,0.188,0.218,0.227,0.188,0.194,0.25,0.084,0.307,
0,-0.046,0.075,0.013,0.12,-0.044,-0.06,0.036,0.136,0.044,
0,0.056,0.165,0.106,0.173,0.137,0.196,0.167,0.036,-0.096,
0,0.233,0.216,0.294,0.242,0.232,0.23,0.26,0.28,0.234,
0,0.069,0.201,0.238,0.212,0.202,0.176,0.264,0.162,0.218,
0,0.111,0.216,0.172,0.241,0.198,0.238,0.226,0.246,0.25,
0,0.033,0.165,0.254,0.06,0.248,0.13,0.315,0.184,0.12,
0,0.17,0.271,0.193,0.303,0.247,0.267,0.291,0.348,0.268,
0,0.08,0.132,0.112,0.206,0.268,0.35,0.131,0.24,0.231,
0,0.171,0.351,0.268,0.297,0.216,0.112,0.189,0.167,0.233,
0,0.072,0.113,0.13,0.108,0.216,0.092,0.263,0.186,0.025,
0,0.207,0.222,0.219,0.2,0.242,0.138,0.029,0.104,0.014,
0,0.098,0.181,0.196,0.13,0.261,0.272,0.321,0.103,0.148,
0,0.128,0.277,0.24,0.17,0.21,0.173,0.11,0.052,0.077,
0,0.209,0.248,0.137,0.161,0.182,0.197,0.227,0.288,0.287,
0,0.169,0.133,0.173,0.187,0.223,0.231,0.29,0.243,0.231,
0,0.079,0.299,0.3,0.191,0.165,0.232,0.21,0.256,0.228,
0,-0.02,-0.1,0.013,-0.059,-0.078,-0.185,-0.181,-0.094,0.034,
0,0.264,0.062,0.166,0.161,0.203,0.179,0.203,0.169,0.22,
0,-0.111,-0.033,-0.017,-0.014,-0.014,-0.014,-0.014,-0.014,-0.014,
0,0.232,0.263,0.243,0.314,0.309,0.237,0.294,0.223,0.338,
0,0.274,0.235,0.261,0.177,0.192,0.304,0.292,0.303,0.289,
0,-0.015,0.113,0.069,-0.059,0.084,-0.039,-0.064,-0.068,0.112,
0,0.225,0.289,0.327,0.237,0.204,0.27,0.265,0.267,0.349,
0,0.12,0.165,0.183,0.309,0.299,0.243,0.234,0.235,-0.002,
0,0.141,0.181,0.174,0.218,0.239,0.285,0.232,0.218,0.221,
0,0.157,0.233,0.189,0.216,0.215,0.289,0.229,0.242,0.246,
0,0.218,0.215,0.254,0.281,0.204,0.25,0.236,0.294,0.335,
0,0.105,-0.019,0.123,0.115,0.118,0.064,0.1,0.112,0.119,
0,0.273,0.317,0.27,0.266,0.312,0.301,0.334,0.34,0.345,
0,0.192,0.249,0.256,0.213,0.257,0.271,0.165,0.313,0.304,
0,0.075,0.2,0.16,0.252,0.216,0.225,0.327,0.188,0.129,
0,0.155,0.245,0.212,0.178,0.211,0.289,0.179,0.226,0.295,
0,0.254,0.26,0.155,0.222,0.231,0.254,0.151,0.158,0.202,
0,0.075,0.283,0.228,0.154,0.232,0.232,0.231,0.259,0.072,
0,0.13,0.156,0.293,0.257,0.222,0.224,0.268,0.293,0.318,
0,0.079,0.148,0.174,0.156,0.191,0.097,0.005,0.17,0.079,
0,0.088,0.159,0.204,0.204,0.045,0.18,0.207,0.133,0.115,
0,0.145,0.239,0.236,0.17,0.263,0.3,0.333,0.346,0.279,
0,0.18,0.144,0.181,0.15,0.174,0.161,0.152,0.242,0.204,
0,0.261,0.305,0.343,0.337,0.295,0.274,0.188,0.322,0.351,
0,0.191,0.193,0.233,0.288,0.324,0.253,0.234,0.393,0.328,
0,0.109,0.154,0.165,0.032,0.177,0.2,0.199,0.242,0.309,
0,-0.072,0.14,0.139,0.183,0.149,0.288,0.203,0.259,0.179,
0,0.118,0.102,0.114,0.049,0.166,0.139,0.096,0.075,0.091,
0,0.07,0.205,0.243,0.268,0.288,0.269,0.224,0.175,0.16,
0,0.078,0.058,0.255,0.213,0.171,0.181,0.209,0.139,0.157,
0,0.222,0.202,0.281,0.278,0.21,0.239,0.188,0.181,0.218,
0,0.312,0.27,0.073,0.116,0.028,0.173,0.094,0.184,0.121,
0,0.185,0.239,0.26,0.345,0.296,0.24,0.197,0.188,0.136,
0,0.136,0.14,0.128,0.213,0.269,0.177,0.244,0.269,0.284,
0,0.155,0.213,0.193,0.213,0.196,0.254,0.266,0.199,0.266,
0,0.098,0.189,0.285,0.233,0.263,0.157,0.18,0.196,0.204,
0,0.113,0.234,0.189,0.195,0.136,0.243,0.126,0.259,0.236,
0,0.155,0.274,0.338,0.289,0.264,0.305,0.341,0.334,0.364,
0,0.151,0.242,0.292,0.261,0.216,0.224,0.231,0.172,0.171,
0,0.197,0.161,0.23,0.248,0.331,0.267,0.283,0.217,0.193,
0,0.154,0.3,0.233,0.276,0.321,0.286,0.267,0.266,0.297,
0,0.167,0.128,0.308,0.132,0.069,0.168,0.199,0.206,0.192,
0,0.216,0.291,0.188,0.241,0.241,0.234,0.211,0.266,0.229,
0,0.265,0.297,0.25,0.241,0.277,0.261,0.308,0.27,0.283,
0,0.041,0.046,0.073,-0.034,0.119,0.093,0.13,0.002,0.159,
0,0.153,0.211,0.192,0.127,0.247,0.209,0.234,0.326,0.211,
0,0.076,0.246,0.257,0.16,0.174,0.26,0.21,0.301,0.329,
0,0.192,0.314,0.31,0.214,0.272,0.216,0.228,0.223,0.263,
0,0.079,0.222,0.292,0.265,0.19,0.234,0.299,0.229,0.261,
0,0.208,0.246,0.216,0.24,0.232,0.272,0.252,0.259,0.335,
0,0.271,0.21,0.27,0.059,0.216,0.207,0.278,0.321,0.196,
0,0.116,0.239,0.317,0.345,0.306,0.341,0.289,0.236,0.263,
0,0.134,0.268,0.211,0.128,0.011,-0.157,-0.016,0.134,-0.011,
0,-0.102,0.073,-0.026,-0.198,-0.215,-0.129,-0.088,-0.059,-0.124,
0,0.206,0.302,0.195,0.275,0.203,0.237,0.225,0.226,0.252,
0,0.25,0.226,0.336,0.209,0.206,0.145,0.233,0.25,0.29,
0,0.162,0.299,0.18,0.181,0.209,0.312,0.107,0.192,0.232,
0,0.19,0.285,0.206,0.246,0.18,0.154,0.277,0.002,0.203,
0,0.167,0.28,0.32,0.293,0.252,0.284,0.359,0.358,0.295,
0,0.202,0.265,0.325,0.265,0.34,0.255,0.257,0.305,0.316,
0,0.084,0.125,0.305,0.251,0.107,0.141,0.233,0.053,0.187,
0,0.106,0.085,0.175,0.113,0.113,0.064,0.138,0.149,0.161,
0,0.17,0.21,0.24,0.308,0.283,0.221,0.279,0.268,0.287,
0,0.165,0.22,0.15,0.186,0.099,0.144,0.163,0.115,0.204,
0,0.239,0.163,0.36,0.237,0.226,0.279,0.281,0.383,0.384,
0,0.045,0.052,0.044,0.204,0.236,0.12,0.109,0.146,0.099,
0,0.186,0.123,0.227,0.152,0.195,0.235,0.244,0.176,0.214,
0,0.156,0.127,0.215,0.228,0.147,0.064,0.212,0.26,0.245,
0,0.071,0.292,0.226,0.188,0.176,0.281,0.3,0.189,0.254,
0,0.151,0.165,0.069,0.104,0.097,0.039,0.107,0.121,0.043,
0,0.2,0.28,0.288,0.292,0.259,0.206,0.175,0.274,0.214,
0,0.219,0.319,0.294,0.298,0.365,0.284,0.303,0.261,0.212,
0,0.172,0.259,0.236,0.231,0.13,0.165,0.093,0.057,0.226,
0,0.104,0.208,0.19,0.116,0.207,0.215,0.084,0.126,0.099,
0,0.161,0.25,0.348,0.258,0.226,0.252,0.189,0.25,0.265,
0,0.203,0.202,-0.008,0.081,0.104,0.193,0.146,0.13,0.056,
0,0.164,0.355,0.218,0.247,0.167,0.198,0.274,0.295,0.229,
0,0.261,0.164,0.304,0.309,0.355,0.26,0.397,0.366,0.337,
0,0.215,0.189,0.233,0.174,0.123,0.263,0.328,0.247,0.234,
0,0.162,0.261,0.271,0.322,0.184,0.229,0.217,0.178,0.304,
0,0.23,0.324,0.315,0.375,0.368,0.287,0.323,0.333,0.392,
0,0.047,-0.148,0.038,0.082,0.046,0.113,0.038,0.114,0.214,
0,0.136,0.174,0.22,-0.009,0.051,0.1,0.23,0.129,0.3,
0,0.238,0.311,0.317,0.373,0.385,0.334,0.288,0.321,0.332,
0,0.175,0.328,0.256,0.284,0.246,0.245,0.245,0.264,0.237,
0,0.164,0.229,0.231,0.217,0.322,0.341,0.407,0.414,0.38,
0,0.178,0.172,0.093,0.08,0.258,0.233,0.246,0.338,0.24,
0,0.171,0.288,0.207,0.263,0.294,0.151,0.29,0.319,0.313,
0,0.186,0.262,0.244,0.303,0.199,0.247,0.323,0.345,0.327,
0,0.059,0.156,0.23,0.21,0.18,0.224,0.266,0.248,0.249,
0,0.189,0.294,0.28,0.294,0.233,0.181,0.184,0.273,0.293,
0,0.162,0.243,0.088,0.099,0.167,0.21,0.045,0.135,0.227,
0,0.148,0.23,0.236,0.218,0.258,0.228,0.276,0.312,0.306,
0,0.1,0.083,0.191,0.131,0.215,0.146,0.081,0.2,0.135,
0,-0.09,-0.051,-0.051,-0.051,-0.051,-0.051,-0.051,-0.051,-0.051,
0,0.115,0.25,0.283,0.319,0.312,0.216,0.303,0.3,0.274,
0,0.22,0.221,0.251,0.16,0.156,0.183,0.227,0.313,0.212,
0,0.124,0.078,0.057,0.091,0.173,0.202,0.121,0.204,0.223,
0,0.204,0.265,0.337,0.314,0.341,0.233,0.284,0.242,0.147,
0,0.171,0.183,0.22,0.298,0.19,0.25,0.282,0.213,0.244,
0,0.207,0.226,0.203,0.232,0.233,0.235,0.228,0.31,0.269,
0,0.198,0.299,0.336,0.374,0.346,0.332,0.25,0.296,0.295,
0,0.119,0.187,0.138,0.008,0.124,0.239,0.262,0.22,0.187,
0,-0.061,0.034,-0.034,-0.048,-0.062,-0.064,0.017,0.04,-0.325,
0,0.161,0.1,0.151,0.126,0.072,0.151,0.274,0.049,0.009,
0,0.182,0.177,0.223,0.26,0.188,0.208,0.235,0.163,0.205,
0,0.215,0.271,0.277,0.229,0.324,0.2,0.213,0.318,0.258,
0,0.064,0.116,0.187,0.247,0.189,0.246,0.298,0.298,0.209,
0,0.141,0.18,0.04,0.07,0.045,0.093,0.038,0.07,0.064,
0,0.236,0.387,0.247,0.152,0.15,0.126,0.154,0.055,0.026,
0,0.106,0.282,0.108,0.226,0.132,0.178,0.104,0.132,0.123,
0,0.29,0.214,0.218,0.302,0.195,0.22,0.223,0.233,0.269,
0,0.212,0.285,0.247,0.34,0.269,0.278,0.387,0.34,0.3,
0,0.28,0.138,0.264,0.282,0.153,0.24,0.155,0.214,0.156,
0,0.282,0.144,0.189,0.152,0.249,0.126,0.161,0.184,0.221,
0,0.104,0.162,0.082,0.017,0.137,0.15,0.028,0.123,0.093,
0,0.167,0.175,0.066,0.206,0.151,0.097,0.056,0.049,0.011,
0,0.244,0.288,0.389,0.359,0.363,0.345,0.291,0.298,0.285,
0,0.219,0.284,0.35,0.311,0.388,0.289,0.298,0.256,0.342,
0,0.327,0.344,0.255,0.179,0.209,0.206,0.058,0.174,0.071,
0,0.139,0.06,0.011,-0.046,0.019,0.099,0.104,0.052,0.02,
0,0.166,0.304,0.331,0.227,0.278,0.295,0.284,0.378,0.393,
0,0.272,0.396,0.309,0.288,0.331,0.313,0.206,0.266,0.271,
0,0.214,0.326,0.063,0.18,0.233,0.178,0.277,0.265,0.205,
0,0.128,0.204,0.243,0.162,0.136,0.256,0.115,0.141,0.154,
0,0.288,0.285,0.285,0.292,0.295,0.191,0.285,0.304,0.28,
0,0.21,0.248,0.242,0.132,0.283,0.066,0.163,0.229,0.211,
0,0.352,0.266,0.265,0.227,0.182,0.221,0.251,0.157,0.152,
0,0.067,0.287,0.112,0.093,0.017,0.006,0,0,-0.003,
0,0.134,0.275,0.203,0.267,0.183,0.253,-0.042,0.116,-0.009,
0,0.199,0.278,0.364,0.332,0.282,0.21,0.194,0.188,0.23,
0,0.261,0.242,0.276,0.248,0.341,0.173,-0.017,0.018,0.139,
0,0.239,0.332,0.192,0.2,0.282,0.281,0.315,0.319,0.278,
0,0.153,0.065,-0.059,0.008,0.119,0.133,0.246,0.187,0.081,
0,0.288,0.327,0.115,0.244,0.171,0.113,0.169,-0.032,0.12,
0,0.213,0.247,0.278,0.287,0.251,0.205,0.125,0.061,0.189,
0,0.245,0.252,0.192,0.254,0.216,0.262,0.162,0.211,0.191,
0,0.388,0.286,0.277,0.263,0.313,0.355,0.292,0.328,0.267,
0,0.275,0.124,0.277,0.221,0.295,0.337,0.314,0.246,0.129,
0,0.266,0.194,0.246,0.212,0.272,0.084,0.213,0.212,0.193,
0,0.238,0.24,0.26,0.19,0.258,0.319,0.314,0.193,0.328,
0,-0.044,0.126,0.204,0.07,0.084,0.095,0.079,-0.152,0.026,
0,0.199,0.249,0.291,0.29,0.217,0.291,0.232,0.107,0.166,
0,0.199,0.178,0.112,0.169,0.138,0.241,0.165,0.221,0.165,
0,0.157,0.056,0.145,0.239,0.183,0.163,0.149,0.084,0.044,
0,0.07,0.227,0.171,0.089,0.053,0.015,0.036,0.263,0.155,
0,0.229,0.295,0.336,0.304,0.242,0.298,0.272,0.238,0.293,
0,0.313,0.22,0.273,0.234,0.249,0.304,0.136,0.373,0.253,
0,0.152,0.204,0.192,0.146,0.14,0.204,0.169,0.05,0.236,
0,0.19,0.176,0.212,0.239,0.268,0.233,0.181,0.221,0.238,
0,0.227,0.328,0.101,0.171,0.268,0.124,0.24,0.076,0.168,
0,0.198,0.28,0.158,0.156,0.293,0.299,0.214,0.141,0.253,
0,0.25,0.198,0.256,0.245,0.287,0.156,0.153,0.191,0.125,
0,0.273,0.223,0.241,0.08,0.092,0.156,0.091,0.158,0.058,
0,0.348,0.339,0.326,0.279,0.154,0.206,0.193,0.288,0.244,
0,0.275,0.121,0.093,0.145,0.019,0.178,0.118,0.193,0.196,
0,0.346,0.34,0.293,0.238,0.263,0.262,0.32,0.239,0.265,
0,0.166,0.274,0.206,0.138,0.02,-0.108,-0.007,-0.116,-0.029,
0,0.077,0.234,0.362,0.289,0.311,0.23,0.303,0.347,0.315,
0,0.159,0.223,0.246,0.24,0.21,0.202,0.143,0.194,0.172,
0,0.22,0.213,0.187,0.188,0.127,0.191,0.124,0.124,0.14,
0,0.18,0.321,0.324,0.356,0.349,0.35,0.274,0.224,0.377,
0,0.259,0.36,0.303,0.212,0.225,0.189,0.24,0.291,0.265,
0,0.238,0.21,0.31,0.27,0.263,0.187,0.232,0.288,0.294,
0,0.193,0.348,0.28,0.363,0.304,0.344,0.282,0.118,0.249,
0,0.259,0.214,0.163,0.173,0.264,0.247,0.327,0.276,0.261,
0,0.105,0.257,0.269,0.317,0.303,0.284,0.269,0.305,0.273,
0,0.211,0.304,0.287,0.3,0.394,0.274,0.254,0.203,0.256,
0,0.223,0.186,0.299,0.261,0.215,0.24,0.171,0.297,0.247,
0,0.019,0.249,0.262,0.07,0.027,0.268,0.324,0.261,0.227,
0,0.138,0.159,0.103,0.186,0.285,0.273,0.249,0.227,0.203,
0,0.166,0.384,0.261,0.294,0.218,0.275,0.321,0.287,0.343,
0,0.344,0.112,0.194,0.19,0.051,0.198,0.201,0.242,0.276,
0,0.227,0.324,0.206,0.192,0.235,0.129,0.171,0.175,0.238,
0,0.07,0.182,0.159,0.159,0.268,0.272,0.345,0.207,0.174,
0,0.194,0.24,0.265,0.203,0.17,-0.004,0.082,0.131,0.115,
0,0.263,0.242,0.191,0.299,0.251,0.251,0.163,0.299,0.26,
0,0.272,0.313,0.232,0.328,0.258,0.32,0.29,0.304,0.307,
0,0.228,0.292,0.22,0.135,0.143,0.183,0.181,0.261,0.232,
0,0.28,0.289,0.229,0.195,0.226,0.252,0.211,0.137,0.196,
0,0.241,0.249,0.152,0.118,0.184,0.235,0.116,0.201,0.032,
0,0.272,0.292,0.312,0.344,0.313,0.282,0.273,0.277,0.321,
0,0.238,0.179,0.22,0.261,0.224,0.255,0.249,0.234,0.18,
0,0.176,0.286,0.097,0.166,0.318,0.152,0.237,0.174,0.15,
0,0.26,0.192,0.279,0.265,0.26,0.119,0.239,0.269,0.221,
0,0.263,0.207,0.202,0.271,0.156,0.266,0.253,0.346,0.303,
0,0.083,0.134,0.164,0.051,0.073,-0.032,0.239,0.193,0.21,
0,0.244,0.182,0.181,0.207,0.145,0.225,0.172,0.17,0.147,
0,0.186,0.199,0.16,0.037,0.058,0.066,0.119,0.093,0.13,
0,0.306,0.353,0.273,0.327,0.322,0.252,0.24,0.247,0.315,
0,0.429,0.419,0.344,0.387,0.352,0.369,0.35,0.323,0.367,
0,0.247,0.215,0.18,0.2,0.178,0.239,0.101,0.147,0.082,
0,0.111,0.239,0.195,0.162,0.105,0.129,0.167,0.088,0.201,
0,0.348,0.336,0.236,0.264,0.238,0.275,0.273,0.377,0.24,
0,0.056,0.138,0.157,0.256,0.236,0.173,0.234,0.26,0.251,
0,0.365,0.407,0.164,0.369,0.294,0.329,0.36,0.34,0.266,
0,0.276,0.149,0.252,0.258,0.142,0.181,0.189,0.329,0.333,
0,0.2,0.343,0.274,0.322,0.283,0.156,0.182,0.285,0.309,
0,0.172,0.26,0.289,0.31,0.258,0.222,0.204,0.252,0.23,
0,0.337,0.344,0.267,0.306,0.264,0.281,0.193,0.294,0.223,
0,0.167,0.141,0.072,0.085,0.05,0.017,0.006,0.014,0.155,
0,0.306,0.237,0.14,0.121,0.21,0.177,0.142,0.216,0.138,
0,0.028,-0.07,0.015,0.035,-0.096,-0.074,-0.054,0,-0.131,
0,0.241,0.24,0.317,0.254,0.289,0.319,0.339,0.244,0.306,
0,0.196,0.33,0.18,0.153,0.096,0.069,0.052,0.006,0.033,
0,0.271,0.245,0.233,0.069,0.215,0.256,0.203,0.148,0.188,
0,0.165,0.109,0.212,0.134,0.18,0.062,0.108,-0.144,0.111,
0,0.353,0.368,0.321,0.302,0.158,0.114,0.238,0.172,0.168,
0,0.399,0.272,0.326,0.289,0.315,0.301,0.32,0.271,0.321,
0,0.178,0.251,0.097,0.133,0.132,0.073,0.134,0.058,0.158,
0,0.15,0.041,0.203,0.226,0.245,0.118,0.076,0.079,0.01,
0,0.186,0.156,0.182,0.164,0.164,0.227,0.321,0.186,0.229,
0,0.356,0.292,0.296,0.266,0.354,0.281,0.231,0.276,0.363,
0,0.259,0.168,0.114,0.126,0.021,0.133,0.121,0.083,0.057,
0,0.172,0.233,0.267,0.17,0.214,0.219,0.317,0.226,0.15,
0,0.285,0.293,0.331,0.297,0.266,0.288,0.17,0.231,0.293,
0,0.258,0.297,0.248,0.246,0.307,0.261,0.264,0.352,0.323,
0,0.129,0.242,0.218,0.157,0.223,0.112,0.146,0.168,0.047,
0,0.279,0.258,0.189,0.284,0.212,0.16,0.172,0.231,0.191,
0,0.323,0.376,0.319,0.303,0.312,0.346,0.316,0.259,0.269,
0,0.169,0.319,0.232,0.246,0.199,0.304,0.255,0.283,0.316,
0,0.12,0.355,0.235,0.26,0.295,0.214,0.175,0.245,0.275,
0,0.178,0.289,0.209,0.253,0.223,0.225,0.181,0.199,0.272,
0,0.103,0.05,0.05,-0.014,-0.056,-0.073,0.007,0.005,-0.043,
0,0.236,0.322,0.208,0.242,0.297,0.297,0.256,0.219,0.295,
0,0.321,0.186,0.305,0.191,0.155,0.243,0.201,0.226,0.256,
0,0.214,0.316,0.33,0.31,0.287,0.285,0.248,0.262,0.128,
0,0.289,0.339,0.292,0.215,0.28,0.131,0.283,0.218,0.179,
0,-0.028,0.019,0.068,0.117,0.084,0.067,0.128,0.153,0.101,
0,0.347,0.381,0.354,0.322,0.369,0.316,0.382,0.295,0.298,
0,0.232,0.046,0.251,0.065,0.324,0.173,0.158,0.18,0.107,
0,0.311,0.263,0.305,0.203,0.32,0.257,0.29,0.284,0.337,
0,-0.159,-0.032,0.002,0.172,0.131,-0.027,0.106,0.149,0.098,
0,0.264,0.407,0.358,0.202,0.213,0.229,0.301,0.249,0.17,
0,0.254,0.28,0.212,0.154,0.169,0.103,0.105,0.246,0.237,
0,0.339,0.293,0.268,0.315,0.343,0.367,0.389,0.353,0.188,
0,0.214,0.259,0.224,0.284,0.269,0.16,0.23,0.23,0.25,
0,0.344,0.206,0.296,0.283,0.298,0.262,0.276,0.305,0.246,
0,0.106,0.269,0.172,0.25,0.29,0.247,0.254,0.295,0.257,
0,0.197,0.331,0.278,0.205,0.279,0.172,0.169,0.232,0.209,
0,0.29,0.228,0.313,0.184,0.128,0.097,0.161,0.174,0.257,
0,0.238,0.268,0.164,0.222,0.258,0.184,0.12,0.096,0.174,
0,0.099,0.217,0.068,-0.064,-0.071,-0.046,-0.08,0.042,0.094,
0,0.018,-0.05,-0.015,-0.012,-0.003,-0.003,-0.003,-0.009,-0.037,
0,0.288,0.375,0.29,0.32,0.307,0.267,0.278,0.256,0.269,
0,0.19,0.131,0.191,0.257,0.063,-0.005,0.146,0.131,0.11,
0,0.173,0.249,0.24,0.247,0.278,0.241,0.275,0.301,0.283,
0,0.271,0.321,0.237,0.075,0.157,0.274,0.26,0.264,0.119,
0,0.144,0.039,0.185,0.163,0.098,0.076,0.098,0.084,0.076,
0,0.334,0.283,0.301,0.285,0.247,0.322,0.206,0.189,0.181,
0,0.305,0.233,0.243,0.231,0.231,0.25,0.244,0.318,0.265,
0,0.189,0.165,0.233,0.364,0.089,0.265,0.256,0.231,0.291,
0,0.086,0.32,0.196,0.275,0.248,0.176,0.153,0.199,0.091,
0,0.231,0.217,0.222,0.281,0.24,0.133,0.276,0.241,0.162,
0,0.191,0.079,-0.008,0.11,0.2,0.137,0.168,0.247,0.171,
0,0.255,0.295,0.099,0.122,0.169,0.1,0.212,0.118,0.162,
0,0.152,0.234,0.301,0.268,0.134,0.099,0.118,0.06,0.145,
0,0.394,0.41,0.367,0.188,0.271,0.37,0.359,0.255,0.248,
0,0.166,0.209,0.055,0.154,0.192,0.07,0.239,0.199,0.119,
0,0.279,0.286,0.304,0.252,0.188,0.23,0.243,0.273,0.254,
0,0.307,0.315,0.212,0.191,0.228,0.261,0.114,-0.072,0.078,
0,0.086,0.003,-0.006,-0.006,-0.006,-0.006,-0.006,-0.006,-0.006,
0,0.216,0.26,0.191,0.315,0.305,0.188,0.239,0.258,0.237,
0,0.29,0.257,0.218,0.196,0.299,0.165,0.212,0.235,0.26,
0,0.174,0.175,0.159,0.056,0.087,0.138,0.094,0.016,0.058,
0,0.163,0.268,0.174,0.188,0.195,0.18,0.324,0.165,0.203,
0,0.326,0.215,0.134,0.075,0.24,0.326,0.171,0.25,0.122,
0,0.316,0.318,0.142,0.133,0.12,0.208,-0.026,0.2,-0.041,
0,0.2,0.19,0.128,0.221,0.256,0.193,0.236,0.227,0.222,
0,0.32,0.241,0.323,0.23,0.273,0.21,0.268,0.265,0.184,
0,0.279,0.167,0.265,0.116,0.135,0.022,0.297,0.134,0.156,
0,0.318,0.342,0.223,0.283,0.22,0.19,0.16,0.311,0.272,
0,0.321,0.282,0.316,0.275,0.207,0.227,0.302,0.239,0.327,
0,0.156,-0.14,-0.041,-0.015,0.208,0.024,0.014,0.07,0.117,
0,0.203,0.255,0.177,0.196,0.252,0.153,0.219,0.272,0.233,
0,0.322,0.062,0.19,0.027,0.113,0.157,0.074,0.053,0.022,
0,0.243,0.359,0.256,0.262,0.257,0.168,0.223,0.215,0.277,
0,0.219,0.257,0.037,0.153,0.146,0.227,0.268,0.205,0.238,
0,0.209,0.201,0.142,0.22,0.122,0.2,0.136,0.23,0.14,
0,0.34,0.281,0.284,0.354,0.337,0.298,0.333,0.316,0.352,
0,0.087,0.169,0.142,0.063,0.089,0.109,0.162,0.22,0.177,
0,0.197,0.22,0.221,0.178,0.169,0.296,0.199,0.21,0.274,
0,0.332,0.198,0.078,0.232,0.216,0.238,0.261,0.238,0.232,
0,0.264,0.229,0.357,0.313,0.275,0.247,0.254,0.201,0.286,
0,0.089,0.167,0.169,0.239,0.117,0.157,0.15,0.25,0.257,
0,0.236,0.305,0.265,0.205,0.201,0.285,0.288,0.253,0.182,
0,0.288,0.342,0.304,0.29,0.292,0.244,0.294,0.302,0.309,
0,0.193,0.224,0.232,0.237,0.212,0.183,0.252,0.223,0.148,
0,0.168,0.203,0.222,0.164,0.188,0.167,0.125,0.103,0.142,
0,0.198,0.188,0.204,0.253,0.128,0.174,0.241,0.158,0.129,
0,0.138,0.314,0.282,0.171,0.104,0.137,0.145,-0.043,0.118,
0,0.223,0.304,0.344,0.368,0.341,0.392,0.356,0.356,0.361,
0,0.241,0.304,0.23,0.254,0.181,0.288,0.273,0.322,0.199,
0,0.339,0.199,0.275,0.254,0.174,0.076,0.173,0.004,0,
0,0.294,0.277,0.274,0.314,0.277,0.292,0.165,0.28,0.295,
0,0.268,0.27,0.267,0.288,0.269,0.308,0.267,0.283,0.284,
0,0.218,0.391,0.204,0.149,0.252,0.263,0.198,0.154,0.22,
0,0.254,0.334,0.276,0.322,0.288,0.297,0.253,0.304,0.338,
0,0.122,0.24,0.173,0.197,0.092,0.12,0.186,0.144,0.176,
0,0.315,0.35,0.328,0.292,0.242,0.299,0.325,0.265,0.291,
0,0.25,0.194,0.29,0.124,0.195,0.15,0.252,0.183,0.257,
0,0.185,0.15,0.236,0.219,0.142,0.179,0.26,0.248,0.231,
0,0.176,0.214,0.211,0.233,0.111,0.12,0.02,0.127,0.184,
0,0.411,0.402,0.395,0.379,0.309,0.32,0.248,0.287,0.256,
0,0.099,0.17,0.291,0.294,0.266,0.252,0.262,0.275,0.341,
0,0.135,0.17,0.18,0.07,0.124,0.007,0.106,0.15,0.175,
0,0.301,0.213,0.271,0.331,0.295,0.275,0.248,0.304,0.342,
0,0.209,0.301,0.301,0.311,0.137,0.286,0.238,0.216,0.256,
0,0.178,0.332,0.294,0.244,0.244,0.318,0.218,0.25,0.141,
0,0.102,0.258,0.251,0.228,0.282,0.169,0.235,0.205,0.25,
0,0.092,0.23,0.273,0.295,0.16,0.237,0.309,0.219,0.299,
0,0.367,0.421,0.377,0.259,0.206,0.244,0.118,0.175,0.209,
0,0.179,0.245,0.319,0.361,0.191,0.261,0.042,0.211,0.204,
0,0.326,0.332,0.338,0.234,0.184,0.269,0.238,0.254,0.285,
0,0.134,0.166,0.051,0.189,0.17,0.196,0.2,0.138,0.205,
0,0.06,0.122,0.23,0.194,0.207,0.254,0.115,0.24,0.258,
0,0.29,0.205,0.252,0.222,0.222,0.287,0.12,0.187,0.133,
0,0.156,0.181,0.249,0.204,0.278,0.332,0.264,0.311,0.327,
0,0.209,0.175,0.266,0.218,0.171,0.166,0.152,0.137,0.234,
0,0.217,0.237,0.182,0.182,0.114,0.237,0.212,0.237,0.149,
0,0.342,0.341,0.296,0.242,0.146,0.19,0.185,0.085,0.123,
0,0.146,0.262,0.222,0.131,0.221,0.129,0.056,0.14,0.15,
0,0.244,0.235,0.294,0.09,0.073,0.249,0.31,0.197,0.164,
0,0.079,0.148,0.1,0.235,0.342,0.236,0.242,0.248,0.25,
0,0.073,0.277,0.236,0.242,0.182,0.159,0.224,0.212,0.089,
0,0.363,0.405,0.364,0.308,0.351,0.323,0.331,0.341,0.309,
0,0.315,0.085,0.256,0.283,0.209,0.135,0.115,0.181,0.202,
0,0.196,0.087,0.209,0.111,0.03,0.107,0.171,0.116,0.112,
0,-0.133,-0.084,-0.037,-0.037,-0.037,-0.037,-0.037,-0.037,-0.037,
0,0.177,0.14,0.073,0.003,-0.062,-0.2,-0.158,-0.09,-0.05,
0,0.379,0.263,0.361,0.31,0.166,0.278,0.202,0.189,0.181,
0,0.147,0.151,0.086,0.115,0.272,0.109,0.145,0.152,0.009,
0,0.208,0.262,0.304,0.259,0.222,0.258,0.301,0.244,0.354,
0,0.341,0.399,0.344,0.234,0.228,0.288,0.236,0.303,0.303,
0,0.379,0.386,0.352,0.385,0.168,0.273,0.287,0.306,0.287,
0,-0.005,0.089,0.177,0.124,0.065,0.027,-0.077,0.047,-0.002,
0,0.303,0.298,0.313,0.316,0.216,0.267,0.266,0.268,0.222,
0,0.06,-0.135,0.124,0.043,-0.047,0.002,-0.13,0.086,-0.109,
0,0.297,0.408,0.246,0.191,0.357,0.33,0.346,0.223,0.317,
0,0.236,0.336,0.303,0.161,0.251,0.26,0.251,0.313,0.305,
0,0.346,0.316,0.28,0.208,0.19,0.288,0.271,0.305,0.327,
0,0.248,0.385,0.317,0.217,0.192,0.151,0.181,0.239,0.094,
0,0.287,0.227,0.218,0.322,0.227,0.265,0.278,0.305,0.176,
0,0.231,0.354,0.266,0.102,0.049,-0.091,-0.052,0.157,0.109,
0,0.292,0.176,0.176,0.183,0.072,0.129,0.161,0.257,0.186,
0,0.2,0.209,0.153,0.24,0.276,0.264,0.259,0.139,0.227,
0,0.186,0.321,0.251,0.172,0.271,0.11,0.171,0.074,0.05,
0,0.282,0.195,0.043,0.312,0.141,0.182,0.164,0.16,0.122,
0,0.188,0.324,0.147,0.317,0.144,0.221,0.219,0.208,0.15,
0,0.135,0.29,0.191,0.157,0.073,0.075,0.189,0.038,0.164,
0,0.306,0.351,0.291,0.27,0.303,0.236,0.265,0.25,0.288,
0,0.087,0.206,0.19,0.191,0.242,0.283,0.261,0.223,0.171,
0,0.231,0.074,0.175,0.14,0.188,0.159,0.143,0.133,0.219,
0,0.172,0.274,0.093,0.248,0.263,0.236,0.179,0.222,0.103,
0,0.331,0.331,0.282,0.243,0.202,0.171,0.165,0.255,0.247,
0,0.347,0.214,0.184,0.157,0.133,0.192,0.228,0.244,0.289,
0,-0.021,-0.142,0.247,0.201,0.025,0.084,0.225,0.291,0.272,
0,0.185,0.162,0.143,0.117,0.137,0.285,0.112,0.148,0.121,
0,0.286,0.232,0.135,0.158,0.153,0.156,0.083,0.075,0.118,
0,0.126,0.045,0.138,0.154,0.185,0.133,0.109,0.205,0.217,
0,0.203,0.117,0.044,0.266,0.179,0.127,0.193,0.141,0.26,
0,0.219,0.265,0.309,0.266,0.256,0.272,0.006,0.084,0.235,
0,0.227,0.235,0.249,0.27,0.221,0.061,0.104,0.139,0.17,
0,0.244,0.322,0.287,0.203,0.192,0.224,0.273,0.148,0.115,
0,0.322,0.276,0.154,0.187,0.288,0.283,0.277,0.166,0.243,
0,0.153,0.115,0.086,0.224,0.162,0.069,0.167,0.172,0.266,
0,0.254,0.185,0.22,0.225,0.192,0.228,0.036,0.147,0.145,
0,0.242,0.244,0.338,0.292,0.356,0.286,0.223,0.291,0.262,
0,0.083,0.159,0.263,0.108,0.178,0.215,0.113,0.194,0.163,
0,0.171,0.208,0.279,0.199,0.256,0.077,0.24,0.201,0.18,
0,0.23,0.182,0.172,0.089,0.274,0.153,0.137,0.177,0.159,
0,0.144,0.249,0.348,0.334,0.301,0.248,0.185,0.327,0.306,
0,0.123,0.243,0.16,0.132,0.111,0.167,0.184,0.136,0.145,
0,0.207,0.355,0.339,0.295,0.222,0.234,0.307,0.24,0.218,
0,0.203,0.222,0.213,0.122,-0.07,0.091,0.121,0.091,0.122,
0,0.415,0.331,0.345,0.299,0.291,0.335,0.348,0.317,0.314,
0,0.14,0.184,0.193,0.253,0.221,0.186,0.255,0.224,0.192,
0,0.237,0.159,0.277,0.136,0.161,0.169,0.246,0.213,0.228,
0,0.343,0.296,0.253,0.24,0.322,0.231,0.319,0.216,0.296,
0,0.214,0.281,0.077,0.127,0.035,-0.038,0.135,0.049,0.133,
0,0.143,0.278,0.214,0.263,0.16,0.102,0.18,0.142,0.154,
0,0.187,0.184,0.118,0.207,0.219,0.147,0.152,0.178,0.098,
0,0.182,0.277,0.191,0.216,0.182,0.129,0.224,0.296,0.355,
0,0.168,0.283,-0.03,0.071,0.123,0.27,-0.002,0.113,0.198,
0,0.294,0.259,0.186,0.191,0.203,0.181,0.275,0.198,0.253,
0,0.271,0.285,0.257,0.293,0.25,0.221,0.197,0.285,0.244,
0,0.285,0.312,0.263,0.199,0.252,0.265,0.177,0.311,0.269,
0,0.282,0.353,0.266,0.239,0.233,0.295,0.337,0.272,0.245,
0,0.263,0.167,0.176,0.07,0.113,0,0.091,0.145,0.124,
0,0.189,0.105,0.186,0.235,0.229,0.226,0.244,0.159,0.241,
0,0.294,0.396,0.357,0.319,0.236,0.23,0.308,0.266,0.298,
0,0.228,0.235,0.29,0.282,0.215,0.246,0.318,0.386,0.329,
0,-0.058,-0.037,-0.015,-0.012,-0.012,-0.012,-0.012,-0.012,-0.012,
0,0.244,0.242,0.233,0.189,0.319,0.293,0.313,0.336,0.28,
0,0.248,0.303,0.176,0.319,0.348,0.339,0.235,0.272,0.193,
0,0.22,0.075,0.093,0.152,0.066,0.03,0.253,0.161,0.208,
0,0.284,0.345,0.277,0.262,0.258,0.203,0.272,0.221,0.221,
0,0.158,0.307,0.288,0.195,0.206,0.199,0.224,0.194,0.206,
0,0.393,0.384,0.316,0.245,0.221,0.214,0.213,0.147,0.159,
0,0.231,0.173,0.205,0.169,0.078,0.207,0.089,-0.02,0.045,
0,0.344,0.362,0.306,0.373,0.292,0.34,0.279,0.294,0.36,
0,0.191,0.222,0.186,0.055,0.015,0.153,0.117,0.171,0.256,
0,0.169,0.189,0.193,0.059,0.102,0.166,-0.011,0.114,0.171,
0,0.301,0.28,0.132,0.177,0.185,0.164,0.282,0.269,0.27,
0,-0.022,-0.012,0.12,0.046,0.018,-0.006,-0.012,-0.012,-0.012,
0,0.341,0.256,0.358,0.277,0.147,0.244,0.181,0.209,0.108,
0,0.14,0.113,0.211,0.221,0.257,0.214,0.268,0.25,0.367,
0,0.252,0.321,0.333,0.312,0.105,0.077,0.115,0.196,0.31,
0,0.382,0.31,0.342,0.289,0.212,0.235,0.271,0.329,0.342,
0,0.291,0.307,0.369,0.269,0.319,0.27,0.291,0.309,0.305,
0,0.271,0.315,0.33,0.259,0.278,0.282,0.258,0.281,0.203,
0,0.221,0.307,0.218,0.137,0.29,0.229,0.173,0.258,0.154,
0,0.346,0.332,0.214,0.132,0.227,0.214,0.146,0.239,0.208,
0,0.3,0.28,0.275,0.336,0.324,0.369,0.276,0.337,0.404,
0,0.283,0.35,0.165,0.277,0.217,0.241,0.237,0.277,0.296,
0,0.344,0.274,0.296,0.366,0.326,0.369,0.359,0.305,0.301,
0,0.303,0.329,0.285,0.311,0.227,0.267,0.346,0.276,0.332,
0,0.354,0.391,0.351,0.35,0.344,0.382,0.365,0.304,0.326,
0,0.221,0.219,0.144,0.219,0.223,0.206,0.268,0.247,0.26,
0,0.305,0.301,0.288,0.307,0.218,0.29,0.275,0.066,0.233,
0,0.035,0.026,0.008,0.121,0.131,0.082,0.01,0.076,0.188,
0,0.292,0.307,0.274,0.209,0.34,0.232,0.227,0.222,0.332,
0,0.277,0.263,0.245,0.323,0.268,0.294,0.286,0.289,0.253,
0,0.155,0.146,0.073,0.036,0.094,0.019,0.021,0.1,-0.015,
0,0.354,0.165,0.183,0.18,0.292,0.231,0.21,0.21,0.121,
0,0.274,0.162,0.191,0.206,0.164,0.144,0.211,0.214,0.261,
0,0.264,0.274,0.21,0.266,0.291,0.155,0.225,0.151,0.18,
0,0.245,0.309,0.356,0.206,0.227,0.287,0.189,0.219,0.266,
0,0.317,0.209,0.207,0.33,0.332,0.293,0.289,0.259,0.181,
0,0.14,0.057,0.234,0.245,0.135,0.182,0.182,0.162,0.179,
0,0.302,0.217,0.255,0.19,0.132,0.172,0.141,0.13,0.148,
0,0.147,0.075,0.147,0.029,0.128,0.326,0.298,0.247,0.26,
0,0.207,0.111,0.083,0.191,0.213,0.218,0.15,0.141,0.217,
0,0.259,0.297,0.283,0.363,0.332,0.262,0.305,0.324,0.238,
0,0.301,0.273,0.264,0.2,0.187,0.221,0.179,0.163,0.187,
0,0.132,0.143,0.192,0.147,0.212,0.175,0.197,0.164,0.135,
0,0.322,0.309,0.219,0.281,0.227,0.245,0.212,0.274,0.129,
0,0.241,0.299,0.285,0.228,0.084,0.266,0.308,0.168,0.23,
0,0.284,0.236,0.241,0.171,0.272,0.261,0.218,0.217,0.231,
0,0.317,0.425,0.398,0.328,0.186,0.225,0.235,0.256,0.14,
0,0.151,0.178,0.139,0.077,0.133,0.205,0.156,0.18,0.243,
0,0.338,0.305,0.191,0.261,0.188,0.214,0.183,0.282,0.224,
0,0.183,0.149,0.163,0.129,0.196,0.134,0.073,0.106,0.189,
0,0.375,0.298,0.34,0.275,0.157,0.198,0.2,0.225,0.238,
0,0.211,0.345,0.098,0.095,0.028,0.206,0.118,0.206,0.063,
0,0.336,0.31,0.39,0.252,0.237,0.221,0.255,0.226,0.184,
0,0.204,0.162,0.22,0.227,0.253,0.337,0.29,0.286,0.259,
0,0.041,0.176,0.276,0.134,0.326,0.246,0.208,0.282,0.222,
0,0.143,0.264,0.128,0.086,0.11,0.106,0.224,0.295,0.261,
0,0.165,0.163,-0.085,-0.005,0.054,0.098,0.079,0.152,0.074,
0,0.285,0.276,0.15,0.184,0.155,0.205,0.14,0.226,0.081,
0,0.119,0.18,0.198,0.212,0.119,0.175,0.091,0.054,0.107,
0,0.127,0.212,0.018,0.073,0.11,0.203,0.197,0.236,0.151,
0,0.294,0.257,0.215,0.241,0.265,0.277,0.24,0.312,0.229,
0,0.27,0.186,0.165,0.145,0.112,0.063,0.098,0.03,0.198,
0,0.143,0.24,0.233,0.31,0.239,0.315,0.191,0.247,0.169,
0,0.246,0.234,0.091,0.082,0.124,0.247,0.18,0.156,0.199,
0,0.19,0.129,0.021,0.079,0.241,0.18,0.332,0.202,0.187,
0,0.188,0.306,0.161,0.02,0.127,0.176,0.214,0.201,0.215,
0,0.318,0.318,0.241,0.245,0.338,0.191,0.322,0.289,0.349,
0,0.321,0.255,0.326,0.271,0.298,0.283,0.266,0.295,0.281,
0,0.223,0.32,0.161,0.225,0.104,0.146,0.207,0.112,0.132,
0,0.294,0.278,0.238,0.16,0.293,0.309,0.273,0.251,0.235,
0,0.318,0.234,0.248,0.177,0.133,0.23,0.089,0.233,0.118,
0,0.372,0.334,0.28,0.265,0.302,0.231,0.301,0.217,0.163,
0,0.237,0.066,0.106,0.236,0.002,0.118,-0.04,0.128,0.145,
0,0.237,0.163,0.172,0.2,0.162,0.257,0.262,0.199,0.106,
0,0.211,0.252,0.295,0.253,0.299,0.241,0.203,0.249,0.272,
0,0.249,0.244,0.082,0.284,0.298,0.26,0.245,0.212,0.251,
0,0.282,0.376,0.301,0.313,0.303,0.239,0.302,0.322,0.18,
0,0.169,0.288,0.214,0.209,0.244,0.161,0.202,0.205,0.247,
0,0.286,0.127,0.167,0.17,0.116,0.271,0.218,0.22,0.269,
0,0.232,0.219,0.241,0.24,0.267,0.129,0.196,0.206,0.247,
0,0.205,0.125,0.031,0.208,0.015,-0.038,0.008,0.012,-0.09,
0,0.318,0.253,0.219,0.151,0.205,0.134,0.259,0.094,0.193,
0,0.231,0.216,0.165,0.053,-0.055,0.065,0.143,0.136,0.126,
0,0.288,0.213,0.259,0.28,0.199,0.204,0.139,0.145,0.163,
0,0.284,0.255,0.232,0.208,0.169,0.115,0.224,0.227,0.202,
0,0.186,0.174,0.147,0.18,0.253,0.191,0.16,0.198,0.152,
0,0.142,0.166,0.176,0.123,0.232,0.184,0.242,0.201,0.053,
0,0.206,0.169,0.327,0.317,0.343,0.325,0.241,0.239,0.243,
0,0.27,0.355,0.309,0.305,0.29,0.41,0.392,0.434,0.416,
0,0.291,0.21,0.309,0.246,0.242,0.231,0.175,0.323,0.293,
0,0.322,0.368,0.307,0.241,0.254,0.194,0.222,0.199,0.274,
0,0.282,0.355,0.262,0.247,0.226,0.312,0.248,0.329,0.323,
0,0.068,0.187,0.165,0.023,-0.022,0.157,0.234,0.196,0.031,
0,0.388,0.125,0.242,0.28,0.109,0.22,0.088,0.257,0.226,
0,0.393,0.319,0.272,0.112,0.262,0.26,0.2,0.213,0.212,
0,0.125,0.263,0.178,0.146,0.11,0.13,0.135,0.131,0.204,
0,0.32,0.356,0.36,0.3,0.344,0.208,0.319,0.255,0.158,
0,0.254,0.272,0.163,0.267,0.222,0.277,0.216,0.297,0.288,
0,0.203,0.31,0.222,0.144,0.182,0.188,0.19,0.204,0.103,
0,0.027,0,-0.006,-0.006,-0.006,-0.006,-0.006,-0.006,-0.006,
0,0.061,0.084,0.052,0.105,0.102,0.259,0.156,0.105,0.085,
0,0.138,0.146,0.226,0.263,0.282,0.205,0.273,0.191,0.234,
0,0.212,0.327,0.269,0.294,0.262,0.35,0.281,0.234,0.284,
0,0.062,0.103,0.257,0.095,0.213,0.115,-0.136,0.017,0.187,
0,0.188,0.157,0.136,0.246,0.284,0.281,0.296,0.296,0.331,
0,0.232,0.16,0.274,0.256,0.238,0.203,0.28,0.211,0.322,
0,0.154,0.236,0.219,0.231,0.222,0.291,0.216,0.189,0.266,
0,0.111,0.207,0.342,0.29,0.296,0.246,0.332,0.276,0.313,
0,0.145,0.222,0.198,0.134,0.205,0.212,0.265,0.241,0.286,
0,0.042,0.176,0.208,0.226,0.136,0.177,0.226,0.179,0.11,
0,0.254,0.354,0.322,0.338,0.275,0.393,0.35,0.338,0.302,
0,0.164,0.337,0.281,0.256,0.326,0.276,0.312,0.33,0.268,
0,0.174,0.256,0.217,0.275,0.236,0.216,0.262,0.26,0.272,
0,0.214,0.29,0.287,0.276,0.19,0.315,0.328,0.398,0.366,
0,0.12,0.22,0.219,0.193,0.047,0.206,0.209,0.232,0.171,
0,0.156,0.278,0.255,0.057,0.194,0.252,0.339,0.314,0.231,
0,0.095,0.053,0.093,0.248,0.182,0.263,0.17,0.103,0.187,
0,0.085,0.171,0.138,0.101,0.106,0.176,0.2,0.059,0.122,
0,0.049,0.239,0.173,0.183,0.262,0.223,0.237,-0.036,0.086,
0,0.151,0.214,0.277,0.186,0.259,0.222,0.192,0.27,0.254,
0,0.179,0.198,0.207,0.197,0.272,0.259,0.21,0.231,0.278,
0,0.201,0.306,0.311,0.293,0.276,0.307,0.249,0.248,0.339,
0,0.133,0.29,0.126,0.045,0.048,0.093,0.017,-0.141,0.167,
0,0.271,0.305,0.297,0.193,0.308,0.292,0.281,0.222,0.216,
0,0.194,0.182,0.231,0.188,0.209,0.26,0.181,0.265,0.292,
0,0.077,0.167,0.242,0.184,0.119,0.113,0.277,0.23,0.137,
0,0.088,0.176,0.144,0.039,0.058,0.136,0.119,0.065,0.185,
0,0.107,0.233,0.245,0.272,0.266,0.254,0.263,0.313,0.317,
0,0.165,0.105,0.138,0.015,0.151,0.206,0.217,0.042,0.137,
0,0.21,0.191,0.116,0.167,0.275,0.263,0.245,0.294,0.289,
0,0.193,0.306,0.165,0.239,0.234,0.309,0.24,0.233,0.266,
0,0.17,0.201,0.326,0.258,0.136,0.302,0.264,0.189,0.239,
0,0.289,0.225,0.151,0.255,0.187,0.226,0.268,0.271,0.225,
0,0.315,0.34,0.375,0.331,0.3,0.335,0.305,0.358,0.34,
0,0.248,0.308,0.085,0.207,0.308,0.199,0.269,0.168,0.211,
0,0.261,0.24,0.13,0.143,0.111,-0.032,0.074,0.173,0.08,
0,0.317,0.333,0.268,0.137,0.073,0.193,0.154,0.217,0.175,
0,0.153,-0.034,0.05,0.083,0.174,0.199,0.174,0.157,0.13,
0,0.306,0.291,0.067,0.3,0.288,0.294,0.233,0.261,0.283,
0,0.232,0.21,0.206,0.217,0.219,0.126,0.219,0.204,0.16,
0,0.141,0.204,-0.014,0.2,0.158,0.109,0.197,0.117,0.027,
0,0.196,0.283,0.219,0.171,0.219,0.172,0.252,0.219,0.281,
0,0.215,0.265,0.181,0.051,-0.017,-0.016,0.181,0.049,0.041,
0,0.302,0.27,0.245,0.256,0.148,0.162,0.081,0.074,0.114,
0,0.217,0.283,0.273,0.131,0.183,0.22,0.163,0.284,0.247,
0,0.258,0.349,0.332,0.34,0.314,0.295,0.309,0.269,0.281,
0,0.169,0.075,0.054,0.14,0.13,0.126,0.051,-0.04,0.006,
0,0.282,0.189,0.285,0.257,0.282,0.174,0.219,0.205,0.247,
0,0.161,0.301,0.277,0.286,0.299,0.312,0.318,0.233,0.279,
0,0.128,0.043,0.263,0.242,0.199,0.026,0.137,0.083,0.147,
0,0.125,0.246,0.313,0.251,0.274,0.268,0.277,0.317,0.321,
0,0.168,0.213,0.197,0.031,0.071,0.143,-0.004,0.249,0.2,
0,0.152,0.27,0.206,0.251,0.212,0.193,0.257,0.338,0.279,
0,0.188,0.254,0.276,0.242,0.217,0.184,0.242,0.233,0.293,
0,0.301,0.33,0.289,0.241,0.333,0.305,0.284,0.299,0.287,
0,0.262,0.298,0.289,0.279,0.285,0.352,0.262,0.32,0.313,
0,0.078,0.283,0.365,0.294,0.2,0.275,0.217,0.221,0.278,
0,0.146,0.271,0.285,0.234,0.245,0.225,0.194,0.099,0.184,
0,0.124,0.261,0.229,0.188,0.132,0.28,0.327,0.234,0.298,
0,0.194,0.273,0.256,0.227,0.281,0.214,0.217,0.263,0.297,
0,0.207,0.226,0.341,0.264,0.295,0.189,0.18,0.25,0.18,
0,0.184,0.202,0.207,0.223,0.233,0.227,0.166,0.293,0.317,
0,0.206,0.294,0.286,0.346,0.352,0.247,0.154,0.156,0.229,
0,0.079,0.262,0.249,0.056,0.177,0.103,0.088,0.156,0.319,
0,0.339,0.132,0.126,0.271,0.203,0.225,0.089,0.18,0.173,
0,0.263,0.199,0.158,0.284,0.236,0.221,0.199,0.193,0.287,
0,0.169,0.19,0.079,0.127,0.132,0.142,0.195,0.178,0.143,
0,0.215,0.255,0.209,0.137,0.086,0.067,0.011,0.069,0.068,
0,0.223,0.217,0.26,0.304,0.224,0.236,0.171,0.252,0.119,
0,0.307,0.338,0.319,0.203,0.192,0.132,0.292,0.283,0.252,
0,0.052,0.161,0.213,0.153,0.218,0.167,0.235,0.248,0.245,
0,0.273,0.234,0.085,0.145,0.056,0.15,0.029,0.202,0.137,
0,0.252,0.245,0.193,0.287,0.266,0.287,0.294,0.22,0.242,
0,0.231,0.106,0.041,0.105,0.252,0.181,0.207,0.138,-0.029,
0,0.423,0.305,0.384,0.321,0.316,0.369,0.328,0.356,0.295,
0,0.232,0.144,0.217,0.175,0.068,0.047,0.118,0.063,0.025,
0,0.389,0.181,0.31,0.362,0.07,0.151,-0.085,0.23,0.14,
0,0.247,0.228,0.183,0.226,0.216,0.204,0.285,0.279,0.238,
0,0.072,0.116,0.033,0.19,0.081,-0.048,0.092,-0.018,-0.038,
0,0.292,0.326,0.269,0.272,0.183,0.189,0.242,0.255,0.209,




Further Data analysis of all test cases 
INSTANCEID avg med max min 
INSTANCE1 0, 0, 0, 0, 
INSTANCE2 0.191, 0.179, 0.633, -0.05, 
INSTANCE3 0.212, 0.195, 0.58, -0.054, 
INSTANCE4 0.23, 0.219, 0.598, -0.036, 
INSTANCE5 0.234, 0.223, 0.595, 0.025, 
INSTANCE6 0.24, 0.23, 0.572, -0.024, 
INSTANCE7 0.241, 0.229, 0.568, -0.012, 
INSTANCE8 0.243, 0.231, 0.606, 0.016, 
INSTANCE9 0.245, 0.235, 0.6, -0.018, 
INSTANCE10 0.243, 0.232, 0.625, -0.017, 


INSTANCE1 0, 0, 0, 0, 
INSTANCE2 0.183, 0.186, 0.429, -0.159, 
INSTANCE3 0.219, 0.231, 0.425, -0.152, 
INSTANCE4 0.209, 0.221, 0.405, -0.188, 
INSTANCE5 0.201, 0.217, 0.387, -0.198, 
INSTANCE6 0.2, 0.215, 0.413, -0.215, 
INSTANCE7 0.204, 0.222, 0.41, -0.2, 
INSTANCE8 0.204, 0.221, 0.426, -0.324, 
INSTANCE9 0.205, 0.223, 0.434, -0.218, 
INSTANCE10 0.206, 0.223, 0.416, -0.325, 



