-0.007,-0.018,-0.018,0.0,-0.018,-0.001,-0.018,-0.001,-0.018,-0.001,-0.018,-0.001,-0.018,-0.001,-0.018,-0.001,-0.018,-0.001,-0.018,-0.001,-0.018,-0.001,-0.018,-0.001,-0.018,-0.001,-0.018,-0.001,-0.018,-0.001,-0.018,-0.001,-0.018,-0.001,-0.018,-0.001,-0.018,-0.001,-0.018,-0.001,-0.018,-0.001,-0.018,-0.001,-0.018,-0.001,-0.018,-0.001,-0.018,-0.001,-0.018,-0.001,-0.018,-0.001,-0.018,-0.001,-0.018,-0.001,-0.018,-0.001,-0.018,-0.001,-0.018,-0.001,-0.018,-0.001,-0.018,-0.001,-0.018,-0.001,-0.018,-0.001,-0.018,-0.001,-0.018,-0.001,-0.018,-0.001,-0.018,-0.001,-0.018,-0.001,-0.018,-0.001,-0.018,-0.001,-0.018,-0.001,-0.018,-0.001,-0.018,-0.001,-0.018,-0.001,-0.018,-0.001,-0.018,-0.001,-0.018,0.0,
0.001,-0.04,0.014,-0.002,-0.002,0.0,0.002,0.0,-0.005,-0.012,0.0,-0.004,-0.012,0.0,-0.004,-0.012,0.0,-0.004,-0.012,0.0,-0.004,-0.012,0.0,-0.004,-0.012,0.0,-0.004,-0.012,0.0,-0.004,-0.012,0.0,-0.004,-0.012,0.0,-0.004,-0.012,0.0,-0.004,-0.012,0.0,-0.004,-0.012,0.0,-0.004,-0.012,0.0,-0.004,-0.012,0.0,-0.004,-0.012,0.0,-0.004,-0.012,0.0,-0.004,-0.012,0.0,-0.004,-0.012,0.0,-0.004,-0.012,0.0,-0.004,-0.012,0.0,-0.004,-0.012,0.0,-0.004,-0.012,0.0,-0.004,-0.012,0.0,-0.004,-0.012,0.0,-0.004,-0.012,0.0,-0.004,-0.012,0.0,-0.004,-0.012,0.0,-0.004,-0.012,0.0,-0.004,-0.012,0.0,-0.004,-0.012,0.0,-0.004,0.019,
0.018,0.011,0.005,-0.106,-0.058,-0.051,-0.067,-0.057,-0.067,-0.057,-0.067,-0.057,-0.067,-0.057,-0.067,-0.057,-0.067,-0.057,-0.067,-0.057,-0.064,-0.082,-0.029,-0.056,-0.067,-0.057,-0.067,-0.057,-0.067,-0.057,-0.067,-0.057,-0.067,-0.057,-0.067,-0.057,-0.067,-0.057,-0.067,-0.057,-0.067,-0.057,-0.067,-0.057,-0.067,-0.057,-0.067,-0.057,-0.067,-0.057,-0.067,-0.057,-0.067,-0.057,-0.067,-0.057,-0.067,-0.057,-0.067,-0.057,-0.067,-0.057,-0.067,-0.057,-0.067,-0.057,-0.067,-0.057,-0.067,-0.057,-0.067,-0.057,-0.067,-0.057,-0.067,-0.057,-0.067,-0.057,-0.067,-0.057,-0.067,-0.057,-0.067,-0.057,-0.067,-0.057,-0.067,-0.057,-0.067,-0.057,-0.067,-0.057,-0.067,-0.057,-0.067,-0.057,-0.067,-0.057,-0.067,0.004,
-0.069,-0.034,-0.055,-0.054,-0.069,-0.055,-0.082,-0.06,-0.067,-0.03,-0.065,-0.015,-0.086,-0.023,-0.082,-0.032,-0.082,-0.025,-0.082,-0.032,-0.082,-0.032,-0.082,-0.032,-0.082,-0.032,-0.082,-0.032,-0.082,-0.025,-0.082,-0.032,-0.082,-0.032,-0.082,-0.032,-0.082,-0.032,-0.082,-0.032,-0.082,-0.032,-0.082,-0.032,-0.082,-0.032,-0.074,-0.063,-0.075,-0.063,-0.078,-0.063,-0.078,-0.063,-0.078,-0.063,-0.078,-0.063,-0.078,-0.063,-0.078,-0.063,-0.078,-0.044,-0.076,-0.039,-0.076,-0.063,-0.086,-0.031,-0.083,-0.018,-0.081,-0.033,-0.074,-0.042,-0.074,-0.039,-0.076,-0.063,-0.077,-0.036,-0.077,-0.063,-0.086,-0.035,-0.081,-0.046,-0.071,-0.068,-0.067,-0.074,-0.077,-0.067,-0.074,-0.071,-0.068,-0.074,-0.077,-0.009,
0.0,0.0,0.0,0.0,0.0,-0.002,0.0,-0.074,0.0,0.0,0.0,-0.004,0.0,-0.074,0.0,0.0,0.0,-0.004,0.0,-0.074,0.0,0.0,0.0,-0.004,0.0,-0.074,0.0,0.0,0.0,-0.004,0.0,-0.074,0.0,0.0,0.0,-0.004,0.0,-0.074,0.0,0.0,0.0,-0.004,0.0,-0.074,0.0,0.0,0.0,-0.004,0.0,-0.074,0.0,0.0,0.0,-0.004,0.0,-0.074,0.0,0.0,0.0,-0.004,0.0,-0.074,0.0,0.0,0.0,-0.004,0.0,-0.074,0.0,0.0,0.0,-0.004,0.0,-0.074,0.0,0.0,0.0,-0.004,0.0,-0.074,0.0,0.0,0.0,-0.004,0.0,-0.074,0.0,0.0,0.0,-0.004,0.0,-0.074,0.0,0.0,0.0,-0.004,0.0,-0.074,0.0,0.0,
0.0,0.0,0.0,-0.015,0.0,-0.015,0.0,-0.015,0.0,-0.015,0.0,-0.015,0.0,-0.015,0.0,-0.015,0.0,-0.015,0.0,-0.015,0.0,-0.015,0.0,-0.015,0.0,-0.015,0.0,-0.015,0.0,-0.015,0.0,-0.015,0.0,-0.015,0.0,-0.015,0.0,-0.015,0.0,-0.015,0.0,-0.015,0.0,-0.015,0.0,-0.015,0.0,-0.015,0.0,-0.015,0.0,-0.015,0.0,-0.015,0.0,-0.015,0.0,-0.015,0.0,-0.015,0.0,-0.015,0.0,-0.015,0.0,-0.015,0.0,-0.015,0.0,-0.015,0.0,-0.015,0.0,-0.015,0.0,-0.015,0.0,-0.015,0.0,-0.015,0.0,-0.015,0.0,-0.015,0.0,-0.015,0.0,-0.015,0.0,-0.015,0.0,-0.015,0.0,-0.015,0.0,-0.015,0.0,-0.015,0.0,-0.015,
0.0,-0.016,-0.012,-0.005,-0.019,0.0,-0.019,0.0,-0.019,0.0,-0.019,0.0,-0.019,0.0,-0.019,0.0,-0.019,0.0,-0.019,0.0,-0.019,0.0,-0.019,0.0,-0.019,0.0,-0.019,0.0,-0.019,0.0,-0.019,0.0,-0.019,0.0,-0.019,0.0,-0.019,0.0,-0.019,0.0,-0.019,0.0,-0.019,0.0,-0.019,0.0,-0.019,0.0,-0.019,0.0,-0.019,0.0,-0.019,0.0,-0.019,0.0,-0.019,0.0,-0.019,0.0,-0.019,0.0,-0.019,0.0,-0.019,0.0,-0.019,0.0,-0.019,0.0,-0.019,0.0,-0.019,0.0,-0.019,0.0,-0.019,0.0,-0.019,0.0,-0.019,0.0,-0.019,0.0,-0.019,0.0,-0.019,0.0,-0.019,0.0,-0.019,0.0,-0.019,0.0,-0.019,0.0,-0.019,0.0,-0.019,0.0,
0.0,0.0,0.0,0.0,0.0,-0.012,0.0,-0.003,0.0,0.0,0.0,-0.012,0.0,-0.003,0.0,0.0,0.0,-0.012,0.0,-0.003,0.0,0.0,0.0,-0.012,0.0,-0.003,0.0,0.0,0.0,-0.012,0.0,-0.003,0.0,0.0,0.0,-0.012,0.0,-0.003,0.0,0.0,0.0,-0.012,0.0,-0.003,0.0,0.0,0.0,-0.012,0.0,-0.003,0.0,0.0,0.0,-0.012,0.0,-0.003,0.0,0.0,0.0,-0.012,0.0,-0.003,0.0,0.0,0.0,-0.012,0.0,-0.003,0.0,0.0,0.0,-0.012,0.0,-0.003,0.0,0.0,0.0,-0.012,0.0,-0.003,0.0,0.0,0.0,-0.012,0.0,-0.003,0.0,0.0,0.0,-0.012,0.0,-0.003,0.0,0.0,0.0,-0.012,0.0,-0.003,0.0,0.0,
0.0,0.0,0.0,0.0,0.0,0.0,0.0,0.0,0.0,0.0,0.0,0.0,0.0,0.0,0.0,0.0,0.0,0.0,0.0,0.0,0.0,0.0,0.0,0.0,0.0,0.0,0.0,0.0,0.0,0.0,0.0,0.0,0.0,0.0,0.0,0.0,0.0,0.0,0.0,0.0,0.0,0.0,0.0,0.0,0.0,0.0,0.0,0.0,0.0,0.0,0.0,0.0,0.0,0.0,0.0,0.0,0.0,0.0,0.0,0.0,0.0,0.0,0.0,0.0,0.0,0.0,0.0,0.0,0.0,0.0,0.0,0.0,0.0,0.0,0.0,0.0,0.0,0.0,0.0,0.0,0.0,0.0,0.0,0.0,0.0,0.0,0.0,0.0,0.0,0.0,0.0,0.0,0.0,0.0,0.0,0.0,0.0,0.0,0.0,0.0,
0.0,-0.116,0.026,0.008,0.0,0.0,0.0,0.0,0.0,0.0,0.0,0.0,0.0,0.0,0.0,0.0,0.0,0.0,0.0,0.0,0.0,0.0,0.0,0.0,0.0,0.0,0.0,0.0,0.0,0.0,0.0,0.0,0.0,0.0,0.0,0.0,0.0,0.0,0.0,0.0,0.0,0.0,0.0,0.0,0.0,0.0,0.0,0.0,0.0,0.0,0.0,0.0,0.0,0.0,0.0,0.0,0.0,0.0,0.0,0.0,0.0,0.0,0.0,0.0,0.0,0.0,0.0,0.0,0.0,0.0,0.0,0.0,0.0,0.0,0.0,0.0,0.0,0.0,0.0,0.0,0.0,0.0,0.0,0.0,0.0,0.0,0.0,0.0,0.0,0.0,0.0,0.0,0.0,0.0,0.0,0.0,0.0,0.0,0.0,0.0,
-0.042,-0.034,-0.023,-0.031,-0.029,0.0,-0.026,-0.012,-0.019,-0.032,0.0,-0.023,-0.045,0.0,0.0,-0.031,-0.039,-0.001,-0.041,0.0,0.0,-0.003,0.0,0.0,-0.032,0.0,0.0,-0.031,-0.039,-0.001,-0.037,0.0,0.0,0.0,0.0,0.0,-0.032,0.0,0.0,-0.031,-0.039,-0.001,-0.037,0.0,0.0,0.0,0.0,0.0,-0.032,0.0,0.0,-0.031,-0.039,-0.001,-0.041,0.0,0.0,0.0,0.0,0.0,-0.032,-0.027,-0.001,-0.031,-0.039,-0.001,-0.041,0.0,0.0,0.0,0.0,0.0,-0.032,0.0,0.0,-0.031,-0.039,-0.001,-0.037,0.0,0.0,0.0,0.0,0.0,-0.032,0.0,0.0,-0.031,-0.039,0.0,-0.041,0.0,0.0,0.0,0.0,0.0,-0.032,0.0,0.0,0.007,
-0.073,-0.049,0.014,-0.02,-0.064,0.059,-0.024,-0.043,0.0,-0.031,-0.025,-0.061,-0.047,-0.033,-0.008,-0.036,0.008,0.003,-0.014,-0.085,0.101,-0.051,-0.028,-0.019,-0.006,-0.084,-0.007,-0.039,-0.041,-0.065,-0.029,-0.04,-0.007,-0.014,0.013,-0.028,0.025,0.006,-0.013,-0.084,0.1,-0.055,-0.028,-0.051,0.027,-0.076,0.0,-0.014,-0.005,-0.063,-0.011,-0.049,-0.026,-0.027,0.024,-0.035,0.01,0.006,-0.014,-0.047,0.036,-0.007,-0.007,-0.033,0.034,-0.089,-0.01,-0.032,0.014,-0.049,-0.034,-0.045,-0.056,-0.012,0.065,-0.034,-0.02,0.006,-0.013,-0.101,0.036,-0.033,-0.009,-0.019,-0.006,-0.089,-0.015,-0.039,-0.024,-0.09,-0.03,-0.058,-0.011,-0.005,0.063,-0.031,0.057,-0.022,0.008,-0.014,
-0.042,-0.03,-0.043,-0.03,-0.043,-0.03,-0.043,-0.03,-0.043,-0.03,-0.043,-0.03,-0.043,-0.03,-0.043,-0.03,-0.043,-0.03,-0.043,-0.03,-0.043,-0.03,-0.043,-0.03,-0.043,-0.03,-0.043,-0.03,-0.043,-0.03,-0.043,-0.03,-0.043,-0.03,-0.043,-0.03,-0.043,-0.03,-0.043,-0.03,-0.043,-0.03,-0.043,-0.03,-0.043,-0.03,-0.043,-0.03,-0.043,-0.03,-0.043,-0.03,-0.043,-0.03,-0.043,-0.03,-0.043,-0.03,-0.043,-0.03,-0.043,-0.03,-0.043,-0.03,-0.043,-0.03,-0.043,-0.03,-0.043,-0.03,-0.043,-0.03,-0.043,-0.03,-0.043,-0.03,-0.043,-0.03,-0.043,-0.03,-0.043,-0.03,-0.043,-0.03,-0.043,-0.03,-0.043,-0.03,-0.043,-0.03,-0.043,-0.03,-0.043,-0.03,-0.043,-0.03,-0.043,-0.03,-0.043,-0.003,
0.006,0.001,-0.002,-0.082,0.02,0.014,-0.001,-0.082,0.02,0.014,-0.001,-0.082,0.02,0.014,-0.001,-0.082,0.02,0.014,-0.001,-0.082,0.011,0.013,-0.001,-0.079,-0.048,0.014,-0.054,-0.093,-0.033,0.021,-0.071,-0.079,-0.033,0.002,-0.054,-0.093,-0.033,0.002,-0.054,-0.093,-0.033,0.002,-0.054,-0.093,-0.033,0.002,-0.054,-0.093,0.031,0.006,-0.054,-0.076,0.014,0.005,-0.07,-0.081,-0.034,0.016,-0.001,-0.082,0.011,0.013,-0.001,-0.077,-0.048,0.014,-0.054,-0.092,-0.049,0.014,-0.053,-0.079,0.02,0.014,-0.001,-0.082,0.02,0.014,-0.001,-0.082,0.02,0.014,-0.001,-0.082,0.02,0.014,-0.001,-0.082,0.02,0.014,-0.001,-0.082,0.02,0.014,-0.001,-0.082,0.02,0.014,-0.001,-0.046,
-0.02,0.006,-0.019,0.009,-0.106,-0.063,-0.145,-0.096,-0.085,-0.076,-0.084,-0.102,-0.078,-0.105,-0.081,-0.102,-0.08,-0.103,-0.107,-0.101,-0.079,-0.105,-0.081,-0.105,-0.077,-0.091,-0.08,-0.103,-0.079,-0.103,-0.079,-0.103,-0.084,-0.102,-0.081,-0.092,-0.081,-0.103,-0.078,-0.102,-0.082,-0.094,-0.081,-0.091,-0.078,-0.103,-0.079,-0.103,-0.079,-0.103,-0.08,-0.093,-0.078,-0.103,-0.081,-0.09,-0.08,-0.097,-0.105,-0.097,-0.107,-0.091,-0.079,-0.103,-0.079,-0.103,-0.081,-0.103,-0.088,-0.091,-0.126,-0.091,-0.11,-0.104,-0.108,-0.114,-0.111,-0.114,-0.11,-0.114,-0.108,-0.099,-0.11,-0.114,-0.111,-0.1,-0.111,-0.109,-0.111,-0.114,-0.111,-0.114,-0.111,-0.114,-0.111,-0.103,-0.108,-0.104,-0.103,0.021,
0.0,0.0,0.0,0.0,0.0,0.0,0.0,0.0,0.0,0.0,0.0,0.0,0.0,0.0,0.0,0.0,0.0,0.0,0.0,0.0,0.0,0.0,0.0,0.0,0.0,0.0,0.0,0.0,0.0,0.0,0.0,0.0,0.0,0.0,0.0,0.0,0.0,0.0,0.0,0.0,0.0,0.0,0.0,0.0,0.0,0.0,0.0,0.0,0.0,0.0,0.0,0.0,0.0,0.0,0.0,0.0,0.0,0.0,0.0,0.0,0.0,0.0,0.0,0.0,0.0,0.0,0.0,0.0,0.0,0.0,0.0,0.0,0.0,0.0,0.0,0.0,0.0,0.0,0.0,0.0,0.0,0.0,0.0,0.0,0.0,0.0,0.0,0.0,0.0,0.0,0.0,0.0,0.0,0.0,0.0,0.0,0.0,0.0,0.0,0.0,
0.0,0.0,0.0,0.0,-0.034,-0.083,-0.117,-0.022,0.001,-0.023,-0.084,-0.096,-0.027,0.002,0.0,-0.023,0.001,0.0,0.001,0.0,0.02,-0.085,0.03,-0.026,-0.003,-0.023,0.001,0.0,0.001,0.0,0.02,-0.085,0.03,-0.026,-0.003,-0.023,0.001,0.0,0.001,0.0,0.02,-0.085,0.03,-0.026,-0.003,-0.023,0.001,0.0,0.001,0.0,0.02,-0.085,0.03,-0.026,-0.003,-0.023,0.001,0.005,0.0,-0.05,0.02,-0.128,0.03,-0.029,0.0,-0.026,-0.115,-0.028,0.002,0.0,-0.023,0.001,0.0,0.001,0.0,0.02,-0.085,0.03,-0.026,-0.003,-0.023,0.001,0.0,0.002,-0.05,0.02,-0.128,0.03,-0.026,0.0,-0.023,0.001,0.0,0.001,0.0,0.02,-0.085,0.03,-0.026,-0.003,
0.0,0.0,0.0,0.0,0.0,0.0,0.0,0.0,0.0,0.0,0.0,0.0,0.0,0.0,0.0,0.0,0.0,0.0,0.0,0.0,0.0,0.0,0.0,0.0,0.0,0.0,0.0,0.0,0.0,0.0,0.0,0.0,0.0,0.0,0.0,0.0,0.0,0.0,0.0,0.0,0.0,0.0,0.0,0.0,0.0,0.0,0.0,0.0,0.0,0.0,0.0,0.0,0.0,0.0,0.0,0.0,0.0,0.0,0.0,0.0,0.0,0.0,0.0,0.0,0.0,0.0,0.0,0.0,0.0,0.0,0.0,0.0,0.0,0.0,0.0,0.0,0.0,0.0,0.0,0.0,0.0,0.0,0.0,0.0,0.0,0.0,0.0,0.0,0.0,0.0,0.0,0.0,0.0,0.0,0.0,0.0,0.0,0.0,0.0,0.0,
-0.039,-0.002,0.0,-0.058,-0.062,-0.059,-0.009,-0.059,-0.009,-0.059,-0.009,-0.059,-0.009,-0.059,-0.009,-0.059,-0.009,-0.059,-0.009,-0.059,-0.009,-0.059,-0.009,-0.059,-0.009,-0.059,-0.009,-0.059,-0.009,-0.059,-0.009,-0.059,-0.009,-0.059,-0.009,-0.059,-0.009,-0.059,-0.009,-0.059,-0.009,-0.059,-0.009,-0.059,-0.009,-0.059,-0.009,-0.059,-0.009,-0.059,-0.009,-0.059,-0.009,-0.059,-0.009,-0.059,-0.009,-0.059,-0.009,-0.059,-0.009,-0.059,-0.009,-0.059,-0.009,-0.059,-0.009,-0.059,-0.009,-0.059,-0.009,-0.059,-0.009,-0.059,-0.009,-0.059,-0.009,-0.059,-0.009,-0.059,-0.009,-0.059,-0.009,-0.059,-0.009,-0.059,-0.009,-0.059,-0.009,-0.059,-0.009,-0.059,-0.009,-0.059,-0.009,-0.059,-0.009,-0.059,-0.009,0.0,
0.0,0.0,-0.044,0.0,-0.023,0.007,-0.003,-0.023,0.006,-0.036,-0.018,-0.032,0.0,-0.019,0.0,-0.034,-0.014,-0.032,-0.012,-0.032,-0.013,-0.029,-0.013,-0.032,-0.013,-0.032,-0.013,-0.032,-0.013,-0.029,-0.013,-0.032,-0.013,-0.032,-0.013,-0.032,-0.013,-0.032,-0.013,-0.032,-0.013,-0.032,-0.013,-0.032,-0.013,-0.032,-0.013,-0.032,-0.013,-0.032,-0.013,-0.032,-0.013,-0.032,-0.013,-0.032,-0.013,-0.032,-0.013,-0.032,-0.013,-0.032,-0.013,-0.032,-0.013,-0.032,-0.013,-0.032,-0.013,-0.032,-0.013,-0.032,-0.013,-0.032,-0.013,-0.032,-0.013,-0.032,-0.013,-0.032,-0.013,-0.032,-0.013,-0.032,-0.013,-0.032,-0.013,-0.032,-0.013,-0.032,-0.013,-0.032,-0.013,-0.032,-0.013,-0.032,-0.013,-0.032,-0.013,-0.035,
-0.06,0.008,-0.074,0.032,-0.102,0.037,0.0,-0.094,-0.05,0.029,-0.079,0.014,-0.04,0.007,-0.074,0.032,-0.102,0.038,-0.05,0.008,-0.074,0.032,-0.102,0.038,-0.05,0.008,-0.074,0.032,-0.102,0.038,-0.05,0.008,-0.074,0.032,-0.102,0.038,-0.05,0.008,-0.074,0.032,-0.102,0.038,-0.05,0.008,-0.074,0.032,-0.102,0.038,-0.05,0.008,-0.074,0.032,-0.102,0.038,-0.05,0.008,-0.074,0.032,-0.102,0.038,-0.05,0.008,-0.074,0.032,-0.102,0.038,-0.05,0.008,-0.074,0.032,-0.102,0.038,-0.05,0.008,-0.074,0.032,-0.102,0.038,-0.05,0.008,-0.074,0.032,-0.102,0.038,-0.05,0.008,-0.074,0.032,-0.102,0.038,-0.05,0.008,-0.074,0.032,-0.102,0.038,-0.05,0.008,-0.074,0.041,
0.0,-0.038,-0.111,0.007,-0.112,-0.124,-0.014,-0.036,-0.107,-0.031,-0.062,-0.085,-0.065,-0.089,-0.104,0.001,-0.088,-0.057,-0.013,-0.013,-0.089,-0.07,-0.102,-0.055,-0.064,-0.06,-0.103,-0.004,-0.121,-0.121,-0.014,-0.043,-0.109,0.001,-0.088,-0.057,-0.002,-0.09,-0.087,-0.026,-0.088,-0.057,-0.013,-0.061,-0.103,0.001,-0.088,-0.057,-0.002,-0.09,-0.103,0.001,-0.088,-0.057,0.006,-0.03,-0.112,-0.031,-0.06,-0.082,-0.097,-0.027,-0.123,0.014,-0.121,-0.082,-0.065,-0.06,-0.103,0.001,-0.088,-0.057,-0.002,-0.09,-0.103,0.001,-0.088,-0.057,-0.013,-0.061,-0.103,0.001,-0.088,-0.057,-0.013,-0.013,-0.089,-0.07,-0.102,-0.055,-0.064,-0.06,-0.084,-0.026,-0.088,-0.057,-0.013,-0.061,-0.086,0.029,
0.0,0.0,-0.014,0.0,0.0,0.0,0.0,-0.015,0.0,0.0,0.0,0.0,0.0,0.0,0.0,0.0,0.0,0.0,0.0,0.0,0.0,0.0,0.0,0.0,0.0,0.0,0.0,0.0,0.0,0.0,0.0,0.0,0.0,0.0,0.0,0.0,0.0,0.0,0.0,0.0,0.0,0.0,0.0,0.0,0.0,0.0,0.0,0.0,0.0,0.0,0.0,0.0,0.0,0.0,0.0,0.0,0.0,0.0,0.0,0.0,0.0,0.0,0.0,0.0,0.0,0.0,0.0,0.0,0.0,0.0,0.0,0.0,0.0,0.0,0.0,0.0,0.0,0.0,0.0,0.0,0.0,0.0,0.0,0.0,0.0,0.0,0.0,0.0,0.0,0.0,0.0,0.0,0.0,0.0,0.0,0.0,0.0,0.0,0.0,0.0,
-0.054,-0.03,-0.036,-0.016,0.0,0.0,-0.012,0.0,-0.009,-0.019,0.0,-0.019,0.0,-0.019,0.0,-0.019,0.0,-0.019,0.0,-0.019,0.0,-0.019,0.0,-0.019,0.0,-0.019,0.0,-0.019,0.0,-0.019,0.0,-0.019,0.0,-0.019,0.0,-0.019,0.0,-0.019,0.0,-0.019,0.0,-0.019,0.0,-0.019,0.0,-0.019,0.0,-0.019,0.0,-0.019,0.0,-0.019,0.0,-0.019,0.0,-0.019,0.0,-0.019,0.0,-0.019,0.0,-0.019,0.0,-0.019,0.0,-0.019,0.0,-0.019,0.0,-0.019,0.0,-0.019,0.0,-0.019,0.0,-0.019,0.0,-0.019,0.0,-0.019,0.0,-0.019,0.0,-0.019,0.0,-0.019,0.0,-0.019,0.0,-0.019,0.0,-0.019,0.0,-0.019,0.0,-0.019,0.0,-0.019,0.0,0.001,
0.0,-0.005,-0.002,-0.003,-0.002,-0.003,-0.002,-0.003,-0.002,-0.003,-0.002,-0.003,-0.002,-0.003,-0.002,-0.003,-0.002,-0.003,-0.002,-0.003,-0.002,-0.003,-0.002,-0.003,-0.002,-0.003,-0.002,-0.003,-0.002,-0.003,-0.002,-0.003,-0.002,-0.003,-0.002,-0.003,-0.002,-0.003,-0.002,-0.003,-0.002,-0.003,-0.002,-0.003,-0.002,-0.003,-0.002,-0.003,-0.002,-0.003,-0.002,-0.003,-0.002,-0.003,-0.002,-0.003,-0.002,-0.003,-0.002,-0.003,-0.002,-0.003,-0.002,-0.003,-0.002,-0.003,-0.002,-0.003,-0.002,-0.003,-0.002,-0.003,-0.002,-0.003,-0.002,-0.003,-0.002,-0.003,-0.002,-0.003,-0.002,-0.003,-0.002,-0.003,-0.002,-0.003,-0.002,-0.003,-0.002,-0.003,-0.002,-0.003,-0.002,-0.003,-0.002,-0.003,-0.002,-0.003,-0.002,-0.003,
-0.113,-0.005,-0.06,-0.016,-0.076,-0.021,-0.056,-0.023,-0.072,-0.024,-0.072,-0.024,-0.072,-0.024,-0.072,-0.024,-0.072,-0.024,-0.072,-0.024,-0.072,-0.024,-0.072,-0.024,-0.072,-0.024,-0.072,-0.024,-0.072,-0.024,-0.072,-0.024,-0.072,-0.024,-0.072,-0.024,-0.072,-0.024,-0.072,-0.024,-0.072,-0.024,-0.072,-0.024,-0.072,-0.024,-0.072,-0.024,-0.072,-0.024,-0.072,-0.024,-0.072,-0.024,-0.072,-0.024,-0.072,-0.024,-0.072,-0.024,-0.072,-0.024,-0.072,-0.024,-0.072,-0.024,-0.072,-0.024,-0.072,-0.024,-0.072,-0.024,-0.072,-0.024,-0.072,-0.024,-0.072,-0.024,-0.072,-0.024,-0.072,-0.024,-0.072,-0.024,-0.072,-0.024,-0.072,-0.024,-0.072,-0.024,-0.072,-0.024,-0.072,-0.024,-0.072,-0.024,-0.072,-0.024,-0.072,0.024,
0.029,-0.019,-0.063,-0.033,-0.035,-0.061,-0.045,-0.043,-0.047,-0.061,-0.035,-0.044,-0.035,-0.032,-0.04,-0.033,-0.032,-0.021,-0.037,-0.023,-0.063,-0.033,-0.034,-0.045,0.026,-0.037,-0.067,-0.007,-0.042,-0.035,-0.032,-0.039,-0.003,-0.033,-0.045,-0.034,-0.048,-0.024,-0.032,-0.014,-0.019,-0.033,-0.032,0.026,-0.037,-0.044,-0.032,-0.03,-0.032,-0.042,-0.042,-0.063,-0.028,0.008,-0.032,-0.044,-0.054,-0.031,-0.032,-0.035,-0.032,0.015,-0.066,-0.043,-0.073,-0.036,-0.036,-0.018,-0.037,-0.044,-0.035,-0.018,-0.034,-0.037,-0.064,-0.031,-0.037,-0.053,0.013,-0.041,-0.069,-0.01,-0.046,-0.063,-0.039,-0.032,0.019,-0.034,-0.045,-0.046,-0.018,-0.035,-0.032,-0.035,-0.042,-0.053,-0.036,-0.032,-0.026,0.018,
-0.021,-0.074,0.009,-0.005,0.005,-0.006,0.006,-0.006,0.006,-0.006,0.006,-0.006,0.006,-0.006,0.006,-0.006,0.006,-0.006,0.006,-0.006,0.006,-0.006,0.006,-0.006,0.006,-0.006,0.006,-0.006,0.006,-0.006,0.006,-0.006,0.006,-0.006,0.006,-0.006,0.006,-0.006,0.006,-0.006,0.006,-0.006,0.006,-0.006,0.006,-0.006,0.006,-0.006,0.006,-0.006,0.006,-0.006,0.006,-0.006,0.006,-0.006,0.006,-0.006,0.006,-0.006,0.006,-0.006,0.006,-0.006,0.006,-0.006,0.006,-0.006,0.006,-0.006,0.006,-0.006,0.006,-0.006,0.006,-0.006,0.006,-0.006,0.006,-0.006,0.006,-0.006,0.006,-0.006,0.006,-0.006,0.006,-0.006,0.006,-0.006,0.006,-0.006,0.006,-0.006,0.006,-0.006,0.006,-0.006,0.006,0.01,
0.0,-0.062,0.033,-0.058,0.036,-0.037,0.034,-0.037,0.034,-0.037,0.034,-0.037,0.034,-0.037,0.034,-0.037,0.034,-0.037,0.034,-0.037,0.034,-0.037,0.034,-0.037,0.034,-0.037,0.034,-0.037,0.034,-0.037,0.034,-0.037,0.034,-0.037,0.034,-0.037,0.034,-0.037,0.034,-0.037,0.034,-0.037,0.034,-0.037,0.034,-0.037,0.034,-0.037,0.034,-0.037,0.034,-0.037,0.034,-0.037,0.034,-0.037,0.034,-0.037,0.034,-0.037,0.034,-0.037,0.034,-0.037,0.034,-0.037,0.034,-0.037,0.034,-0.037,0.034,-0.037,0.034,-0.037,0.034,-0.037,0.034,-0.037,0.034,-0.037,0.034,-0.037,0.034,-0.037,0.034,-0.037,0.034,-0.037,0.034,-0.037,0.034,-0.037,0.034,-0.037,0.034,-0.037,0.034,-0.037,0.034,-0.075,
-0.008,-0.074,0.041,-0.058,0.047,-0.022,0.038,0.002,0.037,-0.064,0.045,-0.066,0.043,-0.066,0.047,-0.06,0.043,-0.051,0.046,-0.056,0.047,-0.006,0.033,-0.039,0.037,-0.063,0.043,-0.055,0.043,-0.051,0.046,-0.056,0.047,-0.05,0.048,-0.074,0.046,-0.114,0.042,-0.046,0.037,-0.045,0.048,-0.107,0.045,-0.08,0.043,-0.056,0.041,-0.056,0.043,-0.051,0.046,-0.033,0.047,-0.004,0.039,-0.043,-0.015,-0.052,0.041,-0.047,0.04,-0.063,0.045,-0.073,0.046,-0.048,0.048,-0.058,0.046,-0.026,0.048,-0.026,0.047,-0.026,0.04,-0.035,0.025,-0.014,0.042,-0.037,0.037,-0.045,0.039,-0.039,-0.014,-0.051,0.04,-0.02,0.024,-0.039,-0.021,-0.022,0.0,-0.021,0.0,-0.036,0.0,0.057,
0.0,0.019,0.0,-0.057,0.0,0.001,-0.052,-0.021,-0.169,0.044,-0.207,0.047,-0.168,0.035,-0.087,0.042,-0.03,0.044,-0.011,0.02,0.027,0.0,0.016,-0.014,0.032,0.0,0.016,-0.014,0.031,-0.001,0.016,-0.014,0.062,0.0,0.055,-0.018,0.027,-0.008,0.001,0.026,0.026,0.0,0.016,-0.014,0.031,-0.001,0.022,-0.073,0.036,-0.066,-0.044,-0.105,0.033,-0.009,-0.078,0.022,-0.002,-0.001,-0.078,0.022,-0.002,-0.001,0.01,-0.079,-0.023,0.036,-0.028,-0.001,0.03,-0.066,-0.044,0.024,-0.065,0.033,-0.078,-0.036,0.029,-0.015,0.023,-0.023,0.033,0.024,-0.076,0.024,-0.056,0.032,-0.002,0.0,0.006,0.05,-0.076,0.018,-0.065,-0.041,0.02,-0.029,0.036,-0.007,0.019,-0.019,
0.0,0.0,0.0,0.0,0.0,0.0,0.0,0.0,0.0,0.0,0.0,0.0,0.0,0.0,0.0,0.0,0.0,0.0,0.0,0.0,0.0,0.0,0.0,0.0,0.0,0.0,0.0,0.0,0.0,0.0,0.0,0.0,0.0,0.0,0.0,0.0,0.0,0.0,0.0,0.0,0.0,0.0,0.0,0.0,0.0,0.0,0.0,0.0,0.0,0.0,0.0,0.0,0.0,0.0,0.0,0.0,0.0,0.0,0.0,0.0,0.0,0.0,0.0,0.0,0.0,0.0,0.0,0.0,0.0,0.0,0.0,0.0,0.0,0.0,0.0,0.0,0.0,0.0,0.0,0.0,0.0,0.0,0.0,0.0,0.0,0.0,0.0,0.0,0.0,0.0,0.0,0.0,0.0,0.0,0.0,0.0,0.0,0.0,0.0,0.0,
0.0,0.0,0.0,0.0,0.0,0.0,0.0,0.0,0.0,0.0,0.0,0.0,0.0,0.0,0.0,0.0,0.0,0.0,0.0,0.0,0.0,0.0,0.0,0.0,0.0,0.0,0.0,0.0,0.0,0.0,0.0,0.0,0.0,0.0,0.0,0.0,0.0,0.0,0.0,0.0,0.0,0.0,0.0,0.0,0.0,0.0,0.0,0.0,0.0,0.0,0.0,0.0,0.0,0.0,0.0,0.0,0.0,0.0,0.0,0.0,0.0,0.0,0.0,0.0,0.0,0.0,0.0,0.0,0.0,0.0,0.0,0.0,0.0,0.0,0.0,0.0,0.0,0.0,0.0,0.0,0.0,0.0,0.0,0.0,0.0,0.0,0.0,0.0,0.0,0.0,0.0,0.0,0.0,0.0,0.0,0.0,0.0,0.0,0.0,0.0,
-0.022,-0.059,-0.024,-0.01,-0.031,0.021,-0.003,-0.003,-0.002,-0.003,-0.032,-0.043,-0.047,0.028,-0.014,-0.001,0.006,-0.001,-0.06,-0.016,-0.038,0.028,-0.011,-0.004,-0.005,0.001,-0.03,-0.021,-0.034,0.028,-0.021,0.0,-0.014,-0.003,-0.036,-0.033,-0.022,0.028,-0.002,-0.008,0.005,-0.001,-0.036,-0.033,-0.022,0.028,-0.003,0.0,-0.002,-0.004,-0.048,-0.027,-0.033,0.028,-0.016,-0.006,0.005,-0.001,-0.036,-0.033,-0.022,0.028,-0.003,0.0,-0.002,-0.004,-0.048,-0.027,-0.033,0.028,-0.016,-0.006,0.005,-0.001,-0.036,-0.033,-0.022,0.028,-0.003,0.0,-0.002,-0.004,-0.048,-0.027,-0.033,0.028,-0.016,-0.006,0.005,-0.001,-0.036,-0.033,-0.022,0.028,-0.003,0.0,-0.002,-0.004,-0.048,0.007,
-0.026,-0.116,0.032,-0.111,-0.031,-0.07,-0.121,-0.071,-0.113,-0.054,-0.058,-0.096,-0.091,-0.103,-0.063,-0.116,-0.033,-0.116,-0.033,-0.116,-0.033,-0.116,-0.033,-0.116,-0.033,-0.116,-0.029,0.016,-0.059,-0.079,-0.034,-0.097,-0.046,-0.103,-0.063,-0.116,-0.033,-0.116,-0.033,-0.117,-0.033,-0.116,-0.033,-0.116,-0.033,-0.116,-0.033,-0.116,-0.029,0.016,-0.059,-0.079,-0.034,-0.097,-0.046,-0.103,-0.063,-0.116,-0.033,-0.116,-0.033,-0.116,-0.033,-0.116,-0.033,-0.116,-0.033,-0.116,-0.033,-0.116,-0.033,-0.116,-0.029,0.016,-0.059,-0.079,-0.034,-0.095,-0.09,-0.103,-0.063,-0.116,-0.033,-0.116,-0.033,-0.116,-0.033,-0.116,-0.033,-0.116,-0.033,-0.116,-0.029,0.016,-0.059,-0.079,-0.034,-0.094,-0.089,0.02,
-0.143,-0.109,-0.14,-0.138,-0.14,-0.125,-0.138,-0.125,-0.139,-0.125,-0.138,-0.125,-0.138,-0.125,-0.138,-0.125,-0.138,-0.125,-0.138,-0.125,-0.138,-0.125,-0.138,-0.125,-0.138,-0.125,-0.138,-0.125,-0.138,-0.125,-0.138,-0.125,-0.138,-0.125,-0.138,-0.125,-0.138,-0.125,-0.138,-0.125,-0.138,-0.125,-0.138,-0.125,-0.138,-0.125,-0.138,-0.125,-0.138,-0.125,-0.138,-0.125,-0.138,-0.125,-0.138,-0.125,-0.138,-0.125,-0.138,-0.125,-0.138,-0.125,-0.138,-0.125,-0.138,-0.125,-0.138,-0.125,-0.138,-0.125,-0.138,-0.125,-0.138,-0.125,-0.138,-0.125,-0.138,-0.125,-0.138,-0.125,-0.138,-0.125,-0.138,-0.125,-0.138,-0.125,-0.138,-0.125,-0.138,-0.125,-0.138,-0.125,-0.138,-0.125,-0.138,-0.125,-0.138,-0.125,-0.138,0.0,
0.0,-0.009,-0.002,-0.009,-0.002,-0.009,-0.002,-0.009,-0.002,-0.009,-0.002,-0.009,-0.002,-0.009,-0.002,-0.009,-0.002,-0.009,-0.002,-0.009,-0.002,-0.009,-0.002,-0.009,-0.002,-0.009,-0.002,-0.009,-0.002,-0.009,-0.002,-0.009,-0.002,-0.009,-0.002,-0.009,-0.002,-0.009,-0.002,-0.009,-0.002,-0.009,-0.002,-0.009,-0.002,-0.009,-0.002,-0.009,-0.002,-0.009,-0.002,-0.009,-0.002,-0.009,-0.002,-0.009,-0.002,-0.009,-0.002,-0.009,-0.002,-0.009,-0.002,-0.009,-0.002,-0.009,-0.002,-0.009,-0.002,-0.009,-0.002,-0.009,-0.002,-0.009,-0.002,-0.009,-0.002,-0.009,-0.002,-0.009,-0.002,-0.009,-0.002,-0.009,-0.002,-0.009,-0.002,-0.009,-0.002,-0.009,-0.002,-0.009,-0.002,-0.009,-0.002,-0.009,-0.002,-0.009,-0.002,0.0,
-0.034,-0.011,-0.004,0.01,-0.016,-0.018,-0.014,0.008,-0.012,-0.019,-0.015,0.008,-0.012,-0.019,-0.015,0.008,-0.012,-0.019,-0.015,0.008,-0.012,-0.019,-0.015,0.008,-0.012,-0.019,-0.015,0.008,-0.012,-0.019,-0.015,0.008,-0.012,-0.019,-0.015,0.008,-0.012,-0.019,-0.015,0.008,-0.012,-0.019,-0.015,0.008,-0.012,-0.019,-0.015,0.008,-0.012,-0.019,-0.015,0.008,-0.012,-0.019,-0.015,0.008,-0.012,-0.015,-0.011,0.008,-0.012,-0.019,-0.015,0.008,-0.012,-0.019,-0.015,0.008,-0.012,-0.019,-0.015,0.008,-0.012,-0.019,-0.015,0.008,-0.012,-0.019,-0.015,0.008,-0.012,-0.019,-0.015,0.008,-0.012,-0.019,-0.015,0.008,-0.012,-0.019,-0.015,0.008,-0.012,-0.019,-0.015,0.008,-0.012,-0.015,-0.011,-0.01,
0.0,0.0,0.0,0.0,0.0,0.0,0.0,0.0,0.0,0.0,0.0,0.0,0.0,0.0,0.0,0.0,0.0,0.0,0.0,0.0,0.0,0.0,0.0,0.0,0.0,0.0,0.0,0.0,0.0,0.0,0.0,0.0,0.0,0.0,0.0,0.0,0.0,0.0,0.0,0.0,0.0,0.0,0.0,0.0,0.0,0.0,0.0,0.0,0.0,0.0,0.0,0.0,0.0,0.0,0.0,0.0,0.0,0.0,0.0,0.0,0.0,0.0,0.0,0.0,0.0,0.0,0.0,0.0,0.0,0.0,0.0,0.0,0.0,0.0,0.0,0.0,0.0,0.0,0.0,0.0,0.0,0.0,0.0,0.0,0.0,0.0,0.0,0.0,0.0,0.0,0.0,0.0,0.0,0.0,0.0,0.0,0.0,0.0,0.0,0.0,
-0.098,-0.061,-0.071,-0.052,-0.079,-0.061,-0.063,-0.069,-0.07,-0.079,0.044,-0.068,-0.084,-0.079,-0.085,-0.079,-0.053,-0.067,-0.084,-0.079,-0.085,-0.064,-0.057,-0.054,-0.057,-0.068,-0.056,-0.068,-0.056,-0.068,-0.056,-0.068,-0.056,-0.068,-0.056,-0.068,-0.056,-0.068,-0.056,-0.068,-0.056,-0.068,-0.056,-0.068,-0.056,-0.068,-0.056,-0.068,-0.056,-0.068,-0.056,-0.068,-0.056,-0.068,-0.056,-0.068,-0.056,-0.068,-0.056,-0.068,-0.056,-0.068,-0.056,-0.068,-0.056,-0.068,-0.056,-0.068,-0.056,-0.068,-0.056,-0.068,-0.056,-0.068,-0.056,-0.068,-0.056,-0.068,-0.056,-0.068,-0.056,-0.068,-0.063,-0.066,-0.057,-0.068,-0.063,-0.066,-0.057,-0.068,-0.063,-0.066,-0.057,-0.068,-0.056,-0.068,-0.056,-0.068,-0.063,0.021,
0.0,0.0,-0.014,0.0,-0.008,0.0,-0.008,-0.009,-0.008,-0.01,-0.008,-0.01,-0.008,-0.01,-0.008,-0.01,-0.008,-0.01,-0.008,-0.01,-0.008,-0.01,-0.008,-0.01,-0.008,-0.01,-0.008,-0.01,-0.008,-0.01,-0.008,-0.01,-0.008,-0.01,-0.008,-0.01,-0.008,-0.01,-0.008,-0.01,-0.008,-0.01,-0.008,-0.01,-0.008,-0.01,-0.008,-0.01,-0.008,-0.01,-0.008,-0.01,-0.008,-0.01,-0.008,-0.01,-0.008,-0.01,-0.008,-0.01,-0.008,-0.01,-0.008,-0.01,-0.008,-0.01,-0.008,-0.01,-0.008,-0.01,-0.008,-0.01,-0.008,-0.01,-0.008,-0.01,-0.008,-0.01,-0.008,-0.01,-0.008,-0.01,-0.008,-0.01,-0.008,-0.01,-0.008,-0.01,-0.008,-0.01,-0.008,-0.01,-0.008,-0.01,-0.008,-0.01,-0.008,-0.01,-0.008,-0.004,
0.0,0.0,0.0,0.0,0.0,0.0,0.0,0.0,0.0,0.0,0.0,0.0,0.0,0.0,0.0,0.0,0.0,0.0,0.0,0.0,0.0,0.0,0.0,0.0,0.0,0.0,0.0,0.0,0.0,0.0,0.0,0.0,0.0,0.0,0.0,0.0,0.0,0.0,0.0,0.0,0.0,0.0,0.0,0.0,0.0,0.0,0.0,0.0,0.0,0.0,0.0,0.0,0.0,0.0,0.0,0.0,0.0,0.0,0.0,0.0,0.0,0.0,0.0,0.0,0.0,0.0,0.0,0.0,0.0,0.0,0.0,0.0,0.0,0.0,0.0,0.0,0.0,0.0,0.0,0.0,0.0,0.0,0.0,0.0,0.0,0.0,0.0,0.0,0.0,0.0,0.0,0.0,0.0,0.0,0.0,0.0,0.0,0.0,0.0,0.0,
-0.05,-0.027,0.01,-0.032,-0.029,0.013,-0.032,-0.008,-0.027,-0.017,-0.019,-0.001,-0.036,0.005,-0.036,-0.001,-0.022,-0.023,-0.025,-0.011,-0.035,-0.01,-0.017,-0.017,-0.025,-0.016,-0.026,-0.008,-0.039,-0.011,-0.028,-0.011,-0.026,-0.015,-0.008,-0.01,-0.028,-0.011,-0.024,-0.02,-0.029,-0.006,-0.032,0.0,-0.033,0.0,-0.03,-0.001,-0.026,0.0,-0.018,0.006,-0.031,-0.016,-0.02,-0.005,-0.027,-0.016,-0.027,-0.002,-0.036,0.005,-0.048,0.005,-0.032,0.0,-0.033,0.0,-0.03,-0.001,-0.026,0.0,-0.018,0.006,-0.031,-0.016,-0.02,-0.005,-0.027,-0.016,-0.027,-0.002,-0.036,0.005,-0.048,0.005,-0.032,0.0,-0.033,0.0,-0.03,-0.001,-0.026,0.0,-0.018,0.006,-0.031,-0.016,-0.02,-0.007,
0.0,0.0,-0.014,0.0,0.0,-0.02,0.0,-0.019,0.0,-0.016,0.0,-0.02,0.0,-0.016,0.0,-0.009,0.0,-0.019,0.0,-0.016,0.0,-0.019,0.0,-0.016,0.0,-0.019,0.0,-0.016,0.0,-0.019,0.0,-0.016,0.0,-0.019,0.0,-0.016,0.0,-0.019,0.0,-0.016,0.0,-0.019,0.0,-0.016,0.0,-0.019,0.0,-0.016,0.0,-0.019,0.0,-0.016,0.0,-0.019,0.0,-0.016,0.0,-0.019,0.0,-0.016,0.0,-0.019,0.0,-0.016,0.0,-0.019,0.0,-0.016,0.0,-0.019,0.0,-0.016,0.0,-0.019,0.0,-0.016,0.0,-0.019,0.0,-0.016,0.0,-0.019,0.0,-0.016,0.0,-0.019,0.0,-0.016,0.0,-0.019,0.0,-0.016,0.0,-0.019,0.0,-0.016,0.0,-0.019,0.0,-0.016,
0.0,-0.01,-0.076,-0.007,-0.077,-0.02,-0.104,-0.021,-0.03,0.0,0.0,0.0,-0.007,0.0,0.0,0.001,0.0,0.0,0.0,0.0,0.0,0.0,0.0,0.0,0.0,0.0,0.0,0.0,-0.007,0.0,0.0,0.0,0.0,0.0,0.0,0.0,0.0,0.0,0.0,0.0,0.0,0.0,0.0,0.0,-0.002,-0.001,0.0,0.0,0.0,0.0,0.003,0.0,-0.044,-0.016,-0.11,-0.016,-0.041,-0.003,-0.043,0.0,-0.009,0.0,0.0,0.001,0.0,0.0,0.0,0.0,0.0,0.0,0.0,0.0,0.0,0.0,0.0,0.0,-0.007,0.0,0.0,0.0,0.0,0.0,0.003,0.0,-0.044,-0.016,-0.11,-0.002,0.001,0.0,0.0,0.0,-0.007,0.0,0.0,0.001,0.0,0.0,0.003,0.0,
-0.021,-0.059,-0.003,-0.06,0.0,-0.074,0.0,-0.023,-0.005,-0.013,-0.028,-0.01,-0.043,-0.033,-0.029,-0.036,-0.025,-0.01,-0.027,-0.036,-0.025,-0.01,-0.027,-0.036,-0.025,-0.01,-0.027,-0.036,-0.025,-0.01,-0.027,-0.036,-0.025,-0.01,-0.027,-0.036,-0.025,-0.01,-0.027,-0.036,-0.025,-0.01,-0.027,-0.036,-0.025,-0.01,-0.027,-0.036,-0.025,-0.01,-0.027,-0.036,-0.025,-0.01,-0.027,-0.036,-0.025,-0.01,-0.027,-0.036,-0.025,-0.01,-0.027,-0.036,-0.025,-0.01,-0.027,-0.036,-0.025,-0.01,-0.027,-0.036,-0.025,-0.01,-0.027,-0.036,-0.025,-0.01,-0.027,-0.036,-0.025,-0.01,-0.027,-0.036,-0.025,-0.01,-0.027,-0.036,-0.025,-0.01,-0.027,-0.036,-0.025,-0.01,-0.027,-0.036,-0.025,-0.01,-0.027,-0.023,
-0.017,0.043,0.03,-0.005,0.0,-0.005,0.0,0.007,0.0,0.008,0.0,0.008,0.0,0.008,0.0,0.008,0.0,0.008,0.0,0.008,0.0,0.008,0.0,0.008,0.0,0.008,0.0,0.008,0.0,0.008,0.0,0.008,0.0,0.008,0.0,0.008,0.0,0.008,0.0,0.008,0.0,0.008,0.0,0.008,0.0,0.008,0.0,0.008,0.0,0.008,0.0,0.008,0.0,0.008,0.0,0.008,0.0,0.008,0.0,0.008,0.0,0.008,0.0,0.008,0.0,0.008,0.0,0.008,0.0,0.008,0.0,0.008,0.0,0.008,0.0,0.008,0.0,0.008,0.0,0.008,0.0,0.008,0.0,0.008,0.0,0.008,0.0,0.008,0.0,0.008,0.0,0.008,0.0,0.008,0.0,0.008,0.0,0.008,0.0,-0.038,
0.0,0.0,0.0,-0.138,0.057,-0.117,0.059,0.0,-0.161,0.128,-0.007,0.0,-0.137,0.059,-0.116,0.099,0.0,0.0,-0.148,0.057,-0.117,0.059,0.0,-0.161,0.069,-0.142,0.057,0.0,-0.161,0.128,-0.007,0.0,-0.137,0.059,-0.116,0.056,0.0,-0.161,0.111,-0.145,0.057,0.0,-0.138,0.102,-0.159,0.057,0.0,-0.165,0.115,-0.155,0.057,-0.006,-0.148,0.059,-0.142,0.102,0.0,0.0,-0.148,0.057,-0.117,0.059,0.0,-0.161,0.115,-0.145,0.102,0.0,0.0,-0.148,0.057,-0.117,0.059,0.0,-0.161,0.111,-0.145,0.057,0.0,-0.138,0.059,-0.142,0.059,0.0,-0.161,0.111,-0.145,0.102,0.0,0.0,-0.148,0.057,-0.117,0.059,0.0,-0.161,0.128,-0.007,0.0,-0.082,
0.0,-0.063,-0.018,-0.022,-0.029,-0.029,-0.029,-0.026,-0.029,-0.026,-0.029,-0.026,-0.014,-0.023,-0.029,-0.026,-0.014,-0.023,-0.029,-0.026,-0.014,-0.023,-0.029,-0.026,-0.014,-0.023,-0.029,-0.026,-0.014,-0.023,-0.029,-0.026,-0.014,-0.023,-0.029,-0.026,-0.014,-0.023,-0.029,-0.026,-0.014,-0.023,-0.029,-0.026,-0.014,-0.023,-0.029,-0.026,-0.014,-0.023,-0.029,-0.026,-0.014,-0.023,-0.029,-0.026,-0.014,-0.023,-0.029,-0.026,-0.014,-0.023,-0.029,-0.026,-0.014,-0.023,-0.029,-0.026,-0.014,-0.023,-0.029,-0.026,-0.014,-0.023,-0.029,-0.026,-0.014,-0.023,-0.029,-0.026,-0.014,-0.023,-0.029,-0.026,-0.014,-0.023,-0.029,-0.026,-0.014,-0.023,-0.029,-0.026,-0.014,-0.023,-0.029,-0.026,-0.014,-0.023,-0.029,0.011,
-0.058,0.039,-0.07,0.007,-0.019,0.002,-0.024,0.006,-0.024,0.006,-0.024,0.006,-0.024,0.006,-0.024,0.006,-0.024,0.026,-0.012,-0.005,-0.02,-0.004,-0.016,-0.004,-0.016,-0.004,-0.016,-0.004,-0.016,-0.004,-0.016,-0.004,-0.016,-0.004,-0.016,-0.004,-0.016,-0.004,-0.016,-0.004,-0.016,-0.004,-0.016,-0.004,-0.016,-0.004,-0.016,-0.004,-0.016,-0.004,-0.016,-0.004,-0.016,-0.004,-0.016,-0.004,-0.016,-0.004,-0.016,-0.004,-0.016,-0.004,-0.016,-0.004,-0.016,-0.004,-0.016,-0.004,-0.016,-0.004,-0.016,-0.004,-0.016,-0.004,-0.016,-0.004,-0.016,-0.004,-0.016,-0.004,-0.016,-0.004,-0.016,-0.004,-0.016,-0.004,-0.016,-0.004,-0.016,-0.004,-0.016,-0.004,-0.016,-0.004,-0.016,-0.004,-0.016,-0.004,-0.016,0.054,
-0.08,-0.024,-0.017,0.0,-0.019,0.0,-0.019,0.0,-0.023,0.0,-0.033,0.0,-0.038,0.0,-0.039,0.0,-0.037,0.0,-0.032,0.0,-0.035,0.0,-0.027,0.0,-0.035,0.0,-0.035,0.0,-0.035,0.0,-0.035,0.0,-0.035,0.0,-0.035,0.0,-0.035,0.0,-0.023,0.0,-0.035,0.0,-0.023,0.0,-0.035,0.0,-0.035,0.0,-0.023,0.0,-0.035,0.0,-0.023,0.0,-0.035,0.0,-0.023,0.0,-0.035,0.0,-0.023,0.0,-0.035,0.0,-0.028,0.0,-0.027,0.0,-0.027,0.0,-0.028,0.0,-0.027,0.0,-0.028,0.0,-0.027,0.0,-0.028,0.0,-0.025,0.0,-0.025,0.0,-0.025,0.0,-0.035,0.0,-0.036,0.0,-0.023,0.0,-0.033,-0.013,-0.004,0.0,-0.023,0.0,-0.033,-0.027,
0.0,-0.008,0.0,-0.007,0.0,-0.007,0.0,-0.007,0.0,-0.007,0.0,-0.007,0.0,-0.007,0.0,-0.007,0.0,-0.007,0.0,-0.007,0.0,-0.007,0.0,-0.007,0.0,-0.007,0.0,-0.007,0.0,-0.007,0.0,-0.007,0.0,-0.007,0.0,-0.007,0.0,-0.007,0.0,-0.007,0.0,-0.007,0.0,-0.007,0.0,-0.007,0.0,-0.007,0.0,-0.007,0.0,-0.007,0.0,-0.007,0.0,-0.007,0.0,-0.007,0.0,-0.007,0.0,-0.007,0.0,-0.007,0.0,-0.007,0.0,-0.007,0.0,-0.007,0.0,-0.007,0.0,-0.007,0.0,-0.007,0.0,-0.007,0.0,-0.007,0.0,-0.007,0.0,-0.007,0.0,-0.007,0.0,-0.007,0.0,-0.007,0.0,-0.007,0.0,-0.007,0.0,-0.007,0.0,-0.007,0.0,-0.007,
0.0,0.0,-0.008,0.0,-0.023,0.0,-0.008,0.0,-0.023,0.0,-0.008,0.0,-0.023,0.0,-0.008,0.0,-0.023,0.0,-0.008,0.0,-0.023,0.0,-0.008,0.0,-0.023,0.0,-0.008,0.0,-0.023,0.0,-0.008,0.0,-0.023,0.0,-0.008,0.0,-0.023,0.0,-0.008,0.0,-0.023,0.0,-0.008,0.0,-0.019,0.0,-0.091,0.0,-0.009,0.0,0.0,-0.001,-0.016,0.0,0.0,-0.002,-0.016,0.0,0.0,-0.01,-0.009,-0.002,0.0,-0.083,-0.004,-0.016,-0.004,0.0,0.0,0.0,0.0,0.0,0.0,0.0,0.0,0.0,0.0,0.0,0.0,0.0,0.0,0.0,0.0,0.0,0.0,0.0,0.0,0.0,0.0,0.0,0.0,0.0,0.0,0.0,0.0,0.0,0.0,0.0,0.0,0.0,
-0.054,0.023,-0.034,-0.026,0.008,0.059,-0.007,0.045,-0.006,0.001,-0.135,0.05,0.0,0.021,-0.01,-0.087,-0.008,0.059,0.038,0.007,0.116,-0.034,0.0,0.03,-0.008,0.054,0.0,0.039,0.035,-0.061,0.0,0.037,0.079,-0.027,0.0,0.04,-0.031,0.037,0.0,0.067,-0.009,0.056,0.0,0.071,0.077,-0.026,-0.002,0.03,0.077,-0.076,-0.019,0.028,0.04,-0.004,0.0,0.025,0.132,-0.129,0.098,-0.075,0.103,-0.175,-0.099,0.045,-0.025,0.0,0.0,0.037,0.077,-0.027,0.0,0.04,-0.031,0.037,0.0,0.067,-0.011,0.056,0.0,0.069,-0.01,0.044,0.0,0.035,0.003,0.056,0.0,0.038,0.079,-0.086,-0.156,0.062,0.036,-0.065,0.116,-0.068,0.018,-0.108,0.048,0.061,
-0.093,-0.09,-0.102,-0.095,-0.101,-0.094,-0.125,-0.048,-0.118,-0.092,-0.095,-0.097,-0.125,-0.048,-0.118,-0.092,-0.099,-0.097,-0.125,-0.048,-0.118,-0.092,-0.095,-0.097,-0.125,-0.048,-0.118,-0.092,-0.099,-0.097,-0.125,-0.048,-0.118,-0.092,-0.099,-0.097,-0.125,-0.048,-0.118,-0.092,-0.099,-0.097,-0.125,-0.048,-0.118,-0.092,-0.099,-0.097,-0.125,-0.048,-0.118,-0.092,-0.099,-0.097,-0.125,-0.048,-0.118,-0.092,-0.099,-0.097,-0.125,-0.048,-0.118,-0.092,-0.099,-0.097,-0.125,-0.048,-0.118,-0.092,-0.099,-0.097,-0.125,-0.048,-0.118,-0.092,-0.099,-0.097,-0.125,-0.048,-0.118,-0.092,-0.099,-0.097,-0.125,-0.048,-0.118,-0.092,-0.099,-0.097,-0.117,-0.048,-0.118,-0.092,-0.099,-0.097,-0.125,-0.048,-0.118,0.005,
-0.119,-0.025,-0.025,0.036,0.011,-0.005,-0.028,0.011,-0.016,-0.036,0.002,-0.019,-0.076,-0.029,-0.02,0.012,-0.074,-0.005,-0.052,-0.001,-0.006,0.002,0.008,-0.098,0.01,-0.036,-0.045,0.006,-0.006,0.02,0.008,-0.067,-0.014,-0.08,-0.023,0.001,-0.031,-0.014,-0.006,0.005,-0.001,-0.032,-0.018,0.0,-0.04,0.012,-0.015,0.007,-0.019,-0.004,0.021,0.001,-0.005,-0.013,-0.084,-0.027,-0.018,0.012,-0.074,-0.005,-0.052,-0.001,-0.006,0.002,0.008,-0.098,0.01,-0.036,-0.045,0.006,-0.006,0.02,0.008,-0.067,-0.014,-0.08,-0.023,0.001,-0.031,-0.014,-0.006,0.005,-0.001,-0.032,-0.018,0.0,-0.04,0.012,-0.015,0.007,-0.019,-0.004,0.021,0.001,-0.005,-0.013,-0.084,-0.027,-0.018,0.0,
0.0,-0.125,0.043,-0.068,0.0,-0.037,0.0,-0.069,0.0,-0.094,-0.17,-0.094,0.006,0.0,0.0,0.0,0.032,0.0,-0.065,0.0,-0.097,-0.167,-0.22,-0.115,0.0,-0.171,-0.215,-0.078,0.0,-0.036,0.0,-0.094,0.0,-0.094,0.0,-0.094,0.0,-0.036,0.0,-0.076,0.0,-0.093,0.0,-0.036,0.0,-0.076,0.037,0.0,-0.101,-0.084,0.0,-0.036,0.0,-0.063,0.0,-0.111,-0.001,-0.076,0.038,-0.027,0.037,0.0,0.036,0.0,0.032,0.0,0.042,0.034,0.036,0.036,0.036,0.036,0.0,-0.114,0.0,-0.094,0.0,-0.094,0.0,-0.094,0.0,-0.094,0.0,-0.094,0.0,-0.094,0.0,-0.094,0.0,-0.094,0.0,-0.036,0.0,-0.063,-0.075,-0.168,-0.097,0.01,0.0,-0.093,
0.0,-0.039,0.0,0.0,0.0,-0.022,0.0,0.0,0.0,0.0,0.0,0.0,0.0,0.0,0.0,0.0,0.0,0.0,0.0,0.0,0.0,0.0,0.0,0.0,0.0,0.0,0.0,0.0,0.0,0.0,0.0,0.0,0.0,0.0,0.0,0.0,0.0,0.0,0.0,0.0,0.0,0.0,0.0,0.0,0.0,0.0,0.0,0.0,0.0,0.0,0.0,0.0,0.0,0.0,0.0,0.0,0.0,0.0,0.0,0.0,0.0,0.0,0.0,0.0,0.0,0.0,0.0,0.0,0.0,0.0,0.0,0.0,0.0,0.0,0.0,0.0,0.0,0.0,0.0,0.0,0.0,0.0,0.0,0.0,0.0,0.0,0.0,0.0,0.0,0.0,0.0,0.0,0.0,0.0,0.0,0.0,0.0,0.0,0.0,0.0,
0.0,0.015,0.0,-0.001,-0.043,0.017,0.028,-0.005,0.0,0.026,0.021,0.0,0.0,0.0,0.0,0.0,0.0,0.0,0.0,0.0,0.0,0.0,0.0,0.0,0.0,0.0,0.0,0.0,0.0,0.0,0.0,0.0,0.0,0.0,0.0,0.0,0.0,0.0,0.0,0.0,0.0,0.0,0.0,0.0,0.0,0.0,0.0,0.0,0.0,0.0,0.0,0.0,0.0,0.0,0.0,0.0,0.0,0.0,0.0,0.0,0.0,0.0,0.0,0.0,0.0,0.0,0.0,0.0,0.0,0.0,0.0,0.0,0.0,0.0,0.0,0.0,0.0,0.0,0.0,0.0,0.0,0.0,0.0,0.0,0.0,0.0,0.0,0.0,0.0,0.0,0.0,0.0,0.0,0.0,0.0,0.0,0.0,0.0,0.0,0.0,
-0.012,-0.012,-0.028,0.0,-0.005,-0.016,-0.016,-0.029,-0.018,0.032,-0.027,0.029,0.037,-0.01,-0.005,0.031,-0.028,-0.008,0.038,-0.012,0.003,0.021,-0.05,-0.011,-0.016,-0.011,-0.005,0.031,-0.028,-0.008,0.038,-0.012,0.003,0.021,-0.05,-0.011,-0.016,-0.011,-0.005,0.031,-0.028,-0.008,0.038,-0.012,0.003,0.021,-0.05,-0.011,-0.016,-0.011,-0.005,0.031,-0.028,-0.008,0.038,-0.012,0.003,0.021,-0.05,-0.011,-0.016,-0.011,-0.005,0.031,-0.028,-0.008,0.038,-0.012,0.003,0.021,-0.05,-0.011,-0.016,-0.011,-0.005,0.031,-0.028,-0.008,0.038,-0.012,0.003,0.021,-0.05,-0.011,-0.016,-0.011,-0.005,0.031,-0.028,-0.008,0.038,-0.012,0.003,0.021,-0.05,-0.011,-0.016,-0.011,-0.01,0.001,
-0.035,-0.051,-0.021,-0.109,-0.052,-0.047,0.017,-0.031,-0.041,-0.053,-0.052,-0.049,-0.05,-0.023,-0.043,-0.035,-0.049,-0.021,-0.017,-0.047,-0.055,-0.048,-0.023,-0.016,-0.036,-0.019,-0.053,-0.034,-0.048,-0.052,-0.051,-0.025,-0.054,-0.048,-0.023,-0.016,-0.036,-0.019,-0.053,-0.034,-0.048,-0.052,-0.051,-0.025,-0.054,-0.048,-0.023,-0.045,-0.056,-0.047,-0.055,-0.047,-0.055,-0.047,-0.055,-0.047,-0.055,-0.047,-0.055,-0.047,-0.055,-0.047,-0.055,-0.047,-0.055,-0.047,-0.056,-0.012,-0.049,-0.052,-0.012,-0.047,-0.017,-0.046,-0.006,-0.046,-0.053,-0.046,-0.006,-0.046,-0.018,-0.046,-0.006,-0.046,-0.018,-0.046,-0.006,-0.046,-0.018,-0.046,-0.006,-0.046,-0.018,-0.046,-0.006,-0.046,-0.018,-0.046,-0.006,0.0,
-0.061,-0.005,-0.099,-0.093,-0.088,-0.093,-0.088,-0.093,-0.088,-0.093,-0.088,-0.093,-0.088,-0.093,-0.088,-0.093,-0.088,-0.093,-0.088,-0.093,-0.088,-0.093,-0.088,-0.093,-0.088,-0.093,-0.088,-0.093,-0.088,-0.093,-0.088,-0.093,-0.088,-0.093,-0.088,-0.093,-0.088,-0.093,-0.088,-0.093,-0.088,-0.093,-0.088,-0.093,-0.088,-0.093,-0.088,-0.093,-0.088,-0.093,-0.088,-0.093,-0.088,-0.093,-0.088,-0.093,-0.088,-0.093,-0.088,-0.093,-0.088,-0.093,-0.088,-0.093,-0.088,-0.093,-0.088,-0.093,-0.088,-0.093,-0.088,-0.093,-0.088,-0.093,-0.088,-0.093,-0.088,-0.093,-0.088,-0.093,-0.088,-0.093,-0.088,-0.093,-0.088,-0.093,-0.088,-0.093,-0.088,-0.093,-0.088,-0.093,-0.088,-0.093,-0.088,-0.093,-0.088,-0.093,-0.088,0.026,
0.001,0.018,0.015,-0.031,-0.039,0.004,0.007,0.003,-0.001,0.004,0.007,0.003,-0.001,0.004,0.007,0.003,-0.001,0.004,0.007,0.003,-0.001,0.004,0.007,0.003,-0.001,0.004,0.007,0.003,-0.001,0.004,0.007,0.003,-0.001,0.004,0.007,0.003,-0.001,0.004,0.007,0.003,-0.001,0.004,0.007,0.003,-0.001,0.004,0.007,0.003,-0.001,0.004,0.007,0.003,-0.001,0.004,0.007,0.003,-0.001,0.004,0.007,0.003,-0.001,0.004,0.007,0.003,-0.001,0.004,0.007,0.003,-0.001,0.004,0.007,0.003,-0.001,0.004,0.007,0.003,-0.001,0.004,0.007,0.003,-0.001,0.004,0.007,0.003,-0.001,0.004,0.007,0.003,-0.001,0.004,0.007,0.003,-0.001,0.004,0.007,0.003,-0.001,0.004,0.007,0.0,
-0.071,-0.055,-0.063,-0.055,0.0,0.0,-0.081,0.0,-0.081,0.0,-0.081,0.0,-0.081,0.0,-0.081,0.0,-0.081,0.0,-0.081,0.0,-0.081,0.0,-0.081,0.0,-0.081,0.0,-0.071,0.0,-0.081,0.0,-0.081,0.0,-0.081,0.0,-0.081,0.0,-0.081,0.0,-0.081,0.0,-0.081,0.0,-0.081,0.0,-0.081,0.0,-0.081,0.0,-0.081,0.0,-0.081,0.0,-0.081,0.0,-0.081,0.0,-0.081,0.0,-0.081,0.0,-0.081,0.0,-0.081,0.0,-0.081,0.0,-0.081,0.0,-0.081,0.0,-0.081,0.0,-0.081,0.0,-0.081,0.0,-0.081,0.0,-0.081,0.0,-0.081,0.0,-0.081,0.0,-0.081,0.0,-0.081,0.0,-0.081,0.0,-0.081,0.0,-0.081,0.0,-0.081,0.0,-0.081,0.0,-0.081,0.0,
0.0,0.0,0.0,0.0,0.0,0.0,0.0,0.0,0.0,0.0,0.0,0.0,0.0,0.0,0.0,0.0,0.0,0.0,0.0,0.0,0.0,0.0,0.0,0.0,0.0,0.0,0.0,0.0,0.0,0.0,0.0,0.0,0.0,0.0,0.0,0.0,0.0,0.0,0.0,0.0,0.0,0.0,0.0,0.0,0.0,0.0,0.0,0.0,0.0,0.0,0.0,0.0,0.0,0.0,0.0,0.0,0.0,0.0,0.0,0.0,0.0,0.0,0.0,0.0,0.0,0.0,0.0,0.0,0.0,0.0,0.0,0.0,0.0,0.0,0.0,0.0,0.0,0.0,0.0,0.0,0.0,0.0,0.0,0.0,0.0,0.0,0.0,0.0,0.0,0.0,0.0,0.0,0.0,0.0,0.0,0.0,0.0,0.0,0.0,0.0,
0.0,0.0,0.0,0.0,0.0,0.0,0.0,0.0,0.0,0.0,0.0,0.0,0.0,0.0,0.0,0.0,0.0,0.0,0.0,0.0,0.0,0.0,0.0,0.0,0.0,0.0,0.0,0.0,0.0,0.0,0.0,0.0,0.0,0.0,0.0,0.0,0.0,0.0,0.0,0.0,0.0,0.0,0.0,0.0,0.0,0.0,0.0,0.0,0.0,0.0,0.0,0.0,0.0,0.0,0.0,0.0,0.0,0.0,0.0,0.0,0.0,0.0,0.0,0.0,0.0,0.0,0.0,0.0,0.0,0.0,0.0,0.0,0.0,0.0,0.0,0.0,0.0,0.0,0.0,0.0,0.0,0.0,0.0,0.0,0.0,0.0,0.0,0.0,0.0,0.0,0.0,0.0,0.0,0.0,0.0,0.0,0.0,0.0,0.0,0.0,
-0.029,0.059,0.021,0.066,-0.012,0.06,-0.009,0.06,-0.001,0.0,-0.016,0.066,-0.001,0.0,-0.001,0.0,0.0,0.066,-0.001,0.066,-0.012,0.06,-0.009,0.06,0.015,0.065,-0.011,0.065,-0.008,0.066,0.05,0.066,0.05,0.066,0.05,-0.022,-0.018,0.054,-0.001,0.0,0.05,0.066,-0.012,0.065,-0.006,0.066,-0.007,0.066,-0.001,0.0,0.0,0.066,-0.013,0.066,0.031,0.065,-0.009,0.06,0.05,0.066,0.05,0.063,0.0,0.063,-0.013,0.066,-0.001,0.066,-0.004,0.066,-0.001,0.0,-0.001,0.066,-0.001,0.0,0.05,0.066,-0.012,0.06,-0.009,0.066,0.031,0.066,-0.009,0.06,-0.001,0.066,-0.004,0.065,0.015,0.065,0.015,0.066,0.05,-0.022,-0.005,0.063,-0.011,0.06,
0.0,-0.127,-0.139,-0.087,-0.16,-0.11,-0.152,-0.11,-0.151,-0.11,-0.151,-0.11,-0.151,-0.11,-0.151,-0.11,-0.151,-0.11,-0.151,-0.11,-0.151,-0.11,-0.151,-0.11,-0.151,-0.11,-0.151,-0.11,-0.151,-0.11,-0.151,-0.11,-0.151,-0.11,-0.151,-0.11,-0.151,-0.11,-0.151,-0.11,-0.151,-0.11,-0.151,-0.11,-0.151,-0.11,-0.151,-0.11,-0.151,-0.11,-0.151,-0.11,-0.151,-0.11,-0.151,-0.11,-0.151,-0.11,-0.151,-0.11,-0.151,-0.11,-0.151,-0.11,-0.151,-0.11,-0.151,-0.11,-0.151,-0.11,-0.151,-0.11,-0.151,-0.11,-0.151,-0.11,-0.151,-0.11,-0.151,-0.11,-0.151,-0.11,-0.151,-0.11,-0.151,-0.11,-0.151,-0.11,-0.151,-0.11,-0.151,-0.11,-0.151,-0.11,-0.151,-0.11,-0.151,-0.11,-0.151,0.023,
0.0,-0.016,0.0,0.0,-0.073,0.001,-0.073,0.001,-0.073,0.001,-0.073,0.001,-0.073,0.001,-0.073,0.0,-0.005,0.0,0.0,0.001,-0.013,0.003,0.0,0.0,-0.073,0.001,-0.073,0.003,-0.073,0.001,-0.073,0.001,-0.073,0.0,-0.073,0.016,-0.073,0.001,-0.073,0.003,-0.073,0.016,-0.073,0.017,-0.073,0.016,-0.073,0.0,-0.006,-0.001,0.0,0.0,0.0,0.001,0.0,0.0,0.0,0.0,-0.005,-0.004,-0.003,0.001,-0.003,0.0,-0.005,-0.004,-0.009,0.003,0.0,0.001,-0.073,0.001,-0.073,0.001,-0.073,0.003,-0.073,0.001,-0.073,0.001,-0.073,0.001,-0.073,0.001,-0.073,0.001,-0.073,0.001,-0.073,0.003,-0.073,0.001,-0.073,0.001,-0.073,0.001,-0.073,0.001,-0.073,0.0,
0.0,-0.016,-0.008,0.001,-0.001,-0.019,-0.003,-0.007,-0.004,-0.017,-0.193,0.007,-0.022,-0.009,0.0,-0.023,-0.046,-0.001,-0.005,-0.01,-0.062,-0.007,-0.038,-0.073,0.004,-0.053,0.004,-0.001,-0.051,-0.082,0.004,-0.048,0.003,-0.034,-0.018,-0.085,0.004,-0.026,0.003,-0.001,-0.019,-0.082,0.004,-0.052,0.004,-0.025,-0.266,0.004,-0.019,-0.045,-0.012,-0.001,-0.266,0.004,-0.028,-0.043,0.003,0.0,-0.161,0.0,-0.058,-0.002,-0.012,-0.003,-0.028,-0.082,0.004,-0.053,0.004,-0.021,-0.029,-0.127,0.006,-0.021,0.0,-0.001,-0.138,0.0,-0.051,-0.143,0.006,-0.022,-0.008,-0.032,-0.089,-0.166,-0.016,-0.021,-0.139,0.0,-0.027,-0.061,0.003,-0.012,-0.266,0.004,-0.019,-0.142,0.006,0.001,
0.0,-0.056,-0.119,0.0,0.017,-0.018,-0.073,-0.044,-0.076,-0.012,-0.025,0.0,-0.075,-0.046,-0.088,-0.059,0.031,-0.04,-0.008,-0.051,-0.045,-0.042,0.0,0.034,-0.023,0.015,0.0,-0.102,-0.074,-0.013,-0.03,-0.012,-0.031,-0.001,-0.043,-0.019,-0.048,-0.019,-0.044,-0.019,-0.048,-0.019,-0.048,-0.019,-0.048,-0.019,-0.048,-0.019,-0.048,-0.019,-0.048,-0.019,-0.048,-0.019,-0.044,-0.019,-0.048,-0.019,-0.048,-0.019,-0.048,-0.019,-0.048,-0.019,-0.048,-0.019,-0.048,-0.019,-0.048,-0.019,-0.048,-0.019,-0.044,-0.019,-0.048,-0.019,-0.048,-0.019,-0.048,-0.019,-0.048,-0.019,-0.048,-0.019,-0.048,-0.019,-0.048,-0.019,-0.048,-0.019,-0.044,-0.019,-0.048,-0.019,-0.048,-0.019,-0.048,-0.019,-0.048,0.002,
-0.027,-0.007,-0.027,-0.027,0.0,-0.013,0.0,-0.05,-0.021,-0.058,-0.022,-0.06,-0.022,-0.06,-0.022,-0.06,-0.022,-0.06,-0.022,-0.06,-0.022,-0.06,-0.022,-0.06,-0.022,-0.06,-0.022,-0.06,-0.022,-0.06,-0.022,-0.06,-0.022,-0.06,-0.022,-0.06,-0.022,-0.06,-0.022,-0.06,-0.022,-0.06,-0.022,-0.06,-0.022,-0.06,-0.022,-0.06,-0.022,-0.06,-0.022,-0.06,-0.022,-0.06,-0.022,-0.06,-0.022,-0.06,-0.022,-0.06,-0.022,-0.06,-0.022,-0.06,-0.022,-0.06,-0.022,-0.06,-0.022,-0.06,-0.022,-0.06,-0.022,-0.06,-0.022,-0.06,-0.022,-0.06,-0.022,-0.06,-0.022,-0.06,-0.022,-0.06,-0.022,-0.06,-0.022,-0.06,-0.022,-0.06,-0.022,-0.06,-0.022,-0.06,-0.022,-0.06,-0.022,-0.06,-0.022,-0.001,
0.0,0.0,0.0,-0.072,-0.023,0.0,0.0,0.0,0.0,0.0,0.0,0.0,0.0,0.0,0.0,0.0,0.0,0.0,0.0,0.0,0.0,0.0,0.0,0.0,0.0,0.0,0.0,0.0,0.0,0.0,0.0,0.0,0.0,0.0,0.0,0.0,0.0,0.0,0.0,0.0,0.0,0.0,0.0,0.0,0.0,0.0,0.0,0.0,0.0,0.0,0.0,0.0,0.0,0.0,0.0,0.0,0.0,0.0,0.0,0.0,0.0,0.0,0.0,0.0,0.0,0.0,0.0,0.0,0.0,0.0,0.0,0.0,0.0,0.0,0.0,0.0,0.0,0.0,0.0,0.0,0.0,0.0,0.0,0.0,0.0,0.0,0.0,0.0,0.0,0.0,0.0,0.0,0.0,0.0,0.0,0.0,0.0,0.0,0.0,-0.009,
0.0,0.032,0.0,0.0,0.0,0.02,-0.037,-0.031,-0.007,0.0,0.021,0.0,-0.007,0.0,0.0,0.0,0.02,-0.037,-0.031,-0.007,0.0,0.021,0.0,-0.007,0.0,0.0,0.0,0.02,-0.037,-0.031,-0.007,0.0,0.021,0.0,-0.007,0.0,0.0,0.0,0.02,-0.037,-0.031,-0.007,0.0,0.021,0.0,-0.007,0.0,0.0,0.0,0.02,-0.037,-0.031,-0.007,0.0,0.021,0.0,-0.007,0.0,0.0,0.0,0.02,-0.037,-0.031,-0.007,0.0,0.021,0.0,-0.007,0.0,0.0,0.0,0.02,-0.037,-0.031,-0.007,0.0,0.021,0.0,-0.007,0.0,0.0,0.0,0.02,-0.037,-0.031,-0.007,0.0,0.021,0.0,-0.007,0.0,0.0,0.0,0.02,-0.037,-0.031,-0.007,0.0,0.021,-0.018,
0.0,-0.054,-0.014,0.0,0.0,0.042,-0.011,-0.001,-0.056,0.0,-0.027,0.038,-0.019,-0.017,-0.057,-0.042,-0.002,0.015,-0.005,-0.03,-0.049,0.0,-0.017,-0.098,-0.019,0.0,-0.053,0.0,-0.02,0.042,-0.011,-0.002,-0.085,0.0,-0.05,0.037,0.0,-0.029,-0.02,0.0,-0.017,-0.112,-0.037,-0.032,-0.057,0.0,-0.027,0.036,0.0,-0.04,0.0,0.0,-0.017,0.015,-0.031,-0.021,-0.021,0.0,-0.017,0.037,-0.024,-0.039,-0.023,0.0,0.0,0.009,-0.059,-0.03,-0.057,0.0,-0.026,0.038,-0.01,-0.037,-0.04,-0.001,-0.05,0.037,-0.087,0.0,-0.053,0.0,-0.026,0.015,-0.024,-0.03,-0.053,0.0,-0.038,0.014,-0.025,0.0,-0.033,0.0,0.0,0.015,-0.024,-0.015,-0.002,0.0,
0.0,-0.211,0.009,0.0,0.0,0.0,-0.211,0.0,0.0,0.0,0.0,0.0,0.0,-0.191,0.0,-0.005,0.0,0.0,-0.003,0.0,0.0,-0.211,0.0,0.0,0.0,0.0,-0.211,0.0,0.0,0.0,0.0,-0.211,0.0,0.0,0.0,0.0,-0.211,0.0,0.0,0.0,0.0,-0.211,0.0,0.0,0.0,0.0,-0.211,0.0,0.0,0.0,0.0,-0.211,0.0,0.0,0.0,0.0,-0.211,0.0,0.0,0.0,0.0,-0.211,0.0,0.0,0.0,0.0,-0.211,0.0,0.0,0.0,0.0,-0.211,0.0,0.0,0.0,0.0,-0.211,0.0,0.0,0.0,0.0,-0.211,0.0,0.0,0.0,0.0,-0.211,0.0,0.0,0.0,0.0,-0.211,0.0,0.0,0.0,0.0,-0.211,0.0,0.0,0.0,
0.0,0.0,0.0,0.0,0.0,0.0,0.0,0.0,0.0,0.0,0.0,0.0,0.0,0.0,0.0,0.0,0.0,0.0,0.0,0.0,0.0,0.0,0.0,0.0,0.0,0.0,0.0,0.0,0.0,0.0,0.0,0.0,0.0,0.0,0.0,0.0,0.0,0.0,0.0,0.0,0.0,0.0,0.0,0.0,0.0,0.0,0.0,0.0,0.0,0.0,0.0,0.0,0.0,0.0,0.0,0.0,0.0,0.0,0.0,0.0,0.0,0.0,0.0,0.0,0.0,0.0,0.0,0.0,0.0,0.0,0.0,0.0,0.0,0.0,0.0,0.0,0.0,0.0,0.0,0.0,0.0,0.0,0.0,0.0,0.0,0.0,0.0,0.0,0.0,0.0,0.0,0.0,0.0,0.0,0.0,0.0,0.0,0.0,0.0,0.0,
-0.033,-0.019,-0.058,0.004,-0.003,0.008,-0.004,0.008,-0.004,0.008,-0.002,0.008,-0.004,0.008,-0.002,0.008,-0.004,0.008,-0.002,0.008,-0.004,0.008,-0.002,0.008,-0.004,0.008,-0.002,0.008,-0.004,0.008,-0.002,0.008,-0.004,0.008,-0.002,0.008,-0.004,0.008,-0.002,0.008,-0.004,0.008,-0.002,0.008,-0.004,0.008,-0.002,0.008,-0.004,0.008,-0.002,0.008,-0.004,0.008,-0.002,0.008,-0.004,0.008,-0.002,0.008,-0.004,0.008,-0.002,0.008,-0.004,0.008,-0.002,0.008,-0.004,0.008,-0.002,0.008,-0.004,0.008,-0.002,0.008,-0.004,0.008,-0.002,0.008,-0.004,0.008,-0.002,0.008,-0.004,0.008,-0.002,0.008,-0.004,0.008,-0.002,0.008,-0.004,0.008,-0.002,0.008,-0.004,0.008,-0.002,0.002,
0.0,-0.043,0.0,-0.112,-0.074,0.0,-0.043,0.0,-0.112,-0.112,-0.163,0.0,0.0,0.0,-0.043,0.0,-0.112,-0.112,-0.163,0.0,0.0,0.0,-0.043,0.0,-0.112,-0.088,-0.112,-0.073,0.0,-0.112,-0.112,-0.163,0.0,0.0,0.0,-0.112,-0.112,-0.163,0.0,0.0,0.0,-0.112,-0.112,-0.163,0.0,0.0,0.0,-0.112,-0.112,-0.163,0.0,0.0,0.0,-0.112,-0.112,-0.163,0.0,0.0,0.0,-0.043,0.0,-0.112,-0.112,-0.163,0.0,0.0,0.0,-0.112,-0.112,-0.163,0.0,0.0,0.0,-0.043,0.0,-0.112,-0.112,-0.163,0.0,0.0,0.0,-0.112,-0.112,-0.163,0.0,0.0,0.0,-0.043,0.0,-0.043,0.0,-0.043,0.0,-0.112,-0.112,-0.163,0.0,0.0,0.0,-0.079,
0.0,-0.197,-0.074,-0.232,-0.07,-0.108,-0.199,-0.074,-0.07,-0.202,-0.07,-0.074,-0.202,-0.074,-0.101,-0.202,-0.07,-0.074,0.001,-0.053,-0.112,0.007,-0.065,-0.096,-0.199,-0.074,-0.074,0.001,-0.053,-0.112,0.007,-0.065,-0.096,-0.199,-0.074,-0.074,0.001,-0.053,-0.112,0.007,-0.065,-0.096,-0.199,-0.074,-0.074,0.001,-0.053,-0.112,0.007,-0.065,-0.096,-0.199,-0.074,-0.074,0.001,-0.053,-0.112,0.007,-0.065,-0.096,-0.199,-0.074,-0.074,0.001,-0.053,-0.112,0.007,-0.065,-0.096,-0.199,-0.074,-0.074,0.001,-0.053,-0.112,0.007,-0.065,-0.096,-0.199,-0.074,-0.074,0.001,-0.053,-0.112,0.007,-0.065,-0.096,-0.199,-0.074,-0.074,0.001,-0.053,-0.112,0.025,-0.034,-0.074,-0.202,-0.074,-0.074,0.001,
0.0,0.0,0.0,0.0,0.0,0.0,0.0,0.0,0.0,0.0,0.0,0.0,0.0,0.0,0.0,0.0,0.0,0.0,0.0,0.0,0.0,0.0,0.0,0.0,0.0,0.0,0.0,0.0,0.0,0.0,0.0,0.0,0.0,0.0,0.0,0.0,0.0,0.0,0.0,0.0,0.0,0.0,0.0,0.0,0.0,0.0,0.0,0.0,0.0,0.0,0.0,0.0,0.0,0.0,0.0,0.0,0.0,0.0,0.0,0.0,0.0,0.0,0.0,0.0,0.0,0.0,0.0,0.0,0.0,0.0,0.0,0.0,0.0,0.0,0.0,0.0,0.0,0.0,0.0,0.0,0.0,0.0,0.0,0.0,0.0,0.0,0.0,0.0,0.0,0.0,0.0,0.0,0.0,0.0,0.0,0.0,0.0,0.0,0.0,0.0,
-0.057,0.005,-0.074,0.013,-0.001,0.004,-0.062,0.013,-0.026,0.012,-0.062,0.012,-0.063,0.012,-0.026,0.012,-0.038,0.009,-0.063,0.012,-0.063,0.037,-0.063,0.037,-0.063,0.037,-0.063,0.012,-0.063,0.037,-0.063,0.037,-0.009,0.046,-0.054,0.039,-0.063,0.012,-0.063,0.037,-0.063,0.012,-0.063,0.012,-0.063,0.012,-0.063,0.012,-0.063,0.012,-0.063,0.012,-0.063,0.037,-0.063,0.012,-0.063,0.012,-0.063,0.012,-0.063,0.012,-0.063,0.037,-0.063,0.062,-0.089,0.014,-0.057,0.039,-0.009,0.005,-0.031,0.039,-0.009,0.01,-0.062,0.012,-0.063,0.012,-0.063,0.012,-0.062,0.012,-0.063,0.012,-0.026,0.009,-0.026,0.012,-0.062,0.012,-0.062,0.037,-0.026,0.039,-0.048,0.009,-0.063,0.031,
0.0,0.0,0.0,0.0,0.0,0.0,0.0,0.0,0.0,0.0,0.0,0.0,0.0,0.0,0.0,0.0,0.0,0.0,0.0,0.0,0.0,0.0,0.0,0.0,0.0,0.0,0.0,0.0,0.0,0.0,0.0,0.0,0.0,0.0,0.0,0.0,0.0,0.0,0.0,0.0,0.0,0.0,0.0,0.0,0.0,0.0,0.0,0.0,0.0,0.0,0.0,0.0,0.0,0.0,0.0,0.0,0.0,0.0,0.0,0.0,0.0,0.0,0.0,0.0,0.0,0.0,0.0,0.0,0.0,0.0,0.0,0.0,0.0,0.0,0.0,0.0,0.0,0.0,0.0,0.0,0.0,0.0,0.0,0.0,0.0,0.0,0.0,0.0,0.0,0.0,0.0,0.0,0.0,0.0,0.0,0.0,0.0,0.0,0.0,0.0,
0.0,0.0,0.0,0.0,0.0,0.0,0.0,0.0,0.0,0.0,0.0,0.0,0.0,0.0,0.0,0.0,0.0,0.0,0.0,0.0,0.0,0.0,0.0,0.0,0.0,0.0,0.0,0.0,0.0,0.0,0.0,0.0,0.0,0.0,0.0,0.0,0.0,0.0,0.0,0.0,0.0,0.0,0.0,0.0,0.0,0.0,0.0,0.0,0.0,0.0,0.0,0.0,0.0,0.0,0.0,0.0,0.0,0.0,0.0,0.0,0.0,0.0,0.0,0.0,0.0,0.0,0.0,0.0,0.0,0.0,0.0,0.0,0.0,0.0,0.0,0.0,0.0,0.0,0.0,0.0,0.0,0.0,0.0,0.0,0.0,0.0,0.0,0.0,0.0,0.0,0.0,0.0,0.0,0.0,0.0,0.0,0.0,0.0,0.0,0.0,
0.044,-0.002,-0.09,-0.071,0.03,-0.076,0.032,-0.077,0.032,-0.085,0.033,-0.085,0.033,-0.085,0.033,-0.085,0.033,-0.085,0.033,-0.085,0.033,-0.085,0.033,-0.085,0.033,-0.085,0.033,-0.083,0.031,-0.085,0.033,-0.085,0.033,-0.085,0.033,-0.085,0.033,-0.085,0.033,-0.085,0.033,-0.083,0.032,-0.085,0.033,-0.085,0.033,-0.085,0.033,-0.085,0.033,-0.085,0.033,-0.085,0.033,-0.083,0.032,-0.083,0.031,-0.083,0.032,-0.085,0.033,-0.083,0.031,-0.085,0.033,-0.085,0.033,-0.085,0.033,-0.077,0.033,-0.085,0.033,-0.085,0.033,-0.085,0.033,-0.085,0.033,-0.085,0.033,-0.085,0.033,-0.085,0.033,-0.085,0.033,-0.085,0.033,-0.085,0.033,-0.085,0.033,-0.083,0.032,-0.085,0.033,0.0,
-0.095,-0.06,-0.068,-0.06,-0.061,-0.064,-0.055,-0.065,-0.05,-0.063,-0.05,-0.068,-0.05,-0.063,-0.05,-0.068,-0.05,-0.063,-0.05,-0.068,-0.05,-0.063,-0.05,-0.068,-0.05,-0.063,-0.05,-0.068,-0.05,-0.063,-0.05,-0.068,-0.05,-0.063,-0.05,-0.068,-0.05,-0.063,-0.05,-0.068,-0.05,-0.063,-0.05,-0.068,-0.05,-0.063,-0.05,-0.068,-0.05,-0.063,-0.05,-0.068,-0.05,-0.063,-0.05,-0.068,-0.05,-0.063,-0.05,-0.068,-0.05,-0.063,-0.05,-0.068,-0.05,-0.063,-0.05,-0.068,-0.05,-0.063,-0.05,-0.068,-0.05,-0.063,-0.05,-0.068,-0.05,-0.063,-0.05,-0.068,-0.05,-0.063,-0.05,-0.068,-0.05,-0.063,-0.05,-0.068,-0.05,-0.063,-0.05,-0.068,-0.05,-0.063,-0.05,-0.068,-0.05,-0.063,-0.05,0.007,
0.0,0.0,0.0,0.0,0.0,0.0,0.0,0.0,0.0,0.0,0.0,0.0,0.0,0.0,0.0,0.0,0.0,0.0,0.0,0.0,0.0,0.0,0.0,0.0,0.0,0.0,0.0,0.0,0.0,0.0,0.0,0.0,0.0,0.0,0.0,0.0,0.0,0.0,0.0,0.0,0.0,0.0,0.0,0.0,0.0,0.0,0.0,0.0,0.0,0.0,0.0,0.0,0.0,0.0,0.0,0.0,0.0,0.0,0.0,0.0,0.0,0.0,0.0,0.0,0.0,0.0,0.0,0.0,0.0,0.0,0.0,0.0,0.0,0.0,0.0,0.0,0.0,0.0,0.0,0.0,0.0,0.0,0.0,0.0,0.0,0.0,0.0,0.0,0.0,0.0,0.0,0.0,0.0,0.0,0.0,0.0,0.0,0.0,0.0,0.0,
0.0,-0.076,0.0,-0.09,0.0,-0.062,-0.007,-0.06,-0.003,-0.037,0.0,-0.039,0.0,-0.039,0.0,-0.039,0.0,-0.039,0.0,-0.039,0.0,-0.039,0.0,-0.03,0.0,-0.03,0.0,-0.03,0.0,-0.03,0.0,-0.03,0.0,-0.03,0.0,-0.03,0.0,-0.03,0.0,-0.03,0.0,-0.03,0.0,-0.03,0.0,-0.03,0.0,-0.03,0.0,-0.03,0.0,-0.03,0.0,-0.03,0.0,-0.03,0.0,-0.03,0.0,-0.03,0.0,-0.03,0.0,-0.03,0.0,-0.03,0.0,-0.03,0.0,-0.03,0.0,-0.03,0.0,-0.03,0.0,-0.03,0.0,-0.03,0.0,-0.03,0.0,-0.03,0.0,-0.03,0.0,-0.03,0.0,-0.03,0.0,-0.03,0.0,-0.03,0.0,-0.03,0.0,-0.03,0.0,-0.03,0.0,0.0,
0.0,0.0,-0.024,0.0,-0.008,0.0,0.0,-0.004,0.006,0.001,0.043,-0.005,-0.076,0.048,-0.046,0.05,-0.102,0.007,0.007,-0.182,0.062,-0.034,0.051,0.038,-0.072,0.056,-0.005,0.004,0.04,0.001,0.048,-0.007,0.004,0.0,0.049,0.004,0.003,0.0,0.0,0.049,0.004,0.003,0.004,0.001,0.0,0.004,-0.088,0.045,0.04,-0.007,0.052,-0.059,0.035,0.01,-0.076,0.057,-0.104,-0.04,0.01,-0.182,0.076,-0.113,0.057,-0.006,0.004,0.055,-0.094,0.055,-0.006,0.004,0.05,-0.093,-0.081,0.025,-0.149,0.07,-0.107,0.053,0.038,-0.072,0.054,-0.102,0.011,0.0,-0.034,0.05,-0.102,0.007,0.007,-0.182,0.076,-0.113,0.049,-0.008,0.052,0.004,0.003,0.004,0.0,-0.113,
-0.001,-0.133,0.031,-0.048,0.055,-0.032,-0.003,-0.049,-0.007,-0.046,0.006,-0.036,0.042,-0.035,-0.155,0.057,-0.316,0.061,-0.2,0.035,-0.209,0.04,-0.208,0.004,-0.148,-0.05,-0.164,-0.043,-0.157,-0.041,-0.157,-0.035,-0.158,0.054,-0.193,0.05,-0.159,0.057,-0.29,0.052,-0.202,0.018,-0.21,0.007,-0.212,0.06,-0.204,0.018,-0.211,0.007,-0.212,0.06,-0.204,0.018,-0.211,0.007,-0.212,0.06,-0.202,0.05,-0.198,0.08,-0.201,0.045,-0.201,0.045,-0.156,-0.054,-0.167,0.057,-0.29,0.052,-0.202,0.018,-0.211,0.007,-0.212,0.06,-0.204,0.018,-0.211,0.007,-0.215,0.06,-0.206,0.044,-0.204,0.044,-0.199,0.044,-0.202,0.0,-0.115,-0.145,0.056,-0.032,0.01,-0.058,0.028,-0.028,
-0.057,0.07,-0.149,0.031,-0.104,-0.014,-0.094,-0.006,-0.097,-0.001,-0.073,-0.007,-0.035,-0.041,-0.032,-0.041,-0.032,-0.038,-0.006,-0.027,-0.025,-0.05,-0.031,-0.038,-0.006,-0.027,-0.025,-0.05,-0.031,-0.038,-0.006,-0.027,-0.025,-0.05,-0.031,-0.038,-0.006,-0.027,-0.025,-0.05,-0.031,-0.038,-0.006,-0.027,-0.025,-0.05,-0.031,-0.038,-0.006,-0.027,-0.025,-0.05,-0.031,-0.038,-0.006,-0.027,-0.025,-0.05,-0.031,-0.038,-0.006,-0.027,-0.025,-0.05,-0.031,-0.038,-0.006,-0.027,-0.025,-0.05,-0.031,-0.038,-0.006,-0.027,-0.025,-0.05,-0.031,-0.038,-0.006,-0.027,-0.025,-0.05,-0.031,-0.038,-0.006,-0.027,-0.025,-0.05,-0.031,-0.038,-0.006,-0.027,-0.025,-0.05,-0.031,-0.038,-0.006,-0.027,-0.025,0.039,
0.0,-0.004,0.0,0.0,-0.004,0.0,-0.004,0.0,-0.004,0.0,-0.004,0.0,-0.004,0.0,-0.004,0.0,-0.004,0.0,-0.004,0.0,-0.004,0.0,-0.004,0.0,-0.004,0.0,-0.004,0.0,-0.004,0.0,-0.004,0.0,-0.004,0.0,-0.004,0.0,-0.004,0.0,-0.004,0.0,-0.004,0.0,-0.004,0.0,-0.004,0.0,-0.004,0.0,-0.004,0.0,-0.004,0.0,-0.004,0.0,-0.004,0.0,-0.004,0.0,-0.004,0.0,-0.004,0.0,-0.004,0.0,-0.004,0.0,-0.004,0.0,-0.004,0.0,-0.004,0.0,-0.004,0.0,-0.004,0.0,-0.004,0.0,-0.004,0.0,-0.004,0.0,-0.004,0.0,-0.004,0.0,-0.004,0.0,-0.004,0.0,-0.004,0.0,-0.004,0.0,-0.004,0.0,-0.004,0.0,-0.004,0.0,
0.0,0.0,0.0,0.0,0.0,0.0,0.0,0.0,0.0,0.0,0.0,0.0,0.0,0.0,0.0,0.0,0.0,0.0,0.0,0.0,0.0,0.0,0.0,0.0,0.0,0.0,0.0,0.0,0.0,0.0,0.0,0.0,0.0,0.0,0.0,0.0,0.0,0.0,0.0,0.0,0.0,0.0,0.0,0.0,0.0,0.0,0.0,0.0,0.0,0.0,0.0,0.0,0.0,0.0,0.0,0.0,0.0,0.0,0.0,0.0,0.0,0.0,0.0,0.0,0.0,0.0,0.0,0.0,0.0,0.0,0.0,0.0,0.0,0.0,0.0,0.0,0.0,0.0,0.0,0.0,0.0,0.0,0.0,0.0,0.0,0.0,0.0,0.0,0.0,0.0,0.0,0.0,0.0,0.0,0.0,0.0,0.0,0.0,0.0,0.0,
-0.092,-0.059,-0.053,-0.029,-0.046,-0.1,-0.128,-0.043,-0.128,-0.068,-0.014,-0.131,-0.016,-0.06,-0.047,-0.117,0.0,-0.142,-0.022,-0.068,-0.047,-0.121,0.0,-0.143,-0.005,-0.068,-0.047,-0.12,0.0,-0.141,-0.005,-0.068,-0.047,-0.12,0.0,-0.141,-0.005,-0.063,-0.03,-0.124,0.0,-0.143,-0.005,-0.063,-0.047,-0.12,0.0,-0.142,-0.022,-0.063,-0.03,-0.12,0.0,-0.143,-0.005,-0.063,-0.047,-0.12,0.0,-0.142,-0.022,-0.063,-0.03,-0.124,0.0,-0.143,-0.005,-0.063,-0.03,-0.119,0.0,-0.156,-0.02,-0.082,-0.047,-0.136,0.0,-0.158,-0.02,-0.082,-0.047,-0.136,0.0,-0.158,-0.024,-0.079,-0.047,-0.137,0.0,-0.155,-0.001,-0.084,-0.047,-0.136,0.0,-0.158,-0.022,-0.082,-0.047,0.003,
0.0,0.003,0.0,-0.003,0.0,-0.015,0.0,0.001,0.0,0.0,0.0,0.003,0.0,0.003,0.0,0.003,0.0,0.003,0.0,0.003,0.0,0.003,0.0,0.003,0.0,0.003,0.0,0.003,0.0,0.012,0.0,0.003,0.0,0.012,0.0,0.003,0.0,0.012,0.0,0.003,0.0,0.003,0.0,0.003,0.0,0.003,0.0,0.003,0.0,0.012,0.0,0.003,0.0,0.003,0.0,0.003,0.0,0.003,0.0,0.003,0.0,0.0,0.017,0.007,0.0,-0.025,0.0,-0.028,0.0,-0.028,0.0,-0.028,0.0,-0.028,0.0,-0.028,0.0,-0.028,0.0,-0.028,0.0,-0.033,0.0,0.003,0.0,0.003,0.0,0.001,0.0,0.003,0.0,0.001,0.0,0.003,0.0,0.001,0.0,0.003,0.0,0.014,
0.0,0.0,0.0,-0.008,0.004,0.01,-0.004,-0.002,0.006,0.002,0.0,-0.001,0.006,0.009,0.008,0.007,0.006,0.0,0.005,0.0,0.005,0.0,0.005,0.0,0.005,0.0,0.005,0.0,0.005,0.0,0.005,0.0,0.005,0.0,0.005,-0.007,-0.001,-0.015,0.006,-0.002,0.006,0.009,0.0,-0.015,0.004,-0.011,-0.005,-0.002,0.006,-0.008,-0.001,-0.001,0.006,0.011,0.021,0.0,-0.003,-0.002,0.005,0.002,0.0,-0.001,0.006,0.002,0.0,-0.01,-0.004,-0.002,0.006,0.009,0.008,0.011,0.001,-0.002,0.0,-0.006,0.003,-0.008,0.004,-0.008,0.004,-0.008,0.004,-0.008,0.004,0.009,0.001,0.01,0.053,0.011,0.001,0.011,0.008,0.003,0.0,-0.006,0.003,0.009,0.001,0.004,
-0.061,-0.043,-0.035,-0.041,-0.01,-0.019,-0.037,-0.019,0.011,-0.026,-0.019,-0.019,-0.019,-0.019,0.014,-0.038,-0.022,-0.009,-0.037,-0.008,0.003,-0.026,-0.019,0.006,-0.006,-0.019,0.012,-0.038,-0.022,-0.009,-0.036,-0.008,0.003,-0.026,-0.019,0.006,-0.006,-0.019,0.012,-0.038,-0.022,-0.009,-0.037,-0.008,0.003,-0.026,-0.019,0.006,-0.006,-0.019,0.012,-0.038,-0.022,-0.009,-0.037,-0.008,0.003,-0.026,-0.019,0.006,-0.006,-0.019,0.012,-0.038,-0.022,-0.009,-0.037,-0.008,0.003,-0.026,-0.019,0.006,-0.006,-0.019,0.012,-0.038,-0.022,-0.009,-0.037,-0.008,0.003,-0.026,-0.019,0.006,-0.006,-0.019,0.012,-0.038,-0.022,-0.009,-0.037,-0.008,0.003,-0.026,-0.019,0.006,-0.006,-0.019,0.012,0.0,
0.0,0.0,0.0,0.0,0.0,-0.039,-0.007,-0.036,-0.018,-0.043,-0.076,-0.066,-0.007,-0.04,-0.018,-0.043,-0.012,-0.04,-0.081,-0.04,0.0,-0.007,-0.001,-0.04,-0.022,-0.034,-0.018,-0.043,-0.045,-0.094,-0.022,-0.032,0.007,-0.007,-0.001,-0.04,-0.022,-0.034,-0.018,-0.043,-0.045,-0.094,-0.022,-0.032,0.007,-0.007,-0.001,-0.04,-0.022,-0.034,-0.018,-0.043,-0.045,-0.094,-0.022,-0.032,0.007,-0.007,-0.001,-0.04,-0.022,-0.034,-0.018,-0.043,-0.045,-0.094,-0.022,-0.032,0.007,-0.007,-0.001,-0.04,-0.022,-0.034,-0.018,-0.043,-0.045,-0.094,-0.022,-0.032,0.007,-0.007,-0.001,-0.04,-0.022,-0.034,-0.018,-0.043,-0.045,-0.094,-0.022,-0.032,0.007,-0.007,-0.001,-0.04,-0.022,-0.034,-0.018,-0.001,
-0.063,-0.066,-0.027,-0.051,-0.052,-0.075,-0.053,-0.042,-0.052,-0.075,-0.053,-0.042,-0.052,-0.075,-0.053,-0.042,-0.052,-0.075,-0.053,-0.042,-0.052,-0.075,-0.053,-0.042,-0.052,-0.075,-0.053,-0.042,-0.052,-0.075,-0.053,-0.042,-0.052,-0.075,-0.053,-0.042,-0.052,-0.073,-0.08,-0.04,-0.052,-0.075,-0.053,-0.042,-0.052,-0.075,-0.053,-0.042,-0.052,-0.075,-0.053,-0.042,-0.052,-0.075,-0.053,-0.042,-0.052,-0.075,-0.053,-0.042,-0.052,-0.075,-0.053,-0.042,-0.052,-0.075,-0.053,-0.042,-0.052,-0.075,-0.053,-0.042,-0.052,-0.073,-0.08,-0.04,-0.052,-0.075,-0.053,-0.042,-0.052,-0.073,-0.08,-0.04,-0.052,-0.075,-0.053,-0.042,-0.052,-0.075,-0.053,-0.042,-0.052,-0.075,-0.053,-0.042,-0.052,-0.075,-0.053,0.015,
0.0,-0.084,-0.091,-0.002,0.018,0.0,-0.081,-0.06,-0.073,-0.06,-0.031,-0.003,0.018,0.0,-0.081,-0.036,-0.05,-0.08,-0.017,-0.019,0.002,-0.02,-0.056,-0.035,-0.083,-0.083,-0.016,-0.006,0.018,-0.014,-0.063,-0.033,-0.049,-0.058,-0.015,-0.015,0.018,0.0,-0.077,-0.034,-0.065,-0.073,-0.01,-0.026,0.018,0.0,-0.085,-0.038,-0.067,-0.074,-0.003,-0.022,0.017,-0.021,-0.053,-0.044,-0.066,-0.069,-0.017,-0.019,0.018,-0.019,-0.058,-0.049,-0.073,-0.073,-0.01,0.006,0.018,-0.02,-0.058,-0.051,-0.003,-0.069,-0.031,-0.003,0.018,0.0,-0.081,-0.05,-0.053,-0.06,-0.018,-0.028,0.018,-0.016,-0.062,0.003,-0.057,-0.055,-0.022,-0.016,0.015,-0.017,-0.066,-0.044,-0.071,-0.06,-0.007,0.001,
0.003,-0.014,0.017,-0.009,0.004,-0.009,0.013,0.0,0.0,-0.009,0.013,0.0,0.0,-0.009,0.013,0.0,0.0,-0.009,0.013,0.0,0.0,-0.009,0.013,0.0,0.0,-0.009,0.013,0.0,0.0,-0.009,0.013,0.0,0.0,-0.009,0.013,0.0,0.0,-0.009,0.013,0.0,0.0,-0.009,0.013,0.0,0.0,-0.009,0.013,0.0,0.0,-0.009,0.013,0.0,0.0,-0.009,0.013,0.0,0.0,-0.009,0.013,0.0,0.0,-0.009,0.013,0.0,0.0,-0.009,0.013,0.0,0.0,-0.009,0.013,0.0,0.0,-0.009,0.013,0.0,0.0,-0.009,0.013,0.0,0.0,-0.009,0.013,0.0,0.0,-0.009,0.013,0.0,0.0,-0.009,0.013,0.0,0.0,-0.009,0.013,0.0,0.0,-0.009,0.013,-0.001,
0.0,-0.011,-0.005,-0.011,-0.005,-0.005,-0.011,-0.011,-0.011,-0.011,-0.011,-0.011,-0.011,-0.011,-0.011,-0.011,-0.011,-0.011,-0.011,-0.011,-0.011,-0.011,-0.011,-0.011,-0.011,-0.011,-0.011,-0.011,-0.011,-0.011,-0.011,-0.011,-0.011,-0.011,-0.011,-0.011,-0.011,-0.011,-0.011,-0.011,-0.011,-0.011,-0.011,-0.011,-0.011,-0.011,-0.011,-0.011,-0.011,-0.011,-0.011,-0.011,-0.011,-0.011,-0.011,-0.011,-0.011,-0.011,-0.011,-0.011,-0.011,-0.011,-0.011,-0.011,-0.011,-0.011,-0.011,-0.011,-0.011,-0.011,-0.011,-0.011,-0.011,-0.011,-0.011,-0.011,-0.011,-0.011,-0.011,-0.011,-0.011,-0.011,-0.011,-0.011,-0.011,-0.011,-0.011,-0.011,-0.011,-0.011,-0.011,-0.011,-0.011,-0.011,-0.011,-0.011,-0.011,-0.011,-0.011,-0.015,
0.0,0.0,0.0,-0.056,0.037,-0.054,0.03,-0.054,0.037,-0.025,0.03,-0.056,0.037,-0.025,0.03,-0.056,0.037,-0.025,0.03,-0.056,0.037,-0.025,0.03,-0.056,0.037,-0.025,0.03,-0.056,0.037,-0.025,0.03,-0.056,0.037,-0.025,0.03,-0.056,0.037,-0.025,0.03,-0.056,0.037,-0.025,0.03,-0.056,0.037,-0.025,0.03,-0.056,0.037,-0.025,0.03,-0.056,0.037,-0.025,0.03,-0.056,0.037,-0.025,0.03,-0.056,0.037,-0.025,0.03,-0.056,0.037,-0.025,0.03,-0.056,0.037,-0.025,0.03,-0.056,0.037,-0.025,0.03,-0.056,0.037,-0.025,0.03,-0.056,0.037,-0.025,0.03,-0.056,0.037,-0.025,0.03,-0.056,0.037,-0.025,0.03,-0.056,0.037,-0.025,0.03,-0.056,0.037,-0.025,0.03,0.0,
0.061,-0.031,-0.065,-0.071,-0.063,-0.056,-0.049,-0.067,-0.073,-0.058,-0.072,-0.052,-0.072,-0.052,-0.072,-0.052,-0.072,-0.052,-0.072,-0.052,-0.072,-0.052,-0.072,-0.052,-0.072,-0.052,-0.072,-0.052,-0.072,-0.052,-0.072,-0.052,-0.072,-0.052,-0.072,-0.052,-0.072,-0.052,-0.072,-0.052,-0.072,-0.052,-0.072,-0.052,-0.072,-0.052,-0.072,-0.052,-0.072,-0.052,-0.072,-0.052,-0.072,-0.052,-0.072,-0.052,-0.072,-0.052,-0.072,-0.052,-0.072,-0.052,-0.072,-0.052,-0.072,-0.052,-0.072,-0.052,-0.072,-0.052,-0.072,-0.052,-0.072,-0.052,-0.072,-0.052,-0.072,-0.052,-0.072,-0.052,-0.072,-0.052,-0.072,-0.052,-0.072,-0.052,-0.072,-0.052,-0.072,-0.052,-0.072,-0.052,-0.072,-0.052,-0.072,-0.052,-0.072,-0.052,-0.072,0.012,
0.0,0.0,0.0,0.0,0.0,0.002,0.0,0.002,0.0,0.002,0.0,0.002,0.0,0.002,0.0,0.002,0.0,0.002,0.0,0.002,0.0,0.002,0.0,0.002,0.0,0.002,0.0,0.002,0.0,0.002,0.0,0.002,0.0,0.002,0.0,0.002,0.0,0.002,0.0,0.002,0.0,0.002,0.0,0.002,0.0,0.002,0.0,0.002,0.0,0.002,0.0,0.002,0.0,0.002,0.0,0.002,0.0,0.002,0.0,0.002,0.0,0.002,0.0,0.002,0.0,0.002,0.0,0.002,0.0,0.002,0.0,0.002,0.0,0.002,0.0,0.002,0.0,0.002,0.0,0.002,0.0,0.002,0.0,0.002,0.0,0.002,0.0,0.002,0.0,0.002,0.0,0.002,0.0,0.002,0.0,0.002,0.0,0.002,0.0,0.0,
-0.087,0.006,0.05,-0.119,0.023,0.039,-0.027,-0.031,0.062,-0.113,0.036,-0.02,0.016,-0.061,0.054,-0.026,-0.017,0.045,-0.022,-0.083,0.054,-0.026,-0.017,0.045,-0.022,-0.083,0.054,-0.026,-0.017,0.045,-0.022,-0.083,0.054,-0.027,-0.033,0.062,-0.095,0.036,-0.02,-0.026,0.036,0.041,-0.021,-0.017,0.046,-0.022,-0.083,0.054,-0.026,-0.017,0.045,-0.006,-0.083,0.054,-0.006,-0.032,0.054,-0.027,0.026,0.057,-0.033,0.036,0.027,0.034,-0.072,0.071,-0.033,-0.032,0.062,-0.034,-0.017,0.049,-0.025,-0.066,0.054,-0.034,-0.032,0.065,-0.095,0.036,-0.02,0.016,-0.06,0.045,-0.001,-0.032,0.04,-0.022,-0.076,0.064,-0.026,-0.032,0.054,-0.041,0.027,0.0,0.001,-0.079,0.054,0.01,
-0.075,0.043,-0.075,0.043,-0.075,0.043,-0.075,0.043,-0.075,0.043,-0.075,0.043,-0.075,0.043,-0.075,0.043,-0.075,0.043,-0.075,0.043,-0.075,0.043,-0.075,0.043,-0.075,0.043,-0.075,0.043,-0.075,0.043,-0.075,0.043,-0.075,0.043,-0.075,0.043,-0.075,0.043,-0.075,0.043,-0.075,0.043,-0.075,0.043,-0.075,0.043,-0.075,0.043,-0.075,0.043,-0.075,0.043,-0.075,0.043,-0.075,0.043,-0.075,0.043,-0.075,0.043,-0.075,0.043,-0.075,0.043,-0.075,0.043,-0.075,0.043,-0.075,0.043,-0.075,0.043,-0.075,0.043,-0.075,0.043,-0.075,0.043,-0.075,0.043,-0.075,0.043,-0.075,0.043,-0.075,0.043,-0.075,0.043,-0.075,0.043,-0.075,0.043,-0.075,0.043,-0.075,0.043,-0.075,0.043,-0.075,0.015,
0.0,0.0,0.0,0.0,0.0,0.0,0.0,0.0,0.0,0.0,0.0,0.0,0.0,0.0,0.0,0.0,0.0,0.0,0.0,0.0,0.0,0.0,0.0,0.0,0.0,0.0,0.0,0.0,0.0,0.0,0.0,0.0,0.0,0.0,0.0,0.0,0.0,0.0,0.0,0.0,0.0,0.0,0.0,0.0,0.0,0.0,0.0,0.0,0.0,0.0,0.0,0.0,0.0,0.0,0.0,0.0,0.0,0.0,0.0,0.0,0.0,0.0,0.0,0.0,0.0,0.0,0.0,0.0,0.0,0.0,0.0,0.0,0.0,0.0,0.0,0.0,0.0,0.0,0.0,0.0,0.0,0.0,0.0,0.0,0.0,0.0,0.0,0.0,0.0,0.0,0.0,0.0,0.0,0.0,0.0,0.0,0.0,0.0,0.0,0.0,
-0.002,0.0,0.0,0.0,0.0,0.0,0.0,0.0,0.0,0.0,0.0,0.0,0.0,0.0,0.0,0.0,0.0,0.0,0.0,0.0,0.0,0.0,0.0,0.0,0.0,0.0,0.0,0.0,0.0,0.0,0.0,0.0,0.0,0.0,0.0,0.0,0.0,0.0,0.0,0.0,-0.001,0.0,0.0,0.0,0.0,0.0,0.0,0.0,0.0,0.0,0.0,0.0,0.0,0.0,0.0,0.0,0.0,0.0,0.0,0.0,-0.001,0.0,-0.001,0.0,-0.001,0.0,-0.001,0.0,0.0,0.0,0.0,0.0,0.0,0.0,0.0,0.0,0.0,0.0,0.0,0.0,0.0,0.0,0.0,0.0,0.0,0.0,-0.001,0.0,0.0,0.0,0.0,0.0,0.0,0.0,0.0,0.0,0.0,0.0,0.0,0.0,
-0.081,0.056,-0.069,0.06,-0.055,-0.034,0.028,-0.034,0.028,-0.034,0.028,-0.034,0.028,-0.034,0.028,-0.034,0.028,-0.034,0.028,-0.034,0.028,-0.034,0.028,-0.034,0.028,-0.034,0.028,-0.034,0.028,-0.034,0.028,-0.034,0.028,-0.034,0.028,-0.034,0.028,-0.034,0.028,-0.034,0.028,-0.034,0.028,-0.034,0.028,-0.034,0.028,-0.034,0.028,-0.034,0.028,-0.034,0.028,-0.034,0.028,-0.034,0.028,-0.034,0.028,-0.034,0.028,-0.034,0.028,-0.034,0.028,-0.034,0.028,-0.034,0.028,-0.034,0.028,-0.034,0.028,-0.034,0.028,-0.034,0.028,-0.034,0.028,-0.034,0.028,-0.034,0.028,-0.034,0.028,-0.034,0.028,-0.034,0.028,-0.034,0.028,-0.034,0.028,-0.034,0.028,-0.034,0.028,-0.034,0.028,0.0,
0.0,0.0,0.0,0.048,-0.04,0.008,0.002,-0.005,0.001,-0.006,0.0,-0.002,0.005,0.097,-0.015,0.017,-0.004,0.006,0.0,0.002,0.043,-0.022,0.0,0.005,0.048,-0.006,-0.028,0.011,0.004,-0.005,0.053,0.045,0.045,0.046,-0.001,0.063,0.048,-0.027,0.076,0.001,0.021,0.011,0.063,-0.003,0.097,-0.009,0.047,-0.003,-0.06,0.008,-0.028,0.011,0.051,0.045,-0.003,0.102,-0.016,0.058,-0.005,-0.031,-0.004,-0.046,0.004,0.045,0.033,0.045,0.051,-0.021,0.047,-0.016,-0.122,0.019,0.027,-0.048,0.01,0.031,-0.041,0.039,-0.026,0.046,0.036,0.008,0.047,0.056,0.012,0.056,0.056,0.0,0.113,0.045,0.042,0.041,-0.089,0.007,0.052,0.0,0.006,0.045,0.025,-0.018,
-0.047,0.0,-0.075,0.013,-0.009,-0.039,-0.059,0.006,-0.128,0.016,-0.071,0.0,-0.048,0.023,-0.011,-0.011,-0.036,-0.001,0.0,-0.024,-0.006,-0.032,-0.071,0.006,-0.011,-0.011,-0.048,0.008,-0.128,0.016,-0.01,-0.057,-0.049,0.025,-0.009,-0.011,-0.092,-0.128,-0.114,0.015,-0.081,-0.02,-0.054,0.008,-0.124,0.048,-0.041,0.005,-0.116,0.015,-0.044,-0.176,-0.062,0.009,-0.115,0.042,-0.07,0.026,-0.14,-0.016,-0.052,-0.19,-0.034,0.0,-0.13,0.014,-0.022,-0.169,-0.141,0.01,-0.055,-0.179,-0.04,0.006,-0.135,0.036,-0.077,0.01,0.0,-0.015,-0.071,-0.076,-0.073,0.018,-0.134,0.044,-0.048,0.021,-0.109,0.03,-0.097,-0.039,-0.065,0.008,0.015,-0.131,-0.079,0.025,-0.071,0.027,
0.0,-0.004,0.0,0.0,0.0,0.0,0.0,0.0,0.0,0.0,0.0,0.0,0.0,0.0,0.0,0.0,0.0,0.0,0.0,0.0,0.0,0.0,0.0,0.0,0.0,0.0,0.0,0.0,0.0,0.0,0.0,0.0,0.0,0.0,0.0,0.0,0.0,0.0,0.0,0.0,0.0,0.0,0.0,0.0,0.0,0.0,0.0,0.0,0.0,0.0,0.0,0.0,0.0,0.0,0.0,0.0,0.0,0.0,0.0,0.0,0.0,0.0,0.0,0.0,0.0,0.0,0.0,0.0,0.0,0.0,0.0,0.0,0.0,0.0,0.0,0.0,0.0,0.0,0.0,0.0,0.0,0.0,0.0,0.0,0.0,0.0,0.0,0.0,0.0,0.0,0.0,0.0,0.0,0.0,0.0,0.0,0.0,0.0,0.0,0.0,
0.0,0.001,0.006,0.04,0.0,0.0,0.002,0.0,0.015,0.0,0.002,0.0,0.015,0.0,0.002,0.0,0.015,0.0,0.002,0.0,0.015,0.0,0.002,0.0,0.015,0.0,0.002,0.0,0.015,0.0,0.002,0.0,0.015,0.0,0.002,0.0,0.015,0.0,0.002,0.0,0.015,0.0,0.002,0.0,0.015,0.0,0.002,0.0,0.015,0.0,0.002,0.0,0.015,0.0,0.002,0.0,0.015,0.0,0.002,0.0,0.015,0.0,0.002,0.0,0.015,0.0,0.002,0.0,0.015,0.0,0.002,0.0,0.015,0.0,0.002,0.0,0.015,0.0,0.002,0.0,0.015,0.0,0.002,0.0,0.015,0.0,0.002,0.0,0.015,0.0,0.002,0.0,0.015,0.0,0.002,0.0,0.015,0.0,0.002,0.0,
0.0,0.0,0.0,0.0,0.0,0.0,0.0,0.0,0.0,0.0,0.0,0.0,0.0,0.0,0.0,0.0,0.0,0.0,0.0,0.0,0.0,0.0,0.0,0.0,0.0,0.0,0.0,0.0,0.0,0.0,0.0,0.0,0.0,0.0,0.0,0.0,0.0,0.0,0.0,0.0,0.0,0.0,0.0,0.0,0.0,0.0,0.0,0.0,0.0,0.0,0.0,0.0,0.0,0.0,0.0,0.0,0.0,0.0,0.0,0.0,0.0,0.0,0.0,0.0,0.0,0.0,0.0,0.0,0.0,0.0,0.0,0.0,0.0,0.0,0.0,0.0,0.0,0.0,0.0,0.0,0.0,0.0,0.0,0.0,0.0,0.0,0.0,0.0,0.0,0.0,0.0,0.0,0.0,0.0,0.0,0.0,0.0,0.0,0.0,0.0,
0.0,-0.007,-0.062,0.0,-0.06,0.0,0.0,-0.001,-0.003,-0.059,-0.001,-0.059,-0.001,-0.001,-0.001,-0.003,-0.059,-0.001,-0.059,-0.001,-0.001,-0.001,-0.003,-0.059,-0.001,-0.059,-0.001,-0.001,-0.001,-0.003,-0.059,-0.001,-0.059,-0.001,-0.001,-0.001,-0.003,-0.059,-0.001,-0.059,-0.001,-0.001,-0.001,-0.003,-0.059,-0.001,-0.059,-0.001,-0.001,-0.001,-0.003,-0.059,-0.001,-0.059,-0.001,-0.001,-0.001,-0.003,-0.059,-0.001,-0.059,-0.001,-0.001,-0.001,-0.003,-0.059,-0.001,-0.059,-0.001,-0.001,-0.001,-0.003,-0.059,-0.001,-0.059,-0.001,-0.001,-0.001,-0.003,-0.059,-0.001,-0.059,-0.001,-0.001,-0.001,-0.003,-0.059,-0.001,-0.059,-0.001,-0.001,-0.001,-0.003,-0.059,-0.001,-0.059,-0.001,-0.001,-0.001,-0.003,
0.037,0.006,-0.012,-0.056,-0.087,0.016,-0.057,-0.033,-0.166,0.016,0.0,-0.058,-0.086,0.016,0.0,-0.041,-0.148,0.016,0.0,-0.104,0.013,0.016,0.0,-0.059,0.025,0.016,-0.002,-0.06,0.047,0.016,-0.003,-0.061,-0.008,0.016,-0.057,-0.065,0.047,0.016,-0.013,-0.034,-0.155,0.016,0.0,-0.053,-0.059,0.016,0.0,-0.056,-0.142,0.016,0.0,-0.053,-0.001,0.016,0.0,-0.074,0.005,0.016,0.0,-0.074,0.005,0.016,0.0,-0.065,0.045,0.016,-0.012,-0.036,0.005,0.016,-0.057,-0.036,0.005,0.016,-0.057,-0.036,0.005,0.016,-0.057,-0.036,0.005,0.016,-0.057,-0.036,0.005,0.016,-0.057,-0.036,0.005,0.016,-0.057,-0.036,0.005,0.016,-0.057,-0.036,0.005,0.016,-0.014,-0.011,
-0.176,0.013,-0.117,0.015,-0.138,0.017,-0.12,-0.008,-0.088,-0.075,-0.096,-0.092,-0.096,-0.03,-0.097,0.008,-0.083,-0.08,-0.075,-0.077,-0.097,-0.053,-0.072,-0.04,-0.097,-0.041,-0.096,-0.087,-0.096,-0.092,-0.084,-0.081,-0.093,-0.072,-0.099,-0.091,-0.095,-0.087,-0.096,-0.092,-0.095,-0.087,-0.096,-0.087,-0.096,-0.092,-0.095,-0.087,-0.089,-0.073,-0.1,-0.073,-0.1,-0.087,-0.097,-0.092,-0.095,-0.092,-0.095,-0.087,-0.089,-0.092,-0.089,-0.092,-0.096,-0.073,-0.1,-0.091,-0.095,-0.071,-0.091,-0.088,-0.095,-0.073,-0.1,-0.086,-0.095,-0.083,-0.087,-0.072,-0.098,-0.091,-0.095,-0.072,-0.099,-0.091,-0.084,0.008,-0.097,-0.057,-0.068,-0.079,-0.063,-0.056,-0.066,-0.086,-0.071,-0.086,-0.065,0.024,
0.0,0.0,0.0,0.0,0.0,0.0,0.0,0.0,0.0,0.0,0.0,0.0,0.0,0.0,0.0,0.0,0.0,0.0,0.0,0.0,0.0,0.0,0.0,0.0,0.0,0.0,0.0,0.0,0.0,0.0,0.0,0.0,0.0,0.0,0.0,0.0,0.0,0.0,0.0,0.0,0.0,0.0,0.0,0.0,0.0,0.0,0.0,0.0,0.0,0.0,0.0,0.0,0.0,0.0,0.0,0.0,0.0,0.0,0.0,0.0,0.0,0.0,0.0,0.0,0.0,0.0,0.0,0.0,0.0,0.0,0.0,0.0,0.0,0.0,0.0,0.0,0.0,0.0,0.0,0.0,0.0,0.0,0.0,0.0,0.0,0.0,0.0,0.0,0.0,0.0,0.0,0.0,0.0,0.0,0.0,0.0,0.0,0.0,0.0,0.0,
0.0,-0.053,-0.023,-0.018,0.01,-0.087,-0.046,-0.061,-0.038,-0.053,-0.043,-0.049,-0.032,-0.053,-0.043,-0.049,-0.032,-0.053,-0.043,-0.049,-0.032,-0.053,-0.043,-0.049,-0.032,-0.053,-0.043,-0.049,-0.032,-0.053,-0.043,-0.049,-0.032,-0.053,-0.043,-0.049,-0.032,-0.053,-0.043,-0.049,-0.032,-0.053,-0.043,-0.049,-0.032,-0.053,-0.043,-0.049,-0.032,-0.053,-0.043,-0.049,-0.032,-0.053,-0.043,-0.049,-0.032,-0.053,-0.043,-0.049,-0.032,-0.053,-0.043,-0.049,-0.032,-0.053,-0.043,-0.049,-0.032,-0.053,-0.043,-0.049,-0.032,-0.053,-0.043,-0.049,-0.032,-0.053,-0.043,-0.049,-0.032,-0.053,-0.043,-0.049,-0.032,-0.053,-0.043,-0.049,-0.032,-0.053,-0.043,-0.049,-0.032,-0.053,-0.043,-0.049,-0.032,-0.053,-0.043,-0.005,
-0.02,-0.001,-0.022,-0.002,-0.013,0.0,-0.019,-0.016,0.029,-0.001,-0.013,0.011,0.004,-0.007,0.032,-0.001,-0.015,0.02,0.005,0.0,0.012,-0.016,-0.021,-0.001,-0.016,-0.015,0.012,-0.028,-0.016,0.031,0.003,0.0,-0.023,0.005,-0.007,-0.003,-0.016,-0.015,0.012,0.003,-0.013,-0.002,0.0,-0.011,-0.019,-0.019,-0.004,0.031,-0.026,-0.028,0.027,0.003,0.002,0.03,-0.001,-0.013,0.011,-0.025,-0.026,0.008,-0.019,-0.028,0.012,0.003,-0.027,0.012,-0.023,-0.016,-0.001,0.003,-0.016,0.009,-0.022,-0.027,0.012,-0.019,-0.016,0.005,-0.01,-0.02,0.027,-0.013,-0.011,0.03,-0.016,-0.027,-0.015,-0.011,-0.045,0.02,-0.018,-0.007,0.007,-0.011,-0.02,-0.002,-0.018,-0.011,0.008,-0.002,
-0.02,0.002,-0.032,-0.003,-0.084,0.0,-0.063,-0.012,-0.063,-0.013,-0.063,-0.013,-0.063,-0.014,-0.063,-0.014,-0.063,-0.015,-0.063,-0.016,-0.063,-0.016,-0.063,-0.017,-0.063,-0.017,-0.063,-0.002,-0.063,-0.004,-0.036,-0.034,-0.036,-0.035,-0.036,-0.035,-0.036,-0.036,-0.036,-0.04,-0.036,-0.014,-0.063,-0.016,-0.063,-0.017,-0.063,-0.017,-0.063,-0.002,-0.063,-0.004,-0.036,-0.034,-0.036,-0.035,-0.036,-0.035,-0.036,-0.036,-0.036,-0.04,-0.036,-0.014,-0.063,-0.016,-0.063,-0.017,-0.063,-0.017,-0.063,-0.002,-0.063,-0.004,-0.036,-0.034,-0.036,-0.035,-0.036,-0.035,-0.036,-0.036,-0.036,-0.04,-0.036,-0.014,-0.063,-0.016,-0.063,-0.017,-0.063,-0.017,-0.063,-0.002,-0.063,-0.004,-0.036,-0.034,-0.036,0.039,
0.0,0.0,-0.076,0.0,-0.033,-0.076,-0.105,0.016,0.0,-0.076,-0.067,0.0,-0.076,-0.102,-0.076,0.0,-0.065,-0.076,-0.076,-0.102,-0.076,0.0,-0.065,-0.076,-0.076,-0.102,-0.076,0.0,-0.065,-0.076,-0.076,-0.102,-0.076,0.0,-0.065,-0.076,-0.076,-0.102,-0.076,0.0,-0.065,-0.076,-0.076,-0.102,-0.076,0.0,-0.065,-0.076,-0.076,-0.102,-0.076,0.0,-0.065,-0.076,-0.076,-0.102,-0.076,0.0,-0.065,-0.076,-0.076,-0.102,-0.076,0.0,-0.065,-0.076,-0.076,-0.102,-0.076,0.0,-0.065,-0.076,-0.076,-0.102,-0.076,0.0,-0.065,-0.076,-0.076,-0.102,-0.076,0.0,-0.065,-0.076,-0.076,-0.102,-0.076,0.0,-0.065,-0.076,-0.076,-0.102,-0.076,0.0,-0.065,-0.076,-0.076,-0.102,-0.076,-0.003,
-0.05,0.028,-0.147,0.017,0.011,-0.002,0.059,-0.066,0.02,-0.102,0.021,-0.102,0.019,-0.096,0.019,-0.096,0.019,-0.096,0.019,-0.096,0.019,-0.096,0.019,-0.096,0.019,-0.096,0.019,-0.096,0.019,-0.069,0.02,-0.131,0.056,-0.122,0.019,-0.11,0.019,-0.11,0.019,-0.11,0.019,-0.11,0.019,-0.11,0.019,-0.11,0.019,-0.11,0.019,-0.11,0.019,-0.11,0.019,-0.11,0.019,-0.11,0.019,-0.11,0.019,-0.11,0.019,-0.11,0.019,-0.11,0.019,-0.11,0.019,-0.11,0.019,-0.11,0.019,-0.11,0.019,-0.11,0.019,-0.11,0.019,-0.11,0.019,-0.11,0.019,-0.11,0.019,-0.11,0.019,-0.11,0.019,-0.11,0.019,-0.002,0.009,-0.027,0.009,-0.027,0.008,-0.027,0.008,-0.027,0.008,0.003,
-0.058,-0.043,-0.034,-0.124,0.002,-0.063,0.046,-0.027,-0.043,-0.026,0.042,-0.086,-0.013,-0.04,0.047,-0.083,-0.012,-0.04,0.047,-0.083,-0.012,-0.04,0.047,-0.083,-0.013,-0.04,0.047,-0.083,-0.013,-0.04,0.047,-0.083,-0.012,-0.04,0.047,-0.083,-0.012,-0.04,0.047,-0.083,-0.013,-0.04,0.047,-0.083,-0.013,-0.04,0.047,-0.083,-0.012,-0.04,0.047,-0.083,-0.012,-0.04,0.047,-0.083,-0.012,-0.04,0.047,-0.083,-0.012,-0.04,0.047,-0.083,-0.013,-0.04,0.047,-0.083,-0.013,-0.04,0.047,-0.083,-0.012,-0.022,0.047,-0.083,-0.012,-0.04,0.047,-0.083,-0.012,-0.04,0.047,-0.083,-0.013,-0.04,0.047,-0.083,-0.012,-0.04,0.047,-0.083,-0.012,-0.022,0.047,-0.083,-0.012,-0.04,0.047,-0.062,
0.0,0.003,-0.008,-0.032,0.017,-0.055,-0.08,-0.127,0.02,0.003,0.016,-0.129,0.082,-0.081,-0.001,-0.118,-0.084,0.083,-0.093,0.009,-0.056,0.003,-0.078,0.007,-0.054,0.083,-0.034,0.004,-0.057,0.003,-0.084,0.088,-0.052,0.08,-0.076,0.088,-0.053,0.083,-0.092,0.006,-0.056,0.004,-0.117,0.009,-0.054,0.083,-0.072,0.009,-0.098,0.022,-0.102,-0.03,-0.058,0.003,-0.116,0.009,-0.056,0.083,-0.08,0.088,-0.053,0.083,-0.075,0.009,-0.01,0.0,-0.079,0.009,-0.058,-0.047,-0.107,0.018,-0.054,0.083,-0.088,0.009,-0.054,0.004,-0.103,0.085,-0.052,0.083,-0.051,0.009,-0.07,-0.016,-0.108,0.088,-0.052,0.082,-0.051,0.009,-0.058,0.036,-0.085,0.009,-0.054,0.004,-0.105,0.025,
0.0,-0.018,0.028,-0.03,0.006,0.027,-0.008,0.027,-0.004,0.027,-0.008,0.027,-0.008,0.027,-0.008,0.027,-0.008,0.027,-0.008,0.027,-0.004,0.027,-0.008,0.027,-0.008,0.027,-0.008,0.027,-0.008,0.027,-0.008,0.027,0.003,0.027,-0.004,0.026,-0.007,0.026,0.012,-0.012,0.021,0.0,-0.003,0.018,0.0,-0.001,0.007,-0.001,0.007,-0.001,0.007,-0.001,0.007,-0.001,0.007,-0.001,0.007,-0.001,0.007,-0.001,0.007,-0.001,0.007,0.023,0.014,0.009,0.009,0.004,0.016,-0.015,0.02,-0.02,0.018,-0.021,0.018,-0.024,0.019,-0.022,0.019,-0.022,0.019,-0.033,0.018,-0.021,0.018,-0.021,0.018,-0.033,0.018,-0.033,0.018,-0.033,0.018,-0.024,0.019,-0.022,0.019,-0.022,0.019,-0.017,
0.009,-0.069,-0.037,-0.027,-0.027,-0.023,-0.056,-0.051,-0.056,-0.045,-0.051,-0.061,0.0,-0.06,0.001,-0.061,0.001,-0.061,0.001,-0.061,0.001,-0.061,0.001,-0.061,0.001,-0.061,0.001,-0.061,0.001,-0.061,0.001,-0.061,0.001,-0.061,0.001,-0.061,0.001,-0.061,0.001,-0.061,0.001,-0.061,0.001,-0.061,0.001,-0.061,0.001,-0.061,0.001,-0.061,0.001,-0.061,0.001,-0.061,0.001,-0.061,0.001,-0.061,0.001,-0.061,0.001,-0.061,0.001,-0.061,0.001,-0.061,0.001,-0.061,0.001,-0.061,0.001,-0.061,0.001,-0.061,0.001,-0.061,0.001,-0.061,0.001,-0.061,0.001,-0.061,0.001,-0.061,0.001,-0.061,0.001,-0.061,0.001,-0.061,0.001,-0.061,0.001,-0.061,0.001,-0.061,0.001,-0.061,0.001,0.0,
0.0,-0.013,0.0,0.0,-0.11,0.0,-0.094,0.0,0.0,0.0,0.0,-0.014,-0.088,-0.002,-0.028,0.0,0.0,0.0,-0.094,-0.064,0.0,0.0,-0.106,0.0,-0.094,-0.064,0.0,-0.008,-0.106,0.0,-0.094,-0.064,0.0,-0.008,-0.106,0.0,-0.094,-0.064,0.0,-0.008,-0.106,0.0,-0.094,-0.064,0.0,-0.008,-0.106,0.0,-0.094,-0.064,0.0,-0.008,-0.106,0.0,-0.094,-0.064,0.0,-0.008,-0.106,0.0,-0.094,-0.064,0.0,-0.008,-0.106,0.0,-0.094,-0.064,0.0,-0.008,-0.106,0.0,-0.094,-0.064,0.0,-0.008,-0.106,0.0,-0.094,-0.064,0.0,-0.008,-0.106,0.0,-0.094,-0.064,0.0,-0.008,-0.106,0.0,-0.094,-0.064,0.0,-0.008,-0.106,0.0,-0.094,-0.064,0.0,-0.008,
0.0,0.0,0.0,-0.041,0.0,0.0,-0.017,-0.001,-0.017,-0.001,-0.017,-0.001,-0.017,-0.001,-0.017,-0.001,-0.017,-0.001,-0.017,-0.001,-0.017,-0.001,-0.017,-0.001,-0.017,-0.001,-0.017,-0.001,-0.017,-0.001,-0.017,-0.001,-0.017,-0.001,-0.017,-0.001,-0.017,-0.001,-0.017,-0.001,-0.017,-0.001,-0.017,-0.001,-0.017,-0.001,-0.017,-0.001,-0.017,-0.001,-0.017,-0.001,-0.017,-0.001,-0.017,-0.001,-0.017,-0.001,-0.017,-0.001,-0.017,-0.001,-0.017,-0.001,-0.017,-0.001,-0.017,-0.001,-0.017,-0.001,-0.017,-0.001,-0.017,-0.001,-0.017,-0.001,-0.017,-0.001,-0.017,-0.001,-0.017,-0.001,-0.017,-0.001,-0.017,-0.001,-0.017,-0.001,-0.017,-0.001,-0.017,-0.001,-0.017,-0.001,-0.017,-0.001,-0.017,-0.001,-0.017,0.0,
0.0,-0.178,0.019,-0.042,-0.048,-0.059,-0.066,-0.076,-0.058,-0.082,-0.035,-0.048,-0.009,-0.074,-0.062,-0.066,-0.035,-0.068,-0.061,-0.02,-0.048,-0.061,-0.074,-0.067,-0.082,-0.067,-0.02,-0.059,-0.035,-0.059,-0.035,-0.059,-0.035,-0.059,-0.035,-0.059,-0.035,-0.059,-0.035,-0.059,-0.035,-0.059,-0.035,-0.059,-0.035,-0.059,-0.035,-0.059,-0.035,-0.059,-0.035,-0.059,-0.035,-0.059,-0.035,-0.059,-0.035,-0.059,-0.035,-0.059,-0.035,-0.059,-0.035,-0.059,-0.035,-0.059,-0.035,-0.059,-0.035,-0.059,-0.035,-0.059,-0.035,-0.059,-0.035,-0.059,-0.035,-0.059,-0.035,-0.059,-0.035,-0.059,-0.035,-0.059,-0.035,-0.059,-0.035,-0.059,-0.035,-0.059,-0.035,-0.059,-0.035,-0.059,-0.035,-0.059,-0.035,-0.059,-0.035,-0.005,
-0.061,-0.02,-0.032,-0.092,0.02,0.035,-0.006,0.007,0.002,0.001,-0.032,-0.089,0.011,-0.081,0.01,0.041,-0.16,0.055,-0.016,-0.06,0.008,-0.058,-0.061,-0.05,-0.061,-0.043,-0.06,-0.036,-0.062,-0.044,-0.015,-0.019,0.008,-0.02,0.005,-0.021,0.005,-0.021,0.005,-0.021,0.005,-0.021,0.005,-0.021,0.005,-0.021,0.005,-0.021,0.005,-0.021,0.005,-0.021,0.005,-0.021,0.005,-0.021,0.005,-0.021,0.005,-0.021,0.005,-0.021,0.005,-0.021,0.005,-0.021,0.005,-0.021,0.005,-0.021,0.005,-0.021,0.005,-0.021,0.005,-0.021,0.005,-0.021,0.005,-0.021,0.005,-0.021,0.005,-0.021,0.005,-0.021,0.005,-0.021,0.005,-0.021,0.005,-0.021,0.005,-0.021,0.005,-0.021,0.005,-0.021,0.005,0.0,
-0.1,0.043,0.0,0.0,0.0,0.0,0.0,0.0,0.0,0.0,0.0,0.0,0.0,0.0,0.0,0.0,0.0,0.0,0.0,0.0,0.0,0.0,0.0,0.0,0.0,0.0,0.0,0.0,0.0,0.0,0.0,0.0,0.0,0.0,0.0,0.0,0.0,0.0,0.0,0.0,0.0,0.0,0.0,0.0,0.0,0.0,0.0,0.0,0.0,0.0,0.0,0.0,0.0,0.0,0.0,0.0,0.0,0.0,0.0,0.0,0.0,0.0,0.0,0.0,0.0,0.0,0.0,0.0,0.0,0.0,0.0,0.0,0.0,0.0,0.0,0.0,0.0,0.0,0.0,0.0,0.0,0.0,0.0,0.0,0.0,0.0,0.0,0.0,0.0,0.0,0.0,0.0,0.0,0.0,0.0,0.0,0.0,0.0,0.0,0.0,
0.0,0.0,0.0,0.0,0.0,0.0,0.0,0.0,0.0,0.0,0.0,0.0,0.0,0.0,0.0,0.0,0.0,0.0,0.0,0.0,0.0,0.0,0.0,0.0,0.0,0.0,0.0,0.0,0.0,0.0,0.0,0.0,0.0,0.0,0.0,0.0,0.0,0.0,0.0,0.0,0.0,0.0,0.0,0.0,0.0,0.0,0.0,0.0,0.0,0.0,0.0,0.0,0.0,0.0,0.0,0.0,0.0,0.0,0.0,0.0,0.0,0.0,0.0,0.0,0.0,0.0,0.0,0.0,0.0,0.0,0.0,0.0,0.0,0.0,0.0,0.0,0.0,0.0,0.0,0.0,0.0,0.0,0.0,0.0,0.0,0.0,0.0,0.0,0.0,0.0,0.0,0.0,0.0,0.0,0.0,0.0,0.0,0.0,0.0,0.0,
0.0,0.0,0.0,0.0,0.0,0.0,0.0,0.0,0.0,0.0,0.0,0.0,0.0,0.0,0.0,0.0,0.0,0.0,0.0,0.0,0.0,0.0,0.0,0.0,0.0,0.0,0.0,0.0,0.0,0.0,0.0,0.0,0.0,0.0,0.0,0.0,0.0,0.0,0.0,0.0,0.0,0.0,0.0,0.0,0.0,0.0,0.0,0.0,0.0,0.0,0.0,0.0,0.0,0.0,0.0,0.0,0.0,0.0,0.0,0.0,0.0,0.0,0.0,0.0,0.0,0.0,0.0,0.0,0.0,0.0,0.0,0.0,0.0,0.0,0.0,0.0,0.0,0.0,0.0,0.0,0.0,0.0,0.0,0.0,0.0,0.0,0.0,0.0,0.0,0.0,0.0,0.0,0.0,0.0,0.0,0.0,0.0,0.0,0.0,0.0,
0.0,-0.017,-0.006,-0.018,-0.006,-0.018,-0.006,-0.018,-0.006,-0.018,-0.006,-0.018,-0.006,-0.018,-0.006,-0.018,-0.006,-0.018,-0.006,-0.018,-0.006,-0.018,-0.006,-0.018,-0.006,-0.018,-0.006,-0.018,-0.006,-0.018,-0.006,-0.018,-0.006,-0.018,-0.006,-0.018,-0.006,-0.018,-0.006,-0.018,-0.006,-0.018,-0.006,-0.018,-0.006,-0.018,-0.006,-0.018,-0.006,-0.018,-0.006,-0.018,-0.006,-0.018,-0.006,-0.018,-0.006,-0.018,-0.006,-0.018,-0.006,-0.018,-0.006,-0.018,-0.006,-0.018,-0.006,-0.018,-0.006,-0.018,-0.006,-0.018,-0.006,-0.018,-0.006,-0.018,-0.006,-0.018,-0.006,-0.018,-0.006,-0.018,-0.006,-0.018,-0.006,-0.018,-0.006,-0.018,-0.006,-0.018,-0.006,-0.018,-0.006,-0.018,-0.006,-0.018,-0.006,-0.018,-0.006,-0.018,
0.0,-0.032,-0.067,-0.059,-0.064,-0.059,-0.064,-0.059,-0.064,-0.059,-0.064,-0.059,-0.064,-0.059,-0.064,-0.059,-0.064,-0.059,-0.064,-0.059,-0.064,-0.059,-0.064,-0.059,-0.064,-0.059,-0.064,-0.059,-0.064,-0.059,-0.064,-0.059,-0.064,-0.059,-0.064,-0.059,-0.064,-0.059,-0.064,-0.059,-0.064,-0.059,-0.064,-0.059,-0.064,-0.059,-0.064,-0.059,-0.064,-0.059,-0.064,-0.059,-0.064,-0.059,-0.064,-0.059,-0.064,-0.059,-0.064,-0.059,-0.064,-0.059,-0.064,-0.059,-0.064,-0.059,-0.064,-0.059,-0.064,-0.059,-0.064,-0.059,-0.064,-0.059,-0.064,-0.059,-0.064,-0.059,-0.064,-0.059,-0.064,-0.059,-0.064,-0.059,-0.064,-0.059,-0.064,-0.059,-0.064,-0.059,-0.064,-0.059,-0.064,-0.059,-0.064,-0.059,-0.064,-0.059,-0.064,0.021,
0.0,-0.005,0.0,0.0,-0.009,-0.016,-0.003,-0.114,-0.12,-0.028,0.0,0.0,-0.009,-0.016,-0.003,-0.114,-0.12,-0.028,0.0,0.0,-0.009,-0.016,-0.003,-0.114,-0.12,-0.028,0.0,0.0,-0.009,-0.016,-0.003,-0.114,-0.12,-0.028,0.0,0.0,-0.009,-0.016,-0.003,-0.114,-0.12,-0.028,0.0,0.0,-0.009,-0.016,-0.003,-0.114,-0.12,-0.028,0.0,0.0,-0.009,-0.016,-0.003,-0.114,-0.12,-0.028,0.0,0.0,-0.009,-0.016,-0.003,-0.114,-0.12,-0.028,0.0,0.0,-0.009,-0.016,-0.003,-0.114,-0.12,-0.028,0.0,0.0,-0.009,-0.016,-0.003,-0.114,-0.12,-0.028,0.0,0.0,-0.009,-0.016,-0.003,-0.114,-0.12,-0.028,0.0,0.0,-0.009,-0.016,-0.003,-0.114,-0.12,-0.028,0.0,0.0,
0.075,-0.064,0.091,-0.073,0.051,-0.023,0.0,-0.051,0.002,0.037,-0.01,-0.004,0.037,0.035,0.003,0.019,0.001,0.0,0.0,-0.035,0.001,0.0,0.001,-0.013,0.001,0.035,-0.135,0.005,0.001,-0.083,0.013,0.004,0.001,0.0,0.0,-0.001,0.046,0.0,-0.001,0.008,0.001,0.0,0.051,-0.006,0.001,0.0,-0.004,0.008,0.001,0.0,0.008,-0.006,0.001,0.036,0.001,0.001,0.001,-0.001,-0.003,0.008,0.001,0.0,0.043,0.002,0.001,0.037,0.003,0.002,0.003,0.0,0.006,-0.006,0.001,0.0,0.049,0.016,0.001,0.0,-0.006,-0.026,0.001,0.0,-0.141,0.005,0.001,-0.083,0.013,0.004,0.001,0.0,-0.001,0.008,0.001,0.0,-0.001,0.008,0.001,0.0,0.004,0.048,
-0.051,0.0,-0.05,-0.032,-0.037,-0.034,-0.037,-0.032,-0.045,-0.032,-0.045,-0.032,-0.045,-0.032,-0.045,-0.032,-0.045,-0.032,-0.045,-0.032,-0.045,-0.032,-0.045,-0.032,-0.045,-0.032,-0.045,-0.032,-0.045,-0.032,-0.045,-0.032,-0.045,-0.032,-0.045,-0.032,-0.045,-0.032,-0.045,-0.032,-0.045,-0.032,-0.045,-0.032,-0.045,-0.032,-0.045,-0.032,-0.045,-0.032,-0.045,-0.032,-0.045,-0.032,-0.045,-0.032,-0.045,-0.032,-0.045,-0.032,-0.045,-0.032,-0.045,-0.032,-0.045,-0.032,-0.045,-0.032,-0.045,-0.032,-0.045,-0.032,-0.045,-0.032,-0.045,-0.032,-0.045,-0.032,-0.045,-0.032,-0.045,-0.032,-0.045,-0.032,-0.045,-0.032,-0.045,-0.032,-0.045,-0.032,-0.045,-0.032,-0.045,-0.032,-0.045,-0.032,-0.045,-0.032,-0.045,0.035,
-0.123,-0.12,-0.062,-0.108,-0.061,-0.108,-0.062,-0.104,-0.062,-0.103,-0.061,-0.102,-0.019,-0.099,-0.074,-0.102,-0.061,-0.102,-0.061,-0.102,-0.061,-0.102,-0.061,-0.102,-0.061,-0.102,-0.061,-0.102,-0.061,-0.102,-0.061,-0.102,-0.061,-0.102,-0.061,-0.102,-0.061,-0.102,-0.061,-0.102,-0.061,-0.102,-0.061,-0.102,-0.061,-0.102,-0.061,-0.102,-0.061,-0.102,-0.061,-0.102,-0.061,-0.102,-0.061,-0.102,-0.061,-0.102,-0.061,-0.102,-0.061,-0.102,-0.061,-0.102,-0.061,-0.102,-0.061,-0.102,-0.061,-0.102,-0.061,-0.102,-0.061,-0.102,-0.061,-0.102,-0.061,-0.102,-0.061,-0.102,-0.061,-0.102,-0.061,-0.102,-0.061,-0.102,-0.061,-0.102,-0.061,-0.102,-0.061,-0.102,-0.061,-0.102,-0.061,-0.102,-0.061,-0.102,-0.061,0.001,
-0.025,-0.037,-0.015,-0.045,0.001,-0.04,0.019,-0.04,-0.007,-0.016,-0.003,-0.04,-0.015,-0.052,0.019,-0.04,-0.088,-0.04,0.019,-0.049,0.019,-0.05,0.019,-0.05,0.019,-0.05,0.019,-0.05,0.019,-0.05,0.019,-0.05,0.019,-0.05,0.019,-0.05,0.019,-0.05,0.019,-0.05,0.019,-0.05,0.019,-0.05,0.019,-0.05,0.019,-0.05,0.019,-0.05,0.019,-0.05,0.019,-0.05,0.019,-0.05,0.019,-0.05,0.019,-0.05,0.019,-0.05,0.019,-0.05,0.019,-0.05,0.019,-0.05,0.019,-0.05,0.019,-0.05,0.019,-0.05,0.019,-0.05,0.019,-0.05,0.019,-0.05,0.019,-0.05,0.019,-0.05,0.019,-0.05,0.019,-0.05,0.019,-0.05,0.019,-0.05,0.019,-0.05,0.019,-0.05,0.019,-0.05,0.019,0.0,
-0.006,0.0,-0.003,-0.029,-0.027,0.003,-0.032,-0.016,-0.018,-0.017,-0.028,-0.007,-0.025,-0.03,-0.013,-0.035,-0.027,-0.014,-0.035,-0.03,-0.013,-0.035,-0.027,-0.014,-0.035,-0.03,-0.013,-0.035,-0.027,-0.014,-0.035,-0.03,-0.013,-0.035,-0.027,-0.014,-0.035,-0.03,-0.013,-0.035,-0.027,-0.014,-0.035,-0.03,-0.013,-0.035,-0.027,-0.014,-0.035,-0.03,-0.013,-0.035,-0.027,-0.014,-0.035,-0.03,-0.013,-0.035,-0.027,-0.014,-0.035,-0.03,-0.013,-0.035,-0.027,-0.014,-0.035,-0.03,-0.013,-0.035,-0.027,-0.014,-0.035,-0.03,-0.013,-0.035,-0.027,-0.014,-0.035,-0.03,-0.013,-0.035,-0.027,-0.014,-0.035,-0.03,-0.013,-0.035,-0.027,-0.014,-0.035,-0.03,-0.013,-0.035,-0.027,-0.014,-0.035,-0.03,-0.013,-0.007,
-0.083,0.012,-0.029,0.002,0.0,0.0,0.0,0.0,0.0,0.0,0.0,0.0,0.0,0.0,0.0,0.0,-0.025,0.0,0.0,0.0,-0.02,0.0,0.0,0.0,-0.013,0.0,0.0,0.0,0.0,0.0,0.0,0.0,0.0,0.0,0.0,0.0,-0.022,0.0,0.0,0.0,0.0,0.0,-0.022,0.0,0.0,0.0,0.0,0.0,0.0,0.0,0.0,0.0,-0.022,0.0,0.0,0.0,0.0,0.0,0.0,0.0,0.0,0.0,0.0,0.0,0.0,0.0,0.0,0.0,0.0,0.0,0.0,0.0,0.0,0.0,0.0,0.0,0.0,0.0,0.0,0.0,0.0,0.0,0.0,0.0,0.0,0.0,0.0,0.0,-0.022,0.0,0.0,0.0,0.0,0.0,0.0,0.0,0.0,0.0,-0.021,0.007,
-0.059,0.001,-0.029,-0.005,-0.04,0.0,0.0,0.0,-0.017,-0.045,0.0,-0.042,-0.002,-0.042,-0.002,-0.042,-0.002,-0.042,-0.002,-0.042,-0.002,-0.042,-0.002,-0.042,-0.002,-0.042,-0.002,-0.042,-0.002,-0.042,-0.002,-0.042,-0.002,-0.042,-0.002,-0.042,-0.002,-0.042,-0.002,-0.042,-0.002,-0.042,-0.002,-0.042,-0.002,-0.042,-0.002,-0.042,-0.002,-0.042,-0.002,-0.042,-0.002,-0.042,-0.002,-0.042,-0.002,-0.042,-0.002,-0.042,-0.002,-0.042,-0.002,-0.042,-0.002,-0.042,-0.002,-0.042,-0.002,-0.042,-0.002,-0.042,-0.002,-0.042,-0.002,-0.042,-0.002,-0.042,-0.002,-0.042,-0.002,-0.042,-0.002,-0.042,-0.002,-0.042,-0.002,-0.042,-0.002,-0.042,-0.002,-0.042,-0.002,-0.042,-0.002,-0.042,-0.002,-0.042,-0.002,-0.032,
0.0,0.0,-0.119,-0.11,-0.01,-0.106,-0.015,-0.106,-0.017,-0.106,-0.017,-0.106,-0.017,-0.106,-0.017,-0.106,-0.017,-0.106,-0.017,-0.106,-0.017,-0.106,-0.017,-0.106,-0.017,-0.106,-0.017,-0.106,-0.017,-0.106,-0.017,-0.106,-0.017,-0.106,-0.017,-0.106,-0.017,-0.106,-0.017,-0.106,-0.017,-0.106,-0.017,-0.106,-0.017,-0.106,-0.017,-0.106,-0.017,-0.106,-0.017,-0.106,-0.017,-0.106,-0.017,-0.106,-0.017,-0.106,-0.017,-0.106,-0.017,-0.106,-0.017,-0.106,-0.017,-0.106,-0.017,-0.106,-0.017,-0.106,-0.017,-0.106,-0.017,-0.106,-0.017,-0.106,-0.017,-0.106,-0.017,-0.106,-0.017,-0.106,-0.017,-0.106,-0.017,-0.106,-0.017,-0.106,-0.017,-0.106,-0.017,-0.106,-0.017,-0.106,-0.017,-0.106,-0.017,-0.106,-0.017,-0.035,
0.0,-0.013,0.0,0.0,-0.03,0.047,-0.006,0.0,0.0,0.0,0.0,0.0,0.0,0.0,-0.009,0.0,-0.009,0.0,-0.001,0.0,0.0,0.0,0.0,0.0,-0.009,0.0,-0.009,0.0,-0.001,0.0,0.0,0.0,0.0,0.0,-0.009,0.0,-0.009,0.0,-0.001,0.0,0.0,0.0,0.0,0.0,-0.009,0.0,-0.009,0.0,-0.001,0.0,0.0,0.0,0.0,0.0,-0.009,0.0,-0.009,0.0,-0.001,0.0,0.0,0.0,0.0,0.0,-0.009,0.0,-0.009,0.0,-0.001,0.0,0.0,0.0,0.0,0.0,-0.009,0.0,-0.009,0.0,-0.001,0.0,0.0,0.0,0.0,0.0,-0.009,0.0,-0.009,0.0,-0.001,0.0,0.0,0.0,0.0,0.0,-0.009,0.0,-0.009,0.0,-0.001,0.0,
0.0,-0.089,0.043,-0.091,0.043,-0.091,0.043,-0.091,0.043,-0.091,0.043,-0.091,0.043,-0.091,0.043,-0.091,0.043,-0.091,0.043,-0.092,0.043,-0.091,0.043,-0.091,0.043,-0.091,0.043,-0.091,0.043,-0.091,0.043,-0.091,0.043,-0.091,0.043,-0.091,0.043,-0.091,0.043,-0.091,0.043,-0.091,0.043,-0.091,0.043,-0.091,0.043,-0.091,0.043,-0.091,0.043,-0.091,0.043,-0.091,0.043,-0.092,0.043,-0.091,0.043,-0.091,0.043,-0.091,0.043,-0.091,0.043,-0.092,0.043,-0.091,0.043,-0.091,0.043,-0.091,0.043,-0.091,0.043,-0.091,0.043,-0.091,0.043,-0.091,0.043,-0.091,0.043,-0.091,0.043,-0.091,0.043,-0.091,0.043,-0.091,0.043,-0.091,0.043,-0.091,0.043,-0.091,0.043,-0.091,0.043,0.0,
0.01,-0.026,-0.032,0.014,-0.013,-0.031,-0.03,0.009,-0.011,0.009,-0.014,0.009,-0.014,0.009,-0.017,0.009,-0.011,0.009,-0.001,0.011,0.011,-0.04,0.011,-0.021,0.011,-0.024,0.011,-0.037,0.011,-0.037,0.011,-0.03,0.011,-0.03,0.011,-0.026,0.011,-0.036,0.011,-0.03,0.011,-0.03,0.011,-0.026,0.011,-0.03,0.011,-0.037,0.011,-0.037,0.011,-0.037,0.011,-0.03,0.011,-0.03,0.011,-0.03,0.011,-0.03,0.011,-0.037,0.011,-0.036,0.011,-0.037,0.011,-0.03,0.011,-0.026,0.011,-0.03,0.011,-0.04,0.011,-0.026,0.011,-0.03,0.011,-0.037,0.011,-0.026,0.011,-0.037,0.011,-0.026,0.011,-0.037,0.011,-0.025,0.011,-0.026,0.011,-0.037,0.011,-0.026,0.011,-0.037,0.011,-0.002,
-0.062,-0.011,-0.113,-0.025,0.006,-0.072,-0.012,-0.035,-0.06,-0.013,-0.01,-0.031,-0.018,-0.086,0.009,-0.037,-0.06,-0.013,-0.01,-0.031,-0.045,-0.079,-0.012,-0.035,-0.06,-0.013,-0.01,-0.031,-0.018,-0.086,0.009,-0.037,-0.06,-0.013,0.009,-0.035,-0.021,0.0,0.008,-0.035,-0.021,0.0,0.008,-0.035,-0.021,0.0,0.008,-0.035,-0.021,0.0,0.008,-0.035,-0.021,0.0,0.008,-0.035,-0.021,0.0,0.008,-0.035,-0.021,0.0,0.008,-0.035,-0.021,0.0,0.008,-0.035,-0.021,0.0,0.008,-0.035,-0.021,0.0,0.008,-0.035,-0.021,0.0,0.008,-0.035,-0.021,0.0,0.008,-0.035,-0.021,0.0,0.008,-0.035,-0.021,0.0,0.008,-0.035,-0.021,0.0,0.008,-0.035,-0.021,0.0,0.008,-0.013,
-0.04,-0.017,-0.003,-0.013,0.0,-0.019,0.001,-0.024,0.0,-0.024,0.0,-0.019,0.001,-0.024,0.0,-0.024,0.0,-0.019,0.001,-0.024,0.0,-0.024,0.0,-0.019,0.001,-0.024,0.0,-0.024,0.0,-0.019,0.001,-0.024,0.0,-0.024,0.0,-0.019,0.001,-0.024,0.0,-0.024,0.0,-0.019,0.001,-0.024,0.0,-0.024,0.0,-0.019,0.001,-0.024,0.0,-0.024,0.0,-0.019,0.001,-0.024,0.0,-0.024,0.0,-0.019,0.001,-0.024,0.0,-0.024,0.0,-0.019,0.001,-0.024,0.0,-0.024,0.0,-0.019,0.001,-0.024,0.0,-0.024,0.0,-0.019,0.001,-0.024,0.0,-0.024,0.0,-0.019,0.001,-0.024,0.0,-0.024,0.0,-0.019,0.001,-0.024,0.0,-0.024,0.0,-0.019,0.001,-0.024,0.0,0.0,
0.0,0.04,0.0,-0.022,0.0,-0.008,0.0,-0.006,0.0,-0.022,0.0,-0.006,0.0,-0.006,0.0,-0.022,0.0,-0.006,0.0,-0.006,0.0,-0.022,0.0,-0.006,0.0,-0.006,0.0,-0.022,0.0,-0.006,0.0,-0.006,0.0,-0.022,0.0,-0.006,0.0,-0.006,0.0,-0.022,0.0,-0.006,0.0,-0.006,0.0,-0.022,0.0,-0.006,0.0,-0.006,0.0,-0.022,0.0,-0.006,0.0,-0.006,0.0,-0.022,0.0,-0.006,0.0,-0.006,0.0,-0.022,0.0,-0.006,0.0,-0.006,0.0,-0.022,0.0,-0.006,0.0,-0.006,0.0,-0.022,0.0,-0.006,0.0,-0.006,0.0,-0.022,0.0,-0.006,0.0,-0.006,0.0,-0.022,0.0,-0.006,0.0,-0.006,0.0,-0.022,0.0,-0.006,0.0,-0.006,0.0,0.001,
-0.07,0.008,-0.083,0.013,-0.138,-0.02,-0.127,0.046,-0.176,0.044,-0.104,0.006,-0.134,0.057,-0.176,0.017,-0.038,-0.039,-0.049,-0.002,-0.059,-0.037,-0.059,-0.058,-0.038,-0.035,-0.077,-0.033,-0.083,-0.01,-0.052,-0.035,-0.055,-0.008,-0.053,0.032,-0.104,-0.008,-0.138,0.065,-0.114,0.054,-0.1,-0.038,-0.108,-0.04,-0.112,0.067,-0.138,0.055,-0.138,-0.038,-0.053,-0.019,-0.055,-0.075,-0.049,-0.019,-0.04,-0.002,-0.092,-0.009,-0.08,-0.036,-0.126,0.065,-0.134,0.046,-0.179,0.061,-0.147,0.062,-0.138,0.029,-0.086,0.022,-0.038,-0.001,-0.048,0.008,-0.078,-0.049,-0.031,-0.03,-0.042,-0.068,-0.021,-0.028,-0.06,-0.002,-0.042,-0.067,-0.023,-0.067,-0.038,-0.028,-0.051,-0.054,-0.038,0.023,
0.0,0.0,0.0,0.041,0.0,0.043,0.0,0.038,0.0,0.0,0.0,0.04,0.0,0.04,0.0,0.0,0.0,0.0,0.0,0.039,0.0,0.037,0.0,0.04,0.0,0.04,0.0,0.04,0.0,0.04,0.0,0.0,0.0,0.0,0.0,0.0,0.0,0.039,0.0,0.037,0.0,0.0,0.0,0.0,0.0,0.039,0.0,0.0,0.0,0.039,0.0,0.0,0.0,0.039,0.0,0.039,0.0,0.0,0.0,0.0,0.0,0.0,0.0,0.0,0.0,0.0,0.0,0.039,0.0,0.039,0.0,0.039,0.0,0.0,0.0,0.039,0.0,0.0,0.0,0.0,0.0,0.0,0.0,0.0,0.0,0.039,0.0,0.04,0.0,0.037,0.0,0.0,0.0,0.039,0.0,0.0,0.0,0.04,0.0,0.041,
0.0,0.0,0.0,0.0,0.0,0.0,0.0,0.0,0.0,0.0,0.0,0.0,0.0,0.0,0.0,0.0,0.0,0.0,0.0,0.0,0.0,0.0,0.0,0.0,0.0,0.0,0.0,0.0,0.0,0.0,0.0,0.0,0.0,0.0,0.0,0.0,0.0,0.0,0.0,0.0,0.0,0.0,0.0,0.0,0.0,0.0,0.0,0.0,0.0,0.0,0.0,0.0,0.0,0.0,0.0,0.0,0.0,0.0,0.0,0.0,0.0,0.0,0.0,0.0,0.0,0.0,0.0,0.0,0.0,0.0,0.0,0.0,0.0,0.0,0.0,0.0,0.0,0.0,0.0,0.0,0.0,0.0,0.0,0.0,0.0,0.0,0.0,0.0,0.0,0.0,0.0,0.0,0.0,0.0,0.0,0.0,0.0,0.0,0.0,0.0,
-0.098,0.037,-0.1,-0.096,-0.092,-0.016,-0.185,-0.104,-0.057,0.012,-0.181,0.065,-0.209,0.073,-0.104,0.062,-0.193,0.024,-0.155,0.079,-0.115,0.03,-0.075,0.093,-0.209,0.084,-0.143,0.073,-0.114,0.072,-0.165,0.07,-0.136,0.101,-0.107,-0.033,-0.086,0.031,0.001,0.076,-0.135,0.059,-0.104,-0.018,-0.197,0.066,-0.147,0.057,-0.118,-0.027,-0.08,0.031,0.001,0.073,-0.123,0.057,-0.111,0.024,-0.143,0.063,-0.159,0.07,-0.101,-0.063,-0.067,0.031,0.001,0.074,-0.133,0.062,-0.119,-0.027,-0.208,0.093,-0.086,0.059,-0.102,-0.043,-0.04,0.014,-0.198,0.057,-0.159,0.062,-0.153,0.069,-0.175,0.085,-0.19,0.094,-0.093,0.04,-0.111,0.094,-0.173,0.057,-0.185,0.059,-0.156,0.061,
0.0,-0.095,-0.017,-0.115,-0.022,-0.017,-0.02,0.0,0.0,0.0,-0.004,0.0,-0.004,0.0,-0.004,0.0,-0.004,0.0,-0.004,0.0,-0.004,0.0,-0.004,0.0,-0.004,0.0,-0.004,0.0,-0.004,0.0,-0.004,0.0,-0.004,0.0,-0.004,0.0,-0.004,0.0,-0.004,0.0,-0.004,0.0,-0.004,0.0,-0.004,0.0,-0.004,0.0,-0.004,0.0,-0.004,0.0,-0.004,0.0,-0.004,0.0,-0.004,0.0,-0.004,0.0,-0.004,0.0,-0.004,0.0,-0.004,0.0,-0.004,0.0,-0.004,0.0,-0.004,0.0,-0.004,0.0,-0.004,0.0,-0.004,0.0,-0.004,0.0,-0.004,0.0,-0.004,0.0,-0.004,0.0,-0.004,0.0,-0.004,0.0,-0.004,0.0,-0.004,0.0,-0.004,0.0,-0.004,0.0,-0.004,0.0,
0.013,-0.006,-0.042,0.005,-0.065,0.0,-0.02,-0.099,0.0,-0.101,-0.046,-0.008,-0.022,-0.002,-0.036,-0.078,-0.049,-0.002,-0.034,-0.016,-0.1,-0.074,0.006,-0.054,-0.001,-0.033,0.001,-0.074,0.009,-0.078,-0.016,0.0,-0.13,-0.018,-0.05,0.013,-0.084,0.004,-0.036,-0.054,-0.046,-0.123,0.005,-0.07,-0.001,-0.079,-0.004,-0.022,-0.067,0.004,-0.018,-0.074,-0.002,-0.079,-0.015,-0.011,-0.132,-0.003,-0.049,0.0,-0.071,0.004,-0.092,0.0,-0.064,-0.02,-0.029,0.0,-0.144,-0.05,-0.008,-0.042,-0.005,-0.022,0.001,-0.062,-0.054,-0.008,-0.021,0.0,-0.077,-0.058,-0.009,-0.05,-0.002,-0.016,0.001,-0.075,0.006,-0.08,-0.003,-0.005,-0.122,-0.061,-0.01,-0.05,-0.002,-0.016,0.001,-0.002,
0.0,0.0,0.0,0.0,0.0,0.0,0.0,0.0,0.0,0.0,0.0,0.0,0.0,0.0,0.0,0.0,0.0,0.0,0.0,0.0,0.0,0.0,0.0,0.0,0.0,0.0,0.0,0.0,0.0,0.0,0.0,0.0,0.0,0.0,0.0,0.0,0.0,0.0,0.0,0.0,0.0,0.0,0.0,0.0,0.0,0.0,0.0,0.0,0.0,0.0,0.0,0.0,0.0,0.0,0.0,0.0,0.0,0.0,0.0,0.0,0.0,0.0,0.0,0.0,0.0,0.0,0.0,0.0,0.0,0.0,0.0,0.0,0.0,0.0,0.0,0.0,0.0,0.0,0.0,0.0,0.0,0.0,0.0,0.0,0.0,0.0,0.0,0.0,0.0,0.0,0.0,0.0,0.0,0.0,0.0,0.0,0.0,0.0,0.0,0.0,
-0.024,-0.056,0.0,-0.082,0.0,-0.008,-0.025,0.001,0.032,-0.018,0.0,0.0,-0.013,0.0,-0.005,0.004,-0.009,0.001,-0.009,0.0,0.037,-0.011,0.0,-0.012,-0.007,-0.034,-0.063,-0.008,0.0,0.0,-0.008,0.0,-0.005,0.012,-0.064,-0.002,0.013,-0.008,0.034,-0.011,0.0,-0.027,-0.019,-0.001,-0.052,-0.001,0.0,0.01,0.048,0.0,0.0,0.015,-0.038,0.031,-0.018,-0.04,0.014,0.0,0.045,-0.015,0.0,-0.025,0.031,-0.018,-0.013,0.001,0.025,-0.005,0.0,-0.035,0.0,-0.018,0.064,-0.019,0.025,-0.009,-0.005,-0.022,0.047,-0.015,-0.004,0.008,0.0,-0.065,0.0,-0.014,0.026,-0.009,0.024,0.0,0.043,0.006,0.02,-0.012,0.0,0.014,0.0,-0.009,-0.028,0.0,
0.0,-0.053,0.0,-0.047,-0.003,-0.044,0.0,-0.049,-0.041,-0.047,-0.003,-0.044,0.0,-0.049,-0.041,-0.047,-0.003,-0.044,0.0,-0.049,-0.041,-0.047,-0.003,-0.044,0.0,-0.049,-0.041,-0.047,-0.003,-0.044,0.0,-0.049,-0.041,-0.047,-0.003,-0.044,0.0,-0.049,-0.041,-0.047,-0.003,-0.044,0.0,-0.049,-0.041,-0.047,-0.003,-0.044,0.0,-0.049,-0.041,-0.047,-0.003,-0.044,0.0,-0.049,-0.041,-0.047,-0.003,-0.044,0.0,-0.049,-0.041,-0.047,-0.003,-0.044,0.0,-0.049,-0.041,-0.047,-0.003,-0.044,0.0,-0.049,-0.041,-0.047,-0.003,-0.044,0.0,-0.049,-0.041,-0.047,-0.003,-0.044,0.0,-0.049,-0.041,-0.047,-0.003,-0.044,0.0,-0.049,-0.041,-0.047,-0.003,-0.044,0.0,-0.049,-0.041,-0.047,
-0.009,0.03,-0.031,0.07,0.006,0.031,-0.031,0.07,0.006,0.031,-0.031,0.07,0.006,0.031,-0.031,0.07,0.006,0.031,-0.031,0.001,-0.031,0.07,-0.031,0.07,0.006,0.031,-0.031,0.001,-0.031,0.07,-0.031,0.07,0.006,0.031,-0.031,0.001,-0.031,0.0,-0.031,0.0,-0.031,0.0,-0.031,0.0,-0.031,0.0,-0.031,0.07,-0.031,0.07,0.006,0.031,-0.031,0.07,0.006,0.031,-0.031,0.07,0.006,0.031,-0.031,0.001,-0.031,0.07,-0.031,0.07,0.006,0.031,-0.031,0.07,0.006,0.031,-0.031,0.07,0.006,0.031,-0.031,0.001,-0.031,0.07,-0.031,0.001,-0.031,0.0,-0.031,0.0,-0.031,0.07,-0.031,0.07,0.006,0.031,-0.031,0.07,0.006,0.031,-0.031,0.07,0.006,0.031,
-0.039,-0.002,0.0,0.013,-0.002,0.026,-0.036,-0.043,-0.016,-0.027,0.009,-0.041,-0.016,-0.027,-0.015,0.024,-0.027,-0.03,-0.011,-0.016,0.022,-0.024,-0.014,-0.025,-0.019,0.024,-0.01,-0.032,-0.011,-0.018,0.0,-0.032,-0.014,-0.025,-0.019,0.024,-0.01,-0.032,-0.011,-0.018,0.0,-0.032,-0.014,-0.025,-0.019,0.024,-0.01,-0.032,-0.011,-0.018,0.0,-0.032,-0.014,-0.025,-0.019,0.024,-0.01,-0.032,-0.011,-0.018,0.0,-0.032,-0.014,-0.025,-0.019,0.024,-0.01,-0.032,-0.011,-0.018,0.0,-0.032,-0.014,-0.025,-0.019,0.024,-0.01,-0.032,-0.011,-0.018,0.0,-0.032,-0.014,-0.025,-0.019,0.024,-0.01,-0.032,-0.011,-0.018,0.0,-0.032,-0.014,-0.025,-0.019,0.024,-0.01,-0.032,-0.011,0.021,
-0.082,0.001,-0.013,0.019,0.003,-0.025,0.01,-0.02,0.006,-0.02,0.011,-0.02,0.011,-0.02,0.011,-0.02,0.011,-0.02,0.011,-0.02,0.011,-0.02,0.011,-0.02,0.011,-0.02,0.011,-0.02,0.011,-0.02,0.011,-0.02,0.011,-0.02,0.011,-0.02,0.011,-0.02,0.011,-0.02,0.011,-0.02,0.011,-0.02,0.011,-0.02,0.011,-0.02,0.011,-0.02,0.011,-0.02,0.011,-0.02,0.011,-0.02,0.011,-0.02,0.011,-0.02,0.011,-0.02,0.011,-0.02,0.011,-0.02,0.011,-0.02,0.011,-0.02,0.011,-0.02,0.011,-0.02,0.011,-0.02,0.011,-0.02,0.011,-0.02,0.011,-0.02,0.011,-0.02,0.011,-0.02,0.011,-0.02,0.011,-0.02,0.011,-0.02,0.011,-0.02,0.011,-0.02,0.011,-0.02,0.011,-0.021,
0.0,-0.001,0.0,-0.009,0.0,0.027,-0.029,-0.006,-0.028,0.0,-0.028,0.041,-0.059,0.029,-0.029,0.032,-0.039,-0.012,0.0,0.038,0.0,0.021,0.0,0.056,-0.004,-0.042,0.004,-0.041,0.004,0.035,-0.001,0.028,-0.145,0.008,-0.061,-0.11,0.007,0.06,-0.019,0.045,0.0,0.031,-0.002,-0.042,0.004,-0.041,0.004,0.035,-0.001,0.028,-0.145,0.008,-0.061,-0.11,0.007,0.06,-0.019,0.045,0.0,0.031,-0.002,-0.042,0.004,-0.041,0.004,0.035,-0.002,0.029,0.005,0.034,0.0,-0.011,0.005,0.041,-0.026,0.026,0.008,0.026,-0.097,-0.031,0.001,-0.013,0.0,0.029,0.007,0.03,0.0,0.034,0.0,-0.011,0.005,0.041,-0.026,0.026,0.008,0.026,-0.097,-0.031,0.001,0.002,
-0.015,0.001,-0.048,-0.009,-0.004,0.001,-0.056,0.012,-0.008,-0.02,0.0,-0.008,0.001,0.0,0.001,-0.024,-0.044,-0.002,-0.031,0.0,-0.022,0.005,0.0,0.003,-0.054,-0.047,0.021,-0.039,0.016,-0.042,-0.029,-0.005,0.0,-0.05,-0.034,0.026,0.004,0.015,-0.047,-0.029,-0.005,0.0,-0.065,-0.015,-0.001,-0.015,0.017,-0.008,0.004,-0.005,-0.004,-0.054,-0.016,-0.011,-0.051,-0.004,-0.048,0.009,0.0,0.0,-0.057,-0.018,-0.027,-0.007,-0.073,-0.035,-0.031,-0.005,0.0,-0.065,-0.011,-0.126,-0.026,-0.151,-0.052,-0.01,-0.006,0.001,-0.051,-0.044,-0.018,-0.047,0.0,-0.007,0.001,0.0,0.001,-0.05,-0.045,-0.008,-0.035,-0.004,-0.042,0.009,0.0,0.0,-0.065,-0.019,-0.001,0.047,
-0.048,0.01,0.02,-0.01,-0.006,0.009,-0.003,0.008,-0.003,0.008,-0.003,0.008,-0.003,0.008,-0.003,0.008,-0.003,0.008,-0.003,0.008,-0.003,0.008,-0.003,0.008,-0.003,0.008,-0.003,0.008,-0.003,0.008,-0.003,0.008,-0.003,0.008,-0.003,0.008,-0.003,0.008,-0.003,0.008,-0.003,0.008,-0.003,0.008,-0.003,0.008,-0.003,0.008,-0.003,0.008,-0.003,0.008,-0.003,0.008,-0.003,0.008,-0.003,0.008,-0.003,0.008,-0.003,0.008,-0.003,0.008,-0.003,0.008,-0.003,0.008,-0.003,0.008,-0.003,0.008,-0.003,0.008,-0.003,0.008,-0.003,0.008,-0.003,0.008,-0.003,0.008,-0.003,0.008,-0.003,0.008,-0.003,0.008,-0.003,0.008,-0.003,0.008,-0.003,0.008,-0.003,0.008,-0.003,0.008,-0.003,-0.015,
0.0,0.0,0.0,0.0,0.0,0.0,0.0,0.0,0.0,0.0,0.0,0.0,0.0,0.0,0.0,0.0,0.0,0.0,0.0,0.0,0.0,0.0,0.0,0.0,0.0,0.0,0.0,0.0,0.0,0.0,0.0,0.0,0.0,0.0,0.0,0.0,0.0,0.0,0.0,0.0,0.0,0.0,0.0,0.0,0.0,0.0,0.0,0.0,0.0,0.0,0.0,0.0,0.0,0.0,0.0,0.0,0.0,0.0,0.0,0.0,0.0,0.0,0.0,0.0,0.0,0.0,0.0,0.0,0.0,0.0,0.0,0.0,0.0,0.0,0.0,0.0,0.0,0.0,0.0,0.0,0.0,0.0,0.0,0.0,0.0,0.0,0.0,0.0,0.0,0.0,0.0,0.0,0.0,0.0,0.0,0.0,0.0,0.0,0.0,0.0,
0.002,-0.045,0.013,-0.055,-0.009,-0.047,-0.007,-0.028,-0.007,-0.028,-0.007,-0.028,-0.03,-0.004,-0.007,-0.028,-0.007,-0.028,-0.007,-0.028,-0.007,-0.028,-0.007,-0.028,-0.007,-0.028,-0.007,-0.028,-0.007,-0.028,-0.007,-0.028,-0.007,-0.028,-0.007,-0.028,-0.023,0.007,-0.017,-0.043,0.035,-0.083,-0.007,0.003,0.022,-0.064,0.0,-0.026,-0.026,0.012,0.035,-0.024,0.0,-0.025,0.0,-0.025,0.0,-0.025,0.0,-0.025,0.0,-0.025,0.0,-0.025,0.0,-0.025,0.0,-0.025,0.0,-0.05,0.036,-0.036,0.037,-0.085,0.042,-0.09,0.042,-0.09,0.042,-0.09,0.042,-0.09,0.042,-0.09,0.042,-0.09,0.042,-0.09,0.042,-0.09,0.042,-0.09,0.042,-0.09,0.042,-0.09,0.042,-0.09,0.042,0.01,
0.0,-0.064,0.03,-0.08,0.028,-0.07,0.033,-0.08,0.03,-0.066,0.033,-0.063,-0.06,0.029,-0.078,0.032,-0.066,0.029,-0.078,0.032,-0.066,0.029,-0.078,0.032,-0.074,0.03,-0.07,0.031,-0.066,0.029,-0.078,0.032,-0.066,0.029,-0.078,0.032,-0.066,0.029,-0.078,0.032,-0.066,0.029,-0.078,0.032,-0.066,0.029,-0.078,0.032,-0.066,0.029,-0.078,0.032,-0.066,0.029,-0.078,0.032,-0.066,0.029,-0.078,0.032,-0.066,0.029,-0.078,0.032,-0.066,0.029,-0.078,0.032,-0.066,0.029,-0.078,0.032,-0.066,0.029,-0.078,0.032,-0.066,0.029,-0.078,0.032,-0.066,0.029,-0.078,0.032,-0.066,0.029,-0.078,0.032,-0.066,0.029,-0.078,0.032,-0.066,0.029,-0.078,0.032,-0.066,0.029,-0.078,0.036,
0.0,-0.013,-0.107,-0.113,-0.12,-0.107,-0.116,-0.12,0.0,-0.12,-0.107,-0.12,-0.107,-0.12,-0.107,-0.12,-0.107,-0.12,-0.107,-0.12,-0.107,-0.12,-0.107,-0.12,-0.107,-0.12,-0.107,-0.12,-0.107,-0.12,-0.107,-0.12,-0.107,-0.12,-0.107,-0.12,-0.107,-0.12,-0.107,-0.12,-0.107,-0.12,-0.107,-0.12,-0.107,-0.12,-0.107,-0.12,-0.107,-0.12,-0.107,-0.12,-0.107,-0.12,-0.107,-0.12,-0.107,-0.12,-0.107,-0.12,-0.107,-0.12,-0.107,-0.12,-0.107,-0.12,-0.107,-0.12,-0.107,-0.12,-0.107,-0.12,-0.107,-0.12,-0.107,-0.12,-0.107,-0.12,-0.107,-0.12,-0.107,-0.12,-0.107,-0.12,-0.107,-0.12,-0.107,-0.12,-0.107,-0.12,-0.107,-0.12,-0.107,-0.12,-0.107,-0.12,-0.107,-0.12,-0.107,-0.025,
0.0,-0.005,-0.004,0.0,-0.032,-0.041,0.0,0.0,-0.001,0.0,-0.032,-0.041,0.0,0.0,-0.001,0.0,-0.032,-0.041,0.0,0.0,-0.001,0.0,-0.032,-0.041,0.0,0.0,-0.001,0.0,-0.032,-0.041,0.0,0.0,-0.001,0.0,-0.032,-0.041,0.0,0.0,-0.001,0.0,-0.032,-0.041,0.0,0.0,-0.001,0.0,-0.032,-0.041,0.0,0.0,-0.001,0.0,-0.032,-0.041,0.0,0.0,-0.001,0.0,-0.032,-0.041,0.0,0.0,-0.001,0.0,-0.032,-0.041,0.0,0.0,-0.001,0.0,-0.032,-0.041,0.0,0.0,-0.001,0.0,-0.032,-0.041,0.0,0.0,-0.001,0.0,-0.032,-0.041,0.0,0.0,-0.001,0.0,-0.032,-0.041,0.0,0.0,-0.001,0.0,-0.032,-0.041,0.0,0.0,-0.001,0.0,
-0.003,0.0,0.0,0.0,0.0,0.0,0.0,0.0,0.0,0.0,0.0,0.0,0.0,0.0,0.0,0.0,0.0,0.0,0.0,0.0,0.0,0.0,0.0,0.0,0.0,0.0,0.0,0.0,0.0,0.0,0.0,0.0,0.0,0.0,0.0,0.0,0.0,0.0,0.0,0.0,0.0,0.0,0.0,0.0,0.0,0.0,0.0,0.0,0.0,0.0,0.0,0.0,0.0,0.0,0.0,0.0,0.0,0.0,0.0,0.0,0.0,0.0,0.0,0.0,0.0,0.0,0.0,0.0,0.0,0.0,0.0,0.0,0.0,0.0,0.0,0.0,0.0,0.0,0.0,0.0,0.0,0.0,0.0,0.0,0.0,0.0,0.0,0.0,0.0,0.0,0.0,0.0,0.0,0.0,0.0,0.0,0.0,0.0,0.0,0.018,
-0.016,0.036,0.012,0.001,-0.099,-0.057,-0.011,0.013,-0.086,-0.029,-0.004,0.046,-0.027,-0.021,-0.049,-0.084,0.03,-0.085,0.029,-0.123,0.045,-0.164,0.045,-0.126,-0.001,0.024,-0.061,-0.068,-0.023,-0.12,0.05,-0.134,0.054,-0.147,0.052,-0.141,0.025,-0.083,0.007,0.016,-0.081,-0.017,-0.044,0.003,-0.064,-0.07,-0.023,-0.099,0.086,-0.165,0.023,-0.086,0.03,-0.258,0.058,-0.107,0.111,-0.129,0.046,-0.096,0.09,-0.134,0.053,-0.133,0.085,-0.146,0.021,0.036,-0.064,-0.019,-0.069,-0.038,-0.031,-0.121,-0.033,0.015,-0.043,0.011,-0.072,-0.086,0.019,-0.075,0.001,-0.259,0.099,-0.149,0.004,-0.136,0.076,-0.11,0.013,-0.259,0.016,0.034,0.004,0.011,-0.067,-0.003,-0.061,0.012,
0.0,-0.106,-0.009,-0.105,-0.023,-0.028,-0.007,-0.022,-0.007,-0.022,-0.007,-0.022,-0.007,-0.022,-0.007,-0.022,-0.007,-0.022,-0.007,-0.022,-0.007,-0.114,0.0,-0.1,-0.098,-0.007,-0.1,-0.01,-0.113,-0.017,-0.016,-0.025,-0.007,-0.022,-0.007,-0.022,-0.007,-0.022,-0.007,-0.022,-0.007,-0.022,-0.007,-0.022,-0.007,-0.022,-0.007,-0.022,-0.007,-0.114,0.0,-0.1,-0.098,-0.007,-0.1,-0.01,-0.113,-0.017,-0.016,-0.025,-0.007,-0.022,-0.007,-0.022,-0.007,-0.022,-0.007,-0.022,-0.007,-0.022,-0.007,-0.022,-0.007,-0.022,-0.007,-0.022,-0.007,-0.022,-0.007,-0.022,-0.007,-0.114,0.0,-0.1,-0.098,-0.007,-0.1,-0.01,-0.113,-0.017,-0.016,-0.025,-0.008,-0.022,-0.007,-0.022,-0.007,-0.022,-0.007,-0.022,
-0.021,-0.021,-0.069,-0.056,-0.057,-0.083,-0.003,-0.154,-0.027,-0.024,-0.07,-0.014,-0.104,-0.056,-0.023,-0.068,0.0,-0.175,-0.07,-0.003,-0.024,-0.002,-0.132,-0.076,-0.023,-0.068,0.0,-0.175,-0.07,-0.003,-0.024,-0.002,-0.132,-0.076,-0.023,-0.068,0.0,-0.175,-0.07,-0.003,-0.024,-0.002,-0.132,-0.076,-0.023,-0.068,0.0,-0.175,-0.07,-0.003,-0.024,-0.002,-0.132,-0.076,-0.023,-0.068,0.0,-0.175,-0.07,-0.003,-0.024,-0.002,-0.132,-0.076,-0.023,-0.068,0.0,-0.175,-0.07,-0.003,-0.024,-0.002,-0.132,-0.076,-0.023,-0.068,0.0,-0.175,-0.07,-0.003,-0.024,-0.002,-0.104,-0.056,-0.023,-0.068,0.0,-0.175,-0.07,-0.003,-0.024,-0.002,-0.132,-0.076,-0.023,-0.068,0.0,-0.175,-0.07,-0.011,
0.0,0.0,0.0,0.0,0.0,0.0,0.0,0.0,0.0,0.0,0.0,0.0,0.0,0.0,0.0,0.0,0.0,0.0,0.0,0.0,0.0,0.0,0.0,0.0,0.0,0.0,0.0,0.0,0.0,0.0,0.0,0.0,0.0,0.0,0.0,0.0,0.0,0.0,0.0,0.0,0.0,0.0,0.0,0.0,0.0,0.0,0.0,0.0,0.0,0.0,0.0,0.0,0.0,0.0,0.0,0.0,0.0,0.0,0.0,0.0,0.0,0.0,0.0,0.0,0.0,0.0,0.0,0.0,0.0,0.0,0.0,0.0,0.0,0.0,0.0,0.0,0.0,0.0,0.0,0.0,0.0,0.0,0.0,0.0,0.0,0.0,0.0,0.0,0.0,0.0,0.0,0.0,0.0,0.0,0.0,0.0,0.0,0.0,0.0,0.0,
0.0,0.0,0.0,0.0,0.0,0.0,0.0,0.0,0.0,0.0,0.0,0.0,0.0,0.0,0.0,0.0,0.0,0.0,0.0,0.0,0.0,0.0,0.0,0.0,0.0,0.0,0.0,0.0,0.0,0.0,0.0,0.0,0.0,0.0,0.0,0.0,0.0,0.0,0.0,0.0,0.0,0.0,0.0,0.0,0.0,0.0,0.0,0.0,0.0,0.0,0.0,0.0,0.0,0.0,0.0,0.0,0.0,0.0,0.0,0.0,0.0,0.0,0.0,0.0,0.0,0.0,0.0,0.0,0.0,0.0,0.0,0.0,0.0,0.0,0.0,0.0,0.0,0.0,0.0,0.0,0.0,0.0,0.0,0.0,0.0,0.0,0.0,0.0,0.0,0.0,0.0,0.0,0.0,0.0,0.0,0.0,0.0,0.0,0.0,0.0,
-0.191,-0.083,-0.177,-0.08,-0.174,-0.088,-0.171,-0.164,-0.165,-0.164,-0.161,-0.166,-0.161,-0.172,-0.163,-0.164,-0.161,-0.166,-0.161,-0.172,-0.163,-0.164,-0.161,-0.166,-0.161,-0.172,-0.163,-0.164,-0.161,-0.166,-0.161,-0.172,-0.163,-0.164,-0.161,-0.166,-0.161,-0.163,-0.168,-0.088,-0.179,-0.163,-0.165,-0.172,-0.163,-0.163,-0.156,-0.163,-0.163,-0.172,-0.161,-0.164,-0.161,-0.166,-0.161,-0.172,-0.163,-0.163,-0.156,-0.163,-0.163,-0.165,-0.153,-0.16,-0.156,-0.172,-0.164,-0.159,-0.176,-0.072,-0.18,-0.155,-0.183,-0.16,-0.169,-0.167,-0.167,-0.173,-0.167,-0.162,-0.163,-0.172,-0.164,-0.172,-0.164,-0.155,-0.176,-0.072,-0.183,-0.151,-0.184,-0.161,-0.166,-0.167,-0.167,-0.173,-0.167,-0.162,-0.163,0.014,
0.001,-0.031,-0.105,-0.036,-0.06,-0.022,-0.039,-0.041,-0.054,-0.013,-0.054,-0.021,-0.046,-0.021,-0.054,-0.013,-0.054,-0.021,-0.046,-0.021,-0.054,-0.013,-0.054,-0.021,-0.046,-0.021,-0.054,-0.013,-0.054,-0.021,-0.046,-0.021,-0.054,-0.013,-0.054,-0.021,-0.046,-0.021,-0.054,-0.013,-0.054,0.014,-0.045,0.017,-0.058,0.005,-0.066,0.014,-0.053,0.017,-0.065,0.005,-0.058,0.014,-0.053,-0.018,-0.05,0.004,-0.052,-0.019,-0.046,-0.019,-0.054,-0.011,-0.054,-0.019,-0.046,-0.019,-0.054,-0.011,-0.054,-0.019,-0.046,-0.019,-0.054,-0.011,-0.054,-0.019,-0.046,-0.019,-0.054,-0.011,-0.054,0.014,-0.04,0.017,-0.066,0.005,-0.061,0.014,-0.049,0.017,-0.058,0.005,-0.065,0.014,-0.053,0.017,-0.065,0.003,
0.0,-0.032,0.0,0.0,-0.036,-0.11,0.0,-0.124,0.0,-0.048,0.0,-0.026,0.0,-0.091,0.0,-0.072,-0.099,-0.127,0.0,-0.071,-0.038,-0.121,0.0,-0.005,-0.108,-0.033,-0.058,0.002,-0.149,0.047,-0.038,-0.039,-0.136,-0.008,-0.019,0.0,-0.099,-0.06,-0.028,-0.005,-0.129,-0.075,-0.012,0.0,-0.133,-0.075,-0.012,0.0,-0.133,-0.075,-0.012,0.0,-0.133,-0.075,-0.012,0.0,-0.133,-0.075,-0.012,0.0,-0.133,-0.075,-0.012,0.0,-0.133,-0.075,-0.012,0.0,-0.133,-0.075,-0.012,0.0,-0.141,-0.075,-0.012,0.0,-0.133,-0.075,-0.012,0.0,-0.141,-0.075,-0.012,0.0,-0.133,-0.075,-0.012,0.0,-0.141,-0.075,-0.012,0.0,-0.133,-0.075,-0.012,0.0,-0.133,-0.075,-0.012,0.0,
-0.045,-0.017,-0.044,-0.042,-0.034,-0.068,-0.032,-0.024,-0.033,-0.073,-0.077,-0.04,-0.041,-0.029,-0.03,-0.037,-0.014,-0.077,-0.038,-0.077,-0.028,-0.024,-0.035,-0.03,-0.077,-0.04,-0.026,-0.037,-0.033,-0.035,-0.042,-0.077,-0.003,-0.034,-0.064,-0.019,-0.029,-0.014,-0.068,0.008,-0.068,-0.028,-0.019,-0.033,-0.073,-0.014,-0.088,-0.027,-0.027,-0.031,-0.037,-0.011,-0.077,-0.038,-0.077,-0.028,-0.024,-0.035,-0.03,-0.077,-0.04,-0.026,-0.037,-0.033,-0.035,-0.042,-0.077,-0.003,-0.034,-0.064,-0.019,-0.029,-0.014,-0.068,0.008,-0.068,-0.028,-0.019,-0.033,-0.073,-0.014,-0.088,-0.027,-0.027,-0.031,-0.037,-0.011,-0.077,-0.038,-0.077,-0.028,-0.024,-0.035,-0.03,-0.077,-0.04,-0.026,-0.037,-0.033,0.001,
-0.035,0.007,-0.038,0.012,-0.047,-0.034,0.0,-0.001,-0.034,0.015,-0.034,0.009,-0.047,-0.034,0.0,-0.001,-0.034,0.015,-0.034,0.009,-0.047,-0.034,0.0,-0.001,-0.034,0.015,-0.034,0.009,-0.047,-0.034,0.0,-0.001,-0.034,0.015,-0.034,0.009,-0.047,-0.034,0.0,-0.001,-0.034,0.015,-0.034,0.009,-0.047,-0.034,0.0,-0.001,-0.034,0.015,-0.034,0.009,-0.047,-0.034,0.0,-0.001,-0.034,0.015,-0.034,0.009,-0.047,-0.034,0.0,-0.001,-0.034,0.015,-0.034,0.009,-0.047,-0.034,0.0,-0.001,-0.034,0.015,-0.034,0.009,-0.047,-0.034,0.0,-0.001,-0.034,0.015,-0.034,0.009,-0.047,-0.034,0.0,-0.001,-0.034,0.015,-0.034,0.009,-0.047,-0.034,0.0,-0.001,-0.034,0.015,-0.034,0.019,
0.0,-0.017,0.0,0.0,0.0,0.0,0.0,0.0,0.0,0.0,0.0,0.0,0.0,0.0,0.0,0.0,0.0,0.0,0.0,0.0,0.0,0.0,0.0,0.0,0.0,0.0,0.0,0.0,0.0,0.0,0.0,0.0,0.0,0.0,0.0,0.0,0.0,0.0,0.0,0.0,0.0,0.0,0.0,0.0,0.0,0.0,0.0,0.0,0.0,0.0,0.0,0.0,0.0,0.0,0.0,0.0,0.0,0.0,0.0,0.0,0.0,0.0,0.0,0.0,0.0,0.0,0.0,0.0,0.0,0.0,0.0,0.0,0.0,0.0,0.0,0.0,0.0,0.0,0.0,0.0,0.0,0.0,0.0,0.0,0.0,0.0,0.0,0.0,0.0,0.0,0.0,0.0,0.0,0.0,0.0,0.0,0.0,0.0,0.0,0.0,
-0.185,-0.061,-0.095,-0.103,-0.12,-0.126,-0.119,-0.06,0.013,0.0,-0.092,-0.128,-0.14,-0.128,-0.051,0.014,-0.008,-0.091,-0.117,-0.155,-0.114,-0.05,0.013,-0.008,-0.102,-0.096,-0.147,-0.12,-0.051,0.013,-0.008,-0.106,-0.141,-0.118,-0.146,-0.108,0.016,-0.008,-0.109,-0.092,-0.146,-0.148,-0.031,0.0,-0.008,-0.091,-0.126,-0.144,-0.124,-0.043,0.0,-0.003,-0.098,-0.088,-0.165,0.016,-0.071,0.013,-0.008,-0.097,-0.146,-0.117,0.013,-0.043,0.0,-0.003,-0.148,-0.117,-0.09,-0.131,-0.055,0.013,-0.008,-0.093,-0.08,-0.162,-0.079,-0.068,0.013,-0.008,-0.08,-0.133,-0.154,-0.136,-0.023,0.0,-0.008,-0.118,-0.091,-0.154,-0.091,-0.099,0.014,0.0,-0.092,-0.08,-0.144,-0.124,-0.062,0.014,
-0.006,0.0,0.0,-0.006,0.0,0.019,-0.014,0.027,0.013,-0.04,0.0,-0.039,-0.008,0.022,-0.023,0.032,0.02,-0.045,0.005,-0.044,-0.002,0.016,-0.025,-0.001,0.015,-0.045,-0.004,-0.006,-0.024,0.026,-0.012,-0.005,0.007,-0.058,0.008,-0.044,0.0,0.016,-0.026,0.034,0.002,-0.058,0.008,-0.044,0.0,0.016,-0.026,0.034,0.002,-0.058,0.008,-0.044,0.0,0.016,-0.026,0.034,0.002,-0.058,0.008,-0.044,0.0,0.016,-0.026,0.034,0.002,-0.058,0.008,-0.044,0.0,0.016,-0.026,0.034,0.002,-0.058,0.008,-0.044,0.0,0.016,-0.026,0.034,0.002,-0.058,0.008,-0.044,0.0,0.016,-0.026,0.034,0.002,-0.058,0.008,-0.044,0.0,0.016,-0.026,0.034,0.002,-0.058,0.008,0.0,
-0.043,0.008,-0.031,-0.006,-0.03,-0.019,-0.038,-0.016,-0.026,-0.012,-0.035,-0.032,-0.02,-0.028,-0.01,-0.022,-0.018,-0.02,-0.022,-0.027,-0.031,-0.052,-0.022,-0.033,-0.043,-0.03,-0.045,-0.012,-0.042,-0.001,-0.03,-0.025,-0.011,-0.02,-0.023,-0.011,-0.022,-0.022,-0.018,-0.022,-0.023,-0.011,-0.022,-0.022,-0.018,-0.022,-0.023,-0.011,-0.022,-0.022,-0.018,-0.022,-0.023,-0.011,-0.022,-0.022,-0.018,-0.022,-0.023,-0.011,-0.022,-0.022,-0.018,-0.022,-0.023,-0.011,-0.022,-0.022,-0.018,-0.022,-0.023,-0.011,-0.022,-0.022,-0.018,-0.022,-0.023,-0.011,-0.022,-0.022,-0.018,-0.022,-0.023,-0.011,-0.022,-0.022,-0.018,-0.022,-0.023,-0.011,-0.022,-0.022,-0.018,-0.022,-0.023,-0.011,-0.022,-0.022,-0.018,0.0,
0.013,-0.032,-0.005,-0.005,-0.059,-0.042,-0.081,-0.042,-0.001,-0.009,-0.081,-0.05,-0.054,-0.064,0.009,-0.006,-0.067,-0.061,-0.036,-0.06,-0.081,-0.06,-0.058,-0.064,-0.043,-0.06,0.01,-0.011,-0.059,-0.042,-0.055,-0.057,0.014,-0.025,-0.055,-0.061,-0.04,-0.065,0.01,-0.019,-0.035,-0.06,-0.039,-0.057,-0.009,-0.02,-0.054,-0.061,-0.038,-0.057,-0.009,-0.02,-0.035,-0.06,-0.039,-0.057,-0.009,-0.02,-0.035,-0.064,-0.046,-0.067,0.011,-0.039,-0.035,-0.071,-0.016,-0.067,-0.007,-0.076,-0.036,-0.071,-0.016,-0.067,-0.007,-0.076,-0.036,-0.071,-0.015,-0.063,-0.006,-0.076,-0.036,-0.071,-0.016,-0.067,-0.007,-0.076,-0.036,-0.071,-0.015,-0.063,-0.006,-0.076,-0.036,-0.071,-0.016,-0.067,-0.007,0.0,
0.0,0.0,0.0,0.0,0.0,0.0,0.044,0.053,-0.029,0.004,-0.029,-0.056,-0.029,-0.055,-0.029,-0.055,-0.029,-0.055,-0.029,-0.055,-0.029,-0.055,-0.029,-0.055,-0.029,-0.055,-0.029,-0.055,-0.029,-0.055,-0.029,-0.055,-0.029,-0.055,-0.029,-0.055,-0.029,-0.055,-0.029,-0.055,-0.029,-0.055,-0.029,-0.055,-0.029,-0.055,-0.029,-0.055,-0.029,-0.055,-0.029,-0.055,-0.029,-0.055,-0.029,-0.055,-0.029,-0.055,-0.029,-0.055,-0.029,-0.055,-0.029,-0.055,-0.029,-0.055,-0.029,-0.055,-0.029,-0.055,-0.029,-0.055,-0.029,-0.055,-0.029,-0.055,-0.029,-0.055,-0.029,-0.055,-0.029,-0.055,-0.029,-0.055,-0.029,-0.055,-0.029,-0.055,-0.029,-0.055,-0.029,-0.055,-0.029,-0.055,-0.029,-0.055,-0.029,-0.055,-0.029,0.038,
-0.027,-0.027,-0.027,-0.033,-0.027,-0.03,-0.023,-0.037,-0.04,-0.029,-0.037,-0.04,-0.105,-0.022,-0.04,-0.101,-0.023,-0.04,-0.101,-0.023,-0.04,-0.101,-0.023,-0.04,-0.101,-0.023,-0.04,-0.101,-0.023,-0.04,-0.101,-0.023,-0.04,-0.101,-0.023,-0.04,-0.101,-0.023,-0.04,-0.101,-0.023,-0.04,-0.101,-0.023,-0.04,-0.101,-0.023,-0.04,-0.101,-0.023,-0.04,-0.101,-0.023,-0.04,-0.101,-0.023,-0.04,-0.101,-0.023,-0.04,-0.101,-0.023,-0.04,-0.101,-0.023,-0.04,-0.101,-0.023,-0.04,-0.101,-0.023,-0.04,-0.101,-0.023,-0.04,-0.101,-0.023,-0.04,-0.101,-0.023,-0.04,-0.101,-0.023,-0.04,-0.101,-0.023,-0.04,-0.101,-0.023,-0.04,-0.101,-0.023,-0.04,-0.101,-0.023,-0.04,-0.101,-0.023,-0.04,-0.065,
0.0,0.018,0.0,0.0,0.0,-0.001,0.0,0.008,0.0,0.005,0.0,0.035,0.0,-0.001,0.0,0.034,0.0,0.005,0.0,-0.002,0.0,0.035,0.0,0.006,0.0,0.041,0.0,0.006,0.0,0.041,0.0,-0.007,0.0,0.041,0.0,-0.007,0.0,0.041,0.0,-0.007,0.0,0.041,0.0,-0.007,0.0,0.041,0.0,-0.007,0.0,0.041,0.0,-0.001,0.0,-0.001,0.0,-0.001,0.0,0.034,0.0,0.006,0.0,0.006,0.0,0.04,0.0,-0.007,0.0,0.041,0.0,-0.007,0.0,0.041,0.0,-0.007,0.0,0.041,0.0,-0.007,0.0,0.041,0.0,-0.007,0.0,0.041,0.0,-0.007,0.0,0.041,0.0,-0.007,0.0,0.041,0.0,-0.007,0.0,0.041,0.0,-0.007,0.0,-0.056,
-0.013,-0.119,0.039,0.005,-0.013,0.003,-0.015,0.003,-0.015,0.009,-0.016,0.007,-0.016,0.007,-0.016,0.007,-0.016,0.007,-0.016,0.007,-0.016,0.007,-0.016,0.007,-0.016,0.007,-0.016,0.007,-0.016,0.007,-0.016,0.007,-0.016,0.007,-0.016,0.007,-0.016,0.007,-0.016,0.007,-0.016,0.007,-0.016,0.007,-0.016,0.007,-0.016,0.007,-0.016,0.007,-0.016,0.007,-0.016,0.007,-0.016,0.007,-0.016,0.007,-0.016,0.007,-0.016,0.007,-0.016,0.007,-0.016,0.007,-0.016,0.007,-0.016,0.007,-0.016,0.007,-0.016,0.007,-0.016,0.007,-0.016,0.007,-0.016,0.007,-0.016,0.007,-0.016,0.007,-0.016,0.007,-0.016,0.007,-0.016,0.007,-0.016,0.007,-0.016,0.007,-0.016,0.007,-0.016,0.007,-0.016,0.023,
0.0,0.0,0.0,0.0,0.0,0.0,0.0,0.0,0.0,0.0,0.0,0.0,0.0,0.0,0.0,0.0,0.0,0.0,0.0,0.0,0.0,0.0,0.0,0.0,0.0,0.0,0.0,0.0,0.0,0.0,0.0,0.0,0.0,0.0,0.0,0.0,0.0,0.0,0.0,0.0,0.0,0.0,0.0,0.0,0.0,0.0,0.0,0.0,0.0,0.0,0.0,0.0,0.0,0.0,0.0,0.0,0.0,0.0,0.0,0.0,0.0,0.0,0.0,0.0,0.0,0.0,0.0,0.0,0.0,0.0,0.0,0.0,0.0,0.0,0.0,0.0,0.0,0.0,0.0,0.0,0.0,0.0,0.0,0.0,0.0,0.0,0.0,0.0,0.0,0.0,0.0,0.0,0.0,0.0,0.0,0.0,0.0,0.0,0.0,0.0,
-0.043,-0.024,-0.014,-0.02,-0.012,-0.027,0.0,-0.015,-0.007,-0.045,-0.006,-0.025,-0.007,-0.025,-0.006,-0.025,-0.007,-0.025,-0.006,-0.025,-0.007,-0.025,-0.006,-0.025,-0.007,-0.025,-0.006,-0.025,-0.007,-0.025,-0.006,-0.025,-0.007,-0.025,-0.006,-0.025,-0.007,-0.025,-0.006,-0.025,-0.007,-0.025,-0.006,-0.025,-0.007,-0.025,-0.006,-0.025,-0.007,-0.025,-0.006,-0.025,-0.007,-0.025,-0.006,-0.025,-0.007,-0.025,-0.006,-0.025,-0.005,-0.025,-0.006,-0.025,-0.007,-0.025,-0.006,-0.025,-0.007,-0.025,-0.006,-0.025,-0.007,-0.025,-0.006,-0.025,-0.007,-0.025,-0.006,-0.025,-0.007,-0.025,-0.006,-0.025,-0.007,-0.025,-0.006,-0.025,-0.007,-0.025,-0.006,-0.025,-0.007,-0.025,-0.006,-0.025,-0.007,-0.025,-0.006,0.008,
0.0,-0.014,-0.001,0.0,-0.002,0.057,-0.022,-0.092,0.0,0.0,0.0,0.0,-0.014,0.0,0.0,0.0,0.029,-0.022,0.0,0.0,0.0,0.0,0.0,-0.014,0.0,0.0,0.0,0.029,-0.022,0.0,0.0,0.0,0.0,0.0,-0.014,0.0,0.0,0.0,0.029,-0.022,0.0,0.0,0.0,0.0,0.0,-0.014,0.0,0.0,0.0,0.029,-0.022,0.0,0.0,0.0,0.0,0.0,-0.014,0.0,0.0,0.0,0.029,-0.022,0.0,0.0,0.0,0.0,0.0,-0.014,0.0,0.0,0.0,0.029,-0.022,0.0,0.0,0.0,0.0,0.0,-0.014,0.0,0.0,0.0,0.029,-0.022,0.0,0.0,0.0,0.0,0.0,-0.014,0.0,0.0,0.0,0.029,-0.022,0.0,0.0,0.0,0.0,0.0,
0.0,0.0,-0.001,0.001,-0.047,0.027,-0.046,-0.038,0.008,-0.035,0.068,0.0,0.0,0.032,0.028,0.02,0.044,0.026,0.04,0.008,0.0,0.039,-0.078,0.03,0.032,-0.015,0.026,0.031,-0.045,0.028,-0.133,0.021,-0.05,0.037,-0.082,0.0,-0.029,0.006,0.068,0.0,-0.012,0.0,-0.061,0.059,0.0,0.0,0.0,0.0,0.034,0.01,0.0,-0.008,0.043,0.0,0.039,-0.045,-0.015,0.041,-0.028,-0.114,0.049,-0.085,0.0,-0.031,0.003,0.0,-0.015,-0.081,0.03,-0.007,0.005,0.0,0.01,-0.079,0.0,-0.136,0.016,-0.125,0.032,-0.028,0.0,-0.066,0.013,-0.056,0.082,-0.2,0.046,-0.061,-0.032,0.067,-0.022,-0.016,0.0,0.037,-0.028,0.026,-0.008,-0.028,0.0,0.014,
0.0,0.0,0.0,0.0,0.0,0.0,0.0,0.0,0.0,0.0,0.0,0.0,0.0,0.0,0.0,0.0,0.0,0.0,0.0,0.0,0.0,0.0,0.0,0.0,0.0,0.0,0.0,0.0,0.0,0.0,0.0,0.0,0.0,0.0,0.0,0.0,0.0,0.0,0.0,0.0,0.0,0.0,0.0,0.0,0.0,0.0,0.0,0.0,0.0,0.0,0.0,0.0,0.0,0.0,0.0,0.0,0.0,0.0,0.0,0.0,0.0,0.0,0.0,0.0,0.0,0.0,0.0,0.0,0.0,0.0,0.0,0.0,0.0,0.0,0.0,0.0,0.0,0.0,0.0,0.0,0.0,0.0,0.0,0.0,0.0,0.0,0.0,0.0,0.0,0.0,0.0,0.0,0.0,0.0,0.0,0.0,0.0,0.0,0.0,0.0,
-0.016,-0.013,-0.021,-0.02,-0.017,-0.02,-0.018,-0.017,-0.02,-0.018,-0.017,-0.02,-0.018,-0.017,-0.02,-0.018,-0.017,-0.02,-0.018,-0.017,-0.02,-0.018,-0.017,-0.02,-0.018,-0.017,-0.02,-0.018,-0.017,-0.02,-0.018,-0.017,-0.02,-0.018,-0.017,-0.02,-0.018,-0.017,-0.02,-0.018,-0.017,-0.02,-0.018,-0.017,-0.02,-0.018,-0.017,-0.02,-0.018,-0.017,-0.02,-0.018,-0.017,-0.02,-0.018,-0.017,-0.02,-0.018,-0.017,-0.02,-0.018,-0.017,-0.02,-0.018,-0.017,-0.02,-0.018,-0.017,-0.02,-0.018,-0.017,-0.02,-0.018,-0.017,-0.02,-0.018,-0.017,-0.02,-0.018,-0.017,-0.02,-0.018,-0.017,-0.02,-0.018,-0.017,-0.02,-0.018,-0.017,-0.02,-0.018,-0.017,-0.02,-0.018,-0.017,-0.02,-0.018,-0.017,-0.02,0.005,
0.0,0.0,0.0,0.0,0.0,0.0,0.0,0.0,0.0,0.0,-0.002,0.0,0.0,0.0,0.0,0.0,0.0,0.0,0.0,0.0,0.0,0.0,0.0,0.0,0.0,0.0,0.0,0.0,0.0,0.0,0.0,0.0,0.0,0.0,0.0,0.0,0.0,0.0,0.0,0.0,0.0,0.0,0.0,0.0,0.0,0.0,0.0,0.0,0.0,0.0,0.0,0.0,0.0,0.0,0.0,0.0,0.0,0.0,0.0,0.0,0.0,0.0,0.0,0.0,0.0,0.0,0.0,0.0,0.0,0.0,0.0,0.0,0.0,0.0,0.0,0.0,0.0,0.0,0.0,0.0,0.0,0.0,0.0,0.0,0.0,0.0,0.0,0.0,0.0,0.0,0.0,0.0,0.0,0.0,0.0,0.0,0.0,0.0,0.0,0.0,
0.0,0.003,0.05,0.008,-0.047,-0.001,0.0,0.0,-0.006,0.0,0.0,0.0,0.0,-0.006,0.0,0.0,0.001,0.001,0.0,0.0,0.032,0.002,0.0,0.0,0.0,0.0,0.0,0.001,0.0,-0.006,0.0,0.0,0.001,0.001,0.0,0.0,-0.006,0.0,0.0,0.0,0.0,0.0,0.0,0.0,0.004,0.007,0.008,0.013,0.002,0.001,0.0,0.004,0.002,0.0,0.0,0.0,0.0,0.0,0.0,0.0,0.0,-0.006,0.0,0.0,0.001,0.001,0.0,0.0,-0.006,0.0,0.0,0.0,0.0,0.0,0.0,0.0,0.0,-0.006,0.0,0.0,0.001,0.001,0.002,0.0,-0.006,0.0,0.039,0.002,0.0,0.0,0.0,0.0,0.0,-0.006,0.005,0.03,-0.015,0.0,0.0,0.066,
-0.024,-0.019,-0.069,-0.04,-0.069,-0.04,-0.069,-0.04,-0.069,-0.04,-0.069,-0.04,-0.069,-0.04,-0.069,-0.04,-0.069,-0.04,-0.069,-0.04,-0.069,-0.04,-0.069,-0.04,-0.069,-0.04,-0.069,-0.04,-0.069,-0.04,-0.069,-0.04,-0.069,-0.04,-0.069,-0.04,-0.069,-0.04,-0.069,-0.04,-0.069,-0.04,-0.069,-0.04,-0.069,-0.04,-0.069,-0.04,-0.069,-0.04,-0.069,-0.04,-0.069,-0.04,-0.069,-0.04,-0.069,-0.04,-0.069,-0.04,-0.069,-0.04,-0.069,-0.04,-0.069,-0.04,-0.069,-0.04,-0.069,-0.04,-0.069,-0.04,-0.069,-0.04,-0.069,-0.04,-0.069,-0.04,-0.069,-0.04,-0.069,-0.04,-0.069,-0.04,-0.069,-0.04,-0.069,-0.04,-0.069,-0.04,-0.069,-0.04,-0.069,-0.04,-0.069,-0.04,-0.069,-0.04,-0.069,0.008,
-0.032,0.036,-0.032,0.031,-0.032,0.031,-0.032,0.031,-0.032,0.031,-0.032,0.031,-0.032,0.031,-0.032,0.031,-0.032,0.031,-0.032,0.031,-0.032,0.031,-0.032,0.031,-0.032,0.031,-0.032,0.031,-0.032,0.031,-0.032,0.031,-0.032,0.031,-0.032,0.031,-0.032,0.031,-0.032,0.031,-0.032,0.031,-0.032,0.031,-0.032,0.031,-0.032,0.031,-0.032,0.031,-0.032,0.031,-0.032,0.031,-0.032,0.031,-0.032,0.031,-0.032,0.031,-0.032,0.031,-0.032,0.031,-0.032,0.031,-0.032,0.031,-0.032,0.031,-0.032,0.031,-0.032,0.031,-0.032,0.031,-0.032,0.031,-0.032,0.031,-0.032,0.031,-0.032,0.031,-0.032,0.031,-0.032,0.031,-0.032,0.031,-0.032,0.031,-0.032,0.031,-0.032,0.031,-0.032,0.031,-0.032,0.04,
0.0,0.068,0.021,0.084,0.083,0.001,0.024,0.085,0.019,0.008,0.065,0.034,0.03,0.023,0.046,0.013,-0.016,0.015,0.048,0.066,0.07,0.068,0.076,0.068,0.008,0.068,0.081,0.069,0.082,0.081,0.07,0.008,0.084,0.086,0.081,0.07,0.048,0.069,0.064,0.079,0.003,0.08,0.086,0.069,0.082,0.066,0.085,0.086,0.065,0.085,0.086,0.008,0.076,0.081,0.085,0.081,0.063,-0.031,0.066,0.066,0.093,0.096,0.019,0.087,0.092,0.095,0.021,0.023,-0.019,0.106,0.062,0.093,0.088,0.02,-0.059,0.03,0.033,0.028,0.104,0.105,0.106,-0.046,0.027,0.032,0.033,0.085,0.061,0.012,0.009,0.022,-0.051,0.033,0.029,0.068,0.065,0.067,0.065,0.015,0.078,0.087,
-0.073,-0.001,-0.076,0.0,-0.067,-0.034,0.033,-0.034,0.033,-0.027,0.031,-0.033,0.032,-0.028,0.028,-0.026,-0.073,0.03,-0.073,-0.029,0.033,-0.034,0.033,-0.027,0.031,-0.033,0.032,-0.028,0.028,-0.026,-0.073,0.03,-0.073,-0.029,0.033,-0.034,0.033,-0.027,0.031,-0.033,0.032,-0.028,0.028,-0.026,-0.073,0.03,-0.073,-0.029,0.033,-0.034,0.033,-0.027,0.031,-0.033,0.032,-0.028,0.028,-0.026,-0.073,0.03,-0.073,-0.029,0.033,-0.034,0.033,-0.027,0.031,-0.033,0.032,-0.028,0.028,-0.026,-0.073,0.03,-0.073,-0.029,0.033,-0.034,0.033,-0.027,0.031,-0.033,0.032,-0.028,0.028,-0.026,-0.073,0.03,-0.073,-0.029,0.033,-0.034,0.033,-0.027,0.031,-0.033,0.032,-0.028,0.028,0.0,
0.002,-0.005,-0.011,-0.031,-0.008,-0.033,-0.061,-0.016,-0.05,-0.033,-0.055,-0.03,-0.056,-0.03,-0.053,-0.032,-0.054,-0.028,-0.054,-0.029,-0.055,-0.029,-0.055,-0.029,-0.056,-0.03,-0.056,-0.027,-0.062,-0.017,-0.05,-0.032,-0.055,-0.029,-0.055,-0.029,-0.055,-0.03,-0.056,-0.03,-0.053,-0.032,-0.054,-0.028,-0.054,-0.029,-0.055,-0.029,-0.055,-0.029,-0.056,-0.03,-0.056,-0.027,-0.062,-0.017,-0.05,-0.032,-0.055,-0.029,-0.055,-0.029,-0.055,-0.03,-0.056,-0.03,-0.053,-0.032,-0.054,-0.028,-0.054,-0.029,-0.055,-0.029,-0.055,-0.029,-0.056,-0.03,-0.056,-0.027,-0.062,-0.017,-0.05,-0.032,-0.055,-0.029,-0.055,-0.029,-0.055,-0.03,-0.056,-0.03,-0.053,-0.032,-0.054,-0.028,-0.054,-0.029,-0.055,0.002,
0.0,0.0,0.0,0.0,0.0,0.0,0.0,0.0,0.0,0.0,0.0,0.0,0.0,0.0,0.0,0.0,0.0,0.0,0.0,0.0,0.0,0.0,0.0,0.0,0.0,0.0,0.0,0.0,0.0,0.0,0.0,0.0,0.0,0.0,0.0,0.0,0.0,0.0,0.0,0.0,0.0,0.0,0.0,0.0,0.0,0.0,0.0,0.0,0.0,0.0,0.0,0.0,0.0,0.0,0.0,0.0,0.0,0.0,0.0,0.0,0.0,0.0,0.0,0.0,0.0,0.0,0.0,0.0,0.0,0.0,0.0,0.0,0.0,0.0,0.0,0.0,0.0,0.0,0.0,0.0,0.0,0.0,0.0,0.0,0.0,0.0,0.0,0.0,0.0,0.0,0.0,0.0,0.0,0.0,0.0,0.0,0.0,0.0,0.0,0.0,
0.0,0.0,0.0,-0.027,-0.037,0.031,0.0,-0.04,0.035,0.0,-0.05,0.035,0.0,-0.04,0.035,0.0,-0.05,0.035,0.0,-0.04,0.035,0.0,-0.05,0.035,0.0,-0.04,0.035,0.0,-0.05,0.035,0.0,-0.04,0.035,0.0,-0.05,0.035,0.0,-0.04,0.035,0.0,-0.05,0.035,0.0,-0.04,0.035,0.0,-0.05,0.035,0.0,-0.04,0.035,0.0,-0.05,0.035,0.0,-0.04,0.035,0.0,-0.05,0.035,0.0,-0.04,0.035,0.0,-0.05,0.035,0.0,-0.04,0.035,0.0,-0.05,0.035,0.0,-0.04,0.035,0.0,-0.05,0.035,0.0,-0.04,0.035,0.0,-0.05,0.035,0.0,-0.04,0.035,0.0,-0.05,0.035,0.0,-0.04,0.035,0.0,-0.05,0.035,0.0,-0.04,0.035,0.0,
-0.012,0.0,0.048,0.046,0.046,0.012,0.068,0.047,0.031,0.045,0.047,0.023,0.049,0.04,-0.055,0.07,0.048,0.031,0.051,0.046,0.028,0.049,0.044,0.029,0.048,0.046,0.028,0.046,0.045,0.03,0.051,0.046,0.028,0.049,0.044,0.029,0.048,0.046,0.028,0.046,0.045,0.03,0.051,0.046,0.028,0.049,0.044,0.029,0.048,0.046,0.028,0.046,0.045,0.03,0.051,0.046,0.028,0.049,0.044,0.029,0.048,0.046,0.028,0.046,0.045,0.03,0.051,0.046,0.028,0.049,0.044,0.029,0.048,0.046,0.028,0.046,0.045,0.03,0.051,0.046,0.028,0.049,0.044,0.029,0.048,0.046,0.028,0.046,0.045,0.03,0.051,0.046,0.028,0.049,0.044,0.029,0.048,0.046,0.028,-0.005,
0.041,-0.035,0.006,-0.01,-0.03,0.003,-0.02,0.006,-0.02,0.006,-0.02,0.006,-0.02,0.006,-0.02,0.006,-0.02,0.006,-0.02,0.006,-0.02,0.006,-0.02,0.006,-0.02,0.006,-0.02,0.006,-0.02,0.006,-0.02,0.006,-0.02,0.006,-0.02,0.006,-0.02,0.006,-0.02,0.006,-0.02,0.006,-0.02,0.006,-0.02,0.006,-0.02,0.006,-0.02,0.006,-0.02,0.006,-0.02,0.006,-0.02,0.006,-0.02,0.006,-0.02,0.006,-0.02,0.006,-0.02,0.006,-0.02,0.006,-0.02,0.006,-0.02,0.006,-0.02,0.006,-0.02,0.006,-0.02,0.006,-0.02,0.006,-0.02,0.006,-0.02,0.006,-0.02,0.006,-0.02,0.006,-0.02,0.006,-0.02,0.006,-0.02,0.006,-0.02,0.006,-0.02,0.006,-0.02,0.006,-0.02,0.017,
0.0,0.0,0.0,0.0,0.0,0.0,0.0,0.0,0.0,0.0,0.0,0.0,0.0,0.0,0.0,0.0,0.0,0.0,0.0,0.0,0.0,0.0,0.0,0.0,0.0,0.0,0.0,0.0,0.0,0.0,0.0,0.0,0.0,0.0,0.0,0.0,0.0,0.0,0.0,0.0,0.0,0.0,0.0,0.0,0.0,0.0,0.0,0.0,0.0,0.0,0.0,0.0,0.0,0.0,0.0,0.0,0.0,0.0,0.0,0.0,0.0,0.0,0.0,0.0,0.0,0.0,0.0,0.0,0.0,0.0,0.0,0.0,0.0,0.0,0.0,0.0,0.0,0.0,0.0,0.0,0.0,0.0,0.0,0.0,0.0,0.0,0.0,0.0,0.0,0.0,0.0,0.0,0.0,0.0,0.0,0.0,0.0,0.0,0.0,0.0,
-0.026,0.0,0.0,0.0,0.0,0.0,0.0,0.0,0.0,0.0,0.0,0.0,0.0,0.0,0.0,0.0,0.0,0.0,0.0,0.0,0.0,0.0,0.0,0.0,0.0,0.0,0.0,0.0,0.0,0.0,0.0,0.0,0.0,0.0,0.0,0.0,0.0,0.0,0.0,0.0,0.0,0.0,0.0,0.0,0.0,0.0,0.0,0.0,0.0,0.0,0.0,0.0,0.0,0.0,0.0,0.0,0.0,0.0,0.0,0.0,0.0,0.0,0.0,0.0,0.0,0.0,0.0,0.0,0.0,0.0,0.0,0.0,0.0,0.0,0.0,0.0,0.0,0.0,0.0,0.0,0.0,0.0,0.0,0.0,0.0,0.0,0.0,0.0,0.0,0.0,0.0,0.0,0.0,0.0,0.0,0.0,0.0,0.0,0.0,0.0,
-0.094,-0.004,-0.079,-0.044,-0.07,-0.049,-0.067,-0.049,-0.067,-0.049,-0.067,-0.049,-0.067,-0.049,-0.067,-0.049,-0.067,-0.049,-0.067,-0.049,-0.067,-0.049,-0.067,-0.049,-0.067,-0.049,-0.067,-0.049,-0.067,-0.049,-0.067,-0.049,-0.067,-0.049,-0.067,-0.049,-0.067,-0.049,-0.067,-0.049,-0.065,-0.051,-0.064,-0.05,-0.063,-0.05,-0.063,-0.05,-0.063,-0.05,-0.063,-0.05,-0.063,-0.05,-0.063,-0.05,-0.063,-0.05,-0.063,-0.05,-0.062,-0.052,-0.06,-0.05,-0.063,-0.05,-0.062,-0.052,-0.064,-0.05,-0.062,-0.052,-0.064,-0.05,-0.063,-0.05,-0.063,-0.05,-0.063,-0.05,-0.063,-0.058,-0.065,-0.048,-0.069,-0.048,-0.069,-0.048,-0.069,-0.048,-0.069,-0.048,-0.069,-0.048,-0.069,-0.048,-0.069,-0.048,-0.069,0.014,
-0.032,-0.001,-0.029,-0.018,-0.009,-0.02,-0.01,-0.015,-0.001,-0.02,-0.01,-0.006,-0.015,-0.02,-0.016,-0.014,-0.009,-0.02,-0.01,0.01,-0.015,-0.02,-0.016,-0.014,-0.009,-0.001,-0.012,-0.014,-0.009,-0.019,-0.001,-0.016,-0.006,-0.02,-0.016,-0.012,-0.009,-0.02,0.007,0.01,0.007,-0.001,0.012,0.011,-0.014,0.011,-0.014,0.011,-0.014,0.011,-0.014,0.011,-0.015,-0.007,0.003,0.011,0.002,-0.007,0.003,-0.008,0.002,-0.009,0.002,-0.007,0.003,0.011,0.002,-0.007,0.002,0.011,0.002,-0.007,0.003,0.011,0.002,0.01,0.001,-0.007,0.002,-0.007,0.003,0.011,0.002,0.01,0.002,0.01,0.002,0.01,0.002,0.01,0.002,0.01,0.002,0.01,0.002,-0.007,0.003,-0.008,0.002,0.021,
0.0,0.0,0.0,0.0,0.0,0.0,0.0,0.0,0.0,0.0,0.0,0.0,0.0,0.0,0.0,0.0,0.0,0.0,0.0,0.0,0.0,0.0,0.0,0.0,0.0,0.0,0.0,0.0,0.0,0.0,0.0,0.0,0.0,0.0,0.0,0.0,0.0,0.0,0.0,0.0,0.0,0.0,0.0,0.0,0.0,0.0,0.0,0.0,0.0,0.0,0.0,0.0,0.0,0.0,0.0,0.0,0.0,0.0,0.0,0.0,0.0,0.0,0.0,0.0,0.0,0.0,0.0,0.0,0.0,0.0,0.0,0.0,0.0,0.0,0.0,0.0,0.0,0.0,0.0,0.0,0.0,0.0,0.0,0.0,0.0,0.0,0.0,0.0,0.0,0.0,0.0,0.0,0.0,0.0,0.0,0.0,0.0,0.0,0.0,0.0,
0.034,0.005,-0.032,0.008,0.002,-0.073,0.009,0.01,0.012,0.005,0.011,0.005,0.011,0.005,0.011,0.005,0.011,0.005,0.011,0.005,0.011,0.005,0.011,0.005,0.011,0.005,0.011,0.005,0.011,0.005,0.011,0.005,0.011,0.005,0.011,0.005,0.011,0.005,0.011,0.005,0.011,0.005,0.011,0.005,0.011,0.005,0.011,0.005,0.011,0.005,0.011,0.005,0.011,0.005,0.011,0.005,0.011,0.005,0.011,0.005,0.011,0.005,0.011,0.005,0.011,0.005,0.011,0.005,0.011,0.005,0.011,0.005,0.011,0.005,0.011,0.005,0.011,0.005,0.011,0.005,0.011,0.005,0.011,0.005,0.011,0.005,0.011,0.005,0.011,0.005,0.011,0.005,0.011,0.005,0.011,0.005,0.011,0.005,0.011,-0.005,
0.0,0.0,-0.099,0.0,0.0,0.0,-0.01,-0.008,0.0,0.0,0.0,-0.002,0.0,-0.001,-0.009,0.0,-0.009,-0.001,0.0,-0.001,-0.009,0.0,-0.009,-0.001,0.0,-0.001,-0.009,0.0,-0.009,-0.001,0.0,-0.001,-0.009,0.0,-0.009,-0.001,0.0,-0.001,-0.009,0.0,-0.009,-0.001,0.0,-0.001,-0.009,0.0,-0.009,-0.001,0.0,-0.001,-0.009,0.0,-0.009,-0.001,0.0,-0.001,-0.009,0.0,-0.009,-0.001,0.0,-0.001,-0.009,0.0,-0.009,-0.001,0.0,-0.001,-0.009,0.0,-0.009,-0.001,0.0,-0.001,-0.009,0.0,-0.009,-0.001,0.0,-0.001,-0.009,0.0,-0.009,-0.001,0.0,-0.001,-0.009,0.0,-0.009,-0.001,0.0,-0.001,-0.009,0.0,-0.009,-0.001,0.0,-0.001,-0.009,0.0,
0.0,-0.108,0.042,-0.126,0.045,-0.114,0.04,-0.126,0.087,-0.126,0.05,-0.114,0.09,-0.115,0.047,-0.114,0.044,-0.117,0.045,-0.116,0.013,-0.116,0.013,-0.116,0.045,-0.116,0.045,-0.126,0.047,-0.126,0.049,-0.135,0.051,-0.126,0.05,-0.114,0.046,-0.114,0.043,-0.126,0.047,-0.126,0.047,-0.126,0.047,-0.126,0.047,-0.126,0.05,-0.116,0.044,-0.116,0.04,-0.116,0.04,-0.116,0.04,-0.116,0.04,-0.116,0.04,-0.122,0.044,-0.116,0.04,-0.116,0.04,-0.116,0.04,-0.116,0.04,-0.116,0.04,-0.116,0.04,-0.116,0.04,-0.126,0.044,-0.126,0.044,-0.126,0.044,-0.126,0.044,-0.126,0.044,-0.126,0.044,-0.124,0.044,-0.114,0.044,-0.126,0.086,-0.126,0.05,-0.124,0.046,0.0,
-0.015,-0.107,-0.005,-0.07,-0.005,-0.07,-0.005,-0.07,-0.005,-0.07,-0.005,-0.07,-0.005,-0.07,-0.005,-0.07,-0.005,-0.07,-0.005,-0.07,-0.005,-0.07,-0.005,-0.07,-0.005,-0.07,-0.005,-0.07,-0.005,-0.07,-0.005,-0.07,-0.005,-0.07,-0.005,-0.07,-0.005,-0.07,-0.005,-0.07,-0.005,-0.07,-0.005,-0.07,-0.005,-0.07,-0.005,-0.07,-0.005,-0.07,-0.005,-0.07,-0.005,-0.07,-0.005,-0.07,-0.005,-0.07,-0.005,-0.07,-0.005,-0.07,-0.005,-0.07,-0.005,-0.07,-0.005,-0.07,-0.005,-0.07,-0.005,-0.07,-0.005,-0.07,-0.005,-0.07,-0.005,-0.07,-0.005,-0.07,-0.005,-0.07,-0.005,-0.07,-0.005,-0.07,-0.005,-0.07,-0.005,-0.07,-0.005,-0.07,-0.005,-0.07,-0.005,-0.07,-0.005,-0.07,-0.005,-0.001,
0.0,-0.035,0.0,0.0,0.0,0.004,0.0,0.0,0.0,0.004,0.0,0.0,0.0,0.004,0.0,0.0,0.0,0.004,0.0,0.0,0.0,0.004,0.0,0.0,0.0,0.004,0.0,0.0,0.0,0.004,0.0,0.0,0.0,0.004,0.0,0.0,0.0,0.004,0.0,0.0,0.0,0.004,0.0,0.0,0.0,0.004,0.0,0.0,0.0,0.004,0.0,0.0,0.0,0.004,0.0,0.0,0.0,0.004,0.0,0.0,0.0,0.004,0.0,0.0,0.0,0.004,0.0,0.0,0.0,0.004,0.0,0.0,0.0,0.004,0.0,0.0,0.0,0.004,0.0,0.0,0.0,0.004,0.0,0.0,0.0,0.004,0.0,0.0,0.0,0.004,0.0,0.0,0.0,0.004,0.0,0.0,0.0,0.004,0.0,0.0,
0.0,-0.064,0.059,-0.106,0.032,-0.033,0.0,0.001,0.0,0.05,0.0,-0.017,0.0,-0.021,0.0,-0.004,0.0,0.007,0.0,-0.082,0.0,0.0,-0.045,-0.003,0.0,0.003,0.0,-0.007,0.0,-0.038,-0.001,-0.095,0.0,-0.027,0.0,-0.003,0.0,-0.003,0.0,0.0,0.0,0.044,0.0,-0.023,0.0,0.034,0.0,-0.003,0.0,0.0,-0.045,0.034,0.0,-0.004,0.0,0.0,0.0,0.044,0.0,0.023,0.0,0.03,0.0,0.0,0.0,0.021,0.0,0.002,0.0,0.001,0.0,-0.013,0.0,-0.017,0.0,0.003,0.0,-0.068,0.0,-0.061,0.0,-0.055,0.0,-0.062,0.0,-0.037,-0.005,0.008,0.0,0.0,-0.045,-0.061,-0.043,0.034,0.0,0.003,0.0,-0.001,0.0,0.044,
-0.083,0.036,-0.036,0.042,-0.036,-0.033,-0.024,-0.036,-0.017,-0.057,0.048,-0.036,-0.033,-0.024,-0.036,-0.017,-0.057,0.048,-0.036,-0.033,-0.024,-0.036,-0.017,-0.057,0.048,-0.036,-0.033,-0.024,-0.036,-0.017,-0.057,0.048,-0.036,-0.033,-0.024,-0.036,-0.017,-0.057,0.048,-0.036,-0.033,-0.024,-0.036,-0.017,-0.057,0.048,-0.036,-0.033,-0.024,-0.036,-0.017,-0.057,0.048,-0.036,-0.033,-0.024,-0.036,-0.017,-0.057,0.048,-0.036,-0.033,-0.024,-0.036,-0.017,-0.057,0.048,-0.036,-0.033,-0.024,-0.036,-0.017,-0.057,0.048,-0.036,-0.033,-0.024,-0.036,-0.017,-0.057,0.048,-0.036,-0.033,-0.024,-0.036,-0.017,-0.057,0.048,-0.036,-0.033,-0.024,-0.036,-0.017,-0.057,0.048,-0.036,-0.033,-0.024,-0.036,0.035,
0.0,-0.004,-0.012,0.0,-0.01,0.0,0.0,-0.014,0.0,0.0,-0.014,0.0,0.0,-0.014,0.0,0.0,-0.014,0.0,0.0,-0.014,0.0,0.0,-0.014,0.0,0.0,-0.014,0.0,0.0,-0.014,0.0,0.0,-0.014,0.0,0.0,-0.014,0.0,0.0,-0.014,0.0,0.0,-0.014,0.0,0.0,-0.014,0.0,0.0,-0.014,0.0,0.0,-0.014,0.0,0.0,-0.014,0.0,0.0,-0.014,0.0,0.0,-0.014,0.0,0.0,-0.014,0.0,0.0,-0.014,0.0,0.0,-0.014,0.0,0.0,-0.014,0.0,0.0,-0.014,0.0,0.0,-0.014,0.0,0.0,-0.014,0.0,0.0,-0.014,0.0,0.0,-0.014,0.0,0.0,-0.014,0.0,0.0,-0.014,0.0,0.0,-0.014,0.0,0.0,-0.014,0.0,0.0,
-0.011,0.0,0.003,-0.013,-0.011,0.001,-0.003,-0.078,0.01,0.01,-0.02,-0.001,-0.018,-0.059,0.0,-0.013,-0.018,0.01,-0.028,-0.049,0.0,-0.013,-0.018,0.01,-0.028,-0.049,0.0,-0.013,-0.018,0.01,-0.028,-0.049,0.0,-0.013,-0.018,0.01,-0.028,-0.049,0.0,-0.013,-0.018,0.01,-0.028,-0.049,0.0,-0.013,-0.018,0.01,-0.028,-0.049,0.0,-0.013,-0.018,0.01,-0.028,-0.049,0.0,-0.013,-0.018,0.01,-0.028,-0.049,0.0,-0.013,-0.018,0.01,-0.028,-0.049,0.0,-0.013,-0.018,0.01,-0.028,-0.049,0.0,-0.013,-0.018,0.01,-0.028,-0.049,0.0,-0.013,-0.018,0.01,-0.028,-0.049,0.0,-0.013,-0.018,0.01,-0.028,-0.049,0.0,-0.013,-0.018,0.01,-0.028,-0.049,0.0,0.001,
-0.063,-0.041,-0.03,-0.015,-0.032,-0.015,-0.017,-0.028,-0.016,-0.019,-0.02,-0.03,-0.017,-0.019,-0.02,-0.03,-0.017,-0.019,-0.02,-0.03,-0.017,-0.019,-0.02,-0.03,-0.017,-0.019,-0.02,-0.03,-0.017,-0.019,-0.02,-0.03,-0.017,-0.019,-0.02,-0.03,-0.017,-0.019,-0.02,-0.03,-0.017,-0.019,-0.02,-0.03,-0.017,-0.019,-0.02,-0.03,-0.017,-0.019,-0.02,-0.03,-0.017,-0.019,-0.02,-0.03,-0.017,-0.019,-0.02,-0.03,-0.017,-0.019,-0.02,-0.03,-0.017,-0.019,-0.02,-0.03,-0.017,-0.019,-0.02,-0.03,-0.017,-0.019,-0.02,-0.03,-0.017,-0.019,-0.02,-0.03,-0.017,-0.019,-0.02,-0.03,-0.017,-0.019,-0.02,-0.03,-0.017,-0.019,-0.02,-0.03,-0.017,-0.019,-0.02,-0.03,-0.017,-0.019,-0.02,0.018,
0.0,0.0,0.0,0.0,0.0,0.0,0.0,0.0,0.0,0.0,0.0,0.0,0.0,0.0,0.0,0.0,0.0,0.0,0.0,0.0,0.0,0.0,0.0,0.0,0.0,0.0,0.0,0.0,0.0,0.0,0.0,0.0,0.0,0.0,0.0,0.0,0.0,0.0,0.0,0.0,0.0,0.0,0.0,0.0,0.0,0.0,0.0,0.0,0.0,0.0,0.0,0.0,0.0,0.0,0.0,0.0,0.0,0.0,0.0,0.0,0.0,0.0,0.0,0.0,0.0,0.0,0.0,0.0,0.0,0.0,0.0,0.0,0.0,0.0,0.0,0.0,0.0,0.0,0.0,0.0,0.0,0.0,0.0,0.0,0.0,0.0,0.0,0.0,0.0,0.0,0.0,0.0,0.0,0.0,0.0,0.0,0.0,0.0,0.0,0.0,
0.0,-0.027,0.042,-0.013,0.0,-0.013,0.035,-0.017,0.027,-0.018,0.028,0.006,0.0,0.031,0.0,-0.012,0.0,0.007,0.032,0.0,0.0,0.0,0.0,0.035,0.0,0.031,0.0,0.0,0.0,0.0,0.0,0.0,0.0,0.0,0.0,-0.012,0.0,0.003,0.0,-0.012,0.0,-0.017,0.027,-0.018,0.028,-0.023,0.031,0.006,0.0,0.031,0.0,-0.012,0.0,-0.017,0.027,0.0,0.0,0.034,0.0,0.034,-0.024,0.034,0.0,-0.014,0.027,-0.017,0.0,0.0,0.0,0.0,0.0,0.0,0.0,0.0,0.0,0.0,0.003,0.0,-0.017,0.027,-0.018,0.0,-0.013,-0.014,0.0,0.003,0.0,0.032,-0.011,0.007,0.032,0.0,0.0,0.0,-0.019,0.033,0.0,0.003,0.0,0.001,
0.0,0.0,0.0,0.0,0.0,0.0,0.0,0.0,0.0,0.0,0.0,0.0,0.0,0.0,0.0,0.0,0.0,0.0,0.0,0.0,0.0,0.0,0.0,0.0,0.0,0.0,0.0,0.0,0.0,0.0,0.0,0.0,0.0,0.0,0.0,0.0,0.0,0.0,0.0,0.0,0.0,0.0,0.0,0.0,0.0,0.0,0.0,0.0,0.0,0.0,0.0,0.0,0.0,0.0,0.0,0.0,0.0,0.0,0.0,0.0,0.0,0.0,0.0,0.0,0.0,0.0,0.0,0.0,0.0,0.0,0.0,0.0,0.0,0.0,0.0,0.0,0.0,0.0,0.0,0.0,0.0,0.0,0.0,0.0,0.0,0.0,0.0,0.0,0.0,0.0,0.0,0.0,0.0,0.0,0.0,0.0,0.0,0.0,0.0,0.0,
0.0,0.0,0.0,0.0,0.0,0.0,0.0,-0.017,0.0,0.0,0.0,0.0,0.0,0.0,0.0,-0.027,0.0,0.0,0.0,0.0,0.0,-0.023,0.0,0.0,0.0,0.0,0.0,-0.012,0.0,-0.02,0.0,0.0,0.0,0.0,0.0,0.0,0.0,0.0,0.0,0.0,0.0,-0.006,0.0,0.0,0.0,0.0,0.0,-0.023,0.0,0.0,0.0,-0.019,0.0,-0.011,0.0,-0.02,0.0,0.0,0.0,0.0,0.0,0.0,0.0,0.0,0.0,-0.017,0.0,-0.016,0.0,0.0,0.0,-0.002,0.0,0.0,0.0,-0.002,0.0,-0.01,0.0,-0.006,0.0,-0.019,0.0,-0.001,0.0,0.0,0.0,-0.02,0.0,-0.006,0.0,-0.002,0.0,-0.009,0.0,-0.022,0.0,-0.02,0.0,0.0,
-0.014,0.02,-0.042,-0.019,-0.017,-0.005,0.008,-0.048,-0.007,-0.005,0.002,-0.008,0.002,-0.008,0.002,-0.008,0.002,-0.008,0.002,-0.008,0.002,-0.008,0.002,-0.008,0.002,-0.008,0.002,-0.008,0.002,-0.008,0.002,-0.008,0.002,-0.008,0.002,-0.008,0.002,-0.008,0.002,-0.008,0.002,-0.008,0.002,-0.008,0.002,-0.008,0.002,-0.008,0.002,-0.008,0.002,-0.008,0.002,-0.008,0.002,-0.008,0.002,0.003,0.006,0.007,-0.028,0.007,-0.028,0.007,-0.026,0.007,-0.005,-0.002,0.006,0.007,0.006,0.007,0.006,0.007,0.006,0.007,0.006,0.007,0.006,0.007,0.006,0.007,0.006,0.007,0.006,0.007,0.006,0.007,0.006,0.007,0.006,0.007,0.006,0.007,0.006,0.007,0.006,0.007,0.006,0.011,
0.0,0.0,0.0,0.0,0.0,0.0,0.0,0.0,0.0,0.0,0.0,0.0,0.0,0.0,0.0,0.0,0.0,0.0,0.0,0.0,0.0,0.0,0.0,0.0,0.0,0.0,0.0,0.0,0.0,0.0,0.0,0.0,0.0,0.0,0.0,0.0,0.0,0.0,0.0,0.0,0.0,0.0,0.0,0.0,0.0,0.0,0.0,0.0,0.0,0.0,0.0,0.0,0.0,0.0,0.0,0.0,0.0,0.0,0.0,0.0,0.0,0.0,0.0,0.0,0.0,0.0,0.0,0.0,0.0,0.0,0.0,0.0,0.0,0.0,0.0,0.0,0.0,0.0,0.0,0.0,0.0,0.0,0.0,0.0,0.0,0.0,0.0,0.0,0.0,0.0,0.0,0.0,0.0,0.0,0.0,0.0,0.0,0.0,0.0,0.0,
-0.014,-0.006,-0.035,-0.007,-0.019,-0.008,-0.016,-0.01,-0.02,-0.01,-0.002,-0.032,-0.008,-0.025,-0.01,-0.025,-0.011,-0.001,-0.003,-0.019,-0.002,-0.004,-0.003,-0.094,0.001,-0.001,-0.011,-0.02,-0.012,-0.004,-0.01,-0.016,-0.001,-0.1,-0.011,-0.001,-0.012,0.0,-0.011,-0.001,-0.008,-0.004,-0.016,-0.004,-0.012,-0.015,-0.017,-0.003,-0.092,-0.006,-0.003,-0.021,-0.003,-0.003,-0.001,-0.08,-0.045,0.0,-0.016,-0.009,-0.019,0.0,-0.021,-0.009,-0.019,0.0,-0.021,-0.009,-0.019,0.0,-0.011,-0.008,-0.003,0.001,-0.016,0.0,-0.011,-0.004,-0.012,-0.016,-0.026,-0.004,-0.012,-0.011,-0.017,-0.016,-0.012,-0.008,-0.011,-0.007,-0.008,-0.004,-0.016,-0.004,-0.012,-0.004,-0.012,-0.004,-0.012,0.014,
0.0,-0.155,0.027,-0.147,0.029,-0.139,0.029,-0.157,0.031,-0.144,0.029,-0.136,0.028,-0.128,0.029,-0.141,0.029,-0.133,0.029,-0.158,0.029,-0.143,0.029,-0.137,0.029,-0.129,0.029,-0.139,0.029,-0.133,0.029,-0.158,0.029,-0.143,0.029,-0.137,0.029,-0.13,0.029,-0.139,0.029,-0.133,0.029,-0.158,0.029,-0.143,0.029,-0.137,0.029,-0.129,0.029,-0.139,0.029,-0.133,0.029,-0.158,0.029,-0.143,0.029,-0.137,0.029,-0.129,0.029,-0.139,0.029,-0.133,0.029,-0.157,0.029,-0.143,0.029,-0.137,0.029,-0.129,0.029,-0.139,0.029,-0.133,0.029,-0.158,0.029,-0.143,0.029,-0.137,0.029,-0.129,0.029,-0.139,0.029,-0.133,0.029,-0.157,0.029,-0.143,0.029,-0.137,0.029,-0.129,0.029,-0.082,
-0.017,-0.017,-0.017,-0.023,-0.023,-0.022,-0.021,-0.004,-0.041,-0.004,-0.042,-0.023,-0.023,-0.022,-0.021,-0.004,-0.041,-0.004,-0.042,-0.023,-0.023,-0.022,-0.021,-0.004,-0.041,-0.004,-0.042,-0.023,-0.023,-0.022,-0.021,-0.004,-0.041,-0.004,-0.042,-0.023,-0.023,-0.022,-0.021,-0.004,-0.041,-0.004,-0.042,-0.023,-0.023,-0.022,-0.021,-0.004,-0.041,-0.004,-0.042,-0.023,-0.023,-0.022,-0.021,-0.004,-0.041,-0.004,-0.042,-0.023,-0.023,-0.022,-0.021,-0.004,-0.041,-0.004,-0.042,-0.023,-0.022,-0.023,-0.023,-0.022,-0.021,-0.004,-0.041,-0.004,-0.042,-0.023,-0.023,-0.022,-0.021,-0.004,-0.041,-0.004,-0.042,-0.023,-0.023,-0.022,-0.021,-0.004,-0.041,-0.004,-0.042,-0.023,-0.023,-0.022,-0.021,-0.004,-0.041,0.001,
0.0,0.0,-0.008,-0.008,-0.083,0.009,-0.008,0.0,-0.008,0.0,-0.008,0.0,-0.008,0.0,-0.008,0.0,-0.008,0.0,-0.008,0.0,-0.008,0.0,-0.008,0.0,-0.008,0.0,-0.008,0.0,-0.008,0.0,-0.008,0.0,-0.008,0.0,-0.008,0.0,-0.008,0.0,-0.008,0.0,-0.008,0.0,-0.008,0.0,-0.008,0.0,-0.008,0.0,-0.008,0.0,-0.008,0.0,-0.008,0.0,-0.008,0.0,-0.008,0.0,-0.008,0.0,-0.008,0.0,-0.008,0.0,-0.008,0.0,-0.008,0.0,-0.008,0.0,-0.008,0.0,-0.008,0.0,-0.008,0.0,-0.008,0.0,-0.008,0.0,-0.008,0.0,-0.008,0.0,-0.008,0.0,-0.008,0.0,-0.008,0.0,-0.008,0.0,-0.008,0.0,-0.008,0.0,-0.008,0.0,-0.008,-0.013,
0.0,0.0,0.0,0.0,-0.002,0.0,0.0,0.0,0.0,0.0,0.0,0.0,0.0,0.0,0.0,0.0,0.0,0.0,0.0,0.0,0.0,0.0,0.0,0.0,0.0,0.0,0.0,0.0,0.0,0.0,0.0,0.0,0.0,0.0,0.0,0.0,0.0,0.0,0.0,0.0,0.0,0.0,0.0,0.0,0.0,0.0,0.0,0.0,0.0,0.0,0.0,0.0,0.0,0.0,0.0,0.0,0.0,0.0,0.0,0.0,0.0,0.0,0.0,0.0,0.0,0.0,0.0,0.0,0.0,0.0,0.0,0.0,0.0,0.0,0.0,0.0,0.0,0.0,0.0,0.0,0.0,0.0,0.0,0.0,0.0,0.0,0.0,0.0,0.0,0.0,0.0,0.0,0.0,0.0,0.0,0.0,0.0,0.0,0.0,0.0,
-0.024,-0.053,-0.037,-0.084,0.011,-0.08,0.011,-0.082,0.011,-0.082,0.011,-0.082,0.011,-0.082,0.011,-0.082,0.011,-0.082,0.011,-0.082,0.011,-0.082,0.011,-0.082,0.011,-0.082,0.011,-0.082,0.011,-0.082,0.011,-0.082,0.011,-0.082,0.011,-0.082,0.011,-0.082,0.011,-0.082,0.011,-0.082,0.011,-0.082,0.011,-0.082,0.011,-0.082,0.011,-0.082,0.011,-0.082,0.011,-0.082,0.011,-0.082,0.011,-0.082,0.011,-0.082,0.011,-0.082,0.011,-0.082,0.011,-0.082,0.011,-0.082,0.011,-0.082,0.011,-0.082,0.011,-0.082,0.011,-0.082,0.011,-0.082,0.011,-0.082,0.011,-0.082,0.011,-0.082,0.011,-0.082,0.011,-0.082,0.011,-0.082,0.011,-0.082,0.011,-0.082,0.011,-0.082,0.011,-0.082,0.011,0.048,
0.0,0.0,0.0,0.0,0.0,0.0,0.0,0.0,0.0,0.0,0.0,0.0,0.0,0.0,0.0,0.0,0.0,0.0,0.0,0.0,0.0,0.0,0.0,0.0,0.0,0.0,0.0,0.0,0.0,0.0,0.0,0.0,0.0,0.0,0.0,0.0,0.0,0.0,0.0,0.0,0.0,0.0,0.0,0.0,0.0,0.0,0.0,0.0,0.0,0.0,0.0,0.0,0.0,0.0,0.0,0.0,0.0,0.0,0.0,0.0,0.0,0.0,0.0,0.0,0.0,0.0,0.0,0.0,0.0,0.0,0.0,0.0,0.0,0.0,0.0,0.0,0.0,0.0,0.0,0.0,0.0,0.0,0.0,0.0,0.0,0.0,0.0,0.0,0.0,0.0,0.0,0.0,0.0,0.0,0.0,0.0,0.0,0.0,0.0,0.0,
-0.011,-0.012,0.032,-0.011,-0.035,0.0,0.041,0.033,-0.106,-0.065,-0.118,-0.056,-0.094,-0.054,-0.094,-0.054,-0.094,-0.054,-0.094,-0.054,-0.094,-0.054,-0.094,-0.054,-0.094,-0.054,-0.094,-0.054,-0.094,-0.054,-0.094,-0.054,-0.094,-0.054,-0.094,-0.054,-0.094,-0.054,-0.094,-0.054,-0.094,-0.054,-0.094,-0.054,-0.094,-0.054,-0.094,-0.054,-0.094,-0.054,-0.094,-0.054,-0.094,-0.054,-0.094,-0.054,-0.094,-0.054,-0.094,-0.054,-0.094,-0.054,-0.094,-0.054,-0.094,-0.054,-0.094,-0.054,-0.094,-0.054,-0.094,-0.054,-0.094,-0.054,-0.094,-0.054,-0.094,-0.054,-0.094,-0.054,-0.094,-0.054,-0.094,-0.054,-0.094,-0.054,-0.094,-0.054,-0.094,-0.054,-0.094,-0.054,-0.094,-0.054,-0.094,-0.054,-0.094,-0.054,-0.094,0.005,
0.0,-0.004,0.0,-0.004,0.0,-0.004,0.0,-0.004,0.0,-0.004,0.0,-0.004,0.0,-0.004,0.0,-0.004,0.0,-0.004,0.0,-0.004,0.0,-0.004,0.0,-0.004,0.0,-0.004,0.0,-0.004,0.0,-0.004,0.0,-0.004,0.0,-0.004,0.0,-0.004,0.0,-0.004,0.0,-0.004,0.0,-0.004,0.0,-0.004,0.0,-0.004,0.0,-0.004,0.0,-0.004,0.0,-0.004,0.0,-0.004,0.0,-0.004,0.0,-0.004,0.0,-0.004,0.0,-0.004,0.0,-0.004,0.0,-0.004,0.0,-0.004,0.0,-0.004,0.0,-0.004,0.0,-0.004,0.0,-0.004,0.0,-0.004,0.0,-0.004,0.0,-0.004,0.0,-0.004,0.0,-0.004,0.0,-0.004,0.0,-0.004,0.0,-0.004,0.0,-0.004,0.0,-0.004,0.0,-0.004,0.0,-0.004,
-0.003,0.0,-0.007,0.008,0.0,-0.064,0.017,-0.066,0.008,-0.063,0.011,-0.062,0.011,-0.062,0.011,-0.062,0.011,-0.062,0.011,-0.062,0.042,-0.062,0.047,-0.062,0.011,-0.062,0.011,-0.062,0.011,-0.062,0.011,-0.062,0.011,-0.062,0.011,-0.062,0.011,-0.062,0.011,-0.062,0.042,-0.062,0.011,-0.062,0.042,-0.062,0.011,-0.062,0.011,-0.062,0.011,-0.062,0.011,-0.062,0.011,-0.062,0.011,-0.062,0.011,-0.062,0.011,-0.062,0.011,-0.062,0.011,-0.062,0.011,-0.062,0.011,-0.062,0.011,-0.062,0.011,-0.062,0.011,-0.062,0.011,-0.062,0.011,-0.062,0.011,-0.062,0.011,-0.062,0.011,-0.062,0.011,-0.062,0.011,-0.062,0.011,-0.062,0.011,-0.062,0.011,-0.062,0.011,-0.062,0.011,-0.001,
0.004,-0.05,-0.037,-0.059,-0.043,-0.06,-0.043,-0.06,-0.034,-0.078,-0.1,-0.08,-0.1,-0.062,-0.047,-0.062,-0.044,-0.053,-0.046,-0.063,-0.043,-0.063,-0.043,-0.079,-0.102,-0.076,-0.092,-0.023,-0.088,-0.023,-0.084,-0.023,-0.088,-0.023,-0.089,-0.023,-0.088,-0.023,-0.088,-0.023,-0.088,-0.023,-0.088,-0.023,-0.088,-0.023,-0.088,-0.023,-0.083,-0.023,-0.088,-0.023,-0.088,-0.023,-0.088,-0.023,-0.088,-0.023,-0.088,-0.023,-0.085,-0.023,-0.088,-0.023,-0.088,-0.023,-0.088,-0.023,-0.088,-0.023,-0.088,-0.023,-0.086,-0.023,-0.088,-0.023,-0.089,-0.023,-0.088,-0.023,-0.088,-0.023,-0.088,-0.023,-0.088,-0.023,-0.088,-0.023,-0.088,-0.023,-0.088,-0.023,-0.088,-0.023,-0.088,-0.023,-0.088,-0.023,-0.088,0.021,
0.0,-0.003,0.087,-0.001,0.088,0.0,0.0,-0.022,-0.191,0.072,0.0,0.039,-0.188,0.064,0.0,-0.23,0.103,0.0,0.0,0.09,0.0,0.051,-0.182,0.111,0.0,0.041,0.0,-0.201,0.068,0.0,-0.191,0.069,0.0,0.0,0.091,0.0,0.038,-0.008,0.0,-0.233,0.103,0.0,0.0,-0.196,0.068,0.0,0.086,0.0,0.0,0.039,0.0,0.041,-0.202,0.106,-0.168,0.073,0.0,-0.226,0.109,-0.008,0.036,-0.219,0.109,0.0,0.0,-0.198,0.068,0.038,0.0,0.0,0.0,0.039,0.0,0.041,0.0,0.041,-0.207,0.106,0.0,0.0,-0.22,0.073,0.0,-0.024,0.0,-0.206,0.068,-0.022,0.0,0.039,0.0,0.039,-0.003,0.0,0.0,0.0,-0.189,0.06,0.0,-0.039,
-0.003,-0.038,-0.011,-0.02,-0.006,-0.06,-0.078,-0.027,-0.017,-0.055,-0.1,-0.035,-0.043,-0.047,-0.104,-0.021,-0.001,0.045,-0.035,-0.042,-0.109,-0.001,-0.035,-0.035,-0.063,0.007,-0.035,-0.035,-0.065,0.007,-0.035,-0.035,-0.065,0.007,-0.035,-0.035,-0.065,0.007,-0.035,-0.035,-0.065,0.007,-0.035,-0.035,-0.065,0.007,-0.035,-0.035,-0.065,0.007,-0.035,-0.035,-0.065,0.007,-0.035,-0.035,-0.065,0.007,-0.035,-0.035,-0.065,0.007,-0.035,-0.035,-0.065,0.007,-0.035,-0.035,-0.065,0.007,-0.035,-0.035,-0.065,0.007,-0.035,-0.035,-0.065,0.007,-0.035,-0.035,-0.065,0.007,-0.035,-0.035,-0.065,0.007,-0.035,-0.035,-0.065,0.007,-0.035,-0.035,-0.065,0.007,-0.035,-0.035,-0.065,0.007,-0.035,0.0,
0.0,-0.005,-0.044,-0.072,-0.045,-0.072,-0.045,-0.072,-0.045,-0.072,-0.045,-0.072,-0.045,-0.072,-0.045,-0.072,-0.045,-0.072,-0.045,-0.072,-0.045,-0.072,-0.045,-0.072,-0.045,-0.072,-0.045,-0.072,-0.045,-0.072,-0.045,-0.072,-0.045,-0.072,-0.045,-0.072,-0.045,-0.072,-0.045,-0.072,-0.045,-0.072,-0.045,-0.072,-0.045,-0.072,-0.045,-0.072,-0.045,-0.072,-0.045,-0.072,-0.045,-0.072,-0.045,-0.072,-0.045,-0.072,-0.045,-0.072,-0.045,-0.072,-0.045,-0.072,-0.045,-0.072,-0.045,-0.072,-0.045,-0.072,-0.045,-0.072,-0.045,-0.072,-0.045,-0.072,-0.045,-0.072,-0.045,-0.072,-0.045,-0.072,-0.045,-0.072,-0.045,-0.072,-0.045,-0.072,-0.045,-0.072,-0.045,-0.072,-0.045,-0.072,-0.045,-0.072,-0.045,-0.072,-0.045,0.0,
-0.044,0.0,-0.055,0.0,-0.048,-0.025,-0.029,-0.004,0.0,-0.05,0.0,0.0,0.0,-0.022,0.0,0.0,0.0,-0.029,-0.006,-0.02,-0.005,-0.019,0.0,0.0,0.0,0.0,0.0,-0.001,0.0,-0.029,-0.006,-0.02,-0.005,-0.019,0.0,0.0,0.0,0.0,0.0,-0.001,0.0,-0.029,-0.006,-0.02,-0.005,-0.019,0.0,0.0,0.0,0.0,0.0,-0.001,0.0,-0.029,-0.005,-0.02,-0.005,-0.019,0.0,0.0,0.0,0.0,0.0,-0.001,0.0,-0.029,-0.006,-0.02,-0.005,-0.019,0.0,0.0,0.0,0.0,0.0,-0.001,0.0,-0.029,-0.006,-0.02,-0.005,-0.019,0.0,0.0,0.0,0.0,0.0,-0.001,0.0,-0.029,-0.006,-0.02,-0.005,-0.019,0.0,0.0,0.0,0.0,0.0,0.0,
0.0,0.0,0.0,0.002,0.0,0.002,0.0,0.002,0.0,0.002,0.0,0.002,0.0,0.002,0.0,0.002,0.0,0.002,0.0,0.002,0.0,0.002,0.0,0.002,0.0,0.002,0.0,0.002,0.0,0.002,0.0,0.002,0.0,0.002,0.0,0.002,0.0,0.002,0.0,0.002,0.0,0.002,0.0,0.002,0.0,0.002,0.0,0.002,0.0,0.002,0.0,0.002,0.0,0.002,0.0,0.002,0.0,0.002,0.0,0.002,0.0,0.002,0.0,0.002,0.0,0.002,0.0,0.002,0.0,0.002,0.0,0.002,0.0,0.002,0.0,0.002,0.0,0.002,0.0,0.002,0.0,0.002,0.0,0.002,0.0,0.002,0.0,0.002,0.0,0.002,0.0,0.002,0.0,0.002,0.0,0.002,0.0,0.002,0.0,0.0,
-0.027,0.0,0.045,-0.092,0.053,0.051,0.003,0.01,0.008,-0.065,0.046,-0.087,0.058,0.004,0.048,-0.007,0.007,-0.019,0.051,-0.046,-0.1,-0.032,0.0,-0.281,-0.039,0.053,-0.053,-0.057,0.029,-0.088,-0.017,0.011,-0.121,0.015,-0.139,-0.078,0.039,-0.041,0.02,-0.034,-0.137,-0.018,-0.107,-0.096,0.029,-0.175,0.036,-0.039,0.024,-0.044,0.022,-0.185,0.023,-0.096,-0.03,-0.079,0.031,-0.031,-0.136,-0.018,-0.126,-0.019,-0.127,-0.02,-0.127,-0.02,-0.127,-0.02,-0.127,-0.02,0.008,-0.04,-0.086,-0.019,0.014,-0.141,0.037,-0.175,-0.059,-0.028,0.003,-0.042,-0.086,-0.069,-0.057,-0.127,0.036,-0.037,-0.137,-0.11,-0.086,-0.02,0.02,-0.045,0.02,-0.185,0.038,-0.037,-0.137,0.065,
0.0,0.0,0.0,0.0,0.0,0.0,0.0,0.0,0.0,-0.004,0.0,0.0,0.0,-0.014,0.0,0.0,0.0,0.0,0.0,0.0,0.0,0.0,0.0,0.0,0.0,0.0,0.0,0.0,0.0,0.0,0.0,0.0,0.0,0.0,0.0,0.0,0.0,0.0,0.0,0.0,0.0,0.0,0.0,0.0,0.0,0.0,0.0,0.0,0.0,0.0,0.0,0.0,0.0,0.0,0.0,0.0,0.0,0.0,0.0,0.0,0.0,0.0,0.0,0.0,0.0,0.0,0.0,0.0,0.0,0.0,0.0,0.0,0.0,0.0,0.0,0.0,0.0,0.0,0.0,0.0,0.0,0.0,0.0,0.0,0.0,0.0,0.0,0.0,0.0,0.0,0.0,0.0,0.0,0.0,0.0,0.0,0.0,0.0,0.0,0.0,
0.0,0.0,0.0,-0.002,0.0,-0.002,0.0,-0.002,0.0,-0.002,0.0,-0.002,0.0,-0.002,0.0,-0.002,0.0,-0.002,0.0,-0.002,0.0,-0.002,0.0,-0.002,0.0,-0.002,0.0,-0.002,0.0,-0.002,0.0,-0.002,0.0,-0.002,0.0,-0.002,0.0,-0.002,0.0,-0.002,0.0,-0.002,0.0,-0.002,0.0,-0.002,0.0,-0.002,0.0,-0.002,0.0,-0.002,0.0,-0.002,0.0,-0.002,0.0,-0.002,0.0,-0.002,0.0,-0.002,0.0,-0.002,0.0,-0.002,0.0,-0.002,0.0,-0.002,0.0,-0.002,0.0,-0.002,0.0,-0.002,0.0,-0.002,0.0,-0.002,0.0,-0.002,0.0,-0.002,0.0,-0.002,0.0,-0.002,0.0,-0.002,0.0,-0.002,0.0,-0.002,0.0,-0.002,0.0,-0.002,0.0,-0.001,
-0.039,0.0,-0.005,0.0,-0.005,0.0,0.002,0.022,-0.005,0.0,-0.005,0.0,-0.005,0.0,-0.005,0.0,-0.005,0.0,-0.005,0.0,-0.005,0.0,-0.005,0.0,-0.005,0.0,-0.005,0.0,-0.005,0.0,-0.005,0.0,-0.005,0.0,-0.005,0.0,-0.005,0.0,-0.005,0.0,-0.005,0.0,0.002,0.022,-0.005,0.0,-0.005,0.0,-0.005,0.0,0.002,0.022,-0.005,0.0,-0.005,0.0,-0.005,0.0,-0.005,0.0,-0.005,0.0,-0.005,0.0,-0.005,0.0,-0.005,0.0,-0.005,0.0,-0.005,0.0,-0.005,0.0,0.002,0.022,-0.005,0.0,-0.005,0.0,-0.005,0.0,-0.005,0.0,-0.005,0.0,-0.005,0.0,-0.005,0.0,-0.005,0.0,-0.005,0.0,-0.005,0.0,-0.005,0.0,-0.005,0.007,
0.026,0.041,-0.063,0.014,-0.006,0.003,-0.037,0.023,-0.018,0.006,-0.04,-0.001,-0.016,0.005,-0.016,0.014,-0.002,0.001,-0.051,0.013,-0.013,0.013,-0.016,0.008,0.015,0.006,-0.05,0.011,-0.011,0.005,-0.05,0.011,-0.011,0.005,-0.05,0.011,-0.011,0.006,-0.05,0.011,-0.011,0.005,-0.05,0.022,-0.011,0.002,-0.05,0.011,-0.011,0.006,-0.05,0.011,0.0,0.005,-0.05,0.011,-0.011,0.005,-0.05,0.022,-0.011,0.005,-0.05,0.011,0.0,0.005,-0.05,0.022,0.0,0.005,-0.05,0.011,-0.011,0.005,-0.05,0.023,-0.011,0.005,-0.05,0.023,-0.011,0.006,-0.05,0.011,-0.011,0.005,-0.05,0.011,-0.011,0.005,-0.05,0.011,-0.011,0.005,-0.05,0.011,-0.011,0.005,-0.05,-0.006,
-0.147,-0.116,-0.133,-0.123,-0.133,-0.123,-0.133,-0.123,-0.133,-0.123,-0.133,-0.123,-0.133,-0.123,-0.133,-0.123,-0.133,-0.123,-0.133,-0.123,-0.133,-0.123,-0.133,-0.123,-0.133,-0.123,-0.133,-0.123,-0.133,-0.123,-0.133,-0.123,-0.133,-0.123,-0.133,-0.123,-0.133,-0.123,-0.133,-0.123,-0.133,-0.123,-0.133,-0.123,-0.133,-0.123,-0.133,-0.123,-0.133,-0.123,-0.133,-0.123,-0.133,-0.123,-0.133,-0.121,-0.119,-0.108,-0.134,-0.118,-0.144,-0.115,-0.143,-0.113,-0.156,-0.112,-0.138,-0.111,-0.127,-0.114,-0.147,-0.113,-0.131,-0.124,-0.123,-0.124,-0.122,-0.124,-0.122,-0.124,-0.122,-0.124,-0.122,-0.124,-0.122,-0.124,-0.122,-0.124,-0.122,-0.124,-0.122,-0.124,-0.122,-0.124,-0.122,-0.124,-0.122,-0.124,-0.122,-0.005,
-0.036,-0.028,-0.041,-0.04,-0.131,-0.028,-0.045,0.003,-0.041,-0.022,-0.106,0.006,-0.041,-0.022,-0.077,0.02,-0.039,0.016,-0.041,-0.022,-0.031,0.013,-0.028,-0.012,-0.027,-0.022,-0.038,-0.031,0.002,-0.022,-0.028,0.003,-0.028,-0.041,0.015,-0.051,-0.017,0.02,-0.041,0.02,-0.036,0.003,-0.028,0.003,-0.028,0.003,-0.028,0.003,-0.028,0.003,-0.028,0.003,-0.028,0.003,-0.028,0.003,-0.028,0.003,-0.028,0.003,-0.028,0.003,-0.028,0.003,-0.028,0.003,-0.028,0.003,-0.028,0.003,-0.028,0.003,-0.028,0.003,-0.028,0.003,-0.028,0.003,-0.028,0.003,-0.028,0.003,-0.028,0.003,-0.028,0.003,-0.028,0.003,-0.028,0.003,-0.028,0.003,-0.028,0.003,-0.028,0.003,-0.028,0.003,-0.028,0.011,
0.0,0.0,-0.009,-0.019,-0.031,0.0,-0.018,-0.005,-0.019,-0.009,-0.019,-0.031,0.0,-0.018,-0.005,-0.019,-0.009,-0.019,-0.031,0.0,-0.018,-0.005,-0.019,-0.009,-0.019,-0.031,0.0,-0.018,-0.005,-0.019,-0.009,-0.019,-0.031,0.0,-0.018,-0.005,-0.019,-0.009,-0.019,-0.031,0.0,-0.018,-0.005,-0.019,-0.009,-0.019,-0.031,0.0,-0.018,-0.005,-0.019,-0.009,-0.019,-0.031,0.0,-0.018,-0.005,-0.019,-0.009,-0.019,-0.031,0.0,-0.018,-0.005,-0.019,-0.009,-0.019,-0.031,0.0,-0.018,-0.005,-0.019,-0.009,-0.019,-0.031,0.0,-0.018,-0.005,-0.019,-0.009,-0.019,-0.031,0.0,-0.018,-0.005,-0.019,-0.009,-0.019,-0.031,0.0,-0.018,-0.005,-0.019,-0.009,-0.019,-0.031,0.0,-0.018,-0.005,-0.019,
-0.031,-0.036,-0.013,0.052,0.009,0.026,0.02,0.009,0.001,0.0,0.0,0.005,0.0,0.005,0.0,0.005,0.0,0.005,0.0,0.005,0.0,0.005,0.0,0.005,0.0,0.005,0.0,0.005,0.0,0.005,0.0,0.005,0.0,0.005,0.0,0.005,0.0,0.005,0.0,0.005,0.0,0.005,0.0,0.005,0.0,0.005,0.0,0.005,0.0,0.005,0.0,0.005,0.0,0.005,0.0,0.005,0.0,0.005,0.0,0.005,0.0,0.005,0.0,0.005,0.0,0.005,0.0,0.005,0.0,0.005,0.0,0.005,0.0,0.005,0.0,0.005,0.0,0.005,0.0,0.005,0.0,0.005,0.0,0.005,0.0,0.005,0.0,0.005,0.0,0.005,0.0,0.005,0.0,0.005,0.0,0.005,0.0,0.005,0.0,0.0,
-0.025,0.005,0.025,0.0,0.025,-0.023,0.025,-0.023,0.025,-0.023,0.025,0.0,0.025,-0.023,0.025,-0.023,0.025,-0.023,0.025,0.0,0.025,-0.023,0.025,-0.023,0.025,-0.023,0.025,0.0,0.025,-0.023,0.025,-0.023,0.025,-0.023,0.025,0.0,0.025,-0.023,0.025,-0.023,0.025,-0.023,0.025,0.0,0.025,-0.023,0.025,-0.023,0.025,-0.023,0.025,0.0,0.025,-0.023,0.025,-0.023,0.025,-0.023,0.025,0.0,0.025,-0.023,0.025,-0.023,0.025,-0.023,0.025,0.0,0.025,-0.023,0.025,-0.023,0.025,-0.023,0.025,0.0,0.025,-0.023,0.025,-0.023,0.025,-0.023,0.025,0.0,0.025,-0.023,0.025,-0.023,0.025,-0.023,0.025,0.0,0.025,-0.023,0.025,-0.023,0.025,-0.023,0.025,-0.048,
-0.093,-0.017,-0.066,0.02,-0.022,-0.023,-0.031,-0.016,-0.02,-0.016,-0.022,-0.006,-0.022,-0.025,-0.024,-0.025,-0.024,-0.025,-0.024,-0.025,-0.024,-0.025,-0.024,-0.006,-0.022,-0.006,-0.022,-0.025,-0.02,-0.018,-0.05,-0.022,-0.051,0.0,-0.027,-0.007,-0.03,-0.007,-0.03,-0.007,-0.033,0.029,-0.048,-0.011,-0.031,-0.007,-0.03,-0.007,-0.03,-0.007,-0.03,-0.007,-0.03,-0.007,-0.03,0.029,-0.045,-0.011,-0.031,-0.007,-0.03,-0.007,-0.03,-0.007,-0.03,-0.007,-0.03,0.029,-0.045,-0.011,-0.031,-0.007,-0.03,0.029,-0.045,-0.011,-0.031,0.029,-0.045,-0.011,-0.031,-0.007,-0.03,0.029,-0.045,0.004,-0.039,-0.026,-0.031,-0.017,-0.03,-0.017,-0.03,-0.017,-0.03,-0.017,-0.03,-0.017,-0.03,0.006,
0.0,0.0,0.0,0.0,0.0,0.0,0.0,0.0,0.0,0.0,0.0,0.0,0.0,0.0,0.0,0.0,0.0,0.0,0.0,0.0,0.0,0.0,0.0,0.0,0.0,0.0,0.0,0.0,0.0,0.0,0.0,0.0,0.0,0.0,0.0,0.0,0.0,0.0,0.0,0.0,0.0,0.0,0.0,0.0,0.0,0.0,0.0,0.0,0.0,0.0,0.0,0.0,0.0,0.0,0.0,0.0,0.0,0.0,0.0,0.0,0.0,0.0,0.0,0.0,0.0,0.0,0.0,0.0,0.0,0.0,0.0,0.0,0.0,0.0,0.0,0.0,0.0,0.0,0.0,0.0,0.0,0.0,0.0,0.0,0.0,0.0,0.0,0.0,0.0,0.0,0.0,0.0,0.0,0.0,0.0,0.0,0.0,0.0,0.0,0.0,
0.014,0.003,0.017,0.016,-0.039,0.007,0.005,0.02,0.012,-0.038,-0.012,0.012,0.011,0.012,-0.055,0.002,0.003,0.013,0.012,-0.038,-0.012,0.012,0.011,0.012,-0.055,0.002,0.003,0.013,0.012,-0.038,-0.012,0.012,0.011,0.012,-0.055,0.002,0.003,0.013,0.012,-0.038,-0.012,0.012,0.011,0.012,-0.055,0.002,0.003,0.013,0.012,-0.038,-0.012,0.012,0.011,0.012,-0.055,0.002,0.003,0.013,0.012,-0.038,-0.012,0.012,0.011,0.012,-0.055,0.002,0.003,0.013,0.012,-0.038,-0.012,0.012,0.011,0.012,-0.055,0.002,0.003,0.013,0.012,-0.038,-0.012,0.012,0.011,0.012,-0.055,0.002,0.003,0.013,0.012,-0.038,-0.012,0.012,0.011,0.012,-0.055,0.002,0.003,0.013,0.012,-0.021,
0.0,0.0,0.0,-0.005,0.0,-0.005,0.0,-0.005,0.0,-0.005,0.0,-0.005,0.0,-0.005,0.0,-0.005,0.0,-0.005,0.0,-0.005,0.0,-0.005,0.0,-0.005,0.0,-0.005,0.0,-0.005,0.0,-0.005,0.0,-0.005,0.0,-0.005,0.0,-0.005,0.0,-0.005,0.0,-0.005,0.0,-0.005,0.0,-0.005,0.0,-0.005,0.0,-0.005,0.0,-0.005,0.0,-0.005,0.0,-0.005,0.0,-0.005,0.0,-0.005,0.0,-0.005,0.0,-0.005,0.0,-0.005,0.0,-0.005,0.0,-0.005,0.0,-0.005,0.0,-0.005,0.0,-0.005,0.0,-0.005,0.0,-0.005,0.0,-0.005,0.0,-0.005,0.0,-0.005,0.0,-0.005,0.0,-0.005,0.0,-0.005,0.0,-0.005,0.0,-0.005,0.0,-0.005,0.0,-0.005,0.0,0.0,
-0.059,-0.046,-0.071,0.01,-0.078,-0.041,-0.067,-0.062,-0.067,-0.091,-0.068,-0.093,-0.057,-0.093,-0.068,-0.093,-0.068,-0.093,-0.068,-0.093,-0.057,-0.091,-0.068,-0.093,-0.068,-0.093,-0.068,-0.093,-0.057,-0.093,-0.068,-0.093,-0.068,-0.093,-0.068,-0.093,-0.068,-0.087,-0.1,-0.071,-0.067,-0.102,-0.059,-0.102,-0.068,-0.093,-0.036,-0.101,-0.057,-0.102,-0.068,-0.093,-0.082,-0.045,-0.066,-0.071,-0.067,-0.102,-0.034,-0.101,-0.068,-0.102,-0.068,-0.102,-0.034,-0.101,-0.054,-0.102,-0.068,-0.102,-0.068,-0.093,-0.097,-0.071,-0.067,-0.102,-0.068,-0.102,-0.068,-0.093,-0.056,-0.051,-0.066,-0.071,-0.067,-0.102,-0.068,-0.093,-0.1,-0.071,-0.067,-0.102,-0.068,-0.093,-0.1,-0.071,-0.067,-0.102,-0.034,0.041,
0.0,-0.087,-0.038,0.0,-0.098,-0.047,0.0,-0.089,-0.038,0.0,-0.098,-0.047,0.0,-0.089,-0.038,0.0,-0.098,-0.047,0.0,-0.089,-0.038,0.0,-0.098,-0.047,0.0,-0.089,-0.038,0.0,-0.098,-0.047,0.0,-0.089,-0.038,0.0,-0.098,-0.047,0.0,-0.089,-0.038,0.0,-0.098,-0.047,0.0,-0.089,-0.038,0.0,-0.098,-0.047,0.0,-0.089,-0.038,0.0,-0.098,-0.047,0.0,-0.089,-0.038,0.0,-0.098,-0.047,0.0,-0.089,-0.038,0.0,-0.098,-0.047,0.0,-0.089,-0.038,0.0,-0.098,-0.047,0.0,-0.089,-0.038,0.0,-0.098,-0.047,0.0,-0.089,-0.038,0.0,-0.098,-0.047,0.0,-0.089,-0.038,0.0,-0.098,-0.047,0.0,-0.089,-0.038,0.0,-0.098,-0.047,0.0,-0.089,-0.038,0.0,
0.0,-0.02,0.031,-0.007,-0.089,-0.023,-0.009,-0.009,-0.015,-0.021,0.03,0.0,-0.015,-0.01,0.028,0.0,-0.023,0.03,0.0,0.0,-0.023,0.03,0.0,0.0,-0.02,0.031,-0.001,-0.089,-0.023,0.03,0.0,-0.089,-0.023,0.03,0.0,-0.089,-0.023,0.03,0.0,-0.089,-0.023,0.03,0.0,-0.089,-0.023,0.03,0.0,-0.089,-0.023,0.03,0.0,-0.089,-0.023,0.03,0.0,-0.089,-0.023,0.03,0.0,-0.089,-0.023,0.03,0.0,-0.089,-0.023,0.03,0.0,-0.089,-0.023,0.03,0.0,-0.089,-0.023,0.03,0.0,-0.089,-0.023,0.03,0.0,-0.089,-0.023,0.03,0.0,-0.089,-0.023,0.03,0.0,-0.089,-0.023,0.03,0.0,-0.089,-0.023,0.03,0.0,-0.089,-0.023,0.03,0.0,-0.064,
-0.047,-0.052,0.008,-0.032,-0.053,-0.056,-0.039,-0.05,-0.054,-0.05,-0.054,-0.05,-0.054,-0.05,-0.054,-0.05,-0.054,-0.05,-0.054,-0.05,-0.054,-0.05,-0.054,-0.05,-0.054,-0.05,-0.054,-0.05,-0.054,-0.05,-0.054,-0.05,-0.054,-0.05,-0.054,-0.05,-0.054,-0.05,-0.054,-0.05,-0.054,-0.05,-0.054,-0.05,-0.054,-0.05,-0.054,-0.05,-0.054,-0.05,-0.054,-0.05,-0.054,-0.05,-0.054,-0.05,-0.054,-0.05,-0.054,-0.05,-0.054,-0.05,-0.054,-0.05,-0.054,-0.05,-0.054,-0.05,-0.054,-0.05,-0.054,-0.05,-0.054,-0.05,-0.054,-0.05,-0.054,-0.05,-0.054,-0.05,-0.054,-0.05,-0.054,-0.05,-0.054,-0.05,-0.054,-0.05,-0.054,-0.05,-0.054,-0.05,-0.054,-0.05,-0.054,-0.05,-0.054,-0.05,-0.054,0.006,
-0.092,-0.084,-0.083,-0.082,-0.098,-0.082,-0.092,-0.093,-0.098,-0.096,-0.083,-0.082,-0.098,-0.082,-0.092,-0.093,-0.098,-0.096,-0.083,-0.082,-0.098,-0.082,-0.092,-0.093,-0.098,-0.096,-0.083,-0.082,-0.098,-0.082,-0.092,-0.093,-0.098,-0.096,-0.083,-0.082,-0.098,-0.082,-0.092,-0.093,-0.098,-0.096,-0.083,-0.082,-0.098,-0.082,-0.092,-0.093,-0.098,-0.096,-0.083,-0.082,-0.098,-0.082,-0.092,-0.093,-0.098,-0.096,-0.083,-0.082,-0.098,-0.082,-0.092,-0.093,-0.098,-0.096,-0.083,-0.082,-0.098,-0.082,-0.092,-0.093,-0.098,-0.096,-0.083,-0.082,-0.098,-0.082,-0.092,-0.093,-0.098,-0.096,-0.083,-0.082,-0.098,-0.082,-0.092,-0.093,-0.098,-0.096,-0.083,-0.082,-0.098,-0.082,-0.092,-0.093,-0.098,-0.096,-0.083,0.028,
-0.002,-0.004,-0.001,-0.001,-0.001,-0.001,-0.001,-0.001,-0.001,-0.001,-0.001,-0.001,-0.001,-0.001,-0.001,-0.001,-0.001,-0.001,-0.001,-0.001,-0.001,-0.001,-0.001,-0.001,-0.001,-0.001,-0.001,-0.001,-0.001,-0.001,-0.001,-0.001,-0.001,-0.001,-0.001,-0.001,-0.001,-0.001,-0.001,-0.001,-0.001,-0.001,-0.001,-0.001,-0.001,-0.001,-0.001,-0.001,-0.001,-0.001,-0.001,-0.001,-0.001,-0.001,-0.001,-0.001,-0.001,-0.001,-0.001,-0.001,-0.001,-0.001,-0.001,-0.001,-0.001,-0.001,-0.001,-0.001,-0.001,-0.001,-0.001,-0.001,-0.001,-0.001,-0.001,-0.001,-0.001,-0.001,-0.001,-0.001,-0.001,-0.001,-0.001,-0.001,-0.001,-0.001,-0.001,-0.001,-0.001,-0.001,-0.001,-0.001,-0.001,-0.001,-0.001,-0.001,-0.001,-0.001,-0.001,-0.001,
-0.024,0.046,0.002,-0.04,-0.13,-0.083,-0.073,-0.105,-0.052,-0.085,-0.051,-0.052,-0.08,-0.021,-0.07,-0.08,-0.011,-0.088,-0.004,-0.05,-0.087,-0.04,-0.015,-0.05,-0.08,-0.041,-0.024,-0.037,-0.086,-0.037,-0.031,-0.035,-0.079,-0.054,-0.015,-0.039,-0.091,-0.04,-0.016,-0.039,-0.078,-0.068,-0.027,-0.037,-0.054,-0.062,-0.031,-0.039,-0.05,-0.062,-0.024,-0.035,-0.055,-0.068,-0.033,-0.045,-0.049,-0.067,-0.003,-0.035,-0.068,-0.066,-0.038,-0.035,-0.061,-0.065,-0.009,-0.04,-0.062,-0.066,-0.014,-0.052,-0.066,-0.065,0.0,-0.051,-0.066,-0.066,-0.02,-0.043,-0.065,-0.066,-0.02,-0.043,-0.056,-0.06,-0.002,-0.051,-0.066,-0.066,-0.02,-0.043,-0.066,-0.066,-0.02,-0.044,-0.061,-0.065,-0.009,0.004,
-0.098,-0.007,0.0,0.015,-0.053,-0.029,-0.041,-0.039,-0.047,-0.042,-0.047,-0.042,-0.047,-0.042,-0.047,-0.042,-0.047,-0.042,-0.047,-0.042,-0.047,-0.042,-0.047,-0.042,-0.047,-0.042,-0.047,-0.042,-0.047,-0.042,-0.047,-0.042,-0.047,-0.042,-0.047,-0.042,-0.047,-0.048,-0.048,-0.036,-0.042,-0.074,-0.025,-0.048,-0.048,-0.036,-0.042,-0.074,-0.025,-0.042,-0.047,-0.042,-0.047,-0.042,-0.047,-0.042,-0.047,-0.042,-0.047,-0.042,-0.047,-0.048,-0.048,-0.036,-0.042,-0.074,-0.025,-0.042,-0.047,-0.042,-0.047,-0.042,-0.047,-0.042,-0.047,-0.042,-0.047,-0.042,-0.047,-0.042,-0.047,-0.042,-0.047,-0.042,-0.047,-0.042,-0.047,-0.042,-0.047,-0.042,-0.047,-0.042,-0.047,-0.042,-0.047,-0.042,-0.047,-0.042,-0.047,0.005,
-0.154,0.012,0.002,0.0,-0.002,0.0,0.0,-0.002,-0.08,0.0,0.0,0.0,0.0,-0.002,0.0,0.0,-0.038,-0.002,0.0,-0.002,0.0,0.0,0.002,-0.002,-0.007,-0.002,0.0,0.0,0.0,-0.002,0.0,-0.01,0.0,0.0,0.0,0.0,0.0,0.0,0.0,-0.002,0.0,0.0,0.002,-0.002,0.0,-0.002,0.0,0.0,0.0,-0.008,-0.007,-0.002,-0.002,0.0,0.0,0.0,0.0,0.0,0.0,-0.002,0.0,0.0,0.0,-0.005,-0.063,0.0,-0.038,0.0,-0.078,0.0,0.0,0.0,0.0,-0.002,0.0,-0.002,0.0,0.0,0.0,-0.002,0.0,-0.002,0.0,-0.002,0.0,-0.002,0.0,-0.002,0.0,0.0,0.0,-0.002,0.0,0.0,0.0,-0.002,0.0,0.0,0.0,-0.002,
0.0,-0.017,0.0,-0.005,0.0,0.0,0.0,0.0,0.0,0.0,-0.001,0.0,-0.001,0.0,-0.001,0.0,0.0,0.0,0.0,0.0,0.0,0.0,0.0,0.0,0.0,-0.004,0.0,-0.004,0.0,0.0,0.0,0.0,0.0,0.0,0.0,0.0,-0.004,0.0,-0.001,0.0,-0.004,0.0,-0.001,0.0,0.0,-0.004,0.0,-0.001,0.0,-0.001,0.0,-0.001,0.0,-0.001,0.0,-0.004,0.0,0.0,0.0,-0.004,0.0,-0.004,0.0,-0.004,0.0,-0.001,0.0,0.0,-0.004,0.0,-0.004,0.0,-0.001,0.0,-0.004,0.0,-0.004,0.0,0.0,0.0,0.0,0.0,0.0,0.0,-0.001,0.0,-0.004,0.0,-0.001,0.0,-0.001,0.0,0.0,-0.001,0.0,-0.001,0.0,0.0,-0.001,0.0,
-0.082,-0.09,0.001,-0.015,-0.01,-0.011,-0.006,0.0,-0.017,0.0,-0.011,-0.007,0.0,0.0,0.0,-0.007,0.0,0.0,0.0,0.001,0.0,0.001,0.001,0.001,0.001,0.001,0.001,0.001,0.001,0.001,0.001,0.001,0.001,0.001,0.001,0.001,0.001,0.001,0.001,0.001,0.001,0.001,0.001,0.001,0.001,0.001,0.001,0.001,0.001,0.001,0.001,0.001,0.001,0.001,0.001,0.001,0.001,0.001,0.001,0.001,0.001,0.001,0.001,0.001,0.001,0.001,0.001,0.001,0.001,0.001,0.001,0.001,0.001,0.001,0.001,0.001,0.001,0.001,0.001,0.001,0.001,0.001,0.001,0.001,0.001,0.001,0.001,0.001,0.001,0.001,0.001,0.001,0.001,0.001,0.001,0.001,0.001,0.001,0.001,0.001,
-0.083,0.017,0.027,0.029,0.026,0.001,0.027,0.003,0.004,0.004,0.003,0.003,0.004,0.0,0.026,0.029,0.004,0.004,0.004,0.004,0.004,0.004,0.004,0.004,0.004,0.004,0.004,0.004,0.004,0.004,0.004,0.004,0.004,0.004,0.004,0.004,0.004,0.004,0.004,0.004,0.004,0.004,0.004,0.004,0.004,0.004,0.004,0.004,0.004,0.004,0.004,0.004,0.004,0.004,0.004,0.004,0.004,0.004,0.004,0.004,0.004,0.004,0.004,0.004,0.004,0.004,0.004,0.004,0.004,0.004,0.004,0.004,0.004,0.004,0.004,0.004,0.004,0.004,0.004,0.004,0.004,0.004,0.004,0.004,0.004,0.004,0.004,0.004,0.004,0.004,0.004,0.004,0.004,0.004,0.004,0.004,0.004,0.004,0.004,0.004,
0.0,0.0,0.0,-0.001,0.0,0.0,0.0,0.0,0.0,0.0,0.0,0.0,0.001,0.0,0.0,0.0,0.001,0.0,0.0,0.0,0.0,0.0,0.001,0.0,0.001,0.0,0.001,0.0,0.0,0.0,0.0,0.0,0.0,0.0,0.0,0.0,0.0,0.0,0.001,0.0,0.0,0.0,0.001,0.0,0.0,0.0,0.001,0.0,0.0,0.0,0.001,0.0,0.001,0.0,0.001,0.0,0.001,0.0,0.001,0.0,0.001,0.0,0.001,0.0,0.001,0.0,0.001,0.0,0.001,0.0,0.001,0.0,0.001,0.0,0.001,0.0,0.001,0.0,0.0,0.0,0.001,0.0,0.0,0.0,0.001,0.0,0.0,0.0,0.0,0.0,0.0,0.0,0.001,0.0,0.001,0.0,0.001,0.0,0.0,0.0,
-0.067,0.0,0.0,0.0,0.0,0.0,0.001,0.0,-0.001,0.0,0.0,0.0,0.0,0.0,0.0,0.0,0.0,0.0,0.0,0.0,0.0,0.0,0.0,0.0,0.0,0.0,0.0,0.0,0.0,0.0,0.0,0.0,0.0,0.0,0.0,0.0,0.0,0.0,0.0,0.0,0.0,0.0,0.0,0.0,0.0,0.0,0.0,0.0,0.0,0.0,0.0,0.0,0.0,0.0,0.0,0.0,0.0,0.0,0.0,0.0,0.0,0.0,0.0,0.0,0.0,0.0,0.0,0.0,0.0,0.0,0.0,0.0,0.0,0.0,0.0,0.0,0.0,0.0,0.0,0.0,0.0,0.0,0.0,0.0,0.0,0.0,0.0,0.0,0.0,0.0,0.0,0.0,0.0,0.0,0.0,0.0,0.0,0.0,0.0,0.0,
0.0,-0.036,0.003,0.003,-0.041,0.016,0.004,0.0,-0.059,-0.007,0.003,0.002,-0.029,0.0,-0.083,0.035,0.003,-0.001,-0.03,0.001,0.001,0.011,0.0,0.01,-0.074,-0.007,0.003,0.007,-0.052,-0.018,0.001,0.003,0.0,0.009,-0.073,-0.013,0.001,0.002,-0.027,0.019,0.064,0.013,0.003,0.001,-0.027,0.005,0.004,0.007,0.0,0.004,-0.05,0.022,0.004,0.006,-0.08,-0.013,0.001,0.007,-0.083,0.026,0.001,0.0,0.0,0.007,-0.054,0.009,0.001,0.01,-0.082,0.001,0.003,0.007,-0.056,0.002,0.0,0.006,0.0,0.02,-0.001,0.012,0.018,0.001,-0.027,-0.018,0.001,0.01,-0.056,0.007,0.001,0.002,0.026,0.011,-0.026,0.02,0.003,0.007,-0.053,-0.007,0.0,0.059,
-0.114,-0.072,0.002,0.002,-0.002,0.0,0.0,0.0,-0.003,0.0,-0.003,0.0,-0.003,0.0,-0.003,0.0,-0.003,0.0,0.0,-0.002,-0.002,0.0,-0.002,0.0,-0.002,0.0,0.0,0.0,0.0,0.0,-0.002,0.002,0.0,0.002,0.0,0.002,0.002,0.0,0.002,0.002,0.0,0.0,0.0,0.0,-0.003,0.0,-0.003,0.0,-0.002,0.0,-0.002,0.0,0.0,-0.009,0.0,0.0,0.0,0.0,0.002,0.0,0.0,0.002,0.0,0.0,0.002,0.0,0.002,0.002,0.002,0.002,0.002,0.002,0.002,0.002,0.002,0.002,0.002,0.002,0.002,0.002,0.002,0.002,0.002,0.002,0.002,0.002,0.002,0.002,0.002,0.002,0.002,0.002,0.002,0.002,0.002,0.002,0.002,0.002,0.002,0.002,
0.0,-0.014,0.0,0.0,0.0,0.0,0.0,0.0,0.0,0.0,0.0,0.0,0.0,0.0,0.0,0.0,0.0,0.0,0.0,0.0,0.0,0.0,0.0,0.0,0.0,0.0,0.0,0.0,0.0,0.0,0.0,0.0,0.0,0.0,0.0,0.0,0.0,0.0,0.0,0.0,0.0,0.0,0.0,0.0,0.0,0.0,0.0,0.0,0.0,0.0,0.0,0.0,0.0,0.0,0.0,0.0,0.0,0.0,0.0,0.0,0.0,0.0,0.0,0.0,0.0,0.0,0.0,0.0,0.0,0.0,0.0,0.0,0.0,0.0,0.0,0.0,0.0,0.0,0.0,0.0,0.0,0.0,0.0,0.0,0.0,0.0,0.0,0.0,0.0,0.0,0.0,0.0,0.0,0.0,0.0,0.0,0.0,0.0,0.0,0.0,
-0.106,0.009,-0.105,-0.088,0.009,-0.055,0.042,-0.029,0.004,-0.056,0.058,-0.134,0.047,0.023,0.003,-0.13,0.062,-0.05,-0.043,-0.094,0.015,0.051,0.036,-0.131,0.045,-0.05,0.044,-0.127,0.062,-0.055,-0.043,-0.019,0.026,-0.049,0.01,-0.025,0.047,-0.049,0.01,-0.133,0.016,-0.043,-0.01,-0.134,0.037,-0.05,-0.043,-0.099,0.013,-0.045,0.012,-0.1,0.016,0.026,0.004,-0.1,0.062,-0.049,0.012,-0.025,0.047,-0.053,0.058,-0.096,0.059,-0.085,-0.042,-0.126,-0.082,0.066,0.028,0.037,0.038,-0.059,0.045,-0.194,0.041,-0.048,0.058,-0.127,0.015,0.03,0.001,-0.123,0.06,-0.077,-0.042,0.034,0.004,-0.088,0.013,-0.101,0.062,-0.061,0.012,-0.128,0.016,-0.022,0.051,0.003,
0.0,-0.001,0.001,0.0,0.004,0.005,0.005,0.004,0.005,0.003,0.003,0.005,0.005,0.003,0.001,0.004,0.005,0.004,0.005,0.004,0.005,0.004,0.005,0.004,0.004,0.001,0.004,0.004,0.005,0.003,0.003,0.004,0.004,0.003,0.005,0.005,0.005,0.005,0.005,0.005,0.005,0.005,0.005,0.005,0.005,0.005,0.005,0.005,0.005,0.005,0.005,0.005,0.005,0.005,0.005,0.005,0.005,0.005,0.005,0.005,0.007,0.005,0.005,0.005,0.005,0.005,0.005,0.005,0.005,0.003,0.003,0.004,0.005,0.004,0.005,0.004,0.003,0.005,0.007,0.004,0.004,0.004,0.005,0.004,0.005,0.005,0.005,0.005,0.005,0.005,0.005,0.005,0.005,0.005,0.005,0.005,0.007,0.004,0.003,0.005,
0.0,-0.002,-0.004,-0.008,0.0,0.0,0.0,0.0,0.0,0.0,0.0,0.001,-0.001,0.0,-0.001,0.0,-0.001,0.001,-0.001,0.0,0.0,0.0,0.0,0.001,0.0,0.0,0.0,-0.001,0.0,0.0,0.0,0.001,0.0,0.0,-0.001,0.001,0.0,0.0,0.0,0.0,-0.001,-0.065,0.0,0.0,-0.001,-0.072,-0.001,-0.021,0.0,0.0,-0.001,0.0,-0.001,-0.072,-0.001,-0.05,-0.001,-0.013,0.0,0.0,-0.001,0.001,0.0,0.001,-0.001,0.0,0.0,-0.022,-0.001,0.0,-0.001,0.0,-0.001,-0.034,-0.001,-0.001,0.0,0.0,0.0,-0.001,-0.001,-0.068,-0.003,-0.068,-0.001,-0.072,-0.001,-0.013,-0.001,-0.008,-0.001,-0.003,-0.001,-0.08,0.0,-0.081,0.0,0.0,0.0,0.001,
0.0,-0.067,0.003,-0.004,0.0,-0.003,0.0,-0.003,0.0,-0.003,0.001,0.001,0.001,0.001,0.0,-0.003,0.0,-0.003,0.0,-0.003,0.0,-0.003,0.0,-0.003,0.0,-0.003,0.0,-0.003,0.001,0.0,0.001,0.0,0.0,-0.003,0.001,0.0,0.001,0.001,0.0,-0.003,0.001,0.0,0.001,0.0,0.0,-0.003,0.001,0.0,0.0,-0.003,0.001,0.0,0.001,0.0,0.0,-0.003,0.001,0.0,0.0,-0.003,0.001,0.0,0.001,-0.074,0.001,-0.004,0.001,-0.007,0.001,0.0,0.001,-0.001,0.001,0.0,0.001,-0.075,0.0,-0.003,0.001,-0.073,0.001,-0.001,0.001,0.0,0.001,0.001,0.003,-0.001,0.001,-0.072,-0.003,0.001,-0.001,0.0,0.001,0.0,0.0,-0.003,0.001,0.0,
-0.097,0.001,-0.083,-0.006,0.0,0.0,0.0,0.0,0.0,0.0,0.0,0.0,0.0,0.0,0.0,0.0,0.0,0.0,0.0,0.0,0.0,0.0,0.0,0.0,0.0,0.0,0.0,0.0,0.0,0.0,0.0,0.0,0.0,0.0,0.0,0.0,0.0,0.0,0.0,0.0,0.0,0.0,0.0,0.0,0.0,0.0,0.0,0.0,0.0,0.0,0.0,0.0,0.0,0.0,0.0,0.0,0.0,0.0,0.0,0.0,0.0,0.0,0.0,0.0,0.0,0.0,0.0,0.0,0.0,0.0,0.0,0.0,0.0,0.0,0.0,0.0,0.0,0.0,0.0,0.0,0.0,0.0,0.0,0.0,0.0,0.0,0.0,0.0,0.0,0.0,0.0,0.0,0.0,0.0,0.0,0.0,0.0,0.0,0.0,0.0,
0.0,-0.001,-0.001,-0.001,-0.001,0.0,0.0,0.0,0.0,0.0,0.0,0.0,0.0,0.0,0.0,0.0,0.0,0.0,0.0,0.0,0.0,0.0,0.0,0.0,0.0,0.0,0.0,0.0,0.0,0.0,0.0,0.0,0.0,0.0,0.0,0.0,0.0,0.0,0.0,0.0,0.0,0.0,0.0,0.0,0.0,0.0,0.0,0.0,0.0,0.0,0.0,0.0,0.0,0.001,0.001,0.001,-0.001,0.0,0.0,0.0,0.0,0.0,0.0,0.0,0.0,0.0,0.0,0.0,0.0,0.0,0.0,0.0,0.0,0.0,0.0,0.0,0.0,0.0,0.0,0.0,0.0,0.0,0.0,0.0,0.0,0.0,0.0,0.0,0.0,0.0,0.0,0.0,0.0,0.0,0.0,0.001,0.001,0.0,0.0,0.0,
0.0,-0.045,-0.009,-0.003,0.0,0.001,-0.003,0.0,-0.004,0.001,-0.004,0.0,-0.004,0.0,-0.004,0.0,-0.004,0.0,-0.004,0.0,-0.004,0.0,-0.004,0.0,-0.004,0.0,-0.004,0.0,-0.004,0.0,0.0,0.0,0.0,-0.003,0.0,-0.003,0.0,-0.001,0.0,-0.003,0.0,-0.003,0.0,-0.003,0.0,-0.003,0.0,-0.003,0.0,-0.003,0.0,-0.001,-0.003,0.0,-0.004,0.0,-0.004,0.0,-0.004,0.0,-0.004,0.0,-0.004,0.0,-0.004,0.0,-0.004,0.0,-0.003,-0.001,0.0,-0.001,0.0,-0.003,0.0,-0.003,0.0,-0.003,0.0,-0.003,0.0,-0.003,0.0,-0.003,0.0,-0.003,0.0,-0.003,0.0,-0.003,0.0,-0.003,0.0,-0.003,0.0,-0.003,0.0,-0.003,0.0,-0.003,
-0.063,0.006,0.014,0.003,-0.022,-0.018,0.006,-0.029,-0.018,0.06,-0.024,-0.011,-0.015,-0.013,-0.014,-0.014,-0.014,0.056,-0.028,-0.018,-0.025,-0.084,0.014,-0.028,0.006,-0.02,-0.017,-0.015,-0.021,-0.02,-0.024,0.054,-0.029,-0.017,-0.022,0.014,0.013,0.054,0.041,0.048,0.046,-0.021,-0.01,-0.021,0.006,-0.029,0.004,-0.03,-0.018,-0.022,0.007,-0.022,-0.022,-0.082,-0.011,-0.115,-0.006,0.051,-0.032,-0.018,-0.018,-0.054,-0.011,0.057,-0.024,-0.013,0.051,-0.034,0.01,-0.029,-0.014,-0.015,0.054,-0.034,-0.014,-0.024,0.006,-0.029,-0.018,-0.013,-0.017,-0.013,-0.022,-0.022,-0.022,-0.017,-0.011,-0.021,-0.025,-0.017,-0.026,0.006,-0.022,-0.02,-0.022,-0.022,-0.017,-0.013,-0.017,0.034,
0.0,-0.008,0.0,-0.009,0.0,0.0,-0.003,0.0,-0.003,0.0,-0.003,0.0,-0.003,0.0,-0.003,0.0,-0.003,0.0,-0.003,0.0,-0.003,0.0,-0.003,0.0,-0.003,0.0,-0.003,0.0,-0.003,0.0,-0.003,0.0,-0.003,0.0,-0.003,0.0,-0.003,0.0,-0.003,0.0,-0.003,0.0,-0.003,0.0,-0.003,0.0,-0.003,0.0,-0.003,0.0,-0.003,0.0,-0.003,0.0,-0.003,0.0,-0.003,0.0,-0.003,0.0,-0.003,0.0,-0.003,0.0,-0.003,0.0,-0.003,0.0,-0.003,0.0,-0.003,0.0,-0.003,0.0,-0.003,0.0,-0.003,0.0,-0.003,0.0,-0.003,0.0,-0.003,0.0,-0.003,0.0,-0.003,0.0,-0.003,0.0,-0.003,0.0,-0.003,0.0,-0.003,0.0,-0.003,0.0,-0.003,0.0,
0.0,-0.016,0.003,0.001,0.0,-0.036,-0.089,-0.022,-0.007,0.0,0.001,0.001,-0.008,0.0,0.0,0.001,0.001,0.003,0.003,0.001,0.001,0.001,0.001,0.003,0.001,0.001,0.001,0.001,0.003,0.001,0.001,0.001,0.001,0.001,0.001,0.001,0.001,0.001,0.003,0.001,0.001,0.003,0.013,0.001,0.001,0.001,0.003,0.003,0.001,0.001,0.001,0.003,0.001,0.001,0.003,0.003,0.003,0.003,0.003,0.003,0.003,0.003,0.003,0.003,0.003,0.003,0.003,0.003,0.003,0.003,0.003,0.003,0.003,0.003,0.003,0.003,0.003,0.003,0.003,0.003,0.003,0.003,0.003,0.003,0.003,0.003,0.003,0.003,0.003,0.003,0.003,0.003,0.003,0.003,0.003,0.003,0.003,0.003,0.003,-0.012,
-0.131,0.021,-0.011,0.002,0.002,0.002,0.002,-0.012,0.0,-0.015,0.0,0.0,0.0,0.0,0.0,-0.015,-0.005,-0.011,-0.002,-0.014,0.0,-0.015,-0.005,-0.011,0.0,-0.053,0.002,0.0,0.0,-0.014,0.0,-0.015,0.0,-0.015,0.0,-0.015,-0.005,-0.011,0.002,0.002,0.002,0.0,-0.009,0.0,-0.051,-0.003,0.002,-0.003,0.0,0.0,0.002,0.0,-0.008,-0.002,0.002,0.0,-0.009,0.0,-0.043,0.0,0.002,0.0,0.002,0.0,-0.008,-0.002,-0.011,-0.002,-0.011,-0.002,-0.011,-0.002,-0.011,-0.002,-0.046,0.002,-0.006,-0.012,0.0,0.0,0.0,-0.003,-0.009,-0.002,-0.011,0.0,0.002,0.0,-0.009,-0.002,0.002,0.0,-0.008,0.0,-0.051,0.0,-0.009,-0.002,-0.011,-0.012,
-0.042,0.008,-0.018,0.0,-0.007,0.001,0.0,0.0,0.0,-0.007,-0.004,0.001,0.001,0.0,0.001,0.003,0.003,0.004,0.004,0.004,0.004,0.004,0.004,0.003,0.004,0.004,0.004,0.004,0.004,0.004,0.004,0.004,0.004,0.004,0.004,0.004,0.004,0.004,0.004,0.004,0.004,0.004,0.004,0.004,0.004,0.004,0.004,0.004,0.004,0.004,0.004,0.004,0.004,0.004,0.004,0.004,0.004,0.004,0.004,0.004,0.004,0.004,0.004,0.004,0.004,0.004,0.004,0.004,0.004,0.004,0.004,0.004,0.004,0.004,0.004,0.004,0.004,0.004,0.004,0.004,0.004,0.004,0.004,0.004,0.004,0.004,0.004,0.004,0.004,0.004,0.004,0.004,0.004,0.004,0.004,0.004,0.004,0.004,0.004,0.004,
-0.091,0.002,-0.027,-0.107,-0.003,-0.133,-0.007,-0.075,-0.061,-0.092,-0.033,0.001,-0.103,-0.001,-0.028,-0.088,0.003,0.0,-0.088,-0.033,-0.118,-0.03,-0.076,-0.063,-0.072,-0.033,-0.023,-0.036,-0.076,-0.063,-0.072,-0.033,-0.004,-0.103,-0.004,-0.005,-0.077,0.005,0.0,-0.087,-0.042,0.001,-0.097,0.0,-0.028,-0.087,0.001,0.001,-0.091,0.0,-0.001,-0.095,-0.005,-0.001,-0.103,0.0,0.0,-0.094,0.005,0.0,-0.094,0.0,-0.027,-0.091,0.003,-0.015,-0.098,0.0,-0.001,-0.038,-0.078,-0.023,-0.092,0.003,0.0,-0.019,-0.079,-0.02,-0.107,0.008,-0.027,-0.012,-0.078,-0.023,-0.096,0.003,0.0,-0.092,-0.038,-0.1,-0.033,-0.077,-0.065,-0.071,-0.035,-0.005,-0.091,0.004,0.0,-0.017,
0.0,-0.074,-0.002,0.0,0.0,0.0,0.0,0.0,0.0,0.0,0.0,0.0,0.0,0.0,0.0,0.0,0.0,0.0,0.0,0.0,0.0,0.0,0.0,0.0,0.0,0.0,0.0,0.0,0.0,0.0,0.0,0.0,0.0,0.0,0.0,0.0,0.0,0.0,0.0,0.0,0.0,0.0,0.0,0.0,0.0,0.0,0.0,0.0,0.0,0.0,0.0,0.0,0.0,0.0,0.0,0.0,0.0,0.0,0.0,0.0,0.0,0.0,0.0,0.0,0.0,0.0,0.0,0.0,0.0,0.0,0.0,0.0,0.0,0.0,0.0,0.0,0.0,0.0,0.0,0.0,0.0,0.0,0.0,0.0,0.0,0.0,0.0,0.0,0.0,0.0,0.0,0.0,0.0,0.0,0.0,0.0,0.0,0.0,0.0,0.0,
0.0,0.001,-0.027,-0.007,-0.008,0.0,-0.008,0.0,-0.008,0.0,-0.008,0.0,-0.008,0.0,-0.008,0.0,-0.008,0.0,-0.008,0.0,-0.008,0.0,-0.008,0.0,-0.008,0.0,-0.008,0.0,-0.008,0.0,-0.008,0.0,-0.008,0.0,-0.008,0.0,-0.008,0.0,-0.008,0.0,-0.008,0.0,-0.008,0.0,-0.008,0.0,-0.008,0.0,-0.008,0.0,-0.008,0.0,-0.008,0.0,-0.008,0.0,-0.008,0.0,-0.008,0.0,-0.008,0.0,-0.008,0.0,-0.008,0.0,-0.008,0.0,-0.008,0.0,-0.008,0.0,-0.008,0.0,-0.008,0.0,-0.008,0.0,-0.008,0.0,-0.008,0.0,-0.008,0.0,-0.008,0.0,-0.008,0.0,-0.008,0.0,-0.008,0.0,-0.008,0.0,-0.008,0.0,-0.008,0.0,-0.008,0.0,
-0.17,0.064,-0.002,0.002,0.005,0.003,0.005,0.005,0.002,0.003,0.003,0.005,0.007,0.005,0.007,0.005,0.005,0.007,0.007,0.007,0.008,0.005,0.007,0.007,0.007,0.007,0.007,0.007,0.007,0.007,0.007,0.007,0.007,0.007,0.007,0.007,0.007,0.007,0.007,0.007,0.007,0.007,0.007,0.007,0.007,0.007,0.007,0.007,0.007,0.007,0.007,0.007,0.007,0.007,0.007,0.007,0.007,0.007,0.007,0.007,0.007,0.007,0.007,0.007,0.007,0.007,0.007,0.007,0.007,0.007,0.007,0.007,0.007,0.007,0.007,0.007,0.007,0.007,0.007,0.007,0.007,0.007,0.007,0.007,0.007,0.007,0.007,0.007,0.007,0.007,0.007,0.007,0.007,0.007,0.007,0.007,0.007,0.007,0.007,0.007,
-0.032,-0.071,0.003,0.0,-0.007,0.0,-0.003,0.0,0.0,0.0,0.0,0.0,-0.001,0.0,0.0,0.0,0.0,0.0,0.0,0.0,0.0,0.0,0.0,0.0,0.0,-0.001,0.0,0.0,0.0,0.0,0.0,0.0,0.0,0.0,-0.001,0.0,0.0,0.0,0.001,0.0,0.0,0.0,0.0,0.0,0.0,0.0,-0.001,0.0,0.0,0.0,0.0,-0.001,0.0,0.0,0.0,0.0,0.0,0.0,0.0,0.0,0.0,0.0,0.0,0.0,0.0,0.0,0.0,0.0,-0.001,0.0,0.0,0.0,0.0,0.0,0.0,0.0,0.0,0.0,0.0,0.0,0.0,0.0,0.0,0.0,0.0,0.0,0.0,0.0,0.0,0.0,0.0,0.0,0.0,0.0,0.0,0.0,0.001,0.0,0.0,0.0,
-0.09,0.028,0.0,-0.029,0.001,-0.001,0.0,-0.001,0.0,-0.001,0.0,-0.001,0.0,0.0,0.0,-0.001,0.0,0.0,0.0,0.0,0.0,-0.001,0.0,0.001,0.0,-0.001,0.0,0.001,0.0,0.0,0.0,0.0,0.0,0.0,0.0,0.0,0.0,0.0,0.0,-0.001,0.0,-0.001,0.0,-0.001,0.0,-0.001,0.0,0.0,0.001,0.0,0.0,-0.003,0.0,-0.001,0.0,-0.003,0.0,-0.004,0.0,-0.004,0.0,-0.004,0.0,-0.004,0.0,-0.004,0.0,-0.004,0.0,-0.004,0.0,-0.004,0.001,0.0,0.0,0.0,0.0,0.0,0.0,0.0,0.0,0.0,0.0,0.0,0.0,0.0,0.001,-0.003,0.0,0.0,0.0,-0.001,0.0,-0.001,0.0,-0.001,0.0,0.0,0.0,-0.001,
-0.171,0.031,-0.008,-0.011,-0.013,-0.002,-0.008,-0.002,0.0,-0.003,-0.005,0.002,-0.009,-0.013,0.0,-0.011,0.0,-0.013,0.0,-0.011,0.0,0.0,0.0,-0.011,-0.008,-0.011,-0.009,0.0,-0.011,0.0,0.002,-0.009,0.0,-0.002,-0.009,-0.002,-0.005,0.002,-0.011,0.002,-0.002,0.0,-0.005,0.0,-0.009,-0.002,-0.005,-0.002,-0.005,0.002,-0.008,0.002,0.0,-0.011,-0.011,-0.002,-0.009,0.0,0.002,-0.002,0.002,-0.002,-0.009,0.002,-0.011,0.0,-0.011,-0.013,-0.016,-0.014,-0.008,0.0,-0.006,0.0,0.002,-0.013,-0.011,0.0,-0.008,-0.002,-0.006,0.0,-0.008,-0.002,-0.006,0.0,0.0,-0.014,-0.011,-0.003,-0.005,0.0,0.002,-0.013,0.0,0.0,0.002,0.0,-0.005,0.002,
0.006,-0.059,-0.069,0.023,-0.077,0.005,-0.075,0.006,-0.096,0.005,-0.093,0.027,-0.078,0.005,-0.074,0.005,-0.098,0.005,-0.079,0.006,-0.075,0.006,-0.109,0.005,-0.091,0.005,-0.096,0.006,-0.067,0.006,-0.077,0.006,-0.084,0.03,0.014,0.0,-0.099,0.005,-0.11,0.019,-0.078,0.006,-0.074,0.006,-0.074,0.006,-0.084,0.005,-0.097,0.005,-0.077,0.019,-0.076,0.019,-0.074,0.006,-0.083,0.027,0.016,0.021,-0.109,0.019,-0.078,0.006,-0.102,0.006,-0.078,0.005,-0.075,0.006,-0.077,0.006,-0.078,0.006,-0.075,0.006,-0.094,0.006,-0.097,0.005,-0.11,0.005,-0.078,0.006,-0.074,0.026,0.015,0.025,0.021,0.023,0.042,0.023,-0.074,0.005,-0.092,0.006,-0.075,0.006,-0.09,0.032,
0.0,-0.005,-0.006,0.001,-0.001,0.001,0.0,0.001,-0.005,0.003,-0.004,-0.001,-0.009,0.001,-0.004,0.0,-0.004,0.001,-0.003,0.001,0.001,0.001,0.001,0.001,0.001,0.001,0.001,0.001,0.001,0.0,0.001,0.0,0.001,0.0,0.001,0.0,0.0,0.001,0.001,0.003,0.001,0.001,0.001,0.001,0.001,0.001,0.001,0.0,0.001,0.0,0.001,0.0,0.001,0.0,0.0,0.001,0.001,0.001,0.001,0.001,0.001,0.001,0.001,0.001,0.001,0.0,0.001,0.0,0.001,0.0,0.001,0.0,0.0,0.001,0.001,0.001,0.001,0.001,0.001,0.001,0.001,0.001,0.001,0.0,0.001,0.0,0.001,0.0,0.001,0.0,0.0,0.001,0.001,0.001,0.001,0.001,0.001,0.001,0.001,0.001,
-0.063,-0.049,0.0,0.0,-0.004,-0.003,0.0,0.0,0.0,0.0,0.0,0.0,0.0,0.0,0.0,0.0,0.0,0.0,0.0,0.0,0.0,0.0,0.0,0.0,0.0,-0.001,0.0,0.001,0.001,0.001,0.0,0.0,0.0,0.0,0.0,0.0,0.0,0.0,0.0,0.0,0.0,0.0,0.0,0.0,0.0,0.0,0.0,0.0,0.0,0.0,0.0,0.0,0.0,0.0,0.0,0.0,0.0,0.0,0.0,0.0,0.0,0.0,0.0,0.0,0.0,0.0,0.0,0.0,0.0,0.0,0.0,0.0,0.0,0.0,0.0,0.0,0.0,0.0,0.0,0.0,0.0,0.0,0.0,0.0,0.0,0.0,0.0,0.0,0.0,0.0,0.0,0.0,0.0,0.0,0.0,0.0,0.0,0.0,0.0,0.0,
0.0,-0.002,-0.006,-0.003,0.0,0.0,0.0,0.0,0.001,0.0,0.0,0.0,0.0,0.0,0.001,0.0,0.0,0.0,0.0,0.0,0.0,0.0,0.0,0.0,0.0,0.0,0.0,0.0,0.0,-0.001,0.0,0.0,0.0,-0.001,0.001,0.0,0.0,-0.001,0.001,0.0,0.0,0.0,0.001,0.0,0.0,0.0,0.0,-0.001,0.0,0.0,0.0,0.0,0.0,0.0,0.0,0.0,0.0,-0.001,0.0,0.0,0.001,0.0,0.0,0.0,0.0,0.0,0.001,0.0,0.0,-0.001,0.0,0.0,0.0,0.0,0.0,0.0,0.0,0.0,0.0,0.0,0.001,0.0,0.0,0.0,0.0,0.0,0.0,0.0,0.0,0.0,0.001,0.0,0.0,0.0,0.0,0.0,0.001,0.0,0.0,0.0,
0.0,0.0,0.001,-0.003,0.0,0.0,0.0,0.0,0.0,0.0,0.0,0.0,0.0,0.0,0.0,0.0,0.0,0.0,0.0,0.0,0.0,0.0,0.0,0.0,0.0,0.0,0.0,0.0,0.0,0.0,0.0,0.0,0.0,0.0,0.0,0.0,0.0,0.0,0.0,0.0,0.0,0.0,0.0,0.0,0.0,0.0,0.0,0.0,0.0,0.0,0.0,0.0,0.0,0.0,0.0,0.0,0.0,0.0,0.0,0.0,0.0,0.0,0.0,0.0,0.0,0.0,0.0,0.0,0.0,0.0,0.0,0.0,0.0,0.0,0.0,0.0,0.0,0.0,0.0,0.0,0.0,0.0,0.0,0.0,0.0,0.0,0.0,0.0,0.0,0.0,0.0,0.0,0.0,0.0,0.0,0.0,0.0,0.0,0.0,0.0,
0.0,-0.021,-0.052,-0.06,-0.018,-0.104,-0.018,-0.106,-0.018,-0.104,-0.018,-0.104,-0.018,-0.104,-0.009,-0.1,-0.072,-0.076,-0.011,0.0,0.0,0.0,0.0,0.0,0.0,0.0,0.0,0.0,0.0,0.0,0.0,0.0,0.0,0.0,0.0,0.0,0.0,0.0,0.0,0.0,0.0,0.0,0.0,0.0,0.0,0.0,0.0,0.0,0.0,0.0,0.0,0.0,0.0,0.0,0.0,0.0,0.0,0.0,0.0,0.0,0.0,0.0,0.0,0.0,0.0,0.0,0.0,0.0,0.0,0.0,0.0,0.0,0.0,0.0,0.0,0.0,0.0,0.0,0.0,0.0,0.0,0.0,0.0,0.0,0.0,0.0,0.0,0.0,0.0,0.0,0.0,0.0,0.0,0.0,0.0,0.0,0.0,0.0,0.0,0.0,
-0.108,-0.045,-0.01,-0.003,-0.016,0.0,-0.016,0.0,0.0,0.0,-0.003,0.0,-0.031,0.0,0.0,0.0,0.0,-0.014,-0.001,-0.021,-0.001,0.0,-0.001,0.0,-0.024,0.0,0.0,0.0,0.0,-0.011,-0.001,-0.022,-0.001,-0.018,-0.001,-0.021,-0.001,-0.02,-0.001,0.0,0.0,0.0,-0.001,-0.018,-0.001,-0.028,-0.001,-0.017,-0.001,0.0,-0.001,0.0,-0.006,0.0,-0.097,0.0,-0.062,0.0,0.0,0.0,0.0,0.0,-0.001,-0.013,0.0,0.0,-0.001,-0.014,-0.001,0.0,-0.061,0.0,-0.057,0.0,-0.057,0.0,-0.054,0.0,-0.058,0.0,-0.057,0.0,-0.057,0.0,-0.057,0.0,-0.057,0.0,-0.054,0.0,-0.058,0.0,-0.057,0.0,-0.057,0.0,-0.056,0.0,-0.054,0.0,
0.0,-0.001,0.0,0.0,0.0,0.0,0.001,0.001,0.0,0.0,0.0,0.0,0.0,0.0,0.0,0.0,0.0,0.0,0.0,0.0,0.001,0.0,0.0,0.0,0.001,0.0,0.001,0.0,0.0,0.0,0.0,0.0,0.0,0.0,0.0,0.0,0.0,0.0,0.0,0.001,0.0,0.0,0.0,0.0,0.001,0.001,0.0,0.0,0.001,0.0,0.001,0.0,0.001,0.0,0.0,0.0,0.0,0.0,0.001,0.0,0.0,0.0,0.0,0.0,0.0,0.0,0.0,0.0,0.0,0.0,0.0,0.0,0.0,0.0,0.001,0.0,0.001,0.0,0.0,0.0,0.0,0.0,0.0,0.0,0.0,0.0,0.0,0.0,0.0,0.0,0.0,0.0,0.0,0.0,0.0,0.0,0.001,0.001,0.0,0.0,
-0.091,0.009,-0.029,0.023,0.0,0.001,0.004,0.004,0.003,0.003,0.004,0.004,0.004,0.004,0.004,0.003,0.003,0.003,0.004,0.004,0.035,0.033,0.003,0.001,0.0,0.001,0.003,0.003,0.004,0.003,0.004,0.004,0.003,0.004,0.004,0.004,0.006,0.006,0.006,0.006,0.006,0.004,0.006,0.006,0.006,0.006,0.006,0.006,0.006,0.006,0.006,0.006,0.006,0.006,0.006,0.006,0.006,0.006,0.006,0.006,0.006,0.006,0.006,0.006,0.006,0.006,0.006,0.006,0.006,0.006,0.006,0.006,0.006,0.006,0.006,0.006,0.006,0.006,0.006,0.006,0.006,0.006,0.006,0.006,0.006,0.006,0.006,0.006,0.006,0.006,0.006,0.006,0.006,0.006,0.006,0.006,0.006,0.006,0.006,0.006,
0.0,0.0,0.003,0.005,0.004,0.005,0.008,0.006,0.009,0.005,0.005,0.004,0.004,0.005,0.005,0.005,0.006,0.006,0.009,0.005,0.005,0.008,0.005,0.008,0.009,0.012,0.005,0.005,0.005,0.005,0.006,0.008,0.005,0.008,0.009,0.008,0.009,0.009,0.009,0.009,0.009,0.009,0.009,0.009,0.009,0.009,0.009,0.009,0.009,0.009,0.009,0.009,0.009,0.009,0.009,0.009,0.009,0.009,0.01,0.006,0.006,0.006,0.006,0.006,0.008,0.006,0.006,0.006,0.008,0.006,0.008,0.006,0.008,0.006,0.008,0.006,0.008,0.006,0.008,0.006,0.008,0.006,0.008,0.006,0.006,0.005,0.005,0.008,0.005,0.005,0.005,0.008,0.006,0.008,0.005,0.005,0.008,0.005,0.008,0.005,
0.0,0.0,0.0,-0.031,0.0,-0.003,0.0,-0.004,-0.003,-0.004,-0.003,-0.004,-0.003,-0.004,-0.003,-0.004,-0.003,-0.004,-0.003,-0.004,-0.003,-0.004,-0.003,-0.004,-0.003,-0.004,-0.003,-0.004,-0.003,-0.004,-0.003,-0.004,-0.003,-0.004,-0.003,-0.004,-0.003,-0.004,-0.003,-0.004,-0.003,-0.004,-0.003,-0.004,-0.003,-0.004,-0.003,-0.004,-0.003,-0.004,-0.003,-0.004,-0.003,-0.004,-0.003,-0.004,-0.003,-0.004,-0.003,-0.004,-0.003,-0.004,-0.003,-0.004,-0.003,-0.004,-0.003,-0.004,-0.003,-0.004,-0.003,-0.004,-0.003,-0.004,-0.003,-0.004,-0.003,-0.004,-0.003,-0.004,-0.003,-0.004,-0.003,-0.004,-0.003,-0.004,-0.003,-0.004,-0.003,-0.004,-0.003,-0.004,-0.003,-0.004,-0.003,-0.004,-0.003,-0.004,-0.003,-0.004,
-0.038,0.044,-0.02,0.001,0.001,0.001,0.003,0.004,0.004,-0.022,0.0,-0.006,0.001,-0.01,0.001,-0.009,0.001,-0.009,0.0,-0.01,0.0,0.003,-0.01,0.003,0.003,0.004,0.003,0.004,0.001,0.003,0.001,0.001,0.001,0.003,-0.001,0.001,-0.021,0.006,0.003,0.003,0.003,0.003,0.003,0.003,0.003,0.003,0.003,0.003,0.003,0.003,0.003,0.003,0.003,0.003,0.003,0.003,0.003,0.003,0.003,0.003,0.003,0.003,0.003,0.003,0.003,0.003,0.003,0.003,0.003,0.003,0.003,0.003,0.003,0.003,0.003,0.004,0.003,0.004,0.003,0.003,0.003,0.003,0.003,0.003,0.003,0.003,0.003,0.003,0.003,0.003,0.003,0.003,0.003,0.003,0.003,0.003,0.003,0.003,0.003,0.004,
-0.104,-0.04,-0.004,-0.001,-0.001,0.0,0.0,0.0,0.0,0.0,0.0,0.0,0.0,0.0,0.0,0.0,0.0,0.0,0.0,0.0,0.0,0.0,0.0,0.0,0.0,0.0,0.0,0.0,0.0,0.0,0.0,0.0,0.0,0.0,0.0,0.0,0.0,-0.003,0.0,0.0,0.0,0.0,0.0,-0.003,0.0,0.0,0.0,0.0,0.0,0.0,0.0,0.0,0.0,0.0,0.0,0.0,0.0,0.0,0.0,0.0,0.0,0.0,0.0,0.0,0.0,-0.001,0.0,-0.003,0.0,-0.003,0.0,-0.003,0.0,-0.003,0.0,-0.003,0.0,0.0,0.0,0.0,0.0,0.0,-0.001,-0.001,0.0,0.0,0.0,0.0,0.0,0.0,0.0,0.0,0.0,0.0,-0.001,-0.001,0.0,0.0,0.0,0.0,
0.007,-0.129,0.009,0.001,-0.013,-0.001,-0.059,0.003,0.0,-0.082,0.008,0.0,0.003,0.001,0.0,0.0,0.0,0.031,-0.004,0.031,-0.004,-0.079,0.005,0.001,0.035,-0.004,-0.074,-0.008,-0.058,0.004,0.001,0.024,0.031,0.035,0.037,0.039,-0.004,-0.008,0.001,0.003,0.0,0.0,0.0,0.0,0.0,0.0,0.0,0.0,0.029,-0.004,-0.125,0.05,-0.004,-0.06,0.035,0.0,0.003,0.001,0.038,-0.003,0.0,0.003,0.033,0.037,-0.001,0.034,-0.089,-0.058,-0.003,0.001,-0.018,-0.007,-0.038,0.034,-0.066,-0.017,-0.008,0.001,0.042,-0.004,0.031,0.0,-0.058,-0.004,-0.058,0.003,0.031,-0.001,0.034,-0.001,0.037,0.034,-0.004,0.039,-0.004,-0.164,0.059,-0.003,-0.164,0.046,
-0.007,0.0,0.0,0.0,0.0,0.0,-0.001,0.0,-0.001,0.0,-0.001,0.0,-0.001,0.0,-0.001,0.0,-0.001,0.0,-0.001,0.0,-0.001,0.0,-0.001,0.0,-0.001,0.0,-0.001,0.0,-0.001,0.0,-0.001,0.0,-0.001,0.0,-0.001,0.0,-0.001,0.0,-0.001,0.0,-0.001,0.0,-0.001,0.0,-0.001,0.0,-0.001,0.0,-0.001,0.0,-0.001,0.0,-0.001,0.0,-0.001,0.0,-0.001,0.0,-0.001,0.0,-0.001,0.0,-0.001,0.0,-0.001,0.0,-0.001,0.0,-0.001,0.0,-0.001,0.0,-0.001,0.0,-0.001,0.0,-0.001,0.0,-0.001,0.0,-0.001,0.0,-0.001,0.0,-0.001,0.0,-0.001,0.0,-0.001,0.0,-0.001,0.0,-0.001,0.0,-0.001,0.0,-0.001,0.0,-0.001,0.0,
-0.059,0.004,-0.018,-0.003,-0.001,0.003,0.0,-0.003,0.018,-0.006,0.031,0.053,0.053,-0.008,-0.003,-0.003,-0.003,0.032,0.058,0.061,0.066,0.067,0.054,0.059,0.059,0.061,0.066,0.066,0.067,0.068,0.068,0.068,0.068,0.068,0.068,0.068,0.068,0.068,0.068,0.068,0.068,0.068,0.068,0.068,0.068,0.068,0.068,0.068,0.068,0.068,0.068,0.068,0.068,0.068,0.068,0.068,0.068,0.068,0.068,0.068,0.068,0.068,0.068,0.068,0.068,0.068,0.068,0.068,0.068,0.068,0.068,0.068,0.068,0.068,0.068,0.068,0.068,0.068,0.068,0.068,0.068,0.068,0.068,0.068,0.068,0.068,0.068,0.068,0.068,0.068,0.068,0.068,0.068,0.068,0.068,0.068,0.068,0.068,0.068,0.033,
0.0,0.026,0.0,0.001,0.004,0.001,0.0,0.004,0.007,0.005,0.001,0.004,0.004,0.005,0.005,0.007,0.007,0.007,0.007,0.007,0.007,0.007,0.007,0.007,0.007,0.007,0.007,0.007,0.007,0.007,0.007,0.007,0.007,0.007,0.007,0.007,0.007,0.007,0.007,0.007,0.007,0.007,0.007,0.007,0.007,0.007,0.007,0.007,0.007,0.007,0.007,0.007,0.007,0.007,0.007,0.007,0.007,0.007,0.007,0.007,0.007,0.007,0.007,0.007,0.007,0.007,0.007,0.007,0.007,0.007,0.007,0.007,0.007,0.007,0.007,0.007,0.007,0.007,0.007,0.007,0.007,0.007,0.007,0.007,0.007,0.007,0.007,0.007,0.007,0.007,0.007,0.007,0.007,0.007,0.007,0.007,0.007,0.007,0.007,0.007,
-0.078,0.007,-0.027,0.0,-0.004,-0.006,0.0,0.0,0.0,-0.003,0.0,0.0,-0.001,0.0,-0.003,0.0,0.0,0.0,0.0,0.0,0.0,0.0,0.0,-0.003,0.0,-0.003,0.0,0.0,0.0,0.0,0.0,0.0,0.0,0.0,0.0,0.0,-0.001,0.0,-0.001,0.0,-0.001,0.0,-0.001,0.0,-0.001,0.0,-0.001,0.0,0.0,0.0,-0.001,0.0,-0.007,0.0,0.0,0.0,0.0,0.0,0.0,0.0,-0.007,0.0,0.0,0.0,0.0,-0.001,0.0,0.0,-0.001,0.0,0.0,-0.001,0.0,-0.001,0.0,0.0,0.0,-0.007,0.0,-0.007,0.0,0.0,0.0,0.0,-0.003,0.0,-0.001,0.0,0.0,0.0,0.0,-0.001,0.0,0.0,-0.007,0.0,-0.001,0.0,-0.001,0.0,
-0.158,0.007,0.0,0.0,0.0,-0.002,0.0,-0.002,0.0,-0.002,0.0,0.0,0.0,0.0,0.0,-0.002,0.0,-0.002,0.0,-0.002,0.0,-0.002,0.0,-0.002,0.0,-0.002,0.0,-0.002,0.0,-0.002,0.0,-0.002,0.0,-0.002,0.0,0.0,0.0,-0.002,0.0,-0.002,0.0,-0.002,0.0,-0.002,0.0,-0.002,0.0,0.0,0.0,-0.002,0.0,-0.002,0.0,0.0,0.0,0.0,0.0,-0.002,0.0,-0.002,0.0,-0.002,0.0,-0.002,0.0,-0.002,0.0,-0.002,0.0,-0.002,0.0,-0.002,0.0,-0.002,0.0,-0.002,0.0,0.0,0.0,0.0,0.0,-0.002,0.0,-0.002,0.0,-0.002,0.0,-0.002,0.0,-0.002,0.0,-0.002,0.0,-0.002,0.0,-0.002,0.0,-0.002,0.0,-0.002,
0.0,-0.001,-0.003,-0.001,0.0,0.0,0.0,0.0,0.0,0.0,0.0,0.0,0.0,0.0,0.0,0.0,0.0,0.0,0.0,0.0,0.0,0.0,0.0,0.0,0.0,0.0,0.0,0.0,0.0,0.0,0.0,0.0,0.0,0.0,0.0,0.0,0.0,0.0,0.0,0.0,0.0,0.0,0.0,0.0,0.0,0.0,0.0,0.0,0.0,0.0,0.0,0.0,0.0,0.0,0.0,0.0,0.0,0.0,0.0,0.0,0.0,0.0,0.0,0.0,0.0,0.0,0.0,0.0,0.0,0.0,0.0,0.0,0.0,0.0,0.0,0.0,0.0,0.0,0.0,0.0,0.0,0.0,0.0,0.0,0.0,0.0,0.0,0.0,0.0,0.0,0.0,0.0,0.0,0.0,0.0,0.0,0.0,0.0,0.0,0.0,
0.0,-0.081,-0.081,0.0,-0.052,0.001,-0.02,0.001,-0.003,0.0,0.0,-0.001,0.0,-0.001,0.0,-0.001,0.0,-0.001,0.0,-0.001,0.0,-0.001,0.0,-0.001,0.0,-0.001,0.0,-0.001,0.0,-0.001,0.0,-0.001,0.0,-0.001,0.0,-0.001,0.0,-0.001,0.0,-0.001,0.0,-0.001,0.0,-0.001,0.0,-0.001,0.0,-0.001,0.0,-0.001,0.0,-0.001,0.0,-0.001,0.0,-0.001,0.0,-0.001,0.0,-0.001,0.0,-0.001,0.0,-0.001,0.0,-0.001,0.0,-0.001,0.0,-0.001,0.0,-0.001,0.0,-0.001,0.0,-0.001,0.0,-0.001,0.0,-0.001,0.0,-0.001,0.0,-0.001,0.0,-0.001,0.0,-0.001,0.0,-0.001,0.0,-0.001,0.0,-0.001,0.0,-0.001,0.0,-0.001,0.0,-0.001,
0.0,0.001,-0.001,0.003,0.004,0.003,0.005,0.003,0.005,0.007,0.004,0.003,0.005,0.003,0.005,0.003,0.003,0.003,0.004,0.003,0.003,0.003,0.003,0.003,0.003,0.003,0.003,0.003,0.003,0.003,0.003,0.003,0.005,0.004,0.005,0.003,0.005,0.003,0.003,0.004,0.003,0.003,0.003,0.005,0.004,0.004,0.004,0.003,0.003,0.003,0.003,0.003,0.003,0.005,0.004,0.005,0.003,0.005,0.003,0.003,0.004,0.003,0.007,0.004,0.005,0.003,0.005,0.003,0.005,0.003,0.003,0.004,0.003,0.007,0.004,0.004,0.004,0.003,0.003,0.005,0.004,0.005,0.003,0.005,0.003,0.005,0.003,0.005,0.003,0.005,0.003,0.005,0.003,0.005,0.003,0.003,0.004,0.003,0.003,0.003,
0.0,0.0,0.0,0.0,0.0,0.0,0.0,0.0,0.0,0.0,0.0,0.0,0.0,0.0,0.0,0.0,0.0,0.0,0.0,0.0,0.0,0.0,0.0,0.0,0.0,0.0,0.0,0.0,0.0,0.0,0.0,0.0,0.0,0.0,0.0,0.0,0.0,0.0,0.0,0.0,0.0,0.0,0.0,0.0,0.0,0.0,0.0,0.0,0.0,0.0,0.0,0.0,0.0,0.0,0.0,0.0,0.0,0.0,0.0,0.0,0.0,0.0,0.0,0.0,0.0,0.0,0.0,0.0,0.0,0.0,0.0,0.0,0.0,0.0,0.0,0.0,0.0,0.0,0.0,0.0,0.0,0.0,0.0,0.0,0.0,0.0,0.0,0.0,0.0,0.0,0.0,0.0,0.0,0.0,0.0,0.0,0.0,0.0,0.0,0.0,
-0.049,0.009,-0.003,-0.002,0.0,0.0,0.002,0.002,0.0,0.002,0.002,0.002,0.0,0.002,-0.003,0.002,0.002,0.0,0.002,-0.003,0.002,0.002,-0.002,0.002,0.002,0.0,0.002,-0.003,0.002,0.002,0.0,0.002,-0.003,0.002,0.002,0.0,0.002,0.002,0.002,0.0,0.002,-0.003,0.002,0.002,0.0,0.002,-0.003,0.002,0.002,0.0,0.002,-0.003,0.002,0.002,-0.002,0.002,0.002,0.0,0.002,-0.003,0.002,0.002,-0.002,0.002,0.002,0.0,0.002,-0.003,0.002,0.002,0.0,0.002,0.002,0.0,0.002,-0.003,0.002,0.002,-0.002,0.002,0.002,0.0,0.002,0.002,0.0,0.002,-0.003,0.002,0.002,0.0,0.002,-0.003,0.002,0.002,0.0,0.002,-0.003,0.002,0.002,0.0,
-0.125,-0.027,0.0,0.0,0.0,0.0,-0.002,0.002,0.002,0.002,0.002,0.0,-0.005,0.002,0.0,0.002,-0.005,0.002,0.002,0.002,0.0,0.002,0.002,0.0,0.0,0.0,0.0,0.0,0.002,0.002,0.0,0.002,-0.005,0.002,0.0,0.002,0.0,0.002,0.002,-0.002,0.002,0.0,0.002,0.002,-0.003,0.002,0.002,-0.002,0.002,0.002,-0.005,0.002,-0.005,0.002,0.002,0.0,0.002,0.002,0.002,0.0,0.002,0.002,-0.005,0.0,0.002,0.0,0.002,0.002,-0.005,0.002,0.002,-0.005,0.002,0.002,-0.002,0.002,-0.002,0.002,0.002,0.0,0.002,0.0,0.002,0.002,0.002,0.002,0.002,0.002,0.002,0.002,0.002,0.0,0.0,0.002,0.002,0.002,-0.002,0.002,0.0,0.002,
0.0,-0.361,0.058,-0.118,0.002,0.002,-0.11,-0.042,0.002,-0.114,0.002,0.002,-0.102,0.002,0.002,-0.113,0.005,0.003,-0.081,0.002,-0.118,0.003,0.002,0.002,0.002,-0.09,0.005,-0.084,0.003,-0.117,0.005,0.002,-0.098,0.002,0.003,0.002,-0.071,0.003,-0.088,0.002,-0.114,0.003,0.002,0.002,0.002,-0.018,0.003,-0.084,0.003,0.003,0.002,0.002,0.002,-0.119,0.002,-0.122,0.002,-0.123,0.002,-0.093,0.003,0.002,0.003,0.002,-0.085,0.003,-0.073,0.003,-0.085,0.005,-0.081,0.005,-0.077,0.003,-0.096,-0.047,0.002,-0.082,0.002,-0.118,0.002,0.0,-0.102,0.003,0.002,0.002,0.002,0.002,-0.07,0.003,0.002,0.002,-0.047,0.002,-0.106,0.005,0.003,-0.111,0.005,0.002,
-0.124,0.048,0.0,-0.039,0.002,0.002,-0.056,0.002,0.0,-0.052,0.003,-0.002,0.0,0.0,0.0,0.0,-0.057,-0.029,0.002,-0.036,0.002,-0.009,0.0,0.0,0.0,-0.046,0.002,-0.015,0.0,0.002,0.0,0.0,-0.043,0.002,0.0,0.0,-0.05,0.003,0.0,0.0,-0.01,-0.006,0.0,0.0,-0.054,-0.038,0.003,-0.045,0.002,0.002,0.0,0.002,0.0,0.0,-0.042,0.003,0.002,0.0,0.002,-0.002,0.0,-0.003,-0.006,0.0,0.0,0.002,0.0,-0.041,0.003,0.0,-0.05,-0.006,0.002,-0.043,0.0,-0.01,0.0,0.002,-0.028,0.002,0.0,-0.006,0.0,-0.043,0.002,0.0,-0.05,0.002,0.0,0.0,0.002,0.002,0.0,0.0,-0.062,-0.032,-0.043,0.002,0.0,-0.046,
-0.031,0.0,0.0,0.0,0.001,0.0,0.0,0.0,0.0,0.0,0.0,0.0,-0.001,0.0,0.0,0.0,0.0,0.0,0.0,0.001,0.001,0.001,0.001,0.003,0.001,0.027,-0.001,0.0,0.0,0.0,0.0,0.0,0.0,0.001,0.0,0.0,0.0,0.0,0.0,0.0,0.0,0.0,-0.001,0.0,0.0,0.0,-0.001,0.0,0.0,0.0,-0.001,0.0,0.0,0.0,0.0,0.0,0.0,0.0,0.0,0.0,0.0,0.0,0.0,0.027,-0.001,0.0,0.0,0.0,0.0,0.0,0.0,0.0,0.0,0.0,0.0,0.0,0.0,0.0,0.0,0.0,0.0,0.0,0.0,0.0,0.0,0.027,-0.001,0.0,0.0,0.0,-0.001,0.027,-0.001,0.0,0.0,0.0,0.0,0.001,0.0,0.0,
-0.007,0.016,0.012,0.012,0.003,0.003,0.003,0.003,0.003,0.003,0.003,0.003,0.003,0.003,0.003,0.003,0.004,0.004,0.004,0.004,0.004,0.004,0.004,0.004,0.004,0.004,0.004,0.004,0.004,0.004,0.004,0.004,0.004,0.004,0.004,0.004,0.004,0.004,0.004,0.004,0.004,0.004,0.004,0.004,0.004,0.004,0.004,0.004,0.004,0.004,0.004,0.004,0.004,0.004,0.004,0.004,0.004,0.004,0.004,0.004,0.004,0.004,0.004,0.004,0.004,0.004,0.004,0.004,0.004,0.004,0.004,0.004,0.004,0.004,0.004,0.004,0.004,0.004,0.004,0.004,0.004,0.004,0.004,0.004,0.004,0.004,0.004,0.004,0.004,0.004,0.004,0.004,0.004,0.004,0.004,0.004,0.004,0.004,0.004,0.004,
0.0,-0.063,-0.013,-0.04,-0.02,-0.005,-0.016,-0.01,-0.004,-0.04,-0.001,-0.04,-0.017,-0.01,-0.004,-0.04,-0.001,-0.039,0.0,-0.04,0.0,-0.039,-0.005,-0.039,0.0,-0.04,0.0,-0.04,-0.001,-0.04,-0.001,-0.04,-0.001,-0.04,-0.001,-0.039,0.0,-0.04,0.0,-0.039,0.0,-0.04,0.0,-0.04,0.0,-0.04,-0.001,-0.039,0.0,-0.04,0.0,-0.04,-0.001,-0.039,0.0,-0.04,0.0,-0.04,-0.001,-0.04,-0.001,-0.039,0.0,-0.04,0.0,-0.04,-0.001,-0.04,-0.001,-0.039,0.0,-0.04,0.0,-0.039,0.0,-0.04,0.0,-0.04,-0.001,-0.04,-0.001,-0.04,-0.001,-0.04,-0.001,-0.04,-0.001,-0.039,-0.016,-0.01,-0.022,-0.011,-0.02,-0.011,-0.003,-0.008,0.0,-0.039,0.0,-0.04,
-0.081,-0.008,-0.004,0.0,0.0,0.0,0.0,0.0,0.0,0.0,0.0,-0.001,0.0,0.0,-0.001,0.0,0.0,0.0,0.0,0.0,-0.003,0.0,0.0,0.0,0.0,-0.001,-0.001,0.0,0.0,0.0,0.0,0.0,0.0,0.0,0.0,0.0,0.0,-0.003,0.0,0.0,0.0,0.0,0.0,0.0,0.0,0.0,0.0,0.0,-0.001,0.0,0.0,0.0,0.0,-0.001,-0.001,0.0,0.0,0.0,0.0,0.0,0.0,0.0,-0.001,0.0,0.0,-0.001,0.0,0.0,-0.001,0.0,0.0,0.0,0.0,0.0,0.0,0.0,-0.001,0.0,-0.001,0.0,0.0,-0.001,-0.001,0.0,-0.001,0.0,0.0,0.0,0.0,0.0,0.0,0.0,0.0,0.0,0.0,0.0,0.0,0.0,0.0,0.0,
-0.181,0.02,0.002,0.002,0.0,0.002,0.002,0.0,-0.002,-0.002,0.002,0.002,0.0,0.0,0.0,-0.002,0.002,0.0,-0.002,-0.002,0.002,0.002,0.0,0.0,0.0,-0.002,0.0,-0.002,0.002,0.002,0.002,0.002,0.002,0.002,0.002,0.002,0.002,0.002,0.002,0.0,-0.003,0.0,0.002,0.0,-0.003,0.0,0.002,0.0,-0.003,0.0,-0.003,0.002,0.0,0.0,-0.005,0.0,0.0,0.002,0.0,0.002,0.0,0.0,0.002,0.0,0.0,0.002,0.002,0.0,0.0,0.002,-0.003,0.0,0.0,0.0,-0.002,0.0,-0.002,0.0,-0.002,0.0,-0.002,0.0,-0.002,0.0,-0.002,0.0,-0.002,0.0,-0.002,0.0,-0.002,0.0,-0.002,0.0,-0.002,0.0,-0.002,0.0,-0.002,0.0,
-0.102,0.007,-0.001,0.0,-0.016,-0.006,0.003,0.003,0.001,0.003,0.003,0.001,0.001,0.0,0.001,0.001,-0.009,0.003,0.001,0.0,-0.007,0.003,-0.006,0.0,-0.012,0.001,0.001,-0.004,0.0,-0.009,-0.012,0.001,0.001,0.001,-0.009,0.001,0.001,0.001,0.003,-0.003,0.0,-0.009,0.0,-0.004,0.0,0.003,0.003,-0.01,-0.01,0.001,-0.003,0.003,0.001,0.0,-0.009,0.001,0.003,-0.007,0.0,0.001,-0.004,0.001,0.001,0.001,0.001,-0.004,0.0,0.0,0.003,-0.004,0.0,0.001,0.001,0.001,-0.001,-0.006,0.001,-0.009,0.001,-0.013,0.001,-0.01,0.001,-0.009,0.003,0.003,0.003,0.001,0.0,0.001,0.001,-0.003,0.001,0.001,0.003,0.001,0.001,0.001,-0.003,0.003,
0.0,-0.091,0.001,-0.093,-0.003,-0.059,0.0,-0.06,0.0,-0.06,0.0,-0.06,0.0,-0.06,0.0,-0.06,0.0,-0.06,0.0,-0.06,0.0,-0.06,0.0,-0.06,0.0,-0.06,0.0,-0.06,0.0,-0.06,0.0,-0.06,0.0,-0.06,0.0,-0.06,0.0,-0.06,0.0,-0.06,0.0,-0.06,0.0,-0.06,0.0,-0.06,0.0,-0.06,0.0,-0.06,0.0,-0.06,0.0,-0.06,0.0,-0.06,0.0,-0.06,0.0,-0.06,0.0,-0.06,0.0,-0.06,0.0,-0.06,0.0,-0.06,0.0,-0.06,0.0,-0.06,0.0,-0.06,0.0,-0.06,0.0,-0.06,0.0,-0.06,0.0,-0.06,0.0,-0.06,0.0,-0.06,0.0,-0.06,0.0,-0.06,0.0,-0.06,0.0,-0.06,0.0,-0.06,0.0,-0.06,0.0,-0.06,
0.0,0.0,0.04,0.004,0.003,-0.004,0.001,0.004,0.003,0.003,0.001,0.004,0.036,0.039,0.0,-0.005,0.001,0.036,0.001,0.003,0.003,0.004,0.041,0.001,-0.004,0.001,0.005,0.004,0.003,0.003,0.001,0.044,0.0,0.042,0.003,0.0,0.001,0.04,0.039,0.04,0.0,0.036,-0.001,0.001,0.001,0.0,0.039,0.0,0.001,0.039,0.003,0.004,0.042,0.049,0.05,0.05,0.05,0.05,0.05,0.05,0.05,0.003,0.044,0.049,0.004,0.044,0.049,0.004,0.04,0.048,0.037,0.003,0.005,0.005,0.007,0.007,0.007,0.007,0.007,0.007,0.007,0.007,0.007,0.007,0.007,0.007,0.007,0.007,0.007,0.007,0.007,0.007,0.007,0.007,0.007,0.007,0.007,0.007,0.007,0.007,
-0.13,-0.262,-0.031,-0.001,0.0,0.0,0.0,0.0,0.0,0.0,0.0,0.0,0.0,0.0,0.0,0.0,0.0,0.0,0.0,0.0,0.0,0.0,0.0,0.0,0.0,0.0,0.0,0.0,0.0,0.0,0.0,0.0,0.0,0.0,0.0,0.0,0.0,0.0,0.0,0.0,0.0,0.0,0.0,0.0,0.0,0.0,0.0,0.0,0.0,0.0,0.0,0.0,0.0,0.0,0.0,0.0,0.0,0.0,0.0,0.0,0.0,0.0,0.0,0.0,0.0,0.0,0.0,0.0,0.0,0.0,0.0,0.0,0.0,0.0,0.0,0.0,0.0,0.0,0.0,0.0,0.0,0.0,0.0,0.0,0.0,0.0,0.0,0.0,0.0,0.0,0.0,0.0,0.0,0.0,0.0,0.0,0.0,0.0,0.0,0.0,
0.009,-0.001,0.003,0.004,0.003,0.003,0.003,0.003,0.003,0.003,0.003,0.003,0.003,0.003,0.003,0.003,0.003,0.003,0.003,0.003,0.003,0.003,0.003,0.003,0.003,0.004,0.003,0.003,0.003,0.003,0.003,0.003,0.003,0.003,0.003,0.003,0.003,0.003,0.003,0.003,0.003,0.003,0.003,0.003,0.003,0.004,0.005,0.005,0.005,0.005,0.005,0.005,0.005,0.005,0.005,0.005,0.005,0.005,0.005,0.005,0.005,0.005,0.005,0.005,0.005,0.005,0.005,0.005,0.005,0.005,0.005,0.005,0.005,0.005,0.005,0.005,0.005,0.005,0.005,0.005,0.005,0.005,0.005,0.005,0.005,0.005,0.005,0.005,0.005,0.005,0.005,0.005,0.005,0.005,0.005,0.005,0.005,0.005,0.005,0.005,
-0.098,-0.003,0.0,0.0,0.0,0.0,0.0,0.0,0.0,0.0,-0.001,0.0,0.001,0.0,0.0,0.0,0.0,0.0,0.0,0.0,0.0,0.0,0.0,0.0,0.0,0.0,0.0,0.0,0.0,0.0,0.001,0.0,0.004,0.004,0.004,0.004,0.004,0.004,0.004,0.004,0.004,0.004,0.004,0.004,0.004,0.004,0.004,0.004,0.004,0.004,0.004,0.004,0.004,0.004,0.004,0.004,0.004,0.004,0.004,0.004,0.004,0.004,0.004,0.004,0.004,0.004,0.004,0.004,0.004,0.004,0.004,0.004,0.004,0.004,0.004,0.004,0.004,0.004,0.004,0.004,0.004,0.004,0.004,0.004,0.004,0.004,0.004,0.004,0.004,0.004,0.004,0.004,0.004,0.004,0.004,0.004,0.004,0.004,0.004,0.004,
-0.075,-0.109,0.018,-0.064,0.001,-0.062,0.0,-0.057,0.0,-0.044,0.0,-0.043,0.001,-0.043,0.001,0.0,-0.062,0.001,-0.062,0.001,-0.061,0.001,-0.045,0.001,-0.061,0.001,-0.048,-0.028,0.0,-0.043,0.001,-0.049,0.001,-0.043,-0.023,0.0,0.0,-0.05,-0.028,0.0,0.0,-0.05,0.001,0.001,-0.033,-0.028,-0.037,0.0,-0.053,0.001,-0.06,0.001,0.0,-0.059,-0.017,-0.054,0.001,0.0,-0.06,-0.02,0.0,-0.055,0.001,-0.063,0.001,0.0,0.0,0.014,0.0,-0.062,0.001,-0.025,0.0,-0.061,0.001,-0.026,0.0,-0.056,0.001,-0.06,0.001,-0.062,-0.001,-0.056,0.001,-0.031,0.0,-0.059,-0.011,0.0,-0.04,0.001,-0.063,0.001,-0.04,0.001,-0.04,0.001,-0.057,0.001,
-0.094,-0.018,0.0,0.0,0.001,0.0,0.0,0.0,0.0,0.0,0.0,0.0,0.0,0.0,0.0,0.0,0.0,0.0,0.0,0.0,0.0,0.0,0.0,0.0,0.0,0.0,0.0,0.0,0.0,0.0,0.0,0.0,0.0,0.003,0.0,0.0,0.0,0.0,0.0,0.0,0.0,0.0,0.0,0.004,0.0,0.0,0.0,0.0,0.0,0.0,0.0,0.0,0.0,0.0,0.0,0.0,0.0,0.0,0.0,0.0,0.003,0.0,0.0,0.0,0.0,0.0,0.0,0.0,0.0,0.0,0.0,0.0,0.0,0.0,0.0,0.0,0.0,0.0,0.0,0.0,0.0,0.0,0.0,0.0,0.0,0.0,0.0,0.0,0.0,0.0,0.0,0.004,0.0,0.0,0.0,0.0,0.0,0.0,0.0,0.0,
-0.033,-0.035,-0.096,-0.143,-0.151,-0.135,-0.133,-0.117,-0.125,-0.122,-0.14,-0.108,-0.126,-0.143,-0.131,-0.12,-0.131,-0.114,-0.131,-0.134,-0.118,-0.127,-0.146,-0.14,-0.134,-0.112,-0.121,-0.112,-0.132,-0.147,-0.124,-0.146,-0.11,-0.137,-0.124,-0.131,-0.129,-0.116,-0.132,-0.125,-0.126,-0.117,-0.099,-0.126,-0.109,-0.095,-0.135,-0.129,-0.092,-0.1,-0.101,-0.138,-0.134,-0.118,-0.118,-0.131,-0.137,-0.117,-0.122,-0.129,-0.132,-0.134,-0.134,-0.137,-0.13,-0.116,-0.136,-0.117,-0.12,-0.131,-0.102,-0.13,-0.107,-0.09,-0.109,-0.105,-0.114,-0.118,-0.099,-0.099,-0.086,-0.109,-0.101,-0.119,-0.122,-0.109,-0.118,-0.113,-0.13,-0.113,-0.127,-0.121,-0.128,-0.124,-0.124,-0.131,-0.105,-0.099,-0.125,0.0,
0.002,0.0,0.001,0.006,0.006,0.007,0.006,0.006,0.038,0.041,0.001,0.007,0.006,0.006,0.005,0.005,0.007,0.007,0.007,0.007,0.006,0.006,0.006,0.007,0.007,0.007,0.006,0.005,0.009,0.006,0.004,0.006,0.007,0.04,0.042,0.042,0.043,0.045,0.046,0.045,0.045,0.045,0.046,0.045,0.046,0.043,0.046,0.045,0.046,0.045,0.045,0.045,0.046,0.045,0.046,0.043,0.046,0.045,0.046,0.045,0.045,0.045,0.046,0.045,0.046,0.043,0.046,0.045,0.046,0.045,0.045,0.045,0.046,0.045,0.046,0.043,0.046,0.045,0.046,0.045,0.045,0.045,0.046,0.045,0.046,0.043,0.046,0.045,0.046,0.045,0.045,0.045,0.046,0.045,0.046,0.043,0.046,0.045,0.046,0.042,
0.0,-0.043,-0.007,-0.001,0.0,-0.001,0.0,-0.001,0.0,-0.001,0.0,-0.001,0.0,-0.001,0.0,-0.001,0.0,-0.001,0.0,-0.001,0.0,-0.001,0.0,-0.001,0.0,-0.001,0.0,-0.001,0.0,-0.001,0.0,-0.001,0.0,-0.001,0.0,-0.001,0.0,-0.001,0.0,-0.001,0.0,-0.001,0.0,-0.001,0.0,-0.001,0.0,-0.001,0.0,-0.001,0.0,-0.001,0.0,-0.001,0.0,-0.001,0.0,-0.001,0.0,-0.001,0.0,-0.001,0.0,-0.001,0.0,-0.001,0.0,-0.001,0.0,-0.001,0.0,-0.001,0.0,-0.001,0.0,-0.001,0.0,-0.001,0.0,-0.001,0.0,-0.001,0.0,-0.001,0.0,-0.001,0.0,-0.001,0.0,-0.001,0.0,-0.001,0.0,-0.001,0.0,-0.001,0.0,-0.001,0.0,-0.001,
0.0,0.0,-0.175,0.003,0.0,0.001,-0.039,0.001,0.0,-0.003,0.0,-0.011,0.0,0.001,0.001,0.001,0.001,0.001,0.003,-0.06,0.001,0.003,0.003,0.003,0.001,0.003,0.001,0.001,0.003,-0.001,0.001,0.001,0.0,-0.023,0.001,-0.034,0.001,0.001,0.003,0.001,0.0,-0.034,0.001,-0.004,0.0,-0.011,0.001,0.003,0.0,-0.013,0.001,-0.033,0.0,-0.011,0.001,0.0,0.0,0.001,-0.001,-0.015,0.001,-0.126,0.0,-0.072,0.001,0.003,0.001,0.001,0.0,0.0,0.0,0.0,-0.024,0.0,0.0,0.001,-0.039,-0.003,0.001,-0.032,0.001,0.001,-0.004,0.001,0.001,0.001,0.001,0.001,0.001,0.003,0.001,0.001,0.001,0.001,0.001,0.001,0.0,0.001,0.001,0.001,
-0.129,-0.217,0.001,0.0,0.0,0.0,0.0,0.0,0.0,0.0,0.0,0.0,0.0,0.0,0.0,0.0,0.0,0.0,0.0,0.0,0.0,0.0,0.0,0.0,0.0,0.0,0.0,0.0,-0.002,0.0,0.0,0.0,0.0,0.0,0.0,0.0,0.0,0.0,0.0,0.0,0.0,0.0,0.0,0.0,0.0,0.0,0.0,0.0,0.0,0.0,0.0,0.0,0.0,0.0,0.0,0.0,0.0,0.0,0.0,0.0,0.0,0.0,0.0,0.0,0.0,0.0,0.0,0.0,0.0,0.0,0.0,0.0,0.0,0.0,-0.003,0.0,0.0,0.0,0.0,0.0,0.0,0.0,0.0,0.0,0.0,0.0,0.0,0.0,0.0,0.0,0.0,0.0,0.0,0.0,0.0,-0.002,-0.002,0.0,0.0,0.0,
0.0,0.0,-0.004,0.084,0.006,0.107,-0.001,0.0,-0.001,0.063,0.005,0.062,0.005,0.065,0.004,0.004,-0.005,0.003,0.074,0.001,0.004,-0.001,0.051,-0.003,-0.014,0.059,0.009,0.007,0.068,0.093,0.08,0.093,0.085,0.095,0.084,0.09,0.083,0.089,0.083,0.089,0.081,0.092,0.087,0.092,0.086,0.095,0.079,0.091,0.085,0.095,0.085,0.095,0.085,0.095,0.084,0.092,0.084,0.09,0.081,0.092,0.087,0.092,0.084,0.092,0.08,0.091,0.082,0.092,0.084,0.092,0.08,0.091,0.083,0.089,0.085,0.095,0.084,0.09,0.085,0.095,0.085,0.095,0.085,0.095,0.084,0.092,0.084,0.09,0.081,0.092,0.087,0.092,0.084,0.092,0.08,0.091,0.085,0.095,0.084,0.09,
0.0,0.0,-0.003,-0.001,-0.001,-0.001,0.0,-0.001,0.0,-0.001,0.0,0.0,0.0,-0.001,0.0,0.0,0.0,0.0,0.0,0.0,-0.001,-0.001,0.0,-0.001,0.0,-0.001,0.0,-0.001,0.0,-0.001,0.0,-0.001,0.0,-0.001,0.0,0.0,0.0,0.0,0.0,-0.001,0.0,-0.001,0.0,0.0,-0.009,-0.001,0.0,-0.001,0.0,-0.001,0.0,0.0,0.0,-0.001,-0.001,0.0,0.0,0.0,0.0,-0.001,-0.004,-0.003,0.0,0.0,-0.001,-0.001,0.0,0.0,0.0,0.0,0.0,0.0,-0.001,0.0,0.0,-0.001,-0.001,-0.001,-0.001,-0.001,0.0,-0.001,-0.005,-0.003,0.0,0.0,0.0,-0.009,-0.003,0.0,-0.005,-0.001,0.0,0.0,0.0,0.0,0.0,0.0,0.0,0.0,
-0.098,0.044,-0.003,0.038,-0.007,0.001,0.001,0.003,0.042,0.001,-0.009,0.001,0.001,0.003,0.001,0.003,0.003,0.003,0.003,0.003,0.003,0.003,0.003,0.003,0.004,0.003,0.001,0.001,0.001,0.001,0.001,0.003,0.003,0.004,0.001,0.0,0.0,0.003,0.003,0.003,0.001,0.003,0.003,0.004,0.004,0.004,0.003,0.006,0.004,0.003,0.004,0.003,0.004,0.004,0.003,0.003,0.04,0.003,0.004,0.004,0.004,0.006,0.006,0.003,0.0,0.001,0.001,0.001,0.001,0.004,0.001,0.004,0.004,0.004,0.003,0.004,0.006,0.003,0.001,0.004,0.003,0.003,0.003,0.003,0.003,0.006,0.006,0.003,0.003,0.004,0.003,0.003,0.003,0.003,0.003,0.003,0.001,0.003,0.001,0.004,
0.0,0.0,0.001,0.037,0.04,0.041,0.037,0.04,0.039,0.008,0.007,0.007,0.034,0.007,0.007,0.007,0.007,0.008,0.008,0.01,0.008,0.01,0.008,0.01,0.008,0.01,0.008,0.01,0.008,0.01,0.008,0.01,0.008,0.01,0.008,0.01,0.008,0.01,0.008,0.01,0.037,0.04,0.04,0.04,0.04,0.04,0.04,0.04,0.04,0.04,0.04,0.04,0.04,0.04,0.04,0.04,0.04,0.04,0.04,0.04,0.04,0.04,0.04,0.04,0.04,0.04,0.04,0.04,0.04,0.04,0.04,0.04,0.04,0.04,0.04,0.04,0.04,0.04,0.04,0.04,0.04,0.04,0.04,0.04,0.04,0.04,0.04,0.04,0.04,0.04,0.04,0.04,0.04,0.04,0.04,0.04,0.04,0.04,0.04,0.04,
-0.119,-0.057,-0.003,0.0,0.0,0.0,0.0,0.0,0.0,0.0,0.001,0.0,0.0,0.0,0.0,0.0,0.0,0.0,0.0,0.0,0.0,0.0,0.0,0.0,0.001,0.0,0.0,0.0,0.0,0.0,0.0,0.0,0.001,0.0,0.0,0.0,0.0,0.0,0.001,0.0,0.0,0.0,0.0,0.0,0.001,0.0,0.0,0.0,0.0,0.0,0.0,0.0,0.0,0.0,0.0,0.0,0.0,0.0,0.0,0.0,0.0,0.0,0.001,0.0,0.0,0.0,0.0,0.0,0.0,0.0,0.0,0.0,0.0,0.0,0.0,0.0,0.0,0.0,0.0,0.0,0.0,0.0,0.0,0.0,0.0,0.0,0.0,0.0,0.0,0.0,0.0,0.0,0.0,0.0,0.0,0.0,0.0,0.0,0.0,0.0,
-0.032,0.0,0.0,0.0,0.0,0.0,0.0,0.0,0.0,0.0,0.0,0.0,0.0,0.0,0.0,0.0,0.0,0.0,0.0,0.0,0.0,0.0,0.0,0.0,0.0,0.0,0.0,0.0,0.0,0.0,0.0,0.0,0.0,0.0,0.0,0.0,0.0,0.0,0.0,0.0,0.0,0.0,0.0,0.0,0.0,0.0,0.0,0.0,0.0,0.0,0.0,0.0,0.0,0.0,0.0,0.0,0.0,0.0,0.0,0.0,0.0,0.0,0.0,0.0,0.0,0.0,0.0,0.0,0.0,0.0,0.0,0.0,0.0,0.0,0.0,0.0,0.0,0.0,0.0,0.0,0.0,0.0,0.0,0.0,0.0,0.0,0.0,0.0,0.0,0.0,0.0,0.0,0.0,0.0,0.0,0.0,0.0,0.0,0.0,0.0,
0.0,0.0,-0.013,-0.096,0.0,-0.095,0.0,-0.096,0.0,-0.1,0.0,-0.082,0.0,-0.011,0.0,-0.097,0.0,-0.096,0.0,-0.097,0.0,-0.083,0.0,-0.011,0.0,-0.01,0.0,-0.092,0.0,-0.095,0.0,-0.095,0.0,-0.096,0.0,-0.096,0.0,-0.097,0.0,-0.096,0.0,-0.09,0.0,-0.097,0.0,-0.096,0.0,-0.09,0.0,-0.097,0.0,-0.092,0.0,-0.095,0.001,-0.09,0.001,-0.086,0.0,-0.092,0.0,-0.092,0.0,-0.092,0.0,-0.092,0.0,-0.096,0.0,-0.097,0.0,-0.083,0.0,-0.01,0.0,-0.011,0.0,-0.092,-0.015,-0.095,-0.042,-0.097,-0.043,-0.013,-0.013,-0.093,0.0,-0.096,0.0,-0.093,0.001,-0.088,-0.009,-0.088,0.0,-0.091,0.0,-0.079,0.0,-0.092,
-0.039,0.001,0.0,0.0,-0.004,-0.011,0.0,0.003,0.001,0.003,0.001,0.003,0.001,0.003,0.001,0.001,0.001,0.003,0.0,-0.013,0.0,-0.016,0.001,0.001,0.0,0.001,0.0,0.003,0.001,-0.001,-0.001,-0.016,0.0,0.001,0.001,-0.009,0.0,-0.016,0.0,-0.017,0.0,0.003,0.0,-0.009,0.0,-0.005,0.0,0.003,0.001,-0.012,0.001,0.001,0.001,-0.007,0.001,0.001,-0.001,0.001,0.0,0.003,0.0,-0.011,0.001,0.003,0.001,0.003,0.001,0.003,0.001,0.003,0.001,0.003,0.001,0.003,0.001,0.003,0.001,0.003,0.001,0.003,0.001,0.003,0.001,0.003,0.001,0.003,0.001,0.003,0.001,0.003,0.001,0.003,0.001,0.003,0.001,0.003,0.001,0.003,0.001,0.003,
0.0,0.0,0.0,-0.001,0.0,0.0,0.0,0.0,0.0,0.0,0.0,0.0,0.0,0.0,0.0,0.0,0.0,0.0,0.0,0.0,0.0,0.0,0.0,0.0,0.0,0.0,0.0,0.0,0.001,0.002,0.002,0.002,0.002,0.002,0.002,0.002,0.002,0.002,0.002,0.002,0.002,0.002,0.002,0.002,0.002,0.002,0.002,0.002,0.002,0.002,0.002,0.002,0.002,0.002,0.002,0.002,0.002,0.002,0.002,0.002,0.002,0.002,0.002,0.002,0.002,0.002,0.002,0.002,0.002,0.002,0.002,0.002,0.002,0.002,0.002,0.002,0.002,0.002,0.002,0.002,0.002,0.002,0.002,0.002,0.002,0.002,0.002,0.002,0.002,0.002,0.002,0.002,0.002,0.002,0.002,0.002,0.002,0.002,0.002,0.002,
-0.013,-0.008,-0.015,0.001,0.001,0.003,0.0,0.002,0.003,0.001,0.003,0.001,0.003,0.001,0.001,0.003,0.003,0.001,0.002,0.002,0.001,0.003,0.003,0.003,0.003,0.002,0.002,0.001,0.001,0.003,0.001,0.001,0.001,0.002,0.002,0.001,0.003,0.003,0.003,0.001,0.003,0.003,0.001,0.001,0.003,0.003,0.0,0.002,0.003,0.001,0.0,0.002,0.003,0.003,0.003,0.003,0.001,0.001,0.002,0.002,0.001,0.003,0.003,0.003,0.003,0.0,0.002,0.003,0.001,0.001,0.003,0.001,0.001,0.001,0.002,0.002,0.001,0.003,0.003,0.003,0.001,0.003,0.003,0.001,0.001,0.003,0.003,0.0,0.002,0.003,0.001,0.0,0.002,0.003,0.001,0.002,0.002,0.001,0.003,0.001,
0.0,0.042,0.001,-0.004,0.0,0.003,0.003,0.001,0.0,0.003,0.003,0.003,0.003,0.001,0.001,0.0,0.003,0.003,0.003,0.003,0.001,0.0,0.001,0.001,0.0,0.001,0.004,0.003,0.003,0.001,0.001,0.0,-0.011,-0.001,0.001,0.003,0.003,0.001,0.001,0.001,0.001,0.004,0.003,0.003,0.001,0.003,0.001,0.001,0.003,0.001,0.001,0.001,0.001,0.001,0.001,0.0,-0.01,0.003,-0.004,0.001,0.001,0.0,0.001,0.001,0.0,0.001,0.0,0.003,0.001,0.0,0.001,0.001,0.001,0.001,0.001,0.003,0.001,0.001,0.001,0.001,-0.007,0.0,0.001,0.0,0.0,0.001,-0.001,0.0,0.001,0.003,0.003,0.001,0.001,0.001,-0.001,0.001,0.001,0.001,0.001,0.001,
0.0,0.0,0.0,0.001,0.003,0.004,0.004,0.004,0.003,0.001,0.0,-0.004,-0.005,0.004,0.004,0.001,0.0,0.0,0.0,0.0,0.0,0.0,0.0,0.0,0.0,0.0,0.0,0.0,0.001,0.003,0.003,0.004,0.004,0.001,0.003,0.003,0.003,-0.007,0.003,0.001,0.0,0.003,0.004,-0.001,0.004,0.004,0.001,0.0,0.0,0.001,0.003,0.004,0.004,0.003,0.001,0.001,-0.004,0.001,0.0,0.004,0.004,0.004,0.004,-0.004,0.003,0.003,0.003,0.001,0.003,-0.003,0.003,0.001,0.001,0.001,0.003,0.003,0.004,0.005,0.003,0.0,0.001,0.003,0.004,0.003,0.003,0.042,0.003,0.042,0.003,0.042,0.003,0.042,0.004,0.004,0.039,0.004,0.005,0.001,0.003,0.003,
0.0,0.0,0.0,0.0,0.0,0.0,0.0,0.0,0.0,0.0,0.0,0.0,0.0,0.0,0.0,0.0,0.0,0.0,0.0,0.0,0.001,0.0,0.0,0.0,0.0,0.0,0.0,0.0,-0.001,0.0,0.0,0.0,0.0,0.0,0.0,0.001,0.001,0.0,0.0,0.001,0.0,0.001,0.0,0.001,0.0,0.001,0.0,0.001,0.0,0.001,0.0,0.001,0.0,0.001,0.0,0.001,0.0,0.001,0.0,0.001,0.0,0.001,0.0,0.001,0.0,0.001,0.0,0.001,0.0,0.001,0.0,0.001,0.0,0.001,0.0,0.001,0.0,0.001,0.0,0.001,0.0,0.001,0.0,0.001,0.0,0.001,0.0,0.001,0.0,0.001,0.0,0.001,0.0,0.001,0.0,0.001,0.0,0.001,0.0,0.001,
0.0,-0.06,-0.007,-0.003,-0.003,-0.003,0.0,-0.003,0.0,-0.001,0.0,-0.003,0.0,-0.003,0.0,0.0,0.0,-0.003,0.0,-0.003,0.0,0.0,0.0,-0.003,0.0,-0.003,0.0,-0.001,0.0,-0.001,0.0,-0.003,0.0,-0.003,0.0,0.0,0.0,-0.003,0.0,-0.001,0.0,-0.001,0.0,0.0,0.0,-0.003,0.0,-0.001,0.0,0.0,0.0,-0.003,0.0,0.0,0.0,-0.003,0.0,-0.003,0.0,0.0,0.0,-0.003,0.0,-0.003,0.0,0.0,0.0,-0.003,0.0,0.0,0.0,-0.001,0.0,-0.003,0.0,0.0,0.0,-0.001,0.0,-0.003,0.0,-0.003,0.0,0.0,0.0,-0.003,0.0,-0.003,0.0,-0.003,0.0,-0.003,0.0,-0.003,0.0,-0.003,0.0,-0.003,0.0,-0.003,
-0.087,-0.137,-0.091,-0.112,-0.118,-0.145,-0.041,-0.124,-0.131,-0.125,-0.117,-0.127,-0.142,-0.127,-0.121,-0.127,-0.142,-0.127,-0.121,-0.013,-0.154,-0.099,-0.148,-0.119,-0.142,-0.127,-0.121,-0.013,-0.154,-0.099,-0.125,-0.101,-0.154,-0.101,-0.119,-0.101,-0.115,-0.099,-0.097,-0.114,-0.115,-0.127,-0.097,-0.141,-0.118,-0.094,-0.093,-0.091,-0.025,-0.128,-0.097,-0.119,-0.103,-0.088,-0.111,-0.119,-0.023,-0.159,-0.124,-0.1,-0.114,-0.116,-0.097,-0.1,-0.113,-0.122,-0.099,-0.11,-0.139,-0.007,-0.168,-0.1,-0.114,-0.119,-0.101,-0.1,-0.114,-0.119,-0.099,-0.1,-0.119,-0.007,-0.129,-0.097,-0.117,-0.099,-0.114,-0.091,-0.025,-0.128,-0.097,-0.114,-0.104,-0.087,-0.08,-0.114,-0.15,-0.006,-0.126,0.004,
-0.005,-0.003,-0.001,0.0,0.0,0.0,0.0,0.0,-0.004,0.003,0.003,0.001,0.0,0.0,0.0,-0.003,0.0,0.0,0.0,0.0,0.0,0.0,0.0,0.0,0.0,-0.004,0.003,0.001,0.0,-0.004,0.001,0.0,0.0,0.0,0.0,0.0,-0.007,0.003,0.003,0.003,0.004,0.003,0.003,0.004,0.004,0.004,0.006,0.006,0.004,0.004,0.004,0.004,0.004,0.004,0.006,0.006,0.004,0.004,0.006,0.004,0.004,0.006,0.006,0.006,0.006,0.006,0.006,0.006,0.006,0.006,0.006,0.006,0.006,0.006,0.006,0.006,0.006,0.006,0.006,0.006,0.006,0.006,0.006,0.006,0.006,0.006,0.006,0.006,0.006,0.006,0.006,0.006,0.006,0.006,0.006,0.006,0.006,0.006,0.006,0.006,
0.0,-0.008,0.0,0.0,0.0,-0.004,0.0,-0.014,-0.001,-0.001,-0.001,-0.013,0.0,-0.001,0.0,-0.008,0.0,-0.005,0.0,0.0,-0.001,-0.001,0.0,0.0,0.0,-0.001,-0.005,0.0,-0.005,0.0,-0.005,0.0,-0.005,0.0,-0.005,0.0,-0.004,0.0,-0.005,0.0,-0.005,0.0,-0.005,0.0,-0.005,-0.005,-0.005,-0.001,-0.009,-0.001,-0.008,-0.001,-0.004,-0.001,-0.003,0.0,-0.001,0.0,-0.034,0.0,0.0,0.0,0.0,0.0,-0.029,0.0,-0.021,0.0,0.0,0.0,-0.005,0.0,-0.005,0.0,-0.001,0.0,-0.001,0.0,-0.027,0.0,0.0,0.0,0.0,-0.001,-0.008,-0.001,-0.003,-0.001,-0.001,0.0,-0.004,0.0,-0.008,0.0,-0.005,-0.003,-0.005,0.0,-0.005,0.0,
0.0,0.0,0.0,0.001,0.0,0.0,-0.001,0.001,0.001,0.001,0.003,0.001,0.001,0.003,0.001,0.003,0.001,0.001,0.003,0.001,0.001,0.001,0.001,0.001,0.001,0.001,0.003,0.003,0.001,0.001,0.001,0.003,0.003,0.003,0.003,0.003,0.003,0.003,0.003,0.003,0.003,0.003,0.003,0.003,0.003,0.003,0.003,0.003,0.003,0.003,0.003,0.003,0.003,0.003,0.003,0.003,0.003,0.003,0.003,0.003,0.003,0.003,0.003,0.003,0.003,0.003,0.003,0.003,0.003,0.003,0.003,0.003,0.003,0.003,0.003,0.003,0.003,0.003,0.003,0.003,0.003,0.003,0.003,0.003,0.003,0.003,0.003,0.003,0.003,0.003,0.003,0.003,0.003,0.003,0.003,0.003,0.003,0.003,0.003,0.003,
-0.115,-0.031,0.001,0.0,0.003,0.0,0.001,0.0,0.0,0.0,0.0,0.0,0.0,0.001,0.0,0.0,-0.004,0.001,0.0,0.001,0.001,0.001,0.001,0.001,0.001,0.001,0.001,0.001,0.001,0.001,0.0,0.001,0.001,0.001,-0.001,0.001,0.001,0.001,0.001,0.001,-0.001,0.001,0.001,0.001,0.001,0.001,-0.001,0.001,0.001,0.0,0.001,0.001,0.001,0.001,0.001,0.0,0.001,0.001,0.001,0.001,0.001,0.001,0.001,0.001,0.001,0.001,0.001,0.001,0.001,0.001,0.001,0.001,0.001,0.001,0.001,0.001,0.001,0.001,0.001,0.001,0.001,0.001,0.001,0.001,0.001,0.001,0.001,0.001,0.001,0.001,0.001,0.001,0.001,0.001,0.001,0.001,0.001,0.001,0.001,0.001,
-0.083,0.024,0.0,0.0,-0.001,0.0,0.0,0.0,0.0,0.0,0.0,0.0,0.0,0.0,0.0,0.0,0.0,0.0,0.0,0.0,0.0,0.0,0.0,0.0,0.0,0.0,0.0,0.0,0.0,0.0,0.0,0.0,0.0,0.0,0.0,0.0,0.0,0.0,0.0,0.0,0.0,0.0,0.0,0.0,0.0,0.0,0.0,0.0,0.0,0.0,0.0,0.0,0.0,0.0,0.0,0.0,0.0,0.0,0.0,0.0,0.0,0.0,0.0,0.0,0.0,0.0,0.0,0.0,0.0,0.0,0.0,0.0,0.0,0.0,0.0,0.0,0.0,0.0,0.0,0.0,0.0,0.0,0.0,0.0,0.0,0.0,0.0,0.0,0.0,0.0,0.0,0.0,0.0,0.0,0.0,0.0,0.0,0.0,0.0,0.0,
-0.063,0.003,-0.001,0.0,0.0,0.0,0.0,0.0,0.0,0.0,0.0,0.0,0.0,0.0,0.0,0.0,0.001,0.0,0.0,0.0,0.0,0.0,0.0,0.0,0.0,0.0,0.0,0.0,0.0,0.0,0.0,0.0,0.0,0.0,0.0,0.0,0.001,0.001,0.001,0.001,0.0,0.001,0.001,0.001,0.001,0.0,0.0,0.0,0.001,0.0,0.0,0.0,0.0,0.0,0.0,0.0,0.0,0.0,0.0,0.0,0.0,0.0,0.0,0.0,0.0,0.001,0.0,0.0,0.001,0.001,0.001,0.0,-0.001,0.0,0.0,0.0,0.001,0.0,0.001,-0.045,0.0,0.0,0.0,0.0,0.001,0.0,0.0,0.0,0.0,0.0,0.0,0.0,0.001,0.001,0.001,0.001,0.001,0.001,0.001,0.001,
-0.03,0.008,0.034,0.0,0.003,0.0,0.037,0.045,0.038,0.034,0.038,0.041,0.046,0.037,0.001,0.0,0.0,0.001,0.0,0.001,0.001,0.001,0.0,0.001,0.0,0.001,0.0,0.001,0.003,0.001,0.004,0.035,0.039,0.035,0.042,0.045,0.038,0.038,0.042,0.037,0.035,0.038,0.046,0.042,0.046,0.042,0.043,0.043,0.039,0.046,0.043,0.041,0.046,0.042,0.043,0.042,0.042,0.045,0.043,0.038,0.047,0.041,0.042,0.045,0.043,0.046,0.043,0.046,0.041,0.043,0.042,0.045,0.042,0.046,0.046,0.038,0.047,0.045,0.039,0.045,0.042,0.047,0.043,0.046,0.048,0.038,0.046,0.042,0.048,0.042,0.048,0.046,0.038,0.045,0.042,0.047,0.046,0.038,0.045,0.042,
0.0,0.0,0.0,0.0,0.0,0.0,0.001,0.0,0.001,0.0,0.0,-0.001,0.001,0.0,0.0,0.0,0.001,0.0,0.001,0.0,0.0,0.0,0.001,0.0,0.0,0.001,0.0,0.0,0.001,0.0,0.0,0.0,0.001,0.0,0.0,0.0,0.001,0.001,0.0,0.0,0.001,0.001,0.001,0.001,0.001,0.001,0.001,0.001,0.001,0.001,0.001,0.001,0.001,0.001,0.001,0.001,0.001,0.001,0.001,0.001,0.001,0.001,0.001,0.001,0.003,0.001,0.001,0.001,0.001,0.001,0.001,0.001,0.001,0.001,0.001,0.001,0.001,0.001,0.001,0.001,0.001,0.001,0.001,0.001,0.003,0.001,0.003,0.001,0.001,0.001,0.001,0.001,0.001,0.001,0.001,0.001,0.001,0.001,0.001,0.001,
0.0,-0.006,0.0,0.0,-0.001,0.0,-0.002,0.0,-0.002,0.001,0.0,0.0,-0.001,0.0,-0.002,0.001,0.0,0.001,-0.001,0.0,-0.001,0.001,0.0,-0.001,0.001,0.0,-0.001,0.0,-0.001,0.0,-0.002,0.001,0.0,0.001,0.001,0.0,-0.001,0.0,-0.001,0.001,-0.001,0.001,-0.001,0.0,-0.001,0.001,-0.004,0.0,-0.001,0.001,-0.004,0.0,0.0,-0.001,0.001,-0.001,0.001,-0.001,0.001,0.001,0.001,0.0,-0.001,0.0,0.0,-0.001,0.001,-0.001,0.001,0.001,0.0,-0.001,0.001,-0.004,0.001,0.0,0.0,0.001,0.0,-0.001,0.0,-0.002,0.0,-0.002,0.001,0.0,0.0,-0.001,0.001,-0.004,0.0,-0.001,0.001,0.0,0.0,-0.001,-0.001,0.001,0.0,0.0,
-0.061,-0.009,0.0,0.0,0.0,0.001,-0.001,0.0,0.0,0.0,0.0,0.001,0.0,0.0,0.0,0.0,0.0,0.0,0.0,0.0,0.0,0.0,0.0,0.0,0.0,0.0,0.001,-0.003,0.0,-0.027,0.0,0.0,0.0,0.0,0.0,0.0,0.0,0.0,0.0,0.0,0.001,-0.001,0.0,0.0,0.001,0.0,0.0,0.0,0.0,0.0,0.0,0.0,0.0,0.0,0.0,0.0,0.0,0.0,0.0,0.0,0.0,0.0,0.001,0.001,0.001,0.0,0.0,0.0,0.0,0.0,0.0,0.0,0.0,0.0,0.0,0.0,0.0,0.0,0.0,0.0,0.0,0.0,0.001,0.0,0.0,0.0,0.0,0.0,0.0,0.0,0.0,0.001,0.0,0.001,0.001,0.0,0.0,0.0,0.0,0.0,
0.0,0.046,0.056,0.0,0.005,0.057,0.065,0.07,0.069,0.066,0.066,0.066,0.066,0.07,0.069,0.066,0.066,0.066,0.07,0.069,0.066,0.07,0.069,0.07,0.069,0.07,0.069,0.07,0.069,0.066,0.063,0.066,0.066,0.07,0.069,0.066,0.063,0.07,0.069,0.066,0.066,0.07,0.069,0.066,0.066,0.066,0.062,0.065,0.062,0.065,0.062,0.065,0.062,0.065,0.062,0.063,0.065,0.066,0.066,0.07,0.069,0.062,0.063,0.07,0.069,0.062,0.063,0.07,0.069,0.062,0.063,0.063,0.065,0.07,0.066,0.065,0.066,0.07,0.069,0.066,0.063,0.065,0.066,0.066,0.066,0.063,0.065,0.066,0.066,0.07,0.069,0.066,0.066,0.066,0.066,0.066,0.066,0.066,0.066,0.066,
-0.049,-0.03,0.0,-0.014,-0.09,-0.01,0.001,-0.01,-0.066,-0.007,-0.038,-0.008,-0.038,-0.008,-0.016,-0.063,-0.032,0.004,-0.01,-0.066,-0.007,0.001,-0.009,-0.066,-0.01,-0.038,-0.008,-0.038,-0.009,-0.038,-0.008,-0.016,-0.063,-0.032,0.004,-0.001,-0.066,-0.007,0.001,-0.009,-0.066,-0.01,-0.038,-0.008,-0.038,-0.008,-0.038,-0.008,-0.016,-0.064,-0.032,0.004,-0.001,-0.066,-0.007,0.001,0.0,-0.066,-0.009,-0.038,-0.009,-0.038,-0.009,-0.038,-0.009,-0.016,-0.063,-0.032,0.003,0.0,-0.066,-0.007,0.0,0.0,-0.066,0.001,-0.009,0.001,-0.027,-0.003,-0.038,-0.007,-0.011,-0.064,-0.032,0.003,-0.01,-0.066,-0.007,-0.038,-0.008,-0.038,-0.009,-0.016,-0.063,-0.032,0.004,-0.01,-0.066,0.001,
0.0,0.0,0.0,0.0,0.0,0.0,0.0,0.0,0.0,0.0,0.0,0.0,0.0,0.0,0.0,0.0,0.0,0.0,0.0,0.0,0.0,0.0,0.0,0.0,0.0,0.0,0.0,0.0,0.0,0.0,0.0,0.0,0.0,0.0,0.0,0.0,0.0,0.0,0.0,0.0,0.0,0.0,0.0,0.0,0.0,0.0,0.0,0.0,0.0,0.0,0.0,0.0,0.0,0.0,0.0,0.0,0.0,0.0,0.0,0.0,0.0,0.0,0.0,0.0,0.0,0.0,0.0,0.0,0.0,0.0,0.0,0.0,0.0,0.0,0.0,0.0,0.0,0.0,0.0,0.0,0.0,0.0,0.0,0.0,0.0,0.0,0.0,0.0,0.0,0.0,0.0,0.0,0.0,0.0,0.0,0.0,0.0,0.0,0.0,0.0,
0.0,0.0,0.0,-0.005,-0.003,0.0,-0.004,0.0,-0.004,0.0,-0.004,0.0,-0.004,0.0,-0.004,0.0,-0.004,0.0,-0.004,0.0,-0.004,0.0,-0.004,0.0,0.0,0.0,-0.004,0.0,-0.004,0.0,-0.004,0.0,0.0,0.0,-0.004,0.0,-0.004,0.0,-0.004,0.0,-0.004,0.0,-0.004,0.0,-0.004,0.0,-0.004,0.0,-0.004,0.0,-0.004,0.0,-0.004,0.0,-0.004,0.0,-0.004,0.0,-0.004,0.0,-0.004,0.0,-0.004,0.0,-0.004,0.0,-0.004,0.0,-0.004,0.0,-0.004,0.0,-0.004,0.0,-0.004,0.0,-0.004,0.0,-0.004,0.0,-0.004,0.0,-0.004,0.0,-0.004,0.0,-0.004,0.0,-0.004,0.0,-0.004,0.0,-0.004,0.0,-0.004,0.0,-0.004,0.0,-0.004,0.0,
-0.093,-0.056,0.007,-0.216,0.009,-0.206,0.021,-0.212,0.019,-0.216,0.004,-0.202,0.018,-0.212,0.007,-0.004,-0.017,0.001,-0.007,0.001,-0.001,0.0,-0.211,0.019,-0.207,0.019,-0.014,0.0,0.0,0.001,-0.219,0.009,-0.227,0.015,-0.221,0.025,-0.231,-0.013,-0.203,0.019,-0.014,0.001,-0.238,0.009,0.001,0.0,-0.006,0.001,0.0,0.0,0.001,0.0,-0.01,0.001,0.0,-0.001,-0.01,0.0,-0.211,0.007,-0.207,0.019,-0.016,-0.012,-0.22,0.02,-0.034,0.0,-0.011,-0.009,-0.03,0.001,-0.216,0.022,0.0,0.0,-0.013,0.001,-0.016,0.001,-0.007,0.0,-0.212,0.009,-0.231,0.021,-0.208,-0.009,-0.224,-0.004,-0.216,0.019,-0.216,0.021,-0.212,0.007,-0.239,0.007,-0.222,0.019,
-0.067,0.001,0.0,0.0,0.0,0.0,0.0,0.0,0.0,0.0,0.0,0.0,0.0,0.0,0.0,0.0,0.0,0.0,0.0,0.0,0.0,0.0,0.0,0.0,0.0,0.0,0.0,0.0,0.0,0.0,0.0,0.0,0.0,0.0,0.0,0.0,0.0,0.0,0.0,0.0,0.0,0.0,0.0,0.0,0.0,0.0,0.0,0.0,0.001,0.001,0.0,0.001,0.001,0.0,0.0,0.0,0.0,0.0,0.001,0.001,0.0,0.001,0.0,0.0,0.0,0.0,0.0,0.0,0.0,0.001,0.001,0.001,0.001,0.001,0.001,0.001,0.001,0.001,0.001,0.001,0.001,0.001,0.001,0.001,0.001,0.001,0.001,0.001,0.001,0.001,0.001,0.001,0.001,0.001,0.001,0.001,0.001,0.001,0.001,0.001,
0.0,0.0,-0.004,-0.003,-0.001,-0.089,0.0,-0.088,-0.004,-0.089,-0.004,-0.089,-0.004,-0.089,-0.004,-0.089,0.0,-0.078,-0.001,-0.089,-0.004,-0.089,-0.004,-0.077,0.0,-0.089,0.0,-0.088,0.0,-0.088,0.0,-0.078,-0.001,-0.089,0.0,-0.088,-0.004,-0.089,0.0,-0.078,0.0,-0.003,-0.003,-0.003,-0.003,-0.003,-0.003,-0.003,-0.003,-0.003,0.0,0.0,0.0,-0.079,0.0,0.0,-0.001,-0.088,0.0,-0.087,0.0,-0.089,-0.005,-0.089,0.0,-0.087,-0.005,-0.089,-0.005,-0.089,0.0,0.0,0.0,-0.074,0.0,-0.088,-0.004,-0.089,-0.005,-0.089,0.0,0.0,0.0,-0.001,0.0,-0.081,-0.005,-0.089,0.0,-0.081,-0.004,-0.078,0.0,-0.078,0.0,-0.087,-0.005,-0.089,0.0,-0.087,
-0.085,0.004,0.0,-0.003,0.0,0.0,-0.04,0.0,-0.028,0.0,0.0,0.001,0.0,-0.04,0.0,0.001,-0.025,0.0,0.0,0.0,0.001,0.001,0.001,0.001,0.0,0.0,0.0,0.0,0.001,0.001,0.001,0.001,0.001,0.001,0.001,0.001,0.003,0.003,-0.012,0.001,0.0,-0.029,0.001,0.0,0.0,0.0,0.001,0.0,0.0,0.001,0.0,0.0,0.001,0.001,0.001,0.001,0.001,0.003,0.003,0.001,0.003,0.003,0.003,0.003,0.001,0.001,0.001,0.001,0.001,0.001,0.001,0.001,0.003,0.001,0.001,0.001,0.001,0.001,0.001,0.001,0.001,0.003,0.003,0.003,0.001,0.001,0.001,0.0,0.001,0.0,0.001,0.0,0.0,0.001,0.0,0.001,0.001,0.001,0.001,0.001,
0.0,-0.015,-0.017,0.0,0.0,0.0,0.0,0.0,0.0,0.0,0.0,0.0,0.0,0.0,0.0,0.0,0.0,0.0,0.0,0.0,0.0,0.0,0.0,0.0,0.0,0.0,0.0,0.0,0.0,0.0,0.0,0.0,0.0,0.0,0.0,0.0,0.0,0.0,0.0,0.0,0.0,0.0,0.0,0.0,0.0,0.0,0.0,0.0,0.0,0.0,0.0,0.0,0.0,0.0,0.0,0.0,0.0,0.0,0.0,0.0,0.0,0.0,0.0,0.0,0.0,0.0,0.0,0.0,0.0,0.0,0.0,0.0,0.0,0.0,0.0,0.0,0.0,0.0,0.0,0.0,0.0,0.0,0.0,0.0,0.0,0.0,0.0,0.0,0.0,0.0,0.0,0.0,0.0,0.0,0.0,0.0,0.0,0.0,0.0,0.0,
-0.006,0.046,-0.001,-0.008,0.008,0.003,0.001,-0.004,-0.021,0.003,-0.041,0.001,-0.001,-0.04,0.001,0.041,0.0,0.001,0.001,0.001,-0.007,0.004,-0.022,0.001,-0.004,0.0,-0.022,0.036,-0.037,0.004,0.001,-0.041,0.001,0.001,0.0,-0.012,0.003,-0.022,0.004,0.005,-0.001,0.001,0.001,0.001,0.026,0.003,0.001,0.003,0.005,0.007,0.004,0.001,-0.035,-0.004,0.001,-0.036,-0.01,-0.034,-0.016,-0.021,0.004,-0.003,-0.005,0.003,-0.022,0.004,0.035,0.0,0.001,0.003,-0.03,0.003,0.006,0.0,-0.022,0.005,-0.016,0.003,0.004,0.0,-0.023,0.036,0.001,0.003,0.001,-0.041,0.001,0.001,-0.017,0.004,0.001,0.001,0.004,0.005,0.005,0.001,0.004,0.001,0.003,0.001,
0.0,-0.03,-0.031,0.0,-0.005,0.0,0.0,0.0,0.0,0.0,0.0,0.0,0.0,0.0,0.0,0.0,0.0,0.0,0.0,0.0,0.0,0.0,0.0,0.0,0.0,0.0,0.0,0.0,0.0,0.0,0.0,0.001,0.0,-0.004,0.0,0.0,0.0,0.0,0.0,0.0,0.0,0.0,0.0,0.001,0.0,-0.004,0.0,0.0,0.0,0.001,0.0,-0.004,0.0,0.001,0.0,-0.004,0.0,0.0,0.0,0.001,0.0,-0.004,0.0,0.0,0.0,0.0,0.0,0.0,0.0,0.0,0.0,0.0,0.0,0.0,0.0,0.0,0.0,0.0,0.0,0.0,0.0,0.0,0.0,0.0,0.0,0.0,0.0,0.0,0.0,0.0,0.0,0.0,0.0,0.0,0.0,0.0,0.0,0.0,0.0,0.0,
-0.047,-0.026,0.003,0.003,0.001,0.004,0.006,0.006,0.006,0.003,0.001,0.0,0.001,0.001,0.003,0.003,0.006,0.004,0.003,0.003,0.003,0.003,0.003,0.003,0.003,0.003,0.003,0.003,0.003,0.003,0.003,0.003,0.003,0.003,0.003,0.003,0.003,0.003,0.003,0.003,0.003,0.003,0.003,0.003,0.003,0.003,0.003,0.003,0.003,0.003,0.003,0.003,0.003,0.003,0.003,0.003,0.003,0.003,0.003,0.003,0.003,0.003,0.003,0.003,0.003,0.003,0.003,0.003,0.003,0.003,0.003,0.003,0.003,0.003,0.003,0.003,0.003,0.003,0.003,0.003,0.003,0.003,0.003,0.003,0.003,0.003,0.003,0.003,0.003,0.003,0.003,0.003,0.003,0.003,0.003,0.003,0.003,0.003,0.003,0.003,
-0.026,-0.176,0.044,-0.174,-0.041,-0.132,-0.092,-0.07,-0.029,-0.108,0.016,-0.149,-0.021,-0.121,-0.028,-0.079,-0.027,-0.147,-0.021,-0.14,-0.042,-0.075,-0.026,-0.084,-0.022,-0.135,-0.003,-0.102,0.013,-0.121,-0.003,-0.113,0.017,-0.105,0.012,-0.123,0.017,-0.134,0.015,-0.134,-0.023,-0.13,-0.022,-0.097,-0.019,-0.081,-0.024,-0.077,0.041,-0.116,-0.024,-0.136,-0.039,-0.129,-0.004,-0.131,-0.005,-0.132,0.012,-0.13,-0.022,-0.13,0.045,-0.136,-0.023,-0.13,-0.024,-0.129,-0.071,-0.009,-0.141,-0.022,-0.127,-0.064,-0.079,-0.017,-0.13,-0.054,-0.029,-0.118,-0.031,-0.11,0.044,-0.131,-0.05,-0.112,-0.067,-0.104,0.017,-0.109,-0.053,0.063,-0.105,-0.004,-0.115,0.041,-0.129,-0.051,-0.132,0.035,
-0.029,0.0,-0.001,0.0,0.001,0.001,0.001,-0.05,0.0,0.001,0.0,0.0,0.001,0.001,0.001,0.001,0.001,0.001,0.0,0.001,0.001,0.001,0.001,0.001,0.001,0.001,0.001,0.001,0.001,0.001,0.001,0.001,0.0,0.001,0.001,0.001,0.001,0.001,0.001,0.001,0.001,0.001,0.001,0.0,0.001,0.0,0.001,0.001,0.001,0.001,0.001,0.001,0.0,0.0,0.001,0.001,0.0,0.001,0.001,0.001,0.001,0.001,0.001,0.001,0.0,0.001,0.0,0.001,0.001,0.001,0.001,0.0,0.001,0.0,0.001,0.001,0.001,0.001,0.001,0.0,0.001,0.001,0.0,0.001,0.001,0.0,0.001,0.001,0.0,0.001,0.001,0.001,0.001,0.001,0.001,0.001,0.0,0.001,0.001,0.0,
-0.147,0.011,0.0,-0.011,-0.003,-0.008,-0.003,-0.005,-0.003,-0.005,-0.003,-0.005,-0.003,-0.005,-0.003,-0.005,-0.003,-0.005,-0.003,-0.005,-0.003,-0.005,-0.003,-0.005,-0.003,-0.005,-0.003,-0.005,-0.003,-0.005,-0.003,-0.005,-0.003,-0.005,-0.003,-0.005,-0.003,-0.005,-0.003,-0.005,-0.003,-0.005,-0.003,-0.005,-0.003,-0.005,-0.003,-0.005,-0.003,-0.005,-0.003,-0.005,-0.003,-0.005,-0.003,-0.005,-0.003,-0.005,-0.003,-0.005,-0.003,-0.005,-0.003,-0.005,-0.003,-0.005,-0.003,-0.005,-0.003,-0.005,-0.003,-0.005,-0.003,-0.005,-0.003,-0.005,-0.003,-0.005,-0.003,-0.005,-0.003,-0.005,-0.003,-0.005,-0.003,-0.005,-0.003,-0.005,-0.003,-0.005,-0.003,-0.005,-0.003,-0.005,-0.003,-0.005,-0.003,-0.005,-0.003,-0.005,
-0.162,0.0,-0.002,-0.011,-0.016,-0.073,-0.014,-0.016,-0.005,-0.068,0.0,-0.085,0.0,-0.067,0.0,-0.05,0.0,-0.085,0.0,-0.044,0.0,-0.07,0.0,-0.085,0.0,-0.068,-0.016,-0.074,-0.014,0.0,-0.002,-0.008,-0.086,0.0,-0.09,0.0,-0.095,0.0,-0.002,-0.057,-0.016,-0.074,0.0,-0.085,0.0,-0.049,-0.006,-0.006,-0.016,-0.073,-0.034,0.0,-0.085,-0.002,-0.107,0.0,-0.074,0.0,-0.085,0.0,-0.089,0.0,-0.002,-0.057,0.0,-0.085,0.0,-0.085,0.0,-0.044,0.0,-0.085,0.0,-0.067,0.0,-0.052,-0.005,-0.064,-0.002,-0.054,0.0,-0.074,-0.016,-0.047,0.0,-0.006,-0.003,-0.028,-0.019,-0.073,-0.016,-0.074,-0.014,-0.016,-0.005,-0.068,0.0,-0.006,-0.003,-0.028,
-0.047,-0.1,0.005,0.001,0.0,0.0,-0.001,-0.001,0.0,0.0,0.0,0.0,0.0,0.0,0.0,0.0,0.0,0.0,0.0,0.0,0.0,0.0,0.0,0.0,0.0,0.0,0.0,0.0,0.0,0.0,0.0,0.0,0.0,0.0,0.0,0.0,0.0,0.0,0.0,0.0,0.0,0.0,0.0,0.0,0.0,0.0,0.0,0.0,0.0,0.0,0.0,0.0,0.0,0.0,0.0,0.0,0.0,0.0,0.0,0.0,0.0,0.0,0.0,0.0,0.0,0.0,0.0,0.0,0.0,0.0,0.0,0.0,0.0,0.0,0.0,0.0,0.0,0.0,0.0,0.0,0.0,0.0,0.0,0.0,0.0,0.0,0.0,0.0,0.0,0.0,0.0,0.0,0.0,0.0,0.028,0.031,-0.001,0.0,0.0,0.0,
-0.072,-0.108,-0.051,0.0,-0.006,0.0,-0.006,0.0,-0.006,0.0,-0.006,0.0,-0.006,0.0,-0.006,0.0,-0.006,0.0,-0.006,0.0,-0.006,0.0,-0.006,0.0,-0.006,0.0,-0.006,0.0,-0.006,0.0,-0.006,0.0,-0.006,0.0,-0.006,0.0,-0.006,0.0,-0.006,0.0,-0.006,0.0,-0.006,0.0,-0.006,0.0,-0.006,0.0,-0.006,0.0,-0.006,0.0,-0.006,0.0,-0.006,0.0,-0.006,0.0,-0.006,0.0,-0.006,0.0,-0.006,0.0,-0.006,0.0,-0.006,0.0,-0.006,0.0,-0.006,0.0,-0.006,0.0,-0.006,0.0,-0.006,0.0,-0.006,0.0,-0.006,0.0,-0.006,0.0,-0.006,0.0,-0.006,0.0,-0.006,0.0,-0.006,0.0,-0.006,0.0,-0.006,0.0,-0.006,0.0,-0.006,0.0,
0.0,-0.023,-0.118,0.0,0.001,0.0,0.0,0.001,0.0,0.0,0.0,-0.004,-0.032,-0.001,0.0,-0.006,0.003,-0.012,0.0,-0.03,0.0,0.001,0.0,0.001,0.0,0.001,0.0,0.0,0.0,-0.03,0.0,0.0,0.0,-0.001,-0.03,-0.061,0.0,-0.062,0.0,0.0,0.0,-0.083,0.0,0.001,-0.03,0.0,0.0,-0.005,0.001,-0.078,0.0,-0.066,0.0,-0.055,0.0,-0.062,0.0,-0.067,0.0,-0.085,0.0,-0.004,0.0,0.0,0.0,0.0,0.0,-0.004,0.0,-0.001,0.0,-0.004,0.0,-0.004,0.0,-0.004,0.0,-0.004,0.0,0.0,0.0,0.001,0.0,0.0,0.0,0.001,0.0,-0.066,0.0,-0.085,0.0,0.001,-0.02,0.0,0.0,-0.001,0.0,-0.018,-0.03,-0.081,
-0.089,-0.003,0.042,0.042,0.03,-0.009,0.0,0.003,0.001,0.003,0.003,0.001,0.001,-0.013,-0.004,0.003,0.001,0.001,0.0,0.003,-0.011,0.001,0.003,0.001,0.001,0.003,-0.01,-0.007,0.001,0.003,0.003,0.003,0.003,0.003,0.003,0.003,0.003,0.003,0.003,-0.017,0.007,-0.025,-0.007,0.003,-0.004,0.0,0.004,-0.001,0.003,0.001,0.003,0.004,0.004,0.0,0.003,-0.004,0.003,0.0,0.003,0.003,0.003,0.004,0.003,0.003,0.004,0.0,0.003,0.004,0.0,0.003,0.003,0.004,-0.001,0.004,0.003,0.004,-0.001,0.003,0.003,0.004,-0.007,0.003,0.003,0.004,0.004,0.004,0.004,0.004,0.004,0.004,0.004,0.004,0.004,0.004,0.004,0.004,0.004,0.004,0.004,0.006,
-0.16,-0.228,0.005,-0.014,0.0,0.0,-0.003,0.0,-0.003,0.0,-0.003,0.0,-0.003,0.0,-0.003,0.0,-0.003,0.0,-0.003,0.0,-0.003,0.0,-0.003,0.0,-0.003,0.0,-0.003,0.0,-0.003,0.0,-0.003,0.0,-0.003,0.0,-0.003,0.0,-0.003,0.0,-0.003,0.0,-0.003,0.0,-0.003,0.0,-0.003,0.0,-0.003,0.0,-0.003,0.0,-0.003,0.0,-0.003,0.0,-0.003,0.0,-0.003,0.0,-0.003,0.0,-0.003,0.0,-0.003,0.0,-0.003,0.0,-0.003,0.0,-0.003,0.0,-0.003,0.0,-0.003,0.0,-0.003,0.0,-0.003,0.0,-0.003,0.0,-0.003,0.0,-0.003,0.0,-0.003,0.0,-0.003,0.0,-0.003,0.0,-0.003,0.0,-0.003,0.0,-0.003,0.0,-0.003,0.0,-0.003,0.0,
-0.048,0.018,0.0,0.0,0.002,0.003,0.003,0.003,0.003,0.003,0.003,0.003,0.003,0.003,0.003,0.003,0.003,0.003,0.003,0.003,0.003,0.003,0.003,0.003,0.003,0.003,0.003,0.003,0.003,0.003,0.003,0.003,0.003,0.003,0.003,0.003,0.003,0.003,0.003,0.003,0.003,0.003,0.003,0.003,0.003,0.003,0.003,0.003,0.003,0.003,0.003,0.003,0.003,0.003,0.003,0.003,0.003,0.003,0.003,0.003,0.003,0.003,0.003,0.003,0.003,0.003,0.003,0.003,0.003,0.003,0.003,0.003,0.003,0.003,0.003,0.003,0.003,0.003,0.003,0.003,0.003,0.003,0.003,0.003,0.003,0.003,0.003,0.003,0.003,0.003,0.003,0.003,0.003,0.003,0.003,0.003,0.003,0.003,0.003,0.003,
-0.08,-0.046,-0.088,-0.03,-0.015,-0.102,0.007,-0.104,0.009,-0.125,0.009,-0.124,0.029,-0.125,0.009,-0.113,0.033,-0.117,0.009,-0.124,0.009,-0.106,0.009,-0.112,0.009,0.0,-0.117,0.022,-0.108,-0.099,0.004,-0.125,0.007,-0.126,0.007,-0.12,0.009,-0.127,-0.099,-0.102,-0.07,0.003,-0.12,-0.089,0.007,-0.12,0.023,-0.125,0.033,-0.123,0.036,-0.093,0.042,-0.12,0.007,0.026,0.03,-0.113,0.009,0.023,-0.124,0.013,-0.101,0.038,-0.101,0.042,-0.101,0.042,-0.101,0.042,-0.101,0.042,-0.101,0.042,-0.101,0.042,-0.101,0.042,-0.101,0.042,-0.101,0.042,-0.101,0.042,-0.101,0.042,-0.101,0.042,-0.101,0.042,-0.101,0.042,-0.101,0.042,-0.101,0.042,-0.101,0.042,-0.101,0.038,
-0.057,0.0,0.008,-0.033,0.016,0.001,0.008,0.008,0.005,0.013,0.01,0.004,0.056,-0.001,0.012,0.008,0.007,0.003,0.004,0.005,-0.044,0.054,-0.001,-0.036,0.015,0.057,0.043,0.005,0.007,0.004,0.012,-0.044,0.046,-0.044,0.004,0.007,0.011,0.013,0.008,0.007,0.051,-0.003,-0.031,0.016,0.051,-0.003,0.012,0.001,0.012,0.001,0.013,0.001,0.013,0.001,0.013,0.001,0.013,0.004,0.011,0.011,0.001,0.008,0.008,0.005,0.013,0.001,0.009,0.008,0.004,0.013,0.001,0.008,0.008,0.005,0.013,0.001,0.009,0.008,0.005,0.013,0.001,0.009,0.008,0.005,0.013,0.001,0.009,0.008,0.005,0.013,0.001,0.009,0.008,0.005,0.013,0.001,0.009,0.008,0.005,0.056,
0.0,-0.001,0.008,0.002,-0.032,-0.101,0.002,0.003,0.005,0.005,0.003,-0.044,-0.091,0.002,0.005,0.002,-0.047,-0.1,-0.096,0.003,-0.047,-0.1,0.003,0.003,0.005,0.005,0.003,-0.047,-0.098,0.002,0.005,0.003,0.005,0.005,0.005,0.003,0.003,-0.048,-0.106,-0.002,0.003,0.0,0.005,0.003,-0.045,0.002,0.003,0.003,0.005,0.003,0.005,0.003,-0.045,0.002,0.005,0.002,0.005,0.005,0.0,0.002,0.005,0.02,0.022,0.02,-0.019,0.019,0.02,0.02,0.022,0.02,-0.019,-0.078,0.019,0.022,0.02,0.022,0.02,0.022,0.02,0.02,-0.021,0.02,-0.021,0.019,0.02,0.02,-0.019,0.019,0.019,0.02,0.02,0.018,0.022,0.018,-0.019,0.019,0.02,0.022,0.02,0.022,
-0.111,0.002,-0.001,0.0,0.002,0.002,0.002,0.002,0.002,0.002,0.0,0.002,0.0,0.002,0.0,0.002,0.002,0.0,0.0,0.0,0.0,0.0,0.002,0.0,0.0,0.0,0.002,0.002,0.008,0.008,0.0,0.002,0.002,0.002,0.0,0.002,0.002,0.002,0.002,0.002,0.002,0.002,0.002,0.002,0.002,0.002,0.002,0.0,0.002,0.002,0.002,0.002,0.002,0.002,0.002,0.002,0.002,0.002,0.002,0.002,0.002,0.002,0.002,0.002,0.002,0.002,0.002,0.002,0.002,0.002,0.002,0.002,0.002,0.002,0.002,0.002,0.002,0.002,0.002,0.002,0.002,0.002,0.002,0.002,0.002,0.002,0.002,0.002,0.002,0.002,0.002,0.002,0.002,0.002,0.002,0.002,0.002,0.002,0.002,0.002,
-0.119,-0.029,0.0,0.0,-0.007,-0.001,0.0,0.0,0.0,0.0,0.0,0.0,0.0,0.0,0.0,0.0,0.0,0.0,0.0,0.0,0.0,0.0,0.0,0.0,0.0,0.0,0.0,0.0,0.0,0.0,0.0,0.0,0.0,0.0,0.0,0.0,0.0,0.0,0.0,0.0,0.0,0.0,0.0,0.0,0.0,0.0,0.0,0.0,0.0,0.0,0.0,0.0,0.0,0.0,0.0,0.0,0.0,0.0,0.0,0.0,0.0,0.0,-0.006,-0.003,-0.001,-0.001,0.0,0.0,0.0,0.0,0.0,0.0,0.0,0.0,0.0,0.0,0.0,0.0,0.0,0.0,0.0,0.0,0.0,0.0,0.0,0.0,0.0,0.0,0.0,0.0,0.0,0.0,0.0,0.0,0.0,0.0,0.0,0.0,0.0,0.0,
0.0,-0.063,0.001,0.0,-0.006,-0.04,-0.006,-0.04,-0.006,-0.04,-0.006,-0.04,-0.006,-0.04,-0.006,-0.04,-0.006,-0.04,-0.006,-0.04,-0.006,-0.04,-0.006,-0.04,-0.006,-0.04,-0.006,-0.04,-0.006,-0.04,-0.006,-0.04,-0.006,-0.04,-0.006,-0.04,-0.006,-0.04,-0.006,-0.04,-0.006,-0.04,-0.006,-0.04,-0.006,-0.04,-0.006,-0.04,-0.006,-0.04,-0.006,-0.04,-0.006,-0.04,-0.006,-0.04,-0.006,-0.04,-0.006,-0.04,-0.006,-0.04,-0.006,-0.04,-0.006,-0.04,-0.006,-0.04,-0.006,-0.04,-0.006,-0.04,-0.006,-0.04,-0.006,-0.04,-0.006,-0.04,-0.006,-0.04,-0.006,-0.04,-0.006,-0.04,-0.006,-0.04,-0.006,-0.04,-0.006,-0.04,-0.006,-0.04,-0.006,-0.04,-0.006,-0.04,-0.006,-0.04,-0.006,-0.04,
0.0,0.002,0.0,0.0,-0.001,-0.001,0.003,0.0,0.001,0.003,0.0,0.001,0.0,0.003,0.003,0.0,0.001,0.001,0.003,0.001,0.001,0.001,0.003,0.001,0.003,0.0,0.003,0.0,0.001,0.0,0.0,-0.001,0.003,0.003,0.001,0.003,0.001,0.0,0.001,0.003,0.003,0.003,0.004,0.003,0.003,0.003,0.001,0.003,0.003,0.0,0.003,0.001,0.003,0.003,0.003,0.003,0.003,0.003,0.003,0.001,0.001,0.003,0.001,0.003,0.003,0.0,0.0,0.001,0.003,0.003,0.001,0.0,0.003,0.003,0.003,0.003,0.003,0.003,0.001,0.003,0.003,0.003,0.0,0.0,0.001,0.003,0.003,0.001,0.0,0.003,0.003,0.0,0.001,0.003,0.003,0.003,0.003,0.003,0.0,0.001,
-0.076,-0.123,-0.1,-0.144,-0.137,-0.133,-0.129,-0.135,-0.13,-0.15,-0.133,-0.162,-0.138,-0.157,-0.118,-0.163,-0.136,-0.162,-0.141,-0.149,-0.134,-0.136,-0.146,-0.141,-0.141,-0.134,-0.147,-0.069,-0.191,-0.133,-0.129,-0.133,-0.153,-0.162,-0.138,-0.156,-0.136,-0.163,-0.135,-0.155,0.008,-0.199,-0.051,-0.189,-0.134,-0.136,-0.145,-0.133,-0.155,-0.139,-0.145,-0.134,-0.148,-0.133,-0.154,-0.133,-0.16,-0.128,-0.155,-0.136,-0.147,-0.162,-0.136,-0.135,-0.099,-0.144,-0.136,-0.145,-0.145,-0.116,-0.143,-0.147,-0.131,-0.061,-0.191,-0.139,-0.161,-0.149,-0.155,-0.161,-0.147,-0.162,-0.146,-0.134,-0.14,-0.134,-0.147,-0.158,-0.134,-0.135,-0.136,-0.153,-0.134,-0.136,-0.139,-0.128,-0.139,-0.137,-0.149,0.003,
-0.052,0.001,-0.004,0.0,-0.006,0.001,-0.003,0.001,-0.001,-0.006,0.001,-0.003,-0.001,-0.006,0.0,-0.001,0.0,-0.001,-0.004,0.001,0.013,0.013,0.013,0.013,0.013,0.013,0.013,0.013,0.013,0.013,0.013,0.013,0.013,0.013,0.013,0.013,0.013,0.013,0.013,0.013,0.013,0.013,0.013,0.013,0.013,0.013,0.013,0.013,0.013,0.013,0.013,0.013,0.013,0.013,0.013,0.013,0.013,0.013,0.013,0.013,0.013,0.013,0.013,0.013,0.013,0.013,0.013,0.013,0.013,0.013,0.013,0.013,0.013,0.013,0.013,0.013,0.013,0.013,0.013,0.013,0.013,0.013,0.013,0.013,0.013,0.013,0.013,0.013,0.013,0.013,0.013,0.013,0.013,0.013,0.013,0.013,0.013,0.013,0.013,0.013,
-0.155,0.015,-0.022,0.002,0.002,0.002,0.002,0.002,0.002,0.002,0.002,0.002,0.002,0.002,0.002,0.002,0.002,0.002,0.002,0.002,0.002,0.002,0.002,0.002,0.002,0.002,0.002,0.002,0.002,0.002,0.002,0.003,0.002,0.002,0.002,0.002,0.002,0.003,0.002,0.002,0.002,0.002,0.002,0.002,0.002,0.002,0.002,0.003,0.002,0.002,0.002,0.002,0.002,0.002,0.002,0.002,0.002,0.002,0.002,0.002,0.003,0.002,0.002,0.002,0.002,0.002,0.002,0.002,0.002,0.002,0.002,0.003,0.003,0.003,0.003,0.002,0.002,0.002,0.002,0.002,0.003,0.003,0.002,0.002,0.003,0.002,0.002,0.002,0.002,0.002,0.002,0.003,0.002,0.002,0.002,0.002,0.002,0.002,0.002,0.002,
0.0,-0.062,0.008,-0.03,-0.003,0.001,-0.001,0.0,0.0,0.001,-0.022,-0.023,-0.001,0.0,0.0,0.001,0.0,0.001,-0.017,-0.024,0.0,0.003,0.0,0.001,0.001,0.001,0.0,0.0,0.0,0.003,0.0,0.0,0.0,0.0,0.0,0.0,-0.001,0.001,0.001,-0.019,0.003,0.001,0.0,-0.004,-0.001,0.001,-0.023,-0.02,0.0,0.003,-0.001,0.0,-0.024,-0.015,-0.001,0.0,0.0,0.0,0.0,0.0,0.0,0.0,0.0,0.003,-0.008,-0.022,0.0,0.0,0.0,0.0,0.0,0.0,-0.001,-0.028,-0.023,0.0,0.0,0.0,0.0,0.0,-0.025,-0.017,0.0,0.003,0.0,0.0,0.0,0.0,0.0,0.003,0.0,0.0,0.0,0.003,0.001,-0.027,-0.001,0.0,0.0,0.0,
-0.119,0.011,0.013,0.0,-0.002,0.0,0.0,0.0,0.0,0.0,0.0,0.0,0.0,0.0,0.0,0.0,0.0,0.0,0.0,0.0,0.0,0.0,0.002,0.0,0.0,0.0,0.0,0.0,0.0,0.0,0.0,0.0,0.0,0.0,0.0,0.0,0.0,0.0,0.0,0.0,0.0,0.0,0.0,0.0,0.0,0.0,0.0,0.0,0.0,0.0,0.0,0.0,0.0,0.0,0.0,0.0,0.0,0.0,0.0,0.0,0.0,0.0,0.0,0.0,0.0,0.0,0.0,0.0,0.0,0.0,0.002,0.0,0.0,0.0,0.0,0.0,0.0,0.0,0.0,0.002,0.0,0.0,0.0,0.0,0.0,0.0,0.0,0.0,0.0,0.0,0.002,0.0,0.0,0.0,0.0,0.0,0.0,0.0,0.0,0.0,
0.0,0.0,-0.043,-0.017,0.0,0.0,0.0,0.0,0.0,0.0,0.0,0.0,0.0,0.0,0.0,0.0,0.0,0.0,0.0,0.0,0.0,0.0,0.0,0.0,0.0,0.0,0.0,0.0,0.0,0.0,0.0,0.0,0.0,0.0,0.0,0.0,0.0,0.0,0.0,0.0,0.0,0.0,0.0,0.0,0.0,0.0,0.0,0.0,0.0,0.0,0.0,0.0,0.0,0.0,0.0,0.0,0.0,0.0,0.0,0.0,0.0,0.0,0.0,0.0,0.0,0.0,0.0,0.0,0.0,0.0,0.0,0.0,0.0,0.0,0.0,0.0,0.0,0.0,0.0,0.0,0.0,0.0,0.0,0.0,0.0,0.0,0.0,0.0,0.0,0.0,0.0,0.0,0.0,0.0,0.0,0.0,0.0,0.0,0.0,0.0,
-0.043,-0.024,0.001,0.0,0.003,0.004,0.003,0.0,0.003,0.003,0.003,0.0,0.0,0.001,-0.003,0.001,0.003,0.003,0.001,0.0,0.003,0.0,0.006,0.001,0.0,0.0,0.001,0.001,0.001,0.001,-0.009,0.0,0.003,0.0,-0.009,0.001,0.001,0.003,0.004,0.004,0.003,0.006,0.001,-0.012,0.0,0.003,0.001,0.039,0.004,0.001,0.0,0.003,0.039,0.001,-0.013,0.0,0.001,0.003,0.003,0.001,0.0,0.003,0.003,0.004,0.001,-0.01,0.001,0.001,0.001,0.001,0.039,0.003,0.0,0.001,0.001,0.039,0.001,0.001,-0.01,0.001,0.0,0.003,0.001,0.003,0.003,-0.001,0.001,0.001,0.006,0.003,0.004,0.004,0.003,0.003,0.003,0.004,0.003,0.04,0.034,0.003,
-0.072,-0.129,-0.012,-0.054,-0.222,-0.046,0.0,-0.03,-0.013,-0.05,0.0,-0.03,-0.22,-0.043,-0.017,-0.019,-0.054,-0.05,-0.217,-0.046,-0.052,0.0,-0.051,-0.05,-0.224,-0.047,0.0,-0.051,0.0,-0.051,-0.227,-0.019,-0.03,0.0,0.0,-0.004,0.0,-0.054,-0.227,-0.047,-0.22,-0.045,-0.228,-0.047,-0.227,-0.047,-0.228,-0.047,-0.227,-0.019,-0.224,-0.047,0.0,-0.05,-0.224,-0.045,0.0,-0.05,-0.228,-0.047,-0.01,0.0,-0.052,0.0,0.0,-0.004,0.0,-0.004,-0.032,-0.217,-0.018,-0.052,-0.217,-0.045,-0.051,-0.05,0.0,0.0,-0.004,0.0,-0.004,0.0,-0.003,-0.051,-0.051,-0.219,-0.045,-0.227,0.0,-0.227,0.0,-0.06,-0.045,-0.222,-0.047,-0.222,-0.047,-0.222,-0.047,-0.073,
-0.131,0.008,-0.003,-0.033,-0.007,-0.14,0.011,0.0,0.002,0.002,0.002,0.002,0.002,0.002,0.002,0.002,0.002,0.002,0.002,0.002,0.002,0.002,0.002,0.002,0.002,0.002,0.002,0.002,0.002,0.002,0.002,0.002,0.002,0.002,0.002,0.002,0.002,0.002,0.002,0.002,0.002,0.002,0.002,0.002,0.002,0.002,0.002,0.002,0.002,0.002,0.002,0.002,0.002,0.002,0.002,0.002,0.002,0.002,0.002,0.002,0.002,0.002,0.002,0.002,0.002,0.002,0.002,0.002,0.002,0.002,0.002,0.002,0.002,0.002,0.002,0.002,0.002,0.002,0.002,0.002,0.002,0.002,0.002,0.002,0.002,0.002,0.002,0.002,0.002,0.002,0.002,0.002,0.002,0.002,0.002,0.002,0.002,0.002,0.002,0.002,
-0.141,0.01,0.0,0.0,0.0,0.002,0.002,0.002,0.002,0.002,0.0,0.0,0.0,-0.002,0.0,0.002,0.002,0.002,0.002,0.002,0.002,0.002,0.002,0.002,0.0,0.002,0.0,0.002,0.002,0.002,0.0,0.002,0.002,0.002,0.0,0.002,0.002,0.002,0.002,0.002,0.002,0.002,0.002,0.003,0.002,0.003,0.002,0.003,0.002,0.003,0.002,0.003,0.002,0.003,0.002,0.003,0.002,0.003,0.002,0.003,0.002,0.003,0.002,0.003,0.002,0.003,0.002,0.003,0.002,0.003,0.002,0.003,0.002,0.003,0.002,0.003,0.002,0.003,0.002,0.003,0.002,0.003,0.002,0.003,0.002,0.003,0.002,0.003,0.002,0.003,0.002,0.003,0.002,0.003,0.002,0.003,0.002,0.003,0.002,0.003,
-0.025,0.015,0.0,0.0,0.003,0.004,0.007,0.004,0.003,0.004,0.003,0.004,0.047,0.0,0.008,0.004,0.004,0.004,0.004,0.004,0.004,0.004,0.01,0.003,0.003,0.003,0.004,0.003,0.004,0.003,0.004,0.004,0.01,0.003,0.004,0.004,0.004,0.004,0.006,0.004,0.004,0.004,0.003,0.001,0.003,0.003,0.007,0.007,0.007,0.003,0.003,0.003,0.004,0.004,0.004,0.006,0.004,0.004,0.004,0.004,0.004,0.004,0.004,0.004,0.004,0.004,0.004,0.004,0.004,0.004,0.004,0.004,0.004,0.004,0.004,0.004,0.004,0.004,0.004,0.004,0.004,0.004,0.004,0.004,0.004,0.004,0.004,0.004,0.004,0.004,0.004,0.004,0.004,0.004,0.004,0.004,0.004,0.004,0.004,0.004,
0.0,-0.003,-0.001,-0.008,0.0,0.0,0.0,0.0,0.0,0.0,0.0,0.0,0.0,0.0,0.0,0.0,0.0,0.0,0.0,0.0,0.0,0.0,0.0,0.0,0.0,0.0,0.0,0.0,0.0,0.0,0.0,0.0,0.0,0.0,0.0,0.0,0.0,0.0,0.0,0.0,0.0,0.0,0.0,0.0,0.0,0.0,0.0,0.0,0.0,0.0,0.0,0.0,0.0,0.0,0.0,0.0,0.0,0.0,0.0,0.0,0.0,0.0,0.0,0.0,0.0,0.0,0.0,0.0,0.0,0.0,0.0,0.0,0.0,0.0,0.0,0.0,0.0,0.0,0.0,0.0,0.0,0.0,0.0,0.0,0.0,0.0,0.0,0.0,0.0,0.0,0.0,0.0,0.0,0.0,0.0,0.0,0.0,0.0,0.0,0.0,
0.0,-0.001,-0.003,0.0,-0.001,0.0,-0.001,0.0,0.0,0.0,0.0,0.0,0.0,0.0,0.0,0.0,0.0,0.0,0.0,0.0,0.0,0.0,0.0,0.0,0.0,0.0,0.0,0.0,0.0,0.0,0.0,0.0,0.0,0.0,0.0,0.0,0.0,0.0,0.0,0.0,0.0,0.0,0.0,0.0,0.0,0.0,0.0,0.0,0.0,0.0,0.0,0.0,0.0,0.0,0.0,0.0,0.0,0.0,0.0,0.0,0.0,0.0,0.0,0.0,0.0,0.0,0.0,0.0,0.0,0.0,0.0,0.0,0.0,0.0,0.0,0.0,0.0,0.0,0.0,0.0,0.0,0.0,0.0,0.0,0.0,0.0,0.0,0.0,0.0,0.0,0.0,0.0,0.0,0.0,0.0,0.0,0.0,0.0,0.0,0.0,
-0.033,-0.052,-0.01,0.01,0.054,-0.001,0.006,0.044,0.0,0.054,0.001,0.006,-0.006,-0.012,0.001,-0.027,0.007,0.0,0.053,0.0,0.051,0.047,0.001,0.047,0.003,0.053,0.006,0.003,0.004,0.003,0.05,0.05,0.007,0.048,0.004,0.047,0.003,0.0,0.05,0.001,0.053,0.001,0.051,-0.003,0.004,0.003,0.006,0.056,0.003,0.056,0.004,0.053,0.056,0.001,0.007,0.006,0.003,0.003,0.053,0.0,0.006,-0.001,0.006,0.039,0.003,0.006,0.003,0.047,0.003,0.001,0.004,0.05,0.003,0.004,0.004,0.006,-0.01,0.001,0.056,0.001,0.003,0.001,0.05,-0.001,0.051,0.001,0.006,-0.001,0.003,0.05,0.006,0.048,0.001,0.048,0.001,0.003,0.006,0.048,0.001,0.003,
0.0,0.002,0.0,0.0,0.0,0.0,-0.001,0.0,0.0,0.0,0.0,0.0,0.0,0.0,0.0,0.0,0.0,0.0,0.0,0.0,0.0,0.0,0.0,0.0,0.0,0.0,0.0,0.0,0.0,0.0,0.0,0.0,0.0,0.0,0.0,0.0,0.0,0.0,0.0,0.0,0.0,0.0,0.0,0.0,0.0,0.0,0.0,0.0,0.0,0.0,0.0,0.0,0.0,0.0,0.0,0.0,0.0,0.0,0.0,0.0,0.0,0.0,0.0,0.0,0.0,0.0,0.0,0.0,0.0,0.0,0.0,0.0,0.0,0.0,0.0,0.0,0.0,0.0,0.0,0.0,0.0,0.0,0.0,0.0,0.0,0.0,0.0,0.0,0.0,0.0,0.0,0.0,0.0,0.0,0.0,0.0,0.0,0.0,0.0,0.0,
0.0,0.0,0.0,0.0,0.001,0.0,-0.003,0.0,-0.003,0.0,-0.003,0.0,-0.003,0.0,-0.003,0.0,-0.003,0.0,0.0,0.0,0.001,0.0,0.0,0.0,0.001,0.0,0.0,0.001,0.003,0.001,0.003,0.001,0.003,0.001,0.003,0.001,0.003,0.001,0.003,0.001,0.003,0.001,0.003,0.001,0.003,0.001,0.003,0.001,0.003,0.001,0.003,0.001,0.003,0.001,0.003,0.001,0.003,0.001,0.003,0.001,0.003,0.001,0.003,0.001,0.003,0.001,0.003,0.001,0.003,0.001,0.003,0.001,0.003,0.001,0.003,0.001,0.003,0.001,0.003,0.001,0.003,0.001,0.003,0.001,0.003,0.001,0.003,0.001,0.003,0.001,0.003,0.001,0.003,0.001,0.003,0.001,0.003,0.001,0.003,0.001,
0.0,0.0,0.018,0.0,0.0,0.0,0.0,0.001,0.003,0.001,0.0,-0.009,0.001,0.0,0.001,-0.001,0.0,0.001,0.0,0.0,0.0,0.0,0.0,0.0,0.001,0.0,0.0,0.0,0.0,0.0,0.0,0.0,0.0,0.001,0.001,0.001,-0.001,0.0,0.0,0.0,0.0,0.0,0.0,0.0,0.0,0.001,0.023,0.022,0.003,0.001,0.001,0.0,-0.009,0.0,0.0,0.001,0.0,0.001,0.001,0.0,0.001,0.001,0.001,-0.008,0.0,0.0,0.0,0.0,0.0,0.0,0.0,0.0,0.0,0.001,0.0,-0.009,0.0,0.001,-0.001,0.001,0.0,-0.009,0.0,0.0,0.0,0.001,0.003,0.001,0.0,-0.009,0.001,0.0,-0.009,0.001,-0.001,0.0,0.0,0.0,0.0,0.0,
-0.104,0.01,-0.001,-0.011,-0.031,0.0,-0.001,0.0,0.0,0.0,0.0,0.0,0.0,0.0,0.0,0.0,0.0,0.0,0.0,0.0,0.0,0.0,0.0,0.0,0.0,0.0,0.0,0.0,0.0,0.0,-0.028,0.0,-0.037,0.0,-0.032,0.0,-0.001,0.0,0.0,0.0,0.0,0.0,0.0,0.0,0.0,0.0,0.0,0.0,0.0,0.0,0.0,0.0,0.0,0.0,0.0,0.0,0.0,0.0,0.0,0.0,0.0,-0.028,0.0,-0.001,0.0,0.0,0.0,0.0,0.0,0.0,0.0,0.0,0.0,0.0,0.0,0.0,0.0,0.0,0.0,0.0,0.0,0.0,0.0,0.0,0.0,0.0,0.0,0.0,0.0,0.0,0.0,0.0,0.0,0.0,0.0,0.0,0.0,0.0,0.0,0.0,
0.0,-0.043,-0.004,0.004,-0.005,-0.032,-0.015,-0.068,0.004,0.007,0.007,0.007,0.066,0.01,0.009,-0.022,-0.002,0.006,0.0,0.004,0.006,0.009,0.004,0.001,0.007,0.007,0.006,0.009,0.003,0.006,0.001,0.007,0.01,0.006,0.006,0.003,0.006,0.006,0.004,-0.016,0.009,0.004,0.01,0.007,0.003,-0.001,0.006,0.003,0.007,0.006,0.006,-0.009,0.006,0.003,0.009,0.003,0.01,0.004,0.01,-0.009,0.007,-0.007,0.006,0.009,0.009,0.069,0.072,0.072,0.009,-0.018,0.009,0.006,0.003,0.006,0.001,0.006,0.006,0.009,-0.02,0.009,0.007,-0.006,0.01,0.004,0.009,0.006,0.004,0.004,-0.001,0.004,-0.001,0.009,0.007,0.001,0.069,0.004,0.007,-0.019,-0.004,-0.007,
-0.106,-0.024,-0.01,0.0,-0.003,0.0,-0.003,0.0,-0.003,0.0,-0.003,0.0,-0.003,0.0,-0.003,0.0,-0.003,0.0,-0.003,0.0,-0.003,0.0,-0.003,0.0,-0.003,0.0,-0.003,0.0,-0.003,0.0,-0.003,0.0,-0.003,0.0,-0.003,0.0,-0.003,0.0,-0.003,0.0,-0.003,0.0,-0.003,0.0,-0.003,0.0,-0.003,0.0,-0.003,0.0,-0.003,0.0,-0.003,0.0,-0.003,0.0,-0.003,0.0,-0.003,0.0,-0.003,0.0,-0.003,0.0,-0.003,0.0,-0.003,0.0,-0.003,0.0,-0.003,0.0,-0.003,0.0,-0.003,0.0,-0.003,0.0,-0.003,0.0,-0.003,0.0,-0.003,0.0,-0.003,0.0,-0.003,0.0,-0.003,0.0,-0.003,0.0,-0.003,0.0,-0.003,0.0,-0.003,0.0,-0.003,0.0,
0.0,0.001,0.064,-0.001,-0.001,0.007,0.065,0.064,0.063,0.063,0.063,0.063,0.063,0.063,0.063,0.063,0.063,0.063,0.063,0.063,0.063,0.063,0.063,0.063,0.063,0.063,0.063,0.063,0.063,0.063,0.063,0.063,0.063,0.063,0.063,0.063,0.063,0.063,0.063,0.063,0.063,0.063,0.063,0.063,0.063,0.063,0.063,0.063,0.063,0.063,0.063,0.063,0.063,0.063,0.063,0.063,0.063,0.063,0.063,0.063,0.063,0.063,0.063,0.063,0.063,0.063,0.063,0.063,0.063,0.063,0.063,0.063,0.063,0.063,0.063,0.063,0.063,0.063,0.063,0.063,0.063,0.063,0.063,0.063,0.063,0.063,0.063,0.063,0.063,0.063,0.063,0.063,0.063,0.063,0.063,0.063,0.063,0.063,0.063,0.063,
0.0,-0.019,-0.072,0.0,-0.005,0.009,0.003,0.007,0.005,0.005,0.004,0.067,0.057,0.06,0.062,0.063,0.062,0.063,0.062,0.063,0.062,0.063,0.062,0.063,0.062,0.063,0.062,0.063,0.062,0.063,0.062,0.063,0.062,0.063,0.062,0.063,0.062,0.063,0.062,0.063,0.062,0.063,0.062,0.063,0.062,0.063,0.062,0.063,0.062,0.063,0.062,0.063,0.062,0.063,0.062,0.063,0.062,0.063,0.062,0.063,0.062,0.063,0.062,0.063,0.062,0.063,0.062,0.063,0.062,0.063,0.062,0.063,0.062,0.063,0.062,0.063,0.062,0.063,0.062,0.063,0.062,0.063,0.062,0.063,0.062,0.063,0.062,0.063,0.062,0.063,0.062,0.063,0.062,0.063,0.062,0.063,0.062,0.063,0.062,0.071,
0.0,0.001,-0.043,0.001,0.001,-0.004,0.007,0.001,0.001,0.001,0.003,0.003,0.003,-0.016,0.004,0.004,-0.007,0.006,-0.029,0.001,0.0,0.003,0.001,0.003,0.003,0.003,0.006,0.003,-0.012,0.003,-0.001,0.004,0.001,0.0,0.0,-0.012,0.003,0.004,-0.001,0.001,0.003,-0.001,-0.022,0.001,0.0,0.0,0.001,0.001,0.001,0.0,0.001,0.003,0.003,0.004,0.003,0.0,0.003,0.003,0.001,0.003,0.001,0.001,-0.008,0.003,0.001,0.004,0.003,0.0,0.003,0.0,0.001,0.003,0.003,-0.018,0.003,0.001,0.007,0.006,0.003,0.004,-0.001,-0.001,-0.004,-0.006,0.003,-0.001,0.007,0.006,0.003,0.004,-0.001,0.004,0.0,0.003,-0.017,0.001,0.003,0.001,-0.001,0.001,
-0.084,0.002,0.0,-0.001,0.0,-0.001,-0.001,0.0,-0.003,0.0,-0.003,0.0,-0.003,0.0,-0.003,0.0,-0.003,0.0,-0.003,0.0,-0.003,0.0,-0.003,0.0,-0.003,0.0,-0.003,0.0,-0.003,0.0,-0.001,0.0,-0.001,0.0,-0.001,0.0,-0.003,0.0,-0.003,0.0,-0.003,0.0,-0.003,0.0,-0.003,0.0,-0.001,0.0,-0.001,0.0,-0.001,0.0,-0.003,0.0,-0.003,0.0,-0.003,0.0,-0.003,0.0,-0.003,0.0,-0.003,0.0,-0.003,0.0,-0.003,0.0,-0.003,0.0,-0.001,0.0,-0.003,0.0,-0.003,0.0,-0.003,0.0,-0.003,0.0,-0.001,0.0,-0.003,0.0,-0.003,0.0,-0.003,0.0,-0.003,0.0,-0.003,0.0,-0.003,0.0,-0.003,0.0,-0.003,0.0,-0.003,0.0,
0.0,0.001,-0.026,-0.021,-0.001,0.0,0.0,-0.005,0.001,-0.005,-0.001,-0.012,-0.003,0.0,-0.001,-0.007,0.0,-0.01,-0.004,0.0,-0.009,0.0,0.0,-0.004,-0.003,-0.009,-0.01,-0.003,-0.001,0.0,-0.007,-0.007,0.001,0.0,0.0,-0.072,0.0,-0.028,0.0,-0.004,-0.001,-0.043,-0.001,-0.009,0.001,0.0,0.0,-0.004,-0.001,-0.008,0.0,-0.008,0.0,0.0,-0.009,0.0,-0.007,-0.001,-0.008,0.0,0.001,0.0,-0.008,0.001,-0.009,0.0,-0.004,0.0,-0.007,-0.001,-0.001,-0.003,-0.004,-0.005,0.001,-0.005,0.0,0.0,-0.007,0.0,-0.01,0.0,-0.019,-0.001,-0.013,-0.005,-0.003,-0.003,-0.001,0.001,0.001,-0.004,0.0,0.001,-0.007,-0.003,-0.003,-0.001,-0.007,0.0,
-0.139,-0.11,0.003,-0.008,0.0,-0.006,-0.002,0.0,-0.006,0.0,0.0,-0.005,-0.012,0.0,0.0,-0.002,0.0,-0.012,-0.002,-0.003,0.0,0.0,0.0,-0.002,-0.002,-0.005,0.0,0.0,0.0,-0.002,-0.005,0.0,0.0,0.0,0.0,0.0,0.0,0.0,-0.002,0.0,0.0,0.0,0.0,-0.005,0.0,-0.002,-0.003,0.0,0.0,0.0,0.0,0.0,0.0,0.0,0.0,0.0,0.0,-0.002,0.0,0.0,0.0,0.0,0.0,0.0,-0.002,-0.005,0.0,0.0,-0.002,0.0,0.0,-0.002,0.0,0.0,0.0,0.0,-0.006,-0.006,-0.008,0.0,0.0,-0.008,-0.008,-0.009,0.0,0.0,-0.002,0.0,-0.002,-0.002,-0.006,0.0,-0.002,-0.002,0.0,-0.003,0.0,0.0,0.0,0.0,
-0.074,-0.024,0.001,0.001,0.001,0.0,-0.019,0.0,-0.025,0.001,-0.064,0.0,-0.029,-0.018,-0.024,0.0,0.001,0.001,-0.019,0.0,0.001,0.001,0.001,0.001,0.001,0.001,0.001,0.001,0.001,0.001,0.001,0.001,0.001,0.001,0.001,0.001,0.001,0.001,0.001,0.001,0.001,0.001,0.001,0.001,0.001,0.001,0.001,0.001,0.001,0.001,0.001,0.001,0.001,0.001,0.001,0.001,0.001,0.001,0.001,0.001,0.001,0.001,0.001,0.001,0.001,0.001,0.001,0.001,0.001,0.001,0.001,0.001,0.001,0.001,0.001,0.001,0.001,0.001,0.001,0.001,0.001,0.001,0.001,0.001,0.001,0.001,0.001,0.001,0.001,0.001,0.001,0.001,0.001,0.001,0.001,0.001,0.001,0.001,0.001,0.001,
-0.115,-0.026,-0.099,-0.034,0.0,0.0,0.0,0.0,0.0,0.0,0.0,0.0,0.0,0.0,0.0,0.0,0.0,0.0,0.0,0.0,0.0,0.0,0.0,0.0,0.0,0.0,0.0,0.0,0.001,0.001,0.0,0.0,0.0,0.0,0.0,0.0,0.0,0.0,0.0,0.0,0.001,0.0,0.0,0.0,0.0,0.0,0.0,0.0,0.0,0.0,0.0,0.0,0.0,0.0,0.0,0.0,0.001,0.001,0.001,0.0,0.0,0.0,0.0,0.0,0.0,0.0,0.0,0.0,0.001,0.001,0.0,0.0,0.001,0.001,0.001,0.0,0.0,0.0,0.001,0.001,0.001,0.0,0.0,0.0,0.001,0.001,0.001,0.0,0.0,0.0,0.001,0.001,0.001,0.0,0.001,0.001,0.001,0.0,0.001,-0.003,
0.0,0.0,0.0,0.0,0.004,0.004,-0.003,0.005,0.005,0.005,0.001,0.004,-0.003,0.004,0.005,0.005,0.001,0.001,0.004,0.005,0.005,0.005,0.005,0.005,0.007,0.007,0.005,0.005,0.005,0.005,0.008,0.008,0.005,0.007,0.005,0.005,0.007,0.005,0.004,0.004,0.005,0.007,0.005,0.007,0.008,0.007,0.005,0.005,0.005,0.005,0.005,0.005,0.005,0.004,0.005,0.005,0.005,0.005,0.005,0.004,0.005,0.005,0.005,0.005,0.005,0.005,0.005,0.005,0.005,0.004,0.005,0.007,0.005,0.005,0.005,0.007,0.005,0.007,0.005,0.005,0.007,0.007,0.005,0.005,0.007,0.007,0.008,0.005,0.005,0.005,0.004,0.005,0.005,0.005,0.005,0.005,0.007,0.004,0.005,0.005,
0.0,-0.047,0.003,0.0,0.001,0.003,0.001,0.003,0.001,0.003,0.001,0.001,0.003,0.003,0.003,0.003,0.003,0.003,0.0,0.001,0.021,0.0,0.003,0.001,0.0,0.0,-0.001,0.001,0.001,0.003,0.001,0.001,0.001,0.001,0.0,0.001,0.001,0.0,0.001,0.001,0.003,0.003,0.003,0.004,0.001,0.0,0.025,0.001,0.001,0.003,0.003,0.003,0.003,0.003,0.003,0.003,0.003,0.003,0.003,0.003,0.003,0.003,0.003,0.003,0.003,0.003,0.003,0.003,0.003,0.003,0.003,0.003,0.003,0.003,0.003,0.003,0.003,0.003,0.003,0.003,0.003,0.003,0.003,0.003,0.003,0.003,0.003,0.003,0.003,0.003,0.003,0.003,0.003,0.003,0.003,0.003,0.003,0.003,0.003,0.003,
0.0,0.0,-0.005,0.001,-0.006,0.0,-0.001,0.001,-0.006,0.0,0.003,0.004,0.003,0.003,0.0,0.0,-0.001,0.0,0.0,0.0,0.0,0.0,0.0,0.0,0.0,0.0,0.0,-0.004,0.0,0.0,0.0,0.003,0.001,0.0,0.0,0.0,0.0,0.0,0.0,-0.004,0.0,0.0,0.0,0.003,0.001,0.0,0.0,0.0,0.0,0.0,0.0,0.0,0.0,0.003,0.003,0.003,0.001,0.003,0.0,0.0,0.001,0.003,0.003,0.004,0.001,0.001,-0.001,0.0,0.001,0.003,0.003,0.004,0.001,0.0,0.0,0.003,0.001,0.0,0.0,0.004,0.004,0.003,0.003,0.004,0.003,0.004,0.004,0.004,0.001,0.0,0.0,0.001,-0.004,0.003,0.003,0.003,0.0,0.0,0.0,0.0,
-0.087,-0.007,-0.019,0.006,0.0,0.0,0.0,0.0,0.004,0.0,0.004,0.004,0.006,0.004,0.004,0.0,0.0,0.0,0.0,-0.014,0.003,0.0,0.004,0.004,0.006,0.004,0.006,0.004,0.006,0.004,0.006,0.004,0.006,0.004,0.006,0.004,0.006,0.004,0.006,0.004,0.006,0.004,0.006,0.004,0.006,0.004,0.006,0.004,0.006,0.004,0.006,0.004,0.006,0.004,0.006,0.004,0.006,0.004,0.006,0.004,0.006,0.004,0.006,0.004,0.006,0.004,0.006,0.004,0.006,0.004,0.006,0.004,0.006,0.004,0.006,0.004,0.006,0.004,0.006,0.004,0.006,0.004,0.006,0.004,0.006,0.004,0.006,0.004,0.006,0.004,0.006,0.004,0.006,0.004,0.006,0.004,0.006,0.004,0.006,0.003,
0.0,0.0,-0.009,-0.006,0.0,0.0,0.0,0.0,0.0,0.0,0.0,0.0,0.0,0.0,0.0,0.001,0.0,-0.005,0.0,0.0,0.0,0.0,0.0,0.0,0.0,0.0,0.0,0.0,0.0,0.0,0.0,0.0,0.0,0.0,0.0,0.0,0.0,0.0,0.0,0.0,0.0,0.0,0.0,-0.005,0.0,0.0,0.0,0.0,-0.008,-0.004,0.0,0.0,0.0,0.0,0.0,0.0,-0.008,-0.004,0.0,-0.009,0.0,0.0,0.0,0.0,0.0,0.0,0.0,0.0,-0.008,-0.004,0.0,0.0,0.0,0.0,0.0,0.0,0.0,0.0,0.0,0.0,0.0,0.0,0.0,0.0,0.0,0.0,0.0,0.0,0.0,0.0,0.0,0.0,0.0,0.0,0.0,0.0,0.0,0.0,0.0,0.0,
0.0,-0.028,0.009,0.003,0.001,-0.02,0.063,0.003,0.018,0.012,0.012,0.059,0.065,0.061,0.066,0.061,0.066,0.061,0.066,0.061,0.066,0.061,0.066,0.061,0.066,0.061,0.066,0.061,0.066,0.061,0.066,0.061,0.066,0.061,0.066,0.061,0.066,0.061,0.066,0.061,0.066,0.061,0.066,0.061,0.066,0.061,0.066,0.061,0.066,0.061,0.066,0.061,0.066,0.061,0.066,0.061,0.066,0.061,0.066,0.061,0.066,0.061,0.066,0.061,0.066,0.061,0.066,0.061,0.066,0.061,0.066,0.061,0.066,0.061,0.066,0.061,0.066,0.061,0.066,0.061,0.066,0.061,0.066,0.061,0.066,0.061,0.066,0.061,0.066,0.061,0.066,0.061,0.066,0.061,0.066,0.061,0.066,0.061,0.066,0.061,
0.0,-0.01,0.0,0.0,0.0,0.003,0.001,0.001,0.001,0.003,0.003,0.004,-0.015,0.003,-0.004,0.001,0.003,0.004,0.004,0.003,0.003,0.001,0.003,0.004,0.004,0.004,0.003,0.003,0.003,0.004,0.004,0.004,0.004,0.004,0.004,0.004,0.004,0.004,0.004,0.004,0.004,0.004,0.004,0.004,0.004,0.004,0.004,0.005,0.004,0.004,0.004,0.004,0.004,0.004,0.004,0.004,-0.019,0.004,0.004,0.004,0.004,0.004,0.005,0.003,0.001,0.004,0.004,0.003,0.003,0.004,0.004,0.003,0.003,0.004,0.004,0.003,0.003,0.004,0.004,0.003,0.003,0.003,0.003,0.004,0.004,0.003,0.003,0.003,0.003,0.004,0.004,0.003,0.003,-0.008,0.001,-0.021,0.001,0.003,0.003,0.004,
-0.065,-0.023,-0.011,-0.088,-0.081,-0.078,-0.068,-0.084,-0.082,-0.073,-0.075,-0.068,-0.076,-0.07,-0.078,-0.067,-0.068,-0.074,-0.067,-0.081,-0.074,-0.068,-0.076,-0.064,-0.07,-0.065,-0.068,-0.073,-0.079,-0.082,-0.084,-0.087,-0.066,-0.063,-0.06,-0.062,-0.064,-0.068,-0.073,-0.078,-0.075,-0.078,-0.075,-0.078,-0.075,-0.073,-0.07,-0.074,-0.07,-0.074,-0.08,-0.068,-0.081,-0.082,-0.078,-0.067,-0.061,-0.065,-0.061,-0.065,-0.056,-0.064,-0.064,-0.079,-0.085,-0.075,-0.079,-0.071,-0.058,-0.055,-0.073,-0.068,-0.072,-0.083,-0.077,-0.082,-0.067,-0.063,-0.063,-0.063,-0.063,-0.064,-0.064,-0.064,-0.064,-0.064,-0.064,-0.064,-0.064,-0.064,-0.064,-0.08,-0.071,-0.085,-0.083,-0.054,-0.07,-0.055,-0.073,0.001,
-0.111,0.001,-0.001,-0.006,-0.138,-0.005,-0.019,-0.002,0.0,-0.017,-0.162,-0.011,-0.005,-0.041,0.0,-0.036,0.0,-0.039,0.0,-0.077,-0.005,0.0,-0.003,0.0,-0.042,0.0,-0.023,-0.005,0.0,-0.036,-0.002,-0.041,-0.003,-0.008,-0.014,-0.065,0.0,0.0,0.0,0.0,0.0,0.0,0.0,0.0,0.0,-0.006,-0.028,-0.152,-0.045,-0.038,-0.023,-0.047,-0.031,-0.148,0.0,-0.023,-0.005,-0.068,0.0,0.0,0.0,-0.032,0.0,0.0,0.0,-0.025,0.0,-0.035,0.0,-0.016,0.0,-0.008,0.0,0.0,0.0,-0.025,0.0,-0.033,-0.022,-0.048,0.0,-0.089,0.0,-0.056,0.0,-0.032,-0.012,0.0,-0.044,0.0,-0.023,0.0,0.0,0.0,0.0,0.0,-0.016,0.0,-0.026,0.0,
-0.044,0.018,0.04,0.041,0.037,0.045,0.003,0.043,0.05,0.003,0.041,0.003,0.044,0.05,0.05,0.044,0.048,0.044,0.045,0.044,0.037,0.006,0.044,0.048,0.043,0.045,0.05,0.044,0.048,0.044,0.045,0.044,0.048,0.044,0.045,0.044,0.048,0.044,0.045,0.044,0.045,0.044,0.045,0.044,0.048,0.044,0.045,0.044,0.045,0.044,0.045,0.044,0.045,0.044,0.045,0.044,0.045,0.044,0.048,0.044,0.045,0.044,0.048,0.044,0.045,0.044,0.048,0.044,0.045,0.044,0.048,0.044,0.045,0.044,0.048,0.044,0.045,0.044,0.048,0.044,0.045,0.044,0.048,0.044,0.045,0.044,0.045,0.044,0.045,0.044,0.045,0.044,0.045,0.044,0.045,0.044,0.048,0.044,0.045,0.044,
-0.044,0.022,0.0,-0.001,0.001,0.0,0.0,0.0,0.0,0.0,0.0,0.0,0.001,-0.003,-0.001,0.0,0.0,0.0,0.0,0.0,0.0,0.0,0.0,0.0,0.0,0.0,0.0,-0.001,-0.001,0.0,-0.001,-0.001,0.0,0.0,-0.001,0.0,-0.001,-0.001,0.0,0.0,0.0,0.0,-0.004,0.0,0.0,0.0,0.0,0.0,0.0,0.0,0.0,0.0,0.0,0.0,0.0,0.0,0.0,0.0,0.0,0.0,-0.001,0.0,-0.001,-0.001,0.0,0.0,0.0,0.0,0.0,0.0,-0.001,0.0,0.0,0.0,0.0,0.0,0.0,0.0,0.0,0.0,0.0,0.0,0.0,0.0,0.0,0.0,0.0,0.0,0.0,0.0,0.0,-0.001,0.0,0.0,0.0,0.0,0.0,0.0,0.0,0.0,
0.0,-0.001,-0.001,0.0,0.0,0.001,-0.01,0.001,-0.009,0.0,0.0,0.0,0.0,0.0,0.0,0.0,0.0,0.0,0.0,0.001,0.004,0.003,0.004,0.003,0.004,0.003,0.004,0.003,0.004,0.003,0.004,0.003,0.004,0.003,0.004,0.003,0.004,0.003,0.004,0.003,0.004,0.003,0.004,0.003,0.004,0.003,0.004,0.003,0.004,0.003,0.004,0.003,0.004,0.003,0.004,0.003,0.004,0.003,0.004,0.003,0.004,0.003,0.004,0.003,0.004,0.003,0.004,0.003,0.004,0.003,0.004,0.003,0.004,0.003,0.004,0.003,0.004,0.003,0.004,0.003,0.004,0.003,0.004,0.003,0.004,0.003,0.004,0.003,0.004,0.003,0.004,0.003,0.004,0.003,0.004,0.003,0.004,0.003,0.004,0.003,
-0.096,0.01,-0.048,0.0,0.0,-0.001,0.0,0.0,0.0,0.0,0.0,0.0,0.0,0.0,0.0,0.0,0.0,0.0,0.0,0.0,0.0,0.0,0.0,0.0,0.0,0.0,0.0,0.0,0.0,0.0,0.0,0.0,0.0,0.0,0.0,0.0,0.0,0.0,0.0,0.0,0.0,0.0,0.0,0.0,0.0,0.0,0.0,0.0,0.0,0.0,0.0,0.0,0.0,0.0,0.0,0.0,0.0,0.0,0.0,0.0,0.0,0.0,0.0,0.0,0.0,0.0,0.0,0.0,0.0,0.0,0.0,0.0,0.0,0.0,0.0,0.0,0.0,0.0,0.0,0.0,0.0,0.0,0.0,0.0,0.0,0.0,0.0,0.0,0.0,0.0,0.0,0.0,0.0,0.0,0.0,0.0,0.0,0.0,0.0,0.0,
0.0,0.0,0.0,-0.008,-0.024,-0.004,-0.027,0.0,-0.008,-0.005,-0.027,-0.004,-0.027,-0.004,-0.009,-0.009,-0.026,-0.004,-0.014,-0.007,-0.012,-0.007,-0.012,-0.007,-0.012,-0.007,-0.023,0.0,-0.008,-0.005,-0.014,-0.007,-0.026,-0.004,-0.027,-0.004,-0.027,-0.004,-0.027,-0.004,-0.027,-0.004,-0.027,-0.004,-0.027,-0.004,-0.027,-0.004,-0.027,-0.004,-0.027,0.0,-0.008,-0.005,-0.014,-0.007,-0.026,-0.004,-0.027,-0.004,-0.027,-0.004,-0.027,-0.004,-0.027,-0.004,-0.027,-0.004,-0.009,0.0,-0.007,-0.005,-0.009,0.0,-0.007,-0.005,-0.014,-0.007,-0.026,-0.004,-0.027,-0.004,-0.009,-0.009,-0.026,-0.004,-0.027,-0.004,-0.027,-0.004,-0.027,-0.004,-0.027,-0.004,-0.027,-0.004,-0.027,-0.004,-0.014,-0.007,
-0.131,0.011,0.0,-0.006,-0.001,-0.007,-0.007,-0.007,-0.01,-0.012,-0.007,-0.012,-0.007,-0.012,-0.007,-0.012,-0.007,-0.012,-0.007,-0.012,-0.007,-0.012,-0.007,-0.012,-0.007,-0.012,-0.007,-0.012,-0.007,-0.012,-0.007,-0.012,-0.007,-0.012,-0.007,-0.012,-0.007,-0.012,-0.007,-0.012,-0.007,-0.012,-0.007,-0.012,-0.007,-0.012,-0.007,-0.012,-0.007,-0.012,-0.007,-0.012,0.0,-0.013,-0.009,-0.01,-0.007,-0.012,-0.007,-0.012,-0.007,-0.012,-0.007,-0.012,-0.007,-0.012,-0.007,-0.012,-0.007,-0.012,-0.007,-0.012,-0.007,-0.012,-0.007,-0.012,-0.007,-0.012,-0.007,-0.012,-0.007,-0.012,-0.007,-0.012,-0.007,-0.012,-0.007,-0.012,-0.007,-0.012,-0.007,-0.012,-0.007,-0.012,-0.007,-0.012,-0.007,-0.012,-0.007,-0.012,
0.0,0.0,0.0,0.001,0.001,0.001,0.001,0.004,0.001,0.001,0.001,0.001,0.001,-0.001,0.001,0.001,0.003,0.004,0.003,0.0,0.001,0.0,0.001,0.003,0.003,0.003,-0.001,0.001,-0.001,0.001,0.0,0.0,0.003,0.003,0.003,0.003,0.001,0.0,0.001,0.0,0.004,0.004,0.003,0.001,0.0,0.001,0.001,0.001,0.001,0.0,0.0,0.0,0.003,0.001,-0.001,0.001,0.0,0.001,0.0,0.003,0.001,0.0,0.0,0.003,-0.001,0.0,0.003,0.005,0.003,0.001,0.001,0.001,-0.001,0.003,0.0,0.001,-0.004,0.003,0.004,0.001,0.001,0.0,-0.001,0.001,0.0,0.003,0.004,0.001,0.001,-0.001,0.001,0.003,0.001,0.004,0.004,0.004,0.003,0.001,0.001,0.001,
-0.192,0.009,-0.007,0.0,0.0,0.0,0.0,0.0,-0.002,0.0,-0.002,0.0,-0.085,0.0,0.0,0.0,0.0,0.0,-0.115,0.0,-0.124,0.0,-0.077,-0.021,-0.095,0.0,0.0,0.0,0.0,0.0,0.0,-0.002,0.0,0.0,0.0,-0.002,0.0,0.0,0.0,0.0,-0.124,0.0,-0.114,0.0,-0.124,0.0,-0.123,0.0,-0.124,0.0,-0.112,0.0,-0.117,0.0,-0.015,0.0,0.0,-0.002,0.0,-0.002,0.0,-0.124,0.0,-0.123,0.0,-0.111,0.0,-0.126,0.0,-0.112,0.0,-0.12,0.0,0.0,0.0,-0.015,-0.005,0.0,0.0,0.0,0.0,0.0,0.0,0.0,0.0,0.0,0.0,0.0,-0.002,0.0,-0.002,0.0,-0.002,0.0,0.0,0.0,-0.124,0.0,-0.126,0.0,
0.0,-0.04,-0.011,0.0,0.0,-0.001,0.0,0.0,0.0,0.0,0.0,0.0,0.0,0.0,0.0,0.0,0.0,0.0,0.0,0.0,0.0,0.0,0.0,0.0,0.0,0.0,0.0,0.0,0.0,0.0,0.0,0.0,0.0,0.0,0.0,0.0,0.0,0.0,0.0,0.0,0.0,0.0,0.0,0.0,0.0,0.0,0.0,0.0,0.0,0.0,0.0,0.0,0.0,0.0,0.0,0.0,0.0,0.0,0.0,0.0,0.0,0.0,0.0,0.0,0.0,0.0,0.0,0.0,0.0,0.0,0.0,0.0,0.0,0.0,0.0,0.0,0.0,0.0,0.0,0.0,0.0,0.0,0.0,0.0,0.0,0.0,0.0,0.0,0.0,0.0,0.0,0.0,0.0,0.0,0.0,0.0,0.0,0.0,0.0,0.0,
0.0,-0.077,-0.014,-0.007,0.0,0.0,-0.004,0.0,-0.004,0.0,-0.004,0.0,-0.004,0.0,-0.004,0.0,-0.004,0.0,-0.004,0.0,-0.004,0.0,-0.004,0.0,-0.004,0.0,-0.004,0.0,-0.004,0.0,-0.004,0.0,-0.004,0.0,-0.004,0.0,-0.004,0.0,-0.004,0.0,-0.004,0.0,-0.004,0.0,-0.004,0.0,-0.004,0.0,-0.004,0.0,-0.004,0.0,-0.004,0.0,-0.004,0.0,-0.004,0.0,-0.004,0.0,-0.004,0.0,-0.004,0.0,-0.004,0.0,-0.004,0.0,-0.004,0.0,-0.004,0.0,-0.004,0.0,-0.004,0.0,-0.004,0.0,-0.004,0.0,-0.004,0.0,-0.004,0.0,-0.004,0.0,-0.004,0.0,-0.004,0.0,-0.004,0.0,-0.004,0.0,-0.004,0.0,-0.004,0.0,-0.004,0.0,
-0.083,0.018,-0.14,-0.131,-0.144,-0.119,-0.147,-0.176,-0.103,-0.148,-0.124,-0.163,-0.113,-0.175,-0.112,-0.164,-0.109,-0.163,-0.127,-0.174,-0.123,-0.152,-0.123,-0.166,-0.113,-0.166,-0.112,-0.163,-0.122,-0.129,-0.143,-0.173,-0.127,-0.12,-0.154,-0.159,-0.171,-0.124,-0.136,-0.121,-0.106,-0.147,-0.114,-0.163,-0.106,-0.163,-0.117,-0.134,-0.114,-0.163,-0.108,-0.159,-0.142,-0.163,-0.118,-0.167,-0.112,-0.177,-0.127,-0.169,-0.122,-0.134,-0.127,-0.18,-0.125,-0.146,-0.145,-0.169,-0.137,-0.127,-0.17,-0.157,-0.167,-0.16,-0.127,-0.163,-0.108,-0.166,-0.127,-0.161,-0.12,-0.162,-0.114,-0.144,-0.112,-0.164,-0.125,-0.154,-0.127,-0.16,-0.128,-0.143,-0.15,-0.112,-0.154,-0.112,-0.168,-0.134,-0.151,0.003,
0.0,0.0,0.0,0.001,0.003,0.003,0.003,0.001,0.001,0.001,0.001,0.001,0.001,0.001,0.001,0.001,0.001,0.003,0.003,0.003,0.001,0.003,0.001,0.001,0.003,0.003,0.003,0.003,0.001,0.001,0.001,0.003,0.001,0.001,0.001,0.001,0.003,0.001,0.001,0.003,0.003,0.003,0.001,0.003,0.003,0.003,0.001,0.001,0.003,0.003,0.001,0.001,0.001,0.003,0.003,0.003,0.003,0.003,0.003,0.001,0.003,0.003,0.003,0.001,0.003,0.003,0.003,0.003,0.003,0.001,0.001,0.003,0.003,0.003,0.003,0.001,0.003,0.001,0.003,0.003,0.003,0.001,0.001,0.003,0.003,0.003,0.003,0.001,0.001,0.003,0.003,0.003,0.001,0.001,0.001,0.003,0.003,0.003,0.003,0.001,
0.0,0.003,-0.046,0.01,0.001,0.003,0.045,0.0,0.016,0.063,0.0,-0.04,0.0,-0.03,0.002,-0.005,0.016,0.063,0.039,0.01,0.059,0.063,0.061,0.058,0.051,0.003,0.058,0.063,0.054,0.063,0.063,0.061,0.056,0.062,0.009,0.063,0.06,0.061,0.003,0.067,0.014,0.061,0.062,0.016,0.058,0.063,0.001,0.063,0.063,0.014,0.061,0.064,0.055,0.061,0.063,0.061,0.056,0.062,0.06,0.065,0.001,0.063,0.06,0.061,0.058,0.064,0.055,0.06,0.064,0.054,0.064,0.059,0.065,0.056,0.062,0.062,0.062,0.062,0.062,0.062,0.062,0.062,0.062,0.062,0.062,0.062,0.062,0.062,0.062,0.062,0.062,0.062,0.062,0.062,0.062,0.062,0.062,0.062,0.062,0.062,
-0.055,0.004,0.0,0.0,0.0,0.0,0.0,0.0,0.0,0.0,0.0,0.0,0.0,0.0,0.0,0.0,0.0,0.0,0.0,-0.001,0.0,0.0,0.0,0.0,0.0,0.0,0.0,0.0,0.0,0.0,0.0,0.0,0.0,0.0,0.0,0.0,0.0,0.0,0.0,0.0,0.0,0.0,0.0,0.0,0.0,0.0,0.0,0.0,0.0,0.0,0.0,0.0,0.0,0.0,0.0,0.0,0.0,0.0,0.0,0.0,0.0,0.0,0.0,0.0,0.0,0.0,0.0,0.0,0.0,0.0,0.0,0.0,0.0,0.0,0.0,0.0,0.0,0.0,0.0,0.0,0.0,0.0,0.0,0.0,0.0,0.0,0.0,0.0,0.0,0.0,0.0,0.0,0.0,0.0,0.0,0.0,0.0,0.0,0.0,0.0,
0.0,0.0,0.001,-0.064,0.0,-0.063,0.0,-0.053,0.0,-0.065,0.001,-0.009,0.0,0.0,-0.015,-0.014,-0.014,0.0,-0.017,-0.014,-0.001,-0.015,-0.014,-0.015,-0.014,-0.015,0.0,-0.017,-0.014,-0.001,-0.012,0.0,0.0,-0.015,-0.014,-0.015,-0.014,-0.001,-0.015,-0.015,-0.014,-0.014,-0.001,-0.015,-0.014,-0.014,-0.015,-0.014,-0.014,0.0,-0.013,-0.004,-0.001,-0.015,-0.014,-0.015,-0.014,0.0,-0.017,-0.014,-0.015,-0.014,-0.014,-0.015,-0.014,-0.014,-0.001,-0.015,-0.015,-0.004,-0.003,0.0,-0.013,-0.004,0.003,-0.006,0.0,-0.012,-0.005,0.0,-0.014,-0.005,-0.001,-0.015,-0.015,0.0,-0.015,-0.015,0.0,-0.012,-0.004,-0.001,-0.013,-0.005,0.0,-0.017,-0.014,-0.001,-0.015,-0.015,
-0.008,0.0,0.001,0.0,0.001,0.0,0.0,0.0,0.0,0.0,0.0,0.0,0.0,0.0,0.0,0.0,0.0,0.0,0.0,0.0,0.0,0.0,0.0,0.0,0.0,0.0,0.0,0.0,0.0,0.0,0.0,0.0,0.0,0.0,0.0,0.0,0.0,0.0,0.0,0.0,0.0,0.0,0.0,0.0,0.0,0.0,0.0,0.0,0.0,0.0,0.0,0.0,0.0,0.0,0.0,0.0,0.0,0.0,0.0,0.0,0.0,0.0,0.0,0.0,0.0,0.0,0.0,0.0,0.0,0.0,0.0,0.0,0.0,0.0,0.0,0.0,0.0,0.0,0.0,0.0,0.0,0.0,0.0,0.0,0.0,0.0,0.0,0.0,0.0,0.0,0.0,0.0,0.0,0.0,0.0,0.0,0.0,0.0,0.0,0.0,
0.0,-0.361,0.06,-0.015,0.0,-0.009,-0.003,-0.005,-0.005,-0.005,-0.012,-0.007,-0.012,-0.005,-0.009,-0.005,-0.009,-0.007,-0.01,-0.007,-0.012,-0.007,-0.012,-0.007,-0.012,-0.007,-0.012,-0.007,-0.012,-0.007,-0.012,-0.007,0.002,-0.002,-0.003,-0.005,-0.01,-0.005,-0.01,-0.005,-0.01,-0.005,-0.01,-0.003,-0.003,-0.005,-0.01,-0.005,0.002,-0.009,-0.01,-0.007,-0.009,-0.005,-0.01,-0.007,-0.012,-0.007,-0.012,-0.007,-0.012,-0.007,-0.012,-0.007,-0.012,-0.007,0.002,-0.005,-0.01,-0.003,-0.003,-0.005,-0.01,-0.003,-0.003,-0.005,-0.01,-0.003,-0.003,-0.005,-0.01,-0.005,-0.01,-0.005,-0.01,-0.003,-0.002,0.0,0.0,0.0,0.0,0.0,0.0,0.0,0.0,0.0,0.0,0.0,0.0,0.0,
-0.128,-0.021,0.0,-0.048,0.0,-0.001,-0.017,0.0,-0.017,0.001,0.0,0.0,-0.017,0.001,0.0,0.0,-0.017,0.0,-0.017,0.0,-0.017,0.0,-0.016,-0.039,-0.094,-0.037,0.0,-0.041,0.0,-0.001,0.0,0.0,0.0,0.0,0.0,0.0,0.0,0.0,0.0,0.0,0.0,0.0,0.0,0.0,0.0,0.0,0.0,0.0,0.0,0.0,0.0,0.0,0.0,0.0,0.0,0.0,0.0,0.0,0.0,0.0,0.0,0.0,0.0,0.0,0.0,0.0,0.0,0.0,0.0,0.0,0.0,0.0,0.0,0.0,0.0,0.0,0.0,0.0,0.0,0.0,0.0,0.0,0.0,0.0,0.0,0.0,0.0,0.0,0.0,0.0,0.0,0.0,0.0,0.0,0.0,0.0,0.0,0.0,0.0,0.0,
-0.026,0.0,0.0,0.0,0.001,0.0,0.0,0.0,-0.001,0.001,0.0,0.0,0.0,-0.003,-0.001,-0.003,-0.001,-0.001,0.0,-0.003,0.0,-0.001,0.0,-0.004,-0.001,-0.003,-0.001,-0.003,-0.001,-0.003,-0.001,-0.003,-0.001,0.0,0.0,0.0,0.0,-0.003,-0.001,0.0,0.0,0.001,0.0,0.0,0.0,-0.003,-0.001,-0.001,-0.001,0.001,0.0,0.0,0.0,0.0,0.0,0.0,0.0,-0.001,-0.001,-0.001,-0.001,-0.001,0.0,0.0,0.0,0.001,0.0,0.0,-0.001,-0.001,-0.001,-0.001,0.0,0.0,0.0,-0.003,-0.001,-0.003,-0.001,-0.001,0.0,-0.003,0.0,-0.001,0.0,0.0,0.0,0.0,0.0,-0.003,0.001,-0.001,0.0,-0.004,0.0,-0.003,0.0,-0.001,0.001,-0.001,
0.0,-0.029,-0.004,0.001,0.052,-0.003,0.007,0.005,0.043,-0.001,0.005,0.007,0.064,0.039,0.041,-0.005,0.005,0.005,0.007,0.005,0.007,0.005,0.007,0.008,0.043,0.035,0.05,0.054,0.055,0.055,0.055,0.055,0.055,0.055,0.055,0.055,0.055,0.055,0.055,0.055,0.055,0.055,0.055,0.055,0.055,0.055,0.055,0.055,0.055,0.055,0.055,0.055,0.055,0.055,0.055,0.055,0.055,0.055,0.055,0.055,0.055,0.055,0.055,0.055,0.055,0.055,0.055,0.055,0.055,0.055,0.055,0.055,0.055,0.055,0.055,0.055,0.055,0.055,0.055,0.055,0.055,0.055,0.055,0.055,0.055,0.055,0.055,0.055,0.055,0.055,0.055,0.055,0.055,0.055,0.055,0.055,0.055,0.055,0.055,0.065,
-0.056,0.018,0.0,0.0,0.003,0.001,0.001,0.001,0.001,0.001,0.001,0.0,0.036,0.037,0.001,0.004,0.003,0.003,0.004,0.004,0.004,0.001,0.003,0.004,0.003,0.003,0.001,0.003,0.003,0.001,0.001,0.001,0.003,0.004,0.004,-0.001,0.003,0.001,0.003,0.003,0.001,0.001,0.001,0.0,0.0,0.001,0.001,0.004,0.005,0.005,0.004,0.005,0.004,0.004,0.005,0.005,0.004,0.005,0.004,0.004,0.005,0.005,0.004,0.005,0.004,0.004,0.005,0.005,0.004,0.005,0.004,0.004,0.005,0.005,0.004,0.005,0.004,0.004,0.005,0.005,0.004,0.005,0.004,0.004,0.005,0.005,0.004,0.005,0.004,0.004,0.005,0.005,0.004,0.005,0.004,0.004,0.005,0.005,0.004,0.005,
-0.118,-0.131,-0.111,-0.12,-0.152,-0.156,-0.147,-0.156,-0.147,-0.134,-0.124,-0.144,-0.149,-0.156,-0.15,-0.134,-0.152,-0.132,-0.137,-0.138,-0.153,-0.149,-0.124,-0.14,-0.145,-0.143,-0.15,-0.151,-0.156,-0.143,-0.134,-0.156,-0.14,-0.151,-0.15,-0.129,-0.156,-0.156,-0.134,-0.157,-0.144,-0.134,-0.141,-0.143,-0.156,-0.149,-0.152,-0.155,-0.139,-0.142,-0.156,-0.149,-0.151,-0.15,-0.134,-0.124,-0.149,-0.146,-0.156,-0.147,-0.134,-0.145,-0.136,-0.156,-0.156,-0.15,-0.156,-0.152,-0.157,-0.152,-0.157,-0.15,-0.152,-0.156,-0.122,-0.156,-0.152,-0.139,-0.153,-0.156,-0.15,-0.129,-0.156,-0.156,-0.134,-0.157,-0.15,-0.129,-0.156,-0.154,-0.157,-0.154,-0.153,-0.156,-0.118,-0.156,-0.15,-0.129,-0.156,-0.004,
0.0,-0.124,-0.001,-0.015,-0.015,-0.012,-0.015,-0.013,-0.015,-0.013,-0.015,-0.013,-0.015,-0.013,-0.015,-0.013,-0.015,-0.013,-0.015,-0.013,-0.015,-0.013,-0.015,-0.013,-0.015,-0.013,-0.015,-0.013,-0.015,-0.013,-0.015,-0.013,-0.015,-0.013,-0.015,-0.013,-0.015,-0.013,-0.015,-0.013,-0.015,-0.013,-0.015,-0.013,-0.015,-0.013,-0.015,-0.013,-0.015,-0.013,-0.015,-0.013,-0.015,-0.013,-0.015,-0.013,-0.015,-0.013,-0.015,-0.013,-0.015,-0.013,-0.015,-0.013,-0.015,-0.013,-0.015,-0.013,-0.015,-0.013,-0.015,-0.013,-0.015,-0.013,-0.015,-0.013,-0.015,-0.013,-0.015,-0.013,-0.015,-0.013,-0.015,-0.013,-0.015,-0.013,-0.015,-0.013,-0.015,-0.013,-0.015,-0.013,-0.015,-0.013,-0.015,-0.013,-0.015,-0.013,-0.015,-0.013,
-0.135,-0.097,0.0,0.0,0.0,0.002,0.0,0.0,0.0,0.0,0.0,0.0,0.0,0.0,0.0,0.0,0.0,0.0,0.0,0.0,0.0,0.0,0.0,0.0,0.0,0.0,0.0,-0.01,0.0,0.0,0.0,0.0,0.0,0.0,0.0,0.0,0.0,0.0,0.0,0.0,0.0,0.0,0.0,-0.002,0.0,0.0,0.0,0.0,0.0,0.0,0.0,0.0,0.0,0.0,0.0,0.0,0.0,0.0,0.0,0.0,0.0,0.0,-0.037,0.0,0.0,0.0,0.0,0.0,0.0,0.0,0.0,-0.01,0.0,0.0,0.0,0.0,0.0,0.0,-0.005,0.0,0.0,0.0,0.0,0.0,-0.005,0.0,0.0,0.0,0.0,0.0,0.0,-0.036,0.0,0.0,0.0,0.0,0.0,0.0,0.0,0.0,
-0.071,-0.056,0.033,-0.003,-0.022,-0.006,0.001,-0.001,0.0,-0.003,0.0,0.0,0.0,-0.018,-0.001,-0.003,0.0,0.0,0.0,-0.007,0.0,0.001,0.0,-0.007,0.001,0.0,0.0,0.0,0.001,0.0,-0.003,-0.003,0.0,0.001,0.0,-0.021,0.001,0.009,0.024,0.027,0.026,0.0,-0.014,-0.003,0.001,0.001,0.001,0.001,0.003,0.001,-0.021,-0.007,0.0,-0.003,0.0,-0.004,0.001,0.0,0.001,-0.004,0.001,0.001,0.0,0.001,-0.022,0.001,0.001,-0.021,0.001,0.001,-0.014,0.001,0.0,0.0,0.0,0.001,-0.024,-0.003,0.001,0.003,0.003,0.001,0.0,0.003,-0.007,0.001,-0.001,0.001,0.001,0.003,0.001,0.001,0.0,0.0,0.0,0.001,-0.024,-0.006,0.001,-0.014,
-0.113,-0.004,0.0,-0.009,-0.032,0.029,-0.025,0.026,-0.029,0.03,0.01,0.06,-0.026,0.01,-0.028,0.001,-0.028,-0.029,0.003,-0.029,-0.029,0.003,-0.029,-0.029,-0.025,-0.025,-0.022,-0.028,-0.029,0.003,-0.029,-0.029,0.003,-0.029,-0.029,0.003,-0.029,-0.029,0.003,-0.029,-0.029,0.003,-0.029,-0.029,0.003,-0.029,-0.029,-0.025,0.004,0.007,0.009,-0.021,-0.022,-0.028,-0.029,0.004,-0.029,-0.029,-0.022,-0.025,-0.02,-0.028,-0.029,0.003,-0.029,-0.029,-0.022,-0.021,-0.02,-0.028,-0.029,-0.022,-0.021,-0.02,-0.028,-0.029,-0.022,-0.021,-0.02,-0.028,-0.029,-0.022,-0.021,-0.02,-0.028,-0.029,-0.022,-0.021,-0.02,-0.028,-0.029,-0.022,-0.021,-0.02,-0.028,-0.029,-0.022,-0.021,-0.02,0.001,
-0.161,-0.098,-0.002,-0.002,-0.002,-0.002,0.0,0.0,0.0,0.0,0.0,0.0,0.0,0.0,0.0,0.0,0.0,0.0,0.0,0.0,0.0,0.0,0.0,0.0,0.0,0.0,0.0,0.0,0.0,0.0,0.0,0.0,0.0,0.0,0.0,0.0,0.0,0.0,0.0,0.0,0.0,0.0,0.0,0.0,0.0,0.0,0.0,0.0,0.0,0.0,0.0,0.0,0.0,0.0,0.0,0.0,0.0,0.0,0.0,0.0,0.0,0.0,0.0,0.0,0.0,0.0,0.0,0.0,0.0,0.0,0.0,0.0,0.0,0.0,0.0,0.0,0.0,0.0,0.0,0.0,0.0,0.0,0.0,0.0,0.0,0.0,0.0,0.0,0.0,0.0,0.0,0.0,0.0,0.0,0.0,0.0,0.0,0.0,0.0,0.0,
-0.079,0.01,0.001,0.001,-0.004,-0.008,0.0,0.003,-0.001,0.001,0.003,0.0,0.0,0.001,-0.001,0.003,0.006,0.004,-0.001,0.006,0.004,0.006,0.006,0.001,0.004,0.003,-0.001,0.003,-0.001,-0.001,0.004,-0.007,0.0,0.003,0.0,0.004,0.001,-0.018,0.0,0.001,-0.005,0.003,0.0,-0.01,0.004,0.001,0.004,0.001,-0.005,0.001,0.004,0.001,0.003,0.001,-0.005,-0.016,0.004,-0.016,0.006,0.0,-0.004,-0.001,-0.001,0.004,0.0,0.001,0.004,0.004,0.039,0.001,0.003,0.001,0.004,-0.007,-0.008,0.003,0.004,0.001,-0.004,0.003,-0.001,0.004,0.004,0.001,-0.004,0.004,0.0,0.006,0.003,-0.008,-0.001,0.001,-0.001,0.0,-0.003,0.003,0.0,-0.01,0.004,0.003,
0.0,-0.044,0.0,-0.048,0.0,-0.105,-0.01,-0.056,0.0,-0.11,-0.021,-0.056,0.0,-0.11,-0.021,-0.056,0.0,-0.11,-0.021,-0.056,0.0,-0.11,-0.021,-0.056,0.0,-0.11,-0.021,-0.056,0.0,-0.11,-0.021,-0.056,0.0,-0.11,-0.021,-0.056,0.0,-0.11,-0.021,-0.056,0.0,-0.11,-0.021,-0.056,0.0,-0.11,-0.021,-0.056,0.0,-0.11,-0.021,-0.056,0.0,-0.11,-0.021,-0.056,0.0,-0.11,-0.021,-0.056,0.0,-0.11,-0.021,-0.056,0.0,-0.11,-0.021,-0.056,0.0,-0.11,-0.021,-0.056,0.0,-0.11,-0.021,-0.056,0.0,-0.11,-0.021,-0.056,0.0,-0.11,-0.021,-0.056,0.0,-0.11,-0.021,-0.056,0.0,-0.11,-0.021,-0.056,0.0,-0.11,-0.021,-0.056,0.0,-0.11,-0.021,-0.056,
0.0,-0.111,0.032,-0.019,0.0,-0.021,0.0,-0.021,0.0,-0.021,0.0,-0.021,0.0,-0.021,0.0,-0.021,0.0,-0.021,0.0,-0.021,0.0,-0.021,0.0,-0.021,0.0,-0.021,0.0,-0.021,0.0,-0.021,0.0,-0.021,0.0,-0.021,0.0,-0.021,0.0,-0.021,0.0,-0.021,0.0,-0.021,0.0,-0.021,0.0,-0.021,0.0,-0.021,0.0,-0.021,0.0,-0.021,0.0,-0.021,0.0,-0.021,0.0,-0.021,0.0,-0.021,0.0,-0.021,0.0,-0.021,0.0,-0.021,0.0,-0.021,0.0,-0.021,0.0,-0.021,0.0,-0.021,0.0,-0.021,0.0,-0.021,0.0,-0.021,0.0,-0.021,0.0,-0.021,0.0,-0.021,0.0,-0.021,0.0,-0.021,0.0,-0.021,0.0,-0.021,0.0,-0.021,0.0,-0.021,0.0,-0.021,
0.044,0.031,0.009,0.009,-0.044,0.029,0.026,0.007,-0.025,0.008,0.011,0.001,-0.012,-0.055,0.054,0.029,-0.01,0.036,-0.033,-0.018,0.042,0.023,0.002,-0.038,-0.023,0.067,0.041,0.016,-0.054,-0.004,0.049,0.025,0.002,-0.033,0.04,0.036,0.019,0.056,-0.023,0.002,0.032,0.011,0.001,-0.025,0.004,0.027,0.03,-0.012,-0.047,0.034,0.011,-0.002,0.025,-0.021,0.041,0.036,0.012,0.025,-0.051,0.001,0.032,0.01,0.012,-0.03,0.03,0.045,0.045,0.012,-0.054,-0.004,0.049,0.013,0.021,-0.057,0.02,0.059,0.021,0.004,-0.005,0.019,0.002,0.022,0.036,-0.056,0.058,0.034,-0.003,0.039,-0.034,0.024,0.027,-0.029,0.058,-0.054,0.034,0.063,0.037,0.012,-0.048,0.004,
0.0,0.0,0.0,0.0,0.0,0.0,0.0,0.0,0.0,0.0,0.0,0.0,0.0,0.0,0.0,0.0,0.0,0.0,0.0,0.0,0.0,0.0,0.0,0.0,0.0,0.0,0.0,0.0,0.0,0.0,0.0,0.0,0.0,0.0,0.0,0.0,0.0,0.0,0.0,0.0,0.0,0.0,0.0,0.0,0.0,0.0,0.0,0.0,0.0,0.0,0.0,0.0,0.0,0.0,0.0,0.0,0.0,0.0,0.0,0.0,0.0,0.0,0.0,0.0,0.0,0.0,0.0,0.0,0.0,0.0,0.0,0.0,0.0,0.0,0.0,0.0,0.0,0.0,0.0,0.0,0.0,0.0,0.0,0.0,0.0,0.0,0.0,0.0,0.0,0.0,0.0,0.0,0.0,0.0,0.0,0.0,0.0,0.0,0.0,0.0,
0.0,-0.024,0.0,-0.095,0.009,-0.095,0.009,-0.095,0.009,-0.095,0.009,-0.095,0.009,-0.095,0.009,-0.095,0.009,-0.095,0.009,-0.095,0.009,-0.095,0.009,-0.095,0.009,-0.095,0.009,-0.095,0.009,-0.095,0.009,-0.095,0.009,-0.095,0.009,-0.095,0.009,-0.095,0.009,-0.095,0.009,-0.095,0.009,-0.095,0.009,-0.095,0.009,-0.095,0.009,-0.095,0.009,-0.095,0.009,-0.095,0.009,-0.095,0.009,-0.095,0.009,-0.095,0.009,-0.095,0.009,-0.095,0.009,-0.095,0.009,-0.095,0.009,-0.095,0.009,-0.095,0.009,-0.095,0.009,-0.095,0.009,-0.095,0.009,-0.095,0.009,-0.095,0.009,-0.095,0.009,-0.095,0.009,-0.095,0.009,-0.095,0.009,-0.095,0.009,-0.095,0.009,-0.095,0.009,-0.095,0.009,-0.091,
0.0,0.0,-0.063,-0.065,-0.023,-0.004,-0.041,-0.028,0.0,0.0,-0.003,0.035,-0.08,0.009,0.002,-0.033,-0.036,-0.003,0.001,-0.054,-0.029,-0.003,-0.041,0.008,0.0,-0.003,0.0,-0.019,-0.025,-0.002,0.017,0.0,-0.018,-0.023,0.001,-0.043,-0.006,-0.002,-0.026,-0.025,0.0,0.0,-0.003,0.035,-0.08,0.009,0.006,-0.033,-0.036,-0.003,0.001,-0.054,-0.029,-0.028,-0.041,0.008,0.0,-0.003,0.0,-0.019,-0.025,-0.002,0.017,0.0,-0.018,-0.023,0.001,-0.043,-0.006,-0.001,-0.026,-0.025,0.0,0.0,-0.003,0.035,-0.08,0.009,0.002,-0.033,-0.036,-0.003,0.001,-0.054,-0.007,-0.008,-0.044,0.009,0.0,-0.014,0.0,-0.019,-0.025,-0.002,0.017,0.0,-0.018,-0.023,0.001,0.0,
0.0,0.0,0.0,0.0,0.0,0.0,0.0,0.0,0.0,0.0,0.0,0.0,0.0,0.0,0.0,0.0,0.0,0.0,0.0,0.0,0.0,0.0,0.0,0.0,0.0,0.0,0.0,0.0,0.0,0.0,0.0,0.0,0.0,0.0,0.0,0.0,0.0,0.0,0.0,0.0,0.0,0.0,0.0,0.0,0.0,0.0,0.0,0.0,0.0,0.0,0.0,0.0,0.0,0.0,0.0,0.0,0.0,0.0,0.0,0.0,0.0,0.0,0.0,0.0,0.0,0.0,0.0,0.0,0.0,0.0,0.0,0.0,0.0,0.0,0.0,0.0,0.0,0.0,0.0,0.0,0.0,0.0,0.0,0.0,0.0,0.0,0.0,0.0,0.0,0.0,0.0,0.0,0.0,0.0,0.0,0.0,0.0,0.0,0.0,0.0,
-0.09,-0.079,-0.094,0.0,-0.092,-0.081,-0.085,-0.097,-0.088,-0.082,-0.08,-0.093,-0.08,-0.095,-0.08,-0.095,-0.08,-0.095,-0.08,-0.095,-0.08,-0.095,-0.08,-0.095,-0.08,-0.095,-0.08,-0.095,-0.08,-0.095,-0.08,-0.095,-0.08,-0.095,-0.08,-0.095,-0.08,-0.095,-0.08,-0.095,-0.08,-0.095,-0.08,-0.095,-0.08,-0.095,-0.08,-0.095,-0.08,-0.095,-0.08,-0.095,-0.08,-0.095,-0.08,-0.095,-0.08,-0.095,-0.08,-0.095,-0.08,-0.095,-0.08,-0.095,-0.08,-0.095,-0.08,-0.095,-0.08,-0.095,-0.08,-0.095,-0.08,-0.095,-0.08,-0.095,-0.08,-0.095,-0.08,-0.095,-0.08,-0.095,-0.08,-0.095,-0.08,-0.095,-0.08,-0.095,-0.08,-0.095,-0.08,-0.095,-0.08,-0.095,-0.08,-0.095,-0.08,-0.095,-0.08,0.0,
0.0,0.001,0.003,0.037,0.044,0.038,0.008,0.04,0.038,0.016,0.039,-0.003,0.005,0.024,0.04,-0.04,0.043,-0.04,0.04,-0.024,0.0,0.001,0.042,-0.001,0.042,-0.007,0.042,0.001,0.0,0.001,0.044,-0.003,0.0,0.005,0.041,-0.04,0.033,-0.058,0.042,0.002,0.024,0.002,0.041,0.0,0.0,-0.029,0.039,-0.04,0.017,-0.001,0.0,0.002,0.042,-0.016,0.042,0.001,0.0,0.005,0.04,0.001,0.04,0.002,0.028,0.001,0.04,-0.001,0.041,-0.04,0.041,0.001,0.039,0.002,0.043,-0.001,0.041,-0.04,0.044,-0.001,0.042,-0.007,0.042,0.001,0.0,0.001,0.044,0.0,0.0,0.0,0.041,-0.014,0.044,0.003,0.03,0.001,0.0,0.001,0.039,0.003,0.041,0.001,
-0.042,-0.01,0.017,0.011,-0.052,-0.03,-0.063,-0.04,-0.065,-0.054,-0.029,-0.067,-0.049,-0.03,-0.043,-0.047,-0.06,-0.038,-0.037,-0.053,-0.073,-0.029,-0.039,-0.05,-0.053,-0.061,-0.043,-0.054,-0.053,-0.061,-0.043,-0.054,-0.053,-0.061,-0.043,-0.054,-0.053,-0.061,-0.043,-0.054,-0.053,-0.061,-0.043,-0.054,-0.053,-0.061,-0.043,-0.054,-0.053,-0.061,-0.043,-0.054,-0.053,-0.061,-0.043,-0.054,-0.053,-0.061,-0.043,-0.054,-0.053,-0.061,-0.043,-0.054,-0.053,-0.061,-0.043,-0.054,-0.053,-0.061,-0.043,-0.054,-0.053,-0.061,-0.043,-0.054,-0.053,-0.061,-0.043,-0.054,-0.053,-0.061,-0.043,-0.054,-0.053,-0.061,-0.043,-0.054,-0.053,-0.061,-0.043,-0.054,-0.053,-0.061,-0.043,-0.054,-0.053,-0.061,-0.043,0.001,
0.0,-0.043,-0.001,-0.049,-0.028,-0.033,-0.012,-0.047,-0.018,-0.033,-0.003,-0.049,-0.028,-0.033,-0.012,-0.047,-0.018,-0.033,-0.003,-0.049,-0.028,-0.033,-0.012,-0.047,-0.018,-0.033,-0.003,-0.049,-0.028,-0.033,-0.012,-0.047,-0.018,-0.033,-0.003,-0.049,-0.028,-0.033,-0.012,-0.047,-0.018,-0.033,-0.003,-0.049,-0.028,-0.033,-0.012,-0.047,-0.018,-0.033,-0.003,-0.049,-0.028,-0.033,-0.012,-0.047,-0.018,-0.033,-0.003,-0.049,-0.028,-0.033,-0.012,-0.047,-0.018,-0.033,-0.003,-0.049,-0.028,-0.033,-0.012,-0.047,-0.018,-0.033,-0.003,-0.049,-0.028,-0.033,-0.012,-0.047,-0.018,-0.033,-0.003,-0.049,-0.028,-0.033,-0.012,-0.047,-0.018,-0.033,-0.003,-0.049,-0.028,-0.033,-0.012,-0.047,-0.018,-0.033,-0.003,0.0,
0.0,0.0,0.0,0.0,0.0,0.0,0.0,0.0,0.0,0.0,0.0,0.0,0.0,0.0,0.0,0.0,0.0,0.0,0.0,0.0,0.0,0.0,0.0,0.0,0.0,0.0,0.0,0.0,0.0,0.0,0.0,0.0,0.0,0.0,0.0,0.0,0.0,0.0,0.0,0.0,0.0,0.0,0.0,0.0,0.0,0.0,0.0,0.0,0.0,0.0,0.0,0.0,0.0,0.0,0.0,0.0,0.0,0.0,0.0,0.0,0.0,0.0,0.0,0.0,0.0,0.0,0.0,0.0,0.0,0.0,0.0,0.0,0.0,0.0,0.0,0.0,0.0,0.0,0.0,0.0,0.0,0.0,0.0,0.0,0.0,0.0,0.0,0.0,0.0,0.0,0.0,0.0,0.0,0.0,0.0,0.0,0.0,0.0,0.0,0.0,
-0.119,-0.096,-0.145,-0.083,-0.139,-0.104,-0.122,-0.104,-0.118,-0.084,-0.146,-0.112,-0.116,-0.095,-0.147,-0.087,-0.123,-0.089,-0.111,-0.137,-0.145,-0.099,-0.143,-0.095,-0.124,-0.132,-0.138,-0.081,-0.159,-0.089,-0.132,-0.089,-0.146,-0.104,-0.138,-0.12,-0.13,-0.122,-0.143,-0.088,-0.114,-0.102,-0.13,-0.089,-0.159,-0.07,-0.16,-0.094,-0.129,-0.094,-0.16,-0.082,-0.123,-0.138,-0.109,-0.094,-0.14,-0.08,-0.14,-0.094,-0.13,-0.138,-0.126,-0.12,-0.125,-0.131,-0.117,-0.132,-0.13,-0.119,-0.126,-0.119,-0.109,-0.131,-0.143,-0.106,-0.156,-0.129,-0.132,-0.138,-0.155,-0.117,-0.128,-0.094,-0.115,-0.094,-0.154,-0.112,-0.125,-0.12,-0.102,-0.13,-0.127,-0.12,-0.113,-0.125,-0.115,-0.125,-0.115,0.008,
0.0,0.0,0.0,0.0,0.0,0.0,0.0,0.0,0.0,0.0,0.0,0.0,0.0,0.0,0.0,0.0,0.0,0.0,0.0,0.0,0.0,0.0,0.0,0.0,0.0,0.0,0.0,0.0,0.0,0.0,0.0,0.0,0.0,0.0,0.0,0.0,0.0,0.0,0.0,0.0,0.0,0.0,0.0,0.0,0.0,0.0,0.0,0.0,0.0,0.0,0.0,0.0,0.0,0.0,0.0,0.0,0.0,0.0,0.0,0.0,0.0,0.0,0.0,0.0,0.0,0.0,0.0,0.0,0.0,0.0,0.0,0.0,0.0,0.0,0.0,0.0,0.0,0.0,0.0,0.0,0.0,0.0,0.0,0.0,0.0,0.0,0.0,0.0,0.0,0.0,0.0,0.0,0.0,0.0,0.0,0.0,0.0,0.0,0.0,0.0,
-0.014,0.003,-0.001,-0.099,-0.065,-0.015,0.0,-0.008,-0.011,0.0,-0.062,0.0,-0.114,0.002,0.0,-0.044,-0.05,-0.119,0.0,-0.029,-0.036,-0.014,-0.02,-0.041,0.0,-0.115,0.0,-0.119,0.0,-0.003,-0.053,-0.023,-0.042,-0.005,-0.066,0.0,-0.029,-0.008,0.0,-0.044,-0.051,0.0,-0.081,-0.085,0.0,-0.127,-0.002,-0.054,0.0,-0.114,0.0,-0.119,0.0,-0.003,-0.053,-0.023,-0.042,-0.005,-0.066,0.0,-0.029,-0.008,0.0,-0.044,-0.051,0.0,-0.081,-0.085,0.0,-0.127,-0.002,-0.054,0.0,-0.114,0.0,-0.119,0.0,-0.003,-0.053,-0.023,-0.042,-0.005,-0.066,0.0,-0.029,-0.008,0.0,-0.044,-0.051,0.0,-0.081,-0.085,0.0,-0.127,-0.002,-0.054,0.0,-0.114,0.0,-0.073,
0.0,0.0,0.006,0.0,0.005,0.0,0.002,0.0,0.002,0.0,0.002,0.0,0.002,0.0,0.002,0.0,0.002,0.0,0.002,0.0,0.002,0.0,0.004,0.0,0.004,0.0,0.002,0.0,0.002,0.0,0.004,0.0,0.003,0.0,0.003,0.0,0.005,0.0,0.002,0.0,0.004,0.044,0.003,0.0,0.005,0.0,0.004,0.0,0.003,0.043,0.002,0.0,0.004,0.0,0.002,0.0,0.002,0.0,0.002,0.0,0.002,0.0,0.002,0.0,0.002,0.0,0.002,0.0,0.002,0.0,0.002,0.0,0.002,0.0,0.002,0.0,0.002,0.0,0.002,0.0,0.002,0.0,0.002,0.0,0.002,0.0,0.002,0.0,0.002,0.0,0.002,0.0,0.002,0.0,0.002,0.0,0.002,0.0,0.002,0.0,
-0.018,0.004,0.003,0.001,0.004,0.004,0.004,0.004,0.003,0.001,0.0,0.0,0.0,0.0,0.0,0.0,0.0,0.0,0.0,0.0,0.0,0.0,0.0,0.0,0.0,0.0,0.0,0.0,0.0,0.0,0.0,0.0,0.0,0.0,0.0,0.0,0.0,0.0,0.0,0.0,0.0,0.0,0.0,0.0,0.0,0.0,0.0,0.0,0.0,0.0,0.0,0.0,0.0,0.0,0.0,0.0,0.0,0.0,0.0,0.0,0.0,0.0,0.0,0.0,0.0,0.0,0.0,0.0,0.0,0.0,0.0,0.0,0.0,0.0,0.0,0.0,0.0,0.0,0.0,0.0,0.0,0.0,0.0,0.0,0.0,0.0,0.0,0.0,0.0,0.0,0.0,0.0,0.0,0.0,0.0,0.0,0.0,0.0,0.0,0.0,
-0.051,0.002,-0.026,-0.035,-0.053,-0.039,-0.05,-0.039,-0.047,-0.033,-0.047,-0.037,-0.05,-0.028,-0.045,-0.027,-0.045,-0.027,-0.045,-0.027,-0.045,-0.027,-0.045,-0.027,-0.045,-0.027,-0.045,-0.027,-0.045,-0.027,-0.045,-0.027,-0.045,-0.027,-0.045,-0.027,-0.045,-0.027,-0.045,-0.027,-0.045,-0.027,-0.045,-0.027,-0.045,-0.027,-0.045,-0.027,-0.045,-0.027,-0.045,-0.027,-0.045,-0.027,-0.045,-0.027,-0.045,-0.027,-0.045,-0.027,-0.045,-0.027,-0.045,-0.027,-0.045,-0.027,-0.045,-0.027,-0.045,-0.027,-0.045,-0.027,-0.045,-0.027,-0.045,-0.027,-0.045,-0.027,-0.045,-0.027,-0.045,-0.027,-0.045,-0.027,-0.045,-0.027,-0.045,-0.027,-0.045,-0.027,-0.045,-0.027,-0.045,-0.027,-0.045,-0.027,-0.045,-0.027,-0.045,-0.01,
-0.108,0.003,-0.004,0.0,0.003,0.003,0.003,0.003,0.0,0.002,0.003,0.003,0.024,0.029,0.026,0.026,0.003,0.002,0.0,0.002,0.027,0.003,0.003,0.002,0.024,0.002,0.0,0.0,0.002,0.027,0.002,0.002,0.003,0.003,0.002,0.002,0.003,0.003,0.003,0.002,0.002,0.0,0.0,0.003,0.002,0.024,0.029,0.003,0.003,0.002,0.002,0.002,0.002,0.002,0.003,0.002,0.002,0.003,0.026,0.002,0.003,0.003,0.005,0.005,0.003,0.002,0.002,0.027,0.002,0.003,0.003,0.005,0.003,0.002,0.002,0.002,0.002,0.002,0.024,0.003,0.003,0.002,0.0,0.002,0.026,0.002,0.002,0.002,0.002,0.002,0.002,0.002,0.002,0.002,0.024,0.002,0.0,0.0,0.0,0.002,
0.0,0.0,-0.075,-0.001,-0.001,-0.002,-0.001,0.0,0.0,0.0,0.0,0.0,0.0,0.0,0.0,-0.002,-0.002,0.001,0.0,0.0,0.0,0.0,0.0,0.0,-0.002,0.0,-0.002,0.0,-0.002,0.0,-0.002,0.0,-0.002,0.0,-0.002,0.0,-0.002,0.0,-0.002,0.0,-0.002,0.0,-0.002,0.0,0.0,0.0,0.0,-0.002,-0.001,0.0,-0.001,0.0,0.0,0.0,-0.002,0.0,-0.002,0.0,-0.002,0.0,-0.002,0.0,-0.002,0.0,-0.002,0.0,-0.002,0.0,-0.002,0.0,-0.002,0.0,-0.002,0.0,-0.002,0.0,-0.002,0.0,-0.002,0.0,-0.002,0.0,-0.002,0.0,0.0,-0.002,-0.002,0.0,0.0,-0.002,-0.001,0.0,0.0,0.0,-0.002,0.0,-0.002,0.0,-0.002,0.0,
-0.075,-0.004,-0.007,-0.003,-0.003,-0.004,-0.003,-0.004,-0.003,-0.004,-0.003,-0.004,-0.003,-0.004,-0.003,-0.004,-0.003,-0.004,-0.003,-0.004,-0.003,-0.004,-0.003,-0.004,-0.003,-0.004,-0.003,-0.004,-0.003,-0.004,-0.003,-0.004,-0.003,-0.004,-0.003,-0.004,-0.003,-0.004,-0.003,-0.004,-0.003,-0.004,-0.003,-0.004,-0.003,-0.004,-0.003,-0.004,-0.003,-0.004,-0.003,-0.004,-0.003,-0.004,-0.003,-0.004,-0.003,-0.004,-0.003,-0.004,-0.003,-0.004,-0.003,-0.004,-0.003,-0.004,-0.003,-0.004,-0.003,-0.004,-0.003,-0.004,-0.003,-0.004,-0.003,-0.004,-0.003,-0.004,-0.003,-0.004,-0.003,-0.004,-0.003,-0.004,-0.003,-0.004,-0.003,-0.004,-0.003,-0.004,-0.003,-0.004,-0.003,-0.004,-0.003,-0.004,-0.003,-0.004,-0.003,-0.004,
0.0,-0.002,-0.022,0.0,0.0,0.0,0.0,0.0,0.0,0.0,0.0,0.0,0.0,0.0,0.0,0.0,0.0,0.0,0.0,0.0,0.0,0.0,0.0,0.0,0.0,0.0,0.0,0.0,0.0,0.0,0.0,0.0,0.0,0.0,0.0,0.0,0.0,0.0,0.0,0.0,0.0,0.0,0.0,0.0,0.0,0.0,0.0,0.0,0.0,0.0,0.0,0.0,0.0,0.0,0.0,0.0,0.0,0.0,0.0,0.0,0.0,0.0,0.0,0.0,0.0,0.0,0.0,0.0,0.0,0.0,0.0,0.0,0.0,0.0,0.0,0.0,0.0,0.0,0.0,0.0,0.0,0.0,0.0,0.0,0.0,0.0,0.0,0.0,0.0,0.0,0.0,0.0,0.0,0.0,0.0,0.0,0.0,0.0,0.0,0.0,
-0.071,0.001,0.0,-0.003,-0.001,-0.007,-0.001,-0.006,-0.003,-0.006,-0.001,-0.006,-0.001,-0.006,-0.001,-0.006,-0.001,-0.006,-0.001,-0.006,-0.001,-0.006,-0.001,-0.006,-0.001,-0.006,-0.001,-0.006,-0.001,-0.006,-0.001,-0.006,-0.001,-0.006,-0.001,-0.006,-0.001,-0.006,-0.001,-0.006,-0.001,-0.006,-0.001,-0.006,-0.001,-0.006,-0.001,-0.006,-0.001,-0.006,-0.001,-0.006,-0.001,-0.006,-0.001,-0.006,-0.001,-0.006,-0.001,-0.006,-0.001,-0.006,-0.001,-0.006,-0.001,-0.006,-0.001,-0.006,-0.001,-0.006,-0.001,-0.006,-0.001,-0.006,-0.001,-0.006,-0.001,-0.006,-0.001,-0.006,-0.001,-0.006,-0.001,-0.006,-0.001,-0.006,-0.001,-0.006,-0.001,-0.006,-0.001,-0.006,-0.001,-0.006,-0.001,-0.006,-0.001,-0.006,-0.001,-0.006,
0.0,-0.019,0.0,0.0,-0.008,0.0,-0.007,0.0,-0.007,0.0,-0.007,0.0,-0.007,0.0,-0.007,0.0,-0.007,0.0,-0.007,0.0,-0.007,0.0,-0.007,0.0,-0.007,0.0,-0.007,0.0,-0.007,0.0,-0.007,0.0,-0.007,0.0,-0.007,0.0,-0.007,0.0,-0.007,0.0,-0.007,0.0,-0.007,0.0,-0.007,0.0,-0.007,0.0,-0.007,0.0,-0.007,0.0,-0.007,0.0,-0.007,0.0,-0.007,0.0,-0.007,0.0,-0.007,0.0,-0.007,0.0,-0.007,0.0,-0.007,0.0,-0.007,0.0,-0.007,0.0,-0.007,0.0,-0.007,0.0,-0.007,0.0,-0.007,0.0,-0.007,0.0,-0.007,0.0,-0.007,0.0,-0.007,0.0,-0.007,0.0,-0.007,0.0,-0.007,0.0,-0.007,0.0,-0.007,0.0,-0.007,0.0,
-0.105,-0.022,0.0,-0.009,0.0,-0.009,0.0,-0.009,0.0,-0.009,0.0,-0.009,0.0,-0.009,0.0,-0.009,0.0,-0.009,0.0,-0.009,0.0,-0.009,0.0,-0.009,0.0,-0.009,0.0,-0.009,0.0,-0.009,0.0,-0.009,0.0,-0.009,0.0,-0.009,0.0,-0.009,0.0,-0.009,0.0,-0.009,0.0,-0.009,0.0,-0.009,0.0,-0.009,0.0,-0.009,0.0,-0.009,0.0,-0.009,0.0,-0.009,0.0,-0.009,0.0,-0.009,0.0,-0.009,0.0,-0.009,0.0,-0.009,0.0,-0.009,0.0,-0.009,0.0,-0.009,0.0,-0.009,0.0,-0.009,0.0,-0.009,0.0,-0.009,0.0,-0.009,0.0,-0.009,0.0,-0.009,0.0,-0.009,0.0,-0.009,0.0,-0.009,0.0,-0.009,0.0,-0.009,0.0,-0.009,0.0,0.003,
0.0,-0.001,-0.015,0.0,-0.027,0.0,-0.021,0.0,-0.147,0.039,0.0,0.0,-0.006,0.0,0.0,0.0,0.0,0.0,-0.008,0.0,-0.002,0.0,-0.002,0.0,-0.002,0.0,-0.002,0.0,0.0,0.0,-0.002,0.0,-0.002,0.0,-0.002,0.0,-0.002,0.0,-0.002,0.0,-0.002,0.0,-0.002,0.0,-0.002,0.0,-0.002,0.0,-0.002,0.0,-0.002,0.0,-0.002,0.0,0.0,0.0,-0.002,0.0,-0.002,0.0,-0.002,0.0,0.0,0.0,-0.002,0.0,-0.002,0.0,-0.002,0.0,-0.002,0.0,-0.002,0.0,-0.002,0.0,-0.002,0.0,-0.002,0.0,0.0,0.0,-0.002,0.0,-0.002,0.0,-0.002,0.0,-0.002,0.0,-0.002,0.0,-0.002,0.0,-0.002,0.0,-0.002,0.0,-0.002,0.0,
0.0,0.0,0.0,0.0,0.0,0.0,0.0,0.0,0.0,0.0,0.0,0.0,0.0,0.0,0.0,0.0,0.0,0.0,0.0,0.0,0.0,0.0,0.0,0.0,0.0,0.0,0.0,0.0,0.0,0.0,0.0,0.0,0.0,0.0,0.0,0.0,0.0,0.0,0.0,0.0,0.0,0.0,0.0,0.0,0.0,0.0,0.0,0.0,0.0,0.0,0.0,0.0,0.0,0.0,0.0,0.0,0.0,0.0,0.0,0.0,0.0,0.0,0.0,0.0,0.0,0.0,0.0,0.0,0.0,0.0,0.0,0.0,0.0,0.0,0.0,0.0,0.0,0.0,0.0,0.0,0.0,0.0,0.0,0.0,0.0,0.0,0.0,0.0,0.0,0.0,0.0,0.0,0.0,0.0,0.0,0.0,0.0,0.0,0.0,0.0,
0.0,0.0,-0.008,0.0,-0.01,-0.011,0.0,0.0,-0.01,-0.011,0.0,0.0,-0.01,-0.011,0.0,0.0,-0.01,-0.011,0.0,0.0,-0.01,-0.011,0.0,0.0,-0.01,-0.011,0.0,0.0,-0.01,-0.011,0.0,0.0,-0.01,-0.011,0.0,0.0,-0.01,-0.011,0.0,0.0,-0.01,-0.011,0.0,0.0,-0.01,-0.011,0.0,0.0,-0.01,-0.011,0.0,0.0,-0.01,-0.011,0.0,0.0,-0.01,-0.011,0.0,0.0,-0.01,-0.011,0.0,0.0,-0.01,-0.011,0.0,0.0,-0.01,-0.011,0.0,0.0,-0.01,-0.011,0.0,0.0,-0.01,-0.011,0.0,0.0,-0.01,-0.011,0.0,0.0,-0.01,-0.011,0.0,0.0,-0.01,-0.011,0.0,0.0,-0.01,-0.011,0.0,0.0,-0.01,-0.011,0.0,0.0,
0.0,0.0,0.0,0.0,0.0,0.0,0.0,0.0,0.0,0.0,0.0,0.0,0.0,0.0,0.0,0.0,0.0,0.0,0.0,0.0,0.0,0.0,0.0,0.0,0.0,0.0,0.0,0.0,0.0,0.0,0.0,0.0,0.0,0.0,0.0,0.0,0.0,0.0,0.0,0.0,0.0,0.0,0.0,0.0,0.0,0.0,0.0,0.0,0.0,0.0,0.0,0.0,0.0,0.0,0.0,0.0,0.0,0.0,0.0,0.0,0.0,0.0,0.0,0.0,0.0,0.0,0.0,0.0,0.0,0.0,0.0,0.0,0.0,0.0,0.0,0.0,0.0,0.0,0.0,0.0,0.0,0.0,0.0,0.0,0.0,0.0,0.0,0.0,0.0,0.0,0.0,0.0,0.0,0.0,0.0,0.0,0.0,0.0,0.0,0.0,
0.0,0.005,-0.099,-0.016,0.0,-0.053,0.004,-0.05,0.004,-0.05,0.004,-0.05,0.004,-0.05,0.004,-0.05,0.004,-0.05,0.004,-0.05,0.004,-0.05,0.004,-0.05,0.004,-0.05,0.004,-0.05,0.004,-0.05,0.004,-0.05,0.004,-0.05,0.004,-0.05,0.004,-0.05,0.004,-0.05,0.005,-0.049,0.004,-0.05,0.004,-0.05,0.004,-0.05,0.005,-0.049,0.004,-0.05,0.035,-0.047,0.006,-0.049,0.004,-0.05,0.004,-0.05,0.005,-0.049,0.004,-0.05,0.004,-0.05,0.004,-0.05,0.004,-0.05,0.004,-0.05,0.004,-0.05,0.004,-0.05,0.004,-0.05,0.004,-0.05,0.004,-0.05,0.035,-0.047,0.004,-0.05,0.035,-0.047,0.006,-0.049,0.004,-0.05,0.004,-0.05,0.004,-0.05,0.006,-0.048,0.006,-0.012,
-0.003,-0.176,-0.043,-0.108,-0.064,-0.034,0.0,-0.031,0.0,-0.031,0.0,-0.031,0.0,-0.031,0.0,-0.031,0.0,-0.031,0.0,-0.031,0.0,-0.031,0.0,-0.031,0.0,-0.031,0.0,-0.031,0.0,-0.031,0.0,-0.031,0.0,-0.031,0.0,-0.031,0.0,-0.031,0.0,-0.031,0.0,-0.031,0.0,-0.031,0.0,-0.031,0.0,-0.031,0.0,-0.031,0.0,-0.031,0.0,-0.031,0.0,-0.031,0.0,-0.031,0.0,-0.031,0.0,-0.031,0.0,-0.031,0.0,-0.031,0.0,-0.031,0.0,-0.031,0.0,-0.031,0.0,-0.031,0.0,-0.031,0.0,-0.031,0.0,-0.031,0.0,-0.031,0.0,-0.031,0.0,-0.031,0.0,-0.031,0.0,-0.031,0.0,-0.031,0.0,-0.031,0.0,-0.031,0.0,-0.031,0.0,-0.031,
-0.086,-0.002,-0.067,0.009,-0.043,0.016,-0.054,-0.004,-0.002,-0.029,-0.035,-0.042,0.014,-0.05,-0.032,-0.057,-0.015,-0.044,-0.052,-0.003,-0.051,-0.041,-0.05,-0.041,-0.05,-0.041,-0.05,-0.041,-0.05,-0.041,-0.05,-0.041,-0.05,-0.003,-0.051,-0.041,-0.05,-0.041,-0.05,-0.041,-0.05,-0.041,-0.05,-0.041,-0.05,-0.041,-0.05,-0.041,-0.05,-0.041,-0.05,-0.041,-0.05,-0.041,-0.05,-0.041,-0.05,-0.041,-0.05,-0.041,-0.05,-0.003,-0.051,-0.041,-0.05,-0.041,-0.05,-0.041,-0.05,-0.041,-0.05,-0.041,-0.05,-0.041,-0.05,-0.041,-0.05,-0.041,-0.05,-0.041,-0.05,-0.041,-0.05,-0.041,-0.05,-0.041,-0.05,-0.041,-0.05,-0.041,-0.05,-0.041,-0.05,-0.041,-0.05,-0.041,-0.05,-0.041,-0.05,0.018,
-0.106,-0.142,0.001,-0.292,0.006,-0.083,-0.002,-0.069,0.0,-0.049,0.0,-0.079,0.0,-0.079,0.0,-0.07,0.0,-0.07,0.0,-0.069,0.0,-0.077,-0.01,-0.049,0.0,-0.083,-0.011,-0.081,-0.011,-0.079,0.0,-0.069,0.0,-0.077,-0.003,-0.076,0.0,-0.08,0.0,-0.014,0.0,-0.084,-0.011,-0.079,0.0,-0.079,-0.011,-0.079,-0.002,-0.07,0.0,-0.065,-0.003,-0.081,-0.01,-0.077,0.0,-0.079,-0.011,-0.077,-0.005,-0.075,0.0,-0.075,-0.005,-0.08,-0.013,-0.077,-0.011,-0.077,-0.01,-0.077,-0.01,-0.273,-0.014,-0.084,-0.003,-0.081,-0.01,-0.077,-0.005,-0.077,-0.011,-0.077,-0.011,-0.077,-0.005,-0.077,-0.01,-0.049,0.0,-0.084,-0.011,-0.077,-0.011,-0.079,-0.01,-0.077,-0.005,-0.075,
-0.101,-0.008,-0.003,0.0,-0.002,-0.002,-0.002,0.0,-0.002,0.0,-0.002,0.0,-0.002,0.0,-0.002,0.0,-0.002,0.0,-0.002,0.0,-0.002,0.0,-0.002,0.0,-0.002,0.0,-0.002,0.0,-0.002,0.0,-0.002,0.0,-0.002,0.0,-0.002,0.0,-0.002,0.0,-0.002,0.0,-0.002,0.0,-0.002,0.0,-0.002,0.0,-0.002,0.0,-0.002,0.0,-0.002,0.0,-0.002,0.0,-0.002,0.0,-0.002,0.0,-0.002,0.0,-0.002,0.0,-0.002,0.0,-0.002,0.0,-0.002,0.0,-0.002,0.0,-0.002,0.0,-0.002,0.0,-0.002,0.0,-0.002,0.0,-0.002,0.0,-0.002,0.0,-0.002,0.0,-0.002,0.0,-0.002,0.0,-0.002,0.0,-0.002,0.0,-0.002,0.0,-0.002,0.0,-0.002,0.0,-0.002,0.0,
-0.115,0.003,-0.004,0.0,-0.004,0.0,-0.004,-0.004,-0.003,-0.004,-0.003,-0.004,-0.003,-0.004,-0.003,-0.004,-0.003,-0.004,-0.003,-0.004,-0.003,-0.004,-0.003,-0.004,-0.003,-0.004,-0.003,-0.004,-0.003,-0.004,-0.003,-0.004,-0.003,-0.004,-0.003,-0.004,-0.003,-0.004,-0.003,-0.004,-0.003,-0.004,-0.003,-0.004,-0.003,-0.004,-0.003,-0.004,-0.003,-0.004,-0.003,-0.004,-0.003,-0.004,-0.003,-0.004,-0.003,-0.004,-0.003,-0.004,-0.003,-0.004,-0.003,-0.004,-0.003,-0.004,-0.003,-0.004,-0.003,-0.004,-0.003,-0.004,-0.003,-0.004,-0.003,-0.004,-0.003,-0.004,-0.003,-0.004,-0.003,-0.004,-0.003,-0.004,-0.003,-0.004,-0.003,-0.004,-0.003,-0.004,-0.003,-0.004,-0.003,-0.004,-0.003,-0.004,-0.003,-0.004,-0.003,-0.004,
0.0,0.0,-0.012,0.0,0.0,0.0,0.0,0.0,0.0,0.0,0.0,0.0,0.0,0.0,0.0,0.0,0.0,0.0,0.0,0.0,0.0,0.0,0.0,0.0,0.0,0.0,0.0,0.0,0.0,0.0,0.0,0.0,0.0,0.0,0.0,0.0,0.0,0.0,0.0,0.0,0.0,0.0,0.0,0.0,0.0,0.0,0.0,0.0,0.0,0.0,0.0,0.0,0.0,0.0,0.0,0.0,0.0,0.0,0.0,0.0,0.0,0.0,0.0,0.0,0.0,0.0,0.0,0.0,0.0,0.0,0.0,0.0,0.0,0.0,0.0,0.0,0.0,0.0,0.0,0.0,0.0,0.0,0.0,0.0,0.0,0.0,0.0,0.0,0.0,0.0,0.0,0.0,0.0,0.0,0.0,0.0,0.0,0.0,0.0,0.0,
-0.198,0.033,-0.06,0.0,-0.002,0.0,0.0,0.0,0.0,0.0,0.0,0.0,0.0,0.0,0.0,0.0,0.0,0.0,0.0,0.0,0.0,0.0,0.0,0.0,0.0,0.0,0.0,0.0,0.0,0.0,0.0,0.0,0.0,0.0,0.0,0.0,0.0,0.0,0.0,0.0,0.0,0.0,0.0,0.0,0.0,0.0,0.0,0.0,0.0,0.0,0.0,0.0,0.0,0.0,0.0,0.0,0.0,0.0,0.0,0.0,0.0,0.0,0.0,0.0,0.0,0.0,0.0,0.0,0.0,0.0,0.0,0.0,0.0,0.0,0.0,0.0,0.0,0.0,0.0,0.0,0.0,0.0,0.0,0.0,0.0,0.0,0.0,0.0,0.0,0.0,0.0,0.0,0.0,0.0,0.0,0.0,0.0,0.0,0.0,0.0,
0.0,0.001,-0.058,0.008,-0.031,0.001,-0.029,0.004,-0.03,-0.069,-0.022,0.003,-0.027,0.003,-0.025,-0.069,-0.025,0.005,-0.025,-0.069,-0.023,0.003,-0.027,0.0,-0.03,0.003,-0.029,0.004,-0.03,-0.069,-0.023,0.003,-0.027,-0.067,0.011,0.004,-0.027,0.003,-0.027,0.004,-0.024,0.037,-0.027,-0.067,-0.02,-0.014,-0.027,0.006,-0.001,0.001,-0.024,0.003,-0.03,-0.016,-0.029,-0.068,-0.02,0.003,-0.027,-0.067,0.011,0.004,-0.027,0.003,-0.027,0.003,-0.025,0.039,-0.029,-0.011,-0.026,-0.067,-0.023,0.001,-0.025,0.037,-0.026,0.003,-0.027,0.003,-0.024,0.037,-0.029,0.003,-0.027,0.003,-0.024,0.037,-0.029,0.003,-0.027,0.003,-0.025,0.037,-0.026,-0.019,-0.027,0.001,-0.025,0.037,
-0.064,0.003,-0.06,0.004,0.003,0.0,0.004,0.001,0.001,0.0,0.003,0.001,0.004,0.001,0.003,0.001,0.003,0.0,0.003,0.001,0.004,0.001,0.004,0.001,0.004,0.001,0.004,0.001,0.003,0.001,0.004,0.003,0.004,-0.028,0.027,-0.001,0.003,0.001,0.003,0.001,0.004,0.001,0.004,-0.02,0.003,-0.016,-0.018,-0.027,0.003,0.001,0.003,0.003,0.004,0.001,0.004,-0.02,0.003,-0.016,-0.018,-0.027,0.003,0.001,0.003,0.003,0.004,-0.018,-0.027,0.003,0.001,0.003,0.003,0.004,-0.018,-0.027,0.003,0.001,0.003,0.003,0.004,-0.018,-0.027,0.003,0.001,0.003,0.003,0.004,-0.018,-0.027,0.003,0.001,0.003,0.003,0.004,-0.018,-0.027,0.003,0.001,0.003,0.003,0.006,
-0.081,0.019,-0.007,-0.007,-0.003,-0.004,0.0,-0.013,0.001,0.0,0.0,-0.004,0.0,0.001,-0.001,-0.003,0.0,-0.013,0.0,-0.004,0.0,0.001,-0.001,-0.003,0.0,-0.013,0.0,-0.004,0.0,0.001,-0.003,-0.003,0.0,-0.013,0.0,-0.004,0.0,-0.013,0.0,0.001,-0.003,-0.003,0.0,-0.013,0.0,0.001,-0.001,-0.003,0.0,0.001,-0.003,-0.003,0.0,0.001,-0.003,-0.003,0.0,-0.013,0.0,-0.004,0.0,-0.004,0.0,-0.013,0.0,-0.004,0.0,0.001,-0.003,-0.003,0.0,0.001,-0.001,-0.003,0.0,-0.004,0.0,-0.004,0.0,-0.013,0.0,-0.004,0.0,-0.004,0.001,-0.007,0.0,0.001,-0.003,-0.003,0.0,-0.013,0.0,0.001,-0.003,-0.003,0.0,0.001,-0.003,-0.003,


