0.0,-0.013,-0.008,-0.009,-0.008,-0.009,-0.008,-0.009,-0.008,-0.011,-0.008,-0.008,-0.011,-0.009,-0.008,-0.008,-0.011,-0.009,-0.008,-0.009,-0.008,-0.009,-0.009,-0.009,-0.009,-0.009,-0.008,-0.009,-0.008,-0.009,-0.008,-0.009,-0.009,-0.009,-0.008,-0.009,-0.008,-0.009,-0.008,-0.011,-0.008,-0.009,-0.008,-0.009,-0.008,-0.009,-0.009,-0.009,-0.008,-0.009,-0.008,-0.009,-0.008,-0.009,-0.008,-0.009,-0.008,-0.009,-0.008,-0.009,-0.008,-0.009,-0.008,-0.009,-0.008,-0.009,-0.008,-0.009,-0.008,-0.009,-0.008,-0.009,-0.008,-0.009,-0.008,-0.009,-0.008,-0.009,-0.008,-0.009,-0.008,-0.009,-0.008,-0.009,-0.008,-0.009,-0.008,-0.009,-0.008,-0.009,-0.008,-0.009,-0.008,-0.009,-0.008,-0.009,-0.008,-0.009,-0.008,-0.009,
0.0,-0.006,-0.009,-0.004,-0.006,-0.007,-0.007,-0.006,-0.006,-0.006,-0.006,-0.006,-0.006,-0.006,-0.007,-0.006,-0.006,-0.006,-0.007,-0.006,-0.007,-0.007,-0.007,-0.007,-0.007,-0.006,-0.006,-0.007,-0.006,-0.007,-0.007,-0.007,-0.007,-0.007,-0.006,-0.006,-0.007,-0.006,-0.007,-0.007,-0.007,-0.007,-0.007,-0.006,-0.006,-0.007,-0.006,-0.007,-0.007,-0.007,-0.007,-0.007,-0.006,-0.006,-0.007,-0.006,-0.007,-0.007,-0.007,-0.007,-0.007,-0.006,-0.006,-0.007,-0.006,-0.007,-0.007,-0.007,-0.007,-0.007,-0.006,-0.006,-0.007,-0.006,-0.007,-0.007,-0.007,-0.007,-0.007,-0.006,-0.006,-0.007,-0.006,-0.007,-0.007,-0.007,-0.007,-0.007,-0.006,-0.006,-0.007,-0.006,-0.007,-0.007,-0.007,-0.007,-0.007,-0.006,-0.006,-0.007,
0.0,-0.013,-0.021,-0.013,-0.013,-0.017,-0.01,-0.018,-0.012,-0.014,-0.013,-0.013,-0.016,-0.01,-0.016,-0.016,-0.104,-0.044,-0.017,-0.012,-0.014,-0.014,-0.011,-0.017,-0.012,-0.014,-0.011,-0.013,-0.016,-0.011,-0.018,-0.013,-0.104,-0.052,-0.014,-0.011,-0.016,-0.012,-0.013,-0.013,-0.017,-0.01,-0.017,-0.013,-0.012,-0.012,-0.104,-0.034,-0.016,-0.012,-0.014,-0.013,-0.013,-0.016,-0.011,-0.014,-0.013,-0.016,-0.011,-0.016,-0.011,-0.104,-0.045,-0.016,-0.011,-0.018,-0.012,-0.011,-0.014,-0.017,-0.013,-0.014,-0.012,-0.011,-0.017,-0.013,-0.012,-0.105,-0.049,-0.013,-0.014,-0.016,-0.011,-0.017,-0.011,-0.013,-0.014,-0.013,-0.014,-0.012,-0.016,-0.011,-0.013,-0.105,-0.046,-0.013,-0.014,-0.013,-0.017,-0.014,
0.0,-0.004,-0.001,-0.004,-0.004,-0.002,-0.004,-0.003,-0.002,-0.003,-0.003,-0.004,-0.003,-0.002,-0.004,-0.003,-0.003,-0.003,-0.003,-0.004,-0.004,-0.002,-0.004,-0.003,-0.002,-0.004,-0.003,-0.004,-0.003,-0.003,-0.004,-0.004,-0.003,-0.003,-0.003,-0.003,-0.004,-0.002,-0.003,-0.003,-0.003,-0.004,-0.003,-0.002,-0.004,-0.003,-0.002,-0.003,-0.003,-0.003,-0.003,-0.003,-0.004,-0.004,-0.003,-0.003,-0.003,-0.003,-0.004,-0.003,-0.003,-0.003,-0.004,-0.002,-0.004,-0.003,-0.003,-0.003,-0.004,-0.003,-0.004,-0.002,-0.003,-0.003,-0.004,-0.003,-0.003,-0.004,-0.003,-0.002,-0.003,-0.004,-0.002,-0.003,-0.004,-0.002,-0.004,-0.003,-0.003,-0.004,-0.003,-0.003,-0.004,-0.003,-0.003,-0.004,-0.003,-0.002,-0.004,-0.004,
0.0,-0.013,-0.013,-0.012,-0.012,-0.012,-0.012,-0.012,-0.012,-0.012,-0.012,-0.012,-0.012,-0.012,-0.012,-0.012,-0.012,-0.012,-0.012,-0.012,-0.012,-0.012,-0.012,-0.012,-0.012,-0.012,-0.012,-0.012,-0.012,-0.012,-0.012,-0.012,-0.012,-0.012,-0.012,-0.012,-0.012,-0.012,-0.012,-0.012,-0.012,-0.012,-0.012,-0.012,-0.012,-0.012,-0.012,-0.012,-0.012,-0.012,-0.012,-0.012,-0.012,-0.012,-0.012,-0.012,-0.012,-0.012,-0.012,-0.012,-0.012,-0.012,-0.012,-0.012,-0.012,-0.012,-0.012,-0.012,-0.012,-0.012,-0.012,-0.012,-0.012,-0.012,-0.012,-0.012,-0.012,-0.012,-0.012,-0.012,-0.012,-0.012,-0.012,-0.012,-0.012,-0.012,-0.012,-0.012,-0.012,-0.012,-0.012,-0.012,-0.012,-0.012,-0.012,-0.012,-0.012,-0.012,-0.012,-0.012,
0.0,-0.007,0.01,0.022,0.013,-0.014,-0.008,0.013,-0.015,0.011,-0.014,-0.007,-0.007,0.013,-0.006,-0.007,-0.006,0.013,-0.006,-0.006,-0.006,-0.006,-0.006,0.011,-0.014,-0.007,-0.006,0.011,0.014,0.014,-0.015,0.013,0.014,-0.015,0.013,-0.015,-0.007,-0.007,0.013,-0.015,0.011,-0.006,-0.007,0.013,0.014,-0.006,0.013,0.014,0.014,-0.006,-0.006,-0.006,0.013,-0.015,-0.007,0.013,-0.007,0.013,-0.015,0.013,-0.006,0.011,-0.015,-0.007,0.013,0.014,-0.015,-0.007,-0.007,0.013,-0.006,-0.006,0.013,-0.006,-0.015,-0.007,0.013,-0.006,-0.015,0.013,0.014,-0.006,-0.006,0.013,0.014,-0.006,-0.007,0.011,-0.015,0.013,-0.015,0.013,-0.015,-0.007,-0.006,0.013,-0.015,-0.007,0.013,0.014,
0.0,-0.008,-0.009,-0.009,-0.007,-0.007,-0.007,-0.007,-0.007,-0.008,-0.008,-0.006,-0.008,-0.008,-0.008,-0.006,-0.008,-0.007,-0.007,-0.008,-0.007,-0.008,-0.007,-0.008,-0.007,-0.007,-0.006,-0.008,-0.007,-0.007,-0.008,-0.006,-0.008,-0.007,-0.007,-0.008,-0.007,-0.007,-0.007,-0.008,-0.006,-0.008,-0.008,-0.007,-0.007,-0.008,-0.008,-0.007,-0.007,-0.008,-0.008,-0.007,-0.009,-0.007,-0.007,-0.007,-0.008,-0.007,-0.008,-0.007,-0.007,-0.007,-0.007,-0.009,-0.007,-0.008,-0.006,-0.007,-0.007,-0.008,-0.007,-0.007,-0.007,-0.008,-0.008,-0.006,-0.007,-0.009,-0.007,-0.008,-0.007,-0.008,-0.008,-0.007,-0.007,-0.009,-0.006,-0.007,-0.007,-0.008,-0.008,-0.007,-0.007,-0.008,-0.008,-0.007,-0.008,-0.007,-0.007,-0.009,
0.0,-0.009,-0.012,-0.009,-0.01,-0.01,-0.01,-0.009,-0.012,-0.009,-0.01,-0.009,-0.01,-0.009,-0.012,-0.009,-0.01,-0.009,-0.012,-0.009,-0.01,-0.01,-0.01,-0.009,-0.01,-0.01,-0.01,-0.009,-0.01,-0.009,-0.01,-0.009,-0.012,-0.009,-0.01,-0.009,-0.01,-0.009,-0.01,-0.009,-0.012,-0.009,-0.01,-0.009,-0.01,-0.009,-0.01,-0.009,-0.012,-0.009,-0.01,-0.009,-0.01,-0.009,-0.01,-0.009,-0.012,-0.009,-0.01,-0.009,-0.01,-0.009,-0.01,-0.009,-0.012,-0.009,-0.01,-0.009,-0.01,-0.009,-0.01,-0.009,-0.012,-0.009,-0.01,-0.009,-0.01,-0.009,-0.01,-0.009,-0.012,-0.009,-0.01,-0.009,-0.01,-0.009,-0.01,-0.009,-0.012,-0.009,-0.01,-0.009,-0.01,-0.009,-0.01,-0.009,-0.012,-0.009,-0.01,-0.009,
0.0,-0.006,-0.012,-0.01,-0.01,-0.01,-0.01,-0.01,-0.012,-0.01,-0.01,-0.012,-0.01,-0.01,-0.012,-0.012,-0.01,-0.01,-0.01,-0.01,-0.01,-0.01,-0.009,-0.01,-0.012,-0.01,-0.012,-0.01,-0.01,-0.012,-0.01,-0.01,-0.01,-0.01,-0.01,-0.01,-0.012,-0.01,-0.012,-0.009,-0.01,-0.012,-0.009,-0.012,-0.01,-0.01,-0.01,-0.01,-0.012,-0.01,-0.01,-0.01,-0.009,-0.01,-0.012,-0.01,-0.01,-0.01,-0.012,-0.012,-0.01,-0.012,-0.009,-0.01,-0.01,-0.012,-0.01,-0.01,-0.01,-0.01,-0.012,-0.01,-0.012,-0.01,-0.01,-0.012,-0.01,-0.012,-0.01,-0.01,-0.013,-0.009,-0.01,-0.012,-0.012,-0.01,-0.01,-0.012,-0.01,-0.01,-0.01,-0.01,-0.01,-0.01,-0.01,-0.01,-0.01,-0.01,-0.01,-0.012,
0.0,-0.009,-0.012,-0.004,-0.012,-0.012,-0.01,-0.009,-0.011,-0.008,-0.008,-0.008,-0.013,-0.008,-0.006,-0.013,-0.007,-0.009,-0.007,-0.012,-0.01,-0.006,-0.011,-0.01,-0.006,-0.009,-0.013,-0.008,-0.006,-0.013,-0.008,-0.006,-0.013,-0.008,-0.006,-0.009,-0.012,-0.008,-0.01,-0.007,-0.007,-0.013,-0.007,-0.008,-0.01,-0.008,-0.01,-0.009,-0.008,-0.01,-0.007,-0.01,-0.01,-0.008,-0.01,-0.009,-0.008,-0.009,-0.008,-0.013,-0.007,-0.007,-0.009,-0.01,-0.008,-0.009,-0.013,-0.003,-0.014,-0.007,-0.007,-0.009,-0.01,-0.008,-0.013,-0.003,-0.011,-0.009,-0.008,-0.013,-0.006,-0.008,-0.01,-0.01,-0.008,-0.009,-0.008,-0.01,-0.01,-0.007,-0.01,-0.009,-0.008,-0.013,-0.007,-0.008,-0.008,-0.01,-0.01,-0.007,
-0.002,-0.008,-0.012,-0.011,-0.012,-0.011,-0.012,-0.012,-0.011,-0.012,-0.012,-0.011,-0.011,-0.012,-0.011,-0.012,-0.012,-0.012,-0.012,-0.011,-0.012,-0.011,-0.012,-0.011,-0.012,-0.012,-0.012,-0.012,-0.012,-0.012,-0.011,-0.012,-0.011,-0.012,-0.012,-0.012,-0.012,-0.011,-0.012,-0.011,-0.012,-0.011,-0.012,-0.011,-0.012,-0.012,-0.011,-0.012,-0.012,-0.012,-0.012,-0.012,-0.011,-0.012,-0.011,-0.012,-0.011,-0.012,-0.011,-0.012,-0.011,-0.012,-0.011,-0.012,-0.011,-0.012,-0.011,-0.012,-0.011,-0.012,-0.011,-0.012,-0.011,-0.012,-0.011,-0.012,-0.011,-0.012,-0.011,-0.012,-0.011,-0.012,-0.011,-0.012,-0.011,-0.012,-0.011,-0.012,-0.011,-0.012,-0.011,-0.012,-0.011,-0.012,-0.011,-0.012,-0.011,-0.012,-0.011,-0.011,
0.0,-0.014,-0.054,-0.055,0.044,-0.052,-0.055,0.045,-0.052,-0.055,0.044,-0.052,-0.055,0.045,-0.051,-0.055,0.046,-0.052,-0.055,0.046,-0.052,-0.055,0.046,-0.053,-0.056,0.045,-0.05,-0.053,0.045,-0.051,-0.055,0.045,-0.052,-0.055,0.046,-0.051,-0.055,0.045,-0.053,-0.056,0.047,-0.052,-0.055,0.045,-0.051,-0.055,0.042,-0.053,-0.056,0.042,-0.051,-0.054,0.045,-0.051,-0.055,0.045,-0.051,-0.055,0.046,-0.051,-0.055,0.045,-0.051,-0.054,0.046,-0.051,-0.055,0.046,-0.051,-0.055,0.045,-0.053,-0.056,0.045,-0.053,-0.056,0.045,-0.05,-0.053,0.045,-0.053,-0.056,0.046,-0.05,-0.053,0.042,-0.051,-0.054,0.042,-0.051,-0.054,0.045,-0.053,-0.056,0.045,-0.051,-0.055,0.045,-0.051,-0.054,
0.0,-0.007,-0.012,-0.013,-0.017,-0.015,-0.012,-0.01,-0.01,-0.009,-0.01,-0.009,-0.008,-0.01,-0.008,-0.009,-0.009,-0.009,-0.01,-0.009,-0.009,-0.01,-0.009,-0.009,-0.009,-0.008,-0.009,-0.009,-0.01,-0.008,-0.01,-0.008,-0.009,-0.009,-0.01,-0.009,-0.009,-0.009,-0.009,-0.009,-0.01,-0.008,-0.009,-0.009,-0.009,-0.009,-0.009,-0.009,-0.009,-0.009,-0.009,-0.01,-0.009,-0.009,-0.009,-0.008,-0.01,-0.009,-0.009,-0.009,-0.009,-0.01,-0.009,-0.009,-0.009,-0.009,-0.009,-0.009,-0.009,-0.009,-0.008,-0.009,-0.009,-0.009,-0.01,-0.008,-0.01,-0.008,-0.009,-0.009,-0.009,-0.009,-0.009,-0.009,-0.009,-0.009,-0.009,-0.01,-0.008,-0.009,-0.009,-0.009,-0.009,-0.01,-0.009,-0.008,-0.01,-0.009,-0.009,-0.008,
0.0,0.06,0.051,0.079,0.061,0.044,0.027,0.065,0.047,0.031,0.012,0.048,0.031,0.013,-0.006,0.03,0.014,-0.005,-0.022,0.011,-0.008,-0.028,-0.044,-0.008,-0.026,-0.046,-0.062,-0.031,-0.051,-0.045,-0.053,-0.071,-0.088,-0.095,-0.102,-0.113,-0.121,-0.116,-0.107,-0.118,-0.117,-0.116,-0.111,-0.113,-0.121,-0.117,-0.107,-0.116,-0.121,-0.114,-0.111,-0.114,-0.122,-0.113,-0.11,-0.116,-0.118,-0.115,-0.11,-0.114,-0.123,-0.116,-0.11,-0.112,-0.122,-0.114,-0.113,-0.113,-0.12,-0.115,-0.11,-0.116,-0.121,-0.115,-0.108,-0.118,-0.117,-0.116,-0.112,-0.115,-0.119,-0.116,-0.108,-0.115,-0.119,-0.116,-0.111,-0.113,-0.121,-0.116,-0.108,-0.117,-0.119,-0.116,-0.108,-0.116,-0.12,-0.114,-0.11,-0.105,
0.0,-0.006,-0.01,-0.007,-0.006,-0.007,-0.006,-0.007,-0.006,-0.006,-0.006,-0.006,-0.006,-0.006,-0.007,-0.006,-0.007,-0.006,-0.006,-0.006,-0.007,-0.006,-0.005,-0.007,-0.007,-0.006,-0.006,-0.007,-0.007,-0.006,-0.006,-0.007,-0.006,-0.006,-0.007,-0.006,-0.006,-0.006,-0.007,-0.006,-0.006,-0.007,-0.006,-0.005,-0.007,-0.006,-0.006,-0.007,-0.006,-0.007,-0.006,-0.006,-0.006,-0.007,-0.005,-0.006,-0.006,-0.006,-0.007,-0.006,-0.005,-0.006,-0.006,-0.007,-0.006,-0.007,-0.005,-0.007,-0.006,-0.007,-0.006,-0.006,-0.007,-0.005,-0.007,-0.005,-0.007,-0.007,-0.005,-0.006,-0.007,-0.007,-0.006,-0.007,-0.006,-0.006,-0.006,-0.006,-0.007,-0.006,-0.006,-0.007,-0.006,-0.007,-0.006,-0.006,-0.006,-0.007,-0.005,-0.007,
0.0,-0.007,-0.01,-0.006,-0.005,-0.005,-0.005,-0.007,-0.006,-0.006,-0.006,-0.006,-0.006,-0.006,-0.006,-0.006,-0.006,-0.006,-0.006,-0.006,-0.006,-0.006,-0.005,-0.006,-0.006,-0.006,-0.006,-0.006,-0.005,-0.006,-0.006,-0.005,-0.007,-0.006,-0.006,-0.007,-0.006,-0.006,-0.006,-0.006,-0.006,-0.007,-0.006,-0.006,-0.006,-0.007,-0.006,-0.005,-0.006,-0.006,-0.006,-0.006,-0.006,-0.006,-0.007,-0.006,-0.006,-0.006,-0.006,-0.006,-0.006,-0.006,-0.006,-0.006,-0.006,-0.005,-0.006,-0.006,-0.006,-0.006,-0.006,-0.006,-0.006,-0.006,-0.006,-0.006,-0.006,-0.006,-0.006,-0.006,-0.006,-0.006,-0.006,-0.005,-0.006,-0.006,-0.006,-0.006,-0.005,-0.006,-0.006,-0.006,-0.006,-0.007,-0.006,-0.006,-0.006,-0.006,-0.006,-0.006,
0.0,-0.002,-0.041,-0.034,-0.055,-0.049,-0.055,-0.055,-0.049,-0.051,-0.056,-0.053,-0.049,-0.052,-0.056,-0.049,-0.052,-0.055,-0.051,-0.052,-0.053,-0.052,-0.052,-0.052,-0.052,-0.05,-0.053,-0.052,-0.052,-0.051,-0.052,-0.053,-0.05,-0.055,-0.051,-0.053,-0.052,-0.055,-0.051,-0.051,-0.051,-0.055,-0.05,-0.056,-0.051,-0.052,-0.052,-0.05,-0.052,-0.053,-0.052,-0.049,-0.056,-0.051,-0.053,-0.053,-0.052,-0.052,-0.049,-0.057,-0.051,-0.051,-0.052,-0.056,-0.048,-0.056,-0.05,-0.052,-0.052,-0.056,-0.049,-0.053,-0.052,-0.052,-0.052,-0.052,-0.052,-0.052,-0.052,-0.052,-0.056,-0.051,-0.053,-0.05,-0.051,-0.051,-0.053,-0.052,-0.052,-0.055,-0.052,-0.052,-0.052,-0.05,-0.052,-0.052,-0.052,-0.055,-0.052,-0.05,
0.0,-0.009,-0.013,-0.015,-0.022,-0.013,-0.024,-0.014,-0.022,-0.015,-0.022,-0.015,-0.023,-0.013,-0.023,-0.012,-0.024,-0.014,-0.023,-0.012,-0.022,-0.015,-0.022,-0.015,-0.022,-0.013,-0.022,-0.015,-0.023,-0.015,-0.023,-0.014,-0.022,-0.012,-0.026,-0.012,-0.026,-0.012,-0.026,-0.01,-0.024,-0.015,-0.023,-0.011,-0.024,-0.015,-0.023,-0.013,-0.024,-0.013,-0.022,-0.011,-0.025,-0.013,-0.022,-0.015,-0.025,-0.012,-0.021,-0.014,-0.021,-0.014,-0.026,-0.012,-0.026,-0.013,-0.022,-0.016,-0.022,-0.013,-0.025,-0.012,-0.025,-0.015,-0.022,-0.016,-0.02,-0.014,-0.02,-0.015,-0.024,-0.014,-0.022,-0.013,-0.026,-0.012,-0.022,-0.014,-0.022,-0.016,-0.022,-0.016,-0.022,-0.016,-0.022,-0.015,-0.024,-0.013,-0.024,-0.015,
0.0,-0.012,-0.016,-0.038,-0.026,-0.038,-0.024,-0.038,-0.026,-0.042,-0.024,-0.038,-0.027,-0.038,-0.027,-0.039,-0.023,-0.04,-0.024,-0.038,-0.027,-0.039,-0.023,-0.04,-0.024,-0.04,-0.023,-0.04,-0.026,-0.04,-0.023,-0.039,-0.027,-0.036,-0.027,-0.04,-0.023,-0.042,-0.024,-0.038,-0.027,-0.038,-0.027,-0.039,-0.026,-0.039,-0.026,-0.039,-0.024,-0.04,-0.023,-0.04,-0.023,-0.04,-0.023,-0.039,-0.024,-0.04,-0.024,-0.04,-0.027,-0.038,-0.026,-0.038,-0.028,-0.038,-0.024,-0.04,-0.027,-0.038,-0.024,-0.039,-0.027,-0.036,-0.028,-0.038,-0.024,-0.04,-0.024,-0.04,-0.024,-0.038,-0.027,-0.039,-0.023,-0.038,-0.027,-0.04,-0.024,-0.038,-0.027,-0.036,-0.027,-0.038,-0.024,-0.04,-0.024,-0.04,-0.026,-0.036,
0.0,-0.032,-0.022,-0.01,-0.014,-0.011,-0.012,-0.013,-0.011,-0.012,-0.012,-0.011,-0.011,-0.013,-0.011,-0.012,-0.013,-0.012,-0.009,-0.013,-0.012,-0.012,-0.011,-0.012,-0.012,-0.012,-0.012,-0.011,-0.011,-0.012,-0.012,-0.012,-0.013,-0.011,-0.012,-0.011,-0.011,-0.014,-0.01,-0.013,-0.012,-0.01,-0.012,-0.011,-0.013,-0.012,-0.01,-0.013,-0.011,-0.012,-0.012,-0.012,-0.011,-0.01,-0.014,-0.01,-0.012,-0.011,-0.014,-0.011,-0.01,-0.013,-0.012,-0.01,-0.014,-0.011,-0.012,-0.012,-0.01,-0.012,-0.013,-0.011,-0.013,-0.011,-0.013,-0.011,-0.012,-0.012,-0.011,-0.011,-0.012,-0.012,-0.012,-0.011,-0.012,-0.013,-0.011,-0.012,-0.011,-0.011,-0.013,-0.012,-0.012,-0.011,-0.011,-0.013,-0.012,-0.011,-0.011,-0.006,
0.0,-0.012,-0.007,-0.009,-0.009,-0.009,-0.009,-0.009,-0.009,-0.009,-0.009,-0.009,-0.009,-0.009,-0.009,-0.009,-0.009,-0.009,-0.009,-0.009,-0.009,-0.009,-0.009,-0.009,-0.009,-0.009,-0.009,-0.009,-0.009,-0.009,-0.009,-0.009,-0.009,-0.009,-0.009,-0.009,-0.009,-0.009,-0.009,-0.009,-0.009,-0.009,-0.009,-0.009,-0.009,-0.009,-0.009,-0.009,-0.009,-0.009,-0.009,-0.009,-0.009,-0.009,-0.009,-0.009,-0.009,-0.009,-0.009,-0.009,-0.009,-0.009,-0.009,-0.009,-0.009,-0.009,-0.009,-0.009,-0.009,-0.009,-0.009,-0.009,-0.009,-0.009,-0.009,-0.009,-0.009,-0.009,-0.009,-0.009,-0.009,-0.009,-0.009,-0.009,-0.009,-0.009,-0.009,-0.009,-0.009,-0.009,-0.009,-0.009,-0.009,-0.009,-0.009,-0.009,-0.009,-0.009,-0.009,-0.008,
-0.026,-0.009,-0.006,-0.006,-0.006,-0.006,-0.006,-0.006,-0.006,-0.006,-0.006,-0.006,-0.006,-0.006,-0.006,-0.006,-0.006,-0.006,-0.006,-0.006,-0.006,-0.006,-0.006,-0.006,-0.006,-0.006,-0.006,-0.006,-0.006,-0.006,-0.006,-0.006,-0.006,-0.006,-0.006,-0.006,-0.006,-0.006,-0.006,-0.006,-0.006,-0.006,-0.006,-0.006,-0.006,-0.006,-0.006,-0.006,-0.006,-0.006,-0.006,-0.006,-0.006,-0.006,-0.006,-0.006,-0.006,-0.006,-0.006,-0.006,-0.006,-0.006,-0.006,-0.006,-0.006,-0.006,-0.006,-0.006,-0.006,-0.006,-0.006,-0.006,-0.006,-0.006,-0.006,-0.006,-0.006,-0.006,-0.006,-0.006,-0.006,-0.006,-0.006,-0.006,-0.006,-0.006,-0.006,-0.006,-0.006,-0.006,-0.006,-0.006,-0.006,-0.006,-0.006,-0.006,-0.006,-0.006,-0.006,0.041,
0.0,-0.012,-0.013,-0.014,-0.014,-0.016,-0.014,-0.014,-0.071,-0.309,0.037,0.281,-0.032,-0.31,0.041,0.233,-0.294,-0.034,-0.016,0.026,-0.014,-0.016,-0.068,-0.257,0.26,0.006,-0.042,-0.311,0.037,0.251,-0.295,-0.034,-0.001,-0.023,-0.016,-0.016,-0.054,-0.257,0.274,-0.054,-0.307,0.037,0.277,-0.033,-0.308,-0.034,-0.001,-0.011,-0.013,-0.017,0.026,-0.033,-0.016,-0.067,-0.307,0.037,0.244,-0.288,-0.031,0.055,0.241,-0.294,-0.033,-0.072,-0.249,0.275,0.003,-0.052,-0.257,0.261,-0.053,-0.306,-0.034,0.06,0.269,-0.295,-0.035,0.0,-0.032,-0.017,-0.009,-0.042,-0.258,0.275,-0.049,-0.307,0.037,0.23,-0.289,-0.033,-0.019,0.01,-0.014,-0.017,-0.071,-0.247,0.26,0.003,-0.053,-0.307,
0.0,-0.006,-0.013,-0.016,-0.014,-0.011,-0.007,-0.005,-0.009,-0.004,-0.009,-0.005,-0.009,-0.005,-0.01,-0.004,-0.009,-0.006,-0.009,-0.004,-0.009,-0.005,-0.009,-0.006,-0.01,-0.005,-0.009,-0.006,-0.01,-0.005,-0.009,-0.006,-0.01,-0.006,-0.01,-0.006,-0.009,-0.006,-0.009,-0.005,-0.01,-0.005,-0.01,-0.006,-0.009,-0.006,-0.009,-0.006,-0.009,-0.005,-0.009,-0.005,-0.009,-0.005,-0.01,-0.005,-0.009,-0.006,-0.009,-0.005,-0.01,-0.005,-0.01,-0.006,-0.01,-0.005,-0.009,-0.005,-0.009,-0.006,-0.009,-0.006,-0.009,-0.006,-0.009,-0.006,-0.009,-0.006,-0.009,-0.006,-0.009,-0.006,-0.009,-0.006,-0.009,-0.006,-0.009,-0.006,-0.009,-0.006,-0.009,-0.006,-0.009,-0.006,-0.009,-0.006,-0.009,-0.006,-0.009,0.034,
0.0,-0.009,-0.01,-0.009,-0.008,-0.008,-0.008,-0.009,-0.008,-0.008,-0.009,-0.009,-0.01,-0.007,-0.01,-0.007,-0.01,-0.008,-0.009,-0.008,-0.01,-0.007,-0.009,-0.009,-0.009,-0.01,-0.008,-0.008,-0.009,-0.009,-0.01,-0.007,-0.012,-0.007,-0.01,-0.008,-0.008,-0.009,-0.009,-0.008,-0.009,-0.009,-0.009,-0.008,-0.009,-0.01,-0.008,-0.009,-0.01,-0.008,-0.009,-0.009,-0.007,-0.01,-0.007,-0.012,-0.007,-0.009,-0.009,-0.008,-0.009,-0.009,-0.008,-0.008,-0.01,-0.009,-0.009,-0.009,-0.007,-0.01,-0.008,-0.008,-0.01,-0.008,-0.008,-0.01,-0.008,-0.009,-0.009,-0.008,-0.008,-0.009,-0.009,-0.008,-0.009,-0.008,-0.01,-0.009,-0.009,-0.007,-0.009,-0.009,-0.008,-0.009,-0.009,-0.009,-0.009,-0.008,-0.009,-0.007,
0.0,-0.028,-0.021,-0.013,-0.01,0.019,-0.026,-0.009,0.02,-0.026,-0.009,0.019,-0.026,0.012,0.0,-0.007,-0.007,0.02,-0.026,0.012,0.0,-0.007,-0.007,-0.002,-0.028,0.012,0.0,-0.028,0.012,0.0,-0.006,-0.006,0.02,-0.026,0.014,0.001,-0.028,-0.008,0.02,-0.026,0.012,0.0,-0.007,-0.007,-0.002,-0.007,-0.007,0.019,-0.026,0.012,0.0,-0.027,0.012,0.0,-0.006,-0.007,0.018,-0.026,-0.009,0.02,-0.026,-0.009,0.02,-0.025,-0.009,0.019,-0.025,0.014,0.0,-0.028,-0.009,-0.002,-0.028,0.012,0.0,-0.007,-0.007,0.02,-0.026,-0.009,0.02,-0.025,0.014,0.001,-0.007,-0.007,-0.002,-0.01,0.02,0.0,-0.027,0.012,0.0,-0.007,-0.007,-0.001,-0.007,-0.007,0.019,-0.025,
0.0,-0.006,-0.009,-0.003,-0.007,-0.007,-0.006,-0.007,-0.007,-0.007,-0.006,-0.006,-0.007,-0.007,-0.007,-0.007,-0.007,-0.007,-0.006,-0.006,-0.007,-0.007,-0.007,-0.007,-0.006,-0.006,-0.007,-0.007,-0.007,-0.006,-0.006,-0.006,-0.007,-0.006,-0.006,-0.006,-0.006,-0.006,-0.006,-0.007,-0.006,-0.006,-0.006,-0.006,-0.006,-0.006,-0.006,-0.007,-0.006,-0.007,-0.006,-0.006,-0.006,-0.006,-0.006,-0.007,-0.006,-0.006,-0.006,-0.006,-0.006,-0.007,-0.006,-0.006,-0.007,-0.006,-0.006,-0.006,-0.006,-0.006,-0.006,-0.006,-0.006,-0.006,-0.006,-0.006,-0.006,-0.006,-0.006,-0.006,-0.006,-0.006,-0.006,-0.006,-0.006,-0.006,-0.006,-0.006,-0.006,-0.006,-0.006,-0.006,-0.006,-0.006,-0.006,-0.006,-0.006,-0.006,-0.006,-0.004,
0.0,-0.008,0.0,-0.007,-0.007,-0.007,-0.008,-0.007,-0.008,-0.007,-0.008,-0.007,-0.008,-0.007,-0.007,-0.008,-0.007,-0.007,-0.008,-0.007,-0.007,-0.007,-0.008,-0.007,-0.008,-0.007,-0.008,-0.007,-0.007,-0.008,-0.007,-0.007,-0.008,-0.007,-0.008,-0.008,-0.007,-0.008,-0.007,-0.008,-0.007,-0.008,-0.008,-0.007,-0.008,-0.007,-0.007,-0.008,-0.007,-0.008,-0.007,-0.008,-0.007,-0.007,-0.008,-0.007,-0.007,-0.008,-0.007,-0.007,-0.007,-0.008,-0.007,-0.008,-0.007,-0.008,-0.007,-0.007,-0.008,-0.007,-0.007,-0.008,-0.007,-0.008,-0.008,-0.007,-0.008,-0.007,-0.008,-0.007,-0.008,-0.008,-0.007,-0.008,-0.007,-0.007,-0.008,-0.007,-0.008,-0.007,-0.008,-0.007,-0.007,-0.008,-0.007,-0.007,-0.008,-0.007,-0.007,-0.004,
0.0,-0.002,-0.012,-0.008,-0.007,-0.009,-0.009,-0.008,-0.008,-0.007,-0.009,-0.008,-0.008,-0.008,-0.008,-0.008,-0.008,-0.008,-0.008,-0.008,-0.008,-0.008,-0.008,-0.008,-0.008,-0.008,-0.008,-0.008,-0.008,-0.008,-0.008,-0.008,-0.008,-0.008,-0.008,-0.008,-0.008,-0.008,-0.008,-0.008,-0.008,-0.008,-0.008,-0.008,-0.008,-0.008,-0.008,-0.008,-0.008,-0.008,-0.008,-0.008,-0.008,-0.008,-0.008,-0.008,-0.008,-0.008,-0.008,-0.008,-0.008,-0.008,-0.008,-0.008,-0.008,-0.008,-0.008,-0.008,-0.008,-0.008,-0.008,-0.008,-0.008,-0.008,-0.008,-0.008,-0.008,-0.008,-0.008,-0.008,-0.008,-0.008,-0.008,-0.008,-0.008,-0.008,-0.008,-0.008,-0.008,-0.008,-0.008,-0.008,-0.008,-0.008,-0.008,-0.008,-0.008,-0.008,-0.008,-0.008,
0.0,-0.013,-0.061,-0.064,-0.046,-0.047,-0.057,-0.043,-0.044,-0.054,-0.045,-0.045,-0.055,-0.045,-0.045,-0.056,-0.065,-0.073,-0.082,-0.091,-0.099,-0.108,-0.043,-0.044,-0.055,-0.064,-0.044,-0.044,-0.055,-0.064,-0.073,-0.082,-0.091,-0.099,-0.108,-0.115,-0.04,-0.051,-0.042,-0.047,-0.057,-0.042,-0.048,-0.058,-0.067,-0.075,-0.042,-0.053,-0.061,-0.042,-0.047,-0.043,-0.054,-0.062,-0.042,-0.048,-0.058,-0.042,-0.053,-0.061,-0.042,-0.047,-0.043,-0.047,-0.057,-0.042,-0.052,-0.043,-0.045,-0.043,-0.045,-0.056,-0.042,-0.053,-0.061,-0.042,-0.047,-0.043,-0.047,-0.057,-0.042,-0.052,-0.043,-0.045,-0.043,-0.045,-0.056,-0.042,-0.053,-0.061,-0.042,-0.047,-0.043,-0.047,-0.057,-0.042,-0.052,-0.043,-0.045,0.059,
0.0,-0.161,-0.017,-0.104,-0.082,-0.091,-0.107,-0.057,-0.183,-0.084,-0.115,-0.13,-0.114,-0.076,-0.102,-0.13,-0.129,-0.069,-0.175,-0.068,-0.116,-0.064,-0.179,-0.076,-0.124,-0.052,-0.175,-0.084,-0.118,-0.133,-0.12,-0.072,-0.106,-0.13,-0.13,-0.073,-0.178,-0.07,-0.119,-0.13,-0.097,-0.067,-0.176,-0.055,-0.119,-0.061,-0.178,-0.085,-0.12,-0.141,-0.121,-0.076,-0.11,-0.14,-0.131,-0.069,-0.113,-0.137,-0.121,-0.073,-0.114,-0.139,-0.131,-0.078,-0.106,-0.138,-0.127,-0.07,-0.108,-0.134,-0.121,-0.07,-0.178,-0.058,-0.122,-0.062,-0.108,-0.135,-0.128,-0.073,-0.106,-0.059,-0.181,-0.084,-0.12,-0.139,-0.114,-0.071,-0.112,-0.135,-0.121,-0.079,-0.102,-0.138,-0.131,-0.07,-0.176,-0.057,-0.115,-0.066,
0.0,-0.008,-0.007,-0.009,-0.009,-0.01,-0.009,-0.009,-0.009,-0.01,-0.01,-0.009,-0.01,-0.009,-0.01,-0.007,-0.01,-0.009,-0.009,-0.011,-0.009,-0.009,-0.009,-0.011,-0.009,-0.009,-0.01,-0.009,-0.009,-0.009,-0.01,-0.009,-0.01,-0.01,-0.009,-0.009,-0.007,-0.009,-0.01,-0.009,-0.009,-0.009,-0.009,-0.009,-0.01,-0.009,-0.009,-0.01,-0.009,-0.009,-0.01,-0.01,-0.009,-0.009,-0.009,-0.009,-0.009,-0.009,-0.009,-0.009,-0.009,-0.009,-0.01,-0.009,-0.009,-0.009,-0.011,-0.009,-0.009,-0.009,-0.009,-0.009,-0.009,-0.009,-0.01,-0.009,-0.01,-0.009,-0.009,-0.01,-0.009,-0.009,-0.009,-0.007,-0.009,-0.011,-0.009,-0.009,-0.009,-0.009,-0.01,-0.009,-0.009,-0.009,-0.009,-0.009,-0.009,-0.01,-0.009,-0.009,
0.0,-0.01,-0.011,-0.028,-0.034,-0.018,-0.013,-0.01,-0.01,-0.009,-0.009,-0.01,-0.011,-0.009,-0.009,-0.01,-0.01,-0.01,-0.008,-0.011,-0.009,-0.009,-0.01,-0.01,-0.009,-0.011,-0.009,-0.009,-0.01,-0.01,-0.009,-0.009,-0.01,-0.011,-0.01,-0.008,-0.009,-0.011,-0.009,-0.01,-0.01,-0.01,-0.008,-0.011,-0.009,-0.01,-0.011,-0.009,-0.01,-0.009,-0.009,-0.011,-0.01,-0.009,-0.01,-0.009,-0.008,-0.01,-0.011,-0.009,-0.009,-0.01,-0.01,-0.01,-0.009,-0.011,-0.009,-0.01,-0.009,-0.01,-0.009,-0.01,-0.011,-0.008,-0.011,-0.009,-0.01,-0.01,-0.009,-0.01,-0.01,-0.009,-0.01,-0.01,-0.008,-0.01,-0.011,-0.009,-0.01,-0.009,-0.011,-0.009,-0.01,-0.01,-0.009,-0.01,-0.01,-0.011,-0.008,-0.01,
0.0,-0.006,-0.011,-0.01,-0.012,-0.009,-0.013,-0.01,-0.011,-0.011,-0.011,-0.013,-0.011,-0.013,-0.01,-0.011,-0.013,-0.01,-0.011,-0.011,-0.013,-0.01,-0.011,-0.011,-0.011,-0.011,-0.011,-0.011,-0.011,-0.01,-0.011,-0.011,-0.011,-0.011,-0.013,-0.011,-0.011,-0.011,-0.011,-0.011,-0.013,-0.011,-0.013,-0.011,-0.011,-0.011,-0.011,-0.011,-0.011,-0.011,-0.011,-0.011,-0.011,-0.011,-0.013,-0.011,-0.011,-0.011,-0.011,-0.011,-0.011,-0.011,-0.011,-0.011,-0.011,-0.011,-0.011,-0.011,-0.011,-0.011,-0.011,-0.011,-0.011,-0.013,-0.011,-0.011,-0.011,-0.011,-0.011,-0.011,-0.011,-0.011,-0.011,-0.011,-0.01,-0.013,-0.011,-0.011,-0.011,-0.011,-0.013,-0.011,-0.011,-0.013,-0.011,-0.011,-0.013,-0.011,-0.011,-0.013,
-0.001,-0.019,-0.008,-0.011,-0.008,-0.008,-0.008,-0.008,-0.008,-0.008,-0.01,-0.008,-0.008,-0.01,-0.008,-0.007,-0.01,-0.008,-0.008,-0.008,-0.008,-0.01,-0.008,-0.008,-0.01,-0.008,-0.007,-0.008,-0.008,-0.01,-0.008,-0.008,-0.008,-0.008,-0.008,-0.01,-0.008,-0.008,-0.008,-0.008,-0.008,-0.008,-0.008,-0.008,-0.01,-0.008,-0.008,-0.01,-0.008,-0.01,-0.008,-0.007,-0.01,-0.008,-0.01,-0.007,-0.01,-0.008,-0.01,-0.008,-0.008,-0.01,-0.008,-0.008,-0.01,-0.008,-0.01,-0.008,-0.008,-0.01,-0.008,-0.01,-0.008,-0.008,-0.01,-0.008,-0.007,-0.01,-0.008,-0.01,-0.008,-0.008,-0.01,-0.008,-0.01,-0.008,-0.008,-0.008,-0.008,-0.01,-0.008,-0.008,-0.01,-0.008,-0.01,-0.008,-0.01,-0.008,-0.01,-0.005,
0.0,-0.006,-0.007,-0.008,-0.008,-0.008,-0.008,-0.008,-0.008,-0.008,-0.008,-0.008,-0.008,-0.008,-0.008,-0.008,-0.008,-0.008,-0.008,-0.008,-0.008,-0.008,-0.007,-0.007,-0.008,-0.008,-0.008,-0.008,-0.007,-0.007,-0.008,-0.008,-0.008,-0.008,-0.008,-0.008,-0.008,-0.007,-0.008,-0.007,-0.008,-0.008,-0.008,-0.008,-0.008,-0.007,-0.007,-0.008,-0.008,-0.008,-0.008,-0.008,-0.008,-0.008,-0.008,-0.008,-0.008,-0.008,-0.008,-0.008,-0.008,-0.008,-0.008,-0.007,-0.008,-0.007,-0.008,-0.008,-0.007,-0.008,-0.008,-0.008,-0.008,-0.008,-0.008,-0.008,-0.008,-0.008,-0.008,-0.008,-0.009,-0.007,-0.008,-0.008,-0.008,-0.007,-0.007,-0.008,-0.009,-0.008,-0.008,-0.008,-0.008,-0.008,-0.008,-0.009,-0.008,-0.007,-0.008,-0.008,
0.0,-0.006,-0.007,-0.006,-0.007,-0.007,-0.007,-0.006,-0.008,-0.006,-0.008,-0.007,-0.006,-0.008,-0.007,-0.006,-0.007,-0.006,-0.007,-0.007,-0.007,-0.007,-0.006,-0.007,-0.007,-0.007,-0.007,-0.008,-0.006,-0.007,-0.007,-0.007,-0.007,-0.007,-0.007,-0.007,-0.007,-0.007,-0.007,-0.007,-0.007,-0.007,-0.006,-0.007,-0.008,-0.006,-0.007,-0.007,-0.007,-0.007,-0.007,-0.006,-0.007,-0.008,-0.006,-0.007,-0.007,-0.007,-0.007,-0.007,-0.007,-0.007,-0.007,-0.006,-0.007,-0.006,-0.007,-0.007,-0.007,-0.008,-0.006,-0.007,-0.007,-0.008,-0.007,-0.006,-0.008,-0.006,-0.008,-0.006,-0.008,-0.007,-0.007,-0.007,-0.006,-0.007,-0.007,-0.007,-0.007,-0.006,-0.007,-0.007,-0.007,-0.007,-0.007,-0.007,-0.006,-0.007,-0.007,-0.007,
0.0,-0.008,-0.011,-0.012,-0.009,-0.007,-0.007,-0.005,-0.005,-0.005,-0.005,-0.005,-0.005,-0.005,-0.005,-0.005,-0.005,-0.005,-0.005,-0.005,-0.005,-0.005,-0.005,-0.005,-0.005,-0.005,-0.005,-0.005,-0.005,-0.005,-0.005,-0.005,-0.005,-0.005,-0.005,-0.005,-0.005,-0.005,-0.005,-0.005,-0.005,-0.005,-0.005,-0.005,-0.005,-0.005,-0.005,-0.005,-0.005,-0.005,-0.005,-0.005,-0.005,-0.005,-0.005,-0.005,-0.005,-0.005,-0.005,-0.005,-0.005,-0.005,-0.005,-0.005,-0.005,-0.005,-0.005,-0.005,-0.005,-0.005,-0.005,-0.005,-0.005,-0.005,-0.005,-0.005,-0.005,-0.005,-0.005,-0.005,-0.005,-0.005,-0.005,-0.005,-0.005,-0.005,-0.005,-0.005,-0.005,-0.005,-0.005,-0.005,-0.005,-0.005,-0.005,-0.005,-0.005,-0.005,-0.005,-0.004,
0.0,-0.009,-0.002,-0.01,-0.008,-0.01,-0.007,-0.018,-0.011,-0.011,-0.007,-0.018,-0.014,-0.008,0.001,-0.019,-0.013,-0.01,-0.008,-0.018,-0.014,-0.009,-0.008,-0.018,-0.013,-0.01,-0.008,-0.017,-0.014,-0.009,-0.008,-0.017,-0.014,-0.009,-0.008,-0.017,-0.014,-0.009,-0.008,-0.017,-0.014,-0.009,-0.008,-0.017,-0.014,-0.009,-0.008,-0.017,-0.014,-0.009,-0.008,-0.017,-0.014,-0.009,-0.008,-0.017,-0.014,-0.009,-0.008,-0.017,-0.014,-0.009,-0.008,-0.017,-0.014,-0.009,-0.008,-0.017,-0.014,-0.009,-0.008,-0.017,-0.014,-0.009,-0.008,-0.017,-0.014,-0.009,-0.008,-0.017,-0.014,-0.009,-0.008,-0.017,-0.014,-0.009,-0.008,-0.017,-0.014,-0.009,-0.008,-0.017,-0.014,-0.009,-0.008,-0.017,-0.014,-0.009,-0.008,-0.017,
0.0,-0.006,-0.009,-0.008,-0.055,-0.054,-0.011,-0.01,-0.056,-0.054,-0.011,-0.01,-0.056,-0.053,-0.011,-0.01,-0.056,-0.054,-0.011,-0.01,-0.056,-0.054,-0.011,-0.01,-0.056,-0.054,-0.011,-0.01,-0.056,-0.054,-0.011,-0.01,-0.056,-0.054,-0.011,-0.01,-0.054,-0.054,-0.01,-0.01,-0.056,-0.054,-0.011,-0.01,-0.054,-0.054,-0.011,-0.01,-0.055,-0.053,-0.011,-0.01,-0.056,-0.054,-0.011,-0.01,-0.056,-0.052,-0.011,-0.01,-0.055,-0.054,-0.011,-0.01,-0.056,-0.054,-0.011,-0.01,-0.054,-0.054,-0.01,-0.01,-0.056,-0.054,-0.011,-0.01,-0.054,-0.054,-0.011,-0.01,-0.055,-0.053,-0.011,-0.01,-0.056,-0.054,-0.011,-0.01,-0.056,-0.052,-0.011,-0.01,-0.055,-0.054,-0.011,-0.01,-0.056,-0.054,-0.011,-0.009,
0.0,-0.008,-0.01,-0.008,-0.008,-0.007,-0.007,-0.006,-0.008,-0.007,-0.007,-0.007,-0.007,-0.007,-0.008,-0.007,-0.006,-0.008,-0.006,-0.008,-0.007,-0.008,-0.007,-0.006,-0.008,-0.007,-0.006,-0.008,-0.007,-0.007,-0.008,-0.007,-0.007,-0.007,-0.008,-0.007,-0.008,-0.007,-0.008,-0.007,-0.008,-0.006,-0.007,-0.008,-0.007,-0.006,-0.008,-0.007,-0.007,-0.007,-0.007,-0.007,-0.007,-0.007,-0.007,-0.007,-0.007,-0.007,-0.007,-0.007,-0.007,-0.007,-0.007,-0.007,-0.007,-0.007,-0.007,-0.007,-0.007,-0.007,-0.007,-0.007,-0.007,-0.007,-0.007,-0.007,-0.007,-0.007,-0.007,-0.007,-0.007,-0.007,-0.007,-0.007,-0.007,-0.007,-0.007,-0.007,-0.007,-0.007,-0.007,-0.007,-0.007,-0.007,-0.007,-0.007,-0.007,-0.007,-0.007,-0.007,
0.0,-0.007,-0.014,-0.013,-0.01,-0.014,-0.01,-0.014,-0.013,-0.013,-0.014,-0.013,-0.012,-0.013,-0.015,-0.013,-0.013,-0.012,-0.012,-0.012,-0.013,-0.015,-0.013,-0.01,-0.015,-0.013,-0.01,-0.013,-0.013,-0.013,-0.013,-0.012,-0.016,-0.01,-0.015,-0.012,-0.013,-0.014,-0.01,-0.014,-0.012,-0.01,-0.016,-0.01,-0.015,-0.01,-0.013,-0.013,-0.013,-0.012,-0.012,-0.013,-0.013,-0.013,-0.014,-0.014,-0.012,-0.013,-0.014,-0.01,-0.013,-0.014,-0.015,-0.009,-0.014,-0.014,-0.013,-0.014,-0.008,-0.014,-0.014,-0.015,-0.012,-0.009,-0.015,-0.014,-0.012,-0.013,-0.013,-0.013,-0.013,-0.012,-0.014,-0.01,-0.015,-0.01,-0.014,-0.015,-0.009,-0.013,-0.016,-0.012,-0.013,-0.013,-0.014,-0.012,-0.01,-0.014,-0.015,-0.009,
0.0,-0.004,0.001,-0.007,-0.005,-0.005,-0.005,-0.006,-0.005,-0.005,-0.006,-0.005,-0.006,-0.006,-0.005,-0.006,-0.006,-0.006,-0.005,-0.005,-0.006,-0.006,-0.005,-0.006,-0.005,-0.006,-0.006,-0.005,-0.006,-0.005,-0.006,-0.005,-0.006,-0.005,-0.006,-0.006,-0.006,-0.006,-0.006,-0.005,-0.006,-0.006,-0.005,-0.006,-0.005,-0.005,-0.006,-0.005,-0.006,-0.006,-0.005,-0.006,-0.005,-0.006,-0.006,-0.006,-0.005,-0.006,-0.006,-0.006,-0.006,-0.006,-0.006,-0.005,-0.006,-0.006,-0.005,-0.006,-0.006,-0.006,-0.005,-0.006,-0.006,-0.006,-0.006,-0.006,-0.005,-0.006,-0.006,-0.005,-0.006,-0.006,-0.006,-0.005,-0.006,-0.005,-0.006,-0.005,-0.005,-0.006,-0.006,-0.006,-0.005,-0.006,-0.006,-0.006,-0.006,-0.005,-0.006,-0.011,
0.0,-0.015,-0.018,-0.023,-0.018,-0.024,-0.02,-0.022,-0.022,-0.02,-0.02,-0.022,-0.022,-0.018,-0.023,-0.018,-0.024,-0.022,-0.018,-0.022,-0.022,-0.02,-0.022,-0.02,-0.02,-0.024,-0.017,-0.024,-0.02,-0.022,-0.017,-0.022,-0.021,-0.024,-0.018,-0.024,-0.021,-0.022,-0.021,-0.022,-0.021,-0.02,-0.021,-0.023,-0.018,-0.023,-0.018,-0.023,-0.018,-0.021,-0.023,-0.018,-0.023,-0.021,-0.021,-0.022,-0.018,-0.022,-0.023,-0.022,-0.021,-0.022,-0.017,-0.024,-0.017,-0.021,-0.018,-0.024,-0.022,-0.02,-0.021,-0.02,-0.023,-0.018,-0.022,-0.022,-0.017,-0.024,-0.022,-0.018,-0.022,-0.022,-0.021,-0.022,-0.021,-0.022,-0.018,-0.021,-0.018,-0.021,-0.018,-0.021,-0.018,-0.021,-0.018,-0.021,-0.018,-0.021,-0.018,-0.018,
0.0,-0.026,-0.046,-0.012,-0.049,-0.043,-0.042,-0.045,-0.042,-0.045,-0.042,-0.045,-0.043,-0.046,-0.043,-0.044,-0.043,-0.042,-0.046,-0.044,-0.043,-0.044,-0.043,-0.044,-0.043,-0.044,-0.043,-0.044,-0.043,-0.044,-0.043,-0.044,-0.043,-0.044,-0.043,-0.044,-0.043,-0.044,-0.043,-0.044,-0.043,-0.044,-0.043,-0.044,-0.043,-0.044,-0.043,-0.044,-0.043,-0.044,-0.043,-0.044,-0.043,-0.044,-0.043,-0.044,-0.043,-0.044,-0.043,-0.044,-0.043,-0.044,-0.043,-0.044,-0.043,-0.044,-0.043,-0.044,-0.043,-0.044,-0.043,-0.044,-0.043,-0.044,-0.043,-0.044,-0.043,-0.044,-0.043,-0.044,-0.043,-0.044,-0.043,-0.044,-0.043,-0.044,-0.043,-0.044,-0.043,-0.044,-0.043,-0.044,-0.043,-0.044,-0.043,-0.044,-0.043,-0.044,-0.043,-0.028,
0.0,-0.014,-0.004,-0.011,-0.005,0.0,-0.009,0.001,-0.009,0.001,-0.008,0.0,-0.008,0.001,-0.008,0.0,-0.008,0.001,-0.008,0.0,-0.008,0.0,-0.008,0.001,-0.009,0.0,-0.008,0.001,-0.008,0.0,-0.008,0.0,-0.008,0.0,-0.008,0.0,-0.008,0.001,-0.009,-0.006,-0.001,-0.007,-0.001,-0.007,0.0,-0.008,-0.001,-0.007,-0.001,-0.007,-0.001,-0.007,-0.001,-0.007,-0.001,-0.008,0.0,-0.007,0.0,-0.008,0.0,-0.007,0.0,-0.007,0.0,-0.008,0.0,-0.008,0.0,-0.007,0.0,-0.008,-0.007,0.0,-0.008,0.0,-0.008,0.0,-0.008,0.001,-0.008,0.0,-0.008,0.0,-0.008,0.001,-0.008,0.0,-0.008,0.0,-0.008,0.0,-0.009,0.001,-0.008,0.0,-0.008,0.0,-0.008,0.001,
0.0,-0.007,-0.011,-0.01,-0.01,-0.013,-0.01,-0.011,-0.011,-0.013,-0.013,-0.009,-0.013,-0.013,-0.011,-0.01,-0.013,-0.01,-0.01,-0.013,-0.009,-0.013,-0.009,-0.013,-0.013,-0.01,-0.013,-0.011,-0.011,-0.011,-0.011,-0.011,-0.011,-0.011,-0.011,-0.011,-0.011,-0.011,-0.011,-0.011,-0.011,-0.011,-0.011,-0.011,-0.011,-0.011,-0.011,-0.011,-0.011,-0.011,-0.011,-0.011,-0.011,-0.011,-0.011,-0.011,-0.011,-0.011,-0.011,-0.011,-0.011,-0.011,-0.011,-0.011,-0.011,-0.011,-0.011,-0.011,-0.011,-0.011,-0.011,-0.011,-0.011,-0.011,-0.011,-0.011,-0.011,-0.011,-0.011,-0.011,-0.011,-0.011,-0.011,-0.011,-0.011,-0.011,-0.011,-0.011,-0.011,-0.011,-0.011,-0.011,-0.011,-0.011,-0.011,-0.011,-0.011,-0.011,-0.011,-0.01,
0.0,-0.015,-0.021,-0.012,-0.017,-0.009,-0.011,-0.017,-0.011,-0.013,-0.012,-0.011,-0.013,-0.01,-0.016,-0.012,-0.01,-0.013,-0.012,-0.016,-0.01,-0.011,-0.016,-0.01,-0.015,-0.011,-0.012,-0.013,-0.011,-0.016,-0.01,-0.011,-0.016,-0.01,-0.016,-0.01,-0.012,-0.013,-0.012,-0.015,-0.01,-0.01,-0.017,-0.01,-0.015,-0.01,-0.012,-0.015,-0.01,-0.016,-0.01,-0.013,-0.013,-0.011,-0.015,-0.011,-0.01,-0.016,-0.011,-0.013,-0.012,-0.011,-0.015,-0.011,-0.015,-0.011,-0.011,-0.015,-0.011,-0.015,-0.011,-0.011,-0.015,-0.011,-0.015,-0.011,-0.011,-0.015,-0.011,-0.015,-0.011,-0.011,-0.015,-0.011,-0.015,-0.011,-0.011,-0.015,-0.011,-0.015,-0.011,-0.011,-0.015,-0.011,-0.015,-0.011,-0.011,-0.015,-0.011,-0.015,
0.0,-0.006,-0.021,-0.004,-0.018,-0.011,-0.022,-0.009,-0.023,-0.009,-0.022,-0.012,-0.022,-0.012,-0.023,-0.012,-0.022,-0.012,-0.023,-0.011,-0.023,-0.012,-0.023,-0.011,-0.022,-0.012,-0.022,-0.011,-0.022,-0.012,-0.023,-0.012,-0.023,-0.012,-0.022,-0.012,-0.022,-0.012,-0.022,-0.012,-0.022,-0.011,-0.022,-0.012,-0.023,-0.012,-0.022,-0.011,-0.022,-0.011,-0.021,-0.011,-0.022,-0.012,-0.022,-0.009,-0.022,-0.009,-0.022,-0.012,-0.009,-0.023,-0.012,-0.023,-0.011,-0.023,-0.012,-0.009,-0.022,-0.012,-0.023,-0.009,-0.022,-0.012,-0.012,-0.022,-0.011,-0.023,-0.011,-0.023,-0.009,-0.022,-0.012,-0.022,-0.011,-0.023,-0.012,-0.011,-0.024,-0.011,-0.022,-0.011,-0.022,-0.012,-0.022,-0.012,-0.022,-0.011,-0.022,-0.012,
0.0,-0.073,-0.054,-0.061,-0.049,-0.058,-0.047,-0.058,-0.044,-0.06,-0.044,-0.06,-0.042,-0.058,-0.049,-0.06,-0.047,-0.058,-0.047,-0.058,-0.047,-0.054,-0.049,-0.06,-0.047,-0.058,-0.047,-0.056,-0.047,-0.058,-0.049,-0.058,-0.047,-0.058,-0.044,-0.06,-0.047,-0.056,-0.049,-0.058,-0.044,-0.06,-0.047,-0.058,-0.047,-0.056,-0.049,-0.056,-0.049,-0.054,-0.047,-0.06,-0.049,-0.058,-0.047,-0.058,-0.047,-0.058,-0.042,-0.06,-0.049,-0.058,-0.047,-0.058,-0.044,-0.058,-0.047,-0.06,-0.047,-0.058,-0.047,-0.056,-0.049,-0.058,-0.044,-0.06,-0.047,-0.056,-0.049,-0.058,-0.047,-0.058,-0.044,-0.06,-0.044,-0.06,-0.042,-0.058,-0.049,-0.06,-0.047,-0.058,-0.047,-0.058,-0.047,-0.054,-0.049,-0.06,-0.047,-0.027,
0.0,-0.007,-0.042,-0.003,-0.047,-0.072,0.065,-0.114,-0.003,-0.006,-0.047,-0.072,0.065,-0.114,-0.002,-0.004,-0.046,-0.072,0.065,-0.115,-0.004,-0.005,-0.046,-0.072,0.066,-0.114,-0.003,-0.005,-0.046,-0.072,0.066,-0.113,-0.003,-0.006,-0.047,-0.073,0.065,-0.114,-0.002,-0.004,-0.047,-0.073,0.066,-0.113,-0.002,-0.004,-0.047,-0.074,0.064,-0.114,-0.002,-0.004,-0.046,-0.073,0.065,-0.114,-0.002,-0.004,-0.046,-0.072,0.065,-0.115,-0.003,-0.005,-0.047,-0.073,0.066,-0.113,-0.003,-0.005,-0.046,-0.072,0.066,-0.113,-0.003,-0.006,-0.048,-0.073,0.066,-0.113,-0.002,-0.005,-0.047,-0.073,0.066,-0.113,-0.002,-0.004,-0.047,-0.074,0.065,-0.114,-0.003,-0.005,-0.046,-0.072,0.065,-0.114,-0.002,0.02,
0.0,-0.01,-0.009,-0.017,-0.014,-0.024,-0.02,-0.03,-0.026,-0.022,-0.024,-0.025,-0.022,-0.024,-0.024,-0.022,-0.025,-0.022,-0.024,-0.025,-0.024,-0.024,-0.022,-0.025,-0.023,-0.024,-0.022,-0.024,-0.025,-0.022,-0.025,-0.022,-0.024,-0.024,-0.022,-0.024,-0.024,-0.023,-0.024,-0.025,-0.032,-0.033,-0.026,-0.033,-0.025,-0.022,-0.024,-0.025,-0.023,-0.024,-0.024,-0.022,-0.024,-0.024,-0.024,-0.022,-0.024,-0.024,-0.024,-0.022,-0.024,-0.023,-0.025,-0.022,-0.024,-0.024,-0.025,-0.032,-0.024,-0.023,-0.024,-0.022,-0.024,-0.024,-0.024,-0.024,-0.022,-0.025,-0.024,-0.022,-0.024,-0.024,-0.022,-0.024,-0.025,-0.022,-0.024,-0.023,-0.024,-0.03,-0.024,-0.024,-0.023,-0.023,-0.024,-0.03,-0.025,-0.024,-0.022,-0.024,
0.0,-0.007,-0.005,-0.005,-0.006,-0.006,-0.006,-0.005,-0.003,-0.007,-0.005,-0.006,-0.006,-0.005,-0.005,-0.006,-0.006,-0.006,-0.005,-0.007,-0.007,-0.005,-0.006,-0.006,-0.007,-0.005,-0.006,-0.005,-0.005,-0.006,-0.005,-0.006,-0.007,-0.007,-0.005,-0.007,-0.006,-0.005,-0.006,-0.006,-0.006,-0.005,-0.006,-0.005,-0.005,-0.003,-0.006,-0.006,-0.006,-0.005,-0.006,-0.006,-0.005,-0.006,-0.006,-0.005,-0.003,-0.006,-0.005,-0.005,-0.005,-0.006,-0.005,-0.003,-0.007,-0.006,-0.005,-0.007,-0.005,-0.006,-0.007,-0.005,-0.005,-0.005,-0.006,-0.006,-0.006,-0.006,-0.005,-0.006,-0.005,-0.007,-0.005,-0.006,-0.006,-0.006,-0.005,-0.006,-0.005,-0.005,-0.005,-0.006,-0.005,-0.006,-0.005,-0.005,-0.006,-0.006,-0.005,-0.006,
0.0,-0.034,-0.061,-0.032,-0.057,-0.042,-0.065,-0.039,-0.062,-0.043,-0.065,-0.039,-0.062,-0.042,-0.065,-0.037,-0.063,-0.042,-0.065,-0.039,-0.062,-0.042,-0.065,-0.039,-0.062,-0.042,-0.065,-0.037,-0.062,-0.042,-0.065,-0.039,-0.062,-0.043,-0.065,-0.039,-0.062,-0.042,-0.065,-0.037,-0.063,-0.042,-0.065,-0.039,-0.062,-0.042,-0.065,-0.039,-0.062,-0.042,-0.065,-0.037,-0.062,-0.042,-0.065,-0.039,-0.062,-0.043,-0.065,-0.039,-0.062,-0.042,-0.065,-0.037,-0.063,-0.042,-0.065,-0.039,-0.062,-0.042,-0.065,-0.039,-0.062,-0.042,-0.065,-0.037,-0.062,-0.042,-0.065,-0.039,-0.062,-0.043,-0.065,-0.039,-0.062,-0.042,-0.065,-0.037,-0.063,-0.042,-0.065,-0.039,-0.062,-0.042,-0.065,-0.039,-0.062,-0.042,-0.065,-0.016,
0.0,-0.011,-0.009,-0.011,-0.007,-0.009,-0.007,-0.01,-0.007,-0.007,-0.01,-0.007,-0.009,-0.007,-0.007,-0.01,-0.007,-0.007,-0.01,-0.007,-0.007,-0.009,-0.009,-0.007,-0.009,-0.007,-0.009,-0.007,-0.009,-0.007,-0.01,-0.009,-0.006,-0.01,-0.007,-0.009,-0.006,-0.009,-0.009,-0.007,-0.01,-0.009,-0.007,-0.009,-0.01,-0.009,-0.006,-0.009,-0.007,-0.01,-0.009,-0.007,-0.009,-0.01,-0.007,-0.009,-0.007,-0.01,-0.007,-0.006,-0.009,-0.009,-0.01,-0.006,-0.01,-0.007,-0.009,-0.007,-0.011,-0.009,-0.006,-0.011,-0.007,-0.007,-0.01,-0.009,-0.007,-0.009,-0.007,-0.009,-0.007,-0.01,-0.007,-0.007,-0.009,-0.01,-0.007,-0.01,-0.007,-0.007,-0.009,-0.007,-0.009,-0.01,-0.009,-0.007,-0.01,-0.007,-0.01,-0.006,
-0.001,-0.004,-0.013,-0.011,-0.003,-0.101,-0.066,0.139,-0.102,-0.076,0.141,-0.103,-0.086,0.142,-0.105,-0.151,0.012,-0.014,-0.002,-0.023,-0.01,-0.003,-0.101,-0.069,0.14,-0.102,-0.086,0.14,-0.103,-0.152,0.085,0.046,-0.151,-0.074,-0.068,0.144,-0.095,-0.081,0.14,-0.101,-0.152,0.091,0.046,-0.152,0.074,0.047,-0.152,-0.003,-0.017,-0.007,-0.074,-0.087,0.141,-0.095,-0.152,0.087,0.05,-0.152,0.068,0.045,-0.152,-0.003,-0.016,-0.01,-0.003,-0.027,-0.01,-0.074,-0.087,0.142,-0.095,-0.152,0.083,0.05,-0.152,-0.003,-0.008,-0.007,-0.003,-0.029,-0.013,-0.003,-0.033,-0.012,-0.074,-0.09,0.141,-0.095,-0.152,0.089,0.049,-0.152,0.072,0.046,-0.152,-0.003,-0.016,-0.008,-0.003,-0.031,
0.0,-0.022,-0.045,-0.006,-0.053,-0.037,-0.043,-0.032,-0.056,-0.06,-0.067,-0.043,-0.046,-0.032,-0.039,-0.054,-0.039,-0.054,-0.039,-0.052,-0.047,-0.061,-0.046,-0.043,-0.035,-0.051,-0.038,-0.04,-0.035,-0.053,-0.061,-0.044,-0.054,-0.044,-0.063,-0.044,-0.054,-0.044,-0.057,-0.043,-0.044,-0.035,-0.041,-0.033,-0.056,-0.059,-0.046,-0.043,-0.035,-0.051,-0.039,-0.054,-0.039,-0.052,-0.047,-0.062,-0.039,-0.055,-0.064,-0.044,-0.054,-0.059,-0.046,-0.043,-0.035,-0.051,-0.039,-0.054,-0.039,-0.054,-0.039,-0.054,-0.038,-0.04,-0.035,-0.051,-0.039,-0.054,-0.039,-0.054,-0.038,-0.04,-0.034,-0.037,-0.034,-0.037,-0.057,-0.037,-0.057,-0.037,-0.057,-0.035,-0.042,-0.033,-0.053,-0.037,-0.057,-0.037,-0.057,-0.043,
0.0,-0.007,-0.01,-0.006,-0.006,-0.009,-0.008,-0.006,-0.008,-0.007,-0.008,-0.006,-0.006,-0.006,-0.007,-0.008,-0.007,-0.006,-0.006,-0.006,-0.008,-0.006,-0.008,-0.007,-0.008,-0.006,-0.007,-0.008,-0.006,-0.008,-0.008,-0.006,-0.007,-0.008,-0.006,-0.006,-0.008,-0.007,-0.008,-0.007,-0.006,-0.006,-0.008,-0.006,-0.008,-0.007,-0.006,-0.007,-0.006,-0.008,-0.006,-0.006,-0.006,-0.007,-0.008,-0.007,-0.008,-0.007,-0.008,-0.006,-0.006,-0.006,-0.007,-0.008,-0.008,-0.007,-0.008,-0.006,-0.007,-0.007,-0.007,-0.008,-0.006,-0.008,-0.006,-0.007,-0.006,-0.006,-0.007,-0.008,-0.007,-0.008,-0.007,-0.008,-0.006,-0.007,-0.006,-0.006,-0.007,-0.008,-0.006,-0.006,-0.008,-0.006,-0.008,-0.007,-0.008,-0.006,-0.007,-0.006,
0.0,-0.011,-0.005,-0.014,-0.001,-0.009,-0.008,-0.014,0.001,-0.01,-0.01,-0.015,-0.002,-0.008,-0.007,-0.014,0.001,-0.019,-0.005,-0.01,-0.011,-0.016,-0.002,-0.009,-0.009,-0.016,0.0,-0.008,-0.009,-0.015,-0.001,-0.018,-0.005,-0.01,-0.008,-0.016,0.0,-0.018,-0.003,-0.01,-0.009,-0.017,-0.002,-0.008,0.0,-0.018,-0.003,-0.009,-0.009,-0.014,-0.001,-0.009,-0.008,-0.015,0.0,-0.008,0.001,-0.019,-0.006,-0.01,-0.008,-0.015,0.0,-0.009,-0.01,-0.017,-0.001,-0.019,-0.005,-0.011,-0.007,-0.014,0.0,-0.018,-0.003,-0.009,-0.009,-0.015,0.0,-0.022,-0.006,-0.014,0.002,-0.019,-0.005,-0.011,-0.009,-0.014,-0.001,-0.009,-0.009,-0.016,0.0,-0.019,-0.005,-0.011,-0.009,-0.015,-0.001,-0.008,
0.0,-0.008,-0.021,-0.003,-0.006,-0.006,-0.006,-0.006,-0.006,-0.006,-0.006,-0.006,-0.006,-0.006,-0.006,-0.006,-0.006,-0.006,-0.006,-0.006,-0.006,-0.006,-0.006,-0.006,-0.006,-0.006,-0.006,-0.006,-0.006,-0.006,-0.006,-0.006,-0.006,-0.006,-0.006,-0.006,-0.006,-0.006,-0.006,-0.006,-0.006,-0.006,-0.006,-0.006,-0.006,-0.006,-0.006,-0.006,-0.006,-0.006,-0.006,-0.006,-0.006,-0.006,-0.006,-0.006,-0.006,-0.006,-0.006,-0.006,-0.006,-0.006,-0.006,-0.006,-0.006,-0.006,-0.006,-0.006,-0.006,-0.006,-0.006,-0.006,-0.006,-0.006,-0.006,-0.006,-0.006,-0.006,-0.006,-0.006,-0.006,-0.006,-0.006,-0.006,-0.006,-0.006,-0.006,-0.006,-0.006,-0.006,-0.006,-0.006,-0.006,-0.006,-0.006,-0.006,-0.006,-0.006,-0.006,-0.006,
0.0,-0.004,-0.01,-0.006,-0.006,-0.005,-0.006,-0.006,-0.007,-0.006,-0.007,-0.006,-0.007,-0.006,-0.005,-0.007,-0.005,-0.006,-0.006,-0.006,-0.006,-0.007,-0.006,-0.006,-0.006,-0.007,-0.006,-0.006,-0.006,-0.006,-0.006,-0.006,-0.007,-0.006,-0.006,-0.006,-0.006,-0.007,-0.007,-0.006,-0.006,-0.006,-0.006,-0.006,-0.006,-0.006,-0.006,-0.007,-0.006,-0.006,-0.006,-0.005,-0.006,-0.006,-0.006,-0.007,-0.006,-0.006,-0.006,-0.006,-0.007,-0.007,-0.006,-0.006,-0.006,-0.006,-0.006,-0.006,-0.006,-0.006,-0.007,-0.006,-0.007,-0.005,-0.006,-0.006,-0.006,-0.007,-0.006,-0.007,-0.006,-0.006,-0.006,-0.005,-0.006,-0.006,-0.006,-0.007,-0.006,-0.005,-0.006,-0.007,-0.006,-0.006,-0.006,-0.006,-0.007,-0.006,-0.006,-0.006,
0.0,-0.002,-0.006,-0.012,-0.009,-0.016,-0.008,-0.006,-0.01,-0.008,-0.008,-0.016,-0.005,-0.002,-0.016,-0.008,-0.006,-0.014,-0.007,-0.007,-0.015,-0.007,-0.007,-0.015,-0.004,-0.001,-0.016,-0.008,-0.008,-0.013,-0.007,-0.007,-0.012,-0.008,-0.005,-0.009,-0.008,-0.008,-0.016,-0.005,-0.008,-0.016,-0.007,-0.004,-0.015,-0.007,-0.007,-0.015,-0.007,-0.007,-0.012,-0.008,-0.005,-0.016,-0.008,-0.005,-0.016,-0.005,-0.008,-0.013,-0.008,-0.008,-0.015,-0.004,-0.008,-0.016,-0.005,-0.008,-0.013,-0.008,-0.005,-0.016,-0.008,-0.007,-0.012,-0.008,-0.008,-0.013,-0.008,-0.005,-0.016,-0.005,-0.008,-0.016,-0.007,-0.004,-0.016,-0.008,-0.005,-0.016,-0.005,-0.008,-0.013,-0.008,-0.008,-0.015,-0.004,-0.008,-0.016,-0.003,
0.0,-0.004,-0.007,-0.014,-0.007,-0.009,-0.006,-0.01,-0.006,-0.008,-0.008,-0.008,-0.008,-0.007,-0.009,-0.006,-0.008,-0.007,-0.009,-0.007,-0.009,-0.006,-0.01,-0.007,-0.008,-0.009,-0.007,-0.008,-0.008,-0.007,-0.008,-0.009,-0.007,-0.007,-0.008,-0.007,-0.009,-0.006,-0.01,-0.006,-0.009,-0.007,-0.009,-0.007,-0.008,-0.007,-0.008,-0.008,-0.007,-0.007,-0.008,-0.009,-0.006,-0.009,-0.007,-0.008,-0.009,-0.008,-0.007,-0.009,-0.007,-0.008,-0.008,-0.007,-0.008,-0.008,-0.008,-0.007,-0.009,-0.007,-0.008,-0.008,-0.008,-0.007,-0.008,-0.007,-0.008,-0.008,-0.009,-0.007,-0.008,-0.008,-0.007,-0.008,-0.008,-0.008,-0.008,-0.008,-0.008,-0.007,-0.008,-0.007,-0.009,-0.008,-0.008,-0.008,-0.007,-0.008,-0.008,-0.007,
0.0,-0.007,-0.006,-0.013,-0.013,-0.015,-0.017,-0.016,-0.017,-0.019,-0.017,-0.019,-0.019,-0.02,-0.021,-0.02,-0.021,-0.019,-0.019,-0.02,-0.019,-0.019,-0.02,-0.02,-0.019,-0.019,-0.02,-0.019,-0.019,-0.02,-0.019,-0.02,-0.021,-0.019,-0.019,-0.02,-0.02,-0.021,-0.019,-0.019,-0.02,-0.021,-0.021,-0.019,-0.019,-0.02,-0.019,-0.019,-0.019,-0.02,-0.021,-0.019,-0.02,-0.02,-0.021,-0.019,-0.02,-0.02,-0.021,-0.019,-0.019,-0.019,-0.02,-0.02,-0.02,-0.02,-0.02,-0.019,-0.019,-0.02,-0.021,-0.019,-0.019,-0.02,-0.02,-0.019,-0.02,-0.02,-0.02,-0.02,-0.02,-0.02,-0.02,-0.021,-0.019,-0.019,-0.02,-0.019,-0.02,-0.021,-0.02,-0.02,-0.02,-0.019,-0.02,-0.021,-0.021,-0.02,-0.02,-0.02,
0.0,-0.004,-0.006,-0.005,-0.005,-0.005,-0.005,-0.005,-0.003,0.013,-0.019,0.01,-0.019,0.01,-0.019,0.01,-0.019,-0.007,-0.005,-0.005,-0.02,0.01,-0.002,0.013,-0.002,-0.005,-0.005,-0.005,-0.005,0.013,-0.018,0.01,-0.002,-0.005,-0.005,-0.005,-0.005,-0.005,-0.005,-0.005,-0.005,0.013,-0.002,-0.005,-0.005,-0.005,-0.005,0.011,-0.019,0.01,-0.003,0.013,-0.019,0.01,-0.019,0.01,-0.003,0.013,-0.019,-0.007,-0.006,0.013,-0.002,-0.003,-0.005,0.013,-0.019,0.01,-0.019,-0.007,-0.005,0.011,-0.019,0.01,-0.002,-0.005,-0.005,-0.005,-0.02,0.01,-0.019,0.01,-0.003,0.013,-0.002,-0.003,-0.005,0.013,-0.002,0.013,-0.002,-0.005,-0.005,-0.005,-0.005,-0.005,-0.003,0.013,-0.002,0.013,
0.0,-0.011,-0.007,-0.002,-0.013,-0.008,-0.006,-0.008,-0.007,-0.008,-0.008,-0.01,-0.003,-0.008,-0.006,-0.009,-0.007,-0.008,-0.006,-0.009,-0.006,-0.009,-0.006,-0.01,-0.006,-0.012,-0.006,-0.009,-0.009,-0.006,-0.006,-0.01,-0.005,-0.012,-0.005,-0.009,-0.006,-0.01,-0.006,-0.012,-0.008,-0.007,-0.007,-0.008,-0.009,-0.009,-0.003,-0.012,-0.007,-0.008,-0.005,-0.006,-0.009,-0.008,-0.006,-0.008,-0.007,-0.012,-0.003,-0.012,-0.005,-0.008,-0.007,-0.012,-0.008,-0.006,-0.009,-0.006,-0.006,-0.012,-0.003,-0.012,-0.003,-0.009,-0.009,-0.008,-0.008,-0.01,-0.005,-0.008,-0.008,-0.008,-0.006,-0.01,-0.008,-0.008,-0.007,-0.009,-0.008,-0.009,-0.005,-0.008,-0.006,-0.009,-0.006,-0.012,-0.006,-0.009,-0.006,-0.007,
0.0,-0.08,0.022,-0.052,-0.031,-0.05,-0.015,-0.047,0.064,-0.048,0.089,-0.028,-0.012,-0.054,-0.053,-0.053,0.071,-0.045,-0.009,-0.031,-0.009,-0.047,0.066,-0.048,-0.012,-0.05,-0.05,-0.056,-0.05,-0.056,-0.05,-0.056,-0.05,-0.056,-0.053,-0.05,-0.053,-0.053,-0.053,-0.055,-0.053,-0.05,-0.056,-0.05,-0.056,-0.05,-0.056,-0.05,-0.056,-0.05,-0.056,-0.05,-0.056,-0.05,-0.056,-0.05,-0.056,-0.05,-0.056,-0.05,-0.056,-0.05,-0.056,-0.05,-0.056,-0.05,-0.056,-0.05,-0.056,-0.05,-0.056,-0.05,-0.056,-0.05,-0.056,-0.05,-0.056,-0.05,-0.056,-0.05,-0.056,-0.05,-0.056,-0.05,-0.056,-0.05,-0.056,-0.05,-0.056,-0.05,-0.056,-0.05,-0.056,-0.05,-0.056,-0.05,-0.056,-0.05,-0.056,-0.048,
0.0,-0.008,-0.01,-0.008,-0.009,-0.009,-0.009,-0.01,-0.006,-0.007,-0.008,-0.006,-0.007,-0.009,-0.009,-0.009,-0.009,-0.007,-0.007,-0.007,-0.009,-0.007,-0.009,-0.008,-0.009,-0.009,-0.008,-0.008,-0.007,-0.007,-0.009,-0.009,-0.007,-0.01,-0.007,-0.009,-0.009,-0.008,-0.01,-0.009,-0.008,-0.008,-0.009,-0.007,-0.009,-0.007,-0.009,-0.009,-0.008,-0.009,-0.008,-0.009,-0.008,-0.008,-0.01,-0.009,-0.009,-0.009,-0.01,-0.008,-0.008,-0.009,-0.008,-0.009,-0.008,-0.009,-0.008,-0.009,-0.008,-0.009,-0.008,-0.009,-0.008,-0.009,-0.008,-0.009,-0.008,-0.009,-0.008,-0.009,-0.008,-0.009,-0.008,-0.009,-0.008,-0.009,-0.008,-0.009,-0.008,-0.009,-0.008,-0.009,-0.008,-0.009,-0.008,-0.009,-0.008,-0.009,-0.008,-0.009,
0.0,-0.164,-0.006,-0.212,-0.071,-0.156,-0.081,-0.151,-0.081,-0.148,-0.083,-0.15,-0.08,-0.151,-0.079,-0.15,-0.083,-0.15,-0.08,-0.149,-0.082,-0.15,-0.082,-0.148,-0.081,-0.151,-0.082,-0.149,-0.081,-0.149,-0.081,-0.152,-0.079,-0.15,-0.082,-0.151,-0.08,-0.149,-0.082,-0.15,-0.08,-0.152,-0.08,-0.15,-0.082,-0.149,-0.08,-0.151,-0.081,-0.151,-0.079,-0.15,-0.083,-0.15,-0.08,-0.151,-0.079,-0.151,-0.082,-0.149,-0.08,-0.152,-0.08,-0.15,-0.082,-0.149,-0.08,-0.151,-0.081,-0.151,-0.079,-0.15,-0.083,-0.15,-0.08,-0.151,-0.079,-0.151,-0.082,-0.149,-0.08,-0.152,-0.08,-0.15,-0.082,-0.149,-0.08,-0.151,-0.081,-0.151,-0.079,-0.15,-0.083,-0.15,-0.08,-0.151,-0.079,-0.151,-0.082,-0.028,
0.0,-0.006,-0.004,-0.003,-0.003,-0.003,-0.002,-0.002,-0.015,-0.004,-0.017,-0.003,-0.017,-0.004,-0.017,-0.004,-0.016,-0.003,-0.017,-0.005,-0.017,-0.005,-0.016,-0.006,-0.016,-0.004,-0.017,-0.006,-0.015,-0.005,-0.016,-0.005,-0.016,-0.003,-0.016,-0.005,-0.016,-0.005,-0.017,-0.004,-0.018,-0.004,-0.018,-0.006,-0.014,-0.005,-0.015,-0.004,-0.015,-0.005,-0.017,-0.004,-0.018,-0.003,-0.016,-0.004,-0.016,-0.003,-0.017,-0.006,-0.015,-0.006,-0.016,-0.004,-0.016,-0.004,-0.015,-0.004,-0.017,-0.005,-0.015,-0.004,-0.017,-0.004,-0.017,-0.004,-0.015,-0.003,-0.016,-0.005,-0.016,-0.006,-0.015,-0.005,-0.016,-0.004,-0.018,-0.005,-0.016,-0.006,-0.016,-0.003,-0.018,-0.003,-0.017,-0.003,-0.018,-0.006,-0.016,-0.008,
0.0,-0.01,-0.017,-0.012,-0.011,-0.011,-0.012,-0.01,-0.011,-0.011,-0.01,-0.011,-0.012,-0.009,-0.013,-0.009,-0.012,-0.011,-0.012,-0.01,-0.009,-0.012,-0.013,-0.012,-0.01,-0.01,-0.009,-0.015,-0.011,-0.009,-0.011,-0.009,-0.014,-0.009,-0.01,-0.012,-0.01,-0.013,-0.01,-0.009,-0.012,-0.012,-0.011,-0.012,-0.011,-0.01,-0.011,-0.009,-0.012,-0.012,-0.008,-0.013,-0.01,-0.01,-0.011,-0.011,-0.011,-0.012,-0.011,-0.012,-0.013,-0.011,-0.01,-0.011,-0.01,-0.011,-0.011,-0.011,-0.011,-0.012,-0.011,-0.011,-0.011,-0.011,-0.011,-0.011,-0.008,-0.012,-0.012,-0.008,-0.011,-0.011,-0.011,-0.013,-0.01,-0.01,-0.013,-0.01,-0.011,-0.009,-0.012,-0.011,-0.009,-0.013,-0.01,-0.012,-0.012,-0.011,-0.009,-0.009,
0.0,-0.005,-0.012,-0.016,-0.011,-0.01,0.007,-0.007,-0.009,-0.009,-0.01,-0.009,-0.008,-0.009,-0.009,-0.01,-0.009,-0.009,-0.01,-0.009,-0.009,-0.01,-0.009,-0.009,-0.01,-0.009,-0.009,-0.01,-0.009,-0.009,-0.01,-0.009,-0.009,-0.01,-0.009,-0.009,-0.01,-0.009,-0.009,-0.01,-0.009,-0.009,-0.01,-0.009,-0.009,-0.01,-0.009,-0.009,-0.01,-0.009,-0.009,-0.01,-0.009,-0.009,-0.01,-0.009,-0.009,-0.01,-0.009,-0.009,-0.01,-0.009,-0.009,-0.01,-0.009,-0.009,-0.01,-0.009,-0.009,-0.01,-0.009,-0.009,-0.01,-0.009,-0.009,-0.01,-0.009,-0.009,-0.01,-0.009,-0.009,-0.01,-0.009,-0.009,-0.01,-0.009,-0.009,-0.01,-0.009,-0.009,-0.01,-0.009,-0.009,-0.01,-0.009,-0.009,-0.01,-0.009,-0.009,-0.008,
0.0,-0.011,-0.019,-0.01,-0.011,-0.011,-0.011,-0.01,-0.011,-0.011,-0.011,-0.012,-0.011,-0.011,-0.011,-0.011,-0.011,-0.011,-0.01,-0.011,-0.011,-0.011,-0.01,-0.011,-0.011,-0.011,-0.011,-0.011,-0.011,-0.011,-0.011,-0.011,-0.011,-0.011,-0.011,-0.011,-0.011,-0.011,-0.011,-0.011,-0.011,-0.011,-0.011,-0.011,-0.011,-0.011,-0.011,-0.011,-0.011,-0.011,-0.011,-0.011,-0.011,-0.011,-0.011,-0.011,-0.011,-0.011,-0.011,-0.011,-0.011,-0.011,-0.011,-0.011,-0.011,-0.011,-0.011,-0.011,-0.011,-0.011,-0.011,-0.011,-0.011,-0.011,-0.011,-0.011,-0.011,-0.011,-0.011,-0.011,-0.011,-0.011,-0.011,-0.011,-0.011,-0.011,-0.011,-0.011,-0.011,-0.011,-0.011,-0.011,-0.011,-0.011,-0.011,-0.011,-0.011,-0.011,-0.011,-0.008,
0.0,-0.003,-0.006,-0.005,-0.02,0.001,-0.008,0.003,0.008,0.009,0.01,0.01,0.01,-0.006,0.006,0.007,-0.007,0.005,0.008,0.01,0.009,0.01,0.01,0.012,-0.006,0.001,-0.007,0.005,0.007,0.009,0.009,0.01,-0.006,0.0,-0.006,0.006,0.007,0.009,0.01,0.01,-0.007,0.0,-0.008,0.005,-0.008,0.003,0.007,0.008,0.009,0.009,0.01,0.01,0.01,0.012,-0.006,0.001,-0.006,0.001,-0.007,0.0,-0.007,0.005,0.008,0.01,-0.006,0.006,0.008,0.009,0.009,0.01,0.009,0.01,0.01,-0.007,0.005,0.007,0.009,0.009,0.009,0.01,0.01,-0.007,0.006,0.007,0.009,0.009,0.01,0.01,0.01,-0.006,0.001,-0.007,0.006,0.008,0.009,0.009,0.01,0.01,0.01,-0.006,
0.0,-0.008,-0.014,-0.021,-0.023,-0.009,-0.012,-0.011,-0.011,-0.01,-0.012,-0.011,-0.011,-0.011,-0.012,-0.011,-0.01,-0.012,-0.011,-0.011,-0.01,-0.012,-0.01,-0.012,-0.01,-0.012,-0.011,-0.01,-0.012,-0.01,-0.011,-0.012,-0.011,-0.011,-0.01,-0.012,-0.01,-0.011,-0.012,-0.01,-0.012,-0.01,-0.012,-0.01,-0.012,-0.011,-0.01,-0.012,-0.01,-0.011,-0.012,-0.011,-0.011,-0.01,-0.012,-0.01,-0.011,-0.012,-0.01,-0.012,-0.01,-0.012,-0.01,-0.012,-0.011,-0.01,-0.012,-0.01,-0.011,-0.012,-0.011,-0.011,-0.01,-0.012,-0.01,-0.011,-0.012,-0.01,-0.012,-0.01,-0.012,-0.01,-0.012,-0.011,-0.01,-0.012,-0.01,-0.011,-0.012,-0.011,-0.011,-0.01,-0.012,-0.01,-0.011,-0.012,-0.01,-0.012,-0.01,-0.009,
0.0,-0.015,-0.015,-0.008,-0.014,-0.01,-0.011,-0.011,-0.011,-0.011,-0.013,-0.011,-0.01,-0.011,-0.011,-0.011,-0.011,-0.011,-0.013,-0.01,-0.013,-0.011,-0.01,-0.011,-0.011,-0.011,-0.011,-0.011,-0.013,-0.01,-0.013,-0.011,-0.01,-0.011,-0.011,-0.011,-0.011,-0.011,-0.013,-0.01,-0.013,-0.011,-0.01,-0.011,-0.011,-0.011,-0.011,-0.011,-0.013,-0.01,-0.013,-0.011,-0.01,-0.011,-0.011,-0.011,-0.011,-0.011,-0.013,-0.01,-0.013,-0.011,-0.01,-0.011,-0.011,-0.011,-0.011,-0.011,-0.013,-0.01,-0.013,-0.011,-0.01,-0.011,-0.011,-0.011,-0.011,-0.011,-0.013,-0.01,-0.013,-0.011,-0.01,-0.011,-0.011,-0.011,-0.011,-0.011,-0.013,-0.01,-0.013,-0.011,-0.01,-0.011,-0.011,-0.011,-0.011,-0.011,-0.013,-0.009,
0.0,-0.011,-0.008,-0.017,-0.009,-0.009,-0.009,-0.007,-0.009,-0.007,-0.009,-0.008,-0.008,-0.009,-0.008,-0.008,-0.009,-0.008,-0.008,-0.008,-0.008,-0.008,-0.01,-0.007,-0.009,-0.007,-0.008,-0.008,-0.01,-0.007,-0.008,-0.008,-0.007,-0.01,-0.006,-0.009,-0.008,-0.008,-0.007,-0.01,-0.007,-0.009,-0.007,-0.01,-0.007,-0.008,-0.007,-0.009,-0.009,-0.008,-0.008,-0.007,-0.009,-0.008,-0.007,-0.009,-0.008,-0.008,-0.008,-0.007,-0.01,-0.007,-0.008,-0.009,-0.007,-0.01,-0.007,-0.009,-0.008,-0.008,-0.007,-0.009,-0.007,-0.009,-0.008,-0.007,-0.01,-0.006,-0.01,-0.007,-0.008,-0.008,-0.008,-0.008,-0.008,-0.008,-0.01,-0.007,-0.009,-0.008,-0.008,-0.007,-0.008,-0.009,-0.008,-0.009,-0.007,-0.008,-0.009,-0.008,
0.0,0.002,-0.009,-0.011,-0.009,-0.008,-0.011,-0.009,-0.008,-0.011,-0.009,-0.012,-0.009,-0.012,-0.009,-0.012,-0.009,-0.012,-0.009,-0.012,-0.009,-0.012,-0.009,-0.012,-0.015,-0.008,-0.009,-0.012,-0.014,-0.008,-0.009,-0.009,-0.012,-0.009,-0.012,-0.008,-0.008,-0.008,-0.008,-0.011,-0.008,-0.011,-0.008,-0.01,-0.009,-0.009,-0.012,-0.008,-0.009,-0.009,-0.009,-0.012,-0.014,-0.009,-0.009,-0.009,-0.008,-0.009,-0.008,-0.011,-0.008,-0.01,-0.008,-0.01,-0.008,-0.01,-0.009,-0.008,-0.011,-0.014,-0.009,-0.011,-0.008,-0.01,-0.013,-0.008,-0.008,-0.009,-0.011,-0.009,-0.012,-0.014,-0.008,-0.009,-0.012,-0.009,-0.008,-0.011,-0.008,-0.009,-0.011,-0.008,-0.009,-0.012,-0.008,-0.01,-0.009,-0.008,-0.008,-0.008,
0.0,0.026,-0.012,-0.005,-0.009,-0.007,-0.005,-0.002,-0.007,-0.003,-0.006,-0.005,-0.007,-0.005,-0.008,-0.006,-0.006,-0.006,-0.006,-0.007,-0.002,-0.006,-0.007,-0.003,-0.003,-0.008,-0.007,-0.005,-0.006,-0.002,-0.002,-0.006,-0.006,-0.006,-0.003,-0.003,-0.003,-0.007,-0.003,-0.003,-0.005,-0.006,-0.008,-0.002,-0.003,-0.007,-0.005,-0.003,-0.008,-0.003,-0.008,-0.006,-0.005,-0.003,-0.003,-0.007,-0.002,-0.003,-0.006,-0.005,-0.007,-0.003,-0.002,-0.003,-0.003,-0.002,-0.003,-0.007,-0.003,-0.003,-0.002,-0.003,-0.007,-0.006,-0.002,-0.006,-0.006,-0.007,-0.005,-0.007,-0.006,-0.007,-0.003,-0.007,-0.006,-0.006,-0.006,-0.006,-0.002,-0.006,-0.007,-0.006,-0.002,-0.007,-0.003,-0.006,-0.003,-0.007,-0.007,-0.006,
0.0,-0.007,-0.014,-0.005,-0.007,-0.01,-0.008,-0.008,-0.01,-0.006,-0.023,-0.005,-0.006,-0.008,-0.008,-0.008,-0.006,-0.006,-0.01,-0.006,-0.006,-0.025,-0.006,-0.01,-0.006,-0.006,-0.012,-0.006,-0.006,-0.01,-0.006,-0.008,-0.004,-0.012,-0.005,-0.01,-0.005,-0.008,-0.007,-0.006,-0.006,-0.006,-0.01,-0.008,-0.005,-0.006,-0.008,-0.008,-0.005,-0.006,-0.01,-0.01,-0.007,-0.006,-0.011,-0.005,-0.019,-0.006,-0.005,-0.011,-0.007,-0.01,-0.006,-0.01,-0.008,-0.005,-0.007,-0.006,-0.006,-0.007,-0.005,-0.01,-0.005,-0.006,-0.007,-0.008,-0.005,-0.007,-0.011,-0.006,-0.008,-0.01,-0.01,-0.005,-0.006,-0.007,-0.006,-0.01,-0.01,-0.005,-0.008,-0.005,-0.007,-0.007,-0.008,-0.006,-0.007,-0.011,-0.005,-0.006,
0.0,-0.008,-0.007,-0.007,-0.007,-0.007,-0.007,-0.007,-0.006,-0.008,-0.006,-0.008,-0.006,-0.008,-0.007,-0.007,-0.007,-0.007,-0.007,-0.008,-0.007,-0.007,-0.007,-0.007,-0.007,-0.007,-0.007,-0.006,-0.007,-0.007,-0.007,-0.007,-0.007,-0.007,-0.006,-0.007,-0.007,-0.007,-0.007,-0.007,-0.007,-0.006,-0.007,-0.007,-0.007,-0.007,-0.007,-0.007,-0.006,-0.007,-0.007,-0.007,-0.007,-0.007,-0.007,-0.006,-0.007,-0.007,-0.007,-0.007,-0.007,-0.007,-0.006,-0.007,-0.007,-0.007,-0.007,-0.007,-0.007,-0.006,-0.007,-0.007,-0.007,-0.007,-0.007,-0.007,-0.006,-0.007,-0.007,-0.007,-0.007,-0.007,-0.007,-0.006,-0.007,-0.007,-0.007,-0.007,-0.007,-0.007,-0.006,-0.007,-0.007,-0.007,-0.007,-0.007,-0.007,-0.006,-0.007,-0.007,
0.0,-0.015,-0.015,0.004,-0.019,-0.02,-0.016,-0.005,-0.016,-0.011,-0.016,-0.011,-0.016,-0.011,-0.016,-0.011,-0.016,-0.019,-0.015,-0.014,-0.017,-0.014,-0.017,-0.014,-0.017,-0.014,-0.017,-0.014,-0.017,-0.014,-0.017,-0.014,-0.062,-0.212,-0.03,-0.014,-0.017,-0.014,-0.015,-0.01,-0.017,-0.014,-0.017,-0.014,-0.062,-0.214,-0.032,-0.015,-0.019,-0.015,-0.015,-0.01,-0.015,-0.01,-0.062,-0.209,-0.032,-0.015,-0.019,-0.015,-0.017,-0.013,-0.017,-0.014,-0.02,-0.015,-0.062,-0.215,-0.03,-0.014,-0.019,-0.016,-0.017,-0.013,-0.017,-0.014,-0.017,-0.014,-0.062,-0.214,-0.034,-0.019,-0.015,-0.009,-0.017,-0.014,-0.02,-0.015,-0.062,-0.211,-0.03,-0.014,-0.019,-0.016,-0.017,-0.013,-0.017,-0.014,-0.017,-0.001,
0.0,-0.065,-0.022,-0.04,-0.043,-0.037,-0.04,-0.037,-0.039,-0.04,-0.036,-0.039,-0.042,-0.04,-0.037,-0.041,-0.037,-0.04,-0.039,-0.039,-0.036,-0.042,-0.04,-0.037,-0.036,-0.041,-0.039,-0.036,-0.041,-0.036,-0.041,-0.041,-0.036,-0.04,-0.037,-0.037,-0.041,-0.039,-0.041,-0.039,-0.04,-0.036,-0.04,-0.036,-0.043,-0.036,-0.041,-0.037,-0.041,-0.037,-0.04,-0.037,-0.04,-0.037,-0.037,-0.04,-0.042,-0.035,-0.041,-0.039,-0.04,-0.039,-0.036,-0.039,-0.039,-0.042,-0.035,-0.041,-0.036,-0.041,-0.039,-0.039,-0.04,-0.037,-0.039,-0.041,-0.039,-0.036,-0.04,-0.037,-0.043,-0.037,-0.04,-0.036,-0.04,-0.039,-0.037,-0.039,-0.04,-0.039,-0.039,-0.041,-0.04,-0.039,-0.04,-0.036,-0.04,-0.04,-0.039,-0.022,
0.0,-0.013,-0.012,-0.009,-0.011,-0.009,-0.01,-0.011,-0.009,-0.01,-0.011,-0.009,-0.01,-0.01,-0.011,-0.01,-0.01,-0.01,-0.01,-0.01,-0.01,-0.011,-0.008,-0.012,-0.01,-0.009,-0.011,-0.01,-0.01,-0.01,-0.009,-0.01,-0.009,-0.01,-0.01,-0.01,-0.01,-0.01,-0.009,-0.01,-0.01,-0.01,-0.01,-0.01,-0.009,-0.01,-0.01,-0.01,-0.01,-0.01,-0.009,-0.01,-0.01,-0.01,-0.01,-0.01,-0.009,-0.01,-0.01,-0.01,-0.01,-0.01,-0.009,-0.01,-0.01,-0.01,-0.01,-0.01,-0.009,-0.01,-0.01,-0.01,-0.01,-0.01,-0.009,-0.01,-0.01,-0.01,-0.01,-0.01,-0.009,-0.01,-0.01,-0.01,-0.01,-0.01,-0.009,-0.01,-0.01,-0.01,-0.01,-0.01,-0.009,-0.01,-0.01,-0.01,-0.01,-0.01,-0.009,-0.009,
0.0,-0.001,-0.07,-0.005,-0.008,-0.007,-0.008,-0.007,-0.008,-0.007,-0.008,-0.007,-0.008,-0.007,-0.008,-0.008,-0.007,-0.007,-0.008,-0.007,-0.007,-0.007,-0.008,-0.007,-0.007,-0.008,-0.007,-0.007,-0.008,-0.008,-0.007,-0.007,-0.007,-0.008,-0.007,-0.008,-0.007,-0.008,-0.007,-0.007,-0.007,-0.008,-0.007,-0.008,-0.007,-0.008,-0.007,-0.007,-0.008,-0.007,-0.007,-0.007,-0.007,-0.008,-0.007,-0.007,-0.007,-0.007,-0.008,-0.007,-0.008,-0.007,-0.007,-0.008,-0.007,-0.008,-0.007,-0.008,-0.007,-0.007,-0.007,-0.008,-0.007,-0.007,-0.008,-0.007,-0.008,-0.007,-0.007,-0.007,-0.007,-0.008,-0.007,-0.007,-0.008,-0.007,-0.008,-0.007,-0.008,-0.007,-0.007,-0.007,-0.007,-0.007,-0.008,-0.007,-0.007,-0.007,-0.007,-0.007,
0.0,-0.008,-0.01,-0.013,-0.01,-0.01,-0.013,-0.009,-0.011,-0.011,-0.01,-0.01,-0.01,-0.011,-0.011,-0.011,-0.011,-0.01,-0.013,-0.01,-0.01,-0.013,-0.01,-0.011,-0.011,-0.009,-0.013,-0.01,-0.011,-0.011,-0.01,-0.011,-0.013,-0.011,-0.011,-0.011,-0.011,-0.01,-0.01,-0.011,-0.01,-0.01,-0.011,-0.011,-0.01,-0.011,-0.011,-0.011,-0.01,-0.013,-0.01,-0.01,-0.013,-0.01,-0.013,-0.01,-0.011,-0.009,-0.011,-0.009,-0.011,-0.01,-0.013,-0.01,-0.013,-0.01,-0.013,-0.01,-0.013,-0.01,-0.013,-0.01,-0.013,-0.01,-0.013,-0.01,-0.013,-0.01,-0.013,-0.01,-0.013,-0.01,-0.013,-0.01,-0.013,-0.01,-0.013,-0.01,-0.013,-0.01,-0.013,-0.01,-0.013,-0.01,-0.013,-0.01,-0.013,-0.01,-0.013,-0.009,
0.0,-0.038,-0.01,-0.035,-0.013,-0.034,-0.013,-0.033,-0.015,-0.033,-0.015,-0.033,-0.015,-0.033,-0.015,-0.033,-0.015,-0.033,-0.015,-0.033,-0.015,-0.033,-0.015,-0.033,-0.015,-0.033,-0.015,-0.033,-0.015,-0.033,-0.015,-0.033,-0.015,-0.033,-0.015,-0.033,-0.015,-0.033,-0.015,-0.033,-0.015,-0.033,-0.015,-0.033,-0.015,-0.033,-0.015,-0.033,-0.015,-0.033,-0.015,-0.033,-0.015,-0.033,-0.015,-0.033,-0.015,-0.033,-0.015,-0.033,-0.015,-0.033,-0.015,-0.033,-0.015,-0.033,-0.015,-0.033,-0.015,-0.033,-0.015,-0.033,-0.015,-0.033,-0.015,-0.033,-0.015,-0.033,-0.015,-0.033,-0.015,-0.033,-0.015,-0.033,-0.015,-0.033,-0.015,-0.033,-0.015,-0.033,-0.015,-0.033,-0.015,-0.033,-0.015,-0.033,-0.015,-0.033,-0.015,-0.031,
0.0,-0.016,-0.032,-0.01,-0.01,-0.01,-0.013,-0.013,-0.013,-0.01,-0.012,-0.012,-0.012,-0.012,-0.012,-0.012,-0.012,-0.008,-0.012,-0.016,-0.009,-0.012,-0.013,-0.01,-0.012,-0.014,-0.009,-0.013,-0.01,-0.012,-0.012,-0.013,-0.012,-0.01,-0.012,-0.013,-0.01,-0.012,-0.013,-0.012,-0.012,-0.01,-0.012,-0.012,-0.012,-0.012,-0.01,-0.012,-0.01,-0.013,-0.014,-0.012,-0.008,-0.012,-0.012,-0.01,-0.013,-0.012,-0.012,-0.009,-0.014,-0.009,-0.01,-0.012,-0.012,-0.014,-0.013,-0.012,-0.009,-0.015,-0.008,-0.01,-0.012,-0.012,-0.014,-0.013,-0.012,-0.01,-0.009,-0.013,-0.013,-0.013,-0.012,-0.009,-0.012,-0.009,-0.013,-0.013,-0.012,-0.012,-0.012,-0.012,-0.009,-0.014,-0.009,-0.015,-0.009,-0.013,-0.013,-0.008,
0.0,-0.085,-0.027,-0.047,-0.03,-0.043,-0.028,-0.042,-0.027,-0.046,-0.024,-0.045,-0.028,-0.046,-0.023,-0.045,-0.027,-0.045,-0.027,-0.045,-0.027,-0.046,-0.024,-0.046,-0.027,-0.045,-0.028,-0.045,-0.024,-0.045,-0.028,-0.043,-0.027,-0.043,-0.028,-0.043,-0.028,-0.043,-0.028,-0.046,-0.023,-0.049,-0.024,-0.045,-0.024,-0.049,-0.023,-0.046,-0.027,-0.043,-0.03,-0.042,-0.028,-0.043,-0.027,-0.046,-0.028,-0.045,-0.023,-0.049,-0.023,-0.045,-0.028,-0.046,-0.024,-0.046,-0.024,-0.043,-0.028,-0.046,-0.027,-0.042,-0.027,-0.049,-0.023,-0.049,-0.027,-0.043,-0.026,-0.046,-0.027,-0.045,-0.024,-0.043,-0.028,-0.046,-0.023,-0.049,-0.023,-0.049,-0.027,-0.045,-0.024,-0.044,-0.028,-0.045,-0.027,-0.043,-0.024,-0.048,
0.0,-0.009,-0.007,-0.01,-0.008,-0.008,-0.007,-0.009,-0.007,-0.01,-0.009,-0.012,-0.007,-0.01,-0.009,-0.009,-0.009,-0.012,-0.007,-0.009,-0.008,-0.01,-0.01,-0.008,-0.008,-0.01,-0.008,-0.008,-0.008,-0.01,-0.009,-0.008,-0.008,-0.009,-0.008,-0.009,-0.009,-0.01,-0.008,-0.009,-0.008,-0.009,-0.007,-0.008,-0.01,-0.008,-0.008,-0.01,-0.009,-0.01,-0.008,-0.01,-0.009,-0.009,-0.008,-0.009,-0.008,-0.008,-0.007,-0.01,-0.009,-0.012,-0.007,-0.01,-0.008,-0.01,-0.008,-0.008,-0.009,-0.01,-0.009,-0.009,-0.008,-0.009,-0.008,-0.01,-0.01,-0.008,-0.007,-0.01,-0.008,-0.01,-0.008,-0.009,-0.007,-0.009,-0.008,-0.012,-0.008,-0.01,-0.008,-0.008,-0.008,-0.008,-0.008,-0.012,-0.008,-0.009,-0.007,-0.01,
0.0,-0.016,-0.062,-0.066,-0.082,-0.093,-0.104,-0.104,-0.098,-0.099,-0.093,-0.093,-0.094,-0.106,-0.106,-0.1,-0.1,-0.094,-0.094,-0.095,-0.106,-0.108,-0.102,-0.102,-0.094,-0.097,-0.097,-0.108,-0.109,-0.1,-0.103,-0.094,-0.096,-0.097,-0.105,-0.108,-0.101,-0.1,-0.096,-0.095,-0.095,-0.108,-0.107,-0.101,-0.103,-0.094,-0.097,-0.096,-0.107,-0.106,-0.103,-0.103,-0.095,-0.094,-0.099,-0.106,-0.107,-0.1,-0.102,-0.095,-0.095,-0.096,-0.106,-0.108,-0.099,-0.102,-0.093,-0.093,-0.095,-0.107,-0.106,-0.1,-0.102,-0.094,-0.096,-0.097,-0.108,-0.109,-0.1,-0.101,-0.094,-0.096,-0.096,-0.109,-0.109,-0.102,-0.103,-0.096,-0.098,-0.091,-0.091,-0.102,-0.111,-0.112,-0.105,-0.107,-0.099,-0.101,-0.093,-0.065,
0.0,-0.006,-0.008,-0.007,-0.007,-0.006,-0.007,-0.006,-0.007,-0.007,-0.007,-0.006,-0.008,-0.004,-0.007,-0.006,-0.007,-0.006,-0.007,-0.006,-0.007,-0.006,-0.007,-0.006,-0.007,-0.006,-0.007,-0.006,-0.007,-0.006,-0.008,-0.006,-0.007,-0.006,-0.007,-0.006,-0.007,-0.006,-0.007,-0.006,-0.007,-0.007,-0.006,-0.007,-0.007,-0.006,-0.007,-0.006,-0.007,-0.006,-0.007,-0.006,-0.008,-0.004,-0.007,-0.007,-0.007,-0.006,-0.007,-0.007,-0.007,-0.006,-0.008,-0.006,-0.006,-0.006,-0.007,-0.006,-0.007,-0.007,-0.007,-0.006,-0.007,-0.006,-0.007,-0.006,-0.008,-0.006,-0.007,-0.006,-0.007,-0.006,-0.007,-0.006,-0.007,-0.006,-0.007,-0.006,-0.007,-0.007,-0.007,-0.006,-0.007,-0.006,-0.007,-0.006,-0.007,-0.006,-0.007,-0.006,
0.0,-0.007,-0.016,-0.003,-0.007,-0.006,-0.006,-0.006,-0.006,-0.007,-0.006,-0.006,-0.006,0.0,-0.006,-0.006,-0.006,-0.007,-0.006,-0.006,-0.007,-0.006,-0.006,-0.007,-0.006,-0.007,-0.006,-0.007,-0.006,-0.006,-0.007,-0.006,-0.007,-0.006,-0.006,-0.007,0.0,-0.006,-0.007,-0.006,-0.007,-0.006,-0.006,-0.006,-0.006,-0.006,-0.007,-0.006,-0.007,-0.006,-0.007,-0.006,-0.006,-0.007,-0.006,-0.006,0.0,-0.007,-0.006,-0.006,-0.006,-0.006,-0.006,-0.006,-0.007,-0.006,-0.007,-0.006,-0.006,-0.006,-0.007,0.0,-0.006,-0.006,-0.006,-0.006,-0.006,-0.001,-0.007,-0.006,-0.006,-0.007,-0.006,-0.006,-0.007,0.0,-0.007,-0.006,-0.007,-0.006,-0.007,-0.006,-0.006,-0.007,-0.006,-0.006,0.0,-0.007,-0.006,-0.006,
0.0,-0.015,-0.011,-0.013,-0.013,-0.012,-0.01,-0.016,-0.008,-0.014,-0.009,-0.012,-0.014,-0.011,-0.011,-0.011,-0.016,-0.009,-0.012,-0.012,-0.011,-0.016,-0.01,-0.011,-0.011,-0.013,-0.009,-0.013,-0.011,-0.012,-0.012,-0.016,-0.008,-0.012,-0.012,-0.014,-0.01,-0.014,-0.01,-0.013,-0.009,-0.014,-0.009,-0.014,-0.01,-0.012,-0.012,-0.012,-0.009,-0.016,-0.009,-0.012,-0.013,-0.01,-0.013,-0.01,-0.012,-0.013,-0.01,-0.014,-0.011,-0.01,-0.016,-0.011,-0.01,-0.014,-0.009,-0.013,-0.01,-0.013,-0.013,-0.01,-0.013,-0.012,-0.011,-0.01,-0.017,-0.009,-0.012,-0.01,-0.013,-0.01,-0.012,-0.011,-0.012,-0.011,-0.016,-0.011,-0.01,-0.011,-0.014,-0.01,-0.012,-0.014,-0.012,-0.008,-0.017,-0.009,-0.013,-0.011,
0.0,-0.07,-0.04,-0.123,-0.07,-0.25,0.09,-0.26,-0.06,-0.25,0.085,-0.217,0.087,-0.256,-0.057,-0.25,0.085,-0.217,0.082,-0.256,-0.061,-0.252,-0.059,-0.132,-0.064,-0.1,-0.07,-0.126,-0.065,-0.126,-0.017,-0.131,-0.062,-0.098,-0.063,-0.253,0.087,-0.253,0.091,-0.262,-0.06,-0.25,0.082,-0.252,0.085,-0.255,-0.058,-0.13,-0.065,-0.126,-0.061,-0.124,-0.07,-0.25,-0.059,-0.132,0.0,-0.252,0.085,-0.249,-0.06,-0.125,-0.063,-0.126,-0.065,-0.126,-0.062,-0.12,-0.059,-0.127,-0.066,-0.251,0.089,-0.26,0.086,-0.253,0.092,-0.251,0.089,-0.257,-0.055,-0.133,-0.066,-0.128,-0.07,-0.251,-0.059,-0.133,-0.06,-0.1,-0.07,-0.251,0.084,-0.262,-0.06,-0.131,-0.074,-0.225,0.087,-0.111,
0.0,-0.07,-0.122,0.008,-0.035,0.002,-0.007,-0.084,-0.024,-0.083,-0.03,-0.086,-0.024,-0.083,-0.028,-0.088,-0.024,-0.084,-0.028,-0.086,-0.023,-0.088,-0.024,-0.083,-0.029,-0.087,-0.023,-0.088,-0.025,-0.085,-0.026,-0.083,-0.031,-0.081,-0.028,-0.088,-0.025,-0.086,-0.024,-0.083,-0.028,-0.088,-0.024,-0.087,-0.023,-0.088,-0.025,-0.086,-0.023,-0.085,-0.031,-0.083,-0.026,-0.083,-0.031,-0.081,-0.031,-0.081,-0.029,-0.084,-0.025,-0.088,-0.023,-0.085,-0.031,-0.081,-0.031,-0.081,-0.029,-0.083,-0.031,-0.082,-0.026,-0.085,-0.029,-0.081,-0.031,-0.081,-0.032,-0.082,-0.03,-0.081,-0.028,-0.088,-0.023,-0.085,-0.031,-0.082,-0.026,-0.085,-0.029,-0.081,-0.028,-0.085,-0.031,-0.082,-0.028,-0.086,-0.028,-0.016,
0.0,-0.009,-0.005,-0.008,-0.005,-0.007,-0.002,-0.007,-0.005,-0.007,-0.006,-0.05,0.031,-0.046,-0.009,-0.008,-0.005,-0.05,0.033,-0.043,0.033,-0.046,-0.009,-0.01,-0.006,-0.05,0.033,-0.047,0.033,-0.045,-0.009,-0.01,-0.005,-0.05,0.031,-0.046,-0.009,-0.01,-0.007,-0.051,0.031,-0.043,0.033,-0.045,-0.009,-0.008,-0.007,-0.051,0.03,-0.045,0.034,-0.004,-0.003,-0.008,-0.006,-0.05,0.031,-0.046,-0.009,-0.01,-0.007,-0.051,0.031,-0.046,-0.01,-0.01,-0.006,-0.051,0.031,-0.046,-0.01,-0.01,-0.006,-0.05,0.033,-0.046,-0.01,-0.01,-0.007,-0.01,-0.006,-0.051,0.031,-0.046,-0.009,-0.053,0.029,-0.047,-0.01,-0.01,-0.005,-0.05,-0.013,-0.012,-0.007,-0.051,0.03,-0.045,-0.009,-0.01,
0.0,-0.01,-0.011,-0.015,-0.016,-0.023,-0.024,-0.025,-0.024,-0.024,-0.023,-0.023,-0.022,-0.022,-0.022,-0.021,-0.02,-0.02,-0.02,-0.019,-0.019,-0.019,-0.018,-0.018,-0.017,-0.017,-0.017,-0.015,-0.015,-0.014,-0.014,-0.013,-0.013,-0.012,-0.012,-0.012,-0.012,-0.011,-0.011,-0.01,-0.01,-0.009,-0.009,-0.009,-0.008,-0.009,-0.009,-0.009,-0.009,-0.009,-0.009,-0.009,-0.009,-0.009,-0.008,-0.008,-0.008,-0.009,-0.009,-0.008,-0.009,-0.009,-0.008,-0.009,-0.009,-0.009,-0.009,-0.009,-0.009,-0.008,-0.009,-0.009,-0.009,-0.009,-0.009,-0.009,-0.009,-0.009,-0.009,-0.009,-0.008,-0.008,-0.009,-0.008,-0.009,-0.008,-0.009,-0.008,-0.009,-0.009,-0.009,-0.01,-0.009,-0.009,-0.009,-0.01,-0.008,-0.009,-0.008,-0.007,
0.0,-0.008,-0.007,-0.008,-0.007,-0.008,-0.007,-0.009,-0.007,-0.007,-0.007,-0.008,-0.007,-0.007,-0.007,-0.007,-0.008,-0.008,-0.007,-0.008,-0.008,-0.007,-0.007,-0.007,-0.008,-0.009,-0.007,-0.009,-0.007,-0.008,-0.008,-0.008,-0.007,-0.008,-0.009,-0.008,-0.007,-0.008,-0.009,-0.007,-0.008,-0.007,-0.008,-0.007,-0.007,-0.008,-0.01,-0.007,-0.006,-0.008,-0.008,-0.007,-0.008,-0.008,-0.007,-0.009,-0.007,-0.007,-0.007,-0.008,-0.01,-0.007,-0.009,-0.007,-0.008,-0.008,-0.008,-0.007,-0.009,-0.008,-0.007,-0.008,-0.008,-0.007,-0.008,-0.009,-0.008,-0.007,-0.008,-0.009,-0.007,-0.009,-0.007,-0.007,-0.009,-0.007,-0.008,-0.009,-0.05,-0.122,-0.01,-0.008,-0.007,-0.008,-0.008,-0.008,-0.007,-0.009,-0.008,-0.009,
0.0,0.002,-0.063,-0.059,-0.059,-0.06,-0.06,-0.059,-0.059,-0.06,-0.06,-0.06,-0.059,-0.059,-0.06,-0.06,-0.059,-0.06,-0.06,-0.06,-0.06,-0.06,-0.059,-0.06,-0.059,-0.06,-0.06,-0.059,-0.059,-0.059,-0.059,-0.059,-0.059,-0.059,-0.059,-0.059,-0.059,-0.059,-0.059,-0.059,-0.059,-0.06,-0.06,-0.059,-0.059,-0.059,-0.06,-0.059,-0.059,-0.059,-0.059,-0.06,-0.06,-0.06,-0.06,-0.059,-0.059,-0.06,-0.059,-0.059,-0.06,-0.06,-0.059,-0.059,-0.059,-0.059,-0.059,-0.06,-0.059,-0.06,-0.06,-0.06,-0.06,-0.06,-0.06,-0.06,-0.06,-0.059,-0.059,-0.06,-0.06,-0.06,-0.059,-0.06,-0.06,-0.06,-0.06,-0.06,-0.06,-0.06,-0.06,-0.059,-0.06,-0.06,-0.06,-0.06,-0.059,-0.06,-0.06,-0.041,
0.0,-0.007,-0.006,-0.007,-0.007,-0.008,-0.006,-0.006,-0.008,-0.006,-0.008,-0.005,-0.007,-0.006,-0.008,-0.007,-0.006,-0.007,-0.008,-0.007,-0.006,-0.006,-0.007,-0.006,-0.006,-0.007,-0.006,-0.008,-0.006,-0.006,-0.007,-0.007,-0.007,-0.007,-0.006,-0.008,-0.006,-0.006,-0.007,-0.007,-0.008,-0.006,-0.007,-0.007,-0.007,-0.006,-0.007,-0.008,-0.005,-0.008,-0.006,-0.007,-0.006,-0.007,-0.006,-0.008,-0.006,-0.008,-0.005,-0.007,-0.008,-0.006,-0.008,-0.006,-0.007,-0.006,-0.008,-0.005,-0.008,-0.006,-0.008,-0.006,-0.007,-0.007,-0.007,-0.006,-0.006,-0.006,-0.007,-0.007,-0.008,-0.006,-0.007,-0.006,-0.008,-0.006,-0.007,-0.006,-0.008,-0.006,-0.005,-0.007,-0.008,-0.006,-0.006,-0.007,-0.006,-0.007,-0.006,-0.007,
0.0,-0.006,-0.007,-0.01,-0.005,-0.009,-0.005,-0.007,-0.006,-0.007,-0.006,-0.007,-0.007,-0.006,-0.008,-0.006,-0.006,-0.008,-0.005,-0.006,-0.007,-0.007,-0.007,-0.006,-0.008,-0.005,-0.007,-0.006,-0.006,-0.008,-0.005,-0.008,-0.005,-0.007,-0.006,-0.007,-0.007,-0.007,-0.008,-0.005,-0.007,-0.006,-0.008,-0.006,-0.008,-0.005,-0.008,-0.007,-0.007,-0.006,-0.007,-0.006,-0.007,-0.006,-0.007,-0.007,-0.007,-0.006,-0.006,-0.008,-0.005,-0.008,-0.005,-0.008,-0.006,-0.007,-0.007,-0.007,-0.007,-0.007,-0.007,-0.007,-0.005,-0.008,-0.006,-0.007,-0.006,-0.008,-0.006,-0.007,-0.006,-0.007,-0.006,-0.007,-0.006,-0.007,-0.008,-0.007,-0.007,-0.007,-0.005,-0.008,-0.006,-0.006,-0.008,-0.006,-0.007,-0.005,-0.007,-0.007,
0.0,-0.017,-0.018,-0.012,-0.01,-0.009,-0.009,-0.009,-0.009,-0.007,-0.01,-0.01,-0.007,-0.011,-0.009,-0.01,-0.007,-0.011,-0.009,-0.007,-0.011,-0.009,-0.01,-0.009,-0.009,-0.009,-0.01,-0.009,-0.009,-0.009,-0.007,-0.01,-0.01,-0.009,-0.01,-0.009,-0.01,-0.01,-0.007,-0.011,-0.009,-0.007,-0.01,-0.01,-0.007,-0.01,-0.009,-0.009,-0.011,-0.007,-0.01,-0.009,-0.01,-0.01,-0.007,-0.011,-0.009,-0.009,-0.009,-0.009,-0.011,-0.007,-0.009,-0.01,-0.01,-0.007,-0.011,-0.009,-0.01,-0.009,-0.01,-0.009,-0.009,-0.01,-0.009,-0.01,-0.01,-0.009,-0.007,-0.011,-0.009,-0.009,-0.01,-0.007,-0.011,-0.009,-0.007,-0.01,-0.009,-0.01,-0.009,-0.01,-0.007,-0.011,-0.007,-0.011,-0.009,-0.009,-0.01,-0.01,
0.0,-0.008,-0.05,-0.051,-0.048,-0.009,-0.01,-0.02,-0.026,-0.032,-0.033,-0.031,-0.032,-0.032,-0.034,-0.032,-0.031,-0.031,-0.032,-0.03,-0.025,-0.023,-0.018,-0.018,-0.015,-0.015,-0.014,-0.012,-0.012,-0.012,-0.009,-0.008,-0.009,-0.007,-0.009,-0.007,-0.008,-0.008,-0.009,-0.007,-0.008,-0.009,-0.008,-0.008,-0.007,-0.01,-0.008,-0.008,-0.008,-0.009,-0.008,-0.008,-0.009,-0.007,-0.008,-0.009,-0.009,-0.008,-0.008,-0.009,-0.008,-0.007,-0.008,-0.009,-0.009,-0.008,-0.008,-0.007,-0.01,-0.007,-0.009,-0.008,-0.008,-0.008,-0.008,-0.009,-0.008,-0.007,-0.01,-0.007,-0.009,-0.008,-0.007,-0.009,-0.008,-0.007,-0.009,-0.007,-0.008,-0.008,-0.007,-0.009,-0.008,-0.009,-0.007,-0.008,-0.009,-0.008,-0.007,-0.007,
0.0,-0.014,-0.013,-0.014,-0.013,-0.014,-0.011,-0.015,-0.013,-0.013,-0.012,-0.013,-0.013,-0.014,-0.013,-0.013,-0.013,-0.013,-0.014,-0.012,-0.014,-0.011,-0.014,-0.012,-0.015,-0.011,-0.015,-0.013,-0.013,-0.012,-0.013,-0.014,-0.012,-0.012,-0.014,-0.012,-0.014,-0.013,-0.014,-0.013,-0.014,-0.011,-0.015,-0.011,-0.013,-0.013,-0.014,-0.013,-0.012,-0.014,-0.013,-0.013,-0.014,-0.012,-0.014,-0.011,-0.014,-0.012,-0.015,-0.011,-0.014,-0.012,-0.014,-0.013,-0.013,-0.012,-0.014,-0.013,-0.013,-0.013,-0.013,-0.014,-0.013,-0.013,-0.013,-0.012,-0.012,-0.014,-0.014,-0.014,-0.013,-0.013,-0.014,-0.01,-0.016,-0.01,-0.013,-0.014,-0.012,-0.014,-0.012,-0.014,-0.014,-0.014,-0.011,-0.015,-0.011,-0.015,-0.011,-0.01,
0.0,-0.027,-0.017,-0.01,-0.011,-0.011,-0.011,-0.013,-0.01,-0.013,-0.01,-0.01,-0.013,-0.009,-0.01,-0.011,-0.011,-0.011,-0.013,-0.013,-0.009,-0.013,-0.008,-0.014,-0.013,-0.009,-0.011,-0.011,-0.013,-0.01,-0.013,-0.01,-0.01,-0.011,-0.01,-0.013,-0.008,-0.011,-0.014,-0.008,-0.014,-0.011,-0.008,-0.014,-0.011,-0.01,-0.01,-0.011,-0.014,-0.008,-0.013,-0.013,-0.008,-0.013,-0.013,-0.009,-0.011,-0.01,-0.011,-0.011,-0.011,-0.011,-0.011,-0.014,-0.01,-0.01,-0.01,-0.011,-0.011,-0.011,-0.011,-0.011,-0.011,-0.011,-0.013,-0.011,-0.009,-0.011,-0.013,-0.01,-0.011,-0.011,-0.01,-0.015,-0.01,-0.008,-0.015,-0.009,-0.013,-0.009,-0.011,-0.009,-0.011,-0.014,-0.009,-0.01,-0.015,-0.01,-0.01,-0.011,
0.0,-0.008,-0.01,-0.01,-0.008,-0.009,-0.008,-0.011,-0.007,-0.01,-0.008,-0.011,-0.008,-0.009,-0.008,-0.011,-0.008,-0.01,-0.008,-0.009,-0.01,-0.009,-0.008,-0.01,-0.008,-0.01,-0.008,-0.01,-0.008,-0.01,-0.008,-0.01,-0.009,-0.008,-0.009,-0.009,-0.01,-0.008,-0.01,-0.009,-0.008,-0.01,-0.008,-0.01,-0.008,-0.01,-0.008,-0.009,-0.01,-0.009,-0.008,-0.01,-0.009,-0.008,-0.01,-0.008,-0.01,-0.008,-0.009,-0.01,-0.009,-0.007,-0.009,-0.01,-0.009,-0.009,-0.008,-0.009,-0.01,-0.009,-0.008,-0.01,-0.008,-0.009,-0.01,-0.008,-0.009,-0.01,-0.009,-0.009,-0.007,-0.009,-0.01,-0.007,-0.01,-0.009,-0.009,-0.007,-0.009,-0.009,-0.009,-0.009,-0.009,-0.01,-0.008,-0.01,-0.008,-0.01,-0.008,-0.009,
0.0,-0.015,-0.017,-0.025,-0.009,-0.015,-0.013,-0.015,-0.013,-0.014,-0.014,-0.014,-0.014,-0.014,-0.012,-0.014,-0.015,-0.014,-0.014,-0.014,-0.014,-0.014,-0.014,-0.014,-0.014,-0.014,-0.014,-0.014,-0.014,-0.014,-0.014,-0.014,-0.014,-0.014,-0.014,-0.014,-0.014,-0.014,-0.014,-0.014,-0.014,-0.014,-0.014,-0.014,-0.014,-0.014,-0.014,-0.014,-0.014,-0.014,-0.014,-0.014,-0.014,-0.014,-0.014,-0.014,-0.014,-0.014,-0.014,-0.014,-0.014,-0.014,-0.014,-0.014,-0.014,-0.014,-0.014,-0.014,-0.014,-0.014,-0.014,-0.014,-0.014,-0.014,-0.014,-0.014,-0.014,-0.014,-0.014,-0.014,-0.014,-0.014,-0.014,-0.014,-0.014,-0.014,-0.014,-0.014,-0.014,-0.014,-0.014,-0.014,-0.014,-0.014,-0.014,-0.014,-0.014,-0.014,-0.014,-0.013,
0.0,-0.09,-0.037,-0.062,-0.06,-0.06,-0.06,-0.06,-0.06,-0.06,-0.06,-0.06,-0.06,-0.06,-0.06,-0.06,-0.06,-0.06,-0.06,-0.06,-0.06,-0.06,-0.06,-0.06,-0.06,-0.06,-0.06,-0.06,-0.06,-0.06,-0.06,-0.06,-0.06,-0.06,-0.06,-0.06,-0.06,-0.06,-0.06,-0.06,-0.06,-0.06,-0.06,-0.06,-0.06,-0.06,-0.06,-0.06,-0.06,-0.06,-0.06,-0.06,-0.06,-0.06,-0.06,-0.06,-0.06,-0.06,-0.06,-0.06,-0.06,-0.06,-0.06,-0.06,-0.06,-0.06,-0.06,-0.06,-0.06,-0.06,-0.06,-0.06,-0.06,-0.06,-0.06,-0.06,-0.06,-0.06,-0.06,-0.06,-0.06,-0.06,-0.06,-0.06,-0.06,-0.06,-0.06,-0.06,-0.06,-0.06,-0.06,-0.06,-0.06,-0.06,-0.06,-0.06,-0.06,-0.06,-0.06,-0.06,
0.0,-0.008,-0.016,-0.023,-0.019,-0.008,-0.007,-0.006,-0.017,-0.007,-0.006,-0.017,-0.006,-0.007,-0.007,-0.007,-0.007,-0.006,-0.007,-0.008,-0.006,-0.006,-0.017,-0.007,-0.017,-0.007,-0.006,-0.017,-0.007,-0.007,-0.006,-0.006,-0.007,-0.007,-0.018,-0.008,-0.006,-0.006,-0.007,-0.007,-0.007,-0.007,-0.007,-0.008,-0.006,-0.017,-0.007,-0.007,-0.008,-0.007,-0.006,-0.007,-0.006,-0.007,-0.007,-0.007,-0.007,-0.007,-0.006,-0.007,-0.018,-0.007,-0.006,-0.006,-0.007,-0.007,-0.006,-0.007,-0.007,-0.006,-0.007,-0.007,-0.007,-0.007,-0.008,-0.006,-0.017,-0.007,-0.018,-0.008,-0.006,-0.007,-0.006,-0.017,-0.007,-0.007,-0.007,-0.006,-0.017,-0.007,-0.006,-0.017,-0.007,-0.006,-0.006,-0.007,-0.007,-0.007,-0.007,-0.007,
0.0,0.217,-0.041,-0.031,-0.076,-0.111,-0.12,-0.118,-0.119,-0.119,-0.119,-0.119,-0.119,-0.119,-0.119,-0.119,-0.119,-0.119,-0.119,-0.119,-0.119,-0.119,-0.119,-0.119,-0.119,-0.119,-0.119,-0.119,-0.119,-0.119,-0.119,-0.119,-0.119,-0.119,-0.119,-0.119,-0.119,-0.119,-0.119,-0.119,-0.119,-0.119,-0.119,-0.119,-0.119,-0.119,-0.119,-0.119,-0.119,-0.119,-0.119,-0.119,-0.119,-0.119,-0.119,-0.119,-0.119,-0.119,-0.119,-0.119,-0.119,-0.119,-0.119,-0.119,-0.119,-0.119,-0.119,-0.119,-0.119,-0.119,-0.119,-0.119,-0.119,-0.119,-0.119,-0.119,-0.119,-0.119,-0.119,-0.119,-0.119,-0.119,-0.119,-0.119,-0.119,-0.119,-0.119,-0.119,-0.119,-0.119,-0.119,-0.119,-0.119,-0.119,-0.119,-0.119,-0.119,-0.119,-0.119,-0.086,
0.0,-0.015,-0.014,0.007,-0.001,-0.01,-0.019,-0.027,-0.028,-0.028,-0.028,-0.028,-0.028,-0.028,-0.028,-0.028,-0.028,-0.028,-0.028,-0.028,-0.028,-0.028,-0.028,-0.028,-0.028,-0.028,-0.028,-0.028,-0.028,-0.028,-0.028,-0.028,-0.028,-0.028,-0.028,-0.028,-0.028,-0.028,-0.028,-0.028,-0.028,-0.028,-0.028,-0.028,-0.028,-0.028,-0.028,-0.028,-0.028,-0.028,-0.028,-0.028,-0.028,-0.028,-0.028,-0.028,-0.028,-0.028,-0.028,-0.028,-0.028,-0.028,-0.028,-0.028,-0.028,-0.028,-0.028,-0.028,-0.028,-0.028,-0.028,-0.028,-0.028,-0.028,-0.028,-0.028,-0.028,-0.028,-0.028,-0.028,-0.028,-0.028,-0.028,-0.028,-0.028,-0.028,-0.028,-0.028,-0.028,-0.028,-0.028,-0.028,-0.028,-0.028,-0.028,-0.028,-0.028,-0.028,-0.028,-0.027,
0.0,-0.008,-0.008,-0.013,-0.013,-0.014,-0.014,-0.014,-0.013,-0.013,-0.013,-0.013,-0.013,-0.013,-0.013,-0.013,-0.013,-0.013,-0.014,-0.014,-0.014,-0.014,-0.014,-0.014,-0.014,-0.014,-0.014,-0.014,-0.014,-0.014,-0.014,-0.014,-0.014,-0.014,-0.014,-0.014,-0.014,-0.014,-0.014,-0.014,-0.014,-0.014,-0.014,-0.014,-0.014,-0.014,-0.014,-0.014,-0.014,-0.014,-0.014,-0.014,-0.014,-0.014,-0.014,-0.014,-0.014,-0.014,-0.014,-0.014,-0.014,-0.014,-0.014,-0.014,-0.014,-0.014,-0.014,-0.014,-0.014,-0.014,-0.014,-0.014,-0.014,-0.014,-0.014,-0.014,-0.014,-0.014,-0.014,-0.014,-0.014,-0.014,-0.014,-0.014,-0.014,-0.014,-0.014,-0.014,-0.014,-0.014,-0.014,-0.014,-0.014,-0.014,-0.014,-0.014,-0.014,-0.014,-0.014,-0.014,
0.0,-0.02,-0.019,-0.011,-0.014,-0.014,-0.015,-0.014,-0.015,-0.014,-0.015,-0.014,-0.014,-0.015,-0.014,-0.015,-0.014,-0.014,-0.014,-0.015,-0.014,-0.015,-0.014,-0.014,-0.014,-0.015,-0.014,-0.015,-0.014,-0.014,-0.014,-0.015,-0.014,-0.015,-0.014,-0.014,-0.014,-0.015,-0.014,-0.015,-0.014,-0.014,-0.014,-0.015,-0.014,-0.015,-0.014,-0.014,-0.014,-0.015,-0.014,-0.015,-0.014,-0.014,-0.014,-0.015,-0.014,-0.015,-0.014,-0.014,-0.014,-0.015,-0.014,-0.015,-0.014,-0.014,-0.014,-0.015,-0.014,-0.015,-0.014,-0.014,-0.014,-0.015,-0.014,-0.015,-0.014,-0.014,-0.014,-0.015,-0.014,-0.015,-0.014,-0.014,-0.014,-0.015,-0.014,-0.015,-0.014,-0.014,-0.014,-0.015,-0.014,-0.015,-0.014,-0.014,-0.014,-0.015,-0.014,-0.014,
0.0,-0.002,0.005,-0.007,-0.001,0.0,-0.008,-0.005,-0.006,-0.006,-0.005,-0.006,-0.001,-0.007,-0.006,-0.006,-0.005,-0.005,-0.001,-0.007,-0.006,-0.001,-0.007,-0.006,-0.001,-0.007,-0.006,-0.006,-0.006,-0.005,-0.001,-0.007,-0.001,-0.007,-0.006,-0.006,-0.005,-0.006,-0.005,-0.005,-0.006,-0.001,0.0,-0.007,-0.001,-0.008,-0.006,-0.001,-0.007,-0.006,-0.006,-0.001,-0.007,-0.001,-0.007,-0.001,-0.008,-0.005,-0.005,-0.006,-0.006,-0.001,0.0,-0.007,-0.006,-0.001,-0.008,-0.005,-0.005,0.0,-0.007,-0.001,-0.007,-0.001,-0.008,-0.006,-0.001,0.0,-0.007,-0.001,-0.007,-0.001,-0.009,-0.005,-0.006,-0.001,-0.007,-0.005,-0.006,0.0,-0.007,-0.006,0.0,0.0,-0.008,-0.005,-0.007,-0.006,-0.006,-0.005,
0.0,-0.004,-0.006,-0.007,-0.008,-0.006,-0.007,-0.006,-0.007,-0.006,-0.006,-0.006,-0.006,-0.006,-0.006,-0.007,-0.006,-0.005,-0.006,-0.007,-0.005,-0.006,-0.007,-0.006,-0.007,-0.006,-0.006,-0.006,-0.006,-0.006,-0.006,-0.006,-0.006,-0.006,-0.006,-0.006,-0.006,-0.006,-0.006,-0.006,-0.006,-0.006,-0.006,-0.006,-0.006,-0.006,-0.007,-0.006,-0.007,-0.006,-0.006,-0.006,-0.006,-0.007,-0.006,-0.006,-0.007,-0.005,-0.006,-0.007,-0.006,-0.007,-0.006,-0.006,-0.006,-0.006,-0.007,-0.006,-0.006,-0.006,-0.006,-0.006,-0.006,-0.006,-0.006,-0.006,-0.006,-0.006,-0.006,-0.006,-0.007,-0.006,-0.006,-0.007,-0.006,-0.006,-0.006,-0.006,-0.006,-0.006,-0.007,-0.006,-0.006,-0.006,-0.006,-0.006,-0.006,-0.006,-0.006,-0.006,
0.0,-0.011,-0.008,-0.009,-0.008,-0.009,-0.009,-0.009,-0.009,-0.008,-0.009,-0.009,-0.008,-0.009,-0.009,-0.008,-0.009,-0.009,-0.009,-0.008,-0.009,-0.009,-0.009,-0.009,-0.009,-0.009,-0.009,-0.009,-0.009,-0.009,-0.009,-0.009,-0.009,-0.009,-0.009,-0.009,-0.009,-0.009,-0.009,-0.009,-0.009,-0.009,-0.009,-0.009,-0.009,-0.009,-0.009,-0.009,-0.009,-0.009,-0.009,-0.009,-0.009,-0.009,-0.009,-0.009,-0.009,-0.009,-0.009,-0.009,-0.009,-0.009,-0.009,-0.009,-0.009,-0.009,-0.009,-0.009,-0.009,-0.009,-0.009,-0.009,-0.009,-0.009,-0.009,-0.009,-0.009,-0.009,-0.009,-0.009,-0.009,-0.009,-0.009,-0.009,-0.009,-0.009,-0.009,-0.009,-0.009,-0.009,-0.009,-0.009,-0.009,-0.009,-0.009,-0.009,-0.009,-0.009,-0.009,-0.007,
0.0,-0.012,-0.005,-0.012,-0.007,-0.009,-0.01,-0.009,-0.008,-0.01,-0.009,-0.009,-0.009,-0.009,-0.009,-0.009,-0.009,-0.009,-0.009,-0.009,-0.009,-0.009,-0.009,-0.009,-0.009,-0.009,-0.009,-0.009,-0.009,-0.009,-0.009,-0.009,-0.009,-0.009,-0.009,-0.009,-0.009,-0.009,-0.009,-0.009,-0.009,-0.009,-0.009,-0.009,-0.009,-0.009,-0.009,-0.009,-0.009,-0.009,-0.009,-0.009,-0.009,-0.009,-0.009,-0.009,-0.009,-0.009,-0.009,-0.009,-0.009,-0.009,-0.009,-0.009,-0.009,-0.009,-0.009,-0.009,-0.009,-0.009,-0.009,-0.009,-0.009,-0.009,-0.009,-0.009,-0.009,-0.009,-0.009,-0.009,-0.009,-0.009,-0.009,-0.009,-0.009,-0.009,-0.009,-0.009,-0.009,-0.009,-0.009,-0.009,-0.009,-0.009,-0.009,-0.009,-0.009,-0.009,-0.009,-0.007,
0.0,-0.011,-0.024,-0.006,-0.083,0.034,-0.005,-0.024,-0.109,0.149,-0.172,0.049,-0.005,-0.023,-0.107,0.151,-0.172,0.052,-0.002,-0.023,-0.107,0.149,-0.173,0.05,-0.004,-0.023,-0.108,0.149,-0.172,0.049,-0.005,-0.024,-0.108,0.149,-0.172,0.05,-0.004,-0.024,-0.109,0.149,-0.172,0.051,-0.003,-0.025,-0.109,0.149,-0.172,0.049,-0.005,-0.024,-0.108,0.149,-0.173,0.052,-0.002,-0.025,-0.108,0.148,-0.173,0.051,-0.004,-0.021,-0.106,0.151,-0.172,0.05,-0.004,-0.024,-0.108,0.148,-0.173,0.051,-0.004,-0.024,-0.108,0.15,-0.172,0.051,-0.003,-0.024,-0.108,0.148,-0.173,0.052,-0.003,-0.024,-0.109,0.149,-0.172,0.049,-0.005,-0.023,-0.106,0.148,-0.173,0.049,-0.005,-0.025,-0.108,0.15,
0.0,-0.006,-0.05,-0.005,-0.075,-0.076,-0.042,-0.014,-0.01,-0.009,-0.075,-0.075,-0.042,-0.014,-0.01,-0.075,-0.076,-0.041,-0.013,-0.01,-0.076,-0.075,-0.042,-0.014,-0.01,-0.076,-0.075,-0.041,-0.014,-0.009,-0.075,-0.076,-0.042,-0.014,-0.009,-0.075,-0.075,-0.042,-0.014,-0.01,-0.076,-0.075,-0.041,-0.014,-0.01,-0.075,-0.075,-0.042,-0.014,-0.01,-0.076,-0.075,-0.041,-0.014,-0.01,-0.009,-0.075,-0.075,-0.042,-0.014,-0.01,-0.009,-0.075,-0.076,-0.042,-0.013,-0.01,-0.075,-0.075,-0.041,-0.014,-0.009,-0.075,-0.075,-0.042,-0.014,-0.01,-0.075,-0.076,-0.042,-0.014,-0.01,-0.075,-0.075,-0.042,-0.014,-0.01,-0.075,-0.075,-0.041,-0.014,-0.01,-0.075,-0.076,-0.041,-0.014,-0.01,-0.076,-0.075,-0.058,
0.0,-0.005,-0.01,-0.011,-0.008,-0.007,-0.007,-0.008,-0.007,-0.007,-0.008,-0.008,-0.007,-0.007,-0.008,-0.008,-0.005,-0.008,-0.005,-0.008,-0.007,-0.007,-0.007,-0.008,-0.007,-0.007,-0.005,-0.008,-0.005,-0.008,-0.007,-0.008,-0.007,-0.007,-0.008,-0.007,-0.007,-0.007,-0.007,-0.007,-0.008,-0.005,-0.009,-0.007,-0.008,-0.007,-0.007,-0.005,-0.007,-0.008,-0.005,-0.009,-0.007,-0.007,-0.005,-0.008,-0.007,-0.007,-0.005,-0.008,-0.007,-0.008,-0.005,-0.008,-0.005,-0.009,-0.007,-0.005,-0.008,-0.007,-0.008,-0.005,-0.008,-0.007,-0.007,-0.008,-0.005,-0.008,-0.007,-0.005,-0.008,-0.007,-0.007,-0.008,-0.007,-0.007,-0.007,-0.007,-0.007,-0.007,-0.007,-0.008,-0.008,-0.007,-0.007,-0.008,-0.007,-0.008,-0.007,-0.007,
0.0,-0.048,-0.024,-0.012,-0.01,-0.015,-0.007,-0.013,-0.01,-0.011,-0.01,-0.01,-0.009,-0.013,-0.01,-0.01,-0.01,-0.01,-0.01,-0.009,-0.011,-0.013,-0.007,-0.01,-0.01,-0.01,-0.013,-0.01,-0.01,-0.011,-0.009,-0.011,-0.01,-0.01,-0.013,-0.007,-0.01,-0.013,-0.01,-0.011,-0.01,-0.009,-0.013,-0.01,-0.01,-0.01,-0.01,-0.01,-0.009,-0.011,-0.013,-0.007,-0.01,-0.01,-0.01,-0.013,-0.01,-0.01,-0.011,-0.009,-0.011,-0.01,-0.01,-0.013,-0.007,-0.01,-0.013,-0.01,-0.011,-0.01,-0.009,-0.013,-0.01,-0.01,-0.01,-0.01,-0.01,-0.009,-0.011,-0.013,-0.007,-0.01,-0.01,-0.01,-0.013,-0.01,-0.01,-0.011,-0.009,-0.011,-0.01,-0.01,-0.013,-0.007,-0.01,-0.013,-0.01,-0.011,-0.01,-0.007,
0.0,-0.031,-0.029,-0.023,-0.031,-0.031,-0.026,-0.018,-0.013,-0.013,-0.008,-0.013,-0.014,-0.008,-0.013,-0.013,-0.011,-0.011,-0.013,-0.009,-0.013,-0.009,-0.013,-0.009,-0.011,-0.013,-0.008,-0.011,-0.011,-0.009,-0.011,-0.014,-0.009,-0.009,-0.011,-0.013,-0.011,-0.011,-0.011,-0.011,-0.011,-0.011,-0.011,-0.011,-0.011,-0.011,-0.011,-0.011,-0.014,-0.009,-0.009,-0.013,-0.008,-0.013,-0.014,-0.008,-0.009,-0.011,-0.016,-0.009,-0.013,-0.007,-0.013,-0.009,-0.014,-0.009,-0.009,-0.014,-0.013,-0.009,-0.013,-0.009,-0.011,-0.013,-0.008,-0.014,-0.008,-0.013,-0.009,-0.009,-0.013,-0.014,-0.008,-0.013,-0.009,-0.009,-0.014,-0.011,-0.013,-0.009,-0.009,-0.009,-0.013,-0.011,-0.009,-0.014,-0.009,-0.011,-0.014,-0.009,
0.0,-0.018,-0.058,-0.068,-0.082,-0.09,-0.079,-0.083,-0.076,-0.084,-0.073,-0.081,-0.071,-0.078,-0.068,-0.075,-0.065,-0.072,-0.063,-0.069,-0.06,-0.067,-0.056,-0.064,-0.054,-0.061,-0.051,-0.058,-0.048,-0.056,-0.045,-0.053,-0.043,-0.049,-0.039,-0.047,-0.036,-0.043,-0.033,-0.041,-0.03,-0.038,-0.027,-0.034,-0.024,-0.031,-0.021,-0.029,-0.018,-0.025,-0.015,-0.023,-0.012,-0.021,-0.01,-0.017,-0.009,-0.023,-0.013,-0.02,-0.009,-0.019,-0.009,-0.019,-0.009,-0.019,-0.009,-0.019,-0.009,-0.017,-0.012,-0.02,-0.012,-0.02,-0.008,-0.019,-0.009,-0.019,-0.008,-0.021,-0.012,-0.02,-0.009,-0.017,-0.009,-0.023,-0.013,-0.021,-0.009,-0.019,-0.009,-0.021,-0.012,-0.02,-0.008,-0.019,-0.009,-0.019,-0.009,-0.017,
0.0,-0.009,-0.017,-0.007,-0.012,-0.009,-0.012,-0.009,-0.012,-0.009,-0.012,-0.009,-0.012,-0.009,-0.012,-0.009,-0.012,-0.009,-0.012,-0.009,-0.012,-0.009,-0.012,-0.009,-0.012,-0.009,-0.012,-0.009,-0.012,-0.009,-0.012,-0.009,-0.012,-0.009,-0.012,-0.009,-0.012,-0.009,-0.012,-0.009,-0.012,-0.009,-0.012,-0.009,-0.012,-0.009,-0.012,-0.009,-0.012,-0.009,-0.012,-0.009,-0.012,-0.009,-0.012,-0.009,-0.012,-0.009,-0.012,-0.009,-0.012,-0.009,-0.012,-0.009,-0.012,-0.009,-0.012,-0.009,-0.012,-0.009,-0.012,-0.009,-0.012,-0.009,-0.012,-0.009,-0.012,-0.009,-0.012,-0.009,-0.012,-0.009,-0.012,-0.009,-0.012,-0.009,-0.012,-0.009,-0.012,-0.009,-0.012,-0.009,-0.012,-0.009,-0.012,-0.009,-0.012,-0.009,-0.012,-0.009,
0.0,-0.066,-0.038,-0.048,-0.04,-0.037,-0.04,-0.039,-0.039,-0.039,-0.039,-0.039,-0.039,-0.039,-0.039,-0.039,-0.039,-0.039,-0.039,-0.039,-0.039,-0.039,-0.039,-0.039,-0.039,-0.039,-0.039,-0.039,-0.039,-0.039,-0.039,-0.039,-0.039,-0.039,-0.039,-0.039,-0.039,-0.039,-0.039,-0.039,-0.039,-0.039,-0.039,-0.039,-0.039,-0.039,-0.039,-0.039,-0.039,-0.039,-0.039,-0.039,-0.039,-0.039,-0.039,-0.039,-0.039,-0.039,-0.039,-0.039,-0.039,-0.039,-0.039,-0.039,-0.039,-0.039,-0.039,-0.039,-0.039,-0.039,-0.039,-0.039,-0.039,-0.039,-0.039,-0.039,-0.039,-0.039,-0.039,-0.039,-0.039,-0.039,-0.039,-0.039,-0.039,-0.039,-0.039,-0.039,-0.039,-0.039,-0.039,-0.039,-0.039,-0.039,-0.039,-0.039,-0.039,-0.039,-0.039,-0.038,
0.0,-0.004,-0.005,-0.014,-0.008,-0.011,-0.007,-0.008,-0.008,-0.007,-0.007,-0.008,-0.008,-0.007,-0.008,-0.008,-0.007,-0.008,-0.007,-0.008,-0.008,-0.008,-0.007,-0.007,-0.008,-0.008,-0.008,-0.008,-0.008,-0.007,-0.008,-0.008,-0.007,-0.008,-0.008,-0.008,-0.007,-0.008,-0.007,-0.007,-0.007,-0.008,-0.007,-0.007,-0.007,-0.008,-0.008,-0.007,-0.007,-0.007,-0.008,-0.008,-0.007,-0.007,-0.008,-0.007,-0.008,-0.008,-0.008,-0.007,-0.007,-0.007,-0.008,-0.008,-0.007,-0.008,-0.007,-0.008,-0.008,-0.007,-0.007,-0.008,-0.008,-0.008,-0.007,-0.008,-0.008,-0.007,-0.007,-0.008,-0.007,-0.008,-0.007,-0.008,-0.007,-0.008,-0.008,-0.008,-0.007,-0.007,-0.007,-0.008,-0.007,-0.008,-0.007,-0.008,-0.007,-0.008,-0.007,-0.007,
0.0,-0.005,-0.003,-0.01,-0.005,-0.007,-0.006,-0.007,-0.006,-0.007,-0.006,-0.007,-0.006,-0.007,-0.006,-0.006,-0.007,-0.006,-0.007,-0.006,-0.007,-0.006,-0.007,-0.006,-0.006,-0.006,-0.006,-0.007,-0.007,-0.006,-0.006,-0.006,-0.007,-0.007,-0.006,-0.006,-0.007,-0.006,-0.006,-0.007,-0.006,-0.006,-0.007,-0.006,-0.006,-0.006,-0.007,-0.006,-0.006,-0.007,-0.006,-0.006,-0.007,-0.006,-0.007,-0.006,-0.006,-0.006,-0.006,-0.007,-0.006,-0.006,-0.007,-0.006,-0.006,-0.007,-0.006,-0.007,-0.006,-0.006,-0.006,-0.007,-0.006,-0.006,-0.007,-0.006,-0.006,-0.006,-0.007,-0.006,-0.006,-0.007,-0.006,-0.007,-0.006,-0.007,-0.006,-0.007,-0.006,-0.006,-0.006,-0.006,-0.007,-0.006,-0.006,-0.006,-0.006,-0.006,-0.006,-0.006,
0.0,-0.006,-0.007,-0.006,-0.009,-0.01,-0.01,-0.01,-0.01,-0.01,-0.009,-0.01,-0.01,-0.01,-0.009,-0.01,-0.01,-0.01,-0.01,-0.01,-0.009,-0.01,-0.01,-0.009,-0.01,-0.01,-0.01,-0.009,-0.01,-0.01,-0.01,-0.01,-0.012,-0.009,-0.009,-0.01,-0.009,-0.01,-0.01,-0.009,-0.01,-0.009,-0.009,-0.01,-0.012,-0.009,-0.009,-0.009,-0.01,-0.01,-0.009,-0.01,-0.01,-0.01,-0.01,-0.01,-0.01,-0.009,-0.009,-0.009,-0.009,-0.01,-0.009,-0.009,-0.009,-0.009,-0.01,-0.009,-0.01,-0.009,-0.009,-0.01,-0.01,-0.009,-0.01,-0.01,-0.009,-0.009,-0.01,-0.01,-0.01,-0.01,-0.01,-0.01,-0.009,-0.01,-0.01,-0.009,-0.01,-0.009,-0.01,-0.01,-0.01,-0.009,-0.01,-0.01,-0.01,-0.009,-0.01,-0.009,
0.0,-0.007,-0.009,-0.009,-0.012,-0.009,-0.009,-0.009,-0.008,-0.01,-0.008,-0.009,-0.008,-0.008,-0.008,-0.009,-0.009,-0.009,-0.01,-0.009,-0.009,-0.009,-0.008,-0.009,-0.009,-0.01,-0.008,-0.009,-0.009,-0.01,-0.008,-0.008,-0.009,-0.009,-0.008,-0.008,-0.008,-0.01,-0.01,-0.009,-0.008,-0.009,-0.009,-0.01,-0.009,-0.009,-0.008,-0.008,-0.009,-0.011,-0.009,-0.009,-0.01,-0.009,-0.008,-0.009,-0.009,-0.008,-0.009,-0.008,-0.008,-0.011,-0.009,-0.008,-0.009,-0.011,-0.009,-0.009,-0.008,-0.008,-0.009,-0.009,-0.009,-0.01,-0.009,-0.009,-0.008,-0.008,-0.009,-0.008,-0.007,-0.01,-0.01,-0.009,-0.009,-0.009,-0.01,-0.011,-0.009,-0.009,-0.008,-0.008,-0.008,-0.008,-0.008,-0.009,-0.008,-0.008,-0.008,-0.008,
0.0,-0.01,-0.007,-0.009,-0.008,-0.008,-0.009,-0.009,-0.009,-0.008,-0.009,-0.007,-0.01,-0.008,-0.008,-0.009,-0.008,-0.008,-0.009,-0.007,-0.009,-0.008,-0.008,-0.009,-0.008,-0.009,-0.008,-0.009,-0.009,-0.008,-0.009,-0.007,-0.01,-0.009,-0.008,-0.008,-0.009,-0.007,-0.009,-0.008,-0.008,-0.009,-0.008,-0.009,-0.008,-0.009,-0.009,-0.008,-0.009,-0.007,-0.01,-0.009,-0.008,-0.008,-0.009,-0.007,-0.009,-0.008,-0.008,-0.009,-0.008,-0.009,-0.008,-0.009,-0.009,-0.008,-0.009,-0.007,-0.01,-0.009,-0.008,-0.008,-0.009,-0.007,-0.009,-0.008,-0.008,-0.009,-0.008,-0.009,-0.008,-0.009,-0.009,-0.008,-0.009,-0.007,-0.01,-0.009,-0.008,-0.008,-0.009,-0.007,-0.009,-0.008,-0.008,-0.009,-0.008,-0.009,-0.008,-0.009,
0.0,-0.01,-0.017,-0.019,-0.013,-0.021,-0.013,-0.023,-0.012,-0.021,-0.015,-0.024,-0.006,-0.024,-0.007,-0.024,-0.007,-0.026,-0.009,-0.023,-0.008,-0.025,-0.009,-0.023,-0.008,-0.025,-0.009,-0.023,-0.008,-0.025,-0.009,-0.023,-0.008,-0.025,-0.009,-0.023,-0.008,-0.025,-0.009,-0.023,-0.008,-0.025,-0.009,-0.023,-0.008,-0.025,-0.009,-0.023,-0.008,-0.025,-0.009,-0.023,-0.008,-0.025,-0.009,-0.023,-0.008,-0.025,-0.009,-0.023,-0.008,-0.025,-0.009,-0.023,-0.008,-0.025,-0.009,-0.023,-0.008,-0.025,-0.009,-0.023,-0.008,-0.025,-0.009,-0.023,-0.008,-0.025,-0.009,-0.023,-0.008,-0.025,-0.009,-0.023,-0.008,-0.025,-0.009,-0.023,-0.008,-0.025,-0.009,-0.023,-0.008,-0.025,-0.009,-0.023,-0.008,-0.025,-0.009,-0.019,
0.0,-0.008,-0.007,-0.006,-0.01,-0.009,-0.01,-0.01,-0.009,-0.009,-0.01,-0.01,-0.01,-0.01,-0.01,-0.01,-0.01,-0.01,-0.01,-0.009,-0.009,-0.01,-0.01,-0.01,-0.01,-0.01,-0.01,-0.01,-0.01,-0.01,-0.009,-0.009,-0.01,-0.009,-0.01,-0.01,-0.01,-0.01,-0.01,-0.009,-0.009,-0.009,-0.01,-0.011,-0.01,-0.01,-0.01,-0.01,-0.009,-0.009,-0.01,-0.01,-0.01,-0.01,-0.01,-0.01,-0.01,-0.01,-0.01,-0.01,-0.009,-0.009,-0.01,-0.01,-0.01,-0.01,-0.01,-0.01,-0.01,-0.01,-0.01,-0.01,-0.01,-0.01,-0.01,-0.011,-0.01,-0.01,-0.009,-0.009,-0.01,-0.01,-0.01,-0.01,-0.01,-0.009,-0.009,-0.01,-0.01,-0.01,-0.01,-0.01,-0.01,-0.011,-0.01,-0.01,-0.01,-0.01,-0.01,-0.01,
0.0,-0.009,-0.008,-0.008,-0.008,-0.008,-0.009,-0.008,-0.008,-0.009,-0.008,-0.009,-0.008,-0.008,-0.009,-0.008,-0.008,-0.009,-0.008,-0.009,-0.008,-0.008,-0.008,-0.008,-0.008,-0.009,-0.009,-0.008,-0.009,-0.008,-0.008,-0.008,-0.008,-0.009,-0.008,-0.008,-0.008,-0.008,-0.008,-0.008,-0.008,-0.008,-0.008,-0.009,-0.007,-0.009,-0.008,-0.008,-0.009,-0.008,-0.008,-0.009,-0.009,-0.008,-0.009,-0.008,-0.008,-0.008,-0.008,-0.009,-0.007,-0.009,-0.008,-0.008,-0.008,-0.009,-0.008,-0.008,-0.008,-0.008,-0.008,-0.009,-0.008,-0.008,-0.009,-0.009,-0.007,-0.008,-0.008,-0.009,-0.008,-0.009,-0.008,-0.008,-0.009,-0.009,-0.008,-0.008,-0.008,-0.01,-0.007,-0.009,-0.008,-0.008,-0.008,-0.009,-0.008,-0.008,-0.008,-0.008,
0.0,-0.007,-0.011,-0.002,-0.008,-0.001,-0.006,0.0,-0.006,0.0,-0.005,0.001,-0.005,-0.018,0.001,-0.005,0.003,-0.002,0.003,-0.001,0.003,-0.001,0.005,-0.001,-0.007,-0.006,-0.012,-0.005,-0.009,-0.003,-0.008,-0.002,-0.008,-0.022,-0.003,-0.008,-0.001,-0.007,-0.002,-0.006,0.0,-0.006,-0.001,-0.005,0.001,-0.005,0.001,-0.003,0.002,-0.003,0.003,-0.002,0.003,-0.002,0.005,-0.001,0.013,-0.01,-0.023,-0.005,-0.009,-0.023,-0.003,-0.008,-0.002,-0.008,-0.002,-0.007,-0.002,-0.008,-0.021,-0.001,-0.007,0.0,-0.006,0.001,-0.005,0.001,-0.005,0.002,-0.003,0.002,-0.002,-0.015,0.002,-0.003,-0.015,0.003,0.007,-0.024,-0.006,-0.01,-0.005,-0.01,-0.002,-0.008,-0.002,-0.008,-0.002,-0.006,
0.0,-0.006,-0.007,-0.006,-0.007,-0.007,-0.008,-0.007,-0.007,-0.007,-0.008,-0.008,-0.007,-0.007,-0.007,-0.008,-0.008,-0.008,-0.008,-0.007,-0.007,-0.007,-0.008,-0.008,-0.007,-0.007,-0.008,-0.007,-0.007,-0.007,-0.008,-0.008,-0.007,-0.008,-0.007,-0.007,-0.007,-0.007,-0.008,-0.007,-0.007,-0.008,-0.007,-0.007,-0.007,-0.007,-0.007,-0.007,-0.008,-0.008,-0.007,-0.007,-0.008,-0.007,-0.008,-0.007,-0.007,-0.008,-0.007,-0.007,-0.007,-0.007,-0.007,-0.007,-0.008,-0.008,-0.007,-0.007,-0.007,-0.007,-0.008,-0.008,-0.007,-0.008,-0.008,-0.008,-0.008,-0.007,-0.008,-0.007,-0.007,-0.007,-0.008,-0.008,-0.007,-0.008,-0.008,-0.008,-0.007,-0.007,-0.007,-0.007,-0.008,-0.008,-0.007,-0.007,-0.008,-0.007,-0.007,-0.007,
0.0,-0.016,-0.009,-0.008,-0.055,0.017,0.009,-0.055,-0.03,0.036,-0.036,-0.028,-0.011,-0.057,0.019,0.01,-0.054,-0.031,0.036,-0.036,-0.029,-0.011,-0.008,-0.011,-0.01,-0.057,0.019,0.009,-0.055,-0.031,0.037,-0.038,-0.028,0.039,-0.038,-0.029,-0.012,-0.057,-0.031,0.037,-0.038,-0.028,-0.012,-0.009,-0.01,-0.007,-0.008,-0.011,-0.008,-0.008,-0.01,-0.008,-0.056,-0.032,-0.012,-0.009,-0.011,-0.01,-0.057,-0.03,-0.013,-0.057,0.017,0.01,-0.054,-0.03,0.037,-0.037,-0.028,0.036,-0.037,-0.029,-0.012,-0.057,0.019,0.01,-0.054,-0.03,-0.012,-0.009,-0.009,-0.008,-0.056,0.02,0.009,-0.055,-0.03,0.037,-0.036,-0.029,0.037,-0.037,-0.027,0.039,-0.038,-0.029,-0.012,-0.057,0.019,0.012,
0.0,-0.004,-0.009,-0.008,-0.009,-0.009,-0.012,-0.009,-0.007,-0.01,-0.008,-0.009,-0.012,-0.008,-0.009,-0.01,-0.009,-0.008,-0.008,-0.009,-0.012,-0.009,-0.007,-0.012,-0.009,-0.008,-0.009,-0.01,-0.008,-0.01,-0.009,-0.008,-0.008,-0.009,-0.01,-0.009,-0.009,-0.008,-0.009,-0.012,-0.009,-0.008,-0.01,-0.007,-0.012,-0.009,-0.009,-0.008,-0.01,-0.009,-0.008,-0.01,-0.008,-0.008,-0.009,-0.012,-0.009,-0.007,-0.012,-0.007,-0.012,-0.009,-0.009,-0.009,-0.008,-0.009,-0.009,-0.009,-0.01,-0.009,-0.007,-0.01,-0.008,-0.01,-0.009,-0.008,-0.012,-0.008,-0.008,-0.012,-0.009,-0.008,-0.009,-0.008,-0.012,-0.008,-0.009,-0.009,-0.009,-0.009,-0.01,-0.009,-0.009,-0.009,-0.008,-0.009,-0.009,-0.009,-0.009,-0.01,
0.0,-0.217,-0.067,-0.079,-0.089,-0.099,-0.086,-0.092,-0.086,-0.092,-0.083,-0.095,-0.086,-0.09,-0.09,-0.088,-0.088,-0.088,-0.09,-0.092,-0.088,-0.088,-0.088,-0.09,-0.086,-0.092,-0.09,-0.09,-0.086,-0.09,-0.088,-0.088,-0.092,-0.088,-0.09,-0.086,-0.088,-0.094,-0.084,-0.092,-0.087,-0.093,-0.088,-0.088,-0.09,-0.088,-0.086,-0.091,-0.087,-0.091,-0.089,-0.09,-0.088,-0.09,-0.09,-0.088,-0.088,-0.088,-0.088,-0.094,-0.086,-0.088,-0.091,-0.089,-0.09,-0.088,-0.088,-0.09,-0.086,-0.094,-0.084,-0.094,-0.084,-0.092,-0.09,-0.086,-0.09,-0.09,-0.088,-0.088,-0.09,-0.088,-0.092,-0.086,-0.09,-0.09,-0.086,-0.091,-0.087,-0.092,-0.087,-0.089,-0.092,-0.086,-0.092,-0.088,-0.088,-0.088,-0.09,-0.074,
0.0,-0.007,-0.007,-0.01,-0.008,-0.009,-0.008,-0.008,-0.008,-0.009,-0.007,-0.009,-0.009,-0.008,-0.008,-0.008,-0.008,-0.009,-0.008,-0.009,-0.008,-0.009,-0.008,-0.009,-0.008,-0.008,-0.009,-0.008,-0.008,-0.008,-0.007,-0.009,-0.008,-0.009,-0.008,-0.008,-0.009,-0.008,-0.007,-0.009,-0.009,-0.008,-0.007,-0.009,-0.008,-0.009,-0.007,-0.009,-0.008,-0.009,-0.007,-0.009,-0.007,-0.009,-0.008,-0.008,-0.008,-0.008,-0.008,-0.008,-0.008,-0.01,-0.007,-0.009,-0.008,-0.008,-0.009,-0.008,-0.008,-0.008,-0.009,-0.007,-0.01,-0.008,-0.007,-0.009,-0.008,-0.008,-0.009,-0.008,-0.008,-0.008,-0.007,-0.01,-0.007,-0.009,-0.008,-0.008,-0.009,-0.008,-0.01,-0.007,-0.009,-0.009,-0.008,-0.008,-0.008,-0.009,-0.007,-0.009,
-0.007,-0.017,-0.032,-0.036,-0.036,-0.032,-0.113,-0.021,-0.03,-0.031,-0.114,-0.024,-0.03,-0.031,-0.114,-0.021,-0.034,-0.034,-0.11,-0.021,-0.034,-0.033,-0.112,-0.023,-0.034,-0.034,-0.11,-0.021,-0.034,-0.034,-0.112,-0.023,-0.034,-0.029,-0.112,-0.023,-0.03,-0.031,-0.114,-0.024,-0.034,-0.031,-0.112,-0.023,-0.035,-0.031,-0.114,-0.019,-0.032,-0.033,-0.114,-0.023,-0.035,-0.031,-0.112,-0.023,-0.035,-0.029,-0.112,-0.023,-0.035,-0.034,-0.114,-0.021,-0.032,-0.033,-0.112,-0.023,-0.03,-0.031,-0.114,-0.021,-0.034,-0.034,-0.11,-0.021,-0.034,-0.031,-0.114,-0.024,-0.03,-0.031,-0.114,-0.024,-0.035,-0.031,-0.114,-0.021,-0.034,-0.033,-0.112,-0.023,-0.032,-0.033,-0.115,-0.024,-0.032,-0.031,-0.114,-0.016,
0.0,-0.005,-0.009,-0.015,-0.02,-0.023,-0.013,-0.006,-0.012,-0.006,-0.012,-0.006,-0.012,-0.006,-0.012,-0.005,-0.013,-0.006,-0.012,-0.006,-0.013,-0.005,-0.013,-0.006,-0.012,-0.006,-0.012,-0.006,-0.012,-0.006,-0.013,-0.006,-0.012,-0.006,-0.012,-0.006,-0.012,-0.006,-0.012,-0.006,-0.012,-0.006,-0.012,-0.006,-0.012,-0.006,-0.012,-0.006,-0.012,-0.006,-0.012,-0.006,-0.013,-0.006,-0.012,-0.006,-0.012,-0.006,-0.012,-0.006,-0.012,-0.006,-0.013,-0.005,-0.012,-0.006,-0.012,-0.006,-0.012,-0.005,-0.012,-0.006,-0.012,-0.006,-0.012,-0.005,-0.013,-0.005,-0.013,-0.006,-0.012,-0.006,-0.012,-0.006,-0.013,-0.005,-0.013,-0.006,-0.012,-0.006,-0.012,-0.006,-0.012,-0.006,-0.012,-0.005,-0.013,-0.006,-0.012,-0.005,
0.0,-0.008,-0.009,-0.026,0.099,0.041,0.009,-0.008,0.099,0.04,0.009,-0.009,0.1,0.04,0.008,-0.009,0.099,0.041,0.009,-0.008,0.102,0.041,0.008,-0.009,0.101,0.04,0.007,-0.008,0.101,0.04,0.008,-0.007,0.101,0.041,0.007,-0.014,0.1,0.04,0.008,-0.009,0.1,0.04,0.008,-0.008,0.1,0.04,0.008,-0.008,0.102,0.04,0.008,-0.008,0.1,0.04,0.008,-0.009,0.099,0.04,0.008,-0.007,0.101,0.041,0.008,-0.013,0.101,0.041,0.008,-0.008,0.1,0.041,0.007,-0.008,0.1,0.041,0.007,-0.009,0.099,0.04,0.009,-0.009,0.099,0.04,0.007,-0.007,-0.01,0.102,0.04,0.008,-0.009,0.1,0.041,0.007,-0.013,0.102,0.04,0.007,-0.008,0.1,0.04,0.01,
0.0,-0.005,-0.01,-0.013,-0.009,-0.007,-0.007,-0.008,-0.007,-0.008,-0.007,-0.006,-0.008,-0.007,-0.007,-0.008,-0.007,-0.007,-0.007,-0.008,-0.007,-0.007,-0.008,-0.007,-0.007,-0.007,-0.008,-0.007,-0.008,-0.007,-0.006,-0.007,-0.007,-0.007,-0.007,-0.007,-0.007,-0.007,-0.007,-0.007,-0.007,-0.007,-0.007,-0.007,-0.007,-0.007,-0.007,-0.007,-0.007,-0.007,-0.007,-0.007,-0.007,-0.007,-0.007,-0.007,-0.007,-0.007,-0.007,-0.007,-0.007,-0.007,-0.007,-0.007,-0.007,-0.007,-0.007,-0.007,-0.007,-0.007,-0.007,-0.007,-0.007,-0.007,-0.007,-0.007,-0.007,-0.007,-0.007,-0.007,-0.007,-0.007,-0.007,-0.007,-0.007,-0.007,-0.007,-0.007,-0.007,-0.007,-0.007,-0.007,-0.007,-0.007,-0.007,-0.007,-0.007,-0.007,-0.007,-0.004,
0.0,-0.024,-0.008,-0.006,-0.006,-0.006,-0.006,-0.007,-0.007,-0.006,-0.007,-0.006,-0.008,-0.006,-0.006,-0.006,-0.006,-0.006,-0.006,-0.008,-0.006,-0.006,-0.006,-0.006,-0.006,-0.007,-0.007,-0.006,-0.007,-0.007,-0.008,-0.006,-0.007,-0.006,-0.007,-0.006,-0.006,-0.007,-0.006,-0.006,-0.007,-0.006,-0.006,-0.007,-0.006,-0.006,-0.006,-0.006,-0.007,-0.006,-0.006,-0.007,-0.006,-0.007,-0.008,-0.006,-0.006,-0.006,-0.006,-0.006,-0.006,-0.006,-0.007,-0.007,-0.006,-0.007,-0.007,-0.007,-0.005,-0.007,-0.007,-0.006,-0.007,-0.005,-0.007,-0.006,-0.007,-0.006,-0.007,-0.006,-0.007,-0.007,-0.007,-0.006,-0.007,-0.007,-0.006,-0.007,-0.006,-0.006,-0.008,-0.006,-0.007,-0.006,-0.006,-0.007,-0.007,-0.006,-0.007,-0.012,
0.0,-0.007,-0.008,-0.027,-0.011,-0.015,0.002,-0.005,-0.01,-0.007,0.01,-0.028,0.005,-0.024,0.005,-0.013,-0.016,-0.008,-0.011,-0.009,0.009,-0.008,-0.014,-0.006,-0.008,-0.01,-0.016,-0.012,0.006,-0.022,0.008,-0.01,-0.014,-0.011,0.007,-0.01,-0.015,-0.007,-0.01,-0.003,0.014,-0.028,0.001,-0.007,-0.009,-0.017,0.0,-0.007,-0.012,-0.007,0.011,-0.027,0.001,-0.006,-0.008,-0.012,0.006,-0.026,0.002,-0.005,0.014,-0.027,-0.001,-0.008,0.01,-0.029,0.002,-0.025,0.008,-0.02,0.011,-0.027,0.001,-0.006,-0.009,-0.013,0.003,-0.026,0.007,-0.001,-0.008,-0.013,0.005,-0.024,0.007,-0.01,-0.015,-0.008,0.01,-0.02,0.013,-0.027,0.005,-0.003,-0.01,-0.015,0.001,-0.026,0.007,-0.023,
0.0,-0.032,-0.02,-0.02,-0.016,-0.014,-0.014,-0.014,-0.016,-0.016,-0.017,-0.016,-0.017,-0.016,-0.017,-0.017,-0.017,-0.016,-0.014,-0.014,-0.014,-0.014,-0.014,-0.016,-0.017,-0.017,-0.017,-0.017,-0.016,-0.016,-0.016,-0.017,-0.017,-0.017,-0.017,-0.017,-0.017,-0.017,-0.017,-0.017,-0.017,-0.016,-0.017,-0.016,-0.017,-0.016,-0.016,-0.016,-0.016,-0.017,-0.017,-0.017,-0.016,-0.018,-0.016,-0.017,-0.017,-0.017,-0.016,-0.017,-0.016,-0.017,-0.017,-0.016,-0.014,-0.016,-0.016,-0.016,-0.016,-0.017,-0.018,-0.017,-0.017,-0.017,-0.017,-0.016,-0.017,-0.016,-0.016,-0.017,-0.016,-0.016,-0.016,-0.017,-0.016,-0.016,-0.016,-0.016,-0.016,-0.017,-0.017,-0.018,-0.016,-0.016,-0.014,-0.014,-0.016,-0.014,-0.017,-0.014,
0.0,-0.012,-0.007,-0.008,-0.01,-0.008,-0.008,-0.01,-0.009,-0.007,-0.009,-0.009,-0.007,-0.01,-0.008,-0.008,-0.008,-0.009,-0.008,-0.008,-0.008,-0.008,-0.008,-0.008,-0.01,-0.008,-0.008,-0.008,-0.009,-0.008,-0.009,-0.008,-0.009,-0.008,-0.007,-0.01,-0.007,-0.01,-0.007,-0.009,-0.008,-0.009,-0.008,-0.009,-0.008,-0.008,-0.01,-0.007,-0.008,-0.008,-0.009,-0.01,-0.005,-0.011,-0.005,-0.009,-0.009,-0.009,-0.008,-0.008,-0.008,-0.008,-0.008,-0.008,-0.008,-0.009,-0.008,-0.008,-0.008,-0.008,-0.009,-0.01,-0.007,-0.009,-0.01,-0.008,-0.008,-0.007,-0.009,-0.009,-0.008,-0.008,-0.007,-0.009,-0.009,-0.008,-0.008,-0.008,-0.01,-0.008,-0.008,-0.008,-0.008,-0.008,-0.008,-0.008,-0.008,-0.008,-0.008,-0.008,
0.0,-0.014,-0.009,-0.012,-0.012,-0.014,-0.011,-0.014,-0.011,-0.014,-0.011,-0.014,-0.011,-0.014,-0.011,-0.014,-0.012,-0.011,-0.014,-0.01,-0.014,-0.011,-0.014,-0.014,-0.011,-0.012,-0.011,-0.012,-0.012,-0.012,-0.012,-0.014,-0.012,-0.011,-0.012,-0.012,-0.014,-0.011,-0.014,-0.011,-0.012,-0.011,-0.014,-0.012,-0.011,-0.014,-0.014,-0.01,-0.014,-0.012,-0.012,-0.011,-0.014,-0.012,-0.011,-0.014,-0.011,-0.012,-0.014,-0.012,-0.011,-0.011,-0.012,-0.012,-0.014,-0.014,-0.012,-0.012,-0.011,-0.011,-0.014,-0.011,-0.011,-0.012,-0.014,-0.011,-0.012,-0.012,-0.014,-0.012,-0.014,-0.011,-0.014,-0.011,-0.014,-0.01,-0.014,-0.011,-0.012,-0.014,-0.011,-0.011,-0.014,-0.011,-0.011,-0.012,-0.014,-0.011,-0.012,-0.012,
0.0,-0.012,-0.012,-0.031,-0.024,-0.024,-0.024,-0.024,-0.024,-0.024,-0.024,-0.024,-0.024,-0.024,-0.024,-0.024,-0.024,-0.024,-0.024,-0.024,-0.024,-0.024,-0.024,-0.024,-0.024,-0.024,-0.024,-0.024,-0.024,-0.024,-0.024,-0.024,-0.024,-0.024,-0.024,-0.024,-0.024,-0.024,-0.024,-0.024,-0.024,-0.024,-0.024,-0.024,-0.024,-0.024,-0.024,-0.024,-0.024,-0.024,-0.024,-0.024,-0.024,-0.024,-0.024,-0.024,-0.024,-0.024,-0.024,-0.024,-0.024,-0.024,-0.024,-0.024,-0.024,-0.024,-0.024,-0.024,-0.024,-0.024,-0.024,-0.024,-0.024,-0.024,-0.024,-0.024,-0.024,-0.024,-0.024,-0.024,-0.024,-0.024,-0.024,-0.024,-0.024,-0.024,-0.024,-0.024,-0.024,-0.024,-0.024,-0.024,-0.024,-0.024,-0.024,-0.024,-0.024,-0.024,-0.024,-0.02,
0.0,-0.007,-0.009,-0.011,-0.01,-0.01,-0.009,-0.011,-0.009,-0.01,-0.009,-0.011,-0.009,-0.011,-0.009,-0.01,-0.009,-0.008,-0.011,-0.008,-0.011,-0.009,-0.008,-0.008,-0.011,-0.009,-0.008,-0.01,-0.008,-0.008,-0.009,-0.008,-0.008,-0.01,-0.008,-0.009,-0.011,-0.011,-0.009,-0.011,-0.009,-0.01,-0.009,-0.011,-0.009,-0.011,-0.009,-0.011,-0.008,-0.011,-0.009,-0.011,-0.009,-0.008,-0.009,-0.008,-0.01,-0.009,-0.008,-0.01,-0.009,-0.01,-0.009,-0.011,-0.008,-0.009,-0.011,-0.009,-0.011,-0.009,-0.01,-0.011,-0.008,-0.009,-0.008,-0.012,-0.009,-0.01,-0.009,-0.01,-0.008,-0.008,-0.008,-0.008,-0.009,-0.011,-0.008,-0.011,-0.009,-0.009,-0.01,-0.009,-0.01,-0.009,-0.009,-0.011,-0.008,-0.008,-0.009,-0.009,
0.0,-0.005,-0.006,-0.011,0.003,-0.009,-0.006,-0.008,-0.007,-0.008,-0.006,-0.007,-0.007,-0.006,-0.008,-0.006,-0.007,-0.006,-0.007,-0.006,-0.007,-0.008,-0.007,-0.006,-0.008,-0.006,-0.007,-0.008,-0.006,-0.006,-0.007,-0.007,-0.008,-0.006,-0.007,-0.008,-0.007,-0.007,-0.006,-0.007,-0.006,-0.007,-0.006,-0.007,-0.008,-0.007,-0.006,-0.006,-0.008,-0.006,-0.007,-0.007,-0.008,-0.006,-0.008,-0.006,-0.007,-0.006,-0.008,-0.006,-0.006,-0.007,-0.008,-0.007,-0.007,-0.008,-0.006,-0.007,-0.008,-0.006,-0.007,-0.008,-0.006,-0.008,-0.006,-0.008,-0.006,-0.007,-0.008,-0.006,-0.007,-0.006,-0.007,-0.007,-0.008,-0.007,-0.006,-0.007,-0.008,-0.006,-0.008,-0.008,-0.006,-0.007,-0.006,-0.007,-0.007,-0.006,-0.007,-0.005,
0.073,-0.028,-0.037,-0.09,-0.062,-0.092,-0.052,-0.103,-0.048,-0.097,-0.057,-0.097,-0.058,-0.094,-0.054,-0.094,-0.057,-0.097,-0.058,-0.094,-0.058,-0.094,-0.051,-0.098,-0.054,-0.102,-0.052,-0.096,-0.057,-0.094,-0.058,-0.091,-0.06,-0.091,-0.06,-0.092,-0.057,-0.097,-0.052,-0.099,-0.051,-0.103,-0.052,-0.099,-0.052,-0.095,-0.054,-0.102,-0.052,-0.094,-0.057,-0.098,-0.051,-0.099,-0.052,-0.102,-0.052,-0.101,-0.051,-0.095,-0.059,-0.095,-0.054,-0.097,-0.054,-0.099,-0.049,-0.102,-0.048,-0.101,-0.054,-0.095,-0.057,-0.098,-0.051,-0.099,-0.052,-0.099,-0.056,-0.097,-0.057,-0.095,-0.052,-0.097,-0.06,-0.094,-0.054,-0.099,-0.049,-0.099,-0.054,-0.099,-0.052,-0.094,-0.058,-0.097,-0.051,-0.103,-0.052,-0.087,
0.0,-0.01,-0.008,-0.011,-0.014,-0.014,-0.014,-0.014,-0.014,-0.014,-0.014,-0.014,-0.014,-0.014,-0.014,-0.014,-0.014,-0.014,-0.014,-0.014,-0.014,-0.014,-0.015,-0.014,-0.015,-0.014,-0.015,-0.014,-0.014,-0.015,-0.014,-0.015,-0.014,-0.014,-0.014,-0.014,-0.014,-0.015,-0.014,-0.015,-0.014,-0.014,-0.014,-0.014,-0.014,-0.014,-0.014,-0.015,-0.014,-0.015,-0.014,-0.014,-0.014,-0.014,-0.014,-0.014,-0.015,-0.014,-0.014,-0.014,-0.014,-0.014,-0.014,-0.014,-0.014,-0.014,-0.014,-0.014,-0.014,-0.014,-0.015,-0.014,-0.014,-0.015,-0.014,-0.014,-0.014,-0.014,-0.014,-0.014,-0.014,-0.014,-0.014,-0.014,-0.014,-0.014,-0.014,-0.015,-0.014,-0.015,-0.014,-0.015,-0.014,-0.014,-0.015,-0.014,-0.015,-0.014,-0.014,-0.013,
0.0,-0.006,-0.013,-0.005,-0.006,-0.006,-0.006,-0.006,-0.006,-0.006,-0.006,-0.006,-0.006,-0.006,-0.006,-0.006,-0.006,-0.006,-0.006,-0.006,-0.006,-0.006,-0.006,-0.006,-0.006,-0.006,-0.006,-0.006,-0.006,-0.006,-0.006,-0.006,-0.006,-0.006,-0.006,-0.006,-0.006,-0.006,-0.006,-0.006,-0.006,-0.006,-0.006,-0.006,-0.006,-0.006,-0.006,-0.006,-0.006,-0.006,-0.006,-0.006,-0.006,-0.006,-0.006,-0.006,-0.006,-0.006,-0.006,-0.006,-0.006,-0.006,-0.006,-0.006,-0.006,-0.006,-0.006,-0.006,-0.006,-0.006,-0.006,-0.006,-0.006,-0.006,-0.006,-0.006,-0.006,-0.006,-0.006,-0.006,-0.006,-0.006,-0.006,-0.006,-0.006,-0.006,-0.006,-0.006,-0.006,-0.006,-0.006,-0.006,-0.006,-0.006,-0.006,-0.006,-0.006,-0.006,-0.006,-0.006,
0.0,-0.029,-0.019,-0.029,-0.025,-0.014,-0.018,-0.015,-0.015,-0.015,-0.015,-0.015,-0.015,-0.015,-0.015,-0.015,-0.015,-0.015,-0.015,-0.015,-0.015,-0.015,-0.015,-0.015,-0.015,-0.015,-0.015,-0.015,-0.015,-0.015,-0.015,-0.015,-0.015,-0.015,-0.015,-0.015,-0.015,-0.015,-0.015,-0.015,-0.015,-0.015,-0.015,-0.015,-0.015,-0.015,-0.015,-0.015,-0.015,-0.015,-0.015,-0.015,-0.015,-0.015,-0.015,-0.015,-0.015,-0.015,-0.015,-0.015,-0.015,-0.015,-0.015,-0.015,-0.015,-0.015,-0.015,-0.015,-0.015,-0.015,-0.015,-0.015,-0.015,-0.015,-0.015,-0.015,-0.015,-0.015,-0.015,-0.015,-0.015,-0.015,-0.015,-0.015,-0.015,-0.015,-0.015,-0.015,-0.015,-0.015,-0.015,-0.015,-0.015,-0.015,-0.015,-0.015,-0.015,-0.015,-0.015,-0.012,
0.0,-0.005,0.048,0.011,-0.022,0.004,-0.023,0.004,-0.023,0.004,-0.004,-0.006,-0.006,-0.007,-0.004,-0.009,-0.005,-0.007,-0.011,-0.009,-0.005,-0.009,-0.012,-0.009,-0.005,-0.009,-0.004,-0.009,-0.012,-0.009,-0.004,-0.009,-0.014,0.011,-0.022,0.011,-0.025,0.004,-0.004,-0.007,-0.014,0.011,-0.021,0.004,-0.025,0.011,-0.023,0.004,-0.025,0.011,-0.022,0.002,-0.025,0.011,-0.021,0.004,-0.025,0.004,-0.022,0.011,-0.023,0.002,-0.023,0.004,-0.025,0.004,-0.004,-0.007,-0.005,-0.006,-0.011,-0.009,-0.014,0.01,-0.023,0.002,-0.005,-0.007,-0.011,-0.024,-0.021,0.011,-0.021,0.004,-0.006,-0.009,-0.004,-0.01,-0.005,-0.009,-0.004,-0.007,-0.006,-0.006,-0.011,0.011,-0.023,0.012,-0.022,0.002,
0.0,-0.004,-0.009,-0.009,-0.009,-0.009,-0.009,-0.009,-0.009,-0.009,-0.009,-0.009,-0.009,-0.008,-0.01,-0.009,-0.008,-0.01,-0.009,-0.009,-0.009,-0.009,-0.009,-0.01,-0.009,-0.008,-0.009,-0.01,-0.008,-0.009,-0.009,-0.01,-0.008,-0.01,-0.008,-0.009,-0.009,-0.009,-0.009,-0.009,-0.009,-0.008,-0.009,-0.009,-0.009,-0.009,-0.009,-0.008,-0.009,-0.009,-0.009,-0.009,-0.009,-0.009,-0.009,-0.008,-0.009,-0.009,-0.009,-0.009,-0.009,-0.008,-0.009,-0.01,-0.008,-0.009,-0.009,-0.009,-0.01,-0.008,-0.01,-0.008,-0.009,-0.009,-0.009,-0.009,-0.009,-0.009,-0.009,-0.009,-0.009,-0.009,-0.009,-0.009,-0.009,-0.009,-0.01,-0.008,-0.01,-0.008,-0.009,-0.009,-0.009,-0.009,-0.009,-0.009,-0.009,-0.009,-0.009,-0.009,
0.0,-0.008,-0.007,-0.041,-0.006,-0.04,-0.007,-0.006,-0.006,-0.007,-0.04,-0.007,-0.006,-0.007,-0.04,-0.006,-0.008,-0.006,-0.007,-0.007,-0.007,-0.04,-0.007,-0.04,-0.006,-0.041,-0.006,-0.006,-0.008,-0.007,-0.007,-0.007,-0.007,-0.007,-0.006,-0.008,-0.007,-0.006,-0.008,-0.007,-0.007,-0.007,-0.007,-0.007,-0.007,-0.007,-0.007,-0.007,-0.008,-0.006,-0.041,-0.007,-0.007,-0.007,-0.007,-0.006,-0.007,-0.007,-0.04,-0.006,-0.042,-0.006,-0.04,-0.006,-0.04,-0.007,-0.007,-0.007,-0.006,-0.007,-0.007,-0.006,-0.006,-0.041,-0.007,-0.006,-0.041,-0.007,-0.006,-0.007,-0.007,-0.006,-0.04,-0.007,-0.006,-0.007,-0.007,-0.006,-0.041,-0.006,-0.006,-0.007,-0.007,-0.006,-0.007,-0.04,-0.007,-0.04,-0.007,-0.007,
0.0,-0.091,-0.009,-0.13,-0.001,-0.063,-0.051,-0.039,-0.09,-0.02,-0.097,-0.03,-0.105,-0.07,-0.098,-0.017,-0.103,-0.023,-0.095,-0.026,-0.106,-0.015,-0.099,-0.03,-0.078,-0.028,-0.099,-0.03,-0.097,-0.03,-0.103,-0.014,-0.1,-0.033,-0.098,-0.033,-0.096,-0.03,-0.098,-0.03,-0.104,-0.017,-0.097,-0.03,-0.099,-0.034,-0.106,-0.04,-0.106,-0.029,-0.098,-0.014,-0.096,-0.028,-0.096,-0.035,-0.104,-0.013,-0.092,-0.087,-0.034,-0.075,-0.092,-0.035,-0.1,-0.018,-0.095,-0.087,-0.033,-0.075,-0.03,-0.103,-0.018,-0.097,-0.09,-0.087,-0.084,-0.086,-0.031,-0.102,-0.013,-0.101,-0.012,-0.094,-0.028,-0.099,-0.033,-0.096,-0.031,-0.103,-0.015,-0.094,-0.087,-0.029,-0.106,-0.068,-0.096,-0.03,-0.1,-0.009,
0.0,-0.006,-0.009,-0.007,-0.007,-0.007,-0.007,-0.007,-0.007,-0.009,-0.006,-0.007,-0.007,-0.006,-0.007,-0.007,-0.007,-0.007,-0.009,-0.007,-0.006,-0.007,-0.006,-0.009,-0.006,-0.007,-0.007,-0.007,-0.006,-0.007,-0.007,-0.007,-0.009,-0.007,-0.007,-0.007,-0.007,-0.006,-0.009,-0.006,-0.007,-0.009,-0.007,-0.007,-0.007,-0.007,-0.007,-0.007,-0.006,-0.007,-0.006,-0.007,-0.007,-0.006,-0.009,-0.007,-0.006,-0.007,-0.007,-0.007,-0.007,-0.007,-0.007,-0.007,-0.007,-0.006,-0.006,-0.007,-0.007,-0.007,-0.007,-0.006,-0.009,-0.007,-0.007,-0.006,-0.009,-0.006,-0.009,-0.006,-0.006,-0.007,-0.007,-0.007,-0.009,-0.007,-0.007,-0.007,-0.009,-0.006,-0.007,-0.006,-0.007,-0.006,-0.009,-0.006,-0.006,-0.007,-0.007,-0.007,
0.0,-0.037,-0.017,-0.037,-0.026,-0.028,-0.027,-0.03,-0.025,-0.028,-0.027,-0.027,-0.028,-0.028,-0.028,-0.028,-0.028,-0.028,-0.028,-0.028,-0.028,-0.028,-0.028,-0.028,-0.028,-0.028,-0.028,-0.028,-0.028,-0.028,-0.028,-0.028,-0.028,-0.028,-0.028,-0.028,-0.028,-0.028,-0.028,-0.028,-0.028,-0.028,-0.028,-0.028,-0.028,-0.028,-0.028,-0.028,-0.028,-0.028,-0.028,-0.028,-0.028,-0.028,-0.028,-0.028,-0.028,-0.028,-0.028,-0.028,-0.028,-0.028,-0.028,-0.028,-0.028,-0.028,-0.028,-0.028,-0.028,-0.028,-0.028,-0.028,-0.028,-0.028,-0.028,-0.028,-0.028,-0.028,-0.028,-0.028,-0.028,-0.028,-0.028,-0.028,-0.028,-0.028,-0.028,-0.028,-0.028,-0.028,-0.028,-0.028,-0.028,-0.028,-0.028,-0.028,-0.028,-0.028,-0.028,-0.027,
0.0,-0.005,0.0,-0.006,-0.006,-0.006,-0.006,-0.006,-0.006,-0.006,-0.006,-0.008,-0.006,-0.006,-0.006,-0.006,-0.006,-0.006,-0.006,-0.006,-0.005,-0.006,-0.006,-0.006,-0.005,-0.006,-0.005,-0.008,-0.006,-0.006,-0.006,-0.006,-0.006,-0.006,-0.006,-0.006,-0.006,-0.006,-0.005,-0.006,-0.006,-0.006,-0.008,-0.005,-0.006,-0.006,-0.005,-0.006,-0.008,-0.005,-0.006,-0.006,-0.006,-0.006,-0.006,-0.006,-0.006,-0.005,-0.006,-0.006,-0.006,-0.005,-0.006,-0.006,-0.006,-0.006,-0.006,-0.005,-0.006,-0.006,-0.006,-0.006,-0.006,-0.006,-0.006,-0.005,-0.006,-0.006,-0.006,-0.006,-0.006,-0.006,-0.008,-0.005,-0.006,-0.006,-0.006,-0.006,-0.006,-0.008,-0.005,-0.008,-0.005,-0.006,-0.006,-0.006,-0.006,-0.006,-0.005,-0.005,
0.0,-0.007,-0.008,-0.007,-0.009,-0.009,-0.008,-0.009,-0.01,-0.009,-0.008,-0.009,-0.007,-0.009,-0.009,-0.008,-0.009,-0.01,-0.008,-0.008,-0.01,-0.008,-0.009,-0.008,-0.01,-0.008,-0.009,-0.009,-0.008,-0.008,-0.009,-0.008,-0.009,-0.008,-0.009,-0.009,-0.008,-0.01,-0.008,-0.009,-0.008,-0.007,-0.009,-0.009,-0.01,-0.007,-0.01,-0.007,-0.01,-0.009,-0.007,-0.01,-0.009,-0.008,-0.009,-0.008,-0.009,-0.008,-0.009,-0.009,-0.007,-0.009,-0.01,-0.008,-0.009,-0.008,-0.008,-0.01,-0.007,-0.009,-0.009,-0.009,-0.008,-0.009,-0.008,-0.008,-0.01,-0.007,-0.009,-0.009,-0.009,-0.008,-0.007,-0.01,-0.008,-0.009,-0.007,-0.009,-0.009,-0.008,-0.009,-0.009,-0.008,-0.009,-0.009,-0.008,-0.01,-0.009,-0.008,-0.009,
0.0,-0.012,-0.013,-0.013,-0.014,-0.017,-0.018,-0.023,-0.023,-0.024,-0.027,-0.032,-0.031,-0.032,-0.037,-0.038,-0.038,-0.042,-0.046,-0.045,-0.049,-0.05,-0.053,-0.057,-0.058,-0.06,-0.063,-0.065,-0.066,-0.07,-0.069,-0.07,-0.07,-0.07,-0.07,-0.069,-0.071,-0.069,-0.069,-0.069,-0.069,-0.071,-0.068,-0.071,-0.07,-0.069,-0.068,-0.07,-0.068,-0.071,-0.07,-0.068,-0.069,-0.071,-0.069,-0.068,-0.07,-0.069,-0.069,-0.07,-0.07,-0.069,-0.07,-0.069,-0.068,-0.069,-0.07,-0.069,-0.07,-0.07,-0.069,-0.069,-0.07,-0.068,-0.07,-0.069,-0.068,-0.071,-0.069,-0.068,-0.071,-0.069,-0.069,-0.071,-0.068,-0.069,-0.07,-0.069,-0.071,-0.067,-0.071,-0.068,-0.069,-0.07,-0.07,-0.068,-0.069,-0.071,-0.068,-0.069,
0.072,-0.095,-0.057,-0.064,-0.067,-0.055,-0.057,-0.062,-0.064,-0.05,-0.054,-0.056,-0.061,-0.047,-0.049,-0.053,-0.055,-0.042,-0.044,-0.047,-0.051,-0.039,-0.041,-0.046,-0.051,-0.037,-0.043,-0.046,-0.051,-0.038,-0.041,-0.046,-0.051,-0.038,-0.041,-0.046,-0.051,-0.038,-0.041,-0.046,-0.051,-0.038,-0.041,-0.046,-0.051,-0.038,-0.041,-0.046,-0.051,-0.038,-0.041,-0.046,-0.051,-0.038,-0.041,-0.046,-0.051,-0.038,-0.041,-0.046,-0.051,-0.038,-0.041,-0.046,-0.051,-0.038,-0.041,-0.046,-0.051,-0.038,-0.041,-0.046,-0.051,-0.038,-0.041,-0.046,-0.051,-0.038,-0.041,-0.046,-0.051,-0.038,-0.041,-0.046,-0.051,-0.038,-0.041,-0.046,-0.051,-0.038,-0.041,-0.046,-0.051,-0.038,-0.041,-0.046,-0.051,-0.038,-0.041,-0.037,
0.0,-0.062,-0.04,-0.014,-0.014,0.024,0.039,-0.03,-0.05,0.017,0.034,0.002,-0.001,-0.043,-0.021,0.027,-0.001,-0.005,-0.005,-0.009,-0.01,-0.007,-0.009,-0.011,0.028,0.003,-0.041,-0.013,-0.014,0.024,0.04,-0.029,-0.05,-0.018,0.021,0.036,0.006,-0.038,-0.018,0.03,-0.001,-0.005,0.031,0.006,-0.042,-0.014,-0.014,0.025,0.04,-0.029,-0.049,-0.018,0.02,0.035,0.008,-0.038,-0.018,0.03,0.0,-0.006,0.03,0.004,-0.041,-0.014,-0.013,0.024,0.039,-0.03,-0.05,-0.019,-0.016,0.023,0.039,-0.029,-0.051,0.017,0.034,0.002,-0.002,-0.007,-0.008,-0.007,-0.01,0.026,0.041,-0.029,-0.05,0.019,0.035,0.002,-0.002,-0.007,-0.008,-0.005,-0.01,0.026,0.041,-0.03,-0.051,0.016,
0.0,-0.007,-0.007,-0.006,-0.006,-0.007,-0.007,-0.007,-0.006,-0.006,-0.006,-0.006,-0.006,-0.007,-0.007,-0.006,-0.007,-0.006,-0.007,-0.006,-0.007,-0.006,-0.006,-0.006,-0.007,-0.006,-0.006,-0.006,-0.007,-0.006,-0.007,-0.007,-0.007,-0.007,-0.006,-0.006,-0.007,-0.007,-0.007,-0.006,-0.006,-0.007,-0.006,-0.006,-0.006,-0.007,-0.007,-0.006,-0.006,-0.006,-0.006,-0.006,-0.006,-0.007,-0.007,-0.007,-0.007,-0.006,-0.007,-0.007,-0.006,-0.006,-0.006,-0.007,-0.006,-0.006,-0.006,-0.007,-0.007,-0.007,-0.006,-0.006,-0.007,-0.007,-0.007,-0.007,-0.006,-0.007,-0.007,-0.007,-0.006,-0.006,-0.007,-0.007,-0.007,-0.007,-0.006,-0.007,-0.007,-0.007,-0.006,-0.006,-0.007,-0.007,-0.007,-0.007,-0.006,-0.007,-0.007,-0.007,
0.0,-0.009,-0.013,-0.012,-0.011,-0.01,-0.014,-0.013,-0.009,-0.013,-0.015,-0.01,-0.014,-0.013,-0.01,-0.014,-0.011,-0.012,-0.013,-0.012,-0.014,-0.009,-0.015,-0.012,-0.011,-0.015,-0.011,-0.012,-0.013,-0.011,-0.014,-0.01,-0.014,-0.011,-0.015,-0.012,-0.012,-0.009,-0.015,-0.011,-0.012,-0.013,-0.012,-0.011,-0.015,-0.009,-0.015,-0.012,-0.011,-0.015,-0.009,-0.015,-0.014,-0.009,-0.016,-0.011,-0.011,-0.015,-0.011,-0.012,-0.013,-0.01,-0.014,-0.014,-0.011,-0.014,-0.009,-0.016,-0.01,-0.015,-0.009,-0.015,-0.013,-0.009,-0.015,-0.013,-0.012,-0.012,-0.01,-0.014,-0.014,-0.011,-0.012,-0.011,-0.015,-0.01,-0.015,-0.012,-0.009,-0.016,-0.009,-0.016,-0.011,-0.011,-0.015,-0.011,-0.011,-0.015,-0.01,-0.015,
0.0,-0.008,-0.008,-0.008,-0.009,-0.006,-0.008,-0.008,-0.007,-0.007,-0.007,-0.007,-0.007,-0.008,-0.007,-0.007,-0.007,-0.007,-0.007,-0.008,-0.007,-0.007,-0.007,-0.007,-0.008,-0.007,-0.007,-0.007,-0.008,-0.007,-0.007,-0.007,-0.007,-0.007,-0.007,-0.008,-0.007,-0.007,-0.007,-0.007,-0.007,-0.008,-0.007,-0.007,-0.007,-0.007,-0.008,-0.007,-0.007,-0.007,-0.008,-0.007,-0.007,-0.007,-0.007,-0.007,-0.007,-0.008,-0.007,-0.007,-0.007,-0.007,-0.007,-0.008,-0.007,-0.007,-0.007,-0.007,-0.008,-0.007,-0.007,-0.007,-0.008,-0.007,-0.007,-0.007,-0.007,-0.007,-0.007,-0.008,-0.007,-0.007,-0.007,-0.007,-0.007,-0.008,-0.007,-0.007,-0.007,-0.007,-0.008,-0.007,-0.007,-0.007,-0.008,-0.007,-0.007,-0.007,-0.007,-0.007,
-0.001,-0.008,-0.013,-0.068,-0.009,0.072,-0.086,-0.075,0.012,-0.011,-0.003,-0.01,0.006,-0.01,-0.067,-0.009,0.071,-0.084,-0.074,0.012,-0.014,-0.003,-0.01,0.007,-0.01,-0.067,-0.008,0.072,-0.084,-0.074,0.012,-0.011,-0.003,-0.063,-0.006,0.073,-0.082,-0.022,0.085,-0.087,-0.077,0.01,-0.013,-0.004,-0.062,-0.006,0.075,-0.082,-0.022,0.084,-0.087,-0.075,0.011,-0.011,-0.004,-0.01,0.007,-0.011,-0.067,-0.009,0.071,-0.084,-0.074,0.012,-0.011,-0.003,-0.009,0.007,-0.011,-0.067,-0.008,0.072,-0.085,-0.075,0.012,-0.011,-0.003,-0.009,0.007,-0.01,-0.067,-0.007,0.072,-0.085,-0.075,0.012,-0.011,-0.004,-0.062,-0.007,0.074,-0.082,-0.021,0.085,-0.087,-0.076,0.011,-0.011,-0.003,-0.01,
0.0,-0.004,-0.01,-0.007,-0.007,-0.006,-0.006,-0.006,-0.006,-0.006,-0.006,-0.006,-0.006,-0.006,-0.006,-0.006,-0.006,-0.006,-0.006,-0.006,-0.006,-0.006,-0.006,-0.006,-0.006,-0.006,-0.006,-0.006,-0.006,-0.006,-0.006,-0.006,-0.006,-0.007,-0.006,-0.006,-0.006,-0.006,-0.006,-0.006,-0.006,-0.006,-0.007,-0.006,-0.007,-0.006,-0.007,-0.006,-0.006,-0.006,-0.006,-0.007,-0.006,-0.007,-0.006,-0.006,-0.007,-0.006,-0.006,-0.006,-0.006,-0.006,-0.006,-0.006,-0.007,-0.006,-0.006,-0.006,-0.006,-0.006,-0.006,-0.006,-0.006,-0.006,-0.006,-0.006,-0.006,-0.006,-0.006,-0.006,-0.006,-0.006,-0.006,-0.006,-0.006,-0.006,-0.006,-0.006,-0.006,-0.006,-0.006,-0.006,-0.007,-0.006,-0.006,-0.007,-0.006,-0.006,-0.006,-0.006,
0.0,-0.011,-0.012,-0.009,-0.01,-0.008,-0.011,-0.009,-0.008,-0.011,-0.012,-0.01,-0.008,-0.011,-0.008,-0.01,-0.009,-0.01,-0.009,-0.011,-0.01,-0.009,-0.012,-0.008,-0.012,-0.009,-0.007,-0.012,-0.009,-0.009,-0.01,-0.012,-0.01,-0.008,-0.009,-0.012,-0.008,-0.009,-0.01,-0.01,-0.01,-0.012,-0.008,-0.01,-0.011,-0.007,-0.012,-0.01,-0.01,-0.008,-0.011,-0.009,-0.01,-0.009,-0.014,-0.008,-0.011,-0.01,-0.007,-0.012,-0.008,-0.009,-0.011,-0.01,-0.008,-0.011,-0.01,-0.009,-0.01,-0.01,-0.01,-0.011,-0.009,-0.01,-0.008,-0.01,-0.012,-0.009,-0.01,-0.008,-0.01,-0.008,-0.012,-0.01,-0.011,-0.008,-0.011,-0.008,-0.011,-0.008,-0.011,-0.008,-0.012,-0.009,-0.011,-0.007,-0.012,-0.008,-0.01,-0.008,
0.0,-0.034,-0.011,-0.038,-0.033,-0.032,-0.033,-0.037,-0.032,-0.038,-0.033,-0.032,-0.035,-0.037,-0.032,-0.038,-0.035,-0.037,-0.032,-0.038,-0.032,-0.035,-0.035,-0.033,-0.033,-0.037,-0.037,-0.032,-0.035,-0.033,-0.035,-0.035,-0.035,-0.032,-0.033,-0.035,-0.035,-0.032,-0.033,-0.033,-0.033,-0.033,-0.033,-0.033,-0.033,-0.033,-0.033,-0.033,-0.033,-0.033,-0.033,-0.033,-0.033,-0.033,-0.033,-0.033,-0.033,-0.033,-0.033,-0.033,-0.033,-0.033,-0.033,-0.033,-0.033,-0.033,-0.033,-0.033,-0.033,-0.033,-0.033,-0.033,-0.033,-0.033,-0.033,-0.033,-0.033,-0.033,-0.033,-0.033,-0.033,-0.033,-0.033,-0.033,-0.033,-0.033,-0.033,-0.033,-0.033,-0.033,-0.033,-0.033,-0.033,-0.033,-0.033,-0.033,-0.033,-0.033,-0.033,-0.015,
0.0,-0.01,-0.005,0.017,0.017,-0.01,0.017,-0.009,0.017,-0.009,0.016,0.017,-0.007,-0.007,0.017,0.016,-0.007,-0.007,0.017,0.015,0.017,0.016,-0.007,0.017,-0.008,-0.007,0.016,0.017,-0.007,0.016,-0.008,0.017,-0.008,0.016,0.017,0.017,0.016,-0.009,0.015,-0.009,0.016,-0.008,0.016,-0.008,-0.008,0.016,0.017,0.016,0.018,-0.009,0.016,0.016,0.016,0.017,-0.009,0.017,-0.01,0.017,-0.007,0.017,-0.009,-0.006,-0.007,0.017,-0.008,0.017,-0.007,0.017,0.016,0.017,-0.007,-0.008,0.016,-0.009,0.017,-0.008,0.015,-0.009,0.016,0.017,-0.007,-0.008,0.016,0.017,-0.009,-0.007,0.016,-0.008,0.017,-0.009,0.017,-0.008,0.016,-0.009,0.016,-0.008,0.016,0.017,0.015,-0.009,
0.0,-0.022,-0.009,-0.027,-0.008,-0.024,-0.007,-0.026,-0.007,-0.026,-0.008,-0.027,-0.006,-0.028,-0.008,-0.023,-0.007,-0.028,-0.006,-0.028,-0.007,-0.027,-0.008,-0.024,-0.007,-0.024,-0.007,-0.024,-0.007,-0.024,-0.007,-0.024,-0.007,-0.024,-0.007,-0.024,-0.007,-0.024,-0.007,-0.024,-0.007,-0.024,-0.007,-0.024,-0.007,-0.024,-0.007,-0.024,-0.007,-0.024,-0.007,-0.024,-0.007,-0.024,-0.007,-0.024,-0.007,-0.024,-0.007,-0.024,-0.007,-0.024,-0.007,-0.024,-0.007,-0.024,-0.007,-0.024,-0.007,-0.024,-0.007,-0.024,-0.007,-0.024,-0.007,-0.024,-0.007,-0.024,-0.007,-0.024,-0.007,-0.024,-0.007,-0.024,-0.007,-0.024,-0.007,-0.024,-0.007,-0.024,-0.007,-0.024,-0.007,-0.024,-0.007,-0.024,-0.007,-0.024,-0.007,-0.024,
0.0,-0.012,-0.013,-0.013,-0.015,-0.016,-0.015,-0.015,-0.017,-0.019,-0.019,-0.021,-0.019,-0.024,-0.021,-0.024,-0.025,-0.028,-0.023,-0.026,-0.025,-0.025,-0.025,-0.023,-0.027,-0.025,-0.023,-0.027,-0.025,-0.025,-0.024,-0.024,-0.027,-0.024,-0.024,-0.028,-0.023,-0.027,-0.024,-0.024,-0.027,-0.023,-0.026,-0.025,-0.025,-0.026,-0.024,-0.026,-0.024,-0.025,-0.026,-0.024,-0.027,-0.023,-0.027,-0.023,-0.028,-0.024,-0.025,-0.025,-0.025,-0.025,-0.025,-0.024,-0.025,-0.025,-0.026,-0.024,-0.026,-0.025,-0.024,-0.026,-0.024,-0.025,-0.026,-0.025,-0.024,-0.026,-0.024,-0.026,-0.026,-0.025,-0.023,-0.026,-0.025,-0.025,-0.024,-0.026,-0.025,-0.024,-0.026,-0.026,-0.024,-0.025,-0.025,-0.023,-0.027,-0.025,-0.025,-0.025,
0.0,-0.006,-0.007,-0.007,-0.012,-0.015,-0.015,-0.015,-0.015,-0.014,-0.015,-0.014,-0.015,-0.014,-0.015,-0.015,-0.014,-0.015,-0.015,-0.014,-0.015,-0.015,-0.014,-0.015,-0.014,-0.015,-0.014,-0.015,-0.014,-0.015,-0.014,-0.015,-0.015,-0.014,-0.015,-0.015,-0.015,-0.014,-0.015,-0.014,-0.015,-0.014,-0.015,-0.014,-0.015,-0.014,-0.015,-0.015,-0.014,-0.015,-0.015,-0.014,-0.015,-0.015,-0.014,-0.015,-0.015,-0.014,-0.015,-0.015,-0.014,-0.015,-0.015,-0.014,-0.015,-0.015,-0.014,-0.015,-0.015,-0.014,-0.015,-0.015,-0.014,-0.015,-0.015,-0.014,-0.015,-0.015,-0.014,-0.015,-0.015,-0.014,-0.015,-0.015,-0.014,-0.015,-0.015,-0.014,-0.015,-0.015,-0.014,-0.015,-0.015,-0.014,-0.015,-0.015,-0.014,-0.015,-0.015,-0.014,
0.0,-0.007,-0.008,-0.009,-0.007,-0.01,-0.008,-0.007,-0.007,-0.012,-0.007,-0.012,-0.007,-0.008,-0.009,-0.007,-0.007,-0.01,-0.007,-0.007,-0.012,-0.007,-0.012,-0.008,-0.009,-0.01,-0.008,-0.008,-0.006,-0.009,-0.01,-0.007,-0.008,-0.008,-0.007,-0.01,-0.008,-0.01,-0.008,-0.01,-0.008,-0.007,-0.013,-0.006,-0.009,-0.007,-0.012,-0.008,-0.009,-0.01,-0.007,-0.008,-0.007,-0.01,-0.009,-0.009,-0.009,-0.009,-0.009,-0.01,-0.008,-0.01,-0.009,-0.009,-0.01,-0.009,-0.008,-0.009,-0.007,-0.012,-0.008,-0.007,-0.012,-0.009,-0.006,-0.009,-0.007,-0.01,-0.009,-0.007,-0.012,-0.009,-0.008,-0.007,-0.009,-0.009,-0.009,-0.008,-0.01,-0.009,-0.008,-0.007,-0.008,-0.012,-0.007,-0.009,-0.009,-0.007,-0.012,-0.007,
0.0,-0.005,-0.01,-0.009,-0.008,-0.008,-0.008,-0.008,-0.008,-0.009,-0.009,-0.009,-0.008,-0.009,-0.008,-0.008,-0.008,-0.009,-0.008,-0.009,-0.008,-0.008,-0.009,-0.008,-0.008,-0.008,-0.008,-0.008,-0.009,-0.008,-0.008,-0.008,-0.008,-0.008,-0.008,-0.008,-0.009,-0.008,-0.008,-0.008,-0.008,-0.008,-0.009,-0.008,-0.008,-0.008,-0.008,-0.008,-0.008,-0.008,-0.008,-0.008,-0.008,-0.008,-0.008,-0.008,-0.008,-0.008,-0.008,-0.008,-0.009,-0.008,-0.008,-0.008,-0.009,-0.008,-0.008,-0.008,-0.008,-0.008,-0.008,-0.008,-0.008,-0.009,-0.008,-0.009,-0.008,-0.009,-0.008,-0.008,-0.008,-0.008,-0.008,-0.009,-0.009,-0.008,-0.009,-0.008,-0.008,-0.008,-0.008,-0.009,-0.008,-0.008,-0.008,-0.008,-0.008,-0.008,-0.008,-0.008,
0.0,-0.002,-0.019,-0.023,0.0,-0.013,-0.013,-0.014,0.0,-0.011,-0.013,-0.013,-0.013,-0.013,-0.013,-0.013,-0.013,-0.013,-0.013,-0.013,-0.013,-0.013,-0.013,-0.013,-0.013,-0.013,-0.013,-0.013,-0.013,-0.013,-0.013,-0.013,-0.013,-0.013,-0.013,-0.013,-0.013,-0.013,-0.013,-0.013,-0.013,-0.013,-0.013,-0.013,-0.013,-0.013,-0.013,-0.013,-0.013,-0.013,-0.013,-0.013,-0.013,-0.013,-0.013,-0.013,-0.013,-0.013,-0.013,-0.013,-0.013,-0.013,-0.013,-0.013,-0.013,-0.013,-0.013,-0.013,-0.013,-0.013,-0.013,-0.013,-0.013,-0.013,-0.013,-0.013,-0.013,-0.013,-0.013,-0.013,-0.013,-0.013,-0.013,-0.013,-0.013,-0.013,-0.013,-0.013,-0.013,-0.013,-0.013,-0.013,-0.013,-0.013,-0.013,-0.013,-0.013,-0.013,-0.013,-0.012,
0.0,-0.005,-0.009,-0.009,-0.011,-0.014,-0.014,-0.016,-0.017,-0.017,-0.016,-0.015,-0.015,-0.015,-0.015,-0.016,-0.015,-0.015,-0.015,-0.015,-0.015,-0.015,-0.015,-0.015,-0.015,-0.015,-0.016,-0.015,-0.015,-0.015,-0.015,-0.014,-0.015,-0.015,-0.015,-0.015,-0.015,-0.015,-0.016,-0.015,-0.015,-0.015,-0.015,-0.015,-0.015,-0.015,-0.014,-0.016,-0.015,-0.015,-0.014,-0.016,-0.015,-0.015,-0.015,-0.015,-0.015,-0.015,-0.015,-0.015,-0.016,-0.015,-0.015,-0.015,-0.015,-0.014,-0.015,-0.015,-0.015,-0.015,-0.015,-0.015,-0.015,-0.015,-0.015,-0.015,-0.015,-0.015,-0.015,-0.014,-0.015,-0.015,-0.014,-0.015,-0.016,-0.015,-0.015,-0.015,-0.015,-0.016,-0.015,-0.016,-0.015,-0.015,-0.015,-0.014,-0.015,-0.015,-0.016,-0.014,
0.0,-0.007,-0.011,-0.009,-0.011,-0.008,-0.011,-0.008,-0.01,-0.011,-0.009,-0.01,-0.01,-0.01,-0.01,-0.01,-0.011,-0.009,-0.011,-0.01,-0.01,-0.01,-0.008,-0.011,-0.009,-0.01,-0.011,-0.01,-0.01,-0.011,-0.008,-0.01,-0.011,-0.009,-0.011,-0.009,-0.01,-0.01,-0.011,-0.009,-0.011,-0.008,-0.01,-0.01,-0.011,-0.009,-0.011,-0.01,-0.01,-0.008,-0.01,-0.011,-0.01,-0.009,-0.009,-0.011,-0.01,-0.01,-0.011,-0.01,-0.008,-0.011,-0.01,-0.01,-0.011,-0.009,-0.011,-0.009,-0.01,-0.01,-0.01,-0.01,-0.01,-0.01,-0.01,-0.01,-0.01,-0.01,-0.01,-0.01,-0.01,-0.01,-0.01,-0.01,-0.01,-0.01,-0.01,-0.01,-0.01,-0.01,-0.01,-0.01,-0.01,-0.01,-0.01,-0.01,-0.01,-0.01,-0.01,-0.01,
0.0,-0.009,-0.007,-0.007,-0.007,-0.008,-0.008,-0.008,-0.007,-0.008,-0.008,-0.007,-0.007,-0.007,-0.008,-0.007,-0.007,-0.008,-0.007,-0.007,-0.009,-0.008,-0.007,-0.009,-0.007,-0.008,-0.007,-0.008,-0.007,-0.007,-0.008,-0.007,-0.008,-0.008,-0.007,-0.007,-0.008,-0.007,-0.008,-0.008,-0.007,-0.009,-0.007,-0.008,-0.008,-0.007,-0.007,-0.009,-0.007,-0.007,-0.007,-0.008,-0.007,-0.008,-0.007,-0.009,-0.007,-0.009,-0.007,-0.007,-0.007,-0.008,-0.007,-0.008,-0.007,-0.008,-0.007,-0.008,-0.007,-0.008,-0.007,-0.009,-0.007,-0.009,-0.009,-0.007,-0.009,-0.008,-0.007,-0.008,-0.008,-0.008,-0.007,-0.008,-0.008,-0.007,-0.007,-0.008,-0.007,-0.007,-0.008,-0.007,-0.007,-0.007,-0.008,-0.007,-0.008,-0.008,-0.007,-0.007,
0.0,-0.019,-0.017,-0.019,-0.013,-0.021,-0.009,-0.022,-0.012,-0.017,-0.01,-0.021,-0.012,-0.02,-0.009,-0.021,-0.008,-0.021,-0.012,-0.017,-0.01,-0.021,-0.009,-0.021,-0.008,-0.021,-0.009,-0.02,-0.012,-0.021,-0.009,-0.019,-0.009,-0.022,-0.01,-0.019,-0.009,-0.021,-0.007,-0.023,-0.007,-0.02,-0.01,-0.019,-0.008,-0.022,-0.01,-0.021,-0.006,-0.024,-0.009,-0.023,-0.01,-0.019,-0.01,-0.02,-0.012,-0.02,-0.01,-0.023,-0.008,-0.022,-0.008,-0.021,-0.012,-0.022,-0.008,-0.021,-0.009,-0.021,-0.012,-0.019,-0.012,-0.022,-0.008,-0.017,-0.013,-0.019,-0.01,-0.023,-0.008,-0.023,-0.012,-0.019,-0.012,-0.017,-0.012,-0.021,-0.01,-0.021,-0.009,-0.022,-0.008,-0.019,-0.008,-0.022,-0.008,-0.021,-0.013,-0.019,
0.0,-0.008,-0.006,-0.006,-0.006,-0.007,-0.006,-0.007,-0.007,-0.007,-0.006,-0.006,-0.007,-0.006,-0.006,-0.007,-0.006,-0.006,-0.007,-0.007,-0.006,-0.006,-0.007,-0.006,-0.007,-0.007,-0.007,-0.006,-0.006,-0.007,-0.007,-0.006,-0.007,-0.006,-0.007,-0.007,-0.007,-0.006,-0.007,-0.006,-0.006,-0.007,-0.006,-0.008,-0.006,-0.007,-0.006,-0.007,-0.006,-0.006,-0.006,-0.007,-0.006,-0.007,-0.007,-0.007,-0.006,-0.007,-0.007,-0.006,-0.006,-0.007,-0.006,-0.006,-0.006,-0.007,-0.007,-0.006,-0.006,-0.007,-0.007,-0.006,-0.006,-0.008,-0.006,-0.006,-0.007,-0.007,-0.007,-0.007,-0.006,-0.007,-0.006,-0.007,-0.007,-0.007,-0.006,-0.007,-0.006,-0.007,-0.006,-0.007,-0.006,-0.007,-0.006,-0.006,-0.006,-0.007,-0.007,-0.007,
0.0,-0.006,-0.007,-0.006,-0.007,-0.006,-0.007,-0.006,-0.007,-0.006,-0.007,-0.006,-0.007,-0.007,-0.006,-0.007,-0.007,-0.007,-0.007,-0.007,-0.007,-0.006,-0.006,-0.007,-0.007,-0.006,-0.007,-0.006,-0.006,-0.007,-0.007,-0.007,-0.007,-0.006,-0.007,-0.006,-0.006,-0.007,-0.006,-0.007,-0.007,-0.006,-0.006,-0.007,-0.006,-0.007,-0.006,-0.006,-0.007,-0.007,-0.006,-0.006,-0.007,-0.007,-0.007,-0.007,-0.006,-0.006,-0.007,-0.007,-0.007,-0.006,-0.006,-0.006,-0.006,-0.006,-0.007,-0.007,-0.007,-0.007,-0.006,-0.007,-0.007,-0.007,-0.007,-0.006,-0.007,-0.007,-0.006,-0.007,-0.007,-0.007,-0.006,-0.007,-0.007,-0.007,-0.006,-0.006,-0.007,-0.007,-0.007,-0.007,-0.007,-0.007,-0.006,-0.006,-0.007,-0.006,-0.007,-0.005,
0.0,-0.009,-0.01,-0.013,-0.009,-0.008,-0.01,-0.009,-0.009,-0.009,-0.01,-0.009,-0.008,-0.01,-0.009,-0.009,-0.009,-0.009,-0.009,-0.01,-0.008,-0.01,-0.01,-0.008,-0.009,-0.008,-0.01,-0.009,-0.01,-0.009,-0.008,-0.01,-0.008,-0.01,-0.008,-0.01,-0.008,-0.008,-0.009,-0.01,-0.01,-0.008,-0.01,-0.01,-0.008,-0.009,-0.009,-0.01,-0.009,-0.008,-0.01,-0.008,-0.012,-0.008,-0.01,-0.01,-0.007,-0.01,-0.008,-0.01,-0.009,-0.009,-0.01,-0.008,-0.01,-0.008,-0.01,-0.008,-0.01,-0.008,-0.01,-0.009,-0.008,-0.01,-0.008,-0.009,-0.009,-0.01,-0.008,-0.009,-0.01,-0.008,-0.01,-0.008,-0.01,-0.01,-0.007,-0.01,-0.008,-0.01,-0.008,-0.01,-0.008,-0.01,-0.008,-0.009,-0.01,-0.01,-0.008,-0.008,
0.0,-0.201,-0.009,-0.117,-0.066,-0.066,-0.066,-0.066,-0.066,-0.066,-0.066,-0.066,-0.066,-0.066,-0.066,-0.066,-0.066,-0.066,-0.066,-0.066,-0.066,-0.066,-0.066,-0.066,-0.066,-0.066,-0.066,-0.066,-0.066,-0.066,-0.066,-0.066,-0.066,-0.066,-0.066,-0.066,-0.066,-0.066,-0.066,-0.066,-0.066,-0.066,-0.066,-0.066,-0.066,-0.066,-0.066,-0.066,-0.066,-0.066,-0.066,-0.066,-0.066,-0.066,-0.066,-0.066,-0.066,-0.066,-0.066,-0.066,-0.066,-0.066,-0.066,-0.066,-0.066,-0.066,-0.066,-0.066,-0.066,-0.066,-0.066,-0.066,-0.066,-0.066,-0.066,-0.066,-0.066,-0.066,-0.066,-0.066,-0.066,-0.066,-0.066,-0.066,-0.066,-0.066,-0.066,-0.066,-0.066,-0.066,-0.066,-0.066,-0.066,-0.066,-0.066,-0.066,-0.066,-0.066,-0.066,-0.051,
0.0,-0.006,-0.005,-0.007,-0.01,-0.007,-0.006,-0.006,-0.01,-0.006,-0.006,-0.01,-0.006,-0.01,-0.007,-0.006,-0.006,-0.006,-0.006,-0.006,-0.005,-0.007,-0.006,-0.01,-0.007,-0.012,-0.006,-0.006,-0.006,-0.01,-0.007,-0.006,-0.006,-0.01,-0.007,-0.005,-0.006,-0.006,-0.006,-0.007,-0.006,-0.005,-0.007,-0.006,-0.006,-0.006,-0.006,-0.005,-0.006,-0.006,-0.006,-0.005,-0.006,-0.007,-0.006,-0.006,-0.006,-0.006,-0.006,-0.007,-0.006,-0.005,-0.006,-0.006,-0.01,-0.006,-0.007,-0.006,-0.006,-0.006,-0.007,-0.006,-0.005,-0.006,-0.007,-0.006,-0.006,-0.005,-0.006,-0.006,-0.006,-0.01,-0.006,-0.006,-0.006,-0.006,-0.006,-0.006,-0.007,-0.006,-0.006,-0.006,-0.012,-0.006,-0.006,-0.006,-0.006,-0.006,-0.007,-0.005,
0.0,-0.103,-0.041,-0.007,-0.012,-0.009,-0.009,-0.011,-0.009,-0.009,-0.009,-0.009,-0.009,-0.009,-0.009,-0.009,-0.009,-0.009,-0.009,-0.009,-0.009,-0.009,-0.009,-0.009,-0.009,-0.009,-0.009,-0.009,-0.009,-0.009,-0.009,-0.009,-0.009,-0.009,-0.009,-0.009,-0.009,-0.009,-0.009,-0.009,-0.009,-0.009,-0.009,-0.009,-0.009,-0.009,-0.009,-0.009,-0.009,-0.009,-0.009,-0.009,-0.009,-0.009,-0.009,-0.009,-0.009,-0.009,-0.009,-0.009,-0.009,-0.009,-0.009,-0.009,-0.009,-0.009,-0.009,-0.009,-0.009,-0.009,-0.009,-0.009,-0.009,-0.009,-0.009,-0.009,-0.009,-0.009,-0.009,-0.009,-0.009,-0.009,-0.009,-0.009,-0.009,-0.009,-0.009,-0.009,-0.009,-0.009,-0.009,-0.009,-0.009,-0.009,-0.009,-0.009,-0.009,-0.009,-0.009,-0.063,
0.0,-0.006,-0.007,-0.009,-0.009,-0.009,-0.01,-0.011,-0.013,-0.013,-0.013,-0.014,-0.015,-0.017,-0.017,-0.017,-0.018,-0.018,-0.019,-0.017,-0.017,-0.018,-0.017,-0.017,-0.018,-0.018,-0.018,-0.018,-0.018,-0.018,-0.018,-0.018,-0.018,-0.018,-0.017,-0.017,-0.017,-0.018,-0.017,-0.018,-0.018,-0.017,-0.018,-0.018,-0.018,-0.018,-0.018,-0.017,-0.017,-0.017,-0.018,-0.018,-0.018,-0.018,-0.018,-0.018,-0.017,-0.019,-0.018,-0.017,-0.018,-0.018,-0.018,-0.017,-0.018,-0.018,-0.018,-0.018,-0.018,-0.018,-0.018,-0.018,-0.018,-0.017,-0.018,-0.018,-0.017,-0.018,-0.017,-0.018,-0.018,-0.018,-0.018,-0.018,-0.019,-0.018,-0.018,-0.018,-0.018,-0.018,-0.018,-0.018,-0.018,-0.018,-0.018,-0.018,-0.018,-0.018,-0.018,-0.017,
0.0,-0.009,-0.007,-0.008,-0.009,-0.007,-0.009,-0.007,-0.007,-0.008,-0.008,-0.008,-0.008,-0.008,-0.008,-0.007,-0.008,-0.008,-0.007,-0.008,-0.008,-0.008,-0.007,-0.009,-0.007,-0.008,-0.008,-0.007,-0.008,-0.008,-0.008,-0.008,-0.008,-0.008,-0.008,-0.007,-0.008,-0.008,-0.007,-0.009,-0.008,-0.007,-0.008,-0.008,-0.007,-0.008,-0.008,-0.008,-0.007,-0.009,-0.007,-0.008,-0.007,-0.009,-0.007,-0.008,-0.007,-0.009,-0.007,-0.008,-0.007,-0.009,-0.007,-0.007,-0.009,-0.008,-0.008,-0.008,-0.008,-0.007,-0.008,-0.007,-0.008,-0.008,-0.007,-0.009,-0.008,-0.008,-0.007,-0.008,-0.008,-0.007,-0.007,-0.008,-0.007,-0.008,-0.008,-0.008,-0.008,-0.007,-0.008,-0.007,-0.007,-0.008,-0.008,-0.007,-0.009,-0.008,-0.007,-0.008,
0.0,-0.002,-0.007,-0.007,-0.008,-0.007,-0.007,-0.008,-0.007,-0.007,-0.008,-0.007,-0.008,-0.007,-0.008,-0.007,-0.008,-0.007,-0.008,-0.007,-0.008,-0.007,-0.008,-0.007,-0.008,-0.007,-0.008,-0.007,-0.008,-0.007,-0.008,-0.007,-0.008,-0.007,-0.008,-0.007,-0.008,-0.007,-0.008,-0.007,-0.008,-0.007,-0.008,-0.007,-0.008,-0.007,-0.008,-0.007,-0.008,-0.007,-0.008,-0.007,-0.008,-0.007,-0.008,-0.007,-0.008,-0.007,-0.008,-0.007,-0.008,-0.007,-0.008,-0.007,-0.008,-0.007,-0.008,-0.007,-0.008,-0.007,-0.008,-0.007,-0.008,-0.007,-0.008,-0.007,-0.008,-0.007,-0.008,-0.007,-0.008,-0.007,-0.008,-0.007,-0.008,-0.007,-0.008,-0.007,-0.008,-0.007,-0.008,-0.007,-0.008,-0.007,-0.008,-0.007,-0.008,-0.007,-0.008,-0.004,
0.0,-0.008,-0.01,-0.011,-0.012,-0.01,-0.01,-0.011,-0.009,-0.011,-0.009,-0.011,-0.01,-0.012,-0.011,-0.011,-0.009,-0.012,-0.01,-0.012,-0.012,-0.009,-0.012,-0.009,-0.011,-0.009,-0.011,-0.011,-0.01,-0.012,-0.01,-0.012,-0.009,-0.011,-0.009,-0.011,-0.011,-0.009,-0.011,-0.012,-0.008,-0.011,-0.009,-0.013,-0.008,-0.011,-0.009,-0.013,-0.008,-0.011,-0.009,-0.013,-0.008,-0.011,-0.011,-0.01,-0.012,-0.009,-0.011,-0.009,-0.01,-0.009,-0.012,-0.01,-0.01,-0.01,-0.009,-0.011,-0.009,-0.011,-0.009,-0.011,-0.009,-0.011,-0.009,-0.013,-0.009,-0.011,-0.009,-0.013,-0.008,-0.011,-0.009,-0.011,-0.009,-0.012,-0.01,-0.012,-0.009,-0.012,-0.009,-0.011,-0.009,-0.011,-0.011,-0.009,-0.011,-0.009,-0.011,-0.01,
0.0,-0.029,-0.026,-0.041,-0.078,-0.034,-0.069,-0.032,-0.064,-0.044,-0.058,-0.045,-0.059,-0.037,-0.07,-0.031,-0.069,-0.034,-0.064,-0.039,-0.064,-0.038,-0.064,-0.043,-0.059,-0.043,-0.059,-0.037,-0.065,-0.038,-0.069,-0.032,-0.064,-0.039,-0.069,-0.032,-0.064,-0.039,-0.064,-0.043,-0.058,-0.043,-0.059,-0.045,-0.058,-0.043,-0.059,-0.045,-0.058,-0.045,-0.059,-0.043,-0.059,-0.043,-0.058,-0.043,-0.061,-0.043,-0.059,-0.037,-0.065,-0.043,-0.058,-0.043,-0.059,-0.045,-0.059,-0.037,-0.07,-0.032,-0.069,-0.032,-0.064,-0.044,-0.058,-0.045,-0.059,-0.037,-0.07,-0.031,-0.069,-0.034,-0.069,-0.032,-0.069,-0.031,-0.069,-0.034,-0.069,-0.032,-0.064,-0.039,-0.064,-0.043,-0.059,-0.043,-0.059,-0.037,-0.065,-0.034,
0.0,-0.006,-0.006,-0.006,-0.006,-0.007,-0.007,-0.005,-0.007,-0.006,-0.006,-0.006,-0.016,-0.006,-0.007,-0.006,-0.005,-0.006,-0.006,-0.006,-0.021,-0.006,-0.006,-0.007,-0.006,-0.007,-0.006,-0.007,-0.006,-0.006,-0.007,-0.006,-0.006,-0.007,-0.007,-0.005,-0.006,-0.006,-0.007,-0.006,-0.007,-0.006,-0.006,-0.007,-0.006,-0.006,-0.006,-0.006,-0.021,-0.006,-0.007,-0.005,-0.007,-0.007,-0.006,-0.007,-0.006,-0.006,-0.006,-0.006,-0.006,-0.007,-0.007,-0.006,-0.006,-0.007,-0.006,-0.006,-0.006,-0.007,-0.006,-0.006,-0.006,-0.006,-0.006,-0.007,-0.006,-0.006,-0.006,-0.006,-0.005,-0.006,-0.006,-0.007,-0.006,-0.006,-0.007,-0.006,-0.006,-0.006,-0.007,-0.006,-0.006,-0.007,-0.006,-0.007,-0.006,-0.006,-0.007,-0.006,
0.0,-0.004,-0.007,-0.006,-0.005,-0.007,-0.006,-0.007,-0.006,-0.007,-0.006,-0.006,-0.006,-0.006,-0.007,-0.006,-0.007,-0.006,-0.006,-0.006,-0.006,-0.007,-0.006,-0.006,-0.007,-0.006,-0.007,-0.006,-0.006,-0.006,-0.006,-0.007,-0.006,-0.006,-0.006,-0.007,-0.006,-0.006,-0.006,-0.007,-0.006,-0.006,-0.006,-0.006,-0.006,-0.006,-0.006,-0.006,-0.007,-0.006,-0.006,-0.006,-0.006,-0.006,-0.006,-0.006,-0.006,-0.006,-0.006,-0.006,-0.007,-0.006,-0.006,-0.007,-0.006,-0.006,-0.006,-0.006,-0.006,-0.007,-0.006,-0.006,-0.006,-0.007,-0.006,-0.006,-0.006,-0.006,-0.006,-0.006,-0.007,-0.006,-0.006,-0.006,-0.006,-0.006,-0.007,-0.006,-0.006,-0.006,-0.006,-0.006,-0.006,-0.006,-0.006,-0.007,-0.006,-0.006,-0.006,-0.006,
0.0,-0.019,0.0,-0.008,-0.01,-0.012,-0.043,-0.042,-0.042,-0.042,-0.041,-0.042,-0.041,-0.042,-0.042,-0.041,-0.042,-0.041,-0.042,-0.041,-0.041,-0.041,-0.042,-0.042,-0.042,-0.042,-0.041,-0.042,-0.042,-0.042,-0.041,-0.042,-0.041,-0.042,-0.041,-0.042,-0.041,-0.042,-0.042,-0.042,-0.042,-0.042,-0.041,-0.042,-0.042,-0.042,-0.042,-0.041,-0.042,-0.042,-0.041,-0.042,-0.042,-0.041,-0.042,-0.042,-0.042,-0.042,-0.041,-0.042,-0.042,-0.041,-0.042,-0.042,-0.041,-0.042,-0.042,-0.042,-0.042,-0.041,-0.042,-0.042,-0.041,-0.042,-0.042,-0.041,-0.042,-0.042,-0.042,-0.042,-0.041,-0.042,-0.042,-0.041,-0.042,-0.042,-0.041,-0.042,-0.042,-0.042,-0.042,-0.041,-0.042,-0.042,-0.041,-0.042,-0.042,-0.041,-0.042,-0.042,
0.0,-0.155,-0.082,-0.112,-0.074,-0.094,-0.075,-0.096,-0.077,-0.088,-0.082,-0.089,-0.082,-0.088,-0.082,-0.089,-0.082,-0.09,-0.083,-0.088,-0.084,-0.089,-0.084,-0.089,-0.084,-0.089,-0.084,-0.089,-0.084,-0.089,-0.084,-0.089,-0.084,-0.089,-0.084,-0.089,-0.084,-0.089,-0.084,-0.089,-0.084,-0.089,-0.084,-0.089,-0.084,-0.089,-0.084,-0.089,-0.084,-0.089,-0.084,-0.089,-0.084,-0.089,-0.084,-0.089,-0.084,-0.089,-0.084,-0.089,-0.084,-0.089,-0.084,-0.089,-0.084,-0.089,-0.084,-0.089,-0.084,-0.089,-0.084,-0.089,-0.084,-0.089,-0.084,-0.089,-0.084,-0.089,-0.084,-0.089,-0.084,-0.089,-0.084,-0.089,-0.084,-0.089,-0.084,-0.089,-0.084,-0.089,-0.084,-0.089,-0.084,-0.089,-0.084,-0.089,-0.084,-0.089,-0.084,-0.063,
0.0,0.01,-0.006,-0.011,-0.002,-0.007,0.004,-0.001,-0.02,-0.005,-0.01,-0.001,-0.005,0.005,-0.015,0.0,-0.004,-0.01,0.001,-0.003,-0.01,-0.01,0.0,-0.004,-0.01,0.001,-0.018,-0.003,-0.008,0.001,-0.003,0.008,-0.013,-0.013,-0.003,-0.008,0.002,-0.002,-0.008,-0.008,-0.012,-0.002,-0.007,0.004,-0.016,-0.001,-0.005,-0.011,-0.001,-0.005,-0.011,-0.011,-0.001,-0.005,0.004,0.0,-0.005,-0.011,-0.012,-0.001,-0.005,0.004,0.0,-0.019,-0.005,-0.011,-0.001,-0.007,0.004,-0.015,-0.001,-0.005,-0.011,0.0,-0.005,0.004,-0.015,-0.001,-0.007,-0.011,0.0,-0.005,-0.01,-0.01,-0.001,-0.005,0.005,0.0,-0.004,-0.01,-0.012,-0.002,-0.008,0.003,-0.001,-0.007,-0.011,-0.012,-0.001,-0.005,
0.0,-0.015,-0.019,-0.009,-0.016,-0.015,-0.016,-0.017,-0.019,-0.021,-0.022,-0.023,-0.024,-0.025,-0.026,-0.026,-0.026,-0.026,-0.026,-0.026,-0.026,-0.026,-0.026,-0.026,-0.026,-0.026,-0.026,-0.026,-0.026,-0.026,-0.026,-0.026,-0.026,-0.026,-0.026,-0.026,-0.026,-0.026,-0.026,-0.026,-0.026,-0.026,-0.026,-0.026,-0.026,-0.026,-0.026,-0.026,-0.026,-0.026,-0.026,-0.026,-0.026,-0.026,-0.026,-0.026,-0.026,-0.026,-0.026,-0.026,-0.026,-0.026,-0.026,-0.026,-0.026,-0.026,-0.026,-0.026,-0.026,-0.026,-0.026,-0.026,-0.026,-0.026,-0.026,-0.026,-0.026,-0.026,-0.026,-0.026,-0.026,-0.026,-0.026,-0.026,-0.026,-0.026,-0.026,-0.026,-0.026,-0.026,-0.026,-0.026,-0.026,-0.026,-0.026,-0.026,-0.026,-0.026,-0.026,-0.026,
0.0,0.227,0.305,0.365,0.178,0.397,0.216,0.317,0.311,0.337,0.374,0.36,0.345,0.337,0.375,0.36,0.345,0.355,0.344,0.246,0.375,0.247,0.387,0.324,0.361,0.338,0.245,0.375,0.247,0.371,0.336,0.363,0.254,0.273,0.326,0.372,0.34,0.254,0.376,0.247,0.371,0.336,0.363,0.254,0.34,0.336,0.375,0.265,0.37,0.348,0.349,0.377,0.268,0.37,0.348,0.365,0.346,0.346,0.377,0.36,0.232,0.413,0.223,0.383,0.322,0.346,0.364,0.358,0.232,0.413,0.223,0.383,0.322,0.346,0.364,0.358,0.229,0.37,0.257,0.366,0.341,0.376,0.266,0.37,0.348,0.349,0.377,0.268,0.37,0.348,0.365,0.346,0.346,0.377,0.36,0.232,0.413,0.223,0.383,0.322,
0.0,-0.01,-0.011,-0.009,-0.008,-0.008,-0.008,-0.007,-0.007,-0.008,-0.007,-0.008,-0.007,-0.008,-0.007,-0.007,-0.007,-0.008,-0.008,-0.007,-0.008,-0.007,-0.008,-0.008,-0.007,-0.008,-0.008,-0.008,-0.008,-0.008,-0.008,-0.008,-0.008,-0.008,-0.008,-0.007,-0.007,-0.007,-0.007,-0.007,-0.007,-0.007,-0.007,-0.007,-0.007,-0.007,-0.007,-0.007,-0.007,-0.007,-0.007,-0.007,-0.007,-0.007,-0.007,-0.007,-0.007,-0.007,-0.007,-0.007,-0.007,-0.007,-0.007,-0.007,-0.007,-0.007,-0.007,-0.007,-0.007,-0.007,-0.007,-0.007,-0.007,-0.007,-0.007,-0.007,-0.007,-0.007,-0.007,-0.007,-0.007,-0.007,-0.007,-0.007,-0.007,-0.007,-0.007,-0.007,-0.007,-0.007,-0.007,-0.007,-0.007,-0.007,-0.007,-0.007,-0.007,-0.007,-0.007,-0.007,
0.0,-0.008,-0.007,-0.017,-0.029,-0.016,-0.015,-0.02,-0.021,-0.02,-0.017,-0.014,-0.011,-0.01,-0.009,-0.009,-0.008,-0.008,-0.008,-0.009,-0.008,-0.009,-0.008,-0.008,-0.008,-0.009,-0.008,-0.009,-0.008,-0.008,-0.009,-0.008,-0.009,-0.008,-0.009,-0.008,-0.008,-0.008,-0.008,-0.008,-0.008,-0.009,-0.008,-0.009,-0.008,-0.008,-0.008,-0.008,-0.008,-0.009,-0.008,-0.009,-0.008,-0.009,-0.008,-0.009,-0.008,-0.008,-0.008,-0.008,-0.008,-0.008,-0.008,-0.008,-0.008,-0.008,-0.009,-0.008,-0.009,-0.008,-0.009,-0.008,-0.008,-0.008,-0.009,-0.008,-0.009,-0.008,-0.008,-0.008,-0.008,-0.009,-0.008,-0.009,-0.008,-0.009,-0.008,-0.008,-0.008,-0.009,-0.008,-0.009,-0.008,-0.009,-0.008,-0.009,-0.008,-0.008,-0.008,-0.009,
0.0,-0.011,-0.009,-0.013,-0.008,-0.012,-0.01,-0.014,-0.006,-0.013,-0.009,-0.014,-0.005,-0.013,-0.009,-0.008,-0.007,-0.014,-0.008,-0.013,-0.008,-0.012,-0.008,-0.013,-0.007,-0.012,-0.009,-0.013,-0.006,-0.01,-0.01,-0.012,-0.006,-0.013,-0.008,-0.01,-0.01,-0.012,-0.008,-0.009,-0.008,-0.014,-0.009,-0.008,-0.012,-0.01,-0.012,-0.012,-0.008,-0.013,-0.008,-0.012,-0.006,-0.013,-0.007,-0.013,-0.009,-0.01,-0.007,-0.014,-0.007,-0.01,-0.007,-0.014,-0.01,-0.012,-0.008,-0.009,-0.012,-0.009,-0.008,-0.014,-0.008,-0.012,-0.007,-0.013,-0.008,-0.012,-0.01,-0.012,-0.01,-0.012,-0.007,-0.015,-0.009,-0.016,-0.005,-0.013,-0.009,-0.014,-0.009,-0.014,-0.007,-0.015,-0.007,-0.015,-0.008,-0.012,-0.007,-0.012,
0.0,-0.01,-0.005,-0.008,-0.009,-0.009,-0.009,-0.009,-0.009,-0.009,-0.011,-0.011,-0.009,-0.009,-0.011,-0.009,-0.011,-0.011,-0.008,-0.009,-0.009,-0.009,-0.011,-0.011,-0.009,-0.009,-0.009,-0.009,-0.009,-0.012,-0.009,-0.009,-0.009,-0.009,-0.009,-0.012,-0.009,-0.009,-0.009,-0.009,-0.009,-0.009,-0.009,-0.009,-0.011,-0.009,-0.009,-0.011,-0.009,-0.009,-0.011,-0.009,-0.009,-0.012,-0.008,-0.011,-0.009,-0.011,-0.009,-0.009,-0.009,-0.009,-0.009,-0.009,-0.011,-0.011,-0.009,-0.009,-0.011,-0.009,-0.011,-0.011,-0.008,-0.009,-0.009,-0.009,-0.011,-0.011,-0.009,-0.009,-0.009,-0.009,-0.009,-0.012,-0.009,-0.009,-0.009,-0.009,-0.009,-0.012,-0.009,-0.009,-0.009,-0.009,-0.009,-0.009,-0.009,-0.009,-0.011,-0.007,
0.0,-0.012,-0.019,-0.016,-0.026,-0.012,-0.016,-0.013,-0.01,-0.016,-0.011,-0.013,-0.02,-0.009,-0.013,-0.025,-0.015,-0.015,-0.01,-0.014,-0.018,-0.01,-0.012,-0.024,-0.011,-0.009,-0.026,-0.016,-0.016,-0.009,-0.012,-0.019,-0.011,-0.01,-0.02,-0.013,-0.01,-0.02,-0.01,-0.015,-0.022,-0.009,-0.012,-0.026,-0.014,-0.014,-0.01,-0.015,-0.016,-0.009,-0.012,-0.021,-0.01,-0.011,-0.024,-0.012,-0.011,-0.024,-0.014,-0.019,-0.01,-0.01,-0.02,-0.012,-0.011,-0.02,-0.012,-0.013,-0.023,-0.01,-0.01,-0.028,-0.015,-0.014,-0.011,-0.013,-0.018,-0.009,-0.011,-0.023,-0.01,-0.012,-0.025,-0.012,-0.011,-0.025,-0.015,-0.017,-0.011,-0.009,-0.022,-0.012,-0.011,-0.022,-0.012,-0.012,-0.025,-0.012,-0.017,-0.008,
0.0,-0.005,-0.006,-0.012,-0.018,-0.024,-0.027,-0.021,-0.014,-0.008,-0.009,-0.007,-0.007,-0.008,-0.008,-0.007,-0.008,-0.008,-0.007,-0.007,-0.008,-0.007,-0.008,-0.007,-0.008,-0.007,-0.007,-0.008,-0.008,-0.007,-0.009,-0.007,-0.008,-0.008,-0.007,-0.008,-0.007,-0.008,-0.007,-0.008,-0.008,-0.007,-0.008,-0.008,-0.007,-0.008,-0.007,-0.008,-0.008,-0.008,-0.007,-0.007,-0.008,-0.008,-0.008,-0.009,-0.007,-0.008,-0.007,-0.007,-0.008,-0.007,-0.008,-0.007,-0.008,-0.008,-0.007,-0.008,-0.007,-0.008,-0.007,-0.008,-0.008,-0.007,-0.008,-0.007,-0.008,-0.008,-0.008,-0.008,-0.008,-0.008,-0.009,-0.007,-0.007,-0.007,-0.007,-0.008,-0.007,-0.008,-0.007,-0.007,-0.008,-0.009,-0.007,-0.007,-0.007,-0.009,-0.007,-0.008,
0.0,-0.017,-0.014,-0.008,-0.009,-0.01,-0.015,-0.014,-0.015,-0.016,-0.016,-0.017,-0.017,-0.017,-0.018,-0.019,-0.019,0.031,0.056,0.08,0.086,0.087,0.086,0.086,0.087,0.086,0.086,0.087,0.086,0.087,0.085,0.086,0.087,0.085,0.087,0.085,0.086,0.086,0.086,0.087,0.085,0.086,0.087,0.087,0.086,0.086,0.087,0.086,0.086,0.085,0.087,0.086,0.086,0.086,0.086,0.086,0.087,0.086,0.087,0.087,0.086,0.086,0.086,0.087,0.085,0.087,0.086,0.085,0.087,0.086,0.086,0.087,0.086,0.086,0.087,0.086,0.086,0.086,0.087,0.086,0.085,0.087,0.086,0.087,0.086,0.086,0.087,0.085,0.087,0.085,0.087,0.086,0.086,0.086,0.087,0.086,0.086,0.087,0.086,0.086,
0.0,-0.009,-0.006,-0.009,-0.01,-0.009,-0.01,-0.008,-0.009,-0.009,-0.009,-0.009,-0.01,-0.009,-0.009,-0.01,-0.009,-0.009,-0.009,-0.009,-0.008,-0.009,-0.009,-0.009,-0.009,-0.009,-0.009,-0.008,-0.01,-0.01,-0.008,-0.008,-0.008,-0.01,-0.008,-0.009,-0.012,-0.009,-0.008,-0.01,-0.008,-0.01,-0.009,-0.01,-0.009,-0.009,-0.008,-0.012,-0.009,-0.009,-0.009,-0.01,-0.008,-0.009,-0.01,-0.012,-0.009,-0.012,-0.009,-0.01,-0.009,-0.01,-0.01,-0.01,-0.009,-0.008,-0.01,-0.008,-0.009,-0.009,-0.008,-0.008,-0.009,-0.009,-0.009,-0.012,-0.008,-0.01,-0.008,-0.009,-0.009,-0.012,-0.008,-0.01,-0.009,-0.008,-0.012,-0.007,-0.01,-0.009,-0.007,-0.012,-0.009,-0.009,-0.008,-0.01,-0.007,-0.01,-0.009,-0.008,
0.0,-0.005,-0.008,-0.009,-0.008,-0.01,-0.01,-0.01,-0.01,-0.011,-0.011,-0.011,-0.011,-0.011,-0.011,-0.011,-0.011,-0.011,-0.011,-0.011,-0.011,-0.011,-0.011,-0.011,-0.01,-0.011,-0.011,-0.011,-0.011,-0.011,-0.011,-0.011,-0.011,-0.011,-0.011,-0.011,-0.011,-0.011,-0.011,-0.011,-0.011,-0.011,-0.011,-0.011,-0.011,-0.011,-0.011,-0.011,-0.011,-0.011,-0.011,-0.011,-0.011,-0.011,-0.011,-0.011,-0.011,-0.011,-0.011,-0.011,-0.011,-0.011,-0.011,-0.011,-0.011,-0.011,-0.011,-0.011,-0.011,-0.011,-0.011,-0.011,-0.011,-0.011,-0.011,-0.011,-0.011,-0.011,-0.011,-0.011,-0.011,-0.011,-0.011,-0.011,-0.011,-0.011,-0.011,-0.011,-0.011,-0.011,-0.011,-0.011,-0.011,-0.011,-0.011,-0.011,-0.011,-0.011,-0.011,-0.009,
0.0,-0.009,-0.012,-0.016,-0.022,-0.018,-0.01,-0.008,-0.008,-0.008,-0.007,-0.009,-0.008,-0.009,-0.007,-0.008,-0.009,-0.008,-0.008,-0.007,-0.008,-0.008,-0.008,-0.008,-0.009,-0.008,-0.007,-0.008,-0.008,-0.007,-0.009,-0.007,-0.008,-0.009,-0.009,-0.008,-0.008,-0.009,-0.007,-0.009,-0.007,-0.009,-0.007,-0.008,-0.009,-0.009,-0.008,-0.008,-0.009,-0.007,-0.009,-0.007,-0.009,-0.007,-0.008,-0.009,-0.009,-0.008,-0.008,-0.009,-0.007,-0.009,-0.007,-0.009,-0.007,-0.008,-0.009,-0.009,-0.008,-0.008,-0.009,-0.007,-0.009,-0.007,-0.009,-0.007,-0.008,-0.009,-0.009,-0.008,-0.008,-0.009,-0.007,-0.009,-0.007,-0.009,-0.007,-0.008,-0.009,-0.009,-0.008,-0.008,-0.009,-0.007,-0.009,-0.007,-0.009,-0.007,-0.008,-0.007,
0.0,-0.004,-0.003,-0.002,-0.003,-0.008,-0.011,-0.008,-0.008,-0.006,-0.008,-0.005,-0.008,-0.006,-0.007,-0.005,-0.007,-0.006,-0.007,-0.005,-0.007,-0.006,-0.006,-0.006,-0.007,-0.006,-0.007,-0.005,-0.006,-0.006,-0.007,-0.007,-0.007,-0.006,-0.006,-0.006,-0.007,-0.006,-0.007,-0.005,-0.007,-0.006,-0.006,-0.006,-0.008,-0.006,-0.007,-0.006,-0.006,-0.006,-0.007,-0.005,-0.007,-0.006,-0.008,-0.006,-0.006,-0.007,-0.007,-0.005,-0.008,-0.005,-0.007,-0.006,-0.007,-0.005,-0.007,-0.006,-0.006,-0.006,-0.007,-0.006,-0.006,-0.006,-0.007,-0.005,-0.008,-0.005,-0.007,-0.005,-0.007,-0.006,-0.006,-0.006,-0.008,-0.006,-0.006,-0.006,-0.008,-0.006,-0.007,-0.006,-0.006,-0.006,-0.006,-0.006,-0.007,-0.007,-0.007,-0.004,
0.0,-0.01,-0.011,-0.012,-0.019,-0.021,-0.016,-0.018,-0.014,-0.014,-0.011,-0.01,-0.009,-0.008,-0.009,-0.009,-0.009,-0.009,-0.009,-0.009,-0.01,-0.008,-0.01,-0.009,-0.009,-0.009,-0.009,-0.009,-0.009,-0.009,-0.009,-0.009,-0.009,-0.009,-0.008,-0.01,-0.009,-0.009,-0.009,-0.009,-0.009,-0.009,-0.009,-0.009,-0.009,-0.01,-0.009,-0.009,-0.009,-0.009,-0.009,-0.009,-0.009,-0.01,-0.009,-0.009,-0.009,-0.009,-0.008,-0.01,-0.008,-0.01,-0.008,-0.01,-0.009,-0.009,-0.008,-0.009,-0.009,-0.009,-0.009,-0.01,-0.009,-0.009,-0.009,-0.009,-0.009,-0.009,-0.009,-0.009,-0.009,-0.01,-0.009,-0.009,-0.008,-0.01,-0.008,-0.01,-0.009,-0.009,-0.01,-0.009,-0.009,-0.009,-0.009,-0.009,-0.009,-0.01,-0.009,-0.008,
0.0,-0.008,0.0,-0.024,0.002,-0.009,0.005,0.012,-0.005,0.003,0.01,-0.005,0.003,0.012,-0.006,0.005,0.01,-0.006,0.003,-0.009,0.003,0.01,0.005,-0.008,0.002,-0.008,0.005,0.012,-0.006,0.003,-0.009,0.005,0.01,-0.006,0.005,0.012,-0.005,0.003,0.012,-0.006,0.003,-0.009,-0.006,0.005,-0.009,-0.007,0.005,0.01,0.003,-0.009,0.005,0.012,-0.006,0.005,-0.008,0.003,-0.009,-0.007,0.005,-0.009,0.005,-0.008,0.005,-0.009,-0.007,0.005,0.01,-0.005,0.005,-0.009,0.003,0.01,-0.006,0.003,-0.008,0.002,-0.008,0.003,0.012,-0.006,0.005,0.01,-0.007,0.005,0.009,-0.006,0.003,0.01,-0.006,0.002,0.009,-0.005,0.003,0.01,0.005,-0.008,0.003,-0.009,0.005,0.012,
0.0,-0.009,-0.011,-0.013,-0.013,-0.013,-0.014,-0.013,-0.013,-0.013,-0.013,-0.013,0.0,-0.012,-0.013,-0.013,-0.013,-0.013,-0.012,-0.013,-0.002,-0.011,-0.013,-0.012,0.0,-0.013,-0.014,-0.013,-0.013,-0.012,-0.013,-0.013,-0.013,-0.013,-0.013,-0.013,-0.013,-0.013,-0.012,-0.013,-0.013,-0.013,-0.013,-0.013,-0.013,-0.013,-0.012,0.0,0.0,-0.011,-0.013,-0.013,-0.013,-0.014,-0.013,-0.012,-0.014,-0.013,-0.012,-0.014,-0.013,-0.013,-0.013,-0.013,-0.012,-0.013,-0.013,-0.013,-0.013,-0.012,-0.012,-0.013,-0.013,-0.013,0.0,-0.012,-0.012,-0.012,-0.013,-0.013,-0.013,-0.013,0.0,0.0,-0.011,-0.013,-0.013,-0.013,-0.013,-0.012,-0.013,-0.013,-0.013,-0.013,-0.012,-0.013,-0.013,-0.013,-0.013,-0.013,
0.0,-0.009,-0.038,-0.046,-0.042,-0.044,-0.045,-0.044,-0.045,-0.044,-0.045,-0.047,-0.042,-0.044,-0.046,-0.04,-0.048,-0.04,-0.045,-0.043,-0.044,-0.043,-0.047,-0.04,-0.045,-0.046,-0.044,-0.042,-0.045,-0.044,-0.045,-0.044,-0.045,-0.044,-0.045,-0.044,-0.045,-0.044,-0.045,-0.044,-0.045,-0.045,-0.042,-0.044,-0.044,-0.042,-0.044,-0.046,-0.042,-0.044,-0.045,-0.044,-0.047,-0.043,-0.047,-0.04,-0.045,-0.044,-0.045,-0.044,-0.045,-0.044,-0.045,-0.044,-0.045,-0.044,-0.045,-0.044,-0.045,-0.044,-0.045,-0.044,-0.045,-0.044,-0.045,-0.044,-0.045,-0.044,-0.045,-0.045,-0.042,-0.044,-0.045,-0.044,-0.045,-0.044,-0.045,-0.044,-0.045,-0.044,-0.045,-0.044,-0.045,-0.045,-0.042,-0.044,-0.045,-0.044,-0.045,-0.044,
0.0,-0.033,-0.013,-0.023,-0.022,-0.022,-0.021,-0.022,-0.022,-0.022,-0.023,-0.023,-0.022,-0.021,-0.022,-0.022,-0.022,-0.022,-0.023,-0.022,-0.022,-0.021,-0.022,-0.022,-0.021,-0.022,-0.022,-0.022,-0.021,-0.022,-0.022,-0.022,-0.022,-0.022,-0.021,-0.022,-0.022,-0.022,-0.021,-0.022,-0.022,-0.022,-0.022,-0.022,-0.023,-0.021,-0.022,-0.023,-0.023,-0.022,-0.022,-0.021,-0.022,-0.022,-0.023,-0.022,-0.022,-0.021,-0.022,-0.022,-0.022,-0.022,-0.023,-0.022,-0.022,-0.022,-0.021,-0.022,-0.022,-0.022,-0.021,-0.022,-0.023,-0.022,-0.021,-0.022,-0.022,-0.021,-0.022,-0.022,-0.022,-0.022,-0.022,-0.022,-0.023,-0.021,-0.022,-0.022,-0.021,-0.022,-0.022,-0.022,-0.022,-0.021,-0.022,-0.022,-0.022,-0.022,-0.023,-0.022,
0.0,0.033,-0.009,-0.047,-0.082,-0.04,-0.037,-0.05,-0.065,-0.05,-0.038,-0.059,-0.061,-0.03,-0.069,-0.052,-0.059,-0.053,-0.037,-0.053,-0.063,-0.053,-0.059,-0.049,-0.059,-0.056,-0.058,-0.052,-0.064,-0.059,-0.063,-0.049,-0.062,-0.05,-0.069,-0.05,-0.061,-0.059,-0.037,-0.05,-0.065,-0.05,-0.063,-0.048,-0.06,-0.054,-0.065,-0.056,-0.062,-0.028,-0.064,-0.053,-0.036,-0.053,-0.064,-0.057,-0.06,-0.053,-0.059,-0.049,-0.063,-0.065,-0.062,-0.028,-0.06,-0.052,-0.063,-0.054,-0.059,-0.053,-0.036,-0.053,-0.067,-0.054,-0.062,-0.049,-0.063,-0.053,-0.058,-0.054,-0.059,-0.052,-0.067,-0.054,-0.059,-0.049,-0.069,-0.054,-0.065,-0.05,-0.064,-0.05,-0.062,-0.055,-0.058,-0.056,-0.066,-0.029,-0.063,-0.049,
0.0,-0.007,-0.013,-0.02,-0.015,-0.013,-0.011,-0.012,-0.012,-0.013,-0.014,-0.014,-0.015,-0.015,-0.011,-0.012,-0.012,-0.013,-0.013,-0.014,-0.015,-0.015,-0.015,-0.011,-0.012,-0.012,-0.013,-0.014,-0.014,-0.015,-0.015,-0.011,-0.012,-0.012,-0.013,-0.013,-0.014,-0.015,-0.015,-0.015,-0.011,-0.012,-0.012,-0.013,-0.014,-0.014,-0.015,-0.015,-0.011,-0.012,-0.012,-0.013,-0.013,-0.014,-0.015,-0.015,-0.015,-0.011,-0.012,-0.012,-0.013,-0.014,-0.014,-0.015,-0.015,-0.011,-0.012,-0.012,-0.013,-0.013,-0.014,-0.015,-0.015,-0.015,-0.011,-0.012,-0.012,-0.013,-0.014,-0.014,-0.015,-0.015,-0.011,-0.012,-0.012,-0.013,-0.013,-0.014,-0.015,-0.015,-0.015,-0.011,-0.012,-0.012,-0.013,-0.014,-0.014,-0.015,-0.015,-0.009,
0.0,-0.007,-0.015,-0.016,-0.015,-0.016,-0.014,-0.014,-0.012,-0.014,-0.012,-0.011,-0.013,-0.012,-0.012,-0.011,-0.014,-0.01,-0.013,-0.012,-0.013,-0.011,-0.013,-0.012,-0.012,-0.011,-0.014,-0.01,-0.013,-0.012,-0.012,-0.012,-0.012,-0.012,-0.012,-0.012,-0.012,-0.012,-0.013,-0.012,-0.011,-0.012,-0.012,-0.012,-0.012,-0.012,-0.012,-0.012,-0.012,-0.012,-0.012,-0.012,-0.012,-0.012,-0.012,-0.012,-0.012,-0.012,-0.012,-0.012,-0.012,-0.012,-0.012,-0.012,-0.012,-0.012,-0.012,-0.012,-0.012,-0.012,-0.012,-0.012,-0.012,-0.012,-0.012,-0.012,-0.012,-0.012,-0.012,-0.012,-0.012,-0.012,-0.012,-0.012,-0.012,-0.012,-0.012,-0.012,-0.012,-0.012,-0.012,-0.012,-0.012,-0.012,-0.012,-0.012,-0.012,-0.012,-0.012,-0.01,
0.0,-0.008,-0.012,-0.011,-0.017,-0.024,-0.027,-0.03,-0.031,-0.03,-0.032,-0.031,-0.03,-0.032,-0.03,-0.031,-0.031,-0.03,-0.03,-0.032,-0.03,-0.032,-0.031,-0.03,-0.032,-0.031,-0.03,-0.032,-0.031,-0.03,-0.032,-0.031,-0.03,-0.032,-0.031,-0.03,-0.032,-0.031,-0.03,-0.032,-0.031,-0.03,-0.032,-0.031,-0.03,-0.032,-0.031,-0.03,-0.032,-0.031,-0.03,-0.032,-0.031,-0.03,-0.032,-0.031,-0.03,-0.032,-0.031,-0.03,-0.032,-0.031,-0.03,-0.032,-0.031,-0.03,-0.032,-0.031,-0.03,-0.032,-0.031,-0.03,-0.032,-0.031,-0.03,-0.032,-0.031,-0.03,-0.032,-0.031,-0.03,-0.032,-0.031,-0.03,-0.032,-0.031,-0.03,-0.032,-0.031,-0.03,-0.032,-0.031,-0.03,-0.032,-0.031,-0.03,-0.032,-0.031,-0.03,-0.03,
0.0,-0.005,-0.011,-0.009,-0.012,-0.041,0.0,-0.044,0.002,-0.043,0.002,-0.043,0.002,-0.043,0.002,-0.043,0.002,-0.043,0.002,-0.043,0.002,-0.043,0.002,-0.043,0.002,-0.043,0.002,-0.043,0.002,-0.043,0.002,-0.043,0.002,-0.043,0.002,-0.043,0.002,-0.043,0.002,-0.043,0.002,-0.043,0.002,-0.043,0.002,-0.043,0.002,-0.043,0.002,-0.043,0.002,-0.043,0.002,-0.043,0.002,-0.043,0.002,-0.043,0.002,-0.043,0.002,-0.043,0.002,-0.043,0.002,-0.043,0.002,-0.043,0.002,-0.043,0.002,-0.043,0.002,-0.043,0.002,-0.043,0.002,-0.043,0.002,-0.043,0.002,-0.043,0.002,-0.043,0.002,-0.043,0.002,-0.043,0.002,-0.043,0.002,-0.043,0.002,-0.043,0.002,-0.043,0.002,-0.043,0.002,-0.021,
0.0,-0.013,-0.023,0.002,-0.005,-0.011,0.003,0.018,-0.021,0.003,-0.006,0.022,-0.017,-0.024,0.003,0.0,-0.008,-0.015,0.009,0.005,-0.003,-0.011,0.011,0.007,-0.032,-0.003,-0.01,0.017,-0.023,0.002,-0.006,0.022,-0.019,0.005,-0.003,-0.007,-0.011,-0.017,0.007,0.002,-0.006,-0.013,0.011,0.006,-0.003,-0.01,-0.017,0.014,-0.025,0.0,-0.008,0.019,-0.021,0.005,-0.005,0.022,-0.018,-0.024,0.003,0.0,-0.008,-0.015,0.009,0.005,-0.003,-0.011,0.011,0.007,-0.032,-0.003,-0.01,0.017,-0.023,0.002,-0.006,0.022,-0.019,0.005,-0.003,-0.007,-0.011,-0.017,0.007,0.002,-0.006,-0.013,0.011,0.006,-0.003,-0.01,-0.017,0.014,-0.025,0.0,-0.008,0.019,-0.021,0.005,-0.005,0.022,
0.0,-0.016,-0.013,-0.015,-0.012,-0.011,-0.01,-0.011,-0.01,-0.011,-0.011,-0.01,-0.011,-0.011,-0.012,-0.011,-0.011,-0.01,-0.012,-0.011,-0.01,-0.012,-0.011,-0.011,-0.012,-0.01,-0.012,-0.011,-0.01,-0.011,-0.011,-0.011,-0.01,-0.011,-0.01,-0.011,-0.011,-0.011,-0.011,-0.01,-0.01,-0.011,-0.011,-0.011,-0.01,-0.012,-0.011,-0.011,-0.011,-0.01,-0.012,-0.011,-0.011,-0.011,-0.011,-0.01,-0.01,-0.012,-0.01,-0.01,-0.011,-0.011,-0.01,-0.011,-0.011,-0.012,-0.011,-0.01,-0.012,-0.011,-0.011,-0.011,-0.011,-0.011,-0.011,-0.011,-0.01,-0.011,-0.01,-0.011,-0.011,-0.011,-0.011,-0.01,-0.011,-0.012,-0.011,-0.012,-0.011,-0.01,-0.012,-0.011,-0.011,-0.01,-0.011,-0.011,-0.01,-0.01,-0.012,-0.01,
0.0,-0.003,-0.008,-0.006,-0.007,-0.006,-0.007,-0.007,-0.007,-0.007,-0.008,-0.006,-0.007,-0.007,-0.007,-0.006,-0.006,-0.007,-0.006,-0.007,-0.007,-0.008,-0.006,-0.007,-0.006,-0.007,-0.007,-0.007,-0.007,-0.006,-0.008,-0.006,-0.008,-0.006,-0.007,-0.005,-0.007,-0.008,-0.006,-0.008,-0.006,-0.006,-0.007,-0.007,-0.007,-0.007,-0.008,-0.006,-0.007,-0.007,-0.006,-0.008,-0.007,-0.007,-0.007,-0.006,-0.007,-0.008,-0.006,-0.007,-0.007,-0.007,-0.006,-0.007,-0.008,-0.006,-0.007,-0.006,-0.008,-0.006,-0.008,-0.006,-0.008,-0.007,-0.006,-0.008,-0.007,-0.007,-0.006,-0.007,-0.007,-0.007,-0.007,-0.007,-0.007,-0.007,-0.006,-0.007,-0.007,-0.007,-0.006,-0.008,-0.007,-0.007,-0.007,-0.006,-0.007,-0.009,-0.006,-0.007,
0.0,-0.031,-0.086,-0.023,-0.045,-0.043,-0.043,-0.036,-0.054,-0.036,-0.045,-0.039,-0.042,-0.036,-0.053,-0.032,-0.047,-0.046,-0.043,-0.035,-0.043,-0.04,-0.053,-0.007,-0.049,-0.039,-0.046,-0.036,-0.046,-0.038,-0.042,-0.039,-0.046,-0.038,-0.05,-0.036,-0.047,-0.032,-0.05,-0.009,-0.046,-0.039,-0.05,-0.039,-0.042,-0.047,-0.046,-0.036,-0.041,-0.04,-0.043,-0.007,-0.053,-0.036,-0.046,-0.044,-0.014,-0.043,-0.046,-0.035,-0.047,-0.046,-0.041,-0.038,-0.051,-0.009,-0.055,-0.032,-0.05,-0.038,-0.043,-0.038,-0.053,-0.035,-0.049,-0.039,-0.014,-0.043,-0.042,-0.046,-0.043,-0.034,-0.055,-0.035,-0.043,-0.038,-0.054,-0.036,-0.042,-0.039,-0.046,-0.04,-0.042,-0.04,-0.047,-0.042,-0.049,-0.009,-0.046,-0.048,
0.0,-0.081,-0.002,-0.009,-0.007,-0.008,-0.007,-0.008,-0.008,-0.008,-0.007,-0.009,-0.008,-0.008,-0.008,-0.007,-0.008,-0.008,-0.007,-0.009,-0.008,-0.007,-0.008,-0.008,-0.008,-0.008,-0.007,-0.008,-0.007,-0.008,-0.008,-0.007,-0.009,-0.008,-0.008,-0.008,-0.008,-0.008,-0.008,-0.008,-0.008,-0.008,-0.007,-0.009,-0.008,-0.008,-0.008,-0.008,-0.007,-0.008,-0.008,-0.008,-0.008,-0.008,-0.008,-0.008,-0.008,-0.008,-0.008,-0.008,-0.007,-0.008,-0.008,-0.007,-0.008,-0.008,-0.007,-0.008,-0.008,-0.008,-0.008,-0.007,-0.009,-0.008,-0.008,-0.008,-0.008,-0.007,-0.008,-0.008,-0.008,-0.008,-0.008,-0.007,-0.009,-0.007,-0.008,-0.008,-0.008,-0.008,-0.007,-0.008,-0.008,-0.008,-0.008,-0.008,-0.007,-0.008,-0.008,-0.006,
0.0,-0.008,-0.016,-0.019,-0.007,-0.009,-0.019,-0.01,-0.018,-0.009,-0.009,-0.018,-0.008,-0.007,-0.009,-0.018,-0.009,-0.022,-0.01,-0.02,-0.007,-0.009,-0.016,-0.008,-0.009,-0.019,-0.009,-0.022,-0.008,-0.009,-0.018,-0.009,-0.008,-0.009,-0.019,-0.008,-0.019,-0.008,-0.007,0.001,-0.009,-0.007,0.003,0.002,-0.008,-0.008,-0.019,-0.008,-0.02,-0.008,-0.02,-0.007,-0.009,-0.02,-0.007,0.003,-0.009,-0.018,-0.007,0.003,0.003,-0.009,-0.019,-0.01,-0.02,-0.007,0.001,-0.009,-0.02,-0.009,-0.02,-0.009,-0.02,-0.009,-0.022,-0.007,0.002,-0.009,-0.019,-0.007,0.001,-0.009,-0.018,-0.008,-0.008,-0.019,-0.008,-0.008,0.002,0.003,-0.008,-0.02,-0.008,-0.009,-0.016,-0.02,-0.01,-0.018,-0.009,-0.008,
0.0,-0.001,-0.001,-0.001,-0.001,-0.002,-0.002,-0.003,-0.002,-0.003,-0.002,-0.003,-0.002,-0.003,-0.002,-0.003,-0.002,-0.003,-0.002,-0.003,-0.002,-0.003,-0.002,-0.003,-0.002,-0.003,-0.002,-0.003,-0.002,-0.003,-0.002,-0.003,-0.002,-0.003,-0.002,-0.003,-0.002,-0.003,-0.002,-0.003,-0.002,-0.003,-0.002,-0.003,-0.002,-0.003,-0.002,-0.003,-0.002,-0.003,-0.002,-0.003,-0.002,-0.003,-0.002,-0.003,-0.002,-0.003,-0.002,-0.003,-0.002,-0.003,-0.002,-0.003,-0.002,-0.003,-0.002,-0.003,-0.002,-0.003,-0.002,-0.003,-0.002,-0.003,-0.002,-0.003,-0.002,-0.003,-0.002,-0.003,-0.002,-0.003,-0.002,-0.003,-0.002,-0.003,-0.002,-0.003,-0.002,-0.003,-0.002,-0.003,-0.002,-0.003,-0.002,-0.003,-0.002,-0.003,-0.002,-0.012,
0.0,-0.004,-0.045,0.015,-0.009,-0.009,-0.011,-0.01,-0.009,-0.01,-0.01,-0.012,-0.01,-0.01,-0.01,-0.01,-0.01,-0.01,-0.01,-0.01,-0.01,-0.01,-0.01,-0.01,-0.01,-0.01,-0.01,-0.01,-0.01,-0.01,-0.01,-0.01,-0.011,-0.01,-0.011,-0.009,-0.01,-0.01,-0.01,-0.01,-0.01,-0.01,-0.01,-0.011,-0.01,-0.011,-0.015,-0.011,-0.011,-0.009,-0.013,-0.01,-0.01,-0.01,-0.009,-0.013,-0.01,-0.011,-0.009,-0.013,-0.01,-0.011,-0.01,-0.009,-0.011,-0.01,-0.01,-0.01,-0.01,-0.01,-0.01,-0.01,-0.01,-0.01,-0.009,-0.013,-0.016,-0.013,-0.016,-0.013,-0.016,-0.013,-0.016,-0.013,-0.016,-0.013,-0.016,-0.013,-0.016,-0.013,-0.016,-0.013,-0.016,-0.013,-0.016,-0.013,-0.016,-0.013,-0.013,-0.01,
0.0,-0.01,-0.007,-0.007,-0.009,-0.008,-0.008,-0.009,-0.008,-0.009,-0.008,-0.008,-0.009,-0.009,-0.008,-0.007,-0.008,-0.008,-0.009,-0.008,-0.008,-0.008,-0.009,-0.008,-0.008,-0.009,-0.009,-0.008,-0.009,-0.008,-0.007,-0.009,-0.008,-0.009,-0.008,-0.009,-0.008,-0.008,-0.008,-0.009,-0.009,-0.008,-0.008,-0.007,-0.008,-0.008,-0.008,-0.008,-0.008,-0.008,-0.008,-0.008,-0.008,-0.009,-0.008,-0.009,-0.008,-0.007,-0.008,-0.008,-0.008,-0.008,-0.009,-0.008,-0.009,-0.008,-0.008,-0.007,-0.009,-0.007,-0.009,-0.008,-0.008,-0.009,-0.008,-0.009,-0.008,-0.008,-0.008,-0.008,-0.009,-0.007,-0.009,-0.008,-0.009,-0.008,-0.009,-0.009,-0.008,-0.008,-0.008,-0.007,-0.009,-0.008,-0.008,-0.008,-0.009,-0.008,-0.008,-0.007,
0.0,-0.014,-0.013,-0.013,-0.012,-0.016,-0.01,-0.014,-0.01,-0.014,-0.011,-0.014,-0.012,-0.014,-0.011,-0.013,-0.012,-0.013,-0.011,-0.016,-0.011,-0.013,-0.011,-0.017,-0.011,-0.013,-0.011,-0.014,-0.011,-0.014,-0.01,-0.014,-0.011,-0.016,-0.01,-0.016,-0.01,-0.016,-0.01,-0.016,-0.01,-0.016,-0.01,-0.016,-0.01,-0.016,-0.01,-0.016,-0.01,-0.016,-0.01,-0.016,-0.01,-0.016,-0.01,-0.016,-0.01,-0.016,-0.01,-0.016,-0.01,-0.016,-0.01,-0.016,-0.01,-0.016,-0.01,-0.016,-0.01,-0.016,-0.01,-0.016,-0.01,-0.016,-0.01,-0.016,-0.01,-0.016,-0.01,-0.016,-0.01,-0.016,-0.01,-0.016,-0.01,-0.016,-0.01,-0.016,-0.01,-0.016,-0.01,-0.016,-0.01,-0.016,-0.01,-0.016,-0.01,-0.016,-0.01,-0.014,
0.0,-0.035,-0.048,-0.036,-0.034,-0.034,-0.036,-0.033,-0.032,-0.036,-0.033,-0.032,-0.033,-0.033,-0.036,-0.031,-0.033,-0.033,-0.036,-0.032,-0.036,-0.032,-0.033,-0.033,-0.033,-0.035,-0.032,-0.035,-0.035,-0.032,-0.035,-0.033,-0.035,-0.033,-0.033,-0.033,-0.033,-0.033,-0.033,-0.033,-0.033,-0.033,-0.033,-0.033,-0.033,-0.033,-0.033,-0.033,-0.033,-0.033,-0.033,-0.033,-0.033,-0.033,-0.033,-0.033,-0.033,-0.033,-0.033,-0.033,-0.033,-0.033,-0.033,-0.033,-0.033,-0.033,-0.033,-0.033,-0.033,-0.033,-0.033,-0.033,-0.033,-0.033,-0.033,-0.033,-0.033,-0.033,-0.033,-0.033,-0.033,-0.033,-0.033,-0.033,-0.033,-0.033,-0.033,-0.033,-0.033,-0.033,-0.033,-0.033,-0.033,-0.033,-0.033,-0.033,-0.033,-0.033,-0.033,-0.031,
0.0,-0.008,-0.01,-0.009,-0.013,-0.009,-0.014,-0.009,-0.012,-0.009,-0.013,-0.009,-0.012,-0.008,-0.013,-0.009,-0.013,-0.009,-0.013,-0.009,-0.014,-0.009,-0.013,-0.009,-0.013,-0.009,-0.014,-0.009,-0.013,-0.008,-0.013,-0.009,-0.012,-0.009,-0.014,-0.009,-0.013,-0.009,-0.014,-0.009,-0.014,-0.009,-0.012,-0.009,-0.014,-0.009,-0.012,-0.009,-0.013,-0.009,-0.014,-0.009,-0.013,-0.009,-0.014,-0.009,-0.012,-0.009,-0.013,-0.009,-0.012,-0.008,-0.013,-0.009,-0.013,-0.009,-0.013,-0.009,-0.014,-0.009,-0.012,-0.009,-0.014,-0.009,-0.013,-0.009,-0.014,-0.009,-0.014,-0.009,-0.012,-0.009,-0.012,-0.009,-0.013,-0.009,-0.013,-0.009,-0.014,-0.009,-0.013,-0.009,-0.012,-0.009,-0.013,-0.009,-0.014,-0.009,-0.013,-0.006,
0.0,-0.017,-0.053,0.124,-0.134,0.125,-0.148,-0.074,-0.078,0.123,-0.135,0.123,-0.149,-0.074,-0.077,0.123,-0.135,0.124,-0.149,-0.074,-0.078,0.123,-0.135,0.124,-0.148,-0.075,-0.078,0.123,-0.135,0.124,-0.149,-0.074,-0.077,0.123,-0.135,0.124,-0.149,-0.073,-0.078,0.123,-0.135,0.125,-0.149,-0.074,-0.078,0.123,-0.134,0.125,-0.148,-0.074,-0.078,0.123,-0.135,0.124,-0.149,-0.075,-0.078,0.124,-0.134,0.125,-0.149,-0.074,-0.078,0.123,-0.135,0.125,-0.148,-0.074,-0.078,0.123,-0.135,0.124,-0.148,-0.074,-0.078,0.124,-0.134,0.125,-0.149,-0.074,-0.078,0.123,-0.135,0.124,-0.149,-0.075,-0.078,0.123,-0.135,0.124,-0.149,-0.074,-0.078,0.123,-0.135,0.124,-0.149,-0.074,-0.078,0.108,
0.0,-0.011,-0.016,-0.024,-0.023,-0.021,-0.016,-0.013,-0.009,-0.011,-0.009,-0.009,-0.01,-0.008,-0.009,-0.011,-0.009,-0.009,-0.011,-0.008,-0.01,-0.009,-0.01,-0.009,-0.008,-0.01,-0.01,-0.008,-0.01,-0.009,-0.008,-0.009,-0.011,-0.008,-0.01,-0.009,-0.009,-0.01,-0.009,-0.009,-0.009,-0.009,-0.011,-0.008,-0.009,-0.009,-0.009,-0.009,-0.009,-0.009,-0.009,-0.009,-0.009,-0.009,-0.009,-0.009,-0.009,-0.009,-0.009,-0.009,-0.009,-0.009,-0.009,-0.009,-0.009,-0.009,-0.009,-0.009,-0.009,-0.009,-0.009,-0.009,-0.009,-0.009,-0.009,-0.009,-0.009,-0.009,-0.009,-0.009,-0.009,-0.009,-0.009,-0.009,-0.009,-0.009,-0.009,-0.009,-0.009,-0.009,-0.009,-0.009,-0.009,-0.009,-0.009,-0.009,-0.009,-0.009,-0.009,-0.009,
0.0,-0.005,-0.005,-0.006,-0.006,-0.005,-0.006,-0.006,-0.006,-0.006,-0.006,-0.006,-0.006,-0.006,-0.006,-0.006,-0.006,-0.006,-0.006,-0.006,-0.006,-0.006,-0.006,-0.006,-0.006,-0.006,-0.006,-0.006,-0.006,-0.006,-0.006,-0.006,-0.006,-0.006,-0.006,-0.006,-0.006,-0.006,-0.006,-0.006,-0.006,-0.006,-0.006,-0.006,-0.006,-0.006,-0.006,-0.006,-0.006,-0.006,-0.006,-0.006,-0.006,-0.006,-0.006,-0.006,-0.006,-0.006,-0.006,-0.006,-0.006,-0.006,-0.006,-0.006,-0.006,-0.006,-0.006,-0.006,-0.006,-0.006,-0.006,-0.006,-0.006,-0.006,-0.006,-0.006,-0.006,-0.006,-0.006,-0.006,-0.006,-0.006,-0.006,-0.006,-0.006,-0.006,-0.006,-0.006,-0.006,-0.006,-0.006,-0.006,-0.006,-0.006,-0.006,-0.006,-0.006,-0.006,-0.006,-0.006,
0.0,-0.066,-0.015,-0.052,-0.025,-0.059,-0.026,-0.065,-0.024,-0.058,-0.025,-0.067,-0.021,-0.058,-0.025,-0.065,-0.025,-0.059,-0.024,-0.065,-0.025,-0.057,-0.026,-0.066,-0.025,-0.058,-0.024,-0.066,-0.024,-0.056,-0.026,-0.067,-0.021,-0.058,-0.027,-0.065,-0.024,-0.056,-0.026,-0.067,-0.022,-0.057,-0.027,-0.066,-0.022,-0.059,-0.026,-0.066,-0.021,-0.058,-0.028,-0.064,-0.024,-0.059,-0.026,-0.065,-0.024,-0.058,-0.025,-0.067,-0.021,-0.058,-0.025,-0.065,-0.025,-0.059,-0.024,-0.065,-0.025,-0.057,-0.026,-0.066,-0.025,-0.058,-0.024,-0.066,-0.024,-0.056,-0.026,-0.067,-0.021,-0.058,-0.027,-0.065,-0.024,-0.056,-0.026,-0.067,-0.022,-0.057,-0.027,-0.066,-0.022,-0.059,-0.026,-0.066,-0.021,-0.058,-0.028,0.062,
0.0,-0.005,-0.002,-0.002,-0.002,-0.002,-0.002,-0.002,-0.002,-0.002,-0.002,-0.002,-0.003,-0.002,-0.003,-0.002,-0.002,-0.002,-0.002,-0.002,-0.002,-0.002,-0.003,-0.002,-0.002,-0.002,-0.002,-0.003,-0.002,-0.002,-0.002,-0.003,-0.002,-0.003,-0.002,-0.002,-0.002,-0.002,-0.002,-0.002,-0.002,-0.002,-0.002,-0.003,-0.002,-0.002,-0.002,-0.002,-0.002,-0.002,-0.002,-0.002,-0.003,-0.002,-0.003,-0.002,-0.002,-0.002,-0.002,-0.002,-0.002,-0.002,-0.002,-0.002,-0.002,-0.002,-0.002,-0.002,-0.002,-0.003,-0.002,-0.002,-0.002,-0.002,-0.002,-0.003,-0.002,-0.002,-0.002,-0.002,-0.002,-0.002,-0.002,-0.002,-0.002,-0.002,-0.002,-0.002,-0.002,-0.002,-0.003,-0.002,-0.003,-0.002,-0.003,-0.003,-0.002,-0.002,-0.002,-0.004,
0.0,-0.065,-0.039,-0.036,-0.044,-0.041,-0.037,-0.041,-0.037,-0.044,-0.037,-0.037,-0.044,-0.037,-0.041,-0.037,-0.041,-0.037,-0.041,-0.035,-0.044,-0.037,-0.044,-0.039,-0.039,-0.039,-0.039,-0.039,-0.039,-0.039,-0.039,-0.039,-0.039,-0.039,-0.039,-0.039,-0.039,-0.039,-0.039,-0.039,-0.039,-0.039,-0.039,-0.039,-0.039,-0.039,-0.039,-0.039,-0.039,-0.039,-0.039,-0.039,-0.039,-0.039,-0.039,-0.039,-0.039,-0.039,-0.039,-0.039,-0.039,-0.039,-0.039,-0.039,-0.039,-0.039,-0.039,-0.039,-0.039,-0.039,-0.039,-0.039,-0.039,-0.039,-0.039,-0.039,-0.039,-0.039,-0.039,-0.039,-0.039,-0.039,-0.039,-0.039,-0.039,-0.039,-0.039,-0.039,-0.039,-0.039,-0.039,-0.039,-0.039,-0.039,-0.039,-0.039,-0.039,-0.039,-0.039,-0.039,
0.0,-0.022,-0.009,-0.013,-0.011,-0.01,-0.014,-0.013,-0.011,-0.011,-0.013,-0.011,-0.014,-0.011,-0.008,-0.014,-0.01,-0.011,-0.011,-0.013,-0.013,-0.01,-0.011,-0.014,-0.01,-0.011,-0.015,-0.011,-0.011,-0.011,-0.011,-0.011,-0.01,-0.014,-0.011,-0.011,-0.01,-0.014,-0.011,-0.011,-0.011,-0.011,-0.008,-0.014,-0.014,-0.011,-0.011,-0.008,-0.011,-0.011,-0.015,-0.011,-0.008,-0.011,-0.011,-0.011,-0.013,-0.013,-0.01,-0.014,-0.014,-0.011,-0.01,-0.01,-0.014,-0.013,-0.014,-0.011,-0.008,-0.014,-0.013,-0.014,-0.011,-0.011,-0.011,-0.011,-0.011,-0.011,-0.011,-0.011,-0.011,-0.011,-0.011,-0.011,-0.01,-0.011,-0.01,-0.015,-0.011,-0.011,-0.01,-0.011,-0.014,-0.011,-0.01,-0.011,-0.013,-0.011,-0.013,-0.011,
0.0,0.033,0.035,-0.039,-0.023,-0.017,-0.008,-0.049,0.02,-0.04,0.026,-0.039,0.026,-0.039,0.026,-0.039,-0.015,-0.013,-0.006,-0.008,-0.006,-0.008,-0.006,-0.008,-0.006,-0.008,-0.006,-0.01,-0.006,-0.008,-0.006,-0.008,-0.005,-0.007,-0.005,-0.007,-0.005,-0.008,-0.006,-0.008,-0.006,-0.007,-0.006,-0.049,-0.022,-0.018,-0.007,-0.008,-0.005,-0.048,0.021,-0.039,0.026,-0.038,-0.015,-0.014,-0.007,-0.008,-0.006,-0.008,-0.005,-0.008,-0.006,-0.008,-0.005,-0.008,-0.006,-0.007,-0.005,-0.007,-0.006,-0.007,-0.006,-0.007,-0.006,-0.048,0.021,-0.039,0.026,-0.039,0.027,-0.039,-0.015,-0.054,0.016,-0.042,-0.016,-0.014,-0.007,-0.049,0.02,-0.04,0.024,-0.039,0.024,-0.039,-0.014,-0.013,-0.006,-0.008,
0.0,-0.009,-0.012,-0.01,-0.008,-0.016,-0.017,-0.016,-0.015,-0.017,-0.016,-0.016,-0.017,-0.016,-0.016,-0.016,-0.015,-0.017,-0.016,-0.016,-0.016,-0.016,-0.016,-0.016,-0.016,-0.015,-0.017,-0.017,-0.016,-0.016,-0.015,-0.016,-0.016,-0.015,-0.017,-0.016,-0.016,-0.016,-0.016,-0.016,-0.016,-0.016,-0.016,-0.015,-0.016,-0.016,-0.016,-0.016,-0.017,-0.017,-0.016,-0.015,-0.016,-0.016,-0.017,-0.017,-0.016,-0.016,-0.016,-0.015,-0.016,-0.016,-0.015,-0.017,-0.016,-0.016,-0.016,-0.016,-0.016,-0.016,-0.016,-0.016,-0.015,-0.016,-0.016,-0.016,-0.016,-0.017,-0.017,-0.016,-0.015,-0.016,-0.016,-0.017,-0.017,-0.016,-0.016,-0.016,-0.015,-0.016,-0.016,-0.015,-0.017,-0.016,-0.016,-0.016,-0.016,-0.016,-0.016,-0.012,
0.0,-0.001,-0.009,-0.011,-0.014,-0.016,-0.01,-0.012,-0.015,-0.009,-0.014,-0.014,-0.009,-0.011,-0.014,-0.009,-0.014,-0.015,-0.01,-0.011,-0.015,-0.01,-0.012,-0.014,-0.01,-0.012,-0.015,-0.009,-0.012,-0.015,-0.009,-0.012,-0.015,-0.01,-0.011,-0.016,-0.009,-0.012,-0.015,-0.01,-0.012,-0.014,-0.01,-0.012,-0.015,-0.01,-0.011,-0.015,-0.01,-0.012,-0.015,-0.01,-0.012,-0.015,-0.01,-0.012,-0.015,-0.01,-0.012,-0.015,-0.01,-0.012,-0.015,-0.01,-0.012,-0.015,-0.01,-0.012,-0.015,-0.01,-0.012,-0.015,-0.01,-0.012,-0.015,-0.01,-0.012,-0.015,-0.01,-0.012,-0.015,-0.01,-0.012,-0.015,-0.01,-0.012,-0.015,-0.01,-0.012,-0.015,-0.01,-0.012,-0.015,-0.01,-0.012,-0.015,-0.01,-0.012,-0.015,-0.01,
0.0,-0.1,0.04,-0.082,0.049,-0.059,0.039,-0.057,0.052,-0.06,-0.025,-0.062,-0.022,-0.062,-0.022,-0.062,-0.017,-0.06,-0.025,-0.064,0.014,-0.06,0.052,-0.057,0.051,-0.06,0.052,-0.06,0.001,-0.067,-0.022,-0.062,-0.025,-0.062,-0.022,-0.057,-0.019,-0.063,0.051,-0.057,-0.019,-0.06,-0.022,-0.06,-0.019,-0.06,0.01,-0.063,0.051,-0.057,-0.019,-0.064,-0.025,-0.057,-0.019,-0.06,0.01,-0.063,0.051,-0.057,-0.019,-0.06,-0.022,-0.062,-0.017,-0.06,-0.022,-0.059,-0.022,-0.06,-0.019,-0.066,0.048,-0.057,0.016,-0.063,0.048,-0.06,0.048,-0.06,0.049,-0.059,0.051,-0.059,0.052,-0.06,0.049,-0.057,0.053,-0.057,0.048,-0.06,0.014,-0.059,0.052,-0.057,0.052,-0.06,-0.021,-0.05,
0.0,-0.005,-0.017,-0.008,-0.011,-0.008,-0.013,-0.006,-0.013,-0.008,-0.011,-0.012,-0.011,-0.009,-0.011,-0.009,-0.012,-0.007,-0.01,-0.013,-0.008,-0.009,-0.01,-0.012,-0.01,-0.008,-0.012,-0.008,-0.01,-0.012,-0.008,-0.012,-0.01,-0.011,-0.01,-0.007,-0.011,-0.011,-0.011,-0.012,-0.008,-0.013,-0.01,-0.008,-0.01,-0.009,-0.013,-0.008,-0.011,-0.008,-0.012,-0.008,-0.011,-0.009,-0.011,-0.009,-0.012,-0.007,-0.013,-0.008,-0.011,-0.009,-0.012,-0.008,-0.01,-0.009,-0.011,-0.007,-0.01,-0.012,-0.01,-0.008,-0.011,-0.011,-0.01,-0.009,-0.011,-0.007,-0.011,-0.011,-0.01,-0.009,-0.011,-0.009,-0.011,-0.009,-0.011,-0.008,-0.01,-0.011,-0.01,-0.007,-0.011,-0.009,-0.012,-0.011,-0.011,-0.007,-0.013,-0.007,
0.0,-0.017,-0.012,-0.019,-0.022,-0.018,-0.016,-0.015,-0.012,-0.01,-0.007,-0.007,-0.009,-0.009,-0.007,-0.007,-0.009,-0.007,-0.009,-0.007,-0.009,-0.007,-0.009,-0.007,-0.007,-0.007,-0.007,-0.007,-0.007,-0.009,-0.007,-0.01,-0.007,-0.009,-0.009,-0.006,-0.009,-0.007,-0.009,-0.007,-0.01,-0.007,-0.009,-0.007,-0.01,-0.007,-0.007,-0.01,-0.007,-0.007,-0.01,-0.007,-0.007,-0.007,-0.009,-0.006,-0.007,-0.01,-0.007,-0.007,-0.009,-0.009,-0.007,-0.009,-0.007,-0.009,-0.007,-0.01,-0.007,-0.007,-0.006,-0.01,-0.007,-0.01,-0.007,-0.009,-0.009,-0.006,-0.007,-0.007,-0.01,-0.007,-0.007,-0.01,-0.007,-0.01,-0.007,-0.007,-0.006,-0.009,-0.007,-0.009,-0.009,-0.006,-0.009,-0.007,-0.007,-0.007,-0.009,-0.007,
0.0,-0.009,-0.007,-0.01,-0.01,-0.007,-0.008,-0.009,-0.007,-0.008,-0.01,-0.007,-0.008,-0.009,-0.01,-0.009,-0.01,-0.008,-0.01,-0.007,-0.009,-0.008,-0.009,-0.008,-0.012,-0.009,-0.007,-0.008,-0.007,-0.008,-0.009,-0.007,-0.008,-0.01,-0.008,-0.009,-0.008,-0.01,-0.008,-0.008,-0.012,-0.006,-0.012,-0.007,-0.007,-0.01,-0.007,-0.007,-0.01,-0.008,-0.008,-0.009,-0.01,-0.008,-0.008,-0.008,-0.009,-0.009,-0.008,-0.008,-0.008,-0.008,-0.01,-0.012,-0.007,-0.009,-0.009,-0.007,-0.007,-0.009,-0.009,-0.009,-0.007,-0.01,-0.009,-0.007,-0.01,-0.008,-0.008,-0.012,-0.006,-0.006,-0.009,-0.009,-0.009,-0.012,-0.007,-0.008,-0.008,-0.008,-0.01,-0.009,-0.008,-0.01,-0.008,-0.009,-0.006,-0.01,-0.008,-0.01,
0.0,-0.036,-0.011,-0.011,-0.01,-0.012,-0.008,-0.012,-0.008,-0.012,-0.008,-0.012,-0.008,-0.012,-0.008,-0.012,-0.008,-0.011,-0.009,-0.011,-0.009,-0.009,-0.01,-0.01,-0.01,-0.01,-0.012,-0.009,-0.011,-0.009,-0.009,-0.012,-0.01,-0.01,-0.009,-0.01,-0.011,-0.008,-0.01,-0.012,-0.008,-0.012,-0.01,-0.008,-0.011,-0.009,-0.011,-0.01,-0.009,-0.011,-0.009,-0.01,-0.01,-0.01,-0.01,-0.01,-0.009,-0.01,-0.011,-0.009,-0.012,-0.01,-0.009,-0.011,-0.009,-0.01,-0.01,-0.011,-0.008,-0.011,-0.011,-0.008,-0.012,-0.009,-0.011,-0.009,-0.01,-0.009,-0.012,-0.009,-0.009,-0.01,-0.01,-0.011,-0.01,-0.01,-0.009,-0.012,-0.009,-0.011,-0.009,-0.009,-0.01,-0.01,-0.011,-0.009,-0.009,-0.012,-0.008,-0.007,
0.0,-0.002,-0.01,-0.013,-0.009,-0.009,-0.01,-0.01,-0.01,-0.01,-0.01,-0.012,-0.01,-0.01,-0.011,-0.011,-0.01,-0.012,-0.01,-0.011,-0.01,-0.012,-0.01,-0.011,-0.01,-0.011,-0.012,-0.01,-0.011,-0.012,-0.01,-0.011,-0.01,-0.011,-0.01,-0.011,-0.01,-0.011,-0.011,-0.01,-0.01,-0.01,-0.01,-0.01,-0.01,-0.01,-0.01,-0.01,-0.01,-0.01,-0.011,-0.011,-0.011,-0.011,-0.01,-0.01,-0.01,-0.011,-0.011,-0.011,-0.011,-0.01,-0.01,-0.01,-0.011,-0.011,-0.011,-0.011,-0.01,-0.01,-0.01,-0.011,-0.011,-0.011,-0.011,-0.01,-0.01,-0.01,-0.011,-0.011,-0.011,-0.011,-0.01,-0.01,-0.01,-0.011,-0.011,-0.011,-0.011,-0.01,-0.01,-0.01,-0.011,-0.011,-0.011,-0.011,-0.01,-0.01,-0.01,-0.011,
0.0,-0.009,-0.029,-0.043,-0.055,-0.036,-0.054,-0.009,-0.052,-0.012,-0.052,-0.015,-0.056,-0.01,-0.052,-0.012,-0.057,-0.008,-0.054,-0.016,-0.048,-0.015,-0.052,-0.012,-0.056,-0.012,-0.056,-0.009,-0.051,-0.017,-0.048,-0.017,-0.05,-0.013,-0.051,-0.015,-0.056,-0.008,-0.052,-0.015,-0.052,-0.014,-0.051,-0.016,-0.048,-0.016,-0.054,-0.009,-0.054,-0.015,-0.048,-0.017,-0.052,-0.008,-0.056,-0.01,-0.054,-0.014,-0.052,-0.01,-0.054,-0.016,-0.048,-0.016,-0.054,-0.012,-0.051,-0.014,-0.052,-0.012,-0.056,-0.009,-0.051,-0.013,-0.057,-0.012,-0.051,-0.014,-0.051,-0.016,-0.048,-0.017,-0.048,-0.015,-0.051,-0.015,-0.052,-0.015,-0.053,-0.012,-0.05,-0.017,-0.049,-0.012,-0.057,-0.012,-0.05,-0.015,-0.051,-0.015,
0.0,-0.006,-0.006,-0.011,-0.006,-0.008,-0.006,-0.007,-0.006,-0.007,-0.006,-0.007,-0.007,-0.006,-0.007,-0.007,-0.007,-0.006,-0.008,-0.006,-0.008,-0.006,-0.007,-0.008,-0.005,-0.008,-0.006,-0.008,-0.006,-0.008,-0.008,-0.007,-0.007,-0.007,-0.007,-0.006,-0.007,-0.007,-0.007,-0.008,-0.006,-0.006,-0.007,-0.008,-0.007,-0.007,-0.006,-0.01,-0.007,-0.007,-0.006,-0.006,-0.007,-0.007,-0.007,-0.006,-0.007,-0.007,-0.006,-0.006,-0.007,-0.006,-0.006,-0.007,-0.006,-0.006,-0.006,-0.007,-0.005,-0.006,-0.007,-0.006,-0.007,-0.006,-0.006,-0.006,-0.007,-0.006,-0.007,-0.006,-0.006,-0.007,-0.005,-0.006,-0.006,-0.007,-0.006,-0.006,-0.006,-0.006,-0.006,-0.006,-0.007,-0.006,-0.007,-0.007,-0.006,-0.006,-0.006,-0.007,
0.0,-0.007,-0.008,-0.01,-0.008,-0.009,-0.01,-0.009,-0.01,-0.008,-0.008,-0.009,-0.009,-0.008,-0.009,-0.009,-0.009,-0.009,-0.009,-0.009,-0.008,-0.01,-0.008,-0.009,-0.01,-0.009,-0.009,-0.009,-0.009,-0.009,-0.007,-0.009,-0.008,-0.01,-0.009,-0.008,-0.01,-0.009,-0.008,-0.009,-0.009,-0.009,-0.009,-0.009,-0.01,-0.009,-0.008,-0.009,-0.01,-0.008,-0.008,-0.012,-0.009,-0.007,-0.01,-0.009,-0.008,-0.01,-0.009,-0.009,-0.009,-0.009,-0.009,-0.008,-0.01,-0.008,-0.009,-0.009,-0.01,-0.009,-0.008,-0.009,-0.009,-0.008,-0.008,-0.01,-0.009,-0.009,-0.01,-0.008,-0.009,-0.01,-0.008,-0.009,-0.008,-0.01,-0.009,-0.009,-0.008,-0.009,-0.009,-0.009,-0.009,-0.009,-0.01,-0.009,-0.01,-0.008,-0.01,-0.007,
0.036,-0.005,-0.006,-0.005,-0.006,-0.006,-0.006,-0.006,-0.006,-0.006,-0.006,-0.006,-0.006,-0.006,-0.006,-0.006,-0.006,-0.006,-0.005,-0.005,-0.006,-0.006,-0.006,-0.006,-0.006,-0.006,-0.006,-0.006,-0.006,-0.006,-0.006,-0.006,-0.006,-0.006,-0.006,-0.006,-0.006,-0.006,-0.006,-0.006,-0.006,-0.006,-0.006,-0.006,-0.006,-0.006,-0.006,-0.006,-0.006,-0.006,-0.006,-0.006,-0.006,-0.006,-0.006,-0.006,-0.006,-0.006,-0.006,-0.006,-0.006,-0.006,-0.006,-0.006,-0.006,-0.006,-0.006,-0.006,-0.006,-0.006,-0.006,-0.006,-0.006,-0.006,-0.006,-0.006,-0.006,-0.006,-0.006,-0.006,-0.006,-0.006,-0.006,-0.006,-0.006,-0.006,-0.006,-0.006,-0.006,-0.006,-0.006,-0.006,-0.006,-0.006,-0.006,-0.006,-0.006,-0.006,-0.006,0.036,
0.0,-0.012,-0.021,-0.007,-0.013,-0.01,-0.012,-0.012,-0.012,-0.012,-0.012,-0.012,-0.012,-0.012,-0.012,-0.012,-0.012,-0.012,-0.012,-0.012,-0.012,-0.012,-0.012,-0.012,-0.012,-0.012,-0.012,-0.012,-0.012,-0.012,-0.012,-0.012,-0.012,-0.012,-0.012,-0.012,-0.012,-0.012,-0.012,-0.012,-0.012,-0.012,-0.012,-0.012,-0.012,-0.012,-0.012,-0.012,-0.012,-0.012,-0.012,-0.012,-0.012,-0.012,-0.012,-0.012,-0.012,-0.012,-0.012,-0.012,-0.012,-0.012,-0.012,-0.012,-0.012,-0.012,-0.012,-0.012,-0.012,-0.012,-0.012,-0.012,-0.012,-0.012,-0.012,-0.012,-0.012,-0.012,-0.012,-0.012,-0.012,-0.012,-0.012,-0.012,-0.012,-0.012,-0.012,-0.012,-0.012,-0.012,-0.012,-0.012,-0.012,-0.012,-0.012,-0.012,-0.012,-0.012,-0.012,-0.008,
0.0,-0.012,-0.008,-0.009,-0.007,-0.011,-0.008,-0.009,-0.007,-0.009,-0.008,-0.011,-0.008,-0.008,-0.009,-0.009,-0.008,-0.009,-0.008,-0.008,-0.009,-0.009,-0.009,-0.007,-0.009,-0.009,-0.007,-0.012,-0.007,-0.011,-0.008,-0.009,-0.007,-0.008,-0.009,-0.011,-0.008,-0.008,-0.011,-0.007,-0.011,-0.007,-0.009,-0.009,-0.009,-0.008,-0.008,-0.008,-0.011,-0.007,-0.011,-0.008,-0.008,-0.009,-0.007,-0.009,-0.008,-0.009,-0.008,-0.011,-0.007,-0.011,-0.007,-0.009,-0.008,-0.011,-0.009,-0.007,-0.011,-0.008,-0.009,-0.007,-0.009,-0.008,-0.009,-0.008,-0.011,-0.007,-0.011,-0.008,-0.009,-0.009,-0.007,-0.008,-0.009,-0.008,-0.009,-0.011,-0.007,-0.011,-0.008,-0.009,-0.009,-0.007,-0.009,-0.008,-0.009,-0.008,-0.011,-0.007,
0.0,-0.013,-0.016,-0.022,-0.028,-0.035,-0.041,-0.05,-0.043,-0.04,-0.035,-0.03,-0.024,-0.019,-0.014,-0.009,-0.012,-0.009,-0.012,-0.009,-0.012,-0.009,-0.012,-0.01,-0.01,-0.009,-0.01,-0.01,-0.01,-0.01,-0.012,-0.01,-0.01,-0.01,-0.01,-0.009,-0.01,-0.01,-0.01,-0.01,-0.012,-0.01,-0.01,-0.01,-0.01,-0.009,-0.01,-0.01,-0.01,-0.01,-0.012,-0.01,-0.01,-0.01,-0.01,-0.009,-0.01,-0.01,-0.01,-0.01,-0.012,-0.01,-0.01,-0.01,-0.01,-0.009,-0.01,-0.01,-0.01,-0.01,-0.012,-0.01,-0.01,-0.01,-0.01,-0.009,-0.01,-0.01,-0.01,-0.01,-0.012,-0.01,-0.01,-0.01,-0.01,-0.009,-0.01,-0.01,-0.01,-0.01,-0.012,-0.01,-0.01,-0.01,-0.01,-0.009,-0.01,-0.01,-0.01,-0.007,
0.0,-0.013,-0.005,-0.01,-0.01,-0.01,-0.01,-0.01,-0.01,-0.009,-0.01,-0.01,-0.01,-0.01,-0.01,-0.01,-0.01,-0.008,-0.01,-0.011,-0.009,-0.009,-0.01,-0.01,-0.01,-0.01,-0.01,-0.009,-0.01,-0.01,-0.009,-0.01,-0.01,-0.009,-0.01,-0.01,-0.009,-0.01,-0.009,-0.011,-0.009,-0.009,-0.011,-0.01,-0.008,-0.011,-0.01,-0.009,-0.01,-0.01,-0.009,-0.01,-0.009,-0.009,-0.01,-0.01,-0.009,-0.01,-0.01,-0.009,-0.011,-0.009,-0.01,-0.009,-0.011,-0.01,-0.01,-0.01,-0.008,-0.01,-0.01,-0.008,-0.011,-0.009,-0.01,-0.01,-0.009,-0.01,-0.009,-0.01,-0.01,-0.01,-0.01,-0.01,-0.01,-0.009,-0.009,-0.01,-0.01,-0.009,-0.009,-0.01,-0.01,-0.01,-0.009,-0.01,-0.009,-0.01,-0.009,-0.011,
0.0,-0.013,-0.011,-0.012,-0.013,-0.019,-0.021,-0.023,-0.024,-0.025,-0.029,-0.026,-0.028,-0.028,-0.028,-0.025,-0.03,-0.028,-0.027,-0.028,-0.029,-0.027,-0.026,-0.029,-0.028,-0.029,-0.028,-0.028,-0.028,-0.027,-0.029,-0.026,-0.028,-0.029,-0.027,-0.028,-0.028,-0.028,-0.028,-0.029,-0.027,-0.026,-0.03,-0.026,-0.029,-0.027,-0.028,-0.028,-0.029,-0.025,-0.029,-0.029,-0.025,-0.029,-0.028,-0.027,-0.029,-0.028,-0.027,-0.028,-0.027,-0.029,-0.027,-0.026,-0.028,-0.028,-0.028,-0.028,-0.028,-0.028,-0.028,-0.028,-0.027,-0.028,-0.027,-0.029,-0.027,-0.028,-0.028,-0.028,-0.028,-0.028,-0.028,-0.027,-0.028,-0.028,-0.027,-0.029,-0.027,-0.026,-0.029,-0.027,-0.029,-0.027,-0.029,-0.026,-0.029,-0.029,-0.027,-0.019,
0.0,-0.006,-0.016,-0.024,-0.032,-0.008,-0.012,-0.006,-0.012,-0.008,-0.011,-0.007,-0.012,-0.008,-0.01,-0.007,-0.013,-0.009,-0.007,-0.011,-0.007,-0.011,-0.011,-0.008,-0.011,-0.008,-0.011,-0.009,-0.01,-0.009,-0.01,-0.009,-0.01,-0.009,-0.01,-0.009,-0.01,-0.009,-0.01,-0.009,-0.01,-0.009,-0.01,-0.009,-0.01,-0.009,-0.01,-0.009,-0.01,-0.009,-0.01,-0.009,-0.01,-0.009,-0.01,-0.009,-0.01,-0.009,-0.01,-0.009,-0.01,-0.009,-0.01,-0.009,-0.01,-0.009,-0.01,-0.009,-0.01,-0.009,-0.01,-0.009,-0.01,-0.009,-0.01,-0.009,-0.01,-0.009,-0.01,-0.009,-0.01,-0.009,-0.01,-0.009,-0.01,-0.009,-0.01,-0.009,-0.01,-0.009,-0.01,-0.009,-0.01,-0.009,-0.01,-0.009,-0.01,-0.009,-0.01,-0.008,
0.0,-0.007,-0.009,-0.01,-0.012,-0.011,-0.011,-0.01,-0.01,-0.011,-0.011,-0.011,-0.011,-0.01,-0.011,-0.01,-0.011,-0.01,-0.012,-0.009,-0.011,-0.011,-0.011,-0.011,-0.009,-0.011,-0.011,-0.011,-0.011,-0.011,-0.01,-0.011,-0.01,-0.012,-0.01,-0.011,-0.01,-0.011,-0.011,-0.01,-0.011,-0.01,-0.011,-0.011,-0.011,-0.01,-0.011,-0.011,-0.011,-0.011,-0.011,-0.011,-0.011,-0.011,-0.01,-0.011,-0.011,-0.01,-0.011,-0.011,-0.01,-0.011,-0.01,-0.011,-0.01,-0.011,-0.011,-0.01,-0.011,-0.01,-0.011,-0.011,-0.01,-0.011,-0.01,-0.011,-0.011,-0.011,-0.01,-0.011,-0.011,-0.011,-0.011,-0.011,-0.011,-0.011,-0.011,-0.01,-0.011,-0.011,-0.01,-0.011,-0.011,-0.01,-0.011,-0.01,-0.011,-0.01,-0.011,-0.01,
0.0,-0.005,-0.009,-0.015,-0.009,-0.008,-0.009,-0.009,-0.01,-0.009,-0.008,-0.01,-0.009,-0.009,-0.008,-0.01,-0.009,-0.009,-0.009,-0.009,-0.009,-0.009,-0.008,-0.01,-0.009,-0.009,-0.008,-0.009,-0.009,-0.01,-0.009,-0.009,-0.009,-0.009,-0.009,-0.008,-0.009,-0.009,-0.008,-0.009,-0.008,-0.009,-0.008,-0.01,-0.009,-0.009,-0.009,-0.009,-0.009,-0.009,-0.008,-0.009,-0.009,-0.009,-0.008,-0.01,-0.009,-0.009,-0.008,-0.009,-0.009,-0.01,-0.009,-0.009,-0.009,-0.009,-0.009,-0.008,-0.009,-0.009,-0.008,-0.009,-0.008,-0.009,-0.008,-0.01,-0.009,-0.009,-0.009,-0.009,-0.009,-0.009,-0.008,-0.009,-0.009,-0.009,-0.008,-0.01,-0.009,-0.009,-0.008,-0.009,-0.009,-0.01,-0.009,-0.009,-0.009,-0.009,-0.009,-0.005,
0.0,-0.008,0.0,-0.008,0.013,-0.014,-0.008,-0.013,-0.015,-0.008,-0.015,-0.01,-0.008,-0.008,-0.008,-0.015,-0.012,-0.011,-0.012,-0.011,-0.013,-0.01,-0.014,-0.01,-0.013,-0.01,-0.013,-0.011,-0.013,-0.01,-0.013,-0.008,-0.015,-0.008,-0.011,-0.014,-0.013,-0.01,-0.008,-0.015,-0.008,-0.012,-0.01,-0.014,-0.008,-0.015,-0.01,-0.013,-0.01,-0.013,-0.01,-0.014,-0.008,-0.01,-0.014,-0.008,-0.011,-0.013,-0.01,-0.012,-0.011,-0.014,-0.007,-0.011,-0.014,-0.008,-0.014,-0.008,-0.008,-0.007,-0.015,-0.008,-0.01,-0.015,-0.008,-0.008,-0.014,-0.008,-0.01,-0.015,-0.007,-0.011,-0.014,-0.008,-0.008,-0.008,-0.015,-0.008,-0.013,-0.011,-0.012,-0.017,-0.008,-0.015,-0.008,-0.008,-0.014,-0.01,-0.008,-0.012,
0.0,-0.008,-0.02,-0.011,-0.012,-0.01,-0.01,-0.009,-0.01,-0.012,-0.01,-0.01,-0.01,-0.012,-0.01,-0.01,-0.009,-0.01,-0.012,-0.01,-0.01,-0.01,-0.012,-0.01,-0.01,-0.009,-0.01,-0.012,-0.01,-0.01,-0.01,-0.012,-0.01,-0.01,-0.009,-0.01,-0.012,-0.01,-0.01,-0.01,-0.012,-0.01,-0.01,-0.009,-0.01,-0.012,-0.01,-0.01,-0.01,-0.012,-0.01,-0.01,-0.009,-0.01,-0.012,-0.01,-0.01,-0.01,-0.012,-0.01,-0.01,-0.009,-0.01,-0.012,-0.01,-0.01,-0.01,-0.012,-0.01,-0.01,-0.009,-0.01,-0.012,-0.01,-0.01,-0.01,-0.012,-0.01,-0.01,-0.009,-0.01,-0.012,-0.01,-0.01,-0.01,-0.012,-0.01,-0.01,-0.009,-0.01,-0.012,-0.01,-0.01,-0.01,-0.012,-0.01,-0.01,-0.009,-0.01,-0.009,
0.0,-0.009,-0.021,-0.091,-0.085,-0.082,-0.076,-0.073,-0.007,-0.074,-0.009,-0.075,-0.007,-0.076,-0.008,-0.076,-0.073,-0.008,-0.009,-0.078,-0.073,-0.007,-0.01,-0.078,-0.073,-0.008,-0.075,-0.007,-0.075,-0.009,-0.076,-0.073,-0.008,-0.075,-0.008,-0.075,-0.073,-0.011,-0.08,-0.013,-0.084,-0.02,-0.088,-0.086,-0.021,-0.088,-0.02,-0.088,-0.021,-0.088,-0.021,-0.089,-0.086,-0.022,-0.088,-0.021,-0.089,-0.087,-0.021,-0.088,-0.021,-0.089,-0.087,-0.021,-0.088,-0.02,-0.089,-0.087,-0.021,-0.087,-0.021,-0.089,-0.086,-0.021,-0.087,-0.021,-0.089,-0.086,-0.021,-0.087,-0.021,-0.087,-0.021,-0.088,-0.02,-0.089,-0.086,-0.021,-0.087,-0.021,-0.087,-0.021,-0.089,-0.087,-0.021,-0.087,-0.021,-0.089,-0.086,-0.019,
0.0,-0.007,-0.011,-0.02,-0.033,-0.026,-0.011,-0.018,-0.025,-0.008,-0.015,-0.019,-0.024,-0.008,-0.016,-0.019,-0.024,-0.008,-0.016,-0.019,-0.024,-0.009,-0.016,-0.019,-0.024,-0.008,-0.016,-0.02,-0.024,-0.009,-0.016,-0.019,-0.024,-0.009,-0.016,-0.019,-0.024,-0.008,-0.015,-0.019,-0.023,-0.008,-0.015,-0.018,-0.024,-0.006,-0.016,-0.019,-0.024,-0.006,-0.016,-0.02,-0.025,-0.008,-0.016,-0.02,-0.024,-0.008,-0.016,-0.02,-0.025,-0.008,-0.017,-0.02,-0.025,-0.009,-0.014,-0.018,-0.023,-0.023,-0.009,-0.016,-0.019,-0.024,-0.008,-0.016,-0.02,-0.024,-0.009,-0.016,-0.019,-0.024,-0.008,-0.016,-0.02,-0.024,-0.009,-0.016,-0.02,-0.024,-0.009,-0.015,-0.018,-0.023,-0.006,-0.016,-0.019,-0.024,-0.008,-0.013,
0.0,-0.017,-0.009,-0.012,-0.006,-0.003,-0.003,-0.003,-0.003,-0.003,-0.003,-0.003,-0.003,-0.003,-0.003,-0.003,-0.003,-0.003,-0.003,-0.003,-0.003,-0.003,-0.003,-0.003,-0.003,-0.003,-0.003,-0.003,-0.003,-0.003,-0.003,-0.003,-0.003,-0.003,-0.003,-0.003,-0.003,-0.003,-0.003,-0.003,-0.003,-0.003,-0.003,-0.003,-0.003,-0.003,-0.003,-0.003,-0.003,-0.003,-0.003,-0.003,-0.003,-0.003,-0.003,-0.003,-0.003,-0.003,-0.003,-0.003,-0.003,-0.003,-0.003,-0.003,-0.003,-0.003,-0.003,-0.003,-0.003,-0.003,-0.003,-0.003,-0.003,-0.003,-0.003,-0.003,-0.003,-0.003,-0.003,-0.003,-0.003,-0.003,-0.003,-0.003,-0.003,-0.003,-0.003,-0.003,-0.003,-0.003,-0.003,-0.003,-0.003,-0.003,-0.003,-0.003,-0.003,-0.003,-0.003,-0.003,
0.0,-0.044,-0.085,-0.076,-0.044,-0.071,-0.046,-0.071,-0.045,-0.071,-0.015,-0.083,-0.058,-0.07,-0.046,-0.07,-0.058,-0.081,-0.044,-0.083,-0.044,-0.084,-0.009,-0.084,-0.009,-0.071,-0.037,-0.07,-0.057,-0.071,-0.059,-0.071,-0.059,-0.082,-0.045,-0.071,-0.046,-0.071,-0.046,-0.071,-0.046,-0.071,-0.046,-0.07,-0.059,-0.069,-0.046,-0.071,-0.045,-0.071,-0.046,-0.07,-0.046,-0.072,-0.058,-0.061,-0.045,-0.084,-0.056,-0.07,-0.046,-0.072,-0.045,-0.071,-0.058,-0.07,-0.045,-0.071,-0.046,-0.071,-0.046,-0.071,-0.046,-0.083,-0.058,-0.071,-0.057,-0.083,-0.057,-0.036,-0.045,-0.039,-0.046,-0.083,-0.044,-0.071,-0.059,-0.071,-0.057,-0.083,-0.046,-0.082,-0.045,-0.084,-0.01,-0.07,-0.044,-0.084,-0.009,-0.071,
0.0,-0.004,-0.006,-0.008,-0.005,-0.007,-0.011,0.01,-0.021,0.005,-0.004,-0.007,-0.009,0.01,-0.021,0.005,-0.004,-0.007,-0.009,0.01,-0.022,0.005,-0.004,-0.007,-0.009,0.01,-0.021,0.005,-0.005,-0.008,-0.009,0.01,-0.021,0.005,-0.022,0.003,-0.004,-0.007,-0.009,0.01,-0.021,0.005,-0.004,-0.007,-0.009,0.01,-0.021,0.005,-0.004,-0.007,-0.009,0.01,-0.021,0.005,-0.004,-0.007,-0.009,0.01,-0.021,0.005,-0.004,-0.007,-0.009,0.01,-0.021,0.006,-0.004,-0.008,-0.009,0.01,-0.021,0.005,-0.004,-0.007,-0.009,0.01,-0.021,0.005,-0.004,-0.008,-0.009,0.01,-0.021,0.005,-0.005,-0.008,-0.009,0.01,-0.021,0.005,-0.023,0.003,-0.004,-0.008,-0.009,0.009,-0.022,0.005,-0.005,-0.008,
0.0,-0.048,-0.113,-0.12,-0.106,-0.098,-0.102,-0.107,-0.105,-0.095,-0.101,-0.102,-0.108,-0.109,-0.108,-0.092,-0.091,-0.095,-0.097,-0.101,-0.106,-0.096,-0.097,-0.097,-0.105,-0.107,-0.103,-0.089,-0.093,-0.092,-0.098,-0.104,-0.105,-0.095,-0.101,-0.102,-0.108,-0.109,-0.108,-0.092,-0.096,-0.095,-0.096,-0.103,-0.107,-0.094,-0.098,-0.102,-0.109,-0.109,-0.109,-0.092,-0.096,-0.097,-0.101,-0.106,-0.109,-0.098,-0.101,-0.102,-0.104,-0.107,-0.104,-0.089,-0.096,-0.098,-0.097,-0.104,-0.104,-0.096,-0.096,-0.1,-0.103,-0.107,-0.104,-0.087,-0.092,-0.095,-0.097,-0.101,-0.106,-0.095,-0.101,-0.098,-0.105,-0.109,-0.104,-0.09,-0.091,-0.094,-0.101,-0.106,-0.11,-0.098,-0.101,-0.102,-0.108,-0.109,-0.108,-0.079,
0.0,-0.005,-0.018,-0.066,-0.069,-0.063,-0.073,-0.063,-0.072,-0.065,-0.071,-0.065,-0.072,-0.064,-0.072,-0.064,-0.072,-0.064,-0.073,-0.064,-0.072,-0.065,-0.069,-0.063,-0.072,-0.065,-0.072,-0.063,-0.072,-0.064,-0.073,-0.063,-0.073,-0.064,-0.073,-0.063,-0.072,-0.064,-0.072,-0.064,-0.072,-0.064,-0.072,-0.065,-0.072,-0.065,-0.072,-0.064,-0.071,-0.065,-0.069,-0.065,-0.073,-0.063,-0.073,-0.063,-0.073,-0.064,-0.072,-0.065,-0.072,-0.065,-0.072,-0.059,-0.074,-0.063,-0.073,-0.064,-0.073,-0.059,-0.074,-0.064,-0.071,-0.063,-0.072,-0.064,-0.069,-0.065,-0.072,-0.064,-0.072,-0.063,-0.073,-0.064,-0.068,-0.065,-0.069,-0.065,-0.072,-0.065,-0.071,-0.064,-0.073,-0.064,-0.072,-0.064,-0.072,-0.064,-0.072,-0.064,
0.0,-0.028,-0.072,-0.066,-0.092,-0.076,-0.085,-0.084,-0.083,-0.083,-0.083,-0.083,-0.083,-0.083,-0.083,-0.083,-0.083,-0.083,-0.083,-0.083,-0.083,-0.083,-0.083,-0.083,-0.083,-0.083,-0.083,-0.083,-0.076,-0.083,-0.083,-0.083,-0.083,-0.082,-0.084,-0.083,-0.083,-0.083,-0.083,-0.083,-0.083,-0.083,-0.083,-0.083,-0.083,-0.083,-0.083,-0.083,-0.083,-0.082,-0.084,-0.083,-0.083,-0.082,-0.083,-0.078,-0.083,-0.076,-0.084,-0.076,-0.083,-0.083,-0.083,-0.083,-0.083,-0.084,-0.076,-0.083,-0.083,-0.083,-0.083,-0.083,-0.083,-0.083,-0.083,-0.083,-0.083,-0.083,-0.083,-0.083,-0.083,-0.083,-0.083,-0.083,-0.083,-0.083,-0.083,-0.083,-0.083,-0.083,-0.083,-0.083,-0.083,-0.083,-0.083,-0.083,-0.083,-0.083,-0.083,-0.083,
0.0,-0.099,-0.125,-0.131,-0.127,-0.132,-0.105,-0.13,-0.101,-0.12,-0.102,-0.126,-0.108,-0.122,-0.081,-0.107,-0.105,-0.125,-0.108,-0.125,-0.106,-0.124,-0.101,-0.117,-0.107,-0.133,-0.116,-0.12,-0.105,-0.122,-0.105,-0.13,-0.114,-0.139,-0.123,-0.124,-0.107,-0.124,-0.108,-0.123,-0.068,-0.102,-0.051,-0.061,-0.031,-0.081,-0.053,-0.08,-0.095,-0.12,-0.106,-0.132,-0.103,-0.127,-0.11,-0.122,-0.079,-0.069,-0.025,-0.101,-0.053,-0.046,-0.094,-0.098,-0.067,-0.127,-0.106,-0.111,-0.094,-0.119,-0.102,-0.125,-0.109,-0.136,-0.12,-0.145,-0.104,-0.129,-0.099,-0.125,-0.109,-0.134,-0.104,-0.092,-0.107,-0.126,-0.107,-0.125,-0.109,-0.126,-0.11,-0.136,-0.12,-0.145,-0.129,-0.124,-0.108,-0.12,-0.103,-0.004,
0.0,-0.055,0.035,-0.089,-0.026,-0.066,-0.043,-0.065,-0.043,-0.065,-0.028,-0.065,-0.043,-0.052,-0.032,-0.066,-0.03,-0.065,-0.043,-0.065,-0.032,-0.065,-0.043,-0.052,-0.043,-0.065,-0.03,-0.066,-0.043,-0.052,-0.043,-0.065,-0.043,-0.054,-0.043,-0.029,-0.044,-0.028,-0.032,-0.066,-0.03,-0.054,-0.044,-0.052,-0.043,-0.054,-0.044,-0.044,-0.033,-0.066,-0.043,-0.053,-0.043,-0.065,-0.043,-0.05,-0.032,-0.054,-0.043,-0.052,-0.032,-0.066,-0.028,-0.054,-0.044,-0.052,-0.032,-0.054,-0.044,-0.05,-0.032,-0.066,-0.028,-0.065,-0.043,-0.052,-0.043,-0.05,-0.043,-0.065,-0.032,-0.053,-0.043,-0.065,-0.043,-0.065,-0.043,-0.029,-0.044,-0.05,-0.032,-0.066,-0.03,-0.065,-0.043,-0.029,-0.032,-0.066,-0.022,-0.066,
0.0,-0.014,-0.057,-0.066,-0.044,-0.073,-0.053,-0.074,-0.053,-0.074,-0.053,-0.074,-0.052,-0.074,-0.053,-0.075,-0.053,-0.073,-0.054,-0.074,-0.053,-0.074,-0.053,-0.074,-0.053,-0.074,-0.053,-0.073,-0.054,-0.074,-0.053,-0.073,-0.053,-0.073,-0.053,-0.073,-0.053,-0.074,-0.052,-0.074,-0.053,-0.073,-0.053,-0.074,-0.053,-0.074,-0.053,-0.074,-0.053,-0.075,-0.053,-0.073,-0.054,-0.073,-0.053,-0.073,-0.053,-0.074,-0.053,-0.074,-0.053,-0.074,-0.052,-0.074,-0.053,-0.074,-0.053,-0.074,-0.053,-0.074,-0.053,-0.074,-0.053,-0.074,-0.053,-0.073,-0.054,-0.074,-0.052,-0.074,-0.053,-0.074,-0.053,-0.074,-0.053,-0.074,-0.053,-0.074,-0.054,-0.074,-0.052,-0.074,-0.012,-0.063,-0.052,-0.074,-0.053,-0.073,-0.053,-0.074,
0.0,-0.029,-0.049,-0.085,-0.115,-0.097,-0.088,-0.107,-0.08,-0.099,-0.075,-0.092,-0.069,-0.086,-0.062,-0.08,-0.056,-0.076,-0.055,-0.076,-0.055,-0.077,-0.055,-0.075,-0.054,-0.075,-0.054,-0.075,-0.055,-0.076,-0.054,-0.076,-0.055,-0.076,-0.055,-0.076,-0.055,-0.077,-0.054,-0.075,-0.055,-0.076,-0.054,-0.076,-0.055,-0.075,-0.054,-0.076,-0.055,-0.076,-0.054,-0.076,-0.054,-0.075,-0.055,-0.076,-0.055,-0.075,-0.055,-0.076,-0.054,-0.075,-0.055,-0.075,-0.054,-0.075,-0.054,-0.075,-0.054,-0.076,-0.055,-0.076,-0.055,-0.076,-0.055,-0.075,-0.054,-0.076,-0.055,-0.076,-0.055,-0.075,-0.055,-0.076,-0.055,-0.076,-0.055,-0.077,-0.055,-0.075,-0.054,-0.076,-0.055,-0.075,-0.054,-0.075,-0.055,-0.076,-0.055,-0.065,
0.0,-0.1,-0.087,-0.063,-0.143,-0.149,-0.147,-0.156,-0.134,-0.131,-0.162,-0.137,-0.159,-0.128,-0.128,-0.148,-0.135,-0.132,-0.158,-0.137,-0.162,-0.123,-0.13,-0.143,-0.136,-0.136,-0.162,-0.134,-0.162,-0.122,-0.119,-0.149,-0.136,-0.134,-0.16,-0.137,-0.163,-0.125,-0.129,-0.152,-0.132,-0.137,-0.157,-0.132,-0.157,-0.124,-0.127,-0.154,-0.136,-0.134,-0.157,-0.134,-0.163,-0.125,-0.127,-0.154,-0.132,-0.128,-0.16,-0.134,-0.162,-0.124,-0.127,-0.148,-0.136,-0.138,-0.159,-0.137,-0.158,-0.128,-0.129,-0.155,-0.134,-0.138,-0.157,-0.133,-0.158,-0.127,-0.125,-0.152,-0.131,-0.133,-0.152,-0.136,-0.157,-0.124,-0.119,-0.152,-0.136,-0.138,-0.158,-0.137,-0.162,-0.123,-0.124,-0.149,-0.131,-0.133,-0.157,-0.125,
0.0,-0.018,-0.017,-0.031,-0.028,-0.036,-0.035,-0.034,-0.027,-0.027,-0.028,-0.035,-0.035,-0.034,-0.028,-0.027,-0.028,-0.035,-0.036,-0.034,-0.027,-0.027,-0.029,-0.035,-0.036,-0.035,-0.026,-0.028,-0.027,-0.036,-0.034,-0.035,-0.026,-0.028,-0.028,-0.035,-0.035,-0.034,-0.027,-0.027,-0.028,-0.035,-0.035,-0.034,-0.027,-0.027,-0.028,-0.035,-0.035,-0.034,-0.027,-0.027,-0.028,-0.035,-0.035,-0.034,-0.027,-0.027,-0.028,-0.035,-0.035,-0.034,-0.027,-0.027,-0.028,-0.035,-0.035,-0.034,-0.027,-0.027,-0.028,-0.035,-0.035,-0.034,-0.027,-0.027,-0.028,-0.035,-0.035,-0.034,-0.027,-0.027,-0.028,-0.035,-0.035,-0.034,-0.027,-0.027,-0.028,-0.035,-0.035,-0.034,-0.027,-0.027,-0.028,-0.035,-0.035,-0.034,-0.027,-0.027,
0.0,-0.008,-0.022,0.024,-0.024,-0.036,-0.042,-0.038,-0.043,0.019,-0.024,-0.036,-0.042,0.02,-0.022,-0.035,0.018,-0.019,-0.038,0.02,-0.022,-0.035,0.017,-0.019,-0.038,0.02,-0.024,-0.036,-0.042,-0.039,-0.043,0.019,-0.024,-0.035,-0.041,-0.039,-0.042,0.019,-0.024,-0.035,0.017,-0.02,-0.037,0.02,-0.022,-0.035,0.017,-0.019,-0.038,-0.037,-0.043,0.019,-0.024,-0.035,0.017,-0.02,-0.038,0.02,-0.022,-0.035,0.017,-0.02,-0.039,-0.038,-0.042,-0.039,0.016,-0.019,-0.039,-0.038,0.016,-0.02,-0.039,-0.038,0.016,-0.02,-0.038,0.02,-0.022,-0.036,-0.042,-0.038,0.016,-0.019,-0.038,-0.037,-0.043,-0.038,0.016,-0.019,-0.038,0.022,-0.022,-0.036,-0.042,-0.039,0.016,-0.02,-0.039,-0.037,
0.0,-0.003,-0.01,-0.013,-0.024,0.036,0.012,0.002,-0.01,-0.05,-0.03,-0.027,-0.011,-0.08,0.025,-0.059,-0.031,-0.026,-0.009,-0.08,0.024,-0.06,-0.031,-0.027,-0.009,-0.08,0.025,-0.06,-0.03,-0.027,-0.011,-0.079,0.024,-0.06,-0.03,-0.027,-0.009,-0.079,0.024,-0.06,-0.03,-0.027,-0.011,-0.08,0.025,-0.06,-0.03,-0.027,-0.011,-0.08,0.025,-0.06,-0.031,-0.027,-0.011,-0.08,0.024,-0.06,-0.031,-0.026,-0.011,-0.079,0.024,-0.06,-0.03,-0.027,-0.009,-0.079,0.024,-0.06,-0.031,-0.027,-0.011,-0.08,0.024,-0.059,-0.031,-0.027,-0.011,-0.08,0.024,-0.06,-0.031,-0.027,-0.009,-0.079,0.024,-0.06,-0.031,-0.027,-0.011,-0.08,0.025,-0.059,-0.031,-0.027,-0.011,-0.079,0.024,-0.059,
0.0,-0.057,-0.08,-0.071,-0.099,-0.071,-0.102,-0.071,-0.102,-0.071,-0.101,-0.071,-0.101,-0.072,-0.102,-0.071,-0.102,-0.07,-0.102,-0.071,-0.102,-0.071,-0.102,-0.071,-0.102,-0.071,-0.102,-0.071,-0.102,-0.071,-0.102,-0.071,-0.102,-0.071,-0.102,-0.071,-0.102,-0.071,-0.102,-0.071,-0.102,-0.071,-0.102,-0.071,-0.102,-0.071,-0.102,-0.071,-0.102,-0.071,-0.102,-0.071,-0.102,-0.071,-0.102,-0.071,-0.102,-0.071,-0.102,-0.071,-0.102,-0.071,-0.102,-0.071,-0.102,-0.071,-0.102,-0.071,-0.102,-0.071,-0.102,-0.071,-0.102,-0.071,-0.102,-0.071,-0.102,-0.071,-0.102,-0.071,-0.102,-0.071,-0.102,-0.071,-0.102,-0.071,-0.102,-0.071,-0.102,-0.071,-0.102,-0.071,-0.102,-0.071,-0.102,-0.071,-0.102,-0.071,-0.102,-0.071,
0.0,-0.013,-0.027,-0.027,-0.022,-0.044,-0.032,-0.024,-0.044,-0.031,-0.024,-0.045,-0.032,-0.024,-0.045,-0.032,-0.024,-0.044,-0.032,-0.024,-0.044,-0.032,-0.024,-0.044,-0.032,-0.024,-0.044,-0.032,-0.024,-0.044,-0.032,-0.024,-0.044,-0.031,-0.024,-0.044,-0.032,-0.023,-0.045,-0.032,-0.024,-0.044,-0.031,-0.024,-0.044,-0.032,-0.024,-0.044,-0.032,-0.024,-0.045,-0.032,-0.024,-0.044,-0.031,-0.023,-0.044,-0.031,-0.023,-0.045,-0.032,-0.024,-0.044,-0.031,-0.024,-0.045,-0.031,-0.024,-0.044,-0.031,-0.023,-0.044,-0.031,-0.023,-0.045,-0.032,-0.024,-0.045,-0.032,-0.024,-0.045,-0.032,-0.024,-0.044,-0.032,-0.023,-0.045,-0.032,-0.024,-0.045,-0.032,-0.024,-0.044,-0.031,-0.023,-0.044,-0.031,-0.024,-0.044,-0.031,
0.0,-0.127,-0.084,-0.095,-0.117,-0.095,-0.118,-0.092,-0.117,-0.092,-0.118,-0.117,-0.123,-0.155,-0.141,-0.139,-0.124,-0.155,-0.123,-0.155,-0.14,-0.13,-0.133,-0.109,-0.114,-0.089,-0.116,-0.091,-0.116,-0.091,-0.101,-0.094,-0.116,-0.151,-0.14,-0.155,-0.14,-0.155,-0.124,-0.156,-0.139,-0.155,-0.114,-0.148,-0.094,-0.13,-0.073,-0.134,-0.077,-0.132,-0.075,-0.132,-0.075,-0.132,-0.075,-0.118,-0.123,-0.099,-0.103,-0.14,-0.12,-0.154,-0.095,-0.131,-0.074,-0.133,-0.076,-0.119,-0.123,-0.1,-0.104,-0.14,-0.083,-0.119,-0.083,-0.133,-0.077,-0.119,-0.08,-0.132,-0.135,-0.111,-0.116,-0.091,-0.116,-0.091,-0.117,-0.092,-0.103,-0.094,-0.115,-0.091,-0.103,-0.1,-0.116,-0.091,-0.118,-0.093,-0.116,-0.024,
0.0,-0.024,-0.031,-0.043,-0.022,-0.043,-0.022,-0.043,-0.022,-0.043,-0.022,-0.043,-0.022,-0.044,-0.022,-0.043,-0.024,-0.043,-0.022,-0.043,-0.024,-0.043,-0.024,-0.043,-0.022,-0.043,-0.022,-0.043,-0.022,-0.043,-0.022,-0.044,-0.022,-0.044,-0.022,-0.043,-0.022,-0.043,-0.022,-0.043,-0.022,-0.041,-0.024,-0.041,-0.022,-0.043,-0.022,-0.043,-0.022,-0.043,-0.022,-0.043,-0.022,-0.044,-0.021,-0.043,-0.022,-0.044,-0.021,-0.044,-0.022,-0.043,-0.022,-0.043,-0.021,-0.043,-0.021,-0.044,-0.021,-0.044,-0.021,-0.044,-0.022,-0.043,-0.022,-0.044,-0.022,-0.043,-0.022,-0.044,-0.021,-0.043,-0.022,-0.043,-0.022,-0.043,-0.021,-0.043,-0.022,-0.043,-0.022,-0.044,-0.022,-0.044,-0.022,-0.043,-0.022,-0.043,-0.022,-0.041,
0.0,-0.104,-0.019,-0.188,-0.112,-0.132,-0.117,-0.152,-0.119,-0.168,-0.103,-0.167,-0.119,-0.168,-0.103,-0.167,-0.12,-0.152,-0.119,-0.168,-0.103,-0.167,-0.119,-0.168,-0.103,-0.167,-0.12,-0.152,-0.119,-0.168,-0.103,-0.167,-0.119,-0.168,-0.103,-0.167,-0.12,-0.152,-0.119,-0.168,-0.103,-0.167,-0.119,-0.168,-0.103,-0.167,-0.12,-0.152,-0.119,-0.168,-0.103,-0.167,-0.119,-0.168,-0.103,-0.167,-0.12,-0.152,-0.119,-0.168,-0.103,-0.167,-0.119,-0.168,-0.103,-0.167,-0.12,-0.152,-0.119,-0.168,-0.103,-0.167,-0.119,-0.168,-0.103,-0.167,-0.12,-0.152,-0.119,-0.168,-0.103,-0.167,-0.119,-0.168,-0.103,-0.167,-0.12,-0.152,-0.119,-0.168,-0.103,-0.167,-0.119,-0.168,-0.103,-0.167,-0.12,-0.152,-0.119,-0.146,
0.0,-0.006,-0.07,-0.09,-0.072,-0.065,-0.034,-0.066,-0.034,-0.067,-0.034,-0.066,-0.035,-0.066,-0.035,-0.066,-0.034,-0.067,-0.034,-0.066,-0.034,-0.066,-0.034,-0.066,-0.034,-0.066,-0.034,-0.066,-0.035,-0.066,-0.035,-0.066,-0.035,-0.064,-0.034,-0.067,-0.034,-0.066,-0.034,-0.064,-0.035,-0.066,-0.034,-0.067,-0.034,-0.066,-0.034,-0.067,-0.035,-0.064,-0.034,-0.066,-0.035,-0.066,-0.034,-0.067,-0.034,-0.066,-0.035,-0.066,-0.034,-0.067,-0.034,-0.066,-0.035,-0.066,-0.034,-0.067,-0.034,-0.066,-0.035,-0.066,-0.034,-0.067,-0.034,-0.066,-0.035,-0.066,-0.034,-0.067,-0.034,-0.066,-0.035,-0.066,-0.034,-0.067,-0.034,-0.066,-0.035,-0.066,-0.034,-0.067,-0.034,-0.066,-0.035,-0.066,-0.034,-0.067,-0.034,-0.066,
0.0,-0.014,-0.039,-0.041,-0.048,-0.052,-0.039,-0.052,-0.04,-0.052,-0.04,-0.052,-0.04,-0.052,-0.039,-0.052,-0.039,-0.052,-0.037,-0.052,-0.039,-0.053,-0.039,-0.053,-0.037,-0.052,-0.039,-0.053,-0.037,-0.053,-0.039,-0.052,-0.039,-0.052,-0.039,-0.052,-0.04,-0.051,-0.04,-0.051,-0.039,-0.053,-0.037,-0.052,-0.04,-0.051,-0.039,-0.053,-0.037,-0.052,-0.04,-0.051,-0.039,-0.053,-0.037,-0.052,-0.04,-0.051,-0.039,-0.053,-0.037,-0.052,-0.04,-0.051,-0.039,-0.053,-0.037,-0.052,-0.04,-0.051,-0.039,-0.053,-0.037,-0.052,-0.04,-0.051,-0.039,-0.053,-0.037,-0.052,-0.04,-0.051,-0.039,-0.053,-0.037,-0.052,-0.04,-0.051,-0.039,-0.053,-0.037,-0.052,-0.04,-0.051,-0.039,-0.053,-0.037,-0.052,-0.04,-0.051,
0.0,-0.009,-0.027,-0.003,-0.032,-0.018,-0.013,-0.005,-0.03,-0.017,-0.012,-0.005,-0.03,-0.017,-0.013,-0.005,-0.029,-0.018,-0.013,-0.004,-0.03,-0.018,-0.012,-0.005,-0.03,-0.017,-0.013,-0.005,-0.03,-0.018,-0.013,-0.005,-0.029,-0.018,-0.013,-0.004,-0.03,-0.017,-0.013,-0.005,-0.03,-0.018,-0.012,-0.005,-0.03,-0.018,-0.013,-0.005,-0.03,-0.018,-0.013,-0.004,-0.03,-0.017,-0.013,-0.005,-0.03,-0.018,-0.012,-0.005,-0.03,-0.018,-0.013,-0.004,-0.03,-0.017,-0.013,-0.004,-0.03,-0.017,-0.013,-0.005,-0.03,-0.018,-0.013,-0.004,-0.03,-0.018,-0.012,-0.005,-0.029,-0.018,-0.013,-0.004,-0.03,-0.017,-0.013,-0.004,-0.03,-0.018,-0.012,-0.005,-0.029,-0.018,-0.013,-0.005,-0.03,-0.017,-0.013,-0.011,
0.0,-0.007,-0.005,-0.018,-0.012,-0.023,-0.005,-0.013,-0.004,-0.013,-0.005,-0.012,-0.005,-0.013,-0.004,-0.013,-0.005,-0.012,-0.004,-0.013,-0.004,-0.013,-0.005,-0.012,-0.005,-0.013,-0.004,-0.013,-0.005,-0.012,-0.005,-0.013,-0.004,-0.013,-0.005,-0.012,-0.005,-0.013,-0.005,-0.013,-0.004,-0.013,-0.005,-0.013,-0.005,-0.012,-0.005,-0.012,-0.005,-0.013,-0.005,-0.013,-0.005,-0.012,-0.005,-0.013,-0.005,-0.013,-0.005,-0.013,-0.005,-0.013,-0.005,-0.013,-0.005,-0.013,-0.005,-0.013,-0.005,-0.013,-0.005,-0.013,-0.005,-0.013,-0.005,-0.013,-0.005,-0.013,-0.005,-0.013,-0.005,-0.013,-0.005,-0.013,-0.005,-0.013,-0.005,-0.013,-0.005,-0.013,-0.005,-0.013,-0.005,-0.013,-0.005,-0.013,-0.005,-0.013,-0.005,-0.013,
0.0,-0.005,-0.008,-0.008,-0.007,-0.008,-0.008,-0.008,-0.008,-0.008,-0.008,-0.008,-0.008,-0.008,-0.008,-0.008,-0.008,-0.008,-0.008,-0.008,-0.008,-0.008,-0.008,-0.008,-0.008,-0.008,-0.008,-0.008,-0.008,-0.007,-0.008,-0.007,-0.008,-0.007,-0.008,-0.008,-0.008,-0.007,-0.008,-0.008,-0.007,-0.008,-0.008,-0.007,-0.008,-0.008,-0.007,-0.008,-0.008,-0.007,-0.008,-0.008,-0.007,-0.008,-0.008,-0.007,-0.008,-0.008,-0.007,-0.008,-0.008,-0.007,-0.008,-0.008,-0.007,-0.008,-0.008,-0.007,-0.008,-0.008,-0.007,-0.008,-0.008,-0.007,-0.008,-0.008,-0.007,-0.008,-0.008,-0.007,-0.008,-0.008,-0.007,-0.008,-0.008,-0.007,-0.008,-0.008,-0.007,-0.008,-0.008,-0.007,-0.008,-0.008,-0.007,-0.008,-0.008,-0.007,-0.008,-0.008,
0.0,-0.039,-0.107,-0.041,-0.102,-0.041,-0.096,-0.034,-0.09,-0.034,-0.093,-0.026,-0.094,-0.034,-0.092,-0.035,-0.091,-0.036,-0.091,-0.036,-0.092,-0.035,-0.092,-0.034,-0.092,-0.035,-0.093,-0.035,-0.091,-0.035,-0.092,-0.036,-0.091,-0.036,-0.091,-0.036,-0.091,-0.035,-0.093,-0.034,-0.092,-0.035,-0.092,-0.036,-0.091,-0.035,-0.092,-0.035,-0.092,-0.036,-0.091,-0.035,-0.092,-0.035,-0.092,-0.036,-0.091,-0.035,-0.092,-0.035,-0.092,-0.036,-0.091,-0.035,-0.092,-0.035,-0.092,-0.036,-0.091,-0.035,-0.092,-0.035,-0.092,-0.036,-0.091,-0.035,-0.092,-0.035,-0.092,-0.036,-0.091,-0.035,-0.092,-0.035,-0.092,-0.036,-0.091,-0.035,-0.092,-0.035,-0.092,-0.036,-0.091,-0.035,-0.092,-0.035,-0.092,-0.036,-0.091,-0.035,
0.0,-0.016,-0.025,-0.025,-0.027,-0.024,-0.022,-0.024,-0.022,-0.024,-0.022,-0.024,-0.022,-0.024,-0.024,-0.024,-0.022,-0.024,-0.022,-0.024,-0.024,-0.024,-0.022,-0.024,-0.022,-0.024,-0.022,-0.024,-0.022,-0.024,-0.024,-0.022,-0.022,-0.024,-0.024,-0.024,-0.024,-0.024,-0.024,-0.022,-0.024,-0.024,-0.022,-0.024,-0.022,-0.022,-0.022,-0.022,-0.024,-0.022,-0.024,-0.024,-0.022,-0.024,-0.022,-0.022,-0.022,-0.022,-0.024,-0.022,-0.024,-0.024,-0.022,-0.024,-0.022,-0.022,-0.022,-0.022,-0.024,-0.022,-0.024,-0.024,-0.022,-0.024,-0.022,-0.022,-0.022,-0.022,-0.024,-0.022,-0.024,-0.024,-0.022,-0.024,-0.022,-0.022,-0.022,-0.022,-0.024,-0.022,-0.024,-0.024,-0.022,-0.024,-0.022,-0.022,-0.022,-0.022,-0.024,-0.022,
0.0,-0.042,-0.048,-0.038,-0.058,-0.037,-0.054,-0.042,-0.059,-0.037,-0.05,-0.037,-0.059,-0.046,-0.054,-0.042,-0.054,-0.042,-0.06,-0.037,-0.05,-0.037,-0.059,-0.046,-0.054,-0.042,-0.054,-0.042,-0.06,-0.037,-0.05,-0.037,-0.059,-0.046,-0.054,-0.042,-0.054,-0.042,-0.06,-0.037,-0.05,-0.037,-0.059,-0.046,-0.054,-0.042,-0.054,-0.042,-0.06,-0.037,-0.05,-0.037,-0.059,-0.046,-0.054,-0.042,-0.054,-0.042,-0.06,-0.037,-0.05,-0.037,-0.059,-0.046,-0.054,-0.042,-0.054,-0.042,-0.06,-0.037,-0.05,-0.037,-0.059,-0.046,-0.054,-0.042,-0.054,-0.042,-0.06,-0.037,-0.05,-0.037,-0.059,-0.046,-0.054,-0.042,-0.054,-0.042,-0.06,-0.037,-0.05,-0.037,-0.059,-0.046,-0.054,-0.042,-0.054,-0.042,-0.06,-0.037,
0.0,-0.032,-0.017,0.033,-0.07,0.018,-0.025,0.026,-0.066,0.024,-0.071,0.017,-0.009,-0.03,-0.025,0.026,-0.071,0.011,-0.012,-0.019,-0.11,0.004,-0.017,0.018,-0.074,0.013,-0.013,-0.025,-0.016,-0.028,-0.021,0.019,-0.076,0.012,-0.013,-0.025,-0.016,-0.028,-0.021,0.019,-0.076,0.012,-0.013,-0.025,-0.016,-0.028,-0.021,0.019,-0.076,0.012,-0.013,-0.025,-0.016,-0.028,-0.021,0.019,-0.076,0.012,-0.013,-0.025,-0.016,-0.028,-0.021,0.019,-0.076,0.012,-0.013,-0.025,-0.016,-0.028,-0.021,0.019,-0.076,0.012,-0.013,-0.025,-0.016,-0.028,-0.021,0.019,-0.076,0.012,-0.013,-0.025,-0.016,-0.028,-0.021,0.019,-0.076,0.012,-0.013,-0.025,-0.016,-0.028,-0.021,0.019,-0.076,0.012,-0.013,-0.025,
0.0,-0.04,-0.037,-0.067,-0.092,-0.073,-0.087,-0.069,-0.083,-0.069,-0.083,-0.069,-0.083,-0.068,-0.082,-0.068,-0.082,-0.068,-0.082,-0.068,-0.082,-0.068,-0.082,-0.068,-0.082,-0.068,-0.082,-0.068,-0.082,-0.067,-0.081,-0.067,-0.081,-0.067,-0.081,-0.067,-0.081,-0.067,-0.081,-0.067,-0.081,-0.067,-0.081,-0.067,-0.082,-0.067,-0.081,-0.067,-0.081,-0.067,-0.081,-0.067,-0.081,-0.067,-0.081,-0.067,-0.081,-0.067,-0.081,-0.067,-0.081,-0.067,-0.081,-0.067,-0.081,-0.067,-0.081,-0.067,-0.081,-0.067,-0.081,-0.067,-0.08,-0.068,-0.082,-0.067,-0.081,-0.068,-0.081,-0.067,-0.082,-0.067,-0.081,-0.068,-0.081,-0.067,-0.081,-0.067,-0.081,-0.067,-0.081,-0.067,-0.081,-0.067,-0.081,-0.067,-0.081,-0.065,-0.082,-0.061,
0.0,-0.092,-0.053,-0.035,-0.091,-0.041,-0.094,-0.074,-0.08,-0.094,-0.09,-0.092,-0.092,-0.092,-0.092,-0.081,-0.092,-0.039,-0.076,-0.093,-0.065,-0.093,-0.045,-0.072,-0.092,-0.044,-0.094,-0.065,-0.093,-0.039,-0.094,-0.064,-0.093,-0.074,-0.092,-0.072,-0.093,-0.039,-0.073,-0.084,-0.065,-0.092,-0.045,-0.072,-0.088,-0.093,-0.08,-0.081,-0.094,-0.065,-0.094,-0.065,-0.094,-0.074,-0.093,-0.026,-0.092,-0.092,-0.08,-0.092,-0.092,-0.08,-0.092,-0.038,-0.092,-0.08,-0.08,-0.092,-0.035,-0.093,-0.071,-0.092,-0.074,-0.09,-0.038,-0.092,-0.038,-0.093,-0.037,-0.093,-0.074,-0.092,-0.08,-0.09,-0.045,-0.077,-0.088,-0.092,-0.072,-0.094,-0.09,-0.08,-0.08,-0.092,-0.04,-0.081,-0.089,-0.065,-0.092,-0.09,
0.0,-0.007,-0.019,-0.017,-0.017,-0.005,-0.016,-0.006,-0.016,-0.005,-0.016,-0.006,-0.016,-0.006,-0.016,-0.005,-0.017,-0.003,-0.017,-0.005,-0.016,-0.005,-0.016,-0.005,-0.016,-0.005,-0.016,-0.005,-0.016,-0.005,-0.016,-0.005,-0.016,-0.005,-0.016,-0.006,-0.016,-0.005,-0.016,-0.005,-0.016,-0.005,-0.017,-0.005,-0.016,-0.005,-0.016,-0.005,-0.016,-0.005,-0.016,-0.006,-0.016,-0.005,-0.016,-0.006,-0.016,-0.005,-0.016,-0.005,-0.017,-0.005,-0.017,-0.005,-0.017,-0.005,-0.016,-0.006,-0.016,-0.006,-0.016,-0.005,-0.016,-0.005,-0.016,-0.005,-0.016,-0.005,-0.017,-0.005,-0.016,-0.006,-0.016,-0.006,-0.016,-0.005,-0.017,-0.005,-0.016,-0.005,-0.017,-0.005,-0.016,-0.005,-0.016,-0.006,-0.016,-0.005,-0.016,-0.001,
0.0,-0.046,-0.053,-0.079,-0.085,-0.089,-0.091,-0.081,-0.083,-0.087,-0.091,-0.09,-0.081,-0.083,-0.087,-0.091,-0.09,-0.082,-0.082,-0.088,-0.091,-0.091,-0.081,-0.082,-0.087,-0.092,-0.089,-0.082,-0.083,-0.087,-0.091,-0.09,-0.082,-0.082,-0.087,-0.091,-0.09,-0.082,-0.082,-0.087,-0.092,-0.089,-0.082,-0.083,-0.087,-0.09,-0.091,-0.081,-0.082,-0.088,-0.091,-0.09,-0.081,-0.082,-0.087,-0.092,-0.09,-0.081,-0.083,-0.087,-0.091,-0.091,-0.08,-0.083,-0.087,-0.091,-0.09,-0.082,-0.082,-0.087,-0.091,-0.09,-0.081,-0.083,-0.088,-0.091,-0.09,-0.082,-0.082,-0.087,-0.092,-0.09,-0.081,-0.082,-0.087,-0.092,-0.09,-0.082,-0.082,-0.087,-0.091,-0.09,-0.082,-0.082,-0.088,-0.091,-0.09,-0.081,-0.082,-0.075,
0.0,-0.056,-0.054,-0.068,-0.085,-0.072,-0.083,-0.064,-0.083,-0.068,-0.075,-0.07,-0.084,-0.069,-0.084,-0.07,-0.083,-0.07,-0.082,-0.068,-0.083,-0.072,-0.083,-0.069,-0.084,-0.07,-0.076,-0.067,-0.076,-0.067,-0.083,-0.07,-0.081,-0.07,-0.081,-0.063,-0.08,-0.063,-0.08,-0.063,-0.08,-0.063,-0.08,-0.063,-0.08,-0.069,-0.083,-0.072,-0.08,-0.07,-0.084,-0.07,-0.083,-0.072,-0.075,-0.072,-0.083,-0.069,-0.084,-0.07,-0.082,-0.07,-0.084,-0.07,-0.08,-0.062,-0.083,-0.069,-0.083,-0.07,-0.084,-0.07,-0.083,-0.063,-0.08,-0.07,-0.083,-0.068,-0.075,-0.07,-0.081,-0.063,-0.084,-0.07,-0.076,-0.072,-0.075,-0.07,-0.084,-0.069,-0.084,-0.07,-0.076,-0.07,-0.084,-0.072,-0.076,-0.072,-0.083,-0.069,
0.0,-0.007,-0.004,-0.004,-0.008,-0.002,-0.004,-0.002,-0.004,-0.008,-0.002,-0.008,-0.002,-0.008,-0.002,-0.008,-0.002,-0.002,-0.008,-0.002,-0.004,-0.002,-0.008,-0.002,-0.004,-0.008,-0.002,-0.008,-0.002,-0.004,-0.008,-0.002,-0.004,-0.002,-0.008,-0.002,-0.002,-0.008,-0.002,-0.004,-0.004,-0.002,-0.008,-0.002,-0.008,-0.008,-0.002,-0.004,-0.004,-0.004,-0.008,-0.007,-0.002,-0.002,-0.008,-0.007,-0.008,-0.002,-0.004,-0.002,-0.004,-0.002,-0.004,-0.008,-0.002,-0.002,-0.004,-0.008,-0.002,-0.004,-0.004,-0.008,-0.002,-0.008,-0.002,-0.004,-0.004,-0.002,-0.008,-0.002,-0.002,-0.004,-0.004,-0.004,-0.004,-0.008,-0.004,-0.002,-0.004,-0.002,-0.004,-0.008,-0.002,-0.004,-0.004,-0.004,-0.002,-0.004,-0.002,-0.007,
0.0,-0.006,-0.006,-0.025,-0.023,-0.021,-0.024,-0.019,-0.025,-0.019,-0.025,-0.019,-0.023,-0.018,-0.025,-0.018,-0.024,-0.019,-0.024,-0.017,-0.024,-0.018,-0.025,-0.018,-0.025,-0.018,-0.025,-0.017,-0.024,-0.019,-0.025,-0.019,-0.023,-0.019,-0.025,-0.017,-0.024,-0.017,-0.025,-0.017,-0.024,-0.019,-0.023,-0.019,-0.024,-0.019,-0.023,-0.018,-0.023,-0.018,-0.025,-0.017,-0.024,-0.019,-0.025,-0.017,-0.024,-0.017,-0.024,-0.018,-0.025,-0.017,-0.024,-0.019,-0.023,-0.019,-0.023,-0.019,-0.023,-0.018,-0.025,-0.019,-0.025,-0.019,-0.025,-0.019,-0.025,-0.019,-0.025,-0.019,-0.025,-0.019,-0.025,-0.019,-0.023,-0.018,-0.023,-0.018,-0.025,-0.017,-0.025,-0.017,-0.025,-0.017,-0.025,-0.017,-0.025,-0.017,-0.025,-0.018,
0.0,-0.007,-0.019,-0.03,-0.026,-0.031,-0.026,-0.03,-0.026,-0.031,-0.025,-0.03,-0.026,-0.031,-0.025,-0.03,-0.027,-0.028,-0.026,-0.03,-0.026,-0.031,-0.027,-0.021,-0.027,-0.03,-0.027,-0.016,-0.027,-0.028,-0.027,-0.031,-0.025,-0.03,-0.026,-0.03,-0.028,-0.031,-0.026,-0.028,-0.027,-0.028,-0.027,-0.028,-0.026,-0.03,-0.026,-0.031,-0.026,-0.03,-0.026,-0.03,-0.027,-0.017,-0.026,-0.03,-0.028,-0.03,-0.026,-0.028,-0.026,-0.023,-0.026,-0.031,-0.026,-0.03,-0.026,-0.032,-0.026,-0.03,-0.027,-0.028,-0.027,-0.028,-0.028,-0.016,-0.027,-0.031,-0.012,-0.032,-0.026,-0.028,-0.026,-0.031,-0.026,-0.03,-0.026,-0.032,-0.012,-0.03,-0.028,-0.016,-0.027,-0.03,-0.027,-0.023,-0.025,-0.031,-0.027,-0.03,
0.024,-0.089,-0.083,-0.105,-0.102,-0.11,-0.112,-0.113,-0.121,-0.119,-0.12,-0.116,-0.121,-0.116,-0.121,-0.116,-0.121,-0.116,-0.121,-0.116,-0.121,-0.116,-0.121,-0.116,-0.121,-0.116,-0.121,-0.116,-0.121,-0.116,-0.121,-0.116,-0.121,-0.116,-0.121,-0.116,-0.121,-0.116,-0.121,-0.116,-0.121,-0.116,-0.121,-0.116,-0.121,-0.116,-0.121,-0.116,-0.121,-0.116,-0.121,-0.116,-0.121,-0.116,-0.121,-0.116,-0.121,-0.116,-0.121,-0.116,-0.121,-0.116,-0.121,-0.116,-0.121,-0.116,-0.121,-0.116,-0.121,-0.116,-0.121,-0.116,-0.121,-0.116,-0.121,-0.116,-0.121,-0.116,-0.121,-0.116,-0.121,-0.116,-0.121,-0.116,-0.121,-0.116,-0.121,-0.116,-0.121,-0.116,-0.121,-0.116,-0.121,-0.116,-0.121,-0.116,-0.121,-0.116,-0.121,-0.105,
0.0,-0.052,-0.061,-0.085,-0.094,-0.094,-0.093,-0.092,-0.093,-0.093,-0.092,-0.088,-0.085,-0.088,-0.093,-0.092,-0.092,-0.093,-0.093,-0.094,-0.087,-0.095,-0.091,-0.093,-0.092,-0.093,-0.091,-0.092,-0.093,-0.087,-0.094,-0.092,-0.092,-0.092,-0.093,-0.093,-0.087,-0.095,-0.091,-0.092,-0.085,-0.093,-0.092,-0.093,-0.092,-0.093,-0.087,-0.094,-0.092,-0.093,-0.092,-0.092,-0.092,-0.086,-0.092,-0.092,-0.084,-0.093,-0.091,-0.093,-0.092,-0.093,-0.092,-0.092,-0.085,-0.088,-0.085,-0.088,-0.085,-0.093,-0.093,-0.088,-0.092,-0.093,-0.084,-0.093,-0.091,-0.094,-0.087,-0.095,-0.092,-0.093,-0.087,-0.095,-0.087,-0.086,-0.092,-0.092,-0.091,-0.094,-0.087,-0.095,-0.092,-0.092,-0.092,-0.092,-0.093,-0.092,-0.091,-0.093,
0.0,-0.007,-0.014,-0.025,-0.017,-0.015,-0.032,-0.015,-0.021,-0.014,-0.022,-0.014,-0.022,-0.011,-0.019,-0.014,-0.021,-0.015,-0.021,-0.014,-0.021,-0.015,-0.02,-0.014,-0.02,-0.015,-0.021,-0.015,-0.02,-0.015,-0.021,-0.017,-0.022,-0.014,-0.02,-0.015,-0.021,-0.014,-0.02,-0.015,-0.021,-0.015,-0.021,-0.015,-0.02,-0.015,-0.021,-0.015,-0.021,-0.017,-0.021,-0.014,-0.021,-0.014,-0.021,-0.014,-0.02,-0.014,-0.02,-0.017,-0.02,-0.014,-0.02,-0.015,-0.02,-0.015,-0.021,-0.014,-0.02,-0.015,-0.021,-0.017,-0.021,-0.017,-0.02,-0.014,-0.021,-0.015,-0.02,-0.01,-0.021,-0.015,-0.02,-0.015,-0.021,-0.015,-0.02,-0.014,-0.02,-0.015,-0.021,-0.015,-0.021,-0.014,-0.021,-0.014,-0.021,-0.015,-0.021,-0.015,
0.0,-0.029,-0.091,-0.089,-0.096,-0.085,-0.096,-0.087,-0.097,-0.087,-0.097,-0.086,-0.096,-0.086,-0.096,-0.092,-0.096,-0.094,-0.096,-0.095,-0.095,-0.096,-0.096,-0.093,-0.091,-0.094,-0.096,-0.093,-0.099,-0.093,-0.096,-0.092,-0.099,-0.092,-0.097,-0.087,-0.096,-0.093,-0.096,-0.096,-0.095,-0.093,-0.099,-0.088,-0.097,-0.087,-0.097,-0.094,-0.099,-0.095,-0.095,-0.094,-0.096,-0.096,-0.09,-0.094,-0.089,-0.093,-0.096,-0.093,-0.099,-0.092,-0.099,-0.092,-0.099,-0.092,-0.099,-0.092,-0.097,-0.094,-0.097,-0.095,-0.095,-0.095,-0.095,-0.095,-0.095,-0.095,-0.096,-0.094,-0.096,-0.094,-0.096,-0.093,-0.097,-0.095,-0.097,-0.093,-0.096,-0.094,-0.097,-0.094,-0.096,-0.094,-0.099,-0.092,-0.099,-0.092,-0.099,-0.076,
0.0,-0.003,-0.022,-0.019,-0.028,-0.019,-0.026,-0.022,-0.022,-0.018,-0.019,-0.02,-0.023,-0.021,-0.023,-0.021,-0.023,-0.021,-0.023,-0.021,-0.023,-0.021,-0.023,-0.021,-0.023,-0.021,-0.023,-0.021,-0.023,-0.021,-0.023,-0.021,-0.023,-0.021,-0.023,-0.021,-0.023,-0.021,-0.023,-0.021,-0.023,-0.021,-0.023,-0.021,-0.023,-0.021,-0.023,-0.021,-0.023,-0.021,-0.023,-0.021,-0.023,-0.021,-0.023,-0.021,-0.023,-0.021,-0.023,-0.021,-0.023,-0.021,-0.023,-0.021,-0.023,-0.021,-0.023,-0.021,-0.023,-0.021,-0.023,-0.021,-0.023,-0.021,-0.023,-0.021,-0.023,-0.021,-0.023,-0.021,-0.023,-0.021,-0.023,-0.021,-0.023,-0.021,-0.023,-0.021,-0.023,-0.021,-0.023,-0.021,-0.023,-0.021,-0.023,-0.021,-0.023,-0.021,-0.023,-0.021,
0.0,0.005,-0.104,-0.205,-0.226,-0.237,-0.24,-0.252,-0.24,-0.258,-0.242,-0.253,-0.241,-0.257,-0.242,-0.253,-0.241,-0.251,-0.245,-0.254,-0.242,-0.257,-0.243,-0.254,-0.242,-0.252,-0.246,-0.254,-0.242,-0.257,-0.242,-0.253,-0.241,-0.252,-0.246,-0.254,-0.242,-0.252,-0.24,-0.257,-0.242,-0.253,-0.241,-0.251,-0.246,-0.254,-0.242,-0.252,-0.24,-0.257,-0.242,-0.253,-0.241,-0.251,-0.245,-0.254,-0.242,-0.252,-0.24,-0.257,-0.242,-0.25,-0.245,-0.254,-0.242,-0.252,-0.241,-0.251,-0.246,-0.254,-0.242,-0.252,-0.241,-0.257,-0.242,-0.252,-0.25,-0.254,-0.242,-0.25,-0.246,-0.254,-0.242,-0.252,-0.24,-0.251,-0.245,-0.254,-0.241,-0.251,-0.246,-0.253,-0.241,-0.251,-0.246,-0.254,-0.242,-0.253,-0.241,-0.238,
0.0,-0.004,-0.008,-0.009,-0.005,-0.004,-0.005,-0.004,-0.005,-0.005,-0.005,-0.005,-0.004,-0.004,-0.005,-0.004,-0.004,-0.005,-0.004,-0.004,-0.005,-0.005,-0.004,-0.004,-0.005,-0.005,-0.004,-0.005,-0.004,-0.005,-0.004,-0.005,-0.005,-0.005,-0.005,-0.005,-0.005,-0.005,-0.005,-0.005,-0.004,-0.005,-0.005,-0.004,-0.005,-0.005,-0.005,-0.005,-0.005,-0.004,-0.005,-0.005,-0.005,-0.004,-0.005,-0.005,-0.005,-0.005,-0.004,-0.005,-0.005,-0.005,-0.004,-0.005,-0.005,-0.005,-0.005,-0.005,-0.005,-0.005,-0.005,-0.005,-0.005,-0.005,-0.004,-0.005,-0.004,-0.005,-0.005,-0.004,-0.005,-0.004,-0.005,-0.005,-0.005,-0.005,-0.005,-0.004,-0.004,-0.005,-0.004,-0.005,-0.004,-0.005,-0.004,-0.004,-0.005,-0.005,-0.005,-0.004,
0.0,-0.028,-0.031,-0.037,-0.037,-0.037,-0.037,-0.043,-0.038,-0.043,-0.038,-0.043,-0.04,-0.042,-0.038,-0.043,-0.038,-0.043,-0.038,-0.043,-0.038,-0.043,-0.038,-0.043,-0.038,-0.043,-0.037,-0.043,-0.04,-0.043,-0.038,-0.042,-0.04,-0.042,-0.04,-0.043,-0.038,-0.042,-0.038,-0.042,-0.038,-0.042,-0.038,-0.042,-0.038,-0.043,-0.038,-0.044,-0.038,-0.043,-0.037,-0.044,-0.038,-0.042,-0.038,-0.043,-0.038,-0.042,-0.04,-0.042,-0.038,-0.042,-0.038,-0.044,-0.038,-0.043,-0.038,-0.042,-0.04,-0.043,-0.037,-0.044,-0.038,-0.043,-0.038,-0.043,-0.038,-0.043,-0.037,-0.044,-0.037,-0.043,-0.038,-0.044,-0.037,-0.044,-0.038,-0.043,-0.038,-0.043,-0.037,-0.043,-0.04,-0.043,-0.037,-0.044,-0.037,-0.043,-0.04,-0.043,
0.0,0.023,-0.038,-0.011,0.113,0.018,0.032,-0.015,-0.049,0.005,0.11,0.115,0.11,0.118,0.11,0.118,0.11,0.118,0.11,0.118,0.11,0.118,0.11,0.118,0.11,0.118,0.11,0.118,0.11,0.118,0.11,0.118,0.11,0.118,0.11,0.118,0.11,0.118,0.11,0.118,0.11,0.118,0.11,0.118,0.11,0.118,0.11,0.118,0.11,0.118,0.11,0.118,0.11,0.118,0.11,0.118,0.11,0.118,0.11,0.118,0.11,0.118,0.11,0.118,0.11,0.118,0.11,0.118,0.11,0.118,0.11,0.118,0.11,0.118,0.11,0.118,0.11,0.118,0.11,0.118,0.11,0.118,0.11,0.118,0.11,0.118,0.11,0.118,0.11,0.118,0.11,0.118,0.11,0.118,0.11,0.118,0.11,0.118,0.11,0.118,
0.0,-0.052,-0.09,-0.101,-0.112,-0.09,-0.101,-0.088,-0.1,-0.087,-0.101,-0.087,-0.103,-0.087,-0.101,-0.087,-0.101,-0.087,-0.101,-0.082,-0.103,-0.079,-0.097,-0.087,-0.101,-0.079,-0.097,-0.088,-0.1,-0.087,-0.101,-0.088,-0.101,-0.087,-0.097,-0.088,-0.094,-0.088,-0.096,-0.087,-0.103,-0.08,-0.096,-0.087,-0.101,-0.079,-0.101,-0.079,-0.101,-0.079,-0.101,-0.079,-0.101,-0.079,-0.101,-0.079,-0.097,-0.087,-0.095,-0.082,-0.103,-0.08,-0.101,-0.087,-0.094,-0.088,-0.096,-0.087,-0.095,-0.087,-0.103,-0.087,-0.103,-0.079,-0.101,-0.08,-0.103,-0.082,-0.095,-0.087,-0.094,-0.088,-0.101,-0.088,-0.101,-0.087,-0.096,-0.088,-0.095,-0.081,-0.103,-0.08,-0.101,-0.08,-0.097,-0.085,-0.098,-0.079,-0.098,-0.077,
0.0,0.009,-0.041,-0.062,-0.049,-0.059,-0.06,-0.048,-0.059,-0.059,-0.059,-0.046,-0.06,-0.058,-0.058,-0.059,-0.058,-0.057,-0.059,-0.057,-0.057,-0.059,-0.048,-0.06,-0.057,-0.059,-0.057,-0.059,-0.058,-0.044,-0.06,-0.057,-0.058,-0.059,-0.058,-0.06,-0.058,-0.058,-0.058,-0.057,-0.057,-0.06,-0.057,-0.059,-0.057,-0.058,-0.058,-0.059,-0.058,-0.044,-0.06,-0.058,-0.059,-0.057,-0.059,-0.058,-0.059,-0.058,-0.058,-0.058,-0.044,-0.061,-0.049,-0.059,-0.058,-0.058,-0.058,-0.059,-0.057,-0.058,-0.058,-0.059,-0.058,-0.044,-0.06,-0.058,-0.058,-0.058,-0.058,-0.058,-0.058,-0.058,-0.058,-0.058,-0.058,-0.058,-0.058,-0.058,-0.058,-0.058,-0.058,-0.058,-0.058,-0.058,-0.058,-0.058,-0.058,-0.058,-0.058,-0.053,
0.0,-0.012,-0.02,-0.023,-0.023,-0.023,-0.024,-0.019,-0.017,-0.013,-0.022,-0.014,-0.022,-0.019,-0.022,-0.019,-0.017,-0.013,-0.022,-0.019,-0.023,-0.019,-0.022,-0.019,-0.022,-0.019,-0.023,-0.019,-0.022,-0.018,-0.024,-0.012,-0.022,-0.019,-0.022,-0.019,-0.023,-0.019,-0.022,-0.018,-0.023,-0.019,-0.018,-0.018,-0.018,-0.018,-0.023,-0.012,-0.023,-0.019,-0.023,-0.019,-0.018,-0.019,-0.018,-0.019,-0.017,-0.019,-0.023,-0.018,-0.018,-0.018,-0.023,-0.019,-0.023,-0.014,-0.023,-0.014,-0.022,-0.014,-0.022,-0.014,-0.022,-0.019,-0.024,-0.019,-0.017,-0.018,-0.018,-0.019,-0.022,-0.019,-0.023,-0.018,-0.022,-0.013,-0.018,-0.019,-0.022,-0.018,-0.023,-0.018,-0.023,-0.019,-0.024,-0.019,-0.023,-0.014,-0.023,-0.014,
0.0,-0.096,-0.14,-0.126,-0.103,-0.111,-0.127,-0.131,-0.105,-0.124,-0.128,-0.091,-0.116,-0.129,-0.131,-0.117,-0.13,-0.129,-0.128,-0.104,-0.112,-0.127,-0.13,-0.092,-0.081,-0.096,-0.037,-0.116,-0.128,-0.091,-0.096,-0.083,-0.118,-0.113,-0.108,-0.121,-0.108,-0.11,-0.126,-0.129,-0.128,-0.129,-0.128,-0.129,-0.129,-0.129,-0.128,-0.129,-0.128,-0.129,-0.128,-0.129,-0.128,-0.129,-0.128,-0.129,-0.128,-0.129,-0.128,-0.129,-0.128,-0.129,-0.128,-0.129,-0.128,-0.129,-0.128,-0.129,-0.128,-0.129,-0.128,-0.129,-0.128,-0.129,-0.128,-0.129,-0.128,-0.129,-0.128,-0.129,-0.128,-0.129,-0.128,-0.129,-0.128,-0.129,-0.128,-0.129,-0.128,-0.129,-0.128,-0.129,-0.128,-0.129,-0.128,-0.129,-0.128,-0.129,-0.128,-0.126,
0.0,-0.082,-0.068,-0.109,-0.099,-0.118,-0.082,-0.121,-0.097,-0.12,-0.098,-0.119,-0.095,-0.121,-0.097,-0.117,-0.086,-0.121,-0.097,-0.122,-0.098,-0.12,-0.093,-0.105,-0.1,-0.097,-0.093,-0.122,-0.097,-0.121,-0.098,-0.105,-0.099,-0.103,-0.086,-0.121,-0.097,-0.119,-0.098,-0.119,-0.097,-0.121,-0.097,-0.121,-0.08,-0.12,-0.099,-0.108,-0.083,-0.12,-0.083,-0.11,-0.098,-0.12,-0.079,-0.106,-0.097,-0.12,-0.095,-0.12,-0.095,-0.102,-0.087,-0.118,-0.086,-0.118,-0.086,-0.12,-0.093,-0.105,-0.095,-0.121,-0.083,-0.121,-0.097,-0.121,-0.097,-0.119,-0.098,-0.122,-0.095,-0.121,-0.097,-0.118,-0.083,-0.119,-0.097,-0.094,-0.093,-0.119,-0.099,-0.122,-0.074,-0.116,-0.098,-0.121,-0.097,-0.122,-0.082,-0.104,
0.0,-0.005,0.01,-0.005,-0.009,-0.008,-0.009,-0.011,-0.009,-0.009,-0.009,-0.009,-0.009,-0.009,-0.009,-0.009,-0.011,-0.009,-0.009,-0.009,-0.009,-0.009,-0.009,-0.009,-0.011,-0.009,-0.008,-0.009,-0.009,-0.009,-0.009,-0.009,-0.009,-0.009,-0.009,-0.008,-0.009,-0.009,-0.009,-0.009,-0.009,-0.009,-0.009,-0.009,-0.011,-0.009,-0.009,-0.009,-0.009,-0.009,-0.009,-0.009,-0.009,-0.009,-0.009,-0.009,-0.009,-0.009,-0.009,-0.009,-0.009,-0.009,-0.009,-0.009,-0.009,-0.009,-0.009,-0.009,-0.011,-0.008,-0.011,-0.008,-0.009,-0.009,-0.009,-0.009,-0.009,-0.009,-0.009,-0.009,-0.009,-0.009,-0.009,-0.011,-0.009,-0.009,-0.009,-0.009,-0.009,-0.009,-0.009,-0.009,-0.009,-0.009,-0.009,-0.009,-0.009,-0.009,-0.009,-0.009,
0.0,-0.069,-0.05,-0.091,-0.09,-0.082,-0.082,-0.08,-0.082,-0.081,-0.08,-0.081,-0.082,-0.081,-0.082,-0.081,-0.082,-0.081,-0.082,-0.081,-0.082,-0.081,-0.082,-0.081,-0.082,-0.081,-0.082,-0.081,-0.082,-0.081,-0.082,-0.081,-0.082,-0.081,-0.082,-0.081,-0.082,-0.081,-0.082,-0.081,-0.082,-0.081,-0.082,-0.081,-0.082,-0.081,-0.082,-0.081,-0.082,-0.081,-0.082,-0.081,-0.082,-0.081,-0.082,-0.081,-0.082,-0.081,-0.082,-0.081,-0.082,-0.081,-0.082,-0.081,-0.082,-0.081,-0.082,-0.081,-0.082,-0.081,-0.082,-0.081,-0.082,-0.081,-0.082,-0.081,-0.082,-0.081,-0.082,-0.081,-0.082,-0.081,-0.082,-0.081,-0.082,-0.081,-0.082,-0.081,-0.082,-0.081,-0.082,-0.081,-0.082,-0.081,-0.082,-0.081,-0.082,-0.081,-0.082,-0.077,
0.0,-0.048,-0.061,-0.043,-0.058,-0.05,-0.057,-0.054,-0.054,-0.057,-0.054,-0.058,-0.053,-0.056,-0.054,-0.057,-0.053,-0.058,-0.054,-0.054,-0.054,-0.058,-0.054,-0.056,-0.054,-0.053,-0.054,-0.056,-0.054,-0.058,-0.053,-0.057,-0.053,-0.058,-0.048,-0.057,-0.049,-0.056,-0.057,-0.049,-0.057,-0.056,-0.054,-0.057,-0.054,-0.056,-0.05,-0.057,-0.048,-0.056,-0.057,-0.054,-0.048,-0.056,-0.055,-0.056,-0.055,-0.056,-0.054,-0.057,-0.054,-0.056,-0.054,-0.056,-0.049,-0.057,-0.053,-0.058,-0.048,-0.054,-0.057,-0.05,-0.054,-0.058,-0.054,-0.056,-0.053,-0.057,-0.048,-0.056,-0.055,-0.045,-0.057,-0.054,-0.048,-0.057,-0.054,-0.056,-0.057,-0.054,-0.049,-0.056,-0.053,-0.056,-0.053,-0.056,-0.057,-0.054,-0.048,-0.056,
0.0,-0.042,-0.058,-0.046,-0.068,-0.07,-0.07,-0.07,-0.071,-0.072,-0.071,-0.07,-0.072,-0.07,-0.071,-0.071,-0.071,-0.056,-0.073,-0.055,-0.071,-0.072,-0.07,-0.056,-0.073,-0.07,-0.07,-0.07,-0.071,-0.071,-0.072,-0.07,-0.072,-0.07,-0.071,-0.07,-0.07,-0.071,-0.071,-0.071,-0.072,-0.07,-0.07,-0.072,-0.071,-0.07,-0.071,-0.072,-0.071,-0.07,-0.071,-0.07,-0.07,-0.072,-0.07,-0.072,-0.07,-0.071,-0.071,-0.071,-0.071,-0.072,-0.071,-0.07,-0.072,-0.071,-0.071,-0.07,-0.071,-0.072,-0.07,-0.072,-0.071,-0.07,-0.072,-0.07,-0.071,-0.072,-0.071,-0.07,-0.072,-0.07,-0.072,-0.071,-0.07,-0.072,-0.071,-0.07,-0.072,-0.071,-0.07,-0.071,-0.071,-0.072,-0.07,-0.071,-0.072,-0.07,-0.072,-0.071,
0.0,-0.027,-0.027,-0.032,-0.036,-0.034,-0.028,-0.04,-0.029,-0.042,-0.035,-0.033,-0.036,-0.02,-0.044,-0.034,-0.037,-0.034,-0.035,-0.033,-0.036,-0.033,-0.028,-0.041,-0.028,-0.043,-0.034,-0.033,-0.036,-0.021,-0.044,-0.034,-0.036,-0.034,-0.035,-0.032,-0.037,-0.032,-0.028,-0.04,-0.028,-0.043,-0.035,-0.032,-0.037,-0.02,-0.044,-0.034,-0.036,-0.034,-0.034,-0.033,-0.035,-0.033,-0.028,-0.04,-0.028,-0.043,-0.034,-0.032,-0.037,-0.02,-0.043,-0.035,-0.035,-0.035,-0.034,-0.033,-0.035,-0.033,-0.029,-0.041,-0.028,-0.042,-0.035,-0.032,-0.037,-0.02,-0.044,-0.034,-0.036,-0.034,-0.035,-0.032,-0.035,-0.033,-0.028,-0.04,-0.029,-0.042,-0.035,-0.033,-0.036,-0.021,-0.043,-0.035,-0.035,-0.035,-0.035,-0.032,
0.0,-0.012,-0.014,-0.031,-0.034,-0.02,-0.042,-0.028,-0.058,-0.027,-0.052,-0.049,-0.03,-0.051,-0.031,-0.048,-0.055,-0.026,-0.057,-0.027,-0.052,-0.049,-0.03,-0.051,-0.031,-0.048,-0.055,-0.025,-0.057,-0.027,-0.052,-0.05,-0.03,-0.051,-0.031,-0.047,-0.055,-0.025,-0.057,-0.026,-0.052,-0.049,-0.03,-0.053,-0.031,-0.048,-0.049,-0.029,-0.051,-0.031,-0.048,-0.055,-0.026,-0.057,-0.027,-0.052,-0.049,-0.03,-0.051,-0.031,-0.048,-0.055,-0.025,-0.057,-0.026,-0.052,-0.049,-0.03,-0.051,-0.031,-0.048,-0.055,-0.026,-0.057,-0.026,-0.052,-0.049,-0.03,-0.053,-0.031,-0.047,-0.055,-0.025,-0.056,-0.026,-0.051,-0.05,-0.03,-0.051,-0.031,-0.047,-0.055,-0.025,-0.056,-0.027,-0.052,-0.05,-0.03,-0.051,-0.031,
0.0,-0.051,-0.061,-0.08,-0.09,-0.064,-0.095,-0.068,-0.095,-0.066,-0.074,-0.063,-0.103,-0.069,-0.088,-0.064,-0.096,-0.093,-0.08,-0.088,-0.074,-0.089,-0.074,-0.086,-0.088,-0.092,-0.08,-0.056,-0.078,-0.055,-0.096,-0.068,-0.077,-0.063,-0.079,-0.056,-0.095,-0.056,-0.095,-0.056,-0.095,-0.057,-0.098,-0.065,-0.081,-0.064,-0.103,-0.092,-0.085,-0.05,-0.084,-0.046,-0.095,-0.065,-0.103,-0.045,-0.104,-0.068,-0.087,-0.065,-0.103,-0.051,-0.095,-0.065,-0.087,-0.046,-0.095,-0.046,-0.078,-0.063,-0.103,-0.09,-0.081,-0.053,-0.104,-0.092,-0.085,-0.071,-0.095,-0.045,-0.103,-0.066,-0.104,-0.096,-0.096,-0.064,-0.103,-0.045,-0.104,-0.068,-0.102,-0.064,-0.102,-0.047,-0.105,-0.045,-0.104,-0.068,-0.095,-0.063,
0.0,-0.061,-0.035,-0.045,-0.069,-0.061,-0.064,-0.059,-0.042,-0.063,-0.07,-0.06,-0.047,-0.06,-0.057,-0.057,-0.052,-0.059,-0.056,-0.059,-0.056,-0.06,-0.054,-0.061,-0.053,-0.061,-0.054,-0.06,-0.054,-0.06,-0.055,-0.06,-0.055,-0.061,-0.054,-0.06,-0.055,-0.06,-0.055,-0.059,-0.055,-0.06,-0.055,-0.06,-0.054,-0.061,-0.054,-0.06,-0.054,-0.06,-0.055,-0.061,-0.054,-0.06,-0.055,-0.061,-0.054,-0.06,-0.055,-0.06,-0.053,-0.061,-0.054,-0.061,-0.054,-0.06,-0.055,-0.06,-0.054,-0.061,-0.053,-0.061,-0.053,-0.06,-0.054,-0.061,-0.055,-0.06,-0.055,-0.059,-0.054,-0.061,-0.054,-0.061,-0.055,-0.06,-0.054,-0.06,-0.054,-0.06,-0.054,-0.06,-0.054,-0.06,-0.054,-0.06,-0.054,-0.06,-0.054,-0.06,
0.0,-0.008,-0.016,-0.005,0.022,0.072,-0.002,-0.033,-0.015,-0.027,-0.05,0.092,0.032,-0.046,-0.014,-0.029,-0.014,0.071,-0.002,-0.035,-0.017,-0.027,-0.05,0.092,0.032,-0.078,0.006,-0.028,-0.017,0.073,0.031,-0.078,0.006,-0.027,-0.017,0.038,0.043,-0.044,-0.017,-0.027,-0.017,0.073,0.032,-0.045,-0.015,-0.063,-0.004,0.039,0.042,-0.045,-0.017,-0.027,-0.017,0.073,0.032,-0.078,0.006,-0.028,-0.015,0.039,0.032,-0.045,-0.017,-0.028,-0.014,0.072,0.032,-0.046,-0.014,-0.028,-0.015,0.073,0.031,-0.045,-0.015,-0.029,-0.014,0.072,-0.002,-0.024,-0.05,-0.017,-0.015,0.071,0.032,-0.045,-0.015,-0.063,0.007,0.072,0.032,-0.045,-0.015,-0.027,-0.017,0.072,0.032,-0.046,-0.015,-0.029,
0.0,-0.022,-0.04,-0.043,-0.051,-0.044,-0.055,-0.048,-0.052,-0.049,-0.05,-0.049,-0.052,-0.049,-0.052,-0.048,-0.053,-0.048,-0.053,-0.047,-0.055,-0.044,-0.053,-0.048,-0.053,-0.049,-0.052,-0.047,-0.053,-0.043,-0.055,-0.048,-0.05,-0.048,-0.053,-0.048,-0.053,-0.048,-0.052,-0.047,-0.053,-0.047,-0.052,-0.045,-0.05,-0.049,-0.052,-0.049,-0.052,-0.045,-0.053,-0.049,-0.053,-0.045,-0.053,-0.048,-0.053,-0.044,-0.053,-0.045,-0.05,-0.048,-0.055,-0.048,-0.051,-0.048,-0.053,-0.047,-0.055,-0.048,-0.052,-0.047,-0.055,-0.047,-0.055,-0.047,-0.052,-0.047,-0.053,-0.044,-0.053,-0.047,-0.052,-0.049,-0.053,-0.048,-0.052,-0.047,-0.053,-0.048,-0.055,-0.044,-0.055,-0.048,-0.052,-0.045,-0.052,-0.047,-0.053,-0.047,
0.0,-0.016,-0.012,-0.014,-0.022,-0.019,-0.021,-0.02,-0.021,-0.032,-0.021,-0.032,-0.021,-0.021,-0.037,-0.057,-0.023,-0.02,-0.022,-0.02,-0.037,-0.057,-0.023,-0.02,-0.022,-0.033,-0.021,-0.02,-0.02,-0.02,-0.034,-0.02,-0.022,-0.036,-0.059,-0.022,-0.02,-0.032,-0.021,-0.02,-0.014,-0.02,-0.034,-0.02,-0.021,-0.032,-0.021,-0.014,-0.021,-0.013,-0.02,-0.02,-0.034,-0.02,-0.021,-0.02,-0.035,-0.02,-0.015,-0.021,-0.021,-0.02,-0.021,-0.02,-0.021,-0.019,-0.021,-0.036,-0.06,-0.021,-0.02,-0.02,-0.022,-0.019,-0.021,-0.02,-0.021,-0.02,-0.021,-0.02,-0.021,-0.02,-0.021,-0.013,-0.02,-0.021,-0.02,-0.021,-0.021,-0.02,-0.022,-0.019,-0.021,-0.032,-0.021,-0.014,-0.021,-0.02,-0.021,-0.013,
0.0,0.003,-0.003,-0.01,-0.008,-0.008,-0.008,-0.008,-0.008,-0.007,-0.007,-0.008,-0.008,-0.007,-0.008,-0.007,-0.008,-0.008,-0.007,-0.008,-0.008,-0.007,-0.008,-0.008,-0.008,-0.007,-0.008,-0.007,-0.008,-0.007,-0.008,-0.007,-0.008,-0.007,-0.008,-0.008,-0.008,-0.007,-0.008,-0.008,-0.008,-0.008,-0.007,-0.007,-0.008,-0.008,-0.007,-0.008,-0.007,-0.008,-0.008,-0.007,-0.007,-0.008,-0.007,-0.008,-0.008,-0.008,-0.007,-0.008,-0.007,-0.008,-0.008,-0.007,-0.008,-0.007,-0.007,-0.008,-0.008,-0.007,-0.008,-0.007,-0.008,-0.008,-0.007,-0.007,-0.008,-0.007,-0.007,-0.008,-0.008,-0.008,-0.008,-0.007,-0.008,-0.007,-0.008,-0.008,-0.008,-0.008,-0.008,-0.008,-0.008,-0.008,-0.007,-0.008,-0.007,-0.008,-0.008,-0.007,
0.0,-0.09,-0.106,-0.133,-0.097,-0.122,-0.081,-0.114,-0.081,-0.114,-0.082,-0.114,-0.082,-0.114,-0.082,-0.114,-0.081,-0.115,-0.081,-0.114,-0.081,-0.114,-0.081,-0.114,-0.081,-0.114,-0.081,-0.114,-0.081,-0.114,-0.082,-0.114,-0.082,-0.115,-0.082,-0.114,-0.081,-0.115,-0.076,-0.114,-0.082,-0.115,-0.081,-0.115,-0.075,-0.114,-0.083,-0.109,-0.082,-0.114,-0.082,-0.114,-0.082,-0.107,-0.082,-0.114,-0.082,-0.109,-0.081,-0.115,-0.082,-0.114,-0.081,-0.115,-0.082,-0.114,-0.076,-0.114,-0.082,-0.114,-0.081,-0.114,-0.082,-0.107,-0.082,-0.115,-0.082,-0.114,-0.076,-0.115,-0.081,-0.114,-0.081,-0.115,-0.082,-0.107,-0.082,-0.114,-0.082,-0.114,-0.076,-0.114,-0.082,-0.114,-0.081,-0.114,-0.081,-0.115,-0.081,-0.099,
0.0,-0.024,-0.032,-0.03,-0.035,-0.03,-0.033,-0.03,-0.05,-0.032,-0.05,-0.015,-0.05,-0.03,-0.032,-0.016,-0.032,-0.032,-0.049,-0.03,-0.035,-0.025,-0.05,-0.033,-0.032,-0.032,-0.035,-0.014,-0.032,-0.033,-0.032,-0.033,-0.033,-0.032,-0.032,-0.032,-0.049,-0.032,-0.032,-0.03,-0.05,-0.032,-0.049,-0.032,-0.032,-0.033,-0.033,-0.025,-0.035,-0.03,-0.05,-0.016,-0.05,-0.03,-0.049,-0.033,-0.032,-0.033,-0.033,-0.015,-0.043,-0.016,-0.043,-0.016,-0.05,-0.03,-0.032,-0.015,-0.032,-0.03,-0.05,-0.033,-0.049,-0.015,-0.043,-0.033,-0.042,-0.033,-0.05,-0.032,-0.032,-0.016,-0.042,-0.033,-0.05,-0.023,-0.051,-0.015,-0.032,-0.032,-0.049,-0.032,-0.035,-0.023,-0.051,-0.03,-0.05,-0.014,-0.05,-0.032,
0.0,-0.058,-0.026,-0.071,-0.082,-0.079,-0.088,-0.084,-0.089,-0.067,-0.074,-0.081,-0.081,-0.081,-0.089,-0.081,-0.088,-0.069,-0.074,-0.076,-0.083,-0.082,-0.086,-0.081,-0.091,-0.067,-0.073,-0.082,-0.081,-0.082,-0.088,-0.082,-0.089,-0.065,-0.076,-0.078,-0.081,-0.081,-0.091,-0.079,-0.089,-0.068,-0.075,-0.08,-0.081,-0.082,-0.088,-0.081,-0.09,-0.062,-0.075,-0.081,-0.08,-0.082,-0.088,-0.081,-0.089,-0.068,-0.072,-0.08,-0.082,-0.083,-0.088,-0.081,-0.09,-0.065,-0.075,-0.08,-0.081,-0.082,-0.087,-0.081,-0.089,-0.067,-0.076,-0.081,-0.081,-0.081,-0.089,-0.081,-0.09,-0.064,-0.075,-0.082,-0.077,-0.081,-0.09,-0.081,-0.091,-0.065,-0.072,-0.08,-0.082,-0.082,-0.086,-0.082,-0.088,-0.065,-0.076,-0.08,
0.0,-0.003,-0.016,-0.014,0.006,0.001,0.007,-0.02,0.007,0.0,0.007,0.0,0.007,0.0,0.007,0.0,0.007,0.001,0.005,0.001,-0.018,0.001,0.006,0.001,0.005,0.001,0.006,0.001,0.006,0.001,0.006,0.0,0.007,0.0,0.006,0.0,0.006,0.001,0.006,0.001,0.007,0.0,0.006,0.0,0.006,0.001,0.005,0.001,0.006,0.001,0.006,0.001,0.006,0.001,0.006,0.001,0.006,0.001,0.006,0.001,0.007,0.001,0.005,0.001,0.006,0.0,0.006,0.001,0.005,0.001,0.006,0.001,0.007,0.0,0.007,0.0,0.007,0.0,0.007,0.0,0.006,0.001,0.006,0.001,0.006,0.001,0.005,0.001,0.006,0.0,-0.021,0.001,0.006,0.001,0.006,0.001,0.006,0.001,0.006,0.001,
0.0,-0.023,-0.056,-0.043,-0.045,-0.045,-0.045,-0.044,-0.044,-0.044,-0.045,-0.045,-0.045,-0.045,-0.045,-0.045,-0.044,-0.045,-0.045,-0.044,-0.044,-0.045,-0.045,-0.045,-0.045,-0.044,-0.045,-0.045,-0.044,-0.045,-0.045,-0.045,-0.045,-0.045,-0.045,-0.045,-0.045,-0.045,-0.045,-0.045,-0.045,-0.045,-0.044,-0.045,-0.045,-0.044,-0.045,-0.045,-0.045,-0.045,-0.045,-0.045,-0.045,-0.045,-0.045,-0.045,-0.045,-0.045,-0.045,-0.044,-0.045,-0.045,-0.044,-0.045,-0.045,-0.045,-0.045,-0.045,-0.045,-0.045,-0.045,-0.045,-0.045,-0.045,-0.045,-0.045,-0.044,-0.045,-0.045,-0.044,-0.045,-0.045,-0.045,-0.045,-0.045,-0.045,-0.045,-0.045,-0.045,-0.045,-0.045,-0.045,-0.045,-0.044,-0.045,-0.045,-0.044,-0.045,-0.045,-0.044,
0.0,-0.086,-0.072,-0.144,-0.103,-0.12,-0.12,-0.079,-0.102,-0.079,-0.095,-0.123,-0.102,-0.12,-0.124,-0.066,-0.11,-0.123,-0.079,-0.078,-0.147,-0.066,-0.125,-0.08,-0.125,-0.079,-0.122,-0.123,-0.063,-0.099,-0.124,-0.123,-0.063,-0.097,-0.127,-0.101,-0.123,-0.066,-0.097,-0.125,-0.066,-0.098,-0.079,-0.102,-0.124,-0.066,-0.101,-0.079,-0.15,-0.062,-0.102,-0.115,-0.075,-0.125,-0.065,-0.123,-0.089,-0.076,-0.122,-0.123,-0.098,-0.124,-0.076,-0.122,-0.12,-0.079,-0.125,-0.12,-0.101,-0.076,-0.122,-0.122,-0.079,-0.097,-0.122,-0.124,-0.078,-0.097,-0.149,-0.05,-0.127,-0.073,-0.078,-0.102,-0.076,-0.12,-0.078,-0.122,-0.122,-0.105,-0.124,-0.094,-0.124,-0.102,-0.079,-0.098,-0.125,-0.12,-0.078,-0.109,
0.0,-0.012,-0.03,-0.039,-0.054,-0.047,-0.051,-0.053,-0.048,-0.062,-0.053,-0.062,-0.058,-0.064,-0.066,-0.068,-0.07,-0.071,-0.074,-0.079,-0.071,-0.079,-0.084,-0.075,-0.078,-0.076,-0.078,-0.08,-0.077,-0.078,-0.082,-0.076,-0.077,-0.075,-0.078,-0.073,-0.081,-0.075,-0.078,-0.075,-0.078,-0.084,-0.081,-0.077,-0.083,-0.075,-0.08,-0.068,-0.078,-0.073,-0.08,-0.082,-0.072,-0.079,-0.076,-0.079,-0.081,-0.078,-0.073,-0.079,-0.077,-0.078,-0.082,-0.076,-0.081,-0.081,-0.076,-0.074,-0.076,-0.078,-0.08,-0.083,-0.078,-0.074,-0.086,-0.075,-0.074,-0.08,-0.073,-0.081,-0.075,-0.073,-0.076,-0.078,-0.08,-0.081,-0.077,-0.078,-0.081,-0.076,-0.074,-0.077,-0.078,-0.08,-0.082,-0.078,-0.079,-0.082,-0.076,-0.057,
0.0,-0.069,-0.131,-0.077,-0.056,-0.097,-0.094,-0.096,-0.094,-0.094,-0.095,-0.094,-0.096,-0.094,-0.096,-0.095,-0.095,-0.095,-0.082,-0.095,-0.096,-0.082,-0.095,-0.096,-0.082,-0.095,-0.094,-0.096,-0.094,-0.096,-0.095,-0.096,-0.094,-0.094,-0.095,-0.094,-0.095,-0.095,-0.095,-0.094,-0.095,-0.095,-0.095,-0.094,-0.096,-0.095,-0.095,-0.082,-0.096,-0.094,-0.095,-0.096,-0.095,-0.082,-0.096,-0.094,-0.095,-0.094,-0.096,-0.094,-0.095,-0.094,-0.096,-0.094,-0.094,-0.095,-0.096,-0.082,-0.095,-0.096,-0.082,-0.096,-0.082,-0.096,-0.094,-0.096,-0.094,-0.096,-0.095,-0.082,-0.096,-0.082,-0.096,-0.094,-0.095,-0.095,-0.094,-0.096,-0.094,-0.094,-0.095,-0.095,-0.094,-0.094,-0.096,-0.094,-0.095,-0.096,-0.095,-0.082,
0.0,-0.005,-0.006,-0.005,-0.005,-0.004,-0.004,-0.004,-0.005,-0.004,-0.004,-0.005,-0.004,-0.004,-0.005,-0.004,-0.005,-0.004,-0.005,-0.005,-0.004,-0.004,-0.005,-0.004,-0.005,-0.004,-0.004,-0.005,-0.004,-0.004,-0.004,-0.004,-0.004,-0.004,-0.005,-0.004,-0.004,-0.005,-0.004,-0.005,-0.004,-0.005,-0.004,-0.005,-0.004,-0.004,-0.004,-0.004,-0.005,-0.005,-0.004,-0.004,-0.005,-0.004,-0.005,-0.004,-0.005,-0.004,-0.004,-0.004,-0.005,-0.005,-0.004,-0.004,-0.004,-0.004,-0.005,-0.004,-0.004,-0.004,-0.004,-0.004,-0.004,-0.005,-0.005,-0.005,-0.004,-0.004,-0.005,-0.004,-0.004,-0.005,-0.004,-0.005,-0.004,-0.004,-0.004,-0.005,-0.004,-0.004,-0.004,-0.005,-0.005,-0.004,-0.004,-0.004,-0.004,-0.004,-0.004,-0.005,
0.0,-0.044,-0.083,-0.08,-0.074,-0.082,-0.087,-0.085,-0.091,-0.075,-0.09,-0.08,-0.092,-0.076,-0.091,-0.08,-0.091,-0.08,-0.091,-0.076,-0.091,-0.079,-0.092,-0.08,-0.087,-0.077,-0.093,-0.077,-0.091,-0.078,-0.09,-0.073,-0.09,-0.08,-0.091,-0.077,-0.092,-0.08,-0.091,-0.08,-0.087,-0.079,-0.086,-0.082,-0.087,-0.08,-0.091,-0.078,-0.088,-0.08,-0.091,-0.076,-0.092,-0.082,-0.084,-0.08,-0.089,-0.076,-0.092,-0.08,-0.091,-0.076,-0.09,-0.08,-0.091,-0.078,-0.09,-0.08,-0.092,-0.08,-0.089,-0.082,-0.091,-0.08,-0.092,-0.08,-0.092,-0.08,-0.091,-0.08,-0.091,-0.076,-0.088,-0.076,-0.091,-0.08,-0.092,-0.082,-0.089,-0.076,-0.087,-0.077,-0.087,-0.08,-0.091,-0.076,-0.091,-0.079,-0.092,-0.076,
0.0,-0.011,-0.025,-0.015,-0.025,-0.025,-0.028,-0.025,-0.024,-0.026,-0.024,-0.026,-0.024,-0.026,-0.024,-0.026,-0.021,-0.024,-0.024,-0.026,-0.024,-0.026,-0.021,-0.026,-0.024,-0.024,-0.024,-0.011,-0.022,-0.026,-0.008,-0.027,-0.024,-0.024,-0.021,-0.024,-0.021,-0.026,-0.024,-0.026,-0.024,-0.026,-0.024,-0.024,-0.021,-0.024,-0.024,-0.011,-0.025,-0.026,-0.024,-0.024,-0.021,-0.024,-0.025,-0.026,-0.024,-0.024,-0.024,-0.024,-0.024,-0.024,-0.021,-0.026,-0.024,-0.011,-0.022,-0.026,-0.024,-0.025,-0.021,-0.026,-0.021,-0.024,-0.021,-0.026,-0.008,-0.025,-0.024,-0.026,-0.024,-0.024,-0.021,-0.024,-0.025,-0.026,-0.024,-0.024,-0.024,-0.026,-0.024,-0.024,-0.024,-0.026,-0.021,-0.024,-0.022,-0.027,-0.024,-0.026,
0.0,-0.035,-0.005,0.02,0.043,0.061,0.169,0.136,0.219,0.141,0.128,0.179,0.138,0.131,0.147,0.104,0.056,0.019,0.085,0.076,0.118,0.12,0.024,0.034,0.21,0.117,0.141,0.195,0.161,0.038,0.089,0.199,0.155,0.129,0.151,0.096,0.097,0.056,0.09,0.076,0.125,0.113,0.066,0.072,0.214,0.117,0.147,0.189,0.155,0.128,0.135,0.205,0.153,0.129,0.151,0.096,0.097,0.056,0.09,0.076,0.125,0.113,0.066,0.072,0.214,0.117,0.147,0.189,0.155,0.128,0.135,0.205,0.153,0.129,0.151,0.096,0.097,0.056,0.09,0.076,0.125,0.113,0.066,0.072,0.214,0.117,0.147,0.189,0.155,0.128,0.135,0.205,0.153,0.129,0.151,0.096,0.097,0.056,0.09,-0.022,
0.0,-0.002,-0.005,-0.005,-0.004,-0.005,-0.005,-0.004,-0.005,-0.005,-0.005,-0.004,-0.005,-0.005,-0.005,-0.005,-0.004,-0.005,-0.005,-0.005,-0.005,-0.004,-0.005,-0.004,-0.005,-0.005,-0.004,-0.004,-0.004,-0.004,-0.004,-0.004,-0.004,-0.004,-0.005,-0.005,-0.004,-0.004,-0.004,-0.004,-0.004,-0.004,-0.004,-0.004,-0.004,-0.004,-0.005,-0.004,-0.005,-0.005,-0.004,-0.005,-0.005,-0.005,-0.004,-0.005,-0.005,-0.005,-0.004,-0.004,-0.004,-0.005,-0.005,-0.004,-0.005,-0.005,-0.005,-0.005,-0.004,-0.004,-0.004,-0.005,-0.005,-0.004,-0.004,-0.005,-0.005,-0.004,-0.005,-0.005,-0.004,-0.004,-0.004,-0.004,-0.005,-0.005,-0.004,-0.005,-0.004,-0.004,-0.004,-0.004,-0.004,-0.004,-0.004,-0.004,-0.004,-0.005,-0.004,-0.004,
0.0,-0.054,-0.064,-0.067,-0.052,-0.075,-0.037,-0.095,-0.049,-0.072,-0.037,-0.094,-0.049,-0.072,-0.037,-0.095,-0.05,-0.072,-0.037,-0.093,-0.049,-0.073,-0.038,-0.093,-0.049,-0.07,-0.037,-0.096,-0.049,-0.072,-0.037,-0.095,-0.049,-0.073,-0.037,-0.095,-0.049,-0.072,-0.037,-0.095,-0.049,-0.073,-0.034,-0.095,-0.049,-0.073,-0.033,-0.095,-0.05,-0.072,-0.037,-0.095,-0.049,-0.072,-0.037,-0.095,-0.049,-0.072,-0.037,-0.095,-0.049,-0.072,-0.037,-0.095,-0.049,-0.072,-0.037,-0.095,-0.049,-0.072,-0.037,-0.095,-0.049,-0.072,-0.037,-0.095,-0.049,-0.072,-0.037,-0.095,-0.049,-0.072,-0.037,-0.095,-0.049,-0.072,-0.037,-0.095,-0.049,-0.072,-0.037,-0.095,-0.049,-0.072,-0.037,-0.095,-0.049,-0.072,-0.037,-0.083,
0.0,0.077,-0.175,-0.029,0.059,0.029,0.012,0.032,0.104,0.043,0.092,0.048,0.063,0.077,0.07,0.065,0.068,0.035,0.104,0.035,0.092,0.048,0.063,0.077,0.07,0.065,0.068,0.035,0.104,0.035,0.092,0.048,0.063,0.077,0.07,0.065,0.068,0.035,0.104,0.035,0.092,0.048,0.063,0.077,0.07,0.065,0.068,0.035,0.104,0.035,0.092,0.048,0.063,0.077,0.07,0.065,0.068,0.035,0.104,0.035,0.092,0.048,0.063,0.077,0.07,0.065,0.068,0.035,0.104,0.035,0.092,0.048,0.063,0.077,0.07,0.065,0.068,0.035,0.104,0.035,0.092,0.048,0.063,0.077,0.07,0.065,0.068,0.035,0.104,0.035,0.092,0.048,0.063,0.077,0.07,0.065,0.068,0.035,0.104,0.04,
0.0,-0.003,-0.051,-0.033,-0.029,-0.031,-0.029,-0.03,-0.029,-0.03,-0.03,-0.03,-0.03,-0.03,-0.03,-0.029,-0.031,-0.029,-0.03,-0.03,-0.03,-0.03,-0.029,-0.03,-0.03,-0.03,-0.031,-0.03,-0.029,-0.029,-0.03,-0.03,-0.03,-0.03,-0.03,-0.029,-0.03,-0.03,-0.03,-0.031,-0.03,-0.029,-0.03,-0.029,-0.03,-0.03,-0.03,-0.029,-0.03,-0.031,-0.03,-0.03,-0.029,-0.03,-0.031,-0.029,-0.03,-0.03,-0.03,-0.03,-0.029,-0.031,-0.03,-0.029,-0.03,-0.03,-0.03,-0.029,-0.03,-0.03,-0.029,-0.029,-0.03,-0.029,-0.03,-0.029,-0.03,-0.03,-0.03,-0.03,-0.029,-0.03,-0.029,-0.03,-0.03,-0.03,-0.03,-0.029,-0.03,-0.029,-0.03,-0.03,-0.031,-0.03,-0.029,-0.029,-0.03,-0.029,-0.031,-0.029,
0.0,-0.062,-0.081,-0.069,-0.091,-0.08,-0.092,-0.08,-0.091,-0.081,-0.09,-0.081,-0.091,-0.073,-0.091,-0.08,-0.092,-0.08,-0.08,-0.071,-0.084,-0.079,-0.092,-0.08,-0.092,-0.071,-0.08,-0.069,-0.091,-0.08,-0.091,-0.068,-0.081,-0.081,-0.083,-0.073,-0.09,-0.081,-0.091,-0.059,-0.082,-0.071,-0.092,-0.081,-0.091,-0.081,-0.091,-0.08,-0.083,-0.081,-0.071,-0.081,-0.091,-0.08,-0.091,-0.081,-0.083,-0.059,-0.092,-0.08,-0.083,-0.059,-0.092,-0.08,-0.083,-0.059,-0.092,-0.08,-0.091,-0.071,-0.071,-0.081,-0.083,-0.059,-0.082,-0.079,-0.092,-0.08,-0.083,-0.068,-0.085,-0.08,-0.07,-0.07,-0.091,-0.08,-0.07,-0.07,-0.083,-0.059,-0.082,-0.071,-0.071,-0.08,-0.092,-0.068,-0.083,-0.081,-0.08,-0.071,
0.0,-0.021,-0.038,-0.024,-0.03,-0.037,-0.029,-0.031,-0.035,-0.036,-0.03,-0.03,-0.036,-0.036,-0.03,-0.03,-0.036,-0.036,-0.03,-0.03,-0.036,-0.036,-0.03,-0.03,-0.036,-0.036,-0.03,-0.03,-0.036,-0.036,-0.03,-0.03,-0.037,-0.035,-0.03,-0.03,-0.036,-0.036,-0.029,-0.03,-0.036,-0.035,-0.03,-0.03,-0.036,-0.036,-0.029,-0.03,-0.035,-0.036,-0.03,-0.03,-0.035,-0.036,-0.03,-0.03,-0.036,-0.036,-0.03,-0.03,-0.036,-0.036,-0.03,-0.03,-0.036,-0.036,-0.03,-0.03,-0.036,-0.036,-0.03,-0.03,-0.036,-0.036,-0.03,-0.03,-0.036,-0.036,-0.03,-0.03,-0.036,-0.036,-0.03,-0.03,-0.036,-0.036,-0.03,-0.03,-0.036,-0.036,-0.03,-0.03,-0.036,-0.036,-0.03,-0.03,-0.036,-0.036,-0.03,-0.03,
0.0,-0.018,-0.031,-0.035,-0.012,-0.014,-0.016,-0.017,-0.017,-0.021,-0.019,-0.021,-0.019,-0.021,-0.019,-0.021,-0.019,-0.021,-0.019,-0.021,-0.019,-0.021,-0.019,-0.021,-0.019,-0.021,-0.019,-0.021,-0.019,-0.021,-0.019,-0.021,-0.019,-0.021,-0.019,-0.021,-0.019,-0.021,-0.019,-0.021,-0.019,-0.021,-0.019,-0.021,-0.019,-0.021,-0.019,-0.021,-0.019,-0.021,-0.019,-0.021,-0.019,-0.021,-0.019,-0.021,-0.019,-0.021,-0.019,-0.021,-0.019,-0.021,-0.019,-0.021,-0.019,-0.021,-0.019,-0.021,-0.019,-0.021,-0.019,-0.021,-0.019,-0.021,-0.019,-0.021,-0.019,-0.021,-0.019,-0.021,-0.019,-0.021,-0.019,-0.021,-0.019,-0.021,-0.019,-0.021,-0.019,-0.021,-0.019,-0.021,-0.019,-0.021,-0.019,-0.021,-0.019,-0.021,-0.019,-0.021,
0.0,-0.039,-0.03,-0.029,-0.036,-0.034,-0.031,-0.038,-0.032,-0.038,-0.043,-0.038,-0.034,-0.035,-0.03,-0.037,-0.047,-0.038,-0.03,-0.038,-0.043,-0.038,-0.035,-0.035,-0.031,-0.037,-0.047,-0.038,-0.031,-0.038,-0.043,-0.038,-0.035,-0.035,-0.031,-0.037,-0.047,-0.038,-0.031,-0.038,-0.043,-0.038,-0.035,-0.035,-0.031,-0.037,-0.047,-0.038,-0.031,-0.038,-0.043,-0.038,-0.035,-0.035,-0.031,-0.037,-0.047,-0.038,-0.031,-0.038,-0.043,-0.038,-0.035,-0.035,-0.031,-0.037,-0.047,-0.038,-0.031,-0.038,-0.043,-0.038,-0.035,-0.035,-0.031,-0.037,-0.047,-0.038,-0.031,-0.038,-0.043,-0.038,-0.035,-0.035,-0.031,-0.037,-0.047,-0.038,-0.031,-0.038,-0.043,-0.038,-0.035,-0.035,-0.031,-0.037,-0.047,-0.038,-0.031,-0.038,
0.0,-0.065,-0.126,-0.11,-0.12,-0.166,-0.128,-0.106,-0.124,-0.046,0.01,0.018,0.021,0.014,-0.087,-0.009,-0.082,0.026,-0.008,0.003,0.01,0.019,0.013,0.019,0.014,0.026,0.003,0.031,0.001,0.03,0.001,0.03,0.001,0.03,0.001,0.03,0.001,0.03,0.001,0.03,0.001,0.03,0.001,0.03,0.001,0.03,0.001,0.03,0.001,0.03,0.001,0.03,0.001,0.03,0.001,0.03,0.001,0.03,0.001,0.03,0.001,0.03,0.001,0.03,0.001,0.03,0.001,0.03,0.001,0.03,0.001,0.03,0.001,0.03,0.001,0.03,0.001,0.03,0.001,0.03,0.001,0.03,0.001,0.03,0.001,0.03,0.001,0.03,0.001,0.03,0.001,0.03,0.001,0.03,0.001,0.03,0.001,0.03,0.001,0.036,
0.0,-0.058,-0.064,-0.063,-0.072,-0.074,-0.063,-0.076,-0.046,-0.077,-0.05,-0.074,-0.05,-0.076,-0.05,-0.077,-0.047,-0.077,-0.048,-0.078,-0.05,-0.077,-0.047,-0.077,-0.048,-0.078,-0.05,-0.077,-0.047,-0.077,-0.048,-0.077,-0.05,-0.077,-0.05,-0.077,-0.05,-0.077,-0.05,-0.077,-0.05,-0.077,-0.047,-0.077,-0.048,-0.077,-0.048,-0.077,-0.047,-0.077,-0.051,-0.073,-0.051,-0.076,-0.05,-0.078,-0.05,-0.076,-0.051,-0.076,-0.05,-0.076,-0.05,-0.077,-0.05,-0.076,-0.05,-0.076,-0.05,-0.077,-0.05,-0.076,-0.05,-0.076,-0.05,-0.076,-0.05,-0.076,-0.05,-0.076,-0.05,-0.076,-0.05,-0.076,-0.05,-0.076,-0.05,-0.076,-0.05,-0.076,-0.05,-0.076,-0.05,-0.076,-0.05,-0.076,-0.05,-0.076,-0.05,-0.076,
0.0,-0.085,-0.089,-0.111,-0.073,-0.085,-0.08,-0.084,-0.08,-0.084,-0.082,-0.085,-0.08,-0.069,-0.083,-0.069,-0.083,-0.085,-0.08,-0.084,-0.082,-0.07,-0.08,-0.084,-0.08,-0.085,-0.08,-0.084,-0.08,-0.084,-0.08,-0.084,-0.08,-0.086,-0.066,-0.086,-0.078,-0.085,-0.08,-0.084,-0.08,-0.084,-0.08,-0.084,-0.082,-0.069,-0.08,-0.086,-0.079,-0.084,-0.08,-0.086,-0.066,-0.084,-0.08,-0.085,-0.08,-0.085,-0.082,-0.084,-0.082,-0.084,-0.082,-0.069,-0.083,-0.069,-0.083,-0.083,-0.082,-0.084,-0.08,-0.085,-0.079,-0.085,-0.082,-0.084,-0.08,-0.084,-0.083,-0.083,-0.08,-0.083,-0.08,-0.084,-0.082,-0.084,-0.082,-0.083,-0.082,-0.069,-0.083,-0.07,-0.083,-0.084,-0.08,-0.086,-0.08,-0.084,-0.082,-0.084,
0.0,-0.035,-0.051,-0.075,0.087,-0.034,0.042,-0.044,0.097,-0.089,0.086,-0.033,0.042,-0.044,0.096,-0.089,0.086,-0.034,0.042,-0.044,0.097,-0.089,0.086,-0.034,0.042,-0.044,0.097,-0.089,0.086,-0.033,0.042,-0.044,0.097,-0.087,0.086,-0.033,0.042,-0.044,0.097,-0.087,0.086,-0.032,0.042,-0.046,0.097,-0.09,0.085,-0.033,0.042,-0.046,0.097,-0.087,0.087,-0.033,0.042,-0.044,0.097,-0.089,0.086,-0.033,0.043,-0.043,0.097,-0.087,0.087,-0.033,0.043,-0.043,0.097,-0.087,0.086,-0.033,0.042,-0.044,0.096,-0.089,0.086,-0.033,0.042,-0.044,0.097,-0.089,0.086,-0.033,0.042,-0.044,0.097,-0.089,0.086,-0.033,0.042,-0.044,0.097,-0.089,0.086,-0.033,0.042,-0.044,0.097,-0.087,
0.0,-0.023,-0.049,-0.052,-0.051,-0.038,-0.05,-0.023,-0.062,-0.024,-0.062,-0.023,-0.064,-0.023,-0.064,-0.023,-0.061,-0.023,-0.064,-0.024,-0.062,-0.022,-0.064,-0.023,-0.064,-0.023,-0.064,-0.023,-0.064,-0.023,-0.064,-0.023,-0.064,-0.023,-0.064,-0.023,-0.062,-0.023,-0.061,-0.024,-0.062,-0.023,-0.064,-0.023,-0.064,-0.023,-0.062,-0.023,-0.062,-0.022,-0.064,-0.023,-0.062,-0.023,-0.064,-0.023,-0.062,-0.024,-0.061,-0.024,-0.061,-0.024,-0.061,-0.023,-0.062,-0.024,-0.061,-0.024,-0.061,-0.024,-0.062,-0.024,-0.062,-0.023,-0.062,-0.023,-0.062,-0.023,-0.062,-0.024,-0.062,-0.023,-0.062,-0.022,-0.064,-0.023,-0.064,-0.024,-0.062,-0.023,-0.064,-0.023,-0.064,-0.023,-0.062,-0.023,-0.064,-0.024,-0.062,-0.023,
0.0,-0.013,-0.026,-0.031,-0.018,-0.028,-0.017,-0.013,-0.019,-0.024,-0.033,-0.006,-0.029,-0.019,-0.009,-0.034,-0.025,-0.025,-0.033,-0.017,-0.03,-0.01,-0.023,-0.027,-0.019,-0.034,-0.003,-0.022,-0.021,-0.04,-0.025,-0.033,-0.005,-0.024,-0.026,-0.015,-0.026,-0.019,-0.033,-0.003,-0.023,-0.021,-0.034,-0.026,-0.02,-0.013,-0.031,-0.012,-0.023,-0.032,-0.019,-0.034,-0.003,-0.017,-0.02,-0.034,-0.027,-0.02,-0.013,-0.03,-0.01,-0.028,-0.017,-0.014,-0.035,-0.005,-0.017,-0.036,-0.026,-0.021,-0.017,-0.013,-0.014,-0.019,-0.013,-0.027,-0.019,-0.021,-0.018,-0.008,-0.035,-0.025,-0.026,-0.033,-0.017,-0.03,-0.025,-0.014,-0.031,-0.019,-0.02,-0.013,-0.024,-0.022,-0.034,-0.027,-0.02,-0.013,-0.03,-0.018,
0.0,-0.098,-0.081,-0.083,-0.085,-0.079,-0.084,-0.084,-0.084,-0.084,-0.084,-0.084,-0.084,-0.084,-0.084,-0.084,-0.084,-0.084,-0.084,-0.084,-0.084,-0.084,-0.084,-0.084,-0.084,-0.084,-0.084,-0.084,-0.084,-0.084,-0.084,-0.084,-0.084,-0.084,-0.084,-0.084,-0.084,-0.084,-0.084,-0.084,-0.084,-0.084,-0.084,-0.084,-0.084,-0.084,-0.084,-0.084,-0.084,-0.084,-0.084,-0.084,-0.084,-0.084,-0.084,-0.084,-0.084,-0.084,-0.084,-0.084,-0.084,-0.084,-0.084,-0.084,-0.084,-0.084,-0.084,-0.084,-0.084,-0.084,-0.084,-0.084,-0.084,-0.084,-0.084,-0.084,-0.084,-0.084,-0.084,-0.084,-0.084,-0.084,-0.084,-0.084,-0.084,-0.084,-0.084,-0.084,-0.084,-0.084,-0.084,-0.084,-0.084,-0.084,-0.084,-0.084,-0.084,-0.084,-0.084,-0.084,
0.0,-0.006,0.034,-0.007,-0.086,-0.013,-0.05,0.026,-0.088,-0.013,-0.049,-0.014,-0.087,-0.013,-0.049,0.026,-0.087,0.028,-0.05,-0.014,-0.049,-0.014,-0.049,-0.013,-0.087,-0.012,-0.049,0.026,-0.088,-0.013,-0.087,-0.013,-0.087,0.028,-0.087,0.028,-0.087,0.028,-0.088,0.028,-0.087,-0.013,-0.087,-0.013,-0.049,-0.014,-0.049,0.026,-0.087,0.028,-0.05,-0.014,-0.087,-0.013,-0.087,-0.013,-0.049,-0.013,-0.087,0.028,-0.088,-0.013,-0.087,-0.013,-0.087,-0.013,-0.049,0.026,-0.088,0.028,-0.088,-0.013,-0.087,-0.013,-0.087,-0.013,-0.049,-0.013,-0.087,0.028,-0.088,-0.013,-0.049,0.026,-0.087,-0.013,-0.087,0.028,-0.087,-0.013,-0.049,-0.013,-0.087,-0.012,-0.049,0.026,-0.088,-0.013,-0.049,-0.013,
0.0,-0.084,-0.031,-0.076,-0.095,-0.094,-0.095,-0.093,-0.096,-0.095,-0.096,-0.093,-0.096,-0.095,-0.096,-0.093,-0.096,-0.093,-0.096,-0.093,-0.096,-0.093,-0.097,-0.075,-0.097,-0.095,-0.096,-0.092,-0.081,-0.093,-0.096,-0.075,-0.097,-0.092,-0.077,-0.095,-0.096,-0.095,-0.096,-0.093,-0.077,-0.091,-0.092,-0.082,-0.097,-0.095,-0.095,-0.093,-0.092,-0.075,-0.097,-0.093,-0.096,-0.093,-0.096,-0.093,-0.096,-0.093,-0.096,-0.093,-0.095,-0.093,-0.096,-0.096,-0.096,-0.079,-0.096,-0.095,-0.077,-0.096,-0.096,-0.075,-0.096,-0.093,-0.096,-0.096,-0.084,-0.095,-0.084,-0.089,-0.077,-0.095,-0.096,-0.075,-0.097,-0.093,-0.077,-0.095,-0.096,-0.082,-0.097,-0.082,-0.096,-0.095,-0.096,-0.095,-0.096,-0.09,-0.096,-0.093,
0.0,-0.019,-0.027,-0.054,-0.049,-0.034,-0.051,-0.047,-0.047,-0.044,-0.046,-0.041,-0.049,-0.042,-0.046,-0.041,-0.048,-0.042,-0.046,-0.041,-0.049,-0.043,-0.046,-0.041,-0.048,-0.042,-0.046,-0.041,-0.049,-0.042,-0.047,-0.041,-0.048,-0.042,-0.046,-0.041,-0.048,-0.043,-0.047,-0.041,-0.048,-0.042,-0.046,-0.041,-0.049,-0.042,-0.046,-0.041,-0.048,-0.042,-0.046,-0.041,-0.048,-0.042,-0.046,-0.041,-0.048,-0.042,-0.047,-0.041,-0.049,-0.043,-0.046,-0.04,-0.049,-0.042,-0.046,-0.041,-0.049,-0.041,-0.047,-0.041,-0.048,-0.043,-0.046,-0.042,-0.048,-0.042,-0.044,-0.041,-0.049,-0.043,-0.044,-0.042,-0.048,-0.043,-0.046,-0.04,-0.048,-0.043,-0.046,-0.041,-0.048,-0.042,-0.044,-0.041,-0.049,-0.042,-0.047,-0.041,
0.0,-0.01,-0.005,-0.005,-0.013,-0.009,-0.011,-0.004,-0.004,-0.011,-0.004,-0.004,-0.01,-0.004,-0.005,-0.01,-0.005,-0.004,-0.011,-0.004,-0.004,-0.01,-0.004,-0.005,-0.01,-0.004,-0.005,-0.01,-0.005,-0.005,-0.01,-0.005,-0.004,-0.01,-0.004,-0.005,-0.01,-0.004,-0.005,-0.01,-0.004,-0.004,-0.01,-0.004,-0.004,-0.011,-0.004,-0.005,-0.01,-0.005,-0.004,-0.01,-0.005,-0.004,-0.01,-0.004,-0.004,-0.01,-0.004,-0.005,-0.01,-0.005,-0.004,-0.01,-0.005,-0.004,-0.01,-0.004,-0.005,-0.01,-0.004,-0.004,-0.01,-0.005,-0.004,-0.01,-0.004,-0.004,-0.011,-0.004,-0.005,-0.01,-0.004,-0.005,-0.01,-0.005,-0.004,-0.011,-0.004,-0.004,-0.011,-0.004,-0.005,-0.01,-0.004,-0.004,-0.01,-0.005,-0.004,-0.011,
0.0,-0.005,-0.029,-0.03,-0.033,-0.029,-0.028,-0.026,-0.028,-0.028,-0.028,-0.028,-0.028,-0.028,-0.029,-0.028,-0.028,-0.028,-0.028,-0.028,-0.027,-0.024,-0.029,-0.028,-0.028,-0.028,-0.028,-0.029,-0.028,-0.028,-0.028,-0.028,-0.028,-0.028,-0.028,-0.029,-0.027,-0.029,-0.027,-0.028,-0.028,-0.028,-0.028,-0.028,-0.028,-0.029,-0.028,-0.028,-0.027,-0.029,-0.027,-0.028,-0.028,-0.029,-0.028,-0.028,-0.028,-0.028,-0.028,-0.028,-0.027,-0.029,-0.026,-0.029,-0.027,-0.028,-0.028,-0.029,-0.028,-0.028,-0.028,-0.028,-0.028,-0.027,-0.024,-0.028,-0.028,-0.028,-0.028,-0.026,-0.029,-0.027,-0.029,-0.028,-0.028,-0.028,-0.028,-0.028,-0.027,-0.028,-0.027,-0.028,-0.028,-0.028,-0.028,-0.028,-0.027,-0.029,-0.027,-0.028,
0.0,-0.094,-0.098,-0.118,-0.11,-0.121,-0.105,-0.115,-0.101,-0.127,-0.089,-0.126,-0.095,-0.126,-0.1,-0.125,-0.095,-0.126,-0.114,-0.109,-0.116,-0.105,-0.116,-0.111,-0.112,-0.126,-0.099,-0.126,-0.096,-0.126,-0.1,-0.115,-0.117,-0.106,-0.116,-0.111,-0.115,-0.099,-0.109,-0.122,-0.113,-0.123,-0.116,-0.111,-0.105,-0.125,-0.094,-0.126,-0.101,-0.125,-0.099,-0.126,-0.1,-0.126,-0.095,-0.126,-0.098,-0.122,-0.116,-0.11,-0.112,-0.125,-0.1,-0.126,-0.1,-0.123,-0.113,-0.123,-0.113,-0.125,-0.101,-0.115,-0.113,-0.126,-0.1,-0.125,-0.084,-0.116,-0.115,-0.11,-0.116,-0.111,-0.113,-0.122,-0.117,-0.105,-0.116,-0.11,-0.102,-0.126,-0.086,-0.116,-0.115,-0.109,-0.117,-0.106,-0.113,-0.126,-0.1,-0.057,
0.0,-0.041,-0.079,-0.097,-0.093,-0.1,-0.091,-0.099,-0.091,-0.099,-0.091,-0.098,-0.093,-0.099,-0.064,-0.1,-0.092,-0.098,-0.093,-0.071,-0.164,-0.1,-0.07,-0.101,-0.072,-0.1,-0.091,-0.099,-0.092,-0.099,-0.074,-0.1,-0.091,-0.098,-0.162,-0.1,-0.092,-0.078,-0.092,-0.101,-0.064,-0.1,-0.091,-0.101,-0.078,-0.099,-0.092,-0.1,-0.091,-0.1,-0.092,-0.098,-0.092,-0.099,-0.072,-0.101,-0.072,-0.1,-0.092,-0.099,-0.092,-0.078,-0.093,-0.1,-0.091,-0.098,-0.093,-0.077,-0.093,-0.098,-0.092,-0.099,-0.093,-0.099,-0.092,-0.078,-0.092,-0.099,-0.161,-0.101,-0.07,-0.099,-0.092,-0.1,-0.092,-0.078,-0.093,-0.098,-0.093,-0.099,-0.092,-0.099,-0.074,-0.099,-0.092,-0.1,-0.074,-0.1,-0.072,-0.1,
-0.005,-0.04,-0.052,-0.16,-0.079,-0.104,-0.106,-0.116,-0.118,-0.12,-0.194,-0.093,-0.1,-0.1,-0.1,-0.111,-0.113,-0.111,-0.122,-0.123,-0.188,-0.102,-0.096,-0.096,-0.108,-0.109,-0.108,-0.119,-0.12,-0.119,-0.202,-0.081,-0.097,-0.108,-0.108,-0.109,-0.119,-0.12,-0.119,-0.196,-0.102,-0.096,-0.108,-0.108,-0.109,-0.119,-0.12,-0.12,-0.196,-0.101,-0.096,-0.108,-0.108,-0.107,-0.119,-0.12,-0.119,-0.202,-0.096,-0.097,-0.109,-0.109,-0.109,-0.121,-0.12,-0.12,-0.202,-0.096,-0.097,-0.109,-0.109,-0.109,-0.121,-0.12,-0.12,-0.202,-0.081,-0.091,-0.102,-0.103,-0.103,-0.114,-0.115,-0.114,-0.125,-0.127,-0.189,-0.099,-0.093,-0.093,-0.105,-0.105,-0.105,-0.116,-0.116,-0.115,-0.128,-0.194,-0.084,-0.105,
0.0,-0.016,-0.024,-0.022,-0.004,-0.023,-0.004,-0.032,0.006,-0.032,-0.002,-0.031,-0.002,-0.033,-0.001,-0.033,-0.002,-0.031,-0.004,-0.031,-0.004,-0.032,-0.001,-0.034,-0.001,-0.033,0.007,-0.032,-0.004,-0.032,-0.002,-0.032,-0.002,-0.032,-0.001,-0.033,-0.002,-0.032,0.007,-0.033,-0.001,-0.033,0.006,-0.033,0.006,-0.033,-0.002,-0.032,-0.002,-0.031,-0.002,-0.032,-0.001,-0.032,-0.004,-0.031,-0.002,-0.032,-0.002,-0.031,-0.004,-0.031,-0.004,-0.031,-0.004,-0.031,-0.002,-0.032,-0.001,-0.033,-0.001,-0.033,-0.001,-0.033,-0.001,-0.032,-0.002,-0.032,-0.002,-0.033,0.007,-0.033,-0.002,-0.032,-0.002,-0.032,-0.002,-0.031,-0.002,-0.032,-0.002,-0.032,-0.004,-0.032,-0.001,-0.033,-0.001,-0.032,-0.002,-0.031,
0.0,-0.073,-0.002,-0.071,-0.101,-0.112,-0.051,-0.093,-0.11,-0.05,-0.093,-0.05,-0.093,-0.11,-0.05,-0.093,-0.11,-0.05,-0.093,-0.11,-0.051,-0.093,-0.05,-0.093,-0.11,-0.05,-0.093,-0.11,-0.051,-0.093,-0.11,-0.05,-0.093,-0.11,-0.05,-0.093,-0.11,-0.05,-0.093,-0.11,-0.05,-0.093,-0.11,-0.05,-0.093,-0.108,-0.051,-0.093,-0.108,-0.111,-0.05,-0.093,-0.11,-0.05,-0.093,-0.11,-0.051,-0.093,-0.05,-0.093,-0.108,-0.111,-0.05,-0.093,-0.108,-0.111,-0.05,-0.093,-0.11,-0.05,-0.093,-0.106,-0.112,-0.05,-0.094,-0.111,-0.05,-0.093,-0.11,-0.05,-0.093,-0.11,-0.05,-0.093,-0.11,-0.051,-0.093,-0.108,-0.112,-0.05,-0.093,-0.05,-0.093,-0.106,-0.111,-0.05,-0.093,-0.05,-0.093,-0.046,
0.0,-0.008,0.061,-0.1,0.004,-0.002,0.011,-0.02,0.006,0.011,0.0,-0.011,0.008,-0.001,0.011,-0.02,0.006,-0.002,0.011,-0.021,0.006,-0.002,0.011,-0.021,0.006,-0.002,0.011,-0.021,0.006,-0.002,0.011,-0.021,0.006,-0.002,0.011,-0.021,0.006,-0.002,0.011,-0.021,0.006,-0.002,0.011,-0.021,0.006,-0.002,0.011,-0.021,0.006,-0.002,0.011,-0.021,0.006,-0.002,0.011,-0.021,0.006,-0.002,0.011,-0.021,0.006,-0.002,0.011,-0.021,0.006,-0.002,0.011,-0.021,0.006,-0.002,0.011,-0.021,0.006,-0.002,0.011,-0.021,0.006,-0.002,0.011,-0.021,0.006,-0.002,0.011,-0.021,0.006,-0.002,0.011,-0.021,0.006,-0.002,0.011,-0.021,0.006,-0.002,0.011,-0.021,0.006,-0.002,0.011,-0.021,
0.0,-0.027,-0.047,-0.022,-0.032,-0.027,-0.032,-0.027,-0.031,-0.029,-0.031,-0.027,-0.031,-0.029,-0.031,-0.027,-0.032,-0.027,-0.031,-0.027,-0.032,-0.027,-0.032,-0.027,-0.032,-0.027,-0.031,-0.029,-0.031,-0.027,-0.031,-0.029,-0.031,-0.027,-0.031,-0.027,-0.032,-0.027,-0.031,-0.027,-0.032,-0.027,-0.032,-0.027,-0.031,-0.029,-0.032,-0.027,-0.032,-0.027,-0.032,-0.027,-0.031,-0.029,-0.032,-0.027,-0.031,-0.029,-0.031,-0.027,-0.032,-0.027,-0.032,-0.027,-0.031,-0.027,-0.031,-0.029,-0.031,-0.029,-0.031,-0.029,-0.032,-0.027,-0.032,-0.027,-0.031,-0.029,-0.031,-0.029,-0.031,-0.027,-0.031,-0.029,-0.031,-0.029,-0.031,-0.027,-0.031,-0.027,-0.032,-0.027,-0.031,-0.027,-0.032,-0.027,-0.032,-0.027,-0.032,-0.029,
0.0,-0.014,-0.037,-0.022,-0.015,-0.014,-0.017,-0.013,-0.018,-0.014,-0.018,-0.013,-0.028,-0.015,-0.017,-0.013,-0.029,-0.015,-0.018,-0.014,-0.017,-0.014,-0.018,-0.014,-0.018,-0.013,-0.018,-0.013,-0.018,-0.013,-0.018,-0.013,-0.018,-0.014,-0.017,-0.014,-0.017,-0.014,-0.018,-0.014,-0.018,-0.013,-0.018,-0.013,-0.018,-0.014,-0.017,-0.014,-0.017,-0.014,-0.017,-0.014,-0.017,-0.014,-0.018,-0.013,-0.018,-0.014,-0.017,-0.014,-0.017,-0.014,-0.017,-0.014,-0.017,-0.014,-0.017,-0.014,-0.018,-0.013,-0.018,-0.013,-0.018,-0.014,-0.017,-0.014,-0.017,-0.014,-0.017,-0.014,-0.017,-0.014,-0.017,-0.014,-0.018,-0.013,-0.018,-0.013,-0.018,-0.014,-0.017,-0.014,-0.017,-0.014,-0.017,-0.014,-0.017,-0.014,-0.017,-0.014,
0.0,-0.013,-0.037,-0.034,-0.039,-0.045,-0.037,-0.046,-0.038,-0.046,-0.038,-0.046,-0.038,-0.046,-0.037,-0.046,-0.038,-0.045,-0.038,-0.045,-0.038,-0.046,-0.038,-0.046,-0.038,-0.045,-0.037,-0.046,-0.037,-0.046,-0.037,-0.046,-0.037,-0.046,-0.038,-0.046,-0.038,-0.046,-0.037,-0.046,-0.037,-0.046,-0.037,-0.046,-0.037,-0.046,-0.037,-0.046,-0.037,-0.046,-0.037,-0.046,-0.037,-0.046,-0.037,-0.046,-0.037,-0.046,-0.037,-0.046,-0.037,-0.046,-0.037,-0.046,-0.037,-0.046,-0.037,-0.046,-0.037,-0.046,-0.037,-0.046,-0.037,-0.046,-0.037,-0.046,-0.037,-0.046,-0.037,-0.046,-0.037,-0.046,-0.037,-0.046,-0.037,-0.046,-0.037,-0.046,-0.037,-0.046,-0.037,-0.046,-0.037,-0.046,-0.037,-0.046,-0.037,-0.046,-0.037,-0.046,
0.0,-0.004,-0.015,-0.005,-0.012,-0.01,-0.018,-0.016,-0.025,-0.023,-0.031,-0.029,-0.037,-0.035,-0.044,-0.043,-0.049,-0.046,-0.052,-0.047,-0.052,-0.047,-0.052,-0.046,-0.053,-0.046,-0.053,-0.047,-0.052,-0.047,-0.053,-0.046,-0.053,-0.046,-0.053,-0.046,-0.053,-0.047,-0.053,-0.045,-0.054,-0.045,-0.054,-0.045,-0.053,-0.046,-0.053,-0.047,-0.052,-0.047,-0.052,-0.047,-0.052,-0.047,-0.052,-0.047,-0.052,-0.047,-0.052,-0.047,-0.052,-0.046,-0.053,-0.047,-0.052,-0.046,-0.053,-0.046,-0.053,-0.047,-0.052,-0.047,-0.052,-0.047,-0.052,-0.046,-0.053,-0.046,-0.053,-0.046,-0.053,-0.045,-0.054,-0.045,-0.054,-0.045,-0.054,-0.045,-0.053,-0.047,-0.053,-0.046,-0.053,-0.047,-0.052,-0.047,-0.053,-0.046,-0.052,-0.047,
0.0,-0.015,-0.035,-0.04,-0.04,-0.04,-0.039,-0.038,-0.041,-0.039,-0.04,-0.04,-0.04,-0.039,-0.04,-0.039,-0.041,-0.04,-0.041,-0.039,-0.041,-0.038,-0.04,-0.04,-0.04,-0.039,-0.041,-0.038,-0.041,-0.039,-0.04,-0.04,-0.04,-0.039,-0.041,-0.039,-0.04,-0.04,-0.04,-0.039,-0.041,-0.039,-0.04,-0.04,-0.04,-0.039,-0.041,-0.039,-0.04,-0.04,-0.04,-0.039,-0.041,-0.039,-0.04,-0.04,-0.04,-0.039,-0.041,-0.039,-0.04,-0.04,-0.04,-0.039,-0.041,-0.039,-0.04,-0.04,-0.04,-0.039,-0.041,-0.039,-0.04,-0.04,-0.04,-0.039,-0.041,-0.039,-0.04,-0.04,-0.04,-0.039,-0.041,-0.039,-0.04,-0.04,-0.04,-0.039,-0.041,-0.039,-0.04,-0.04,-0.04,-0.039,-0.041,-0.039,-0.04,-0.04,-0.04,-0.039,
0.0,-0.003,-0.011,-0.011,-0.02,-0.008,-0.018,-0.011,-0.011,-0.006,-0.011,-0.009,-0.011,-0.009,-0.011,-0.009,-0.011,-0.009,-0.011,-0.009,-0.011,-0.009,-0.011,-0.009,-0.011,-0.009,-0.011,-0.011,-0.011,-0.009,-0.011,-0.009,-0.011,-0.009,-0.011,-0.011,-0.011,-0.009,-0.011,-0.011,-0.011,-0.009,-0.011,-0.011,-0.011,-0.009,-0.011,-0.009,-0.011,-0.011,-0.011,-0.009,-0.012,-0.009,-0.012,-0.009,-0.011,-0.009,-0.011,-0.009,-0.011,-0.009,-0.011,-0.009,-0.011,-0.011,-0.011,-0.009,-0.011,-0.009,-0.012,-0.009,-0.012,-0.009,-0.011,-0.009,-0.011,-0.009,-0.011,-0.009,-0.011,-0.011,-0.011,-0.009,-0.011,-0.011,-0.011,-0.009,-0.011,-0.009,-0.012,-0.009,-0.011,-0.009,-0.012,-0.009,-0.012,-0.009,-0.012,-0.008,
0.0,-0.018,-0.015,-0.029,-0.036,-0.026,-0.019,-0.021,-0.019,-0.024,-0.028,-0.035,-0.02,-0.042,-0.037,-0.023,-0.028,-0.034,-0.019,-0.042,-0.039,-0.022,-0.028,-0.034,-0.019,-0.042,-0.039,-0.021,-0.028,-0.034,-0.019,-0.043,-0.038,-0.022,-0.027,-0.034,-0.019,-0.042,-0.038,-0.022,-0.029,-0.034,-0.019,-0.042,-0.037,-0.023,-0.028,-0.033,-0.019,-0.042,-0.038,-0.021,-0.028,-0.034,-0.02,-0.042,-0.038,-0.022,-0.029,-0.034,-0.019,-0.042,-0.039,-0.021,-0.029,-0.034,-0.019,-0.042,-0.038,-0.022,-0.029,-0.033,-0.02,-0.041,-0.039,-0.022,-0.028,-0.034,-0.02,-0.041,-0.039,-0.021,-0.029,-0.033,-0.02,-0.042,-0.038,-0.022,-0.028,-0.034,-0.019,-0.042,-0.038,-0.022,-0.027,-0.035,-0.017,-0.042,-0.038,-0.022,
0.0,-0.05,-0.077,-0.096,-0.097,-0.092,-0.1,-0.103,-0.106,-0.1,-0.106,-0.102,-0.103,-0.093,-0.102,-0.096,-0.102,-0.092,-0.101,-0.096,-0.102,-0.092,-0.101,-0.096,-0.102,-0.092,-0.101,-0.096,-0.102,-0.092,-0.101,-0.096,-0.102,-0.092,-0.101,-0.096,-0.102,-0.092,-0.101,-0.096,-0.102,-0.092,-0.101,-0.096,-0.102,-0.092,-0.101,-0.096,-0.102,-0.092,-0.101,-0.096,-0.102,-0.092,-0.101,-0.096,-0.102,-0.092,-0.101,-0.096,-0.102,-0.092,-0.101,-0.096,-0.102,-0.092,-0.101,-0.096,-0.102,-0.092,-0.101,-0.096,-0.102,-0.092,-0.101,-0.096,-0.102,-0.092,-0.101,-0.096,-0.102,-0.092,-0.101,-0.096,-0.102,-0.092,-0.101,-0.096,-0.102,-0.092,-0.101,-0.096,-0.102,-0.092,-0.101,-0.096,-0.102,-0.092,-0.101,-0.096,
0.0,-0.005,-0.013,-0.005,-0.005,-0.005,-0.005,-0.005,-0.005,-0.005,-0.005,-0.005,-0.005,-0.005,-0.005,-0.004,-0.005,-0.005,-0.005,-0.005,-0.005,-0.005,-0.004,-0.005,-0.005,-0.005,-0.005,-0.005,-0.005,-0.005,-0.005,-0.005,-0.004,-0.005,-0.005,-0.005,-0.004,-0.005,-0.005,-0.005,-0.005,-0.005,-0.005,-0.005,-0.004,-0.005,-0.004,-0.005,-0.005,-0.005,-0.005,-0.005,-0.005,-0.005,-0.005,-0.005,-0.005,-0.005,-0.005,-0.005,-0.005,-0.005,-0.005,-0.005,-0.005,-0.005,-0.005,-0.005,-0.005,-0.005,-0.005,-0.005,-0.005,-0.005,-0.005,-0.005,-0.005,-0.005,-0.004,-0.005,-0.004,-0.005,-0.005,-0.005,-0.005,-0.005,-0.005,-0.005,-0.005,-0.005,-0.005,-0.005,-0.005,-0.004,-0.005,-0.005,-0.005,-0.005,-0.005,-0.005,
0.0,-0.067,-0.061,-0.056,-0.058,-0.059,-0.063,-0.086,-0.086,-0.096,-0.095,-0.098,-0.097,-0.099,-0.097,-0.099,-0.097,-0.098,-0.097,-0.098,-0.097,-0.098,-0.098,-0.098,-0.097,-0.099,-0.097,-0.099,-0.097,-0.098,-0.097,-0.099,-0.097,-0.099,-0.097,-0.098,-0.097,-0.099,-0.097,-0.1,-0.096,-0.099,-0.097,-0.099,-0.097,-0.099,-0.097,-0.099,-0.097,-0.099,-0.097,-0.099,-0.097,-0.099,-0.097,-0.099,-0.097,-0.099,-0.097,-0.099,-0.097,-0.099,-0.097,-0.098,-0.097,-0.098,-0.098,-0.099,-0.097,-0.099,-0.097,-0.099,-0.097,-0.099,-0.097,-0.099,-0.097,-0.099,-0.097,-0.099,-0.097,-0.099,-0.097,-0.099,-0.097,-0.099,-0.096,-0.099,-0.097,-0.099,-0.097,-0.099,-0.097,-0.099,-0.096,-0.099,-0.097,-0.099,-0.098,-0.098,
0.0,-0.079,-0.081,-0.058,-0.07,-0.078,-0.074,-0.087,-0.069,-0.088,-0.072,-0.091,-0.072,-0.091,-0.074,-0.087,-0.073,-0.086,-0.073,-0.087,-0.072,-0.091,-0.067,-0.087,-0.072,-0.091,-0.067,-0.086,-0.073,-0.09,-0.073,-0.091,-0.073,-0.085,-0.073,-0.091,-0.066,-0.087,-0.067,-0.085,-0.067,-0.079,-0.076,-0.09,-0.06,-0.087,-0.072,-0.09,-0.067,-0.086,-0.072,-0.086,-0.074,-0.086,-0.072,-0.091,-0.072,-0.091,-0.072,-0.091,-0.072,-0.091,-0.072,-0.091,-0.072,-0.091,-0.072,-0.091,-0.072,-0.091,-0.072,-0.091,-0.072,-0.091,-0.072,-0.091,-0.072,-0.091,-0.072,-0.091,-0.072,-0.091,-0.072,-0.091,-0.072,-0.091,-0.072,-0.091,-0.072,-0.091,-0.072,-0.091,-0.072,-0.091,-0.072,-0.091,-0.072,-0.091,-0.072,-0.07,
0.0,-0.046,-0.049,-0.082,-0.076,-0.087,-0.078,-0.087,-0.078,-0.088,-0.078,-0.087,-0.078,-0.088,-0.078,-0.087,-0.078,-0.087,-0.078,-0.087,-0.079,-0.072,-0.079,-0.088,-0.078,-0.087,-0.078,-0.087,-0.079,-0.087,-0.078,-0.087,-0.062,-0.089,-0.078,-0.088,-0.064,-0.088,-0.079,-0.087,-0.078,-0.086,-0.08,-0.086,-0.079,-0.087,-0.077,-0.087,-0.078,-0.088,-0.067,-0.088,-0.077,-0.089,-0.078,-0.087,-0.079,-0.061,-0.08,-0.087,-0.077,-0.088,-0.079,-0.086,-0.078,-0.087,-0.078,-0.087,-0.078,-0.087,-0.079,-0.087,-0.078,-0.087,-0.078,-0.087,-0.078,-0.087,-0.078,-0.074,-0.079,-0.09,-0.064,-0.09,-0.078,-0.087,-0.078,-0.087,-0.078,-0.086,-0.079,-0.088,-0.077,-0.087,-0.078,-0.088,-0.078,-0.074,-0.08,-0.089,
0.0,-0.02,-0.053,-0.045,-0.067,-0.041,-0.072,-0.03,-0.073,-0.039,-0.072,-0.041,-0.072,-0.039,-0.072,-0.035,-0.062,-0.041,-0.072,-0.04,-0.072,-0.04,-0.062,-0.04,-0.072,-0.041,-0.072,-0.04,-0.062,-0.034,-0.072,-0.041,-0.072,-0.04,-0.072,-0.04,-0.062,-0.041,-0.066,-0.03,-0.072,-0.041,-0.071,-0.04,-0.066,-0.041,-0.072,-0.03,-0.073,-0.034,-0.062,-0.035,-0.072,-0.034,-0.072,-0.041,-0.072,-0.04,-0.072,-0.04,-0.062,-0.041,-0.072,-0.039,-0.072,-0.04,-0.073,-0.04,-0.062,-0.041,-0.072,-0.04,-0.062,-0.041,-0.073,-0.039,-0.071,-0.041,-0.072,-0.04,-0.071,-0.04,-0.071,-0.04,-0.072,-0.041,-0.072,-0.04,-0.072,-0.04,-0.062,-0.035,-0.073,-0.04,-0.072,-0.04,-0.062,-0.041,-0.072,-0.03,
0.0,0.09,-0.039,-0.054,-0.068,-0.037,0.02,-0.037,-0.076,-0.037,-0.075,0.06,0.02,0.06,-0.077,0.06,-0.077,-0.037,0.022,0.059,-0.077,-0.039,0.02,-0.037,0.029,-0.039,0.02,0.059,-0.076,0.06,-0.077,0.06,0.02,-0.04,-0.075,-0.037,0.02,-0.039,0.028,-0.038,0.022,0.06,-0.077,0.06,0.018,-0.039,-0.076,0.06,0.02,0.059,-0.078,0.06,0.02,-0.039,-0.077,0.061,-0.077,0.061,0.019,-0.04,0.02,0.059,0.02,-0.039,0.02,-0.038,-0.076,0.06,-0.077,0.06,-0.077,-0.038,0.022,0.059,-0.077,0.061,-0.077,0.061,-0.077,0.061,0.02,0.059,0.019,0.059,0.019,-0.04,-0.077,0.06,-0.077,-0.038,0.02,0.059,-0.077,0.06,0.02,-0.038,0.02,-0.038,-0.076,-0.037,
0.0,-0.044,-0.122,0.051,-0.149,-0.021,-0.075,0.025,-0.059,0.028,-0.074,0.022,-0.058,0.025,-0.057,0.025,-0.058,0.027,-0.058,0.025,-0.057,0.027,-0.056,0.027,-0.057,0.027,-0.058,0.025,-0.057,0.025,-0.058,0.025,-0.057,0.025,-0.057,0.025,-0.057,0.027,-0.056,0.025,-0.057,0.028,-0.057,0.025,-0.057,0.025,-0.057,0.025,-0.058,0.027,-0.056,0.025,-0.056,0.028,-0.074,0.02,-0.058,0.025,-0.056,0.025,-0.058,0.025,-0.057,0.027,-0.056,0.025,-0.057,0.025,-0.056,0.028,-0.074,0.02,-0.058,0.025,-0.057,0.027,-0.057,0.028,-0.074,0.022,-0.058,0.025,-0.057,0.025,-0.057,0.027,-0.057,0.025,-0.057,0.027,-0.056,0.027,-0.057,0.025,-0.057,0.025,-0.057,0.025,-0.058,0.03,
0.0,-0.019,-0.027,-0.006,-0.045,-0.018,-0.033,-0.026,-0.044,-0.018,-0.043,-0.033,-0.034,-0.026,-0.044,-0.017,-0.044,-0.033,-0.034,-0.026,-0.044,-0.018,-0.043,-0.033,-0.034,-0.026,-0.044,-0.018,-0.043,-0.033,-0.034,-0.026,-0.044,-0.017,-0.044,-0.032,-0.034,-0.027,-0.044,-0.018,-0.043,-0.033,-0.034,-0.026,-0.044,-0.018,-0.043,-0.033,-0.034,-0.026,-0.044,-0.018,-0.041,-0.033,-0.034,-0.027,-0.044,-0.018,-0.043,-0.032,-0.035,-0.025,-0.044,-0.018,-0.044,-0.032,-0.035,-0.026,-0.044,-0.018,-0.043,-0.032,-0.035,-0.026,-0.044,-0.018,-0.043,-0.033,-0.033,-0.026,-0.044,-0.018,-0.044,-0.033,-0.033,-0.027,-0.044,-0.018,-0.041,-0.034,-0.034,-0.026,-0.043,-0.018,-0.043,-0.033,-0.033,-0.026,-0.044,-0.018,
0.0,-0.006,-0.011,-0.009,-0.018,-0.005,-0.02,-0.005,-0.022,-0.005,-0.019,-0.008,-0.021,-0.005,-0.02,-0.008,-0.019,-0.006,-0.019,-0.008,-0.019,-0.006,-0.013,-0.008,-0.02,-0.007,-0.019,-0.005,-0.024,-0.005,-0.019,-0.006,-0.022,-0.005,-0.019,-0.008,-0.024,-0.005,-0.02,-0.008,-0.021,-0.006,-0.019,-0.005,-0.022,-0.008,-0.024,-0.005,-0.021,-0.007,-0.022,-0.005,-0.019,-0.008,-0.019,-0.007,-0.019,-0.005,-0.019,-0.005,-0.022,-0.005,-0.02,-0.008,-0.019,-0.006,-0.022,0.005,-0.02,-0.008,-0.02,-0.005,-0.02,-0.008,-0.019,-0.008,-0.024,-0.007,-0.019,-0.009,-0.019,-0.007,-0.019,-0.006,-0.013,-0.006,-0.022,-0.005,-0.019,-0.005,-0.019,-0.005,-0.022,-0.005,-0.022,-0.005,-0.024,-0.005,-0.02,0.001,
0.0,-0.023,-0.033,-0.05,-0.052,-0.051,-0.065,-0.034,-0.056,-0.049,-0.055,-0.053,-0.057,-0.05,-0.056,-0.041,-0.051,-0.053,-0.045,-0.051,-0.056,-0.05,-0.055,-0.053,-0.054,-0.051,-0.055,-0.054,-0.054,-0.054,-0.056,-0.053,-0.054,-0.053,-0.054,-0.053,-0.056,-0.053,-0.056,-0.051,-0.051,-0.051,-0.051,-0.041,-0.055,-0.053,-0.055,-0.051,-0.056,-0.053,-0.056,-0.054,-0.051,-0.041,-0.051,-0.051,-0.051,-0.053,-0.054,-0.051,-0.056,-0.053,-0.056,-0.05,-0.056,-0.046,-0.056,-0.051,-0.056,-0.051,-0.056,-0.05,-0.056,-0.046,-0.056,-0.05,-0.057,-0.051,-0.056,-0.053,-0.055,-0.051,-0.056,-0.053,-0.054,-0.053,-0.054,-0.041,-0.055,-0.053,-0.056,-0.05,-0.057,-0.041,-0.054,-0.053,-0.054,-0.054,-0.054,-0.053,
0.0,-0.003,-0.06,-0.016,-0.014,-0.055,0.02,-0.028,0.018,-0.053,0.018,-0.028,-0.007,-0.027,-0.007,-0.027,-0.007,-0.028,-0.007,-0.027,0.018,-0.054,0.018,-0.053,0.019,-0.028,-0.007,-0.054,0.018,-0.028,-0.007,-0.027,-0.006,-0.027,-0.007,-0.027,-0.007,-0.028,0.018,-0.053,-0.008,-0.028,0.018,-0.028,-0.006,-0.027,0.018,-0.053,-0.008,-0.028,-0.006,-0.028,0.018,-0.053,-0.007,-0.028,-0.006,-0.027,-0.007,-0.028,0.018,-0.028,-0.007,-0.053,0.019,-0.053,0.018,-0.028,-0.007,-0.054,0.018,-0.028,-0.007,-0.053,0.018,-0.052,0.018,-0.028,-0.007,-0.027,-0.006,-0.028,0.018,-0.052,0.018,-0.028,-0.007,-0.053,0.018,-0.027,0.018,-0.053,-0.008,-0.028,0.018,-0.028,-0.007,-0.053,0.019,-0.028,
0.0,-0.058,-0.106,-0.115,-0.075,-0.099,-0.096,-0.095,-0.096,-0.095,-0.074,-0.096,-0.082,-0.077,-0.098,-0.088,-0.098,-0.076,-0.1,-0.093,-0.074,-0.093,-0.098,-0.092,-0.101,-0.076,-0.099,-0.077,-0.1,-0.069,-0.083,-0.096,-0.098,-0.07,-0.099,-0.096,-0.097,-0.093,-0.097,-0.092,-0.099,-0.068,-0.099,-0.095,-0.1,-0.07,-0.101,-0.095,-0.08,-0.093,-0.074,-0.095,-0.085,-0.092,-0.098,-0.092,-0.082,-0.097,-0.098,-0.07,-0.083,-0.096,-0.082,-0.097,-0.096,-0.093,-0.085,-0.077,-0.098,-0.095,-0.082,-0.095,-0.101,-0.093,-0.074,-0.097,-0.074,-0.093,-0.099,-0.077,-0.098,-0.097,-0.097,-0.07,-0.083,-0.096,-0.096,-0.077,-0.102,-0.069,-0.099,-0.093,-0.097,-0.096,-0.098,-0.069,-0.097,-0.095,-0.099,-0.072,
0.0,-0.027,-0.034,-0.057,-0.059,-0.065,-0.065,-0.065,-0.065,-0.065,-0.065,-0.065,-0.065,-0.065,-0.065,-0.065,-0.064,-0.066,-0.064,-0.065,-0.065,-0.065,-0.065,-0.065,-0.065,-0.065,-0.065,-0.065,-0.065,-0.065,-0.065,-0.065,-0.065,-0.065,-0.065,-0.065,-0.065,-0.065,-0.065,-0.065,-0.065,-0.065,-0.065,-0.065,-0.065,-0.065,-0.065,-0.065,-0.065,-0.065,-0.065,-0.065,-0.065,-0.065,-0.065,-0.064,-0.066,-0.065,-0.065,-0.065,-0.064,-0.066,-0.065,-0.065,-0.065,-0.064,-0.065,-0.065,-0.064,-0.065,-0.065,-0.065,-0.065,-0.065,-0.065,-0.065,-0.065,-0.065,-0.065,-0.065,-0.065,-0.065,-0.065,-0.065,-0.065,-0.065,-0.065,-0.064,-0.065,-0.064,-0.065,-0.066,-0.064,-0.065,-0.065,-0.065,-0.065,-0.065,-0.064,-0.065,
0.0,-0.038,-0.097,-0.072,-0.145,-0.016,-0.165,-0.086,-0.121,-0.104,-0.107,-0.013,-0.119,-0.082,-0.038,-0.037,-0.057,-0.096,-0.042,-0.104,0.033,0.019,-0.073,-0.012,-0.097,-0.043,-0.091,-0.069,-0.017,-0.069,-0.145,-0.074,-0.099,-0.046,-0.071,0.062,-0.09,0.075,-0.029,-0.075,-0.09,-0.076,-0.133,-0.05,-0.132,0.03,-0.107,0.058,-0.039,0.023,-0.156,0.013,-0.014,0.019,-0.071,0.007,-0.069,0.005,-0.069,0.005,-0.069,0.005,-0.069,0.005,-0.069,0.005,-0.069,0.005,-0.069,0.005,-0.069,0.005,-0.069,0.005,-0.069,0.005,-0.069,0.005,-0.069,0.005,-0.069,0.005,-0.069,0.005,-0.069,0.005,-0.069,0.005,-0.069,0.005,-0.069,0.005,-0.069,0.005,-0.069,0.005,-0.069,0.005,-0.069,0.005,
0.0,-0.099,-0.113,0.046,0.089,0.01,0.037,0.04,-0.009,0.046,0.031,0.07,0.066,0.031,-0.016,0.121,0.064,0.043,0.056,-0.081,-0.08,-0.063,-0.013,0.025,0.04,0.029,0.043,0.001,0.045,0.021,0.023,0.028,-0.035,0.004,0.071,0.025,0.04,0.065,0.009,0.049,0.0,-0.036,0.026,0.034,-0.01,0.057,0.005,0.024,0.052,0.044,-0.019,0.075,0.061,0.075,0.049,-0.01,-0.038,0.006,0.021,0.013,0.027,-0.024,0.085,0.047,0.003,0.038,0.074,0.044,0.02,-0.065,0.01,0.019,0.006,0.01,0.045,0.043,0.055,-0.009,-0.025,0.046,0.094,-0.013,-0.012,-0.004,0.06,0.043,-0.015,0.066,0.037,-0.019,0.061,0.012,0.036,0.044,0.084,0.018,0.008,0.066,0.082,0.018,
0.0,-0.14,-0.078,-0.109,-0.114,-0.095,-0.139,-0.103,-0.139,-0.107,-0.14,-0.11,-0.135,-0.11,-0.135,-0.11,-0.139,-0.111,-0.142,-0.11,-0.139,-0.111,-0.14,-0.111,-0.135,-0.11,-0.14,-0.112,-0.14,-0.106,-0.139,-0.111,-0.139,-0.111,-0.14,-0.112,-0.14,-0.11,-0.139,-0.111,-0.139,-0.107,-0.14,-0.11,-0.142,-0.111,-0.139,-0.112,-0.139,-0.111,-0.139,-0.111,-0.14,-0.111,-0.139,-0.11,-0.14,-0.111,-0.135,-0.095,-0.138,-0.112,-0.14,-0.083,-0.139,-0.113,-0.139,-0.107,-0.139,-0.111,-0.142,-0.083,-0.129,-0.109,-0.141,-0.112,-0.139,-0.11,-0.14,-0.11,-0.139,-0.111,-0.135,-0.095,-0.122,-0.108,-0.139,-0.107,-0.139,-0.11,-0.14,-0.111,-0.139,-0.111,-0.141,-0.11,-0.14,-0.111,-0.14,-0.11,
0.0,-0.003,-0.006,-0.004,-0.007,-0.011,-0.009,-0.009,-0.008,-0.006,-0.005,-0.005,-0.004,-0.005,-0.004,-0.005,-0.005,-0.005,-0.005,-0.005,-0.004,-0.005,-0.005,-0.005,-0.005,-0.005,-0.005,-0.005,-0.005,-0.005,-0.005,-0.005,-0.005,-0.005,-0.005,-0.005,-0.005,-0.005,-0.005,-0.005,-0.005,-0.005,-0.005,-0.005,-0.005,-0.005,-0.005,-0.005,-0.005,-0.005,-0.004,-0.005,-0.005,-0.004,-0.005,-0.005,-0.005,-0.005,-0.004,-0.005,-0.005,-0.005,-0.005,-0.004,-0.005,-0.005,-0.005,-0.005,-0.004,-0.005,-0.005,-0.005,-0.005,-0.005,-0.005,-0.005,-0.005,-0.005,-0.005,-0.005,-0.005,-0.005,-0.005,-0.005,-0.004,-0.005,-0.005,-0.005,-0.004,-0.005,-0.005,-0.005,-0.005,-0.005,-0.005,-0.005,-0.005,-0.005,-0.005,-0.005,
0.0,-0.003,-0.014,-0.02,-0.012,-0.021,-0.012,-0.021,-0.012,-0.021,-0.012,-0.021,-0.012,-0.02,-0.013,-0.02,-0.013,-0.02,-0.013,-0.02,-0.013,-0.02,-0.013,-0.02,-0.013,-0.02,-0.013,-0.02,-0.012,-0.021,-0.012,-0.021,-0.012,-0.021,-0.012,-0.021,-0.012,-0.02,-0.013,-0.02,-0.013,-0.02,-0.012,-0.021,-0.012,-0.021,-0.012,-0.021,-0.012,-0.021,-0.012,-0.021,-0.012,-0.021,-0.012,-0.021,-0.012,-0.021,-0.012,-0.021,-0.012,-0.021,-0.012,-0.021,-0.012,-0.021,-0.012,-0.021,-0.012,-0.021,-0.012,-0.021,-0.012,-0.021,-0.012,-0.021,-0.012,-0.021,-0.012,-0.021,-0.012,-0.021,-0.012,-0.021,-0.012,-0.021,-0.012,-0.021,-0.012,-0.021,-0.012,-0.021,-0.012,-0.021,-0.012,-0.021,-0.012,-0.021,-0.012,-0.021,
0.0,-0.035,-0.071,-0.044,-0.08,-0.047,-0.085,-0.067,-0.084,-0.066,-0.084,-0.067,-0.084,-0.066,-0.086,-0.066,-0.084,-0.052,-0.084,-0.068,-0.085,-0.066,-0.085,-0.066,-0.069,-0.06,-0.07,-0.06,-0.063,-0.06,-0.084,-0.066,-0.084,-0.067,-0.084,-0.067,-0.084,-0.067,-0.084,-0.067,-0.084,-0.067,-0.069,-0.06,-0.084,-0.052,-0.085,-0.066,-0.069,-0.06,-0.083,-0.067,-0.084,-0.067,-0.084,-0.067,-0.084,-0.067,-0.084,-0.052,-0.076,-0.067,-0.069,-0.068,-0.083,-0.052,-0.076,-0.066,-0.084,-0.067,-0.084,-0.067,-0.084,-0.067,-0.084,-0.067,-0.069,-0.06,-0.084,-0.052,-0.085,-0.066,-0.069,-0.06,-0.083,-0.067,-0.084,-0.067,-0.084,-0.067,-0.084,-0.067,-0.084,-0.052,-0.076,-0.067,-0.069,-0.068,-0.083,-0.052,
0.0,-0.066,-0.028,-0.036,-0.044,-0.051,-0.043,-0.044,-0.04,-0.049,-0.045,-0.046,-0.04,-0.051,-0.045,-0.046,-0.04,-0.051,-0.045,-0.046,-0.04,-0.051,-0.045,-0.046,-0.04,-0.051,-0.045,-0.046,-0.04,-0.051,-0.045,-0.046,-0.04,-0.051,-0.045,-0.046,-0.04,-0.051,-0.045,-0.046,-0.04,-0.051,-0.045,-0.046,-0.04,-0.051,-0.045,-0.046,-0.04,-0.051,-0.045,-0.046,-0.04,-0.051,-0.045,-0.046,-0.04,-0.051,-0.045,-0.046,-0.04,-0.051,-0.045,-0.046,-0.04,-0.051,-0.045,-0.046,-0.04,-0.051,-0.045,-0.046,-0.04,-0.051,-0.045,-0.046,-0.04,-0.051,-0.045,-0.046,-0.04,-0.051,-0.045,-0.046,-0.04,-0.051,-0.045,-0.046,-0.04,-0.051,-0.045,-0.046,-0.04,-0.051,-0.045,-0.046,-0.04,-0.051,-0.045,-0.032,
0.0,-0.063,-0.057,-0.124,-0.096,-0.142,-0.114,-0.138,-0.119,-0.124,-0.125,-0.125,-0.126,-0.127,-0.126,-0.127,-0.126,-0.127,-0.126,-0.127,-0.126,-0.127,-0.126,-0.127,-0.126,-0.127,-0.126,-0.127,-0.126,-0.127,-0.126,-0.127,-0.126,-0.127,-0.126,-0.127,-0.126,-0.127,-0.126,-0.127,-0.126,-0.127,-0.126,-0.127,-0.126,-0.127,-0.126,-0.127,-0.126,-0.127,-0.126,-0.127,-0.126,-0.127,-0.126,-0.127,-0.126,-0.127,-0.126,-0.127,-0.126,-0.127,-0.126,-0.127,-0.126,-0.127,-0.126,-0.127,-0.126,-0.127,-0.126,-0.127,-0.126,-0.127,-0.126,-0.127,-0.126,-0.127,-0.126,-0.127,-0.126,-0.127,-0.126,-0.127,-0.126,-0.127,-0.126,-0.127,-0.126,-0.127,-0.126,-0.127,-0.126,-0.127,-0.126,-0.127,-0.126,-0.127,-0.126,-0.122,
0.0,-0.022,-0.048,-0.054,-0.049,0.035,-0.016,-0.045,-0.054,0.039,-0.01,-0.044,-0.058,0.039,-0.014,-0.045,-0.057,0.04,-0.015,-0.045,-0.058,0.039,-0.015,-0.045,-0.058,0.039,-0.014,-0.044,-0.058,0.039,-0.014,-0.045,-0.057,0.039,-0.015,-0.044,-0.058,0.039,-0.014,-0.044,-0.057,0.039,-0.015,-0.045,-0.057,0.039,-0.014,-0.045,-0.057,0.041,-0.015,-0.043,-0.057,0.04,-0.014,-0.045,-0.057,0.041,-0.015,-0.045,-0.057,0.04,-0.015,-0.043,-0.057,0.039,-0.015,-0.045,-0.057,0.039,-0.015,-0.045,-0.058,0.04,-0.014,-0.045,-0.058,0.039,-0.014,-0.044,-0.058,0.039,-0.015,-0.045,-0.057,0.04,-0.015,-0.045,-0.058,0.04,-0.014,-0.044,-0.058,0.039,-0.014,-0.045,-0.057,0.041,-0.015,-0.045,
0.0,-0.049,-0.035,-0.076,-0.097,-0.081,-0.092,-0.082,-0.098,-0.081,-0.092,-0.082,-0.098,-0.08,-0.098,-0.081,-0.1,-0.081,-0.098,-0.081,-0.092,-0.083,-0.098,-0.074,-0.099,-0.081,-0.1,-0.081,-0.097,-0.082,-0.099,-0.081,-0.098,-0.081,-0.092,-0.082,-0.097,-0.082,-0.099,-0.081,-0.098,-0.081,-0.098,-0.081,-0.098,-0.081,-0.091,-0.082,-0.099,-0.081,-0.091,-0.082,-0.098,-0.081,-0.098,-0.081,-0.097,-0.081,-0.098,-0.081,-0.098,-0.081,-0.098,-0.081,-0.098,-0.082,-0.099,-0.08,-0.098,-0.081,-0.098,-0.081,-0.097,-0.081,-0.098,-0.081,-0.098,-0.081,-0.099,-0.081,-0.099,-0.081,-0.098,-0.082,-0.098,-0.08,-0.098,-0.082,-0.098,-0.081,-0.098,-0.082,-0.098,-0.081,-0.098,-0.082,-0.098,-0.075,-0.099,-0.081,
0.0,-0.007,-0.029,-0.04,-0.04,-0.044,-0.037,-0.049,-0.036,-0.049,-0.036,-0.049,-0.036,-0.049,-0.036,-0.05,-0.035,-0.05,-0.036,-0.049,-0.036,-0.049,-0.036,-0.05,-0.036,-0.05,-0.036,-0.05,-0.035,-0.05,-0.035,-0.05,-0.036,-0.049,-0.036,-0.05,-0.035,-0.05,-0.036,-0.05,-0.035,-0.05,-0.035,-0.05,-0.035,-0.05,-0.036,-0.049,-0.036,-0.05,-0.036,-0.05,-0.036,-0.05,-0.036,-0.05,-0.036,-0.05,-0.036,-0.05,-0.036,-0.05,-0.036,-0.05,-0.036,-0.05,-0.036,-0.05,-0.036,-0.05,-0.036,-0.05,-0.036,-0.05,-0.036,-0.05,-0.036,-0.05,-0.036,-0.049,-0.036,-0.049,-0.036,-0.049,-0.036,-0.049,-0.036,-0.049,-0.036,-0.049,-0.036,-0.049,-0.036,-0.049,-0.036,-0.049,-0.036,-0.049,-0.036,-0.049,
0.0,-0.018,-0.028,-0.05,-0.028,-0.054,-0.029,-0.06,-0.033,-0.056,-0.035,-0.052,-0.036,-0.053,-0.036,-0.051,-0.043,-0.051,-0.045,-0.051,-0.044,-0.052,-0.045,-0.051,-0.044,-0.051,-0.044,-0.051,-0.044,-0.051,-0.045,-0.051,-0.044,-0.051,-0.044,-0.051,-0.044,-0.051,-0.043,-0.052,-0.043,-0.052,-0.045,-0.051,-0.044,-0.05,-0.044,-0.052,-0.044,-0.051,-0.045,-0.051,-0.044,-0.052,-0.044,-0.051,-0.044,-0.051,-0.044,-0.052,-0.044,-0.051,-0.044,-0.051,-0.045,-0.051,-0.044,-0.051,-0.044,-0.051,-0.045,-0.05,-0.044,-0.052,-0.044,-0.052,-0.044,-0.051,-0.044,-0.052,-0.044,-0.051,-0.044,-0.051,-0.045,-0.051,-0.044,-0.052,-0.044,-0.051,-0.044,-0.052,-0.043,-0.052,-0.043,-0.052,-0.044,-0.051,-0.043,-0.051,
0.0,-0.093,-0.04,-0.125,-0.103,-0.112,-0.112,-0.115,-0.081,-0.113,-0.113,-0.081,-0.115,-0.092,-0.113,-0.094,-0.111,-0.113,-0.091,-0.113,-0.092,-0.113,-0.092,-0.112,-0.113,-0.092,-0.112,-0.113,-0.092,-0.112,-0.112,-0.112,-0.112,-0.112,-0.112,-0.112,-0.112,-0.112,-0.112,-0.112,-0.112,-0.112,-0.112,-0.112,-0.112,-0.112,-0.112,-0.112,-0.112,-0.112,-0.112,-0.112,-0.112,-0.112,-0.112,-0.112,-0.112,-0.112,-0.112,-0.112,-0.112,-0.112,-0.112,-0.112,-0.112,-0.112,-0.112,-0.112,-0.112,-0.112,-0.112,-0.112,-0.112,-0.112,-0.112,-0.112,-0.112,-0.112,-0.112,-0.112,-0.112,-0.112,-0.112,-0.112,-0.112,-0.112,-0.112,-0.112,-0.112,-0.112,-0.112,-0.112,-0.112,-0.112,-0.112,-0.112,-0.112,-0.112,-0.112,-0.112,
0.0,-0.02,-0.04,-0.027,-0.045,-0.037,-0.045,-0.037,-0.045,-0.037,-0.037,-0.039,-0.035,-0.039,-0.044,-0.038,-0.044,-0.037,-0.046,-0.037,-0.044,-0.038,-0.045,-0.029,-0.047,-0.035,-0.045,-0.037,-0.045,-0.037,-0.045,-0.037,-0.045,-0.037,-0.045,-0.037,-0.045,-0.037,-0.045,-0.037,-0.045,-0.037,-0.045,-0.037,-0.045,-0.037,-0.045,-0.037,-0.046,-0.027,-0.046,-0.038,-0.044,-0.037,-0.046,-0.035,-0.045,-0.035,-0.045,-0.037,-0.044,-0.038,-0.044,-0.038,-0.045,-0.037,-0.044,-0.037,-0.045,-0.038,-0.045,-0.037,-0.044,-0.037,-0.045,-0.038,-0.045,-0.037,-0.044,-0.037,-0.045,-0.037,-0.044,-0.038,-0.044,-0.038,-0.045,-0.035,-0.045,-0.038,-0.045,-0.037,-0.046,-0.035,-0.045,-0.037,-0.046,-0.029,-0.047,-0.037,
0.0,-0.016,-0.011,-0.017,-0.022,-0.014,-0.023,-0.014,-0.021,-0.015,-0.023,-0.015,-0.021,-0.015,-0.023,-0.014,-0.023,-0.014,-0.022,-0.015,-0.021,-0.015,-0.022,-0.016,-0.021,-0.015,-0.022,-0.016,-0.021,-0.016,-0.021,-0.015,-0.022,-0.014,-0.022,-0.014,-0.022,-0.014,-0.023,-0.015,-0.022,-0.016,-0.021,-0.016,-0.021,-0.015,-0.023,-0.014,-0.022,-0.014,-0.022,-0.015,-0.022,-0.015,-0.022,-0.015,-0.022,-0.015,-0.022,-0.015,-0.022,-0.015,-0.022,-0.015,-0.021,-0.016,-0.021,-0.015,-0.022,-0.014,-0.022,-0.015,-0.022,-0.014,-0.022,-0.015,-0.021,-0.015,-0.021,-0.016,-0.021,-0.015,-0.021,-0.015,-0.022,-0.015,-0.022,-0.014,-0.023,-0.014,-0.023,-0.014,-0.023,-0.014,-0.023,-0.014,-0.022,-0.015,-0.022,-0.008,
0.0,-0.036,-0.04,-0.021,-0.032,-0.027,-0.036,-0.029,-0.026,-0.03,-0.032,-0.028,-0.034,-0.028,-0.034,-0.028,-0.034,-0.029,-0.034,-0.029,-0.034,-0.029,-0.034,-0.029,-0.034,-0.029,-0.034,-0.029,-0.034,-0.029,-0.034,-0.029,-0.034,-0.029,-0.034,-0.029,-0.034,-0.029,-0.034,-0.029,-0.034,-0.029,-0.034,-0.029,-0.034,-0.029,-0.034,-0.029,-0.034,-0.029,-0.034,-0.029,-0.034,-0.029,-0.034,-0.029,-0.034,-0.029,-0.034,-0.029,-0.034,-0.029,-0.034,-0.029,-0.034,-0.029,-0.034,-0.029,-0.034,-0.029,-0.034,-0.029,-0.034,-0.029,-0.034,-0.029,-0.034,-0.029,-0.034,-0.029,-0.034,-0.029,-0.034,-0.029,-0.034,-0.029,-0.034,-0.029,-0.034,-0.029,-0.034,-0.029,-0.034,-0.029,-0.034,-0.029,-0.034,-0.029,-0.034,-0.028,
0.0,-0.033,-0.072,-0.095,-0.07,-0.065,-0.108,-0.059,-0.104,-0.049,-0.097,-0.07,-0.077,-0.062,-0.104,-0.07,-0.074,-0.064,-0.103,-0.069,-0.075,-0.064,-0.104,-0.069,-0.074,-0.064,-0.104,-0.069,-0.075,-0.064,-0.103,-0.068,-0.076,-0.063,-0.103,-0.069,-0.074,-0.066,-0.103,-0.069,-0.074,-0.064,-0.103,-0.068,-0.076,-0.049,-0.104,-0.069,-0.075,-0.064,-0.104,-0.066,-0.075,-0.064,-0.104,-0.068,-0.074,-0.066,-0.103,-0.068,-0.076,-0.049,-0.105,-0.069,-0.061,-0.064,-0.104,-0.068,-0.075,-0.065,-0.089,-0.069,-0.076,-0.05,-0.105,-0.069,-0.075,-0.064,-0.09,-0.069,-0.075,-0.065,-0.104,-0.055,-0.075,-0.065,-0.089,-0.071,-0.074,-0.064,-0.09,-0.07,-0.075,-0.063,-0.104,-0.069,-0.075,-0.063,-0.104,-0.068,
0.0,-0.017,-0.025,-0.084,-0.027,-0.082,-0.081,-0.027,-0.026,-0.082,-0.026,-0.084,-0.081,-0.026,-0.084,-0.082,-0.027,-0.084,-0.027,-0.084,-0.082,-0.082,-0.082,-0.082,-0.082,-0.082,-0.082,-0.026,-0.084,-0.082,-0.082,-0.027,-0.084,-0.026,-0.082,-0.026,-0.082,-0.082,-0.026,-0.084,-0.081,-0.082,-0.082,-0.082,-0.082,-0.082,-0.027,-0.084,-0.082,-0.082,-0.082,-0.082,-0.082,-0.082,-0.082,-0.026,-0.082,-0.082,-0.082,-0.082,-0.082,-0.082,-0.082,-0.082,-0.082,-0.026,-0.082,-0.026,-0.082,-0.082,-0.082,-0.082,-0.082,-0.082,-0.082,-0.082,-0.082,-0.082,-0.026,-0.082,-0.082,-0.082,-0.082,-0.082,-0.082,-0.082,-0.082,-0.082,-0.082,-0.026,-0.082,-0.082,-0.082,-0.082,-0.082,-0.082,-0.082,-0.082,-0.082,-0.082,
0.0,-0.026,-0.049,-0.032,-0.028,-0.028,-0.028,-0.028,-0.028,-0.028,-0.028,-0.028,-0.028,-0.028,-0.028,-0.028,-0.028,-0.028,-0.028,-0.028,-0.028,-0.028,-0.028,-0.028,-0.028,-0.028,-0.028,-0.028,-0.028,-0.028,-0.028,-0.028,-0.028,-0.028,-0.028,-0.028,-0.028,-0.028,-0.028,-0.028,-0.028,-0.028,-0.028,-0.028,-0.028,-0.028,-0.028,-0.028,-0.028,-0.028,-0.028,-0.028,-0.028,-0.028,-0.028,-0.028,-0.028,-0.028,-0.028,-0.028,-0.028,-0.028,-0.028,-0.028,-0.028,-0.028,-0.028,-0.028,-0.028,-0.028,-0.028,-0.028,-0.028,-0.028,-0.028,-0.028,-0.028,-0.028,-0.028,-0.028,-0.028,-0.028,-0.028,-0.028,-0.028,-0.028,-0.028,-0.028,-0.028,-0.028,-0.028,-0.028,-0.028,-0.028,-0.028,-0.028,-0.028,-0.028,-0.028,-0.028,
0.0,-0.033,-0.098,-0.116,-0.134,-0.137,-0.139,-0.137,-0.139,-0.137,-0.139,-0.137,-0.14,-0.13,-0.139,-0.137,-0.139,-0.134,-0.141,-0.134,-0.13,-0.137,-0.133,-0.132,-0.14,-0.13,-0.134,-0.138,-0.132,-0.132,-0.127,-0.134,-0.14,-0.137,-0.135,-0.137,-0.139,-0.138,-0.139,-0.134,-0.139,-0.129,-0.139,-0.137,-0.135,-0.138,-0.139,-0.13,-0.139,-0.138,-0.132,-0.133,-0.139,-0.13,-0.136,-0.132,-0.141,-0.137,-0.139,-0.134,-0.139,-0.137,-0.139,-0.137,-0.139,-0.137,-0.139,-0.137,-0.139,-0.137,-0.139,-0.137,-0.139,-0.137,-0.139,-0.137,-0.139,-0.137,-0.139,-0.137,-0.139,-0.137,-0.139,-0.137,-0.139,-0.137,-0.139,-0.137,-0.139,-0.137,-0.139,-0.137,-0.139,-0.137,-0.139,-0.137,-0.139,-0.137,-0.139,-0.106,
0.0,-0.036,-0.038,-0.073,-0.054,-0.041,-0.074,-0.035,-0.071,-0.025,-0.058,-0.026,-0.065,-0.027,-0.067,-0.033,-0.068,-0.032,-0.067,-0.033,-0.068,-0.033,-0.067,-0.031,-0.068,-0.032,-0.067,-0.031,-0.067,-0.034,-0.063,-0.033,-0.068,-0.032,-0.063,-0.033,-0.063,-0.032,-0.067,-0.032,-0.07,-0.025,-0.07,-0.026,-0.068,-0.034,-0.066,-0.033,-0.067,-0.031,-0.068,-0.033,-0.067,-0.032,-0.067,-0.032,-0.068,-0.033,-0.067,-0.032,-0.067,-0.032,-0.067,-0.033,-0.066,-0.033,-0.066,-0.032,-0.067,-0.032,-0.067,-0.032,-0.067,-0.032,-0.068,-0.031,-0.07,-0.027,-0.068,-0.032,-0.068,-0.032,-0.063,-0.033,-0.066,-0.034,-0.066,-0.033,-0.067,-0.032,-0.067,-0.033,-0.067,-0.032,-0.067,-0.032,-0.068,-0.032,-0.062,-0.033,
0.0,-0.027,-0.048,-0.073,-0.054,-0.073,-0.059,-0.073,-0.057,-0.071,-0.057,-0.075,-0.056,-0.072,-0.057,-0.072,-0.057,-0.072,-0.057,-0.072,-0.057,-0.072,-0.057,-0.072,-0.057,-0.072,-0.057,-0.072,-0.057,-0.072,-0.057,-0.072,-0.057,-0.072,-0.057,-0.072,-0.057,-0.072,-0.057,-0.072,-0.057,-0.072,-0.057,-0.072,-0.057,-0.072,-0.057,-0.072,-0.057,-0.072,-0.057,-0.072,-0.057,-0.072,-0.057,-0.072,-0.057,-0.072,-0.057,-0.072,-0.057,-0.072,-0.057,-0.072,-0.057,-0.072,-0.057,-0.072,-0.057,-0.072,-0.057,-0.072,-0.057,-0.072,-0.057,-0.072,-0.057,-0.072,-0.057,-0.072,-0.057,-0.072,-0.057,-0.072,-0.057,-0.072,-0.057,-0.072,-0.057,-0.072,-0.057,-0.072,-0.057,-0.072,-0.057,-0.072,-0.057,-0.072,-0.057,-0.072,
0.0,-0.067,-0.082,-0.144,-0.139,-0.146,-0.147,-0.147,-0.147,-0.147,-0.147,-0.147,-0.134,-0.148,-0.134,-0.148,-0.134,-0.148,-0.146,-0.147,-0.148,-0.147,-0.147,-0.148,-0.147,-0.147,-0.147,-0.147,-0.148,-0.134,-0.149,-0.146,-0.134,-0.147,-0.147,-0.147,-0.147,-0.147,-0.147,-0.147,-0.147,-0.147,-0.147,-0.147,-0.147,-0.147,-0.147,-0.147,-0.147,-0.147,-0.147,-0.147,-0.147,-0.147,-0.147,-0.147,-0.147,-0.147,-0.147,-0.147,-0.147,-0.147,-0.147,-0.147,-0.147,-0.147,-0.147,-0.147,-0.147,-0.147,-0.147,-0.147,-0.147,-0.147,-0.147,-0.147,-0.147,-0.147,-0.147,-0.147,-0.147,-0.147,-0.147,-0.147,-0.147,-0.147,-0.147,-0.147,-0.147,-0.147,-0.147,-0.147,-0.147,-0.147,-0.147,-0.147,-0.147,-0.147,-0.147,-0.137,
0.0,-0.026,0.008,-0.031,-0.041,-0.017,-0.029,-0.055,-0.046,-0.03,-0.023,-0.031,-0.03,-0.038,-0.04,-0.025,-0.043,-0.036,-0.026,-0.056,-0.046,-0.032,-0.036,-0.053,-0.022,-0.023,-0.035,-0.053,-0.022,-0.024,-0.038,-0.017,-0.029,-0.055,-0.046,-0.03,-0.023,-0.03,-0.025,-0.043,-0.036,-0.034,-0.024,-0.032,-0.053,-0.022,-0.023,-0.035,-0.031,-0.04,-0.04,-0.025,-0.043,-0.036,-0.026,-0.056,-0.046,-0.032,-0.036,-0.053,-0.022,-0.023,-0.035,-0.053,-0.022,-0.024,-0.038,-0.017,-0.029,-0.055,-0.046,-0.03,-0.023,-0.03,-0.025,-0.043,-0.036,-0.034,-0.024,-0.032,-0.053,-0.022,-0.023,-0.035,-0.031,-0.04,-0.04,-0.025,-0.043,-0.036,-0.026,-0.056,-0.046,-0.032,-0.036,-0.053,-0.022,-0.023,-0.035,-0.053,
0.0,0.031,-0.124,0.035,0.099,0.094,0.114,0.051,0.0,-0.103,0.125,0.087,0.123,0.098,0.125,0.064,0.106,0.11,0.069,0.053,0.107,0.112,0.119,0.105,0.126,0.105,0.126,0.105,0.126,0.105,0.126,0.105,0.126,0.105,0.126,0.105,0.126,0.105,0.126,0.105,0.126,0.105,0.126,0.105,0.126,0.105,0.126,0.105,0.126,0.105,0.126,0.105,0.126,0.105,0.126,0.105,0.126,0.105,0.126,0.105,0.126,0.105,0.126,0.105,0.126,0.105,0.126,0.105,0.126,0.105,0.126,0.105,0.126,0.105,0.126,0.105,0.126,0.105,0.126,0.105,0.126,0.105,0.126,0.105,0.126,0.105,0.126,0.105,0.126,0.105,0.126,0.105,0.126,0.105,0.126,0.105,0.126,0.105,0.126,0.105,
0.0,0.019,-0.032,0.001,-0.006,-0.057,0.001,-0.057,0.001,-0.043,-0.014,-0.043,0.002,-0.041,0.002,-0.056,0.001,-0.041,0.001,-0.057,0.002,-0.043,0.002,-0.039,0.001,-0.043,-0.013,-0.043,0.002,-0.039,0.002,-0.041,0.004,-0.043,0.005,-0.041,0.001,-0.043,0.002,-0.056,-0.014,-0.043,-0.013,-0.043,0.006,-0.056,0.002,-0.041,-0.015,-0.043,0.002,-0.057,0.001,-0.058,0.002,-0.043,0.002,-0.041,0.0,-0.041,0.005,-0.056,0.001,-0.041,0.001,-0.041,-0.014,-0.056,0.001,-0.056,0.001,-0.057,0.001,-0.041,-0.013,-0.044,0.002,-0.043,0.001,-0.041,0.004,-0.043,0.002,-0.043,-0.015,-0.056,0.0,-0.041,0.001,-0.041,0.004,-0.041,0.001,-0.041,0.001,-0.043,0.001,-0.043,0.002,-0.043,
0.0,-0.034,-0.102,-0.143,-0.146,-0.142,-0.146,-0.153,-0.148,-0.144,-0.148,-0.153,-0.154,-0.154,-0.154,-0.154,-0.153,-0.153,-0.154,-0.154,-0.154,-0.148,-0.154,-0.154,-0.143,-0.148,-0.153,-0.154,-0.154,-0.143,-0.148,-0.147,-0.154,-0.154,-0.154,-0.153,-0.154,-0.143,-0.148,-0.154,-0.154,-0.154,-0.154,-0.153,-0.154,-0.148,-0.154,-0.153,-0.154,-0.148,-0.153,-0.148,-0.144,-0.154,-0.153,-0.148,-0.144,-0.154,-0.154,-0.148,-0.153,-0.154,-0.143,-0.147,-0.143,-0.154,-0.153,-0.153,-0.154,-0.143,-0.148,-0.147,-0.154,-0.154,-0.154,-0.153,-0.154,-0.154,-0.154,-0.154,-0.154,-0.154,-0.143,-0.148,-0.154,-0.154,-0.143,-0.148,-0.144,-0.154,-0.143,-0.148,-0.154,-0.153,-0.154,-0.154,-0.143,-0.147,-0.154,-0.154,
0.0,-0.142,-0.053,-0.138,-0.073,-0.106,-0.153,-0.074,-0.161,-0.09,-0.139,-0.119,-0.111,-0.137,-0.125,-0.137,-0.125,-0.089,-0.09,-0.082,-0.104,-0.12,-0.062,-0.138,-0.076,-0.138,-0.076,-0.138,-0.076,-0.09,-0.09,-0.082,-0.104,-0.12,-0.062,-0.138,-0.076,-0.138,-0.076,-0.09,-0.09,-0.082,-0.104,-0.12,-0.062,-0.138,-0.076,-0.138,-0.076,-0.09,-0.09,-0.082,-0.104,-0.12,-0.062,-0.138,-0.076,-0.138,-0.076,-0.138,-0.076,-0.138,-0.076,-0.138,-0.076,-0.138,-0.076,-0.09,-0.09,-0.082,-0.104,-0.12,-0.062,-0.138,-0.076,-0.138,-0.076,-0.09,-0.09,-0.082,-0.104,-0.12,-0.062,-0.138,-0.076,-0.138,-0.076,-0.09,-0.09,-0.082,-0.104,-0.12,-0.062,-0.138,-0.076,-0.138,-0.076,-0.138,-0.076,-0.11,
0.0,-0.132,-0.109,-0.091,-0.067,-0.007,-0.039,0.0,-0.035,0.005,-0.008,0.018,-0.094,-0.004,-0.034,-0.071,-0.091,-0.027,0.011,-0.013,-0.04,0.0,-0.037,-0.057,-0.008,-0.001,-0.04,0.003,-0.037,0.007,-0.022,-0.056,-0.018,-0.034,-0.058,-0.076,-0.035,-0.065,-0.014,-0.035,-0.038,-0.073,-0.104,-0.076,-0.078,-0.017,-0.035,0.0,-0.023,-0.044,0.001,-0.01,0.02,-0.028,-0.045,-0.053,-0.005,-0.022,-0.039,0.008,0.047,0.032,-0.024,0.026,0.02,-0.012,-0.049,-0.008,-0.093,-0.049,-0.048,-0.053,-0.014,-0.012,0.041,-0.033,0.012,-0.094,-0.017,-0.042,0.003,-0.022,-0.05,0.0,-0.003,0.022,-0.009,-0.042,-0.001,-0.104,-0.01,-0.038,0.009,-0.021,-0.038,0.004,-0.023,-0.042,-0.001,-0.012,
0.0,-0.001,0.028,-0.004,-0.006,-0.004,-0.006,-0.001,-0.006,-0.002,-0.006,-0.002,-0.006,-0.002,-0.006,-0.002,-0.004,-0.004,-0.006,-0.001,-0.006,-0.004,-0.004,-0.002,-0.006,-0.002,-0.006,-0.002,-0.006,-0.004,-0.006,-0.004,-0.006,-0.004,-0.005,-0.004,-0.005,-0.001,-0.006,-0.002,-0.006,-0.002,-0.006,-0.002,-0.006,-0.002,-0.006,-0.004,-0.005,-0.001,-0.006,-0.004,-0.005,-0.001,-0.006,-0.004,-0.004,-0.004,-0.006,-0.002,-0.006,-0.004,-0.005,-0.004,-0.005,-0.004,-0.006,-0.002,-0.006,-0.004,-0.006,-0.004,-0.006,-0.002,-0.005,-0.004,-0.006,-0.002,-0.006,-0.004,-0.006,-0.001,-0.006,-0.002,-0.006,-0.004,-0.005,-0.002,-0.006,-0.002,-0.006,-0.001,-0.006,-0.004,-0.005,-0.002,-0.006,-0.004,-0.005,-0.002,
0.0,-0.03,-0.062,-0.039,-0.047,-0.051,-0.052,-0.043,-0.045,-0.043,-0.045,-0.048,-0.051,-0.052,-0.054,-0.048,-0.051,-0.052,-0.047,-0.049,-0.044,-0.046,-0.048,-0.051,-0.053,-0.054,-0.054,-0.054,-0.054,-0.054,-0.054,-0.054,-0.054,-0.054,-0.054,-0.054,-0.054,-0.054,-0.054,-0.054,-0.054,-0.054,-0.054,-0.054,-0.054,-0.054,-0.054,-0.054,-0.054,-0.054,-0.054,-0.054,-0.054,-0.054,-0.054,-0.054,-0.054,-0.054,-0.054,-0.054,-0.054,-0.054,-0.054,-0.054,-0.054,-0.054,-0.054,-0.054,-0.054,-0.054,-0.054,-0.054,-0.054,-0.054,-0.054,-0.054,-0.054,-0.054,-0.054,-0.054,-0.054,-0.054,-0.054,-0.054,-0.054,-0.054,-0.054,-0.054,-0.054,-0.054,-0.054,-0.054,-0.054,-0.054,-0.054,-0.054,-0.054,-0.054,-0.054,-0.054,
0.0,-0.024,-0.022,-0.031,-0.036,-0.066,-0.077,-0.078,-0.085,-0.08,-0.081,-0.08,-0.077,-0.083,-0.078,-0.081,-0.08,-0.085,-0.075,-0.085,-0.077,-0.08,-0.08,-0.085,-0.075,-0.085,-0.077,-0.08,-0.08,-0.085,-0.075,-0.085,-0.077,-0.08,-0.08,-0.085,-0.075,-0.085,-0.077,-0.08,-0.08,-0.085,-0.075,-0.085,-0.077,-0.08,-0.08,-0.085,-0.075,-0.085,-0.077,-0.08,-0.08,-0.085,-0.076,-0.085,-0.077,-0.08,-0.08,-0.085,-0.075,-0.086,-0.077,-0.08,-0.08,-0.085,-0.075,-0.085,-0.078,-0.08,-0.08,-0.085,-0.075,-0.085,-0.077,-0.081,-0.08,-0.085,-0.075,-0.085,-0.077,-0.08,-0.081,-0.085,-0.075,-0.085,-0.077,-0.08,-0.08,-0.086,-0.075,-0.085,-0.077,-0.08,-0.08,-0.085,-0.076,-0.085,-0.077,-0.076,
0.0,-0.035,-0.055,-0.043,0.011,-0.056,-0.002,-0.056,0.007,-0.066,0.004,-0.055,0.005,-0.055,0.005,-0.053,0.002,-0.053,0.005,-0.053,0.004,-0.055,0.006,-0.056,0.006,-0.053,-0.033,-0.052,-0.032,-0.052,0.004,-0.053,0.004,-0.089,0.007,-0.055,0.006,-0.09,0.006,-0.056,0.0,-0.056,0.005,-0.053,-0.032,-0.052,0.004,-0.053,0.006,-0.057,-0.033,-0.052,0.004,-0.053,0.006,-0.056,0.006,-0.055,0.006,-0.053,-0.031,-0.052,0.002,-0.053,0.005,-0.055,0.006,-0.056,0.006,-0.056,0.006,-0.053,-0.031,-0.052,-0.031,-0.052,-0.031,-0.052,0.005,-0.053,0.005,-0.053,0.002,-0.059,0.004,-0.059,0.004,-0.055,0.005,-0.059,0.002,-0.053,0.006,-0.055,0.005,-0.055,-0.032,-0.053,0.004,-0.053,
0.0,-0.022,-0.015,-0.04,-0.054,-0.013,-0.022,-0.019,-0.022,-0.019,-0.022,-0.019,-0.022,-0.02,-0.02,-0.02,-0.022,-0.02,-0.021,-0.02,-0.02,-0.021,-0.021,-0.019,-0.022,-0.019,-0.022,-0.019,-0.021,-0.019,-0.021,-0.019,-0.021,-0.02,-0.021,-0.02,-0.021,-0.02,-0.02,-0.021,-0.02,-0.019,-0.022,-0.02,-0.02,-0.021,-0.02,-0.021,-0.021,-0.019,-0.022,-0.02,-0.02,-0.021,-0.021,-0.02,-0.02,-0.021,-0.021,-0.02,-0.02,-0.019,-0.022,-0.019,-0.022,-0.019,-0.022,-0.019,-0.021,-0.021,-0.021,-0.02,-0.021,-0.019,-0.022,-0.02,-0.02,-0.021,-0.02,-0.021,-0.02,-0.02,-0.02,-0.02,-0.02,-0.02,-0.021,-0.02,-0.021,-0.02,-0.021,-0.019,-0.022,-0.019,-0.02,-0.021,-0.021,-0.019,-0.022,-0.019,
0.0,-0.022,-0.075,-0.071,-0.068,-0.06,-0.061,-0.055,-0.063,-0.058,-0.06,-0.054,-0.063,-0.06,-0.061,-0.061,-0.058,-0.059,-0.064,-0.061,-0.055,-0.063,-0.06,-0.061,-0.061,-0.061,-0.063,-0.055,-0.063,-0.058,-0.06,-0.06,-0.06,-0.058,-0.059,-0.061,-0.063,-0.06,-0.061,-0.058,-0.061,-0.061,-0.061,-0.06,-0.06,-0.064,-0.061,-0.054,-0.061,-0.061,-0.061,-0.061,-0.061,-0.061,-0.058,-0.054,-0.058,-0.061,-0.061,-0.061,-0.054,-0.063,-0.063,-0.06,-0.06,-0.061,-0.061,-0.061,-0.061,-0.058,-0.061,-0.061,-0.055,-0.061,-0.063,-0.061,-0.06,-0.061,-0.06,-0.061,-0.061,-0.06,-0.063,-0.061,-0.054,-0.063,-0.061,-0.061,-0.06,-0.06,-0.061,-0.061,-0.058,-0.061,-0.06,-0.063,-0.055,-0.061,-0.061,-0.063,
0.0,-0.051,-0.095,-0.07,-0.057,-0.058,-0.066,-0.055,-0.068,-0.051,-0.068,-0.052,-0.068,-0.052,-0.069,-0.052,-0.067,-0.052,-0.068,-0.051,-0.068,-0.052,-0.067,-0.052,-0.067,-0.052,-0.067,-0.052,-0.067,-0.052,-0.068,-0.051,-0.068,-0.051,-0.068,-0.051,-0.068,-0.052,-0.067,-0.052,-0.067,-0.052,-0.067,-0.052,-0.068,-0.052,-0.068,-0.052,-0.068,-0.052,-0.068,-0.051,-0.068,-0.051,-0.068,-0.051,-0.068,-0.052,-0.067,-0.052,-0.068,-0.051,-0.068,-0.051,-0.068,-0.051,-0.068,-0.052,-0.067,-0.052,-0.067,-0.052,-0.067,-0.052,-0.068,-0.052,-0.068,-0.052,-0.068,-0.052,-0.068,-0.051,-0.068,-0.051,-0.068,-0.051,-0.068,-0.052,-0.067,-0.052,-0.068,-0.051,-0.068,-0.051,-0.068,-0.051,-0.068,-0.052,-0.067,-0.052,
0.0,-0.018,-0.052,-0.098,0.016,-0.103,-0.07,-0.036,-0.09,-0.12,-0.089,-0.129,-0.06,-0.051,-0.083,-0.115,-0.084,-0.104,-0.063,-0.029,-0.091,-0.114,-0.091,-0.11,-0.063,-0.051,-0.083,-0.115,-0.091,-0.11,-0.069,-0.034,-0.091,-0.121,-0.089,-0.108,-0.069,-0.029,-0.091,-0.121,-0.089,-0.109,-0.069,-0.033,-0.09,-0.115,-0.091,-0.11,-0.069,-0.034,-0.091,-0.121,-0.089,-0.108,-0.069,-0.034,-0.089,-0.119,-0.09,-0.104,-0.069,-0.035,-0.09,-0.12,-0.09,-0.109,-0.069,-0.034,-0.089,-0.119,-0.091,-0.11,-0.069,-0.034,-0.09,-0.12,-0.091,-0.11,-0.068,-0.033,-0.09,-0.115,-0.091,-0.11,-0.069,-0.034,-0.089,-0.14,-0.083,-0.105,-0.069,-0.034,-0.091,-0.121,-0.084,-0.105,-0.069,-0.034,-0.09,-0.106,
0.001,-0.024,-0.115,-0.126,-0.123,-0.123,-0.123,-0.124,-0.124,-0.123,-0.124,-0.123,-0.123,-0.123,-0.123,-0.124,-0.123,-0.123,-0.123,-0.123,-0.123,-0.123,-0.124,-0.123,-0.123,-0.123,-0.124,-0.123,-0.123,-0.123,-0.123,-0.123,-0.123,-0.123,-0.124,-0.124,-0.123,-0.124,-0.123,-0.123,-0.123,-0.124,-0.123,-0.123,-0.123,-0.124,-0.123,-0.123,-0.123,-0.123,-0.123,-0.124,-0.123,-0.123,-0.124,-0.123,-0.124,-0.123,-0.123,-0.123,-0.123,-0.124,-0.123,-0.124,-0.123,-0.124,-0.123,-0.123,-0.123,-0.124,-0.123,-0.123,-0.123,-0.123,-0.123,-0.123,-0.123,-0.123,-0.123,-0.124,-0.123,-0.123,-0.124,-0.123,-0.123,-0.124,-0.123,-0.123,-0.124,-0.123,-0.123,-0.123,-0.123,-0.123,-0.123,-0.124,-0.123,-0.124,-0.123,-0.046,
0.0,-0.012,-0.036,-0.044,-0.049,-0.046,-0.052,-0.045,-0.05,-0.046,-0.05,-0.046,-0.05,-0.046,-0.05,-0.046,-0.05,-0.046,-0.05,-0.046,-0.05,-0.046,-0.05,-0.046,-0.05,-0.046,-0.05,-0.046,-0.05,-0.046,-0.05,-0.046,-0.05,-0.046,-0.05,-0.046,-0.05,-0.046,-0.05,-0.046,-0.05,-0.046,-0.05,-0.046,-0.05,-0.046,-0.05,-0.046,-0.05,-0.046,-0.05,-0.046,-0.05,-0.046,-0.05,-0.046,-0.05,-0.046,-0.05,-0.046,-0.05,-0.046,-0.05,-0.046,-0.05,-0.046,-0.05,-0.046,-0.05,-0.046,-0.05,-0.046,-0.05,-0.046,-0.05,-0.046,-0.05,-0.046,-0.05,-0.046,-0.05,-0.046,-0.05,-0.046,-0.05,-0.046,-0.05,-0.046,-0.05,-0.046,-0.05,-0.046,-0.05,-0.046,-0.05,-0.046,-0.05,-0.046,-0.05,-0.046,
0.0,-0.233,-0.149,-0.099,-0.14,0.04,-0.12,-0.049,-0.14,-0.095,-0.147,-0.15,-0.173,-0.102,-0.151,-0.091,-0.136,-0.048,-0.141,0.043,-0.12,-0.136,-0.171,-0.101,-0.149,0.045,-0.11,0.039,-0.107,-0.095,-0.136,0.041,-0.112,0.039,-0.107,0.031,-0.12,0.031,-0.12,0.031,-0.121,0.038,-0.12,0.031,-0.121,0.038,-0.122,-0.131,-0.173,-0.103,-0.161,-0.042,-0.141,0.048,-0.12,-0.138,-0.104,-0.124,-0.051,-0.13,0.051,-0.083,-0.12,-0.142,-0.164,-0.15,-0.173,-0.102,-0.151,0.039,-0.122,0.044,-0.121,0.036,-0.12,-0.04,-0.142,-0.034,-0.141,-0.143,-0.104,-0.123,0.02,-0.108,-0.057,-0.128,0.024,-0.108,0.024,-0.109,-0.058,-0.128,-0.107,-0.145,-0.159,-0.159,-0.113,-0.136,0.009,-0.069,
0.0,-0.112,-0.082,-0.093,-0.072,-0.083,-0.079,-0.082,-0.077,-0.082,-0.076,-0.084,-0.076,-0.082,-0.078,-0.081,-0.076,-0.082,-0.076,-0.086,-0.076,-0.084,-0.076,-0.084,-0.074,-0.083,-0.078,-0.083,-0.076,-0.082,-0.077,-0.082,-0.076,-0.081,-0.077,-0.086,-0.076,-0.081,-0.077,-0.082,-0.078,-0.083,-0.076,-0.083,-0.076,-0.082,-0.077,-0.084,-0.074,-0.083,-0.078,-0.083,-0.078,-0.084,-0.077,-0.081,-0.078,-0.083,-0.076,-0.082,-0.079,-0.082,-0.077,-0.083,-0.076,-0.083,-0.079,-0.082,-0.074,-0.084,-0.076,-0.083,-0.076,-0.083,-0.074,-0.084,-0.077,-0.083,-0.077,-0.081,-0.077,-0.082,-0.074,-0.083,-0.077,-0.082,-0.076,-0.082,-0.078,-0.081,-0.077,-0.084,-0.076,-0.081,-0.076,-0.083,-0.077,-0.086,-0.076,-0.082,
-0.008,-0.014,-0.007,-0.011,-0.012,-0.011,-0.1,-0.089,-0.085,-0.093,-0.093,-0.08,-0.092,-0.09,-0.087,-0.085,-0.091,-0.085,-0.091,-0.09,-0.087,-0.084,-0.092,-0.084,-0.092,-0.085,-0.092,-0.085,-0.092,-0.085,-0.092,-0.084,-0.092,-0.085,-0.092,-0.085,-0.092,-0.085,-0.092,-0.085,-0.092,-0.085,-0.092,-0.085,-0.092,-0.085,-0.092,-0.085,-0.092,-0.085,-0.092,-0.085,-0.092,-0.085,-0.092,-0.085,-0.092,-0.085,-0.092,-0.085,-0.092,-0.085,-0.092,-0.085,-0.092,-0.085,-0.092,-0.085,-0.092,-0.085,-0.092,-0.085,-0.092,-0.085,-0.092,-0.085,-0.092,-0.085,-0.092,-0.085,-0.092,-0.085,-0.092,-0.085,-0.092,-0.085,-0.092,-0.085,-0.092,-0.085,-0.092,-0.085,-0.092,-0.085,-0.092,-0.085,-0.092,-0.085,-0.092,-0.011,
0.0,-0.066,-0.047,-0.095,-0.071,-0.075,-0.071,-0.078,-0.075,-0.075,-0.06,-0.079,-0.071,-0.079,-0.071,-0.076,-0.072,-0.08,-0.07,-0.078,-0.071,-0.079,-0.074,-0.065,-0.073,-0.076,-0.074,-0.075,-0.072,-0.076,-0.072,-0.076,-0.072,-0.076,-0.072,-0.076,-0.072,-0.076,-0.072,-0.076,-0.072,-0.076,-0.072,-0.076,-0.072,-0.076,-0.072,-0.076,-0.072,-0.076,-0.072,-0.076,-0.072,-0.076,-0.072,-0.076,-0.072,-0.076,-0.072,-0.076,-0.072,-0.076,-0.072,-0.076,-0.072,-0.076,-0.072,-0.076,-0.072,-0.076,-0.072,-0.076,-0.072,-0.076,-0.072,-0.076,-0.072,-0.076,-0.072,-0.076,-0.072,-0.076,-0.072,-0.076,-0.072,-0.076,-0.072,-0.076,-0.072,-0.076,-0.072,-0.076,-0.072,-0.076,-0.072,-0.076,-0.072,-0.076,-0.072,-0.075,
0.0,-0.046,-0.095,-0.129,-0.13,-0.102,-0.114,-0.117,-0.114,-0.118,-0.096,-0.118,-0.094,-0.115,-0.116,-0.093,-0.117,-0.114,-0.099,-0.116,-0.116,-0.112,-0.119,-0.101,-0.115,-0.115,-0.117,-0.101,-0.115,-0.116,-0.114,-0.118,-0.096,-0.184,-0.261,-0.111,-0.116,-0.114,-0.1,-0.113,-0.117,-0.117,-0.099,-0.113,-0.117,-0.116,-0.1,-0.114,-0.114,-0.094,-0.117,-0.115,-0.1,-0.115,-0.116,-0.117,-0.114,-0.113,-0.119,-0.113,-0.12,-0.1,-0.114,-0.116,-0.114,-0.186,-0.263,-0.111,-0.116,-0.114,-0.1,-0.116,-0.114,-0.116,-0.097,-0.115,-0.116,-0.096,-0.119,-0.115,-0.097,-0.115,-0.117,-0.099,-0.119,-0.112,-0.121,-0.093,-0.119,-0.112,-0.121,-0.093,-0.119,-0.114,-0.115,-0.116,-0.193,-0.269,-0.112,-0.105,
0.0,-0.021,-0.081,-0.04,-0.048,-0.047,-0.052,-0.054,-0.042,-0.035,-0.054,-0.067,-0.056,-0.05,-0.056,-0.064,-0.05,-0.049,-0.056,-0.064,-0.05,-0.049,-0.056,-0.064,-0.05,-0.049,-0.056,-0.064,-0.049,-0.048,-0.056,-0.062,-0.05,-0.049,-0.057,-0.062,-0.052,-0.05,-0.057,-0.062,-0.052,-0.05,-0.058,-0.062,-0.05,-0.049,-0.057,-0.064,-0.05,-0.049,-0.056,-0.064,-0.05,-0.049,-0.056,-0.064,-0.05,-0.049,-0.056,-0.062,-0.052,-0.05,-0.058,-0.062,-0.05,-0.049,-0.056,-0.062,-0.052,-0.049,-0.057,-0.064,-0.05,-0.048,-0.056,-0.062,-0.05,-0.049,-0.057,-0.064,-0.05,-0.049,-0.057,-0.064,-0.05,-0.049,-0.056,-0.064,-0.05,-0.049,-0.056,-0.064,-0.049,-0.048,-0.056,-0.062,-0.05,-0.049,-0.056,-0.057,
0.0,-0.047,-0.049,-0.053,-0.061,-0.064,-0.068,-0.069,-0.068,-0.069,-0.069,-0.069,-0.069,-0.069,-0.069,-0.069,-0.069,-0.069,-0.069,-0.069,-0.069,-0.069,-0.069,-0.069,-0.069,-0.069,-0.069,-0.069,-0.069,-0.069,-0.069,-0.069,-0.069,-0.069,-0.069,-0.069,-0.069,-0.069,-0.069,-0.069,-0.069,-0.069,-0.069,-0.069,-0.069,-0.069,-0.069,-0.069,-0.069,-0.069,-0.069,-0.069,-0.069,-0.069,-0.069,-0.069,-0.069,-0.069,-0.069,-0.069,-0.069,-0.069,-0.069,-0.069,-0.069,-0.069,-0.069,-0.069,-0.069,-0.069,-0.069,-0.069,-0.069,-0.069,-0.069,-0.069,-0.069,-0.069,-0.069,-0.069,-0.069,-0.069,-0.069,-0.069,-0.069,-0.069,-0.069,-0.069,-0.069,-0.069,-0.069,-0.069,-0.069,-0.069,-0.069,-0.069,-0.069,-0.069,-0.069,-0.069,
0.0,-0.014,-0.045,0.019,-0.025,-0.073,-0.029,-0.08,-0.037,0.018,-0.029,-0.087,-0.039,0.016,-0.03,-0.05,0.02,-0.025,-0.074,-0.031,-0.081,-0.038,0.018,-0.029,-0.087,-0.039,0.016,-0.03,-0.05,0.02,-0.025,-0.074,-0.031,-0.081,-0.038,0.018,-0.029,-0.087,-0.039,0.016,-0.03,-0.05,0.02,-0.025,-0.074,-0.031,-0.081,-0.038,0.018,-0.029,-0.087,-0.039,0.016,-0.03,-0.05,0.02,-0.025,-0.074,-0.031,-0.081,-0.038,0.018,-0.029,-0.087,-0.039,0.016,-0.03,-0.05,0.02,-0.025,-0.074,-0.031,-0.081,-0.038,0.018,-0.029,-0.087,-0.039,0.016,-0.03,-0.05,0.02,-0.025,-0.074,-0.031,-0.081,-0.038,0.018,-0.029,-0.087,-0.039,0.016,-0.03,-0.05,0.02,-0.025,-0.074,-0.031,-0.081,-0.035,
0.0,-0.029,-0.014,-0.032,-0.025,-0.041,-0.027,-0.043,-0.027,-0.039,-0.027,-0.041,-0.028,-0.043,-0.028,-0.043,-0.027,-0.043,-0.028,-0.043,-0.028,-0.043,-0.028,-0.043,-0.028,-0.043,-0.028,-0.043,-0.028,-0.043,-0.028,-0.043,-0.028,-0.043,-0.028,-0.043,-0.028,-0.043,-0.028,-0.039,-0.027,-0.043,-0.028,-0.043,-0.028,-0.043,-0.028,-0.044,-0.028,-0.039,-0.027,-0.039,-0.027,-0.044,-0.024,-0.043,-0.027,-0.043,-0.024,-0.043,-0.027,-0.043,-0.028,-0.043,-0.029,-0.041,-0.028,-0.041,-0.027,-0.043,-0.025,-0.043,-0.027,-0.043,-0.025,-0.041,-0.027,-0.044,-0.028,-0.041,-0.027,-0.044,-0.027,-0.044,-0.027,-0.043,-0.028,-0.04,-0.027,-0.041,-0.028,-0.043,-0.028,-0.043,-0.027,-0.043,-0.028,-0.043,-0.028,-0.043,
0.0,-0.01,-0.023,-0.011,-0.02,-0.02,-0.023,-0.021,-0.023,-0.023,-0.022,-0.023,-0.022,-0.02,-0.02,-0.019,-0.019,-0.018,-0.018,-0.018,-0.018,-0.019,-0.018,-0.018,-0.018,-0.018,-0.018,-0.018,-0.018,-0.018,-0.018,-0.018,-0.018,-0.019,-0.018,-0.018,-0.018,-0.018,-0.018,-0.019,-0.018,-0.018,-0.018,-0.018,-0.018,-0.019,-0.018,-0.018,-0.018,-0.018,-0.018,-0.018,-0.018,-0.018,-0.018,-0.018,-0.018,-0.018,-0.018,-0.018,-0.018,-0.018,-0.018,-0.018,-0.018,-0.018,-0.018,-0.018,-0.018,-0.018,-0.018,-0.018,-0.018,-0.018,-0.018,-0.018,-0.018,-0.018,-0.018,-0.018,-0.018,-0.018,-0.018,-0.018,-0.018,-0.018,-0.018,-0.018,-0.018,-0.018,-0.018,-0.018,-0.018,-0.018,-0.018,-0.018,-0.018,-0.018,-0.018,-0.022,
0.0,-0.049,-0.078,-0.055,-0.049,-0.056,-0.042,-0.058,-0.048,-0.056,-0.044,-0.056,-0.048,-0.057,-0.049,-0.056,-0.049,-0.056,-0.049,-0.056,-0.049,-0.056,-0.049,-0.056,-0.049,-0.056,-0.049,-0.056,-0.049,-0.056,-0.049,-0.056,-0.049,-0.056,-0.049,-0.056,-0.049,-0.056,-0.049,-0.056,-0.049,-0.056,-0.049,-0.056,-0.049,-0.056,-0.049,-0.056,-0.049,-0.056,-0.049,-0.056,-0.049,-0.056,-0.049,-0.056,-0.049,-0.056,-0.049,-0.056,-0.049,-0.056,-0.049,-0.056,-0.049,-0.056,-0.049,-0.056,-0.049,-0.056,-0.049,-0.056,-0.049,-0.056,-0.049,-0.056,-0.049,-0.056,-0.049,-0.056,-0.049,-0.056,-0.049,-0.056,-0.049,-0.056,-0.049,-0.056,-0.049,-0.056,-0.049,-0.056,-0.049,-0.056,-0.049,-0.056,-0.049,-0.056,-0.049,-0.055,
0.0,-0.01,-0.018,-0.028,-0.06,-0.047,-0.05,-0.046,-0.052,-0.046,-0.051,-0.046,-0.05,-0.046,-0.052,-0.047,-0.051,-0.047,-0.051,-0.047,-0.05,-0.047,-0.051,-0.047,-0.051,-0.047,-0.051,-0.047,-0.051,-0.047,-0.051,-0.047,-0.051,-0.047,-0.051,-0.047,-0.051,-0.047,-0.05,-0.048,-0.05,-0.048,-0.051,-0.046,-0.05,-0.047,-0.051,-0.046,-0.051,-0.047,-0.05,-0.048,-0.051,-0.047,-0.043,-0.048,-0.05,-0.046,-0.052,-0.046,-0.052,-0.04,-0.051,-0.048,-0.05,-0.048,-0.051,-0.046,-0.051,-0.046,-0.052,-0.043,-0.052,-0.046,-0.051,-0.046,-0.051,-0.047,-0.051,-0.04,-0.051,-0.047,-0.05,-0.048,-0.05,-0.047,-0.051,-0.046,-0.051,-0.046,-0.052,-0.046,-0.051,-0.046,-0.05,-0.047,-0.052,-0.046,-0.05,-0.047,
0.0,-0.051,-0.07,-0.058,-0.056,-0.056,-0.057,-0.056,-0.05,-0.049,-0.048,-0.054,-0.054,-0.055,-0.054,-0.055,-0.049,-0.052,-0.05,-0.052,-0.051,-0.049,-0.05,-0.044,-0.054,-0.055,-0.054,-0.054,-0.055,-0.055,-0.055,-0.049,-0.054,-0.055,-0.054,-0.05,-0.05,-0.055,-0.055,-0.054,-0.054,-0.054,-0.051,-0.051,-0.054,-0.054,-0.054,-0.057,-0.054,-0.051,-0.055,-0.055,-0.05,-0.057,-0.049,-0.05,-0.044,-0.051,-0.046,-0.05,-0.049,-0.05,-0.054,-0.049,-0.051,-0.05,-0.048,-0.057,-0.05,-0.055,-0.054,-0.051,-0.054,-0.054,-0.051,-0.054,-0.055,-0.054,-0.053,-0.051,-0.054,-0.054,-0.054,-0.05,-0.048,-0.055,-0.051,-0.049,-0.055,-0.052,-0.054,-0.05,-0.054,-0.054,-0.054,-0.052,-0.055,-0.054,-0.051,-0.052,
0.0,-0.003,-0.009,-0.024,-0.034,-0.036,-0.033,-0.035,-0.033,-0.035,-0.034,-0.035,-0.033,-0.034,-0.033,-0.035,-0.033,-0.035,-0.033,-0.035,-0.033,-0.036,-0.033,-0.035,-0.033,-0.035,-0.034,-0.035,-0.033,-0.036,-0.031,-0.035,-0.033,-0.035,-0.034,-0.035,-0.033,-0.035,-0.033,-0.035,-0.034,-0.035,-0.033,-0.036,-0.033,-0.035,-0.033,-0.035,-0.034,-0.035,-0.033,-0.036,-0.033,-0.036,-0.033,-0.035,-0.034,-0.035,-0.033,-0.034,-0.033,-0.036,-0.033,-0.034,-0.033,-0.036,-0.031,-0.035,-0.033,-0.035,-0.033,-0.035,-0.033,-0.035,-0.033,-0.035,-0.033,-0.035,-0.033,-0.036,-0.033,-0.035,-0.033,-0.035,-0.034,-0.035,-0.034,-0.035,-0.034,-0.035,-0.033,-0.036,-0.033,-0.034,-0.033,-0.036,-0.033,-0.035,-0.031,-0.035,
0.0,-0.023,-0.025,-0.028,-0.016,-0.002,-0.011,-0.016,-0.017,-0.018,-0.017,-0.017,-0.017,-0.018,-0.017,-0.018,-0.017,-0.018,-0.017,-0.018,-0.017,-0.017,-0.017,-0.018,-0.017,-0.018,-0.018,-0.017,-0.018,-0.017,-0.017,-0.017,-0.018,-0.017,-0.018,-0.017,-0.017,-0.017,-0.017,-0.018,-0.017,-0.017,-0.018,-0.017,-0.018,-0.017,-0.017,-0.017,-0.018,-0.017,-0.018,-0.017,-0.017,-0.017,-0.017,-0.017,-0.017,-0.017,-0.017,-0.017,-0.017,-0.017,-0.018,-0.017,-0.017,-0.018,-0.017,-0.017,-0.018,-0.017,-0.017,-0.017,-0.017,-0.017,-0.018,-0.017,-0.018,-0.017,-0.017,-0.017,-0.017,-0.018,-0.017,-0.017,-0.017,-0.018,-0.017,-0.017,-0.017,-0.018,-0.017,-0.017,-0.017,-0.017,-0.017,-0.018,-0.017,-0.017,-0.018,-0.015,
0.0,-0.029,-0.048,-0.063,-0.09,-0.049,-0.052,-0.073,-0.029,-0.078,-0.047,-0.071,-0.042,-0.078,-0.047,-0.076,-0.048,-0.079,-0.047,-0.077,-0.028,-0.077,-0.051,-0.07,-0.048,-0.078,-0.039,-0.071,-0.042,-0.054,-0.048,-0.07,-0.05,-0.076,-0.027,-0.076,-0.042,-0.077,-0.048,-0.07,-0.05,-0.069,-0.042,-0.077,-0.05,-0.077,-0.047,-0.076,-0.042,-0.054,-0.042,-0.078,-0.043,-0.078,-0.047,-0.077,-0.048,-0.077,-0.047,-0.076,-0.051,-0.077,-0.043,-0.078,-0.041,-0.077,-0.05,-0.076,-0.05,-0.076,-0.044,-0.076,-0.042,-0.076,-0.043,-0.078,-0.048,-0.07,-0.048,-0.079,-0.042,-0.077,-0.05,-0.068,-0.042,-0.077,-0.042,-0.076,-0.048,-0.077,-0.042,-0.069,-0.044,-0.077,-0.042,-0.078,-0.042,-0.071,-0.05,-0.07,
0.0,-0.143,-0.233,-0.221,-0.211,-0.209,-0.196,-0.19,-0.187,-0.161,-0.156,-0.149,-0.146,-0.14,-0.136,-0.133,-0.134,-0.116,-0.132,-0.133,-0.118,-0.131,-0.134,-0.133,-0.118,-0.131,-0.134,-0.133,-0.134,-0.133,-0.134,-0.133,-0.134,-0.133,-0.134,-0.133,-0.134,-0.133,-0.134,-0.133,-0.134,-0.133,-0.134,-0.133,-0.134,-0.133,-0.134,-0.133,-0.134,-0.133,-0.134,-0.133,-0.134,-0.133,-0.134,-0.133,-0.134,-0.133,-0.134,-0.133,-0.134,-0.133,-0.134,-0.133,-0.134,-0.133,-0.134,-0.133,-0.134,-0.133,-0.134,-0.133,-0.134,-0.133,-0.134,-0.133,-0.134,-0.133,-0.134,-0.133,-0.134,-0.133,-0.134,-0.133,-0.134,-0.133,-0.134,-0.133,-0.134,-0.133,-0.134,-0.133,-0.134,-0.133,-0.134,-0.133,-0.134,-0.133,-0.134,-0.121,
0.0,0.016,-0.011,-0.018,-0.024,-0.013,-0.025,-0.013,-0.025,-0.013,-0.024,-0.014,-0.022,-0.013,-0.024,-0.014,-0.022,-0.013,-0.024,-0.014,-0.025,-0.013,-0.025,-0.013,-0.025,-0.013,-0.022,-0.014,-0.024,-0.014,-0.024,-0.014,-0.024,-0.014,-0.022,-0.013,-0.025,-0.012,-0.024,-0.013,-0.024,-0.014,-0.025,-0.013,-0.024,-0.014,-0.024,-0.013,-0.024,-0.014,-0.024,-0.013,-0.025,-0.012,-0.024,-0.013,-0.025,-0.013,-0.025,-0.013,-0.024,-0.013,-0.025,-0.013,-0.024,-0.014,-0.025,-0.013,-0.022,-0.013,-0.025,-0.013,-0.025,-0.013,-0.025,-0.013,-0.024,-0.013,-0.022,-0.014,-0.024,-0.014,-0.024,-0.014,-0.024,-0.013,-0.024,-0.014,-0.022,-0.013,-0.024,-0.013,-0.024,-0.014,-0.025,-0.013,-0.024,-0.014,-0.024,-0.014,
0.0,-0.012,0.006,-0.008,-0.019,-0.024,-0.025,-0.027,-0.026,-0.027,-0.026,-0.027,-0.026,-0.023,-0.026,-0.028,-0.026,-0.027,-0.021,-0.027,-0.026,-0.028,-0.026,-0.027,-0.026,-0.027,-0.026,-0.023,-0.026,-0.028,-0.025,-0.028,-0.026,-0.027,-0.026,-0.027,-0.026,-0.027,-0.026,-0.027,-0.026,-0.027,-0.026,-0.027,-0.026,-0.027,-0.026,-0.027,-0.026,-0.027,-0.026,-0.027,-0.026,-0.027,-0.026,-0.027,-0.026,-0.027,-0.026,-0.027,-0.026,-0.027,-0.026,-0.027,-0.026,-0.027,-0.026,-0.027,-0.026,-0.027,-0.026,-0.027,-0.026,-0.027,-0.026,-0.027,-0.026,-0.027,-0.026,-0.027,-0.026,-0.027,-0.026,-0.027,-0.026,-0.027,-0.026,-0.027,-0.026,-0.027,-0.026,-0.027,-0.026,-0.027,-0.026,-0.027,-0.026,-0.027,-0.026,-0.027,
0.0,-0.024,-0.015,-0.03,-0.021,-0.015,-0.014,-0.015,-0.014,-0.015,-0.014,-0.015,-0.014,-0.015,-0.015,-0.015,-0.014,-0.015,-0.014,-0.015,-0.014,-0.015,-0.014,-0.015,-0.014,-0.015,-0.014,-0.015,-0.014,-0.015,-0.014,-0.015,-0.014,-0.015,-0.014,-0.015,-0.014,-0.015,-0.014,-0.015,-0.014,-0.015,-0.014,-0.015,-0.014,-0.015,-0.014,-0.015,-0.014,-0.015,-0.014,-0.015,-0.014,-0.015,-0.014,-0.015,-0.014,-0.015,-0.014,-0.015,-0.014,-0.015,-0.014,-0.015,-0.014,-0.015,-0.014,-0.015,-0.014,-0.015,-0.014,-0.015,-0.014,-0.015,-0.014,-0.015,-0.014,-0.015,-0.014,-0.015,-0.014,-0.015,-0.014,-0.015,-0.014,-0.015,-0.014,-0.015,-0.014,-0.015,-0.014,-0.015,-0.014,-0.015,-0.014,-0.015,-0.014,-0.015,-0.014,-0.015,
0.0,-0.017,-0.039,-0.107,-0.102,-0.096,-0.099,-0.051,-0.111,-0.089,-0.056,-0.077,-0.062,-0.077,-0.063,-0.077,-0.062,-0.077,-0.063,-0.077,-0.062,-0.078,-0.062,-0.077,-0.062,-0.078,-0.062,-0.077,-0.062,-0.078,-0.062,-0.077,-0.062,-0.078,-0.062,-0.077,-0.062,-0.078,-0.062,-0.077,-0.062,-0.078,-0.062,-0.077,-0.062,-0.078,-0.062,-0.077,-0.062,-0.078,-0.062,-0.077,-0.062,-0.078,-0.062,-0.077,-0.062,-0.078,-0.062,-0.077,-0.062,-0.078,-0.062,-0.077,-0.062,-0.078,-0.062,-0.077,-0.062,-0.078,-0.062,-0.077,-0.062,-0.078,-0.062,-0.077,-0.062,-0.078,-0.062,-0.077,-0.062,-0.078,-0.062,-0.077,-0.062,-0.078,-0.062,-0.077,-0.062,-0.078,-0.062,-0.077,-0.062,-0.078,-0.062,-0.077,-0.062,-0.078,-0.062,-0.077,
0.0,-0.026,-0.055,-0.028,-0.045,-0.041,-0.053,-0.053,-0.042,-0.052,-0.041,-0.05,-0.041,-0.05,-0.041,-0.05,-0.041,-0.05,-0.041,-0.05,-0.041,-0.05,-0.041,-0.05,-0.041,-0.05,-0.041,-0.05,-0.041,-0.05,-0.041,-0.05,-0.041,-0.05,-0.041,-0.05,-0.041,-0.05,-0.041,-0.05,-0.041,-0.05,-0.041,-0.05,-0.041,-0.05,-0.041,-0.05,-0.041,-0.05,-0.041,-0.05,-0.041,-0.05,-0.041,-0.05,-0.041,-0.05,-0.041,-0.05,-0.041,-0.05,-0.041,-0.05,-0.041,-0.05,-0.041,-0.05,-0.041,-0.05,-0.041,-0.05,-0.041,-0.05,-0.041,-0.05,-0.041,-0.05,-0.041,-0.05,-0.041,-0.05,-0.041,-0.05,-0.041,-0.05,-0.041,-0.05,-0.041,-0.05,-0.041,-0.05,-0.041,-0.05,-0.041,-0.05,-0.041,-0.05,-0.041,-0.05,
0.0,-0.01,-0.015,-0.027,-0.059,-0.008,-0.049,-0.007,-0.049,-0.007,-0.049,-0.007,-0.049,-0.007,-0.049,0.014,-0.058,-0.007,-0.049,-0.007,-0.05,-0.002,-0.007,-0.049,-0.007,-0.049,-0.007,-0.049,-0.007,-0.049,-0.007,-0.049,-0.007,-0.049,-0.007,-0.049,-0.007,-0.049,-0.007,-0.03,-0.012,-0.007,-0.05,-0.006,-0.044,-0.006,-0.006,-0.049,-0.007,-0.049,-0.002,-0.007,-0.049,-0.007,-0.05,-0.007,-0.049,-0.007,-0.049,-0.008,-0.05,-0.007,-0.049,0.014,-0.058,-0.007,-0.05,-0.007,-0.05,-0.002,-0.007,-0.049,-0.007,-0.049,-0.007,-0.049,-0.007,-0.049,-0.007,-0.049,-0.007,-0.049,-0.007,-0.049,-0.007,-0.049,-0.007,-0.029,-0.016,-0.049,-0.007,-0.049,-0.007,-0.049,-0.007,-0.049,-0.007,-0.049,-0.007,-0.043,
0.0,-0.1,-0.098,-0.126,-0.113,-0.133,-0.114,-0.133,-0.115,-0.134,-0.115,-0.134,-0.114,-0.134,-0.153,-0.115,-0.134,-0.115,-0.134,-0.114,-0.134,-0.153,-0.116,-0.135,-0.114,-0.133,-0.114,-0.133,-0.115,-0.134,-0.114,-0.133,-0.114,-0.134,-0.149,-0.158,-0.119,-0.138,-0.114,-0.133,-0.116,-0.135,0.043,-0.108,-0.113,-0.132,-0.116,-0.135,-0.116,-0.135,-0.116,-0.136,-0.155,0.034,-0.11,0.051,-0.108,-0.114,-0.133,-0.114,-0.134,-0.153,-0.114,-0.133,-0.115,-0.134,-0.114,-0.133,-0.114,-0.133,-0.114,-0.133,-0.114,-0.133,-0.114,-0.133,-0.114,-0.133,-0.114,-0.133,-0.114,-0.133,-0.114,-0.133,-0.008,-0.118,-0.114,-0.133,-0.153,-0.158,-0.12,-0.14,-0.148,-0.145,-0.14,-0.114,-0.133,-0.115,-0.134,-0.021,
0.0,-0.064,0.015,-0.003,-0.044,-0.016,-0.062,-0.053,-0.024,-0.047,-0.022,-0.058,-0.051,-0.022,-0.041,-0.016,-0.058,-0.051,-0.019,-0.043,-0.017,-0.063,-0.054,-0.025,-0.049,-0.024,-0.069,-0.048,-0.02,-0.043,-0.017,-0.058,-0.05,-0.021,-0.041,-0.015,-0.06,-0.052,-0.02,-0.043,-0.017,-0.063,-0.056,-0.025,-0.05,-0.014,-0.059,-0.051,-0.022,-0.046,-0.021,-0.066,-0.058,-0.029,-0.052,-0.028,-0.072,-0.049,-0.02,-0.043,-0.019,-0.059,-0.051,-0.022,-0.045,-0.015,-0.06,-0.052,-0.023,-0.042,-0.016,-0.062,-0.053,-0.024,-0.047,-0.022,-0.058,-0.05,-0.019,-0.043,-0.017,-0.063,-0.054,-0.019,-0.041,-0.015,-0.058,-0.05,-0.018,-0.069,-0.044,-0.058,-0.05,-0.021,-0.042,-0.016,-0.059,-0.051,-0.022,-0.045,
0.0,-0.006,-0.02,-0.014,-0.028,-0.015,-0.028,-0.015,-0.028,-0.015,-0.028,-0.014,-0.029,-0.014,-0.028,-0.015,-0.028,-0.015,-0.028,-0.014,-0.029,-0.014,-0.029,-0.014,-0.029,-0.014,-0.028,-0.014,-0.029,-0.014,-0.028,-0.015,-0.028,-0.015,-0.028,-0.015,-0.028,-0.014,-0.029,-0.014,-0.029,-0.014,-0.029,-0.014,-0.028,-0.015,-0.028,-0.015,-0.028,-0.015,-0.028,-0.014,-0.029,-0.014,-0.029,-0.014,-0.029,-0.014,-0.028,-0.015,-0.028,-0.015,-0.028,-0.015,-0.028,-0.014,-0.029,-0.014,-0.029,-0.014,-0.029,-0.014,-0.028,-0.015,-0.028,-0.015,-0.028,-0.015,-0.028,-0.014,-0.029,-0.014,-0.029,-0.014,-0.029,-0.014,-0.028,-0.015,-0.028,-0.015,-0.028,-0.015,-0.028,-0.014,-0.029,-0.014,-0.029,-0.014,-0.029,-0.014,
0.0,-0.016,-0.037,-0.034,-0.024,-0.031,-0.024,-0.028,-0.04,-0.032,-0.04,-0.025,-0.024,-0.027,-0.041,-0.024,-0.041,-0.032,-0.014,-0.029,-0.041,-0.032,-0.032,-0.033,-0.022,-0.028,-0.041,-0.021,-0.044,-0.032,-0.024,-0.028,-0.04,-0.032,-0.04,-0.032,-0.022,-0.029,-0.034,-0.031,-0.025,-0.032,-0.024,-0.028,-0.041,-0.032,-0.041,-0.032,-0.014,-0.028,-0.025,-0.033,-0.04,-0.031,-0.015,-0.028,-0.024,-0.032,-0.041,-0.032,-0.024,-0.028,-0.041,-0.032,-0.04,-0.032,-0.007,-0.028,-0.042,-0.032,-0.041,-0.032,-0.022,-0.028,-0.041,-0.032,-0.04,-0.032,-0.022,-0.029,-0.041,-0.032,-0.041,-0.032,-0.022,-0.027,-0.04,-0.025,-0.041,-0.031,-0.025,-0.028,-0.041,-0.032,-0.04,-0.032,-0.022,-0.029,-0.04,-0.032,
0.0,-0.043,-0.068,-0.107,-0.112,-0.102,-0.086,-0.117,-0.1,-0.096,-0.1,-0.095,-0.1,-0.096,-0.099,-0.096,-0.101,-0.093,-0.099,-0.098,-0.098,-0.097,-0.099,-0.095,-0.1,-0.096,-0.094,-0.096,-0.099,-0.097,-0.098,-0.096,-0.1,-0.093,-0.1,-0.096,-0.099,-0.096,-0.094,-0.097,-0.099,-0.097,-0.099,-0.096,-0.099,-0.096,-0.099,-0.096,-0.099,-0.091,-0.099,-0.096,-0.094,-0.096,-0.1,-0.093,-0.1,-0.096,-0.094,-0.096,-0.094,-0.096,-0.099,-0.097,-0.099,-0.097,-0.099,-0.096,-0.094,-0.097,-0.097,-0.097,-0.098,-0.097,-0.1,-0.096,-0.099,-0.097,-0.098,-0.097,-0.099,-0.096,-0.098,-0.097,-0.099,-0.095,-0.1,-0.097,-0.099,-0.096,-0.099,-0.09,-0.099,-0.097,-0.097,-0.097,-0.099,-0.097,-0.099,-0.092,
0.0,-0.005,-0.003,-0.019,-0.005,-0.088,-0.011,-0.092,-0.016,-0.094,-0.016,-0.095,-0.016,-0.095,-0.016,-0.094,-0.016,-0.095,-0.016,-0.095,-0.016,-0.095,-0.016,-0.095,-0.016,-0.095,-0.016,-0.095,-0.016,-0.095,-0.016,-0.095,-0.016,-0.095,-0.016,-0.095,-0.016,-0.095,-0.016,-0.095,-0.016,-0.095,-0.016,-0.095,-0.016,-0.095,-0.016,-0.095,-0.016,-0.095,-0.016,-0.095,-0.016,-0.095,-0.016,-0.095,-0.016,-0.095,-0.016,-0.095,-0.016,-0.095,-0.016,-0.095,-0.016,-0.095,-0.016,-0.095,-0.016,-0.095,-0.016,-0.095,-0.016,-0.095,-0.016,-0.095,-0.016,-0.095,-0.016,-0.095,-0.016,-0.095,-0.016,-0.095,-0.016,-0.095,-0.016,-0.095,-0.016,-0.095,-0.016,-0.095,-0.016,-0.095,-0.016,-0.095,-0.016,-0.095,-0.016,-0.077,
0.0,-0.043,-0.083,-0.169,-0.166,-0.173,-0.177,-0.173,-0.177,-0.174,-0.176,-0.173,-0.176,-0.175,-0.176,-0.173,-0.177,-0.174,-0.175,-0.174,-0.177,-0.173,-0.176,-0.175,-0.175,-0.174,-0.177,-0.173,-0.176,-0.175,-0.175,-0.174,-0.177,-0.173,-0.176,-0.175,-0.175,-0.174,-0.177,-0.173,-0.176,-0.175,-0.175,-0.174,-0.177,-0.173,-0.176,-0.175,-0.175,-0.174,-0.177,-0.173,-0.176,-0.175,-0.175,-0.174,-0.177,-0.173,-0.176,-0.175,-0.175,-0.174,-0.177,-0.173,-0.176,-0.175,-0.175,-0.174,-0.177,-0.173,-0.176,-0.175,-0.175,-0.174,-0.177,-0.173,-0.176,-0.175,-0.175,-0.174,-0.177,-0.173,-0.176,-0.175,-0.175,-0.174,-0.177,-0.173,-0.176,-0.175,-0.175,-0.174,-0.177,-0.173,-0.176,-0.175,-0.175,-0.174,-0.177,-0.161,
0.0,-0.003,-0.031,-0.019,-0.02,-0.019,-0.019,-0.019,-0.019,-0.019,-0.019,-0.019,-0.019,-0.019,-0.019,-0.02,-0.019,-0.019,-0.019,-0.019,-0.019,-0.019,-0.019,-0.019,-0.019,-0.02,-0.019,-0.019,-0.019,-0.019,-0.019,-0.019,-0.019,-0.019,-0.02,-0.019,-0.019,-0.019,-0.019,-0.019,-0.019,-0.019,-0.019,-0.02,-0.019,-0.019,-0.019,-0.02,-0.019,-0.019,-0.019,-0.019,-0.019,-0.019,-0.019,-0.019,-0.019,-0.019,-0.019,-0.019,-0.02,-0.019,-0.019,-0.02,-0.018,-0.019,-0.019,-0.019,-0.019,-0.019,-0.019,-0.019,-0.019,-0.019,-0.019,-0.019,-0.019,-0.02,-0.019,-0.019,-0.02,-0.019,-0.019,-0.019,-0.019,-0.019,-0.02,-0.019,-0.02,-0.019,-0.019,-0.019,-0.019,-0.019,-0.019,-0.02,-0.019,-0.019,-0.019,-0.019,
0.0,-0.088,-0.105,-0.102,-0.136,-0.108,-0.189,-0.18,-0.113,-0.102,-0.142,-0.106,-0.194,-0.181,-0.114,-0.101,-0.136,-0.108,-0.187,-0.18,-0.114,-0.101,-0.143,-0.105,-0.195,-0.18,-0.114,-0.102,-0.135,-0.108,-0.141,-0.107,-0.195,-0.18,-0.114,-0.102,-0.136,-0.107,-0.141,-0.108,-0.195,-0.181,-0.113,-0.102,-0.136,-0.108,-0.141,-0.108,-0.195,-0.18,-0.114,-0.102,-0.135,-0.108,-0.188,-0.178,-0.113,-0.102,-0.143,-0.106,-0.195,-0.18,-0.114,-0.102,-0.136,-0.108,-0.14,-0.108,-0.194,-0.181,-0.114,-0.102,-0.136,-0.107,-0.141,-0.108,-0.195,-0.18,-0.114,-0.102,-0.136,-0.107,-0.141,-0.108,-0.194,-0.181,-0.114,-0.101,-0.136,-0.108,-0.187,-0.178,-0.114,-0.102,-0.142,-0.106,-0.195,-0.18,-0.114,-0.086,
0.0,-0.007,-0.006,-0.006,-0.007,-0.007,-0.007,-0.007,-0.008,-0.006,-0.006,-0.008,-0.006,-0.007,-0.007,-0.006,-0.007,-0.006,-0.007,-0.007,-0.006,-0.007,-0.007,-0.007,-0.006,-0.006,-0.008,-0.006,-0.006,-0.008,-0.005,-0.007,-0.007,-0.008,-0.005,-0.007,-0.007,-0.007,-0.006,-0.007,-0.006,-0.007,-0.008,-0.006,-0.006,-0.007,-0.007,-0.006,-0.007,-0.006,-0.007,-0.007,-0.007,-0.007,-0.007,-0.007,-0.007,-0.006,-0.007,-0.007,-0.007,-0.007,-0.007,-0.007,-0.007,-0.007,-0.007,-0.007,-0.006,-0.007,-0.006,-0.008,-0.006,-0.006,-0.007,-0.005,-0.007,-0.007,-0.007,-0.007,-0.006,-0.006,-0.008,-0.007,-0.007,-0.005,-0.008,-0.007,-0.007,-0.007,-0.007,-0.007,-0.007,-0.007,-0.007,-0.007,-0.007,-0.007,-0.007,-0.007,
0.0,-0.006,-0.008,-0.009,-0.012,-0.012,-0.011,-0.011,-0.009,-0.011,-0.009,-0.012,-0.011,-0.012,-0.012,-0.009,-0.013,-0.008,-0.013,-0.008,-0.009,-0.013,-0.008,-0.009,-0.011,-0.009,-0.011,-0.009,-0.009,-0.012,-0.009,-0.009,-0.013,-0.008,-0.012,-0.009,-0.013,-0.008,-0.011,-0.011,-0.013,-0.009,-0.011,-0.012,-0.009,-0.013,-0.008,-0.011,-0.009,-0.011,-0.009,-0.012,-0.009,-0.012,-0.009,-0.011,-0.009,-0.013,-0.008,-0.011,-0.012,-0.012,-0.011,-0.011,-0.012,-0.011,-0.011,-0.011,-0.011,-0.012,-0.012,-0.011,-0.009,-0.009,-0.012,-0.012,-0.011,-0.012,-0.009,-0.011,-0.011,-0.012,-0.009,-0.013,-0.011,-0.012,-0.009,-0.011,-0.009,-0.011,-0.011,-0.012,-0.012,-0.012,-0.012,-0.012,-0.011,-0.012,-0.012,-0.009,
0.0,-0.012,-0.013,-0.011,-0.013,-0.011,-0.013,-0.012,-0.01,-0.014,-0.01,-0.014,-0.011,-0.011,-0.013,-0.011,-0.013,-0.012,-0.01,-0.014,-0.01,-0.014,-0.011,-0.011,-0.013,-0.011,-0.013,-0.012,-0.01,-0.014,-0.01,-0.014,-0.011,-0.011,-0.013,-0.011,-0.013,-0.012,-0.01,-0.014,-0.01,-0.014,-0.011,-0.011,-0.013,-0.011,-0.013,-0.012,-0.01,-0.014,-0.01,-0.014,-0.011,-0.011,-0.013,-0.011,-0.013,-0.012,-0.01,-0.014,-0.01,-0.014,-0.011,-0.011,-0.013,-0.011,-0.013,-0.012,-0.01,-0.014,-0.01,-0.014,-0.011,-0.011,-0.013,-0.011,-0.013,-0.012,-0.01,-0.014,-0.01,-0.014,-0.011,-0.011,-0.013,-0.011,-0.013,-0.012,-0.01,-0.014,-0.01,-0.014,-0.011,-0.011,-0.013,-0.011,-0.013,-0.012,-0.01,-0.012,
0.0,-0.007,-0.007,-0.006,-0.006,-0.006,-0.006,-0.006,-0.006,-0.006,-0.006,-0.006,-0.006,-0.006,-0.006,-0.006,-0.006,-0.006,-0.006,-0.006,-0.006,-0.006,-0.006,-0.007,-0.007,-0.005,-0.006,-0.006,-0.006,-0.006,-0.006,-0.006,-0.007,-0.006,-0.006,-0.007,-0.007,-0.007,-0.005,-0.008,-0.005,-0.008,-0.006,-0.006,-0.007,-0.006,-0.007,-0.006,-0.005,-0.008,-0.006,-0.006,-0.007,-0.006,-0.006,-0.006,-0.006,-0.006,-0.006,-0.008,-0.006,-0.006,-0.006,-0.006,-0.006,-0.006,-0.008,-0.005,-0.006,-0.006,-0.006,-0.006,-0.006,-0.006,-0.006,-0.006,-0.006,-0.006,-0.006,-0.006,-0.006,-0.006,-0.006,-0.006,-0.006,-0.006,-0.006,-0.006,-0.007,-0.007,-0.006,-0.006,-0.006,-0.007,-0.005,-0.007,-0.006,-0.007,-0.005,-0.007,
0.0,0.002,0.001,0.001,-0.016,-0.015,-0.012,0.002,-0.013,0.002,-0.014,-0.015,-0.015,-0.015,-0.015,-0.015,-0.015,-0.015,-0.015,-0.015,-0.015,-0.015,-0.015,-0.015,-0.015,-0.015,-0.015,-0.015,-0.015,-0.015,-0.015,-0.015,-0.015,-0.015,-0.015,-0.015,-0.015,-0.015,-0.015,-0.015,-0.015,-0.015,-0.015,-0.015,-0.015,-0.015,-0.015,-0.015,-0.015,-0.015,-0.015,-0.015,-0.015,-0.015,-0.015,-0.015,-0.015,-0.015,-0.015,-0.015,-0.015,-0.015,-0.015,-0.015,-0.015,-0.015,-0.015,-0.015,-0.015,-0.015,-0.015,-0.015,-0.015,-0.015,-0.015,-0.015,-0.015,-0.015,-0.015,-0.015,-0.015,-0.015,-0.015,-0.015,-0.015,-0.015,-0.015,-0.015,-0.015,-0.015,-0.015,-0.015,-0.015,-0.015,-0.015,-0.015,-0.015,-0.015,-0.015,-0.015,
0.0,-0.01,-0.009,-0.009,-0.009,-0.008,-0.01,-0.01,-0.01,-0.009,-0.009,-0.011,-0.008,-0.011,-0.008,-0.011,-0.006,-0.011,-0.009,-0.008,-0.01,-0.008,-0.008,-0.011,-0.009,-0.008,-0.011,-0.009,-0.008,-0.008,-0.011,-0.009,-0.008,-0.009,-0.008,-0.011,-0.008,-0.009,-0.009,-0.009,-0.006,-0.009,-0.011,-0.009,-0.008,-0.009,-0.008,-0.011,-0.008,-0.009,-0.009,-0.009,-0.009,-0.006,-0.009,-0.011,-0.008,-0.009,-0.008,-0.011,-0.009,-0.008,-0.009,-0.008,-0.009,-0.008,-0.009,-0.009,-0.009,-0.009,-0.006,-0.009,-0.011,-0.008,-0.009,-0.008,-0.011,-0.009,-0.008,-0.009,-0.008,-0.009,-0.008,-0.009,-0.009,-0.009,-0.009,-0.006,-0.009,-0.011,-0.008,-0.009,-0.008,-0.011,-0.009,-0.008,-0.009,-0.008,-0.009,-0.008,
0.0,-0.008,0.002,-0.007,-0.006,-0.007,-0.007,-0.006,-0.007,-0.008,-0.005,-0.007,-0.007,-0.006,-0.007,-0.007,-0.006,-0.007,-0.007,-0.006,-0.007,-0.007,-0.006,-0.007,-0.007,-0.006,-0.007,-0.007,-0.006,-0.007,-0.007,-0.006,-0.007,-0.007,-0.006,-0.007,-0.007,-0.006,-0.007,-0.007,-0.006,-0.007,-0.007,-0.006,-0.007,-0.007,-0.006,-0.007,-0.007,-0.006,-0.007,-0.007,-0.006,-0.007,-0.007,-0.006,-0.007,-0.007,-0.006,-0.007,-0.007,-0.006,-0.007,-0.007,-0.006,-0.007,-0.007,-0.006,-0.007,-0.007,-0.006,-0.007,-0.007,-0.006,-0.007,-0.007,-0.006,-0.007,-0.007,-0.006,-0.007,-0.007,-0.006,-0.007,-0.007,-0.006,-0.007,-0.007,-0.006,-0.007,-0.007,-0.006,-0.007,-0.007,-0.006,-0.007,-0.007,-0.006,-0.007,-0.007,
0.0,-0.006,-0.005,-0.006,-0.005,-0.006,-0.006,-0.006,-0.005,-0.006,-0.006,-0.006,-0.006,-0.005,-0.006,-0.006,-0.006,-0.006,-0.006,-0.006,-0.006,-0.005,-0.006,-0.005,-0.006,-0.006,-0.006,-0.006,-0.006,-0.006,-0.006,-0.007,-0.006,-0.006,-0.007,-0.006,-0.005,-0.006,-0.006,-0.006,-0.006,-0.006,-0.006,-0.006,-0.006,-0.006,-0.007,-0.005,-0.006,-0.006,-0.005,-0.006,-0.007,-0.005,-0.006,-0.006,-0.006,-0.006,-0.006,-0.006,-0.006,-0.006,-0.006,-0.006,-0.006,-0.006,-0.006,-0.006,-0.006,-0.006,-0.006,-0.006,-0.006,-0.006,-0.006,-0.006,-0.006,-0.006,-0.006,-0.006,-0.006,-0.006,-0.006,-0.006,-0.006,-0.006,-0.006,-0.006,-0.006,-0.006,-0.006,-0.006,-0.006,-0.006,-0.006,-0.006,-0.006,-0.006,-0.006,-0.006,
0.0,-0.042,-0.03,-0.031,-0.021,-0.02,-0.022,-0.021,-0.021,-0.021,-0.021,-0.021,-0.021,-0.021,-0.021,-0.021,-0.021,-0.021,-0.021,-0.021,-0.021,-0.021,-0.021,-0.021,-0.021,-0.021,-0.021,-0.021,-0.021,-0.021,-0.021,-0.021,-0.021,-0.021,-0.021,-0.021,-0.021,-0.021,-0.021,-0.021,-0.021,-0.021,-0.021,-0.021,-0.021,-0.021,-0.021,-0.021,-0.021,-0.021,-0.021,-0.021,-0.021,-0.021,-0.021,-0.021,-0.021,-0.021,-0.021,-0.021,-0.021,-0.021,-0.021,-0.021,-0.021,-0.021,-0.021,-0.021,-0.021,-0.021,-0.021,-0.021,-0.021,-0.021,-0.021,-0.021,-0.021,-0.021,-0.021,-0.021,-0.021,-0.021,-0.021,-0.021,-0.021,-0.021,-0.021,-0.021,-0.021,-0.021,-0.021,-0.021,-0.021,-0.021,-0.021,-0.021,-0.021,-0.021,-0.021,-0.021,
0.0,-0.004,-0.01,-0.016,-0.008,-0.005,-0.009,-0.007,-0.007,-0.008,-0.007,-0.007,-0.007,-0.007,-0.007,-0.007,-0.008,-0.008,-0.008,-0.006,-0.009,-0.007,-0.007,-0.008,-0.007,-0.007,-0.007,-0.007,-0.007,-0.007,-0.008,-0.007,-0.008,-0.007,-0.006,-0.009,-0.007,-0.007,-0.007,-0.007,-0.007,-0.008,-0.008,-0.007,-0.008,-0.008,-0.007,-0.008,-0.007,-0.007,-0.007,-0.008,-0.007,-0.007,-0.007,-0.007,-0.007,-0.008,-0.007,-0.008,-0.007,-0.008,-0.007,-0.007,-0.008,-0.008,-0.007,-0.007,-0.007,-0.008,-0.007,-0.007,-0.008,-0.007,-0.008,-0.007,-0.007,-0.008,-0.008,-0.007,-0.008,-0.007,-0.007,-0.006,-0.008,-0.007,-0.007,-0.007,-0.007,-0.007,-0.008,-0.007,-0.007,-0.007,-0.007,-0.008,-0.006,-0.009,-0.006,-0.008,
0.0,-0.009,-0.075,-0.009,-0.009,-0.008,-0.006,-0.006,-0.008,-0.006,-0.008,-0.006,-0.008,-0.006,-0.006,-0.006,-0.008,-0.008,-0.006,-0.006,-0.008,-0.006,-0.006,-0.008,-0.006,-0.008,-0.005,-0.008,-0.006,-0.008,-0.008,-0.006,-0.008,-0.006,-0.006,-0.008,-0.006,-0.006,-0.008,-0.006,-0.008,-0.006,-0.008,-0.006,-0.006,-0.008,-0.006,-0.006,-0.008,-0.006,-0.006,-0.006,-0.008,-0.006,-0.008,-0.006,-0.006,-0.006,-0.008,-0.006,-0.006,-0.008,-0.006,-0.006,-0.006,-0.008,-0.006,-0.006,-0.008,-0.008,-0.006,-0.006,-0.008,-0.006,-0.008,-0.006,-0.008,-0.006,-0.006,-0.008,-0.006,-0.008,-0.006,-0.006,-0.008,-0.006,-0.006,-0.006,-0.006,-0.008,-0.006,-0.008,-0.006,-0.008,-0.006,-0.006,-0.008,-0.006,-0.008,-0.006,
0.0,-0.009,-0.01,-0.01,-0.009,-0.007,-0.01,-0.008,-0.009,-0.01,-0.009,-0.009,-0.008,-0.009,-0.009,-0.01,-0.008,-0.01,-0.008,-0.012,-0.006,-0.01,-0.008,-0.009,-0.009,-0.009,-0.01,-0.009,-0.008,-0.01,-0.009,-0.008,-0.01,-0.008,-0.01,-0.008,-0.01,-0.008,-0.01,-0.009,-0.008,-0.008,-0.009,-0.01,-0.009,-0.009,-0.008,-0.009,-0.012,-0.007,-0.009,-0.008,-0.01,-0.012,-0.009,-0.006,-0.009,-0.012,-0.009,-0.007,-0.012,-0.009,-0.009,-0.008,-0.009,-0.009,-0.01,-0.006,-0.009,-0.01,-0.008,-0.008,-0.01,-0.009,-0.01,-0.009,-0.008,-0.009,-0.009,-0.01,-0.008,-0.01,-0.009,-0.009,-0.009,-0.008,-0.009,-0.01,-0.009,-0.008,-0.009,-0.01,-0.008,-0.012,-0.007,-0.012,-0.008,-0.009,-0.008,-0.01,
0.0,-0.004,-0.007,-0.008,-0.007,-0.011,-0.01,-0.01,-0.007,-0.007,-0.008,-0.008,-0.01,-0.008,-0.008,-0.006,-0.008,-0.008,-0.008,-0.007,-0.008,-0.008,-0.008,-0.008,-0.007,-0.007,-0.008,-0.008,-0.007,-0.007,-0.008,-0.006,-0.01,-0.007,-0.008,-0.008,-0.007,-0.007,-0.01,-0.007,-0.007,-0.008,-0.008,-0.007,-0.01,-0.006,-0.008,-0.008,-0.01,-0.007,-0.007,-0.008,-0.006,-0.008,-0.008,-0.008,-0.008,-0.01,-0.007,-0.007,-0.008,-0.008,-0.007,-0.008,-0.007,-0.008,-0.007,-0.007,-0.008,-0.008,-0.008,-0.008,-0.008,-0.007,-0.008,-0.006,-0.008,-0.008,-0.007,-0.008,-0.01,-0.006,-0.008,-0.008,-0.008,-0.008,-0.008,-0.008,-0.007,-0.008,-0.007,-0.007,-0.007,-0.008,-0.006,-0.008,-0.01,-0.007,-0.008,-0.008,
0.0,-0.006,-0.006,-0.005,-0.005,-0.006,-0.005,-0.005,-0.005,-0.006,-0.005,-0.005,-0.005,-0.005,-0.006,-0.005,-0.005,-0.005,-0.005,-0.005,-0.005,-0.005,-0.005,-0.005,-0.005,-0.005,-0.005,-0.005,-0.005,-0.005,-0.005,-0.005,-0.005,-0.006,-0.003,-0.005,-0.005,-0.006,-0.005,-0.005,-0.005,-0.005,-0.005,-0.005,-0.006,-0.005,-0.005,-0.005,-0.005,-0.005,-0.005,-0.005,-0.005,-0.006,-0.005,-0.005,-0.006,-0.005,-0.005,-0.005,-0.005,-0.005,-0.005,-0.005,-0.005,-0.005,-0.003,-0.005,-0.005,-0.005,-0.005,-0.005,-0.005,-0.006,-0.005,-0.005,-0.005,-0.005,-0.005,-0.005,-0.005,-0.005,-0.005,-0.005,-0.005,-0.006,-0.005,-0.005,-0.005,-0.005,-0.005,-0.005,-0.005,-0.005,-0.005,-0.005,-0.005,-0.005,-0.005,-0.005,
0.0,-0.005,-0.01,-0.017,-0.041,0.063,-0.044,-0.051,0.025,0.031,-0.077,0.016,-0.007,-0.003,-0.013,-0.046,0.027,0.033,-0.077,0.017,-0.007,-0.003,-0.011,-0.018,-0.041,0.061,-0.072,0.018,-0.006,-0.003,-0.012,-0.018,-0.042,0.063,-0.045,-0.051,0.025,0.03,-0.077,0.016,-0.037,0.064,-0.042,-0.051,0.026,0.031,-0.076,0.016,-0.007,-0.003,-0.012,-0.045,0.028,0.034,-0.077,0.017,-0.007,-0.004,-0.011,-0.017,-0.041,0.062,-0.045,-0.05,0.024,0.001,-0.01,-0.016,-0.042,0.063,-0.044,-0.05,0.026,0.03,-0.077,0.015,-0.036,0.064,-0.043,-0.051,0.026,0.031,-0.076,0.016,-0.007,-0.004,-0.012,-0.017,-0.042,0.062,-0.044,-0.05,0.025,0.002,-0.009,-0.014,-0.042,0.063,-0.044,-0.032,
0.0,-0.012,-0.011,-0.021,-0.032,-0.059,-0.077,-0.074,-0.085,-0.072,-0.083,-0.07,-0.08,-0.067,-0.078,-0.065,-0.075,-0.062,-0.073,-0.06,-0.071,-0.057,-0.068,-0.054,-0.065,-0.052,-0.063,-0.049,-0.06,-0.047,-0.058,-0.045,-0.056,-0.042,-0.053,-0.039,-0.05,-0.037,-0.047,-0.034,-0.045,-0.032,-0.042,-0.029,-0.04,-0.027,-0.038,-0.023,-0.035,-0.021,-0.032,-0.019,-0.03,-0.016,-0.026,-0.012,-0.024,-0.01,-0.025,-0.014,-0.025,-0.011,-0.025,-0.014,-0.025,-0.011,-0.025,-0.014,-0.025,-0.011,-0.025,-0.014,-0.025,-0.011,-0.025,-0.014,-0.025,-0.011,-0.025,-0.014,-0.025,-0.011,-0.025,-0.014,-0.025,-0.011,-0.025,-0.014,-0.025,-0.011,-0.025,-0.014,-0.025,-0.011,-0.025,-0.014,-0.025,-0.011,-0.025,-0.014,
0.0,-0.088,-0.145,-0.13,-0.114,-0.111,-0.116,-0.101,-0.098,-0.051,-0.116,-0.092,-0.115,-0.091,-0.072,-0.106,-0.091,-0.076,-0.099,-0.071,-0.093,-0.091,-0.116,-0.09,-0.114,-0.09,-0.078,-0.113,-0.104,-0.111,-0.114,-0.068,-0.115,-0.091,-0.074,-0.113,-0.114,-0.112,-0.114,-0.084,-0.116,-0.089,-0.056,-0.112,-0.105,-0.11,-0.115,-0.066,-0.116,-0.09,-0.073,-0.115,-0.113,-0.111,-0.114,-0.111,-0.114,-0.111,-0.114,-0.111,-0.114,-0.111,-0.114,-0.111,-0.114,-0.111,-0.114,-0.111,-0.114,-0.111,-0.114,-0.111,-0.114,-0.111,-0.114,-0.111,-0.114,-0.111,-0.114,-0.111,-0.114,-0.111,-0.114,-0.111,-0.114,-0.111,-0.114,-0.111,-0.114,-0.111,-0.114,-0.111,-0.114,-0.111,-0.114,-0.111,-0.114,-0.111,-0.114,-0.111,
0.0,-0.005,-0.005,-0.008,-0.007,-0.006,-0.007,-0.007,-0.006,-0.006,-0.007,-0.007,-0.006,-0.007,-0.007,-0.006,-0.007,-0.007,-0.006,-0.007,-0.007,-0.006,-0.007,-0.007,-0.006,-0.007,-0.007,-0.006,-0.007,-0.007,-0.006,-0.007,-0.007,-0.006,-0.007,-0.007,-0.006,-0.007,-0.007,-0.006,-0.007,-0.007,-0.006,-0.007,-0.007,-0.006,-0.007,-0.007,-0.006,-0.007,-0.007,-0.006,-0.007,-0.007,-0.006,-0.007,-0.007,-0.006,-0.007,-0.007,-0.006,-0.007,-0.007,-0.006,-0.007,-0.007,-0.006,-0.007,-0.007,-0.006,-0.007,-0.007,-0.006,-0.007,-0.007,-0.006,-0.007,-0.007,-0.006,-0.007,-0.007,-0.006,-0.007,-0.007,-0.006,-0.007,-0.007,-0.006,-0.007,-0.007,-0.006,-0.007,-0.007,-0.006,-0.007,-0.007,-0.006,-0.007,-0.007,-0.006,
0.0,-0.072,-0.085,-0.088,-0.094,-0.098,-0.102,-0.098,-0.105,-0.094,-0.105,-0.099,-0.105,-0.099,-0.104,-0.095,-0.105,-0.098,-0.107,-0.095,-0.105,-0.094,-0.105,-0.097,-0.101,-0.098,-0.107,-0.098,-0.105,-0.098,-0.105,-0.099,-0.105,-0.1,-0.103,-0.1,-0.105,-0.098,-0.105,-0.096,-0.103,-0.095,-0.105,-0.095,-0.106,-0.098,-0.105,-0.098,-0.105,-0.098,-0.106,-0.098,-0.105,-0.098,-0.106,-0.098,-0.105,-0.098,-0.106,-0.098,-0.105,-0.098,-0.105,-0.099,-0.105,-0.098,-0.105,-0.098,-0.105,-0.099,-0.105,-0.098,-0.105,-0.099,-0.105,-0.098,-0.105,-0.099,-0.105,-0.098,-0.105,-0.099,-0.105,-0.098,-0.105,-0.099,-0.105,-0.098,-0.105,-0.099,-0.105,-0.098,-0.105,-0.099,-0.105,-0.098,-0.105,-0.099,-0.105,-0.05,
0.0,-0.01,-0.02,-0.013,-0.026,-0.017,-0.025,-0.024,-0.015,-0.024,-0.015,-0.024,-0.015,-0.022,-0.015,-0.024,-0.014,-0.024,-0.014,-0.024,-0.015,-0.024,-0.017,-0.024,-0.014,-0.024,-0.015,-0.025,-0.014,-0.024,-0.015,-0.024,-0.015,-0.025,-0.015,-0.024,-0.014,-0.025,-0.014,-0.022,-0.017,-0.022,-0.015,-0.024,-0.015,-0.024,-0.015,-0.024,-0.015,-0.024,-0.015,-0.024,-0.015,-0.024,-0.015,-0.024,-0.015,-0.024,-0.015,-0.024,-0.015,-0.024,-0.015,-0.024,-0.015,-0.024,-0.015,-0.024,-0.015,-0.024,-0.015,-0.024,-0.015,-0.024,-0.015,-0.024,-0.015,-0.024,-0.015,-0.024,-0.015,-0.024,-0.015,-0.024,-0.015,-0.024,-0.015,-0.024,-0.015,-0.024,-0.015,-0.024,-0.015,-0.024,-0.015,-0.024,-0.015,-0.024,-0.015,-0.024,
0.0,-0.006,-0.012,-0.014,-0.012,-0.014,-0.012,-0.014,-0.012,-0.014,-0.012,-0.014,-0.012,-0.014,-0.012,-0.014,-0.012,-0.014,-0.012,-0.014,-0.012,-0.014,-0.012,-0.014,-0.012,-0.014,-0.012,-0.014,-0.012,-0.014,-0.012,-0.014,-0.012,-0.014,-0.012,-0.014,-0.012,-0.014,-0.012,-0.014,-0.013,-0.014,-0.012,-0.014,-0.012,-0.014,-0.012,-0.014,-0.012,-0.014,-0.012,-0.014,-0.012,-0.014,-0.012,-0.014,-0.012,-0.014,-0.012,-0.014,-0.012,-0.014,-0.012,-0.014,-0.012,-0.014,-0.012,-0.014,-0.012,-0.014,-0.012,-0.014,-0.012,-0.014,-0.012,-0.015,-0.012,-0.015,-0.012,-0.014,-0.012,-0.014,-0.012,-0.014,-0.012,-0.014,-0.012,-0.014,-0.012,-0.014,-0.012,-0.014,-0.012,-0.014,-0.012,-0.014,-0.012,-0.014,-0.012,-0.015,
0.0,-0.011,-0.008,-0.007,-0.003,-0.005,-0.003,-0.005,-0.005,-0.003,-0.005,-0.003,-0.005,-0.003,-0.003,-0.003,-0.003,-0.005,-0.003,-0.005,-0.003,-0.003,-0.005,-0.003,-0.003,-0.005,-0.003,-0.005,-0.003,-0.003,-0.005,-0.003,-0.003,-0.005,-0.003,-0.005,-0.003,-0.003,-0.005,-0.003,-0.003,-0.005,-0.003,-0.005,-0.003,-0.003,-0.005,-0.003,-0.003,-0.005,-0.003,-0.005,-0.003,-0.003,-0.005,-0.003,-0.003,-0.005,-0.003,-0.005,-0.003,-0.003,-0.005,-0.003,-0.003,-0.005,-0.003,-0.005,-0.003,-0.003,-0.005,-0.003,-0.003,-0.005,-0.003,-0.005,-0.003,-0.003,-0.005,-0.003,-0.003,-0.005,-0.003,-0.005,-0.003,-0.003,-0.005,-0.003,-0.003,-0.005,-0.003,-0.005,-0.003,-0.003,-0.005,-0.003,-0.003,-0.005,-0.003,-0.005,
0.0,-0.027,-0.024,-0.092,-0.01,-0.012,-0.018,-0.089,-0.063,-0.071,-0.046,-0.113,-0.027,-0.097,-0.009,-0.01,-0.02,-0.089,-0.063,-0.071,-0.046,-0.113,-0.027,-0.097,-0.009,-0.019,-0.018,-0.089,-0.063,-0.071,-0.046,-0.113,-0.027,-0.097,-0.008,-0.019,-0.02,-0.089,-0.063,-0.071,-0.046,-0.113,-0.027,-0.097,-0.009,-0.01,-0.018,-0.088,-0.063,-0.071,-0.046,-0.113,-0.027,-0.097,-0.009,-0.018,-0.018,-0.088,-0.063,-0.071,-0.045,-0.113,-0.027,-0.096,-0.009,-0.018,-0.018,-0.089,-0.063,-0.071,-0.046,-0.113,-0.027,-0.097,-0.009,-0.01,-0.018,-0.089,-0.063,-0.071,-0.046,-0.113,-0.027,-0.097,-0.009,-0.019,-0.018,-0.089,-0.063,-0.071,-0.046,-0.113,-0.027,-0.097,-0.009,-0.01,-0.02,-0.089,-0.064,-0.07,
0.0,-0.042,-0.079,-0.073,-0.099,-0.07,-0.105,-0.074,-0.094,-0.078,-0.095,-0.075,-0.095,-0.078,-0.094,-0.081,-0.096,-0.08,-0.094,-0.078,-0.096,-0.082,-0.094,-0.076,-0.091,-0.082,-0.092,-0.082,-0.094,-0.081,-0.095,-0.083,-0.09,-0.082,-0.09,-0.082,-0.091,-0.081,-0.091,-0.077,-0.096,-0.083,-0.094,-0.076,-0.092,-0.081,-0.095,-0.083,-0.094,-0.081,-0.093,-0.081,-0.094,-0.075,-0.095,-0.083,-0.09,-0.082,-0.09,-0.082,-0.091,-0.081,-0.091,-0.077,-0.096,-0.083,-0.094,-0.076,-0.092,-0.081,-0.095,-0.083,-0.094,-0.081,-0.093,-0.081,-0.094,-0.075,-0.095,-0.083,-0.09,-0.082,-0.09,-0.082,-0.091,-0.081,-0.091,-0.077,-0.096,-0.083,-0.094,-0.076,-0.092,-0.081,-0.095,-0.083,-0.094,-0.081,-0.093,-0.081,
0.0,-0.005,-0.004,0.003,-0.005,0.002,-0.005,0.003,-0.005,0.003,-0.005,0.003,-0.005,0.002,-0.005,0.003,-0.006,0.003,-0.006,0.003,-0.005,0.003,-0.006,0.002,-0.005,0.003,-0.005,0.003,-0.006,0.003,-0.006,0.003,-0.005,0.002,-0.006,0.003,-0.005,0.002,-0.005,0.003,-0.005,0.003,-0.005,0.003,-0.005,0.003,-0.005,0.002,-0.005,0.002,-0.005,0.003,-0.006,0.003,-0.005,0.003,-0.005,0.003,-0.005,0.003,-0.006,0.003,-0.005,0.003,-0.005,0.002,-0.006,0.003,-0.006,0.003,-0.005,0.003,-0.006,0.003,-0.005,0.003,-0.005,0.003,-0.005,0.003,-0.005,0.003,-0.005,0.003,-0.005,0.003,-0.005,0.003,-0.006,0.003,-0.006,0.003,-0.005,0.003,-0.005,0.002,-0.005,0.003,-0.006,-0.011,
0.0,-0.011,-0.006,-0.009,-0.008,-0.007,-0.007,-0.008,-0.007,-0.008,-0.008,-0.007,-0.008,-0.007,-0.008,-0.008,-0.008,-0.008,-0.008,-0.007,-0.008,-0.008,-0.008,-0.007,-0.008,-0.007,-0.008,-0.008,-0.008,-0.007,-0.008,-0.008,-0.008,-0.008,-0.008,-0.007,-0.008,-0.008,-0.007,-0.008,-0.008,-0.008,-0.007,-0.008,-0.007,-0.008,-0.008,-0.008,-0.007,-0.008,-0.007,-0.008,-0.007,-0.007,-0.007,-0.008,-0.007,-0.007,-0.007,-0.007,-0.007,-0.008,-0.008,-0.007,-0.007,-0.008,-0.008,-0.007,-0.007,-0.007,-0.007,-0.007,-0.008,-0.008,-0.008,-0.008,-0.008,-0.008,-0.008,-0.008,-0.008,-0.008,-0.008,-0.008,-0.008,-0.007,-0.008,-0.007,-0.008,-0.007,-0.007,-0.008,-0.008,-0.008,-0.008,-0.008,-0.007,-0.007,-0.007,-0.007,
0.0,-0.01,-0.007,-0.016,-0.01,-0.013,-0.012,-0.013,-0.012,-0.013,-0.015,-0.013,-0.014,-0.012,-0.014,-0.012,-0.013,-0.014,-0.013,-0.013,-0.013,-0.014,-0.012,-0.012,-0.014,-0.014,-0.012,-0.013,-0.013,-0.014,-0.012,-0.013,-0.013,-0.014,-0.012,-0.013,-0.013,-0.014,-0.012,-0.013,-0.013,-0.014,-0.012,-0.013,-0.013,-0.014,-0.012,-0.013,-0.013,-0.014,-0.012,-0.013,-0.013,-0.014,-0.012,-0.013,-0.013,-0.014,-0.012,-0.013,-0.013,-0.014,-0.012,-0.013,-0.013,-0.014,-0.012,-0.013,-0.013,-0.014,-0.012,-0.013,-0.013,-0.014,-0.012,-0.013,-0.013,-0.014,-0.012,-0.013,-0.013,-0.014,-0.012,-0.013,-0.013,-0.014,-0.012,-0.013,-0.013,-0.014,-0.012,-0.013,-0.013,-0.014,-0.012,-0.013,-0.013,-0.014,-0.012,-0.013,
0.0,-0.013,-0.01,-0.017,-0.006,-0.011,-0.009,-0.01,-0.011,-0.009,-0.01,-0.009,-0.011,-0.009,-0.01,-0.01,-0.01,-0.01,-0.01,-0.01,-0.01,-0.01,-0.01,-0.01,-0.01,-0.01,-0.01,-0.01,-0.01,-0.01,-0.01,-0.01,-0.01,-0.01,-0.01,-0.01,-0.01,-0.01,-0.01,-0.01,-0.01,-0.01,-0.01,-0.01,-0.01,-0.01,-0.01,-0.01,-0.01,-0.01,-0.01,-0.01,-0.01,-0.01,-0.01,-0.01,-0.01,-0.01,-0.01,-0.01,-0.01,-0.01,-0.01,-0.01,-0.01,-0.01,-0.01,-0.01,-0.01,-0.01,-0.01,-0.01,-0.01,-0.01,-0.01,-0.01,-0.01,-0.01,-0.01,-0.01,-0.01,-0.01,-0.01,-0.01,-0.01,-0.01,-0.01,-0.01,-0.01,-0.01,-0.01,-0.01,-0.01,-0.01,-0.01,-0.01,-0.01,-0.01,-0.01,-0.009,
0.0,-0.006,0.001,-0.005,-0.005,-0.005,-0.007,-0.004,-0.006,-0.005,-0.005,-0.006,-0.006,-0.005,-0.005,-0.005,-0.004,-0.007,-0.005,-0.005,-0.005,-0.006,-0.004,-0.006,-0.006,-0.005,-0.004,-0.006,-0.006,-0.005,-0.006,-0.005,-0.005,-0.005,-0.005,-0.005,-0.005,-0.006,-0.006,-0.004,-0.006,-0.005,-0.005,-0.005,-0.007,-0.004,-0.007,-0.005,-0.005,-0.005,-0.006,-0.006,-0.005,-0.005,-0.006,-0.004,-0.005,-0.005,-0.005,-0.006,-0.006,-0.004,-0.007,-0.005,-0.006,-0.005,-0.006,-0.005,-0.005,-0.005,-0.005,-0.006,-0.005,-0.006,-0.005,-0.006,-0.006,-0.005,-0.005,-0.005,-0.005,-0.005,-0.006,-0.005,-0.005,-0.007,-0.005,-0.006,-0.005,-0.005,-0.005,-0.004,-0.006,-0.005,-0.005,-0.006,-0.006,-0.005,-0.006,-0.005,
0.0,-0.034,-0.038,-0.021,-0.01,-0.015,-0.017,-0.013,-0.014,-0.016,-0.014,-0.016,-0.012,-0.017,-0.015,-0.012,-0.017,-0.013,-0.014,-0.016,-0.013,-0.017,-0.012,-0.016,-0.016,-0.013,-0.014,-0.017,-0.012,-0.016,-0.016,-0.015,-0.012,-0.016,-0.014,-0.013,-0.017,-0.014,-0.014,-0.016,-0.013,-0.014,-0.016,-0.016,-0.012,-0.016,-0.016,-0.015,-0.012,-0.016,-0.016,-0.013,-0.016,-0.013,-0.014,-0.016,-0.016,-0.012,-0.016,-0.016,-0.015,-0.012,-0.016,-0.016,-0.013,-0.016,-0.013,-0.014,-0.016,-0.016,-0.012,-0.016,-0.016,-0.015,-0.012,-0.016,-0.016,-0.013,-0.016,-0.013,-0.014,-0.016,-0.016,-0.012,-0.016,-0.016,-0.015,-0.012,-0.016,-0.016,-0.013,-0.016,-0.013,-0.014,-0.016,-0.016,-0.012,-0.016,-0.016,-0.014,
0.0,-0.104,-0.128,-0.072,-0.125,-0.082,-0.124,-0.082,-0.127,-0.086,-0.124,-0.082,-0.124,-0.076,-0.128,-0.082,-0.122,-0.086,-0.127,-0.076,-0.125,-0.082,-0.124,-0.082,-0.124,-0.082,-0.124,-0.082,-0.124,-0.082,-0.124,-0.082,-0.124,-0.082,-0.124,-0.082,-0.124,-0.082,-0.124,-0.082,-0.124,-0.082,-0.124,-0.082,-0.124,-0.082,-0.124,-0.082,-0.124,-0.082,-0.124,-0.082,-0.124,-0.082,-0.124,-0.082,-0.124,-0.082,-0.124,-0.082,-0.124,-0.082,-0.124,-0.082,-0.124,-0.082,-0.124,-0.082,-0.124,-0.082,-0.124,-0.082,-0.124,-0.082,-0.124,-0.082,-0.124,-0.082,-0.124,-0.082,-0.124,-0.082,-0.124,-0.082,-0.124,-0.082,-0.124,-0.082,-0.124,-0.082,-0.124,-0.082,-0.124,-0.082,-0.124,-0.082,-0.124,-0.082,-0.124,-0.08,
0.0,-0.013,-0.011,-0.013,-0.016,-0.018,-0.022,-0.025,-0.027,-0.03,-0.031,-0.035,-0.037,-0.038,-0.038,-0.039,-0.038,-0.039,-0.038,-0.039,-0.038,-0.039,-0.038,-0.039,-0.038,-0.039,-0.038,-0.039,-0.038,-0.039,-0.038,-0.039,-0.038,-0.039,-0.038,-0.039,-0.038,-0.039,-0.038,-0.039,-0.038,-0.039,-0.038,-0.039,-0.038,-0.039,-0.038,-0.039,-0.038,-0.039,-0.038,-0.039,-0.038,-0.039,-0.038,-0.039,-0.038,-0.039,-0.038,-0.039,-0.038,-0.039,-0.038,-0.039,-0.038,-0.039,-0.038,-0.039,-0.038,-0.039,-0.038,-0.039,-0.038,-0.039,-0.038,-0.039,-0.038,-0.039,-0.038,-0.039,-0.038,-0.039,-0.038,-0.039,-0.038,-0.039,-0.038,-0.039,-0.038,-0.039,-0.038,-0.039,-0.038,-0.039,-0.038,-0.039,-0.038,-0.039,-0.038,-0.037,
0.0,-0.016,-0.089,-0.041,-0.056,-0.055,-0.048,-0.071,-0.037,-0.056,-0.05,-0.048,-0.068,-0.037,-0.072,-0.036,-0.057,-0.049,-0.051,-0.051,-0.052,-0.056,-0.048,-0.072,-0.037,-0.057,-0.049,-0.048,-0.068,-0.037,-0.073,-0.035,-0.057,-0.05,-0.051,-0.051,-0.053,-0.055,-0.048,-0.072,-0.036,-0.057,-0.05,-0.046,-0.068,-0.037,-0.073,-0.036,-0.057,-0.05,-0.051,-0.051,-0.052,-0.056,-0.048,-0.072,-0.037,-0.056,-0.05,-0.048,-0.068,-0.037,-0.072,-0.036,-0.056,-0.05,-0.051,-0.051,-0.053,-0.056,-0.048,-0.071,-0.037,-0.056,-0.05,-0.046,-0.068,-0.037,-0.073,-0.035,-0.057,-0.049,-0.051,-0.05,-0.053,-0.056,-0.046,-0.072,-0.036,-0.057,-0.049,-0.048,-0.068,-0.037,-0.072,-0.036,-0.057,-0.05,-0.051,-0.05,
0.0,-0.053,-0.049,-0.065,-0.052,-0.058,-0.054,-0.057,-0.056,-0.054,-0.058,-0.054,-0.045,-0.056,-0.056,-0.058,-0.054,-0.054,-0.057,-0.054,-0.058,-0.054,-0.054,-0.057,-0.056,-0.056,-0.044,-0.056,-0.056,-0.057,-0.056,-0.057,-0.054,-0.057,-0.043,-0.056,-0.056,-0.056,-0.056,-0.058,-0.054,-0.054,-0.057,-0.056,-0.056,-0.057,-0.054,-0.054,-0.058,-0.044,-0.058,-0.054,-0.056,-0.054,-0.058,-0.043,-0.057,-0.056,-0.057,-0.056,-0.043,-0.056,-0.056,-0.057,-0.056,-0.054,-0.057,-0.056,-0.057,-0.054,-0.054,-0.056,-0.058,-0.043,-0.057,-0.054,-0.057,-0.056,-0.057,-0.057,-0.054,-0.054,-0.057,-0.056,-0.054,-0.056,-0.057,-0.057,-0.043,-0.058,-0.053,-0.057,-0.056,-0.056,-0.057,-0.056,-0.056,-0.057,-0.044,-0.054,
0.0,-0.007,-0.029,-0.053,-0.058,-0.06,-0.057,-0.057,-0.058,-0.06,-0.057,-0.062,-0.057,-0.062,-0.057,-0.062,-0.057,-0.062,-0.057,-0.06,-0.055,-0.062,-0.057,-0.06,-0.057,-0.062,-0.057,-0.062,-0.057,-0.062,-0.057,-0.062,-0.055,-0.063,-0.055,-0.063,-0.057,-0.06,-0.057,-0.062,-0.055,-0.062,-0.057,-0.062,-0.057,-0.06,-0.055,-0.062,-0.057,-0.063,-0.057,-0.057,-0.057,-0.063,-0.057,-0.062,-0.055,-0.06,-0.057,-0.062,-0.057,-0.06,-0.057,-0.063,-0.057,-0.06,-0.055,-0.062,-0.057,-0.06,-0.057,-0.062,-0.057,-0.062,-0.057,-0.06,-0.058,-0.062,-0.055,-0.062,-0.057,-0.06,-0.057,-0.063,-0.052,-0.063,-0.053,-0.063,-0.055,-0.062,-0.057,-0.06,-0.057,-0.062,-0.057,-0.062,-0.057,-0.06,-0.058,-0.062,
0.0,-0.018,-0.065,-0.059,-0.074,-0.091,-0.076,-0.061,-0.076,-0.061,-0.073,-0.061,-0.074,-0.061,-0.074,-0.062,-0.102,-0.066,-0.073,-0.062,-0.072,-0.062,-0.068,-0.065,-0.103,-0.066,-0.073,-0.062,-0.069,-0.062,-0.074,-0.061,-0.073,-0.061,-0.073,-0.061,-0.074,-0.058,-0.074,-0.06,-0.075,-0.06,-0.073,-0.062,-0.073,-0.065,-0.072,-0.062,-0.073,-0.062,-0.072,-0.063,-0.073,-0.062,-0.074,-0.062,-0.069,-0.061,-0.074,-0.061,-0.075,-0.061,-0.065,-0.061,-0.074,-0.06,-0.075,-0.06,-0.075,-0.062,-0.074,-0.061,-0.07,-0.061,-0.074,-0.062,-0.074,-0.09,-0.075,-0.062,-0.074,-0.06,-0.073,-0.062,-0.074,-0.061,-0.074,-0.091,-0.075,-0.062,-0.073,-0.063,-0.074,-0.061,-0.07,-0.062,-0.073,-0.061,-0.075,-0.061,
0.0,-0.006,-0.011,-0.024,-0.016,-0.004,-0.029,-0.006,-0.034,-0.007,-0.032,-0.008,-0.032,-0.007,-0.032,-0.007,-0.033,-0.007,-0.033,-0.007,-0.033,-0.007,-0.032,-0.008,-0.032,-0.008,-0.032,-0.008,-0.032,-0.007,-0.032,-0.008,-0.033,-0.007,-0.033,-0.007,-0.033,-0.007,-0.033,-0.007,-0.033,-0.007,-0.033,-0.007,-0.033,-0.007,-0.032,-0.007,-0.032,-0.007,-0.032,-0.007,-0.032,-0.008,-0.032,-0.007,-0.032,-0.008,-0.032,-0.007,-0.033,-0.007,-0.033,-0.007,-0.033,-0.007,-0.032,-0.007,-0.032,-0.008,-0.032,-0.008,-0.032,-0.008,-0.032,-0.007,-0.033,-0.007,-0.033,-0.007,-0.033,-0.007,-0.033,-0.007,-0.033,-0.007,-0.032,-0.008,-0.032,-0.007,-0.032,-0.007,-0.032,-0.008,-0.033,-0.007,-0.033,-0.007,-0.032,-0.007,
0.0,-0.049,-0.097,-0.124,-0.126,-0.128,-0.129,-0.135,-0.141,-0.152,-0.142,-0.147,-0.155,-0.148,-0.155,-0.157,-0.146,-0.145,-0.155,-0.146,-0.155,-0.156,-0.145,-0.147,-0.155,-0.149,-0.156,-0.155,-0.144,-0.146,-0.154,-0.147,-0.153,-0.156,-0.144,-0.146,-0.155,-0.148,-0.153,-0.156,-0.145,-0.147,-0.155,-0.147,-0.154,-0.156,-0.145,-0.145,-0.154,-0.147,-0.154,-0.156,-0.145,-0.148,-0.154,-0.148,-0.155,-0.157,-0.146,-0.148,-0.156,-0.146,-0.154,-0.156,-0.145,-0.147,-0.154,-0.148,-0.155,-0.156,-0.145,-0.147,-0.155,-0.148,-0.154,-0.157,-0.145,-0.148,-0.153,-0.147,-0.154,-0.157,-0.144,-0.147,-0.154,-0.148,-0.154,-0.157,-0.146,-0.148,-0.153,-0.148,-0.154,-0.156,-0.144,-0.147,-0.155,-0.148,-0.154,-0.145,
0.0,0.002,-0.075,-0.071,-0.097,-0.102,-0.105,-0.075,-0.099,-0.105,-0.107,-0.099,-0.092,-0.104,-0.079,-0.09,-0.1,-0.074,-0.082,-0.104,-0.095,-0.104,-0.075,-0.098,-0.108,-0.105,-0.096,-0.09,-0.078,-0.105,-0.083,-0.09,-0.093,-0.093,-0.078,-0.08,-0.082,-0.077,-0.102,-0.103,-0.095,-0.089,-0.092,-0.104,-0.074,-0.09,-0.083,-0.104,-0.093,-0.103,-0.106,-0.094,-0.106,-0.094,-0.106,-0.094,-0.108,-0.074,-0.086,-0.107,-0.107,-0.091,-0.087,-0.104,-0.09,-0.103,-0.106,-0.108,-0.11,-0.109,-0.088,-0.09,-0.107,-0.108,-0.107,-0.086,-0.087,-0.104,-0.075,-0.104,-0.099,-0.097,-0.093,-0.099,-0.105,-0.072,-0.092,-0.105,-0.078,-0.087,-0.09,-0.105,-0.083,-0.103,-0.106,-0.099,-0.108,-0.077,-0.102,-0.088,
0.0,-0.002,-0.012,-0.012,-0.02,-0.015,-0.015,-0.015,-0.014,-0.015,-0.015,-0.015,-0.015,-0.015,-0.015,-0.015,-0.015,-0.015,-0.014,-0.015,-0.015,-0.015,-0.015,-0.016,-0.015,-0.016,-0.015,-0.016,-0.015,-0.014,-0.015,-0.015,-0.014,-0.014,-0.016,-0.015,-0.015,-0.014,-0.014,-0.015,-0.014,-0.015,-0.015,-0.015,-0.014,-0.015,-0.014,-0.015,-0.014,-0.015,-0.015,-0.014,-0.015,-0.015,-0.015,-0.015,-0.014,-0.014,-0.015,-0.015,-0.014,-0.015,-0.014,-0.015,-0.015,-0.015,-0.016,-0.015,-0.016,-0.015,-0.016,-0.015,-0.016,-0.015,-0.015,-0.014,-0.015,-0.015,-0.014,-0.015,-0.015,-0.015,-0.014,-0.015,-0.015,-0.016,-0.015,-0.015,-0.015,-0.015,-0.015,-0.015,-0.014,-0.014,-0.016,-0.015,-0.014,-0.015,-0.014,-0.015,

0.128,0.102,0.116,0.114,0.115,0.115,0.115,0.115,0.115,0.116,0.115,0.114,0.117,0.115,0.115,0.114,0.117,0.115,0.115,0.115,0.115,0.115,0.116,0.115,0.116,0.115,0.115,0.115,0.115,0.115,0.115,0.115,0.116,0.115,0.115,0.115,0.115,0.115,0.115,0.116,0.115,0.115,0.115,0.115,0.115,0.115,0.116,0.115,0.115,0.115,0.115,0.115,0.115,0.115,0.115,0.115,0.115,0.115,0.115,0.115,0.115,0.115,0.115,0.115,0.115,0.115,0.115,0.115,0.115,0.115,0.115,0.115,0.115,0.115,0.115,0.115,0.115,0.115,0.115,0.115,0.115,0.115,0.115,0.115,0.115,0.115,0.115,0.115,0.115,0.115,0.115,0.115,0.115,0.115,0.115,0.115,0.115,0.115,0.115,0.115,
0.032,0.141,0.087,0.061,0.063,0.063,0.063,0.062,0.062,0.062,0.062,0.062,0.062,0.062,0.063,0.062,0.062,0.062,0.063,0.062,0.063,0.063,0.063,0.063,0.063,0.062,0.062,0.063,0.062,0.063,0.063,0.063,0.063,0.063,0.062,0.062,0.063,0.062,0.063,0.063,0.063,0.063,0.063,0.062,0.062,0.063,0.062,0.063,0.063,0.063,0.063,0.063,0.062,0.062,0.063,0.062,0.063,0.063,0.063,0.063,0.063,0.062,0.062,0.063,0.062,0.063,0.063,0.063,0.063,0.063,0.062,0.062,0.063,0.062,0.063,0.063,0.063,0.063,0.063,0.062,0.062,0.063,0.062,0.063,0.063,0.063,0.063,0.063,0.062,0.062,0.063,0.062,0.063,0.063,0.063,0.063,0.063,0.062,0.062,0.063,
-0.035,0.059,0.018,-0.03,-0.03,-0.027,-0.034,-0.026,-0.031,-0.029,-0.03,-0.03,-0.028,-0.034,-0.028,-0.028,0.063,0.001,-0.027,-0.031,-0.029,-0.029,-0.033,-0.027,-0.031,-0.029,-0.033,-0.03,-0.028,-0.033,-0.026,-0.03,0.063,0.009,-0.029,-0.033,-0.028,-0.031,-0.03,-0.03,-0.027,-0.034,-0.027,-0.03,-0.031,-0.031,0.063,-0.009,-0.028,-0.031,-0.029,-0.03,-0.03,-0.028,-0.033,-0.029,-0.03,-0.028,-0.033,-0.028,-0.033,0.063,0.002,-0.028,-0.033,-0.026,-0.031,-0.033,-0.029,-0.027,-0.03,-0.029,-0.031,-0.033,-0.027,-0.03,-0.031,0.064,0.006,-0.03,-0.029,-0.028,-0.033,-0.027,-0.033,-0.03,-0.029,-0.03,-0.029,-0.031,-0.028,-0.033,-0.03,0.064,0.003,-0.03,-0.029,-0.03,-0.027,-0.029,
0.08,0.111,0.12,0.127,0.126,0.124,0.126,0.125,0.124,0.125,0.125,0.126,0.125,0.124,0.126,0.125,0.125,0.125,0.125,0.126,0.126,0.124,0.126,0.125,0.124,0.126,0.125,0.126,0.125,0.125,0.126,0.126,0.125,0.125,0.125,0.125,0.126,0.124,0.125,0.125,0.125,0.126,0.125,0.124,0.126,0.125,0.124,0.125,0.125,0.125,0.125,0.125,0.126,0.126,0.125,0.125,0.125,0.125,0.126,0.125,0.125,0.125,0.126,0.124,0.126,0.125,0.125,0.125,0.126,0.125,0.126,0.124,0.125,0.125,0.126,0.125,0.125,0.126,0.125,0.124,0.125,0.126,0.124,0.125,0.126,0.124,0.126,0.125,0.125,0.126,0.125,0.125,0.126,0.125,0.125,0.126,0.125,0.124,0.126,0.139,
0.003,0.002,0.002,0.003,0.003,0.003,0.003,0.003,0.003,0.003,0.003,0.003,0.003,0.003,0.003,0.003,0.003,0.003,0.003,0.003,0.003,0.003,0.003,0.003,0.003,0.003,0.003,0.003,0.003,0.003,0.003,0.003,0.003,0.003,0.003,0.003,0.003,0.003,0.003,0.003,0.003,0.003,0.003,0.003,0.003,0.003,0.003,0.003,0.003,0.003,0.003,0.003,0.003,0.003,0.003,0.003,0.003,0.003,0.003,0.003,0.003,0.003,0.003,0.003,0.003,0.003,0.003,0.003,0.003,0.003,0.003,0.003,0.003,0.003,0.003,0.003,0.003,0.003,0.003,0.003,0.003,0.003,0.003,0.003,0.003,0.003,0.003,0.003,0.003,0.003,0.003,0.003,0.003,0.003,0.003,0.003,0.003,0.003,0.003,0.003,
0.02,0.048,0.046,0.019,0.02,0.045,0.04,0.02,0.046,0.021,0.045,0.039,0.039,0.02,0.037,0.039,0.037,0.02,0.037,0.037,0.037,0.037,0.037,0.021,0.045,0.039,0.037,0.021,0.019,0.019,0.046,0.02,0.019,0.046,0.02,0.046,0.039,0.039,0.02,0.046,0.021,0.037,0.039,0.02,0.019,0.037,0.02,0.019,0.019,0.037,0.037,0.037,0.02,0.046,0.039,0.02,0.039,0.02,0.046,0.02,0.037,0.021,0.046,0.039,0.02,0.019,0.046,0.039,0.039,0.02,0.037,0.037,0.02,0.037,0.046,0.039,0.02,0.037,0.046,0.02,0.019,0.037,0.037,0.02,0.019,0.037,0.039,0.021,0.046,0.02,0.046,0.02,0.046,0.039,0.037,0.02,0.046,0.039,0.02,0.019,
-0.002,-0.002,-0.001,0.0,-0.002,-0.002,-0.002,-0.002,-0.002,-0.001,-0.001,-0.003,-0.001,-0.001,-0.001,-0.003,-0.001,-0.002,-0.002,-0.001,-0.002,-0.001,-0.002,-0.001,-0.002,-0.002,-0.003,-0.001,-0.002,-0.002,-0.001,-0.003,-0.001,-0.002,-0.002,-0.001,-0.002,-0.002,-0.002,-0.001,-0.003,-0.001,-0.001,-0.002,-0.002,-0.001,-0.001,-0.002,-0.002,-0.001,-0.001,-0.002,0.0,-0.002,-0.002,-0.002,-0.001,-0.002,-0.001,-0.002,-0.002,-0.002,-0.002,0.0,-0.002,-0.001,-0.003,-0.002,-0.002,-0.001,-0.002,-0.002,-0.002,-0.001,-0.001,-0.003,-0.002,0.0,-0.002,-0.001,-0.002,-0.001,-0.001,-0.002,-0.002,0.0,-0.003,-0.002,-0.002,-0.001,-0.001,-0.002,-0.002,-0.001,-0.001,-0.002,-0.001,-0.002,-0.002,0.0,
0.023,0.055,0.023,0.023,0.023,0.024,0.023,0.023,0.024,0.023,0.023,0.023,0.023,0.023,0.024,0.023,0.023,0.023,0.024,0.023,0.023,0.024,0.023,0.023,0.023,0.024,0.023,0.023,0.023,0.023,0.023,0.023,0.024,0.023,0.023,0.023,0.023,0.023,0.023,0.023,0.024,0.023,0.023,0.023,0.023,0.023,0.023,0.023,0.024,0.023,0.023,0.023,0.023,0.023,0.023,0.023,0.024,0.023,0.023,0.023,0.023,0.023,0.023,0.023,0.024,0.023,0.023,0.023,0.023,0.023,0.023,0.023,0.024,0.023,0.023,0.023,0.023,0.023,0.023,0.023,0.024,0.023,0.023,0.023,0.023,0.023,0.023,0.023,0.024,0.023,0.023,0.023,0.023,0.023,0.023,0.023,0.024,0.023,0.023,0.023,
0.038,0.025,0.03,0.036,0.036,0.036,0.036,0.036,0.037,0.036,0.036,0.037,0.036,0.036,0.037,0.037,0.036,0.036,0.036,0.036,0.036,0.036,0.035,0.036,0.037,0.036,0.037,0.036,0.036,0.037,0.036,0.036,0.036,0.036,0.036,0.036,0.037,0.036,0.037,0.035,0.036,0.037,0.035,0.037,0.036,0.036,0.036,0.036,0.037,0.036,0.036,0.036,0.035,0.036,0.037,0.036,0.036,0.036,0.037,0.037,0.036,0.037,0.035,0.036,0.036,0.037,0.036,0.036,0.036,0.036,0.037,0.036,0.037,0.036,0.036,0.037,0.036,0.037,0.036,0.036,0.038,0.035,0.036,0.037,0.037,0.036,0.036,0.037,0.036,0.036,0.036,0.036,0.036,0.036,0.036,0.036,0.036,0.036,0.036,0.037,
0.086,0.128,0.127,0.122,0.124,0.129,0.123,0.123,0.128,0.124,0.124,0.124,0.129,0.124,0.122,0.129,0.123,0.125,0.123,0.128,0.126,0.122,0.127,0.126,0.122,0.125,0.129,0.124,0.122,0.129,0.124,0.122,0.129,0.124,0.122,0.125,0.128,0.124,0.126,0.123,0.123,0.129,0.123,0.124,0.126,0.124,0.126,0.125,0.124,0.126,0.123,0.126,0.126,0.124,0.126,0.125,0.124,0.125,0.124,0.129,0.123,0.123,0.125,0.126,0.124,0.125,0.129,0.121,0.13,0.123,0.123,0.125,0.126,0.124,0.129,0.121,0.127,0.125,0.124,0.129,0.122,0.124,0.126,0.126,0.124,0.125,0.124,0.126,0.126,0.123,0.126,0.125,0.124,0.129,0.123,0.124,0.124,0.126,0.126,0.125,
0.225,0.182,0.189,0.186,0.187,0.186,0.187,0.187,0.186,0.187,0.187,0.186,0.186,0.187,0.186,0.187,0.187,0.187,0.187,0.186,0.187,0.186,0.187,0.186,0.187,0.187,0.187,0.187,0.187,0.187,0.186,0.187,0.186,0.187,0.187,0.187,0.187,0.186,0.187,0.186,0.187,0.186,0.187,0.186,0.187,0.187,0.186,0.187,0.187,0.187,0.187,0.187,0.186,0.187,0.186,0.187,0.186,0.187,0.186,0.187,0.186,0.187,0.186,0.187,0.186,0.187,0.186,0.187,0.186,0.187,0.186,0.187,0.186,0.187,0.186,0.187,0.186,0.187,0.186,0.187,0.186,0.187,0.186,0.187,0.186,0.187,0.186,0.187,0.186,0.187,0.186,0.187,0.186,0.187,0.186,0.187,0.186,0.187,0.186,0.186,
0.101,0.112,0.088,0.061,0.04,0.097,0.073,0.05,0.11,0.085,0.065,0.121,0.097,0.071,0.123,0.097,0.07,0.124,0.097,0.07,0.124,0.097,0.07,0.125,0.098,0.071,0.122,0.095,0.071,0.123,0.097,0.071,0.124,0.097,0.07,0.123,0.097,0.071,0.125,0.098,0.069,0.124,0.097,0.071,0.123,0.097,0.073,0.125,0.098,0.073,0.123,0.096,0.071,0.123,0.097,0.071,0.123,0.097,0.07,0.123,0.097,0.071,0.123,0.096,0.07,0.123,0.097,0.07,0.123,0.097,0.071,0.125,0.098,0.071,0.125,0.098,0.071,0.122,0.095,0.071,0.125,0.098,0.07,0.122,0.095,0.073,0.123,0.096,0.073,0.123,0.096,0.071,0.125,0.098,0.071,0.123,0.097,0.071,0.123,0.096,
0.068,0.054,0.057,0.089,0.077,0.086,0.072,0.082,0.07,0.081,0.07,0.081,0.068,0.082,0.068,0.081,0.069,0.081,0.07,0.081,0.069,0.082,0.069,0.081,0.069,0.08,0.069,0.081,0.07,0.08,0.07,0.08,0.069,0.081,0.07,0.081,0.069,0.081,0.069,0.081,0.07,0.08,0.069,0.081,0.069,0.081,0.069,0.081,0.069,0.081,0.069,0.082,0.069,0.081,0.069,0.08,0.07,0.081,0.069,0.081,0.069,0.082,0.069,0.081,0.069,0.081,0.069,0.081,0.069,0.081,0.068,0.081,0.069,0.081,0.07,0.08,0.07,0.08,0.069,0.081,0.069,0.081,0.069,0.081,0.069,0.081,0.069,0.082,0.068,0.081,0.069,0.081,0.069,0.082,0.069,0.08,0.07,0.081,0.069,0.08,
0.19,0.152,0.167,0.162,0.198,0.215,0.225,0.191,0.203,0.214,0.225,0.192,0.203,0.215,0.225,0.193,0.203,0.214,0.224,0.194,0.205,0.217,0.227,0.192,0.204,0.215,0.224,0.193,0.205,0.217,0.227,0.238,0.248,0.257,0.267,0.271,0.274,0.274,0.271,0.276,0.271,0.274,0.274,0.271,0.274,0.275,0.271,0.274,0.274,0.272,0.274,0.272,0.274,0.271,0.274,0.274,0.271,0.273,0.274,0.272,0.275,0.274,0.274,0.271,0.274,0.272,0.276,0.271,0.273,0.273,0.274,0.274,0.274,0.273,0.271,0.276,0.271,0.274,0.275,0.273,0.272,0.274,0.272,0.273,0.272,0.274,0.274,0.271,0.274,0.274,0.271,0.275,0.272,0.274,0.271,0.274,0.273,0.272,0.274,0.265,
0.041,0.095,0.077,0.049,0.048,0.049,0.048,0.049,0.048,0.048,0.048,0.048,0.048,0.048,0.049,0.048,0.049,0.048,0.048,0.048,0.049,0.048,0.047,0.049,0.049,0.048,0.048,0.049,0.049,0.048,0.048,0.049,0.048,0.048,0.049,0.048,0.048,0.048,0.049,0.048,0.048,0.049,0.048,0.047,0.049,0.048,0.048,0.049,0.048,0.049,0.048,0.048,0.048,0.049,0.047,0.048,0.048,0.048,0.049,0.048,0.047,0.048,0.048,0.049,0.048,0.049,0.047,0.049,0.048,0.049,0.048,0.048,0.049,0.047,0.049,0.047,0.049,0.049,0.047,0.048,0.049,0.049,0.048,0.049,0.048,0.048,0.048,0.048,0.049,0.048,0.048,0.049,0.048,0.049,0.048,0.048,0.048,0.049,0.047,0.049,
0.0,-0.006,-0.007,0.0,-0.001,-0.001,-0.001,0.001,0.0,0.0,0.0,0.0,0.0,0.0,0.0,0.0,0.0,0.0,0.0,0.0,0.0,0.0,-0.001,0.0,0.0,0.0,0.0,0.0,-0.001,0.0,0.0,-0.001,0.001,0.0,0.0,0.001,0.0,0.0,0.0,0.0,0.0,0.001,0.0,0.0,0.0,0.001,0.0,-0.001,0.0,0.0,0.0,0.0,0.0,0.0,0.001,0.0,0.0,0.0,0.0,0.0,0.0,0.0,0.0,0.0,0.0,-0.001,0.0,0.0,0.0,0.0,0.0,0.0,0.0,0.0,0.0,0.0,0.0,0.0,0.0,0.0,0.0,0.0,0.0,-0.001,0.0,0.0,0.0,0.0,-0.001,0.0,0.0,0.0,0.0,0.001,0.0,0.0,0.0,0.0,0.0,0.0,
0.0,0.115,0.029,0.005,0.001,-0.003,0.002,0.002,-0.003,-0.001,0.003,0.001,-0.003,0.0,0.003,-0.003,0.0,0.002,-0.001,0.0,0.001,0.0,0.0,0.0,0.0,-0.002,0.001,0.0,0.0,-0.001,0.0,0.001,-0.002,0.002,-0.001,0.001,0.0,0.002,-0.001,-0.001,-0.001,0.002,-0.002,0.003,-0.001,0.0,0.0,-0.002,0.0,0.001,0.0,-0.003,0.003,-0.001,0.001,0.001,0.0,0.0,-0.003,0.005,-0.001,-0.001,0.0,0.003,-0.005,0.003,-0.002,0.0,0.0,0.003,-0.003,0.001,0.0,0.0,0.0,0.0,0.0,0.0,0.0,0.0,0.003,-0.001,0.001,-0.002,-0.001,-0.001,0.001,0.0,0.0,0.002,0.0,0.0,0.0,-0.002,0.0,0.0,0.0,0.002,0.0,0.0,
0.056,0.152,0.138,0.14,0.137,0.138,0.139,0.139,0.137,0.14,0.137,0.14,0.138,0.138,0.138,0.137,0.139,0.139,0.138,0.137,0.137,0.14,0.137,0.14,0.137,0.138,0.137,0.14,0.138,0.14,0.138,0.139,0.137,0.137,0.141,0.137,0.141,0.137,0.141,0.135,0.139,0.14,0.138,0.136,0.139,0.14,0.138,0.138,0.139,0.138,0.137,0.136,0.14,0.138,0.137,0.14,0.14,0.137,0.136,0.139,0.136,0.139,0.141,0.137,0.141,0.138,0.137,0.141,0.137,0.138,0.14,0.137,0.14,0.14,0.137,0.141,0.135,0.139,0.135,0.14,0.139,0.139,0.137,0.138,0.141,0.137,0.137,0.139,0.137,0.141,0.137,0.141,0.137,0.141,0.137,0.14,0.139,0.138,0.139,0.139,
-0.032,-0.032,-0.029,-0.031,-0.031,-0.033,-0.033,-0.033,-0.031,-0.029,-0.033,-0.033,-0.03,-0.033,-0.03,-0.031,-0.034,-0.03,-0.033,-0.033,-0.03,-0.031,-0.034,-0.03,-0.033,-0.03,-0.034,-0.064,-0.254,-0.047,-0.034,-0.031,-0.03,-0.034,-0.03,-0.03,-0.034,-0.001,-0.257,-0.049,-0.03,-0.033,-0.03,-0.031,-0.031,-0.031,-0.031,-0.005,-0.257,-0.046,-0.034,-0.03,-0.034,-0.03,-0.034,-0.031,-0.033,-0.004,-0.257,-0.046,-0.03,-0.033,-0.031,-0.033,-0.029,-0.033,-0.033,-0.005,-0.255,-0.049,-0.033,-0.031,-0.03,-0.034,-0.029,-0.033,-0.033,-0.03,-0.067,-0.254,-0.05,-0.033,-0.03,-0.031,-0.034,-0.033,-0.03,-0.03,-0.004,-0.256,-0.05,-0.031,-0.03,-0.033,-0.033,-0.03,-0.033,-0.03,-0.004,-0.256,
0.106,0.136,0.132,0.132,0.133,0.133,0.131,0.135,0.13,0.134,0.131,0.133,0.13,0.135,0.13,0.134,0.132,0.134,0.128,0.135,0.131,0.134,0.13,0.134,0.131,0.134,0.131,0.133,0.13,0.134,0.131,0.134,0.132,0.133,0.131,0.133,0.13,0.136,0.129,0.135,0.131,0.132,0.131,0.133,0.132,0.134,0.129,0.135,0.13,0.134,0.131,0.134,0.13,0.132,0.133,0.132,0.131,0.133,0.133,0.133,0.129,0.135,0.131,0.132,0.133,0.133,0.131,0.134,0.129,0.134,0.132,0.133,0.132,0.133,0.132,0.133,0.131,0.134,0.13,0.133,0.131,0.134,0.131,0.133,0.131,0.135,0.13,0.134,0.13,0.133,0.132,0.134,0.131,0.133,0.13,0.135,0.131,0.133,0.13,0.124,
0.0,-0.002,0.019,0.029,0.029,0.029,0.029,0.029,0.029,0.029,0.029,0.029,0.029,0.029,0.029,0.029,0.029,0.029,0.029,0.029,0.029,0.029,0.029,0.029,0.029,0.029,0.029,0.029,0.029,0.029,0.029,0.029,0.029,0.029,0.029,0.029,0.029,0.029,0.029,0.029,0.029,0.029,0.029,0.029,0.029,0.029,0.029,0.029,0.029,0.029,0.029,0.029,0.029,0.029,0.029,0.029,0.029,0.029,0.029,0.029,0.029,0.029,0.029,0.029,0.029,0.029,0.029,0.029,0.029,0.029,0.029,0.029,0.029,0.029,0.029,0.029,0.029,0.029,0.029,0.029,0.029,0.029,0.029,0.029,0.029,0.029,0.029,0.029,0.029,0.029,0.029,0.029,0.029,0.029,0.029,0.029,0.029,0.029,0.029,0.029,
0.126,0.168,0.191,0.187,0.188,0.188,0.188,0.188,0.188,0.188,0.188,0.188,0.188,0.188,0.188,0.188,0.188,0.188,0.188,0.188,0.188,0.188,0.188,0.188,0.188,0.188,0.188,0.188,0.188,0.188,0.188,0.188,0.188,0.188,0.188,0.188,0.188,0.188,0.188,0.188,0.188,0.188,0.188,0.188,0.188,0.188,0.188,0.188,0.188,0.188,0.188,0.188,0.188,0.188,0.188,0.188,0.188,0.188,0.188,0.188,0.188,0.188,0.188,0.188,0.188,0.188,0.188,0.188,0.188,0.188,0.188,0.188,0.188,0.188,0.188,0.188,0.188,0.188,0.188,0.188,0.188,0.188,0.188,0.188,0.188,0.188,0.188,0.188,0.188,0.188,0.188,0.188,0.188,0.188,0.188,0.188,0.188,0.188,0.188,0.04,
-0.015,-0.017,-0.017,-0.016,-0.016,-0.014,-0.016,-0.016,0.03,-0.014,-0.013,-0.039,-0.271,0.276,0.001,0.022,-0.005,-0.013,-0.014,0.004,-0.008,-0.014,0.04,0.279,-0.294,-0.035,0.014,0.281,-0.294,0.019,0.267,-0.283,0.026,0.281,-0.013,-0.301,0.007,0.288,-0.007,-0.264,0.272,0.006,-0.03,-0.282,0.275,0.004,0.031,-0.017,-0.017,-0.038,-0.275,0.276,0.004,0.026,-0.008,-0.013,0.045,0.271,-0.296,-0.031,0.03,0.277,-0.295,0.026,0.26,-0.283,-0.032,0.022,0.273,-0.286,0.025,0.286,-0.008,-0.306,-0.006,0.287,-0.007,-0.267,0.275,0.006,-0.032,-0.289,0.276,-0.024,-0.257,0.273,0.006,0.027,-0.013,-0.014,-0.011,0.021,-0.009,-0.013,0.042,0.27,-0.294,-0.032,0.025,0.287,
0.054,0.052,0.062,0.074,0.069,0.066,0.062,0.061,0.064,0.06,0.064,0.061,0.064,0.061,0.065,0.06,0.064,0.061,0.064,0.06,0.064,0.061,0.064,0.061,0.065,0.061,0.064,0.061,0.065,0.061,0.064,0.061,0.065,0.061,0.065,0.061,0.064,0.061,0.064,0.061,0.065,0.061,0.065,0.061,0.064,0.061,0.064,0.061,0.064,0.061,0.064,0.061,0.064,0.061,0.065,0.061,0.064,0.061,0.064,0.061,0.065,0.061,0.065,0.061,0.065,0.061,0.064,0.061,0.064,0.061,0.064,0.061,0.064,0.061,0.064,0.061,0.064,0.061,0.064,0.061,0.064,0.061,0.064,0.061,0.064,0.061,0.064,0.061,0.064,0.061,0.064,0.061,0.064,0.061,0.064,0.061,0.064,0.061,0.064,0.044,
-0.006,-0.007,-0.005,-0.006,-0.007,-0.007,-0.007,-0.006,-0.007,-0.007,-0.006,-0.006,-0.005,-0.008,-0.005,-0.008,-0.005,-0.007,-0.006,-0.007,-0.005,-0.008,-0.006,-0.006,-0.006,-0.005,-0.007,-0.007,-0.006,-0.006,-0.005,-0.008,-0.003,-0.008,-0.005,-0.007,-0.007,-0.006,-0.006,-0.007,-0.006,-0.006,-0.006,-0.007,-0.006,-0.005,-0.007,-0.006,-0.005,-0.007,-0.006,-0.006,-0.008,-0.005,-0.008,-0.003,-0.008,-0.006,-0.006,-0.007,-0.006,-0.006,-0.007,-0.007,-0.005,-0.006,-0.006,-0.006,-0.008,-0.005,-0.007,-0.007,-0.005,-0.007,-0.007,-0.005,-0.007,-0.006,-0.006,-0.007,-0.007,-0.006,-0.006,-0.007,-0.006,-0.007,-0.005,-0.006,-0.006,-0.008,-0.006,-0.006,-0.007,-0.006,-0.006,-0.006,-0.006,-0.007,-0.006,-0.008,
0.05,0.087,0.111,0.088,0.081,0.074,0.078,0.094,0.058,0.092,0.08,0.074,0.078,0.074,0.078,0.074,0.078,0.073,0.078,0.074,0.078,0.074,0.078,0.094,0.08,0.074,0.078,0.094,0.06,0.092,0.058,0.091,0.058,0.092,0.058,0.091,0.08,0.093,0.058,0.092,0.06,0.092,0.06,0.092,0.08,0.074,0.078,0.074,0.078,0.074,0.078,0.093,0.06,0.092,0.058,0.092,0.061,0.092,0.08,0.073,0.078,0.094,0.058,0.091,0.08,0.074,0.076,0.073,0.078,0.094,0.08,0.094,0.08,0.074,0.078,0.074,0.078,0.073,0.078,0.094,0.058,0.091,0.058,0.091,0.06,0.092,0.08,0.078,0.052,0.092,0.079,0.074,0.078,0.074,0.078,0.093,0.06,0.092,0.06,0.091,
0.074,0.102,0.11,0.103,0.106,0.106,0.105,0.106,0.106,0.106,0.105,0.105,0.106,0.106,0.106,0.106,0.106,0.106,0.105,0.105,0.106,0.106,0.106,0.106,0.105,0.105,0.106,0.106,0.106,0.105,0.105,0.105,0.106,0.105,0.105,0.105,0.105,0.105,0.105,0.106,0.105,0.105,0.105,0.105,0.105,0.105,0.105,0.106,0.105,0.106,0.105,0.105,0.105,0.105,0.105,0.106,0.105,0.105,0.105,0.105,0.105,0.106,0.105,0.105,0.106,0.105,0.105,0.105,0.105,0.105,0.105,0.105,0.105,0.105,0.105,0.105,0.105,0.105,0.105,0.105,0.105,0.105,0.105,0.105,0.105,0.105,0.105,0.105,0.105,0.105,0.105,0.105,0.105,0.105,0.105,0.105,0.105,0.105,0.105,0.105,
0.128,0.222,0.216,0.225,0.229,0.232,0.232,0.232,0.232,0.232,0.232,0.232,0.232,0.232,0.232,0.232,0.232,0.232,0.232,0.232,0.232,0.232,0.232,0.232,0.232,0.232,0.232,0.232,0.232,0.232,0.232,0.232,0.232,0.232,0.232,0.232,0.232,0.232,0.232,0.232,0.232,0.232,0.232,0.232,0.232,0.232,0.232,0.232,0.232,0.232,0.232,0.232,0.232,0.232,0.232,0.232,0.232,0.232,0.232,0.232,0.232,0.232,0.232,0.232,0.232,0.232,0.232,0.232,0.232,0.232,0.232,0.232,0.232,0.232,0.232,0.232,0.232,0.232,0.232,0.232,0.232,0.232,0.232,0.232,0.232,0.232,0.232,0.232,0.232,0.232,0.232,0.232,0.232,0.232,0.232,0.232,0.232,0.232,0.232,0.228,
0.02,0.02,0.031,0.007,0.008,0.009,0.01,0.008,0.009,0.007,0.01,0.008,0.009,0.008,0.009,0.008,0.009,0.008,0.009,0.008,0.009,0.008,0.009,0.008,0.009,0.008,0.009,0.008,0.009,0.008,0.009,0.008,0.009,0.008,0.009,0.008,0.009,0.008,0.009,0.008,0.009,0.008,0.009,0.008,0.009,0.008,0.009,0.008,0.009,0.008,0.009,0.008,0.009,0.008,0.009,0.008,0.009,0.008,0.009,0.008,0.009,0.008,0.009,0.008,0.009,0.008,0.009,0.008,0.009,0.008,0.009,0.008,0.009,0.008,0.009,0.008,0.009,0.008,0.009,0.008,0.009,0.008,0.009,0.008,0.009,0.008,0.009,0.008,0.009,0.008,0.009,0.008,0.009,0.008,0.009,0.008,0.009,0.008,0.009,0.008,
0.165,0.091,0.107,0.115,0.097,0.099,0.108,0.096,0.097,0.105,0.098,0.098,0.106,0.098,0.098,0.107,0.116,0.124,0.132,0.14,0.149,0.156,0.096,0.097,0.106,0.115,0.097,0.097,0.106,0.115,0.124,0.132,0.14,0.149,0.156,0.163,0.093,0.103,0.095,0.099,0.108,0.095,0.1,0.109,0.118,0.126,0.095,0.105,0.112,0.095,0.099,0.096,0.105,0.113,0.095,0.1,0.109,0.095,0.105,0.112,0.095,0.099,0.096,0.099,0.108,0.095,0.104,0.096,0.098,0.096,0.098,0.107,0.095,0.105,0.112,0.095,0.099,0.096,0.099,0.108,0.095,0.104,0.096,0.098,0.096,0.098,0.107,0.095,0.105,0.112,0.095,0.099,0.096,0.099,0.108,0.095,0.104,0.096,0.098,0.016,
0.0,-0.004,0.05,0.001,0.004,0.006,0.006,-0.003,0.015,0.036,-0.002,0.005,0.01,0.007,-0.007,0.005,0.024,0.0,0.075,-0.063,0.021,-0.007,0.011,0.024,0.008,-0.009,0.006,0.028,0.001,0.077,-0.057,0.014,-0.012,0.074,-0.048,0.025,0.069,-0.06,0.02,0.066,-0.013,-0.063,0.08,-0.015,0.012,-0.069,0.079,0.017,0.013,0.017,0.025,0.006,-0.067,0.092,0.016,0.009,-0.064,0.084,0.005,0.014,-0.063,0.084,0.016,0.018,-0.073,0.093,0.01,-0.06,0.008,0.07,0.014,-0.06,0.082,-0.012,0.015,-0.068,0.001,0.071,0.022,-0.057,0.009,-0.012,0.013,0.033,0.003,0.083,-0.063,0.015,-0.005,0.079,-0.057,0.031,-0.017,0.082,-0.047,0.022,0.067,-0.073,0.014,-0.001,
-0.07,-0.049,-0.012,-0.071,-0.07,-0.068,-0.07,-0.07,-0.07,-0.068,-0.068,-0.07,-0.068,-0.07,-0.068,-0.071,-0.068,-0.07,-0.07,-0.067,-0.07,-0.07,-0.07,-0.067,-0.07,-0.07,-0.068,-0.07,-0.07,-0.07,-0.068,-0.07,-0.068,-0.068,-0.07,-0.07,-0.071,-0.07,-0.068,-0.07,-0.07,-0.07,-0.07,-0.07,-0.068,-0.07,-0.07,-0.068,-0.07,-0.07,-0.068,-0.068,-0.07,-0.07,-0.07,-0.07,-0.07,-0.07,-0.07,-0.07,-0.07,-0.07,-0.068,-0.07,-0.07,-0.07,-0.067,-0.07,-0.07,-0.07,-0.07,-0.07,-0.07,-0.07,-0.068,-0.07,-0.068,-0.07,-0.07,-0.068,-0.07,-0.07,-0.07,-0.071,-0.07,-0.067,-0.07,-0.07,-0.07,-0.07,-0.068,-0.07,-0.07,-0.07,-0.07,-0.07,-0.07,-0.068,-0.07,-0.07,
0.066,0.074,0.085,0.105,0.102,0.085,0.091,0.087,0.085,0.082,0.08,0.078,0.089,0.086,0.084,0.083,0.081,0.078,0.086,0.088,0.084,0.082,0.081,0.078,0.087,0.088,0.084,0.082,0.081,0.078,0.087,0.086,0.085,0.084,0.081,0.076,0.087,0.088,0.084,0.083,0.081,0.078,0.086,0.088,0.084,0.083,0.082,0.077,0.088,0.086,0.084,0.084,0.081,0.077,0.088,0.086,0.083,0.083,0.082,0.077,0.087,0.087,0.085,0.083,0.08,0.079,0.087,0.087,0.084,0.083,0.08,0.078,0.089,0.085,0.086,0.082,0.081,0.078,0.087,0.087,0.085,0.082,0.081,0.078,0.086,0.087,0.086,0.082,0.081,0.077,0.089,0.086,0.085,0.083,0.08,0.078,0.088,0.088,0.083,0.082,
0.086,0.145,0.143,0.116,0.103,0.096,0.096,0.094,0.095,0.095,0.095,0.096,0.095,0.096,0.094,0.095,0.096,0.094,0.095,0.095,0.096,0.094,0.095,0.095,0.095,0.095,0.095,0.095,0.095,0.094,0.095,0.095,0.095,0.095,0.096,0.095,0.095,0.095,0.095,0.095,0.096,0.095,0.096,0.095,0.095,0.095,0.095,0.095,0.095,0.095,0.095,0.095,0.095,0.095,0.096,0.095,0.095,0.095,0.095,0.095,0.095,0.095,0.095,0.095,0.095,0.095,0.095,0.095,0.095,0.095,0.095,0.095,0.095,0.096,0.095,0.095,0.095,0.095,0.095,0.095,0.095,0.095,0.095,0.095,0.094,0.096,0.095,0.095,0.095,0.095,0.096,0.095,0.095,0.096,0.095,0.095,0.096,0.095,0.095,0.096,
0.017,0.057,0.084,0.083,0.082,0.082,0.082,0.082,0.082,0.082,0.083,0.082,0.082,0.083,0.082,0.081,0.083,0.082,0.082,0.082,0.082,0.083,0.082,0.082,0.083,0.082,0.081,0.082,0.082,0.083,0.082,0.082,0.082,0.082,0.082,0.083,0.082,0.082,0.082,0.082,0.082,0.082,0.082,0.082,0.083,0.082,0.082,0.083,0.082,0.083,0.082,0.081,0.083,0.082,0.083,0.081,0.083,0.082,0.083,0.082,0.082,0.083,0.082,0.082,0.083,0.082,0.083,0.082,0.082,0.083,0.082,0.083,0.082,0.082,0.083,0.082,0.081,0.083,0.082,0.083,0.082,0.082,0.083,0.082,0.083,0.082,0.082,0.082,0.082,0.083,0.082,0.082,0.083,0.082,0.083,0.082,0.083,0.082,0.083,0.082,
0.005,0.02,0.019,0.016,0.015,0.015,0.015,0.015,0.015,0.015,0.015,0.015,0.015,0.015,0.015,0.015,0.015,0.015,0.015,0.015,0.015,0.015,0.014,0.014,0.015,0.015,0.015,0.015,0.014,0.014,0.015,0.015,0.015,0.015,0.015,0.015,0.015,0.014,0.015,0.014,0.015,0.015,0.015,0.015,0.015,0.014,0.014,0.015,0.015,0.015,0.015,0.015,0.015,0.015,0.015,0.015,0.015,0.015,0.015,0.015,0.015,0.015,0.015,0.014,0.015,0.014,0.015,0.015,0.014,0.015,0.015,0.015,0.015,0.015,0.015,0.015,0.015,0.015,0.015,0.015,0.016,0.014,0.015,0.015,0.015,0.014,0.014,0.015,0.016,0.015,0.015,0.015,0.015,0.015,0.015,0.016,0.015,0.014,0.015,0.015,
0.0,-0.057,-0.031,-0.064,-0.038,-0.064,-0.038,-0.065,-0.037,-0.065,-0.037,-0.064,-0.039,-0.063,-0.038,-0.065,-0.038,-0.065,-0.038,-0.064,-0.038,-0.064,-0.039,-0.064,-0.038,-0.064,-0.038,-0.063,-0.039,-0.064,-0.038,-0.064,-0.038,-0.064,-0.038,-0.064,-0.038,-0.064,-0.038,-0.064,-0.038,-0.064,-0.039,-0.064,-0.037,-0.065,-0.038,-0.064,-0.038,-0.064,-0.038,-0.065,-0.038,-0.063,-0.039,-0.064,-0.038,-0.064,-0.038,-0.064,-0.038,-0.064,-0.038,-0.065,-0.038,-0.065,-0.038,-0.064,-0.038,-0.063,-0.039,-0.064,-0.038,-0.063,-0.038,-0.065,-0.037,-0.065,-0.037,-0.065,-0.037,-0.064,-0.038,-0.064,-0.039,-0.064,-0.038,-0.064,-0.038,-0.065,-0.038,-0.064,-0.038,-0.064,-0.038,-0.064,-0.039,-0.064,-0.038,-0.063,
0.112,0.187,0.17,0.163,0.162,0.162,0.162,0.162,0.162,0.162,0.162,0.162,0.162,0.162,0.162,0.162,0.162,0.162,0.162,0.162,0.162,0.162,0.162,0.162,0.162,0.162,0.162,0.162,0.162,0.162,0.162,0.162,0.162,0.162,0.162,0.162,0.162,0.162,0.162,0.162,0.162,0.162,0.162,0.162,0.162,0.162,0.162,0.162,0.162,0.162,0.162,0.162,0.162,0.162,0.162,0.162,0.162,0.162,0.162,0.162,0.162,0.162,0.162,0.162,0.162,0.162,0.162,0.162,0.162,0.162,0.162,0.162,0.162,0.162,0.162,0.162,0.162,0.162,0.162,0.162,0.162,0.162,0.162,0.162,0.162,0.162,0.162,0.162,0.162,0.162,0.162,0.162,0.162,0.162,0.162,0.162,0.162,0.162,0.162,0.161,
0.087,0.101,0.096,0.117,0.093,0.098,0.098,0.098,0.096,0.099,0.097,0.098,0.098,0.096,0.09,0.099,0.097,0.098,0.098,0.098,0.098,0.097,0.098,0.098,0.097,0.098,0.098,0.097,0.098,0.097,0.098,0.097,0.098,0.097,0.098,0.097,0.098,0.097,0.098,0.097,0.098,0.097,0.098,0.097,0.098,0.097,0.098,0.097,0.098,0.097,0.098,0.097,0.098,0.097,0.098,0.097,0.098,0.097,0.098,0.097,0.098,0.097,0.098,0.097,0.098,0.097,0.098,0.097,0.098,0.097,0.098,0.097,0.098,0.097,0.098,0.097,0.098,0.097,0.098,0.097,0.098,0.097,0.098,0.097,0.098,0.097,0.098,0.097,0.098,0.097,0.098,0.097,0.098,0.097,0.098,0.097,0.098,0.097,0.098,0.097,
0.008,-0.001,0.047,0.055,0.056,0.056,0.056,0.056,0.056,0.056,0.056,0.056,0.056,0.055,0.056,0.056,0.056,0.056,0.056,0.056,0.056,0.056,0.056,0.056,0.056,0.056,0.056,0.056,0.056,0.056,0.056,0.056,0.056,0.056,0.056,0.056,0.054,0.056,0.055,0.056,0.056,0.056,0.056,0.056,0.054,0.056,0.056,0.056,0.055,0.055,0.056,0.056,0.056,0.056,0.056,0.056,0.056,0.054,0.056,0.056,0.055,0.056,0.056,0.056,0.056,0.056,0.056,0.056,0.054,0.056,0.055,0.056,0.056,0.056,0.056,0.056,0.054,0.056,0.056,0.056,0.055,0.055,0.056,0.056,0.056,0.056,0.056,0.056,0.056,0.054,0.056,0.056,0.055,0.056,0.056,0.056,0.056,0.056,0.056,0.055,
0.007,-0.058,-0.007,0.005,0.018,0.024,0.026,0.025,0.027,0.026,0.026,0.026,0.026,0.026,0.027,0.026,0.025,0.027,0.025,0.027,0.026,0.027,0.026,0.025,0.027,0.026,0.025,0.027,0.026,0.026,0.027,0.026,0.026,0.026,0.027,0.026,0.027,0.026,0.027,0.026,0.027,0.025,0.026,0.027,0.026,0.025,0.027,0.026,0.026,0.026,0.026,0.026,0.026,0.026,0.026,0.026,0.026,0.026,0.026,0.026,0.026,0.026,0.026,0.026,0.026,0.026,0.026,0.026,0.026,0.026,0.026,0.026,0.026,0.026,0.026,0.026,0.026,0.026,0.026,0.026,0.026,0.026,0.026,0.026,0.026,0.026,0.026,0.026,0.026,0.026,0.026,0.026,0.026,0.026,0.026,0.026,0.026,0.026,0.026,0.026,
0.069,0.082,0.075,0.068,0.066,0.07,0.066,0.07,0.068,0.068,0.07,0.068,0.067,0.068,0.071,0.068,0.068,0.067,0.067,0.067,0.068,0.071,0.068,0.066,0.071,0.068,0.066,0.068,0.068,0.068,0.068,0.067,0.072,0.066,0.071,0.067,0.068,0.07,0.066,0.07,0.067,0.066,0.072,0.066,0.071,0.066,0.068,0.068,0.068,0.067,0.067,0.068,0.068,0.068,0.07,0.07,0.067,0.068,0.07,0.066,0.068,0.07,0.071,0.065,0.07,0.07,0.068,0.07,0.064,0.07,0.07,0.071,0.067,0.065,0.071,0.07,0.067,0.068,0.068,0.068,0.068,0.067,0.07,0.066,0.071,0.066,0.07,0.071,0.065,0.068,0.072,0.067,0.068,0.068,0.07,0.067,0.066,0.07,0.071,0.065,
0.1,0.085,0.116,0.221,0.22,0.221,0.221,0.222,0.221,0.221,0.222,0.221,0.222,0.222,0.221,0.222,0.222,0.222,0.221,0.221,0.222,0.222,0.221,0.222,0.221,0.222,0.222,0.221,0.222,0.221,0.222,0.221,0.222,0.221,0.222,0.222,0.222,0.222,0.222,0.223,0.226,0.226,0.225,0.226,0.225,0.225,0.226,0.225,0.226,0.226,0.225,0.226,0.225,0.226,0.226,0.226,0.225,0.226,0.226,0.226,0.226,0.226,0.226,0.225,0.226,0.226,0.225,0.226,0.226,0.226,0.225,0.226,0.226,0.226,0.226,0.226,0.225,0.226,0.226,0.225,0.226,0.226,0.226,0.225,0.226,0.225,0.226,0.225,0.225,0.226,0.226,0.226,0.225,0.226,0.226,0.226,0.226,0.225,0.226,0.175,
-0.005,-0.003,-0.005,-0.002,-0.005,0.0,-0.003,-0.002,-0.001,-0.005,-0.003,-0.002,-0.001,-0.006,0.0,-0.006,0.001,-0.002,-0.005,-0.002,-0.001,-0.005,-0.001,-0.005,-0.003,0.0,-0.006,0.0,-0.003,-0.002,-0.006,-0.002,-0.002,0.0,-0.005,0.0,-0.002,-0.002,-0.002,-0.002,-0.002,-0.005,-0.002,-0.001,-0.005,-0.001,-0.005,-0.001,-0.005,-0.003,0.0,-0.006,0.0,-0.003,-0.002,-0.002,-0.005,-0.002,0.0,-0.002,-0.002,-0.002,-0.006,0.0,-0.006,-0.003,-0.005,0.0,-0.001,-0.005,-0.002,-0.005,0.0,-0.006,-0.001,-0.002,-0.006,0.0,-0.001,-0.006,-0.001,-0.002,-0.002,-0.002,-0.002,-0.002,-0.005,-0.003,-0.005,-0.003,-0.005,-0.003,-0.005,-0.003,-0.005,-0.003,-0.005,-0.003,-0.005,-0.005,
0.0,0.144,0.129,0.133,0.136,0.135,0.133,0.136,0.133,0.136,0.133,0.136,0.134,0.137,0.134,0.135,0.134,0.133,0.137,0.135,0.134,0.135,0.134,0.135,0.134,0.135,0.134,0.135,0.134,0.135,0.134,0.135,0.134,0.135,0.134,0.135,0.134,0.135,0.134,0.135,0.134,0.135,0.134,0.135,0.134,0.135,0.134,0.135,0.134,0.135,0.134,0.135,0.134,0.135,0.134,0.135,0.134,0.135,0.134,0.135,0.134,0.135,0.134,0.135,0.134,0.135,0.134,0.135,0.134,0.135,0.134,0.135,0.134,0.135,0.134,0.135,0.134,0.135,0.134,0.135,0.134,0.135,0.134,0.135,0.134,0.135,0.134,0.135,0.134,0.135,0.134,0.135,0.134,0.135,0.134,0.135,0.134,0.135,0.134,0.122,
0.078,0.111,0.107,0.102,0.085,0.081,0.088,0.08,0.088,0.08,0.087,0.081,0.087,0.08,0.087,0.081,0.087,0.08,0.087,0.081,0.087,0.081,0.087,0.08,0.088,0.081,0.087,0.08,0.087,0.081,0.087,0.081,0.087,0.081,0.087,0.081,0.087,0.08,0.088,0.086,0.081,0.087,0.081,0.087,0.08,0.088,0.081,0.087,0.081,0.087,0.081,0.087,0.081,0.087,0.081,0.088,0.08,0.087,0.08,0.088,0.08,0.087,0.08,0.087,0.08,0.088,0.08,0.088,0.08,0.087,0.08,0.088,0.086,0.081,0.087,0.081,0.087,0.081,0.087,0.08,0.087,0.081,0.087,0.081,0.087,0.08,0.087,0.081,0.087,0.081,0.087,0.081,0.088,0.08,0.087,0.081,0.087,0.081,0.087,0.08,
0.026,-0.008,-0.002,-0.009,-0.01,0.06,0.034,0.091,0.034,0.092,0.036,0.089,0.036,0.092,0.034,0.09,0.036,0.09,0.033,0.092,0.032,0.092,0.032,0.092,0.036,0.09,0.036,0.091,0.034,0.091,0.034,0.091,0.034,0.091,0.034,0.091,0.034,0.091,0.034,0.091,0.034,0.091,0.034,0.091,0.034,0.091,0.034,0.091,0.034,0.091,0.034,0.091,0.034,0.091,0.034,0.091,0.034,0.091,0.034,0.091,0.034,0.091,0.034,0.091,0.034,0.091,0.034,0.091,0.034,0.091,0.034,0.091,0.034,0.091,0.034,0.091,0.034,0.091,0.034,0.091,0.034,0.091,0.034,0.091,0.034,0.091,0.034,0.091,0.034,0.091,0.034,0.091,0.034,0.091,0.034,0.091,0.034,0.091,0.034,0.09,
0.008,0.002,0.007,0.0,0.002,-0.002,0.0,0.002,0.0,-0.001,0.001,0.0,-0.001,-0.001,0.001,0.001,-0.001,-0.001,0.001,0.001,-0.001,0.0,0.001,-0.001,0.0,0.0,0.001,-0.001,0.0,0.001,-0.001,0.0,0.001,-0.001,0.001,-0.001,0.001,-0.001,0.001,0.0,-0.001,-0.001,0.002,-0.001,0.0,-0.001,0.001,0.0,-0.001,0.001,-0.001,0.002,-0.001,0.0,0.0,0.0,-0.001,0.001,0.0,-0.001,0.001,0.0,0.0,0.0,0.0,0.0,0.0,0.0,0.0,0.0,0.0,0.0,0.0,0.0,0.0,0.0,0.0,0.0,0.0,0.0,0.0,0.0,0.0,0.0,0.0,0.0,0.0,0.0,0.0,0.0,0.0,0.0,0.0,0.0,0.0,0.0,0.0,0.0,0.0,0.0,
0.031,0.002,0.016,0.006,0.034,0.031,0.061,0.054,0.045,0.05,0.044,0.051,0.044,0.051,0.045,0.051,0.044,0.051,0.045,0.05,0.045,0.051,0.045,0.05,0.044,0.051,0.044,0.05,0.044,0.051,0.045,0.051,0.045,0.051,0.044,0.051,0.044,0.051,0.044,0.051,0.044,0.05,0.044,0.051,0.045,0.051,0.044,0.05,0.044,0.05,0.043,0.05,0.044,0.051,0.044,0.048,0.044,0.048,0.044,0.051,0.032,0.062,0.034,0.062,0.033,0.062,0.034,0.048,0.044,0.051,0.045,0.048,0.044,0.051,0.034,0.061,0.033,0.062,0.033,0.062,0.032,0.061,0.034,0.061,0.033,0.062,0.034,0.05,0.047,0.05,0.044,0.05,0.044,0.051,0.044,0.051,0.044,0.05,0.044,0.051,
0.013,0.028,0.073,0.154,0.118,0.118,0.118,0.118,0.115,0.12,0.115,0.12,0.113,0.118,0.12,0.12,0.118,0.118,0.118,0.118,0.118,0.113,0.12,0.12,0.118,0.118,0.118,0.115,0.118,0.118,0.12,0.118,0.118,0.118,0.115,0.12,0.118,0.115,0.12,0.118,0.115,0.12,0.118,0.118,0.118,0.115,0.12,0.115,0.12,0.113,0.118,0.12,0.12,0.118,0.118,0.118,0.118,0.118,0.113,0.12,0.12,0.118,0.118,0.118,0.115,0.118,0.118,0.12,0.118,0.118,0.118,0.115,0.12,0.118,0.115,0.12,0.118,0.115,0.12,0.118,0.118,0.118,0.115,0.12,0.115,0.12,0.113,0.118,0.12,0.12,0.118,0.118,0.118,0.118,0.118,0.113,0.12,0.12,0.118,0.085,
0.12,0.111,0.044,0.212,0.043,0.204,0.043,0.196,0.043,0.113,0.154,0.109,0.145,0.11,0.135,0.109,0.044,0.212,0.043,0.206,0.044,0.196,0.042,0.111,0.153,0.11,0.145,0.11,0.135,0.109,0.044,0.212,0.043,0.206,0.043,0.196,0.043,0.112,0.153,0.109,0.145,0.11,0.135,0.109,0.044,0.212,0.043,0.206,0.044,0.196,0.042,0.111,0.153,0.11,0.145,0.11,0.135,0.109,0.044,0.212,0.043,0.206,0.043,0.196,0.043,0.112,0.153,0.109,0.145,0.11,0.135,0.109,0.044,0.212,0.043,0.206,0.044,0.196,0.042,0.111,0.153,0.11,0.145,0.11,0.135,0.109,0.044,0.212,0.043,0.206,0.043,0.196,0.043,0.112,0.153,0.109,0.145,0.11,0.135,0.038,
-0.019,0.017,0.002,0.027,0.02,0.026,0.019,0.026,0.018,0.015,0.017,0.018,0.015,0.017,0.017,0.015,0.018,0.015,0.017,0.018,0.017,0.017,0.015,0.018,0.016,0.017,0.015,0.017,0.018,0.015,0.018,0.015,0.017,0.017,0.015,0.017,0.017,0.016,0.017,0.018,0.025,0.026,0.019,0.026,0.018,0.015,0.017,0.018,0.016,0.017,0.017,0.015,0.017,0.017,0.017,0.015,0.017,0.017,0.017,0.015,0.017,0.016,0.018,0.015,0.017,0.017,0.018,0.025,0.017,0.016,0.017,0.015,0.017,0.017,0.017,0.017,0.015,0.018,0.017,0.015,0.017,0.017,0.015,0.017,0.018,0.015,0.017,0.016,0.017,0.024,0.017,0.017,0.016,0.016,0.017,0.024,0.018,0.017,0.015,0.017,
0.008,0.036,0.01,0.007,0.008,0.008,0.008,0.007,0.006,0.009,0.007,0.008,0.008,0.007,0.007,0.008,0.008,0.008,0.007,0.009,0.009,0.007,0.008,0.008,0.009,0.007,0.008,0.007,0.007,0.008,0.007,0.008,0.009,0.009,0.007,0.009,0.008,0.007,0.008,0.008,0.008,0.007,0.008,0.007,0.007,0.006,0.008,0.008,0.008,0.007,0.008,0.008,0.007,0.008,0.008,0.007,0.006,0.008,0.007,0.007,0.007,0.008,0.007,0.006,0.009,0.008,0.007,0.009,0.007,0.008,0.009,0.007,0.007,0.007,0.008,0.008,0.008,0.008,0.007,0.008,0.007,0.009,0.007,0.008,0.008,0.008,0.007,0.008,0.007,0.007,0.007,0.008,0.007,0.008,0.007,0.007,0.008,0.008,0.007,0.008,
0.018,0.062,0.069,0.069,0.075,0.079,0.083,0.087,0.092,0.097,0.1,0.104,0.108,0.112,0.116,0.119,0.125,0.124,0.124,0.124,0.124,0.124,0.124,0.124,0.124,0.124,0.124,0.123,0.124,0.124,0.124,0.124,0.124,0.125,0.124,0.124,0.124,0.124,0.124,0.123,0.125,0.124,0.124,0.124,0.124,0.124,0.124,0.124,0.124,0.124,0.124,0.123,0.124,0.124,0.124,0.124,0.124,0.125,0.124,0.124,0.124,0.124,0.124,0.123,0.125,0.124,0.124,0.124,0.124,0.124,0.124,0.124,0.124,0.124,0.124,0.123,0.124,0.124,0.124,0.124,0.124,0.125,0.124,0.124,0.124,0.124,0.124,0.123,0.125,0.124,0.124,0.124,0.124,0.124,0.124,0.124,0.124,0.124,0.124,0.104,
-0.058,-0.085,-0.073,-0.054,-0.059,-0.059,-0.06,-0.058,-0.06,-0.06,-0.058,-0.06,-0.059,-0.06,-0.06,-0.058,-0.06,-0.06,-0.058,-0.06,-0.06,-0.059,-0.059,-0.06,-0.059,-0.06,-0.059,-0.06,-0.059,-0.06,-0.058,-0.059,-0.061,-0.058,-0.06,-0.059,-0.061,-0.059,-0.059,-0.06,-0.058,-0.059,-0.06,-0.059,-0.058,-0.059,-0.061,-0.059,-0.06,-0.058,-0.059,-0.06,-0.059,-0.058,-0.06,-0.059,-0.06,-0.058,-0.06,-0.061,-0.059,-0.059,-0.058,-0.061,-0.058,-0.06,-0.059,-0.06,-0.057,-0.059,-0.061,-0.057,-0.06,-0.06,-0.058,-0.059,-0.06,-0.059,-0.06,-0.059,-0.06,-0.058,-0.06,-0.06,-0.059,-0.058,-0.06,-0.058,-0.06,-0.06,-0.059,-0.06,-0.059,-0.058,-0.059,-0.06,-0.058,-0.06,-0.058,-0.06,
0.131,0.232,0.167,0.109,0.236,0.236,0.159,0.11,0.236,0.169,0.108,0.236,0.177,0.107,0.236,0.236,0.165,0.109,0.236,0.176,0.108,0.236,0.236,0.162,0.109,0.236,0.177,0.109,0.236,0.236,0.163,0.106,0.236,0.236,0.158,0.106,0.236,0.172,0.109,0.236,0.236,0.157,0.108,0.236,0.173,0.107,0.236,0.236,0.161,0.107,0.236,0.175,0.109,0.236,0.236,0.161,0.106,0.236,0.178,0.109,0.236,0.236,0.162,0.108,0.236,0.169,0.109,0.236,0.175,0.108,0.236,0.236,0.165,0.106,0.236,0.236,0.156,0.106,0.236,0.173,0.111,0.236,0.175,0.111,0.236,0.178,0.109,0.236,0.236,0.159,0.107,0.236,0.175,0.108,0.236,0.236,0.162,0.107,0.236,0.174,
0.125,0.132,0.139,0.103,0.119,0.096,0.1,0.093,0.112,0.118,0.123,0.103,0.103,0.092,0.097,0.113,0.097,0.113,0.097,0.111,0.104,0.119,0.103,0.103,0.093,0.11,0.096,0.1,0.093,0.112,0.117,0.104,0.111,0.104,0.119,0.104,0.111,0.104,0.113,0.103,0.102,0.096,0.099,0.093,0.112,0.117,0.103,0.103,0.093,0.11,0.097,0.113,0.097,0.111,0.104,0.12,0.097,0.114,0.12,0.104,0.111,0.117,0.103,0.103,0.093,0.11,0.097,0.113,0.097,0.113,0.097,0.113,0.096,0.1,0.093,0.11,0.097,0.113,0.097,0.113,0.096,0.1,0.092,0.097,0.092,0.097,0.113,0.097,0.113,0.097,0.113,0.096,0.1,0.093,0.11,0.097,0.113,0.097,0.113,0.103,
0.015,0.023,0.017,0.013,0.013,0.016,0.015,0.013,0.015,0.014,0.015,0.013,0.013,0.013,0.014,0.015,0.014,0.013,0.013,0.013,0.015,0.013,0.015,0.014,0.015,0.013,0.014,0.015,0.013,0.015,0.015,0.013,0.014,0.015,0.013,0.013,0.015,0.014,0.015,0.014,0.013,0.013,0.015,0.013,0.015,0.014,0.013,0.014,0.013,0.015,0.013,0.013,0.013,0.014,0.015,0.014,0.015,0.014,0.015,0.013,0.013,0.013,0.014,0.015,0.015,0.014,0.015,0.013,0.014,0.014,0.014,0.015,0.013,0.015,0.013,0.014,0.013,0.013,0.014,0.015,0.014,0.015,0.014,0.015,0.013,0.014,0.013,0.013,0.014,0.015,0.013,0.013,0.015,0.013,0.015,0.014,0.015,0.013,0.014,0.013,
0.002,0.058,-0.019,0.011,-0.023,0.003,-0.017,0.008,-0.026,0.005,-0.015,0.009,-0.022,0.002,-0.018,0.008,-0.026,0.014,-0.02,0.005,-0.013,0.01,-0.022,0.003,-0.016,0.01,-0.025,0.002,-0.016,0.009,-0.023,0.013,-0.02,0.005,-0.017,0.01,-0.025,0.013,-0.021,0.005,-0.016,0.011,-0.022,0.002,-0.025,0.013,-0.021,0.003,-0.016,0.008,-0.023,0.003,-0.017,0.009,-0.025,0.002,-0.026,0.014,-0.019,0.005,-0.017,0.009,-0.025,0.003,-0.015,0.011,-0.023,0.014,-0.02,0.006,-0.018,0.008,-0.025,0.013,-0.021,0.003,-0.016,0.009,-0.025,0.016,-0.019,0.008,-0.027,0.014,-0.02,0.006,-0.016,0.008,-0.023,0.003,-0.016,0.01,-0.025,0.014,-0.02,0.006,-0.016,0.009,-0.023,0.002,
0.038,0.061,0.036,0.021,0.023,0.023,0.023,0.023,0.023,0.023,0.023,0.023,0.023,0.023,0.023,0.023,0.023,0.023,0.023,0.023,0.023,0.023,0.023,0.023,0.023,0.023,0.023,0.023,0.023,0.023,0.023,0.023,0.023,0.023,0.023,0.023,0.023,0.023,0.023,0.023,0.023,0.023,0.023,0.023,0.023,0.023,0.023,0.023,0.023,0.023,0.023,0.023,0.023,0.023,0.023,0.023,0.023,0.023,0.023,0.023,0.023,0.023,0.023,0.023,0.023,0.023,0.023,0.023,0.023,0.023,0.023,0.023,0.023,0.023,0.023,0.023,0.023,0.023,0.023,0.023,0.023,0.023,0.023,0.023,0.023,0.023,0.023,0.023,0.023,0.023,0.023,0.023,0.023,0.023,0.023,0.023,0.023,0.023,0.023,0.023,
0.102,0.142,0.119,0.105,0.102,0.101,0.102,0.102,0.103,0.102,0.103,0.102,0.103,0.102,0.101,0.103,0.101,0.102,0.102,0.102,0.102,0.103,0.102,0.102,0.102,0.103,0.102,0.102,0.102,0.102,0.102,0.102,0.103,0.102,0.102,0.102,0.102,0.103,0.103,0.102,0.102,0.102,0.102,0.102,0.102,0.102,0.102,0.103,0.102,0.102,0.102,0.101,0.102,0.102,0.102,0.103,0.102,0.102,0.102,0.102,0.103,0.103,0.102,0.102,0.102,0.102,0.102,0.102,0.102,0.102,0.103,0.102,0.103,0.101,0.102,0.102,0.102,0.103,0.102,0.103,0.102,0.102,0.102,0.101,0.102,0.102,0.102,0.103,0.102,0.101,0.102,0.103,0.102,0.102,0.102,0.102,0.103,0.102,0.102,0.102,
0.111,0.172,0.178,0.177,0.175,0.177,0.174,0.175,0.17,0.177,0.174,0.177,0.171,0.172,0.174,0.177,0.172,0.175,0.173,0.176,0.173,0.176,0.173,0.176,0.171,0.171,0.174,0.177,0.174,0.175,0.173,0.176,0.171,0.177,0.171,0.172,0.174,0.177,0.174,0.175,0.174,0.177,0.173,0.174,0.173,0.176,0.173,0.176,0.173,0.176,0.171,0.177,0.171,0.177,0.174,0.175,0.174,0.175,0.174,0.175,0.174,0.177,0.173,0.174,0.174,0.177,0.171,0.177,0.171,0.177,0.171,0.177,0.174,0.176,0.171,0.177,0.174,0.175,0.174,0.175,0.174,0.175,0.174,0.177,0.173,0.174,0.174,0.177,0.171,0.177,0.171,0.177,0.171,0.177,0.174,0.176,0.171,0.177,0.174,0.138,
0.023,-0.009,-0.017,0.016,0.01,0.013,0.009,0.014,0.009,0.011,0.011,0.011,0.011,0.01,0.013,0.009,0.011,0.01,0.013,0.01,0.013,0.009,0.014,0.01,0.011,0.013,0.01,0.011,0.011,0.01,0.011,0.013,0.01,0.01,0.011,0.01,0.013,0.009,0.014,0.009,0.013,0.01,0.013,0.01,0.011,0.01,0.011,0.011,0.01,0.01,0.011,0.013,0.009,0.013,0.01,0.011,0.013,0.011,0.01,0.013,0.01,0.011,0.011,0.01,0.011,0.011,0.011,0.01,0.013,0.01,0.011,0.011,0.011,0.01,0.011,0.01,0.011,0.011,0.013,0.01,0.011,0.011,0.01,0.011,0.011,0.011,0.011,0.011,0.011,0.01,0.011,0.01,0.013,0.011,0.011,0.011,0.01,0.011,0.011,0.011,
-0.028,-0.023,-0.015,-0.014,-0.015,-0.015,-0.014,-0.015,-0.015,-0.014,-0.016,-0.015,-0.015,-0.015,-0.014,-0.015,-0.014,-0.016,-0.016,-0.015,-0.016,-0.016,-0.015,-0.015,-0.016,-0.016,-0.015,-0.016,-0.016,-0.015,-0.016,-0.015,-0.014,-0.016,-0.016,-0.015,-0.015,-0.014,-0.016,-0.016,-0.015,-0.014,-0.014,-0.016,-0.016,-0.015,-0.016,-0.016,-0.016,-0.015,-0.014,-0.016,-0.015,-0.015,-0.014,-0.016,-0.015,-0.015,-0.014,-0.016,-0.016,-0.016,-0.015,-0.015,-0.015,-0.015,-0.015,-0.016,-0.016,-0.015,-0.014,-0.016,-0.016,-0.015,-0.015,-0.016,-0.015,-0.015,-0.015,-0.015,-0.015,-0.015,-0.015,-0.014,-0.016,-0.016,-0.015,-0.016,-0.015,-0.014,-0.015,-0.015,-0.015,-0.016,-0.015,-0.014,-0.014,-0.015,-0.015,-0.015,
0.072,0.089,0.1,0.09,0.074,0.087,0.074,0.087,0.073,0.072,0.087,0.074,0.087,0.074,0.087,0.074,0.087,0.09,0.074,0.087,0.089,0.074,0.072,0.072,0.072,0.087,0.074,0.087,0.074,0.072,0.086,0.074,0.072,0.087,0.074,0.087,0.074,0.087,0.074,0.087,0.074,0.072,0.072,0.087,0.074,0.087,0.074,0.073,0.087,0.074,0.073,0.072,0.087,0.074,0.087,0.074,0.073,0.072,0.087,0.09,0.075,0.072,0.072,0.086,0.074,0.072,0.087,0.074,0.087,0.09,0.074,0.073,0.087,0.074,0.072,0.087,0.074,0.087,0.089,0.074,0.087,0.074,0.073,0.072,0.072,0.086,0.074,0.072,0.072,0.072,0.072,0.087,0.074,0.087,0.074,0.087,0.073,0.072,0.072,0.072,
0.022,0.036,0.026,0.019,0.025,0.022,0.022,0.022,0.023,0.022,0.024,0.024,0.02,0.022,0.022,0.023,0.023,0.022,0.022,0.023,0.022,0.023,0.022,0.024,0.022,0.025,0.022,0.023,0.025,0.02,0.022,0.024,0.021,0.025,0.021,0.023,0.022,0.024,0.022,0.025,0.024,0.021,0.023,0.022,0.025,0.023,0.02,0.025,0.023,0.022,0.021,0.02,0.025,0.022,0.022,0.022,0.023,0.025,0.02,0.025,0.021,0.022,0.023,0.025,0.024,0.02,0.025,0.02,0.022,0.025,0.02,0.025,0.02,0.023,0.025,0.022,0.024,0.024,0.021,0.022,0.024,0.022,0.022,0.024,0.024,0.022,0.023,0.023,0.024,0.023,0.021,0.022,0.022,0.023,0.022,0.025,0.022,0.023,0.022,0.021,
0.0,-0.021,-0.018,0.0,-0.022,-0.002,-0.038,-0.006,-0.113,-0.004,-0.136,-0.026,-0.041,0.001,0.0,0.0,-0.12,-0.008,-0.044,-0.022,-0.044,-0.006,-0.115,-0.004,-0.041,-0.002,-0.002,0.003,-0.002,0.003,-0.002,0.003,-0.002,0.003,0.0,-0.002,0.0,0.0,0.0,0.002,0.0,-0.002,0.003,-0.002,0.003,-0.002,0.003,-0.002,0.003,-0.002,0.003,-0.002,0.003,-0.002,0.003,-0.002,0.003,-0.002,0.003,-0.002,0.003,-0.002,0.003,-0.002,0.003,-0.002,0.003,-0.002,0.003,-0.002,0.003,-0.002,0.003,-0.002,0.003,-0.002,0.003,-0.002,0.003,-0.002,0.003,-0.002,0.003,-0.002,0.003,-0.002,0.003,-0.002,0.003,-0.002,0.003,-0.002,0.003,-0.002,0.003,-0.002,0.003,-0.002,0.003,-0.002,
0.005,-0.011,0.001,0.003,0.005,0.005,0.005,0.006,0.001,0.002,0.003,0.001,0.002,0.005,0.005,0.005,0.005,0.002,0.002,0.002,0.005,0.002,0.005,0.003,0.005,0.005,0.003,0.003,0.002,0.002,0.005,0.005,0.002,0.006,0.002,0.005,0.005,0.003,0.006,0.005,0.003,0.003,0.005,0.002,0.005,0.002,0.005,0.005,0.003,0.005,0.003,0.005,0.003,0.003,0.006,0.005,0.005,0.005,0.006,0.003,0.003,0.005,0.003,0.005,0.003,0.005,0.003,0.005,0.003,0.005,0.003,0.005,0.003,0.005,0.003,0.005,0.003,0.005,0.003,0.005,0.003,0.005,0.003,0.005,0.003,0.005,0.003,0.005,0.003,0.005,0.003,0.005,0.003,0.005,0.003,0.005,0.003,0.005,0.003,0.005,
0.136,0.145,0.209,0.201,0.203,0.203,0.203,0.203,0.203,0.201,0.204,0.203,0.202,0.203,0.201,0.203,0.204,0.203,0.202,0.202,0.203,0.203,0.203,0.201,0.203,0.203,0.203,0.202,0.203,0.202,0.203,0.204,0.201,0.203,0.203,0.203,0.202,0.202,0.203,0.203,0.202,0.204,0.202,0.203,0.203,0.202,0.202,0.203,0.203,0.203,0.201,0.203,0.204,0.203,0.202,0.203,0.201,0.203,0.203,0.202,0.202,0.204,0.202,0.203,0.203,0.202,0.202,0.203,0.203,0.203,0.201,0.203,0.204,0.203,0.202,0.203,0.201,0.203,0.203,0.202,0.202,0.204,0.202,0.203,0.203,0.202,0.202,0.203,0.203,0.203,0.201,0.203,0.204,0.203,0.202,0.203,0.201,0.203,0.203,0.09,
0.186,0.209,0.268,0.267,0.267,0.267,0.266,0.266,0.267,0.267,0.268,0.266,0.268,0.267,0.268,0.267,0.267,0.266,0.268,0.268,0.268,0.268,0.267,0.268,0.267,0.267,0.268,0.268,0.266,0.268,0.267,0.268,0.267,0.266,0.267,0.268,0.267,0.268,0.268,0.267,0.268,0.267,0.268,0.268,0.265,0.268,0.266,0.267,0.266,0.268,0.268,0.267,0.268,0.266,0.267,0.267,0.267,0.266,0.268,0.268,0.266,0.268,0.267,0.267,0.267,0.267,0.266,0.267,0.268,0.268,0.266,0.267,0.268,0.267,0.268,0.267,0.266,0.266,0.267,0.268,0.267,0.268,0.266,0.268,0.267,0.267,0.268,0.268,0.267,0.268,0.267,0.266,0.268,0.266,0.268,0.266,0.268,0.268,0.267,0.203,
0.086,0.093,0.087,0.087,0.086,0.086,0.087,0.085,0.086,0.086,0.085,0.086,0.087,0.084,0.088,0.084,0.087,0.086,0.087,0.085,0.084,0.087,0.088,0.087,0.085,0.085,0.084,0.09,0.086,0.084,0.086,0.084,0.089,0.084,0.085,0.087,0.085,0.088,0.085,0.084,0.087,0.087,0.086,0.087,0.086,0.085,0.086,0.084,0.087,0.087,0.083,0.088,0.085,0.085,0.086,0.086,0.086,0.087,0.086,0.087,0.088,0.086,0.085,0.086,0.085,0.086,0.086,0.086,0.086,0.087,0.086,0.086,0.086,0.086,0.086,0.086,0.083,0.087,0.087,0.083,0.086,0.086,0.086,0.088,0.085,0.085,0.088,0.085,0.086,0.084,0.087,0.086,0.084,0.088,0.085,0.087,0.087,0.086,0.084,0.085,
0.076,0.129,0.09,0.101,0.101,0.102,0.087,0.099,0.101,0.101,0.102,0.101,0.1,0.101,0.101,0.102,0.101,0.101,0.102,0.101,0.101,0.102,0.101,0.101,0.102,0.101,0.101,0.102,0.101,0.101,0.102,0.101,0.101,0.102,0.101,0.101,0.102,0.101,0.101,0.102,0.101,0.101,0.102,0.101,0.101,0.102,0.101,0.101,0.102,0.101,0.101,0.102,0.101,0.101,0.102,0.101,0.101,0.102,0.101,0.101,0.102,0.101,0.101,0.102,0.101,0.101,0.102,0.101,0.101,0.102,0.101,0.101,0.102,0.101,0.101,0.102,0.101,0.101,0.102,0.101,0.101,0.102,0.101,0.101,0.102,0.101,0.101,0.102,0.101,0.101,0.102,0.101,0.101,0.102,0.101,0.101,0.102,0.101,0.101,0.1,
0.008,0.078,0.093,0.038,0.078,0.08,0.08,0.079,0.08,0.08,0.08,0.081,0.08,0.08,0.08,0.08,0.08,0.08,0.079,0.08,0.08,0.08,0.079,0.08,0.08,0.08,0.08,0.08,0.08,0.08,0.08,0.08,0.08,0.08,0.08,0.08,0.08,0.08,0.08,0.08,0.08,0.08,0.08,0.08,0.08,0.08,0.08,0.08,0.08,0.08,0.08,0.08,0.08,0.08,0.08,0.08,0.08,0.08,0.08,0.08,0.08,0.08,0.08,0.08,0.08,0.08,0.08,0.08,0.08,0.08,0.08,0.08,0.08,0.08,0.08,0.08,0.08,0.08,0.08,0.08,0.08,0.08,0.08,0.08,0.08,0.08,0.08,0.08,0.08,0.08,0.08,0.08,0.08,0.08,0.08,0.08,0.08,0.08,0.08,0.077,
0.063,0.093,0.083,0.06,0.067,0.06,0.068,0.058,0.054,0.053,0.052,0.052,0.052,0.067,0.056,0.055,0.068,0.057,0.054,0.052,0.053,0.052,0.052,0.05,0.067,0.06,0.068,0.057,0.055,0.053,0.053,0.052,0.067,0.061,0.067,0.056,0.055,0.053,0.052,0.052,0.068,0.061,0.069,0.057,0.069,0.058,0.055,0.054,0.053,0.053,0.052,0.052,0.052,0.05,0.067,0.06,0.067,0.06,0.068,0.061,0.068,0.057,0.054,0.052,0.067,0.056,0.054,0.053,0.053,0.052,0.053,0.052,0.052,0.068,0.057,0.055,0.053,0.053,0.053,0.052,0.052,0.068,0.056,0.055,0.053,0.053,0.052,0.052,0.052,0.067,0.06,0.068,0.056,0.054,0.053,0.053,0.052,0.052,0.052,0.067,
0.032,0.094,0.108,0.112,0.103,0.09,0.093,0.092,0.092,0.091,0.093,0.092,0.092,0.092,0.093,0.092,0.091,0.093,0.092,0.092,0.091,0.093,0.091,0.093,0.091,0.093,0.092,0.091,0.093,0.091,0.092,0.093,0.092,0.092,0.091,0.093,0.091,0.092,0.093,0.091,0.093,0.091,0.093,0.091,0.093,0.092,0.091,0.093,0.091,0.092,0.093,0.092,0.092,0.091,0.093,0.091,0.092,0.093,0.091,0.093,0.091,0.093,0.091,0.093,0.092,0.091,0.093,0.091,0.092,0.093,0.092,0.092,0.091,0.093,0.091,0.092,0.093,0.091,0.093,0.091,0.093,0.091,0.093,0.092,0.091,0.093,0.091,0.092,0.093,0.092,0.092,0.091,0.093,0.091,0.092,0.093,0.091,0.093,0.091,0.09,
0.05,0.068,0.071,0.066,0.07,0.067,0.068,0.068,0.068,0.068,0.069,0.068,0.067,0.068,0.068,0.068,0.068,0.068,0.069,0.067,0.069,0.068,0.067,0.068,0.068,0.068,0.068,0.068,0.069,0.067,0.069,0.068,0.067,0.068,0.068,0.068,0.068,0.068,0.069,0.067,0.069,0.068,0.067,0.068,0.068,0.068,0.068,0.068,0.069,0.067,0.069,0.068,0.067,0.068,0.068,0.068,0.068,0.068,0.069,0.067,0.069,0.068,0.067,0.068,0.068,0.068,0.068,0.068,0.069,0.067,0.069,0.068,0.067,0.068,0.068,0.068,0.068,0.068,0.069,0.067,0.069,0.068,0.067,0.068,0.068,0.068,0.068,0.068,0.069,0.067,0.069,0.068,0.067,0.068,0.068,0.068,0.068,0.068,0.069,0.066,
0.034,0.063,0.052,0.053,0.036,0.035,0.035,0.032,0.035,0.032,0.035,0.034,0.034,0.035,0.034,0.034,0.035,0.034,0.034,0.034,0.034,0.034,0.036,0.032,0.035,0.032,0.034,0.034,0.036,0.032,0.034,0.034,0.032,0.036,0.031,0.035,0.034,0.034,0.032,0.036,0.032,0.035,0.032,0.036,0.032,0.034,0.032,0.035,0.035,0.034,0.034,0.032,0.035,0.034,0.032,0.035,0.034,0.034,0.034,0.032,0.036,0.032,0.034,0.035,0.032,0.036,0.032,0.035,0.034,0.034,0.032,0.035,0.032,0.035,0.034,0.032,0.036,0.031,0.036,0.032,0.034,0.034,0.034,0.034,0.034,0.034,0.036,0.032,0.035,0.034,0.034,0.032,0.034,0.035,0.034,0.035,0.032,0.034,0.035,0.035,
0.025,0.034,0.051,0.044,0.043,0.047,0.053,0.051,0.05,0.053,0.051,0.054,0.051,0.054,0.051,0.054,0.051,0.054,0.051,0.054,0.051,0.054,0.051,0.054,0.057,0.05,0.051,0.054,0.056,0.05,0.051,0.051,0.054,0.051,0.054,0.05,0.05,0.05,0.05,0.053,0.05,0.053,0.05,0.052,0.051,0.051,0.054,0.05,0.051,0.051,0.051,0.054,0.056,0.051,0.051,0.051,0.05,0.051,0.05,0.053,0.05,0.052,0.05,0.052,0.05,0.052,0.051,0.05,0.053,0.056,0.051,0.053,0.05,0.052,0.055,0.05,0.05,0.051,0.053,0.051,0.054,0.056,0.05,0.051,0.054,0.051,0.05,0.053,0.05,0.051,0.053,0.05,0.051,0.054,0.05,0.052,0.051,0.05,0.05,0.051,
0.098,0.121,0.099,0.097,0.096,0.098,0.096,0.094,0.098,0.095,0.097,0.096,0.098,0.096,0.099,0.097,0.097,0.097,0.097,0.098,0.094,0.097,0.098,0.095,0.095,0.099,0.098,0.096,0.097,0.094,0.094,0.097,0.097,0.097,0.095,0.095,0.095,0.098,0.095,0.095,0.096,0.097,0.099,0.094,0.095,0.098,0.096,0.095,0.099,0.095,0.099,0.097,0.096,0.095,0.095,0.098,0.094,0.095,0.097,0.096,0.098,0.095,0.094,0.095,0.095,0.094,0.095,0.098,0.095,0.095,0.094,0.095,0.098,0.097,0.094,0.097,0.097,0.098,0.096,0.098,0.097,0.098,0.095,0.098,0.097,0.097,0.097,0.097,0.094,0.097,0.098,0.097,0.094,0.098,0.095,0.097,0.095,0.098,0.098,0.097,
-0.037,-0.058,-0.039,-0.039,-0.037,-0.035,-0.036,-0.036,-0.035,-0.038,-0.022,-0.039,-0.038,-0.036,-0.036,-0.036,-0.038,-0.038,-0.035,-0.038,-0.038,-0.02,-0.038,-0.035,-0.038,-0.038,-0.032,-0.038,-0.038,-0.035,-0.038,-0.036,-0.041,-0.032,-0.039,-0.035,-0.039,-0.036,-0.037,-0.038,-0.038,-0.038,-0.035,-0.036,-0.039,-0.038,-0.036,-0.036,-0.039,-0.038,-0.035,-0.035,-0.037,-0.038,-0.034,-0.039,-0.025,-0.038,-0.039,-0.034,-0.037,-0.035,-0.038,-0.035,-0.036,-0.039,-0.037,-0.038,-0.038,-0.037,-0.039,-0.035,-0.039,-0.038,-0.037,-0.036,-0.039,-0.037,-0.034,-0.038,-0.036,-0.035,-0.035,-0.039,-0.038,-0.037,-0.038,-0.035,-0.035,-0.039,-0.036,-0.039,-0.037,-0.037,-0.036,-0.038,-0.037,-0.034,-0.039,-0.038,
0.083,0.125,0.084,0.084,0.083,0.083,0.083,0.083,0.082,0.084,0.082,0.084,0.082,0.084,0.083,0.083,0.083,0.083,0.083,0.084,0.083,0.083,0.083,0.083,0.083,0.083,0.083,0.082,0.083,0.083,0.083,0.083,0.083,0.083,0.082,0.083,0.083,0.083,0.083,0.083,0.083,0.082,0.083,0.083,0.083,0.083,0.083,0.083,0.082,0.083,0.083,0.083,0.083,0.083,0.083,0.082,0.083,0.083,0.083,0.083,0.083,0.083,0.082,0.083,0.083,0.083,0.083,0.083,0.083,0.082,0.083,0.083,0.083,0.083,0.083,0.083,0.082,0.083,0.083,0.083,0.083,0.083,0.083,0.082,0.083,0.083,0.083,0.083,0.083,0.083,0.082,0.083,0.083,0.083,0.083,0.083,0.083,0.082,0.083,0.083,
0.122,0.164,0.156,0.144,0.16,0.154,0.159,0.152,0.158,0.112,-0.133,0.136,0.158,0.113,-0.121,0.136,0.158,0.152,0.118,-0.14,0.142,0.152,0.12,-0.13,0.142,0.152,0.158,0.112,-0.134,0.136,0.158,0.112,-0.086,0.309,0.169,0.108,-0.117,0.136,0.156,0.149,0.118,-0.139,0.142,0.152,0.16,0.086,0.155,0.153,0.159,0.113,-0.136,0.132,0.156,0.11,-0.083,0.307,0.171,0.153,0.12,-0.139,0.142,0.151,0.118,-0.135,0.144,0.153,0.155,0.092,0.153,0.152,0.159,0.114,-0.133,0.135,0.158,0.113,-0.122,0.136,0.196,0.324,0.134,-0.136,0.14,0.148,0.12,-0.131,0.144,0.153,0.196,0.289,-0.123,0.136,0.159,0.114,-0.128,0.135,0.158,0.108,-0.117,0.126,
-0.005,-0.001,-0.003,-0.003,0.002,-0.003,-0.001,-0.003,-0.002,-0.001,-0.004,-0.002,0.001,-0.001,-0.003,0.0,-0.003,-0.001,-0.002,-0.002,-0.004,0.001,-0.001,-0.003,-0.004,0.0,-0.002,-0.004,0.0,-0.004,0.0,0.0,-0.004,-0.001,-0.003,-0.003,0.0,-0.002,0.0,-0.002,-0.001,-0.004,-0.001,-0.004,0.002,-0.004,0.0,-0.003,0.0,-0.003,-0.001,-0.003,-0.001,-0.003,-0.003,-0.001,0.001,-0.005,0.0,-0.002,-0.001,-0.002,-0.004,-0.002,-0.002,0.001,-0.005,0.0,-0.004,0.0,-0.002,-0.002,-0.001,-0.003,-0.002,0.0,-0.002,-0.004,-0.001,-0.003,0.002,-0.003,-0.001,-0.004,-0.001,-0.002,-0.003,-0.002,-0.001,-0.002,-0.002,0.0,-0.001,-0.002,-0.001,-0.004,-0.001,-0.001,-0.002,-0.003,
0.089,0.112,0.142,0.139,0.141,0.139,0.14,0.141,0.139,0.14,0.141,0.139,0.14,0.14,0.141,0.14,0.14,0.14,0.14,0.14,0.14,0.141,0.138,0.142,0.14,0.139,0.141,0.14,0.14,0.14,0.139,0.14,0.139,0.14,0.14,0.14,0.14,0.14,0.139,0.14,0.14,0.14,0.14,0.14,0.139,0.14,0.14,0.14,0.14,0.14,0.139,0.14,0.14,0.14,0.14,0.14,0.139,0.14,0.14,0.14,0.14,0.14,0.139,0.14,0.14,0.14,0.14,0.14,0.139,0.14,0.14,0.14,0.14,0.14,0.139,0.14,0.14,0.14,0.14,0.14,0.139,0.14,0.14,0.14,0.14,0.14,0.139,0.14,0.14,0.14,0.14,0.14,0.139,0.14,0.14,0.14,0.14,0.14,0.139,0.139,
0.15,0.219,0.23,0.175,0.176,0.175,0.176,0.175,0.176,0.175,0.176,0.175,0.176,0.175,0.176,0.176,0.175,0.175,0.176,0.175,0.175,0.175,0.176,0.175,0.175,0.176,0.175,0.175,0.176,0.176,0.175,0.175,0.175,0.176,0.175,0.176,0.175,0.176,0.175,0.175,0.175,0.176,0.175,0.176,0.175,0.176,0.175,0.175,0.176,0.175,0.175,0.175,0.175,0.176,0.175,0.175,0.175,0.175,0.176,0.175,0.176,0.175,0.175,0.176,0.175,0.176,0.175,0.176,0.175,0.175,0.175,0.176,0.175,0.175,0.176,0.175,0.176,0.175,0.175,0.175,0.175,0.176,0.175,0.175,0.176,0.175,0.176,0.175,0.176,0.175,0.175,0.175,0.175,0.175,0.176,0.175,0.175,0.175,0.175,0.175,
0.011,0.022,0.028,0.03,0.028,0.028,0.031,0.027,0.03,0.03,0.028,0.028,0.028,0.03,0.03,0.03,0.03,0.028,0.031,0.028,0.028,0.031,0.028,0.03,0.03,0.027,0.031,0.028,0.03,0.03,0.028,0.03,0.031,0.03,0.03,0.03,0.03,0.028,0.028,0.03,0.028,0.028,0.03,0.03,0.028,0.03,0.03,0.03,0.028,0.031,0.028,0.028,0.031,0.028,0.031,0.028,0.03,0.027,0.03,0.027,0.03,0.028,0.031,0.028,0.031,0.028,0.031,0.028,0.031,0.028,0.031,0.028,0.031,0.028,0.031,0.028,0.031,0.028,0.031,0.028,0.031,0.028,0.031,0.028,0.031,0.028,0.031,0.028,0.031,0.028,0.031,0.028,0.031,0.028,0.031,0.028,0.031,0.028,0.031,0.029,
0.0,0.0,-0.001,0.001,-0.002,0.001,-0.002,0.0,0.0,0.0,0.0,0.0,0.0,0.0,0.0,0.0,0.0,0.0,0.0,0.0,0.0,0.0,0.0,0.0,0.0,0.0,0.0,0.0,0.0,0.0,0.0,0.0,0.0,0.0,0.0,0.0,0.0,0.0,0.0,0.0,0.0,0.0,0.0,0.0,0.0,0.0,0.0,0.0,0.0,0.0,0.0,0.0,0.0,0.0,0.0,0.0,0.0,0.0,0.0,0.0,0.0,0.0,0.0,0.0,0.0,0.0,0.0,0.0,0.0,0.0,0.0,0.0,0.0,0.0,0.0,0.0,0.0,0.0,0.0,0.0,0.0,0.0,0.0,0.0,0.0,0.0,0.0,0.0,0.0,0.0,0.0,0.0,0.0,0.0,0.0,0.0,0.0,0.0,0.0,0.0,
0.057,0.121,0.097,0.063,0.063,0.063,0.066,0.066,0.066,0.063,0.064,0.064,0.064,0.064,0.064,0.064,0.064,0.061,0.064,0.069,0.062,0.064,0.066,0.063,0.064,0.067,0.062,0.066,0.063,0.064,0.064,0.066,0.064,0.063,0.064,0.066,0.063,0.064,0.066,0.064,0.064,0.063,0.064,0.064,0.064,0.064,0.063,0.064,0.063,0.066,0.067,0.064,0.061,0.064,0.064,0.063,0.066,0.064,0.064,0.062,0.067,0.062,0.063,0.064,0.064,0.067,0.066,0.064,0.062,0.068,0.061,0.063,0.064,0.064,0.067,0.066,0.064,0.063,0.062,0.066,0.066,0.066,0.064,0.062,0.064,0.062,0.066,0.066,0.064,0.064,0.064,0.064,0.062,0.067,0.062,0.068,0.062,0.066,0.066,0.061,
0.0,-0.001,-0.001,0.0,0.003,-0.002,0.001,-0.003,0.0,0.001,-0.002,0.0,0.001,0.001,-0.003,0.0,0.0,0.0,0.0,0.0,0.0,0.001,-0.002,0.001,0.0,0.0,0.001,0.0,-0.002,0.0,0.001,-0.002,0.0,-0.002,0.001,-0.002,0.001,-0.002,0.001,0.001,-0.003,0.003,-0.002,0.0,-0.002,0.003,-0.003,0.001,0.0,-0.002,0.003,-0.003,0.001,-0.002,0.0,0.001,0.001,0.0,-0.003,0.003,-0.003,0.0,0.001,0.001,-0.002,0.001,-0.002,-0.002,0.001,0.001,0.0,-0.003,0.0,0.003,-0.003,0.003,0.0,-0.002,-0.001,0.001,0.0,0.0,-0.002,-0.002,0.001,0.001,-0.003,0.003,-0.003,0.003,0.0,0.0,-0.002,-0.001,0.001,0.0,0.0,-0.002,-0.002,0.003,
0.087,0.027,0.049,0.053,0.064,0.065,0.065,0.066,0.065,0.067,0.067,0.068,0.065,0.067,0.067,0.066,0.067,0.068,0.065,0.066,0.066,0.067,0.068,0.065,0.066,0.067,0.066,0.065,0.066,0.067,0.067,0.065,0.066,0.066,0.066,0.066,0.067,0.067,0.066,0.066,0.066,0.066,0.065,0.065,0.068,0.065,0.066,0.067,0.067,0.067,0.066,0.067,0.067,0.066,0.066,0.066,0.066,0.065,0.065,0.067,0.067,0.068,0.065,0.067,0.066,0.067,0.066,0.065,0.067,0.067,0.067,0.066,0.066,0.066,0.066,0.067,0.068,0.065,0.065,0.067,0.066,0.067,0.066,0.066,0.065,0.066,0.066,0.068,0.066,0.067,0.066,0.065,0.066,0.065,0.066,0.068,0.066,0.066,0.065,0.067,
0.114,0.266,0.266,0.263,0.266,0.266,0.265,0.264,0.265,0.265,0.266,0.265,0.265,0.265,0.264,0.265,0.264,0.266,0.265,0.265,0.264,0.264,0.266,0.264,0.264,0.266,0.265,0.265,0.266,0.264,0.266,0.264,0.265,0.265,0.263,0.265,0.265,0.263,0.266,0.264,0.263,0.266,0.264,0.265,0.266,0.264,0.266,0.264,0.265,0.263,0.267,0.266,0.265,0.263,0.267,0.264,0.264,0.264,0.265,0.265,0.265,0.264,0.264,0.265,0.263,0.265,0.264,0.263,0.264,0.265,0.263,0.265,0.265,0.265,0.266,0.266,0.266,0.266,0.265,0.265,0.265,0.266,0.265,0.266,0.265,0.265,0.265,0.265,0.266,0.266,0.266,0.266,0.265,0.265,0.265,0.266,0.265,0.266,0.265,0.24,
0.036,0.06,0.035,0.042,0.043,0.044,0.045,0.046,0.046,0.047,0.046,0.046,0.047,0.045,0.046,0.046,0.046,0.046,0.046,0.046,0.046,0.046,0.046,0.046,0.046,0.046,0.046,0.046,0.046,0.046,0.047,0.046,0.046,0.046,0.046,0.046,0.046,0.046,0.046,0.046,0.046,0.047,0.045,0.047,0.046,0.046,0.046,0.046,0.046,0.046,0.046,0.046,0.047,0.045,0.046,0.047,0.046,0.046,0.046,0.047,0.046,0.046,0.047,0.046,0.045,0.046,0.046,0.046,0.046,0.047,0.046,0.046,0.046,0.046,0.046,0.046,0.047,0.046,0.046,0.046,0.046,0.046,0.046,0.046,0.046,0.046,0.046,0.046,0.046,0.047,0.046,0.046,0.046,0.046,0.046,0.046,0.046,0.046,0.046,0.046,
0.018,0.036,0.022,0.015,0.018,0.017,0.017,0.017,0.017,0.018,0.017,0.017,0.017,0.012,0.017,0.017,0.017,0.018,0.017,0.017,0.018,0.017,0.017,0.018,0.017,0.018,0.017,0.018,0.017,0.017,0.018,0.017,0.018,0.017,0.017,0.018,0.012,0.017,0.018,0.017,0.018,0.017,0.017,0.017,0.017,0.017,0.018,0.017,0.018,0.017,0.018,0.017,0.017,0.018,0.017,0.017,0.012,0.018,0.017,0.017,0.017,0.017,0.017,0.017,0.018,0.017,0.018,0.017,0.017,0.017,0.018,0.012,0.017,0.017,0.017,0.017,0.017,0.013,0.018,0.017,0.017,0.018,0.017,0.017,0.018,0.012,0.018,0.017,0.018,0.017,0.018,0.017,0.017,0.018,0.017,0.017,0.012,0.018,0.017,0.019,
0.09,0.124,0.127,0.128,0.128,0.127,0.125,0.13,0.123,0.129,0.124,0.127,0.129,0.126,0.126,0.126,0.13,0.124,0.127,0.127,0.126,0.13,0.125,0.126,0.126,0.128,0.124,0.128,0.126,0.127,0.127,0.13,0.123,0.127,0.127,0.129,0.125,0.129,0.125,0.128,0.124,0.129,0.124,0.129,0.125,0.127,0.127,0.127,0.124,0.13,0.124,0.127,0.128,0.125,0.128,0.125,0.127,0.128,0.125,0.129,0.126,0.125,0.13,0.126,0.125,0.129,0.124,0.128,0.125,0.128,0.128,0.125,0.128,0.127,0.126,0.125,0.131,0.124,0.127,0.125,0.128,0.125,0.127,0.126,0.127,0.126,0.13,0.126,0.125,0.126,0.129,0.125,0.127,0.129,0.127,0.123,0.131,0.124,0.128,0.126,
0.0,-0.158,0.006,-0.145,0.008,-0.002,-0.142,0.009,-0.001,0.001,-0.142,-0.045,-0.14,0.004,-0.005,0.001,-0.142,-0.045,-0.135,0.005,0.0,0.004,-0.004,-0.138,0.007,-0.17,0.009,-0.141,0.004,-0.144,-0.041,-0.141,0.001,-0.168,0.001,0.001,-0.14,0.0,-0.147,0.017,-0.002,-0.002,-0.135,-0.001,-0.141,0.007,-0.005,-0.141,0.008,-0.145,0.0,-0.144,0.008,-0.002,0.001,-0.139,-0.061,0.004,-0.142,-0.004,0.002,-0.146,0.002,-0.141,0.004,-0.144,0.005,-0.151,-0.002,-0.14,0.005,-0.001,-0.141,0.009,-0.142,0.005,-0.149,-0.001,-0.141,0.006,-0.006,-0.134,0.005,-0.142,0.013,-0.002,-0.002,-0.134,-0.002,-0.169,0.013,-0.002,-0.14,0.017,-0.002,-0.14,0.017,-0.036,-0.143,-0.15,
0.141,-0.01,0.066,-0.003,0.064,-0.001,0.066,0.074,0.072,0.073,0.077,0.076,0.072,0.073,0.075,0.078,0.072,0.074,0.075,0.076,0.071,0.078,0.072,0.073,0.076,0.077,0.071,0.078,0.073,0.075,0.074,0.073,0.078,0.071,0.075,0.078,0.073,0.076,0.072,0.073,0.075,0.078,0.072,0.077,0.071,0.078,0.073,0.076,0.071,0.075,0.078,0.073,0.074,0.073,0.078,0.071,0.078,0.071,0.076,0.074,0.073,0.078,0.071,0.075,0.078,0.071,0.078,0.071,0.076,0.073,0.078,0.072,0.074,0.075,0.076,0.071,0.078,0.071,0.079,0.072,0.077,0.071,0.075,0.078,0.071,0.075,0.078,0.072,0.074,0.075,0.076,0.071,0.075,0.075,0.078,0.072,0.075,0.076,0.075,0.019,
0.082,0.09,0.097,0.054,0.083,0.047,0.08,0.046,0.082,0.046,0.083,0.086,0.048,0.083,0.086,0.047,0.082,0.086,0.047,0.08,0.047,0.083,0.086,0.048,0.083,0.086,0.047,0.084,0.047,0.082,0.086,0.048,0.082,0.086,0.048,0.083,0.086,0.048,0.084,0.087,0.048,0.08,0.047,0.082,0.086,0.047,0.084,0.087,0.049,0.082,0.046,0.042,0.081,0.047,0.083,0.086,0.048,0.083,0.086,0.048,0.084,0.087,0.048,0.083,0.087,0.048,0.083,0.087,0.048,0.083,0.087,0.048,0.083,0.086,0.047,0.083,0.087,0.048,0.084,0.048,0.083,0.087,0.048,0.083,0.086,0.09,0.05,0.084,0.087,0.048,0.082,0.086,0.09,0.05,0.084,0.087,0.049,0.082,0.086,0.048,
0.095,0.156,0.157,0.155,0.149,0.148,0.147,0.148,0.147,0.147,0.146,0.146,0.146,0.146,0.146,0.145,0.144,0.144,0.144,0.143,0.143,0.143,0.142,0.142,0.141,0.141,0.141,0.14,0.14,0.139,0.139,0.138,0.138,0.137,0.137,0.137,0.137,0.136,0.136,0.135,0.135,0.134,0.134,0.134,0.133,0.134,0.134,0.134,0.134,0.134,0.134,0.134,0.134,0.134,0.133,0.133,0.133,0.134,0.134,0.133,0.134,0.134,0.133,0.134,0.134,0.134,0.134,0.134,0.134,0.133,0.134,0.134,0.134,0.134,0.134,0.134,0.134,0.134,0.134,0.134,0.133,0.133,0.134,0.133,0.134,0.133,0.134,0.133,0.134,0.134,0.134,0.135,0.134,0.134,0.134,0.135,0.133,0.134,0.133,0.132,
-0.002,-0.09,-0.058,-0.027,-0.028,-0.024,-0.014,-0.027,-0.018,-0.014,-0.029,-0.024,-0.014,-0.029,-0.018,-0.014,-0.028,-0.024,-0.014,-0.028,-0.017,-0.014,-0.029,-0.025,-0.013,-0.027,-0.018,-0.011,-0.029,-0.024,-0.013,-0.028,-0.018,-0.013,-0.027,-0.024,-0.014,-0.028,-0.016,-0.014,-0.028,-0.025,-0.013,-0.029,-0.018,-0.013,-0.026,-0.025,-0.015,-0.028,-0.017,-0.014,-0.028,-0.024,-0.014,-0.027,-0.018,-0.014,-0.029,-0.024,-0.01,-0.029,-0.016,-0.014,-0.028,-0.024,-0.013,-0.029,-0.016,-0.013,-0.029,-0.024,-0.013,-0.029,-0.017,-0.011,-0.028,-0.025,-0.013,-0.027,-0.018,-0.011,-0.029,-0.025,-0.011,-0.029,-0.017,-0.011,0.014,0.093,-0.01,-0.028,-0.018,-0.013,-0.028,-0.024,-0.014,-0.027,-0.017,-0.011,
0.147,0.148,0.319,0.32,0.32,0.32,0.32,0.32,0.32,0.32,0.32,0.32,0.32,0.32,0.32,0.32,0.32,0.32,0.32,0.32,0.32,0.32,0.32,0.32,0.32,0.32,0.32,0.32,0.32,0.32,0.32,0.32,0.32,0.32,0.32,0.32,0.32,0.32,0.32,0.32,0.32,0.32,0.32,0.32,0.32,0.32,0.32,0.32,0.32,0.32,0.32,0.32,0.32,0.32,0.32,0.32,0.32,0.32,0.32,0.32,0.32,0.32,0.32,0.32,0.32,0.32,0.32,0.32,0.32,0.32,0.32,0.32,0.32,0.32,0.32,0.32,0.32,0.32,0.32,0.32,0.32,0.32,0.32,0.32,0.32,0.32,0.32,0.32,0.32,0.32,0.32,0.32,0.32,0.32,0.32,0.32,0.32,0.32,0.32,0.298,
-0.018,-0.003,-0.02,-0.018,-0.018,-0.017,-0.02,-0.02,-0.017,-0.02,-0.017,-0.021,-0.018,-0.02,-0.017,-0.018,-0.02,-0.018,-0.017,-0.018,-0.02,-0.02,-0.018,-0.02,-0.02,-0.018,-0.02,-0.017,-0.02,-0.02,-0.018,-0.018,-0.018,-0.018,-0.02,-0.017,-0.02,-0.02,-0.018,-0.018,-0.017,-0.02,-0.018,-0.018,-0.018,-0.02,-0.018,-0.017,-0.021,-0.017,-0.02,-0.018,-0.02,-0.018,-0.02,-0.017,-0.02,-0.017,-0.021,-0.018,-0.017,-0.02,-0.017,-0.02,-0.018,-0.02,-0.017,-0.021,-0.017,-0.02,-0.017,-0.02,-0.018,-0.018,-0.018,-0.02,-0.02,-0.02,-0.018,-0.018,-0.017,-0.02,-0.018,-0.02,-0.017,-0.02,-0.018,-0.02,-0.017,-0.02,-0.021,-0.018,-0.017,-0.02,-0.02,-0.018,-0.02,-0.018,-0.02,-0.018,
0.063,0.071,0.079,0.081,0.069,0.073,0.069,0.071,0.07,0.071,0.07,0.071,0.071,0.07,0.072,0.07,0.07,0.072,0.069,0.07,0.071,0.071,0.071,0.07,0.072,0.069,0.071,0.07,0.07,0.072,0.069,0.072,0.069,0.071,0.07,0.071,0.071,0.071,0.072,0.069,0.071,0.07,0.072,0.07,0.072,0.069,0.072,0.071,0.071,0.07,0.071,0.07,0.071,0.07,0.071,0.071,0.071,0.07,0.07,0.072,0.069,0.072,0.069,0.072,0.07,0.071,0.071,0.071,0.071,0.071,0.071,0.071,0.069,0.072,0.07,0.071,0.07,0.072,0.07,0.071,0.07,0.071,0.07,0.071,0.07,0.071,0.072,0.071,0.071,0.071,0.069,0.072,0.07,0.07,0.072,0.07,0.071,0.069,0.071,0.071,
0.102,0.085,0.054,0.025,0.018,0.017,0.017,0.017,0.017,0.016,0.018,0.018,0.016,0.019,0.017,0.018,0.016,0.019,0.017,0.016,0.019,0.017,0.018,0.017,0.017,0.017,0.018,0.017,0.017,0.017,0.016,0.018,0.018,0.017,0.018,0.017,0.018,0.018,0.016,0.019,0.017,0.016,0.018,0.018,0.016,0.018,0.017,0.017,0.019,0.016,0.018,0.017,0.018,0.018,0.016,0.019,0.017,0.017,0.017,0.017,0.019,0.016,0.017,0.018,0.018,0.016,0.019,0.017,0.018,0.017,0.018,0.017,0.017,0.018,0.017,0.018,0.018,0.017,0.016,0.019,0.017,0.017,0.018,0.016,0.019,0.017,0.016,0.018,0.017,0.018,0.017,0.018,0.016,0.019,0.016,0.019,0.017,0.017,0.018,0.018,
0.089,0.151,0.192,0.193,0.191,0.158,0.158,0.159,0.158,0.158,0.158,0.157,0.158,0.158,0.159,0.158,0.157,0.157,0.158,0.156,0.151,0.149,0.146,0.146,0.143,0.143,0.142,0.14,0.14,0.14,0.137,0.136,0.137,0.135,0.137,0.135,0.136,0.136,0.137,0.135,0.136,0.137,0.136,0.136,0.135,0.138,0.136,0.136,0.136,0.137,0.136,0.136,0.137,0.135,0.136,0.137,0.137,0.136,0.136,0.137,0.136,0.135,0.136,0.137,0.137,0.136,0.136,0.135,0.138,0.135,0.137,0.136,0.136,0.136,0.136,0.137,0.136,0.135,0.138,0.135,0.137,0.136,0.135,0.137,0.136,0.135,0.137,0.135,0.136,0.136,0.135,0.137,0.136,0.137,0.135,0.136,0.137,0.136,0.135,0.135,
0.0,-0.002,-0.033,-0.032,-0.033,-0.032,-0.035,-0.03,-0.033,-0.033,-0.034,-0.033,-0.033,-0.032,-0.033,-0.033,-0.033,-0.033,-0.032,-0.034,-0.032,-0.035,-0.032,-0.034,-0.03,-0.035,-0.03,-0.033,-0.033,-0.034,-0.033,-0.032,-0.034,-0.034,-0.032,-0.034,-0.032,-0.033,-0.032,-0.033,-0.032,-0.035,-0.03,-0.035,-0.033,-0.033,-0.032,-0.033,-0.034,-0.032,-0.033,-0.033,-0.032,-0.034,-0.032,-0.035,-0.032,-0.034,-0.03,-0.035,-0.032,-0.034,-0.032,-0.033,-0.033,-0.034,-0.032,-0.033,-0.033,-0.033,-0.033,-0.032,-0.033,-0.033,-0.033,-0.034,-0.034,-0.032,-0.032,-0.032,-0.033,-0.033,-0.032,-0.036,-0.029,-0.036,-0.033,-0.032,-0.034,-0.032,-0.034,-0.032,-0.032,-0.032,-0.035,-0.03,-0.035,-0.03,-0.035,-0.033,
0.052,0.047,0.032,0.046,0.044,0.045,0.045,0.046,0.044,0.046,0.044,0.044,0.046,0.043,0.044,0.045,0.045,0.045,0.046,0.046,0.043,0.046,0.042,0.047,0.046,0.043,0.045,0.045,0.046,0.044,0.046,0.044,0.044,0.045,0.044,0.046,0.042,0.045,0.047,0.042,0.047,0.045,0.042,0.047,0.045,0.044,0.044,0.045,0.047,0.042,0.046,0.046,0.042,0.046,0.046,0.043,0.045,0.044,0.045,0.045,0.045,0.045,0.045,0.047,0.044,0.044,0.044,0.045,0.045,0.045,0.045,0.045,0.045,0.045,0.046,0.045,0.043,0.045,0.046,0.044,0.045,0.045,0.044,0.048,0.044,0.042,0.048,0.043,0.046,0.043,0.045,0.043,0.045,0.047,0.043,0.044,0.048,0.044,0.044,0.045,
0.046,0.051,0.095,0.095,0.095,0.096,0.095,0.098,0.094,0.097,0.095,0.098,0.095,0.096,0.095,0.098,0.095,0.097,0.095,0.096,0.097,0.096,0.095,0.097,0.095,0.097,0.095,0.097,0.095,0.097,0.095,0.097,0.096,0.095,0.096,0.096,0.097,0.095,0.097,0.096,0.095,0.097,0.095,0.097,0.095,0.097,0.095,0.096,0.097,0.096,0.095,0.097,0.096,0.095,0.097,0.095,0.097,0.095,0.096,0.097,0.096,0.094,0.096,0.097,0.096,0.096,0.095,0.096,0.097,0.096,0.095,0.097,0.095,0.096,0.097,0.095,0.096,0.097,0.096,0.096,0.094,0.096,0.097,0.094,0.097,0.096,0.096,0.094,0.096,0.096,0.096,0.096,0.096,0.097,0.095,0.097,0.095,0.097,0.095,0.096,
0.071,0.091,0.088,0.08,0.067,0.071,0.069,0.071,0.069,0.07,0.07,0.07,0.07,0.07,0.067,0.07,0.071,0.07,0.07,0.07,0.07,0.07,0.07,0.07,0.07,0.07,0.07,0.07,0.07,0.07,0.07,0.07,0.07,0.07,0.07,0.07,0.07,0.07,0.07,0.07,0.07,0.07,0.07,0.07,0.07,0.07,0.07,0.07,0.07,0.07,0.07,0.07,0.07,0.07,0.07,0.07,0.07,0.07,0.07,0.07,0.07,0.07,0.07,0.07,0.07,0.07,0.07,0.07,0.07,0.07,0.07,0.07,0.07,0.07,0.07,0.07,0.07,0.07,0.07,0.07,0.07,0.07,0.07,0.07,0.07,0.07,0.07,0.07,0.07,0.07,0.07,0.07,0.07,0.07,0.07,0.07,0.07,0.07,0.07,0.07,
0.03,-0.203,-0.204,-0.206,-0.207,-0.207,-0.207,-0.207,-0.207,-0.207,-0.207,-0.207,-0.207,-0.207,-0.207,-0.207,-0.207,-0.207,-0.207,-0.207,-0.207,-0.207,-0.207,-0.207,-0.207,-0.207,-0.207,-0.207,-0.207,-0.207,-0.207,-0.207,-0.207,-0.207,-0.207,-0.207,-0.207,-0.207,-0.207,-0.207,-0.207,-0.207,-0.207,-0.207,-0.207,-0.207,-0.207,-0.207,-0.207,-0.207,-0.207,-0.207,-0.207,-0.207,-0.207,-0.207,-0.207,-0.207,-0.207,-0.207,-0.207,-0.207,-0.207,-0.207,-0.207,-0.207,-0.207,-0.207,-0.207,-0.207,-0.207,-0.207,-0.207,-0.207,-0.207,-0.207,-0.207,-0.207,-0.207,-0.207,-0.207,-0.207,-0.207,-0.207,-0.207,-0.207,-0.207,-0.207,-0.207,-0.207,-0.207,-0.207,-0.207,-0.207,-0.207,-0.207,-0.207,-0.207,-0.207,-0.204,
-0.005,-0.001,0.018,0.01,0.0,-0.011,-0.013,-0.014,-0.002,-0.013,-0.014,-0.002,-0.014,-0.013,-0.013,-0.013,-0.013,-0.014,-0.013,-0.011,-0.014,-0.014,-0.002,-0.013,-0.002,-0.013,-0.014,-0.002,-0.013,-0.013,-0.014,-0.014,-0.013,-0.013,-0.001,-0.011,-0.014,-0.014,-0.013,-0.013,-0.013,-0.013,-0.013,-0.011,-0.014,-0.002,-0.013,-0.013,-0.011,-0.013,-0.014,-0.013,-0.014,-0.013,-0.013,-0.013,-0.013,-0.013,-0.014,-0.013,-0.001,-0.013,-0.014,-0.014,-0.013,-0.013,-0.014,-0.013,-0.013,-0.014,-0.013,-0.013,-0.013,-0.013,-0.011,-0.014,-0.002,-0.013,-0.001,-0.011,-0.014,-0.013,-0.014,-0.002,-0.013,-0.013,-0.013,-0.014,-0.002,-0.013,-0.014,-0.002,-0.013,-0.014,-0.014,-0.013,-0.013,-0.013,-0.013,-0.013,
0.0,-0.282,0.008,-0.134,0.009,-0.008,0.002,0.0,0.0,0.0,0.0,0.0,0.0,0.0,0.0,0.0,0.0,0.0,0.0,0.0,0.0,0.0,0.0,0.0,0.0,0.0,0.0,0.0,0.0,0.0,0.0,0.0,0.0,0.0,0.0,0.0,0.0,0.0,0.0,0.0,0.0,0.0,0.0,0.0,0.0,0.0,0.0,0.0,0.0,0.0,0.0,0.0,0.0,0.0,0.0,0.0,0.0,0.0,0.0,0.0,0.0,0.0,0.0,0.0,0.0,0.0,0.0,0.0,0.0,0.0,0.0,0.0,0.0,0.0,0.0,0.0,0.0,0.0,0.0,0.0,0.0,0.0,0.0,0.0,0.0,0.0,0.0,0.0,0.0,0.0,0.0,0.0,0.0,0.0,0.0,0.0,0.0,0.0,0.0,-0.089,
0.219,0.155,0.187,0.166,0.17,0.174,0.179,0.184,0.185,0.185,0.185,0.185,0.185,0.185,0.185,0.185,0.185,0.185,0.185,0.185,0.185,0.185,0.185,0.185,0.185,0.185,0.185,0.185,0.185,0.185,0.185,0.185,0.185,0.185,0.185,0.185,0.185,0.185,0.185,0.185,0.185,0.185,0.185,0.185,0.185,0.185,0.185,0.185,0.185,0.185,0.185,0.185,0.185,0.185,0.185,0.185,0.185,0.185,0.185,0.185,0.185,0.185,0.185,0.185,0.185,0.185,0.185,0.185,0.185,0.185,0.185,0.185,0.185,0.185,0.185,0.185,0.185,0.185,0.185,0.185,0.185,0.185,0.185,0.185,0.185,0.185,0.185,0.185,0.185,0.185,0.185,0.185,0.185,0.185,0.185,0.185,0.185,0.185,0.185,0.184,
0.027,-0.016,0.029,0.034,0.034,0.034,0.034,0.034,0.033,0.033,0.033,0.033,0.033,0.033,0.033,0.033,0.033,0.033,0.034,0.034,0.034,0.034,0.034,0.034,0.034,0.034,0.034,0.034,0.034,0.034,0.034,0.034,0.034,0.034,0.034,0.034,0.034,0.034,0.034,0.034,0.034,0.034,0.034,0.034,0.034,0.034,0.034,0.034,0.034,0.034,0.034,0.034,0.034,0.034,0.034,0.034,0.034,0.034,0.034,0.034,0.034,0.034,0.034,0.034,0.034,0.034,0.034,0.034,0.034,0.034,0.034,0.034,0.034,0.034,0.034,0.034,0.034,0.034,0.034,0.034,0.034,0.034,0.034,0.034,0.034,0.034,0.034,0.034,0.034,0.034,0.034,0.034,0.034,0.034,0.034,0.034,0.034,0.034,0.034,0.034,
-0.046,0.033,0.041,0.011,0.009,0.006,0.008,0.007,0.008,0.007,0.008,0.007,0.007,0.008,0.007,0.008,0.007,0.007,0.007,0.008,0.007,0.008,0.007,0.007,0.007,0.008,0.007,0.008,0.007,0.007,0.007,0.008,0.007,0.008,0.007,0.007,0.007,0.008,0.007,0.008,0.007,0.007,0.007,0.008,0.007,0.008,0.007,0.007,0.007,0.008,0.007,0.008,0.007,0.007,0.007,0.008,0.007,0.008,0.007,0.007,0.007,0.008,0.007,0.008,0.007,0.007,0.007,0.008,0.007,0.008,0.007,0.007,0.007,0.008,0.007,0.008,0.007,0.007,0.007,0.008,0.007,0.008,0.007,0.007,0.007,0.008,0.007,0.008,0.007,0.007,0.007,0.008,0.007,0.008,0.007,0.007,0.007,0.008,0.007,0.008,
0.055,0.031,0.065,0.062,0.057,0.055,0.063,0.06,0.061,0.061,0.06,0.061,0.057,0.062,0.061,0.061,0.06,0.06,0.057,0.062,0.061,0.057,0.062,0.061,0.057,0.062,0.061,0.061,0.061,0.06,0.057,0.062,0.057,0.062,0.061,0.061,0.06,0.061,0.06,0.06,0.061,0.057,0.055,0.062,0.057,0.063,0.061,0.057,0.062,0.061,0.061,0.057,0.062,0.057,0.062,0.057,0.063,0.06,0.06,0.061,0.061,0.057,0.055,0.062,0.061,0.057,0.063,0.06,0.06,0.055,0.062,0.057,0.062,0.057,0.063,0.061,0.057,0.055,0.062,0.057,0.062,0.057,0.064,0.06,0.061,0.057,0.062,0.06,0.061,0.055,0.062,0.061,0.055,0.055,0.063,0.06,0.062,0.061,0.061,0.06,
0.028,0.022,0.029,0.028,0.03,0.028,0.029,0.028,0.029,0.028,0.028,0.028,0.028,0.028,0.028,0.029,0.028,0.027,0.028,0.029,0.027,0.028,0.029,0.028,0.029,0.028,0.028,0.028,0.028,0.028,0.028,0.028,0.028,0.028,0.028,0.028,0.028,0.028,0.028,0.028,0.028,0.028,0.028,0.028,0.028,0.028,0.029,0.028,0.029,0.028,0.028,0.028,0.028,0.029,0.028,0.028,0.029,0.027,0.028,0.029,0.028,0.029,0.028,0.028,0.028,0.028,0.029,0.028,0.028,0.028,0.028,0.028,0.028,0.028,0.028,0.028,0.028,0.028,0.028,0.028,0.029,0.028,0.028,0.029,0.028,0.028,0.028,0.028,0.028,0.028,0.029,0.028,0.028,0.028,0.028,0.028,0.028,0.028,0.028,0.028,
0.091,0.191,0.187,0.189,0.188,0.189,0.189,0.189,0.189,0.188,0.189,0.189,0.188,0.189,0.189,0.188,0.189,0.189,0.189,0.188,0.189,0.189,0.189,0.189,0.189,0.189,0.189,0.189,0.189,0.189,0.189,0.189,0.189,0.189,0.189,0.189,0.189,0.189,0.189,0.189,0.189,0.189,0.189,0.189,0.189,0.189,0.189,0.189,0.189,0.189,0.189,0.189,0.189,0.189,0.189,0.189,0.189,0.189,0.189,0.189,0.189,0.189,0.189,0.189,0.189,0.189,0.189,0.189,0.189,0.189,0.189,0.189,0.189,0.189,0.189,0.189,0.189,0.189,0.189,0.189,0.189,0.189,0.189,0.189,0.189,0.189,0.189,0.189,0.189,0.189,0.189,0.189,0.189,0.189,0.189,0.189,0.189,0.189,0.189,0.187,
0.135,0.103,0.11,0.12,0.115,0.117,0.118,0.117,0.116,0.118,0.117,0.117,0.117,0.117,0.117,0.117,0.117,0.117,0.117,0.117,0.117,0.117,0.117,0.117,0.117,0.117,0.117,0.117,0.117,0.117,0.117,0.117,0.117,0.117,0.117,0.117,0.117,0.117,0.117,0.117,0.117,0.117,0.117,0.117,0.117,0.117,0.117,0.117,0.117,0.117,0.117,0.117,0.117,0.117,0.117,0.117,0.117,0.117,0.117,0.117,0.117,0.117,0.117,0.117,0.117,0.117,0.117,0.117,0.117,0.117,0.117,0.117,0.117,0.117,0.117,0.117,0.117,0.117,0.117,0.117,0.117,0.117,0.117,0.117,0.117,0.117,0.117,0.117,0.117,0.117,0.117,0.117,0.117,0.117,0.117,0.117,0.117,0.117,0.117,0.116,
0.169,0.146,0.293,0.157,0.286,0.158,0.287,0.159,0.288,0.159,0.287,0.16,0.288,0.158,0.287,0.157,0.287,0.157,0.286,0.158,0.287,0.159,0.288,0.159,0.287,0.158,0.287,0.159,0.287,0.16,0.288,0.159,0.287,0.159,0.287,0.159,0.287,0.159,0.288,0.159,0.287,0.158,0.287,0.16,0.288,0.159,0.287,0.16,0.288,0.159,0.287,0.159,0.288,0.157,0.286,0.16,0.287,0.16,0.288,0.158,0.287,0.157,0.286,0.157,0.287,0.159,0.287,0.159,0.287,0.16,0.288,0.158,0.287,0.159,0.287,0.158,0.287,0.158,0.287,0.159,0.287,0.16,0.288,0.157,0.287,0.159,0.288,0.159,0.287,0.16,0.288,0.158,0.286,0.16,0.288,0.16,0.288,0.16,0.287,0.158,
0.166,0.154,0.173,0.195,0.247,0.249,0.222,0.199,0.195,0.194,0.248,0.248,0.222,0.199,0.195,0.248,0.249,0.221,0.198,0.195,0.249,0.248,0.222,0.199,0.195,0.249,0.248,0.221,0.199,0.194,0.248,0.249,0.222,0.199,0.194,0.248,0.248,0.222,0.199,0.195,0.249,0.248,0.221,0.199,0.195,0.248,0.248,0.222,0.199,0.195,0.249,0.248,0.221,0.199,0.195,0.194,0.248,0.248,0.222,0.199,0.195,0.194,0.248,0.249,0.222,0.198,0.195,0.248,0.248,0.221,0.199,0.194,0.248,0.248,0.222,0.199,0.195,0.248,0.249,0.222,0.199,0.195,0.248,0.248,0.222,0.199,0.195,0.248,0.248,0.221,0.199,0.195,0.248,0.249,0.221,0.199,0.195,0.249,0.248,0.219,
0.153,0.178,0.196,0.206,0.205,0.204,0.204,0.205,0.204,0.204,0.205,0.205,0.204,0.204,0.205,0.205,0.203,0.205,0.203,0.205,0.204,0.204,0.204,0.205,0.204,0.204,0.203,0.205,0.203,0.205,0.204,0.205,0.204,0.204,0.205,0.204,0.204,0.204,0.204,0.204,0.205,0.203,0.205,0.204,0.205,0.204,0.204,0.203,0.204,0.205,0.203,0.205,0.204,0.204,0.203,0.205,0.204,0.204,0.203,0.205,0.204,0.205,0.203,0.205,0.203,0.205,0.204,0.203,0.205,0.204,0.205,0.203,0.205,0.204,0.204,0.205,0.203,0.205,0.204,0.203,0.205,0.204,0.204,0.205,0.204,0.204,0.204,0.204,0.204,0.204,0.204,0.205,0.205,0.204,0.204,0.205,0.204,0.205,0.204,0.202,
0.0,-0.089,-0.087,-0.152,-0.096,-0.158,-0.151,-0.084,-0.153,-0.091,-0.158,-0.144,-0.084,-0.146,-0.087,-0.153,-0.093,-0.158,-0.144,-0.084,-0.148,-0.084,-0.155,-0.093,-0.158,-0.144,-0.08,-0.149,-0.087,-0.152,-0.094,-0.157,-0.144,-0.083,-0.146,-0.09,-0.153,-0.089,-0.158,-0.143,-0.083,-0.15,-0.084,-0.153,-0.093,-0.158,-0.144,-0.083,-0.15,-0.086,-0.15,-0.095,-0.158,-0.144,-0.083,-0.146,-0.087,-0.153,-0.091,-0.159,-0.143,-0.083,-0.149,-0.084,-0.155,-0.093,-0.155,-0.144,-0.082,-0.149,-0.089,-0.15,-0.093,-0.158,-0.144,-0.083,-0.149,-0.089,-0.152,-0.089,-0.16,-0.144,-0.083,-0.149,-0.084,-0.153,-0.093,-0.157,-0.145,-0.082,-0.149,-0.087,-0.15,-0.095,-0.158,-0.141,-0.083,-0.148,-0.087,-0.105,
0.079,0.051,0.091,0.118,0.118,0.112,0.106,0.099,0.094,0.094,0.089,0.094,0.095,0.089,0.094,0.094,0.092,0.092,0.094,0.09,0.094,0.09,0.094,0.09,0.092,0.094,0.089,0.092,0.092,0.09,0.092,0.095,0.09,0.09,0.092,0.094,0.092,0.092,0.092,0.092,0.092,0.092,0.092,0.092,0.092,0.092,0.092,0.092,0.095,0.09,0.09,0.094,0.089,0.094,0.095,0.089,0.09,0.092,0.097,0.09,0.094,0.088,0.094,0.09,0.095,0.09,0.09,0.095,0.094,0.09,0.094,0.09,0.092,0.094,0.089,0.095,0.089,0.094,0.09,0.09,0.094,0.095,0.089,0.094,0.09,0.09,0.095,0.092,0.094,0.09,0.09,0.09,0.094,0.092,0.09,0.095,0.09,0.092,0.095,0.09,
0.013,0.084,0.088,0.075,0.075,0.076,0.076,0.076,0.076,0.076,0.076,0.075,0.074,0.072,0.071,0.07,0.068,0.067,0.066,0.064,0.063,0.062,0.06,0.059,0.058,0.056,0.055,0.052,0.051,0.05,0.048,0.047,0.046,0.044,0.043,0.042,0.04,0.037,0.036,0.035,0.033,0.032,0.031,0.029,0.027,0.025,0.024,0.023,0.022,0.02,0.018,0.017,0.015,0.015,0.014,0.012,0.013,0.017,0.016,0.014,0.013,0.013,0.013,0.013,0.013,0.013,0.013,0.013,0.013,0.012,0.015,0.014,0.015,0.014,0.012,0.013,0.013,0.013,0.012,0.015,0.015,0.014,0.013,0.012,0.013,0.017,0.016,0.015,0.013,0.013,0.013,0.015,0.015,0.014,0.012,0.013,0.013,0.013,0.013,0.013,
0.011,0.058,0.062,-0.001,0.05,0.008,0.057,0.009,0.058,0.009,0.058,0.009,0.058,0.009,0.058,0.009,0.058,0.009,0.058,0.009,0.058,0.009,0.058,0.009,0.058,0.009,0.058,0.009,0.058,0.009,0.058,0.009,0.058,0.009,0.058,0.009,0.058,0.009,0.058,0.009,0.058,0.009,0.058,0.009,0.058,0.009,0.058,0.009,0.058,0.009,0.058,0.009,0.058,0.009,0.058,0.009,0.058,0.009,0.058,0.009,0.058,0.009,0.058,0.009,0.058,0.009,0.058,0.009,0.058,0.009,0.058,0.009,0.058,0.009,0.058,0.009,0.058,0.009,0.058,0.009,0.058,0.009,0.058,0.009,0.058,0.009,0.058,0.009,0.058,0.009,0.058,0.009,0.058,0.009,0.058,0.009,0.058,0.009,0.058,0.009,
0.0,0.03,0.027,0.029,0.037,0.036,0.039,0.038,0.038,0.038,0.038,0.038,0.038,0.038,0.038,0.038,0.038,0.038,0.038,0.038,0.038,0.038,0.038,0.038,0.038,0.038,0.038,0.038,0.038,0.038,0.038,0.038,0.038,0.038,0.038,0.038,0.038,0.038,0.038,0.038,0.038,0.038,0.038,0.038,0.038,0.038,0.038,0.038,0.038,0.038,0.038,0.038,0.038,0.038,0.038,0.038,0.038,0.038,0.038,0.038,0.038,0.038,0.038,0.038,0.038,0.038,0.038,0.038,0.038,0.038,0.038,0.038,0.038,0.038,0.038,0.038,0.038,0.038,0.038,0.038,0.038,0.038,0.038,0.038,0.038,0.038,0.038,0.038,0.038,0.038,0.038,0.038,0.038,0.038,0.038,0.038,0.038,0.038,0.038,0.037,
-0.01,0.046,0.04,-0.002,-0.021,-0.022,-0.023,-0.022,-0.022,-0.023,-0.023,-0.022,-0.022,-0.023,-0.022,-0.022,-0.023,-0.022,-0.023,-0.022,-0.022,-0.022,-0.023,-0.023,-0.022,-0.022,-0.022,-0.022,-0.022,-0.023,-0.022,-0.022,-0.023,-0.022,-0.022,-0.022,-0.023,-0.022,-0.023,-0.023,-0.023,-0.022,-0.023,-0.023,-0.023,-0.022,-0.022,-0.023,-0.023,-0.023,-0.022,-0.022,-0.023,-0.023,-0.022,-0.023,-0.022,-0.022,-0.022,-0.023,-0.023,-0.023,-0.022,-0.022,-0.023,-0.022,-0.023,-0.022,-0.022,-0.023,-0.023,-0.022,-0.022,-0.022,-0.023,-0.022,-0.022,-0.023,-0.023,-0.022,-0.023,-0.022,-0.023,-0.022,-0.023,-0.022,-0.022,-0.022,-0.023,-0.023,-0.023,-0.022,-0.023,-0.022,-0.023,-0.022,-0.023,-0.022,-0.023,-0.023,
0.103,0.159,0.133,0.112,0.105,0.106,0.105,0.106,0.105,0.106,0.105,0.106,0.105,0.106,0.105,0.105,0.106,0.105,0.106,0.105,0.106,0.105,0.106,0.105,0.105,0.105,0.105,0.106,0.106,0.105,0.105,0.105,0.106,0.106,0.105,0.105,0.106,0.105,0.105,0.106,0.105,0.105,0.106,0.105,0.105,0.105,0.106,0.105,0.105,0.106,0.105,0.105,0.106,0.105,0.106,0.105,0.105,0.105,0.105,0.106,0.105,0.105,0.106,0.105,0.105,0.106,0.105,0.106,0.105,0.105,0.105,0.106,0.105,0.105,0.106,0.105,0.105,0.105,0.106,0.105,0.105,0.106,0.105,0.106,0.105,0.106,0.105,0.106,0.105,0.105,0.105,0.105,0.106,0.105,0.105,0.105,0.105,0.105,0.105,0.105,
0.047,0.069,0.06,0.05,0.05,0.051,0.051,0.051,0.051,0.051,0.05,0.051,0.051,0.051,0.05,0.051,0.051,0.051,0.051,0.051,0.05,0.051,0.051,0.05,0.051,0.051,0.051,0.05,0.051,0.051,0.051,0.051,0.052,0.05,0.05,0.051,0.05,0.051,0.051,0.05,0.051,0.05,0.05,0.051,0.052,0.05,0.05,0.05,0.051,0.051,0.05,0.051,0.051,0.051,0.051,0.051,0.051,0.05,0.05,0.05,0.05,0.051,0.05,0.05,0.05,0.05,0.051,0.05,0.051,0.05,0.05,0.051,0.051,0.05,0.051,0.051,0.05,0.05,0.051,0.051,0.051,0.051,0.051,0.051,0.05,0.051,0.051,0.05,0.051,0.05,0.051,0.051,0.051,0.05,0.051,0.051,0.051,0.05,0.051,0.05,
0.028,-0.028,0.072,-0.001,0.074,-0.002,0.072,-0.002,0.072,-0.001,0.072,-0.002,0.072,-0.003,0.072,-0.002,0.072,-0.002,0.073,-0.002,0.072,-0.002,0.072,-0.002,0.072,-0.001,0.072,-0.002,0.072,-0.001,0.072,-0.003,0.072,-0.002,0.072,-0.003,0.072,-0.001,0.073,-0.002,0.072,-0.002,0.072,-0.001,0.072,-0.002,0.072,-0.003,0.072,0.0,0.072,-0.002,0.073,-0.002,0.072,-0.002,0.072,-0.003,0.072,-0.003,0.072,0.0,0.072,-0.003,0.072,0.0,0.072,-0.002,0.072,-0.003,0.072,-0.002,0.072,-0.001,0.072,-0.002,0.072,-0.003,0.072,-0.003,0.071,-0.001,0.073,-0.002,0.072,-0.002,0.073,0.0,0.072,-0.002,0.072,-0.003,0.072,-0.003,0.072,-0.002,0.072,-0.003,0.072,-0.003,
0.026,0.012,0.009,0.028,0.025,0.025,0.027,0.027,0.027,0.025,0.027,0.024,0.028,0.025,0.025,0.027,0.025,0.025,0.027,0.024,0.027,0.025,0.025,0.027,0.025,0.027,0.025,0.027,0.027,0.025,0.027,0.024,0.028,0.027,0.025,0.025,0.027,0.024,0.027,0.025,0.025,0.027,0.025,0.027,0.025,0.027,0.027,0.025,0.027,0.024,0.028,0.027,0.025,0.025,0.027,0.024,0.027,0.025,0.025,0.027,0.025,0.027,0.025,0.027,0.027,0.025,0.027,0.024,0.028,0.027,0.025,0.025,0.027,0.024,0.027,0.025,0.025,0.027,0.025,0.027,0.025,0.027,0.027,0.025,0.027,0.024,0.028,0.027,0.025,0.025,0.027,0.024,0.027,0.025,0.025,0.027,0.025,0.027,0.025,0.027,
0.101,0.104,0.075,0.058,0.063,0.059,0.063,0.061,0.062,0.059,0.066,0.062,0.056,0.062,0.057,0.062,0.057,0.064,0.059,0.061,0.058,0.063,0.059,0.061,0.058,0.063,0.059,0.061,0.058,0.063,0.059,0.061,0.058,0.063,0.059,0.061,0.058,0.063,0.059,0.061,0.058,0.063,0.059,0.061,0.058,0.063,0.059,0.061,0.058,0.063,0.059,0.061,0.058,0.063,0.059,0.061,0.058,0.063,0.059,0.061,0.058,0.063,0.059,0.061,0.058,0.063,0.059,0.061,0.058,0.063,0.059,0.061,0.058,0.063,0.059,0.061,0.058,0.063,0.059,0.061,0.058,0.063,0.059,0.061,0.058,0.063,0.059,0.061,0.058,0.063,0.059,0.061,0.058,0.063,0.059,0.061,0.058,0.063,0.059,0.057,
-0.057,-0.019,-0.067,-0.09,-0.095,-0.047,-0.066,-0.074,-0.081,-0.087,-0.093,-0.095,-0.047,-0.066,-0.074,-0.08,-0.086,-0.093,-0.095,-0.048,-0.068,-0.074,-0.08,-0.086,-0.093,-0.095,-0.047,-0.066,-0.074,-0.08,-0.087,-0.095,-0.095,-0.048,-0.066,-0.074,-0.08,-0.086,-0.093,-0.097,-0.048,-0.068,-0.074,-0.079,-0.086,-0.093,-0.095,-0.047,-0.068,-0.075,-0.08,-0.086,-0.093,-0.095,-0.047,-0.066,-0.074,-0.08,-0.086,-0.093,-0.097,-0.048,-0.066,-0.074,-0.08,-0.086,-0.093,-0.095,-0.047,-0.066,-0.074,-0.08,-0.086,-0.093,-0.095,-0.046,-0.066,-0.074,-0.081,-0.087,-0.093,-0.095,-0.047,-0.066,-0.074,-0.081,-0.087,-0.093,-0.095,-0.047,-0.066,-0.074,-0.08,-0.085,-0.093,-0.095,-0.047,-0.066,-0.074,-0.08,
0.0,0.0,0.0,0.0,0.0,0.0,0.001,0.0,0.0,0.001,0.0,0.001,0.0,0.0,0.001,0.0,0.0,0.001,0.0,0.001,0.0,0.0,0.0,0.0,0.0,0.001,0.001,0.0,0.001,0.0,0.0,0.0,0.0,0.001,0.0,0.0,0.0,0.0,0.0,0.0,0.0,0.0,0.0,0.001,-0.001,0.001,0.0,0.0,0.001,0.0,0.0,0.001,0.001,0.0,0.001,0.0,0.0,0.0,0.0,0.001,-0.001,0.001,0.0,0.0,0.0,0.001,0.0,0.0,0.0,0.0,0.0,0.001,0.0,0.0,0.001,0.001,-0.001,0.0,0.0,0.001,0.0,0.001,0.0,0.0,0.001,0.001,0.0,0.0,0.0,0.002,-0.001,0.001,0.0,0.0,0.0,0.001,0.0,0.0,0.0,0.0,
0.096,0.062,0.084,0.093,0.098,0.092,0.097,0.092,0.097,0.092,0.097,0.092,0.097,0.109,0.093,0.098,0.091,0.096,0.092,0.096,0.092,0.097,0.092,0.097,0.109,0.093,0.098,0.093,0.097,0.092,0.097,0.092,0.097,0.109,0.093,0.098,0.092,0.097,0.093,0.097,0.092,0.097,0.093,0.097,0.092,0.097,0.092,0.097,0.092,0.097,0.092,0.097,0.092,0.097,0.092,0.097,0.092,0.097,0.108,0.093,0.097,0.109,0.093,0.097,0.092,0.097,0.092,0.097,0.093,0.098,0.109,0.093,0.098,0.092,0.097,0.092,0.097,0.092,0.097,0.092,0.097,0.092,0.097,0.108,0.093,0.098,0.109,0.093,0.097,0.109,0.093,0.098,0.093,0.098,0.092,0.097,0.092,0.097,0.092,0.096,
0.03,0.033,0.052,0.026,0.022,0.021,0.022,0.021,0.021,0.021,0.022,0.022,0.021,0.021,0.021,0.022,0.022,0.022,0.022,0.021,0.021,0.021,0.022,0.022,0.021,0.021,0.022,0.021,0.021,0.021,0.022,0.022,0.021,0.022,0.021,0.021,0.021,0.021,0.022,0.021,0.021,0.022,0.021,0.021,0.021,0.021,0.021,0.021,0.022,0.022,0.021,0.021,0.022,0.021,0.022,0.021,0.021,0.022,0.021,0.021,0.021,0.021,0.021,0.021,0.022,0.022,0.021,0.021,0.021,0.021,0.022,0.022,0.021,0.022,0.022,0.022,0.022,0.021,0.022,0.021,0.021,0.021,0.022,0.022,0.021,0.022,0.022,0.022,0.021,0.021,0.021,0.021,0.022,0.022,0.021,0.021,0.022,0.021,0.021,0.021,
0.002,-0.029,0.04,0.063,0.066,0.019,0.048,0.065,0.066,0.02,0.045,0.064,0.066,0.067,0.019,0.046,0.064,0.067,0.02,0.045,0.065,0.066,0.018,0.048,0.065,0.067,0.019,0.048,0.065,0.067,0.019,0.048,0.064,0.018,0.048,0.065,0.067,0.067,0.067,0.019,0.048,0.064,0.067,0.019,0.046,0.063,0.018,0.048,0.064,0.018,0.046,0.064,0.066,0.068,0.067,0.019,0.048,0.065,0.067,0.066,0.068,0.067,0.02,0.046,0.064,0.066,0.019,0.046,0.064,0.02,0.046,0.065,0.067,0.067,0.019,0.046,0.064,0.066,0.067,0.019,0.045,0.064,0.066,0.018,0.048,0.065,0.066,0.019,0.045,0.065,0.019,0.046,0.063,0.018,0.048,0.065,0.067,0.067,0.019,0.046,
0.028,-0.028,-0.037,-0.037,-0.034,-0.031,-0.027,-0.027,-0.027,-0.022,-0.022,-0.018,0.006,0.003,0.005,0.006,0.005,0.003,0.003,0.005,0.007,0.005,0.002,0.007,0.005,0.003,0.005,0.006,0.003,0.006,0.005,0.003,0.003,0.005,0.006,0.005,0.005,0.003,0.005,0.007,0.005,0.003,0.006,0.002,0.007,0.005,0.005,0.003,0.006,0.005,0.003,0.006,0.003,0.003,0.005,0.007,0.005,0.002,0.007,0.002,0.007,0.005,0.005,0.005,0.003,0.005,0.005,0.005,0.006,0.005,0.002,0.006,0.003,0.006,0.005,0.003,0.007,0.003,0.003,0.007,0.005,0.003,0.005,0.003,0.007,0.003,0.005,0.005,0.005,0.005,0.006,0.005,0.005,0.005,0.003,0.005,0.005,0.005,0.005,0.006,
0.113,0.138,0.113,0.12,0.127,0.134,0.128,0.132,0.128,0.132,0.125,0.135,0.128,0.13,0.132,0.128,0.13,0.128,0.132,0.132,0.13,0.128,0.13,0.13,0.128,0.132,0.132,0.13,0.128,0.13,0.13,0.128,0.134,0.128,0.132,0.126,0.13,0.134,0.126,0.132,0.129,0.133,0.13,0.128,0.132,0.128,0.128,0.131,0.129,0.131,0.131,0.13,0.13,0.13,0.132,0.128,0.13,0.128,0.13,0.134,0.128,0.128,0.133,0.129,0.132,0.128,0.13,0.13,0.128,0.134,0.126,0.134,0.126,0.132,0.132,0.126,0.132,0.13,0.13,0.128,0.132,0.128,0.134,0.126,0.132,0.13,0.128,0.131,0.129,0.132,0.129,0.129,0.134,0.126,0.134,0.128,0.13,0.128,0.132,0.115,
0.012,0.016,0.008,0.027,0.023,0.025,0.024,0.024,0.024,0.025,0.023,0.025,0.025,0.024,0.024,0.024,0.024,0.025,0.024,0.025,0.024,0.025,0.024,0.025,0.024,0.024,0.025,0.024,0.024,0.024,0.023,0.025,0.024,0.025,0.024,0.024,0.025,0.024,0.023,0.025,0.025,0.024,0.023,0.025,0.024,0.025,0.023,0.025,0.024,0.025,0.023,0.025,0.023,0.025,0.024,0.024,0.024,0.024,0.024,0.024,0.024,0.026,0.023,0.025,0.024,0.024,0.025,0.024,0.024,0.024,0.025,0.023,0.026,0.024,0.023,0.025,0.024,0.024,0.025,0.024,0.024,0.024,0.023,0.026,0.023,0.025,0.024,0.024,0.025,0.024,0.026,0.023,0.025,0.025,0.024,0.024,0.024,0.025,0.023,0.025,
0.164,0.188,0.212,0.226,0.22,0.219,0.219,0.219,0.215,0.217,0.219,0.219,0.215,0.217,0.219,0.217,0.219,0.219,0.215,0.217,0.219,0.219,0.217,0.219,0.219,0.219,0.215,0.217,0.219,0.219,0.217,0.219,0.219,0.215,0.217,0.219,0.215,0.217,0.219,0.219,0.219,0.217,0.217,0.219,0.219,0.217,0.219,0.215,0.217,0.219,0.219,0.219,0.219,0.217,0.217,0.219,0.219,0.215,0.217,0.219,0.219,0.219,0.219,0.217,0.217,0.219,0.217,0.219,0.215,0.217,0.219,0.217,0.219,0.219,0.215,0.217,0.219,0.217,0.219,0.219,0.215,0.217,0.219,0.219,0.219,0.217,0.219,0.217,0.219,0.219,0.217,0.219,0.217,0.219,0.219,0.219,0.217,0.217,0.219,0.145,
0.106,0.037,0.072,0.073,0.062,0.051,0.042,0.035,0.041,0.035,0.041,0.035,0.041,0.035,0.041,0.034,0.042,0.035,0.041,0.035,0.042,0.034,0.042,0.035,0.041,0.035,0.041,0.035,0.041,0.035,0.042,0.035,0.041,0.035,0.041,0.035,0.041,0.035,0.041,0.035,0.041,0.035,0.041,0.035,0.041,0.035,0.041,0.035,0.041,0.035,0.041,0.035,0.042,0.035,0.041,0.035,0.041,0.035,0.041,0.035,0.041,0.035,0.042,0.034,0.041,0.035,0.041,0.035,0.041,0.034,0.041,0.035,0.041,0.035,0.041,0.034,0.042,0.034,0.042,0.035,0.041,0.035,0.041,0.035,0.042,0.034,0.042,0.035,0.041,0.035,0.041,0.035,0.041,0.035,0.041,0.034,0.042,0.035,0.041,0.034,
0.073,-0.012,0.074,0.119,0.014,0.073,0.103,0.118,0.014,0.074,0.103,0.119,0.012,0.074,0.104,0.119,0.014,0.073,0.103,0.118,0.01,0.073,0.104,0.119,0.011,0.074,0.105,0.118,0.011,0.074,0.104,0.117,0.011,0.073,0.105,0.124,0.012,0.074,0.104,0.119,0.012,0.074,0.104,0.118,0.012,0.074,0.104,0.118,0.01,0.074,0.104,0.118,0.012,0.074,0.104,0.119,0.014,0.074,0.104,0.117,0.011,0.073,0.104,0.123,0.011,0.073,0.104,0.118,0.012,0.073,0.105,0.118,0.012,0.073,0.105,0.119,0.014,0.074,0.103,0.119,0.014,0.074,0.105,0.117,0.12,0.01,0.074,0.104,0.119,0.012,0.073,0.105,0.123,0.01,0.074,0.105,0.118,0.012,0.074,0.102,
0.133,0.163,0.146,0.152,0.159,0.158,0.158,0.158,0.158,0.158,0.158,0.157,0.158,0.158,0.158,0.158,0.158,0.158,0.158,0.158,0.158,0.158,0.158,0.158,0.158,0.158,0.158,0.158,0.158,0.158,0.157,0.158,0.158,0.158,0.158,0.158,0.158,0.158,0.158,0.158,0.158,0.158,0.158,0.158,0.158,0.158,0.158,0.158,0.158,0.158,0.158,0.158,0.158,0.158,0.158,0.158,0.158,0.158,0.158,0.158,0.158,0.158,0.158,0.158,0.158,0.158,0.158,0.158,0.158,0.158,0.158,0.158,0.158,0.158,0.158,0.158,0.158,0.158,0.158,0.158,0.158,0.158,0.158,0.158,0.158,0.158,0.158,0.158,0.158,0.158,0.158,0.158,0.158,0.158,0.158,0.158,0.158,0.158,0.158,0.156,
0.169,0.16,0.182,0.202,0.21,0.21,0.21,0.21,0.21,0.21,0.21,0.21,0.211,0.21,0.21,0.21,0.21,0.21,0.21,0.211,0.21,0.21,0.21,0.21,0.21,0.21,0.21,0.21,0.21,0.21,0.211,0.21,0.21,0.21,0.21,0.21,0.21,0.21,0.21,0.21,0.21,0.21,0.21,0.21,0.21,0.21,0.21,0.21,0.21,0.21,0.21,0.21,0.21,0.21,0.211,0.21,0.21,0.21,0.21,0.21,0.21,0.21,0.21,0.21,0.21,0.21,0.21,0.21,0.209,0.21,0.21,0.21,0.21,0.209,0.21,0.21,0.21,0.21,0.21,0.21,0.21,0.21,0.21,0.21,0.21,0.21,0.21,0.21,0.21,0.21,0.211,0.21,0.21,0.21,0.21,0.21,0.21,0.21,0.21,0.196,
0.023,-0.007,0.025,0.005,0.021,-0.015,0.0,-0.022,0.018,-0.016,0.0,-0.001,-0.001,-0.001,0.003,-0.018,0.017,-0.019,0.017,-0.014,0.001,-0.02,0.017,-0.019,0.016,-0.02,0.017,-0.016,0.0,-0.001,0.002,-0.018,0.017,-0.014,0.001,-0.02,0.016,-0.02,0.016,-0.019,-0.003,0.0,0.002,-0.018,0.017,-0.014,0.001,-0.02,0.018,-0.016,-0.001,-0.001,0.002,-0.019,0.016,-0.019,-0.005,-0.001,0.003,-0.018,-0.003,-0.001,0.005,-0.017,-0.002,-0.001,-0.001,-0.002,-0.002,-0.002,-0.001,-0.001,0.002,-0.019,0.017,-0.018,-0.002,-0.001,-0.001,-0.022,0.018,-0.016,-0.001,-0.001,0.001,-0.02,0.016,-0.019,-0.005,-0.002,-0.002,-0.001,-0.001,-0.022,0.018,-0.016,0.0,-0.001,-0.001,0.0,
0.098,0.112,0.082,0.08,0.075,0.074,0.074,0.074,0.075,0.075,0.076,0.075,0.076,0.075,0.076,0.076,0.076,0.075,0.074,0.074,0.074,0.074,0.074,0.075,0.076,0.076,0.076,0.076,0.075,0.075,0.075,0.076,0.076,0.076,0.076,0.076,0.076,0.076,0.076,0.076,0.076,0.075,0.076,0.075,0.076,0.075,0.075,0.075,0.075,0.076,0.076,0.076,0.075,0.078,0.075,0.076,0.076,0.076,0.075,0.076,0.075,0.076,0.076,0.075,0.074,0.075,0.075,0.075,0.075,0.076,0.078,0.076,0.076,0.076,0.076,0.075,0.076,0.075,0.075,0.076,0.075,0.075,0.075,0.076,0.075,0.075,0.075,0.075,0.075,0.076,0.076,0.078,0.075,0.075,0.074,0.074,0.075,0.074,0.076,0.074,
0.075,0.064,0.079,0.095,0.097,0.095,0.095,0.097,0.096,0.094,0.096,0.096,0.094,0.097,0.095,0.095,0.095,0.096,0.095,0.095,0.095,0.095,0.095,0.095,0.097,0.095,0.095,0.095,0.096,0.095,0.096,0.095,0.096,0.095,0.094,0.097,0.094,0.097,0.094,0.096,0.095,0.096,0.095,0.096,0.095,0.095,0.097,0.094,0.095,0.095,0.096,0.097,0.093,0.098,0.093,0.096,0.096,0.096,0.095,0.095,0.095,0.095,0.095,0.095,0.095,0.096,0.095,0.095,0.095,0.095,0.096,0.097,0.094,0.096,0.097,0.095,0.095,0.094,0.096,0.096,0.095,0.095,0.094,0.096,0.096,0.095,0.095,0.095,0.097,0.095,0.095,0.095,0.095,0.095,0.095,0.095,0.095,0.095,0.095,0.095,
0.088,0.132,0.11,0.109,0.109,0.11,0.108,0.11,0.108,0.11,0.108,0.11,0.108,0.11,0.108,0.11,0.109,0.108,0.11,0.107,0.11,0.108,0.11,0.11,0.108,0.109,0.108,0.109,0.109,0.109,0.109,0.11,0.109,0.108,0.109,0.109,0.11,0.108,0.11,0.108,0.109,0.108,0.11,0.109,0.108,0.11,0.11,0.107,0.11,0.109,0.109,0.108,0.11,0.109,0.108,0.11,0.108,0.109,0.11,0.109,0.108,0.108,0.109,0.109,0.11,0.11,0.109,0.109,0.108,0.108,0.11,0.108,0.108,0.109,0.11,0.108,0.109,0.109,0.11,0.109,0.11,0.108,0.11,0.108,0.11,0.107,0.11,0.108,0.109,0.11,0.108,0.108,0.11,0.108,0.108,0.109,0.11,0.108,0.109,0.109,
0.057,0.051,0.052,0.052,0.052,0.052,0.052,0.052,0.052,0.052,0.052,0.052,0.052,0.052,0.052,0.052,0.052,0.052,0.052,0.052,0.052,0.052,0.052,0.052,0.052,0.052,0.052,0.052,0.052,0.052,0.052,0.052,0.052,0.052,0.052,0.052,0.052,0.052,0.052,0.052,0.052,0.052,0.052,0.052,0.052,0.05,-0.192,0.072,0.08,0.078,0.077,0.077,0.077,0.077,0.077,0.077,0.075,0.075,0.047,-0.19,0.071,0.08,0.08,0.078,0.078,0.078,0.078,0.078,0.078,0.078,0.078,0.078,0.047,-0.19,0.071,0.08,0.08,0.078,0.078,0.078,0.078,0.078,0.078,0.078,0.078,0.078,0.047,-0.19,0.069,0.079,0.078,0.078,0.078,0.077,0.077,0.077,0.077,0.077,0.077,0.075,
0.087,0.121,0.112,0.123,0.124,0.124,0.123,0.125,0.123,0.124,0.123,0.125,0.123,0.125,0.123,0.124,0.123,0.122,0.125,0.122,0.125,0.123,0.122,0.122,0.125,0.123,0.122,0.124,0.122,0.122,0.123,0.122,0.122,0.124,0.122,0.123,0.125,0.125,0.123,0.125,0.123,0.124,0.123,0.125,0.123,0.125,0.123,0.125,0.122,0.125,0.123,0.125,0.123,0.122,0.123,0.122,0.124,0.123,0.122,0.124,0.123,0.124,0.123,0.125,0.122,0.123,0.125,0.123,0.125,0.123,0.124,0.125,0.122,0.123,0.122,0.126,0.123,0.124,0.123,0.124,0.122,0.122,0.122,0.122,0.123,0.125,0.122,0.125,0.123,0.123,0.124,0.123,0.124,0.123,0.123,0.125,0.122,0.122,0.123,0.123,
0.068,0.124,0.065,0.096,0.08,0.085,0.089,0.084,0.09,0.084,0.089,0.083,0.09,0.082,0.091,0.082,0.09,0.082,0.09,0.082,0.09,0.084,0.09,0.082,0.091,0.082,0.09,0.084,0.089,0.082,0.09,0.083,0.091,0.082,0.09,0.084,0.09,0.083,0.089,0.083,0.089,0.083,0.089,0.083,0.091,0.083,0.089,0.082,0.091,0.082,0.09,0.083,0.091,0.082,0.091,0.082,0.09,0.082,0.091,0.082,0.089,0.083,0.091,0.083,0.09,0.084,0.089,0.083,0.091,0.082,0.09,0.084,0.089,0.084,0.089,0.084,0.089,0.083,0.091,0.082,0.09,0.082,0.09,0.083,0.091,0.083,0.089,0.083,0.091,0.082,0.091,0.084,0.089,0.083,0.089,0.083,0.09,0.082,0.09,0.08,
-0.063,0.004,0.0,-0.005,0.006,-0.004,-0.003,0.006,-0.006,0.0,0.003,0.0,0.004,-0.004,0.0,-0.004,0.003,0.0,0.004,-0.004,0.004,-0.004,-0.004,0.001,0.0,0.005,-0.003,-0.001,0.003,-0.004,0.004,-0.006,0.006,-0.006,0.006,-0.005,0.003,0.0,-0.003,0.003,-0.004,0.006,-0.003,0.003,-0.003,-0.003,0.0,0.005,-0.003,-0.004,0.003,0.001,-0.004,0.003,-0.003,0.005,-0.003,0.004,-0.004,-0.003,0.005,-0.003,0.0,0.0,0.0,0.003,-0.005,0.005,-0.006,0.004,0.0,-0.003,0.003,0.001,-0.004,0.003,-0.003,0.003,0.001,0.0,0.003,-0.003,-0.003,0.0,0.006,-0.004,0.0,0.003,-0.005,0.003,0.0,0.003,-0.003,-0.004,0.004,0.0,-0.004,0.006,-0.003,-0.004,
0.037,0.051,0.037,0.037,0.038,0.037,0.037,0.037,0.037,0.037,0.037,0.037,0.037,0.037,0.037,0.037,0.037,0.037,0.037,0.037,0.037,0.037,0.038,0.037,0.038,0.037,0.038,0.037,0.037,0.038,0.037,0.038,0.037,0.037,0.037,0.037,0.037,0.038,0.037,0.038,0.037,0.037,0.037,0.037,0.037,0.037,0.037,0.038,0.037,0.038,0.037,0.037,0.037,0.037,0.037,0.037,0.038,0.037,0.037,0.037,0.037,0.037,0.037,0.037,0.037,0.037,0.037,0.037,0.037,0.037,0.038,0.037,0.037,0.038,0.037,0.037,0.037,0.037,0.037,0.037,0.037,0.037,0.037,0.037,0.037,0.037,0.037,0.038,0.037,0.038,0.037,0.038,0.037,0.037,0.038,0.037,0.038,0.037,0.037,0.035,
-0.057,-0.072,-0.089,-0.09,-0.09,-0.09,-0.09,-0.09,-0.09,-0.09,-0.09,-0.09,-0.09,-0.09,-0.09,-0.09,-0.09,-0.09,-0.09,-0.09,-0.09,-0.09,-0.09,-0.09,-0.09,-0.09,-0.09,-0.09,-0.09,-0.09,-0.09,-0.09,-0.09,-0.09,-0.09,-0.09,-0.09,-0.09,-0.09,-0.09,-0.09,-0.09,-0.09,-0.09,-0.09,-0.09,-0.09,-0.09,-0.09,-0.09,-0.09,-0.09,-0.09,-0.09,-0.09,-0.09,-0.09,-0.09,-0.09,-0.09,-0.09,-0.09,-0.09,-0.09,-0.09,-0.09,-0.09,-0.09,-0.09,-0.09,-0.09,-0.09,-0.09,-0.09,-0.09,-0.09,-0.09,-0.09,-0.09,-0.09,-0.09,-0.09,-0.09,-0.09,-0.09,-0.09,-0.09,-0.09,-0.09,-0.09,-0.09,-0.09,-0.09,-0.09,-0.09,-0.09,-0.09,-0.09,-0.09,-0.089,
0.054,0.037,0.038,0.027,0.016,0.005,0.006,0.003,0.003,0.003,0.003,0.003,0.003,0.003,0.003,0.003,0.003,0.003,0.003,0.003,0.003,0.003,0.003,0.003,0.003,0.003,0.003,0.003,0.003,0.003,0.003,0.003,0.003,0.003,0.003,0.003,0.003,0.003,0.003,0.003,0.003,0.003,0.003,0.003,0.003,0.003,0.003,0.003,0.003,0.003,0.003,0.003,0.003,0.003,0.003,0.003,0.003,0.003,0.003,0.003,0.003,0.003,0.003,0.003,0.003,0.003,0.003,0.003,0.003,0.003,0.003,0.003,0.003,0.003,0.003,0.003,0.003,0.003,0.003,0.003,0.003,0.003,0.003,0.003,0.003,0.003,0.003,0.003,0.003,0.003,0.003,0.003,0.003,0.003,0.003,0.003,0.003,0.003,0.003,0.003,
-0.068,-0.085,-0.101,-0.113,-0.099,-0.108,-0.097,-0.108,-0.098,-0.108,-0.114,-0.099,-0.113,-0.098,-0.114,-0.097,-0.114,-0.098,-0.108,-0.097,-0.114,-0.097,-0.107,-0.097,-0.114,-0.097,-0.114,-0.097,-0.108,-0.097,-0.114,-0.097,-0.107,-0.114,-0.098,-0.114,-0.097,-0.108,-0.114,-0.098,-0.107,-0.114,-0.099,-0.108,-0.097,-0.114,-0.097,-0.108,-0.097,-0.114,-0.098,-0.107,-0.097,-0.114,-0.099,-0.108,-0.097,-0.108,-0.098,-0.114,-0.098,-0.107,-0.097,-0.108,-0.097,-0.108,-0.114,-0.098,-0.114,-0.099,-0.108,-0.097,-0.107,-0.113,-0.097,-0.107,-0.114,-0.098,-0.108,-0.082,-0.1,-0.114,-0.099,-0.108,-0.113,-0.097,-0.114,-0.095,-0.114,-0.097,-0.114,-0.098,-0.113,-0.099,-0.108,-0.114,-0.098,-0.115,-0.098,-0.105,
0.114,0.147,0.147,0.137,0.137,0.137,0.137,0.137,0.137,0.137,0.137,0.137,0.137,0.136,0.138,0.137,0.136,0.138,0.137,0.137,0.137,0.137,0.137,0.138,0.137,0.136,0.137,0.138,0.136,0.137,0.137,0.138,0.136,0.138,0.136,0.137,0.137,0.137,0.137,0.137,0.137,0.136,0.137,0.137,0.137,0.137,0.137,0.136,0.137,0.137,0.137,0.137,0.137,0.137,0.137,0.136,0.137,0.137,0.137,0.137,0.137,0.136,0.137,0.138,0.136,0.137,0.137,0.137,0.138,0.136,0.138,0.136,0.137,0.137,0.137,0.137,0.137,0.137,0.137,0.137,0.137,0.137,0.137,0.137,0.137,0.137,0.138,0.136,0.138,0.136,0.137,0.137,0.137,0.137,0.137,0.137,0.137,0.137,0.137,0.136,
0.004,0.04,0.003,0.038,0.002,0.037,0.003,0.002,0.002,0.003,0.037,0.003,0.002,0.003,0.037,0.002,0.005,0.002,0.003,0.003,0.003,0.037,0.003,0.037,0.002,0.038,0.002,0.002,0.005,0.003,0.003,0.003,0.003,0.003,0.002,0.005,0.003,0.002,0.005,0.003,0.003,0.003,0.003,0.003,0.003,0.003,0.003,0.003,0.005,0.002,0.038,0.003,0.003,0.003,0.003,0.002,0.003,0.003,0.037,0.002,0.039,0.002,0.037,0.002,0.037,0.003,0.003,0.003,0.002,0.003,0.003,0.002,0.002,0.038,0.003,0.002,0.038,0.003,0.002,0.003,0.003,0.002,0.037,0.003,0.002,0.003,0.003,0.002,0.038,0.002,0.002,0.003,0.003,0.002,0.003,0.037,0.003,0.037,0.003,0.003,
0.0,-0.023,-0.003,-0.006,-0.006,-0.062,0.006,-0.063,0.013,-0.076,0.006,-0.063,0.014,-0.024,0.007,-0.076,0.012,-0.071,0.004,-0.067,0.015,-0.078,0.008,-0.063,-0.016,-0.066,-0.022,-0.203,-0.024,-0.047,0.015,-0.079,0.008,-0.061,0.007,-0.061,-0.026,-0.203,-0.022,-0.047,0.015,-0.076,0.006,-0.063,0.007,-0.06,-0.014,-0.195,-0.014,-0.048,0.009,-0.079,0.004,-0.066,0.005,-0.059,-0.017,-0.217,-0.029,0.013,-0.059,-0.018,0.0,-0.059,0.008,-0.075,-0.026,-0.153,-0.089,0.0,-0.061,0.013,-0.076,0.006,-0.002,-0.005,-0.039,-0.153,-0.089,0.029,-0.079,0.01,-0.081,0.002,-0.067,0.008,-0.089,-0.144,-0.09,0.03,-0.075,0.002,-0.006,-0.065,0.016,-0.026,-0.026,-0.202,-0.019,-0.052,
0.051,0.027,-0.005,-0.006,-0.006,-0.006,-0.006,-0.006,-0.006,-0.005,-0.007,-0.006,-0.006,-0.007,-0.006,-0.006,-0.006,-0.006,-0.005,-0.006,-0.007,-0.006,-0.007,-0.005,-0.007,-0.006,-0.006,-0.006,-0.007,-0.006,-0.006,-0.006,-0.005,-0.006,-0.006,-0.006,-0.006,-0.007,-0.005,-0.007,-0.006,-0.005,-0.006,-0.006,-0.006,-0.006,-0.006,-0.006,-0.007,-0.006,-0.007,-0.006,-0.006,-0.007,-0.005,-0.006,-0.007,-0.006,-0.006,-0.006,-0.006,-0.006,-0.006,-0.006,-0.006,-0.007,-0.007,-0.006,-0.006,-0.006,-0.006,-0.007,-0.005,-0.006,-0.006,-0.007,-0.005,-0.007,-0.005,-0.007,-0.007,-0.006,-0.006,-0.006,-0.005,-0.006,-0.006,-0.006,-0.005,-0.007,-0.006,-0.007,-0.006,-0.007,-0.005,-0.007,-0.007,-0.006,-0.006,-0.006,
0.0,0.055,0.078,0.086,0.081,0.083,0.082,0.085,0.08,0.084,0.059,0.082,0.06,0.083,0.06,0.083,0.06,0.083,0.06,0.083,0.06,0.083,0.06,0.083,0.06,0.083,0.06,0.083,0.06,0.083,0.06,0.083,0.06,0.083,0.06,0.083,0.06,0.083,0.06,0.083,0.06,0.083,0.06,0.083,0.06,0.083,0.06,0.083,0.06,0.083,0.06,0.083,0.06,0.083,0.06,0.083,0.06,0.083,0.06,0.083,0.06,0.083,0.06,0.083,0.06,0.083,0.06,0.083,0.06,0.083,0.06,0.083,0.06,0.083,0.06,0.083,0.06,0.083,0.06,0.083,0.06,0.083,0.06,0.083,0.06,0.083,0.06,0.083,0.06,0.083,0.06,0.083,0.06,0.083,0.06,0.083,0.06,0.083,0.06,0.084,
0.029,0.05,0.054,0.046,0.061,0.046,0.061,0.046,0.061,0.046,0.061,0.047,0.061,0.046,0.061,0.046,0.061,0.046,0.061,0.046,0.06,0.046,0.061,0.046,0.06,0.046,0.06,0.047,0.061,0.046,0.061,0.046,0.061,0.046,0.061,0.046,0.061,0.046,0.06,0.046,0.061,0.046,0.062,0.045,0.061,0.046,0.06,0.046,0.062,0.045,0.061,0.046,0.061,0.046,0.061,0.046,0.061,0.045,0.061,0.046,0.061,0.045,0.061,0.046,0.061,0.046,0.061,0.045,0.061,0.046,0.061,0.046,0.061,0.046,0.061,0.045,0.061,0.046,0.061,0.046,0.061,0.046,0.062,0.045,0.061,0.046,0.061,0.046,0.061,0.047,0.06,0.047,0.06,0.046,0.061,0.046,0.061,0.046,0.06,0.031,
0.0,0.105,0.062,0.064,0.065,0.065,0.064,0.065,0.066,0.065,0.064,0.065,0.063,0.065,0.065,0.064,0.065,0.066,0.064,0.064,0.066,0.064,0.065,0.064,0.066,0.064,0.065,0.065,0.064,0.064,0.065,0.064,0.065,0.064,0.065,0.065,0.064,0.066,0.064,0.065,0.064,0.063,0.065,0.065,0.066,0.063,0.066,0.063,0.066,0.065,0.063,0.066,0.065,0.064,0.065,0.064,0.065,0.064,0.065,0.065,0.063,0.065,0.066,0.064,0.065,0.064,0.064,0.066,0.063,0.065,0.065,0.065,0.064,0.065,0.064,0.064,0.066,0.063,0.065,0.065,0.065,0.064,0.063,0.066,0.064,0.065,0.063,0.065,0.065,0.064,0.065,0.065,0.064,0.065,0.065,0.064,0.066,0.065,0.064,0.065,
0.065,0.058,0.059,0.057,0.056,0.058,0.056,0.059,0.057,0.057,0.057,0.059,0.057,0.056,0.059,0.058,0.056,0.057,0.059,0.056,0.058,0.057,0.057,0.059,0.058,0.058,0.058,0.057,0.056,0.058,0.057,0.058,0.058,0.058,0.058,0.057,0.059,0.057,0.057,0.057,0.057,0.059,0.056,0.059,0.058,0.057,0.056,0.058,0.056,0.059,0.058,0.056,0.057,0.059,0.057,0.056,0.058,0.057,0.057,0.058,0.058,0.057,0.058,0.057,0.056,0.057,0.058,0.057,0.058,0.058,0.057,0.057,0.058,0.056,0.058,0.057,0.056,0.059,0.057,0.056,0.059,0.057,0.057,0.059,0.056,0.057,0.058,0.057,0.059,0.055,0.059,0.056,0.057,0.058,0.058,0.056,0.057,0.059,0.056,0.058,
0.003,0.032,0.065,0.078,0.078,0.077,0.074,0.074,0.072,0.071,0.071,0.069,0.069,0.068,0.067,0.066,0.064,0.064,0.061,0.06,0.059,0.06,0.059,0.059,0.059,0.058,0.06,0.059,0.059,0.059,0.059,0.059,0.059,0.059,0.059,0.059,0.059,0.059,0.059,0.059,0.059,0.059,0.059,0.059,0.059,0.059,0.059,0.059,0.059,0.059,0.059,0.059,0.059,0.059,0.059,0.059,0.059,0.059,0.059,0.059,0.059,0.059,0.059,0.059,0.059,0.059,0.059,0.059,0.059,0.059,0.059,0.059,0.059,0.059,0.059,0.059,0.059,0.059,0.059,0.059,0.059,0.059,0.059,0.059,0.059,0.059,0.059,0.059,0.059,0.059,0.059,0.059,0.059,0.059,0.059,0.059,0.059,0.059,0.059,0.054,
0.053,0.102,0.118,0.117,0.122,0.091,0.081,0.111,0.117,0.089,0.079,0.111,0.117,0.122,0.091,0.08,0.111,0.117,0.121,0.091,0.081,0.111,0.117,0.122,0.091,0.08,0.11,0.117,0.122,0.091,0.08,0.11,0.117,0.121,0.091,0.08,0.111,0.117,0.088,0.078,0.111,0.117,0.088,0.078,0.111,0.117,0.122,0.09,0.08,0.11,0.117,0.121,0.092,0.081,0.11,0.117,0.088,0.078,0.11,0.118,0.089,0.079,0.11,0.117,0.121,0.091,0.081,0.111,0.117,0.122,0.124,0.092,0.081,0.11,0.118,0.089,0.079,0.111,0.118,0.089,0.079,0.111,0.118,0.089,0.079,0.11,0.117,0.088,0.078,0.111,0.118,0.089,0.079,0.11,0.118,0.089,0.079,0.111,0.118,0.09,
-0.012,-0.05,-0.012,-0.013,-0.013,-0.012,-0.012,-0.012,-0.013,-0.013,-0.013,-0.013,-0.013,-0.012,-0.012,-0.013,-0.012,-0.013,-0.012,-0.013,-0.012,-0.013,-0.013,-0.013,-0.012,-0.013,-0.013,-0.013,-0.012,-0.013,-0.012,-0.012,-0.012,-0.012,-0.013,-0.013,-0.012,-0.012,-0.012,-0.013,-0.013,-0.012,-0.013,-0.013,-0.013,-0.012,-0.012,-0.013,-0.013,-0.013,-0.013,-0.013,-0.013,-0.012,-0.012,-0.012,-0.012,-0.013,-0.012,-0.012,-0.013,-0.013,-0.013,-0.012,-0.013,-0.013,-0.013,-0.012,-0.012,-0.012,-0.013,-0.013,-0.012,-0.012,-0.012,-0.012,-0.013,-0.012,-0.012,-0.012,-0.013,-0.013,-0.012,-0.012,-0.012,-0.012,-0.013,-0.012,-0.012,-0.012,-0.013,-0.013,-0.012,-0.012,-0.012,-0.012,-0.013,-0.012,-0.012,-0.012,
0.0,0.078,0.054,0.054,0.052,0.052,0.055,0.054,0.05,0.054,0.056,0.051,0.055,0.054,0.051,0.055,0.052,0.053,0.054,0.053,0.055,0.05,0.056,0.053,0.052,0.056,0.052,0.053,0.054,0.052,0.055,0.051,0.055,0.052,0.056,0.053,0.053,0.05,0.056,0.052,0.053,0.054,0.053,0.052,0.056,0.05,0.056,0.053,0.052,0.056,0.05,0.056,0.055,0.05,0.057,0.052,0.052,0.056,0.052,0.053,0.054,0.051,0.055,0.055,0.052,0.055,0.05,0.057,0.051,0.056,0.05,0.056,0.054,0.05,0.056,0.054,0.053,0.053,0.051,0.055,0.055,0.052,0.053,0.052,0.056,0.051,0.056,0.053,0.05,0.057,0.05,0.057,0.052,0.052,0.056,0.052,0.052,0.056,0.051,0.056,
-0.025,-0.005,-0.012,-0.008,-0.007,-0.01,-0.008,-0.008,-0.009,-0.009,-0.009,-0.009,-0.009,-0.008,-0.009,-0.009,-0.009,-0.009,-0.009,-0.008,-0.009,-0.009,-0.009,-0.009,-0.008,-0.009,-0.009,-0.009,-0.008,-0.009,-0.009,-0.009,-0.009,-0.009,-0.009,-0.008,-0.009,-0.009,-0.009,-0.009,-0.009,-0.008,-0.009,-0.009,-0.009,-0.009,-0.008,-0.009,-0.009,-0.009,-0.008,-0.009,-0.009,-0.009,-0.009,-0.009,-0.009,-0.008,-0.009,-0.009,-0.009,-0.009,-0.009,-0.008,-0.009,-0.009,-0.009,-0.009,-0.008,-0.009,-0.009,-0.009,-0.008,-0.009,-0.009,-0.009,-0.009,-0.009,-0.009,-0.008,-0.009,-0.009,-0.009,-0.009,-0.009,-0.008,-0.009,-0.009,-0.009,-0.009,-0.008,-0.009,-0.009,-0.009,-0.008,-0.009,-0.009,-0.009,-0.009,-0.008,
0.079,0.127,0.124,0.152,0.094,0.092,0.117,0.091,0.089,0.092,0.115,0.042,0.079,0.169,0.101,0.036,0.091,0.168,0.152,0.034,0.026,0.165,0.106,0.022,0.11,0.152,0.092,0.035,0.115,0.15,0.091,0.092,0.115,0.089,0.089,0.095,0.115,0.042,0.078,0.17,0.102,0.035,0.091,0.168,0.152,0.034,0.023,0.165,0.106,0.023,0.111,0.151,0.092,0.035,0.115,0.103,0.08,0.17,0.101,0.024,0.091,0.168,0.099,0.025,0.09,0.168,0.048,0.021,0.168,0.154,0.092,0.035,0.105,0.151,0.091,0.035,0.107,0.102,0.08,0.117,0.095,0.089,0.092,0.116,0.1,0.089,0.092,0.168,0.099,0.024,0.091,0.168,0.048,0.014,0.168,0.154,0.035,0.035,0.165,0.106,
0.041,0.032,0.014,0.03,0.046,0.045,0.045,0.045,0.045,0.045,0.045,0.045,0.045,0.045,0.045,0.045,0.045,0.045,0.045,0.045,0.045,0.045,0.045,0.045,0.045,0.045,0.045,0.045,0.045,0.045,0.045,0.045,0.045,0.046,0.045,0.045,0.045,0.045,0.045,0.045,0.045,0.045,0.046,0.045,0.046,0.045,0.046,0.045,0.045,0.045,0.045,0.046,0.045,0.046,0.045,0.045,0.046,0.045,0.045,0.045,0.045,0.045,0.045,0.045,0.046,0.045,0.045,0.045,0.045,0.045,0.045,0.045,0.045,0.045,0.045,0.045,0.045,0.045,0.045,0.045,0.045,0.045,0.045,0.045,0.045,0.045,0.045,0.045,0.045,0.045,0.045,0.045,0.046,0.045,0.045,0.046,0.045,0.045,0.045,0.045,
0.089,0.12,0.105,0.11,0.111,0.108,0.111,0.109,0.108,0.111,0.112,0.11,0.108,0.111,0.108,0.11,0.109,0.11,0.109,0.111,0.11,0.109,0.112,0.108,0.112,0.109,0.107,0.112,0.109,0.109,0.11,0.112,0.11,0.108,0.109,0.112,0.108,0.109,0.11,0.11,0.11,0.112,0.108,0.11,0.111,0.107,0.112,0.11,0.11,0.108,0.111,0.109,0.11,0.109,0.113,0.108,0.111,0.11,0.107,0.112,0.108,0.109,0.111,0.11,0.108,0.111,0.11,0.109,0.11,0.11,0.11,0.111,0.109,0.11,0.108,0.11,0.112,0.109,0.11,0.108,0.11,0.108,0.112,0.11,0.111,0.108,0.111,0.108,0.111,0.108,0.111,0.108,0.112,0.109,0.111,0.107,0.112,0.108,0.11,0.108,
0.104,0.072,0.077,0.066,0.063,0.062,0.063,0.067,0.062,0.068,0.063,0.062,0.065,0.067,0.062,0.068,0.065,0.067,0.062,0.068,0.062,0.065,0.065,0.063,0.063,0.067,0.067,0.062,0.065,0.063,0.065,0.065,0.065,0.062,0.063,0.065,0.065,0.062,0.063,0.063,0.063,0.063,0.063,0.063,0.063,0.063,0.063,0.063,0.063,0.063,0.063,0.063,0.063,0.063,0.063,0.063,0.063,0.063,0.063,0.063,0.063,0.063,0.063,0.063,0.063,0.063,0.063,0.063,0.063,0.063,0.063,0.063,0.063,0.063,0.063,0.063,0.063,0.063,0.063,0.063,0.063,0.063,0.063,0.063,0.063,0.063,0.063,0.063,0.063,0.063,0.063,0.063,0.063,0.063,0.063,0.063,0.063,0.063,0.063,0.046,
-0.015,-0.027,-0.037,-0.013,-0.015,0.013,-0.015,0.011,-0.015,0.011,-0.014,-0.015,0.009,0.009,-0.015,-0.014,0.009,0.009,-0.015,-0.013,-0.015,-0.014,0.009,-0.015,0.01,0.009,-0.014,-0.015,0.009,-0.014,0.01,-0.015,0.01,-0.014,-0.015,-0.015,-0.014,0.011,-0.013,0.011,-0.014,0.01,-0.014,0.01,0.01,-0.014,-0.015,-0.014,-0.016,0.011,-0.014,-0.014,-0.014,-0.015,0.011,-0.015,0.013,-0.015,0.009,-0.015,0.011,0.008,0.009,-0.015,0.01,-0.015,0.009,-0.015,-0.014,-0.015,0.009,0.01,-0.014,0.011,-0.015,0.01,-0.013,0.011,-0.014,-0.015,0.009,0.01,-0.014,-0.015,0.011,0.009,-0.014,0.01,-0.015,0.011,-0.015,0.01,-0.014,0.011,-0.014,0.01,-0.014,-0.015,-0.013,0.011,
0.005,-0.008,0.002,0.005,0.003,0.002,0.002,0.003,0.002,0.003,0.003,0.005,0.001,0.006,0.003,0.001,0.002,0.006,0.001,0.006,0.002,0.005,0.003,0.002,0.002,0.002,0.002,0.002,0.002,0.002,0.002,0.002,0.002,0.002,0.002,0.002,0.002,0.002,0.002,0.002,0.002,0.002,0.002,0.002,0.002,0.002,0.002,0.002,0.002,0.002,0.002,0.002,0.002,0.002,0.002,0.002,0.002,0.002,0.002,0.002,0.002,0.002,0.002,0.002,0.002,0.002,0.002,0.002,0.002,0.002,0.002,0.002,0.002,0.002,0.002,0.002,0.002,0.002,0.002,0.002,0.002,0.002,0.002,0.002,0.002,0.002,0.002,0.002,0.002,0.002,0.002,0.002,0.002,0.002,0.002,0.002,0.002,0.002,0.002,0.003,
0.022,0.026,0.032,0.035,0.038,0.038,0.035,0.035,0.037,0.038,0.037,0.038,0.035,0.039,0.034,0.037,0.037,0.04,0.034,0.038,0.037,0.037,0.037,0.034,0.039,0.037,0.034,0.039,0.037,0.037,0.035,0.035,0.039,0.035,0.035,0.04,0.034,0.039,0.035,0.035,0.039,0.034,0.038,0.037,0.037,0.038,0.035,0.038,0.035,0.037,0.038,0.035,0.039,0.034,0.039,0.034,0.04,0.035,0.037,0.037,0.037,0.037,0.037,0.035,0.037,0.037,0.038,0.035,0.038,0.037,0.035,0.038,0.035,0.037,0.038,0.037,0.035,0.038,0.035,0.038,0.038,0.037,0.034,0.038,0.037,0.037,0.035,0.038,0.037,0.035,0.038,0.038,0.035,0.037,0.037,0.034,0.039,0.037,0.037,0.037,
-0.032,-0.043,-0.037,-0.013,-0.014,-0.014,-0.014,-0.014,-0.014,-0.015,-0.014,-0.015,-0.014,-0.015,-0.014,-0.014,-0.015,-0.014,-0.014,-0.015,-0.014,-0.014,-0.015,-0.014,-0.015,-0.014,-0.015,-0.014,-0.015,-0.014,-0.015,-0.014,-0.014,-0.015,-0.014,-0.014,-0.014,-0.015,-0.014,-0.015,-0.014,-0.015,-0.014,-0.015,-0.014,-0.015,-0.014,-0.014,-0.015,-0.014,-0.014,-0.015,-0.014,-0.014,-0.015,-0.014,-0.014,-0.015,-0.014,-0.014,-0.015,-0.014,-0.014,-0.015,-0.014,-0.014,-0.015,-0.014,-0.014,-0.015,-0.014,-0.014,-0.015,-0.014,-0.014,-0.015,-0.014,-0.014,-0.015,-0.014,-0.014,-0.015,-0.014,-0.014,-0.015,-0.014,-0.014,-0.015,-0.014,-0.014,-0.015,-0.014,-0.014,-0.015,-0.014,-0.014,-0.015,-0.014,-0.014,-0.015,
0.006,0.001,0.008,0.008,0.006,0.009,0.007,0.006,0.006,0.01,0.006,0.01,0.006,0.007,0.008,0.006,0.006,0.009,0.006,0.006,0.01,0.006,0.01,0.007,0.008,0.009,0.007,0.007,0.005,0.008,0.009,0.006,0.007,0.007,0.006,0.009,0.007,0.009,0.007,0.009,0.007,0.006,0.012,0.005,0.008,0.006,0.01,0.007,0.008,0.009,0.006,0.007,0.006,0.009,0.008,0.008,0.008,0.008,0.008,0.009,0.007,0.009,0.008,0.008,0.009,0.008,0.007,0.008,0.006,0.01,0.007,0.006,0.01,0.008,0.005,0.008,0.006,0.009,0.008,0.006,0.01,0.008,0.007,0.006,0.008,0.008,0.008,0.007,0.009,0.008,0.007,0.006,0.007,0.01,0.006,0.008,0.008,0.006,0.01,0.006,
0.069,0.099,0.095,0.087,0.083,0.083,0.082,0.082,0.082,0.083,0.083,0.083,0.082,0.083,0.082,0.082,0.082,0.083,0.082,0.083,0.082,0.082,0.083,0.082,0.082,0.082,0.082,0.082,0.083,0.082,0.082,0.082,0.082,0.082,0.082,0.082,0.083,0.082,0.082,0.082,0.082,0.082,0.083,0.082,0.082,0.082,0.082,0.082,0.082,0.082,0.082,0.082,0.082,0.082,0.082,0.082,0.082,0.082,0.082,0.082,0.083,0.082,0.082,0.082,0.083,0.082,0.082,0.082,0.082,0.082,0.082,0.082,0.082,0.083,0.082,0.083,0.082,0.083,0.082,0.082,0.082,0.082,0.082,0.083,0.083,0.082,0.083,0.082,0.082,0.082,0.082,0.083,0.082,0.082,0.082,0.082,0.082,0.082,0.082,0.084,
-0.087,-0.011,0.022,0.033,0.025,0.04,0.04,0.041,0.028,0.038,0.04,0.04,0.04,0.04,0.04,0.04,0.04,0.04,0.04,0.04,0.04,0.04,0.04,0.04,0.04,0.04,0.04,0.04,0.04,0.04,0.04,0.04,0.04,0.04,0.04,0.04,0.04,0.04,0.04,0.04,0.04,0.04,0.04,0.04,0.04,0.04,0.04,0.04,0.04,0.04,0.04,0.04,0.04,0.04,0.04,0.04,0.04,0.04,0.04,0.04,0.04,0.04,0.04,0.04,0.04,0.04,0.04,0.04,0.04,0.04,0.04,0.04,0.04,0.04,0.04,0.04,0.04,0.04,0.04,0.04,0.04,0.04,0.04,0.04,0.04,0.04,0.04,0.04,0.04,0.04,0.04,0.04,0.04,0.04,0.04,0.04,0.04,0.04,0.04,0.04,
-0.013,0.11,0.04,0.043,0.036,0.037,0.036,0.036,0.035,0.035,0.034,0.033,0.033,0.033,0.033,0.034,0.033,0.033,0.033,0.033,0.033,0.033,0.033,0.033,0.033,0.033,0.034,0.033,0.033,0.033,0.033,0.032,0.033,0.033,0.033,0.033,0.033,0.033,0.034,0.033,0.033,0.033,0.033,0.033,0.033,0.033,0.032,0.034,0.033,0.033,0.032,0.034,0.033,0.033,0.033,0.033,0.033,0.033,0.033,0.033,0.034,0.033,0.033,0.033,0.033,0.032,0.033,0.033,0.033,0.033,0.033,0.033,0.033,0.033,0.033,0.033,0.033,0.033,0.033,0.032,0.033,0.033,0.032,0.033,0.034,0.033,0.033,0.033,0.033,0.034,0.033,0.034,0.033,0.033,0.033,0.032,0.033,0.033,0.034,0.032,
0.014,-0.027,-0.043,-0.039,-0.03,-0.031,-0.028,-0.031,-0.029,-0.028,-0.03,-0.029,-0.029,-0.029,-0.029,-0.029,-0.028,-0.03,-0.028,-0.029,-0.029,-0.029,-0.031,-0.028,-0.03,-0.029,-0.028,-0.029,-0.029,-0.028,-0.031,-0.029,-0.028,-0.03,-0.028,-0.03,-0.029,-0.029,-0.028,-0.03,-0.028,-0.031,-0.029,-0.029,-0.028,-0.03,-0.028,-0.029,-0.029,-0.031,-0.029,-0.028,-0.029,-0.03,-0.03,-0.028,-0.029,-0.029,-0.028,-0.029,-0.031,-0.028,-0.029,-0.029,-0.028,-0.03,-0.028,-0.03,-0.029,-0.029,-0.029,-0.029,-0.029,-0.029,-0.029,-0.029,-0.029,-0.029,-0.029,-0.029,-0.029,-0.029,-0.029,-0.029,-0.029,-0.029,-0.029,-0.029,-0.029,-0.029,-0.029,-0.029,-0.029,-0.029,-0.029,-0.029,-0.029,-0.029,-0.029,-0.029,
-0.012,-0.026,-0.028,-0.029,-0.028,-0.027,-0.027,-0.027,-0.028,-0.027,-0.027,-0.028,-0.028,-0.028,-0.027,-0.028,-0.028,-0.027,-0.028,-0.028,-0.026,-0.027,-0.028,-0.026,-0.028,-0.027,-0.028,-0.027,-0.028,-0.028,-0.027,-0.028,-0.027,-0.027,-0.028,-0.028,-0.027,-0.028,-0.027,-0.027,-0.028,-0.026,-0.028,-0.027,-0.027,-0.028,-0.028,-0.026,-0.028,-0.028,-0.028,-0.027,-0.028,-0.027,-0.028,-0.026,-0.028,-0.026,-0.028,-0.028,-0.028,-0.027,-0.028,-0.027,-0.028,-0.027,-0.028,-0.027,-0.028,-0.027,-0.028,-0.026,-0.028,-0.026,-0.026,-0.028,-0.026,-0.027,-0.028,-0.027,-0.027,-0.027,-0.028,-0.027,-0.027,-0.028,-0.028,-0.027,-0.028,-0.028,-0.027,-0.028,-0.028,-0.028,-0.027,-0.028,-0.027,-0.027,-0.028,-0.028,
0.011,-0.007,0.015,0.008,0.013,0.01,0.009,0.012,0.012,0.007,0.01,0.01,0.012,0.009,0.009,0.01,0.008,0.01,0.012,0.007,0.01,0.01,0.009,0.01,0.008,0.01,0.009,0.009,0.012,0.01,0.009,0.008,0.009,0.012,0.01,0.008,0.009,0.01,0.007,0.013,0.007,0.009,0.01,0.008,0.008,0.012,0.01,0.01,0.006,0.014,0.009,0.013,0.01,0.008,0.01,0.009,0.012,0.009,0.01,0.013,0.008,0.012,0.008,0.01,0.012,0.012,0.008,0.01,0.009,0.01,0.012,0.008,0.012,0.012,0.008,0.007,0.013,0.008,0.01,0.013,0.008,0.013,0.012,0.008,0.012,0.007,0.012,0.01,0.01,0.01,0.009,0.012,0.008,0.008,0.008,0.012,0.008,0.01,0.013,0.008,
0.0,-0.011,0.0,0.001,-0.001,0.0,-0.001,0.0,0.0,0.0,-0.001,-0.001,0.0,-0.001,-0.001,0.0,-0.001,-0.001,0.0,0.0,-0.001,-0.001,0.0,-0.001,0.0,0.0,0.0,-0.001,-0.001,0.0,0.0,-0.001,0.0,-0.001,0.0,0.0,0.0,-0.001,0.0,-0.001,-0.001,0.0,-0.001,0.001,-0.001,0.0,-0.001,0.0,-0.001,-0.001,-0.001,0.0,-0.001,0.0,0.0,0.0,-0.001,0.0,0.0,-0.001,-0.001,0.0,-0.001,-0.001,-0.001,0.0,0.0,-0.001,-0.001,0.0,0.0,-0.001,-0.001,0.001,-0.001,-0.001,0.0,0.0,0.0,0.0,-0.001,0.0,-0.001,0.0,0.0,0.0,-0.001,0.0,-0.001,0.0,-0.001,0.0,-0.001,0.0,-0.001,-0.001,-0.001,0.0,0.0,0.001,
0.119,0.116,0.118,0.133,0.134,0.133,0.134,0.133,0.134,0.133,0.134,0.133,0.134,0.134,0.133,0.134,0.134,0.134,0.134,0.134,0.134,0.133,0.133,0.134,0.134,0.133,0.134,0.133,0.133,0.134,0.134,0.134,0.134,0.133,0.134,0.133,0.133,0.134,0.133,0.134,0.134,0.133,0.133,0.134,0.133,0.134,0.133,0.133,0.134,0.134,0.133,0.133,0.134,0.134,0.134,0.134,0.133,0.133,0.134,0.134,0.134,0.133,0.133,0.133,0.133,0.133,0.134,0.134,0.134,0.134,0.133,0.134,0.134,0.134,0.134,0.133,0.134,0.134,0.133,0.134,0.134,0.134,0.133,0.134,0.134,0.134,0.133,0.133,0.134,0.134,0.134,0.134,0.134,0.134,0.133,0.133,0.134,0.133,0.134,0.132,
0.056,0.106,0.063,0.04,0.045,0.049,0.054,0.053,0.053,0.053,0.054,0.053,0.052,0.054,0.053,0.053,0.053,0.053,0.053,0.054,0.052,0.054,0.054,0.052,0.053,0.052,0.054,0.053,0.054,0.053,0.052,0.054,0.052,0.054,0.052,0.054,0.052,0.052,0.053,0.054,0.054,0.052,0.054,0.054,0.052,0.053,0.053,0.054,0.053,0.052,0.054,0.052,0.056,0.052,0.054,0.054,0.051,0.054,0.052,0.054,0.053,0.053,0.054,0.052,0.054,0.052,0.054,0.052,0.054,0.052,0.054,0.053,0.052,0.054,0.052,0.053,0.053,0.054,0.052,0.053,0.054,0.052,0.054,0.052,0.054,0.054,0.051,0.054,0.052,0.054,0.052,0.054,0.052,0.054,0.052,0.053,0.054,0.054,0.052,0.052,
0.0,-0.003,0.0,-0.001,0.0,0.0,0.0,0.0,0.0,0.0,0.0,0.0,0.0,0.0,0.0,0.0,0.0,0.0,0.0,0.0,0.0,0.0,0.0,0.0,0.0,0.0,0.0,0.0,0.0,0.0,0.0,0.0,0.0,0.0,0.0,0.0,0.0,0.0,0.0,0.0,0.0,0.0,0.0,0.0,0.0,0.0,0.0,0.0,0.0,0.0,0.0,0.0,0.0,0.0,0.0,0.0,0.0,0.0,0.0,0.0,0.0,0.0,0.0,0.0,0.0,0.0,0.0,0.0,0.0,0.0,0.0,0.0,0.0,0.0,0.0,0.0,0.0,0.0,0.0,0.0,0.0,0.0,0.0,0.0,0.0,0.0,0.0,0.0,0.0,0.0,0.0,0.0,0.0,0.0,0.0,0.0,0.0,0.0,0.0,0.0,
-0.002,-0.002,-0.003,-0.001,0.003,0.0,-0.002,-0.001,0.003,-0.001,-0.001,0.003,-0.001,0.003,0.0,-0.001,-0.001,-0.001,-0.001,-0.001,-0.002,0.0,-0.001,0.003,0.0,0.005,-0.001,-0.001,-0.001,0.003,0.0,-0.001,-0.001,0.003,0.0,-0.002,-0.001,-0.001,-0.001,0.0,-0.001,-0.002,0.0,-0.001,-0.001,-0.001,-0.001,-0.002,-0.001,-0.001,-0.001,-0.002,-0.001,0.0,-0.001,-0.001,-0.001,-0.001,-0.001,0.0,-0.001,-0.002,-0.001,-0.001,0.003,-0.001,0.0,-0.001,-0.001,-0.001,0.0,-0.001,-0.002,-0.001,0.0,-0.001,-0.001,-0.002,-0.001,-0.001,-0.001,0.003,-0.001,-0.001,-0.001,-0.001,-0.001,-0.001,0.0,-0.001,-0.001,-0.001,0.005,-0.001,-0.001,-0.001,-0.001,-0.001,0.0,-0.002,
0.0,0.038,0.029,0.035,0.036,0.035,0.035,0.037,0.035,0.035,0.035,0.035,0.035,0.035,0.035,0.035,0.035,0.035,0.035,0.035,0.035,0.035,0.035,0.035,0.035,0.035,0.035,0.035,0.035,0.035,0.035,0.035,0.035,0.035,0.035,0.035,0.035,0.035,0.035,0.035,0.035,0.035,0.035,0.035,0.035,0.035,0.035,0.035,0.035,0.035,0.035,0.035,0.035,0.035,0.035,0.035,0.035,0.035,0.035,0.035,0.035,0.035,0.035,0.035,0.035,0.035,0.035,0.035,0.035,0.035,0.035,0.035,0.035,0.035,0.035,0.035,0.035,0.035,0.035,0.035,0.035,0.035,0.035,0.035,0.035,0.035,0.035,0.035,0.035,0.035,0.035,0.035,0.035,0.035,0.035,0.035,0.035,0.035,0.035,0.033,
0.051,0.093,0.088,0.088,0.088,0.088,0.088,0.088,0.089,0.088,0.087,0.087,0.087,0.088,0.087,0.087,0.088,0.088,0.089,0.087,0.087,0.088,0.087,0.087,0.088,0.088,0.088,0.088,0.088,0.088,0.088,0.088,0.088,0.088,0.087,0.087,0.087,0.088,0.087,0.088,0.088,0.087,0.088,0.088,0.088,0.088,0.088,0.087,0.087,0.087,0.088,0.088,0.088,0.088,0.088,0.088,0.087,0.089,0.088,0.087,0.088,0.088,0.088,0.087,0.088,0.088,0.088,0.088,0.088,0.088,0.088,0.088,0.088,0.087,0.088,0.088,0.087,0.088,0.087,0.088,0.088,0.088,0.088,0.088,0.089,0.088,0.088,0.088,0.088,0.088,0.088,0.088,0.088,0.088,0.088,0.088,0.088,0.088,0.088,0.088,
0.035,0.024,0.021,0.04,0.05,0.048,0.05,0.048,0.048,0.049,0.049,0.049,0.049,0.049,0.049,0.048,0.049,0.049,0.048,0.049,0.049,0.049,0.048,0.05,0.048,0.049,0.049,0.048,0.049,0.049,0.049,0.049,0.049,0.049,0.049,0.048,0.049,0.049,0.048,0.05,0.049,0.048,0.049,0.049,0.048,0.049,0.049,0.049,0.048,0.05,0.048,0.049,0.048,0.05,0.048,0.049,0.048,0.05,0.048,0.049,0.048,0.05,0.048,0.048,0.05,0.049,0.049,0.049,0.049,0.048,0.049,0.048,0.049,0.049,0.048,0.05,0.049,0.049,0.048,0.049,0.049,0.048,0.048,0.049,0.048,0.049,0.049,0.049,0.049,0.048,0.049,0.048,0.048,0.049,0.049,0.048,0.05,0.049,0.048,0.049,
0.193,0.333,0.342,0.346,0.348,0.347,0.347,0.348,0.347,0.347,0.348,0.347,0.348,0.347,0.348,0.347,0.348,0.347,0.348,0.347,0.348,0.347,0.348,0.347,0.348,0.347,0.348,0.347,0.348,0.347,0.348,0.347,0.348,0.347,0.348,0.347,0.348,0.347,0.348,0.347,0.348,0.347,0.348,0.347,0.348,0.347,0.348,0.347,0.348,0.347,0.348,0.347,0.348,0.347,0.348,0.347,0.348,0.347,0.348,0.347,0.348,0.347,0.348,0.347,0.348,0.347,0.348,0.347,0.348,0.347,0.348,0.347,0.348,0.347,0.348,0.347,0.348,0.347,0.348,0.347,0.348,0.347,0.348,0.347,0.348,0.347,0.348,0.347,0.348,0.347,0.348,0.347,0.348,0.347,0.348,0.347,0.348,0.347,0.348,0.344,
0.01,-0.011,0.019,0.043,0.044,0.042,0.042,0.043,0.04,0.043,0.04,0.043,0.042,0.044,0.043,0.043,0.04,0.044,0.042,0.044,0.044,0.04,0.044,0.04,0.043,0.04,0.043,0.043,0.042,0.044,0.042,0.044,0.04,0.043,0.04,0.043,0.043,0.04,0.043,0.044,0.039,0.043,0.04,0.045,0.039,0.043,0.04,0.045,0.039,0.043,0.04,0.045,0.039,0.043,0.043,0.042,0.044,0.04,0.043,0.04,0.042,0.04,0.044,0.042,0.042,0.042,0.04,0.043,0.04,0.043,0.04,0.043,0.04,0.043,0.04,0.045,0.04,0.043,0.04,0.045,0.039,0.043,0.04,0.043,0.04,0.044,0.042,0.044,0.04,0.044,0.04,0.043,0.04,0.043,0.043,0.04,0.043,0.04,0.043,0.042,
0.0,0.021,0.051,0.074,0.078,0.068,0.078,0.068,0.073,0.079,0.067,0.08,0.068,0.073,0.079,0.067,0.078,0.07,0.073,0.074,0.074,0.074,0.074,0.078,0.068,0.078,0.068,0.073,0.074,0.074,0.078,0.068,0.073,0.074,0.078,0.068,0.073,0.074,0.074,0.078,0.067,0.078,0.068,0.08,0.067,0.078,0.068,0.08,0.067,0.08,0.068,0.078,0.068,0.078,0.067,0.078,0.07,0.078,0.068,0.073,0.074,0.078,0.067,0.078,0.068,0.08,0.068,0.073,0.079,0.068,0.078,0.068,0.073,0.079,0.067,0.08,0.068,0.073,0.079,0.067,0.078,0.07,0.078,0.068,0.078,0.067,0.078,0.07,0.078,0.068,0.073,0.074,0.074,0.078,0.068,0.078,0.068,0.073,0.074,0.075,
0.011,-0.003,0.01,0.01,0.01,0.012,0.012,0.009,0.012,0.01,0.01,0.01,0.021,0.01,0.012,0.01,0.009,0.01,0.01,0.01,0.025,0.01,0.01,0.012,0.01,0.012,0.01,0.012,0.01,0.01,0.012,0.01,0.01,0.012,0.012,0.009,0.01,0.01,0.012,0.01,0.012,0.01,0.01,0.012,0.01,0.01,0.01,0.01,0.025,0.01,0.012,0.009,0.012,0.012,0.01,0.012,0.01,0.01,0.01,0.01,0.01,0.012,0.012,0.01,0.01,0.012,0.01,0.01,0.01,0.012,0.01,0.01,0.01,0.01,0.01,0.012,0.01,0.01,0.01,0.01,0.009,0.01,0.01,0.012,0.01,0.01,0.012,0.01,0.01,0.01,0.012,0.01,0.01,0.012,0.01,0.012,0.01,0.01,0.012,0.01,
0.109,0.15,0.117,0.109,0.108,0.109,0.108,0.109,0.108,0.109,0.108,0.108,0.108,0.108,0.109,0.108,0.109,0.108,0.108,0.108,0.108,0.109,0.108,0.108,0.109,0.108,0.109,0.108,0.108,0.108,0.108,0.109,0.108,0.108,0.108,0.109,0.108,0.108,0.108,0.109,0.108,0.108,0.108,0.108,0.108,0.108,0.108,0.108,0.109,0.108,0.108,0.108,0.108,0.108,0.108,0.108,0.108,0.108,0.108,0.108,0.109,0.108,0.108,0.109,0.108,0.108,0.108,0.108,0.108,0.109,0.108,0.108,0.108,0.109,0.108,0.108,0.108,0.108,0.108,0.108,0.109,0.108,0.108,0.108,0.108,0.108,0.109,0.108,0.108,0.108,0.108,0.108,0.108,0.108,0.108,0.109,0.108,0.108,0.108,0.108,
-0.008,0.031,0.029,0.029,0.027,0.028,0.028,0.028,0.028,0.028,0.027,0.028,0.027,0.028,0.028,0.027,0.028,0.027,0.028,0.027,0.027,0.027,0.028,0.028,0.028,0.028,0.027,0.028,0.028,0.028,0.027,0.028,0.027,0.028,0.027,0.028,0.027,0.028,0.028,0.028,0.028,0.028,0.027,0.028,0.028,0.028,0.028,0.027,0.028,0.028,0.027,0.028,0.028,0.027,0.028,0.028,0.028,0.028,0.027,0.028,0.028,0.027,0.028,0.028,0.027,0.028,0.028,0.028,0.028,0.027,0.028,0.028,0.027,0.028,0.028,0.027,0.028,0.028,0.028,0.028,0.027,0.028,0.028,0.027,0.028,0.028,0.027,0.028,0.028,0.028,0.028,0.027,0.028,0.028,0.027,0.028,0.028,0.027,0.028,0.028,
0.025,0.014,0.02,0.026,0.033,0.038,0.039,0.039,0.038,0.039,0.039,0.04,0.039,0.039,0.039,0.04,0.039,0.041,0.04,0.039,0.041,0.04,0.041,0.04,0.041,0.04,0.041,0.04,0.041,0.04,0.041,0.04,0.041,0.04,0.041,0.04,0.041,0.04,0.041,0.04,0.041,0.04,0.041,0.04,0.041,0.04,0.041,0.04,0.041,0.04,0.041,0.04,0.041,0.04,0.041,0.04,0.041,0.04,0.041,0.04,0.041,0.04,0.041,0.04,0.041,0.04,0.041,0.04,0.041,0.04,0.041,0.04,0.041,0.04,0.041,0.04,0.041,0.04,0.041,0.04,0.041,0.04,0.041,0.04,0.041,0.04,0.041,0.04,0.041,0.04,0.041,0.04,0.041,0.04,0.041,0.04,0.041,0.04,0.041,0.041,
0.031,0.062,0.061,0.06,0.06,0.058,0.057,0.057,0.069,0.064,0.063,0.062,0.061,0.06,0.074,0.069,0.067,0.066,0.064,0.062,0.075,0.069,0.068,0.066,0.065,0.063,0.075,0.069,0.067,0.066,0.064,0.062,0.075,0.069,0.068,0.066,0.065,0.063,0.075,0.069,0.067,0.066,0.064,0.062,0.075,0.069,0.067,0.066,0.064,0.062,0.075,0.069,0.068,0.066,0.065,0.063,0.061,0.074,0.069,0.067,0.065,0.064,0.062,0.074,0.069,0.068,0.066,0.065,0.063,0.075,0.07,0.068,0.067,0.065,0.063,0.062,0.074,0.069,0.068,0.066,0.064,0.063,0.075,0.069,0.068,0.066,0.064,0.063,0.061,0.074,0.07,0.068,0.067,0.065,0.063,0.062,0.074,0.069,0.067,0.064,
-0.004,0.011,0.001,-0.017,-0.016,-0.018,-0.018,-0.018,-0.018,-0.018,-0.018,-0.018,-0.018,-0.018,-0.018,-0.018,-0.018,-0.018,-0.018,-0.018,-0.018,-0.018,-0.018,-0.018,-0.018,-0.018,-0.018,-0.018,-0.018,-0.018,-0.018,-0.018,-0.018,-0.018,-0.018,-0.018,-0.018,-0.018,-0.018,-0.018,-0.018,-0.018,-0.018,-0.018,-0.018,-0.018,-0.018,-0.018,-0.018,-0.018,-0.018,-0.018,-0.018,-0.018,-0.018,-0.018,-0.018,-0.018,-0.018,-0.018,-0.018,-0.018,-0.018,-0.018,-0.018,-0.018,-0.018,-0.018,-0.018,-0.018,-0.018,-0.018,-0.018,-0.018,-0.018,-0.018,-0.018,-0.018,-0.018,-0.018,-0.018,-0.018,-0.018,-0.018,-0.018,-0.018,-0.018,-0.018,-0.018,-0.018,-0.018,-0.018,-0.018,-0.018,-0.018,-0.018,-0.018,-0.018,-0.018,-0.018,
0.0,-0.09,-0.344,-0.305,-0.42,-0.363,-0.466,-0.328,-0.454,-0.378,-0.467,-0.381,-0.468,-0.381,-0.468,-0.381,-0.468,-0.381,-0.468,-0.381,-0.468,-0.381,-0.468,-0.381,-0.468,-0.381,-0.468,-0.381,-0.468,-0.381,-0.468,-0.381,-0.468,-0.381,-0.468,-0.381,-0.468,-0.381,-0.468,-0.381,-0.468,-0.381,-0.468,-0.381,-0.468,-0.381,-0.468,-0.381,-0.468,-0.381,-0.468,-0.381,-0.468,-0.381,-0.468,-0.381,-0.468,-0.381,-0.468,-0.381,-0.468,-0.381,-0.468,-0.381,-0.468,-0.381,-0.468,-0.381,-0.468,-0.381,-0.468,-0.381,-0.468,-0.381,-0.468,-0.381,-0.468,-0.381,-0.468,-0.381,-0.468,-0.381,-0.468,-0.381,-0.468,-0.381,-0.468,-0.381,-0.468,-0.381,-0.468,-0.381,-0.468,-0.381,-0.468,-0.381,-0.468,-0.381,-0.468,-0.375,
0.079,0.114,0.097,0.088,0.087,0.087,0.087,0.086,0.086,0.087,0.086,0.087,0.086,0.087,0.086,0.086,0.086,0.087,0.087,0.086,0.087,0.086,0.087,0.087,0.086,0.087,0.087,0.087,0.087,0.087,0.087,0.087,0.087,0.087,0.087,0.086,0.086,0.086,0.086,0.086,0.086,0.086,0.086,0.086,0.086,0.086,0.086,0.086,0.086,0.086,0.086,0.086,0.086,0.086,0.086,0.086,0.086,0.086,0.086,0.086,0.086,0.086,0.086,0.086,0.086,0.086,0.086,0.086,0.086,0.086,0.086,0.086,0.086,0.086,0.086,0.086,0.086,0.086,0.086,0.086,0.086,0.086,0.086,0.086,0.086,0.086,0.086,0.086,0.086,0.086,0.086,0.086,0.086,0.086,0.086,0.086,0.086,0.086,0.086,0.086,
0.121,0.193,0.203,0.197,0.187,0.17,0.163,0.163,0.163,0.162,0.159,0.157,0.155,0.154,0.153,0.153,0.152,0.152,0.152,0.153,0.152,0.153,0.152,0.152,0.152,0.153,0.152,0.153,0.152,0.152,0.153,0.152,0.153,0.152,0.153,0.152,0.152,0.152,0.152,0.152,0.152,0.153,0.152,0.153,0.152,0.152,0.152,0.152,0.152,0.153,0.152,0.153,0.152,0.153,0.152,0.153,0.152,0.152,0.152,0.152,0.152,0.152,0.152,0.152,0.152,0.152,0.153,0.152,0.153,0.152,0.153,0.152,0.152,0.152,0.153,0.152,0.153,0.152,0.152,0.152,0.152,0.153,0.152,0.153,0.152,0.153,0.152,0.152,0.152,0.153,0.152,0.153,0.152,0.153,0.152,0.153,0.152,0.152,0.152,0.153,
0.0,0.002,0.002,0.001,0.0,0.0,0.002,0.002,-0.002,0.001,0.001,0.002,-0.003,0.001,0.001,-0.003,-0.001,0.002,0.0,0.001,0.0,0.0,0.0,0.001,-0.001,0.0,0.001,0.001,-0.002,-0.001,0.002,0.0,-0.002,0.001,0.0,-0.001,0.002,0.0,0.0,-0.002,0.0,0.002,0.001,-0.003,0.003,-0.001,0.003,0.0,0.0,0.001,0.0,0.0,-0.002,0.001,-0.001,0.001,0.001,-0.001,-0.001,0.002,-0.001,-0.001,-0.001,0.002,0.002,0.0,0.0,-0.002,0.003,-0.002,0.0,0.002,0.0,0.0,-0.001,0.001,0.0,0.0,0.002,0.0,0.002,0.0,-0.001,0.003,0.001,0.005,-0.003,0.001,0.001,0.002,0.001,0.002,-0.001,0.003,-0.001,0.003,0.0,0.0,-0.001,0.0,
0.05,0.085,0.092,0.105,0.111,0.111,0.111,0.111,0.111,0.111,0.111,0.111,0.111,0.111,0.111,0.111,0.111,0.111,0.11,0.111,0.111,0.111,0.111,0.111,0.111,0.111,0.111,0.111,0.111,0.112,0.111,0.111,0.111,0.111,0.111,0.112,0.111,0.111,0.111,0.111,0.111,0.111,0.111,0.111,0.111,0.111,0.111,0.111,0.111,0.111,0.111,0.111,0.111,0.112,0.11,0.111,0.111,0.111,0.111,0.111,0.111,0.111,0.111,0.111,0.111,0.111,0.111,0.111,0.111,0.111,0.111,0.111,0.11,0.111,0.111,0.111,0.111,0.111,0.111,0.111,0.111,0.111,0.111,0.112,0.111,0.111,0.111,0.111,0.111,0.112,0.111,0.111,0.111,0.111,0.111,0.111,0.111,0.111,0.111,0.11,
0.135,0.086,0.12,0.101,0.111,0.101,0.101,0.098,0.097,0.103,0.097,0.098,0.105,0.097,0.099,0.108,0.102,0.103,0.096,0.099,0.104,0.098,0.098,0.107,0.098,0.097,0.11,0.101,0.103,0.097,0.098,0.103,0.098,0.098,0.104,0.098,0.097,0.106,0.096,0.1,0.107,0.097,0.098,0.109,0.101,0.102,0.096,0.1,0.103,0.097,0.098,0.104,0.097,0.099,0.108,0.097,0.098,0.11,0.1,0.103,0.097,0.098,0.104,0.097,0.098,0.106,0.098,0.098,0.108,0.098,0.096,0.111,0.102,0.102,0.097,0.098,0.104,0.097,0.097,0.106,0.097,0.1,0.109,0.097,0.098,0.111,0.101,0.102,0.098,0.097,0.106,0.097,0.098,0.108,0.098,0.097,0.11,0.1,0.103,0.095,
0.031,0.067,0.075,0.069,0.064,0.057,0.051,0.045,0.038,0.032,0.034,0.031,0.031,0.032,0.032,0.031,0.032,0.032,0.031,0.031,0.032,0.031,0.032,0.031,0.032,0.031,0.031,0.032,0.032,0.031,0.034,0.031,0.032,0.032,0.031,0.032,0.031,0.032,0.031,0.032,0.032,0.031,0.032,0.032,0.031,0.032,0.031,0.032,0.032,0.032,0.031,0.031,0.032,0.032,0.032,0.034,0.031,0.032,0.031,0.031,0.032,0.031,0.032,0.031,0.032,0.032,0.031,0.032,0.031,0.032,0.031,0.032,0.032,0.031,0.032,0.031,0.032,0.032,0.032,0.032,0.032,0.032,0.034,0.031,0.031,0.031,0.031,0.032,0.031,0.032,0.031,0.031,0.032,0.034,0.031,0.031,0.031,0.034,0.031,0.032,
0.063,0.137,0.182,0.183,0.185,0.186,0.19,0.189,0.19,0.191,0.191,0.191,0.191,0.191,0.192,0.193,0.193,0.151,0.129,0.106,0.1,0.099,0.1,0.1,0.099,0.1,0.1,0.099,0.1,0.099,0.101,0.1,0.099,0.101,0.099,0.101,0.1,0.1,0.1,0.099,0.101,0.1,0.099,0.099,0.1,0.1,0.099,0.1,0.1,0.101,0.099,0.1,0.1,0.1,0.1,0.1,0.099,0.1,0.099,0.099,0.1,0.1,0.1,0.099,0.101,0.099,0.1,0.101,0.099,0.1,0.1,0.099,0.1,0.1,0.099,0.1,0.1,0.1,0.099,0.1,0.101,0.099,0.1,0.099,0.1,0.1,0.099,0.101,0.099,0.101,0.099,0.1,0.1,0.1,0.099,0.1,0.1,0.099,0.1,0.1,
0.029,0.047,0.073,0.042,0.032,0.03,0.031,0.029,0.03,0.03,0.03,0.03,0.031,0.03,0.03,0.031,0.03,0.03,0.03,0.03,0.029,0.03,0.03,0.03,0.03,0.03,0.03,0.029,0.031,0.031,0.029,0.029,0.029,0.031,0.029,0.03,0.032,0.03,0.029,0.031,0.029,0.031,0.03,0.031,0.03,0.03,0.029,0.032,0.03,0.03,0.03,0.031,0.029,0.03,0.031,0.032,0.03,0.032,0.03,0.031,0.03,0.031,0.031,0.031,0.03,0.029,0.031,0.029,0.03,0.03,0.029,0.029,0.03,0.03,0.03,0.032,0.029,0.031,0.029,0.03,0.03,0.032,0.029,0.031,0.03,0.029,0.032,0.028,0.031,0.03,0.028,0.032,0.03,0.03,0.029,0.031,0.028,0.031,0.03,0.029,
0.045,0.085,0.091,0.089,0.088,0.09,0.09,0.09,0.09,0.09,0.09,0.09,0.09,0.09,0.09,0.09,0.09,0.09,0.09,0.09,0.09,0.09,0.09,0.09,0.088,0.09,0.09,0.09,0.09,0.09,0.09,0.09,0.09,0.09,0.09,0.09,0.09,0.09,0.09,0.09,0.09,0.09,0.09,0.09,0.09,0.09,0.09,0.09,0.09,0.09,0.09,0.09,0.09,0.09,0.09,0.09,0.09,0.09,0.09,0.09,0.09,0.09,0.09,0.09,0.09,0.09,0.09,0.09,0.09,0.09,0.09,0.09,0.09,0.09,0.09,0.09,0.09,0.09,0.09,0.09,0.09,0.09,0.09,0.09,0.09,0.09,0.09,0.09,0.09,0.09,0.09,0.09,0.09,0.09,0.09,0.09,0.09,0.09,0.09,0.087,
0.121,0.216,0.204,0.198,0.192,0.185,0.178,0.176,0.176,0.176,0.175,0.177,0.176,0.177,0.175,0.176,0.177,0.176,0.176,0.175,0.176,0.176,0.176,0.176,0.177,0.176,0.175,0.176,0.176,0.175,0.177,0.175,0.176,0.177,0.177,0.176,0.176,0.177,0.175,0.177,0.175,0.177,0.175,0.176,0.177,0.177,0.176,0.176,0.177,0.175,0.177,0.175,0.177,0.175,0.176,0.177,0.177,0.176,0.176,0.177,0.175,0.177,0.175,0.177,0.175,0.176,0.177,0.177,0.176,0.176,0.177,0.175,0.177,0.175,0.177,0.175,0.176,0.177,0.177,0.176,0.176,0.177,0.175,0.177,0.175,0.177,0.175,0.176,0.177,0.177,0.176,0.176,0.177,0.175,0.177,0.175,0.177,0.175,0.176,0.175,
0.142,0.337,0.343,0.342,0.343,0.346,0.348,0.347,0.347,0.347,0.348,0.347,0.348,0.347,0.347,0.347,0.347,0.347,0.347,0.347,0.347,0.347,0.347,0.347,0.347,0.347,0.347,0.347,0.347,0.347,0.347,0.348,0.347,0.347,0.347,0.347,0.347,0.347,0.347,0.347,0.347,0.347,0.347,0.347,0.348,0.347,0.347,0.347,0.347,0.347,0.347,0.347,0.347,0.347,0.348,0.347,0.347,0.348,0.347,0.347,0.348,0.347,0.347,0.347,0.347,0.347,0.347,0.347,0.347,0.347,0.347,0.347,0.347,0.347,0.347,0.347,0.348,0.347,0.347,0.347,0.347,0.347,0.347,0.347,0.348,0.347,0.347,0.347,0.348,0.347,0.347,0.347,0.347,0.347,0.347,0.347,0.347,0.348,0.347,0.335,
0.2,0.186,0.173,0.153,0.145,0.136,0.128,0.128,0.124,0.124,0.122,0.121,0.12,0.119,0.12,0.12,0.12,0.12,0.12,0.12,0.121,0.119,0.121,0.12,0.12,0.12,0.12,0.12,0.12,0.12,0.12,0.12,0.12,0.12,0.119,0.121,0.12,0.12,0.12,0.12,0.12,0.12,0.12,0.12,0.12,0.121,0.12,0.12,0.12,0.12,0.12,0.12,0.12,0.121,0.12,0.12,0.12,0.12,0.119,0.121,0.119,0.121,0.119,0.121,0.12,0.12,0.119,0.12,0.12,0.12,0.12,0.121,0.12,0.12,0.12,0.12,0.12,0.12,0.12,0.12,0.12,0.121,0.12,0.12,0.119,0.121,0.119,0.121,0.12,0.12,0.121,0.12,0.12,0.12,0.12,0.12,0.12,0.121,0.12,0.119,
0.069,0.075,0.053,0.068,0.061,0.072,0.058,0.052,0.067,0.06,0.053,0.067,0.06,0.052,0.068,0.058,0.053,0.068,0.06,0.072,0.06,0.053,0.058,0.07,0.061,0.07,0.058,0.052,0.068,0.06,0.072,0.058,0.053,0.068,0.058,0.052,0.067,0.06,0.052,0.068,0.06,0.072,0.068,0.058,0.072,0.069,0.058,0.053,0.06,0.072,0.058,0.052,0.068,0.058,0.07,0.06,0.072,0.069,0.058,0.072,0.058,0.07,0.058,0.072,0.069,0.058,0.053,0.067,0.058,0.072,0.06,0.053,0.068,0.06,0.07,0.061,0.07,0.06,0.052,0.068,0.058,0.053,0.069,0.058,0.054,0.068,0.06,0.053,0.068,0.061,0.054,0.067,0.06,0.053,0.058,0.07,0.06,0.072,0.058,0.052,
-0.028,0.008,0.006,-0.019,-0.024,-0.027,-0.027,-0.029,-0.029,-0.029,-0.029,-0.029,-0.041,-0.03,-0.029,-0.029,-0.029,-0.029,-0.03,-0.029,-0.039,-0.031,-0.029,-0.03,-0.041,-0.029,-0.027,-0.029,-0.029,-0.03,-0.029,-0.029,-0.029,-0.029,-0.029,-0.029,-0.029,-0.029,-0.03,-0.029,-0.029,-0.029,-0.029,-0.029,-0.029,-0.029,-0.03,-0.041,-0.041,-0.031,-0.029,-0.029,-0.029,-0.027,-0.029,-0.03,-0.027,-0.029,-0.03,-0.027,-0.029,-0.029,-0.029,-0.029,-0.03,-0.029,-0.029,-0.029,-0.029,-0.03,-0.03,-0.029,-0.029,-0.029,-0.041,-0.03,-0.03,-0.03,-0.029,-0.029,-0.029,-0.029,-0.041,-0.041,-0.031,-0.029,-0.029,-0.029,-0.029,-0.03,-0.029,-0.029,-0.029,-0.029,-0.03,-0.029,-0.029,-0.029,-0.029,-0.029,
0.049,0.07,0.06,0.057,0.054,0.058,0.058,0.058,0.058,0.058,0.058,0.061,0.054,0.058,0.059,0.054,0.061,0.054,0.058,0.056,0.056,0.056,0.06,0.054,0.058,0.06,0.056,0.055,0.058,0.058,0.058,0.058,0.058,0.058,0.058,0.058,0.058,0.058,0.058,0.058,0.058,0.059,0.054,0.058,0.056,0.055,0.056,0.06,0.054,0.058,0.058,0.058,0.06,0.056,0.06,0.054,0.058,0.058,0.058,0.058,0.058,0.058,0.058,0.058,0.058,0.058,0.058,0.058,0.058,0.058,0.058,0.058,0.058,0.058,0.058,0.058,0.058,0.058,0.058,0.059,0.054,0.058,0.058,0.058,0.058,0.058,0.058,0.058,0.058,0.058,0.058,0.058,0.058,0.059,0.054,0.058,0.058,0.058,0.058,0.058,
0.0,0.067,0.006,0.008,0.008,0.008,0.007,0.008,0.008,0.008,0.009,0.009,0.008,0.007,0.008,0.008,0.008,0.008,0.009,0.008,0.008,0.007,0.008,0.008,0.007,0.008,0.008,0.008,0.007,0.008,0.008,0.008,0.008,0.008,0.007,0.008,0.008,0.008,0.007,0.008,0.008,0.008,0.008,0.008,0.009,0.007,0.008,0.009,0.009,0.008,0.008,0.007,0.008,0.008,0.009,0.008,0.008,0.007,0.008,0.008,0.008,0.008,0.009,0.008,0.008,0.008,0.007,0.008,0.008,0.008,0.007,0.008,0.009,0.008,0.007,0.008,0.008,0.007,0.008,0.008,0.008,0.008,0.008,0.008,0.009,0.007,0.008,0.008,0.007,0.008,0.008,0.008,0.008,0.007,0.008,0.008,0.008,0.008,0.009,0.009,
0.0,-0.104,-0.002,-0.005,-0.005,-0.009,-0.031,-0.008,-0.002,-0.008,-0.03,0.001,-0.007,-0.029,0.001,-0.007,-0.009,-0.006,-0.031,-0.006,-0.005,-0.006,-0.009,-0.009,-0.009,-0.002,-0.01,-0.007,-0.003,0.001,-0.005,-0.009,-0.006,-0.008,0.001,-0.008,-0.007,0.001,-0.031,-0.008,-0.002,-0.008,-0.005,-0.01,-0.008,-0.005,-0.002,-0.002,-0.006,-0.031,-0.003,-0.006,-0.033,-0.006,-0.003,-0.001,-0.008,-0.006,-0.009,-0.009,-0.005,0.007,-0.006,-0.031,-0.008,-0.007,-0.005,-0.005,-0.009,-0.006,-0.033,-0.006,0.0,-0.005,-0.006,-0.009,-0.005,-0.006,-0.01,-0.005,-0.009,-0.007,0.0,-0.005,-0.009,-0.009,0.001,-0.005,-0.002,-0.008,-0.003,-0.008,-0.006,-0.003,-0.01,-0.002,-0.001,-0.03,-0.005,-0.008,
0.01,0.016,0.028,0.021,0.013,0.01,0.008,0.008,0.008,0.008,0.008,0.008,0.008,0.008,0.008,0.008,0.008,0.008,0.008,0.008,0.008,0.008,0.008,0.008,0.008,0.008,0.008,0.008,0.008,0.008,0.008,0.008,0.008,0.008,0.008,0.008,0.008,0.008,0.008,0.008,0.008,0.008,0.008,0.008,0.008,0.008,0.008,0.008,0.008,0.008,0.008,0.008,0.008,0.008,0.008,0.008,0.008,0.008,0.008,0.008,0.008,0.008,0.008,0.008,0.008,0.008,0.008,0.008,0.008,0.008,0.008,0.008,0.008,0.008,0.008,0.008,0.008,0.008,0.008,0.008,0.008,0.008,0.008,0.008,0.008,0.008,0.008,0.008,0.008,0.008,0.008,0.008,0.008,0.008,0.008,0.008,0.008,0.008,0.008,0.008,
-0.007,0.011,0.018,0.033,0.033,0.034,0.033,0.033,0.032,0.034,0.033,0.032,0.034,0.033,0.033,0.032,0.035,0.03,0.034,0.033,0.034,0.032,0.034,0.033,0.033,0.032,0.035,0.03,0.034,0.033,0.033,0.033,0.033,0.033,0.033,0.033,0.033,0.033,0.034,0.033,0.032,0.033,0.033,0.033,0.033,0.033,0.033,0.033,0.033,0.033,0.033,0.033,0.033,0.033,0.033,0.033,0.033,0.033,0.033,0.033,0.033,0.033,0.033,0.033,0.033,0.033,0.033,0.033,0.033,0.033,0.033,0.033,0.033,0.033,0.033,0.033,0.033,0.033,0.033,0.033,0.033,0.033,0.033,0.033,0.033,0.033,0.033,0.033,0.033,0.033,0.033,0.033,0.033,0.033,0.033,0.033,0.033,0.033,0.033,0.033,
0.053,0.11,0.07,0.073,0.073,0.074,0.073,0.072,0.073,0.072,0.074,0.073,0.072,0.074,0.072,0.073,0.073,0.072,0.072,0.074,0.072,0.074,0.073,0.072,0.074,0.073,0.072,0.074,0.073,0.072,0.074,0.073,0.072,0.074,0.073,0.072,0.074,0.073,0.072,0.074,0.073,0.072,0.074,0.073,0.072,0.074,0.073,0.072,0.074,0.073,0.072,0.074,0.073,0.072,0.074,0.073,0.072,0.074,0.073,0.072,0.074,0.073,0.072,0.074,0.073,0.072,0.074,0.073,0.072,0.074,0.073,0.072,0.074,0.073,0.072,0.074,0.073,0.072,0.074,0.073,0.072,0.074,0.073,0.072,0.074,0.073,0.072,0.074,0.073,0.072,0.074,0.073,0.072,0.074,0.073,0.072,0.074,0.073,0.072,0.073,
0.12,0.149,0.145,0.151,0.155,0.152,0.154,0.154,0.153,0.153,0.153,0.153,0.153,0.153,0.153,0.153,0.153,0.153,0.153,0.153,0.153,0.153,0.153,0.153,0.153,0.153,0.153,0.153,0.153,0.153,0.153,0.153,0.153,0.153,0.153,0.153,0.153,0.153,0.153,0.153,0.153,0.153,0.153,0.153,0.153,0.153,0.153,0.153,0.153,0.153,0.153,0.153,0.153,0.153,0.153,0.153,0.153,0.153,0.153,0.153,0.153,0.153,0.153,0.153,0.153,0.153,0.153,0.153,0.153,0.153,0.153,0.153,0.153,0.153,0.153,0.153,0.153,0.153,0.153,0.153,0.153,0.153,0.153,0.153,0.153,0.153,0.153,0.153,0.153,0.153,0.153,0.153,0.153,0.153,0.153,0.153,0.153,0.153,0.153,0.124,
0.054,0.014,0.041,0.032,0.026,0.049,0.02,0.022,0.046,0.039,0.032,0.021,0.044,0.038,0.031,0.021,0.046,0.038,0.031,0.021,0.046,0.038,0.031,0.021,0.046,0.038,0.031,0.021,0.046,0.038,0.031,0.021,0.046,0.038,0.031,0.021,0.046,0.038,0.031,0.021,0.046,0.038,0.031,0.021,0.046,0.038,0.031,0.021,0.046,0.038,0.031,0.021,0.046,0.038,0.031,0.021,0.046,0.038,0.031,0.021,0.046,0.038,0.031,0.021,0.046,0.038,0.031,0.021,0.046,0.038,0.031,0.021,0.046,0.038,0.031,0.021,0.046,0.038,0.031,0.021,0.046,0.038,0.031,0.021,0.046,0.038,0.031,0.021,0.046,0.038,0.031,0.021,0.046,0.038,0.031,0.021,0.046,0.038,0.031,0.021,
0.034,0.027,0.061,0.061,0.06,0.059,0.058,0.059,0.058,0.059,0.059,0.058,0.059,0.059,0.06,0.059,0.059,0.058,0.06,0.059,0.058,0.06,0.059,0.059,0.06,0.058,0.06,0.059,0.058,0.059,0.059,0.059,0.058,0.059,0.058,0.059,0.059,0.059,0.059,0.058,0.058,0.059,0.059,0.059,0.058,0.06,0.059,0.059,0.059,0.058,0.06,0.059,0.059,0.059,0.059,0.058,0.058,0.06,0.058,0.058,0.059,0.059,0.058,0.059,0.059,0.06,0.059,0.058,0.06,0.059,0.059,0.059,0.059,0.059,0.059,0.059,0.058,0.059,0.058,0.059,0.059,0.059,0.059,0.058,0.059,0.06,0.059,0.06,0.059,0.058,0.06,0.059,0.059,0.058,0.059,0.059,0.058,0.058,0.06,0.058,
0.011,0.022,-0.038,-0.041,-0.039,-0.041,-0.039,-0.039,-0.039,-0.039,-0.038,-0.041,-0.039,-0.039,-0.039,-0.041,-0.041,-0.039,-0.041,-0.039,-0.039,-0.038,-0.041,-0.039,-0.041,-0.039,-0.039,-0.039,-0.039,-0.041,-0.038,-0.041,-0.038,-0.041,-0.039,-0.042,-0.039,-0.038,-0.041,-0.038,-0.041,-0.041,-0.039,-0.039,-0.039,-0.039,-0.038,-0.041,-0.039,-0.039,-0.041,-0.038,-0.039,-0.039,-0.039,-0.041,-0.039,-0.038,-0.041,-0.039,-0.039,-0.039,-0.041,-0.039,-0.038,-0.041,-0.039,-0.041,-0.038,-0.041,-0.038,-0.041,-0.038,-0.039,-0.041,-0.038,-0.039,-0.039,-0.041,-0.039,-0.039,-0.039,-0.039,-0.039,-0.039,-0.039,-0.041,-0.039,-0.039,-0.039,-0.041,-0.038,-0.039,-0.039,-0.039,-0.041,-0.039,-0.037,-0.041,-0.039,
0.035,0.049,0.042,0.028,0.032,0.04,0.032,0.032,0.043,0.032,0.034,0.035,0.031,0.004,-0.279,0.01,0.036,-0.008,-0.274,0.013,0.032,0.036,0.01,-0.305,0.019,0.035,-0.015,-0.272,0.017,0.034,0.031,0.003,-0.282,0.015,0.039,-0.018,-0.269,0.01,0.039,0.004,0.003,-0.282,0.021,0.035,-0.019,-0.264,0.017,0.032,0.029,0.004,-0.284,-0.016,0.042,-0.018,-0.27,0.022,0.003,0.039,0.003,-0.285,0.018,0.042,-0.021,-0.271,0.022,0.004,0.044,-0.004,-0.279,0.015,0.032,-0.017,-0.265,0.013,0.038,0.035,-0.029,-0.279,0.013,0.042,-0.018,-0.274,0.026,0.031,0.032,0.001,-0.276,0.014,0.031,-0.015,-0.27,0.018,0.031,0.036,0.004,-0.28,0.019,0.004,-0.015,-0.26,
0.122,0.143,0.122,0.137,0.135,0.136,0.135,0.136,0.136,0.136,0.135,0.137,0.136,0.136,0.136,0.135,0.136,0.136,0.135,0.137,0.136,0.135,0.136,0.136,0.136,0.136,0.135,0.136,0.135,0.136,0.136,0.135,0.137,0.136,0.136,0.136,0.136,0.136,0.136,0.136,0.136,0.136,0.135,0.137,0.136,0.136,0.136,0.136,0.135,0.136,0.136,0.136,0.136,0.136,0.136,0.136,0.136,0.136,0.136,0.136,0.135,0.136,0.136,0.135,0.136,0.136,0.135,0.136,0.136,0.136,0.136,0.135,0.137,0.136,0.136,0.136,0.136,0.135,0.136,0.136,0.136,0.136,0.136,0.135,0.137,0.135,0.136,0.136,0.136,0.136,0.135,0.136,0.136,0.136,0.136,0.136,0.135,0.136,0.136,0.135,
0.058,0.075,0.09,0.076,0.064,0.067,0.076,0.068,0.075,0.067,0.067,0.075,0.066,0.064,0.067,0.075,0.067,0.078,0.068,0.077,0.064,0.067,0.073,0.066,0.067,0.076,0.067,0.078,0.066,0.067,0.075,0.067,0.066,0.067,0.076,0.066,0.076,0.066,0.064,0.057,0.067,0.064,0.055,0.056,0.066,0.066,0.076,0.066,0.077,0.066,0.077,0.064,0.067,0.077,0.064,0.055,0.067,0.075,0.064,0.055,0.055,0.067,0.076,0.068,0.077,0.064,0.057,0.067,0.077,0.067,0.077,0.067,0.077,0.067,0.078,0.064,0.056,0.067,0.076,0.064,0.057,0.067,0.075,0.066,0.066,0.076,0.066,0.066,0.056,0.055,0.066,0.077,0.066,0.067,0.073,0.077,0.068,0.075,0.067,0.066,
0.125,0.231,0.229,0.23,0.231,0.231,0.231,0.231,0.231,0.231,0.231,0.231,0.231,0.231,0.231,0.231,0.231,0.231,0.231,0.231,0.231,0.231,0.231,0.231,0.231,0.231,0.231,0.231,0.231,0.231,0.231,0.231,0.231,0.231,0.231,0.231,0.231,0.231,0.231,0.231,0.231,0.231,0.231,0.231,0.231,0.231,0.231,0.231,0.231,0.231,0.231,0.231,0.231,0.231,0.231,0.231,0.231,0.231,0.231,0.231,0.231,0.231,0.231,0.231,0.231,0.231,0.231,0.231,0.231,0.231,0.231,0.231,0.231,0.231,0.231,0.231,0.231,0.231,0.231,0.231,0.231,0.231,0.231,0.231,0.231,0.231,0.231,0.231,0.231,0.231,0.231,0.231,0.231,0.231,0.231,0.231,0.231,0.231,0.231,0.207,
0.008,0.076,0.058,0.017,0.037,0.037,0.039,0.038,0.037,0.038,0.038,0.04,0.038,0.038,0.038,0.038,0.038,0.038,0.038,0.038,0.038,0.038,0.038,0.038,0.038,0.038,0.038,0.038,0.038,0.038,0.038,0.038,0.039,0.038,0.039,0.037,0.038,0.038,0.038,0.038,0.038,0.038,0.038,0.039,0.038,0.039,0.043,0.039,0.039,0.037,0.041,0.038,0.038,0.038,0.037,0.041,0.038,0.039,0.037,0.041,0.038,0.039,0.038,0.037,0.039,0.038,0.038,0.038,0.038,0.038,0.038,0.038,0.038,0.038,0.037,0.041,0.044,0.041,0.044,0.041,0.044,0.041,0.044,0.041,0.044,0.041,0.044,0.041,0.044,0.041,0.044,0.041,0.044,0.041,0.044,0.041,0.044,0.041,0.041,0.038,
0.073,0.112,0.078,0.081,0.081,0.079,0.081,0.081,0.079,0.082,0.08,0.079,0.082,0.081,0.079,0.08,0.08,0.079,0.082,0.08,0.079,0.081,0.081,0.079,0.081,0.081,0.08,0.081,0.081,0.079,0.08,0.081,0.079,0.082,0.08,0.08,0.081,0.08,0.079,0.082,0.081,0.079,0.081,0.079,0.079,0.081,0.08,0.079,0.081,0.08,0.079,0.081,0.08,0.08,0.081,0.081,0.079,0.08,0.08,0.079,0.081,0.08,0.08,0.081,0.081,0.079,0.081,0.079,0.08,0.08,0.081,0.079,0.081,0.081,0.079,0.082,0.08,0.079,0.081,0.08,0.08,0.08,0.081,0.079,0.082,0.08,0.08,0.082,0.08,0.079,0.081,0.079,0.08,0.081,0.08,0.079,0.082,0.08,0.079,0.08,
-0.034,-0.036,-0.04,-0.036,-0.039,-0.037,-0.039,-0.038,-0.039,-0.038,-0.038,-0.038,-0.037,-0.038,-0.038,-0.039,-0.037,-0.039,-0.038,-0.037,-0.038,-0.039,-0.038,-0.036,-0.038,-0.039,-0.038,-0.038,-0.038,-0.038,-0.039,-0.038,-0.038,-0.037,-0.039,-0.037,-0.039,-0.037,-0.039,-0.037,-0.039,-0.037,-0.039,-0.037,-0.039,-0.037,-0.039,-0.037,-0.039,-0.037,-0.039,-0.037,-0.039,-0.037,-0.039,-0.037,-0.039,-0.037,-0.039,-0.037,-0.039,-0.037,-0.039,-0.037,-0.039,-0.037,-0.039,-0.037,-0.039,-0.037,-0.039,-0.037,-0.039,-0.037,-0.039,-0.037,-0.039,-0.037,-0.039,-0.037,-0.039,-0.037,-0.039,-0.037,-0.039,-0.037,-0.039,-0.037,-0.039,-0.037,-0.039,-0.037,-0.039,-0.037,-0.039,-0.037,-0.039,-0.037,-0.039,-0.038,
0.097,0.099,0.098,0.079,0.077,0.077,0.08,0.078,0.077,0.08,0.078,0.077,0.078,0.078,0.08,0.076,0.078,0.078,0.08,0.077,0.08,0.077,0.078,0.078,0.078,0.079,0.077,0.079,0.079,0.077,0.079,0.078,0.079,0.078,0.078,0.078,0.078,0.078,0.078,0.078,0.078,0.078,0.078,0.078,0.078,0.078,0.078,0.078,0.078,0.078,0.078,0.078,0.078,0.078,0.078,0.078,0.078,0.078,0.078,0.078,0.078,0.078,0.078,0.078,0.078,0.078,0.078,0.078,0.078,0.078,0.078,0.078,0.078,0.078,0.078,0.078,0.078,0.078,0.078,0.078,0.078,0.078,0.078,0.078,0.078,0.078,0.078,0.078,0.078,0.078,0.078,0.078,0.078,0.078,0.078,0.078,0.078,0.078,0.078,0.075,
0.175,0.175,0.221,0.188,0.225,0.188,0.226,0.188,0.224,0.188,0.225,0.188,0.224,0.187,0.225,0.188,0.225,0.188,0.225,0.188,0.226,0.188,0.225,0.188,0.225,0.188,0.226,0.188,0.225,0.187,0.225,0.188,0.224,0.188,0.226,0.188,0.225,0.188,0.226,0.188,0.226,0.188,0.224,0.188,0.226,0.188,0.224,0.188,0.225,0.188,0.226,0.188,0.225,0.188,0.226,0.188,0.224,0.188,0.225,0.188,0.224,0.187,0.225,0.188,0.225,0.188,0.225,0.188,0.226,0.188,0.224,0.188,0.226,0.188,0.225,0.188,0.226,0.188,0.226,0.188,0.224,0.188,0.224,0.188,0.225,0.188,0.225,0.188,0.226,0.188,0.225,0.188,0.224,0.188,0.225,0.188,0.226,0.188,0.225,0.186,
0.049,-0.066,0.167,-0.04,0.169,-0.038,0.169,-0.037,0.17,-0.037,0.17,-0.036,0.17,-0.037,0.169,-0.037,0.17,-0.037,0.17,-0.037,0.17,-0.037,0.17,-0.037,0.169,-0.036,0.17,-0.037,0.17,-0.037,0.17,-0.037,0.169,-0.037,0.17,-0.037,0.17,-0.038,0.17,-0.037,0.17,-0.038,0.17,-0.037,0.17,-0.037,0.169,-0.038,0.169,-0.037,0.17,-0.037,0.17,-0.037,0.17,-0.036,0.17,-0.038,0.169,-0.038,0.17,-0.037,0.17,-0.037,0.17,-0.038,0.169,-0.037,0.17,-0.037,0.17,-0.037,0.169,-0.037,0.17,-0.038,0.169,-0.038,0.17,-0.037,0.17,-0.037,0.17,-0.037,0.17,-0.036,0.17,-0.037,0.17,-0.037,0.17,-0.037,0.17,-0.037,0.17,-0.037,0.17,-0.037,0.17,-0.043,
0.027,0.06,0.054,0.051,0.047,0.043,0.039,0.036,0.032,0.034,0.032,0.032,0.033,0.031,0.032,0.034,0.032,0.032,0.034,0.031,0.033,0.032,0.033,0.032,0.031,0.033,0.033,0.031,0.033,0.032,0.031,0.032,0.034,0.031,0.033,0.032,0.032,0.033,0.032,0.032,0.032,0.032,0.034,0.031,0.032,0.032,0.032,0.032,0.032,0.032,0.032,0.032,0.032,0.032,0.032,0.032,0.032,0.032,0.032,0.032,0.032,0.032,0.032,0.032,0.032,0.032,0.032,0.032,0.032,0.032,0.032,0.032,0.032,0.032,0.032,0.032,0.032,0.032,0.032,0.032,0.032,0.032,0.032,0.032,0.032,0.032,0.032,0.032,0.032,0.032,0.032,0.032,0.032,0.032,0.032,0.032,0.032,0.032,0.032,0.032,
0.005,0.005,0.005,0.006,0.006,0.005,0.006,0.006,0.006,0.006,0.006,0.006,0.006,0.006,0.006,0.006,0.006,0.006,0.006,0.006,0.006,0.006,0.006,0.006,0.006,0.006,0.006,0.006,0.006,0.006,0.006,0.006,0.006,0.006,0.006,0.006,0.006,0.006,0.006,0.006,0.006,0.006,0.006,0.006,0.006,0.006,0.006,0.006,0.006,0.006,0.006,0.006,0.006,0.006,0.006,0.006,0.006,0.006,0.006,0.006,0.006,0.006,0.006,0.006,0.006,0.006,0.006,0.006,0.006,0.006,0.006,0.006,0.006,0.006,0.006,0.006,0.006,0.006,0.006,0.006,0.006,0.006,0.006,0.006,0.006,0.006,0.006,0.006,0.006,0.006,0.006,0.006,0.006,0.006,0.006,0.006,0.006,0.006,0.006,0.006,
0.0,-0.055,-0.059,-0.058,-0.059,-0.06,-0.062,-0.065,-0.064,-0.064,-0.065,-0.063,-0.066,-0.064,-0.065,-0.065,-0.063,-0.063,-0.066,-0.065,-0.063,-0.065,-0.064,-0.064,-0.063,-0.064,-0.066,-0.064,-0.064,-0.066,-0.064,-0.063,-0.066,-0.064,-0.063,-0.065,-0.064,-0.066,-0.064,-0.063,-0.065,-0.065,-0.063,-0.064,-0.065,-0.063,-0.064,-0.064,-0.066,-0.064,-0.062,-0.066,-0.064,-0.063,-0.064,-0.065,-0.064,-0.064,-0.065,-0.063,-0.066,-0.064,-0.065,-0.065,-0.063,-0.063,-0.066,-0.065,-0.063,-0.065,-0.064,-0.064,-0.063,-0.064,-0.066,-0.064,-0.064,-0.066,-0.064,-0.063,-0.066,-0.064,-0.063,-0.065,-0.064,-0.066,-0.064,-0.063,-0.065,-0.065,-0.063,-0.064,-0.065,-0.063,-0.064,-0.064,-0.066,-0.064,-0.062,-0.152,
0.039,0.098,0.1,0.113,0.127,0.139,0.147,0.147,0.147,0.147,0.147,0.147,0.148,0.147,0.148,0.147,0.147,0.147,0.147,0.147,0.147,0.147,0.148,0.147,0.147,0.147,0.147,0.148,0.147,0.147,0.147,0.148,0.147,0.148,0.147,0.147,0.147,0.147,0.147,0.147,0.147,0.147,0.147,0.148,0.147,0.147,0.147,0.147,0.147,0.147,0.147,0.147,0.148,0.147,0.148,0.147,0.147,0.147,0.147,0.147,0.147,0.147,0.147,0.147,0.147,0.147,0.147,0.147,0.147,0.148,0.147,0.147,0.147,0.147,0.147,0.148,0.147,0.147,0.147,0.147,0.147,0.147,0.147,0.147,0.147,0.147,0.147,0.147,0.147,0.147,0.148,0.147,0.148,0.147,0.148,0.148,0.147,0.147,0.147,0.132,
0.0,0.0,0.003,-0.002,-0.002,0.005,-0.002,0.002,-0.002,0.005,-0.002,-0.002,0.005,-0.002,0.002,-0.002,0.002,-0.002,0.002,-0.005,0.005,-0.002,0.005,0.0,0.0,0.0,0.0,0.0,0.0,0.0,0.0,0.0,0.0,0.0,0.0,0.0,0.0,0.0,0.0,0.0,0.0,0.0,0.0,0.0,0.0,0.0,0.0,0.0,0.0,0.0,0.0,0.0,0.0,0.0,0.0,0.0,0.0,0.0,0.0,0.0,0.0,0.0,0.0,0.0,0.0,0.0,0.0,0.0,0.0,0.0,0.0,0.0,0.0,0.0,0.0,0.0,0.0,0.0,0.0,0.0,0.0,0.0,0.0,0.0,0.0,0.0,0.0,0.0,0.0,0.0,0.0,0.0,0.0,0.0,0.0,0.0,0.0,0.0,0.0,0.0,
0.019,0.009,-0.033,-0.032,-0.032,-0.033,-0.03,-0.031,-0.032,-0.032,-0.031,-0.032,-0.03,-0.032,-0.036,-0.03,-0.033,-0.032,-0.032,-0.031,-0.031,-0.033,-0.032,-0.03,-0.033,-0.032,-0.029,-0.032,-0.032,-0.032,-0.032,-0.032,-0.033,-0.03,-0.032,-0.032,-0.033,-0.03,-0.032,-0.032,-0.032,-0.032,-0.036,-0.03,-0.03,-0.032,-0.032,-0.036,-0.032,-0.032,-0.029,-0.032,-0.036,-0.032,-0.032,-0.032,-0.031,-0.031,-0.033,-0.03,-0.03,-0.032,-0.033,-0.033,-0.03,-0.031,-0.03,-0.032,-0.036,-0.03,-0.031,-0.03,-0.032,-0.032,-0.032,-0.032,-0.032,-0.032,-0.032,-0.032,-0.032,-0.032,-0.032,-0.032,-0.033,-0.032,-0.033,-0.029,-0.032,-0.032,-0.033,-0.032,-0.03,-0.032,-0.033,-0.032,-0.031,-0.032,-0.031,-0.032,
0.017,-0.001,-0.015,0.016,0.04,0.004,0.021,0.038,-0.007,0.029,-0.013,0.028,-0.013,0.028,-0.013,0.028,0.027,0.001,0.018,-0.004,0.018,-0.004,0.018,-0.004,0.018,-0.004,0.018,-0.002,0.018,-0.004,0.018,-0.004,0.017,-0.005,0.017,-0.005,0.017,-0.004,0.018,-0.004,0.018,-0.005,0.018,0.038,0.034,0.006,0.02,-0.004,0.017,0.037,-0.008,0.028,-0.013,0.027,0.027,0.002,0.02,-0.004,0.018,-0.004,0.017,-0.004,0.018,-0.004,0.017,-0.004,0.018,-0.005,0.017,-0.005,0.018,-0.005,0.018,-0.005,0.018,0.037,-0.008,0.028,-0.013,0.028,-0.014,0.028,0.027,0.042,-0.004,0.03,0.029,0.002,0.02,0.038,-0.007,0.029,-0.012,0.028,-0.012,0.028,0.026,0.001,0.018,-0.004,
0.127,0.174,0.167,0.159,0.156,0.158,0.157,0.156,0.155,0.157,0.156,0.156,0.157,0.156,0.156,0.156,0.155,0.157,0.156,0.156,0.156,0.156,0.156,0.156,0.156,0.155,0.157,0.157,0.156,0.156,0.155,0.156,0.156,0.155,0.157,0.156,0.156,0.156,0.156,0.156,0.156,0.156,0.156,0.155,0.156,0.156,0.156,0.156,0.157,0.157,0.156,0.155,0.156,0.156,0.157,0.157,0.156,0.156,0.156,0.155,0.156,0.156,0.155,0.157,0.156,0.156,0.156,0.156,0.156,0.156,0.156,0.156,0.155,0.156,0.156,0.156,0.156,0.157,0.157,0.156,0.155,0.156,0.156,0.157,0.157,0.156,0.156,0.156,0.155,0.156,0.156,0.155,0.157,0.156,0.156,0.156,0.156,0.156,0.156,0.154,
-0.075,-0.012,-0.008,-0.009,-0.009,-0.009,-0.009,-0.009,-0.009,-0.01,-0.008,-0.01,-0.01,-0.01,-0.01,-0.01,-0.008,-0.009,-0.009,-0.01,-0.009,-0.009,-0.009,-0.01,-0.009,-0.009,-0.009,-0.01,-0.009,-0.009,-0.01,-0.009,-0.009,-0.009,-0.01,-0.008,-0.01,-0.009,-0.009,-0.009,-0.009,-0.01,-0.009,-0.009,-0.009,-0.009,-0.01,-0.009,-0.009,-0.009,-0.009,-0.009,-0.009,-0.009,-0.009,-0.009,-0.009,-0.009,-0.009,-0.009,-0.009,-0.009,-0.009,-0.009,-0.009,-0.009,-0.009,-0.009,-0.009,-0.009,-0.009,-0.009,-0.009,-0.009,-0.009,-0.009,-0.009,-0.009,-0.009,-0.009,-0.009,-0.009,-0.009,-0.009,-0.009,-0.009,-0.009,-0.009,-0.009,-0.009,-0.009,-0.009,-0.009,-0.009,-0.009,-0.009,-0.009,-0.009,-0.009,-0.008,
0.029,-0.002,-0.007,0.042,-0.075,0.038,-0.076,0.039,-0.076,0.04,0.0,0.041,-0.004,0.041,-0.004,0.041,-0.008,0.039,0.0,0.043,-0.039,0.039,-0.076,0.036,-0.075,0.039,-0.076,0.039,-0.026,0.046,-0.004,0.041,0.0,0.041,-0.004,0.036,-0.006,0.042,-0.075,0.036,-0.006,0.039,-0.004,0.039,-0.006,0.039,-0.035,0.042,-0.075,0.036,-0.006,0.043,0.0,0.036,-0.006,0.039,-0.035,0.042,-0.075,0.036,-0.006,0.039,-0.004,0.041,-0.008,0.039,-0.004,0.038,-0.004,0.039,-0.006,0.045,-0.072,0.036,-0.041,0.042,-0.072,0.039,-0.072,0.039,-0.073,0.038,-0.075,0.038,-0.076,0.039,-0.073,0.036,-0.077,0.036,-0.072,0.039,-0.039,0.038,-0.076,0.036,-0.076,0.039,-0.005,0.036,
0.134,0.139,0.114,0.113,0.113,0.112,0.115,0.11,0.115,0.112,0.113,0.115,0.113,0.113,0.113,0.113,0.114,0.111,0.112,0.116,0.111,0.113,0.112,0.115,0.112,0.112,0.114,0.112,0.112,0.115,0.111,0.115,0.112,0.114,0.112,0.111,0.113,0.114,0.113,0.115,0.111,0.116,0.112,0.112,0.112,0.113,0.115,0.112,0.113,0.112,0.114,0.112,0.113,0.113,0.113,0.113,0.114,0.111,0.115,0.112,0.113,0.113,0.114,0.112,0.112,0.113,0.113,0.111,0.112,0.115,0.112,0.112,0.113,0.114,0.112,0.113,0.113,0.111,0.113,0.114,0.112,0.113,0.113,0.113,0.113,0.113,0.113,0.112,0.112,0.114,0.112,0.111,0.113,0.113,0.114,0.114,0.113,0.111,0.115,0.111,
-0.073,-0.107,-0.077,-0.001,-0.048,-0.058,0.011,-0.055,-0.064,-0.066,0.002,-0.062,-0.067,-0.067,0.002,-0.062,-0.067,-0.068,0.004,-0.062,-0.067,-0.068,0.004,-0.062,-0.068,-0.068,0.002,-0.062,-0.068,-0.067,0.002,-0.059,-0.068,-0.067,0.004,-0.063,-0.067,-0.068,0.004,-0.062,-0.066,-0.068,0.004,-0.062,-0.066,-0.068,0.002,-0.059,-0.068,-0.068,0.005,-0.062,-0.068,-0.068,0.004,-0.063,-0.068,-0.066,0.002,-0.062,-0.067,-0.067,0.002,-0.061,-0.068,-0.067,0.002,-0.059,-0.068,-0.068,0.001,-0.059,-0.068,-0.066,0.002,-0.061,-0.067,-0.069,0.002,-0.062,-0.066,-0.068,0.002,-0.059,-0.068,-0.066,0.002,-0.062,-0.069,-0.067,0.002,-0.061,-0.067,-0.069,0.004,-0.062,-0.068,-0.068,0.004,-0.061,
0.064,0.094,0.064,0.064,0.065,0.062,0.063,0.064,0.062,0.063,0.065,0.062,0.063,0.064,0.065,0.064,0.065,0.063,0.065,0.062,0.064,0.063,0.064,0.063,0.066,0.064,0.062,0.063,0.062,0.063,0.064,0.062,0.063,0.065,0.063,0.064,0.063,0.065,0.063,0.063,0.066,0.06,0.066,0.062,0.062,0.065,0.062,0.062,0.065,0.063,0.063,0.064,0.065,0.063,0.063,0.063,0.064,0.064,0.063,0.063,0.063,0.063,0.065,0.066,0.062,0.064,0.064,0.062,0.062,0.064,0.064,0.064,0.062,0.065,0.064,0.062,0.065,0.063,0.063,0.066,0.06,0.06,0.064,0.064,0.064,0.066,0.062,0.063,0.063,0.063,0.065,0.064,0.063,0.065,0.063,0.064,0.06,0.065,0.063,0.065,
0.05,0.056,0.031,0.03,0.029,0.031,0.026,0.031,0.026,0.031,0.026,0.031,0.026,0.031,0.026,0.031,0.026,0.03,0.028,0.03,0.028,0.028,0.029,0.029,0.029,0.029,0.031,0.028,0.03,0.028,0.028,0.031,0.029,0.029,0.028,0.029,0.03,0.026,0.029,0.031,0.026,0.031,0.029,0.026,0.03,0.028,0.03,0.029,0.028,0.03,0.028,0.029,0.029,0.029,0.029,0.029,0.028,0.029,0.03,0.028,0.031,0.029,0.028,0.03,0.028,0.029,0.029,0.03,0.026,0.03,0.03,0.026,0.031,0.028,0.03,0.028,0.029,0.028,0.031,0.028,0.028,0.029,0.029,0.03,0.029,0.029,0.028,0.031,0.028,0.03,0.028,0.028,0.029,0.029,0.03,0.028,0.028,0.031,0.026,0.029,
-0.053,-0.046,-0.046,-0.054,-0.059,-0.059,-0.058,-0.059,-0.059,-0.059,-0.059,-0.056,-0.059,-0.059,-0.058,-0.058,-0.059,-0.056,-0.059,-0.058,-0.059,-0.056,-0.059,-0.058,-0.059,-0.058,-0.056,-0.059,-0.058,-0.056,-0.059,-0.058,-0.059,-0.058,-0.059,-0.058,-0.059,-0.058,-0.058,-0.059,-0.059,-0.059,-0.059,-0.059,-0.059,-0.059,-0.059,-0.059,-0.059,-0.059,-0.058,-0.058,-0.058,-0.058,-0.059,-0.059,-0.059,-0.058,-0.058,-0.058,-0.058,-0.059,-0.059,-0.059,-0.058,-0.058,-0.058,-0.058,-0.059,-0.059,-0.059,-0.058,-0.058,-0.058,-0.058,-0.059,-0.059,-0.059,-0.058,-0.058,-0.058,-0.058,-0.059,-0.059,-0.059,-0.058,-0.058,-0.058,-0.058,-0.059,-0.059,-0.059,-0.058,-0.058,-0.058,-0.058,-0.059,-0.059,-0.059,-0.058,
0.0,0.074,0.084,0.05,0.016,-0.002,0.003,-0.003,0.0,-0.001,0.0,0.002,0.003,-0.002,0.0,-0.001,0.005,-0.005,0.002,0.003,-0.005,0.002,0.0,-0.001,0.003,-0.001,0.003,-0.003,-0.001,0.005,-0.005,0.005,-0.002,0.0,-0.001,0.002,0.003,-0.005,0.0,0.002,0.0,0.001,-0.001,0.003,-0.005,0.003,0.002,-0.003,0.002,0.002,-0.005,0.005,0.0,-0.005,0.003,-0.002,0.002,0.001,0.0,-0.002,0.002,0.003,-0.005,0.003,0.002,-0.001,-0.001,0.001,0.0,-0.001,0.003,-0.003,-0.001,0.0,0.005,-0.001,-0.001,0.001,-0.001,0.003,-0.005,0.005,-0.005,0.002,-0.001,0.002,0.0,0.002,0.001,-0.001,-0.002,0.005,-0.003,-0.001,0.005,-0.001,-0.002,0.002,-0.001,0.002,
-0.034,0.001,0.015,-0.032,0.007,-0.035,0.006,-0.036,0.006,-0.036,0.006,-0.036,0.007,-0.037,0.007,-0.036,0.007,-0.037,0.008,-0.037,0.008,-0.037,0.007,-0.035,0.005,-0.035,0.006,-0.035,0.006,-0.035,0.008,-0.036,0.007,-0.036,0.007,-0.037,0.007,-0.036,0.007,-0.035,0.006,-0.037,0.007,-0.035,0.007,-0.036,0.006,-0.034,0.007,-0.036,0.006,-0.037,0.007,-0.036,0.007,-0.037,0.007,-0.036,0.006,-0.037,0.007,-0.037,0.006,-0.036,0.006,-0.037,0.006,-0.036,0.005,-0.037,0.007,-0.037,0.007,-0.037,0.006,-0.037,0.007,-0.037,0.007,-0.037,0.006,-0.036,0.005,-0.037,0.006,-0.036,0.006,-0.037,0.006,-0.037,0.006,-0.037,0.007,-0.037,0.007,-0.036,0.006,-0.037,0.006,-0.036,
0.13,0.171,0.128,0.133,0.13,0.131,0.132,0.131,0.132,0.13,0.13,0.131,0.131,0.13,0.131,0.131,0.131,0.131,0.131,0.131,0.13,0.132,0.13,0.131,0.132,0.131,0.131,0.131,0.131,0.131,0.129,0.131,0.13,0.132,0.131,0.13,0.132,0.131,0.13,0.131,0.131,0.131,0.131,0.131,0.132,0.131,0.13,0.131,0.132,0.13,0.13,0.133,0.131,0.129,0.132,0.131,0.13,0.132,0.131,0.131,0.131,0.131,0.131,0.13,0.132,0.13,0.131,0.131,0.132,0.131,0.13,0.131,0.131,0.13,0.13,0.132,0.131,0.131,0.132,0.13,0.131,0.132,0.13,0.131,0.13,0.132,0.131,0.131,0.13,0.131,0.131,0.131,0.131,0.131,0.132,0.131,0.132,0.13,0.132,0.129,
0.096,0.141,0.144,0.147,0.151,0.155,0.158,0.162,0.166,0.17,0.174,0.177,0.181,0.184,0.188,0.191,0.195,0.199,0.202,0.206,0.21,0.213,0.213,0.213,0.213,0.213,0.213,0.213,0.213,0.213,0.213,0.213,0.213,0.213,0.213,0.213,0.213,0.213,0.213,0.213,0.213,0.213,0.213,0.213,0.213,0.213,0.213,0.213,0.213,0.213,0.213,0.213,0.213,0.213,0.213,0.213,0.213,0.213,0.213,0.213,0.213,0.213,0.213,0.213,0.213,0.213,0.213,0.213,0.213,0.213,0.213,0.213,0.213,0.213,0.213,0.213,0.213,0.213,0.213,0.213,0.213,0.213,0.213,0.213,0.213,0.213,0.213,0.213,0.213,0.213,0.213,0.213,0.213,0.213,0.213,0.213,0.213,0.213,0.213,0.113,
0.147,0.195,0.162,0.147,0.151,0.149,0.15,0.15,0.15,0.15,0.15,0.15,0.15,0.15,0.15,0.15,0.15,0.15,0.15,0.15,0.15,0.15,0.15,0.15,0.15,0.15,0.15,0.15,0.15,0.15,0.15,0.15,0.15,0.15,0.15,0.15,0.15,0.15,0.15,0.15,0.15,0.15,0.15,0.15,0.15,0.15,0.15,0.15,0.15,0.15,0.15,0.15,0.15,0.15,0.15,0.15,0.15,0.15,0.15,0.15,0.15,0.15,0.15,0.15,0.15,0.15,0.15,0.15,0.15,0.15,0.15,0.15,0.15,0.15,0.15,0.15,0.15,0.15,0.15,0.15,0.15,0.15,0.15,0.15,0.15,0.15,0.15,0.15,0.15,0.15,0.15,0.15,0.15,0.15,0.15,0.15,0.15,0.15,0.15,0.147,
-0.024,-0.021,-0.025,-0.024,-0.027,-0.023,-0.025,-0.024,-0.027,-0.024,-0.025,-0.023,-0.025,-0.025,-0.024,-0.024,-0.025,-0.024,-0.025,-0.025,-0.024,-0.024,-0.024,-0.027,-0.024,-0.024,-0.027,-0.022,-0.027,-0.023,-0.025,-0.024,-0.027,-0.025,-0.024,-0.023,-0.025,-0.025,-0.023,-0.027,-0.023,-0.027,-0.024,-0.024,-0.024,-0.025,-0.025,-0.025,-0.023,-0.027,-0.023,-0.025,-0.025,-0.024,-0.027,-0.024,-0.025,-0.024,-0.025,-0.023,-0.027,-0.023,-0.027,-0.024,-0.025,-0.023,-0.024,-0.027,-0.023,-0.025,-0.024,-0.027,-0.024,-0.025,-0.024,-0.025,-0.023,-0.027,-0.023,-0.025,-0.024,-0.024,-0.027,-0.025,-0.024,-0.025,-0.024,-0.023,-0.027,-0.023,-0.025,-0.024,-0.024,-0.027,-0.024,-0.025,-0.024,-0.025,-0.023,-0.025,
0.172,0.169,0.17,0.17,0.167,0.162,0.157,0.154,0.149,0.145,0.14,0.137,0.131,0.127,0.122,0.118,0.12,0.118,0.12,0.118,0.12,0.118,0.12,0.119,0.119,0.118,0.119,0.119,0.119,0.119,0.12,0.119,0.119,0.119,0.119,0.118,0.119,0.119,0.119,0.119,0.12,0.119,0.119,0.119,0.119,0.118,0.119,0.119,0.119,0.119,0.12,0.119,0.119,0.119,0.119,0.118,0.119,0.119,0.119,0.119,0.12,0.119,0.119,0.119,0.119,0.118,0.119,0.119,0.119,0.119,0.12,0.119,0.119,0.119,0.119,0.118,0.119,0.119,0.119,0.119,0.12,0.119,0.119,0.119,0.119,0.118,0.119,0.119,0.119,0.119,0.12,0.119,0.119,0.119,0.119,0.118,0.119,0.119,0.119,0.117,
-0.005,0.035,0.067,0.068,0.069,0.069,0.069,0.069,0.069,0.068,0.069,0.069,0.069,0.069,0.069,0.069,0.069,0.067,0.069,0.07,0.068,0.068,0.069,0.069,0.069,0.069,0.069,0.068,0.069,0.069,0.068,0.069,0.069,0.068,0.069,0.069,0.068,0.069,0.068,0.07,0.068,0.068,0.07,0.069,0.067,0.07,0.069,0.068,0.069,0.069,0.068,0.069,0.068,0.068,0.069,0.069,0.068,0.069,0.069,0.068,0.07,0.068,0.069,0.068,0.07,0.069,0.069,0.069,0.067,0.069,0.069,0.067,0.07,0.068,0.069,0.069,0.068,0.069,0.068,0.069,0.069,0.069,0.069,0.069,0.069,0.068,0.068,0.069,0.069,0.068,0.068,0.069,0.069,0.069,0.068,0.069,0.068,0.069,0.068,0.071,
0.049,0.205,0.256,0.252,0.253,0.255,0.255,0.254,0.253,0.253,0.255,0.253,0.254,0.254,0.254,0.252,0.256,0.254,0.253,0.254,0.255,0.253,0.253,0.255,0.254,0.255,0.254,0.254,0.254,0.253,0.255,0.253,0.254,0.255,0.253,0.254,0.254,0.254,0.254,0.255,0.253,0.253,0.256,0.253,0.255,0.253,0.254,0.254,0.255,0.252,0.255,0.255,0.252,0.255,0.254,0.253,0.255,0.254,0.253,0.254,0.253,0.255,0.253,0.253,0.254,0.254,0.254,0.254,0.254,0.254,0.254,0.254,0.253,0.254,0.253,0.255,0.253,0.254,0.254,0.254,0.254,0.254,0.254,0.253,0.254,0.254,0.253,0.255,0.253,0.253,0.255,0.253,0.255,0.253,0.255,0.253,0.255,0.255,0.253,0.181,
0.048,0.08,0.132,0.118,0.101,0.082,0.084,0.078,0.084,0.081,0.083,0.08,0.084,0.081,0.082,0.08,0.085,0.082,0.078,0.084,0.078,0.084,0.083,0.081,0.083,0.081,0.083,0.082,0.082,0.082,0.082,0.082,0.082,0.082,0.082,0.082,0.082,0.082,0.082,0.082,0.082,0.082,0.082,0.082,0.082,0.082,0.082,0.082,0.082,0.082,0.082,0.082,0.082,0.082,0.082,0.082,0.082,0.082,0.082,0.082,0.082,0.082,0.082,0.082,0.082,0.082,0.082,0.082,0.082,0.082,0.082,0.082,0.082,0.082,0.082,0.082,0.082,0.082,0.082,0.082,0.082,0.082,0.082,0.082,0.082,0.082,0.082,0.082,0.082,0.082,0.082,0.082,0.082,0.082,0.082,0.082,0.082,0.082,0.082,0.081,
0.022,0.029,0.046,0.045,0.046,0.045,0.045,0.044,0.044,0.045,0.045,0.045,0.045,0.044,0.045,0.044,0.045,0.044,0.046,0.043,0.045,0.045,0.045,0.045,0.043,0.045,0.045,0.045,0.045,0.045,0.044,0.045,0.044,0.046,0.044,0.045,0.044,0.045,0.045,0.044,0.045,0.044,0.045,0.045,0.045,0.044,0.045,0.045,0.045,0.045,0.045,0.045,0.045,0.045,0.044,0.045,0.045,0.044,0.045,0.045,0.044,0.045,0.044,0.045,0.044,0.045,0.045,0.044,0.045,0.044,0.045,0.045,0.044,0.045,0.044,0.045,0.045,0.045,0.044,0.045,0.045,0.045,0.045,0.045,0.045,0.045,0.045,0.044,0.045,0.045,0.044,0.045,0.045,0.044,0.045,0.044,0.045,0.044,0.045,0.045,
0.06,0.093,0.057,0.072,0.039,0.063,0.039,0.064,0.04,0.064,0.038,0.065,0.039,0.064,0.038,0.065,0.039,0.064,0.039,0.064,0.039,0.064,0.038,0.065,0.039,0.064,0.038,0.064,0.039,0.065,0.039,0.064,0.039,0.064,0.039,0.063,0.039,0.064,0.038,0.064,0.038,0.064,0.038,0.065,0.039,0.064,0.039,0.064,0.039,0.064,0.038,0.064,0.039,0.064,0.038,0.065,0.039,0.064,0.038,0.064,0.039,0.065,0.039,0.064,0.039,0.064,0.039,0.063,0.039,0.064,0.038,0.064,0.038,0.064,0.038,0.065,0.039,0.064,0.039,0.064,0.039,0.064,0.038,0.064,0.039,0.064,0.038,0.065,0.039,0.064,0.038,0.064,0.039,0.065,0.039,0.064,0.039,0.064,0.039,0.06,
-0.025,-0.005,-0.018,-0.01,-0.05,-0.06,-0.065,-0.061,-0.059,-0.066,-0.059,-0.065,-0.066,-0.066,-0.066,-0.059,-0.063,-0.064,-0.063,-0.064,-0.061,-0.065,-0.06,-0.065,-0.061,-0.065,-0.061,-0.064,-0.061,-0.065,-0.061,-0.066,-0.059,-0.066,-0.064,-0.06,-0.061,-0.065,-0.066,-0.059,-0.066,-0.063,-0.065,-0.06,-0.066,-0.059,-0.065,-0.061,-0.065,-0.061,-0.065,-0.06,-0.066,-0.065,-0.06,-0.066,-0.064,-0.061,-0.065,-0.063,-0.064,-0.06,-0.067,-0.064,-0.06,-0.066,-0.06,-0.066,-0.066,-0.067,-0.059,-0.066,-0.065,-0.059,-0.066,-0.066,-0.06,-0.066,-0.065,-0.059,-0.067,-0.064,-0.06,-0.066,-0.066,-0.066,-0.059,-0.066,-0.061,-0.064,-0.063,-0.058,-0.066,-0.059,-0.066,-0.066,-0.06,-0.065,-0.066,-0.063,
-0.025,0.005,0.009,0.001,0.002,0.0,0.0,-0.001,0.0,0.002,0.0,0.0,0.0,0.002,0.0,0.0,-0.001,0.0,0.002,0.0,0.0,0.0,0.002,0.0,0.0,-0.001,0.0,0.002,0.0,0.0,0.0,0.002,0.0,0.0,-0.001,0.0,0.002,0.0,0.0,0.0,0.002,0.0,0.0,-0.001,0.0,0.002,0.0,0.0,0.0,0.002,0.0,0.0,-0.001,0.0,0.002,0.0,0.0,0.0,0.002,0.0,0.0,-0.001,0.0,0.002,0.0,0.0,0.0,0.002,0.0,0.0,-0.001,0.0,0.002,0.0,0.0,0.0,0.002,0.0,0.0,-0.001,0.0,0.002,0.0,0.0,0.0,0.002,0.0,0.0,-0.001,0.0,0.002,0.0,0.0,0.0,0.002,0.0,0.0,-0.001,0.0,0.001,
0.124,0.127,0.218,0.219,0.219,0.221,0.22,0.217,0.161,0.218,0.163,0.219,0.161,0.22,0.162,0.22,0.217,0.162,0.163,0.221,0.217,0.161,0.164,0.221,0.217,0.162,0.219,0.161,0.219,0.163,0.22,0.217,0.162,0.219,0.162,0.219,0.217,0.163,0.219,0.161,0.219,0.163,0.22,0.217,0.162,0.219,0.161,0.219,0.162,0.219,0.162,0.22,0.217,0.163,0.219,0.162,0.22,0.218,0.162,0.219,0.162,0.22,0.218,0.162,0.219,0.161,0.22,0.218,0.162,0.218,0.162,0.22,0.217,0.162,0.218,0.162,0.22,0.217,0.162,0.218,0.162,0.218,0.162,0.219,0.161,0.22,0.217,0.162,0.218,0.162,0.218,0.162,0.22,0.218,0.162,0.218,0.162,0.22,0.217,0.16,
0.149,0.218,0.236,0.224,0.219,0.216,0.2,0.208,0.213,0.199,0.205,0.208,0.212,0.199,0.206,0.208,0.212,0.199,0.206,0.208,0.212,0.2,0.206,0.208,0.212,0.199,0.206,0.209,0.212,0.2,0.206,0.208,0.212,0.2,0.206,0.208,0.212,0.199,0.205,0.208,0.211,0.199,0.205,0.207,0.212,0.198,0.206,0.208,0.212,0.198,0.206,0.209,0.213,0.199,0.206,0.209,0.212,0.199,0.206,0.209,0.213,0.199,0.206,0.209,0.213,0.2,0.204,0.207,0.211,0.211,0.2,0.206,0.208,0.212,0.199,0.206,0.209,0.212,0.2,0.206,0.208,0.212,0.199,0.206,0.209,0.212,0.2,0.206,0.209,0.212,0.2,0.205,0.207,0.211,0.198,0.206,0.208,0.212,0.199,0.203,
0.135,0.164,0.149,0.148,0.148,0.148,0.148,0.148,0.148,0.148,0.148,0.148,0.148,0.148,0.148,0.148,0.148,0.148,0.148,0.148,0.148,0.148,0.148,0.148,0.148,0.148,0.148,0.148,0.148,0.148,0.148,0.148,0.148,0.148,0.148,0.148,0.148,0.148,0.148,0.148,0.148,0.148,0.148,0.148,0.148,0.148,0.148,0.148,0.148,0.148,0.148,0.148,0.148,0.148,0.148,0.148,0.148,0.148,0.148,0.148,0.148,0.148,0.148,0.148,0.148,0.148,0.148,0.148,0.148,0.148,0.148,0.148,0.148,0.148,0.148,0.148,0.148,0.148,0.148,0.148,0.148,0.148,0.148,0.148,0.148,0.148,0.148,0.148,0.148,0.148,0.148,0.148,0.148,0.148,0.148,0.148,0.148,0.148,0.148,0.148,
0.06,0.084,0.104,0.068,0.059,0.06,0.06,0.06,0.059,0.06,0.029,0.072,0.072,0.059,0.06,0.059,0.072,0.07,0.058,0.072,0.058,0.073,0.023,0.073,0.023,0.06,0.051,0.059,0.071,0.06,0.073,0.06,0.073,0.071,0.059,0.06,0.06,0.06,0.06,0.06,0.06,0.06,0.06,0.059,0.073,0.058,0.06,0.06,0.059,0.06,0.06,0.059,0.06,0.061,0.072,0.05,0.059,0.073,0.07,0.059,0.06,0.061,0.059,0.06,0.072,0.059,0.059,0.06,0.06,0.06,0.06,0.06,0.06,0.072,0.072,0.06,0.071,0.072,0.071,0.025,0.059,0.028,0.06,0.072,0.058,0.06,0.073,0.06,0.071,0.072,0.06,0.071,0.059,0.073,0.025,0.059,0.058,0.073,0.023,0.06,
0.093,0.18,0.096,0.108,0.095,0.111,0.101,0.094,0.11,0.1,0.094,0.11,0.1,0.094,0.11,0.1,0.094,0.11,0.1,0.094,0.111,0.1,0.094,0.11,0.1,0.094,0.11,0.1,0.095,0.111,0.1,0.094,0.11,0.1,0.111,0.101,0.094,0.11,0.1,0.094,0.11,0.1,0.094,0.11,0.1,0.094,0.11,0.1,0.094,0.11,0.1,0.094,0.11,0.1,0.094,0.11,0.1,0.094,0.11,0.1,0.094,0.11,0.1,0.094,0.11,0.098,0.094,0.111,0.1,0.094,0.11,0.1,0.094,0.11,0.1,0.094,0.11,0.1,0.094,0.111,0.1,0.094,0.11,0.1,0.095,0.111,0.1,0.094,0.11,0.1,0.112,0.101,0.094,0.111,0.1,0.095,0.111,0.1,0.095,0.111,
0.074,0.179,0.15,0.149,0.13,0.121,0.121,0.122,0.117,0.118,0.121,0.121,0.121,0.121,0.121,0.121,0.117,0.119,0.117,0.116,0.118,0.119,0.117,0.116,0.118,0.119,0.116,0.118,0.119,0.116,0.118,0.119,0.117,0.118,0.121,0.121,0.121,0.121,0.121,0.121,0.121,0.119,0.116,0.118,0.119,0.117,0.118,0.121,0.122,0.121,0.122,0.121,0.121,0.121,0.121,0.121,0.121,0.121,0.121,0.121,0.117,0.119,0.117,0.118,0.121,0.122,0.117,0.119,0.116,0.119,0.116,0.119,0.116,0.119,0.117,0.116,0.118,0.119,0.117,0.116,0.118,0.118,0.121,0.117,0.118,0.121,0.117,0.119,0.117,0.118,0.121,0.121,0.122,0.121,0.121,0.121,0.121,0.121,0.121,0.108,
0.007,-0.011,-0.004,0.002,0.004,0.006,0.008,0.006,0.007,0.008,0.006,0.008,0.007,0.007,0.007,0.007,0.007,0.007,0.008,0.007,0.007,0.008,0.004,0.006,0.007,0.008,0.007,0.006,0.007,0.007,0.008,0.006,0.008,0.007,0.008,0.006,0.007,0.007,0.007,0.007,0.007,0.007,0.007,0.008,0.007,0.008,0.007,0.007,0.006,0.008,0.004,0.008,0.008,0.006,0.008,0.006,0.008,0.007,0.007,0.008,0.007,0.008,0.007,0.002,0.009,0.006,0.008,0.007,0.008,0.002,0.009,0.007,0.006,0.006,0.007,0.007,0.004,0.008,0.007,0.007,0.007,0.006,0.008,0.007,0.002,0.008,0.004,0.008,0.007,0.008,0.006,0.007,0.008,0.007,0.007,0.007,0.007,0.007,0.007,0.007,
0.008,0.068,0.027,0.007,0.007,0.007,0.007,0.007,0.007,0.007,0.007,0.007,0.007,0.007,0.007,0.007,0.007,0.007,0.007,0.007,0.007,0.007,0.007,0.007,0.007,0.007,0.007,0.007,0.0,0.007,0.007,0.007,0.007,0.006,0.008,0.007,0.007,0.007,0.007,0.007,0.007,0.007,0.007,0.007,0.007,0.007,0.007,0.007,0.007,0.006,0.008,0.007,0.007,0.006,0.007,0.002,0.007,0.0,0.008,0.0,0.007,0.007,0.007,0.007,0.007,0.008,0.0,0.007,0.007,0.007,0.007,0.007,0.007,0.007,0.007,0.007,0.007,0.007,0.007,0.007,0.007,0.007,0.007,0.007,0.007,0.007,0.007,0.007,0.007,0.007,0.007,0.007,0.007,0.007,0.007,0.007,0.007,0.007,0.007,0.007,
0.122,0.041,0.052,0.057,0.062,0.044,0.047,0.051,0.041,0.038,0.043,0.046,0.049,0.041,0.021,0.025,0.046,0.045,0.049,0.045,0.047,0.044,0.041,0.036,0.048,0.053,0.057,0.039,0.046,0.041,0.046,0.05,0.055,0.06,0.066,0.044,0.048,0.044,0.049,0.043,0.007,0.019,-0.012,-0.025,-0.032,-0.004,-0.009,-0.005,0.035,0.039,0.047,0.052,0.044,0.047,0.051,0.041,0.018,-0.016,-0.037,0.018,-0.009,-0.04,0.034,0.015,0.006,0.047,0.047,0.029,0.034,0.038,0.043,0.045,0.05,0.056,0.061,0.067,0.045,0.049,0.039,0.045,0.05,0.054,0.045,0.008,0.048,0.046,0.048,0.045,0.05,0.046,0.051,0.056,0.061,0.067,0.072,0.044,0.049,0.039,0.044,-0.048,
-0.071,-0.106,-0.088,0.102,-0.074,0.036,-0.068,0.037,-0.069,0.037,-0.083,0.037,-0.069,0.023,-0.079,0.038,-0.082,0.037,-0.069,0.037,-0.079,0.037,-0.069,0.023,-0.069,0.037,-0.082,0.038,-0.069,0.023,-0.069,0.037,-0.069,0.026,-0.069,0.0,-0.068,-0.001,-0.079,0.038,-0.082,0.026,-0.068,0.023,-0.069,0.026,-0.068,0.016,-0.078,0.038,-0.069,0.024,-0.069,0.037,-0.069,0.022,-0.079,0.026,-0.069,0.023,-0.079,0.038,-0.083,0.026,-0.068,0.023,-0.079,0.026,-0.068,0.022,-0.079,0.038,-0.083,0.037,-0.069,0.023,-0.069,0.022,-0.069,0.037,-0.079,0.024,-0.069,0.037,-0.069,0.037,-0.069,0.0,-0.068,0.022,-0.079,0.038,-0.082,0.037,-0.069,0.0,-0.079,0.038,-0.089,0.039,
0.015,-0.009,0.016,0.015,0.015,0.015,0.015,0.015,0.015,0.015,0.015,0.015,0.014,0.015,0.015,0.017,0.015,0.014,0.017,0.015,0.015,0.015,0.015,0.015,0.015,0.015,0.015,0.014,0.017,0.015,0.015,0.014,0.015,0.014,0.015,0.014,0.015,0.015,0.014,0.015,0.015,0.014,0.015,0.015,0.015,0.015,0.015,0.015,0.015,0.017,0.015,0.014,0.017,0.014,0.015,0.014,0.015,0.015,0.015,0.015,0.015,0.015,0.014,0.015,0.015,0.015,0.015,0.015,0.015,0.015,0.015,0.015,0.015,0.015,0.015,0.014,0.017,0.015,0.014,0.015,0.015,0.015,0.015,0.015,0.015,0.015,0.015,0.015,0.017,0.015,0.014,0.015,-0.026,0.004,0.014,0.015,0.015,0.014,0.015,0.015,
0.02,0.054,0.067,0.074,0.082,0.091,0.102,0.089,0.084,0.083,0.08,0.076,0.074,0.07,0.067,0.063,0.06,0.059,0.059,0.059,0.059,0.06,0.059,0.058,0.058,0.058,0.058,0.058,0.059,0.059,0.058,0.059,0.059,0.059,0.059,0.059,0.059,0.06,0.058,0.058,0.059,0.059,0.058,0.059,0.059,0.058,0.058,0.059,0.059,0.059,0.058,0.059,0.058,0.058,0.059,0.059,0.059,0.058,0.059,0.059,0.058,0.058,0.059,0.058,0.058,0.058,0.058,0.058,0.058,0.059,0.059,0.059,0.059,0.059,0.059,0.058,0.058,0.059,0.059,0.059,0.059,0.058,0.059,0.059,0.059,0.059,0.059,0.06,0.059,0.058,0.058,0.059,0.059,0.058,0.058,0.058,0.059,0.059,0.059,0.049,
0.095,0.162,0.156,0.106,0.151,0.148,0.153,0.15,0.153,0.148,0.154,0.154,0.15,0.154,0.106,-0.103,0.143,0.148,0.15,0.154,0.153,0.149,0.155,0.096,-0.104,0.142,0.154,0.151,0.153,0.148,0.144,0.149,0.107,-0.114,0.142,0.154,0.154,0.151,0.154,0.152,0.103,-0.102,0.139,0.149,0.148,0.15,0.152,0.154,0.154,0.103,-0.113,0.141,0.154,0.151,0.152,0.154,0.15,0.097,-0.101,0.141,0.153,0.15,0.152,0.148,0.154,0.154,0.104,-0.106,0.139,0.154,0.154,0.155,0.152,0.154,0.102,-0.101,0.159,0.154,0.15,0.152,0.149,0.149,0.144,0.153,0.148,0.103,-0.112,0.142,0.154,0.154,0.15,0.154,0.153,0.149,0.102,-0.114,0.139,0.149,0.149,0.144,
0.014,0.028,0.033,0.028,0.022,0.02,0.019,0.019,0.019,0.019,0.019,0.019,0.019,0.019,0.02,0.019,0.019,0.019,0.02,0.019,0.019,0.019,0.02,0.019,0.02,0.02,0.017,0.02,0.017,0.02,0.017,0.02,0.017,0.02,0.019,0.019,0.019,0.019,0.019,0.019,0.019,0.019,0.019,0.019,0.019,0.019,0.019,0.019,0.019,0.019,0.019,0.019,0.019,0.019,0.019,0.019,0.019,0.019,0.019,0.019,0.019,0.019,0.019,0.019,0.019,0.019,0.019,0.019,0.019,0.019,0.019,0.019,0.019,0.019,0.019,0.019,0.019,0.019,0.019,0.019,0.019,0.019,0.019,0.019,0.019,0.019,0.019,0.019,0.019,0.019,0.019,0.019,0.019,0.019,0.019,0.019,0.019,0.019,0.019,0.019,
0.068,0.088,0.085,0.032,0.068,0.085,0.087,0.087,0.088,0.032,0.07,0.085,0.087,0.031,0.068,0.084,0.03,0.068,0.084,0.031,0.068,0.084,0.031,0.068,0.084,0.031,0.07,0.085,0.087,0.088,0.088,0.032,0.07,0.084,0.086,0.088,0.087,0.032,0.07,0.084,0.031,0.07,0.083,0.031,0.068,0.084,0.031,0.068,0.084,0.086,0.088,0.032,0.07,0.084,0.031,0.07,0.084,0.031,0.068,0.084,0.031,0.07,0.085,0.087,0.087,0.088,0.032,0.068,0.085,0.087,0.032,0.07,0.085,0.087,0.032,0.07,0.084,0.031,0.068,0.085,0.087,0.087,0.032,0.068,0.084,0.086,0.088,0.087,0.032,0.068,0.084,0.03,0.068,0.085,0.087,0.088,0.032,0.07,0.085,0.086,
0.012,0.007,-0.025,-0.008,0.012,-0.042,-0.008,0.012,-0.043,-0.008,0.012,-0.042,-0.008,0.013,-0.043,-0.009,0.013,-0.043,-0.009,0.013,-0.042,-0.008,0.013,-0.042,-0.009,0.013,-0.043,-0.008,0.012,-0.042,-0.008,0.012,-0.042,-0.008,0.012,-0.042,-0.009,0.012,-0.042,-0.008,0.012,-0.042,-0.008,0.013,-0.043,-0.008,0.012,-0.042,-0.008,0.013,-0.043,-0.008,0.013,-0.042,-0.008,0.013,-0.042,-0.008,0.013,-0.043,-0.008,0.012,-0.042,-0.008,0.012,-0.042,-0.009,0.012,-0.042,-0.008,0.013,-0.042,-0.008,0.013,-0.042,-0.009,0.013,-0.042,-0.008,0.013,-0.042,-0.008,0.013,-0.042,-0.009,0.012,-0.042,-0.008,0.013,-0.042,-0.008,0.013,-0.043,-0.009,0.013,-0.042,-0.008,0.012,-0.042,-0.009,
-0.017,-0.03,0.015,0.02,0.017,0.019,0.019,0.019,0.019,0.019,0.017,0.019,0.017,0.02,0.019,0.019,0.019,0.017,0.019,0.019,0.019,0.019,0.019,0.019,0.019,0.019,0.019,0.019,0.019,0.019,0.019,0.019,0.019,0.019,0.019,0.019,0.019,0.019,0.019,0.019,0.019,0.019,0.019,0.019,0.019,0.019,0.019,0.019,0.019,0.019,0.019,0.019,0.019,0.019,0.019,0.019,0.019,0.019,0.019,0.019,0.019,0.019,0.019,0.019,0.019,0.019,0.019,0.019,0.019,0.019,0.019,0.019,0.019,0.019,0.019,0.019,0.019,0.019,0.019,0.019,0.019,0.019,0.019,0.019,0.019,0.019,0.019,0.019,0.019,0.019,0.019,0.019,0.019,0.019,0.019,0.019,0.019,0.019,0.019,0.019,
0.054,0.029,0.019,0.018,0.02,0.04,0.03,0.022,0.041,0.029,0.022,0.042,0.03,0.022,0.042,0.03,0.022,0.041,0.03,0.022,0.041,0.03,0.022,0.041,0.03,0.022,0.041,0.03,0.022,0.041,0.03,0.022,0.041,0.029,0.022,0.041,0.03,0.02,0.042,0.03,0.022,0.041,0.029,0.022,0.041,0.03,0.022,0.041,0.03,0.022,0.042,0.03,0.022,0.041,0.029,0.02,0.041,0.029,0.02,0.042,0.03,0.022,0.041,0.029,0.022,0.042,0.029,0.022,0.041,0.029,0.02,0.041,0.029,0.02,0.042,0.03,0.022,0.042,0.03,0.022,0.042,0.03,0.022,0.041,0.03,0.02,0.042,0.03,0.022,0.042,0.03,0.022,0.041,0.029,0.02,0.041,0.029,0.022,0.041,0.029,
0.048,0.012,0.042,0.0,0.035,-0.01,0.035,-0.01,0.035,-0.01,0.036,0.017,0.041,0.059,0.061,0.041,0.042,0.06,0.041,0.06,0.06,0.031,0.052,0.008,0.031,-0.014,0.034,-0.012,0.034,-0.012,0.017,-0.008,0.034,0.055,0.06,0.06,0.06,0.059,0.042,0.061,0.059,0.059,0.031,0.052,0.009,0.031,-0.014,0.036,-0.009,0.034,-0.012,0.034,-0.012,0.034,-0.012,0.018,0.041,-0.003,0.019,0.043,0.038,0.058,0.01,0.032,-0.013,0.035,-0.01,0.019,0.041,-0.002,0.02,0.042,-0.002,0.019,-0.002,0.035,-0.009,0.019,-0.006,0.034,0.054,0.01,0.034,-0.012,0.034,-0.012,0.035,-0.01,0.019,-0.008,0.032,-0.012,0.019,-0.002,0.034,-0.012,0.036,-0.009,0.034,-0.041,
0.0,-0.012,-0.013,0.0,0.0,0.0,0.0,0.0,0.0,0.0,0.0,0.0,0.0,0.001,0.0,0.0,0.001,0.0,0.0,0.0,0.001,0.0,0.001,0.0,0.0,0.0,0.0,0.0,0.0,0.0,0.0,0.001,0.0,0.001,0.0,0.0,0.0,0.0,0.0,0.0,0.0,-0.001,0.001,-0.001,0.0,0.0,0.0,0.0,0.0,0.0,0.0,0.0,0.0,0.001,-0.001,0.0,0.0,0.001,-0.001,0.001,0.0,0.0,0.0,0.0,-0.001,0.0,-0.001,0.001,-0.001,0.001,-0.001,0.001,0.0,0.0,0.0,0.001,0.0,0.0,0.0,0.001,-0.001,0.0,0.0,0.0,0.0,0.0,-0.001,0.0,0.0,0.0,0.0,0.001,0.0,0.001,0.0,0.0,0.0,0.0,0.0,-0.001,
0.0,-0.122,-0.002,-0.017,-0.001,-0.045,0.001,-0.018,0.0,0.001,-0.018,0.0,0.0,0.001,-0.018,0.0,0.001,-0.018,0.0,0.001,-0.018,0.0,0.0,0.001,-0.018,0.0,0.001,-0.018,0.0,0.001,-0.018,0.0,0.0,0.001,-0.018,0.0,0.001,-0.018,0.0,0.001,-0.018,0.0,0.0,0.001,-0.018,0.0,0.001,-0.018,0.0,0.001,-0.018,0.0,0.0,0.001,-0.018,0.0,0.001,-0.018,0.0,0.001,-0.018,0.0,0.0,0.001,-0.018,0.0,0.001,-0.018,0.0,0.001,-0.018,0.0,0.0,0.001,-0.018,0.0,0.001,-0.018,0.0,0.001,-0.018,0.0,0.0,0.001,-0.018,0.0,0.001,-0.018,0.0,0.001,-0.018,0.0,0.0,0.001,-0.018,0.0,0.001,-0.018,0.0,0.002,
0.0,-0.009,0.004,0.015,0.002,0.008,0.008,0.008,0.008,0.009,0.008,0.008,0.009,0.008,0.009,0.008,0.008,0.009,0.008,0.008,0.008,0.008,0.008,0.008,0.008,0.008,0.008,0.008,0.009,0.008,0.009,0.008,0.009,0.007,0.008,0.009,0.008,0.008,0.008,0.007,0.009,0.008,0.008,0.009,0.008,0.008,0.008,0.009,0.009,0.007,0.008,0.008,0.009,0.008,0.008,0.009,0.008,0.008,0.009,0.008,0.008,0.009,0.008,0.008,0.009,0.008,0.008,0.009,0.008,0.008,0.009,0.008,0.008,0.009,0.008,0.008,0.009,0.008,0.008,0.009,0.008,0.008,0.009,0.008,0.008,0.009,0.008,0.008,0.009,0.008,0.008,0.009,0.008,0.008,0.009,0.008,0.008,0.009,0.008,0.008,
-0.019,-0.057,-0.032,-0.032,-0.032,-0.032,-0.032,-0.032,-0.03,-0.032,-0.03,-0.032,-0.03,-0.032,-0.032,-0.032,-0.032,-0.032,-0.033,-0.032,-0.032,-0.03,-0.032,-0.03,-0.033,-0.032,-0.032,-0.03,-0.033,-0.03,-0.032,-0.032,-0.032,-0.032,-0.032,-0.032,-0.03,-0.033,-0.03,-0.033,-0.032,-0.03,-0.033,-0.032,-0.03,-0.033,-0.032,-0.03,-0.033,-0.032,-0.03,-0.033,-0.032,-0.03,-0.033,-0.032,-0.03,-0.033,-0.032,-0.03,-0.033,-0.032,-0.03,-0.033,-0.032,-0.03,-0.033,-0.032,-0.03,-0.033,-0.032,-0.03,-0.033,-0.032,-0.03,-0.033,-0.032,-0.03,-0.033,-0.032,-0.03,-0.033,-0.032,-0.03,-0.033,-0.032,-0.03,-0.033,-0.032,-0.03,-0.033,-0.032,-0.03,-0.033,-0.032,-0.03,-0.033,-0.032,-0.03,-0.033,
0.009,0.029,0.039,0.039,0.044,0.042,0.043,0.044,0.045,0.044,0.046,0.047,0.048,0.047,0.049,0.049,0.049,0.05,0.051,0.051,0.052,0.053,0.053,0.054,0.055,0.054,0.056,0.056,0.057,0.057,0.058,0.059,0.058,0.06,0.06,0.06,0.061,0.061,0.062,0.062,0.062,0.062,0.061,0.062,0.062,0.062,0.062,0.062,0.062,0.062,0.062,0.061,0.062,0.061,0.062,0.062,0.062,0.062,0.061,0.062,0.062,0.062,0.062,0.061,0.062,0.061,0.062,0.061,0.062,0.061,0.062,0.062,0.062,0.062,0.062,0.061,0.062,0.062,0.061,0.062,0.061,0.062,0.062,0.061,0.062,0.061,0.062,0.061,0.062,0.062,0.061,0.062,0.061,0.062,0.062,0.062,0.062,0.061,0.062,0.062,
0.029,-0.007,0.015,0.036,0.039,0.039,0.039,0.039,0.037,0.039,0.039,0.037,0.039,0.039,0.037,0.039,0.039,0.037,0.037,0.039,0.037,0.039,0.039,0.037,0.039,0.039,0.037,0.039,0.039,0.037,0.039,0.039,0.037,0.039,0.039,0.037,0.039,0.039,0.039,0.039,0.037,0.039,0.039,0.039,0.039,0.037,0.039,0.037,0.039,0.039,0.039,0.039,0.039,0.037,0.039,0.039,0.039,0.039,0.039,0.039,0.039,0.039,0.039,0.039,0.039,0.039,0.039,0.039,0.039,0.039,0.039,0.039,0.039,0.039,0.039,0.039,0.039,0.039,0.039,0.039,0.039,0.039,0.039,0.039,0.039,0.039,0.039,0.039,0.039,0.039,0.039,0.039,0.039,0.039,0.039,0.039,0.039,0.039,0.039,0.039,
-0.013,-0.024,-0.008,-0.013,-0.014,-0.013,-0.013,-0.013,-0.013,-0.013,-0.013,-0.013,-0.013,-0.013,-0.013,-0.013,-0.013,-0.013,-0.013,-0.013,-0.013,-0.013,-0.013,-0.013,-0.013,-0.013,-0.013,-0.013,-0.013,-0.014,-0.013,-0.014,-0.013,-0.014,-0.013,-0.013,-0.013,-0.014,-0.013,-0.013,-0.014,-0.013,-0.013,-0.014,-0.013,-0.013,-0.014,-0.013,-0.013,-0.014,-0.013,-0.013,-0.014,-0.013,-0.013,-0.014,-0.013,-0.013,-0.014,-0.013,-0.013,-0.014,-0.013,-0.013,-0.014,-0.013,-0.013,-0.014,-0.013,-0.013,-0.014,-0.013,-0.013,-0.014,-0.013,-0.013,-0.014,-0.013,-0.013,-0.014,-0.013,-0.013,-0.014,-0.013,-0.013,-0.014,-0.013,-0.013,-0.014,-0.013,-0.013,-0.014,-0.013,-0.013,-0.014,-0.013,-0.013,-0.014,-0.013,-0.013,
0.014,0.042,0.061,0.021,0.023,0.02,0.016,0.014,0.013,0.013,0.015,0.005,0.016,0.013,0.014,0.014,0.013,0.015,0.013,0.015,0.014,0.014,0.014,0.013,0.014,0.014,0.015,0.014,0.013,0.014,0.014,0.015,0.013,0.015,0.013,0.015,0.013,0.014,0.015,0.013,0.014,0.014,0.014,0.015,0.013,0.014,0.014,0.014,0.014,0.015,0.013,0.014,0.014,0.014,0.014,0.015,0.013,0.014,0.014,0.014,0.014,0.015,0.013,0.014,0.014,0.014,0.014,0.015,0.013,0.014,0.014,0.014,0.014,0.015,0.013,0.014,0.014,0.014,0.014,0.015,0.013,0.014,0.014,0.014,0.014,0.015,0.013,0.014,0.014,0.014,0.014,0.015,0.013,0.014,0.014,0.014,0.014,0.015,0.013,0.014,
0.059,0.089,0.075,0.063,0.063,0.063,0.062,0.063,0.062,0.063,0.062,0.063,0.062,0.063,0.063,0.063,0.062,0.063,0.062,0.063,0.063,0.063,0.062,0.063,0.062,0.063,0.062,0.063,0.062,0.063,0.063,0.062,0.062,0.063,0.063,0.063,0.063,0.063,0.063,0.062,0.063,0.063,0.062,0.063,0.062,0.062,0.062,0.062,0.063,0.062,0.063,0.063,0.062,0.063,0.062,0.062,0.062,0.062,0.063,0.062,0.063,0.063,0.062,0.063,0.062,0.062,0.062,0.062,0.063,0.062,0.063,0.063,0.062,0.063,0.062,0.062,0.062,0.062,0.063,0.062,0.063,0.063,0.062,0.063,0.062,0.062,0.062,0.062,0.063,0.062,0.063,0.063,0.062,0.063,0.062,0.062,0.062,0.062,0.063,0.062,
0.025,0.03,0.048,0.045,0.048,0.047,0.047,0.046,0.047,0.046,0.047,0.046,0.047,0.046,0.047,0.046,0.047,0.046,0.047,0.046,0.047,0.046,0.047,0.046,0.047,0.046,0.047,0.046,0.047,0.046,0.047,0.046,0.047,0.046,0.047,0.046,0.047,0.046,0.047,0.046,0.047,0.046,0.047,0.046,0.047,0.046,0.047,0.046,0.047,0.046,0.047,0.046,0.047,0.046,0.047,0.046,0.047,0.046,0.047,0.046,0.047,0.046,0.047,0.046,0.047,0.046,0.047,0.046,0.047,0.046,0.047,0.046,0.047,0.046,0.047,0.046,0.047,0.046,0.047,0.046,0.047,0.046,0.047,0.046,0.047,0.046,0.047,0.046,0.047,0.046,0.047,0.046,0.047,0.046,0.047,0.046,0.047,0.046,0.047,0.047,
0.058,0.006,0.065,0.047,0.065,0.047,0.065,0.047,0.065,0.047,0.065,0.047,0.065,0.047,0.065,0.047,0.065,0.047,0.065,0.047,0.065,0.047,0.065,0.047,0.065,0.047,0.065,0.047,0.065,0.047,0.065,0.047,0.065,0.047,0.065,0.047,0.065,0.047,0.065,0.047,0.065,0.047,0.065,0.047,0.065,0.047,0.065,0.047,0.065,0.047,0.065,0.047,0.065,0.047,0.065,0.047,0.065,0.047,0.065,0.047,0.065,0.047,0.065,0.047,0.065,0.047,0.065,0.047,0.065,0.047,0.065,0.047,0.065,0.047,0.065,0.047,0.065,0.047,0.065,0.047,0.065,0.047,0.065,0.047,0.065,0.047,0.065,0.047,0.065,0.047,0.065,0.047,0.065,0.047,0.065,0.047,0.065,0.047,0.065,0.047,
0.135,0.167,0.189,0.19,0.19,0.19,0.19,0.19,0.19,0.19,0.19,0.19,0.19,0.189,0.189,0.189,0.189,0.189,0.189,0.189,0.189,0.189,0.189,0.189,0.189,0.189,0.189,0.189,0.189,0.188,0.188,0.188,0.188,0.188,0.188,0.188,0.188,0.188,0.188,0.188,0.188,0.188,0.188,0.188,0.189,0.188,0.188,0.188,0.188,0.188,0.188,0.188,0.188,0.188,0.188,0.188,0.188,0.188,0.188,0.188,0.188,0.188,0.188,0.188,0.188,0.188,0.188,0.188,0.188,0.188,0.188,0.188,0.188,0.189,0.189,0.188,0.188,0.189,0.188,0.188,0.189,0.188,0.188,0.189,0.188,0.188,0.188,0.188,0.188,0.188,0.188,0.188,0.188,0.188,0.188,0.188,0.188,0.188,0.189,0.184,
-0.005,-0.039,-0.022,-0.085,-0.028,-0.079,-0.027,-0.047,-0.042,-0.027,-0.03,-0.029,-0.029,-0.029,-0.029,-0.04,-0.029,-0.082,-0.045,-0.028,-0.057,-0.028,-0.076,-0.05,-0.029,-0.077,-0.027,-0.057,-0.028,-0.082,-0.027,-0.058,-0.028,-0.047,-0.029,-0.05,-0.028,-0.082,-0.048,-0.037,-0.057,-0.029,-0.076,-0.05,-0.032,-0.028,-0.042,-0.04,-0.027,-0.057,-0.027,-0.057,-0.027,-0.047,-0.028,-0.095,-0.029,-0.029,-0.042,-0.029,-0.029,-0.042,-0.029,-0.083,-0.029,-0.042,-0.042,-0.029,-0.085,-0.028,-0.051,-0.029,-0.047,-0.03,-0.083,-0.029,-0.083,-0.028,-0.084,-0.028,-0.047,-0.029,-0.042,-0.03,-0.076,-0.044,-0.032,-0.029,-0.05,-0.027,-0.03,-0.042,-0.042,-0.029,-0.081,-0.04,-0.031,-0.057,-0.029,-0.03,
0.106,0.135,0.132,0.143,0.142,0.141,0.141,0.142,0.141,0.141,0.141,0.142,0.141,0.142,0.141,0.141,0.142,0.14,0.142,0.141,0.141,0.141,0.141,0.141,0.141,0.141,0.141,0.141,0.141,0.141,0.141,0.141,0.141,0.141,0.141,0.142,0.141,0.141,0.141,0.141,0.141,0.141,0.142,0.141,0.141,0.141,0.141,0.141,0.141,0.141,0.141,0.142,0.141,0.141,0.141,0.142,0.141,0.141,0.141,0.141,0.142,0.141,0.142,0.141,0.142,0.141,0.141,0.142,0.141,0.142,0.141,0.141,0.141,0.141,0.141,0.141,0.141,0.141,0.142,0.141,0.141,0.142,0.141,0.142,0.141,0.141,0.142,0.141,0.141,0.141,0.142,0.141,0.141,0.141,0.141,0.142,0.141,0.141,0.141,0.138,
0.084,0.163,0.166,0.159,0.151,0.152,0.151,0.151,0.152,0.151,0.151,0.151,0.151,0.152,0.151,0.151,0.151,0.152,0.151,0.152,0.151,0.152,0.151,0.151,0.151,0.152,0.15,0.152,0.152,0.151,0.151,0.151,0.152,0.151,0.151,0.151,0.151,0.152,0.151,0.151,0.152,0.15,0.152,0.152,0.151,0.15,0.152,0.151,0.151,0.152,0.151,0.151,0.151,0.151,0.151,0.152,0.151,0.151,0.152,0.151,0.151,0.152,0.15,0.152,0.151,0.151,0.151,0.152,0.151,0.151,0.151,0.151,0.151,0.152,0.152,0.151,0.151,0.152,0.151,0.151,0.152,0.151,0.151,0.151,0.151,0.152,0.151,0.152,0.151,0.151,0.151,0.151,0.152,0.151,0.152,0.151,0.151,0.151,0.151,0.14,
0.005,-0.012,-0.014,-0.001,0.001,0.0,0.0,-0.008,0.0,-0.002,-0.009,0.0,0.001,-0.001,0.001,0.0,0.0,0.0,-0.001,-0.002,0.0,0.001,0.0,-0.001,0.001,0.0,-0.008,-0.003,-0.008,-0.003,0.0,0.0,-0.002,0.0,-0.002,-0.008,-0.003,-0.008,-0.003,-0.008,-0.003,-0.008,-0.003,-0.008,-0.003,-0.001,0.0,0.001,-0.003,0.0,0.001,0.0,0.0,0.001,-0.009,0.001,0.0,-0.001,0.001,0.0,-0.001,0.0,0.001,0.0,-0.003,-0.009,0.0,-0.001,0.0,0.0,0.001,0.0,0.0,-0.008,-0.003,0.0,0.0,-0.002,-0.009,0.0,-0.002,-0.008,0.001,0.0,-0.008,0.001,-0.009,0.0,0.001,-0.001,0.001,0.0,-0.008,0.0,0.001,0.001,-0.008,0.001,0.0,-0.001,
0.004,0.038,0.024,0.004,0.025,0.019,0.02,0.019,0.02,0.025,0.019,0.025,0.019,0.025,0.019,0.025,0.019,0.019,0.025,0.019,0.02,0.019,0.025,0.019,0.02,0.025,0.019,0.025,0.019,0.02,0.025,0.019,0.02,0.019,0.025,0.019,0.019,0.025,0.019,0.02,0.02,0.019,0.025,0.019,0.025,0.025,0.019,0.02,0.02,0.02,0.025,0.024,0.019,0.019,0.025,0.024,0.025,0.019,0.02,0.019,0.02,0.019,0.02,0.025,0.019,0.019,0.02,0.025,0.019,0.02,0.02,0.025,0.019,0.025,0.019,0.02,0.02,0.019,0.025,0.019,0.019,0.02,0.02,0.02,0.02,0.025,0.02,0.019,0.02,0.019,0.02,0.025,0.019,0.02,0.02,0.02,0.019,0.02,0.019,0.024,
-0.003,-0.021,-0.008,-0.001,-0.005,-0.004,-0.004,-0.002,-0.002,-0.002,-0.002,-0.002,-0.005,-0.004,-0.002,-0.004,-0.004,-0.002,-0.004,-0.005,-0.004,-0.004,-0.002,-0.004,-0.002,-0.004,-0.002,-0.005,-0.004,-0.002,-0.002,-0.002,-0.005,-0.002,-0.002,-0.005,-0.004,-0.005,-0.002,-0.005,-0.004,-0.002,-0.005,-0.002,-0.004,-0.002,-0.005,-0.004,-0.005,-0.004,-0.002,-0.005,-0.004,-0.002,-0.002,-0.005,-0.004,-0.005,-0.004,-0.004,-0.002,-0.005,-0.004,-0.002,-0.005,-0.002,-0.005,-0.002,-0.005,-0.004,-0.002,-0.002,-0.002,-0.002,-0.002,-0.002,-0.002,-0.002,-0.002,-0.002,-0.002,-0.002,-0.002,-0.002,-0.005,-0.004,-0.005,-0.004,-0.002,-0.005,-0.002,-0.005,-0.002,-0.005,-0.002,-0.005,-0.002,-0.005,-0.002,-0.004,
0.077,0.04,0.078,0.077,0.077,0.078,0.077,0.077,0.077,0.078,0.076,0.077,0.077,0.078,0.076,0.077,0.078,0.076,0.077,0.077,0.077,0.078,0.078,0.069,0.078,0.077,0.078,0.063,0.078,0.076,0.078,0.078,0.076,0.077,0.077,0.077,0.079,0.078,0.077,0.076,0.078,0.076,0.078,0.076,0.077,0.077,0.077,0.078,0.077,0.077,0.077,0.077,0.078,0.065,0.077,0.077,0.079,0.077,0.077,0.076,0.077,0.07,0.077,0.078,0.077,0.077,0.077,0.079,0.077,0.077,0.078,0.076,0.078,0.076,0.079,0.063,0.078,0.078,0.063,0.079,0.077,0.076,0.077,0.078,0.077,0.077,0.077,0.079,0.063,0.077,0.079,0.063,0.078,0.077,0.078,0.07,0.076,0.078,0.078,0.077,
0.11,0.166,0.179,0.187,0.165,0.164,0.161,0.161,0.161,0.161,0.161,0.161,0.161,0.161,0.161,0.161,0.161,0.161,0.161,0.161,0.161,0.161,0.161,0.161,0.161,0.161,0.161,0.161,0.161,0.161,0.161,0.161,0.161,0.161,0.161,0.161,0.161,0.161,0.161,0.161,0.161,0.161,0.161,0.161,0.161,0.161,0.161,0.161,0.161,0.161,0.161,0.161,0.161,0.161,0.161,0.161,0.161,0.161,0.161,0.161,0.161,0.161,0.161,0.161,0.161,0.161,0.161,0.161,0.161,0.161,0.161,0.161,0.161,0.161,0.161,0.161,0.161,0.161,0.161,0.161,0.161,0.161,0.161,0.161,0.161,0.161,0.161,0.161,0.161,0.161,0.161,0.161,0.161,0.161,0.161,0.161,0.161,0.161,0.161,0.15,
0.033,-0.029,0.008,0.032,0.04,0.041,0.04,0.039,0.041,0.04,0.04,0.035,0.032,0.035,0.041,0.039,0.04,0.04,0.041,0.041,0.035,0.042,0.039,0.04,0.04,0.04,0.039,0.039,0.041,0.034,0.042,0.039,0.04,0.039,0.041,0.04,0.035,0.042,0.039,0.039,0.032,0.04,0.04,0.04,0.04,0.04,0.035,0.041,0.04,0.04,0.04,0.039,0.04,0.032,0.04,0.039,0.031,0.04,0.039,0.04,0.04,0.04,0.04,0.039,0.032,0.035,0.032,0.035,0.032,0.04,0.041,0.035,0.04,0.04,0.031,0.04,0.039,0.041,0.035,0.042,0.04,0.04,0.035,0.042,0.035,0.032,0.04,0.039,0.039,0.041,0.035,0.042,0.04,0.039,0.04,0.039,0.041,0.039,0.039,0.04,
0.008,0.049,0.008,0.007,0.008,0.007,0.007,0.008,0.008,0.007,0.009,0.007,0.009,0.004,0.006,0.007,0.008,0.008,0.008,0.007,0.008,0.008,0.007,0.007,0.007,0.008,0.008,0.008,0.007,0.008,0.008,0.009,0.009,0.007,0.007,0.008,0.008,0.007,0.007,0.008,0.008,0.008,0.008,0.008,0.007,0.008,0.008,0.008,0.008,0.009,0.008,0.007,0.008,0.007,0.008,0.007,0.007,0.007,0.007,0.009,0.007,0.007,0.007,0.008,0.007,0.008,0.008,0.007,0.007,0.008,0.008,0.009,0.008,0.009,0.007,0.007,0.008,0.008,0.007,0.002,0.008,0.008,0.007,0.008,0.008,0.008,0.007,0.007,0.007,0.008,0.008,0.008,0.008,0.007,0.008,0.007,0.008,0.008,0.008,0.008,
0.038,0.002,0.017,0.018,0.018,0.008,0.017,0.01,0.018,0.01,0.018,0.009,0.017,0.009,0.017,0.016,0.017,0.018,0.017,0.019,0.016,0.021,0.017,0.017,0.012,0.018,0.017,0.017,0.019,0.017,0.017,0.016,0.019,0.016,0.018,0.01,0.017,0.017,0.017,0.021,0.016,0.017,0.019,0.012,0.018,0.01,0.018,0.018,0.019,0.019,0.016,0.018,0.017,0.021,0.01,0.018,0.009,0.017,0.017,0.017,0.019,0.016,0.019,0.016,0.019,0.016,0.019,0.016,0.018,0.018,0.018,0.019,0.016,0.019,0.016,0.019,0.016,0.019,0.017,0.018,0.017,0.018,0.017,0.017,0.018,0.019,0.018,0.017,0.017,0.018,0.018,0.018,0.017,0.018,0.019,0.016,0.019,0.016,0.019,0.015,
0.03,0.044,0.006,-0.016,-0.012,-0.012,-0.01,-0.01,-0.01,-0.01,-0.01,-0.01,-0.01,-0.01,-0.01,-0.01,-0.01,-0.01,-0.01,-0.01,-0.01,-0.01,-0.01,-0.01,-0.01,-0.01,-0.01,-0.01,-0.01,-0.01,-0.01,-0.01,-0.01,-0.01,-0.01,-0.01,-0.01,-0.01,-0.01,-0.01,-0.01,-0.01,-0.01,-0.01,-0.01,-0.01,-0.01,-0.01,-0.01,-0.01,-0.01,-0.01,-0.01,-0.01,-0.01,-0.01,-0.01,-0.01,-0.01,-0.01,-0.01,-0.01,-0.01,-0.01,-0.01,-0.01,-0.01,-0.01,-0.01,-0.01,-0.01,-0.01,-0.01,-0.01,-0.01,-0.01,-0.01,-0.01,-0.01,-0.01,-0.01,-0.01,-0.01,-0.01,-0.01,-0.01,-0.01,-0.01,-0.01,-0.01,-0.01,-0.01,-0.01,-0.01,-0.01,-0.01,-0.01,-0.01,-0.01,-0.01,
0.0,0.111,0.162,0.178,0.187,0.183,0.182,0.182,0.181,0.189,0.184,0.183,0.182,0.187,0.184,0.183,0.182,0.181,0.187,0.185,0.183,0.187,0.185,0.184,0.183,0.182,0.188,0.184,0.183,0.187,0.184,0.183,0.182,0.182,0.188,0.184,0.183,0.182,0.181,0.188,0.184,0.183,0.182,0.181,0.188,0.185,0.183,0.182,0.181,0.188,0.184,0.183,0.182,0.181,0.187,0.185,0.183,0.182,0.181,0.187,0.184,0.18,0.187,0.184,0.183,0.182,0.182,0.181,0.188,0.184,0.183,0.182,0.182,0.188,0.183,0.182,0.192,0.184,0.183,0.18,0.188,0.184,0.183,0.182,0.181,0.181,0.187,0.184,0.182,0.181,0.188,0.183,0.182,0.181,0.188,0.185,0.183,0.183,0.182,0.167,
0.041,0.057,0.057,0.046,0.041,0.04,0.041,0.04,0.041,0.041,0.041,0.041,0.04,0.04,0.041,0.04,0.04,0.041,0.04,0.04,0.041,0.041,0.04,0.04,0.041,0.041,0.04,0.041,0.04,0.041,0.04,0.041,0.041,0.041,0.041,0.041,0.041,0.041,0.041,0.041,0.04,0.041,0.041,0.04,0.041,0.041,0.041,0.041,0.041,0.04,0.041,0.041,0.041,0.04,0.041,0.041,0.041,0.041,0.04,0.041,0.041,0.041,0.04,0.041,0.041,0.041,0.041,0.041,0.041,0.041,0.041,0.041,0.041,0.041,0.04,0.041,0.04,0.041,0.041,0.04,0.041,0.04,0.041,0.041,0.041,0.041,0.041,0.04,0.04,0.041,0.04,0.041,0.04,0.041,0.04,0.04,0.041,0.041,0.041,0.04,
-0.016,-0.048,-0.05,-0.044,-0.041,-0.041,-0.041,-0.041,-0.041,-0.041,-0.041,-0.041,-0.04,-0.043,-0.041,-0.041,-0.041,-0.041,-0.041,-0.041,-0.041,-0.041,-0.041,-0.041,-0.041,-0.041,-0.043,-0.041,-0.04,-0.041,-0.041,-0.043,-0.04,-0.043,-0.04,-0.041,-0.041,-0.043,-0.041,-0.043,-0.041,-0.043,-0.041,-0.043,-0.041,-0.041,-0.041,-0.04,-0.041,-0.041,-0.043,-0.04,-0.041,-0.043,-0.041,-0.041,-0.041,-0.043,-0.04,-0.043,-0.041,-0.043,-0.041,-0.04,-0.041,-0.041,-0.041,-0.043,-0.04,-0.041,-0.043,-0.04,-0.041,-0.041,-0.041,-0.041,-0.041,-0.041,-0.043,-0.04,-0.043,-0.041,-0.041,-0.04,-0.043,-0.04,-0.041,-0.041,-0.041,-0.041,-0.043,-0.041,-0.04,-0.041,-0.043,-0.04,-0.043,-0.041,-0.04,-0.041,
0.005,0.027,-0.124,-0.057,-0.204,-0.071,-0.163,-0.12,-0.104,-0.1,-0.173,-0.201,-0.194,-0.167,-0.175,-0.202,-0.194,-0.167,-0.175,-0.202,-0.194,-0.167,-0.175,-0.202,-0.194,-0.167,-0.175,-0.202,-0.194,-0.167,-0.175,-0.202,-0.194,-0.167,-0.175,-0.202,-0.194,-0.167,-0.175,-0.202,-0.194,-0.167,-0.175,-0.202,-0.194,-0.167,-0.175,-0.202,-0.194,-0.167,-0.175,-0.202,-0.194,-0.167,-0.175,-0.202,-0.194,-0.167,-0.175,-0.202,-0.194,-0.167,-0.175,-0.202,-0.194,-0.167,-0.175,-0.202,-0.194,-0.167,-0.175,-0.202,-0.194,-0.167,-0.175,-0.202,-0.194,-0.167,-0.175,-0.202,-0.194,-0.167,-0.175,-0.202,-0.194,-0.167,-0.175,-0.202,-0.194,-0.167,-0.175,-0.202,-0.194,-0.167,-0.175,-0.202,-0.194,-0.167,-0.175,-0.201,
0.165,0.21,0.207,0.201,0.196,0.189,0.186,0.187,0.185,0.186,0.186,0.186,0.187,0.186,0.186,0.186,0.186,0.186,0.186,0.182,0.187,0.179,0.182,0.186,0.186,0.179,0.182,0.187,0.185,0.186,0.186,0.187,0.186,0.186,0.182,0.187,0.179,0.187,0.181,0.186,0.187,0.18,0.181,0.186,0.186,0.179,0.186,0.179,0.186,0.179,0.186,0.179,0.186,0.179,0.186,0.179,0.182,0.186,0.18,0.182,0.187,0.18,0.186,0.186,0.179,0.187,0.181,0.186,0.18,0.186,0.187,0.186,0.187,0.179,0.186,0.18,0.187,0.182,0.18,0.186,0.179,0.187,0.186,0.187,0.186,0.186,0.181,0.187,0.18,0.181,0.187,0.18,0.186,0.18,0.182,0.185,0.183,0.179,0.183,0.177,
0.07,0.09,0.078,0.072,0.061,0.071,0.072,0.06,0.071,0.071,0.071,0.057,0.072,0.07,0.07,0.071,0.07,0.069,0.071,0.069,0.069,0.071,0.06,0.072,0.069,0.071,0.069,0.071,0.07,0.056,0.072,0.069,0.07,0.071,0.07,0.072,0.07,0.07,0.07,0.069,0.069,0.072,0.069,0.071,0.069,0.07,0.07,0.071,0.07,0.056,0.072,0.07,0.071,0.069,0.071,0.07,0.071,0.07,0.07,0.07,0.056,0.073,0.061,0.071,0.07,0.07,0.07,0.071,0.069,0.07,0.07,0.071,0.07,0.056,0.072,0.07,0.07,0.07,0.07,0.07,0.07,0.07,0.07,0.07,0.07,0.07,0.07,0.07,0.07,0.07,0.07,0.07,0.07,0.07,0.07,0.07,0.07,0.07,0.07,0.065,
-0.017,-0.014,-0.018,-0.018,-0.017,-0.018,-0.017,-0.017,-0.022,-0.022,-0.018,-0.021,-0.018,-0.017,-0.018,-0.017,-0.022,-0.022,-0.018,-0.017,-0.017,-0.017,-0.018,-0.017,-0.018,-0.017,-0.017,-0.017,-0.018,-0.018,-0.015,-0.024,-0.018,-0.017,-0.018,-0.017,-0.017,-0.017,-0.018,-0.018,-0.017,-0.017,-0.021,-0.018,-0.021,-0.018,-0.017,-0.024,-0.017,-0.017,-0.017,-0.017,-0.021,-0.017,-0.021,-0.017,-0.022,-0.017,-0.017,-0.018,-0.021,-0.018,-0.017,-0.017,-0.017,-0.021,-0.017,-0.021,-0.018,-0.021,-0.018,-0.021,-0.018,-0.017,-0.015,-0.017,-0.022,-0.018,-0.021,-0.017,-0.018,-0.017,-0.017,-0.018,-0.018,-0.022,-0.021,-0.017,-0.018,-0.018,-0.017,-0.018,-0.017,-0.017,-0.015,-0.017,-0.017,-0.021,-0.017,-0.021,
0.122,0.128,0.139,0.136,0.111,0.118,0.134,0.138,0.112,0.131,0.135,0.098,0.123,0.136,0.138,0.124,0.137,0.136,0.135,0.111,0.119,0.134,0.137,0.1,0.088,0.103,0.045,0.123,0.135,0.098,0.103,0.091,0.125,0.12,0.116,0.128,0.116,0.117,0.133,0.136,0.135,0.136,0.135,0.136,0.136,0.136,0.135,0.136,0.135,0.136,0.135,0.136,0.135,0.136,0.135,0.136,0.135,0.136,0.135,0.136,0.135,0.136,0.135,0.136,0.135,0.136,0.135,0.136,0.135,0.136,0.135,0.136,0.135,0.136,0.135,0.136,0.135,0.136,0.135,0.136,0.135,0.136,0.135,0.136,0.135,0.136,0.135,0.136,0.135,0.136,0.135,0.136,0.135,0.136,0.135,0.136,0.135,0.136,0.135,0.133,
0.009,0.04,0.015,0.023,0.026,0.021,0.007,0.024,0.023,0.023,0.024,0.022,0.022,0.024,0.023,0.02,0.012,0.024,0.023,0.026,0.024,0.023,0.02,0.007,0.027,-0.002,0.02,0.026,0.023,0.024,0.024,0.007,0.026,0.005,0.012,0.024,0.023,0.022,0.024,0.022,0.023,0.024,0.023,0.024,0.006,0.023,0.026,0.011,0.008,0.023,0.008,0.013,0.024,0.023,0.005,0.008,0.023,0.023,0.022,0.023,0.022,0.004,0.013,0.021,0.012,0.021,0.012,0.023,0.02,0.007,0.022,0.024,0.008,0.024,0.023,0.024,0.023,0.022,0.024,0.026,0.022,0.024,0.023,0.021,0.008,0.022,0.023,-0.005,0.02,0.022,0.026,0.026,-0.001,0.019,0.024,0.024,0.023,0.026,0.007,0.006,
-0.003,-0.01,-0.06,-0.008,-0.001,-0.005,-0.004,-0.002,-0.004,-0.004,-0.004,-0.004,-0.004,-0.004,-0.004,-0.004,-0.002,-0.004,-0.004,-0.004,-0.004,-0.004,-0.004,-0.004,-0.002,-0.004,-0.005,-0.004,-0.004,-0.004,-0.004,-0.004,-0.004,-0.004,-0.004,-0.005,-0.004,-0.004,-0.004,-0.004,-0.004,-0.004,-0.004,-0.004,-0.002,-0.004,-0.004,-0.004,-0.004,-0.004,-0.004,-0.004,-0.004,-0.004,-0.004,-0.004,-0.004,-0.004,-0.004,-0.004,-0.004,-0.004,-0.004,-0.004,-0.004,-0.004,-0.004,-0.004,-0.002,-0.005,-0.002,-0.005,-0.004,-0.004,-0.004,-0.004,-0.004,-0.004,-0.004,-0.004,-0.004,-0.004,-0.004,-0.002,-0.004,-0.004,-0.004,-0.004,-0.004,-0.004,-0.004,-0.004,-0.004,-0.004,-0.004,-0.004,-0.004,-0.004,-0.004,-0.004,
-0.005,0.001,-0.039,-0.038,-0.039,-0.045,-0.038,-0.04,-0.037,-0.039,-0.039,-0.039,-0.039,-0.039,-0.039,-0.039,-0.039,-0.039,-0.039,-0.039,-0.039,-0.039,-0.039,-0.039,-0.039,-0.039,-0.039,-0.039,-0.039,-0.039,-0.039,-0.039,-0.039,-0.039,-0.039,-0.039,-0.039,-0.039,-0.039,-0.039,-0.039,-0.039,-0.039,-0.039,-0.039,-0.039,-0.039,-0.039,-0.039,-0.039,-0.039,-0.039,-0.039,-0.039,-0.039,-0.039,-0.039,-0.039,-0.039,-0.039,-0.039,-0.039,-0.039,-0.039,-0.039,-0.039,-0.039,-0.039,-0.039,-0.039,-0.039,-0.039,-0.039,-0.039,-0.039,-0.039,-0.039,-0.039,-0.039,-0.039,-0.039,-0.039,-0.039,-0.039,-0.039,-0.039,-0.039,-0.039,-0.039,-0.039,-0.039,-0.039,-0.039,-0.039,-0.039,-0.039,-0.039,-0.039,-0.039,-0.039,
0.077,0.097,0.081,0.069,0.079,0.071,0.079,0.076,0.077,0.078,0.077,0.079,0.076,0.077,0.077,0.078,0.076,0.079,0.077,0.076,0.077,0.079,0.077,0.077,0.077,0.075,0.077,0.077,0.077,0.079,0.076,0.078,0.076,0.079,0.07,0.078,0.071,0.077,0.079,0.07,0.079,0.077,0.077,0.078,0.077,0.077,0.072,0.078,0.07,0.077,0.079,0.076,0.07,0.077,0.078,0.077,0.078,0.077,0.077,0.078,0.077,0.077,0.077,0.077,0.071,0.078,0.076,0.079,0.07,0.076,0.079,0.071,0.077,0.079,0.077,0.077,0.076,0.078,0.07,0.077,0.078,0.067,0.079,0.076,0.07,0.078,0.077,0.077,0.079,0.076,0.071,0.077,0.076,0.077,0.076,0.077,0.079,0.076,0.07,0.077,
-0.017,0.002,-0.021,-0.022,-0.019,-0.022,-0.022,-0.022,-0.021,-0.02,-0.021,-0.022,-0.02,-0.022,-0.021,-0.021,-0.021,-0.036,-0.019,-0.038,-0.021,-0.02,-0.022,-0.036,-0.019,-0.022,-0.022,-0.022,-0.021,-0.021,-0.02,-0.022,-0.02,-0.022,-0.021,-0.022,-0.022,-0.021,-0.021,-0.021,-0.02,-0.022,-0.022,-0.02,-0.021,-0.022,-0.021,-0.02,-0.021,-0.022,-0.021,-0.022,-0.022,-0.02,-0.022,-0.02,-0.022,-0.021,-0.021,-0.021,-0.021,-0.02,-0.021,-0.022,-0.02,-0.021,-0.021,-0.022,-0.021,-0.02,-0.022,-0.02,-0.021,-0.022,-0.02,-0.022,-0.021,-0.02,-0.021,-0.022,-0.02,-0.022,-0.02,-0.021,-0.022,-0.02,-0.021,-0.022,-0.02,-0.021,-0.022,-0.021,-0.021,-0.02,-0.022,-0.021,-0.02,-0.022,-0.02,-0.021,
0.057,0.092,0.072,0.068,0.069,0.07,0.068,0.068,0.069,0.068,0.069,0.069,0.068,0.068,0.069,0.068,0.07,0.068,0.069,0.069,0.069,0.069,0.068,0.069,0.068,0.069,0.068,0.069,0.068,0.069,0.069,0.068,0.069,0.068,0.069,0.068,0.07,0.068,0.068,0.068,0.068,0.069,0.069,0.068,0.069,0.068,0.069,0.068,0.069,0.068,0.068,0.069,0.068,0.069,0.068,0.068,0.068,0.069,0.068,0.068,0.069,0.068,0.068,0.069,0.068,0.069,0.068,0.069,0.068,0.069,0.069,0.069,0.068,0.068,0.069,0.068,0.069,0.068,0.069,0.068,0.069,0.068,0.069,0.068,0.068,0.069,0.068,0.068,0.069,0.068,0.069,0.069,0.068,0.069,0.068,0.069,0.068,0.069,0.069,0.068,
0.014,-0.002,-0.003,0.014,0.003,-0.006,-0.001,-0.006,-0.001,-0.006,-0.001,-0.007,-0.001,-0.007,-0.001,-0.006,-0.001,-0.006,-0.001,-0.006,-0.001,-0.007,-0.001,-0.007,-0.001,-0.006,-0.001,-0.007,-0.001,-0.006,-0.001,-0.006,-0.001,-0.007,-0.001,-0.007,-0.001,-0.007,-0.001,-0.007,-0.001,-0.007,-0.001,-0.006,-0.001,-0.006,-0.007,-0.002,-0.007,-0.001,-0.006,-0.001,-0.006,-0.001,-0.006,-0.001,-0.007,-0.001,-0.007,-0.001,-0.006,-0.001,-0.007,-0.001,-0.007,-0.001,-0.007,-0.001,-0.007,-0.001,-0.006,-0.001,-0.006,-0.001,-0.007,-0.001,-0.007,-0.001,-0.006,-0.001,-0.007,-0.001,-0.007,-0.002,-0.007,-0.002,-0.006,-0.001,-0.007,-0.001,-0.007,-0.001,-0.007,-0.002,-0.006,-0.001,-0.006,-0.001,-0.007,-0.001,
0.009,0.006,-0.026,-0.018,-0.019,-0.05,-0.002,-0.047,-0.002,-0.048,-0.025,-0.051,0.007,-0.045,-0.01,-0.05,-0.001,-0.02,-0.018,-0.025,-0.025,-0.024,-0.025,-0.027,-0.01,-0.022,-0.018,-0.059,-0.02,-0.06,-0.001,-0.047,-0.022,-0.051,-0.019,-0.059,-0.002,-0.059,-0.002,-0.059,-0.002,-0.057,0.001,-0.049,-0.017,-0.05,0.007,-0.022,-0.013,-0.065,-0.014,-0.068,-0.002,-0.049,0.007,-0.069,0.008,-0.047,-0.011,-0.049,0.007,-0.063,-0.002,-0.049,-0.011,-0.068,-0.002,-0.068,-0.02,-0.051,0.007,-0.023,-0.017,-0.061,0.008,-0.022,-0.013,-0.043,-0.002,-0.069,0.007,-0.048,0.008,-0.017,-0.001,-0.05,0.007,-0.069,0.008,-0.047,0.006,-0.05,0.006,-0.067,0.009,-0.069,0.008,-0.047,-0.002,-0.042,
0.014,0.094,0.068,0.083,0.085,0.083,0.082,0.085,0.082,0.084,0.082,0.084,0.083,0.083,0.084,0.082,0.084,0.082,0.084,0.082,0.085,0.083,0.083,0.084,0.082,0.084,0.083,0.083,0.083,0.083,0.084,0.083,0.084,0.084,0.083,0.083,0.084,0.083,0.084,0.082,0.084,0.083,0.084,0.083,0.083,0.084,0.083,0.083,0.083,0.083,0.084,0.084,0.083,0.083,0.084,0.084,0.083,0.083,0.084,0.083,0.082,0.084,0.083,0.084,0.083,0.083,0.084,0.083,0.083,0.084,0.082,0.084,0.082,0.083,0.083,0.084,0.084,0.083,0.084,0.082,0.083,0.084,0.083,0.084,0.084,0.083,0.083,0.083,0.083,0.083,0.083,0.083,0.083,0.083,0.083,0.083,0.083,0.083,0.083,0.083,
0.049,0.07,0.075,0.05,0.05,0.048,0.082,0.037,0.048,0.047,0.082,0.028,0.048,0.05,0.047,0.05,0.047,0.05,0.081,0.038,0.05,0.047,0.082,0.028,0.048,0.081,0.028,0.048,0.05,0.047,0.05,0.081,0.028,0.047,0.05,0.082,0.037,0.047,0.05,0.047,0.05,0.047,0.048,0.048,0.048,0.082,0.037,0.081,0.038,0.048,0.05,0.047,0.05,0.047,0.048,0.081,0.028,0.048,0.048,0.081,0.048,0.048,0.05,0.048,0.047,0.048,0.048,0.05,0.047,0.048,0.048,0.047,0.05,0.048,0.048,0.05,0.047,0.048,0.081,0.028,0.082,0.037,0.048,0.05,0.048,0.048,0.048,0.082,0.027,0.048,0.048,0.048,0.048,0.047,0.05,0.048,0.048,0.05,0.048,0.05,
0.0,0.016,0.006,0.0,-0.002,-0.003,0.001,0.0,-0.001,0.001,-0.003,0.001,-0.001,0.001,-0.001,0.0,0.0,0.0,0.0,-0.001,0.001,-0.003,0.0,0.0,0.0,0.001,-0.001,-0.001,0.0,-0.005,0.001,0.0,-0.003,0.0,0.0,0.0,0.0,0.0,-0.001,-0.001,0.0,-0.001,-0.001,-0.002,-0.003,0.001,-0.001,0.001,-0.001,-0.002,0.0,0.001,0.0,-0.002,0.0,0.0,0.0,-0.003,0.0,-0.002,-0.003,0.0,0.001,0.0,-0.002,0.0,0.0,-0.001,0.001,0.0,-0.001,-0.001,0.001,-0.001,0.001,-0.001,-0.001,-0.001,0.0,-0.003,0.0,-0.001,-0.001,0.001,0.0,0.0,-0.001,-0.001,0.0,0.0,0.001,-0.003,0.001,0.0,-0.001,-0.002,-0.001,-0.001,0.0,0.0,
-0.018,0.022,-0.037,-0.037,-0.036,-0.037,-0.037,-0.037,-0.037,-0.025,-0.037,-0.025,-0.037,-0.036,-0.021,0.001,-0.035,-0.037,-0.036,-0.037,-0.021,0.001,-0.035,-0.037,-0.036,-0.024,-0.037,-0.037,-0.038,-0.037,-0.025,-0.037,-0.036,-0.021,0.001,-0.035,-0.038,-0.025,-0.037,-0.037,-0.044,-0.037,-0.025,-0.037,-0.037,-0.025,-0.037,-0.043,-0.037,-0.044,-0.038,-0.037,-0.025,-0.037,-0.037,-0.037,-0.024,-0.037,-0.043,-0.036,-0.037,-0.037,-0.037,-0.037,-0.037,-0.038,-0.037,-0.021,0.002,-0.036,-0.038,-0.037,-0.036,-0.038,-0.037,-0.037,-0.037,-0.037,-0.037,-0.037,-0.037,-0.037,-0.037,-0.044,-0.038,-0.036,-0.038,-0.036,-0.037,-0.037,-0.036,-0.038,-0.037,-0.025,-0.037,-0.043,-0.037,-0.037,-0.037,-0.033,
0.101,0.128,0.125,0.122,0.117,0.112,0.113,0.113,0.113,0.112,0.112,0.113,0.113,0.112,0.113,0.112,0.113,0.113,0.112,0.113,0.113,0.112,0.113,0.113,0.113,0.112,0.113,0.112,0.113,0.112,0.113,0.112,0.113,0.112,0.113,0.113,0.113,0.112,0.113,0.113,0.113,0.113,0.112,0.112,0.113,0.113,0.112,0.113,0.112,0.113,0.113,0.112,0.112,0.113,0.112,0.113,0.113,0.113,0.112,0.113,0.112,0.113,0.113,0.112,0.113,0.112,0.112,0.113,0.113,0.112,0.113,0.112,0.113,0.113,0.112,0.112,0.113,0.112,0.112,0.113,0.113,0.113,0.113,0.112,0.113,0.112,0.113,0.113,0.113,0.113,0.113,0.113,0.113,0.113,0.112,0.113,0.112,0.113,0.113,0.112,
-0.028,-0.022,-0.009,-0.014,-0.024,-0.031,-0.04,-0.04,-0.04,-0.04,-0.039,-0.04,-0.039,-0.04,-0.039,-0.04,-0.04,-0.039,-0.04,-0.04,-0.04,-0.04,-0.04,-0.04,-0.04,-0.04,-0.04,-0.04,-0.04,-0.04,-0.039,-0.04,-0.039,-0.039,-0.039,-0.04,-0.04,-0.039,-0.046,-0.04,-0.039,-0.039,-0.04,-0.039,-0.047,-0.04,-0.038,-0.046,-0.039,-0.04,-0.039,-0.04,-0.039,-0.047,-0.039,-0.04,-0.039,-0.046,-0.04,-0.039,-0.039,-0.04,-0.04,-0.039,-0.039,-0.04,-0.046,-0.04,-0.039,-0.04,-0.04,-0.04,-0.039,-0.047,-0.039,-0.039,-0.039,-0.04,-0.046,-0.039,-0.04,-0.04,-0.04,-0.039,-0.039,-0.047,-0.039,-0.04,-0.039,-0.04,-0.046,-0.04,-0.039,-0.04,-0.04,-0.04,-0.04,-0.039,-0.04,-0.039,
-0.031,-0.053,-0.048,-0.032,-0.046,-0.032,-0.047,-0.032,-0.031,-0.031,-0.031,-0.047,-0.031,-0.032,-0.048,-0.046,-0.048,-0.031,-0.032,-0.032,-0.046,-0.038,-0.031,-0.03,-0.048,-0.031,-0.046,-0.048,-0.048,-0.03,-0.048,-0.03,-0.047,-0.031,-0.048,-0.031,-0.032,-0.031,-0.048,-0.032,-0.031,-0.031,-0.032,-0.031,-0.048,-0.03,-0.047,-0.038,-0.046,-0.032,-0.031,-0.046,-0.031,-0.032,-0.032,-0.03,-0.048,-0.03,-0.047,-0.047,-0.038,-0.046,-0.038,-0.046,-0.031,-0.032,-0.048,-0.047,-0.048,-0.032,-0.031,-0.03,-0.032,-0.047,-0.038,-0.03,-0.039,-0.03,-0.031,-0.031,-0.048,-0.046,-0.039,-0.03,-0.031,-0.039,-0.03,-0.047,-0.048,-0.031,-0.032,-0.031,-0.046,-0.039,-0.03,-0.032,-0.031,-0.048,-0.031,-0.031,
0.004,0.054,-0.001,0.013,0.012,0.008,0.011,0.014,0.011,0.012,0.011,0.012,0.011,0.011,0.012,0.011,0.009,0.014,0.011,0.007,0.013,0.012,0.008,0.011,0.013,0.012,0.009,0.013,0.011,0.012,0.011,0.012,0.011,0.011,0.013,0.009,0.011,0.011,0.014,0.008,0.011,0.013,0.012,0.011,0.011,0.012,0.011,0.011,0.012,0.007,0.012,0.012,0.009,0.012,0.011,0.011,0.011,0.013,0.008,0.011,0.012,0.013,0.011,0.011,0.012,0.011,0.012,0.011,0.011,0.012,0.009,0.011,0.011,0.012,0.013,0.012,0.011,0.011,0.012,0.011,0.012,0.009,0.012,0.013,0.007,0.011,0.013,0.011,0.013,0.011,0.008,0.011,0.012,0.012,0.008,0.012,0.009,0.011,0.013,0.011,
0.036,0.106,0.049,0.039,0.037,0.037,0.035,0.057,0.035,0.038,0.035,0.038,0.035,0.038,0.035,0.038,0.035,0.037,0.038,0.037,0.06,0.037,0.037,0.037,0.038,0.037,0.037,0.037,0.037,0.037,0.037,0.038,0.035,0.038,0.037,0.038,0.037,0.037,0.037,0.037,0.035,0.038,0.037,0.038,0.037,0.037,0.038,0.037,0.037,0.037,0.037,0.037,0.037,0.037,0.037,0.037,0.037,0.037,0.037,0.037,0.035,0.037,0.038,0.037,0.037,0.038,0.037,0.037,0.038,0.037,0.037,0.037,0.035,0.038,0.035,0.038,0.035,0.038,0.035,0.038,0.037,0.037,0.037,0.037,0.037,0.037,0.038,0.037,0.037,0.038,0.062,0.037,0.037,0.037,0.037,0.037,0.037,0.037,0.037,0.037,
0.02,0.039,0.047,0.019,0.02,0.02,0.02,0.019,0.019,0.019,0.02,0.02,0.02,0.02,0.02,0.02,0.019,0.02,0.02,0.019,0.019,0.02,0.02,0.02,0.02,0.019,0.02,0.02,0.019,0.02,0.02,0.02,0.02,0.02,0.02,0.02,0.02,0.02,0.02,0.02,0.02,0.02,0.019,0.02,0.02,0.019,0.02,0.02,0.02,0.02,0.02,0.02,0.02,0.02,0.02,0.02,0.02,0.02,0.02,0.019,0.02,0.02,0.019,0.02,0.02,0.02,0.02,0.02,0.02,0.02,0.02,0.02,0.02,0.02,0.02,0.02,0.019,0.02,0.02,0.019,0.02,0.02,0.02,0.02,0.02,0.02,0.02,0.02,0.02,0.02,0.02,0.02,0.02,0.019,0.02,0.02,0.019,0.02,0.02,0.019,
0.004,-0.026,-0.016,0.007,-0.016,0.003,0.003,-0.042,-0.017,-0.042,-0.025,0.006,-0.017,0.003,0.007,-0.055,-0.009,0.006,-0.105,-0.342,0.021,-0.055,0.009,-0.041,0.009,-0.042,0.004,0.006,-0.118,-0.316,-0.01,0.006,-0.058,-0.023,0.01,-0.019,0.006,-0.055,-0.023,0.009,-0.055,-0.086,-0.328,-0.025,0.006,-0.055,-0.019,-0.042,0.036,-0.06,-0.017,-0.003,-0.047,0.009,-0.118,-0.294,-0.038,-0.046,0.004,0.006,-0.022,0.007,-0.045,0.004,0.003,-0.042,0.009,-0.063,-0.311,-0.049,0.003,0.004,-0.042,-0.023,0.004,0.007,-0.044,-0.023,0.035,-0.071,-0.056,-0.336,-0.056,-0.017,-0.045,0.003,-0.044,0.004,0.004,-0.015,0.007,-0.09,-0.305,-0.03,-0.042,-0.022,0.009,0.003,-0.044,-0.01,
0.221,0.332,0.351,0.352,0.362,0.355,0.359,0.361,0.355,0.362,0.355,0.36,0.356,0.359,0.359,0.359,0.359,0.359,0.359,0.361,0.355,0.359,0.361,0.359,0.362,0.359,0.359,0.359,0.356,0.359,0.361,0.355,0.359,0.359,0.36,0.355,0.359,0.359,0.362,0.359,0.359,0.362,0.359,0.359,0.362,0.355,0.362,0.355,0.36,0.356,0.359,0.359,0.356,0.362,0.359,0.359,0.359,0.361,0.359,0.361,0.359,0.359,0.36,0.359,0.361,0.359,0.359,0.359,0.359,0.359,0.359,0.36,0.359,0.356,0.362,0.359,0.359,0.361,0.355,0.359,0.359,0.359,0.359,0.359,0.359,0.359,0.359,0.359,0.359,0.359,0.359,0.359,0.359,0.359,0.359,0.359,0.359,0.359,0.359,0.342,
0.0,-0.034,-0.044,-0.044,-0.085,-0.038,-0.041,-0.039,-0.041,-0.041,-0.04,-0.041,-0.039,-0.041,-0.039,-0.04,-0.04,-0.04,-0.053,-0.04,-0.039,-0.053,-0.04,-0.039,-0.053,-0.04,-0.041,-0.039,-0.041,-0.039,-0.04,-0.039,-0.041,-0.041,-0.04,-0.041,-0.04,-0.04,-0.04,-0.041,-0.04,-0.04,-0.04,-0.041,-0.039,-0.04,-0.04,-0.053,-0.039,-0.041,-0.04,-0.039,-0.04,-0.053,-0.039,-0.041,-0.04,-0.041,-0.039,-0.041,-0.04,-0.041,-0.039,-0.041,-0.041,-0.04,-0.039,-0.053,-0.04,-0.039,-0.053,-0.039,-0.053,-0.039,-0.041,-0.039,-0.041,-0.039,-0.04,-0.053,-0.039,-0.053,-0.039,-0.041,-0.04,-0.04,-0.041,-0.039,-0.041,-0.041,-0.04,-0.04,-0.041,-0.041,-0.039,-0.041,-0.04,-0.039,-0.04,-0.053,
0.022,0.021,0.022,0.021,0.022,0.021,0.021,0.021,0.022,0.021,0.021,0.022,0.021,0.021,0.022,0.021,0.022,0.021,0.022,0.022,0.021,0.021,0.022,0.021,0.022,0.021,0.021,0.022,0.021,0.021,0.021,0.021,0.021,0.021,0.022,0.021,0.021,0.022,0.021,0.022,0.021,0.022,0.021,0.022,0.021,0.021,0.021,0.021,0.022,0.022,0.021,0.021,0.022,0.021,0.022,0.021,0.022,0.021,0.021,0.021,0.022,0.022,0.021,0.021,0.021,0.021,0.022,0.021,0.021,0.021,0.021,0.021,0.021,0.022,0.022,0.022,0.021,0.021,0.022,0.021,0.021,0.022,0.021,0.022,0.021,0.021,0.021,0.022,0.021,0.021,0.021,0.022,0.022,0.021,0.021,0.021,0.021,0.021,0.021,0.022,
0.0,0.014,-0.004,-0.001,-0.006,-0.001,0.0,0.0,-0.001,-0.007,-0.002,-0.001,0.0,-0.006,-0.001,-0.001,-0.001,-0.001,-0.001,-0.006,-0.001,-0.002,0.0,-0.001,-0.006,-0.005,0.001,-0.005,-0.001,-0.004,-0.002,-0.009,-0.002,-0.001,-0.001,-0.005,0.0,-0.001,-0.001,-0.001,-0.006,-0.002,-0.007,0.0,-0.006,-0.001,-0.001,-0.004,-0.005,-0.001,-0.001,-0.006,0.0,0.0,-0.009,-0.001,-0.004,-0.006,0.0,-0.001,-0.001,-0.006,-0.002,-0.001,-0.001,-0.004,-0.002,-0.001,0.0,-0.001,-0.004,0.0,-0.001,-0.001,0.0,-0.001,0.0,-0.001,-0.001,-0.001,-0.001,-0.006,-0.005,-0.006,-0.001,-0.001,0.0,0.0,-0.004,-0.006,-0.006,-0.005,-0.006,-0.001,-0.001,-0.006,-0.001,-0.002,0.0,-0.006,
0.078,0.136,0.106,0.07,0.078,0.078,0.078,0.077,0.078,0.078,0.078,0.078,0.078,0.078,0.078,0.078,0.076,0.076,0.078,0.078,0.078,0.078,0.076,0.078,0.078,0.076,0.078,0.064,0.077,0.078,0.064,0.079,0.078,0.076,0.076,0.076,0.076,0.078,0.078,0.078,0.078,0.078,0.078,0.076,0.076,0.076,0.078,0.064,0.079,0.078,0.078,0.076,0.076,0.076,0.079,0.078,0.078,0.076,0.078,0.076,0.078,0.076,0.076,0.078,0.078,0.064,0.077,0.078,0.078,0.077,0.076,0.078,0.076,0.076,0.076,0.078,0.064,0.077,0.078,0.078,0.078,0.076,0.076,0.076,0.079,0.078,0.078,0.076,0.078,0.078,0.078,0.076,0.078,0.078,0.076,0.076,0.077,0.079,0.078,0.078,
0.105,0.123,0.083,-0.121,-0.088,-0.189,-0.314,-0.267,-0.326,-0.3,-0.279,-0.29,-0.297,-0.302,-0.168,-0.226,-0.24,-0.226,-0.198,-0.253,-0.262,-0.24,-0.224,-0.254,-0.23,-0.244,-0.283,-0.334,-0.256,-0.295,-0.271,-0.319,-0.296,-0.301,-0.168,-0.226,-0.24,-0.226,-0.198,-0.253,-0.262,-0.24,-0.224,-0.254,-0.23,-0.244,-0.283,-0.334,-0.256,-0.295,-0.271,-0.319,-0.296,-0.301,-0.168,-0.226,-0.24,-0.226,-0.198,-0.253,-0.262,-0.24,-0.224,-0.254,-0.23,-0.244,-0.283,-0.334,-0.256,-0.295,-0.271,-0.319,-0.296,-0.301,-0.168,-0.226,-0.24,-0.226,-0.198,-0.253,-0.262,-0.24,-0.224,-0.254,-0.23,-0.244,-0.283,-0.334,-0.256,-0.295,-0.271,-0.319,-0.296,-0.301,-0.168,-0.226,-0.24,-0.226,-0.198,-0.202,
0.043,0.053,0.029,0.029,0.028,0.029,0.029,0.028,0.029,0.029,0.029,0.028,0.029,0.029,0.029,0.029,0.028,0.029,0.029,0.029,0.029,0.028,0.029,0.028,0.029,0.029,0.028,0.028,0.028,0.028,0.028,0.028,0.028,0.028,0.029,0.029,0.028,0.028,0.028,0.028,0.028,0.028,0.028,0.028,0.028,0.028,0.029,0.028,0.029,0.029,0.028,0.029,0.029,0.029,0.028,0.029,0.029,0.029,0.028,0.028,0.028,0.029,0.029,0.028,0.029,0.029,0.029,0.029,0.028,0.028,0.028,0.029,0.029,0.028,0.028,0.029,0.029,0.028,0.029,0.029,0.028,0.028,0.028,0.028,0.029,0.029,0.028,0.029,0.028,0.028,0.028,0.028,0.028,0.028,0.028,0.028,0.028,0.029,0.028,0.028,
0.036,0.026,0.008,0.0,-0.007,-0.008,-0.008,-0.008,-0.008,-0.008,-0.008,-0.009,-0.008,-0.008,-0.008,-0.008,-0.007,-0.008,-0.008,-0.01,-0.008,-0.007,-0.007,-0.01,-0.008,-0.01,-0.008,-0.007,-0.008,-0.008,-0.008,-0.008,-0.008,-0.007,-0.008,-0.008,-0.008,-0.008,-0.008,-0.008,-0.008,-0.007,-0.01,-0.008,-0.008,-0.007,-0.011,-0.008,-0.007,-0.008,-0.008,-0.008,-0.008,-0.008,-0.008,-0.008,-0.008,-0.008,-0.008,-0.008,-0.008,-0.008,-0.008,-0.008,-0.008,-0.008,-0.008,-0.008,-0.008,-0.008,-0.008,-0.008,-0.008,-0.008,-0.008,-0.008,-0.008,-0.008,-0.008,-0.008,-0.008,-0.008,-0.008,-0.008,-0.008,-0.008,-0.008,-0.008,-0.008,-0.008,-0.008,-0.008,-0.008,-0.008,-0.008,-0.008,-0.008,-0.008,-0.008,-0.009,
0.173,-0.105,0.133,0.059,-0.001,0.02,0.001,0.018,-0.055,-0.028,-0.014,-0.035,-0.057,0.015,-0.055,-0.028,-0.014,-0.027,-0.057,0.023,-0.055,-0.036,-0.014,-0.027,-0.057,0.015,-0.055,-0.028,-0.014,-0.019,-0.057,0.007,-0.055,-0.028,-0.014,-0.027,-0.057,0.015,-0.055,-0.02,-0.014,-0.035,-0.057,0.015,-0.055,-0.028,-0.014,-0.027,-0.057,0.023,-0.055,-0.036,-0.014,-0.027,-0.057,0.015,-0.055,-0.028,-0.014,-0.019,-0.057,0.007,-0.055,-0.028,-0.014,-0.027,-0.057,0.015,-0.055,-0.02,-0.014,-0.035,-0.057,0.015,-0.055,-0.028,-0.014,-0.027,-0.057,0.023,-0.055,-0.036,-0.014,-0.027,-0.057,0.015,-0.055,-0.028,-0.014,-0.019,-0.057,0.007,-0.055,-0.028,-0.014,-0.027,-0.057,0.015,-0.055,-0.018,
-0.025,0.007,-0.029,-0.043,-0.028,-0.024,-0.026,-0.025,-0.026,-0.025,-0.025,-0.025,-0.025,-0.025,-0.025,-0.026,-0.024,-0.026,-0.025,-0.025,-0.025,-0.025,-0.026,-0.025,-0.025,-0.025,-0.024,-0.025,-0.026,-0.026,-0.025,-0.025,-0.025,-0.025,-0.025,-0.026,-0.025,-0.025,-0.025,-0.024,-0.025,-0.026,-0.025,-0.026,-0.025,-0.025,-0.025,-0.026,-0.025,-0.024,-0.025,-0.025,-0.026,-0.025,-0.024,-0.026,-0.025,-0.025,-0.025,-0.025,-0.026,-0.024,-0.025,-0.026,-0.025,-0.025,-0.025,-0.026,-0.025,-0.025,-0.026,-0.026,-0.025,-0.026,-0.025,-0.026,-0.025,-0.025,-0.025,-0.025,-0.026,-0.025,-0.026,-0.025,-0.025,-0.025,-0.025,-0.026,-0.025,-0.026,-0.025,-0.025,-0.024,-0.025,-0.026,-0.026,-0.025,-0.026,-0.024,-0.026,
0.153,0.178,0.17,0.16,0.171,0.171,0.172,0.171,0.171,0.172,0.17,0.172,0.171,0.165,0.171,0.171,0.172,0.171,0.16,0.163,0.164,0.17,0.172,0.171,0.172,0.163,0.16,0.161,0.171,0.171,0.171,0.16,0.161,0.172,0.163,0.165,0.17,0.172,0.171,0.152,0.162,0.163,0.172,0.172,0.171,0.172,0.171,0.171,0.163,0.172,0.152,0.172,0.171,0.171,0.171,0.172,0.163,0.152,0.172,0.171,0.163,0.152,0.172,0.171,0.163,0.152,0.172,0.171,0.171,0.163,0.152,0.172,0.163,0.152,0.162,0.17,0.172,0.171,0.163,0.16,0.165,0.171,0.151,0.162,0.171,0.171,0.151,0.162,0.163,0.152,0.162,0.163,0.152,0.171,0.172,0.16,0.163,0.172,0.16,0.163,
0.126,0.172,0.155,0.142,0.146,0.146,0.145,0.147,0.145,0.146,0.146,0.146,0.146,0.146,0.146,0.146,0.146,0.146,0.146,0.146,0.146,0.146,0.146,0.146,0.146,0.146,0.146,0.146,0.146,0.146,0.146,0.146,0.147,0.145,0.146,0.146,0.146,0.146,0.145,0.146,0.146,0.145,0.146,0.146,0.146,0.146,0.145,0.146,0.145,0.146,0.146,0.146,0.145,0.146,0.146,0.146,0.146,0.146,0.146,0.146,0.146,0.146,0.146,0.146,0.146,0.146,0.146,0.146,0.146,0.146,0.146,0.146,0.146,0.146,0.146,0.146,0.146,0.146,0.146,0.146,0.146,0.146,0.146,0.146,0.146,0.146,0.146,0.146,0.146,0.146,0.146,0.146,0.146,0.146,0.146,0.146,0.146,0.146,0.146,0.146,
-0.03,0.01,-0.014,-0.031,-0.038,-0.038,-0.038,-0.038,-0.039,-0.038,-0.038,-0.038,-0.038,-0.038,-0.038,-0.038,-0.038,-0.038,-0.038,-0.038,-0.038,-0.038,-0.038,-0.038,-0.038,-0.038,-0.038,-0.038,-0.038,-0.038,-0.038,-0.038,-0.038,-0.038,-0.038,-0.038,-0.038,-0.038,-0.038,-0.038,-0.038,-0.038,-0.038,-0.038,-0.038,-0.038,-0.038,-0.038,-0.038,-0.038,-0.038,-0.038,-0.038,-0.038,-0.038,-0.038,-0.038,-0.038,-0.038,-0.038,-0.038,-0.038,-0.038,-0.038,-0.038,-0.038,-0.038,-0.038,-0.038,-0.038,-0.038,-0.038,-0.038,-0.038,-0.038,-0.038,-0.038,-0.038,-0.038,-0.038,-0.038,-0.038,-0.038,-0.038,-0.038,-0.038,-0.038,-0.038,-0.038,-0.038,-0.038,-0.038,-0.038,-0.038,-0.038,-0.038,-0.038,-0.038,-0.038,-0.038,
0.037,0.003,-0.031,-0.023,-0.011,-0.029,-0.014,-0.029,-0.014,-0.029,-0.014,-0.029,-0.015,-0.029,-0.015,-0.029,-0.014,-0.029,-0.015,-0.029,-0.014,-0.029,-0.014,-0.029,-0.014,-0.029,-0.014,-0.029,-0.014,-0.029,-0.014,-0.029,-0.014,-0.029,-0.014,-0.029,-0.014,-0.029,-0.014,-0.029,-0.014,-0.029,-0.014,-0.029,-0.014,-0.029,-0.014,-0.029,-0.014,-0.029,-0.014,-0.029,-0.014,-0.029,-0.014,-0.029,-0.014,-0.029,-0.014,-0.029,-0.014,-0.029,-0.014,-0.029,-0.014,-0.029,-0.014,-0.029,-0.014,-0.029,-0.014,-0.029,-0.014,-0.029,-0.014,-0.029,-0.014,-0.029,-0.014,-0.029,-0.014,-0.029,-0.014,-0.029,-0.014,-0.029,-0.014,-0.029,-0.014,-0.029,-0.014,-0.029,-0.014,-0.029,-0.014,-0.029,-0.014,-0.029,-0.014,-0.029,
0.008,-0.051,-0.043,-0.062,-0.023,-0.001,-0.028,-0.03,-0.047,-0.074,-0.146,-0.12,-0.175,-0.104,-0.063,-0.104,-0.055,-0.123,-0.145,-0.09,-0.149,-0.125,-0.14,-0.112,-0.161,-0.107,-0.138,-0.132,-0.131,-0.123,-0.151,-0.111,-0.138,-0.132,-0.132,-0.124,-0.152,-0.112,-0.139,-0.133,-0.128,-0.12,-0.148,-0.114,-0.14,-0.134,-0.129,-0.121,-0.149,-0.115,-0.141,-0.135,-0.13,-0.122,-0.15,-0.11,-0.137,-0.131,-0.131,-0.123,-0.151,-0.111,-0.138,-0.132,-0.132,-0.124,-0.152,-0.112,-0.139,-0.133,-0.128,-0.12,-0.148,-0.114,-0.14,-0.134,-0.129,-0.121,-0.149,-0.115,-0.141,-0.135,-0.13,-0.122,-0.15,-0.11,-0.137,-0.131,-0.131,-0.123,-0.151,-0.111,-0.138,-0.132,-0.132,-0.124,-0.152,-0.112,-0.139,-0.138,
0.047,0.081,0.06,0.055,0.055,0.055,0.052,0.054,0.055,0.05,0.055,0.05,0.055,0.054,0.054,0.055,0.05,0.055,0.052,0.056,0.054,0.055,0.05,0.055,0.052,0.056,0.054,0.055,0.05,0.055,0.052,0.055,0.054,0.055,0.054,0.055,0.054,0.055,0.054,0.055,0.054,0.055,0.05,0.055,0.052,0.055,0.052,0.055,0.05,0.055,0.055,0.05,0.055,0.054,0.054,0.056,0.054,0.054,0.055,0.054,0.054,0.054,0.054,0.055,0.054,0.054,0.054,0.054,0.054,0.055,0.054,0.054,0.054,0.054,0.054,0.054,0.054,0.054,0.054,0.054,0.054,0.054,0.054,0.054,0.054,0.054,0.054,0.054,0.054,0.054,0.054,0.054,0.054,0.054,0.054,0.054,0.054,0.054,0.054,0.054,
0.069,0.139,0.106,0.071,0.069,0.069,0.069,0.069,0.069,0.069,0.07,0.07,0.069,0.053,0.071,0.053,0.071,0.07,0.069,0.069,0.07,0.054,0.069,0.069,0.069,0.07,0.069,0.069,0.069,0.069,0.069,0.069,0.069,0.071,0.054,0.071,0.066,0.07,0.069,0.069,0.069,0.069,0.069,0.069,0.07,0.053,0.069,0.071,0.068,0.069,0.069,0.071,0.054,0.069,0.069,0.07,0.069,0.07,0.07,0.069,0.07,0.069,0.07,0.053,0.071,0.053,0.071,0.068,0.07,0.069,0.069,0.07,0.068,0.07,0.07,0.069,0.069,0.069,0.071,0.068,0.069,0.068,0.069,0.069,0.07,0.069,0.07,0.068,0.07,0.053,0.071,0.054,0.071,0.069,0.069,0.071,0.069,0.069,0.07,0.069,
0.186,0.192,0.167,0.129,0.104,0.089,0.141,0.099,0.089,0.141,0.099,0.089,0.141,0.099,0.09,0.141,0.099,0.09,0.141,0.099,0.089,0.141,0.099,0.09,0.141,0.099,0.089,0.141,0.099,0.089,0.141,0.099,0.089,0.14,0.099,0.089,0.141,0.099,0.089,0.14,0.099,0.087,0.141,0.101,0.089,0.142,0.101,0.089,0.141,0.101,0.089,0.14,0.098,0.089,0.141,0.099,0.089,0.141,0.099,0.089,0.14,0.098,0.089,0.14,0.098,0.089,0.14,0.098,0.089,0.14,0.099,0.089,0.141,0.099,0.09,0.141,0.099,0.089,0.141,0.099,0.089,0.141,0.099,0.089,0.141,0.099,0.089,0.141,0.099,0.089,0.141,0.099,0.089,0.141,0.099,0.089,0.141,0.099,0.089,0.14,
-0.129,-0.113,-0.142,-0.143,-0.14,-0.143,-0.142,-0.142,-0.142,-0.141,-0.142,-0.142,-0.141,-0.142,-0.141,-0.142,-0.143,-0.142,-0.141,-0.141,-0.142,-0.143,-0.141,-0.142,-0.141,-0.142,-0.141,-0.142,-0.141,-0.142,-0.141,-0.142,-0.141,-0.142,-0.141,-0.142,-0.142,-0.142,-0.143,-0.141,-0.142,-0.142,-0.141,-0.142,-0.141,-0.142,-0.142,-0.142,-0.142,-0.143,-0.141,-0.142,-0.142,-0.142,-0.141,-0.142,-0.142,-0.141,-0.143,-0.141,-0.143,-0.141,-0.143,-0.142,-0.142,-0.141,-0.143,-0.141,-0.143,-0.141,-0.142,-0.141,-0.142,-0.142,-0.142,-0.142,-0.142,-0.142,-0.142,-0.141,-0.142,-0.142,-0.142,-0.143,-0.141,-0.142,-0.141,-0.141,-0.142,-0.142,-0.141,-0.142,-0.141,-0.142,-0.142,-0.142,-0.141,-0.141,-0.142,-0.139,
0.07,0.083,0.077,0.088,0.092,0.091,0.092,0.078,0.087,0.088,0.093,0.079,0.087,0.093,0.079,0.091,0.078,0.091,0.092,0.091,0.092,0.078,0.087,0.088,0.092,0.092,0.078,0.091,0.078,0.092,0.091,0.092,0.079,0.087,0.093,0.079,0.087,0.092,0.091,0.078,0.092,0.078,0.087,0.092,0.079,0.087,0.093,0.079,0.087,0.092,0.092,0.092,0.078,0.087,0.077,0.087,0.093,0.079,0.087,0.092,0.078,0.092,0.078,0.087,0.093,0.079,0.087,0.093,0.079,0.087,0.077,0.087,0.077,0.087,0.077,0.088,0.092,0.079,0.092,0.078,0.092,0.078,0.092,0.092,0.091,0.092,0.092,0.078,0.091,0.092,0.078,0.087,0.093,0.079,0.087,0.093,0.079,0.087,0.092,0.088,
0.068,0.109,0.078,0.071,0.071,0.066,0.071,0.071,0.071,0.071,0.071,0.071,0.071,0.071,0.071,0.071,0.071,0.071,0.071,0.071,0.071,0.071,0.071,0.071,0.071,0.071,0.071,0.071,0.071,0.071,0.071,0.071,0.071,0.071,0.071,0.071,0.071,0.071,0.071,0.071,0.071,0.071,0.071,0.071,0.071,0.071,0.071,0.071,0.071,0.071,0.071,0.071,0.071,0.071,0.071,0.071,0.071,0.071,0.071,0.071,0.071,0.071,0.071,0.071,0.071,0.071,0.071,0.071,0.071,0.071,0.071,0.071,0.071,0.071,0.071,0.071,0.071,0.071,0.071,0.071,0.071,0.071,0.071,0.071,0.071,0.071,0.071,0.071,0.071,0.071,0.071,0.071,0.071,0.071,0.071,0.071,0.071,0.071,0.071,0.071,
0.048,0.051,0.01,0.048,0.047,0.047,0.009,0.009,0.048,0.047,0.007,0.048,0.047,0.047,0.007,0.009,0.047,0.007,0.009,0.048,0.007,0.048,0.007,0.047,0.047,0.046,0.007,0.009,0.048,0.047,0.047,0.047,0.047,0.007,0.047,0.007,0.047,0.007,0.048,0.007,0.047,0.047,0.047,0.047,0.007,0.048,0.007,0.009,0.047,0.007,0.009,0.048,0.047,0.047,0.047,0.047,0.007,0.047,0.047,0.007,0.048,0.047,0.047,0.047,0.047,0.047,0.007,0.009,0.048,0.007,0.048,0.047,0.047,0.047,0.047,0.047,0.007,0.047,0.047,0.007,0.048,0.047,0.007,0.009,0.047,0.047,0.047,0.007,0.047,0.047,0.007,0.047,0.047,0.046,0.007,0.009,0.048,0.047,0.007,0.047,
0.065,0.086,0.064,0.064,0.064,0.064,0.065,0.065,0.065,0.066,0.065,0.065,0.065,0.066,0.065,0.065,0.065,0.065,0.065,0.065,0.065,0.065,0.066,0.046,0.066,0.066,0.065,0.064,0.049,0.065,0.065,0.046,0.066,0.064,0.046,0.066,0.065,0.066,0.065,0.065,0.046,0.063,0.061,0.053,0.066,0.066,0.064,0.065,0.061,0.046,0.066,0.065,0.065,0.065,0.065,0.065,0.065,0.065,0.065,0.065,0.064,0.065,0.065,0.067,0.065,0.05,0.065,0.066,0.046,0.067,0.065,0.046,0.065,0.065,0.065,0.067,0.053,0.066,0.053,0.061,0.046,0.066,0.065,0.046,0.066,0.065,0.046,0.066,0.065,0.053,0.066,0.053,0.065,0.066,0.065,0.066,0.065,0.062,0.065,0.065,
0.091,0.124,0.1,0.103,0.103,0.104,0.102,0.103,0.103,0.103,0.103,0.103,0.104,0.103,0.103,0.103,0.103,0.103,0.103,0.103,0.104,0.104,0.103,0.103,0.103,0.103,0.103,0.103,0.104,0.103,0.104,0.103,0.103,0.103,0.103,0.103,0.103,0.104,0.104,0.103,0.103,0.103,0.103,0.103,0.104,0.103,0.103,0.103,0.103,0.103,0.103,0.103,0.103,0.103,0.103,0.103,0.103,0.103,0.104,0.103,0.104,0.104,0.103,0.102,0.104,0.103,0.103,0.103,0.104,0.102,0.104,0.103,0.103,0.104,0.103,0.104,0.103,0.103,0.102,0.103,0.104,0.104,0.102,0.104,0.103,0.104,0.103,0.102,0.103,0.104,0.103,0.103,0.103,0.103,0.102,0.103,0.104,0.103,0.104,0.103,
-0.077,-0.06,-0.054,-0.045,-0.041,-0.045,-0.049,-0.05,-0.05,-0.049,-0.05,-0.05,-0.05,-0.05,-0.049,-0.05,-0.049,-0.05,-0.049,-0.05,-0.05,-0.05,-0.05,-0.049,-0.05,-0.05,-0.049,-0.05,-0.049,-0.049,-0.05,-0.049,-0.05,-0.05,-0.05,-0.049,-0.05,-0.05,-0.049,-0.05,-0.05,-0.05,-0.05,-0.05,-0.05,-0.049,-0.05,-0.049,-0.05,-0.049,-0.05,-0.05,-0.049,-0.05,-0.05,-0.05,-0.05,-0.05,-0.05,-0.049,-0.05,-0.049,-0.05,-0.05,-0.049,-0.05,-0.05,-0.05,-0.049,-0.05,-0.05,-0.05,-0.05,-0.049,-0.05,-0.05,-0.05,-0.05,-0.049,-0.05,-0.049,-0.05,-0.05,-0.049,-0.05,-0.049,-0.05,-0.049,-0.05,-0.05,-0.049,-0.05,-0.049,-0.05,-0.05,-0.05,-0.05,-0.049,-0.05,-0.049,
0.062,0.081,0.078,0.069,0.067,0.064,0.063,0.06,0.063,0.063,0.063,0.063,0.063,0.063,0.064,0.063,0.063,0.063,0.063,0.063,0.061,0.058,0.064,0.063,0.063,0.063,0.063,0.064,0.063,0.063,0.063,0.063,0.063,0.063,0.063,0.064,0.061,0.064,0.061,0.063,0.063,0.063,0.063,0.063,0.063,0.064,0.063,0.063,0.061,0.064,0.061,0.063,0.063,0.064,0.063,0.063,0.063,0.063,0.063,0.063,0.061,0.064,0.06,0.064,0.061,0.063,0.063,0.064,0.063,0.063,0.063,0.063,0.063,0.061,0.058,0.063,0.063,0.063,0.063,0.06,0.064,0.061,0.064,0.063,0.063,0.063,0.063,0.063,0.061,0.063,0.061,0.063,0.063,0.063,0.063,0.063,0.061,0.064,0.061,0.063,
0.127,0.122,0.133,0.163,0.138,0.154,0.133,0.152,0.133,0.153,0.133,0.153,0.133,0.153,0.138,0.152,0.133,0.153,0.151,0.137,0.153,0.133,0.153,0.139,0.149,0.153,0.137,0.154,0.134,0.153,0.138,0.143,0.154,0.134,0.153,0.139,0.152,0.127,0.146,0.149,0.15,0.15,0.153,0.139,0.143,0.152,0.132,0.153,0.139,0.152,0.137,0.153,0.138,0.153,0.133,0.153,0.136,0.149,0.153,0.138,0.149,0.152,0.138,0.153,0.138,0.15,0.15,0.15,0.15,0.152,0.139,0.143,0.15,0.153,0.138,0.152,0.122,0.143,0.152,0.138,0.153,0.139,0.15,0.149,0.154,0.133,0.153,0.138,0.14,0.153,0.124,0.143,0.152,0.137,0.154,0.134,0.15,0.153,0.138,0.084,
-0.09,-0.072,-0.079,-0.094,-0.109,-0.11,-0.111,-0.11,-0.111,-0.11,-0.111,-0.111,-0.109,-0.11,-0.136,-0.109,-0.11,-0.111,-0.109,-0.136,-0.034,-0.109,-0.131,-0.108,-0.129,-0.109,-0.111,-0.11,-0.11,-0.11,-0.127,-0.109,-0.111,-0.111,-0.036,-0.109,-0.11,-0.129,-0.11,-0.108,-0.136,-0.109,-0.111,-0.108,-0.124,-0.11,-0.11,-0.109,-0.111,-0.109,-0.11,-0.111,-0.11,-0.11,-0.129,-0.108,-0.129,-0.109,-0.11,-0.11,-0.11,-0.129,-0.109,-0.109,-0.111,-0.111,-0.109,-0.131,-0.109,-0.111,-0.11,-0.11,-0.109,-0.11,-0.11,-0.129,-0.11,-0.11,-0.037,-0.108,-0.131,-0.11,-0.11,-0.109,-0.11,-0.129,-0.109,-0.111,-0.109,-0.11,-0.11,-0.11,-0.127,-0.11,-0.11,-0.109,-0.127,-0.109,-0.129,-0.109,
0.236,0.197,0.256,0.328,0.241,0.251,0.255,0.258,0.261,0.265,0.323,0.242,0.242,0.245,0.249,0.251,0.255,0.258,0.261,0.264,0.322,0.243,0.242,0.245,0.249,0.252,0.255,0.258,0.261,0.265,0.328,0.229,0.246,0.249,0.251,0.256,0.258,0.261,0.265,0.323,0.247,0.245,0.249,0.251,0.256,0.258,0.261,0.266,0.323,0.246,0.245,0.249,0.251,0.255,0.258,0.261,0.265,0.328,0.242,0.246,0.249,0.252,0.256,0.26,0.261,0.266,0.328,0.242,0.246,0.249,0.252,0.256,0.26,0.261,0.266,0.327,0.229,0.242,0.243,0.248,0.251,0.254,0.257,0.261,0.263,0.267,0.323,0.241,0.239,0.242,0.246,0.249,0.253,0.255,0.258,0.261,0.266,0.324,0.235,0.246,
0.033,0.063,0.033,0.032,0.034,0.024,0.034,0.033,0.025,0.033,0.033,0.032,0.033,0.034,0.032,0.034,0.033,0.032,0.034,0.032,0.034,0.033,0.032,0.035,0.032,0.034,0.024,0.033,0.034,0.033,0.033,0.033,0.033,0.033,0.032,0.034,0.033,0.033,0.024,0.034,0.032,0.034,0.025,0.034,0.025,0.034,0.033,0.033,0.033,0.032,0.033,0.033,0.032,0.033,0.034,0.032,0.033,0.033,0.033,0.032,0.034,0.032,0.034,0.032,0.034,0.032,0.033,0.033,0.032,0.034,0.032,0.034,0.032,0.034,0.032,0.033,0.033,0.033,0.033,0.034,0.024,0.034,0.033,0.033,0.033,0.033,0.033,0.032,0.033,0.033,0.033,0.033,0.034,0.033,0.032,0.034,0.032,0.033,0.033,0.032,
0.053,0.103,-0.042,0.018,0.038,0.049,-0.016,0.028,0.047,-0.017,0.028,-0.017,0.028,0.047,-0.017,0.028,0.047,-0.017,0.028,0.047,-0.016,0.028,-0.017,0.028,0.047,-0.017,0.028,0.047,-0.016,0.028,0.047,-0.017,0.028,0.047,-0.017,0.028,0.047,-0.017,0.028,0.047,-0.017,0.028,0.047,-0.017,0.028,0.044,-0.016,0.028,0.044,0.048,-0.017,0.028,0.047,-0.017,0.028,0.047,-0.016,0.028,-0.017,0.028,0.044,0.048,-0.017,0.028,0.044,0.048,-0.017,0.028,0.047,-0.017,0.028,0.042,0.049,-0.017,0.029,0.048,-0.017,0.028,0.047,-0.017,0.028,0.047,-0.017,0.028,0.047,-0.016,0.028,0.044,0.049,-0.017,0.028,-0.017,0.028,0.042,0.048,-0.017,0.028,-0.017,0.028,-0.02,
0.066,0.161,0.094,0.138,0.066,0.075,0.065,0.074,0.065,0.063,0.075,0.065,0.063,0.074,0.065,0.074,0.065,0.075,0.065,0.075,0.065,0.075,0.065,0.075,0.065,0.075,0.065,0.075,0.065,0.075,0.065,0.075,0.065,0.075,0.065,0.075,0.065,0.075,0.065,0.075,0.065,0.075,0.065,0.075,0.065,0.075,0.065,0.075,0.065,0.075,0.065,0.075,0.065,0.075,0.065,0.075,0.065,0.075,0.065,0.075,0.065,0.075,0.065,0.075,0.065,0.075,0.065,0.075,0.065,0.075,0.065,0.075,0.065,0.075,0.065,0.075,0.065,0.075,0.065,0.075,0.065,0.075,0.065,0.075,0.065,0.075,0.065,0.075,0.065,0.075,0.065,0.075,0.065,0.075,0.065,0.075,0.065,0.075,0.065,0.075,
-0.049,0.053,-0.037,-0.061,-0.068,-0.073,-0.072,-0.076,-0.077,-0.075,-0.077,-0.076,-0.077,-0.075,-0.077,-0.076,-0.076,-0.076,-0.077,-0.076,-0.076,-0.076,-0.076,-0.076,-0.076,-0.076,-0.077,-0.075,-0.077,-0.076,-0.077,-0.075,-0.077,-0.076,-0.077,-0.076,-0.076,-0.076,-0.077,-0.076,-0.076,-0.076,-0.076,-0.076,-0.077,-0.075,-0.076,-0.076,-0.076,-0.076,-0.076,-0.076,-0.077,-0.075,-0.076,-0.076,-0.077,-0.075,-0.077,-0.076,-0.076,-0.076,-0.076,-0.076,-0.077,-0.076,-0.077,-0.075,-0.077,-0.075,-0.077,-0.075,-0.076,-0.076,-0.076,-0.076,-0.077,-0.075,-0.077,-0.075,-0.077,-0.076,-0.077,-0.075,-0.077,-0.075,-0.077,-0.076,-0.077,-0.076,-0.076,-0.076,-0.077,-0.076,-0.076,-0.076,-0.076,-0.076,-0.076,-0.075,
0.029,0.026,0.046,0.03,0.024,0.023,0.021,0.021,0.023,0.023,0.023,0.021,0.033,0.024,0.021,0.021,0.034,0.024,0.023,0.023,0.021,0.023,0.023,0.023,0.023,0.021,0.023,0.021,0.023,0.021,0.023,0.021,0.023,0.023,0.021,0.023,0.021,0.023,0.023,0.023,0.023,0.021,0.023,0.021,0.023,0.023,0.021,0.023,0.021,0.023,0.021,0.023,0.021,0.023,0.023,0.021,0.023,0.023,0.021,0.023,0.021,0.023,0.021,0.023,0.021,0.023,0.021,0.023,0.023,0.021,0.023,0.021,0.023,0.023,0.021,0.023,0.021,0.023,0.021,0.023,0.021,0.023,0.021,0.023,0.023,0.021,0.023,0.021,0.023,0.023,0.021,0.023,0.021,0.023,0.021,0.023,0.021,0.023,0.021,0.023,
0.107,0.126,0.106,0.108,0.106,0.107,0.106,0.107,0.107,0.107,0.107,0.107,0.107,0.107,0.106,0.107,0.107,0.106,0.107,0.106,0.107,0.107,0.107,0.107,0.107,0.106,0.106,0.107,0.106,0.107,0.106,0.107,0.106,0.107,0.107,0.107,0.107,0.107,0.106,0.107,0.106,0.107,0.106,0.107,0.106,0.107,0.106,0.107,0.106,0.107,0.106,0.107,0.106,0.107,0.106,0.107,0.106,0.107,0.106,0.107,0.106,0.107,0.106,0.107,0.106,0.107,0.106,0.107,0.106,0.107,0.106,0.107,0.106,0.107,0.106,0.107,0.106,0.107,0.106,0.107,0.106,0.107,0.106,0.107,0.106,0.107,0.106,0.107,0.106,0.107,0.106,0.107,0.106,0.107,0.106,0.107,0.106,0.107,0.106,0.109,
0.057,0.117,0.107,0.074,0.075,0.074,0.076,0.074,0.076,0.074,0.076,0.074,0.076,0.074,0.076,0.075,0.075,0.075,0.074,0.076,0.074,0.076,0.074,0.075,0.075,0.075,0.075,0.076,0.074,0.076,0.075,0.075,0.075,0.075,0.075,0.075,0.075,0.076,0.075,0.074,0.076,0.074,0.076,0.074,0.075,0.075,0.075,0.076,0.074,0.076,0.074,0.076,0.074,0.076,0.074,0.076,0.074,0.076,0.074,0.076,0.074,0.075,0.075,0.076,0.074,0.075,0.075,0.075,0.075,0.076,0.074,0.076,0.074,0.076,0.074,0.075,0.075,0.075,0.075,0.075,0.075,0.074,0.076,0.074,0.076,0.074,0.076,0.074,0.075,0.076,0.075,0.075,0.075,0.076,0.074,0.076,0.075,0.075,0.074,0.076,
0.016,0.032,0.018,0.017,0.018,0.018,0.015,0.015,0.018,0.017,0.017,0.018,0.017,0.017,0.017,0.017,0.018,0.018,0.018,0.017,0.018,0.015,0.017,0.018,0.017,0.017,0.018,0.015,0.018,0.017,0.017,0.018,0.017,0.017,0.018,0.017,0.017,0.018,0.017,0.017,0.018,0.017,0.017,0.018,0.017,0.017,0.018,0.017,0.017,0.018,0.017,0.017,0.018,0.017,0.017,0.018,0.017,0.017,0.018,0.017,0.017,0.018,0.017,0.017,0.018,0.017,0.017,0.018,0.017,0.017,0.018,0.017,0.017,0.018,0.017,0.017,0.018,0.017,0.017,0.018,0.017,0.017,0.018,0.017,0.017,0.018,0.017,0.017,0.018,0.017,0.017,0.018,0.017,0.017,0.018,0.017,0.017,0.018,0.017,0.017,
0.013,0.042,0.01,0.006,0.019,0.015,0.013,0.013,0.012,0.013,0.012,0.012,0.012,0.012,0.012,0.012,0.012,0.012,0.012,0.012,0.012,0.012,0.012,0.012,0.012,0.012,0.012,0.013,0.012,0.012,0.012,0.012,0.012,0.012,0.012,0.013,0.012,0.012,0.012,0.013,0.012,0.012,0.012,0.013,0.012,0.012,0.012,0.012,0.012,0.013,0.012,0.012,0.013,0.012,0.013,0.012,0.012,0.012,0.012,0.012,0.012,0.012,0.012,0.012,0.012,0.013,0.012,0.012,0.012,0.012,0.013,0.012,0.013,0.012,0.012,0.012,0.012,0.012,0.012,0.012,0.012,0.013,0.012,0.012,0.012,0.013,0.012,0.012,0.012,0.012,0.013,0.012,0.012,0.012,0.013,0.012,0.013,0.012,0.013,0.012,
0.027,-0.009,0.021,0.019,0.019,0.019,0.019,0.019,0.019,0.017,0.019,0.019,0.02,0.019,0.017,0.02,0.019,0.019,0.019,0.019,0.02,0.019,0.019,0.019,0.019,0.019,0.02,0.017,0.019,0.019,0.019,0.02,0.019,0.019,0.017,0.019,0.019,0.019,0.019,0.019,0.02,0.019,0.019,0.019,0.017,0.02,0.019,0.017,0.019,0.019,0.019,0.017,0.019,0.019,0.02,0.019,0.019,0.019,0.02,0.019,0.019,0.019,0.02,0.017,0.02,0.019,0.019,0.019,0.019,0.019,0.02,0.017,0.02,0.017,0.02,0.019,0.019,0.019,0.02,0.017,0.02,0.017,0.02,0.017,0.02,0.019,0.019,0.019,0.019,0.019,0.019,0.019,0.019,0.019,0.017,0.02,0.017,0.019,0.019,0.019,
0.064,0.023,0.01,0.009,0.003,-0.003,0.003,0.009,0.009,0.003,0.009,0.008,0.01,0.003,0.009,0.008,0.01,0.003,0.009,0.008,0.01,0.003,0.009,0.008,0.01,0.003,0.009,0.008,0.01,0.003,0.009,0.008,0.01,0.003,0.009,0.008,0.01,0.003,0.009,0.008,0.01,0.003,0.009,0.008,0.01,0.003,0.009,0.008,0.01,0.003,0.009,0.008,0.01,0.003,0.009,0.008,0.01,0.003,0.009,0.008,0.01,0.003,0.009,0.008,0.01,0.003,0.009,0.008,0.01,0.003,0.009,0.008,0.01,0.003,0.009,0.008,0.01,0.003,0.009,0.008,0.01,0.003,0.009,0.008,0.01,0.003,0.009,0.008,0.01,0.003,0.009,0.008,0.01,0.003,0.009,0.008,0.01,0.003,0.009,0.009,
-0.126,-0.201,-0.171,-0.158,-0.145,-0.145,-0.145,-0.145,-0.145,-0.145,-0.145,-0.145,-0.145,-0.145,-0.145,-0.146,-0.145,-0.145,-0.145,-0.145,-0.145,-0.145,-0.146,-0.145,-0.145,-0.145,-0.145,-0.145,-0.145,-0.145,-0.145,-0.145,-0.146,-0.145,-0.145,-0.145,-0.146,-0.145,-0.145,-0.145,-0.145,-0.145,-0.145,-0.145,-0.146,-0.145,-0.146,-0.145,-0.145,-0.145,-0.145,-0.145,-0.145,-0.145,-0.145,-0.145,-0.145,-0.145,-0.145,-0.145,-0.145,-0.145,-0.145,-0.145,-0.145,-0.145,-0.145,-0.145,-0.145,-0.145,-0.145,-0.145,-0.145,-0.145,-0.145,-0.145,-0.145,-0.145,-0.146,-0.145,-0.146,-0.145,-0.145,-0.145,-0.145,-0.145,-0.145,-0.145,-0.145,-0.145,-0.145,-0.145,-0.145,-0.146,-0.145,-0.145,-0.145,-0.145,-0.145,-0.144,
0.023,0.018,-0.003,0.002,0.001,0.002,0.001,0.002,0.002,0.002,0.001,0.002,0.002,0.002,0.002,0.002,0.002,0.001,0.002,0.001,0.002,0.001,0.003,0.001,0.002,0.002,0.002,0.002,0.002,0.001,0.002,0.002,0.002,0.002,0.002,0.001,0.002,0.002,0.002,0.003,0.001,0.002,0.002,0.002,0.002,0.002,0.002,0.002,0.002,0.002,0.002,0.002,0.002,0.002,0.002,0.002,0.002,0.002,0.002,0.002,0.002,0.002,0.002,0.001,0.002,0.001,0.003,0.002,0.002,0.002,0.002,0.002,0.002,0.002,0.002,0.002,0.002,0.002,0.002,0.002,0.002,0.002,0.002,0.002,0.002,0.002,0.001,0.002,0.002,0.002,0.002,0.002,0.002,0.002,0.001,0.002,0.002,0.002,0.003,0.001,
0.08,0.102,0.056,0.037,0.037,0.04,0.041,0.041,0.037,0.04,0.041,0.041,0.041,0.041,0.043,0.038,0.042,0.037,0.042,0.038,0.041,0.041,0.037,0.038,0.041,0.041,0.037,0.037,0.042,0.04,0.042,0.041,0.042,0.036,0.042,0.041,0.036,0.038,0.037,0.036,0.037,0.029,0.046,0.04,0.029,0.038,0.041,0.04,0.037,0.037,0.041,0.037,0.043,0.037,0.041,0.041,0.041,0.041,0.041,0.041,0.041,0.041,0.041,0.041,0.041,0.041,0.041,0.041,0.041,0.041,0.041,0.041,0.041,0.041,0.041,0.041,0.041,0.041,0.041,0.041,0.041,0.041,0.041,0.041,0.041,0.041,0.041,0.041,0.041,0.041,0.041,0.041,0.041,0.041,0.041,0.041,0.041,0.041,0.041,0.034,
-0.01,-0.038,-0.037,-0.013,-0.011,-0.011,-0.011,-0.011,-0.011,-0.009,-0.011,-0.011,-0.011,-0.009,-0.011,-0.011,-0.011,-0.011,-0.011,-0.011,-0.009,-0.027,-0.009,-0.009,-0.011,-0.011,-0.011,-0.011,-0.009,-0.011,-0.011,-0.011,-0.027,-0.008,-0.011,-0.009,-0.025,-0.009,-0.009,-0.011,-0.011,-0.012,-0.008,-0.012,-0.009,-0.011,-0.012,-0.011,-0.011,-0.009,-0.022,-0.009,-0.012,-0.008,-0.011,-0.011,-0.009,-0.038,-0.008,-0.011,-0.012,-0.009,-0.009,-0.012,-0.011,-0.011,-0.011,-0.011,-0.011,-0.011,-0.009,-0.011,-0.011,-0.011,-0.011,-0.011,-0.011,-0.011,-0.011,-0.025,-0.009,-0.007,-0.025,-0.007,-0.011,-0.011,-0.011,-0.011,-0.011,-0.012,-0.009,-0.009,-0.012,-0.011,-0.011,-0.009,-0.011,-0.025,-0.008,-0.008,
0.058,0.156,0.045,0.013,0.074,0.012,0.012,0.064,0.013,0.011,0.074,0.013,0.012,0.073,0.012,0.007,0.064,0.013,0.012,0.074,0.012,0.012,0.064,0.012,0.012,0.075,0.012,0.012,0.064,0.006,0.012,0.075,0.012,0.012,0.074,0.012,0.001,0.075,0.006,0.001,0.074,0.013,0.011,0.074,0.006,0.013,0.074,0.001,0.013,0.069,0.001,0.007,0.074,0.006,0.012,0.075,0.012,0.012,0.074,0.012,0.001,0.075,0.012,0.011,0.074,0.012,0.013,0.074,0.001,0.013,0.074,0.012,0.001,0.075,0.013,0.011,0.073,0.013,0.012,0.074,0.011,0.012,0.073,0.012,0.012,0.075,0.012,0.012,0.074,0.012,0.001,0.07,0.013,0.012,0.074,0.012,0.001,0.075,0.012,0.01,
0.051,-0.028,0.054,-0.047,0.051,0.05,-0.047,0.05,0.05,0.05,0.049,-0.047,-0.047,-0.047,0.051,-0.047,0.051,0.05,-0.049,-0.046,0.051,0.052,-0.047,0.05,-0.056,0.052,-0.047,-0.046,0.05,-0.047,0.051,-0.047,-0.047,0.053,0.049,0.05,-0.047,0.052,-0.055,0.051,-0.049,-0.047,0.051,-0.047,-0.045,0.052,0.05,-0.047,-0.047,-0.046,0.052,-0.047,-0.047,0.052,0.051,-0.049,0.051,-0.049,-0.046,0.053,-0.047,-0.046,-0.047,0.052,-0.047,0.051,0.05,-0.047,0.051,-0.047,0.051,0.051,-0.049,-0.046,0.051,-0.049,0.051,-0.049,0.051,-0.049,-0.047,-0.046,-0.046,-0.046,-0.046,0.053,0.051,-0.047,0.051,0.051,-0.047,-0.046,0.051,-0.047,-0.047,0.051,-0.047,0.051,0.05,0.05,
0.0,0.134,0.059,-0.033,0.036,-0.047,0.037,-0.047,0.035,-0.048,0.054,-0.042,0.037,-0.046,0.036,-0.046,0.037,-0.047,0.037,-0.046,0.036,-0.047,0.035,-0.047,0.036,-0.047,0.037,-0.046,0.036,-0.046,0.037,-0.046,0.036,-0.046,0.036,-0.046,0.036,-0.047,0.035,-0.046,0.036,-0.048,0.036,-0.046,0.036,-0.046,0.036,-0.046,0.037,-0.047,0.035,-0.046,0.035,-0.048,0.054,-0.041,0.037,-0.046,0.035,-0.046,0.037,-0.046,0.036,-0.047,0.035,-0.046,0.036,-0.046,0.035,-0.048,0.054,-0.041,0.037,-0.046,0.036,-0.047,0.036,-0.048,0.054,-0.042,0.037,-0.046,0.036,-0.046,0.036,-0.047,0.036,-0.046,0.036,-0.047,0.035,-0.047,0.036,-0.046,0.036,-0.046,0.036,-0.046,0.037,-0.05,
0.068,0.072,0.071,0.067,0.067,0.067,0.066,0.067,0.067,0.067,0.067,0.067,0.067,0.067,0.067,0.066,0.068,0.067,0.067,0.067,0.067,0.067,0.067,0.067,0.067,0.067,0.067,0.067,0.067,0.067,0.067,0.067,0.067,0.066,0.068,0.066,0.067,0.068,0.067,0.067,0.067,0.067,0.067,0.067,0.067,0.067,0.067,0.067,0.067,0.067,0.067,0.067,0.066,0.067,0.067,0.068,0.067,0.067,0.067,0.066,0.068,0.066,0.067,0.067,0.068,0.066,0.068,0.067,0.067,0.067,0.067,0.066,0.068,0.067,0.067,0.067,0.067,0.067,0.066,0.067,0.067,0.067,0.068,0.067,0.066,0.068,0.067,0.067,0.066,0.068,0.067,0.067,0.066,0.067,0.067,0.067,0.066,0.067,0.067,0.067,
0.006,-0.002,-0.008,0.006,0.005,0.002,0.004,0.002,0.006,0.002,0.002,0.006,0.005,0.002,0.004,0.006,0.002,0.004,0.002,0.006,0.002,0.004,-0.004,0.006,0.004,0.005,0.002,0.002,0.007,0.002,0.002,0.004,0.006,0.002,0.002,0.006,0.007,0.002,0.004,0.006,0.005,0.004,0.002,0.002,0.006,0.006,0.007,0.002,0.005,0.005,0.006,0.002,0.002,0.006,0.002,0.005,0.002,0.002,0.002,0.002,0.006,0.002,0.004,0.006,0.002,0.004,0.006,-0.007,0.004,0.006,0.004,0.002,0.004,0.006,0.002,0.006,0.007,0.005,0.002,0.007,0.002,0.005,0.002,0.004,-0.004,0.004,0.006,0.002,0.002,0.002,0.002,0.002,0.006,0.002,0.006,0.002,0.007,0.002,0.004,-0.004,
0.036,0.03,0.048,0.044,0.041,0.046,0.047,0.035,0.047,0.044,0.046,0.047,0.048,0.044,0.047,0.035,0.041,0.047,0.035,0.046,0.047,0.044,0.046,0.047,0.044,0.046,0.046,0.048,0.044,0.048,0.047,0.047,0.044,0.047,0.044,0.047,0.047,0.047,0.047,0.046,0.041,0.046,0.041,0.035,0.046,0.047,0.046,0.046,0.047,0.047,0.047,0.048,0.041,0.035,0.041,0.046,0.041,0.047,0.044,0.046,0.047,0.047,0.047,0.044,0.047,0.04,0.047,0.046,0.047,0.046,0.047,0.044,0.047,0.04,0.047,0.044,0.048,0.046,0.047,0.047,0.046,0.046,0.047,0.047,0.044,0.047,0.044,0.035,0.046,0.047,0.047,0.044,0.048,0.035,0.044,0.047,0.044,0.048,0.044,0.047,
0.118,0.089,0.13,0.09,0.104,0.105,0.081,0.081,0.081,0.104,0.081,0.081,0.104,0.08,0.104,0.08,0.104,0.081,0.104,0.08,0.081,0.105,0.081,0.104,0.08,0.081,0.104,0.105,0.081,0.081,0.104,0.08,0.103,0.08,0.104,0.08,0.104,0.081,0.081,0.104,0.105,0.081,0.081,0.081,0.103,0.08,0.081,0.104,0.105,0.081,0.103,0.081,0.081,0.104,0.104,0.081,0.103,0.08,0.104,0.081,0.081,0.081,0.104,0.104,0.08,0.104,0.081,0.081,0.104,0.105,0.081,0.081,0.104,0.104,0.081,0.103,0.081,0.081,0.104,0.08,0.103,0.081,0.081,0.103,0.081,0.081,0.104,0.104,0.081,0.08,0.081,0.104,0.105,0.081,0.081,0.081,0.104,0.104,0.08,0.081,
0.004,0.001,0.005,0.002,-0.023,0.008,0.001,0.005,0.001,0.005,-0.023,0.006,-0.014,-0.014,0.004,-0.002,0.004,-0.015,0.006,0.004,-0.023,0.004,0.004,0.002,0.007,-0.015,0.005,-0.014,0.006,-0.023,-0.013,0.006,0.004,-0.021,0.005,0.006,0.002,0.004,0.002,0.002,0.005,-0.024,0.005,0.005,0.006,-0.021,0.007,0.005,-0.017,0.004,-0.023,0.005,-0.011,0.002,0.004,0.002,-0.014,0.007,0.004,-0.021,-0.013,0.006,-0.014,0.007,0.001,0.004,-0.011,-0.014,0.004,0.005,-0.014,0.005,0.007,0.004,-0.023,0.007,-0.023,0.004,0.005,-0.014,0.004,0.007,0.002,-0.021,-0.013,0.006,0.001,-0.014,0.008,-0.023,0.005,0.004,0.002,0.006,0.004,-0.023,0.002,0.005,0.005,-0.02,
0.007,0.012,0.027,0.012,0.013,0.013,0.026,0.026,0.026,0.026,0.026,0.026,0.026,0.026,0.026,0.026,0.024,0.027,0.024,0.026,0.026,0.026,0.026,0.026,0.026,0.026,0.026,0.026,0.026,0.026,0.026,0.026,0.026,0.026,0.026,0.026,0.026,0.026,0.026,0.026,0.026,0.026,0.026,0.026,0.026,0.026,0.026,0.026,0.026,0.026,0.026,0.026,0.026,0.026,0.026,0.024,0.027,0.026,0.026,0.026,0.024,0.027,0.026,0.026,0.026,0.024,0.026,0.026,0.024,0.026,0.026,0.026,0.026,0.026,0.026,0.026,0.026,0.026,0.026,0.026,0.026,0.026,0.026,0.026,0.026,0.026,0.026,0.024,0.026,0.024,0.026,0.027,0.024,0.026,0.026,0.026,0.026,0.026,0.024,0.026,
0.0,-0.079,-0.054,-0.039,-0.014,-0.091,0.002,-0.02,-0.049,0.0,-0.063,-0.093,-0.051,-0.025,-0.13,-0.07,-0.113,-0.009,-0.127,0.0,-0.191,-0.121,-0.097,-0.094,-0.073,-0.064,-0.079,-0.038,-0.149,-0.038,-0.021,-0.033,-0.071,-0.062,-0.1,-0.16,-0.081,-0.172,-0.139,-0.032,-0.081,-0.031,-0.036,-0.057,-0.037,-0.132,-0.063,-0.157,-0.129,-0.125,-0.009,-0.116,-0.152,-0.121,-0.1,-0.11,-0.102,-0.109,-0.102,-0.109,-0.102,-0.109,-0.102,-0.109,-0.102,-0.109,-0.102,-0.109,-0.102,-0.109,-0.102,-0.109,-0.102,-0.109,-0.102,-0.109,-0.102,-0.109,-0.102,-0.109,-0.102,-0.109,-0.102,-0.109,-0.102,-0.109,-0.102,-0.109,-0.102,-0.109,-0.102,-0.109,-0.102,-0.109,-0.102,-0.109,-0.102,-0.109,-0.102,-0.093,
0.189,0.114,0.103,0.134,-0.032,0.07,0.007,0.041,-0.035,0.113,0.026,0.014,-0.023,0.046,-0.029,0.041,-0.008,0.038,-0.012,0.154,0.019,0.077,0.006,0.053,0.021,0.049,0.002,0.078,0.002,0.056,-0.021,0.037,-0.006,0.06,-0.017,0.052,0.005,0.011,-0.008,0.031,0.06,0.109,-0.033,0.047,0.069,0.02,-0.012,0.057,0.007,0.034,0.012,0.005,-0.002,0.002,-0.005,0.089,0.039,0.068,0.039,0.069,-0.035,0.098,-0.027,0.036,-0.011,0.038,-0.015,0.039,-0.027,0.135,0.05,0.063,0.039,0.066,-0.044,0.037,0.005,0.085,0.018,0.036,-0.036,0.089,0.005,0.084,0.0,0.035,0.007,0.014,0.024,0.094,-0.017,0.069,-0.035,0.031,-0.026,0.064,-0.015,0.009,-0.024,0.064,
0.123,0.109,0.11,0.113,0.108,0.109,0.124,0.118,0.124,0.121,0.125,0.124,0.121,0.124,0.121,0.124,0.124,0.125,0.127,0.124,0.124,0.125,0.125,0.125,0.121,0.124,0.125,0.126,0.125,0.12,0.124,0.125,0.124,0.125,0.125,0.126,0.125,0.124,0.124,0.125,0.124,0.121,0.125,0.124,0.127,0.125,0.124,0.126,0.124,0.104,-0.163,0.113,0.125,0.125,0.124,0.124,0.125,0.125,0.121,0.109,0.123,0.126,0.125,0.097,0.124,0.127,0.124,0.121,0.124,0.125,0.127,0.097,0.115,0.1,-0.159,0.114,0.124,0.124,0.125,0.124,0.124,0.125,0.121,0.109,0.107,0.122,0.124,0.121,0.124,0.124,0.125,0.125,0.124,0.125,0.126,0.124,0.125,0.1,-0.159,0.114,
0.031,0.05,0.05,0.041,0.039,0.037,0.035,0.035,0.034,0.032,0.031,0.031,0.03,0.031,0.03,0.031,0.031,0.031,0.031,0.031,0.03,0.031,0.031,0.031,0.031,0.031,0.031,0.031,0.031,0.031,0.031,0.031,0.031,0.031,0.031,0.031,0.031,0.031,0.031,0.031,0.031,0.031,0.031,0.031,0.031,0.031,0.031,0.031,0.031,0.031,0.03,0.031,0.031,0.03,0.031,0.031,0.031,0.031,0.03,0.031,0.031,0.031,0.031,0.03,0.031,0.031,0.031,0.031,0.03,0.031,0.031,0.031,0.031,0.031,0.031,0.031,0.031,0.031,0.031,0.031,0.031,0.031,0.031,0.031,0.03,0.031,0.031,0.031,0.03,0.031,0.031,0.031,0.031,0.031,0.031,0.031,0.031,0.031,0.031,0.031,
0.013,-0.001,0.015,0.013,0.013,0.014,0.013,0.014,0.013,0.014,0.013,0.014,0.013,0.013,0.014,0.013,0.014,0.013,0.014,0.013,0.014,0.013,0.014,0.013,0.014,0.013,0.014,0.013,0.013,0.014,0.013,0.014,0.013,0.014,0.013,0.014,0.013,0.013,0.014,0.013,0.014,0.013,0.013,0.014,0.013,0.014,0.013,0.014,0.013,0.014,0.013,0.014,0.013,0.014,0.013,0.014,0.013,0.014,0.013,0.014,0.013,0.014,0.013,0.014,0.013,0.014,0.013,0.014,0.013,0.014,0.013,0.014,0.013,0.014,0.013,0.014,0.013,0.014,0.013,0.014,0.013,0.014,0.013,0.014,0.013,0.014,0.013,0.014,0.013,0.014,0.013,0.014,0.013,0.014,0.013,0.014,0.013,0.014,0.013,0.014,
0.012,0.005,0.007,-0.005,0.007,-0.01,0.013,0.012,0.012,0.011,0.012,0.012,0.012,0.011,0.014,0.011,0.012,-0.005,0.012,0.013,0.013,0.011,0.013,0.011,-0.005,0.004,-0.004,0.004,-0.011,0.004,0.012,0.011,0.012,0.012,0.012,0.012,0.012,0.012,0.012,0.012,0.012,0.012,-0.005,0.004,0.012,-0.005,0.013,0.011,-0.005,0.004,0.011,0.012,0.012,0.012,0.012,0.012,0.012,0.012,0.012,-0.005,0.004,0.012,-0.005,0.013,0.011,-0.005,0.004,0.011,0.012,0.012,0.012,0.012,0.012,0.012,0.012,0.012,-0.005,0.004,0.012,-0.005,0.013,0.011,-0.005,0.004,0.011,0.012,0.012,0.012,0.012,0.012,0.012,0.012,0.012,-0.005,0.004,0.012,-0.005,0.013,0.011,-0.005,
0.152,0.206,0.142,0.146,0.144,0.144,0.145,0.145,0.146,0.145,0.146,0.146,0.146,0.146,0.146,0.146,0.146,0.146,0.146,0.146,0.146,0.146,0.146,0.146,0.146,0.146,0.146,0.146,0.146,0.146,0.146,0.146,0.146,0.146,0.146,0.146,0.146,0.146,0.146,0.146,0.146,0.146,0.146,0.146,0.146,0.146,0.146,0.146,0.146,0.146,0.146,0.146,0.146,0.146,0.146,0.146,0.146,0.146,0.146,0.146,0.146,0.146,0.146,0.146,0.146,0.146,0.146,0.146,0.146,0.146,0.146,0.146,0.146,0.146,0.146,0.146,0.146,0.146,0.146,0.146,0.146,0.146,0.146,0.146,0.146,0.146,0.146,0.146,0.146,0.146,0.146,0.146,0.146,0.146,0.146,0.146,0.146,0.146,0.146,0.132,
0.065,0.089,0.104,0.113,0.114,0.115,0.117,0.118,0.119,0.12,0.121,0.121,0.122,0.123,0.122,0.123,0.122,0.123,0.122,0.123,0.122,0.123,0.122,0.123,0.122,0.123,0.122,0.123,0.122,0.123,0.122,0.123,0.122,0.123,0.122,0.123,0.122,0.123,0.122,0.123,0.122,0.123,0.122,0.123,0.122,0.123,0.122,0.123,0.122,0.123,0.122,0.123,0.122,0.123,0.122,0.123,0.122,0.123,0.122,0.123,0.122,0.123,0.122,0.123,0.122,0.123,0.122,0.123,0.122,0.123,0.122,0.123,0.122,0.123,0.122,0.123,0.122,0.123,0.122,0.123,0.122,0.123,0.122,0.123,0.122,0.123,0.122,0.123,0.122,0.123,0.122,0.123,0.122,0.123,0.122,0.123,0.122,0.123,0.122,0.12,
0.113,0.062,0.14,0.085,0.131,0.074,0.135,0.079,0.134,0.076,0.134,0.077,0.135,0.079,0.134,0.079,0.134,0.077,0.135,0.079,0.135,0.079,0.135,0.079,0.135,0.079,0.134,0.077,0.135,0.079,0.134,0.079,0.134,0.079,0.135,0.077,0.135,0.079,0.134,0.077,0.134,0.079,0.135,0.079,0.134,0.079,0.134,0.079,0.134,0.076,0.135,0.076,0.134,0.077,0.134,0.079,0.134,0.076,0.135,0.079,0.134,0.077,0.135,0.076,0.134,0.079,0.135,0.079,0.134,0.079,0.135,0.079,0.135,0.077,0.134,0.079,0.135,0.079,0.134,0.077,0.135,0.079,0.135,0.079,0.134,0.077,0.135,0.079,0.135,0.077,0.134,0.077,0.135,0.079,0.134,0.079,0.134,0.076,0.135,0.079,
0.019,0.043,0.033,0.04,0.042,0.039,0.033,0.04,0.039,0.039,0.033,0.04,0.039,0.038,0.039,0.039,0.042,0.039,0.039,0.039,0.033,0.042,0.039,0.032,0.04,0.039,0.042,0.039,0.038,0.04,0.04,0.039,0.039,0.039,0.033,0.04,0.038,0.04,0.04,0.039,0.039,0.039,0.039,0.039,0.039,0.039,0.032,0.04,0.04,0.039,0.032,0.04,0.039,0.039,0.039,0.039,0.038,0.039,0.039,0.039,0.039,0.039,0.039,0.039,0.039,0.04,0.04,0.038,0.039,0.039,0.039,0.039,0.038,0.039,0.039,0.039,0.039,0.039,0.04,0.039,0.04,0.039,0.039,0.04,0.039,0.038,0.039,0.04,0.039,0.039,0.039,0.04,0.039,0.039,0.039,0.04,0.039,0.033,0.04,0.039,
0.072,0.064,0.02,0.039,0.083,0.08,0.082,0.081,0.082,0.081,0.082,0.081,0.082,0.081,0.082,0.082,0.081,0.082,0.082,0.081,0.082,0.081,0.082,0.082,0.082,0.082,0.082,0.082,0.081,0.082,0.081,0.082,0.082,0.081,0.082,0.082,0.081,0.082,0.082,0.082,0.081,0.082,0.081,0.082,0.081,0.082,0.082,0.081,0.082,0.082,0.082,0.082,0.082,0.082,0.082,0.082,0.082,0.082,0.082,0.082,0.082,0.082,0.082,0.082,0.082,0.082,0.082,0.082,0.082,0.082,0.082,0.082,0.082,0.082,0.082,0.082,0.082,0.082,0.082,0.081,0.082,0.081,0.082,0.081,0.082,0.081,0.082,0.081,0.082,0.081,0.082,0.081,0.082,0.081,0.082,0.081,0.082,0.081,0.082,0.081,
0.0,0.005,0.028,0.028,0.026,0.027,0.027,0.028,0.026,0.028,0.026,0.028,0.027,0.028,0.027,0.027,0.028,0.027,0.028,0.027,0.027,0.028,0.028,0.027,0.027,0.027,0.027,0.027,0.027,0.027,0.028,0.027,0.027,0.027,0.027,0.027,0.027,0.027,0.026,0.028,0.026,0.028,0.028,0.027,0.027,0.026,0.027,0.028,0.027,0.027,0.028,0.027,0.027,0.028,0.027,0.027,0.027,0.027,0.027,0.028,0.027,0.027,0.027,0.027,0.028,0.027,0.027,0.027,0.027,0.027,0.028,0.026,0.027,0.028,0.027,0.028,0.027,0.027,0.027,0.028,0.027,0.027,0.027,0.027,0.028,0.027,0.027,0.028,0.027,0.027,0.027,0.028,0.026,0.028,0.026,0.028,0.027,0.027,0.026,0.027,
0.039,0.109,0.027,0.047,0.047,0.047,0.047,0.05,0.013,0.048,0.048,0.013,0.05,0.025,0.048,0.027,0.046,0.048,0.024,0.048,0.025,0.048,0.025,0.047,0.048,0.025,0.047,0.048,0.025,0.047,0.047,0.047,0.047,0.047,0.047,0.047,0.047,0.047,0.047,0.047,0.047,0.047,0.047,0.047,0.047,0.047,0.047,0.047,0.047,0.047,0.047,0.047,0.047,0.047,0.047,0.047,0.047,0.047,0.047,0.047,0.047,0.047,0.047,0.047,0.047,0.047,0.047,0.047,0.047,0.047,0.047,0.047,0.047,0.047,0.047,0.047,0.047,0.047,0.047,0.047,0.047,0.047,0.047,0.047,0.047,0.047,0.047,0.047,0.047,0.047,0.047,0.047,0.047,0.047,0.047,0.047,0.047,0.047,0.047,0.047,
0.05,0.05,0.051,0.05,0.051,0.051,0.051,0.051,0.051,0.051,0.043,0.053,0.041,0.053,0.05,0.052,0.05,0.051,0.052,0.051,0.05,0.052,0.051,0.043,0.053,0.05,0.051,0.051,0.051,0.051,0.051,0.051,0.051,0.051,0.051,0.051,0.051,0.051,0.051,0.051,0.051,0.051,0.051,0.051,0.051,0.051,0.051,0.051,0.052,0.042,0.052,0.052,0.05,0.051,0.052,0.05,0.051,0.05,0.051,0.051,0.05,0.052,0.05,0.052,0.051,0.051,0.05,0.051,0.051,0.052,0.051,0.051,0.05,0.051,0.051,0.052,0.051,0.051,0.05,0.051,0.051,0.051,0.05,0.052,0.05,0.052,0.051,0.05,0.051,0.052,0.051,0.051,0.052,0.05,0.051,0.051,0.052,0.043,0.053,0.051,
0.114,0.136,0.139,0.133,0.133,0.131,0.133,0.131,0.131,0.132,0.133,0.132,0.131,0.132,0.133,0.131,0.133,0.131,0.132,0.132,0.131,0.132,0.132,0.133,0.131,0.132,0.132,0.133,0.131,0.133,0.131,0.132,0.132,0.131,0.132,0.131,0.132,0.131,0.133,0.132,0.132,0.133,0.131,0.133,0.131,0.132,0.133,0.131,0.132,0.131,0.132,0.132,0.132,0.132,0.132,0.132,0.132,0.132,0.132,0.132,0.132,0.132,0.132,0.132,0.131,0.133,0.131,0.132,0.132,0.131,0.132,0.132,0.132,0.131,0.132,0.132,0.131,0.132,0.131,0.133,0.131,0.132,0.131,0.132,0.132,0.132,0.132,0.131,0.133,0.131,0.133,0.131,0.133,0.131,0.133,0.131,0.132,0.132,0.132,0.126,
0.037,0.088,0.041,0.041,0.033,0.039,0.039,0.04,0.039,0.04,0.04,0.04,0.041,0.04,0.041,0.041,0.042,0.042,0.043,0.043,0.043,0.044,0.044,0.044,0.044,0.046,0.046,0.046,0.046,0.046,0.046,0.046,0.046,0.046,0.046,0.046,0.046,0.046,0.046,0.046,0.046,0.046,0.046,0.046,0.046,0.046,0.046,0.046,0.046,0.046,0.046,0.046,0.046,0.046,0.046,0.046,0.046,0.046,0.046,0.046,0.046,0.046,0.046,0.046,0.046,0.046,0.046,0.046,0.046,0.046,0.046,0.046,0.046,0.046,0.046,0.046,0.046,0.046,0.046,0.046,0.046,0.046,0.046,0.046,0.046,0.046,0.046,0.046,0.046,0.046,0.046,0.046,0.046,0.046,0.046,0.046,0.046,0.046,0.046,0.045,
-0.038,0.021,-0.019,-0.033,-0.037,-0.036,-0.036,-0.037,-0.037,-0.034,-0.051,-0.036,-0.035,-0.038,-0.036,-0.035,-0.037,-0.036,-0.037,-0.036,-0.036,-0.036,-0.036,-0.036,-0.037,-0.036,-0.036,-0.036,-0.036,-0.036,-0.037,-0.037,-0.035,-0.037,-0.037,-0.036,-0.037,-0.034,-0.037,-0.036,-0.037,-0.036,-0.037,-0.037,-0.035,-0.051,-0.036,-0.036,-0.036,-0.036,-0.036,-0.038,-0.036,-0.036,-0.036,-0.037,-0.037,-0.034,-0.037,-0.037,-0.035,-0.051,-0.035,-0.036,-0.05,-0.036,-0.036,-0.037,-0.036,-0.035,-0.051,-0.036,-0.035,-0.05,-0.035,-0.036,-0.036,-0.036,-0.05,-0.036,-0.036,-0.035,-0.036,-0.05,-0.036,-0.035,-0.051,-0.034,-0.037,-0.036,-0.05,-0.035,-0.036,-0.037,-0.036,-0.036,-0.036,-0.037,-0.036,-0.037,
-0.07,-0.133,-0.075,-0.073,-0.124,-0.07,-0.071,-0.123,-0.124,-0.07,-0.124,-0.068,-0.071,-0.124,-0.068,-0.07,-0.123,-0.068,-0.123,-0.068,-0.07,-0.07,-0.07,-0.07,-0.07,-0.07,-0.07,-0.124,-0.068,-0.07,-0.07,-0.123,-0.068,-0.124,-0.07,-0.124,-0.07,-0.07,-0.124,-0.068,-0.071,-0.07,-0.07,-0.07,-0.07,-0.07,-0.123,-0.068,-0.07,-0.07,-0.07,-0.07,-0.07,-0.07,-0.07,-0.124,-0.07,-0.07,-0.07,-0.07,-0.07,-0.07,-0.07,-0.07,-0.07,-0.124,-0.07,-0.124,-0.07,-0.07,-0.07,-0.07,-0.07,-0.07,-0.07,-0.07,-0.07,-0.07,-0.124,-0.07,-0.07,-0.07,-0.07,-0.07,-0.07,-0.07,-0.07,-0.07,-0.07,-0.124,-0.07,-0.07,-0.07,-0.07,-0.07,-0.07,-0.07,-0.07,-0.07,-0.07,
0.003,0.014,0.012,0.006,0.004,0.004,0.004,0.004,0.004,0.004,0.004,0.004,0.004,0.004,0.004,0.004,0.004,0.004,0.004,0.004,0.004,0.004,0.004,0.004,0.004,0.004,0.004,0.004,0.004,0.004,0.004,0.004,0.004,0.004,0.004,0.004,0.004,0.004,0.004,0.004,0.004,0.004,0.004,0.004,0.004,0.004,0.004,0.004,0.004,0.004,0.004,0.004,0.004,0.004,0.004,0.004,0.004,0.004,0.004,0.004,0.004,0.004,0.004,0.004,0.004,0.004,0.004,0.004,0.004,0.004,0.004,0.004,0.004,0.004,0.004,0.004,0.004,0.004,0.004,0.004,0.004,0.004,0.004,0.004,0.004,0.004,0.004,0.004,0.004,0.004,0.004,0.004,0.004,0.004,0.004,0.004,0.004,0.004,0.004,0.004,
0.032,0.008,0.04,0.034,0.047,0.047,0.047,0.047,0.047,0.047,0.047,0.047,0.048,0.039,0.047,0.047,0.047,0.044,0.049,0.044,0.036,0.047,0.04,0.041,0.048,0.039,0.041,0.048,0.039,0.041,0.033,0.044,0.048,0.047,0.043,0.047,0.047,0.048,0.047,0.044,0.047,0.038,0.047,0.047,0.043,0.048,0.047,0.039,0.047,0.048,0.039,0.043,0.047,0.039,0.044,0.041,0.049,0.047,0.047,0.044,0.047,0.047,0.047,0.047,0.047,0.047,0.047,0.047,0.047,0.047,0.047,0.047,0.047,0.047,0.047,0.047,0.047,0.047,0.047,0.047,0.047,0.047,0.047,0.047,0.047,0.047,0.047,0.047,0.047,0.047,0.047,0.047,0.047,0.047,0.047,0.047,0.047,0.047,0.047,0.014,
0.038,0.016,0.008,0.015,0.025,0.031,0.037,0.039,0.037,0.037,0.031,0.038,0.038,0.032,0.037,0.038,0.038,0.037,0.037,0.038,0.038,0.038,0.037,0.036,0.038,0.037,0.037,0.036,0.037,0.039,0.032,0.038,0.038,0.037,0.032,0.038,0.032,0.037,0.037,0.037,0.039,0.03,0.039,0.031,0.038,0.039,0.036,0.038,0.037,0.036,0.038,0.038,0.037,0.037,0.037,0.037,0.038,0.038,0.037,0.037,0.037,0.037,0.037,0.038,0.036,0.038,0.036,0.037,0.037,0.037,0.037,0.037,0.037,0.037,0.038,0.036,0.039,0.032,0.038,0.037,0.038,0.037,0.032,0.038,0.036,0.039,0.036,0.038,0.037,0.037,0.037,0.038,0.037,0.037,0.037,0.037,0.038,0.037,0.031,0.038,
0.033,0.063,0.032,0.033,0.032,0.033,0.037,0.033,0.034,0.031,0.034,0.035,0.033,0.032,0.034,0.032,0.034,0.032,0.034,0.032,0.034,0.032,0.034,0.032,0.034,0.032,0.034,0.032,0.034,0.032,0.034,0.032,0.034,0.032,0.034,0.032,0.034,0.032,0.034,0.032,0.034,0.032,0.034,0.032,0.034,0.032,0.034,0.032,0.034,0.032,0.034,0.032,0.034,0.032,0.034,0.032,0.034,0.032,0.034,0.032,0.034,0.032,0.034,0.032,0.034,0.032,0.034,0.032,0.034,0.032,0.034,0.032,0.034,0.032,0.034,0.032,0.034,0.032,0.034,0.032,0.034,0.032,0.034,0.032,0.034,0.032,0.034,0.032,0.034,0.032,0.034,0.032,0.034,0.032,0.034,0.032,0.034,0.032,0.034,0.032,
0.022,0.083,0.069,0.082,0.082,0.081,0.081,0.081,0.081,0.081,0.081,0.081,0.068,0.082,0.068,0.082,0.068,0.082,0.08,0.081,0.082,0.081,0.081,0.082,0.081,0.081,0.081,0.081,0.082,0.068,0.083,0.08,0.068,0.081,0.081,0.081,0.081,0.081,0.081,0.081,0.081,0.081,0.081,0.081,0.081,0.081,0.081,0.081,0.081,0.081,0.081,0.081,0.081,0.081,0.081,0.081,0.081,0.081,0.081,0.081,0.081,0.081,0.081,0.081,0.081,0.081,0.081,0.081,0.081,0.081,0.081,0.081,0.081,0.081,0.081,0.081,0.081,0.081,0.081,0.081,0.081,0.081,0.081,0.081,0.081,0.081,0.081,0.081,0.081,0.081,0.081,0.081,0.081,0.081,0.081,0.081,0.081,0.081,0.081,0.079,
0.043,0.008,0.014,0.02,0.026,0.029,0.029,0.029,0.029,0.029,0.029,0.029,0.029,0.029,0.029,0.029,0.029,0.029,0.029,0.029,0.029,0.029,0.029,0.029,0.029,0.029,0.029,0.029,0.029,0.029,0.029,0.029,0.029,0.029,0.029,0.029,0.029,0.029,0.029,0.029,0.029,0.029,0.029,0.029,0.029,0.029,0.029,0.029,0.029,0.029,0.029,0.029,0.029,0.029,0.029,0.029,0.029,0.029,0.029,0.029,0.029,0.029,0.029,0.029,0.029,0.029,0.029,0.029,0.029,0.029,0.029,0.029,0.029,0.029,0.029,0.029,0.029,0.029,0.029,0.029,0.029,0.029,0.029,0.029,0.029,0.029,0.029,0.029,0.029,0.029,0.029,0.029,0.029,0.029,0.029,0.029,0.029,0.029,0.029,0.029,
0.0,-0.129,-0.114,-0.211,-0.266,-0.247,-0.273,-0.226,-0.184,-0.136,-0.269,-0.235,-0.272,-0.249,-0.273,-0.249,-0.273,-0.249,-0.273,-0.249,-0.273,-0.249,-0.273,-0.249,-0.273,-0.249,-0.273,-0.249,-0.273,-0.249,-0.273,-0.249,-0.273,-0.249,-0.273,-0.249,-0.273,-0.249,-0.273,-0.249,-0.273,-0.249,-0.273,-0.249,-0.273,-0.249,-0.273,-0.249,-0.273,-0.249,-0.273,-0.249,-0.273,-0.249,-0.273,-0.249,-0.273,-0.249,-0.273,-0.249,-0.273,-0.249,-0.273,-0.249,-0.273,-0.249,-0.273,-0.249,-0.273,-0.249,-0.273,-0.249,-0.273,-0.249,-0.273,-0.249,-0.273,-0.249,-0.273,-0.249,-0.273,-0.249,-0.273,-0.249,-0.273,-0.249,-0.273,-0.249,-0.273,-0.249,-0.273,-0.249,-0.273,-0.249,-0.273,-0.249,-0.273,-0.249,-0.273,-0.249,
0.024,0.04,0.025,0.024,0.02,0.038,0.024,0.038,0.024,0.024,0.038,0.024,0.022,0.022,0.022,0.037,0.024,0.022,0.024,0.038,0.022,0.024,0.022,0.02,0.024,0.024,0.037,0.024,0.022,0.02,0.022,0.022,0.021,0.024,0.02,0.022,0.024,0.024,0.022,0.037,0.038,0.024,0.037,0.024,0.019,0.037,0.022,0.022,0.039,0.024,0.022,0.038,0.024,0.039,0.022,0.024,0.022,0.022,0.025,0.022,0.02,0.037,0.024,0.022,0.024,0.022,0.038,0.037,0.024,0.037,0.024,0.038,0.024,0.022,0.037,0.025,0.022,0.024,0.024,0.022,0.021,0.024,0.022,0.024,0.039,0.037,0.025,0.022,0.024,0.022,0.021,0.022,0.024,0.022,0.024,0.024,0.024,0.024,0.022,0.024,
0.0,0.06,0.042,0.054,0.056,0.043,0.048,0.055,0.048,0.044,0.048,0.055,0.056,0.056,0.056,0.056,0.055,0.055,0.056,0.056,0.056,0.048,0.056,0.056,0.043,0.048,0.055,0.056,0.056,0.043,0.048,0.047,0.056,0.056,0.056,0.055,0.056,0.043,0.048,0.056,0.056,0.056,0.056,0.055,0.056,0.048,0.056,0.055,0.056,0.048,0.055,0.048,0.044,0.056,0.055,0.048,0.044,0.056,0.056,0.048,0.055,0.056,0.043,0.047,0.043,0.056,0.055,0.055,0.056,0.043,0.048,0.047,0.056,0.056,0.056,0.055,0.056,0.056,0.056,0.056,0.056,0.056,0.043,0.048,0.056,0.056,0.043,0.048,0.044,0.056,0.043,0.048,0.056,0.055,0.056,0.056,0.043,0.047,0.056,0.056,
0.105,0.07,0.077,0.09,0.051,0.055,0.102,0.054,0.102,0.053,0.103,0.053,0.103,0.053,0.103,0.053,0.103,0.053,0.054,0.054,0.054,0.054,0.054,0.054,0.054,0.054,0.054,0.054,0.054,0.054,0.054,0.054,0.054,0.054,0.054,0.054,0.054,0.054,0.054,0.054,0.054,0.054,0.054,0.054,0.054,0.054,0.054,0.054,0.054,0.054,0.054,0.054,0.054,0.054,0.054,0.054,0.054,0.054,0.054,0.054,0.054,0.054,0.054,0.054,0.054,0.054,0.054,0.054,0.054,0.054,0.054,0.054,0.054,0.054,0.054,0.054,0.054,0.054,0.054,0.054,0.054,0.054,0.054,0.054,0.054,0.054,0.054,0.054,0.054,0.054,0.054,0.054,0.054,0.054,0.054,0.054,0.054,0.054,0.054,0.023,
0.091,0.033,0.022,-0.023,-0.048,-0.107,-0.077,-0.113,-0.08,-0.118,-0.106,-0.129,-0.021,-0.11,-0.082,-0.045,-0.024,-0.089,-0.122,-0.101,-0.076,-0.113,-0.079,-0.059,-0.106,-0.112,-0.076,-0.115,-0.079,-0.119,-0.093,-0.061,-0.097,-0.082,-0.058,-0.04,-0.08,-0.051,-0.1,-0.08,-0.078,-0.043,-0.01,-0.04,-0.038,-0.098,-0.08,-0.113,-0.092,-0.072,-0.114,-0.104,-0.131,-0.087,-0.071,-0.063,-0.108,-0.093,-0.077,-0.12,-0.155,-0.141,-0.091,-0.136,-0.131,-0.103,-0.068,-0.106,-0.022,-0.068,-0.069,-0.063,-0.1,-0.103,-0.149,-0.083,-0.124,-0.021,-0.098,-0.075,-0.115,-0.093,-0.066,-0.113,-0.111,-0.133,-0.105,-0.075,-0.112,-0.01,-0.104,-0.078,-0.121,-0.094,-0.078,-0.117,-0.092,-0.075,-0.112,-0.077,
0.077,0.022,0.009,0.042,0.042,0.042,0.042,0.039,0.042,0.04,0.042,0.04,0.042,0.04,0.042,0.04,0.039,0.042,0.042,0.039,0.042,0.042,0.039,0.04,0.042,0.04,0.042,0.04,0.042,0.042,0.042,0.042,0.042,0.042,0.04,0.042,0.04,0.039,0.042,0.04,0.042,0.04,0.042,0.04,0.042,0.04,0.042,0.042,0.04,0.039,0.042,0.042,0.04,0.039,0.042,0.042,0.039,0.042,0.042,0.04,0.042,0.042,0.04,0.042,0.04,0.042,0.042,0.04,0.042,0.042,0.042,0.042,0.042,0.04,0.04,0.042,0.042,0.04,0.042,0.042,0.042,0.039,0.042,0.04,0.042,0.042,0.04,0.04,0.042,0.04,0.042,0.039,0.042,0.042,0.04,0.04,0.042,0.042,0.04,0.042,
0.039,0.039,0.033,0.036,0.037,0.04,0.042,0.034,0.037,0.034,0.037,0.04,0.042,0.043,0.046,0.04,0.042,0.043,0.039,0.041,0.036,0.038,0.04,0.042,0.045,0.046,0.046,0.046,0.046,0.046,0.046,0.046,0.046,0.046,0.046,0.046,0.046,0.046,0.046,0.046,0.046,0.046,0.046,0.046,0.046,0.046,0.046,0.046,0.046,0.046,0.046,0.046,0.046,0.046,0.046,0.046,0.046,0.046,0.046,0.046,0.046,0.046,0.046,0.046,0.046,0.046,0.046,0.046,0.046,0.046,0.046,0.046,0.046,0.046,0.046,0.046,0.046,0.046,0.046,0.046,0.046,0.046,0.046,0.046,0.046,0.046,0.046,0.046,0.046,0.046,0.046,0.046,0.046,0.046,0.046,0.046,0.046,0.046,0.046,0.046,
0.048,0.054,0.066,0.071,0.074,0.073,0.073,0.073,0.073,0.073,0.073,0.073,0.073,0.073,0.073,0.073,0.073,0.073,0.073,0.073,0.073,0.073,0.073,0.073,0.073,0.073,0.073,0.073,0.073,0.073,0.073,0.073,0.073,0.073,0.073,0.073,0.073,0.073,0.073,0.073,0.073,0.073,0.073,0.073,0.073,0.073,0.073,0.073,0.073,0.073,0.073,0.073,0.073,0.073,0.074,0.073,0.073,0.073,0.073,0.073,0.073,0.074,0.073,0.073,0.073,0.073,0.073,0.073,0.074,0.073,0.073,0.073,0.073,0.073,0.073,0.074,0.073,0.073,0.073,0.073,0.073,0.073,0.074,0.073,0.073,0.073,0.073,0.073,0.073,0.074,0.073,0.073,0.073,0.073,0.073,0.073,0.074,0.073,0.073,0.072,
-0.005,0.02,0.0,-0.006,-0.006,-0.006,-0.005,-0.004,-0.006,-0.005,-0.006,-0.005,-0.005,-0.005,-0.005,-0.006,-0.002,-0.006,-0.005,-0.006,-0.004,-0.005,-0.006,-0.004,-0.006,-0.006,0.033,-0.007,0.032,-0.007,-0.004,-0.006,-0.004,0.032,-0.007,-0.005,-0.006,0.033,-0.006,-0.004,0.0,-0.004,-0.005,-0.006,0.032,-0.007,-0.004,-0.006,-0.006,-0.002,0.033,-0.007,-0.004,-0.006,-0.006,-0.004,-0.006,-0.005,-0.006,-0.006,0.031,-0.007,-0.002,-0.006,-0.005,-0.005,-0.006,-0.004,-0.006,-0.004,-0.006,-0.006,0.031,-0.007,0.031,-0.007,0.031,-0.007,-0.005,-0.006,-0.005,-0.006,-0.002,0.0,-0.004,0.0,-0.004,-0.005,-0.005,0.0,-0.002,-0.006,-0.006,-0.005,-0.005,-0.005,0.032,-0.006,-0.004,-0.006,
0.042,0.033,0.06,0.043,0.044,0.043,0.043,0.041,0.044,0.041,0.044,0.041,0.044,0.043,0.041,0.043,0.044,0.043,0.043,0.043,0.041,0.044,0.043,0.041,0.044,0.041,0.044,0.041,0.043,0.041,0.043,0.041,0.043,0.043,0.043,0.043,0.043,0.043,0.041,0.044,0.041,0.041,0.044,0.043,0.041,0.044,0.041,0.044,0.043,0.041,0.044,0.043,0.041,0.044,0.043,0.043,0.041,0.044,0.043,0.043,0.041,0.041,0.044,0.041,0.044,0.041,0.044,0.041,0.043,0.044,0.043,0.043,0.043,0.041,0.044,0.043,0.041,0.044,0.041,0.044,0.041,0.043,0.041,0.043,0.041,0.043,0.043,0.043,0.043,0.043,0.043,0.041,0.044,0.041,0.041,0.044,0.043,0.041,0.044,0.041,
0.003,0.0,0.03,0.021,0.011,0.001,0.002,-0.005,0.004,-0.001,0.001,-0.006,0.004,0.001,0.002,0.002,-0.001,0.0,0.005,0.002,-0.005,0.004,0.001,0.002,0.002,0.002,0.004,-0.005,0.004,-0.001,0.001,0.001,0.001,-0.001,0.0,0.002,0.004,0.001,0.002,-0.001,0.002,0.002,0.002,0.001,0.001,0.005,0.002,-0.006,0.002,0.002,0.002,0.002,0.002,0.002,-0.001,-0.006,-0.001,0.002,0.002,0.002,-0.006,0.004,0.004,0.001,0.001,0.002,0.002,0.002,0.002,-0.001,0.002,0.002,-0.005,0.002,0.004,0.002,0.001,0.002,0.001,0.002,0.002,0.001,0.004,0.002,-0.006,0.004,0.002,0.002,0.001,0.001,0.002,0.002,-0.001,0.002,0.001,0.004,-0.005,0.002,0.002,0.004,
-0.05,-0.049,-0.05,-0.075,-0.085,-0.084,-0.086,-0.085,-0.085,-0.086,-0.085,-0.085,-0.085,-0.085,-0.084,-0.085,-0.086,-0.085,-0.085,-0.086,-0.085,-0.085,-0.086,-0.085,-0.086,-0.085,-0.086,-0.085,-0.086,-0.085,-0.085,-0.086,-0.085,-0.086,-0.085,-0.086,-0.085,-0.085,-0.086,-0.085,-0.086,-0.085,-0.086,-0.085,-0.085,-0.085,-0.085,-0.085,-0.085,-0.085,-0.085,-0.086,-0.085,-0.086,-0.085,-0.086,-0.085,-0.085,-0.086,-0.085,-0.085,-0.086,-0.085,-0.086,-0.085,-0.086,-0.085,-0.085,-0.086,-0.085,-0.086,-0.085,-0.086,-0.085,-0.085,-0.085,-0.085,-0.085,-0.085,-0.085,-0.085,-0.086,-0.085,-0.086,-0.085,-0.086,-0.085,-0.085,-0.086,-0.085,-0.085,-0.086,-0.085,-0.086,-0.085,-0.086,-0.085,-0.085,-0.086,-0.078,
-0.05,-0.041,-0.066,-0.035,-0.074,-0.042,-0.066,-0.035,-0.067,-0.036,-0.068,-0.014,-0.076,-0.019,-0.074,-0.042,-0.073,-0.042,-0.073,-0.042,-0.066,-0.043,-0.066,-0.035,-0.073,-0.019,-0.074,-0.042,-0.066,-0.035,-0.067,-0.036,-0.066,-0.035,-0.068,-0.037,-0.067,-0.042,-0.066,-0.035,-0.068,-0.036,-0.067,-0.037,-0.067,-0.042,-0.066,-0.035,-0.067,-0.036,-0.066,-0.035,-0.068,-0.037,-0.067,-0.036,-0.068,-0.037,-0.067,-0.042,-0.067,-0.035,-0.067,-0.036,-0.067,-0.036,-0.067,-0.036,-0.068,-0.037,-0.066,-0.035,-0.067,-0.036,-0.067,-0.036,-0.066,-0.035,-0.068,-0.037,-0.067,-0.042,-0.066,-0.035,-0.067,-0.036,-0.068,-0.014,-0.074,-0.041,-0.067,-0.036,-0.066,-0.035,-0.073,-0.041,-0.067,-0.036,-0.067,-0.036,
0.216,0.286,0.316,0.316,0.316,0.316,0.316,0.316,0.316,0.316,0.316,0.316,0.316,0.316,0.316,0.316,0.316,0.316,0.316,0.316,0.316,0.316,0.316,0.316,0.316,0.316,0.316,0.316,0.316,0.316,0.316,0.316,0.316,0.316,0.316,0.316,0.316,0.316,0.316,0.316,0.316,0.316,0.316,0.316,0.316,0.316,0.316,0.316,0.316,0.316,0.316,0.316,0.316,0.316,0.316,0.316,0.316,0.316,0.316,0.316,0.316,0.316,0.316,0.316,0.316,0.316,0.316,0.316,0.316,0.316,0.316,0.316,0.316,0.316,0.316,0.316,0.316,0.316,0.316,0.316,0.316,0.316,0.316,0.316,0.316,0.316,0.316,0.316,0.316,0.316,0.316,0.316,0.316,0.316,0.316,0.316,0.316,0.316,0.316,0.255,
-0.018,-0.032,-0.032,-0.026,-0.021,-0.018,-0.017,-0.019,-0.018,-0.018,-0.018,-0.018,-0.018,-0.018,-0.018,-0.018,-0.018,-0.018,-0.018,-0.018,-0.018,-0.018,-0.018,-0.018,-0.018,-0.018,-0.018,-0.018,-0.018,-0.018,-0.018,-0.018,-0.018,-0.018,-0.018,-0.018,-0.018,-0.018,-0.018,-0.018,-0.018,-0.018,-0.018,-0.018,-0.018,-0.018,-0.018,-0.018,-0.018,-0.018,-0.018,-0.018,-0.018,-0.018,-0.018,-0.018,-0.018,-0.018,-0.018,-0.018,-0.018,-0.018,-0.018,-0.018,-0.018,-0.018,-0.018,-0.018,-0.018,-0.018,-0.018,-0.018,-0.018,-0.018,-0.018,-0.018,-0.018,-0.018,-0.018,-0.018,-0.018,-0.018,-0.018,-0.018,-0.018,-0.018,-0.018,-0.018,-0.018,-0.018,-0.018,-0.018,-0.018,-0.018,-0.018,-0.018,-0.018,-0.018,-0.018,-0.018,
0.01,-0.034,0.007,-0.059,-0.02,-0.182,-0.05,-0.109,-0.029,-0.064,-0.021,-0.003,0.01,-0.056,-0.015,-0.068,-0.033,-0.11,-0.027,-0.189,-0.05,-0.019,0.008,-0.057,-0.019,-0.191,-0.061,-0.185,-0.065,-0.064,-0.033,-0.188,-0.059,-0.185,-0.065,-0.179,-0.05,-0.179,-0.05,-0.179,-0.049,-0.184,-0.05,-0.179,-0.049,-0.184,-0.048,-0.024,0.01,-0.055,-0.004,-0.115,-0.027,-0.193,-0.05,-0.016,-0.068,-0.033,-0.12,-0.026,-0.207,-0.076,-0.05,-0.012,-0.001,-0.003,0.01,-0.056,-0.016,-0.185,-0.048,-0.19,-0.049,-0.183,-0.05,-0.117,-0.026,-0.123,-0.027,-0.011,-0.068,-0.034,-0.181,-0.049,-0.114,-0.029,-0.184,-0.049,-0.184,-0.048,-0.113,-0.029,-0.065,-0.009,-0.007,0.008,-0.058,-0.019,-0.172,-0.043,
0.09,0.15,0.064,0.121,0.12,0.12,0.122,0.119,0.12,0.119,0.119,0.121,0.119,0.119,0.121,0.118,0.119,0.119,0.119,0.122,0.119,0.121,0.119,0.121,0.118,0.12,0.121,0.12,0.119,0.119,0.12,0.119,0.119,0.118,0.12,0.122,0.119,0.118,0.12,0.119,0.121,0.12,0.119,0.12,0.119,0.119,0.12,0.121,0.118,0.12,0.121,0.12,0.121,0.121,0.12,0.118,0.121,0.12,0.119,0.119,0.122,0.119,0.12,0.12,0.119,0.12,0.122,0.119,0.118,0.121,0.119,0.12,0.119,0.12,0.118,0.121,0.12,0.12,0.12,0.118,0.12,0.119,0.118,0.12,0.12,0.119,0.119,0.119,0.121,0.118,0.12,0.121,0.119,0.118,0.119,0.12,0.12,0.122,0.119,0.119,
0.12,0.196,0.204,0.222,0.229,0.23,0.232,0.234,0.236,0.238,0.244,0.238,0.243,0.25,0.244,0.249,0.238,0.241,0.242,0.249,0.243,0.248,0.237,0.24,0.241,0.244,0.245,0.247,0.249,0.239,0.24,0.242,0.244,0.246,0.249,0.237,0.24,0.241,0.243,0.245,0.247,0.249,0.238,0.24,0.242,0.244,0.246,0.248,0.237,0.24,0.241,0.243,0.245,0.247,0.249,0.238,0.24,0.242,0.244,0.246,0.248,0.237,0.24,0.241,0.243,0.245,0.247,0.249,0.238,0.24,0.242,0.244,0.246,0.248,0.237,0.24,0.241,0.243,0.245,0.247,0.249,0.238,0.24,0.242,0.244,0.246,0.248,0.237,0.24,0.241,0.243,0.245,0.247,0.249,0.238,0.24,0.242,0.244,0.246,0.117,
0.014,0.024,-0.043,-0.03,-0.033,-0.033,-0.034,-0.033,-0.029,-0.034,-0.045,-0.03,-0.034,-0.03,-0.034,-0.033,-0.033,-0.029,-0.035,-0.031,-0.034,-0.03,-0.03,-0.045,-0.031,-0.033,-0.03,-0.034,-0.033,-0.033,-0.033,-0.033,-0.033,-0.033,-0.033,-0.033,-0.033,-0.033,-0.033,-0.033,-0.033,-0.033,-0.033,-0.033,-0.033,-0.033,-0.033,-0.033,-0.033,-0.033,-0.033,-0.033,-0.033,-0.033,-0.033,-0.033,-0.033,-0.033,-0.033,-0.033,-0.033,-0.033,-0.033,-0.033,-0.033,-0.033,-0.033,-0.033,-0.033,-0.033,-0.033,-0.033,-0.033,-0.033,-0.033,-0.033,-0.033,-0.033,-0.033,-0.033,-0.033,-0.033,-0.033,-0.033,-0.033,-0.033,-0.033,-0.033,-0.033,-0.033,-0.033,-0.033,-0.033,-0.033,-0.033,-0.033,-0.033,-0.033,-0.033,-0.033,
0.041,0.061,0.026,0.039,0.038,0.042,-0.004,-0.108,0.026,0.045,-0.024,-0.103,0.004,0.041,-0.001,-0.12,0.028,0.041,0.021,0.001,-0.109,0.026,0.042,-0.016,-0.108,0.029,0.041,0.026,-0.002,-0.118,0.026,0.045,-0.024,-0.03,0.187,0.036,-0.001,-0.104,0.009,0.04,0.041,0.002,-0.129,0.027,0.041,0.001,-0.123,0.028,0.038,-0.023,-0.098,0.028,0.023,0.041,-0.001,-0.106,0.026,0.039,0.001,-0.108,0.031,0.025,0.038,0.001,-0.123,0.107,0.199,-0.005,-0.107,0.028,0.022,0.001,-0.106,0.029,0.02,0.041,-0.001,-0.129,0.03,0.041,-0.023,-0.106,0.029,0.023,0.001,-0.102,0.031,0.019,0.042,-0.004,-0.105,0.005,0.042,-0.001,-0.108,0.03,0.123,0.208,-0.006,-0.121,
0.138,0.162,0.17,0.135,0.14,0.147,0.153,0.155,0.144,0.143,0.149,0.155,0.144,0.143,0.15,0.156,0.144,0.143,0.149,0.156,0.144,0.143,0.149,0.156,0.144,0.143,0.149,0.156,0.143,0.142,0.149,0.155,0.144,0.143,0.15,0.155,0.145,0.144,0.15,0.155,0.145,0.144,0.151,0.155,0.144,0.143,0.15,0.156,0.144,0.143,0.149,0.156,0.144,0.143,0.149,0.156,0.144,0.143,0.149,0.155,0.145,0.144,0.151,0.155,0.144,0.143,0.149,0.155,0.145,0.143,0.15,0.156,0.144,0.142,0.149,0.155,0.144,0.143,0.15,0.156,0.144,0.143,0.15,0.156,0.144,0.143,0.149,0.156,0.144,0.143,0.149,0.156,0.143,0.142,0.149,0.155,0.144,0.143,0.149,0.15,
0.019,0.071,0.023,0.03,0.031,0.029,0.029,0.03,0.029,0.03,0.03,0.03,0.03,0.03,0.03,0.03,0.03,0.03,0.03,0.03,0.03,0.03,0.03,0.03,0.03,0.03,0.03,0.03,0.03,0.03,0.03,0.03,0.03,0.03,0.03,0.03,0.03,0.03,0.03,0.03,0.03,0.03,0.03,0.03,0.03,0.03,0.03,0.03,0.03,0.03,0.03,0.03,0.03,0.03,0.03,0.03,0.03,0.03,0.03,0.03,0.03,0.03,0.03,0.03,0.03,0.03,0.03,0.03,0.03,0.03,0.03,0.03,0.03,0.03,0.03,0.03,0.03,0.03,0.03,0.03,0.03,0.03,0.03,0.03,0.03,0.03,0.03,0.03,0.03,0.03,0.03,0.03,0.03,0.03,0.03,0.03,0.03,0.03,0.03,0.03,
0.157,0.109,0.094,0.081,0.079,0.079,0.079,0.079,0.079,0.079,0.079,0.079,0.079,0.079,0.079,0.079,0.079,0.079,0.079,0.079,0.079,0.079,0.079,0.079,0.079,0.079,0.079,0.079,0.079,0.079,0.079,0.079,0.079,0.079,0.079,0.079,0.079,0.079,0.079,0.079,0.079,0.079,0.079,0.079,0.079,0.079,0.079,0.079,0.079,0.079,0.079,0.079,0.079,0.079,0.079,0.079,0.079,0.079,0.079,0.079,0.079,0.079,0.079,0.079,0.079,0.079,0.079,0.079,0.079,0.079,0.079,0.079,0.079,0.079,0.079,0.079,0.079,0.079,0.079,0.079,0.079,0.079,0.079,0.079,0.079,0.079,0.079,0.079,0.079,0.079,0.079,0.079,0.079,0.079,0.079,0.079,0.079,0.079,0.079,0.075,
0.092,0.095,0.092,0.092,0.091,0.091,0.091,0.092,0.091,0.089,0.091,0.091,0.092,0.092,0.092,0.092,0.091,0.092,0.092,0.092,0.092,0.092,0.092,0.092,0.092,0.092,0.092,0.092,0.092,0.092,0.092,0.092,0.092,0.092,0.092,0.092,0.092,0.092,0.092,0.089,0.091,0.092,0.092,0.092,0.092,0.092,0.092,0.093,0.092,0.089,0.091,0.089,0.091,0.093,0.088,0.092,0.091,0.092,0.088,0.092,0.091,0.092,0.092,0.092,0.093,0.091,0.092,0.091,0.091,0.092,0.089,0.092,0.091,0.092,0.089,0.091,0.091,0.093,0.092,0.091,0.091,0.093,0.091,0.093,0.091,0.092,0.092,0.09,0.091,0.091,0.092,0.092,0.092,0.092,0.091,0.092,0.092,0.092,0.092,0.092,
0.169,0.249,0.224,0.205,0.205,0.205,0.205,0.205,0.204,0.204,0.203,0.203,0.202,0.201,0.201,0.2,0.2,0.199,0.199,0.199,0.199,0.2,0.199,0.199,0.199,0.199,0.199,0.199,0.199,0.199,0.199,0.199,0.199,0.2,0.199,0.199,0.199,0.199,0.199,0.2,0.199,0.199,0.199,0.199,0.199,0.2,0.199,0.199,0.199,0.199,0.199,0.199,0.199,0.199,0.199,0.199,0.199,0.199,0.199,0.199,0.199,0.199,0.199,0.199,0.199,0.199,0.199,0.199,0.199,0.199,0.199,0.199,0.199,0.199,0.199,0.199,0.199,0.199,0.199,0.199,0.199,0.199,0.199,0.199,0.199,0.199,0.199,0.199,0.199,0.199,0.199,0.199,0.199,0.199,0.199,0.199,0.199,0.199,0.199,0.198,
-0.01,0.011,-0.002,-0.018,-0.022,-0.021,-0.028,-0.019,-0.022,-0.021,-0.026,-0.021,-0.022,-0.02,-0.021,-0.021,-0.021,-0.021,-0.021,-0.021,-0.021,-0.021,-0.021,-0.021,-0.021,-0.021,-0.021,-0.021,-0.021,-0.021,-0.021,-0.021,-0.021,-0.021,-0.021,-0.021,-0.021,-0.021,-0.021,-0.021,-0.021,-0.021,-0.021,-0.021,-0.021,-0.021,-0.021,-0.021,-0.021,-0.021,-0.021,-0.021,-0.021,-0.021,-0.021,-0.021,-0.021,-0.021,-0.021,-0.021,-0.021,-0.021,-0.021,-0.021,-0.021,-0.021,-0.021,-0.021,-0.021,-0.021,-0.021,-0.021,-0.021,-0.021,-0.021,-0.021,-0.021,-0.021,-0.021,-0.021,-0.021,-0.021,-0.021,-0.021,-0.021,-0.021,-0.021,-0.021,-0.021,-0.021,-0.021,-0.021,-0.021,-0.021,-0.021,-0.021,-0.021,-0.021,-0.021,-0.022,
0.075,0.089,0.068,0.073,0.075,0.074,0.073,0.073,0.075,0.073,0.074,0.073,0.073,0.073,0.075,0.074,0.074,0.074,0.074,0.074,0.073,0.074,0.074,0.074,0.074,0.074,0.074,0.074,0.074,0.074,0.074,0.074,0.074,0.074,0.074,0.074,0.074,0.074,0.073,0.075,0.073,0.075,0.074,0.073,0.073,0.074,0.074,0.073,0.074,0.074,0.073,0.075,0.074,0.074,0.067,0.075,0.073,0.073,0.075,0.073,0.075,0.068,0.074,0.075,0.073,0.075,0.074,0.073,0.074,0.073,0.075,0.07,0.075,0.073,0.074,0.073,0.074,0.074,0.074,0.068,0.074,0.074,0.073,0.075,0.073,0.074,0.074,0.073,0.074,0.073,0.075,0.073,0.074,0.073,0.073,0.074,0.075,0.073,0.073,0.074,
0.068,0.132,0.076,0.068,0.064,0.067,0.068,0.067,0.067,0.064,0.063,0.068,0.067,0.068,0.067,0.068,0.062,0.065,0.063,0.065,0.064,0.062,0.063,0.057,0.067,0.068,0.067,0.067,0.068,0.068,0.068,0.062,0.067,0.068,0.067,0.063,0.063,0.068,0.068,0.067,0.067,0.067,0.064,0.064,0.067,0.067,0.067,0.07,0.067,0.064,0.068,0.068,0.063,0.07,0.062,0.063,0.057,0.064,0.06,0.063,0.062,0.063,0.067,0.062,0.064,0.063,0.061,0.07,0.063,0.068,0.067,0.064,0.067,0.067,0.064,0.067,0.068,0.067,0.066,0.064,0.067,0.067,0.067,0.063,0.061,0.068,0.064,0.062,0.068,0.065,0.067,0.063,0.067,0.067,0.067,0.065,0.068,0.067,0.064,0.065,
0.043,0.036,0.056,0.058,0.057,0.056,0.056,0.056,0.056,0.056,0.057,0.056,0.056,0.055,0.056,0.056,0.056,0.056,0.056,0.056,0.056,0.057,0.056,0.056,0.056,0.056,0.057,0.056,0.056,0.057,0.055,0.056,0.056,0.056,0.057,0.056,0.056,0.056,0.056,0.056,0.057,0.056,0.056,0.057,0.056,0.056,0.056,0.056,0.057,0.056,0.056,0.057,0.056,0.057,0.056,0.056,0.057,0.056,0.056,0.055,0.056,0.057,0.056,0.055,0.056,0.057,0.055,0.056,0.056,0.056,0.056,0.056,0.056,0.056,0.056,0.056,0.056,0.056,0.056,0.057,0.056,0.056,0.056,0.056,0.057,0.056,0.057,0.056,0.057,0.056,0.056,0.057,0.056,0.055,0.056,0.057,0.056,0.056,0.055,0.056,
0.133,0.159,0.155,0.149,0.144,0.135,0.139,0.142,0.141,0.142,0.141,0.141,0.141,0.142,0.141,0.142,0.141,0.142,0.141,0.142,0.141,0.141,0.141,0.142,0.141,0.142,0.142,0.141,0.142,0.141,0.141,0.141,0.142,0.141,0.142,0.141,0.141,0.141,0.141,0.142,0.141,0.141,0.142,0.141,0.142,0.141,0.141,0.141,0.142,0.141,0.142,0.141,0.141,0.141,0.141,0.141,0.141,0.141,0.141,0.141,0.141,0.141,0.142,0.141,0.141,0.142,0.141,0.141,0.142,0.141,0.141,0.141,0.141,0.141,0.142,0.141,0.142,0.141,0.141,0.141,0.141,0.142,0.141,0.141,0.141,0.142,0.141,0.141,0.141,0.142,0.141,0.141,0.141,0.141,0.141,0.142,0.141,0.141,0.142,0.136,
0.021,-0.022,0.008,0.014,0.02,0.019,0.022,0.014,0.0,0.021,0.019,0.014,0.013,0.021,0.019,0.019,0.02,0.022,0.019,0.02,-0.001,0.02,0.022,0.013,0.02,0.021,0.011,0.014,0.013,-0.004,0.02,0.013,0.021,0.019,-0.002,0.019,0.013,0.02,0.02,0.013,0.021,0.012,0.013,0.02,0.021,0.02,0.019,0.019,0.013,-0.004,0.013,0.021,0.014,0.021,0.019,0.02,0.02,0.02,0.019,0.019,0.022,0.02,0.014,0.021,0.012,0.02,0.021,0.019,0.021,0.019,0.015,0.019,0.013,0.019,0.014,0.021,0.02,0.013,0.02,0.022,0.013,0.02,0.021,0.011,0.013,0.02,0.013,0.019,0.02,0.02,0.013,0.012,0.015,0.02,0.013,0.021,0.013,0.014,0.021,0.014,
0.076,0.133,0.159,0.168,0.177,0.173,0.164,0.159,0.155,0.128,0.122,0.116,0.112,0.107,0.102,0.1,0.1,0.082,0.098,0.1,0.082,0.098,0.1,0.1,0.082,0.098,0.1,0.1,0.1,0.1,0.1,0.1,0.1,0.1,0.1,0.1,0.1,0.1,0.1,0.1,0.1,0.1,0.1,0.1,0.1,0.1,0.1,0.1,0.1,0.1,0.1,0.1,0.1,0.1,0.1,0.1,0.1,0.1,0.1,0.1,0.1,0.1,0.1,0.1,0.1,0.1,0.1,0.1,0.1,0.1,0.1,0.1,0.1,0.1,0.1,0.1,0.1,0.1,0.1,0.1,0.1,0.1,0.1,0.1,0.1,0.1,0.1,0.1,0.1,0.1,0.1,0.1,0.1,0.1,0.1,0.1,0.1,0.1,0.1,0.101,
0.04,-0.022,0.005,0.041,0.04,0.04,0.041,0.04,0.041,0.04,0.04,0.041,0.039,0.04,0.04,0.041,0.039,0.04,0.04,0.041,0.041,0.04,0.041,0.04,0.041,0.04,0.039,0.041,0.04,0.041,0.04,0.041,0.04,0.041,0.039,0.04,0.041,0.039,0.04,0.04,0.04,0.041,0.041,0.04,0.04,0.041,0.04,0.04,0.04,0.041,0.04,0.04,0.041,0.039,0.04,0.04,0.041,0.04,0.041,0.04,0.04,0.04,0.041,0.04,0.04,0.041,0.041,0.04,0.039,0.04,0.041,0.04,0.041,0.04,0.041,0.04,0.04,0.04,0.039,0.041,0.04,0.041,0.04,0.041,0.04,0.04,0.04,0.041,0.039,0.04,0.04,0.04,0.04,0.041,0.041,0.04,0.04,0.041,0.04,0.041,
0.103,0.115,0.085,0.104,0.103,0.104,0.103,0.103,0.103,0.103,0.103,0.103,0.103,0.098,0.103,0.104,0.103,0.103,0.098,0.103,0.103,0.104,0.103,0.103,0.103,0.103,0.103,0.098,0.103,0.104,0.102,0.104,0.103,0.103,0.103,0.103,0.103,0.103,0.103,0.103,0.103,0.103,0.103,0.103,0.103,0.103,0.103,0.103,0.103,0.103,0.103,0.103,0.103,0.103,0.103,0.103,0.103,0.103,0.103,0.103,0.103,0.103,0.103,0.103,0.103,0.103,0.103,0.103,0.103,0.103,0.103,0.103,0.103,0.103,0.103,0.103,0.103,0.103,0.103,0.103,0.103,0.103,0.103,0.103,0.103,0.103,0.103,0.103,0.103,0.103,0.103,0.103,0.103,0.103,0.103,0.103,0.103,0.103,0.103,0.103,
0.026,0.021,0.056,0.042,0.034,0.027,0.027,0.027,0.027,0.027,0.027,0.027,0.027,0.027,0.028,0.027,0.027,0.027,0.027,0.027,0.027,0.027,0.027,0.027,0.027,0.027,0.027,0.027,0.027,0.027,0.027,0.027,0.027,0.027,0.027,0.027,0.027,0.027,0.027,0.027,0.027,0.027,0.027,0.027,0.027,0.027,0.027,0.027,0.027,0.027,0.027,0.027,0.027,0.027,0.027,0.027,0.027,0.027,0.027,0.027,0.027,0.027,0.027,0.027,0.027,0.027,0.027,0.027,0.027,0.027,0.027,0.027,0.027,0.027,0.027,0.027,0.027,0.027,0.027,0.027,0.027,0.027,0.027,0.027,0.027,0.027,0.027,0.027,0.027,0.027,0.027,0.027,0.027,0.027,0.027,0.027,0.027,0.027,0.027,0.027,
0.014,-0.003,-0.014,-0.003,0.013,0.046,0.054,0.061,0.061,0.061,0.061,0.061,0.061,0.061,0.062,0.061,0.061,0.061,0.062,0.061,0.061,0.062,0.061,0.061,0.061,0.062,0.061,0.061,0.061,0.062,0.061,0.061,0.061,0.062,0.061,0.061,0.061,0.062,0.061,0.061,0.061,0.062,0.061,0.061,0.061,0.062,0.061,0.061,0.061,0.062,0.061,0.061,0.061,0.062,0.061,0.061,0.061,0.062,0.061,0.061,0.061,0.062,0.061,0.061,0.061,0.062,0.061,0.061,0.061,0.062,0.061,0.061,0.061,0.062,0.061,0.061,0.061,0.062,0.061,0.061,0.061,0.062,0.061,0.061,0.061,0.062,0.061,0.061,0.061,0.062,0.061,0.061,0.061,0.062,0.061,0.061,0.061,0.062,0.061,0.061,
-0.016,-0.001,0.047,0.033,0.035,0.037,0.036,0.036,0.036,0.036,0.036,0.036,0.036,0.036,0.036,0.036,0.036,0.036,0.036,0.036,0.036,0.036,0.036,0.036,0.036,0.036,0.036,0.036,0.036,0.036,0.036,0.036,0.036,0.036,0.036,0.036,0.036,0.036,0.036,0.036,0.036,0.036,0.036,0.036,0.036,0.036,0.036,0.036,0.036,0.036,0.036,0.036,0.036,0.036,0.036,0.036,0.036,0.036,0.036,0.036,0.036,0.036,0.036,0.036,0.036,0.036,0.036,0.036,0.036,0.036,0.036,0.036,0.036,0.036,0.036,0.036,0.036,0.036,0.036,0.036,0.036,0.036,0.036,0.036,0.036,0.036,0.036,0.036,0.036,0.036,0.036,0.036,0.036,0.036,0.036,0.036,0.036,0.036,0.036,0.036,
0.117,0.187,0.199,0.185,0.173,0.137,0.173,0.136,0.173,0.136,0.173,0.136,0.173,0.136,0.173,0.136,0.173,0.136,0.173,0.136,0.173,0.132,0.136,0.173,0.136,0.173,0.136,0.173,0.136,0.173,0.136,0.173,0.136,0.173,0.136,0.173,0.136,0.173,0.136,0.173,0.132,0.136,0.173,0.135,0.169,0.135,0.135,0.173,0.136,0.173,0.132,0.136,0.173,0.136,0.173,0.136,0.173,0.136,0.173,0.137,0.173,0.136,0.173,0.136,0.173,0.136,0.173,0.136,0.173,0.132,0.136,0.173,0.136,0.173,0.136,0.173,0.136,0.173,0.136,0.173,0.136,0.173,0.136,0.173,0.136,0.173,0.136,0.173,0.136,0.173,0.136,0.173,0.136,0.173,0.136,0.173,0.136,0.173,0.136,0.168,
0.045,0.074,0.01,0.032,-0.002,0.02,-0.002,0.02,-0.001,0.021,-0.001,0.021,-0.002,0.021,0.042,-0.001,0.021,-0.001,0.021,-0.002,0.021,0.042,0.0,0.022,-0.002,0.02,-0.002,0.02,-0.001,0.021,-0.002,0.02,-0.002,0.021,0.038,0.048,0.003,0.025,-0.002,0.02,0.0,0.022,-0.154,-0.009,-0.003,0.019,0.0,0.022,0.0,0.022,0.0,0.023,0.044,-0.146,-0.007,-0.161,-0.009,-0.002,0.02,-0.002,0.021,0.042,-0.002,0.02,-0.001,0.021,-0.002,0.02,-0.002,0.02,-0.002,0.02,-0.002,0.02,-0.002,0.02,-0.002,0.02,-0.002,0.02,-0.002,0.02,-0.002,0.02,-0.109,0.002,-0.002,0.02,0.042,0.048,0.004,0.027,0.037,0.033,0.027,-0.002,0.02,-0.001,0.021,-0.06,
0.087,0.132,0.099,0.101,0.1,0.102,0.103,0.104,0.105,0.106,0.108,0.1,0.102,0.103,0.1,0.102,0.1,0.102,0.1,0.102,0.103,0.104,0.105,0.106,0.108,0.11,0.111,0.099,0.101,0.102,0.103,0.1,0.101,0.102,0.1,0.101,0.102,0.103,0.101,0.102,0.103,0.104,0.106,0.106,0.109,0.1,0.101,0.102,0.103,0.105,0.106,0.108,0.109,0.11,0.111,0.113,0.114,0.1,0.101,0.102,0.104,0.101,0.102,0.103,0.104,0.101,0.102,0.103,0.104,0.101,0.102,0.103,0.104,0.105,0.106,0.108,0.1,0.101,0.1,0.102,0.103,0.104,0.105,0.1,0.1,0.101,0.1,0.101,0.099,0.127,0.128,0.1,0.101,0.102,0.101,0.102,0.101,0.102,0.103,0.104,
0.003,0.008,0.002,0.004,0.004,0.005,0.004,0.005,0.004,0.005,0.004,0.004,0.005,0.004,0.004,0.005,0.004,0.005,0.004,0.004,0.005,0.004,0.005,0.004,0.005,0.004,0.004,0.004,0.005,0.004,0.004,0.005,0.004,0.005,0.004,0.005,0.004,0.004,0.005,0.004,0.005,0.004,0.005,0.004,0.004,0.005,0.004,0.005,0.004,0.005,0.004,0.004,0.005,0.004,0.005,0.004,0.005,0.004,0.004,0.005,0.004,0.005,0.004,0.005,0.004,0.004,0.005,0.004,0.005,0.004,0.005,0.004,0.004,0.005,0.004,0.005,0.004,0.005,0.004,0.004,0.005,0.004,0.005,0.004,0.005,0.004,0.004,0.005,0.004,0.005,0.004,0.005,0.004,0.004,0.005,0.004,0.005,0.004,0.005,0.004,
0.085,0.09,0.087,0.086,0.086,0.087,0.086,0.086,0.085,0.086,0.085,0.08,0.086,0.085,0.086,0.079,0.086,0.086,0.077,0.087,0.086,0.086,0.077,0.087,0.085,0.086,0.086,0.076,0.088,0.086,0.086,0.086,0.085,0.086,0.085,0.086,0.085,0.087,0.08,0.085,0.071,0.086,0.086,0.086,0.086,0.086,0.086,0.086,0.077,0.086,0.071,0.087,0.085,0.085,0.079,0.086,0.07,0.086,0.086,0.086,0.086,0.086,0.086,0.086,0.085,0.086,0.071,0.086,0.087,0.086,0.086,0.086,0.085,0.086,0.086,0.086,0.085,0.086,0.085,0.087,0.086,0.086,0.086,0.086,0.085,0.085,0.085,0.08,0.086,0.085,0.087,0.086,0.086,0.086,0.085,0.086,0.085,0.087,0.085,0.086,
0.0,0.048,0.077,0.11,0.013,0.026,0.06,0.013,0.081,0.013,0.081,0.013,0.081,0.014,0.08,0.014,0.083,0.012,0.08,0.016,0.079,0.015,0.08,0.013,0.081,0.014,0.075,0.014,0.08,0.015,0.079,0.014,0.081,0.012,0.081,0.014,0.08,0.014,0.075,0.015,0.08,0.015,0.08,0.014,0.08,0.014,0.08,0.014,0.08,0.009,0.08,0.014,0.075,0.014,0.081,0.012,0.081,0.014,0.075,0.014,0.075,0.014,0.08,0.015,0.08,0.015,0.08,0.014,0.075,0.015,0.078,0.015,0.079,0.015,0.081,0.014,0.08,0.015,0.079,0.015,0.08,0.014,0.079,0.015,0.08,0.013,0.081,0.015,0.08,0.014,0.08,0.008,0.08,0.015,0.078,0.015,0.08,0.015,0.08,0.011,
0.101,0.129,0.131,0.224,0.267,0.27,0.27,0.272,0.274,0.273,0.274,0.274,0.274,0.274,0.274,0.273,0.274,0.274,0.274,0.274,0.274,0.274,0.274,0.274,0.274,0.274,0.274,0.274,0.274,0.274,0.274,0.274,0.274,0.274,0.274,0.274,0.274,0.274,0.274,0.274,0.274,0.274,0.274,0.274,0.274,0.274,0.274,0.274,0.274,0.274,0.274,0.274,0.274,0.274,0.274,0.274,0.274,0.274,0.274,0.274,0.274,0.274,0.274,0.274,0.274,0.274,0.274,0.274,0.274,0.274,0.274,0.274,0.274,0.274,0.274,0.274,0.274,0.274,0.274,0.274,0.274,0.274,0.274,0.274,0.274,0.274,0.274,0.274,0.274,0.274,0.274,0.274,0.274,0.274,0.274,0.274,0.274,0.274,0.274,0.256,
0.005,0.095,0.09,0.103,0.106,0.104,0.105,0.103,0.105,0.104,0.104,0.103,0.104,0.105,0.104,0.103,0.105,0.104,0.103,0.104,0.105,0.103,0.104,0.105,0.103,0.104,0.105,0.103,0.104,0.105,0.103,0.104,0.105,0.103,0.104,0.105,0.103,0.104,0.105,0.103,0.104,0.105,0.103,0.104,0.105,0.103,0.104,0.105,0.103,0.104,0.105,0.103,0.104,0.105,0.103,0.104,0.105,0.103,0.104,0.105,0.103,0.104,0.105,0.103,0.104,0.105,0.103,0.104,0.105,0.103,0.104,0.105,0.103,0.104,0.105,0.103,0.104,0.105,0.103,0.104,0.105,0.103,0.104,0.105,0.103,0.104,0.105,0.103,0.104,0.105,0.103,0.104,0.105,0.103,0.104,0.105,0.103,0.104,0.105,0.09,
0.103,0.201,0.148,0.11,0.103,0.103,0.103,0.103,0.103,0.103,0.103,0.103,0.103,0.103,0.103,0.104,0.103,0.103,0.103,0.103,0.103,0.103,0.103,0.103,0.103,0.104,0.103,0.103,0.103,0.103,0.103,0.103,0.103,0.103,0.104,0.103,0.103,0.103,0.103,0.103,0.103,0.103,0.103,0.104,0.103,0.103,0.103,0.104,0.103,0.103,0.103,0.103,0.103,0.103,0.103,0.103,0.103,0.103,0.103,0.103,0.104,0.103,0.103,0.104,0.102,0.103,0.103,0.103,0.103,0.103,0.103,0.103,0.103,0.103,0.103,0.103,0.103,0.104,0.103,0.103,0.104,0.103,0.103,0.103,0.103,0.103,0.104,0.103,0.104,0.103,0.103,0.103,0.103,0.103,0.103,0.104,0.103,0.103,0.103,0.103,
0.0,0.095,0.108,0.12,0.121,0.122,0.121,0.122,0.121,0.12,0.135,0.121,0.121,0.122,0.122,0.121,0.122,0.122,0.121,0.122,0.122,0.119,0.136,0.12,0.122,0.121,0.122,0.122,0.121,0.122,0.122,0.121,0.122,0.119,0.136,0.121,0.122,0.121,0.122,0.122,0.122,0.122,0.121,0.122,0.122,0.12,0.136,0.121,0.122,0.121,0.122,0.122,0.121,0.122,0.122,0.122,0.121,0.12,0.136,0.121,0.122,0.121,0.122,0.122,0.122,0.122,0.121,0.122,0.121,0.12,0.136,0.121,0.122,0.121,0.122,0.122,0.122,0.121,0.122,0.122,0.122,0.119,0.136,0.121,0.121,0.122,0.122,0.121,0.122,0.122,0.121,0.122,0.122,0.12,0.135,0.121,0.122,0.121,0.122,0.104,
-0.015,-0.033,-0.02,-0.016,-0.015,-0.015,-0.015,-0.015,-0.014,-0.016,-0.016,-0.014,-0.016,-0.015,-0.015,-0.016,-0.015,-0.016,-0.015,-0.015,-0.016,-0.015,-0.015,-0.015,-0.016,-0.016,-0.014,-0.016,-0.016,-0.014,-0.017,-0.015,-0.015,-0.014,-0.017,-0.015,-0.015,-0.015,-0.016,-0.015,-0.016,-0.015,-0.014,-0.016,-0.016,-0.015,-0.015,-0.016,-0.015,-0.016,-0.015,-0.015,-0.015,-0.015,-0.015,-0.015,-0.015,-0.016,-0.015,-0.015,-0.015,-0.015,-0.015,-0.015,-0.015,-0.015,-0.015,-0.015,-0.016,-0.015,-0.016,-0.014,-0.016,-0.016,-0.015,-0.017,-0.015,-0.015,-0.015,-0.015,-0.016,-0.016,-0.014,-0.015,-0.015,-0.017,-0.014,-0.015,-0.015,-0.015,-0.015,-0.015,-0.015,-0.015,-0.015,-0.015,-0.015,-0.015,-0.015,-0.015,
-0.045,-0.025,-0.022,-0.022,-0.02,-0.02,-0.021,-0.021,-0.022,-0.021,-0.022,-0.02,-0.021,-0.02,-0.02,-0.022,-0.018,-0.023,-0.018,-0.023,-0.022,-0.018,-0.023,-0.022,-0.021,-0.022,-0.021,-0.022,-0.022,-0.02,-0.022,-0.022,-0.018,-0.023,-0.02,-0.022,-0.018,-0.023,-0.021,-0.021,-0.018,-0.022,-0.021,-0.02,-0.022,-0.018,-0.023,-0.021,-0.022,-0.021,-0.022,-0.02,-0.022,-0.02,-0.022,-0.021,-0.022,-0.018,-0.023,-0.021,-0.02,-0.02,-0.021,-0.021,-0.02,-0.021,-0.021,-0.021,-0.021,-0.02,-0.02,-0.021,-0.022,-0.022,-0.02,-0.02,-0.021,-0.02,-0.022,-0.021,-0.021,-0.02,-0.022,-0.018,-0.021,-0.02,-0.022,-0.021,-0.022,-0.021,-0.021,-0.02,-0.02,-0.02,-0.02,-0.02,-0.021,-0.02,-0.02,-0.021,
0.151,0.191,0.163,0.183,0.188,0.185,0.188,0.186,0.185,0.188,0.185,0.188,0.186,0.185,0.188,0.185,0.188,0.186,0.185,0.188,0.185,0.188,0.186,0.185,0.188,0.185,0.188,0.186,0.185,0.188,0.185,0.188,0.186,0.185,0.188,0.185,0.188,0.186,0.185,0.188,0.185,0.188,0.186,0.185,0.188,0.185,0.188,0.186,0.185,0.188,0.185,0.188,0.186,0.185,0.188,0.185,0.188,0.186,0.185,0.188,0.185,0.188,0.186,0.185,0.188,0.185,0.188,0.186,0.185,0.188,0.185,0.188,0.186,0.185,0.188,0.185,0.188,0.186,0.185,0.188,0.185,0.188,0.186,0.185,0.188,0.185,0.188,0.186,0.185,0.188,0.185,0.188,0.186,0.185,0.188,0.185,0.188,0.186,0.185,0.186,
0.014,0.015,0.015,0.014,0.014,0.014,0.014,0.014,0.014,0.014,0.014,0.014,0.014,0.014,0.014,0.014,0.014,0.014,0.014,0.014,0.014,0.014,0.014,0.015,0.015,0.013,0.014,0.014,0.014,0.014,0.014,0.014,0.015,0.014,0.014,0.015,0.015,0.015,0.013,0.016,0.013,0.016,0.014,0.014,0.015,0.014,0.015,0.014,0.013,0.016,0.014,0.014,0.015,0.014,0.014,0.014,0.014,0.014,0.014,0.016,0.014,0.014,0.014,0.014,0.014,0.014,0.016,0.013,0.014,0.014,0.014,0.014,0.014,0.014,0.014,0.014,0.014,0.014,0.014,0.014,0.014,0.014,0.014,0.014,0.014,0.014,0.014,0.014,0.015,0.015,0.014,0.014,0.014,0.015,0.013,0.015,0.014,0.015,0.013,0.015,
-0.006,-0.022,-0.022,-0.022,-0.006,-0.007,-0.01,-0.024,-0.009,-0.024,-0.008,-0.007,-0.007,-0.007,-0.007,-0.007,-0.007,-0.007,-0.007,-0.007,-0.007,-0.007,-0.007,-0.007,-0.007,-0.007,-0.007,-0.007,-0.007,-0.007,-0.007,-0.007,-0.007,-0.007,-0.007,-0.007,-0.007,-0.007,-0.007,-0.007,-0.007,-0.007,-0.007,-0.007,-0.007,-0.007,-0.007,-0.007,-0.007,-0.007,-0.007,-0.007,-0.007,-0.007,-0.007,-0.007,-0.007,-0.007,-0.007,-0.007,-0.007,-0.007,-0.007,-0.007,-0.007,-0.007,-0.007,-0.007,-0.007,-0.007,-0.007,-0.007,-0.007,-0.007,-0.007,-0.007,-0.007,-0.007,-0.007,-0.007,-0.007,-0.007,-0.007,-0.007,-0.007,-0.007,-0.007,-0.007,-0.007,-0.007,-0.007,-0.007,-0.007,-0.007,-0.007,-0.007,-0.007,-0.007,-0.007,-0.006,
-0.084,-0.154,-0.101,-0.099,-0.099,-0.099,-0.098,-0.097,-0.098,-0.098,-0.099,-0.096,-0.099,-0.096,-0.099,-0.096,-0.1,-0.096,-0.098,-0.099,-0.097,-0.099,-0.099,-0.096,-0.098,-0.099,-0.096,-0.098,-0.099,-0.099,-0.096,-0.098,-0.099,-0.098,-0.099,-0.096,-0.099,-0.098,-0.098,-0.098,-0.1,-0.098,-0.096,-0.098,-0.099,-0.098,-0.099,-0.096,-0.099,-0.098,-0.098,-0.098,-0.098,-0.1,-0.098,-0.096,-0.099,-0.098,-0.099,-0.096,-0.098,-0.099,-0.098,-0.099,-0.098,-0.099,-0.098,-0.098,-0.098,-0.098,-0.1,-0.098,-0.096,-0.099,-0.098,-0.099,-0.096,-0.098,-0.099,-0.098,-0.099,-0.098,-0.099,-0.098,-0.098,-0.098,-0.098,-0.1,-0.098,-0.096,-0.099,-0.098,-0.099,-0.096,-0.098,-0.099,-0.098,-0.099,-0.098,-0.098,
0.061,0.081,0.061,0.068,0.066,0.067,0.067,0.066,0.067,0.068,0.065,0.067,0.067,0.066,0.067,0.067,0.066,0.067,0.067,0.066,0.067,0.067,0.066,0.067,0.067,0.066,0.067,0.067,0.066,0.067,0.067,0.066,0.067,0.067,0.066,0.067,0.067,0.066,0.067,0.067,0.066,0.067,0.067,0.066,0.067,0.067,0.066,0.067,0.067,0.066,0.067,0.067,0.066,0.067,0.067,0.066,0.067,0.067,0.066,0.067,0.067,0.066,0.067,0.067,0.066,0.067,0.067,0.066,0.067,0.067,0.066,0.067,0.067,0.066,0.067,0.067,0.066,0.067,0.067,0.066,0.067,0.067,0.066,0.067,0.067,0.066,0.067,0.067,0.066,0.067,0.067,0.066,0.067,0.067,0.066,0.067,0.067,0.066,0.067,0.067,
0.034,0.052,0.035,0.035,0.034,0.035,0.035,0.035,0.034,0.035,0.035,0.035,0.035,0.034,0.035,0.035,0.035,0.035,0.035,0.035,0.035,0.034,0.035,0.034,0.035,0.035,0.035,0.035,0.035,0.035,0.035,0.036,0.035,0.035,0.036,0.035,0.034,0.035,0.035,0.035,0.035,0.035,0.035,0.035,0.035,0.035,0.036,0.034,0.035,0.035,0.034,0.035,0.036,0.034,0.035,0.035,0.035,0.035,0.035,0.035,0.035,0.035,0.035,0.035,0.035,0.035,0.035,0.035,0.035,0.035,0.035,0.035,0.035,0.035,0.035,0.035,0.035,0.035,0.035,0.035,0.035,0.035,0.035,0.035,0.035,0.035,0.035,0.035,0.035,0.035,0.035,0.035,0.035,0.035,0.035,0.035,0.035,0.035,0.035,0.035,
0.0,0.013,0.008,-0.001,-0.01,-0.011,-0.009,-0.001,-0.001,0.0,0.0,0.0,0.0,0.0,0.0,0.0,0.0,0.0,0.0,0.0,0.0,0.0,0.0,0.0,0.0,0.0,0.0,0.0,0.0,0.0,0.0,0.0,0.0,0.0,0.0,0.0,0.0,0.0,0.0,0.0,0.0,0.0,0.0,0.0,0.0,0.0,0.0,0.0,0.0,0.0,0.0,0.0,0.0,0.0,0.0,0.0,0.0,0.0,0.0,0.0,0.0,0.0,0.0,0.0,0.0,0.0,0.0,0.0,0.0,0.0,0.0,0.0,0.0,0.0,0.0,0.0,0.0,0.0,0.0,0.0,0.0,0.0,0.0,0.0,0.0,0.0,0.0,0.0,0.0,0.0,0.0,0.0,0.0,0.0,0.0,0.0,0.0,0.0,0.0,0.0,
0.172,0.213,0.191,0.163,0.15,0.148,0.151,0.149,0.149,0.15,0.149,0.149,0.149,0.149,0.149,0.149,0.15,0.15,0.15,0.148,0.151,0.149,0.149,0.15,0.149,0.149,0.149,0.149,0.149,0.149,0.15,0.149,0.15,0.149,0.148,0.151,0.149,0.149,0.149,0.149,0.149,0.15,0.15,0.149,0.15,0.15,0.149,0.15,0.149,0.149,0.149,0.15,0.149,0.149,0.149,0.149,0.149,0.15,0.149,0.15,0.149,0.15,0.149,0.149,0.15,0.15,0.149,0.149,0.149,0.15,0.149,0.149,0.15,0.149,0.15,0.149,0.149,0.15,0.15,0.149,0.15,0.149,0.149,0.148,0.15,0.149,0.149,0.149,0.149,0.149,0.15,0.149,0.149,0.149,0.149,0.15,0.148,0.151,0.148,0.15,
0.012,0.07,0.152,0.091,0.091,0.09,0.089,0.089,0.09,0.089,0.09,0.089,0.09,0.089,0.089,0.089,0.09,0.09,0.089,0.089,0.09,0.089,0.089,0.09,0.089,0.09,0.088,0.09,0.089,0.09,0.09,0.089,0.09,0.089,0.089,0.09,0.089,0.089,0.09,0.089,0.09,0.089,0.09,0.089,0.089,0.09,0.089,0.089,0.09,0.089,0.089,0.089,0.09,0.089,0.09,0.089,0.089,0.089,0.09,0.089,0.089,0.09,0.089,0.089,0.089,0.09,0.089,0.089,0.09,0.09,0.089,0.089,0.09,0.089,0.09,0.089,0.09,0.089,0.089,0.09,0.089,0.09,0.089,0.089,0.09,0.089,0.089,0.089,0.089,0.09,0.089,0.09,0.089,0.09,0.089,0.089,0.09,0.089,0.09,0.089,
0.035,0.033,0.036,0.035,0.035,0.033,0.036,0.034,0.035,0.036,0.035,0.035,0.034,0.035,0.035,0.036,0.034,0.036,0.034,0.037,0.031,0.036,0.034,0.035,0.035,0.035,0.036,0.035,0.034,0.036,0.035,0.034,0.036,0.034,0.036,0.034,0.036,0.034,0.036,0.035,0.034,0.034,0.035,0.036,0.035,0.035,0.034,0.035,0.037,0.033,0.035,0.034,0.036,0.037,0.035,0.031,0.035,0.037,0.035,0.033,0.037,0.035,0.035,0.034,0.035,0.035,0.036,0.031,0.035,0.036,0.034,0.034,0.036,0.035,0.036,0.035,0.034,0.035,0.035,0.036,0.034,0.036,0.035,0.035,0.035,0.034,0.035,0.036,0.035,0.034,0.035,0.036,0.034,0.037,0.033,0.037,0.034,0.035,0.034,0.036,
0.083,0.092,0.085,0.084,0.084,0.085,0.084,0.084,0.081,0.081,0.082,0.082,0.084,0.082,0.082,0.08,0.082,0.082,0.082,0.081,0.082,0.082,0.082,0.082,0.081,0.081,0.082,0.082,0.081,0.081,0.082,0.08,0.084,0.081,0.082,0.082,0.081,0.081,0.084,0.081,0.081,0.082,0.082,0.081,0.084,0.08,0.082,0.082,0.084,0.081,0.081,0.082,0.08,0.082,0.082,0.082,0.082,0.084,0.081,0.081,0.082,0.082,0.081,0.082,0.081,0.082,0.081,0.081,0.082,0.082,0.082,0.082,0.082,0.081,0.082,0.08,0.082,0.082,0.081,0.082,0.084,0.08,0.082,0.082,0.082,0.045,-0.283,0.068,0.081,0.082,0.081,0.081,0.081,0.082,0.08,0.082,0.084,0.081,0.082,0.084,
-0.001,0.0,-0.001,-0.001,-0.001,0.0,-0.001,-0.001,-0.001,0.0,-0.001,-0.001,-0.001,-0.001,0.0,-0.001,-0.001,-0.001,-0.001,-0.001,-0.001,-0.001,-0.001,-0.001,-0.001,-0.001,-0.001,-0.001,-0.001,-0.001,-0.001,-0.001,-0.001,0.0,-0.002,-0.001,-0.001,0.0,-0.001,-0.001,-0.001,-0.001,-0.001,-0.001,0.0,-0.001,-0.001,-0.001,-0.001,-0.001,-0.001,-0.001,-0.001,0.0,-0.001,-0.001,0.0,-0.001,-0.001,-0.001,-0.001,-0.001,-0.001,-0.001,-0.001,-0.001,-0.002,-0.001,-0.001,-0.001,-0.001,-0.001,-0.001,0.0,-0.001,-0.001,-0.001,-0.001,-0.001,-0.001,-0.001,-0.001,-0.001,-0.001,-0.001,0.0,-0.001,-0.001,-0.001,-0.001,-0.001,-0.001,-0.001,-0.001,-0.001,-0.001,-0.001,-0.001,-0.001,-0.001,
0.0,0.082,0.059,0.112,0.176,0.114,0.092,0.143,0.118,0.143,0.125,0.082,0.146,0.172,0.093,0.169,0.091,0.142,0.174,0.06,0.112,0.175,0.114,0.093,0.142,0.119,0.169,0.061,0.111,0.175,0.115,0.122,0.173,0.092,0.145,0.174,0.061,0.113,0.176,0.115,0.12,0.08,0.144,0.173,0.062,0.112,0.175,0.115,0.121,0.172,0.093,0.169,0.113,0.088,0.143,0.117,0.143,0.124,0.081,0.146,0.172,0.063,0.113,0.175,0.116,0.148,0.113,0.121,0.174,0.115,0.091,0.142,0.117,0.144,0.124,0.083,0.171,0.113,0.092,0.143,0.117,0.143,0.151,0.115,0.122,0.174,0.116,0.091,0.143,0.118,0.143,0.123,0.082,0.171,0.112,0.09,0.143,0.117,0.143,0.134,
0.016,0.073,0.092,0.108,0.107,0.106,0.105,0.104,0.103,0.102,0.101,0.1,0.098,0.097,0.096,0.095,0.093,0.092,0.091,0.09,0.089,0.087,0.086,0.084,0.083,0.082,0.081,0.079,0.078,0.077,0.076,0.075,0.074,0.072,0.071,0.07,0.069,0.068,0.066,0.065,0.064,0.063,0.061,0.06,0.059,0.058,0.057,0.055,0.054,0.053,0.051,0.05,0.049,0.047,0.045,0.044,0.043,0.042,0.044,0.045,0.044,0.043,0.044,0.045,0.044,0.043,0.044,0.045,0.044,0.043,0.044,0.045,0.044,0.043,0.044,0.045,0.044,0.043,0.044,0.045,0.044,0.043,0.044,0.045,0.044,0.043,0.044,0.045,0.044,0.043,0.044,0.045,0.044,0.043,0.044,0.045,0.044,0.043,0.044,0.045,
0.049,0.045,0.051,0.06,0.049,0.05,0.051,0.037,0.031,-0.016,0.051,0.028,0.05,0.027,0.004,0.043,0.024,0.011,0.033,0.005,0.027,0.027,0.051,0.025,0.049,0.025,0.01,0.051,0.038,0.049,0.049,0.002,0.05,0.027,0.006,0.051,0.049,0.05,0.049,0.02,0.051,0.024,-0.014,0.05,0.039,0.047,0.05,0.0,0.051,0.025,0.005,0.052,0.047,0.049,0.049,0.049,0.049,0.049,0.049,0.049,0.049,0.049,0.049,0.049,0.049,0.049,0.049,0.049,0.049,0.049,0.049,0.049,0.049,0.049,0.049,0.049,0.049,0.049,0.049,0.049,0.049,0.049,0.049,0.049,0.049,0.049,0.049,0.049,0.049,0.049,0.049,0.049,0.049,0.049,0.049,0.049,0.049,0.049,0.049,0.049,
0.021,0.024,0.02,0.023,0.022,0.021,0.022,0.022,0.021,0.021,0.022,0.022,0.021,0.022,0.022,0.021,0.022,0.022,0.021,0.022,0.022,0.021,0.022,0.022,0.021,0.022,0.022,0.021,0.022,0.022,0.021,0.022,0.022,0.021,0.022,0.022,0.021,0.022,0.022,0.021,0.022,0.022,0.021,0.022,0.022,0.021,0.022,0.022,0.021,0.022,0.022,0.021,0.022,0.022,0.021,0.022,0.022,0.021,0.022,0.022,0.021,0.022,0.022,0.021,0.022,0.022,0.021,0.022,0.022,0.021,0.022,0.022,0.021,0.022,0.022,0.021,0.022,0.022,0.021,0.022,0.022,0.021,0.022,0.022,0.021,0.022,0.022,0.021,0.022,0.022,0.021,0.022,0.022,0.021,0.022,0.022,0.021,0.022,0.022,0.021,
0.028,0.147,0.16,0.159,0.159,0.159,0.159,0.159,0.158,0.154,0.158,0.16,0.159,0.16,0.157,0.156,0.159,0.159,0.16,0.155,0.159,0.154,0.158,0.158,0.154,0.159,0.16,0.159,0.159,0.159,0.159,0.16,0.159,0.16,0.156,0.16,0.159,0.159,0.159,0.157,0.156,0.156,0.159,0.156,0.16,0.159,0.159,0.159,0.159,0.159,0.16,0.159,0.159,0.159,0.16,0.159,0.159,0.159,0.16,0.159,0.159,0.159,0.159,0.16,0.159,0.159,0.159,0.159,0.159,0.16,0.159,0.159,0.159,0.16,0.159,0.159,0.159,0.16,0.159,0.159,0.159,0.16,0.159,0.159,0.159,0.16,0.159,0.159,0.159,0.16,0.159,0.159,0.159,0.16,0.159,0.159,0.159,0.16,0.159,0.118,
0.095,0.13,0.094,0.096,0.096,0.097,0.096,0.096,0.096,0.096,0.096,0.096,0.096,0.095,0.096,0.096,0.095,0.096,0.095,0.096,0.096,0.096,0.097,0.096,0.095,0.096,0.096,0.097,0.095,0.096,0.096,0.096,0.096,0.097,0.096,0.096,0.095,0.097,0.095,0.095,0.097,0.095,0.096,0.096,0.096,0.096,0.096,0.096,0.096,0.096,0.096,0.096,0.096,0.096,0.096,0.096,0.096,0.096,0.096,0.096,0.096,0.096,0.096,0.096,0.096,0.096,0.096,0.096,0.096,0.096,0.096,0.096,0.096,0.096,0.096,0.096,0.096,0.096,0.096,0.096,0.096,0.096,0.096,0.096,0.096,0.096,0.096,0.096,0.096,0.096,0.096,0.096,0.096,0.096,0.096,0.096,0.096,0.096,0.096,0.096,
-0.005,-0.003,-0.004,-0.005,-0.005,-0.005,-0.005,-0.005,-0.005,-0.005,-0.005,-0.005,-0.005,-0.005,-0.005,-0.005,-0.005,-0.005,-0.005,-0.005,-0.005,-0.005,-0.005,-0.005,-0.005,-0.005,-0.005,-0.005,-0.005,-0.005,-0.005,-0.005,-0.005,-0.005,-0.005,-0.005,-0.005,-0.005,-0.005,-0.005,-0.004,-0.005,-0.005,-0.005,-0.005,-0.005,-0.005,-0.005,-0.005,-0.005,-0.005,-0.005,-0.005,-0.005,-0.005,-0.005,-0.005,-0.005,-0.005,-0.005,-0.005,-0.005,-0.005,-0.005,-0.005,-0.005,-0.005,-0.005,-0.005,-0.005,-0.005,-0.005,-0.005,-0.005,-0.005,-0.004,-0.005,-0.004,-0.005,-0.005,-0.005,-0.005,-0.005,-0.005,-0.005,-0.005,-0.005,-0.005,-0.005,-0.005,-0.005,-0.005,-0.005,-0.005,-0.005,-0.005,-0.005,-0.005,-0.005,-0.004,
0.044,0.026,0.022,0.063,0.059,0.057,0.084,0.069,0.067,0.063,0.062,0.06,0.059,0.084,0.068,0.066,0.063,0.062,0.06,0.059,0.084,0.068,0.067,0.063,0.061,0.061,0.057,0.085,0.068,0.066,0.064,0.061,0.06,0.059,0.084,0.069,0.066,0.063,0.062,0.06,0.057,0.085,0.068,0.067,0.063,0.061,0.061,0.057,0.084,0.069,0.066,0.064,0.061,0.06,0.059,0.084,0.068,0.067,0.063,0.062,0.06,0.057,0.085,0.068,0.066,0.064,0.061,0.061,0.057,0.084,0.069,0.066,0.063,0.062,0.06,0.059,0.084,0.068,0.067,0.063,0.061,0.061,0.057,0.085,0.068,0.066,0.064,0.061,0.06,0.059,0.084,0.069,0.066,0.063,0.062,0.06,0.057,0.085,0.068,0.067,
0.125,0.154,0.151,0.174,0.138,0.095,0.145,0.165,0.184,0.149,0.169,0.187,0.153,0.173,0.137,0.093,0.146,0.165,0.184,0.149,0.169,0.187,0.153,0.173,0.137,0.102,0.145,0.165,0.184,0.149,0.169,0.187,0.153,0.173,0.136,0.102,0.146,0.165,0.184,0.149,0.169,0.187,0.153,0.173,0.137,0.093,0.145,0.164,0.184,0.149,0.169,0.187,0.153,0.173,0.137,0.101,0.145,0.164,0.184,0.149,0.168,0.187,0.153,0.172,0.137,0.101,0.145,0.165,0.184,0.149,0.169,0.187,0.153,0.173,0.137,0.093,0.145,0.165,0.184,0.149,0.169,0.187,0.153,0.173,0.137,0.102,0.145,0.165,0.184,0.149,0.169,0.187,0.153,0.173,0.137,0.093,0.146,0.165,0.185,0.148,
-0.011,-0.028,-0.022,-0.009,-0.009,-0.009,-0.007,-0.013,-0.009,-0.013,-0.008,-0.017,-0.008,-0.013,-0.009,-0.009,-0.007,-0.011,-0.009,-0.013,-0.007,-0.008,-0.009,-0.015,-0.013,-0.008,-0.012,-0.008,-0.009,-0.009,-0.008,-0.007,-0.014,-0.008,-0.014,-0.008,-0.013,-0.009,-0.013,-0.014,-0.007,-0.007,-0.009,-0.015,-0.012,-0.009,-0.008,-0.007,-0.009,-0.009,-0.011,-0.009,-0.009,-0.017,-0.008,-0.007,-0.014,-0.008,-0.014,-0.008,-0.013,-0.009,-0.013,-0.014,-0.007,-0.007,-0.009,-0.015,-0.012,-0.009,-0.008,-0.007,-0.009,-0.009,-0.011,-0.009,-0.009,-0.017,-0.008,-0.007,-0.014,-0.008,-0.014,-0.008,-0.013,-0.009,-0.013,-0.014,-0.007,-0.007,-0.009,-0.015,-0.012,-0.009,-0.008,-0.007,-0.009,-0.009,-0.011,-0.001,
0.083,0.262,0.174,0.203,0.274,0.166,0.209,0.268,0.172,0.203,0.274,0.165,0.209,0.269,0.172,0.203,0.275,0.165,0.21,0.268,0.172,0.203,0.275,0.166,0.209,0.268,0.172,0.203,0.275,0.165,0.21,0.268,0.172,0.204,0.275,0.165,0.209,0.269,0.172,0.203,0.274,0.165,0.209,0.268,0.172,0.203,0.274,0.166,0.209,0.269,0.172,0.203,0.275,0.165,0.209,0.268,0.172,0.203,0.274,0.165,0.21,0.268,0.172,0.203,0.274,0.166,0.21,0.268,0.173,0.203,0.274,0.165,0.21,0.268,0.172,0.203,0.274,0.165,0.209,0.268,0.172,0.203,0.274,0.165,0.209,0.268,0.172,0.203,0.275,0.165,0.21,0.268,0.172,0.203,0.274,0.166,0.209,0.268,0.173,0.136,
0.036,0.072,0.064,0.053,0.054,0.053,0.053,0.054,0.053,0.054,0.054,0.053,0.054,0.053,0.054,0.054,0.054,0.054,0.054,0.053,0.054,0.054,0.054,0.053,0.054,0.053,0.054,0.054,0.054,0.053,0.054,0.054,0.054,0.054,0.054,0.053,0.054,0.054,0.053,0.054,0.054,0.054,0.053,0.054,0.053,0.054,0.054,0.054,0.053,0.054,0.053,0.054,0.053,0.053,0.053,0.054,0.053,0.053,0.053,0.053,0.053,0.054,0.054,0.053,0.053,0.054,0.054,0.053,0.053,0.053,0.053,0.053,0.054,0.054,0.054,0.054,0.054,0.054,0.054,0.054,0.054,0.054,0.054,0.054,0.054,0.053,0.054,0.053,0.054,0.053,0.053,0.054,0.054,0.054,0.054,0.054,0.053,0.053,0.053,0.055,
0.063,0.064,0.063,0.067,0.061,0.064,0.063,0.064,0.063,0.064,0.066,0.064,0.065,0.063,0.065,0.063,0.064,0.065,0.064,0.064,0.064,0.065,0.063,0.063,0.065,0.065,0.063,0.064,0.064,0.065,0.063,0.064,0.064,0.065,0.063,0.064,0.064,0.065,0.063,0.064,0.064,0.065,0.063,0.064,0.064,0.065,0.063,0.064,0.064,0.065,0.063,0.064,0.064,0.065,0.063,0.064,0.064,0.065,0.063,0.064,0.064,0.065,0.063,0.064,0.064,0.065,0.063,0.064,0.064,0.065,0.063,0.064,0.064,0.065,0.063,0.064,0.064,0.065,0.063,0.064,0.064,0.065,0.063,0.064,0.064,0.065,0.063,0.064,0.064,0.065,0.063,0.064,0.064,0.065,0.063,0.064,0.064,0.065,0.063,0.064,
0.116,0.136,0.121,0.043,0.021,0.022,0.02,0.021,0.022,0.02,0.021,0.02,0.022,0.02,0.021,0.021,0.021,0.021,0.021,0.021,0.021,0.021,0.021,0.021,0.021,0.021,0.021,0.021,0.021,0.021,0.021,0.021,0.021,0.021,0.021,0.021,0.021,0.021,0.021,0.021,0.021,0.021,0.021,0.021,0.021,0.021,0.021,0.021,0.021,0.021,0.021,0.021,0.021,0.021,0.021,0.021,0.021,0.021,0.021,0.021,0.021,0.021,0.021,0.021,0.021,0.021,0.021,0.021,0.021,0.021,0.021,0.021,0.021,0.021,0.021,0.021,0.021,0.021,0.021,0.021,0.021,0.021,0.021,0.021,0.021,0.021,0.021,0.021,0.021,0.021,0.021,0.021,0.021,0.021,0.021,0.021,0.021,0.021,0.021,0.02,
-0.059,-0.074,-0.07,-0.088,-0.075,-0.087,-0.073,-0.088,-0.074,-0.087,-0.075,-0.085,-0.074,-0.087,-0.075,-0.087,-0.076,-0.084,-0.075,-0.087,-0.075,-0.085,-0.076,-0.085,-0.074,-0.087,-0.076,-0.085,-0.074,-0.087,-0.074,-0.087,-0.075,-0.087,-0.075,-0.087,-0.075,-0.085,-0.074,-0.088,-0.074,-0.087,-0.075,-0.087,-0.073,-0.088,-0.073,-0.087,-0.075,-0.087,-0.074,-0.085,-0.075,-0.087,-0.074,-0.088,-0.075,-0.087,-0.075,-0.085,-0.074,-0.088,-0.073,-0.087,-0.074,-0.087,-0.074,-0.087,-0.075,-0.087,-0.075,-0.085,-0.075,-0.085,-0.075,-0.085,-0.074,-0.087,-0.075,-0.087,-0.075,-0.087,-0.074,-0.087,-0.075,-0.084,-0.075,-0.085,-0.075,-0.087,-0.075,-0.088,-0.074,-0.087,-0.075,-0.085,-0.074,-0.087,-0.074,-0.087,
0.0,0.075,0.035,0.015,0.002,0.007,0.009,0.005,0.006,0.008,0.006,0.008,0.003,0.009,0.007,0.003,0.009,0.005,0.006,0.008,0.005,0.009,0.003,0.008,0.008,0.005,0.006,0.009,0.003,0.008,0.008,0.007,0.003,0.008,0.006,0.005,0.009,0.006,0.006,0.008,0.005,0.006,0.008,0.008,0.003,0.008,0.008,0.007,0.003,0.008,0.008,0.005,0.008,0.005,0.006,0.008,0.008,0.003,0.008,0.008,0.007,0.003,0.008,0.008,0.005,0.008,0.005,0.006,0.008,0.008,0.003,0.008,0.008,0.007,0.003,0.008,0.008,0.005,0.008,0.005,0.006,0.008,0.008,0.003,0.008,0.008,0.007,0.003,0.008,0.008,0.005,0.008,0.005,0.006,0.008,0.008,0.003,0.008,0.008,0.007,
0.165,0.177,0.189,0.178,0.185,0.184,0.184,0.184,0.187,0.188,0.184,0.184,0.184,0.178,0.188,0.184,0.182,0.188,0.187,0.178,0.185,0.184,0.184,0.184,0.184,0.184,0.184,0.184,0.184,0.184,0.184,0.184,0.184,0.184,0.184,0.184,0.184,0.184,0.184,0.184,0.184,0.184,0.184,0.184,0.184,0.184,0.184,0.184,0.184,0.184,0.184,0.184,0.184,0.184,0.184,0.184,0.184,0.184,0.184,0.184,0.184,0.184,0.184,0.184,0.184,0.184,0.184,0.184,0.184,0.184,0.184,0.184,0.184,0.184,0.184,0.184,0.184,0.184,0.184,0.184,0.184,0.184,0.184,0.184,0.184,0.184,0.184,0.184,0.184,0.184,0.184,0.184,0.184,0.184,0.184,0.184,0.184,0.184,0.184,0.182,
0.037,0.108,0.118,0.139,0.14,0.141,0.142,0.142,0.141,0.142,0.141,0.142,0.141,0.142,0.141,0.142,0.141,0.142,0.141,0.142,0.141,0.142,0.141,0.142,0.141,0.142,0.141,0.142,0.141,0.142,0.141,0.142,0.141,0.142,0.141,0.142,0.141,0.142,0.141,0.142,0.141,0.142,0.141,0.142,0.141,0.142,0.141,0.142,0.141,0.142,0.141,0.142,0.141,0.142,0.141,0.142,0.141,0.142,0.141,0.142,0.141,0.142,0.141,0.142,0.141,0.142,0.141,0.142,0.141,0.142,0.141,0.142,0.141,0.142,0.141,0.142,0.141,0.142,0.141,0.142,0.141,0.142,0.141,0.142,0.141,0.142,0.141,0.142,0.141,0.142,0.141,0.142,0.141,0.142,0.141,0.142,0.141,0.142,0.141,0.14,
0.238,0.293,0.283,0.244,0.253,0.251,0.252,0.251,0.252,0.251,0.252,0.252,0.252,0.252,0.251,0.252,0.252,0.251,0.252,0.252,0.251,0.252,0.252,0.252,0.252,0.252,0.251,0.252,0.252,0.252,0.252,0.251,0.252,0.252,0.252,0.252,0.252,0.251,0.252,0.252,0.251,0.252,0.252,0.251,0.252,0.252,0.252,0.252,0.252,0.252,0.252,0.252,0.251,0.252,0.252,0.252,0.252,0.251,0.252,0.252,0.252,0.252,0.251,0.252,0.251,0.252,0.252,0.252,0.252,0.252,0.252,0.251,0.252,0.251,0.252,0.251,0.252,0.252,0.252,0.251,0.252,0.251,0.252,0.251,0.252,0.252,0.251,0.252,0.251,0.252,0.251,0.252,0.252,0.252,0.251,0.252,0.252,0.252,0.252,0.251,
0.006,0.037,0.02,0.005,0.006,0.007,0.005,0.007,0.006,0.005,0.008,0.005,-0.005,0.006,0.006,0.008,0.005,0.005,0.007,0.005,0.008,0.005,0.005,0.007,0.006,0.006,-0.006,0.006,0.006,0.007,0.006,0.007,0.005,0.007,-0.007,0.006,0.006,0.006,0.006,0.008,0.005,0.005,0.007,0.006,0.006,0.007,0.005,0.005,0.008,-0.006,0.008,0.005,0.006,0.005,0.008,-0.007,0.007,0.006,0.007,0.006,-0.007,0.006,0.006,0.007,0.006,0.005,0.007,0.006,0.007,0.005,0.005,0.006,0.008,-0.007,0.007,0.005,0.007,0.006,0.007,0.007,0.005,0.005,0.007,0.006,0.005,0.006,0.007,0.007,-0.007,0.008,0.004,0.007,0.006,0.006,0.007,0.006,0.006,0.007,-0.006,0.005,
-0.06,-0.104,-0.059,-0.061,-0.06,-0.061,-0.06,-0.065,-0.059,-0.061,-0.06,-0.06,-0.06,-0.06,-0.06,-0.06,-0.06,-0.06,-0.06,-0.061,-0.061,-0.06,-0.06,-0.061,-0.06,-0.06,-0.06,-0.06,-0.06,-0.06,-0.06,-0.06,-0.061,-0.059,-0.061,-0.059,-0.06,-0.061,-0.06,-0.06,-0.061,-0.06,-0.06,-0.06,-0.06,-0.061,-0.061,-0.06,-0.06,-0.059,-0.06,-0.065,-0.06,-0.059,-0.06,-0.06,-0.061,-0.061,-0.06,-0.06,-0.06,-0.061,-0.06,-0.059,-0.06,-0.061,-0.061,-0.06,-0.06,-0.061,-0.06,-0.06,-0.06,-0.06,-0.06,-0.061,-0.059,-0.06,-0.061,-0.06,-0.06,-0.061,-0.06,-0.059,-0.065,-0.059,-0.064,-0.059,-0.061,-0.06,-0.06,-0.061,-0.06,-0.06,-0.06,-0.06,-0.06,-0.061,-0.059,-0.06,
-0.013,-0.015,-0.013,-0.013,-0.013,0.017,-0.011,-0.014,-0.011,-0.014,-0.014,-0.014,-0.013,-0.014,-0.013,-0.013,0.017,-0.009,-0.014,-0.013,-0.015,-0.013,-0.02,-0.011,0.019,-0.009,-0.014,-0.013,-0.019,-0.013,-0.013,-0.014,-0.014,-0.014,-0.014,-0.014,-0.013,-0.018,-0.013,-0.015,-0.012,-0.015,-0.014,-0.013,-0.014,-0.011,-0.015,-0.013,-0.014,-0.013,-0.015,-0.012,-0.014,-0.013,-0.013,-0.013,-0.019,-0.014,-0.013,-0.014,-0.012,-0.014,-0.022,-0.014,-0.013,-0.015,-0.012,-0.015,-0.012,-0.013,-0.013,-0.014,-0.018,-0.014,-0.013,-0.013,-0.013,0.016,-0.012,-0.013,-0.013,-0.015,-0.014,-0.013,-0.013,-0.014,-0.013,0.017,-0.012,-0.013,-0.014,-0.012,-0.013,-0.014,-0.018,-0.013,-0.014,-0.014,-0.012,-0.014,
0.09,0.1,0.114,0.106,0.093,0.092,0.093,0.092,0.092,0.093,0.092,0.093,0.092,0.092,0.092,0.092,0.093,0.092,0.093,0.092,0.093,0.092,0.092,0.093,0.092,0.093,0.092,0.093,0.092,0.092,0.092,0.093,0.093,0.092,0.093,0.092,0.093,0.092,0.093,0.092,0.093,0.092,0.093,0.092,0.093,0.092,0.092,0.092,0.092,0.092,0.092,0.092,0.092,0.093,0.092,0.092,0.092,0.093,0.092,0.092,0.093,0.092,0.093,0.092,0.093,0.092,0.092,0.092,0.092,0.093,0.092,0.093,0.092,0.093,0.092,0.092,0.093,0.092,0.093,0.092,0.093,0.092,0.093,0.092,0.093,0.092,0.092,0.093,0.092,0.092,0.092,0.092,0.092,0.093,0.093,0.092,0.093,0.092,0.092,0.092,
0.096,0.072,0.147,0.151,0.146,0.143,0.139,0.14,0.14,0.14,0.137,0.14,0.14,0.14,0.141,0.141,0.141,0.137,0.141,0.137,0.141,0.14,0.14,0.14,0.141,0.141,0.142,0.139,0.139,0.139,0.14,0.139,0.139,0.14,0.139,0.139,0.141,0.14,0.139,0.14,0.14,0.14,0.141,0.138,0.14,0.14,0.14,0.138,0.14,0.139,0.14,0.14,0.14,0.141,0.14,0.14,0.141,0.141,0.141,0.141,0.142,0.137,0.14,0.14,0.14,0.14,0.14,0.14,0.141,0.14,0.14,0.14,0.141,0.14,0.14,0.141,0.14,0.141,0.139,0.139,0.14,0.141,0.139,0.14,0.14,0.14,0.14,0.141,0.141,0.141,0.139,0.14,0.14,0.14,0.139,0.14,0.141,0.14,0.14,0.129,
0.0,-0.076,0.004,-0.048,-0.025,-0.025,-0.027,-0.057,-0.032,-0.024,-0.024,-0.031,-0.04,-0.025,-0.053,-0.04,-0.031,-0.058,-0.051,-0.025,-0.037,-0.025,-0.058,-0.032,-0.023,-0.024,-0.036,-0.04,-0.054,-0.024,-0.05,-0.04,-0.039,-0.038,-0.054,-0.051,-0.051,-0.054,-0.029,-0.027,-0.037,-0.042,-0.04,-0.025,-0.059,-0.04,-0.05,-0.025,-0.039,-0.027,-0.025,-0.037,-0.025,-0.037,-0.025,-0.037,-0.023,-0.058,-0.046,-0.023,-0.024,-0.039,-0.045,-0.025,-0.042,-0.027,-0.025,-0.022,-0.021,-0.021,-0.044,-0.04,-0.024,-0.022,-0.024,-0.045,-0.045,-0.025,-0.058,-0.025,-0.032,-0.034,-0.039,-0.031,-0.027,-0.059,-0.04,-0.024,-0.054,-0.044,-0.042,-0.024,-0.05,-0.027,-0.025,-0.031,-0.023,-0.054,-0.029,-0.043,
0.024,0.035,0.035,0.047,0.035,0.034,0.033,0.033,0.032,0.033,0.033,0.033,0.033,0.033,0.033,0.033,0.033,0.033,0.032,0.033,0.033,0.033,0.033,0.034,0.033,0.034,0.033,0.034,0.033,0.032,0.033,0.033,0.032,0.032,0.034,0.033,0.033,0.032,0.032,0.033,0.032,0.033,0.033,0.033,0.032,0.033,0.032,0.033,0.032,0.033,0.033,0.032,0.033,0.033,0.033,0.033,0.032,0.032,0.033,0.033,0.032,0.033,0.032,0.033,0.033,0.033,0.034,0.033,0.034,0.033,0.034,0.033,0.034,0.033,0.033,0.032,0.033,0.033,0.032,0.033,0.033,0.033,0.032,0.033,0.033,0.034,0.033,0.033,0.033,0.033,0.033,0.033,0.032,0.032,0.034,0.033,0.032,0.033,0.032,0.033,


